 , C000, C001, C002, C003, C004, C005, C008, C009, C012, C013, C015, C018, C020, C021, C022, C023, C027, C031, C032, C066, C081
Time(s)/Cell Status, accepted, accepted, accepted, accepted, accepted, accepted, accepted, accepted, accepted, accepted, accepted, accepted, accepted, accepted, accepted, accepted, accepted, accepted, accepted, accepted, accepted
0, 0, 0, 0, 0, 0, 0, 0, 0, 0, 0, 0, 0, 0, 0, 0, 0, 0, 0, 0, 0, 0
0.1, 0, 0, 0, 0, 0, 118.4209, 0, 0, 61.71289, 0, 0, 0, 100.775, 0, 0, 0, 58.04041, 28.51102, 29.78674, 207.239, 0
0.2, 0, 20.57104, 0, 3.051758e-05, 0, 112.1617, 0, -1.907349e-06, 58.27796, 0, 0, 0, 116.2053, 0, 0, 0, 55.49377, 27.09152, 32.43031, 198.4224, 0
0.3, -1.907349e-06, 19.50348, -7.629395e-06, 136.492, 0, 106.2334, 0, 0, 55.03421, 0, 10.22498, 0, 111.4289, 0, 1.907349e-06, 0, 53.05896, 25.74274, 30.91405, 333.562, 115.217
0.4, 0, 117.5247, -3.814697e-06, 130.6493, 0, 100.6183, 3.051758e-05, 0, 51.971, 0, 155.793, 0, 106.8488, 0, 1.907349e-06, 0, 50.7309, 24.46112, 29.46867, 319.371, 221.0542
0.5, 0, 150.1627, -3.814697e-06, 223.0325, 0, 95.30013, 0, 91.73916, 103.2097, 0, 147.1072, 0, 102.457, 0, 1.907349e-06, 0, 48.50507, 23.24329, 28.09087, 319.2335, 210.9298
0.6, 0, 142.37, -3.814697e-06, 213.4854, 31.59218, 105.1473, 0, 87.44924, 97.46504, 0, 138.9057, 0, 98.24573, 0, 1.907349e-06, -1.525879e-05, 46.37689, 22.08606, 26.77749, 493.0143, 201.2692
0.7, -1.907349e-06, 134.9816, 137.3131, 249.9822, 29.54832, 99.58974, 3.051758e-05, 83.35993, 92.04015, 1.525879e-05, 257.7432, 0, 94.20753, 0, 117.5904, 45.77171, 44.3421, 20.98648, 163.3652, 676.5617, 249.105
0.8, 0, 127.9767, 146.2579, 239.2814, 27.63668, 94.32589, 6.103516e-05, 211.4333, 98.48839, 165.9303, 243.3736, 36.29081, 90.33531, 0, 112.43, 43.72414, 141.4016, 19.94162, 155.7271, 647.7781, 418.9266
0.9, 0, 217.3423, 137.9983, 339.9596, 25.84872, 220.2396, 3.051758e-05, 201.5462, 93.00652, 284.756, 229.8051, 34.3579, 157.7692, 0, 107.496, 282.8188, 154.145, 18.94882, 398.5242, 650.0396, 640.3256
1, 0, 206.0632, 130.205, 325.4072, 24.17644, 213.0703, 3.051758e-05, 192.1215, 87.82979, 473.0678, 399.42, 32.52794, 265.9545, 0, 102.7786, 270.1671, 401.9855, 18.00543, 379.8914, 622.3844, 632.4703
1.1, 0, 195.3694, 122.8519, 349.6822, 22.61234, 235.2667, 1.525879e-05, 183.1375, 82.94118, 449.2746, 414.5343, 30.79545, 267.3373, 0, 98.2682, 258.0813, 427.5785, 17.10898, 390.056, 629.8458, 603.5031
1.2, 9.536743e-07, 227.2116, 115.914, 334.7136, 21.14943, 222.8316, 1.525879e-05, 174.5736, 78.32468, 426.678, 391.4232, 29.15523, 256.3489, 0, 240.2015, 246.5361, 408.8181, 16.25719, 371.8192, 689.6285, 712.1991
1.3, 0, 215.4204, 109.3679, 320.3857, 19.78116, 211.0538, 1.525879e-05, 166.4101, 73.96513, 405.218, 405.7217, 27.60237, 245.8123, 0, 229.6603, 235.5075, 390.8809, 44.16388, 365.1167, 660.2891, 679.5803
1.4, 0, 204.241, 103.1916, 306.6711, 18.50142, 199.8984, 1.525879e-05, 158.6284, 69.84824, 384.8373, 383.102, 26.13222, 235.7086, 0, 219.5818, 224.9721, 373.7307, 41.9651, 348.0458, 632.1979, 648.4554
1.5, 9.536743e-07, 193.6418, 97.36397, 293.5437, 17.30446, 189.3327, 0, 151.2106, 65.96048, 365.4816, 361.7433, 24.74038, 226.0203, 0, 209.9455, 214.9081, 357.3329, 99.70772, 331.7731, 659.2509, 618.756
1.6, 0, 183.5927, 91.86548, 280.9781, 16.18495, 179.3255, 0, 144.1397, 62.28913, 390.4903, 417.4443, 23.42266, 216.7302, 0, 200.7321, 205.2943, 341.6547, 141.6224, 316.2612, 631.2038, 590.4169
1.7, 9.536743e-07, 174.0651, 86.67752, 268.9505, 15.13786, 218.6741, 1.525879e-05, 137.3994, 58.82212, 370.8503, 472.1148, 22.17513, 207.822, 0, 207.5541, 196.1106, 326.6643, 134.5715, 301.4746, 714.5903, 626.5319
1.8, 9.536743e-07, 165.0319, 81.78253, 257.4377, 14.15851, 207.116, 1.525879e-05, 130.9743, 55.54808, 352.1982, 556.7659, 20.99405, 199.2799, 0, 198.4456, 187.3376, 354.9517, 196.468, 287.3793, 684.1889, 597.8366
1.9, 0, 156.4675, 77.16399, 246.4178, 13.24253, 235.9719, 1.525879e-05, 124.8497, 52.45628, 334.4841, 558.2588, 19.87587, 191.0889, 0, 189.7369, 178.9572, 362.3379, 186.6865, 273.943, 805.9857, 570.4556
2, 0, 148.3476, 72.80627, 235.8695, 12.3858, 223.4995, 1.525879e-05, 119.0114, 49.53657, 317.661, 527.1349, 18.81725, 183.2346, 0, 181.4104, 170.9516, 346.44, 177.3921, 261.1349, 800.2417, 544.3286
2.1, 0, 140.649, 68.69465, 344.6443, 11.5845, 211.6863, 1.525879e-05, 113.4462, 46.77937, 301.6841, 497.7462, 17.81501, 175.7031, 0, 176.7561, 163.3042, 331.2397, 168.5604, 248.9257, 766.1963, 519.3983
2.2, 9.536743e-07, 133.35, 64.81522, 329.8913, 10.83504, 200.4976, 1.525879e-05, 108.1412, 44.17563, 286.5107, 533.9357, 16.86615, 168.4812, 0, 168.9992, 155.9988, 316.7062, 160.1683, 237.2872, 887.0701, 495.6098
2.3, 9.536743e-07, 126.4297, 61.15488, 315.7699, 10.13406, 189.9002, 1.525879e-05, 103.0843, 41.71682, 272.1004, 504.1678, 15.96783, 161.5561, 0, 161.5827, 149.0203, 415.7376, 152.1941, 226.193, 849.3307, 557.8137
2.4, 0, 119.8686, 57.70125, 302.2529, 9.478436, 179.863, 1.525879e-05, 98.26384, 39.39486, 258.415, 476.0596, 15.11736, 154.9157, 22.68521, 154.4917, 142.3539, 397.4968, 144.6169, 215.6175, 861.05, 619.1693
2.5, 9.536743e-07, 113.6479, 54.44265, 327.1263, 8.865228, 170.3562, 1.525879e-05, 93.66881, 37.20214, 297.1477, 449.5184, 14.31218, 148.5482, 21.66457, 147.7119, 135.9858, 380.0563, 137.4169, 205.5363, 888.6431, 607.4843
2.6, 4.768372e-07, 107.7501, 51.36808, 313.1232, 8.29169, 161.352, 1.525879e-05, 89.28865, 35.13147, 329.6778, 461.4404, 13.54989, 142.4424, 20.68986, 141.2296, 129.9025, 363.381, 165.9177, 195.9266, 850.8368, 579.6614
2.7, 4.768372e-07, 102.1584, 48.46715, 299.7196, 7.755258, 152.8237, 2.288818e-05, 85.11331, 33.17606, 397.1223, 534.0743, 12.8282, 136.5876, 19.759, 135.0318, 124.0914, 548.1076, 157.6573, 186.7661, 814.6389, 710.5053
2.8, 4.768372e-07, 96.85684, 45.73004, 286.8897, 7.25353, 144.7461, 2.288818e-05, 81.13323, 31.32948, 468.6588, 504.2987, 12.14495, 130.9735, 18.87002, 129.106, 118.5402, 524.059, 242.9713, 178.034, 779.981, 677.964
2.9, 4.768372e-07, 91.83043, 43.14751, 326.2041, 6.784262, 137.0955, 2.288818e-05, 77.33926, 29.58569, 518.1004, 476.1832, 11.49809, 125.5901, 18.02104, 123.4402, 113.2374, 501.0654, 355.2826, 169.7101, 746.7975, 646.9131
3, 0, 87.06483, 40.71082, 322.1892, 6.345353, 129.8493, 1.525879e-05, 73.72271, 27.93895, 492.0422, 449.6351, 10.88568, 120.4279, 17.21025, 118.0231, 108.1718, 479.0807, 337.5943, 161.7754, 933.3555, 697.572
3.1, 0, 82.54657, 38.41174, 344.6122, 5.934839, 122.9861, 1.525879e-05, 70.27528, 26.38387, 531.3016, 424.5671, 10.30589, 115.478, 16.43594, 129.458, 103.3328, 526.2171, 320.7867, 154.2116, 893.647, 665.623
3.2, 0, 78.26279, 36.24249, 329.8607, 5.550883, 213.2168, 1.525879e-05, 66.98905, 24.91534, 524.1867, 400.8968, 9.75698, 110.7315, 15.69647, 123.7767, 98.71024, 503.1288, 343.1344, 147.0016, 855.6277, 731.0775
3.3, 4.768372e-07, 74.2013, 34.19575, 348.6211, 5.191768, 201.9472, 1.525879e-05, 63.8565, 23.52856, 497.8224, 378.5461, 9.237307, 106.1801, 14.99027, 118.3448, 94.29448, 481.0537, 326.051, 140.1286, 897.2292, 697.5941
3.4, 0, 70.3506, 32.2646, 394.2126, 4.855886, 191.2732, 7.629395e-06, 60.87043, 22.21896, 480.9485, 357.4414, 8.745312, 101.8158, 14.31584, 113.1513, 90.07626, 459.947, 309.8181, 133.5769, 859.0577, 702.4605
3.5, 0, 66.69973, 30.4425, 557.1406, 4.541733, 181.1634, 7.629395e-06, 58.02399, 20.98225, 513.502, 337.5134, 8.279522, 97.6309, 13.67175, 108.1857, 86.04674, 484.7884, 294.3933, 127.3316, 822.51, 670.2877
3.6, 0, 63.23831, 28.7233, 533.2915, 4.247905, 171.5879, 7.629395e-06, 55.31067, 19.81438, 567.8044, 318.6965, 7.838541, 93.61798, 13.05664, 103.438, 82.19748, 570.3252, 279.7365, 121.3783, 787.5172, 752.3129
3.7, 0, 59.95654, 27.1012, 585.7521, 3.973086, 162.5186, 7.629395e-06, 52.72422, 18.71151, 539.2464, 300.9286, 7.421047, 89.77, 12.46921, 98.8987, 78.52041, 545.3018, 431.1949, 115.7033, 884.8513, 788.0764
3.8, 0, 56.84505, 25.5707, 612.3248, 3.716047, 153.9286, 7.629395e-06, 50.25872, 17.67003, 512.1246, 363.6763, 7.025789, 86.08019, 11.90821, 94.55856, 75.00784, 622.7751, 409.7272, 110.2936, 938.7736, 773.4214
3.9, 0, 53.89507, 24.12664, 629.9881, 3.475636, 197.386, 7.629395e-06, 47.90852, 16.68652, 486.3669, 343.4007, 6.651584, 82.54205, 11.37244, 90.40889, 71.65239, 595.4503, 389.3284, 105.1369, 898.8345, 737.9986
4, 0, 119.3797, 22.76412, 603.0206, 3.25078, 186.9531, 7.629395e-06, 45.66821, 161.0763, 461.9048, 375.8387, 6.297309, 79.14932, 10.86078, 86.44133, 68.44705, 569.3245, 448.3066, 100.2213, 907.5496, 750.4596
4.1, 0, 113.1844, 21.47855, 577.2075, 3.04047, 197.8592, 3.814697e-06, 43.53267, 152.1108, 438.673, 391.3705, 5.961904, 75.89606, 10.37215, 82.64789, 230.1768, 637.4171, 511.7998, 124.4504, 1019.572, 867.4045
4.2, -4.768372e-07, 107.3106, 20.26558, 552.4994, 2.843766, 245.603, 0, 41.49698, 143.6443, 416.6097, 369.5509, 5.644362, 72.7765, 9.905491, 79.02091, 219.8799, 708.2067, 553.9002, 301.6632, 1060.406, 843.4471
4.3, -4.768372e-07, 101.7417, 19.12112, 528.8489, 2.659788, 398.1856, 0, 39.5565, 157.0132, 578.4903, 489.4667, 5.343734, 69.78517, 9.459831, 75.55312, 210.0437, 688.3053, 526.3235, 287.5591, 1103.639, 896.3892
4.4, -4.768372e-07, 129.2941, 18.04128, 600.637, 2.487713, 427.4542, -3.814697e-06, 250.0714, 202.3129, 549.3948, 669.8166, 5.059118, 140.4635, 9.034223, 141.8392, 200.6475, 658.1053, 500.1197, 274.1144, 1171.217, 1124.261
4.5, -4.768372e-07, 122.5844, 17.02243, 574.926, 2.32677, 404.8609, 0, 238.3775, 191.0522, 521.7626, 632.4731, 4.78966, 222.0097, 118.574, 135.6146, 191.6716, 722.7151, 475.2205, 261.2983, 1121.389, 1072.769
4.6, -4.768372e-07, 116.2228, 16.06111, 550.3155, 2.176239, 732.1667, 0, 289.3322, 180.4183, 577.0717, 597.2116, 4.534555, 212.8844, 113.2392, 129.6632, 183.0973, 704.1282, 484.8433, 249.0814, 1219.34, 1091.563
4.7, -4.768372e-07, 110.1914, 15.15408, 526.7585, 2.035447, 693.4678, 0, 319.6242, 170.3762, 548.0475, 563.916, 4.293037, 204.1342, 108.1444, 123.973, 174.9065, 724.7454, 460.7047, 237.4357, 1167.464, 1041.569
4.8, -4.768372e-07, 104.4729, 14.29828, 504.2099, 1.903763, 656.8143, -3.814697e-06, 304.6779, 160.8931, 520.4832, 532.4767, 4.064383, 219.7136, 103.2789, 118.5325, 167.0822, 692.9465, 437.7678, 226.3345, 1117.796, 993.865
4.9, -4.768372e-07, 99.05127, 13.4908, 482.6266, 1.780599, 622.0981, 0, 340.1966, 151.9378, 494.3051, 502.7902, 3.847907, 210.6827, 98.63227, 113.3307, 159.6078, 662.543, 415.9729, 215.7524, 1274.122, 948.3458
5, -4.768372e-07, 93.91095, 12.72893, 461.9671, 1.665403, 589.217, 3.814697e-06, 324.2883, 143.4809, 469.4437, 474.7588, 3.642961, 202.0231, 94.19469, 108.3572, 152.4678, 633.4734, 395.2631, 205.665, 1232.651, 904.9114
5.1, -2.384186e-07, 89.0374, 12.01009, 442.192, 1.557659, 558.0737, 3.814697e-06, 309.1239, 135.4948, 445.8327, 530.8843, 3.44893, 219.2672, 89.95677, 103.602, 145.6473, 647.457, 375.5844, 196.0492, 1195.245, 863.4663
5.2, -2.384186e-07, 84.41676, 11.33183, 423.2634, 1.456886, 567.8654, 3.814697e-06, 294.6686, 127.9532, 423.4093, 501.2866, 3.265234, 210.2547, 85.90952, 99.0555, 139.1318, 645.3834, 356.8853, 186.883, 1144.395, 983.4207
5.3, -2.384186e-07, 80.03592, 10.69188, 405.145, 1.362633, 577.3653, 7.629395e-06, 280.8893, 120.8313, 402.1136, 473.339, 3.091322, 201.6126, 82.04435, 94.70848, 132.9078, 853.7601, 339.1173, 178.1454, 1132.521, 938.3799
5.4, -2.384186e-07, 75.88242, 10.08808, 387.8022, 1.274477, 546.8484, 3.814697e-06, 267.7543, 114.1058, 381.8891, 446.9495, 2.926673, 193.3257, 78.35308, 110.2477, 126.9622, 866.0153, 322.2339, 169.8163, 1209.109, 895.4019
5.5, -3.576279e-07, 71.94446, 9.518368, 371.2019, 1.192024, 517.9446, 5.722046e-06, 255.2335, 107.7547, 362.6817, 422.0312, 2.770794, 233.0464, 74.82789, 105.4095, 121.2826, 828.0182, 306.191, 161.8766, 1206.758, 854.3924
5.6, -2.384186e-07, 68.21086, 8.980832, 355.3121, 1.114906, 490.5684, 3.814697e-06, 243.2982, 101.7571, 344.4404, 398.5023, 2.623217, 223.4676, 71.4613, 153.0116, 115.8571, 791.6882, 324.4941, 154.3081, 1255.77, 885.2698
5.7, -3.576279e-07, 64.67104, 8.473653, 340.1025, 1.042777, 464.6393, 1.907349e-06, 231.9211, 96.09328, 327.1165, 376.285, 2.4835, 214.2824, 68.24617, 146.2968, 110.6743, 756.9522, 308.3387, 147.0935, 1202.345, 844.7244
5.8, -2.384186e-07, 61.3149, 7.995116, 325.5439, 0.9753143, 440.0806, 1.907349e-06, 221.0759, 90.74474, 310.664, 355.3065, 2.351224, 205.4747, 65.1757, 139.8766, 105.7233, 888.3052, 381.1147, 140.2162, 1151.193, 806.0358
5.9, -2.384186e-07, 58.13293, 7.543604, 311.6086, 0.9122162, 416.8199, 1.907349e-06, 210.738, 85.69389, 295.0389, 335.4975, 2.225994, 206.6795, 62.24337, 133.7382, 100.9939, 849.3301, 419.3491, 133.6605, 1141.986, 828.567
6, -1.192093e-07, 55.1161, 7.11759, 298.2698, 0.8532002, 394.7888, 3.814697e-06, 200.8834, 80.92417, 280.1998, 430.2731, 2.107434, 265.9796, 59.44297, 127.8691, 96.47594, 812.0651, 398.4711, 127.4113, 1093.401, 790.6184
6.1, -1.192093e-07, 52.25583, 6.715636, 285.502, 0.7980022, 392.7503, 5.722046e-06, 191.4896, 76.41993, 266.107, 406.2846, 1.995188, 323.2017, 56.76856, 122.2576, 92.16013, 776.435, 378.6327, 121.4542, 1046.884, 754.408
6.2, 0, 49.54399, 6.33638, 273.2807, 0.7463753, 371.9914, 5.722046e-06, 182.5352, 72.1664, 252.7229, 383.6335, 1.888921, 309.9172, 54.21448, 116.8924, 88.03739, 817.249, 359.7819, 115.7757, 1002.345, 719.856
6.3, 0, 46.97289, 5.978542, 261.5825, 0.6980884, 352.3296, 3.814697e-06, 173.9994, 68.14963, 240.0121, 362.2452, 1.788314, 297.1787, 51.77531, 111.7626, 84.09908, 781.3915, 381.7993, 110.3626, 1094.613, 832.715
6.4, -1.192093e-07, 44.53521, 5.640913, 321.535, 0.6529254, 466.9196, 3.814697e-06, 165.8628, 64.35641, 227.9405, 420.7285, 1.693065, 284.9637, 49.44588, 135.5525, 80.33694, 881.7026, 362.7909, 105.2027, 1243.51, 924.8736
6.5, 0, 42.22403, 5.322351, 307.7712, 0.6106843, 442.2404, 3.814697e-06, 158.1067, 60.77434, 216.4761, 463.6075, 1.60289, 376.2332, 47.22126, 129.6039, 76.7431, 843.0172, 344.7288, 100.284, 1190.607, 903.9489
6.6, -1.192093e-07, 40.0328, 5.021779, 294.5967, 0.5711759, 439.4644, 3.814697e-06, 150.7133, 57.39165, 205.5883, 437.7606, 1.517517, 362.3882, 45.09672, 123.9162, 73.31004, 806.0291, 378.3021, 95.59524, 1139.954, 921.6353
6.7, -1.192093e-07, 37.95528, 4.738181, 315.0742, 0.5342236, 460.9868, 5.722046e-06, 143.6656, 54.19723, 195.2481, 413.3547, 1.436692, 347.493, 43.06776, 118.4782, 70.03055, 770.6639, 359.4678, 91.12572, 1119.828, 957.8807
6.8, -1.192093e-07, 35.98557, 4.4706, 301.587, 0.4996619, 436.6211, 3.814697e-06, 136.9475, 51.18061, 246.4722, 390.3094, 1.360171, 333.21, 41.1301, 113.2788, 66.89777, 871.2912, 398.0759, 86.86518, 1268.439, 941.0398
6.9, -1.192093e-07, 34.11809, 4.218129, 288.6772, 0.4673362, 478.2941, 4.768372e-06, 130.5435, 48.33191, 234.0757, 368.549, 1.287726, 319.5141, 39.27961, 108.3076, 63.90512, 833.0626, 378.2571, 82.80385, 1214.475, 1071.31
7, -5.960464e-08, 32.34751, 3.979917, 325.3634, 0.4371018, 453.0137, 3.814697e-06, 124.439, 45.64175, 288.5661, 498.6262, 1.219139, 356.6875, 37.51237, 236.6698, 61.04636, 923.8389, 359.425, 78.9324, 1162.806, 1051.29
7.1, -5.960464e-08, 30.66882, 3.755157, 311.4358, 0.4088234, 429.0695, 3.814697e-06, 118.62, 43.10134, 381.792, 470.8269, 1.154206, 375.8372, 35.82465, 317.5948, 58.31548, 1040.401, 451.8824, 75.24195, 1239.044, 1003.14
7.2, -1.192093e-07, 29.07725, 3.54309, 298.1044, 0.3823745, 406.3909, 3.814697e-06, 113.0731, 40.70232, 362.5895, 444.5775, 1.092731, 360.3892, 34.21286, 303.6573, 55.70676, 994.7527, 429.3848, 71.72405, 1186.33, 957.1965
7.3, -1.192093e-07, 46.68242, 3.342999, 285.3436, 0.3576367, 384.9109, 3.814697e-06, 107.7855, 38.43683, 344.3528, 472.3955, 1.03453, 345.5761, 32.67358, 290.3314, 53.21474, 1097.74, 408.0072, 68.37062, 1167.594, 913.3567
7.4, -1.192093e-07, 69.01632, 3.154208, 273.1291, 0.3344994, 364.5663, 4.768372e-06, 102.7452, 36.29744, 327.0334, 446.0586, 0.9794295, 341.1862, 31.20356, 277.5903, 50.83421, 1049.576, 387.694, 65.17398, 1117.92, 871.5248
7.5, -1.192093e-07, 65.43468, 2.976079, 333.1329, 0.3128589, 345.297, 3.814697e-06, 97.94065, 34.27712, 310.5851, 421.19, 0.9272634, 327.1624, 29.79967, 265.4084, 48.56017, 1003.525, 368.3921, 62.12681, 1070.36, 924.4519
7.6, -1.192093e-07, 62.03893, 2.808009, 318.8727, 0.2926184, 327.0462, 3.814697e-06, 93.36073, 32.36926, 294.964, 397.7079, 0.8778758, 369.0721, 28.45895, 253.761, 46.38785, 959.4946, 350.0511, 59.2221, 1024.823, 947.1682
7.7, -1.192093e-07, 58.81939, 2.649431, 305.223, 0.2736874, 309.7601, 3.814697e-06, 88.99498, 30.56759, 280.1286, 375.535, 0.8311186, 353.9021, 27.17855, 242.6248, 44.31271, 1063.979, 425.7272, 56.4532, 1016.615, 964.9572
7.8, -1.192093e-07, 55.76693, 2.499809, 292.1575, 0.2559812, 293.3876, 3.814697e-06, 84.83338, 28.8662, 266.0393, 354.5982, 0.7868519, 477.1001, 25.95576, 231.9773, 42.3304, 1048.75, 448.0001, 53.81376, 973.3641, 920.762
7.9, -1.192093e-07, 52.87288, 2.358636, 279.6513, 0.2394204, 277.8805, 3.814697e-06, 80.86639, 27.25951, 370.383, 334.8288, 0.7449428, 457.4899, 24.78798, 221.797, 40.43677, 1002.735, 425.6958, 51.29772, 1026.773, 878.5909
8, -1.192093e-07, 50.12902, 2.225435, 339.9641, 0.2239311, 263.193, 2.861023e-06, 77.08491, 25.74224, 351.7543, 316.1614, 0.7052659, 479.8468, 23.67274, 212.0636, 38.62785, 958.7393, 404.5019, 48.89931, 983.0902, 918.5204
8.1, -1.192093e-07, 47.52755, 2.099757, 325.4115, 0.2094438, 249.2818, 2.861023e-06, 73.48025, 24.30943, 359.2103, 298.5349, 0.6677023, 460.1237, 22.60768, 202.7572, 36.89985, 1045.648, 384.3632, 46.61305, 1161.165, 876.452
8.199999999999999, -1.192093e-07, 45.06109, 1.981177, 311.4818, 0.1958938, 236.106, 2.861023e-06, 70.04415, 22.95637, 341.1436, 281.891, 0.6321393, 459.8475, 21.59053, 193.8593, 35.24915, 999.7692, 365.2271, 44.43368, 1111.765, 836.3104
8.300000000000001, -5.960464e-08, 42.72263, 1.869293, 298.1484, 0.1832204, 223.6265, 1.907349e-06, 66.76874, 21.67862, 323.9856, 266.1751, 0.5984705, 440.9464, 20.61915, 185.3519, 33.6723, 955.9035, 347.0437, 42.3562, 1280.907, 798.0072
8.4, -8.940697e-08, 40.50552, 1.763727, 285.3858, 0.171367, 211.8066, 1.907349e-06, 63.64648, 20.47199, 307.6905, 251.3353, 0.566595, 443.1182, 19.69147, 177.2178, 32.16599, 962.9792, 329.7656, 40.37585, 1226.413, 761.4583
8.5, -8.940697e-08, 38.40346, 1.664123, 273.1695, 0.1602803, 200.6115, 1.907349e-06, 60.67023, 19.33252, 292.215, 237.3229, 0.5364171, 424.9047, 18.80553, 169.4406, 30.72705, 961.2274, 313.3478, 38.4881, 1174.236, 853.176
8.6, -1.192093e-07, 36.4105, 1.570144, 261.4761, 0.149911, 190.0081, 1.430511e-06, 57.83316, 18.25647, 277.5179, 224.0918, 0.5078467, 407.4398, 17.95944, 162.0048, 29.35249, 919.0527, 400.478, 36.68861, 1143.527, 814.1004
8.699999999999999, -8.940697e-08, 34.52096, 1.481473, 250.2832, 0.1402125, 179.9652, 1.430511e-06, 55.12876, 17.24032, 263.5599, 211.5982, 0.4807979, 390.6928, 17.15143, 154.8953, 28.03942, 904.2113, 380.5396, 34.97325, 1160.735, 776.8145
8.800000000000001, -1.192093e-07, 32.72948, 1.397809, 311.6528, 0.1311414, 170.453, 1.430511e-06, 52.55082, 16.28072, 250.304, 199.8012, 0.4551898, 374.6342, 16.37977, 148.0978, 26.78509, 864.5383, 361.5939, 33.33809, 1173.312, 741.2363
8.9, -8.940697e-08, 31.03097, 1.31887, 362.5858, 0.1226572, 161.4437, 1.430511e-06, 50.09343, 15.37454, 237.7148, 188.662, 0.4309456, 359.2356, 15.64282, 141.5985, 25.58687, 826.606, 343.5914, 31.77938, 1123.395, 707.2875
9, -8.940697e-08, 55.33523, 1.244389, 357.824, 0.1147218, 152.9105, 1.430511e-06, 47.75095, 14.51879, 365.8491, 235.2191, 0.4079927, 344.47, 14.93903, 135.3845, 24.44226, 1043.945, 326.4852, 30.29355, 1367.618, 674.8937
9.1, -5.960464e-08, 52.46358, 1.174114, 476.7517, 0.1072999, 144.8284, 182.453, 128.1479, 13.71068, 347.4485, 319.9245, 0.3862623, 365.977, 14.26691, 129.4432, 23.34884, 998.1406, 357.5657, 28.87719, 1309.434, 769.8011
9.199999999999999, -5.960464e-08, 49.74096, 1.107807, 456.3438, 0.1003581, 138.7246, 270.4896, 122.1555, 12.94754, 329.9733, 302.0881, 0.3656893, 350.9343, 13.62502, 123.7627, 22.30434, 954.3464, 339.7638, 27.52705, 1253.726, 816.1236
9.300000000000001, -5.960464e-08, 68.9286, 1.045246, 436.8094, 0.09386542, 176.1214, 257.889, 116.4432, 12.22688, 400.7076, 310.9289, 0.3462121, 336.5099, 13.01202, 118.3314, 21.30657, 1075.457, 322.8481, 26.24004, 1200.387, 834.1886
9.4, -5.960464e-08, 65.35152, 0.9862169, 502.1198, 0.08779278, 166.8124, 319.0135, 227.9681, 11.54633, 400.7231, 293.594, 0.3277723, 354.28, 121.8605, 113.1385, 20.35343, 1229.893, 306.7747, 25.0132, 1310.819, 810.2617
9.5, -2.980232e-08, 61.96008, 7.026629, 511.6529, 0.08211301, 157.9955, 393.846, 217.3078, 10.90366, 498.8095, 277.2256, 0.3103146, 339.718, 116.3779, 108.1734, 19.44293, 1383.272, 291.5015, 23.84372, 1301.454, 858.1865
9.6, -5.960464e-08, 89.88863, 6.629811, 600.7233, 0.0768007, 207.1346, 375.499, 207.146, 10.29677, 473.7216, 384.3083, 0.2937867, 325.7546, 111.1419, 103.4263, 18.57316, 1425.01, 276.9886, 22.72891, 1274.704, 818.8814
9.699999999999999, -5.960464e-08, 85.22382, 7.401797, 575.0085, 0.07183206, 203.4622, 358.0066, 197.4594, 9.723649, 449.8954, 362.8824, 0.2781391, 312.3651, 106.1415, 98.88745, 17.74229, 1362.486, 263.1983, 21.66623, 1259.17, 781.3765
9.800000000000001, -7.450581e-08, 80.80109, 6.983791, 550.3946, 0.06718487, 192.7081, 341.3291, 188.2258, 9.182432, 427.2677, 342.6511, 0.2633249, 299.526, 101.3661, 94.54781, 16.9486, 1302.706, 250.0946, 20.65324, 1290.206, 745.5894
9.9, -5.960464e-08, 76.60788, 6.589392, 526.8342, 0.06283834, 182.5225, 325.4286, 179.424, 8.671338, 405.778, 323.5476, 0.2492998, 287.2146, 96.80548, 90.39861, 16.19042, 1245.549, 352.4077, 19.6876, 1235.315, 711.4413
10, -5.960464e-08, 72.63228, 6.217267, 504.2824, 0.058773, 172.8752, 310.2687, 171.0337, 8.188692, 385.3691, 305.5093, 0.2360217, 275.4092, 92.4501, 86.4315, 15.46614, 1269.672, 374.0705, 18.76712, 1230.555, 828.5881
10.1, -5.960464e-08, 68.86299, 40.00587, 482.6959, 0.05497067, 163.7378, 295.815, 163.0358, 7.73291, 365.9867, 288.4766, 0.2234507, 264.0891, 88.29066, 82.63849, 14.77427, 1213.964, 389.2685, 17.88967, 1178.202, 790.6385
10.2, -5.960464e-08, 65.28932, 37.7466, 606.0667, 0.05141433, 155.0834, 543.9277, 308.1896, 7.302496, 347.5792, 295.3958, 0.2115494, 253.2342, 117.6849, 79.01193, 14.11335, 1284.554, 369.8882, 17.05325, 1254.131, 754.4272
10.3, -4.470348e-08, 71.39226, 35.61491, 580.1232, 0.04808807, 146.8864, 518.5892, 293.778, 6.896039, 330.0975, 278.9269, 0.2002819, 294.0203, 112.3902, 75.54452, 13.482, 1228.193, 351.4728, 16.25593, 1262.544, 719.8743
10.4, -5.960464e-08, 67.68733, 33.60362, 555.2903, 0.04497701, 139.1227, 494.4311, 280.0403, 6.512207, 362.2759, 283.6493, 0.1896145, 281.9352, 107.3336, 72.22928, 12.87889, 1174.305, 333.9742, 15.49589, 1333.148, 686.904
10.5, -4.470348e-08, 79.02242, 31.7059, 531.5203, 0.04206721, 131.7693, 471.3983, 266.945, 6.149737, 344.055, 342.7947, 0.1795153, 285.0527, 102.5045, 69.05952, 12.30276, 1207.289, 317.3468, 14.77139, 1381.891, 655.4437
10.6, -4.470348e-08, 74.92151, 29.91536, 613.5422, 0.03934567, 124.8046, 449.4386, 254.4621, 5.807444, 387.1485, 323.6833, 0.1699541, 273.3362, 97.89274, 104.1727, 11.7524, 1154.319, 322.5523, 14.08076, 1323.1, 625.4243
10.7, -5.960464e-08, 71.03342, 28.22594, 724.9998, 0.03680019, 118.208, 428.5018, 242.5629, 5.484201, 367.6767, 305.6373, 0.160902, 262.1013, 93.48843, 105.3152, 11.22666, 1209.627, 345.3395, 13.42242, 1429.907, 596.7797
10.8, -5.960464e-08, 67.34711, 26.63192, 715.978, 0.0344194, 111.96, 408.5403, 231.2202, 5.178951, 349.1841, 288.5975, 0.1523321, 251.3282, 89.28228, 100.6935, 10.72444, 1156.553, 328.1463, 12.79486, 1382.443, 569.4471
10.9, -4.470348e-08, 63.8521, 25.12792, 764.7363, 0.03219263, 106.0424, 389.5088, 220.4078, 4.890691, 442.0687, 272.5077, 0.1442186, 240.9978, 85.26537, 96.27459, 10.24469, 1300.253, 311.809, 12.19664, 1394.532, 543.3663
11, -5.960464e-08, 60.53848, 23.70886, 883.6218, 0.03010992, 100.4374, 371.3638, 210.1011, 4.618475, 419.8346, 257.3149, 0.1365373, 243.4945, 81.42918, 92.04962, 9.786396, 1356.427, 328.2562, 11.6264, 1335.203, 518.4801
11.1, -4.470348e-08, 57.3968, 22.36994, 845.7972, 0.02816195, 95.12878, 354.0641, 200.2763, 4.361411, 398.7188, 242.9691, 0.1292651, 233.4861, 77.76559, 88.01006, 9.348606, 1341.451, 423.9307, 11.08281, 1278.399, 494.7336
11.2, -5.215406e-08, 54.41817, 21.10663, 809.5917, 0.02634001, 90.10072, 337.5702, 190.9109, 4.118655, 378.6649, 229.4232, 0.1223802, 223.8891, 74.26682, 84.14777, 8.930401, 1282.594, 528.4622, 10.56464, 1328.419, 472.0748
11.3, -5.215406e-08, 51.59412, 19.91467, 774.936, 0.02463594, 85.33841, 321.8447, 181.9835, 3.889411, 359.6198, 216.6324, 0.115862, 214.6866, 70.92548, 115.5328, 8.530903, 1226.319, 502.1519, 10.07069, 1271.903, 450.4537
11.4, -5.960464e-08, 48.91662, 18.79001, 741.7639, 0.02304211, 80.82782, 306.8518, 173.4736, 3.672927, 341.5324, 204.5548, 0.109691, 205.8624, 67.73446, 110.4627, 8.149277, 1172.513, 477.1515, 9.599842, 1217.791, 429.8228
11.5, -5.960464e-08, 46.37807, 17.72888, 710.0117, 0.0215514, 76.55563, 292.5573, 165.3616, 3.468492, 324.3548, 193.1505, 0.1038487, 197.4008, 64.68701, 105.6151, 7.784723, 1197.544, 453.3958, 9.151007, 1165.982, 488.7681
11.6, -5.960464e-08, 43.97126, 16.72766, 679.6187, 0.02015712, 72.50925, 278.9288, 157.6289, 3.275436, 390.9748, 182.382, 0.09831755, 189.2871, 61.77667, 135.0639, 7.436477, 1145.001, 430.8229, 8.723155, 1228.642, 556.9857
11.7, -5.215406e-08, 41.68935, 15.783, 650.5267, 0.01885306, 68.67675, 265.9351, 150.2578, 3.093125, 371.3104, 172.2139, 0.09308099, 181.5068, 58.99726, 147.9485, 7.103809, 1186.866, 409.3737, 8.315308, 1176.37, 531.4756
11.8, -5.215406e-08, 39.52586, 14.89167, 743.8881, 0.01763335, 65.04682, 253.5467, 143.2314, 2.920962, 352.6351, 162.6126, 0.08812334, 174.0464, 56.34291, 177.8368, 6.786024, 1169.512, 432.1564, 7.92653, 1250.306, 507.1339
11.9, -4.470348e-08, 37.47465, 14.05069, 712.045, 0.01649256, 61.60875, 241.7354, 136.5336, 2.758381, 334.8991, 153.5467, 0.08342974, 166.8926, 53.80798, 170.0325, 6.482454, 1118.198, 410.6409, 7.555928, 1228.422, 483.9071
12, -4.470348e-08, 35.52989, 13.2572, 681.565, 0.01542557, 58.35239, 230.4743, 130.149, 2.60485, 318.0551, 144.9862, 0.07898613, 160.0328, 51.3871, 162.5706, 6.192464, 1152.974, 390.1965, 7.202655, 1239.051, 461.7441
12.1, -4.470348e-08, 33.68605, 12.50852, 652.3897, 0.01442761, 55.26815, 219.7378, 124.063, 2.459864, 328.3979, 136.9029, 0.0747792, 153.455, 49.07513, 155.4363, 5.915447, 1384.078, 527.6166, 6.865898, 1196.37, 440.5961
12.2, -4.470348e-08, 31.93789, 11.80212, 624.4633, 0.01349421, 52.34694, 209.5015, 118.2615, 2.322948, 311.8809, 129.2704, 0.07079633, 147.1475, 46.86719, 148.615, 5.650822, 1431.234, 686.4728, 6.544886, 1281.023, 420.4168
12.3, -4.470348e-08, 30.28046, 11.13561, 681.8253, 0.0126212, 49.58012, 199.742, 112.7314, 2.193653, 393.7193, 122.0633, 0.0670256, 141.0993, 44.75858, 142.0931, 5.398035, 1438.643, 652.2958, 6.238883, 1226.524, 401.1617
12.4, -4.470348e-08, 28.70905, 10.50674, 682.3773, 0.01180467, 46.95954, 190.4372, 107.4598, 2.071554, 406.8713, 115.258, 0.0634557, 135.2997, 42.74484, 135.8574, 5.156557, 1452.518, 619.8203, 5.947187, 1276.144, 382.7884
12.5, -3.72529e-08, 106.1345, 9.913392, 653.1672, 0.01104097, 44.47748, 181.5658, 102.4347, 1.956252, 386.4075, 108.8322, 0.06007594, 129.7385, 40.8217, 129.8953, 4.92588, 1503.705, 588.9616, 5.669128, 1221.852, 365.2566
12.6, -3.72529e-08, 233.8849, 9.353549, 625.2075, 0.01032667, 42.12661, 173.1077, 97.64467, 1.847367, 523.956, 102.7646, 0.0568762, 124.4059, 38.98508, 124.1949, 4.705524, 1437.729, 559.6393, 5.404071, 1239.342, 348.5278
12.7, -3.352761e-08, 275.8865, 8.825322, 598.4446, 0.009658584, 39.89999, 165.0436, 93.07859, 1.744543, 497.6033, 97.0353, 0.05384687, 119.2924, 37.2311, 118.7447, 4.495024, 1374.647, 531.7769, 5.151407, 1186.615, 332.5652
12.8, -3.352761e-08, 371.6365, 94.44862, 572.8275, 0.009033721, 37.79106, 157.3551, 88.72603, 1.647441, 564.8969, 91.6254, 0.0509789, 114.3892, 35.55603, 113.5336, 4.293941, 1508.108, 569.9302, 4.910555, 1136.132, 317.3336
12.9, 148.8705, 352.3503, 117.3597, 548.3068, 0.008449282, 35.7936, 150.0248, 84.577, 1.555745, 536.485, 86.51713, 0.04826368, 109.6874, 33.95633, 108.5512, 4.101854, 1447.727, 570.5681, 13.66404, 1126.104, 302.7997
13, 141.8771, 429.2052, 110.732, 524.8358, 0.007902655, 33.90172, 143.036, 80.622, 1.469152, 509.5021, 211.3005, 0.04569307, 185.7767, 32.4286, 103.7875, 3.918359, 1424.041, 542.1616, 13.02518, 1078.195, 505.0637
13.1, 135.2122, 406.9314, 505.4057, 502.3695, 0.007391391, 32.10983, 136.3728, 76.85194, 1.387379, 483.8764, 199.5201, 0.04325938, 321.6724, 30.9696, 99.23283, 3.743073, 1525.93, 515.1693, 12.41619, 1032.324, 481.9317
13.2, 128.8604, 411.7651, 762.0771, 524.0244, 0.006913204, 30.41265, 130.02, 73.25817, 1.310158, 459.5395, 188.3965, 0.04095531, 398.8359, 29.57624, 94.87803, 3.575629, 1458.979, 489.5208, 11.83568, 1099.131, 459.8591
13.3, 211.2271, 405.0981, 845.5325, 649.8391, 0.006465953, 28.80518, 123.9631, 69.83246, 1.237234, 436.4267, 177.8931, 0.03877396, 382.4426, 28.24557, 90.71434, 3.415674, 1394.965, 534.6735, 11.28231, 1052.37, 438.7975
13.4, 201.3044, 384.0753, 798.9626, 622.0219, 0.006047637, 27.28267, 118.1883, 66.56694, 1.16837, 414.4763, 167.9752, 0.03670879, 371.1118, 26.97477, 86.73338, 3.262876, 1347.267, 508.054, 10.75481, 1007.598, 418.7005
13.5, 191.8479, 364.1436, 799.9677, 595.3954, 0.005656384, 25.84064, 112.6826, 63.45413, 1.103338, 472.1302, 158.6103, 0.03475362, 439.7357, 25.76114, 82.92712, 3.116912, 1410.667, 482.7598, 10.25197, 964.731, 399.524
13.6, 209.5129, 345.2462, 820.2516, 598.2529, 0.005290443, 24.47482, 107.4334, 60.48687, 1.041927, 483.7759, 257.8013, 0.03290258, 424.8985, 24.60212, 79.28789, 2.977479, 1348.773, 527.8584, 9.772647, 923.6876, 381.2257
13.7, 199.6707, 327.3295, 773.9291, 662.5036, 0.004948177, 23.18119, 102.4287, 57.65837, 0.9839332, 459.4441, 243.4284, 0.03115014, 407.4339, 23.49524, 89.58694, 2.844283, 1348.548, 501.5782, 9.315731, 974.0342, 363.7655
13.8, 190.2909, 310.3425, 734.3214, 634.1443, 0.004628054, 21.95594, 97.65709, 54.96214, 0.9291675, 528.9256, 229.8569, 0.02949103, 430.9709, 22.43817, 85.65544, 2.717045, 1326.164, 476.6064, 8.880178, 970.7372, 347.105
13.9, 181.3517, 294.2372, 692.8517, 668.8286, 0.004328641, 20.79545, 93.1078, 52.39199, 0.8774501, 502.3229, 217.0419, 0.02792029, 413.2567, 21.42865, 81.89648, 2.595499, 1267.978, 452.8779, 8.46499, 942.0375, 331.2076
14, 172.8325, 278.9676, 683.6751, 640.1985, 0.004048599, 52.69648, 88.77044, 49.94203, 0.8286113, 477.0583, 204.9414, 0.0264332, 512.2814, 20.46455, 78.30248, 2.479391, 1295.639, 563.2408, 8.069213, 924.7576, 316.0382
14.1, 164.7134, 264.4905, 668.4664, 612.7939, 0.003786674, 82.71461, 84.63513, 47.60664, 0.7824908, 453.0643, 193.5156, 0.02502533, 546.7908, 19.54383, 74.86621, 2.368476, 1287.989, 535.199, 7.69194, 885.4148, 301.5636
14.2, 156.9758, 250.7646, 637.0418, 586.5625, 0.003541694, 78.3427, 80.69246, 45.38045, 0.7389374, 430.2772, 182.7267, 0.02369243, 593.0233, 18.66453, 71.58073, 2.262524, 1245.782, 508.5533, 7.332307, 847.7458, 287.7519
14.3, 149.6016, 237.7511, 601.0659, 561.4539, 0.003312564, 74.20187, 76.93346, 43.25836, 0.6978081, 408.6361, 172.5394, 0.02243054, 568.6482, 17.82479, 68.43945, 2.161311, 1289.294, 483.2343, 6.989488, 859.405, 274.5728
14.4, 142.5739, 225.4129, 567.1216, 537.4201, 0.003098257, 70.27991, 73.34956, 41.2355, 0.6589682, 427.5489, 162.92, 0.02123585, 562.5017, 17.02283, 65.436, 2.064626, 1232.725, 459.1758, 6.662698, 954.5997, 261.9974
14.5, 135.8763, 213.715, 535.0942, 578.4606, 0.002897815, 66.56524, 69.93262, 39.30724, 0.62229, 406.045, 153.8369, 0.02010479, 581.6958, 16.25695, 62.56437, 1.972265, 1178.638, 436.315, 6.351187, 913.9873, 249.9978
14.6, 129.4933, 202.6242, 504.8756, 586.5881, 0.00271034, 63.04691, 66.67487, 37.46915, 0.5876534, 385.6227, 145.2603, 0.01903397, 557.7864, 15.52553, 59.81875, 1.884037, 1205.429, 414.5925, 6.05424, 949.0067, 238.5479
14.7, 123.4102, 192.1089, 476.3635, 696.9343, 0.002534994, 141.4086, 63.56886, 35.71701, 0.5549446, 429.996, 137.1617, 0.01802019, 534.8598, 14.82702, 57.19363, 1.799755, 1190.311, 455.1157, 5.771177, 967.5692, 227.6224
14.8, 117.6128, 182.1393, 449.4616, 667.1011, 0.002370992, 137.1006, 60.60755, 34.0468, 0.5240564, 408.3691, 129.5147, 0.01706041, 512.8754, 14.15994, 54.6837, 1.719244, 1138.085, 496.9202, 5.501348, 943.1398, 217.1972
14.9, 112.0878, 172.6871, 424.0789, 638.545, 0.002217601, 230.8124, 57.78419, 32.4547, 0.4948875, 387.8299, 122.294, 0.01615174, 491.7947, 13.52287, 86.61745, 1.642335, 1341.907, 472.1803, 5.244135, 952.1848, 207.2496
15, 106.8223, 163.7254, 400.1297, 611.2112, 0.002074132, 275.5183, 55.09235, 88.74635, 0.4673421, 368.3238, 115.4759, 0.01529147, 471.5805, 12.91446, 82.81628, 1.568866, 1283.03, 522.7974, 4.998948, 995.7007, 197.7575
15.1, 101.8042, 155.2288, 377.533, 585.0475, 0.001939946, 260.9557, 52.52591, 84.59639, 0.4413298, 349.7987, 186.9431, 0.01447702, 460.903, 12.33342, 160.5493, 1.498683, 1226.736, 496.7692, 4.765224, 953.3397, 188.7002
15.2, 97.0218, 147.1732, 356.2123, 560.0038, 0.001814441, 247.1628, 50.07903, 80.64047, 0.4167654, 371.2217, 176.5207, 0.01370595, 441.9585, 11.77853, 153.5037, 1.43164, 1172.912, 649.5918, 4.542428, 912.7809, 180.0577
15.3, 92.46406, 139.5356, 336.0958, 536.0321, 0.001697055, 301.3788, 47.74613, 76.86955, 0.3935683, 352.5508, 166.6794, 0.01297595, 423.7927, 11.2486, 146.7673, 1.367596, 1194.018, 617.2509, 19.60722, 1037.157, 171.811
15.4, 88.12043, 132.2943, 317.1153, 513.0865, 23.88288, 335.446, 45.52191, 73.27496, 0.3716623, 334.8191, 157.3867, 0.01228483, 406.3736, 10.74251, 140.3264, 1.306418, 1179.095, 586.5202, 18.69049, 993.0324, 163.9421
15.5, 114.0409, 125.4288, 299.2067, 491.1232, 22.33777, 341.8448, 43.4013, 69.84847, 0.3509756, 317.9791, 148.6121, 0.01163052, 389.6704, 10.25919, 134.1683, 1.247976, 1274.704, 606.0188, 17.81663, 950.785, 156.4335
15.6, 108.6836, 118.9196, 282.3094, 540.6432, 20.89263, 410.8419, 41.37948, 66.58221, 0.3314403, 301.9862, 140.3267, 0.01101106, 373.6538, 9.79762, 128.2803, 1.192148, 1218.775, 644.2353, 16.98362, 910.3349, 149.2688
15.7, 103.5781, 112.7483, 266.3664, 517.5002, 19.54097, 389.1267, 39.45185, 63.46868, 0.3129924, 286.7976, 132.5032, 0.01042459, 378.0663, 9.356813, 122.6508, 1.138818, 1165.301, 612.1611, 16.18956, 1012.265, 142.4323
15.8, 98.71236, 106.8971, 251.3238, 495.3479, 18.27677, 373.8955, 37.61401, 60.50075, 0.2955712, 272.3729, 181.316, 0.009869357, 366.4365, 8.93584, 117.2683, 1.087873, 1114.172, 581.6838, 15.43262, 969.1991, 135.9089
15.9, 126.1563, 101.3497, 237.1307, 474.1439, 38.98824, 354.1331, 35.86179, 57.6716, 0.2791198, 258.6737, 297.2897, 0.009343698, 351.3748, 8.533806, 112.122, 1.039208, 1113, 552.7238, 14.71107, 1020.737, 129.6842
16, 166.6487, 96.09007, 223.7391, 453.8476, 99.95334, 377.1525, 34.19119, 54.97475, 0.263584, 338.7193, 280.7153, 0.008846036, 336.9323, 8.14986, 107.2016, 0.9927194, 1125.554, 525.2056, 14.02327, 977.3105, 123.7447
16.1, 158.8202, 91.10343, 211.1037, 434.42, 194.5547, 363.5041, 32.59842, 52.40401, 0.2489129, 321.6832, 265.0649, 0.008374881, 392.6679, 7.783189, 102.4971, 0.9483106, 1303.106, 499.0575, 13.36761, 935.732, 118.0771
16.2, 213.7885, 86.37558, 199.182, 415.8241, 181.968, 344.2909, 31.07984, 204.2905, 0.2350584, 305.5039, 263.3737, 0.00792882, 376.5281, 7.433014, 97.99905, 0.9058884, 1245.931, 474.2112, 12.74262, 895.9223, 112.6692
16.3, 203.7455, 81.89308, 187.9335, 398.0242, 170.1955, 326.0933, 29.63201, 215.0764, 0.2219751, 290.1384, 272.4715, 0.007506518, 361.0517, 7.098595, 93.6984, 0.8653638, 1360.511, 450.6019, 12.14684, 1123.78, 107.5089
16.4, 194.1742, 77.6432, 177.3202, 380.9862, 159.1847, 308.8575, 28.25162, 205.019, 0.2096199, 275.5457, 257.2807, 0.007106708, 391.5307, 6.779221, 89.58648, 0.8266522, 1544.314, 428.168, 11.57892, 1075.97, 102.585
16.5, 185.0526, 73.61388, 167.3063, 421.3849, 234.3834, 292.5327, 26.93554, 195.4319, 0.1979525, 261.6869, 242.9368, 0.006728193, 375.4377, 6.474216, 91.26923, 0.7896723, 1476.556, 406.8511, 11.03755, 1030.194, 97.88659
16.6, 176.3595, 69.79366, 157.8579, 403.347, 219.2199, 277.0708, 25.68077, 207.1537, 0.1869345, 248.5252, 229.3927, 0.006369838, 386.0635, 6.182934, 87.26392, 0.7543467, 1411.771, 457.0276, 10.5215, 986.3658, 93.40337
16.7, 168.0748, 116.3402, 148.9432, 386.0812, 205.0375, 295.7064, 24.48445, 330.1874, 55.69456, 376.1518, 269.5417, 0.00603057, 446.787, 5.904757, 112.6441, 0.7206013, 1465.804, 434.2738, 10.02957, 1045.769, 89.12548
16.8, 160.1792, 110.3027, 140.5318, 369.5545, 241.1617, 405.4083, 23.34385, 314.7471, 237.3914, 357.233, 254.5143, 43.34246, 564.125, 5.639095, 133.2488, 0.6883656, 1545.8, 471.3239, 9.560644, 1144.548, 85.04352
16.9, 152.6546, 184.5759, 132.5955, 398.9328, 225.5597, 388.0591, 22.2564, 461.7095, 224.1782, 463.2844, 448.1232, 89.65978, 545.3234, 5.385386, 127.4013, 0.6575718, 1606.145, 470.1312, 9.11364, 1254.126, 81.14851
17, 145.4834, 174.9973, 125.1074, 381.8559, 324.1679, 367.5481, 21.2196, 474.1518, 211.7005, 439.9832, 423.1395, 84.88435, 522.909, 5.143091, 121.8103, 0.6281556, 1535.674, 446.725, 8.687536, 1200.771, 77.4319
17.1, 138.6492, 165.9157, 118.0421, 365.5101, 303.1958, 348.1212, 20.2311, 451.9795, 199.9172, 488.6143, 399.5487, 80.36327, 501.4159, 4.911697, 116.4647, 0.6000554, 1622.363, 424.4842, 8.281354, 1184.805, 73.88551
17.2, 132.1359, 157.3055, 111.3759, 349.864, 355.6025, 329.7211, 19.28864, 430.8439, 188.7899, 464.0392, 377.2731, 76.08298, 480.8062, 4.690714, 111.3537, 0.5732121, 1595.17, 528.1082, 7.894163, 1206.144, 70.50154
17.3, 125.9286, 149.142, 105.0861, 334.8875, 346.7808, 379.288, 18.3901, 410.6967, 178.2818, 440.7, 356.2395, 72.03068, 461.0437, 4.479674, 106.467, 0.5475698, 1525.181, 545.6742, 7.525075, 1154.83, 67.27256
17.4, 120.013, 141.4022, 99.1515, 320.5522, 324.3457, 359.2405, 17.53341, 391.4916, 168.3587, 449.1825, 336.3785, 68.1942, 442.0934, 4.278128, 101.7947, 0.5230745, 1515.722, 518.507, 7.173244, 1105.699, 64.19147
17.5, 114.3752, 134.0641, 93.55207, 306.8306, 303.3621, 340.2527, 16.71662, 373.1846, 175.3967, 468.4607, 317.6248, 64.56206, 444.0939, 4.08565, 127.1835, 0.499675, 1519.859, 492.6924, 6.837862, 1058.658, 61.25149
17.6, 109.0023, 147.4792, 88.26886, 293.6963, 283.7361, 322.2686, 15.93789, 355.7337, 165.6342, 444.8992, 299.9166, 61.12337, 560.5704, 3.901832, 121.6021, 0.4773223, 1453.174, 468.1629, 6.518161, 1013.619, 58.44617
17.7, 103.8817, 178.8501, 83.284, 353.5121, 265.3797, 305.2349, 15.19544, 339.0988, 251.6707, 533.6915, 283.1957, 57.86784, 537.5293, 3.726285, 116.2656, 0.4559695, 1511.166, 444.8548, 6.213407, 1143.319, 55.76933
17.8, 99.00174, 169.5686, 78.58067, 382.2597, 248.2109, 289.1016, 14.48757, 323.2418, 237.6628, 540.369, 267.407, 54.7857, 515.4352, 51.18258, 205.2384, 0.4355719, 1444.862, 422.707, 5.922903, 1094.678, 223.6781
17.9, 94.351, 160.7688, 74.14294, 365.8966, 232.1529, 273.821, 13.81267, 308.1263, 389.4781, 613.4199, 252.4986, 51.86772, 494.2494, 48.87982, 286.7017, 0.4160868, 1422.765, 401.662, 5.645979, 1048.106, 308.9573
18, 89.91873, 152.4256, 69.95583, 350.2339, 217.1337, 259.3481, 13.16922, 293.7177, 367.7998, 582.5676, 238.4214, 49.10516, 473.9343, 46.68066, 274.1199, 0.3974734, 1421.124, 410.4696, 5.382005, 1003.515, 294.807
18.1, 85.69467, 144.5154, 66.00519, 335.2417, 203.0862, 245.6402, 12.55574, 279.9828, 347.3281, 570.1857, 225.129, 46.48973, 454.4542, 44.58044, 409.4579, 0.3796926, 1358.771, 390.0338, 5.130371, 960.822, 281.3048
18.2, 81.66904, 137.0157, 62.27764, 320.8912, 189.9475, 232.6568, 11.97084, 266.8902, 327.9958, 588.5781, 212.5776, 44.01361, 435.7747, 42.57472, 391.489, 0.3627072, 1368.901, 400.3637, 4.890503, 919.9448, 268.421
18.3, 77.83253, 129.9052, 58.76061, 383.9766, 177.6588, 220.3596, 11.41319, 254.4099, 309.7396, 558.9752, 200.726, 41.66937, 417.8631, 40.65923, 382.2523, 0.3464817, 1308.839, 380.4311, 4.66185, 880.8068, 256.1273
18.4, 74.17623, 123.1637, 55.44219, 367.54, 166.1651, 208.7124, 10.88151, 242.5131, 292.4995, 530.8611, 189.5352, 39.44999, 400.6877, 38.82993, 365.4774, 0.330982, 1251.413, 429.4266, 4.443888, 843.3338, 244.3966
18.5, 70.6917, 116.7721, 52.31118, 351.8069, 155.4151, 197.6809, 10.3746, 231.1727, 276.219, 504.1612, 178.9683, 37.34882, 451.2454, 79.02135, 349.4385, 0.3161756, 1398.861, 568.6965, 4.236116, 807.4551, 233.2032
18.6, 67.37086, 110.7122, 49.35698, 336.7473, 145.3604, 187.2324, 9.891311, 220.3625, 260.8447, 511.9915, 168.9905, 35.35955, 432.6979, 75.46609, 334.1035, 0.3020316, 1492.899, 540.3831, 4.038058, 867.0337, 222.5224
18.7, 64.20602, 104.9667, 46.56962, 322.3325, 135.9563, 177.3361, 9.43053, 210.0579, 246.3261, 486.2405, 159.5689, 33.47625, 414.9128, 93.15362, 319.4415, 0.2885204, 1427.397, 513.4793, 3.849261, 830.1467, 212.3309
18.8, 61.18985, 99.51942, 43.93967, 308.5346, 127.1606, 167.963, 8.991216, 200.2351, 232.6156, 461.7847, 150.6727, 31.69324, 397.8586, 88.96253, 305.4229, 0.2756136, 1448.998, 534.3315, 3.66929, 794.829, 202.6061
18.9, 58.31537, 94.35481, 41.45824, 295.3274, 118.9339, 159.0852, 8.572366, 190.8717, 219.6682, 459.576, 142.2724, 30.00521, 381.5055, 84.96001, 292.0196, 0.2632841, 1407.467, 507.729, 3.497734, 957.0507, 193.3267
19, 55.57593, 89.45823, 39.11695, 282.6855, 111.2395, 227.6542, 8.173028, 181.9461, 207.4415, 436.4613, 134.3405, 28.40708, 365.8245, 81.13756, 279.2044, 0.2515062, 1399.276, 482.451, 3.334199, 916.3341, 254.7434
19.1, 52.96517, 84.81575, 36.90788, 270.5848, 104.0428, 360.2967, 7.792294, 173.4379, 195.8953, 567.3953, 126.8508, 69.34044, 350.788, 77.48708, 266.9516, 0.2402552, 1424.284, 458.4315, 3.178311, 877.3497, 271.1558
19.2, 50.47706, 80.4142, 34.82357, 259.002, 97.31176, 453.2713, 7.429295, 165.3276, 233.6557, 538.8578, 119.7786, 65.64725, 336.3696, 74.00085, 263.0096, 0.2295075, 1361.792, 435.6078, 3.02971, 840.0239, 316.8645
19.3, 48.10583, 76.24107, 32.85696, 247.9151, 91.01616, 689.4039, 7.083206, 157.5965, 220.6504, 511.7556, 113.1007, 62.15076, 322.5438, 161.6727, 251.4675, 0.2192406, 1302.042, 484.7741, 2.888057, 1059.621, 395.1974
19.4, 45.84599, 72.28451, 31.00141, 237.3028, 85.12785, 652.9652, 6.75324, 150.227, 355.7456, 518.8906, 106.7952, 58.84051, 309.2863, 154.3989, 240.432, 0.209433, 1258.749, 460.6389, 2.753027, 1014.541, 377.0973
19.5, 43.69231, 68.53327, 29.25065, 227.1447, 79.62049, 687.08, 6.438645, 143.202, 335.9448, 594.6514, 100.8411, 177.2508, 296.5737, 147.4523, 229.8807, 0.2000641, 1368.954, 437.7053, 2.624311, 1042.291, 359.8262
19.6, 41.63981, 64.97671, 27.59876, 217.4215, 74.46943, 734.8936, 6.138705, 136.5056, 317.2461, 686.1108, 95.21906, 199.2904, 284.3837, 140.8182, 219.7925, 0.1911143, 1308.891, 415.9135, 2.501613, 997.9481, 407.9183
19.7, 39.68372, 61.60471, 26.04017, 208.1145, 69.65162, 976.636, 5.852737, 130.1223, 299.5882, 683.7704, 89.91043, 188.6758, 315.5073, 134.4827, 210.147, 0.1825649, 1483.872, 395.2066, 2.384651, 1054.294, 389.2356
19.8, 37.81952, 58.40771, 24.56959, 199.2059, 65.14549, 1165.528, 5.580091, 124.0375, 282.9131, 649.3798, 84.89776, 217.8429, 302.539, 140.8474, 200.9248, 0.174398, 1483.321, 463.5221, 2.273158, 1072.688, 371.4086
19.9, 36.0429, 55.37661, 23.18206, 190.6786, 60.93089, 1153.782, 5.320147, 118.2372, 267.1662, 616.7188, 80.16456, 230.1635, 290.1038, 171.5726, 192.1073, 0.1665964, 1445.624, 440.445, 2.166877, 1027.052, 354.398
20, 34.34973, 52.50282, 21.87288, 299.0693, 56.98896, 1092.798, 5.072311, 112.7082, 252.2957, 585.7006, 75.69524, 217.9046, 278.1796, 163.8534, 183.6767, 0.1591437, 1649.415, 418.5168, 2.065566, 983.3569, 386.3456
20.1, 32.73611, 49.77817, 20.63765, 286.2672, 53.30204, 1035.038, 4.836021, 182.249, 238.253, 556.2423, 71.47509, 206.2986, 266.7456, 186.3868, 175.6161, 0.1520245, 1664.241, 397.6803, 1.968991, 957.267, 494.1486
20.2, 31.19828, 47.1949, 19.47217, 274.0132, 49.85366, 996.4182, 4.610739, 173.7267, 224.9918, 528.2657, 67.49023, 195.3108, 255.7816, 178.0011, 167.9093, 0.1452238, 1689.446, 434.8515, 1.876932, 985.6615, 471.5165
20.3, 29.7327, 44.74571, 18.37251, 262.2837, 46.62836, 972.1912, 4.395951, 165.6028, 212.4688, 501.6963, 63.72753, 184.9082, 252.873, 169.9926, 160.5406, 0.1387272, 1690.126, 413.2018, 1.789177, 943.7276, 449.921
20.4, 28.33596, 42.42361, 17.33495, 251.0563, 43.61173, 920.8057, 4.191168, 157.8589, 200.6428, 476.4631, 60.1746, 175.0597, 336.0669, 162.3444, 153.4954, 0.1325213, 1615.97, 392.6299, 1.705525, 925.2774, 429.3145
20.5, 27.00484, 40.22202, 16.35598, 240.3095, 40.79026, 872.1362, 3.995926, 150.4771, 189.475, 452.4991, 56.81976, 165.7357, 322.2536, 155.0404, 229.2551, 0.1265931, 1574.405, 373.0823, 1.625784, 885.9125, 409.6519
20.6, 25.73625, 38.13468, 15.4323, 230.0227, 38.15133, 887.1567, 3.809778, 143.4404, 178.9289, 429.7404, 53.65195, 156.9084, 419.107, 148.0649, 219.1944, 0.12093, 1545.009, 354.5079, 1.549771, 941.7695, 390.8898
20.7, 24.52725, 36.15566, 14.56079, 220.1763, 35.68312, 840.2657, 3.632302, 136.7328, 168.9697, 456.4888, 50.66076, 148.5512, 401.8804, 141.4033, 237.8962, 0.1155202, 1622.279, 336.8582, 1.477312, 901.7029, 372.9869
20.8, 23.37505, 34.27935, 13.73849, 210.7513, 33.3746, 795.8531, 3.463094, 130.3389, 159.5648, 593.7028, 47.83633, 140.6391, 385.362, 135.0414, 227.4562, 0.1103525, 1566.884, 320.0872, 1.408241, 892.2186, 355.9041
20.9, 22.27698, 32.5004, 12.96263, 201.7299, 31.21542, 788.4854, 3.301768, 124.244, 150.6835, 563.8421, 45.16937, 133.1484, 369.5224, 136.9827, 217.4744, 0.1054159, 1600.64, 304.1512, 1.342399, 854.2601, 339.6036
21, 21.23049, 30.81378, 12.23058, 193.0945, 29.19593, 752.1089, 3.147958, 118.4341, 181.2473, 535.4833, 42.6511, 209.9049, 354.334, 130.8197, 207.9306, 0.1007002, 1654.328, 289.0085, 1.279636, 817.9165, 324.0497
21.1, 65.79134, 29.21469, 11.53988, 184.8289, 27.3071, 715.8032, 3.001312, 112.8958, 171.159, 586.4919, 40.27322, 220.8187, 339.7698, 124.934, 198.8057, 0.09619543, 1616.029, 274.6198, 1.219807, 783.1191, 309.2082
21.2, 62.7007, 27.69858, 10.88818, 176.917, 25.54046, 677.9691, 2.861498, 107.6166, 161.6323, 571.1182, 38.02792, 209.0575, 325.8043, 119.3131, 261.9902, 0.09189217, 1545.124, 260.9475, 1.162776, 777.2297, 295.0464
21.3, 59.75525, 26.26115, 10.27329, 169.3439, 23.88811, 642.1348, 2.728197, 102.5842, 152.6359, 542.3934, 35.90779, 197.9228, 312.4128, 113.945, 250.4929, 0.08778141, 1637, 247.9559, 1.108411, 853.7309, 281.5332
21.4, 56.94816, 24.89831, 9.693119, 162.0949, 22.34267, 608.1945, 2.601106, 97.78713, 144.1402, 594.1108, 33.90587, 319.1307, 299.5717, 162.3496, 239.5001, 0.08385456, 1937.129, 279.6748, 1.056587, 1012.579, 268.6389
21.5, 54.27294, 23.6062, 9.145715, 155.1562, 20.89721, 576.0482, 2.479935, 93.21439, 136.1173, 564.2297, 32.01555, 454.2543, 287.2584, 155.0453, 235.6532, 0.08010336, 2027.914, 305.2317, 1.007187, 990.99, 256.3353
21.6, 51.72339, 22.38115, 8.629224, 148.5145, 19.54526, 545.601, 2.364409, 88.85549, 128.5411, 535.8514, 30.23063, 430.0599, 275.4512, 148.0696, 225.3117, 0.07651997, 1951.726, 290.0353, 0.9600966, 1007.106, 244.5951
21.7, 49.29361, 21.21967, 8.141901, 142.1572, 18.28077, 516.9972, 2.254265, 194.4289, 121.3865, 676.5588, 28.54522, 449.338, 264.1294, 141.4078, 215.424, 0.07309689, 1866.093, 275.5955, 0.9152077, 1164.723, 233.3926
21.8, 46.97798, 20.11847, 7.6821, 290.2215, 17.09809, 489.6711, 2.149252, 185.337, 114.6301, 654.8906, 26.95377, 425.4055, 253.2729, 135.0457, 205.9702, 0.06982694, 2050.567, 261.8745, 0.8724176, 1115.171, 222.7032
21.9, 44.77113, 19.07441, 7.248265, 277.7982, 15.99193, 463.7894, 2.04913, 176.6702, 108.2498, 621.9524, 25.45105, 402.7477, 242.8626, 128.9698, 196.9312, 0.06670326, 1960.597, 290.0233, 0.8316281, 1067.727, 212.5033
22, 42.66794, 18.08454, 6.83893, 265.9066, 14.95733, 467.6216, 1.953673, 257.0603, 102.2246, 671.0347, 24.0321, 381.2967, 232.8802, 123.1673, 188.289, 0.06371932, 2005.822, 275.5841, 0.7927457, 1077.824, 202.7706
22.1, 62.35676, 17.14603, 6.452712, 254.5241, 13.98966, 471.7001, 1.862662, 245.0396, 101.3636, 643.3408, 22.69227, 360.9882, 223.3082, 117.6259, 180.026, 0.06086887, 1974.537, 261.8638, 0.7556813, 1031.969, 193.4837
22.2, 59.42747, 16.25623, 6.088305, 243.6289, 13.0846, 521.8198, 1.775892, 233.581, 135.348, 756.5605, 21.42714, 379.9268, 214.1295, 112.3338, 172.1256, 0.05814593, 1887.902, 248.8265, 0.7203497, 988.065, 184.6221
22.3, 110.5371, 15.41261, 5.744477, 233.2, 12.23809, 494.2388, 1.693163, 404.2573, 127.8146, 746.1216, 20.23253, 359.6913, 205.3282, 107.2798, 164.5719, 0.0555448, 1805.069, 236.4383, 0.6866701, 1068.802, 176.1664
22.4, 127.196, 14.61276, 5.420066, 337.5699, 11.44634, 472.7943, 1.614288, 405.2005, 125.3247, 832.6145, 19.10453, 584.7422, 196.8886, 102.4531, 157.3497, 0.05306002, 1725.87, 224.6669, 0.6545652, 1023.331, 168.0979
22.5, 121.2208, 13.85443, 5.113976, 323.1197, 10.70582, 626.5375, 223.4356, 471.4978, 118.3492, 790.7376, 18.03942, 595.0771, 188.7959, 97.84364, 150.4445, 0.05068641, 1650.146, 213.4815, 0.6239613, 991.8237, 160.399
22.6, 115.5262, 13.13544, 4.825172, 331.8775, 10.0132, 593.4216, 263.5273, 538.2982, 111.7619, 750.9669, 17.03369, 925.6232, 181.0358, 93.44154, 143.8423, 0.04841898, 1623.01, 202.853, 0.5947883, 1079.635, 153.0527
22.7, 110.0992, 12.45378, 4.552678, 317.6711, 9.365398, 595.7277, 282.5238, 625.1224, 125.5684, 713.1966, 16.08403, 876.3229, 173.5947, 89.2375, 137.5298, 0.04625298, 1706.408, 192.7537, 0.5669792, 1033.703, 146.0429
22.8, 124.9081, 11.80748, 4.295572, 304.0728, 8.759502, 585.8016, 300.7229, 595.8903, 118.5793, 677.3259, 15.18732, 872.199, 166.4595, 85.2226, 131.4944, 0.04418387, 1721.65, 236.2358, 0.5404703, 989.7249, 139.3541
22.9, 119.0404, 11.19473, 4.052986, 291.0565, 8.192805, 554.8389, 286.7139, 568.0252, 111.9792, 643.2593, 14.3406, 825.7443, 159.6175, 81.38834, 125.7238, 0.04220733, 1688.898, 393.8583, 0.5152009, 995.6436, 132.9717
23, 113.4483, 10.61377, 3.8241, 395.0388, 7.66277, 525.5127, 299.7065, 554.9512, 115.2987, 610.9062, 131.6893, 800.9161, 153.0567, 77.72659, 120.2065, 0.0403192, 1669.293, 374.2495, 0.4911129, 953.285, 126.8816
23.1, 108.1189, 10.06297, 3.608139, 378.1286, 7.167026, 497.7365, 302.595, 529.0005, 108.8812, 580.1802, 124.3474, 825.1155, 146.7657, 74.22958, 114.9312, 0.03851554, 1733.608, 355.617, 12.52011, 985.5042, 121.0704
23.2, 103.0399, 9.540744, 3.404375, 361.9423, 6.703354, 471.4284, 288.4989, 504.2633, 102.8209, 550.9997, 117.4148, 781.1685, 246.1684, 70.88991, 109.8875, 0.03679257, 1807.661, 337.912, 11.93473, 943.577, 322.3395
23.3, 98.19942, 9.045623, 3.212118, 372.4356, 6.269679, 672.9737, 292.685, 480.6829, 97.09789, 523.2868, 110.8687, 739.5621, 236.0502, 67.70049, 105.0651, 0.03514667, 1728.349, 321.0886, 149.2774, 903.4336, 348.6415
23.4, 93.58637, 8.576196, 3.030719, 356.493, 5.864061, 637.4034, 293.3048, 477.7187, 91.69342, 496.9678, 104.6876, 793.4695, 226.3478, 64.65457, 100.4544, 0.0335744, 1787.598, 305.1028, 226.7936, 997.0365, 332.6736
23.5, 108.7874, 8.13113, 2.859563, 341.2328, 5.484684, 603.7133, 279.6414, 569.1493, 86.58977, 471.9724, 154.9204, 887.4996, 217.0443, 61.74569, 96.04599, 0.03207246, 1709.166, 343.0256, 216.19, 954.6187, 317.4371
23.6, 103.6769, 7.709162, 2.698074, 326.6259, 5.129852, 571.8038, 311.9172, 558.8629, 81.77019, 448.2343, 146.2833, 840.2299, 208.1231, 58.96768, 91.83105, 0.03063771, 1683.14, 325.9476, 206.0821, 996.9898, 302.8985
23.7, 113.4202, 7.309091, 2.545704, 333.1043, 4.797975, 541.5809, 367.7821, 532.7292, 77.21886, 425.69, 138.1277, 795.4778, 199.5686, 56.31466, 87.80107, 0.02926715, 1609.291, 309.7198, 196.4469, 964.5087, 289.0257
23.8, 108.0921, 6.929782, 2.401939, 343.6971, 4.487569, 569.9719, 350.6492, 507.8177, 72.92086, 404.2797, 130.4268, 819.6234, 191.3658, 53.781, 83.94796, 0.02795789, 1579.439, 294.2999, 187.2621, 965.3813, 275.7882
23.9, 103.0144, 6.570158, 2.266293, 328.9846, 4.197245, 597.7623, 334.3144, 592.1296, 68.86209, 383.9462, 123.1553, 775.9688, 183.5001, 51.36133, 80.26393, 0.02670721, 1518.423, 279.6478, 178.5067, 924.3102, 338.0735
24, 98.1751, 6.229197, 2.138308, 314.902, 3.925704, 629.5196, 318.7406, 609.3759, 65.02923, 364.6353, 116.2892, 734.6394, 175.9577, 49.05053, 76.74158, 0.02551248, 1514.828, 265.7251, 170.1607, 884.9866, 322.5897
24.1, 127.6041, 5.90593, 2.01755, 380.4907, 3.671729, 596.2462, 338.9582, 691.2411, 61.4097, 346.2957, 109.8059, 726.0465, 168.7253, 46.84369, 73.3738, 0.02437119, 1448.364, 356.9878, 162.2049, 959.8603, 307.8151
24.2, 121.6097, 5.59944, 1.903612, 364.2033, 3.434186, 594.1386, 437.3441, 658.9172, 57.99164, 328.8786, 256.4402, 786.5635, 161.7902, 44.73613, 70.15382, 0.02328095, 1398.263, 451.8271, 154.6211, 919.024, 293.7171
24.3, 115.8969, 5.308854, 1.796108, 348.6131, 3.212011, 669.8648, 416.9707, 628.1048, 54.76383, 312.3374, 242.1432, 744.6698, 155.1402, 42.7234, 67.07514, 0.02223949, 1336.913, 429.3322, 147.3919, 987.194, 280.2648
24.4, 110.4525, 5.033349, 1.694676, 333.6902, 3.004209, 634.4589, 397.5464, 598.7333, 51.71568, 296.6282, 228.6433, 705.0074, 148.7634, 40.80123, 64.13158, 0.02124462, 1308.646, 473.4616, 140.5006, 945.1949, 461.4458
24.5, 119.0694, 4.772141, 1.598971, 431.0882, 2.809851, 600.9243, 561.2747, 570.7352, 100.0131, 281.7091, 215.896, 833.6522, 142.6488, 38.96553, 61.31718, 0.02029425, 1336.309, 536.3976, 133.9316, 1198.026, 440.3116
24.6, 166.7234, 4.524488, 1.508672, 571.0193, 43.57238, 569.1622, 665.2184, 544.0464, 94.44633, 267.5404, 323.6224, 865.0022, 136.7855, 57.74978, 58.6263, 0.0193864, 1277.678, 605.3609, 127.6697, 1440.322, 420.1452
24.7, 158.8913, 4.289688, 1.423472, 591.5689, 40.75345, 539.0789, 824.7991, 518.6057, 187.5803, 254.0843, 310.6538, 847.3684, 213.185, 75.04454, 56.05351, 0.01851915, 1275.919, 825.6589, 175.6693, 1590.789, 400.9025
24.8, 151.4272, 4.067073, 1.343084, 566.246, 38.1169, 637.3785, 800.5438, 494.3545, 177.1396, 241.3049, 376.0218, 802.2361, 253.2621, 71.6682, 53.59362, 0.01769071, 1219.937, 784.5523, 167.4559, 1523.11, 492.1636
24.9, 144.3137, 3.85601, 1.267235, 667.4816, 90.59372, 603.6896, 940.7063, 471.2374, 167.28, 229.1683, 399.759, 833.9307, 242.8522, 72.60336, 51.24168, 0.01689932, 1205.172, 745.4922, 209.9404, 1472.649, 615.6973
25, 137.5343, 3.655901, 1.19567, 646.2553, 212.8974, 571.7814, 1124.973, 449.2013, 241.5712, 217.6422, 414.5422, 792.434, 232.8703, 104.4333, 48.99297, 104.0675, 1291.751, 1449.161, 200.1247, 1606.848, 587.4982
25.1, 131.0735, 3.466176, 59.17806, 879.8256, 199.124, 703.7207, 1451.791, 428.1957, 228.1254, 206.6957, 725.7391, 750.2276, 362.5147, 99.73471, 46.84293, 153.6966, 1323.074, 1615.407, 402.7907, 2096.174, 560.5907
25.2, 124.9161, 3.286298, 56.12492, 849.5876, 213.1743, 729.848, 1573.841, 512.0348, 215.428, 196.2998, 834.1216, 710.2692, 347.6143, 95.24754, 44.78724, 225.776, 1265.023, 1677.946, 383.9585, 2006.995, 534.9156
25.3, 183.3663, 3.115754, 52.95536, 850.5956, 199.383, 691.2715, 1500.525, 510.5627, 203.4373, 186.4268, 787.6179, 672.4391, 344.2558, 90.96224, 42.82177, 278.4961, 1291.96, 1594.407, 366.0067, 1921.609, 510.4164
25.4, 273.0663, 2.95406, 49.96478, 814.1847, 186.4839, 654.7341, 1430.624, 534.2601, 192.114, 177.0503, 743.7067, 915.3059, 330.1059, 86.86975, 40.94255, 356.1557, 1273.202, 1646.367, 348.8942, 1839.857, 487.0392
25.5, 260.2386, 2.800758, 47.1431, 779.3325, 174.4193, 620.1279, 1363.979, 509.2769, 181.4209, 168.1455, 702.2437, 924.2625, 388.0178, 82.96138, 39.1458, 355.672, 1217.34, 1564.4, 334.0216, 1761.582, 464.7328
25.6, 262.4612, 2.655411, 103.4048, 890.7034, 267.7975, 587.3508, 1455.985, 485.462, 171.323, 159.6885, 663.0924, 875.0347, 381.1908, 79.22885, 37.4279, 449.6809, 1182.641, 1863.907, 479.2746, 1686.637, 443.4479
25.7, 250.1318, 2.517608, 97.56521, 852.5756, 255.5766, 556.3062, 1520.574, 462.7608, 161.7872, 151.6568, 749.3267, 828.4289, 494.8642, 75.66425, 35.78539, 429.5647, 1130.752, 1771.11, 537.2369, 1860.145, 423.1379
25.8, 303.2185, 2.386955, 92.05536, 816.08, 259.9281, 526.9024, 1469.278, 564.4728, 152.7821, 144.0292, 707.5504, 992.8823, 474.5238, 72.26003, 40.69158, 410.3483, 1081.14, 2215.994, 512.1187, 1781.007, 403.7582
25.9, 288.9744, 2.263083, 86.85667, 781.1466, 243.112, 499.0528, 1521.379, 593.562, 144.2783, 136.7851, 668.1031, 939.9998, 455.0195, 69.00897, 75.78117, 391.9915, 1033.704, 2105.668, 488.1747, 1705.236, 385.266
26, 407.6017, 2.145639, 122.0051, 747.7086, 302.0394, 472.6751, 1646.602, 777.6218, 136.2478, 129.9054, 630.8552, 923.2702, 436.3168, 65.90418, 72.45554, 374.456, 1128.462, 2179.738, 632.4343, 1632.689, 367.6208
26.1, 388.454, 2.034291, 115.1151, 715.7019, 282.4989, 447.6917, 1614.204, 741.2585, 128.6642, 123.3717, 701.129, 874.0953, 425.9541, 62.93908, 69.27586, 357.7049, 1113.433, 2071.216, 602.8651, 1563.228, 350.7837
26.2, 411.2923, 1.92872, 108.6141, 685.0654, 264.2226, 492.433, 1613.373, 706.5956, 121.5028, 117.1667, 662.0399, 827.5395, 408.4461, 60.10738, 66.23571, 341.7031, 1064.58, 1968.098, 574.6785, 1496.722, 334.7177
26.3, 391.9713, 1.828628, 127.6569, 655.7402, 247.1286, 482.892, 1538.215, 772.0577, 114.7399, 111.2737, 625.1299, 783.4633, 391.6578, 57.40308, 63.32898, 326.4172, 1030.958, 2002.261, 547.8096, 1566.848, 319.3876
26.4, 373.5579, 1.733731, 120.4477, 627.6704, 231.1406, 457.3686, 1466.558, 778.5265, 108.3535, 105.6771, 643.1104, 785.2902, 375.5595, 54.82045, 60.54981, 311.8151, 1007.454, 2132.108, 522.1971, 1612.814, 304.7596
26.5, 356.0095, 1.643758, 113.6456, 600.8021, 391.5193, 433.1942, 1491.543, 746.7855, 102.3226, 100.362, 754.934, 795.1196, 360.1229, 52.35402, 57.8926, 297.8661, 963.2514, 2038.592, 497.782, 1568.171, 290.8015
26.6, 339.2855, 1.558455, 107.2276, 575.084, 369.4795, 485.1767, 1422.06, 711.8642, 96.6273, 95.31425, 712.8451, 752.7701, 345.3208, 49.99855, 55.35201, 284.5412, 920.9879, 1960.87, 474.5084, 1501.455, 277.4828
26.7, 407.7903, 1.477578, 101.1721, 550.4668, 345.576, 459.5325, 1355.814, 678.5759, 91.24903, 90.52036, 868.2638, 797.4487, 331.1271, 47.74906, 52.92291, 271.8124, 933.5328, 2099.886, 549.4094, 1985.411, 264.774
26.8, 388.6338, 1.400898, 95.45855, 526.9033, 323.2189, 585.4102, 1292.655, 702.3079, 86.17011, 85.96758, 819.8565, 754.9753, 317.5168, 45.60077, 50.60041, 259.653, 892.5733, 1995.341, 523.722, 1900.944, 252.6474
26.9, 370.3772, 1.328198, 90.06767, 504.3485, 302.3082, 568.1062, 1336.348, 669.4664, 81.37389, 81.64378, 886.1331, 775.9016, 304.4659, 43.54914, 48.37983, 248.0376, 853.4109, 1962.435, 499.2356, 1820.071, 241.0761
27, 352.9782, 1.259271, 84.98124, 482.7592, 282.7503, 538.0787, 1274.095, 638.1607, 76.84462, 77.53745, 836.7296, 734.5757, 291.9514, 41.58982, 46.2567, 236.9417, 815.9668, 1864.732, 475.8941, 1742.638, 230.0347
27.1, 336.3966, 1.19392, 80.18206, 462.0941, 264.4577, 509.6384, 1311.035, 672.7861, 72.56745, 73.63766, 790.0804, 695.451, 279.9514, 39.71864, 44.22674, 226.3422, 780.1656, 1771.894, 453.6439, 1668.499, 219.4991
27.2, 339.8669, 1.131961, 75.6539, 442.3135, 247.3486, 482.7013, 1249.962, 653.4388, 68.52835, 69.93401, 840.3922, 795.8112, 288.0083, 37.93166, 42.28587, 216.2169, 848.5479, 1683.677, 432.434, 1597.515, 209.446
27.3, 323.9012, 1.073218, 71.38146, 423.3797, 231.3463, 457.1879, 1191.733, 655.8525, 64.71407, 66.41663, 793.5388, 753.425, 276.1703, 36.22507, 40.43017, 206.5446, 844.3445, 1599.853, 412.2157, 1529.55, 199.8534
27.4, 318.2334, 1.017523, 67.3503, 405.2563, 216.3793, 433.0231, 1136.217, 625.1834, 61.11209, 63.07616, 749.2976, 760.6727, 264.8188, 34.59526, 38.6559, 197.3049, 900.8315, 1520.202, 392.9428, 1464.477, 190.7
27.5, 303.2839, 0.9647179, 63.54679, 387.9088, 202.3806, 410.1355, 1083.287, 624.1022, 57.71059, 59.90371, 707.5229, 725.9746, 253.934, 33.03878, 36.9595, 188.4785, 954.6321, 1444.517, 374.5709, 1496.317, 181.966
27.6, 289.0367, 0.9146534, 59.95808, 371.3039, 189.2876, 388.4576, 1167.221, 613.3303, 54.49842, 56.89081, 668.0772, 687.308, 243.4966, 31.55233, 35.33755, 180.047, 912.7468, 1372.599, 357.058, 1674.3, 173.6319
27.7, 275.4588, 0.867187, 56.57204, 355.4097, 177.0416, 474.7535, 1210.896, 584.6497, 51.46505, 54.02945, 663.3554, 650.7008, 241.4943, 30.13275, 33.78677, 171.9927, 872.6993, 1304.262, 340.3639, 1603.069, 165.6795
27.8, 262.5188, 0.822184, 53.37722, 340.196, 165.5879, 449.6603, 1154.488, 587.5781, 48.6005, 51.312, 626.3721, 616.0434, 245.4852, 28.77705, 32.30405, 164.2987, 834.4089, 1239.328, 324.4503, 1623.044, 158.0914
27.9, 250.1866, 0.7795164, 50.36282, 325.6334, 154.8751, 553.2526, 1100.707, 666.2731, 45.8954, 48.73123, 701.061, 583.2319, 265.6668, 27.48233, 30.8864, 156.9489, 797.7985, 1177.626, 309.2809, 1553.993, 150.8508
28, 238.4337, 0.739063, 47.51866, 311.6942, 144.8555, 524.0103, 1049.431, 672.5114, 43.34087, 46.28026, 661.9756, 552.168, 254.7471, 26.24587, 29.53096, 149.9278, 762.7944, 1118.996, 294.8206, 1487.88, 143.9418
28.1, 227.233, 0.700709, 44.83511, 298.3518, 135.484, 496.3135, 1000.544, 641.0633, 40.92852, 43.95257, 625.0693, 522.7585, 244.2763, 25.06504, 28.23501, 143.2209, 784.2269, 1063.286, 281.0364, 1492.039, 137.3492
28.2, 216.5584, 0.6643454, 42.30312, 285.5804, 126.7188, 495.2763, 1086.172, 611.0858, 38.65044, 41.74194, 686.8045, 573.1586, 240.2959, 23.93734, 26.99592, 136.814, 749.8183, 1010.348, 267.8966, 1725.768, 303.659
28.3, 206.3852, 0.6298689, 39.91412, 273.3557, 118.5208, 590.0928, 1035.573, 582.5101, 36.49915, 39.64251, 731.689, 542.6312, 230.419, 22.86037, 25.81122, 130.6936, 716.9194, 1034.807, 530.121, 1698.666, 312.9373
28.4, 203.7097, 0.5971816, 37.66003, 261.6544, 184.6875, 565.0463, 1098.879, 725.7729, 60.01575, 37.64866, 843.2801, 740.5422, 264.3333, 21.83185, 24.6785, 124.8471, 685.4639, 1042.381, 579.243, 1765.001, 298.6047
28.5, 194.1402, 0.5661906, 35.53323, 250.4539, 172.7391, 649.3969, 1104.786, 691.8342, 56.67529, 35.7551, 986.4672, 701.0997, 253.4684, 20.84961, 23.59549, 119.2621, 655.3886, 990.4844, 556.2104, 1921.565, 359.7455
28.6, 328.5622, 0.5368078, 82.72897, 239.7329, 161.5637, 615.0728, 1053.32, 659.4825, 138.3447, 33.95677, 931.4698, 663.7579, 243.0501, 19.91157, 22.56001, 113.927, 821.5032, 941.1718, 684.124, 1839.814, 416.8506
28.7, 313.1275, 0.5089499, 78.05697, 229.4708, 151.1113, 664.4862, 1164.926, 639.2506, 130.6444, 32.24889, 964.1547, 628.4051, 233.0601, 19.01572, 21.56997, 108.8305, 983.5361, 904.2971, 652.1381, 1928.403, 652.9033
28.8, 298.4179, 0.4825378, 73.64882, 219.648, 141.3352, 629.3646, 1209.63, 609.3578, 146.1875, 30.62691, 945.2245, 677.1678, 223.4806, 18.16018, 20.62338, 103.9621, 940.3826, 1093.046, 642.0547, 1965.917, 623.0002
28.9, 284.3994, 0.4574963, 100.3905, 210.2457, 132.1915, 607.2194, 1185.491, 580.863, 138.0507, 29.08651, 1031.184, 660.6715, 318.0661, 17.34314, 19.71834, 99.31136, 899.1226, 1038.627, 612.0357, 1882.28, 594.4667
29, 271.0393, 0.4337543, 94.72108, 201.2459, 196.0224, 575.1246, 1130.266, 553.7006, 130.3668, 27.62359, 1060.733, 625.483, 304.9926, 16.56285, 18.853, 94.86871, 859.6729, 1082.694, 583.4203, 1947.8, 567.2401
29.1, 270.8155, 0.4112444, 89.37186, 192.6313, 183.3407, 701.76, 1168.658, 563.6372, 123.1106, 26.23424, 1012.814, 599.1753, 292.4566, 15.81767, 18.02565, 90.6248, 821.954, 1028.791, 683.1371, 1949.395, 541.2604
29.2, 285.8946, 0.3899027, 84.32471, 184.3855, 171.4794, 713.9731, 1201.276, 689.7859, 116.2582, 24.91477, 956.348, 567.2622, 299.8822, 15.10601, 17.2346, 86.57074, 785.8901, 977.5707, 651.1973, 1866.46, 516.4706
29.3, 272.4643, 0.3696686, 125.0248, 176.4926, 160.3856, 698.2347, 1145.315, 769.0814, 109.7873, 23.66167, 903.0298, 537.0489, 287.5561, 14.42638, 16.47826, 82.69804, 751.4086, 928.901, 625.2943, 1914.038, 573.0248
29.4, 298.9552, 0.3504844, 117.9642, 168.9376, 150.0094, 661.3293, 1249.397, 733.1175, 103.6766, 22.47159, 937.2005, 508.4448, 275.7367, 13.77732, 15.75512, 78.99858, 718.4399, 882.6543, 718.6948, 1945.054, 578.2052
29.5, 284.9113, 0.3322959, 111.3024, 161.706, 140.3045, 626.3745, 1209.662, 698.8353, 97.90593, 21.34136, 918.8295, 481.3641, 321.7632, 13.15746, 15.06371, 75.46461, 686.9178, 838.7101, 685.0925, 1862.304, 551.7233
29.6, 272.6548, 0.3150513, 105.0167, 154.784, 131.2275, 808.4015, 1153.31, 666.1562, 92.45649, 20.26799, 867.6031, 455.7259, 393.6315, 12.56549, 14.40265, 72.08875, 656.7787, 842.3224, 739.1278, 1921.011, 558.2147
29.7, 301.4946, 0.2987016, 140.0649, 148.1582, 122.7377, 765.6732, 1226.553, 635.0053, 87.31036, 19.2486, 819.2327, 431.4531, 378.4446, 12.00016, 13.77059, 68.86389, 724.5148, 1019.99, 725.0845, 1965.544, 689.5561
29.8, 287.3315, 0.2832003, 132.155, 141.8161, 114.7972, 725.2032, 1183.045, 613.8161, 82.45068, 18.28048, 911.0406, 408.4732, 365.3803, 11.46025, 13.16628, 65.78329, 692.7262, 969.2086, 691.1835, 1881.922, 657.9743
29.9, 273.8337, 0.2685035, 124.6917, 135.7455, 107.3703, 762.8336, 1231.422, 655.0883, 77.86147, 17.36105, 879.9127, 413.7385, 350.3621, 10.94464, 12.58848, 62.84051, 662.3323, 920.9551, 658.8675, 1904.47, 627.839
30, 260.97, 0.2545694, 117.6499, 129.9347, 100.424, 761.6381, 1190.607, 624.4549, 73.52771, 16.48786, 830.856, 396.2744, 357.5685, 10.45223, 12.03604, 60.02937, 633.2719, 875.1041, 628.0624, 1861.315, 599.0839
30.1, 248.7106, 0.2413584, 111.0058, 124.3727, 93.92704, 759.6334, 1135.144, 595.254, 69.43516, 15.6586, 784.5343, 375.1682, 342.8714, 9.981976, 11.50784, 57.34398, 605.4866, 831.5357, 598.6978, 1874.368, 571.6458
30.2, 237.0271, 0.228833, 104.737, 119.0487, 87.85041, 719.4827, 1178.147, 567.4186, 65.5704, 14.87104, 798.2161, 355.1861, 346.6346, 9.532875, 11.00282, 54.77873, 629.2923, 790.1365, 570.7059, 1874.965, 545.4643
30.3, 225.8924, 0.2169576, 98.82209, 113.9527, 82.16692, 681.4542, 1178.933, 579.8971, 61.92075, 14.12309, 793.1332, 365.5066, 332.3868, 9.10398, 13.55078, 52.32823, 675.0579, 898.6163, 572.3269, 1895.467, 520.4819
30.4, 215.2808, 0.2056985, 93.24126, 109.0748, 76.85111, 712.9305, 1150.007, 552.7798, 58.47425, 13.41276, 748.9146, 346.0391, 332.1307, 8.694382, 12.95611, 49.98735, 645.4391, 853.8774, 552.4901, 1814.826, 496.6438
30.5, 205.1677, 0.1950237, 87.9756, 104.4057, 125.2323, 675.2484, 1096.435, 672.6061, 55.21958, 12.73815, 707.1613, 327.6085, 318.4791, 8.303211, 12.38754, 47.75119, 750.6181, 825.1115, 526.6587, 1737.617, 473.8974
30.6, 195.5296, 0.1849028, 83.00731, 99.93649, 117.1304, 639.5579, 1062.056, 641.1536, 52.14606, 12.09748, 785.3177, 310.1595, 400.4827, 7.92964, 11.84391, 45.61506, 717.6841, 797.3088, 502.035, 1663.692, 452.1928
30.7, 186.3444, 0.1753072, 78.3196, 272.0263, 109.5526, 605.7538, 1026.101, 636.3467, 49.24361, 11.48903, 741.5349, 403.0276, 384.0216, 7.572877, 11.32415, 43.57449, 686.1952, 757.6136, 478.5626, 1739.686, 431.4824
30.8, 177.5906, 0.1662096, 73.89661, 260.3819, 102.4651, 659.0139, 1072.855, 606.5897, 46.50271, 10.91118, 700.1929, 381.5616, 368.2372, 7.232164, 10.82719, 41.62521, 656.0878, 719.8948, 456.1876, 1665.673, 411.7204
30.9, 169.248, 0.1575841, 119.8227, 249.2359, 95.83607, 659.798, 1022.877, 735.8165, 43.91438, 10.3624, 661.1559, 475.0214, 353.1016, 6.906781, 10.35204, 39.76312, 627.3014, 684.0538, 434.8588, 1752.148, 392.8635
31, 161.2973, 0.1494062, 133.175, 238.567, 89.63593, 624.9241, 1022.942, 701.4081, 41.4701, 9.841214, 624.2953, 449.7209, 338.5881, 6.596037, 9.897746, 37.98434, 630.3099, 649.9971, 467.8501, 1677.605, 374.8703
31.1, 153.7202, 0.1416527, 125.6542, 228.3548, 83.83692, 591.8936, 1087.282, 685.1314, 39.16188, 9.346244, 589.4897, 425.768, 410.3813, 6.299274, 9.463387, 36.28513, 602.6545, 759.4338, 499.3934, 1638.018, 357.7012
31.2, 146.499, 0.1343015, 118.5581, 218.5798, 94.43967, 560.6088, 1036.632, 669.8747, 36.98213, 8.876168, 556.6246, 471.0143, 393.5135, 6.015862, 9.04809, 34.66193, 664.3841, 721.6243, 476.0445, 1637.631, 341.3185
31.3, 139.617, 0.1273319, 196.1678, 209.2232, 104.7932, 642.9767, 1063.645, 685.6345, 34.92371, 8.429735, 525.5917, 445.9273, 389.8067, 5.745202, 8.651017, 33.11134, 635.2337, 865.1942, 453.7873, 1734.706, 423.2333
31.4, 177.3223, 0.120724, 185.0895, 200.2671, 98.01361, 685.3316, 1056.292, 706.5122, 60.62287, 8.005756, 496.2891, 422.1764, 486.1902, 5.486719, 8.27137, 31.63012, 607.3623, 822.1192, 501.6032, 1792.406, 495.5883
31.5, 168.9923, 0.1144589, 204.5477, 191.6944, 154.2853, 649.1082, 1154.652, 745.1499, 57.2486, 7.603101, 542.9389, 506.1838, 466.2064, 5.239865, 7.908384, 30.21516, 580.7138, 941.0394, 622.9219, 1815.395, 617.747
31.6, 197.8989, 0.108519, 192.9962, 183.4887, 173.4738, 637.7658, 1100.863, 784.5782, 54.06215, 7.220698, 716.7902, 502.8593, 532.2155, 5.004118, 38.82841, 28.8635, 555.2345, 1185.548, 722.9321, 1947.013, 630.1166
31.7, 188.6024, 0.1028874, 182.097, 175.6342, 162.2509, 655.8705, 1049.58, 797.4604, 51.05305, 6.857529, 676.8278, 476.0762, 575.4298, 4.778977, 37.12444, 27.5723, 530.8732, 1126.524, 689.1317, 1918.575, 601.2572
31.8, 179.7425, 0.09754801, 171.8134, 168.116, 151.754, 639.2902, 1000.686, 760.1695, 48.21144, 6.512625, 767.8197, 450.7195, 555.2884, 4.563965, 35.49525, 26.33887, 550.0472, 1078.019, 656.9117, 1869.392, 573.7195
31.9, 171.2989, 0.09248571, 194.9285, 160.9195, 141.9363, 643.9506, 990.9217, 724.6223, 45.52799, 6.185069, 725.0124, 439.261, 532.4644, 4.358627, 33.93755, 25.16061, 525.9134, 1218.119, 626.1981, 1789.861, 547.4431
32, 163.2519, 0.08768612, 183.9202, 154.0312, 132.7537, 680.2574, 1174.051, 739.3349, 42.99391, 5.873986, 782.5944, 458.1985, 510.5785, 4.162528, 76.62741, 24.03506, 502.8386, 1157.473, 596.9205, 1809.826, 522.3701
32.1, 155.5829, 0.08313561, 173.5336, 147.4377, 124.1652, 644.3021, 1139.457, 827.7936, 40.60087, 5.57855, 750.938, 433.7941, 489.5922, 3.975251, 85.66866, 22.95987, 480.7761, 1099.847, 688.3723, 1790.258, 640.13
32.2, 148.2742, 0.07882125, 267.252, 141.1264, 116.1323, 730.3012, 1231.956, 841.6448, 38.34103, 5.297973, 958.2996, 441.813, 495.2105, 3.7964, 81.90913, 21.93277, 459.6817, 1286.041, 656.1877, 1714.094, 775.5861
32.3, 141.3088, 0.07473079, 252.1593, 135.0853, 108.6191, 777.0073, 1343.658, 1085.713, 36.20697, 149.1108, 1129.605, 480.3753, 474.8559, 3.625595, 78.31458, 20.95162, 466.721, 1461, 625.508, 1784.156, 740.0641
32.4, 134.6706, 0.0708526, 237.919, 129.3028, 101.5919, 835.34, 1318.773, 1034.943, 34.19169, 141.6112, 1278.24, 454.7897, 455.3379, 3.462476, 74.87777, 155.9917, 446.2433, 1411.004, 596.2627, 1781.019, 706.169
32.5, 128.3443, 0.06717567, 224.4829, 123.7678, 95.01944, 842.0884, 1311.93, 986.5466, 32.28858, 134.4887, 1212.715, 430.5668, 436.6222, 3.306695, 71.59178, 149.0135, 479.087, 1340.755, 568.3847, 1705.248, 673.8264
32.6, 122.3151, 0.06368956, 211.8056, 118.4698, 88.87214, 816.435, 1250.814, 940.4135, 30.4914, 127.7245, 1212.076, 407.6341, 418.6757, 3.157923, 68.45, 142.3474, 458.0667, 1337.489, 541.8101, 1632.7, 642.965
32.7, 116.5692, 0.06038436, 199.8442, 113.3985, 83.12254, 812.8062, 1297.996, 910.1349, 28.79425, 121.3006, 1247.204, 385.9228, 402.8624, 3.015844, 65.4461, 135.9796, 470.9094, 1270.9, 516.478, 1563.239, 613.5171
32.8, 111.0932, 0.05725069, 188.5583, 108.5443, 77.74492, 769.845, 1237.53, 867.575, 27.19157, 115.1997, 1177.67, 365.3679, 435.8137, 2.880158, 62.57402, 145.6577, 496.1361, 1207.626, 492.3303, 1496.733, 585.4179
32.9, 105.8744, 0.05427964, 177.9097, 103.8979, 72.71519, 729.1545, 1179.88, 827.0053, 25.67809, 109.4056, 1275.502, 345.9078, 417.9005, 2.750576, 59.82798, 304.0033, 474.3677, 1163.039, 469.3116, 1585.854, 558.6057
33, 100.9008, 0.05146277, 167.8625, 267.2698, 68.01087, 690.6148, 1247.405, 833.5743, 24.24884, 103.903, 1204.39, 327.4842, 400.7236, 2.626825, 57.20245, 290.4038, 453.5544, 1190.189, 482.5289, 1518.386, 533.0215
33.1, 96.16087, 0.04879209, 158.3828, 255.829, 63.6109, 674.9526, 1189.295, 794.5945, 22.89915, 98.67712, 1149.088, 310.0418, 384.2527, 2.508641, 54.69214, 277.4128, 433.6544, 1275.715, 459.9685, 1453.788, 508.609
33.2, 91.64359, 0.04626001, 149.4383, 244.8779, 59.49558, 639.2777, 1133.893, 777.9048, 21.62459, 93.7141, 1085.025, 293.5284, 377.3214, 2.395774, 52.292, 265.0028, 414.6274, 1305.803, 438.4629, 1391.938, 485.3146
33.3, 87.3385, 0.04385933, 140.999, 234.3956, 55.6465, 605.4885, 1081.071, 771.1166, 20.42097, 89.00069, 1068.828, 315.7108, 361.8123, 2.287986, 101.9131, 253.148, 396.4353, 1240.791, 424.2171, 1374.989, 463.0872
33.4, 83.23566, 0.04158323, 133.0363, 224.362, 52.04644, 573.4852, 1072.177, 796.2126, 19.28434, 84.52434, 1068.179, 521.1755, 346.9408, 2.185047, 135.546, 241.8236, 379.0414, 1179.017, 404.383, 1608.578, 441.8777
33.5, 79.32555, 0.03942524, 125.5233, 344.7753, 48.67929, 602.7172, 1022.23, 758.98, 18.21097, 80.27314, 1107.948, 493.4168, 332.6805, 2.086739, 129.5976, 231.0057, 362.4107, 1120.318, 385.4763, 1540.143, 421.6396
33.6, 75.59912, 0.03737925, 118.4346, 330.0167, 45.52998, 570.8604, 1038.656, 723.4884, 17.19735, 76.23575, 1058.44, 467.1366, 323.4709, 1.992854, 137.8126, 220.6718, 346.5096, 1064.541, 367.4535, 1474.62, 402.3285
33.7, 72.04774, 0.03543944, 111.7461, 398.4106, 42.58441, 614.5579, 1122.206, 812.8172, 16.24015, 72.40142, 999.4304, 442.2561, 360.9714, 1.903193, 131.7647, 210.8001, 331.3062, 1011.541, 350.2734, 1411.884, 383.9018
33.8, 68.6632, 0.03360029, 105.4354, 381.3561, 39.8294, 582.0752, 1209.794, 774.8081, 15.33622, 68.75994, 977.9712, 418.7008, 346.1344, 1.817567, 155.7543, 201.3701, 398.8159, 961.1804, 333.8965, 1554.869, 366.319
33.9, 65.43765, 0.03185659, 99.48114, 365.0317, 37.25263, 551.3094, 1153.437, 738.5764, 98.65617, 65.30161, 923.4475, 396.4001, 331.9073, 1.735792, 148.9191, 192.3619, 381.3175, 913.3266, 318.2854, 1665.305, 349.5416
34, 62.36362, 0.03020338, 93.86309, 382.9082, 34.84257, 653.1629, 1248.363, 809.7094, 93.16498, 62.01723, 946.2115, 375.2872, 374.1916, 1.657697, 142.3838, 183.7566, 439.7536, 867.8553, 320.3412, 1622.852, 333.5325
34.1, 59.43401, 0.02863596, 88.56232, 366.5173, 32.58842, 618.6397, 1190.209, 771.8456, 87.97942, 252.8762, 893.4585, 355.2987, 358.8112, 1.583115, 136.1353, 175.5364, 420.459, 824.6478, 305.3638, 1553.81, 318.2567
34.2, 56.64201, 0.02714988, 83.56089, 350.828, 30.48011, 585.9413, 1134.764, 735.7524, 83.0825, 353.0558, 904.3036, 336.3749, 344.063, 1.511889, 130.1611, 167.6838, 455.9747, 783.5916, 291.0866, 1487.705, 303.6805
34.3, 53.98117, 0.02574093, 78.84191, 335.8104, 34.08494, 554.9711, 1134.658, 701.347, 78.45813, 335.2986, 853.887, 318.459, 329.9211, 1.443867, 124.449, 160.1826, 435.9685, 744.5793, 292.9352, 1507.408, 289.7718
34.4, 51.44534, 0.02440509, 74.38943, 321.4355, 31.87981, 525.6379, 1117.028, 668.5505, 74.09116, 318.4345, 806.2813, 301.4973, 316.3603, 1.378906, 118.9876, 153.0169, 455.8817, 742.2041, 279.2391, 1612.793, 276.5002
34.5, 49.02862, 0.02313858, 70.1884, 354.9879, 29.81734, 577.143, 1098.086, 679.8369, 69.96725, 302.4187, 761.3297, 360.2712, 303.357, 1.316868, 113.7659, 146.1717, 471.3122, 705.2524, 278.6958, 1544.178, 263.8365
34.6, 46.72543, 0.02193779, 66.22462, 339.7921, 28.63462, 573.87, 1073.502, 664.7625, 66.07288, 287.2083, 718.8842, 341.0826, 290.8881, 1.25762, 108.7733, 139.6328, 450.633, 670.1404, 265.6655, 1515.448, 251.7527
34.7, 44.53044, 0.02079932, 62.48468, 362.3386, 26.78209, 543.5379, 1023.494, 633.6768, 62.39526, 272.763, 678.8051, 363.6973, 278.9318, 1.201039, 103.9998, 133.3864, 430.8611, 663.176, 292.7321, 1450.975, 240.2224
34.8, 42.43856, 0.01971993, 58.95595, 346.8282, 25.04942, 514.809, 1010.414, 616.1317, 58.92235, 259.0442, 640.9604, 429.7162, 267.4668, 1.147002, 99.43584, 127.4194, 411.9567, 630.1588, 280.3144, 1619.136, 229.2202
34.9, 40.44495, 0.01869656, 55.6265, 331.9818, 23.42885, 546.3938, 985.5964, 587.32, 55.64273, 332.1907, 605.2258, 406.8288, 256.4731, 1.095397, 95.07214, 121.7194, 393.8818, 598.7855, 267.2085, 1550.251, 218.7219
35, 38.54499, 0.01772629, 52.48508, 382.1588, 40.42611, 533.7212, 939.683, 653.7965, 52.54566, 315.483, 571.4833, 385.1604, 282.8138, 1.046114, 90.89993, 116.2743, 376.5999, 710.2471, 296.2652, 1484.298, 338.9933
35.1, 36.73429, 26.19458, 49.52106, 381.4278, 37.81073, 505.5112, 959.0989, 623.2236, 49.62097, 299.6155, 738.0811, 364.6461, 271.1893, 0.9990485, 86.91082, 111.0728, 360.0763, 774.5056, 282.4134, 1646.657, 360.2498
35.2, 35.00864, 24.83521, 46.72444, 511.3772, 35.36456, 478.7922, 1037.745, 614.6915, 46.85907, 284.5462, 779.2468, 345.2245, 260.0426, 0.9541001, 83.09677, 106.104, 426.3176, 735.9457, 269.2093, 1655.483, 343.7502
35.3, 33.36406, 23.54637, 44.08575, 489.487, 33.07664, 453.4854, 1084.078, 594.4885, 89.49915, 270.2347, 735.8024, 330.1843, 249.3541, 0.9111741, 79.4501, 101.3575, 560.8631, 836.3522, 256.6226, 1687.825, 378.891
35.4, 31.79674, 22.32442, 41.59607, 468.5339, 30.93674, 555.0774, 1033.577, 607.8173, 84.51762, 256.6431, 694.7801, 312.5981, 239.1049, 0.8701793, 75.96346, 96.82335, 561.7237, 794.7132, 244.6243, 1616.019, 410.9943
35.5, 30.30304, 21.16589, 39.24699, 448.4777, 28.93529, 525.7386, 1033.201, 579.3945, 116.5702, 354.1572, 656.0449, 295.9486, 229.277, 0.8310289, 72.62983, 92.492, 607.2809, 755.1473, 233.187, 1586.776, 392.1707
35.6, 28.87951, 20.06747, 37.03058, 429.28, 27.06331, 545.6111, 985.0703, 592.3936, 173.5944, 336.3446, 641.8581, 313.1647, 219.853, 0.79364, 69.4425, 88.35441, 657.9541, 717.5511, 222.2844, 1736.624, 452.2372
35.7, 27.52286, 45.77507, 34.93933, 410.9041, 25.31245, 679.9703, 939.1815, 609.1998, 177.9107, 371.1473, 684.311, 505.8752, 210.8164, 0.7579333, 66.39504, 84.40192, 796.8774, 681.8268, 211.8916, 1662.741, 431.5247
35.8, 26.22994, 43.39955, 32.96619, 393.3148, 23.67485, 644.0302, 990.8259, 580.7123, 168.0082, 405.4885, 646.1594, 519.5281, 202.1512, 0.723833, 63.48132, 80.62624, 873.5538, 647.8811, 201.9847, 1636.943, 411.7608
35.9, 24.99775, 41.14731, 31.10447, 376.4784, 22.1432, 689.0452, 944.669, 553.5569, 158.6569, 385.0942, 610.1349, 491.8572, 193.8422, 0.6912669, 60.69546, 77.01945, 854.8013, 615.6254, 192.541, 1621.53, 392.9021
36, 23.82345, 39.01195, 29.34789, 360.3627, 20.71065, 652.6255, 900.6622, 527.6714, 222.5845, 365.7256, 576.1188, 465.66, 185.8747, 0.660166, 58.03186, 73.57404, 861.6722, 584.9756, 249.6608, 1589.669, 374.9071
36.1, 22.70431, 36.98741, 27.69052, 344.9369, 19.37077, 618.1307, 892.5551, 502.9964, 210.1955, 347.3312, 568.3609, 440.8582, 178.2348, 0.6304644, 55.48516, 70.28274, 823.8657, 555.8518, 237.988, 1678.645, 425.8907
36.2, 21.63774, 45.09039, 26.12674, 330.1714, 18.11757, 585.4592, 850.9761, 550.7368, 198.496, 470.6376, 633.766, 417.3773, 170.9088, 0.6020991, 53.05021, 67.13867, 799.8483, 666.3503, 226.861, 1700.714, 443.125
36.3, 20.62128, 42.7504, 24.65127, 316.038, 16.94545, 554.5146, 811.3339, 534.7639, 187.4478, 446.9666, 598.4324, 395.1471, 163.8839, 0.57501, 50.72212, 64.13525, 784.6824, 721.1401, 216.2542, 1628.359, 422.8298
36.4, 19.65257, 40.53185, 23.25912, 302.5096, 15.84916, 525.2055, 773.5385, 509.7571, 177.0144, 424.4861, 565.0687, 374.1009, 157.1478, 0.5491397, 48.4962, 61.26619, 750.2538, 685.2371, 206.1434, 1559.082, 460.9901
36.5, 18.72936, 38.42843, 21.9456, 289.5603, 14.8238, 497.4456, 737.5038, 544.907, 167.1618, 403.1364, 533.5651, 354.1756, 150.6886, 0.5244333, 46.36796, 58.52548, 817.2565, 841.9119, 196.5052, 1764.993, 533.6238
36.6, 17.84952, 36.43417, 20.70625, 366.5461, 13.86477, 471.1529, 857.4399, 581.0917, 157.8576, 501.0342, 503.8178, 335.3116, 144.4948, 0.5008384, 44.33312, 55.90737, 781.3987, 807.208, 187.3177, 1689.903, 509.1837
36.7, 17.01101, 34.54341, 19.5369, 350.8556, 12.96779, 496.2499, 817.4966, 553.9186, 149.0712, 527.9073, 475.7291, 317.4524, 138.5557, 0.4783051, 42.38758, 53.40638, 747.1142, 848.6528, 178.5598, 1642.704, 485.8631
36.8, 16.2119, 61.46027, 18.43358, 335.8367, 12.12883, 500.1141, 779.4141, 528.0162, 140.7739, 579.0336, 521.6259, 300.5443, 132.8606, 0.4567856, 40.52742, 51.01727, 779.0292, 806.4014, 170.2113, 1678.759, 463.6105
36.9, 15.45032, 58.27076, 17.39257, 321.4608, 11.34416, 473.6804, 743.1057, 503.325, 132.9385, 549.9107, 551.3954, 284.5368, 144.7639, 0.4362343, 38.74889, 48.73503, 797.8841, 766.2535, 162.2531, 1607.338, 442.377
37, 14.72452, 55.24678, 16.41035, 307.7002, 10.61024, 519.7098, 806.351, 479.7884, 125.5391, 522.2526, 520.6541, 269.3819, 138.8137, 0.4166076, 37.0484, 46.55489, 778.3967, 728.1045, 154.6671, 1697.292, 422.1161
37.1, 14.03282, 52.37972, 15.4836, 294.5287, 9.923812, 493.0222, 881.4642, 457.3525, 118.5516, 495.9855, 622.4142, 255.0342, 133.108, 0.397864, 35.42255, 44.47228, 744.2439, 691.8547, 237.7961, 1625.083, 469.6278
37.2, 13.37361, 58.89174, 14.60919, 281.921, 9.281789, 466.9633, 941.5027, 435.9657, 111.953, 471.0396, 587.7135, 241.4506, 127.6369, 0.3799636, 33.86805, 42.48283, 722.8228, 733.2694, 226.678, 1555.945, 564.2368
37.3, 12.74536, 55.83552, 13.78416, 269.853, 8.681302, 550.5535, 897.6435, 415.579, 105.7217, 447.3484, 554.9474, 273.7305, 122.3906, 0.3628686, 32.38176, 40.58238, 793.1644, 905.0118, 248.8724, 1686.121, 624.9432
37.4, 12.14663, 52.93791, 13.00572, 258.3016, 8.119663, 651.8416, 922.513, 396.1456, 99.83728, 424.8487, 524.0081, 259.1512, 117.36, 0.3465428, 30.9607, 38.76695, 758.3637, 859.9545, 237.2365, 1614.387, 596.3207
37.5, 11.57603, 50.19068, 12.27124, 247.2447, 7.59436, 617.3883, 956.3324, 433.7621, 94.28034, 403.4807, 494.7937, 265.9872, 250.0812, 0.3309514, 29.602, 37.03273, 725.0899, 906.7585, 226.1446, 1545.705, 569.0091
37.6, 11.03223, 47.58601, 11.57824, 236.661, 7.103042, 584.756, 1004.463, 413.4784, 89.0327, 383.1873, 497.3316, 392.3568, 291.9833, 0.3160616, 28.30293, 35.37609, 693.276, 861.6142, 215.5713, 1479.944, 634.1605
37.7, 10.51397, 45.11651, 10.92438, 226.5304, 6.643509, 561.0047, 1026.994, 394.1433, 84.07714, 363.9147, 589.4692, 371.4592, 279.9819, 0.3018416, 27.06086, 112.6043, 662.858, 852.7544, 205.4924, 1532.865, 605.1158
37.8, 10.02006, 42.77517, 10.30744, 216.8335, 6.213706, 531.3526, 1119.47, 436.282, 137.8204, 368.713, 683.0975, 356.4072, 313.0967, 0.2882614, 25.87331, 172.9162, 633.7745, 853.1045, 195.8847, 1512.247, 601.2079
37.9, 9.549357, 40.55533, 9.725343, 207.5517, 5.811709, 503.2678, 1067.32, 415.8805, 216.7702, 374.6158, 645.0136, 337.4244, 300.2275, 0.2752922, 24.73787, 210.933, 605.9672, 840.0605, 382.1759, 1447.911, 592.7375
38, 9.100763, 38.4507, 9.176119, 198.6672, 5.43572, 654.4363, 1017.6, 396.433, 204.7048, 355.7742, 633.8595, 407.8523, 287.8873, 0.2629065, 23.65225, 201.497, 579.3799, 830.8683, 469.197, 1386.311, 565.5901
38.1, 8.673243, 36.45528, 8.657911, 190.1629, 5.084055, 640.4297, 970.1954, 456.9972, 193.3109, 337.8803, 661.8453, 386.1294, 276.0543, 0.251078, 22.61428, 192.4831, 553.9591, 906.6873, 447.2599, 1635.308, 703.6891
38.2, 8.265805, 55.66367, 8.168969, 417.4624, 4.755141, 627.4393, 1142.285, 435.627, 270.3492, 384.871, 624.9463, 365.5634, 264.7076, 0.2397818, 21.62186, 229.531, 529.6537, 861.5466, 426.3485, 1594.82, 687.3663
38.3, 7.877507, 52.77498, 7.707639, 452.6378, 4.447506, 682.2228, 1098.298, 415.2562, 381.8347, 365.5137, 590.1044, 418.3171, 253.8273, 0.2289937, 20.67299, 369.9565, 506.4147, 827.6317, 406.4148, 1675.619, 801.6512
38.4, 7.507451, 50.0362, 7.272361, 433.2621, 4.159774, 665.6694, 1073.321, 395.8379, 360.5818, 347.1299, 557.205, 444.1752, 243.3943, 0.218691, 19.76577, 353.4066, 484.1954, 856.5386, 440.6959, 1604.332, 775.963
38.5, 7.154778, 47.43955, 6.861666, 414.7157, 3.890657, 630.4852, 1023.321, 377.3277, 340.5118, 329.6708, 526.1398, 420.5176, 252.7343, 0.2088518, 18.89835, 337.5971, 462.9509, 896.5349, 420.0914, 1536.077, 827.86
38.6, 6.818672, 44.97765, 6.474164, 396.9632, 3.63895, 764.1317, 1073.234, 359.683, 352.4873, 313.0898, 594.7578, 500.0051, 242.3462, 0.1994554, 18.06901, 408.654, 442.6385, 955.775, 400.4502, 1766.464, 789.9438
38.7, 6.498355, 42.64352, 6.108545, 379.9707, 3.403527, 779.0975, 1023.238, 342.8635, 332.8679, 297.3427, 561.5989, 480.5515, 232.3851, 0.1904816, 17.27606, 414.8144, 423.2174, 941.8513, 381.7274, 1691.312, 790.663
38.8, 6.193086, 40.43051, 5.763574, 363.7055, 3.183336, 795.2801, 975.5709, 326.8304, 314.3405, 282.3877, 625.1882, 503.3359, 367.0674, 0.1819117, 19.12791, 396.2578, 404.6484, 931.2623, 410.0553, 1619.357, 902.4667
38.9, 5.902157, 38.33235, 5.438085, 348.1366, 2.977389, 758.7074, 930.1246, 311.5471, 296.8443, 268.1848, 590.3328, 476.5274, 380.8998, 0.1737272, 81.49745, 378.5314, 386.8941, 884.8981, 390.8834, 1550.463, 861.1335
39, 5.624895, 36.34308, 5.130978, 333.2342, 2.784767, 718.6057, 886.7953, 296.9785, 280.3219, 254.6963, 601.3692, 451.1468, 365.2437, 57.31143, 77.92097, 402.5238, 369.9188, 1133.919, 372.6078, 1618.948, 895.08
39.1, 5.360658, 34.45704, 4.841213, 382.3412, 2.604606, 681.2285, 845.4846, 283.0911, 264.7192, 241.8862, 567.8418, 464.849, 350.2311, 54.73292, 74.50143, 384.5171, 414.8066, 1170.538, 457.7551, 1658.037, 888.6317
39.2, 5.108833, 32.66888, 4.567813, 365.9746, 2.4361, 798.0997, 922.3369, 269.8532, 249.985, 229.7204, 786.2397, 440.0903, 346.5556, 52.27042, 71.23196, 505.0318, 423.5971, 1112.261, 436.3529, 1655.638, 847.9323
39.3, 4.868839, 30.97351, 4.309853, 350.3086, 2.278496, 821.0287, 971.4249, 374.0735, 363.4722, 218.1664, 742.4055, 416.6504, 339.4825, 49.91872, 69.40647, 482.4394, 487.7209, 1144.938, 475.9451, 1585.2, 809.0968
39.4, 4.640118, 29.36613, 4.06646, 383.2966, 2.131088, 822.0601, 1020.792, 462.4172, 343.2413, 207.1936, 701.015, 394.4589, 325.5288, 64.26804, 66.3606, 559.5402, 466.3217, 1439.078, 565.5656, 1517.76, 1034.858
39.5, 4.422142, 27.84216, 3.836813, 366.8891, 1.993217, 786.7978, 1128.992, 440.7936, 324.1365, 196.7727, 661.9322, 373.4493, 312.1486, 61.37654, 63.44838, 554.7521, 445.8615, 1411.901, 757.8944, 1748.377, 1003.126
39.6, 4.214406, 26.39728, 3.620135, 351.1839, 1.864266, 875.2266, 1076.399, 485.2745, 452.8833, 220.1323, 625.0283, 372.7924, 299.3184, 58.61514, 60.66397, 543.9141, 426.299, 1341.607, 722.4594, 1766.249, 1029.23
39.7, 4.016428, 25.02738, 3.415693, 336.151, 37.9557, 828.9661, 1026.255, 479.3768, 439.8165, 209.0606, 728.7003, 352.9368, 287.0155, 55.97798, 58.00176, 519.5823, 407.5948, 1274.813, 688.6812, 1691.105, 1197.112
39.8, 3.82775, 23.72857, 3.222797, 360.1611, 35.50014, 785.1508, 1119.332, 669.3307, 415.3364, 220.3086, 688.074, 334.1388, 283.563, 67.1044, 91.79253, 550.6606, 455.9978, 1211.345, 751.4895, 1619.159, 1142.284
39.9, 3.647937, 22.49717, 3.040795, 425.0921, 63.37513, 902.167, 1182.025, 806.6439, 392.2188, 349.3165, 649.7126, 448.1044, 271.9077, 70.86728, 87.76425, 622.0463, 435.9906, 1151.036, 801.4507, 1630.183, 1133.567
40, 3.47657, 21.32967, 2.86907, 514.877, 59.27506, 854.4826, 1283.733, 793.7336, 398.0721, 331.7474, 645.0322, 488.3931, 260.7315, 81.89477, 83.91275, 594.2193, 416.8611, 1218.212, 832.1, 1840.542, 1176.461
40.1, 3.313253, 20.22276, 2.707044, 522.239, 55.44025, 898.7391, 1323.049, 803.6978, 392.8843, 315.062, 686.5443, 462.3804, 250.0147, 78.21023, 80.23027, 567.6371, 444.4922, 1157.561, 942.4385, 1844.522, 1122.579
40.2, 3.157609, 19.17329, 2.554168, 499.8838, 51.85353, 1037.661, 1308.867, 766.1151, 371.0164, 299.2157, 951.665, 437.7533, 239.7384, 74.69146, 76.7094, 542.2441, 549.3289, 1110.52, 898.3752, 1766.049, 1112.205
40.3, 3.009275, 18.17828, 2.409925, 507.1413, 48.49886, 982.8147, 1450.73, 730.2899, 407.3225, 297.506, 1057.483, 450.435, 285.4536, 71.33101, 73.34303, 517.9871, 525.2266, 1147.903, 953.8831, 1690.914, 1159.786
40.4, 2.867911, 17.23491, 2.273828, 485.4324, 134.1178, 1052.457, 1500.383, 696.14, 384.651, 340.7012, 998.5262, 495.5381, 273.7206, 68.12174, 74.04655, 494.8152, 502.1819, 1298.541, 941.9833, 1893.417, 1152.283
40.5, 36.8301, 16.3405, 2.145417, 464.6528, 125.441, 996.8286, 1475.708, 890.8261, 363.2413, 428.2574, 942.8566, 521.9518, 262.4699, 65.05687, 124.2724, 472.6799, 480.1483, 1233.891, 897.9413, 1812.864, 1181.688
40.6, 35.09996, 15.4925, 2.024258, 444.7628, 123.6238, 944.1408, 1561.522, 926.4601, 343.0233, 433.0257, 890.2906, 494.1517, 251.6816, 74.30814, 118.8187, 488.4087, 691.4348, 1240.76, 999.69, 1758.274, 1228.299
40.7, 33.45109, 14.68851, 37.02948, 425.7241, 115.6259, 894.2379, 1552.354, 883.1368, 323.9307, 411.2464, 840.6553, 467.8324, 241.3367, 127.2922, 113.6044, 633.9789, 661.0975, 1178.987, 952.95, 1683.47, 1199.386
40.8, 31.87968, 13.92624, 34.9383, 407.5004, 108.1455, 846.9727, 1579.231, 841.8395, 305.9007, 711.2793, 813.4782, 488.8806, 280.8128, 121.5652, 108.6189, 605.6181, 632.0914, 1166.911, 908.3952, 1611.849, 1144.454
40.9, 177.1451, 13.20353, 32.96521, 445.7114, 151.8301, 802.2056, 1653.371, 918.0981, 302.4855, 764.8632, 933.1274, 462.842, 269.2705, 116.0959, 103.8522, 618.2857, 604.3578, 1140.845, 865.9236, 1543.274, 1404.388
41, 347.8561, 176.7611, 255.8953, 426.6322, 142.0075, 759.8047, 1755.598, 1057.224, 285.6492, 726.3939, 881.1039, 438.1903, 258.2027, 110.8726, 99.29472, 590.627, 577.8412, 1208.837, 859.2674, 1610.746, 1340.067
41.1, 331.5151, 201.1886, 266.1411, 408.3696, 132.8203, 753.7917, 1769.829, 1007.786, 328.7834, 771.8857, 831.9808, 414.8515, 394.1987, 105.8843, 94.93721, 564.2055, 552.4879, 1148.653, 903.8228, 1755.117, 1424.983
41.2, 315.9417, 190.7478, 251.1112, 390.8888, 124.2274, 713.9498, 1785.043, 966.2081, 310.4833, 733.0632, 785.5964, 451.6176, 377.9959, 101.1204, 90.77093, 538.966, 528.2471, 1091.466, 861.5649, 1680.448, 1459.313
41.3, 415.6559, 180.8489, 236.9301, 374.1563, 116.1905, 676.2137, 1701.888, 921.0261, 293.2018, 696.1933, 1236.959, 427.5637, 445.1292, 96.57092, 86.78748, 514.8556, 505.0698, 1037.125, 821.2829, 1608.955, 1498.962
41.4, 465.1652, 243.2368, 223.5498, 358.14, 108.6735, 640.4722, 1622.606, 917.9471, 276.8822, 661.1778, 1167.997, 404.7909, 426.833, 110.148, 199.0472, 520.9345, 482.9095, 985.4906, 828.5866, 1556.485, 1547.054
41.5, 616.9462, 230.614, 210.9252, 342.8094, 101.6429, 606.6198, 1547.018, 875.022, 261.471, 627.9234, 1147.603, 439.3989, 409.2889, 105.1923, 192.9169, 540.4355, 461.7214, 936.4265, 789.8464, 1511.554, 1545.253
41.6, 587.9643, 218.6461, 199.0135, 328.135, 95.06709, 574.5566, 1499.521, 956.136, 246.9175, 596.3416, 1145.995, 418.334, 392.466, 100.4596, 184.4508, 516.2593, 441.463, 889.8052, 752.9175, 1447.247, 1561.896
41.7, 594.2828, 207.2994, 187.7745, 314.0887, 88.9167, 544.1882, 1446.281, 911.425, 233.1741, 685.2501, 1168.632, 396.0528, 376.3345, 95.93977, 176.3563, 493.1647, 422.0935, 845.5049, 717.7152, 1385.675, 1545.639
41.8, 566.3656, 196.5415, 177.1702, 300.6437, 83.16422, 515.425, 1500.784, 868.8048, 220.1956, 650.785, 1182.201, 451.1029, 360.866, 91.62334, 168.6169, 521.6337, 403.5738, 803.4103, 684.1588, 1398.622, 1511.309
41.9, 640.3479, 186.3419, 167.1648, 287.7743, 77.7839, 488.182, 1430.871, 972.5618, 207.9396, 618.0533, 1116.291, 427.0764, 346.0334, 87.5011, 161.2173, 536.9957, 385.8667, 763.4113, 746.9257, 1403.189, 1442.091
42, 610.2667, 176.6716, 157.7244, 342.9784, 72.75166, 462.379, 1469.233, 1004.239, 196.3657, 586.968, 1054.056, 448.3453, 331.8104, 83.56432, 194.2189, 617.882, 368.9365, 725.4037, 712.0035, 1343.492, 1456.531
42.1, 581.5985, 167.5032, 148.8172, 328.2967, 68.04498, 544.6245, 1676.601, 957.2791, 185.436, 557.446, 995.2904, 424.4657, 318.172, 79.80467, 271.1423, 671.8301, 352.7491, 689.2885, 678.7142, 1286.334, 1505.553
42.2, 554.2771, 158.8105, 140.413, 351.9013, 63.64279, 707.3487, 1614.549, 968.9734, 175.1146, 529.4089, 939.8011, 561.0082, 305.0942, 191.3403, 259.2433, 801.7419, 337.2719, 719.8473, 646.9812, 1231.609, 1613.978
42.3, 528.2391, 150.569, 132.4834, 475.7138, 59.52541, 727.93, 1567.912, 923.6622, 165.3677, 502.782, 949.5679, 729.7046, 292.5539, 182.7316, 247.8665, 897.9982, 322.4738, 684.0087, 626.5388, 1179.211, 1603.859
42.4, 503.4244, 142.7551, 125.0016, 481.0164, 55.6744, 689.455, 1588.649, 880.4697, 156.1634, 477.4942, 896.6278, 690.8393, 280.5291, 213.5378, 312.7102, 944.0696, 308.325, 754.8489, 597.2452, 1129.043, 1691.246
42.5, 500.9038, 135.3468, 117.9423, 460.4258, 52.07254, 657.7674, 1550.291, 839.2971, 147.4713, 453.4784, 846.6392, 716.4481, 268.9985, 203.9305, 298.987, 937.2617, 294.797, 741.762, 569.3213, 1081.009, 1613.787
42.6, 520.6728, 128.3229, 111.2817, 587.6923, 48.7037, 623.0009, 1618.11, 800.0497, 139.2631, 430.6704, 799.4376, 678.2889, 257.9418, 194.7554, 446.3412, 920.4715, 281.8626, 704.8323, 542.7029, 1035.019, 1539.875
42.7, 551.795, 121.6635, 104.9972, 633.6616, 92.61505, 590.0719, 1626.162, 762.6376, 131.5117, 409.0095, 905.6469, 864.1461, 247.3397, 229.2245, 496.8207, 997.2393, 269.4956, 904.8187, 517.3291, 990.985, 1469.349
42.8, 555.1855, 115.3497, 99.06765, 746.1274, 86.62331, 558.8834, 1629.97, 762.8609, 124.1918, 388.4381, 1091.842, 866.7343, 237.1733, 272.8008, 475.0179, 952.6283, 257.6713, 1456.373, 535.4839, 1204.045, 1402.052
42.9, 529.1049, 109.3636, 93.47295, 714.1885, 81.0192, 529.3434, 1568.482, 727.1879, 117.2793, 368.9014, 1030.97, 829.5796, 227.4248, 260.5272, 454.172, 910.0129, 246.3658, 1415.068, 510.4476, 1152.82, 1337.838
43, 504.2494, 103.6881, 88.19421, 683.6167, 178.7751, 547.1116, 1567.186, 693.183, 110.7515, 350.3472, 1002.232, 908.2163, 218.0769, 248.8058, 434.2408, 869.304, 235.5563, 1531.013, 682.307, 1400.311, 1276.565
43.1, 498.5389, 98.3072, 83.21357, 682.777, 217.2767, 536.3837, 1560.401, 660.7682, 104.5871, 332.7263, 1011.324, 859.8431, 209.1133, 237.6117, 453.2576, 930.0741, 225.221, 1786.928, 650.4061, 1422.713, 1218.098
43.2, 475.1194, 93.20551, 78.51421, 675.2109, 238.3219, 508.033, 1621.572, 629.8693, 98.76578, 315.9916, 954.9411, 846.7659, 200.5182, 226.9213, 485.3405, 979.1787, 215.3393, 1697.964, 621.4444, 1428.333, 1162.309
43.3, 452.8, 88.36857, 74.08023, 646.3076, 225.1511, 481.1807, 1559.881, 600.4153, 93.26848, 300.0986, 901.7014, 809.1416, 192.2763, 216.7119, 464.0416, 935.3756, 205.8911, 1613.428, 592.389, 1600.195, 1156.095
43.4, 431.5291, 83.78265, 69.89666, 639.8091, 210.5849, 455.7477, 1501.898, 572.3386, 88.07716, 285.0049, 851.4299, 766.0453, 184.3732, 206.9617, 443.6773, 1099.425, 196.8575, 1586.834, 603.1118, 1628.29, 1216.069
43.5, 495.8252, 79.43471, 65.94935, 612.4213, 196.9611, 482.7279, 1503.958, 545.5748, 83.17479, 270.6704, 803.9612, 788.2442, 176.7949, 197.6503, 424.2067, 1152.807, 188.2202, 1507.831, 611.8056, 1559.016, 1160.373
43.6, 472.5331, 75.31241, 62.22496, 586.2057, 184.2186, 457.2131, 1479.376, 520.0625, 78.54529, 257.0569, 759.1389, 923.2742, 216.7265, 188.7578, 405.5905, 1101.237, 179.9619, 1908.688, 607.5177, 1694.113, 1107.228
43.7, 450.3352, 71.40404, 58.7109, 615.0371, 172.3006, 439.8659, 1526.923, 495.7433, 74.17346, 244.128, 853.4841, 877.9906, 207.8184, 180.2654, 387.7913, 1063.21, 172.0659, 2032.57, 744.2146, 1622.039, 1056.516
43.8, 456.66, 67.69849, 55.39529, 588.7097, 161.1535, 418.1171, 1605.592, 489.0005, 70.04497, 231.8495, 805.9009, 884.176, 199.2764, 172.155, 370.7733, 1045.395, 164.5164, 2067.875, 744.1476, 1942.738, 1053.613
43.9, 435.2077, 64.18525, 52.26692, 563.5092, 150.7277, 439.3712, 1530.797, 491.0139, 66.14627, 220.1884, 760.9705, 837.0833, 191.0856, 164.4096, 354.502, 1130.281, 157.2981, 1964.923, 729.163, 1880.645, 1041.046
44, 414.7632, 60.85433, 49.31523, 539.3874, 140.9763, 499.1938, 1459.486, 468.053, 62.46457, 209.1139, 718.545, 792.4988, 238.802, 157.0126, 338.9448, 1079.718, 150.3965, 1867.096, 729.1096, 1800.635, 993.3661
44.1, 395.2792, 57.69627, 46.53022, 552.8524, 131.8559, 553.6726, 1492.429, 446.1658, 58.9878, 198.5964, 678.4848, 750.289, 228.9866, 149.9484, 324.0703, 1031.418, 143.7977, 1774.14, 695.0204, 1724.029, 947.8698
44.2, 376.7104, 54.70209, 43.9025, 529.1868, 123.3254, 524.408, 1510.138, 446.8235, 55.70454, 188.6078, 640.6581, 785.3237, 219.5746, 143.2021, 309.8486, 1082.7, 137.4885, 1685.812, 662.525, 1650.682, 904.4572
44.3, 359.0139, 51.8633, 41.42317, 506.5343, 115.3468, 548.372, 1439.79, 425.929, 52.60403, 179.1217, 604.9402, 784.3854, 210.5494, 136.7592, 296.251, 1034.266, 131.4561, 1823.281, 631.549, 1904.004, 863.0329
44.4, 342.1487, 49.17183, 39.08386, 484.8514, 107.8845, 519.3876, 1372.718, 406.0117, 49.67609, 170.1126, 687.9495, 742.6077, 201.8952, 130.6063, 283.2502, 1127.112, 125.6883, 1732.507, 602.0212, 1848.669, 823.5059
44.5, 326.0758, 46.62004, 36.87666, 464.0967, 100.9049, 530.8359, 1378.382, 387.0257, 46.91112, 161.5567, 649.595, 731.1824, 193.5967, 124.7302, 270.8199, 1076.691, 120.1736, 1646.251, 573.874, 1770.02, 918.2664
44.6, 310.7579, 44.20067, 34.79411, 444.2304, 94.37679, 647.313, 1345.126, 454.1169, 44.30005, 153.4311, 613.379, 692.2383, 185.6393, 119.1184, 258.935, 1028.526, 114.9009, 1564.29, 547.0427, 1694.716, 876.2097
44.7, 296.1596, 41.90686, 32.82916, 425.2146, 88.27107, 678.4257, 1282.464, 432.8814, 41.83431, 145.7142, 866.4786, 656.4174, 178.009, 113.7591, 247.5718, 1117.387, 109.8596, 1486.41, 521.466, 1655.802, 836.0791
44.8, 282.2471, 39.73209, 30.97519, 473.273, 82.56036, 642.5672, 1289.786, 412.639, 39.50581, 138.3854, 818.1708, 640.2792, 170.6923, 108.641, 236.7072, 1067.401, 105.0394, 1461.828, 497.0851, 1806.78, 820.1532
44.9, 268.9882, 37.67017, 29.22591, 453.0139, 77.2191, 620.7565, 1229.702, 434.3683, 37.30692, 131.4252, 772.5563, 606.1769, 163.6763, 103.7531, 226.3194, 1019.652, 100.4307, 1389.049, 473.8441, 1756.893, 821.6074
45, 256.3521, 35.71526, 27.57542, 433.622, 72.2234, 686.5738, 1172.418, 414.0563, 35.23042, 124.8151, 729.4849, 573.8909, 156.9487, 99.08514, 216.3874, 974.0381, 96.02421, 1319.893, 451.6898, 1682.148, 835.864
45.1, 244.3096, 33.8618, 26.01814, 453.5731, 67.55089, 672.3786, 1161.032, 394.6942, 33.2695, 118.5374, 688.8148, 543.3245, 150.4977, 94.62718, 206.8913, 930.465, 91.81107, 1453.239, 430.5712, 1744.911, 797.5812
45.2, 273.8749, 32.10453, 24.5488, 434.1573, 63.18067, 636.8398, 1125.025, 376.2374, 31.41772, 112.5755, 650.4122, 514.3861, 144.3118, 90.3698, 197.812, 888.8411, 263.4321, 1380.887, 410.44, 1822.949, 818.0275
45.3, 261.0092, 30.43845, 23.16245, 415.5726, 59.09319, 603.1794, 1103.741, 444.4513, 29.66901, 106.9135, 614.1505, 486.989, 138.3802, 86.30396, 189.1311, 849.0792, 251.8738, 1312.138, 391.2501, 1784.091, 780.5617
45.4, 269.4957, 28.85884, 21.85438, 397.7835, 55.27014, 571.2981, 1052.324, 423.6678, 28.01764, 101.5362, 579.9105, 571.3674, 132.6923, 82.42104, 180.8311, 865.7126, 240.8226, 1246.811, 372.9574, 1902.609, 744.8119
45.5, 256.8357, 27.36119, 20.62019, 380.7559, 51.69443, 541.1019, 1072.406, 493.6691, 26.45818, 96.42936, 547.5795, 546.7909, 127.2383, 78.71283, 172.8954, 826.9854, 230.2563, 1184.737, 443.8396, 1902.5, 710.6994
45.6, 244.7705, 25.94127, 19.4557, 364.4571, 48.35005, 512.5018, 1022.448, 519.5484, 24.98552, 91.57938, 517.0509, 517.6679, 122.0084, 75.17145, 165.308, 789.9906, 348.12, 1125.753, 423.088, 1821.56, 678.1493
45.7, 233.2721, 24.59504, 18.35696, 348.856, 45.22204, 485.4133, 974.8184, 495.2532, 23.59483, 86.97334, 488.2244, 490.096, 194.2417, 71.7894, 158.0535, 754.6508, 332.8459, 1069.706, 403.3068, 1744.064, 647.09
45.8, 222.3138, 23.31867, 17.32028, 333.9228, 42.29639, 462.468, 929.4072, 472.0941, 22.28154, 82.59896, 461.005, 463.9927, 186.2578, 68.55951, 151.1174, 720.8918, 318.2421, 1135.116, 394.9839, 1691.945, 617.4531
45.9, 216.7902, 22.10853, 16.34215, 319.6288, 39.56002, 454.5946, 886.1114, 450.0179, 21.04135, 78.4446, 544.053, 458.6864, 207.9274, 65.47494, 144.4856, 727.4727, 304.2789, 1078.602, 376.5167, 1861.937, 589.1737
46, 206.6062, 20.9612, 15.41925, 366.4688, 37.00068, 527.6506, 1020.644, 700.3935, 78.61437, 74.49918, 528.5402, 466.3773, 199.381, 62.52914, 138.1449, 694.9296, 290.9284, 1060.722, 358.9128, 1972.336, 744.7164
46.1, 196.9006, 19.87341, 14.54847, 350.7816, 34.60691, 569.6978, 1250.263, 946.4945, 74.2387, 70.75219, 499.0731, 441.5372, 191.1858, 59.71589, 132.0825, 663.8422, 278.1637, 1055.86, 342.132, 2262.532, 710.6083
46.2, 187.6509, 18.84207, 13.72687, 335.7659, 32.36801, 539.5862, 1192.02, 982.5648, 70.10658, 67.19366, 579.2188, 418.0202, 183.3275, 57.0292, 126.2861, 714.256, 265.9591, 1207.555, 326.1358, 2313.649, 678.0623
46.3, 178.8358, 17.86425, 12.95166, 321.393, 30.27396, 529.6681, 1136.491, 1017.151, 66.20444, 63.81411, 610.6969, 395.7557, 175.7922, 54.46339, 188.4471, 716.8954, 254.2899, 1147.435, 310.8875, 2215.218, 647.007
46.4, 170.4347, 16.93718, 12.22024, 307.6353, 28.31538, 662.3175, 1083.548, 1126.56, 62.51951, 60.60454, 576.6495, 374.6771, 182.1963, 52.01302, 180.1771, 765.6619, 243.1327, 1090.309, 296.3521, 2120.974, 617.374
46.5, 214.0273, 16.05822, 11.53012, 294.4666, 26.48351, 627.3105, 1058.597, 1073.88, 59.03968, 57.5564, 544.5002, 354.7212, 174.7075, 49.6729, 172.2701, 731.4104, 292.1727, 1036.026, 282.4963, 2030.739, 681.2517
46.6, 203.9731, 15.22487, 10.87897, 281.8616, 24.77015, 594.1537, 1009.283, 1023.663, 55.75353, 54.66156, 585.6154, 474.9434, 167.5265, 47.43806, 164.7101, 746.2271, 279.3534, 1102.525, 269.2883, 2150.32, 710.7715
46.7, 281.0584, 14.43477, 10.2646, 269.7961, 23.16764, 570.7634, 1032.124, 975.7942, 65.67965, 51.91232, 552.9662, 449.6471, 160.6407, 45.30376, 157.4819, 712.8449, 310.0305, 1047.634, 256.6978, 2058.837, 678.218
46.8, 267.8553, 13.68567, 9.68492, 337.4351, 21.66881, 540.5955, 984.0429, 1046.008, 62.02392, 49.30136, 522.1374, 425.6981, 154.0379, 43.2655, 150.5708, 858.6646, 296.4277, 1100.196, 244.6961, 1971.246, 735.7691
46.9, 255.2724, 12.97545, 9.137979, 378.378, 20.26694, 612.6922, 1059.957, 1059.512, 58.57167, 46.82171, 493.0273, 403.0247, 147.7065, 41.31893, 151.3214, 820.2526, 283.4217, 1241.441, 240.4297, 1948.416, 789.463
47, 243.2807, 12.30208, 8.621925, 362.181, 18.95577, 660.2656, 1079.802, 1146.031, 55.31158, 44.46679, 465.5401, 388.6397, 141.6353, 39.45995, 144.6807, 783.559, 270.9863, 1179.634, 362.0768, 1865.523, 753.3054
47.1, 231.8522, 11.66366, 8.135015, 381.2672, 17.72942, 625.367, 1119.84, 1106.485, 52.23294, 42.2303, 439.5854, 367.9401, 135.8137, 37.6846, 147.4749, 824.4075, 259.0966, 1120.905, 345.148, 1923.398, 718.8039
47.2, 220.9606, 11.05837, 7.675603, 382.8157, 16.58241, 592.313, 1112.346, 1074.437, 49.32565, 40.1063, 415.0777, 348.343, 130.2313, 35.98912, 141.003, 1011.768, 247.7285, 1214.597, 384.1009, 2065.218, 685.8826
47.3, 272.1424, 10.48449, 7.242135, 366.4288, 15.50961, 561.006, 1218.639, 1134.932, 46.58019, 38.08913, 550.8701, 329.7897, 124.8784, 34.36993, 134.8151, 989.897, 287.702, 1292.031, 366.1424, 1977.356, 654.4691
47.4, 259.3581, 9.940392, 6.833146, 350.7433, 14.50621, 597.8265, 1222.605, 1170.537, 43.98754, 36.17341, 520.1581, 312.2245, 119.7456, 32.82359, 128.8988, 1059.228, 275.0788, 1426.151, 349.0236, 1893.231, 624.4943
47.5, 292.3182, 9.424531, 6.447255, 379.423, 13.56773, 566.2282, 1202.008, 1132.209, 41.53919, 34.35404, 491.1584, 295.5949, 146.6538, 31.34682, 123.2421, 1021.945, 365.4841, 1355.148, 362.6661, 1812.686, 705.1435
47.6, 278.5861, 8.935441, 6.083156, 363.1813, 12.68996, 611.7797, 1185.914, 1168.419, 39.22712, 32.62618, 529.6959, 279.851, 160.4065, 29.93649, 117.8337, 1068.198, 349.4482, 1310.821, 345.7098, 1964.763, 820.9415
47.7, 278.2711, 8.471732, 5.739619, 347.6349, 11.86899, 638.6937, 1275.383, 1113.782, 37.04374, 30.98523, 500.1644, 273.0636, 153.8133, 28.58962, 116.7458, 1020.412, 334.1159, 1245.56, 351.6874, 1972.288, 890.26
47.8, 265.1989, 8.032088, 5.415483, 332.7539, 11.10112, 817.6222, 1246.954, 1061.699, 34.98189, 29.42681, 679.3088, 258.5197, 147.4911, 27.30334, 111.6224, 974.7646, 319.4563, 1194.123, 466.9213, 1888.379, 849.486
47.9, 252.7409, 7.61526, 5.109651, 318.5099, 10.38293, 774.4065, 1316.041, 1041.231, 101.8069, 27.94677, 641.4362, 311.9453, 141.4288, 26.07493, 106.7239, 999.8839, 305.4398, 1189.909, 445.0906, 1935.794, 974.3661
48, 240.868, 7.220062, 12.64425, 304.8757, 9.711205, 733.475, 1353.191, 992.5408, 96.14037, 26.54116, 605.6749, 418.341, 135.6157, 24.90179, 102.0404, 955.1545, 292.0384, 1321.721, 546.8084, 2024.094, 929.7401
48.1, 229.5529, 6.845374, 34.79967, 342.4893, 9.082936, 694.7069, 1301.928, 1167.571, 90.7892, 25.20626, 571.9075, 396.0595, 130.0415, 23.78143, 97.56239, 912.4261, 279.225, 1416.629, 521.2426, 1937.981, 887.1578
48.2, 218.7693, 6.49013, 32.83441, 350.2779, 8.495314, 657.9879, 1413.776, 1173.052, 85.73588, 23.93849, 540.0226, 391.4207, 124.6964, 22.71147, 93.2809, 903.7401, 266.9738, 1346.1, 496.8722, 2088.373, 846.5259
48.3, 208.4923, 6.153322, 30.98013, 335.2838, 7.945708, 623.2097, 1347.917, 1118.197, 124.8223, 22.73449, 547.0679, 464.304, 119.571, 21.68966, 89.1873, 912.9596, 255.2601, 1279.082, 528.6784, 2129.957, 952.9716
48.4, 198.6981, 5.833993, 112.052, 338.0764, 7.431659, 590.2697, 1345.987, 1155.233, 189.5219, 21.59105, 516.5679, 515.5565, 114.6563, 20.71382, 109.5939, 872.1188, 244.0603, 1264.068, 503.9603, 2039.341, 909.3254
48.5, 189.364, 5.531235, 105.724, 350.8705, 6.950866, 559.0708, 1408.309, 1181.156, 200.1279, 20.50511, 523.1277, 488.097, 109.9436, 19.78188, 104.7845, 833.1049, 233.352, 1201.134, 494.8488, 2215.215, 915.5317
48.6, 180.4684, 5.244189, 99.75344, 335.851, 6.501179, 529.5209, 1380.375, 1125.922, 188.9888, 19.47379, 493.9624, 462.1002, 122.5413, 18.89187, 194.4445, 795.8364, 223.1135, 1359.227, 553.4182, 2120.971, 873.6002
48.7, 171.9906, 4.97204, 94.12002, 353.783, 6.080584, 767.5041, 1473.841, 1223.712, 178.4697, 18.49434, 466.4231, 521.9183, 117.5045, 18.0419, 185.9113, 760.235, 213.3242, 1453.316, 637.5229, 2030.736, 922.8026
48.8, 163.9111, 4.714014, 88.80473, 338.6388, 5.6872, 1134.449, 1439.496, 1166.489, 168.5361, 17.56416, 440.4192, 494.1201, 112.6747, 17.23018, 177.7527, 818.7653, 203.9644, 1455.734, 607.7158, 2180.085, 880.5381
48.9, 156.2112, 4.469378, 83.78962, 324.1429, 5.319265, 1157.203, 1503.84, 1111.941, 159.1554, 16.68076, 463.5551, 467.8024, 108.0434, 16.45497, 195.5934, 782.1382, 195.0153, 1404.37, 590.9173, 2206.313, 840.2093
49, 172.6793, 4.237438, 79.05772, 310.2676, 4.975134, 1114.65, 1433.785, 1059.944, 150.2968, 15.84179, 437.7111, 442.8864, 115.5153, 15.71465, 187.0098, 747.1496, 186.4589, 1475.453, 563.2892, 2136.108, 801.7276
49.1, 164.5675, 4.017534, 74.59306, 296.9862, 4.653267, 1094.909, 1470.73, 1010.379, 141.9313, 15.04502, 413.3079, 419.2975, 110.7673, 15.00763, 178.803, 713.7262, 178.2778, 1401.995, 536.9529, 2096.667, 798.4316
49.2, 156.8367, 3.809042, 70.38052, 284.2733, 4.352223, 1041.011, 1423.725, 999.7427, 134.0314, 14.28832, 459.9589, 441.9558, 106.2144, 14.33242, 216.5723, 681.798, 170.4557, 1332.195, 511.848, 2123.661, 813.2316
49.3, 149.4691, 3.611371, 66.40589, 272.1046, 4.070655, 1087.729, 1464.029, 1121.377, 126.5712, 13.56968, 481.363, 444.5458, 284.7861, 13.68758, 207.0681, 651.298, 162.9769, 1265.87, 487.9167, 2336.682, 821.0938
49.4, 142.4476, 3.423957, 62.65572, 288.7873, 3.807304, 1228.643, 1415.977, 1068.939, 119.5263, 12.88718, 454.5262, 420.8685, 273.0805, 13.07176, 197.981, 793.5584, 155.8261, 1202.847, 465.1044, 2440.535, 783.4876
49.5, 135.7559, 3.246269, 59.11733, 319.6417, 3.560989, 1163.703, 1572.331, 1027.924, 112.8735, 12.23901, 429.1855, 425.4207, 261.8561, 12.48365, 224.7253, 892.2621, 148.9891, 1200.772, 443.3587, 2391.992, 902.1583
49.6, 129.3786, 3.077803, 55.77877, 411.628, 3.330611, 1111.659, 1632.399, 1080.27, 142.4626, 11.62344, 405.2577, 402.7621, 347.0188, 11.922, 243.269, 852.3472, 142.4521, 1466.941, 422.6296, 2493.039, 946.5648
49.7, 123.3008, 2.918079, 52.62875, 394.0077, 3.115136, 1125.334, 1675.631, 1182.782, 134.5331, 11.03883, 382.6638, 381.3103, 429.6098, 11.38561, 232.5932, 814.2178, 136.2019, 1490.087, 500.7887, 2386.975, 903.212
49.8, 117.5086, 2.766644, 49.65662, 377.1417, 2.913602, 1074.277, 1749.562, 1281.844, 127.045, 10.48363, 361.3296, 361.0011, 411.9516, 10.87336, 222.3859, 807.0935, 130.2259, 1415.901, 477.3745, 2471.671, 887.764
49.9, 111.9885, 2.623068, 46.85234, 450.0712, 2.725106, 1017.496, 1925.838, 1384.897, 119.9737, 9.956348, 341.1848, 341.7735, 395.0191, 10.38416, 212.6266, 913.2151, 124.5122, 1345.408, 455.0551, 2729.19, 910.2068
50, 106.7277, 2.486942, 44.20642, 579.3674, 2.548805, 963.7158, 2267.408, 1457.753, 113.296, 9.455587, 322.1632, 323.5701, 378.7827, 101.5834, 203.2956, 958.2157, 119.0491, 1278.425, 433.7792, 3068.688, 1060.924
50.1, 101.714, 2.357881, 41.70993, 593.9823, 2.383909, 912.7782, 2409.342, 1559.098, 106.9899, 8.980013, 304.202, 306.3362, 363.2136, 97.01309, 194.374, 1060.13, 113.8257, 1255.233, 413.498, 3071.633, 1012.333
50.2, 96.93584, 2.235518, 39.35442, 593.3044, 2.229682, 864.533, 2480.23, 1489.704, 101.0349, 8.528358, 287.2422, 290.0202, 348.2845, 92.64836, 185.844, 1012.706, 108.8315, 1192.74, 420.7808, 2940.954, 1053.019
50.3, 129.6696, 2.119505, 37.13194, 567.9073, 2.085432, 842.8659, 2412.748, 1585.504, 95.41126, 8.099419, 271.2279, 274.5733, 333.9689, 88.48, 177.6883, 967.403, 104.0565, 1133.357, 460.9867, 3082.905, 1096.147
50.4, 123.5782, 2.009512, 35.03497, 571.2698, 1.950515, 817.7814, 2444.394, 1689.745, 90.10068, 7.692053, 256.1065, 259.949, 330.6924, 84.49919, 169.8905, 924.1267, 99.4909, 1472.482, 439.4335, 3074.192, 1070.406
50.5, 117.7729, 1.905227, 33.05643, 586.7546, 1.824326, 805.8565, 2386.356, 1626.202, 85.08568, 7.305176, 308.6528, 390.989, 317.0999, 80.69748, 162.4349, 963.532, 95.12566, 1493.921, 418.888, 3062.782, 1021.382
50.6, 112.2404, 1.806355, 31.18962, 699.3689, 1.706301, 806.743, 2596.2, 1840.726, 80.34982, 6.937757, 291.4448, 370.1643, 304.0662, 77.06681, 155.3065, 920.4288, 90.95194, 1419.544, 399.3031, 3074.47, 974.6022
50.7, 106.9677, 1.712613, 29.42823, 669.4315, 1.595911, 764.1023, 2697.743, 2116.538, 203.9496, 6.588819, 275.1963, 350.4487, 291.5682, 73.59949, 148.491, 879.2538, 86.96135, 1378.936, 380.6339, 3365.707, 929.9653
50.8, 116.5492, 1.623736, 27.76631, 640.7756, 1.492664, 723.7154, 2872.904, 2017.564, 230.0826, 6.25743, 259.8536, 331.7832, 279.5839, 70.28816, 141.9745, 839.9208, 83.14585, 1523.5, 565.6364, 3443.468, 1157.312
50.9, 111.0742, 1.539472, 26.19825, 613.3463, 1.396095, 705.5085, 2907.127, 1964.119, 217.2762, 5.942708, 245.3663, 314.1119, 268.0921, 67.12582, 135.744, 842.7744, 79.49776, 1447.651, 553.4115, 3477.741, 1125.827
51, 105.8563, 1.45958, 24.71875, 587.0912, 1.305775, 816.7975, 2771.701, 2015.555, 205.1826, 5.643816, 292.4233, 297.3817, 257.0728, 64.10575, 129.7869, 823.1722, 76.00973, 1375.577, 563.4872, 3376.13, 1074.264
51.1, 100.8835, 1.383835, 23.32279, 561.96, 1.221298, 773.6254, 2642.583, 1995.914, 193.7621, 5.359956, 276.1201, 281.5427, 246.5063, 61.22156, 124.0913, 786.348, 72.67474, 1307.092, 537.1416, 3232.497, 1106.208
51.2, 96.1444, 1.31202, 22.00567, 537.9045, 1.142285, 732.7351, 2605.342, 1902.581, 182.9773, 5.090374, 260.726, 266.5472, 236.3742, 58.46713, 118.6456, 751.171, 190.7246, 1242.017, 512.0278, 3165.364, 1055.543
51.3, 91.62788, 1.243932, 20.76294, 514.8788, 1.068385, 694.0061, 2483.974, 1898.954, 172.7928, 4.83435, 299.7571, 286.1577, 226.6585, 55.83663, 113.4388, 845.276, 182.3564, 1351.962, 488.0881, 3203.139, 1007.199
51.4, 87.32354, 1.179378, 19.59038, 492.8388, 0.9992657, 673.6821, 2408.313, 1810.155, 163.1752, 4.591203, 283.0451, 270.9165, 217.3422, 53.32448, 108.4606, 807.463, 174.3554, 1453.043, 570.9568, 3066.865, 961.0695
51.5, 83.2214, 1.118173, 18.48404, 471.7422, 0.9346181, 790.1548, 2388.382, 1797.52, 154.0929, 4.360286, 316.4502, 256.487, 218.4574, 50.92535, 103.7009, 781.4433, 215.9563, 1411.031, 544.262, 3014.993, 1089.971
51.6, 79.31196, 1.060145, 17.44019, 451.5486, 0.8741528, 748.3909, 2336.352, 1719.048, 145.5161, 4.140982, 309.2506, 242.8261, 209.4781, 48.63416, 99.14999, 746.4858, 206.481, 1443.974, 666.2338, 3005.947, 1066.348
51.7, 109.2965, 1.005129, 16.45528, 432.2195, 0.8175993, 708.8344, 2332.791, 1641.306, 137.4167, 170.3525, 407.7321, 229.8927, 200.868, 46.44605, 94.79883, 787.4274, 197.4215, 1372.083, 746.2326, 2975.223, 1017.509
51.8, 108.4393, 0.952967, 15.52599, 413.7177, 0.7647046, 682.4628, 2224.12, 1791.182, 129.7681, 161.7845, 496.0494, 217.6483, 192.6117, 44.35639, 90.63862, 752.2022, 188.7595, 1375.577, 711.3428, 2848.645, 1104.061
51.9, 113.8809, 0.9035124, 14.64918, 396.008, 0.7152319, 698.0367, 2330.388, 1707.422, 122.5452, 153.6475, 468.3938, 281.4755, 184.6948, 42.36075, 86.66097, 854.5236, 180.4775, 1399.136, 812.5898, 3165.603, 1291.113
52, 169.1031, 0.8566242, 13.82189, 379.0563, 0.6689599, 759.0795, 2231.729, 1810.206, 115.7243, 145.9197, 442.28, 266.4836, 177.1033, 40.45489, 82.85789, 816.2969, 172.5589, 1329.478, 774.5975, 3030.926, 1231.979
52.1, 161.1593, 0.8121694, 13.04132, 362.8303, 61.00793, 718.9581, 2321.074, 1791.924, 109.2831, 138.5805, 417.6221, 252.2903, 169.8238, 38.63478, 79.2217, 952.4999, 164.9877, 1391.276, 738.3816, 3038.719, 1175.555
52.2, 158.0943, 0.7700215, 44.4649, 347.2989, 71.32285, 680.9573, 2227.085, 1708.13, 103.2004, 131.6105, 394.3389, 238.8529, 192.6622, 36.89656, 75.74509, 940.248, 157.7488, 1361.089, 703.8589, 2909.44, 1121.714
52.3, 150.6676, 0.7300609, 111.9976, 332.4323, 66.70861, 644.965, 2265.025, 1628.254, 97.45628, 124.9911, 372.3538, 226.1311, 184.7432, 35.23654, 72.42104, 927.3071, 188.0921, 1293.325, 736.2026, 3063.38, 1070.339
52.4, 143.5898, 0.692174, 105.6727, 318.2021, 63.47576, 610.8752, 2367.246, 1592.011, 92.03187, 118.7046, 351.5944, 214.087, 177.1497, 33.65121, 69.24287, 927.4832, 179.8394, 1228.935, 701.7818, 3021.393, 1021.318
52.5, 136.8445, 0.6562533, 99.70497, 304.5811, 59.36918, 578.5872, 2256.969, 1708.705, 86.90938, 112.7343, 331.9924, 202.6844, 169.8683, 32.1372, 66.20418, 1034.216, 171.9488, 1167.751, 668.9703, 2892.851, 974.5413
52.6, 130.416, 0.6221968, 94.07428, 375.2939, 55.52828, 548.0057, 2419.643, 1706.473, 82.07201, 107.0642, 343.3734, 191.8891, 162.8862, 30.69131, 63.29883, 1162.854, 164.4044, 1196.872, 637.6929, 3065.283, 1027.57
52.7, 330.2122, 0.5899076, 91.84372, 359.2289, 51.93587, 519.0407, 2502.874, 1680.935, 77.50388, 101.6794, 443.7829, 181.6687, 156.1911, 29.31047, 60.52098, 1175.117, 216.9504, 1137.284, 607.8779, 3107.927, 1138.905
52.8, 341.962, 0.5592941, 335.9475, 439.2513, 157.124, 491.6066, 2386.279, 1889.279, 73.19002, 96.56533, 419.0412, 171.9928, 240.198, 27.99176, 57.86504, 1210.681, 207.4315, 1389.33, 579.4568, 2975.703, 1086.743
52.9, 325.8979, 0.5302693, 316.9754, 485.1829, 151.0435, 465.6226, 2589.337, 2417.612, 69.11626, 91.70851, 477.5606, 162.8321, 230.3252, 26.73238, 55.32566, 1170.023, 198.3303, 1320.16, 707.9454, 3079.669, 1132.364
53, 310.5884, 0.5027507, 299.0747, 464.414, 141.2717, 441.0119, 2727.645, 2399.481, 106.6399, 87.09597, 476.752, 154.1594, 262.9654, 25.52966, 52.89771, 1209.455, 189.6284, 1282.341, 674.8458, 2948.648, 1135.4
53.1, 472.5533, 0.4766602, 302.1026, 444.5341, 136.1967, 417.7021, 2823.151, 2287.277, 100.7043, 82.71542, 450.1722, 145.9486, 252.1568, 24.38105, 50.57631, 1172.912, 181.3083, 1218.498, 703.0464, 2823.201, 1131.771
53.2, 450.3544, 0.4519237, 382.6185, 425.5053, 202.8011, 395.6243, 2905.032, 2391.555, 95.09914, 132.4855, 515.9867, 138.1752, 241.7924, 23.28412, 48.35679, 1194.715, 225.3917, 1468.164, 741.2678, 3235.222, 1132.188
53.3, 454.6489, 0.4284709, 361.0107, 407.291, 189.6809, 374.7134, 3008.748, 2279.72, 89.80592, 232.0741, 581.2422, 130.8157, 258.0948, 22.23654, 46.23467, 1141.27, 215.5025, 1560.171, 747.7303, 3223.718, 1150.813
53.4, 445.9529, 0.4062352, 390.7922, 389.8563, 194.5695, 354.9078, 2973.602, 2173.116, 84.80733, 411.2774, 646.618, 123.8483, 267.1026, 21.2361, 44.20568, 1155.171, 320.9744, 1482.495, 786.016, 3124.681, 1135.94
53.5, 464.5437, 38.78797, 395.7098, 373.168, 181.9818, 336.149, 2863.467, 2146.169, 80.08695, 390.592, 610.5679, 117.2519, 312.5365, 20.28066, 42.26573, 1234.4, 306.8914, 1408.687, 919.239, 2991.745, 1275.342
53.6, 479.045, 36.77505, 442.5097, 407.0616, 170.2085, 318.3817, 2730.074, 2159.644, 75.62932, 639.4783, 615.3621, 111.0069, 299.6903, 19.36821, 40.41091, 1179.18, 293.4263, 1338.553, 876.2604, 2864.464, 1324.596
53.7, 575.5694, 34.86659, 511.7462, 389.6368, 159.1968, 301.5536, 2673.16, 2058.654, 71.41979, 607.3154, 581.0546, 105.0944, 287.3722, 18.49681, 38.63749, 1126.43, 280.552, 1481.911, 835.2912, 3030.242, 1263.929
53.8, 548.5312, 33.05717, 608.5169, 372.9579, 148.8975, 285.6148, 2772.667, 2021.125, 67.44457, 576.77, 548.6597, 99.49693, 275.5604, 17.66462, 36.9419, 1226.785, 268.2425, 1514.693, 971.1737, 2959.034, 1296.86
53.9, 522.7632, 66.48538, 574.1519, 356.9929, 152.1245, 270.5186, 2674.848, 1926.613, 63.69061, 547.761, 628.1511, 94.19755, 350.3867, 16.86987, 35.32072, 1182.343, 256.4732, 1663.895, 956.1047, 2846.888, 1237.464
54, 498.2057, 63.0351, 592.5471, 341.7113, 142.2828, 256.2202, 2692.638, 1836.52, 60.1456, 826.7328, 686.9524, 89.18043, 335.9847, 16.11087, 77.85545, 1171.766, 245.2202, 1581.055, 911.4025, 2786.035, 1306.865
54.1, 512.9481, 71.8887, 707.2009, 327.0839, 209.5499, 242.6776, 2676.492, 1778.325, 56.79789, 1297.341, 648.6536, 84.43053, 364.4514, 15.38602, 74.4388, 1221.555, 234.461, 1502.34, 868.7903, 2667.506, 1247.011
54.2, 493.2539, 68.158, 667.2628, 398.5533, 229.9066, 229.8508, 2589.012, 1695.167, 53.63652, 1232.09, 612.49, 79.93362, 349.4713, 14.69379, 71.17208, 1166.909, 224.1738, 1427.544, 828.1704, 2587.64, 1241.85
54.3, 499.1228, 64.62092, 722.7751, 381.4926, 215.0328, 237.6366, 2468.405, 1615.897, 50.65112, 1170.122, 578.3426, 75.67622, 335.1071, 14.0327, 68.04872, 1198.721, 214.338, 1356.472, 790.916, 2527.413, 1319.451
54.4, 596.4872, 61.26739, 681.9575, 401.0261, 317.8589, 225.0762, 2388.174, 1691.431, 47.83188, 1194.324, 546.0989, 71.64557, 321.3332, 13.40135, 65.06243, 1145.097, 204.9337, 1551.328, 897.4929, 2742.835, 1259.02
54.5, 568.4664, 58.08789, 643.445, 464.3718, 373.3631, 213.1798, 2354.308, 1612.336, 45.16956, 1134.255, 515.653, 67.82961, 465.8464, 12.79841, 98.01369, 1255.117, 195.9421, 1668.604, 855.5311, 2681.468, 1253.219
54.6, 541.7619, 55.07339, 617.7929, 455.0834, 385.2203, 201.9121, 2380.607, 1536.94, 56.70692, 1234.727, 486.9044, 64.21689, 544.3176, 12.2226, 205.0538, 1198.969, 187.345, 1628.31, 827.505, 2567.388, 1461.784
54.7, 516.3119, 52.21534, 617.16, 484.5344, 360.2984, 191.2399, 2341.036, 1727.461, 53.55062, 1190.043, 459.7586, 60.79659, 521.9445, 11.67269, 196.0551, 1166.192, 179.1251, 1643.346, 917.3344, 2573.999, 1394.834
54.8, 492.0574, 49.5056, 582.3068, 475.5521, 346.3959, 181.1319, 2231.98, 1646.681, 60.32387, 1130.189, 434.1262, 57.55846, 608.6649, 11.14752, 187.4513, 1166.414, 171.2658, 1635.529, 874.4448, 2775.479, 1330.95
54.9, 468.9424, 46.93648, 607.0854, 565.1393, 323.9858, 171.5581, 2242.638, 1569.679, 56.96625, 1073.345, 409.9229, 54.4928, 583.6469, 10.64598, 179.2251, 1114.235, 163.7514, 1606.235, 975.3196, 2721.164, 1481.848
55, 446.9131, 44.50069, 572.8012, 540.9478, 303.0255, 162.4903, 2242.778, 1496.277, 225.7735, 1087.475, 387.069, 51.59042, 559.6573, 10.16701, 224.6219, 1106.528, 156.5667, 1526.267, 1060.88, 2656.235, 1413.979
55.1, 425.9188, 42.19131, 540.4531, 517.7917, 283.4212, 153.9018, 2202.657, 1461.538, 213.207, 1032.78, 365.4892, 48.84262, 673.1802, 9.70958, 291.7726, 1057.028, 149.6972, 1450.279, 1020.064, 2543.229, 1349.219
55.2, 405.9107, 40.00177, 579.3079, 495.627, 265.0852, 145.7673, 2100.048, 1393.193, 201.3399, 1032.654, 345.1125, 46.24118, 685.9844, 9.272736, 278.9683, 1172.922, 208.7555, 1465.117, 1006.721, 2624.937, 1287.424
55.3, 386.8425, 37.92586, 546.5923, 474.411, 247.9354, 138.0627, 2074.083, 1328.045, 190.1333, 1040.207, 325.8719, 43.7783, 657.7885, 8.855545, 266.7258, 1120.452, 199.5961, 1480.12, 959.6521, 2572.43, 1228.46
55.4, 368.67, 59.51487, 772.2687, 526.562, 231.8952, 130.7654, 2009.142, 1371.477, 179.5505, 1008.758, 307.7039, 41.44659, 708.1434, 8.457124, 255.0207, 1070.329, 299.5356, 1406.43, 914.784, 2527.176, 1389.961
55.5, 351.3512, 56.42632, 765.5377, 504.0218, 216.8927, 128.8929, 1915.548, 1472.749, 169.5567, 1102.733, 290.5489, 39.23908, 679.0366, 8.076628, 243.8292, 1022.449, 286.3932, 1336.409, 872.0137, 2419.66, 1326.3
55.6, 334.846, 87.33501, 722.3051, 482.4464, 202.8608, 122.0802, 1826.313, 1412.341, 160.1192, 1047.271, 274.3503, 37.14914, 726.0785, 7.713251, 233.1288, 976.71, 273.8275, 1269.874, 831.2431, 2316.718, 1265.556
55.7, 369.0039, 126.4409, 681.514, 461.7947, 189.7367, 152.4021, 1891.201, 1346.297, 151.207, 994.5975, 428.5254, 35.17051, 735.6671, 7.366223, 222.8981, 970.6613, 261.813, 1206.651, 792.3787, 2350.695, 1378.528
55.8, 363.1376, 301.7128, 650.8304, 442.0269, 177.4616, 181.5519, 1803.1, 1329.586, 142.7908, 967.4661, 419.5994, 33.29727, 705.429, 7.034809, 213.1163, 927.2393, 250.3258, 1146.577, 755.3314, 2350.401, 1315.391
55.9, 346.0787, 286.0553, 634.5297, 423.1054, 165.9807, 171.9559, 1786.871, 1267.411, 134.8431, 918.8067, 396.206, 31.5238, 740.1554, 6.718305, 203.7637, 916.2646, 239.3425, 1089.493, 720.0162, 2250.406, 1313.203
56, 329.8211, 271.2103, 667.3058, 404.9938, 155.2426, 162.8671, 1703.631, 1208.144, 127.3377, 872.5947, 374.1168, 29.84479, 762.6653, 6.41604, 194.8216, 918.6139, 228.8412, 1035.251, 686.3522, 2259.439, 1253.058
56.1, 314.3273, 347.4603, 691.6366, 387.6575, 145.1991, 154.2587, 1733.684, 1238.394, 120.2501, 828.707, 415.8147, 28.25521, 731.3175, 6.127376, 186.272, 918.283, 218.8006, 983.7092, 745.0756, 2415.734, 1195.668
56.2, 299.5614, 329.4287, 652.5775, 371.0633, 184.3298, 154.7222, 1700.8, 1180.484, 113.557, 787.0267, 392.6323, 26.75029, 701.2582, 5.851698, 178.0975, 913.9788, 209.2006, 934.7338, 748.6113, 2312.959, 1236.444
56.3, 285.4891, 312.3328, 615.7241, 355.1794, 297.3979, 146.5443, 1635.777, 1243.486, 107.2364, 747.4426, 370.7423, 25.32552, 672.4344, 5.588423, 170.2817, 873.0923, 200.0217, 888.1967, 757.3317, 2214.557, 1179.815
56.4, 298.2355, 296.1242, 580.952, 339.9755, 378.9565, 138.7987, 1754.522, 1185.338, 101.2677, 781.5717, 350.0728, 23.97664, 747.6006, 5.336994, 162.809, 874.7845, 191.2456, 843.9766, 721.923, 2120.341, 1266.708
56.5, 375.6401, 452.6935, 595.0474, 325.4224, 777.8105, 131.4624, 1831.243, 1269.361, 95.6311, 742.2621, 330.5556, 22.6996, 833.0155, 5.096876, 155.6642, 835.6514, 182.8546, 801.9579, 688.1698, 2308.58, 1208.692
56.6, 414.4173, 429.2008, 561.4429, 311.4923, 1500.385, 124.5139, 1959.013, 1298.462, 90.30828, 704.9295, 312.1265, 21.49058, 798.7761, 4.867562, 148.8329, 923.3137, 174.8317, 762.0313, 655.9948, 2322.593, 1248.26
56.7, 394.9495, 421.5925, 529.7363, 377.4798, 1613.446, 117.9327, 2203.156, 1361.766, 85.28172, 669.4746, 294.7249, 20.34596, 796.9799, 4.648565, 142.3014, 933.6168, 167.1608, 802.2074, 625.324, 2367.336, 1191.089
56.8, 376.3962, 399.7138, 499.8202, 361.3213, 1745.759, 111.6993, 2274.981, 1318.935, 80.53495, 635.803, 278.2935, 19.2623, 764.2216, 4.439421, 136.0566, 891.8519, 159.8265, 762.2683, 596.0873, 2266.621, 1136.537
56.9, 358.7144, 378.9705, 471.5936, 440.7618, 2223.949, 105.7954, 2549.058, 1484.742, 76.05238, 603.8248, 262.7781, 18.23636, 732.8099, 4.239686, 130.0858, 851.9553, 152.8139, 724.3177, 568.2175, 2430.927, 1215.006
57, 341.8633, 359.3036, 444.9611, 443.775, 2461.156, 100.2036, 2669.409, 1492.025, 71.81931, 573.4551, 248.1277, 17.26506, 777.1795, 4.048938, 124.377, 842.4733, 146.1091, 688.2565, 541.6507, 2327.506, 1174.587
57.1, 325.8038, 340.6574, 419.8326, 424.7786, 2419.381, 94.90727, 2833.452, 1735.897, 67.82185, 544.6128, 234.2942, 16.34549, 745.2351, 3.866771, 122.0264, 804.7856, 139.6985, 653.9906, 516.326, 2334.365, 1120.79
57.2, 310.4987, 322.9789, 444.3986, 473.9048, 2349.178, 89.89091, 2996.049, 1673.83, 64.04688, 517.2211, 221.2319, 15.4749, 825.3409, 3.692801, 178.8651, 768.7839, 133.5691, 621.4307, 493.8244, 2319.35, 1171.633
57.3, 322.2144, 306.2177, 419.3019, 453.6187, 2197.198, 122.1884, 3049.263, 1595.558, 102.3025, 491.2072, 338.0325, 14.65068, 795.4376, 3.526658, 171.0156, 853.7827, 127.7086, 660.3381, 470.7359, 2419.794, 1117.972
57.4, 307.0779, 290.3264, 395.6224, 434.201, 2055.05, 115.7301, 3227.625, 1574.243, 96.60839, 466.5016, 374.4286, 13.87036, 762.7428, 3.367989, 163.5107, 815.5891, 122.1053, 627.4622, 483.3082, 2576.916, 1066.769
57.5, 292.6525, 275.2598, 373.2802, 415.6144, 1922.098, 109.6131, 3162.264, 1684.55, 91.23117, 443.0385, 353.5536, 13.1316, 795.3998, 3.21646, 156.3351, 779.1041, 116.7478, 677.1385, 460.7114, 2607.321, 1017.911
57.6, 278.9047, 260.9751, 352.1998, 397.8235, 1797.747, 103.8195, 3177.941, 1634.463, 86.15325, 420.7556, 333.8423, 12.43219, 762.7065, 3.071748, 149.4744, 744.2513, 111.6254, 643.4261, 439.171, 2496.395, 971.2902
57.7, 265.8028, 247.4317, 332.3098, 380.7941, 1681.442, 98.33208, 3056.625, 1562.049, 187.0811, 399.5935, 384.3524, 11.77003, 733.4888, 2.933546, 142.9147, 710.9575, 106.7278, 611.3923, 418.6378, 2424.957, 1016.481
57.8, 253.3163, 234.5911, 313.5432, 364.4937, 1572.661, 93.1347, 2977.513, 1509.629, 176.6681, 379.4957, 368.486, 11.14314, 730.4751, 2.801563, 136.643, 679.1531, 102.045, 580.9532, 399.0646, 2532.555, 969.9258
57.9, 241.4165, 222.4169, 295.8363, 348.8911, 1470.917, 88.21203, 2990.818, 1439.035, 166.8348, 360.4087, 484.9146, 10.54964, 700.4504, 2.675517, 130.6465, 766.8256, 97.5677, 552.0297, 387.8357, 2648.447, 1007.906
58, 230.0756, 210.8745, 279.1294, 333.9564, 1375.756, 83.54955, 2961.887, 1434.35, 157.5488, 342.2817, 457.8798, 9.987745, 690.4352, 2.555143, 124.9131, 840.496, 93.28683, 524.5461, 369.7026, 2535.771, 1051.129
58.1, 219.2675, 199.931, 263.366, 319.6609, 1286.751, 79.1335, 2981.098, 1504.015, 148.7796, 325.0664, 432.3521, 9.455781, 662.5979, 2.440184, 119.4313, 802.8968, 213.4166, 498.4308, 415.0851, 2560.889, 1178.696
58.2, 208.9671, 189.5555, 248.4928, 420.0518, 1203.505, 74.95087, 2930.427, 1563.115, 140.4986, 308.717, 475.4492, 8.95215, 635.3632, 2.330397, 183.7737, 766.9796, 204.0528, 473.6157, 395.6779, 2451.938, 1191.767
58.3, 217.2335, 239.4304, 234.4595, 402.071, 1125.644, 70.98931, 2793.915, 1490.021, 132.6784, 293.1899, 448.9421, 8.475344, 609.2479, 2.22555, 175.7089, 792.8124, 195.0998, 450.036, 429.4715, 2347.624, 1137.184
58.4, 207.0287, 227.0051, 221.2188, 384.8598, 1052.82, 67.23714, 2888.444, 1420.344, 125.2935, 278.4437, 471.5205, 8.023932, 643.1143, 2.12542, 167.9979, 819.8405, 186.5396, 603.7422, 409.3918, 2351.302, 1126.573
58.5, 197.3032, 229.0375, 208.7258, 368.3854, 984.7075, 63.6833, 2753.887, 1353.926, 118.3197, 264.4392, 564.8408, 7.596564, 616.6804, 2.029795, 160.6254, 799.1807, 178.355, 573.6841, 390.2509, 2397.269, 1175.722
58.6, 188.0346, 217.1515, 196.9383, 352.6161, 921.0016, 60.3173, 2718.583, 1438.35, 111.734, 251.139, 533.3499, 7.191958, 621.2808, 1.938472, 153.5764, 763.4297, 170.5296, 609.1677, 424.9472, 2365.921, 1264.836
58.7, 179.2014, 205.8823, 185.8165, 337.5219, 861.4173, 124.308, 2659.587, 1371.09, 105.5149, 238.5078, 503.6147, 6.808903, 595.7443, 1.851258, 146.8368, 729.278, 163.0475, 578.8394, 405.079, 2265.266, 1206.907
58.8, 170.7832, 195.198, 252.6178, 323.0739, 805.6877, 117.7376, 2535.692, 1337.389, 99.64198, 226.5119, 475.5373, 6.446249, 620.2399, 1.767968, 140.3929, 696.6541, 155.8936, 550.0211, 386.1397, 2168.892, 1205.487
58.9, 162.7604, 185.0681, 238.3515, 309.2443, 753.5637, 111.5145, 2417.568, 1449.398, 94.09592, 215.1194, 449.0252, 6.102911, 594.7462, 1.688425, 134.2318, 665.4896, 149.0536, 522.6375, 368.0859, 2076.619, 1150.276
59, 155.1145, 250.2783, 224.891, 343.1986, 704.8117, 105.6204, 2411.66, 1381.621, 88.85854, 204.2998, 423.9912, 5.77786, 613.3185, 1.612461, 128.3411, 635.7192, 142.5138, 608.8916, 350.8763, 2210.435, 1202.416
59.1, 147.8278, 237.29, 212.1906, 328.5075, 659.2138, 100.0378, 2409.429, 1317.013, 83.91268, 194.0244, 400.353, 5.470121, 620.5469, 1.539914, 122.7089, 639.7502, 136.2609, 695.1644, 334.4712, 2199.853, 1241.843
59.2, 140.8834, 224.9757, 200.2075, 357.9099, 616.5659, 94.75027, 2313.72, 1255.427, 79.2421, 184.2658, 378.0326, 5.178773, 595.0406, 1.470632, 117.3239, 670.7216, 130.2823, 660.5546, 318.8331, 2106.263, 1234.48
59.3, 134.2652, 222.4196, 188.9011, 342.5891, 576.677, 152.2889, 2443.811, 1196.72, 74.83149, 174.998, 356.9566, 4.902943, 570.5827, 1.404466, 112.1752, 674.7522, 226.6503, 627.668, 303.9262, 2095.365, 1243.818
59.4, 127.9579, 210.8771, 178.2332, 385.2587, 539.3688, 144.2396, 2348.41, 1208.921, 70.66637, 166.1964, 337.0556, 4.641804, 547.1301, 1.341278, 107.2524, 644.5674, 249.1396, 596.4186, 289.7163, 2006.22, 1186.851
59.5, 187.9613, 199.9335, 185.5909, 413.2411, 504.4742, 136.6158, 2343.262, 1208.797, 66.73309, 332.0333, 318.2642, 4.394573, 524.6414, 1.280932, 102.5457, 615.733, 238.2084, 566.7251, 276.1707, 1937.601, 1258.022
59.6, 187.5131, 189.5579, 309.0204, 395.5518, 471.8372, 129.3949, 2691.776, 1298.572, 63.01873, 417.1949, 300.5204, 4.160511, 503.0771, 1.223302, 98.04549, 588.1885, 227.7568, 538.5099, 263.2585, 2066.979, 1313.055
59.7, 178.7044, 179.7207, 291.5689, 452.3857, 441.3116, 122.5557, 2780.344, 1347.221, 59.51111, 396.2118, 283.7658, 3.938915, 491.4713, 1.168264, 93.7428, 657.0428, 217.7638, 511.6994, 250.95, 2112.789, 1390.063
59.8, 170.3095, 170.394, 375.2549, 514.1736, 412.7608, 116.0779, 2791.456, 1327.612, 56.19872, 376.2841, 267.9453, 3.729122, 506.5598, 1.115702, 89.62893, 708.5811, 208.2092, 486.2237, 239.2169, 2022.903, 1364.818
59.9, 162.309, 161.5513, 420.7064, 492.1637, 386.0572, 109.9426, 2784.162, 1491.184, 53.07071, 451.6746, 372.7342, 3.530503, 584.3961, 1.065506, 85.69559, 745.2581, 304.6706, 462.0164, 228.0325, 1936.841, 1302.309
60, 182.6302, 153.1675, 396.9476, 471.096, 361.0811, 152.7717, 2796.217, 1480.098, 50.11679, 451.3244, 371.0641, 3.342462, 560.3757, 1.017567, 81.93488, 711.9193, 291.3029, 439.0142, 299.8234, 1854.44, 1479.126
60.1, 174.0509, 145.2188, 374.5306, 450.9301, 337.7209, 144.6969, 2665.957, 1410.886, 47.32729, 437.7845, 436.4167, 3.164437, 537.3427, 0.9717857, 78.3392, 680.072, 278.5218, 417.1572, 285.8053, 2151.375, 1411.381
60.2, 165.8746, 137.6826, 355.7124, 431.6274, 315.872, 137.0488, 2687.255, 1451.961, 44.69306, 492.4456, 412.0857, 2.995893, 515.2563, 0.9280639, 74.90131, 661.3369, 266.3014, 396.3885, 272.4426, 2184.386, 1473.775
60.3, 158.0824, 130.5376, 335.6241, 413.151, 295.4366, 129.8051, 2670.545, 1384.064, 42.20544, 467.6777, 389.1112, 2.836327, 565.0994, 0.8863093, 96.37694, 873.6623, 254.6172, 376.6537, 294.3563, 2137.447, 1571.874
60.4, 150.6562, 123.7632, 316.6702, 395.4655, 276.3233, 250.3492, 2615.509, 1319.342, 39.85629, 637.8063, 397.2142, 2.68526, 541.8722, 0.8464332, 134.7853, 834.5794, 289.6177, 357.9014, 280.5938, 2046.511, 1616.588
60.5, 143.579, 117.3405, 298.7867, 378.5371, 258.4465, 237.1169, 2580.14, 1257.647, 37.63789, 632.5617, 474.6093, 2.542238, 519.5997, 0.8083512, 128.8703, 807.236, 276.9105, 340.0828, 267.4748, 1959.445, 1631.477
60.6, 165.1821, 119.4391, 281.9132, 362.3333, 241.7263, 224.584, 2459.946, 1198.837, 35.54297, 600.7466, 448.149, 2.406834, 498.2426, 0.7719826, 123.2149, 795.2989, 264.7608, 323.1513, 254.9691, 1876.083, 1556.755
60.7, 157.4225, 113.2407, 265.9926, 346.8232, 226.0878, 212.7136, 2345.351, 1142.776, 33.56465, 570.5316, 423.1638, 2.278642, 477.7633, 0.7372501, 117.8076, 759.7216, 253.1442, 307.0627, 273.4499, 1796.267, 1583.349
60.8, 194.0094, 107.3641, 250.971, 331.9769, 211.461, 239.823, 2341.968, 1170.26, 31.69644, 541.8364, 399.5717, 2.157278, 541.7262, 0.7040804, 112.6377, 779.1985, 242.0373, 291.7751, 266.6133, 2111.305, 1644.244
60.9, 184.8955, 104.3926, 236.7978, 317.7662, 197.7805, 227.1471, 2232.869, 1152.966, 29.93222, 634.2919, 377.2949, 2.042377, 519.4597, 0.672403, 107.6946, 744.3414, 231.4178, 277.2487, 306.4793, 2021.482, 1616.28
61, 212.3669, 212.6844, 223.425, 304.1638, 184.985, 245.3472, 2234.234, 1099.051, 91.55332, 717.3214, 380.6266, 1.933597, 498.1083, 0.6421509, 102.9685, 908.8873, 221.2641, 263.4455, 292.15, 1988.241, 1627.355
61.1, 202.3907, 205.5929, 210.8074, 291.1436, 173.0174, 232.3793, 2130.154, 1150.942, 161.5788, 681.2433, 359.406, 1.83061, 477.6346, 0.6132598, 98.44976, 908.8926, 350.8694, 250.3295, 278.4907, 2089.541, 1687.214
61.2, 192.8831, 194.9236, 198.9024, 278.6808, 161.824, 220.0968, 2116.15, 1097.121, 152.5853, 717.8919, 436.6886, 1.733109, 458.0024, 0.5856686, 94.12933, 981.2106, 335.4747, 237.8664, 265.47, 2166.68, 1609.939
61.3, 183.8221, 234.8114, 187.6697, 266.7516, 151.3548, 208.4635, 2036.412, 1045.818, 277.2677, 681.7851, 509.8247, 1.6408, 439.1772, 0.5593187, 89.9985, 1043.229, 320.7555, 226.0239, 253.058, 2074.501, 1643.609
61.4, 175.1868, 222.6258, 177.0713, 255.3329, 141.5628, 198.342, 2020.618, 996.9128, 261.835, 647.4943, 481.4011, 1.553409, 421.1257, 0.5341543, 86.04894, 996.5609, 306.6821, 214.771, 241.2264, 1986.243, 1568.332
61.5, 166.9572, 211.0725, 253.2183, 244.403, 132.4044, 187.8586, 1926.489, 1008.415, 247.2612, 614.9281, 454.5621, 1.470671, 403.8162, 0.5101221, 82.27271, 951.9802, 293.2261, 204.0783, 229.948, 1901.741, 1570.488
61.6, 159.1142, 299.044, 249.3093, 233.941, 123.8385, 265.0715, 1836.745, 971.9158, 288.4776, 599.2136, 429.2195, 1.392341, 387.2181, 0.4871711, 78.6622, 909.3938, 339.9047, 193.918, 219.1969, 1820.833, 1607.11
61.7, 151.6395, 324.3276, 291.7552, 223.9269, 115.8267, 252.8156, 2011.049, 926.4669, 287.5972, 634.3191, 521.3196, 1.318182, 371.3023, 0.4652527, 75.21014, 985.2535, 344.9294, 184.2635, 208.9484, 1930.384, 1798.666
61.8, 167.0083, 315.852, 275.2787, 214.3414, 108.3333, 239.453, 1917.366, 949.3788, 271.5896, 630.0087, 492.2551, 1.247974, 383.002, 0.4443204, 109.8809, 974.6913, 329.7953, 175.0896, 290.7724, 1848.258, 1908.934
61.9, 159.1629, 397.4417, 259.7328, 205.1662, 101.3247, 442.3253, 1860.688, 904.9838, 541.8517, 605.6187, 464.811, 1.181505, 396.4499, 0.42433, 105.0588, 931.0889, 315.3253, 166.3726, 277.1774, 1769.626, 1878.062
62, 151.686, 382.1842, 321.3248, 196.3838, 94.76944, 418.946, 1788.105, 862.6647, 511.6923, 600.4283, 438.8969, 1.118576, 384.7197, 108.3398, 164.0302, 1003.287, 554.9625, 158.0895, 264.2181, 1694.339, 1792.046
62.1, 144.5603, 437.2026, 331.6567, 187.9774, 88.63831, 396.8025, 1704.807, 822.3246, 631.8717, 710.2695, 414.4276, 1.058998, 368.9066, 103.4654, 156.8318, 1053.16, 530.613, 150.2188, 251.8647, 1815.42, 1709.97
62.2, 137.7694, 414.5138, 334.8609, 273.8225, 82.90384, 375.8293, 1717.754, 783.871, 596.7018, 674.5461, 391.3225, 1.002594, 353.7434, 100.9141, 149.9493, 1006.048, 546.6719, 142.7399, 312.1728, 1830.553, 1862.38
62.3, 131.2975, 393.0024, 353.4105, 379.4846, 77.54036, 355.9647, 1770.86, 747.2155, 563.4894, 674.1858, 369.5056, 0.9491945, 471.8425, 96.37385, 143.3689, 961.0427, 694.0833, 135.6334, 297.5773, 1784.263, 1886.027
62.4, 125.1296, 372.6074, 333.4522, 363.2402, 72.52387, 337.1501, 1746.713, 712.274, 532.1256, 807.031, 348.905, 0.8986388, 477.8907, 139.6783, 137.0772, 918.0508, 663.6298, 128.8807, 283.6642, 1708.354, 1799.647
62.5, 121.9139, 353.2708, 314.621, 347.6912, 67.83192, 319.3299, 1885.323, 777.7455, 516.9053, 766.4409, 329.4529, 0.8507758, 458.248, 235.8019, 131.0616, 904.1123, 634.5125, 122.4642, 270.4016, 1684.022, 2014.763
62.6, 116.1868, 334.9377, 296.8532, 332.8078, 63.44353, 302.4516, 1814.658, 741.3764, 536.0136, 727.8922, 343.023, 0.805462, 472.1527, 225.1929, 125.31, 863.6672, 606.6727, 116.3671, 257.7591, 1677.889, 2080.928
62.7, 171.4191, 317.5559, 290.5644, 318.5616, 59.33904, 286.4654, 1830.573, 706.708, 506.1791, 939.7319, 379.511, 0.7625617, 452.7459, 215.0612, 119.8108, 886.4045, 580.0544, 110.5736, 245.7077, 1606.505, 2030.434
62.8, 184.271, 301.0762, 274.1552, 304.9251, 55.50008, 271.3242, 1745.297, 673.6608, 799.5674, 892.4675, 358.3526, 0.7219464, 450.9667, 205.3854, 114.553, 846.7516, 554.6041, 105.0686, 234.2197, 1538.158, 1937.44
62.9, 175.6147, 285.4517, 261.9684, 291.8724, 51.9095, 374.4028, 1744.183, 642.159, 755.0635, 1013.438, 338.3738, 0.6834943, 519.3634, 196.1448, 109.5258, 868.4932, 530.2704, 99.83757, 223.2689, 1472.719, 1934.869
63, 167.3649, 270.6381, 425.5147, 279.3784, 48.5512, 354.6136, 1662.932, 749.8347, 739.0772, 962.4668, 319.5089, 0.6470903, 498.0161, 191.4241, 104.7193, 829.6416, 507.0043, 94.86701, 212.8301, 1410.064, 1846.251
63.1, 159.5027, 291.205, 499.8631, 267.4192, 45.41017, 335.8704, 1585.465, 714.7708, 697.9402, 914.0589, 330.3181, 0.6126251, 477.5461, 221.8743, 100.1238, 878.5525, 484.7591, 90.14392, 202.8793, 1421.9, 1761.693
63.2, 152.0099, 276.0928, 471.6341, 255.972, 42.47235, 318.1178, 1511.607, 681.3466, 670.3217, 960.5528, 335.3325, 0.5799957, 476.3767, 211.8919, 95.72987, 839.2509, 463.4899, 85.65598, 193.3938, 1537.156, 1726.895
63.3, 144.869, 261.7648, 453.7832, 245.0148, 39.72459, 301.3036, 1441.19, 717.5948, 633.0117, 912.2411, 316.6371, 0.5491042, 456.7962, 202.3586, 91.5288, 801.7073, 443.1539, 81.39147, 184.3517, 1471.759, 1647.802
63.4, 138.0636, 290.476, 482.3233, 234.5266, 37.15461, 285.3781, 1538.131, 684.0386, 597.7783, 866.3594, 298.984, 0.5198579, 438.0205, 193.2543, 87.51209, 765.8433, 423.7102, 77.33928, 175.7325, 1409.145, 1572.333
63.5, 131.5778, 275.4016, 455.0848, 224.4874, 34.75088, 270.2943, 1466.478, 652.0515, 564.506, 822.7853, 282.3151, 0.4921694, 479.7186, 184.5596, 83.67165, 819.6774, 405.1195, 73.48883, 167.5162, 1468.267, 1500.32
63.6, 125.3968, 261.1095, 429.3846, 214.8779, 76.66927, 256.0078, 1398.163, 621.5601, 697.2559, 781.4028, 266.5756, 0.4659557, 460.0007, 176.256, 79.99976, 827.136, 387.3446, 69.83009, 159.684, 1482.713, 1431.605
63.7, 119.5061, 247.5591, 405.1357, 205.6797, 71.70914, 242.4764, 1358.238, 592.4946, 658.4467, 742.1016, 354.3418, 0.4411381, 441.0934, 168.326, 76.489, 790.1345, 370.3495, 66.35349, 152.2181, 1419.633, 1366.037
63.8, 113.8921, 318.7546, 382.2563, 196.8754, 84.03575, 229.6602, 1417.8, 595.1673, 621.7975, 752.8596, 342.3828, 0.4176423, 422.9631, 160.7529, 73.13231, 798.9156, 354.1001, 168.5721, 145.1012, 1391.068, 1345.285
63.9, 108.5419, 489.8575, 360.669, 188.4478, 98.6376, 217.5215, 1351.752, 567.336, 645.1488, 714.994, 451.8205, 0.395398, 405.5781, 153.5204, 69.92293, 818.6731, 338.5637, 188.7708, 138.317, 1456.572, 1283.671
64, 103.443, 464.4361, 340.3008, 180.3811, 92.25623, 376.191, 1361.584, 540.8062, 609.2399, 679.033, 426.6307, 0.3743384, 388.9076, 146.6134, 66.85439, 782.0501, 323.7089, 192.6323, 131.8501, 1579.601, 1331.553
64.09999999999999, 98.5836, 440.334, 321.0828, 172.6596, 113.6423, 360.7295, 1350.062, 522.5922, 575.3296, 644.8806, 402.8452, 0.3544005, 382.1159, 140.0171, 63.92051, 747.0654, 415.5611, 183.0418, 125.6855, 1512.399, 1373.519
64.2, 93.9525, 417.4827, 302.9501, 165.2687, 106.2902, 341.663, 1420.777, 520.0914, 543.3068, 612.4459, 380.3859, 0.3355245, 429.2969, 133.7175, 61.11538, 713.6458, 397.328, 173.9288, 119.8091, 1448.055, 1310.611
64.3, 89.53895, 395.8173, 285.8415, 158.1942, 99.41371, 323.6042, 1354.591, 495.7708, 526.0959, 600.3327, 359.1787, 0.3176539, 441.4279, 127.7014, 58.43335, 681.7212, 379.8949, 165.2695, 114.2075, 1386.449, 1250.585
64.40000000000001, 85.33273, 412.2983, 269.699, 151.4225, 104.2514, 306.5, 1291.489, 537.0629, 564.0816, 570.1385, 339.1538, 0.3007351, 423.2839, 121.956, 55.86903, 651.2247, 363.2267, 157.0414, 108.8678, 1407.609, 1386.685
64.5, 81.32411, 390.9019, 254.4682, 144.9406, 97.50679, 290.2999, 1231.326, 511.9487, 532.6849, 655.6097, 320.2454, 0.2847175, 438.9148, 116.4691, 53.41723, 622.0925, 347.2898, 273.2683, 103.7777, 1478.444, 1323.174
64.59999999999999, 77.5038, 370.6159, 240.0974, 138.7362, 91.19857, 321.7203, 1173.965, 488.0089, 503.0357, 622.6354, 302.3911, 0.2695529, 420.8741, 111.229, 51.07304, 594.2634, 332.0522, 259.6632, 98.92565, 1415.545, 1262.573
64.7, 73.86295, 360.6072, 226.5383, 132.7975, 88.59055, 304.7156, 1119.277, 465.1885, 475.0367, 591.3196, 285.5323, 0.2551961, 403.5749, 106.2247, 48.83171, 567.6793, 317.4832, 246.7355, 94.30043, 1355.323, 1265.155
64.8, 70.39314, 387.623, 213.7449, 127.1129, 82.85917, 288.6098, 1067.136, 476.2254, 448.5962, 561.5788, 269.6133, 0.2416039, 386.9868, 101.4455, 46.68875, 542.2844, 303.5533, 234.4514, 89.89146, 1425.819, 1207.211
64.90000000000001, 67.08632, 367.5071, 201.674, 121.6716, 77.49858, 367.3656, 1017.424, 577.1266, 423.6274, 533.3338, 254.5819, 53.34924, 371.0805, 96.88135, 44.63983, 518.0256, 290.2347, 222.7789, 85.68862, 1365.159, 1151.92
65, 63.93484, 348.4352, 190.2847, 116.4633, 72.48479, 347.9484, 970.0282, 550.139, 400.0483, 506.5094, 240.3885, 77.44538, 363.5255, 92.52254, 42.68083, 494.8519, 277.5004, 290.3076, 81.68229, 1307.08, 1099.162
65.09999999999999, 60.93142, 330.353, 179.5387, 111.478, 71.66359, 329.5575, 967.0734, 524.4133, 377.7816, 481.0342, 226.9864, 73.32051, 348.5835, 88.35985, 40.8078, 472.715, 265.3248, 275.8542, 77.86327, 1380.086, 1159.011
65.2, 58.06908, 313.2092, 169.3995, 106.706, 67.0273, 373.6441, 1028.446, 499.8906, 356.7543, 456.8403, 214.3315, 69.41534, 334.2557, 84.38444, 39.01696, 623.007, 253.6835, 262.1204, 74.22281, 1321.372, 1105.929
65.3, 55.3412, 296.955, 159.8329, 102.1383, 62.69096, 353.895, 1006.165, 495.2745, 336.8974, 433.8632, 202.3821, 190.0815, 320.5168, 80.58788, 37.30471, 637.3036, 242.5529, 249.0704, 70.75256, 1265.156, 1119.22
65.40000000000001, 52.74147, 281.5444, 150.8066, 97.76614, 58.63515, 335.1898, 959.2936, 472.1144, 318.1457, 412.0417, 191.099, 179.9574, 307.3426, 76.96214, 35.66761, 608.7942, 231.9107, 236.67, 67.44455, 1211.331, 1122.238
65.5, 50.26387, 266.9336, 142.29, 93.58112, 54.84174, 345.8824, 914.6056, 450.0373, 300.4377, 391.3178, 180.4449, 170.3726, 294.7099, 73.49953, 34.10235, 581.5601, 221.7354, 224.8871, 64.29121, 1213.288, 1070.839
65.59999999999999, 47.90265, 253.0809, 134.2544, 89.57526, 51.29375, 327.6007, 871.9993, 450.7366, 283.7154, 371.6363, 170.3847, 161.2982, 282.5965, 70.1927, 32.60578, 693.1249, 212.0066, 213.6908, 61.28531, 1161.67, 1021.795
65.7, 45.65236, 239.9472, 126.6726, 85.74087, 47.97529, 310.2852, 928.9295, 429.6591, 267.9238, 352.9446, 160.8855, 228.9335, 270.981, 67.03465, 31.17488, 662.1183, 202.7047, 203.0518, 58.41994, 1112.248, 1068.724
65.8, 43.50777, 227.495, 119.519, 293.0777, 67.2305, 293.885, 1051.594, 444.737, 253.0112, 335.193, 151.9158, 378.1791, 259.8428, 64.01868, 29.80679, 642.7687, 193.8108, 435.095, 55.68855, 1227.667, 1232.834
65.90000000000001, 41.46394, 215.6891, 112.7693, 280.5321, 62.88101, 278.3516, 1002.606, 423.9401, 238.9286, 318.3342, 253.1967, 458.8071, 249.1625, 61.13841, 28.49873, 657.7343, 185.3072, 709.6326, 53.08485, 1439.359, 1176.37
66, 39.51611, 204.4958, 106.4008, 303.0878, 58.81291, 263.6392, 1022.266, 404.1158, 374.2848, 302.3234, 239.0805, 434.3702, 238.9212, 58.38773, 27.24807, 750.5766, 268.4033, 735.3822, 50.6029, 1478.197, 1122.493
66.09999999999999, 37.65979, 193.8834, 100.392, 339.6212, 55.008, 296.4769, 1103.267, 413.8668, 353.4521, 287.1178, 225.7514, 411.235, 229.1008, 55.7608, 26.0523, 716.9999, 256.6269, 698.7701, 48.23698, 1415.309, 1162.297
66.2, 35.89067, 183.8217, 94.72251, 325.0833, 51.44924, 280.8065, 1243.044, 394.5135, 337.8701, 272.6771, 213.1653, 413.7431, 219.6841, 53.25205, 24.909, 938.4278, 245.3672, 825.4377, 45.98169, 1355.096, 1136.83
66.3, 34.20465, 174.2822, 89.3732, 311.1677, 48.12072, 314.5886, 1245.858, 376.0652, 319.0642, 258.9626, 201.281, 527.6236, 210.6545, 50.85618, 23.81588, 896.4476, 234.6015, 922.7099, 43.83183, 1546.386, 1173.001
66.40000000000001, 32.59784, 165.2378, 84.32598, 297.8477, 45.00755, 297.9609, 1203.046, 358.4795, 309.0602, 245.9379, 237.4666, 528.2751, 201.9959, 48.5681, 22.77073, 856.3455, 224.3082, 977.332, 41.7825, 1491.87, 1312.113
66.5, 31.06651, 156.6627, 79.5638, 285.098, 42.09578, 309.6562, 1216.413, 341.7162, 291.8579, 233.5683, 224.2274, 500.1383, 193.6933, 46.38297, 21.77144, 818.0372, 214.4664, 928.6741, 146.7182, 1428.4, 1316.925
66.59999999999999, 29.60712, 148.5326, 75.07055, 272.894, 39.37238, 321.6283, 1295.688, 325.7368, 275.6131, 221.8208, 211.7263, 473.5001, 185.7319, 44.29615, 20.81601, 810.9562, 229.4613, 968.534, 142.2892, 1705.256, 1309.314
66.7, 28.21629, 140.8244, 70.83105, 261.2124, 36.82518, 304.6285, 1271.848, 310.5047, 260.2725, 210.6642, 199.9222, 448.2807, 178.0978, 61.11846, 19.90251, 826.1705, 363.1147, 920.3141, 191.1306, 1720.335, 1249.347
66.8, 26.89079, 133.5163, 66.83098, 287.3183, 34.44277, 288.5272, 1212.6, 295.9848, 245.7857, 200.0687, 188.7762, 646.3578, 170.7775, 58.36867, 19.02909, 789.2122, 347.1828, 1278.82, 262.8073, 2116.985, 1192.127
66.90000000000001, 25.62756, 126.5874, 63.0568, 275.0193, 102.2238, 298.2597, 1235.988, 282.144, 428.6864, 190.0061, 178.2515, 727.4221, 163.758, 55.7426, 18.19401, 753.9071, 331.9498, 1215.152, 343.9091, 2140.355, 1137.527
67, 24.42367, 120.0181, 59.49576, 385.0754, 95.6104, 282.4951, 1439.656, 268.9503, 423.1803, 180.4496, 168.3137, 772.7118, 159.8843, 156.2372, 17.39557, 720.1814, 317.3853, 1420.359, 327.8298, 2226.013, 1221.746
67.09999999999999, 23.27633, 113.7897, 56.13583, 368.5917, 123.9132, 418.565, 1568.772, 256.3736, 399.6261, 171.3738, 158.9299, 755.6466, 153.3126, 149.2079, 16.63217, 687.9644, 303.4597, 1530.097, 343.6987, 2329.361, 1291.308
67.2, 22.1829, 107.8845, 52.96564, 352.8137, 115.8967, 446.0621, 1847.014, 244.385, 377.383, 162.7544, 214.9993, 966.5787, 147.011, 142.4948, 15.90228, 695.934, 290.1452, 1562.56, 327.6292, 2720.833, 1232.166
67.3, 21.14082, 102.2858, 49.97449, 337.711, 319.4641, 620.5388, 2153.591, 232.957, 356.3778, 154.5686, 217.542, 915.0971, 140.9684, 136.0838, 21.84831, 664.8018, 277.4148, 1623.458, 562.2027, 2764.796, 1219.743
67.40000000000001, 20.1477, 96.97765, 47.15226, 401.9217, 298.7964, 587.74, 2074.397, 289.9434, 336.5419, 146.7945, 383.4385, 866.3575, 135.1742, 129.9613, 291.1432, 802.2866, 265.243, 1652.271, 639.1719, 2843.972, 1233.493
67.5, 19.20124, 91.94495, 44.4894, 384.7169, 488.9358, 591.5004, 2267.364, 276.385, 445.6624, 139.4114, 362.0611, 820.2138, 250.9991, 124.1142, 315.0979, 910.6665, 253.6053, 2161.367, 609.2877, 2722.979, 1316.882
67.59999999999999, 18.29923, 87.17343, 41.97693, 575.3364, 457.304, 603.8884, 2826.83, 283.4019, 420.8569, 132.3996, 655.61, 776.5278, 240.6823, 118.5301, 301.2699, 1207.477, 242.4781, 2397.431, 580.8007, 3119.323, 1256.569
67.7, 58.72384, 82.64953, 39.60635, 550.7084, 427.7187, 571.9697, 2877.367, 270.1494, 397.432, 125.7405, 619.0586, 735.1686, 235.597, 113.1973, 288.0488, 1226.999, 231.8392, 2440.688, 553.6456, 3146.077, 1199.018
67.8, 55.96521, 78.3604, 37.36964, 527.1346, 400.0473, 541.738, 2743.327, 299.0905, 375.311, 119.4163, 584.545, 820.4848, 225.9132, 108.1045, 275.4079, 1181.695, 221.6671, 2388.133, 558.1809, 3012.231, 1144.103
67.90000000000001, 55.771, 74.29385, 35.25925, 504.5699, 419.6433, 526.5032, 2615.531, 285.1044, 354.4212, 113.4101, 551.9556, 776.7844, 266.099, 103.2407, 263.3217, 1217.368, 211.9412, 2505.5, 532.0834, 2884.079, 1091.703
68, 141.333, 70.43834, 33.26803, 482.9711, 392.4944, 498.6747, 2493.688, 271.7723, 503.9507, 107.7061, 521.183, 1067.163, 255.1616, 98.59579, 251.7659, 1162.909, 202.6422, 2470.452, 704.349, 2761.379, 1041.703
68.09999999999999, 134.6936, 66.78291, 31.38927, 527.0626, 493.2669, 472.3171, 2377.522, 259.0637, 475.9008, 102.289, 492.1262, 1119.18, 244.6737, 94.15986, 240.7173, 1110.887, 193.7511, 2752.693, 804.5231, 2643.899, 1077.955
68.2, 128.3662, 63.31718, 29.61661, 560.6148, 461.3549, 483.181, 2583.679, 246.9493, 449.4122, 97.14426, 464.6892, 1059.57, 234.6169, 89.9235, 233.0828, 1061.192, 185.2501, 2615.646, 1076.183, 3423.189, 1028.585
68.3, 122.336, 60.03131, 27.94406, 536.6169, 431.5075, 634.64, 2481.433, 235.4014, 424.398, 92.25833, 438.782, 1053.96, 224.9734, 85.87774, 234.6607, 1013.72, 177.1221, 2485.423, 1102.357, 3277.553, 1044.095
68.40000000000001, 116.5891, 56.91596, 26.36596, 513.6464, 403.591, 735.2961, 2808.32, 224.3935, 400.776, 87.61814, 452.2267, 997.8246, 215.7263, 82.014, 224.3627, 1021.035, 169.3507, 2402.307, 1050.817, 3265.087, 996.2758
68.5, 111.1122, 53.96228, 24.87698, 491.6591, 377.4807, 696.4318, 2923.307, 355.2308, 378.4688, 83.21133, 427.0143, 944.6788, 206.8594, 78.3241, 285.9529, 1046.684, 161.9203, 2494.722, 1001.686, 3126.177, 950.6462
68.59999999999999, 197.9457, 51.16188, 23.47209, 470.6129, 353.0595, 659.6216, 2787.127, 338.6194, 357.4033, 79.02616, 403.2074, 919.262, 198.3568, 74.80021, 273.404, 1051.571, 154.8159, 2370.519, 954.8528, 2993.178, 954.8559
68.7, 188.6469, 48.50682, 22.14654, 450.4677, 330.2182, 624.757, 2657.291, 322.7849, 337.5103, 75.05149, 627.6551, 891.9835, 190.2038, 71.43486, 261.4058, 1004.529, 148.0232, 2252.499, 910.2092, 2865.836, 1023.907
68.8, 270.9344, 45.98953, 20.89585, 431.1849, 308.8547, 591.7352, 2533.502, 337.2126, 318.7245, 71.27673, 592.6622, 844.475, 182.3858, 68.22092, 249.9341, 986.4319, 141.5286, 2140.355, 867.6528, 2743.913, 977.0118
68.90000000000001, 258.2069, 43.60289, 19.71579, 412.7274, 288.8733, 711.1016, 2415.481, 410.7914, 300.9843, 67.69182, 559.6202, 963.6783, 174.8893, 65.15159, 238.9658, 1055.892, 135.3189, 2202.304, 827.0861, 2946.939, 932.2645
69, 246.0773, 41.3401, 18.60237, 395.0601, 270.1846, 673.5161, 2430.116, 391.5818, 312.6965, 64.28722, 528.4203, 1043.97, 167.7008, 62.22034, 228.4789, 1008.657, 129.3817, 2800.407, 788.416, 3428.635, 889.5666
69.09999999999999, 282.2462, 39.19473, 17.55183, 378.149, 346.2203, 645.4931, 2515.456, 373.2706, 399.3406, 61.05385, 498.96, 988.3667, 160.8078, 59.42098, 218.4522, 1069.27, 123.705, 2660.985, 751.554, 3282.768, 848.8243
69.2, 268.9872, 37.16071, 16.56061, 472.0491, 323.8215, 690.1326, 2627.592, 500.4304, 377.1133, 57.9831, 471.1421, 935.7246, 154.1981, 56.74757, 208.8655, 1030.077, 118.2773, 2528.504, 716.4155, 3143.106, 809.948
69.3, 256.3512, 35.23223, 15.62538, 514.533, 306.1783, 653.6554, 3093.572, 477.0292, 356.1232, 55.06681, 444.875, 885.8864, 147.8601, 54.19443, 206.0523, 1224.811, 113.0878, 2561.758, 789.1615, 3213.537, 772.8522
69.40000000000001, 244.3087, 33.40384, 14.74296, 492.5078, 359.024, 751.7224, 3485.163, 454.7223, 336.3014, 52.29719, 420.0724, 838.7025, 141.7826, 51.75616, 218.1812, 1281.321, 108.126, 2882.418, 759.4019, 3506.461, 737.4555
69.5, 232.832, 31.67034, 13.91037, 471.4253, 358.4675, 711.9899, 3322.809, 578.9249, 484.3153, 49.66687, 396.6526, 794.0318, 135.955, 49.42759, 208.6064, 1224.001, 103.3819, 2738.912, 995.8095, 3435.83, 703.6799
69.59999999999999, 221.8944, 30.02679, 13.1248, 451.2453, 335.2764, 674.3574, 3432.865, 551.8531, 457.3584, 47.16884, 374.5385, 751.7403, 130.3668, 47.20378, 281.0859, 1347.623, 98.84589, 2602.552, 1061.839, 3289.656, 671.4513
69.7, 301.6404, 28.46854, 12.3836, 431.9291, 376.7571, 638.7139, 3272.948, 526.0473, 431.9018, 44.79645, 353.6573, 825.9695, 125.0083, 45.08003, 268.7505, 1287.338, 94.50894, 2811.565, 1012.193, 3149.701, 640.6987
69.8, 287.4704, 26.99115, 11.68426, 499.235, 352.3827, 604.9545, 3120.48, 518.9203, 407.8622, 42.54338, 333.9403, 781.977, 119.8701, 136.7128, 256.9565, 1229.749, 90.36228, 2671.587, 964.8682, 3053.823, 611.3546
69.90000000000001, 273.966, 25.59043, 11.0244, 477.8645, 329.5853, 575.9566, 2975.114, 605.6182, 385.1606, 40.40364, 315.3225, 740.3276, 114.9431, 130.5619, 245.6801, 1174.737, 86.39756, 2538.579, 919.7562, 3069.507, 583.3545
70, 261.0961, 24.26241, 10.40182, 457.4089, 308.2627, 545.5142, 2836.521, 577.2982, 363.7226, 38.37151, 297.7427, 700.8965, 110.2186, 198.7236, 234.8985, 1275.199, 82.6068, 2544.525, 876.7534, 3085.299, 556.6368
70.09999999999999, 380.1558, 23.0033, 9.814391, 437.8289, 288.3196, 526.1488, 2885.424, 550.3025, 343.4778, 36.44159, 281.143, 663.5656, 105.6883, 189.7828, 270.1088, 1323.962, 78.98235, 2417.842, 835.7612, 3115.34, 531.1428
70.2, 362.2975, 21.80953, 9.260139, 419.0871, 269.6667, 498.339, 2878.228, 524.5692, 340.1333, 34.60873, 265.4688, 628.2229, 101.3442, 181.2443, 258.2552, 1443.608, 75.51694, 2431.332, 803.9124, 3038.042, 506.8163
70.3, 345.278, 20.67772, 8.737186, 401.1475, 252.2206, 471.9991, 2836.303, 645.6093, 321.2015, 32.86806, 250.6684, 594.7627, 97.17866, 176.4185, 246.9218, 1399.691, 72.20357, 2310.284, 766.3258, 3062.494, 483.6041
70.40000000000001, 375.6929, 19.60464, 8.243767, 383.9758, 235.9031, 447.0514, 2912.965, 665.5508, 303.3235, 31.21494, 301.5551, 587.8009, 93.18433, 177.0655, 236.0857, 1337.076, 69.03558, 2195.264, 800.048, 2948.938, 461.455
70.5, 358.0442, 18.58725, 7.778213, 367.5392, 220.6413, 423.4224, 2777.267, 634.4282, 286.4405, 29.64497, 284.7428, 640.9036, 89.35418, 207.2389, 225.7251, 1319.848, 66.00658, 2184.067, 850.392, 3041.098, 440.3203
70.59999999999999, 341.2246, 17.62265, 7.33895, 351.8062, 206.3669, 401.0422, 2647.89, 604.7609, 270.4973, 28.15396, 268.8679, 746.8323, 85.68146, 197.915, 215.8193, 1260.805, 63.11049, 2140.22, 1015.873, 3366.579, 516.8239
70.7, 325.1951, 16.70812, 6.924494, 336.7467, 193.0159, 405.9223, 2706.256, 731.1806, 309.3488, 26.73793, 253.878, 707.0547, 82.1597, 263.7005, 206.3481, 1290.107, 60.34147, 2033.666, 1025.22, 3223.352, 620.4905
70.8, 364.3293, 15.84104, 6.533443, 322.3318, 180.5287, 472.3657, 2740.399, 696.989, 292.1305, 25.39313, 292.0785, 767.2467, 78.78269, 251.8363, 197.2926, 1285.427, 57.69394, 2177.411, 977.2861, 3258.822, 592.072
70.90000000000001, 385.5936, 15.01896, 6.164477, 308.534, 168.8494, 447.3986, 2629.204, 664.3963, 275.8705, 24.11597, 275.7946, 726.3818, 75.54449, 240.5059, 188.6345, 1263.841, 55.16257, 2100.051, 1031.457, 3261.906, 564.955
71, 367.4798, 14.23955, 27.96694, 295.3268, 157.9257, 474.188, 2506.724, 726.0326, 260.5156, 22.90304, 260.4185, 687.6935, 72.43939, 229.6853, 180.3564, 1264.499, 52.74227, 2047.098, 1010.416, 3123.132, 539.08
71.09999999999999, 350.2169, 13.50058, 26.38754, 282.6849, 147.7086, 474.662, 2617.529, 692.0817, 246.0153, 21.75112, 245.8997, 651.0657, 69.46192, 219.3515, 172.4415, 1275.991, 50.42816, 1945.181, 971.546, 3123.099, 514.39
71.2, 333.765, 12.79996, 81.73581, 334.9733, 138.1526, 554.3711, 2793.035, 1079.451, 232.3221, 20.65713, 367.4027, 688.1868, 66.60683, 209.4826, 164.8739, 1283.558, 48.21558, 1848.337, 1062.511, 3186.594, 490.8309
71.3, 318.0859, 12.1357, 77.1199, 320.6343, 129.2148, 525.0696, 2737.16, 1288.474, 219.3911, 19.61817, 449.1459, 964.6823, 63.8691, 200.0577, 157.6385, 1226.139, 46.10008, 2218.187, 1012.834, 3387.572, 533.0867
71.40000000000001, 303.1433, 11.50591, 72.76467, 306.9091, 120.8552, 581.7071, 2687.301, 1228.222, 350.3093, 18.63146, 746.682, 1099.752, 61.24389, 220.5445, 161.6023, 1171.288, 44.0774, 2107.751, 1063.986, 3638.077, 615.7294
71.5, 288.9028, 10.90881, 68.6554, 406.7633, 113.0365, 650.1046, 2984.697, 1170.787, 330.8111, 17.69438, 705.0532, 1105.001, 58.72659, 210.6219, 167.1298, 1118.891, 42.14347, 2234.988, 1014.24, 3569.182, 587.5289
71.59999999999999, 275.3312, 10.34269, 64.77818, 435.9455, 105.7236, 762.8831, 3165.406, 1157.359, 312.3981, 16.80443, 742.4731, 1295.398, 56.31275, 201.1458, 159.7954, 1167.436, 40.29439, 2123.716, 1183.22, 3728.011, 635.7766
71.7, 262.3971, 9.805954, 61.11993, 456.5835, 98.88376, 738.5018, 3198.547, 1103.238, 295.0101, 15.95924, 798.8995, 1240.424, 53.99813, 228.973, 208.584, 1205.421, 38.52644, 2069.293, 1157.861, 3927.868, 606.6579
71.8, 250.0707, 9.29707, 57.66828, 437.0388, 92.48646, 742.3438, 3277.057, 1051.648, 278.5898, 15.15656, 774.0047, 1307.408, 51.77864, 218.6712, 199.4304, 1180.505, 36.83606, 2016.561, 1185.918, 4059.618, 578.8729
71.90000000000001, 238.3232, 8.814594, 54.41155, 418.3308, 86.50303, 717.4444, 3316.93, 1002.471, 263.0835, 14.39425, 730.8525, 1289.402, 49.65039, 245.0003, 190.6785, 1165.364, 35.21985, 1916.163, 1130.471, 4237.827, 552.3604
72, 227.1277, 8.357157, 51.33874, 400.4236, 80.9067, 750.6749, 3265.116, 1004.167, 248.4403, 13.67028, 690.1062, 1220.727, 47.60961, 233.9774, 182.3106, 1113.232, 33.67455, 1820.764, 1077.616, 4450.06, 565.8579
72.09999999999999, 216.458, 7.923459, 48.43946, 383.2829, 75.67242, 803.4279, 3246.018, 957.2102, 234.6121, 12.98273, 743.3334, 1155.709, 45.65272, 223.4505, 174.31, 1081.203, 32.19706, 1730.115, 1121.312, 4556.756, 539.9415
72.2, 206.2896, 7.512267, 45.70391, 550.9792, 70.77679, 837.4933, 3469.519, 912.449, 221.5536, 12.32975, 701.8912, 1094.154, 43.77626, 213.3972, 166.6604, 1105.604, 30.78438, 1643.979, 1068.886, 4795.875, 515.2121
72.3, 196.5989, 7.122415, 43.12286, 548.0063, 66.19787, 793.2273, 3508.873, 1039.792, 209.222, 11.70962, 861.1012, 1365.136, 41.97692, 328.4078, 159.3466, 1208.223, 29.43369, 1562.131, 1018.91, 5208.695, 550.8973
72.40000000000001, 187.3634, 6.752794, 40.68756, 726.9626, 61.91518, 751.301, 3696.34, 1047.346, 197.5767, 11.12068, 813.0933, 1469.221, 40.25155, 563.2673, 175.4865, 1163.116, 28.14227, 1567.531, 971.2717, 5275.548, 525.6661
72.5, 178.5617, 6.402355, 38.38979, 695.8441, 57.90957, 711.5907, 3695.682, 1132.611, 186.5796, 10.56135, 767.7618, 1390.968, 38.59709, 537.9252, 167.7853, 1133.696, 26.9075, 1489.49, 925.8603, 5620.514, 528.9343
72.59999999999999, 170.1736, 6.070102, 36.22178, 666.0576, 54.1631, 673.9793, 3689.092, 1079.648, 176.1946, 10.03016, 780.1307, 1370.74, 37.01064, 513.7234, 160.4221, 1130.947, 25.72692, 1415.333, 897.3707, 5527.467, 515.8934
72.7, 162.1794, 5.755091, 34.17621, 637.5461, 50.659, 701.6545, 3754.649, 1029.161, 166.3876, 9.52569, 829.1206, 1297.732, 35.48939, 490.6104, 153.382, 1222.428, 24.59813, 1399.715, 982.6082, 5822.922, 504.4331
72.8, 154.5608, 5.456428, 32.24616, 610.2551, 47.38161, 672.6259, 3776.605, 981.0356, 157.1265, 9.046589, 852.8656, 1228.613, 34.03067, 517.2655, 146.6509, 1232.534, 23.51886, 1330.028, 936.6667, 5659.485, 550.2012
72.90000000000001, 147.3001, 5.173265, 30.42511, 584.1323, 44.31625, 637.074, 3752.502, 935.1602, 148.3808, 8.591585, 1008.074, 1281.604, 32.63191, 519.6547, 140.2152, 1177.398, 22.48695, 1263.811, 892.8734, 5701.078, 525.0019
73, 140.3805, 4.904796, 28.7069, 559.1277, 41.4492, 724.9542, 3681.885, 891.4301, 140.1219, 8.159466, 996.6526, 1375.733, 31.29064, 533.1555, 134.0619, 1246.411, 21.50032, 1319.355, 851.1274, 5655.453, 500.9567
73.09999999999999, 133.7859, 4.650259, 27.08572, 535.1935, 38.76764, 729.8651, 3750.849, 905.5584, 132.3228, 7.74908, 1042.918, 1302.459, 30.00451, 509.1682, 128.1787, 1409.692, 20.55697, 1505.704, 830.7715, 5660.606, 602.9052
73.2, 127.5011, 4.408932, 25.55609, 512.2838, 36.25956, 930.076, 3615.287, 863.2125, 124.9577, 7.359335, 984.7734, 1233.088, 28.77123, 486.2601, 122.5536, 1509.598, 19.65502, 1430.741, 791.9292, 5659.264, 575.292
73.3, 180.8851, 4.180128, 24.11285, 490.3548, 33.91374, 880.9165, 3829.318, 822.8469, 118.0025, 6.989192, 929.8705, 1188.012, 27.58865, 464.3828, 117.1754, 1709.789, 18.79264, 1521.23, 792.1476, 5696.029, 548.9435
73.40000000000001, 172.3877, 3.963198, 22.75112, 469.3645, 31.71969, 970.4429, 3650.932, 838.514, 111.4345, 6.637667, 936.6396, 1124.737, 26.45467, 443.4897, 173.3362, 1730.312, 17.9681, 1445.493, 755.1111, 5464.763, 523.8018
73.5, 202.7436, 3.757526, 21.46628, 449.2728, 29.66758, 986.6373, 3553.328, 799.3033, 105.2321, 6.303821, 884.4202, 1064.831, 25.36731, 423.5366, 240.9588, 1652.907, 17.17973, 1373.527, 719.8062, 5232.271, 499.8116
73.59999999999999, 336.642, 3.562528, 20.254, 430.041, 27.74823, 975.1164, 3464.904, 960.103, 99.37488, 5.986766, 835.1122, 1008.116, 24.32464, 404.4812, 230.3845, 1614.629, 16.42596, 1543.323, 797.3291, 5428.105, 476.9202
73.7, 320.8278, 3.377649, 19.11019, 411.6326, 25.95305, 923.5762, 3353.005, 915.2065, 93.84367, 5.685658, 818.843, 1052.773, 23.32482, 386.2831, 220.2741, 1554.049, 15.70526, 1545.014, 760.0504, 5426.729, 512.9412
73.8, 305.7564, 3.202364, 18.03097, 394.0121, 24.27401, 883.9221, 3381.389, 901.8732, 88.62034, 5.399694, 851.7763, 996.7005, 22.3661, 368.9038, 210.6075, 1510.845, 15.01618, 1468.093, 724.5145, 5390.664, 502.5757
73.90000000000001, 291.3931, 3.036176, 77.92587, 377.1459, 22.7036, 841.4564, 3289.577, 859.6997, 129.7939, 5.128113, 804.2883, 999.4628, 21.44679, 352.3064, 201.365, 1443.258, 14.35733, 1395.002, 855.304, 5301.164, 605.9529
74, 277.7045, 2.878613, 102.6618, 361.0016, 21.23479, 799.4821, 3239.024, 819.4983, 181.7415, 4.870191, 759.4478, 946.2297, 20.56526, 336.4557, 192.5282, 1378.694, 13.72739, 1473.95, 815.3146, 5407.784, 619.3727
74.09999999999999, 264.6589, 2.729226, 96.86413, 345.5485, 19.861, 844.5306, 3393.653, 781.1768, 171.6258, 4.625242, 717.1072, 895.8318, 19.71997, 321.3182, 184.0792, 1391.897, 13.12509, 1498.66, 845.1262, 5553.171, 591.0054
74.2, 266.1389, 2.587591, 128.0656, 330.7568, 18.57609, 799.8926, 3326.77, 744.6472, 162.0731, 4.392612, 863.3325, 848.1183, 18.90942, 346.4105, 176.0009, 1420.63, 12.54921, 1424.047, 842.6867, 5339.141, 652.3096
74.3, 253.6366, 2.453307, 132.5367, 316.5984, 17.37431, 757.614, 3194.846, 709.8259, 153.0521, 4.171683, 815.2002, 861.4617, 18.13219, 330.8251, 168.2772, 1357.078, 11.99861, 1514.004, 803.2873, 5330.844, 622.4337
74.40000000000001, 261.174, 2.325991, 135.2383, 303.046, 16.25027, 717.5701, 3189.802, 676.6329, 144.5332, 3.961865, 769.7513, 868.8255, 17.3869, 315.9409, 160.8924, 1377.895, 11.47216, 1438.627, 765.73, 5104.049, 733.3133
74.5, 295.4152, 2.205283, 146.8308, 290.0737, 15.19896, 679.6426, 3121.338, 644.9921, 190.9907, 3.762601, 726.8363, 822.5504, 16.67225, 311.6524, 153.8317, 1716.686, 10.96881, 1424.881, 729.9286, 5134.673, 699.7274
74.59999999999999, 281.5376, 2.090839, 138.5388, 277.6567, 14.21566, 643.7198, 3111.645, 720.3354, 180.3602, 3.573359, 686.3138, 778.7399, 15.98697, 418.0566, 215.5184, 2479.181, 10.48754, 1536.281, 695.8011, 5252.927, 667.6798
74.7, 268.312, 1.982334, 130.715, 265.7712, 13.29597, 609.6958, 2966.691, 690.7007, 170.3214, 3.393634, 648.0506, 737.2629, 15.32986, 399.2478, 206.0605, 2826.175, 10.02739, 1547.176, 663.2693, 5097.161, 637.1
74.8, 255.7077, 1.87946, 123.3331, 254.3945, 12.43579, 577.4701, 2828.49, 704.7327, 160.8413, 3.222949, 664.1793, 697.9951, 14.69976, 381.2852, 197.0176, 2729.995, 9.587434, 1470.148, 632.2584, 4905.192, 813.2684
74.90000000000001, 243.6955, 1.781924, 116.368, 243.5048, 11.63125, 546.9477, 2696.727, 671.7778, 165.4653, 3.060849, 627.1501, 753.293, 14.09555, 369.4082, 188.3716, 2856.662, 9.166778, 1396.954, 602.6974, 5015.844, 776.0206
75, 320.6253, 1.689451, 109.7963, 233.0813, 10.87877, 518.0386, 2826.869, 640.364, 212.6308, 2.906901, 811.5182, 713.1713, 13.51618, 382.8492, 180.1049, 2838.644, 8.764578, 1407.031, 574.5186, 5160.843, 740.4787
75.09999999999999, 309.3836, 1.601776, 103.5957, 223.1039, 10.17496, 490.6574, 2883.231, 610.4192, 200.7958, 2.760697, 766.2746, 675.1866, 12.96063, 365.6244, 172.2011, 2744.588, 8.380025, 1504.891, 547.6573, 4981.416, 706.5646
75.2, 294.8499, 1.518651, 97.74531, 213.5536, 9.516692, 527.902, 2748.918, 686.7874, 189.6195, 2.621846, 723.5534, 639.225, 62.83278, 349.1745, 164.6441, 2652.595, 8.012344, 1507.88, 522.0518, 5050.787, 674.2039
75.3, 280.9989, 1.43984, 92.22529, 204.4122, 8.901008, 499.9996, 2731.679, 654.6717, 179.0653, 2.489978, 742.4242, 605.1788, 60.25017, 366.8457, 157.4188, 2710.18, 7.660796, 1432.807, 497.6435, 4959.482, 643.3252
75.40000000000001, 283.162, 1.365119, 87.01701, 195.6621, 8.325155, 473.5719, 2687.745, 667.2138, 169.0985, 2.364743, 701.0327, 572.9459, 57.77371, 350.3409, 150.5105, 2588.941, 7.324673, 1368.848, 474.3764, 4748.486, 717.1366
75.5, 269.86, 1.294276, 82.10285, 187.2865, 7.786558, 533.9136, 2671.669, 636.0134, 159.6865, 2.245807, 661.9489, 542.4299, 55.39904, 334.5787, 143.9054, 2578.746, 7.003297, 1341.634, 510.1683, 4771.061, 684.2916
75.59999999999999, 257.183, 1.227108, 77.46622, 179.2694, 7.282805, 505.6934, 2608.844, 606.272, 150.7983, 2.132853, 625.044, 513.5391, 53.12197, 420.2238, 137.5902, 2520.197, 6.696022, 1274.839, 486.3156, 4878.352, 652.951
75.7, 245.1014, 1.163427, 73.09143, 171.5956, 6.811643, 478.9648, 2691.732, 852.0302, 142.4049, 2.025579, 590.1967, 486.1872, 50.93851, 401.3174, 131.5521, 2519.6, 6.402228, 1349.741, 689.0101, 4992.386, 623.0457
75.8, 233.5874, 1.103051, 68.9637, 164.2502, 6.370962, 453.6489, 2684.506, 986.9717, 134.4787, 1.923702, 577.6745, 460.292, 86.94562, 383.2617, 125.779, 2619.266, 6.121325, 1409.723, 656.7958, 4884.453, 594.5101
75.90000000000001, 222.6143, 1.045807, 65.06908, 157.2192, 5.958792, 492.5721, 2815.385, 1069.859, 126.9936, 1.826948, 545.4681, 435.7761, 134.913, 425.7218, 120.2592, 2524.635, 5.852747, 1339.538, 626.0876, 4684.317, 598.6713
76, 212.1567, 0.9915346, 120.6233, 150.4893, 72.77766, 466.537, 3085.777, 1175.669, 168.4463, 1.73506, 600.2008, 412.5659, 129.3677, 448.2724, 114.9817, 2633.551, 5.595953, 1415.291, 596.8151, 5226.88, 571.252
76.09999999999999, 214.6201, 0.9400785, 113.8113, 144.0474, 68.0693, 441.878, 3433.862, 1139.465, 159.0706, 1.647794, 881.0398, 543.7184, 124.0503, 544.4416, 217.9799, 2595.397, 5.350427, 1522.536, 757.6024, 5600.239, 580.3837
76.2, 230.32, 0.8912927, 107.3839, 137.8812, 63.66554, 418.5224, 3362.965, 1086.182, 150.2167, 1.564917, 831.9202, 627.4205, 118.9514, 519.9465, 208.414, 2815.537, 5.115673, 1446.734, 722.181, 5709.174, 610.3504
76.3, 219.5004, 0.8450387, 101.3196, 131.979, 59.54669, 396.4012, 3359.797, 1035.389, 141.8557, 1.486209, 785.5392, 594.0031, 114.0622, 529.7653, 199.2678, 2689.585, 4.891218, 1514.79, 688.4158, 5704.409, 608.7639
76.40000000000001, 209.1891, 0.801185, 95.59773, 126.3295, 55.69431, 375.4493, 3203.283, 986.9722, 133.96, 1.411459, 741.744, 579.665, 175.3804, 505.9305, 190.523, 2569.268, 4.676612, 1478.977, 656.2292, 5717.01, 580.8824
76.5, 199.3621, 0.7596071, 90.199, 120.9218, 52.35022, 491.3762, 3054.061, 960.0757, 126.5038, 92.60081, 873.4264, 548.791, 168.1718, 483.1681, 182.162, 2580.041, 4.471422, 1598.989, 706.2732, 5561.809, 684.4755
76.59999999999999, 189.9968, 0.720187, 85.10515, 115.7456, 48.96341, 465.4044, 3090.247, 915.1805, 119.4626, 87.94339, 824.7313, 519.5615, 161.2594, 461.4298, 174.1679, 2518.331, 4.275234, 1564.713, 673.2517, 5486.035, 653.1264
76.7, 247.5093, 0.6828126, 166.4228, 110.7909, 49.92487, 440.8052, 3050.823, 922.9395, 112.8133, 83.52022, 778.751, 491.8887, 154.6312, 440.6696, 166.5246, 2559.213, 4.087655, 1486.811, 641.7741, 5489.338, 710.862
76.8, 235.8822, 0.6473777, 157.0243, 106.0484, 46.69497, 417.5063, 3078.754, 879.7808, 106.5341, 79.31951, 735.3343, 465.6899, 148.2754, 420.8434, 159.2167, 2574.815, 3.908306, 1412.788, 611.7682, 5341.831, 678.3044
76.90000000000001, 224.8013, 0.6137818, 148.1566, 101.5088, 43.67403, 513.5037, 3164.039, 928.2625, 100.6044, 226.0876, 756.0121, 440.8865, 142.1808, 401.9091, 152.2295, 2579.766, 3.736826, 1342.45, 583.1653, 5577.487, 647.238
77, 224.7328, 0.5819293, 139.7897, 97.16362, 40.84853, 486.3622, 3076.865, 884.8549, 95.00479, 214.7163, 713.863, 508.6534, 136.3368, 383.8268, 145.549, 2464.361, 3.57287, 1275.615, 598.1141, 5383.844, 765.9559
77.09999999999999, 214.1756, 0.5517298, 131.8953, 93.0044, 38.20583, 460.6554, 2976.545, 870.9312, 89.71683, 203.917, 712.6502, 481.5616, 130.7329, 366.558, 139.1616, 2354.119, 3.416107, 1212.106, 624.7294, 5243.485, 730.875
77.2, 279.4113, 0.5230975, 124.4467, 89.02322, 35.7341, 436.3073, 2921.783, 830.2046, 84.72319, 193.6609, 672.9187, 455.9128, 125.3594, 350.0661, 133.0546, 2360.095, 3.266222, 1251.917, 708.1801, 5437.339, 697.4008
77.3, 266.2856, 0.4959511, 117.4188, 85.21246, 33.42227, 413.2461, 2869.565, 791.3824, 80.0075, 183.9206, 635.4023, 431.6301, 135.2717, 334.3163, 127.2155, 2353.971, 3.122914, 1189.589, 739.6869, 5370.137, 665.4598
77.40000000000001, 253.7764, 0.4702135, 110.7877, 81.56483, 31.26001, 391.4038, 2950.992, 824.6783, 75.55428, 174.6702, 703.9689, 408.6408, 129.7116, 319.275, 121.6327, 2377.869, 2.985894, 1130.364, 705.1031, 5398.6, 767.5234
77.5, 241.8549, 0.4458116, 104.5312, 78.07333, 29.23764, 500.8698, 2998.238, 786.1146, 71.34894, 165.885, 664.7214, 386.8759, 124.3801, 304.9105, 116.2949, 2284.61, 2.854885, 1074.087, 766.1016, 5168.922, 732.3707
77.59999999999999, 246.1969, 0.422676, 98.62791, 74.7313, 27.34611, 474.3961, 3178.044, 749.3541, 67.37766, 157.5417, 672.8767, 468.6241, 119.2677, 291.1922, 111.1913, 2317.305, 2.729625, 1160.758, 761.8552, 5415.837, 698.8281
77.7, 282.2197, 0.400741, 93.05805, 71.53233, 25.57694, 449.3218, 3099.116, 714.3127, 63.62743, 149.6181, 635.3626, 500.0871, 189.1446, 278.0911, 106.3117, 2339.288, 2.60986, 1102.968, 726.235, 5185.427, 666.8217
77.8, 268.962, 0.3799444, 87.80274, 68.47029, 23.92224, 512.3608, 3007.719, 769.1265, 60.08593, 142.0929, 707.7084, 473.4516, 181.3702, 265.5795, 101.6463, 2234.641, 2.495351, 1048.055, 692.2802, 4964.818, 636.2811
77.90000000000001, 256.3272, 0.360227, 82.84422, 65.53933, 22.37459, 485.2798, 3106.624, 733.1605, 56.74155, 134.9463, 668.2524, 492.6667, 173.9153, 253.6308, 97.18559, 2249.013, 2.385865, 995.8763, 659.913, 5376.17, 607.1393
78, 244.2859, 0.3415329, 78.16571, 62.73383, 20.92706, 487.8069, 3132.316, 698.8763, 53.58332, 128.1591, 630.9962, 466.4265, 166.7669, 242.2196, 92.92063, 2204.873, 2.281183, 946.2952, 629.059, 5147.447, 677.8635
78.09999999999999, 232.8102, 0.3238089, 73.75142, 60.04843, 19.57318, 462.0237, 2986.4, 698.5898, 50.60087, 121.7132, 595.817, 441.5838, 159.9123, 231.3219, 88.84284, 2226.211, 2.181094, 1010.138, 599.6476, 4928.455, 687.6242
78.2, 221.8736, 0.3070047, 69.58642, 57.47797, 18.30689, 437.6033, 3034.858, 719.131, 47.78443, 115.5916, 562.5991, 418.0643, 153.3394, 220.9145, 84.94401, 2126.623, 2.085397, 959.8469, 571.6114, 4964.701, 656.1309
78.3, 211.4508, 0.2910725, 65.65663, 55.01755, 17.12252, 414.4736, 2893.481, 756.2465, 45.12475, 109.7778, 531.2332, 395.7975, 147.0367, 210.9753, 81.21627, 2031.489, 1.993899, 912.0595, 547.1827, 4857.279, 626.08
78.40000000000001, 213.9037, 0.2759672, 61.94877, 52.66245, 16.01478, 400.6124, 2996.141, 720.8828, 42.61311, 104.2565, 501.6159, 374.7166, 140.9931, 258.3529, 77.65212, 1973.967, 1.906415, 1094.384, 521.5994, 5261.687, 616.4465
78.5, 203.8553, 0.2616457, 58.45031, 50.40816, 14.9787, 379.4379, 3035.829, 687.1728, 40.24126, 99.01284, 473.6499, 354.7586, 135.1978, 246.7293, 74.24438, 2064.18, 1.822769, 1039.899, 497.2123, 5469.07, 601.8204
78.59999999999999, 208.554, 0.2480675, 55.14942, 48.25038, 14.00965, 359.3826, 3079.377, 655.0391, 38.00144, 215.2945, 447.2431, 335.8636, 129.6408, 235.6287, 70.9862, 1971.84, 1.742794, 1032.324, 587.007, 5293.856, 664.0068
78.7, 198.7569, 0.2351939, 52.03494, 46.18496, 13.10329, 341.9335, 2935.927, 643.944, 35.88628, 218.8961, 422.3085, 317.9749, 124.3122, 225.0275, 67.87099, 2015.723, 1.666327, 980.9281, 559.5618, 5139.732, 633.5952
78.8, 189.42, 0.2229884, 49.09634, 44.20795, 12.25557, 323.8604, 2820.656, 613.8317, 33.88885, 207.8866, 398.764, 301.039, 119.2026, 214.9032, 64.8925, 1990.97, 1.593216, 932.0912, 533.3997, 4921.068, 676.686
78.90000000000001, 180.5218, 0.2114164, 46.3237, 42.31557, 11.4627, 306.7427, 2876.367, 585.1276, 32.0026, 197.4308, 376.5322, 285.0052, 114.303, 205.2345, 62.04472, 1980.824, 1.523312, 943.9243, 704.4384, 5147.14, 645.6937
79, 172.0415, 0.2004448, 43.70764, 40.50419, 10.72111, 290.5297, 2894.768, 557.7658, 30.22133, 187.5009, 355.5399, 310.8575, 109.6048, 196.0008, 59.32191, 1947.784, 1.456476, 1012.109, 671.5027, 5208.155, 663.6658
79.09999999999999, 163.9596, 0.1900426, 41.23932, 38.77036, 10.02751, 395.5557, 2759.917, 531.6835, 28.53922, 211.4414, 335.7179, 301.7542, 105.0997, 187.1825, 56.71859, 1860.651, 1.392572, 961.7195, 640.1069, 5030.689, 633.2698
79.2, 156.2574, 0.1801803, 38.91039, 37.11074, 9.378778, 374.6484, 2631.349, 577.6279, 26.95073, 244.7308, 317.001, 285.6823, 100.7798, 204.0315, 54.22952, 1777.416, 1.331471, 1007.138, 610.179, 5055.977, 604.266
79.3, 157.8455, 0.1708298, 36.71298, 35.52216, 8.772017, 354.8462, 2644.158, 550.6168, 66.90943, 232.4219, 299.3276, 270.4664, 96.63749, 194.8519, 51.84967, 1800.966, 1.273052, 1022.439, 618.7505, 5159.314, 576.5905
79.40000000000001, 150.4305, 0.1619645, 34.63967, 34.00159, 8.20451, 336.0907, 2580.9, 524.8687, 130.7421, 220.7321, 282.6396, 256.0609, 92.66541, 186.0853, 49.57427, 1828.145, 1.217196, 1010.671, 589.8212, 5291.569, 632.0446
79.5, 198.6163, 0.1535593, 32.68345, 32.54611, 7.673717, 318.3265, 2592.961, 500.3247, 123.465, 209.6302, 266.8819, 268.8142, 88.85658, 177.7131, 47.39872, 1746.364, 1.16379, 1050.051, 562.2443, 5339.357, 603.0969
79.59999999999999, 189.286, 0.1455902, 30.8377, 31.15293, 7.177265, 301.5013, 2611.751, 476.9284, 116.593, 199.0867, 252.0028, 254.4967, 85.20432, 169.7175, 45.31865, 1768.868, 1.112728, 1171.816, 756.0628, 5348.857, 774.6395
79.7, 180.3941, 0.1380348, 29.09619, 29.81939, 6.712931, 332.5741, 2490.084, 454.6262, 218.9663, 189.0735, 237.9532, 240.9418, 81.70216, 162.0818, 43.32985, 1715.504, 1.063906, 1226.959, 720.7134, 5189.969, 739.1609
79.8, 171.9198, 0.1308714, 27.45302, 28.54293, 6.278636, 314.9957, 2374.085, 433.3669, 206.7786, 179.564, 224.6869, 332.4831, 78.34396, 154.7895, 41.42834, 1780.358, 1.017227, 1165.873, 687.0168, 5077.826, 705.3072
79.90000000000001, 163.8436, 0.1240798, 25.90266, 27.32111, 5.872439, 298.3465, 2428.648, 413.1017, 300.1404, 170.5327, 212.1602, 314.7745, 75.12379, 147.8254, 39.61027, 1700.715, 0.9725949, 1169.087, 654.8957, 5101.507, 673.004
80, 156.1469, 0.1176406, 24.43984, 26.1516, 5.49252, 282.5773, 2343.425, 393.7842, 283.4346, 161.9556, 200.3318, 298.0091, 72.03599, 246.5558, 37.87199, 1648.29, 0.9299215, 1218.578, 624.2764, 5053.278, 711.8259
80.09999999999999, 148.8116, 0.1115356, 23.05964, 25.03214, 5.137181, 267.6415, 2255.697, 375.37, 302.6793, 193.5767, 189.163, 282.1366, 69.0751, 235.463, 36.20999, 1804.615, 0.8891205, 1198.74, 595.0886, 5120.064, 679.2241
80.2, 141.821, 0.1057474, 21.75738, 23.96061, 4.80483, 253.4953, 2150.617, 357.8169, 285.8322, 183.8407, 178.6168, 267.1095, 66.23591, 224.8692, 34.62093, 1837.217, 0.8501096, 1139.059, 567.2655, 5004.937, 713.3381
80.3, 135.1588, 0.1002596, 20.52867, 22.93494, 4.493981, 240.0967, 2192.091, 341.0846, 269.9228, 174.5943, 168.6586, 252.8828, 63.51342, 373.0427, 33.1016, 1793.244, 0.8128103, 1082.349, 540.7433, 4903.925, 680.6671
80.40000000000001, 128.8095, 0.09505656, 19.36934, 21.95318, 4.203242, 227.4063, 2136.224, 325.1347, 254.8989, 165.8129, 159.2556, 239.4139, 60.90283, 362.1559, 31.64895, 1713.024, 0.7771476, 1028.463, 515.4611, 5104.686, 649.4924
80.5, 122.7585, 0.09012356, 18.27549, 21.01345, 3.931312, 215.3866, 2036.709, 309.9307, 240.7112, 157.4733, 150.3768, 226.6623, 58.39954, 345.8621, 30.26005, 1689.562, 0.7430496, 1029.614, 491.3609, 4895.424, 684.9736
80.59999999999999, 116.9918, 0.08544656, 17.24341, 20.11394, 3.676975, 204.0023, 2066.719, 295.4377, 271.9848, 149.553, 141.993, 214.5899, 55.99915, 330.3014, 28.9321, 1657.244, 0.7104477, 978.3527, 468.3875, 4919.134, 713.4736
80.7, 111.4959, 0.08101227, 16.26961, 19.25294, 3.439093, 193.2197, 1970.443, 281.6224, 287.8275, 262.2507, 134.0767, 203.1604, 53.69742, 315.4407, 27.66242, 1749.693, 0.6792762, 929.644, 446.4883, 5024.366, 680.7964
80.8, 106.2582, 0.0768081, 15.35081, 18.42879, 3.2166, 183.007, 1878.651, 268.4531, 271.807, 298.764, 126.6017, 192.3398, 51.4903, 301.2487, 26.44847, 1800.836, 0.6494724, 883.3604, 425.6129, 4837.414, 793.9924
80.90000000000001, 101.2666, 0.07282211, 14.4839, 17.63992, 3.008502, 173.3341, 1791.135, 255.8996, 256.6783, 283.7375, 119.5434, 182.0954, 49.37389, 287.6952, 25.28779, 1811.443, 0.6209763, 839.381, 405.7136, 4786.297, 757.6274
81, 96.50945, 0.06904297, 13.66594, 16.88482, 2.813866, 164.1724, 1707.697, 243.9332, 242.3916, 364.428, 112.8786, 172.3967, 54.61929, 274.7514, 24.17804, 1785.735, 0.5937304, 797.5912, 386.7447, 4638.023, 757.9852
81.09999999999999, 91.97578, 0.06545996, 12.89418, 16.16204, 2.631822, 155.495, 1675.817, 232.5264, 228.9001, 346.0988, 260.1472, 163.2146, 52.37427, 262.39, 23.117, 1822.713, 0.5676801, 757.882, 368.6626, 4489.474, 768.4954
81.2, 87.6551, 0.06206289, 12.166, 15.47021, 2.461556, 147.2763, 1597.75, 221.6529, 216.1595, 328.6916, 245.6435, 154.5215, 50.22153, 347.1442, 22.10252, 1770.102, 0.5427727, 720.1497, 351.4259, 4720.826, 733.2982
81.3, 83.53738, 0.0588421, 11.47894, 14.80798, 2.302305, 139.4919, 1675.296, 211.288, 204.1281, 312.1598, 263.8892, 146.2914, 63.95046, 350.2223, 21.13256, 1690.918, 0.518958, 684.296, 334.9952, 4602.229, 699.7131
81.40000000000001, 79.61309, 0.05578847, 21.95053, 14.17411, 2.153358, 132.119, 1597.254, 201.4077, 192.7663, 356.7377, 318.4949, 138.4997, 61.32191, 430.3444, 20.20516, 1615.275, 0.4961883, 650.2274, 319.3326, 4657.107, 667.6661
81.5, 75.87315, 0.0528933, 20.71091, 13.56737, 2.014046, 125.1358, 1522.847, 191.9894, 182.0369, 338.7953, 300.7383, 131.123, 81.73523, 419.3289, 19.31847, 1703.391, 0.4744177, 617.8549, 304.4024, 4601.859, 678.0328
81.59999999999999, 72.30891, 0.05014838, 53.39419, 12.9866, 1.883747, 118.5217, 1451.906, 183.0116, 171.9048, 321.7554, 283.9716, 204.9109, 78.37567, 400.4628, 18.47068, 1663.653, 0.4536022, 587.0941, 290.1702, 4406.079, 791.8166
81.7, 68.91209, 0.04754591, 51.05841, 12.43069, 1.761877, 112.2572, 1529.299, 174.4536, 220.7163, 363.4185, 268.1396, 193.997, 135.7608, 444.6389, 17.6601, 1622.988, 0.4337, 557.8647, 276.6034, 4366.763, 1000.621
81.8, 65.67485, 0.04507849, 48.17496, 11.89858, 1.647892, 106.3238, 1503.087, 166.2957, 273.1849, 345.1402, 253.1904, 183.6644, 130.1806, 424.6341, 16.8851, 1762.305, 0.4146711, 530.0906, 263.671, 4382.466, 977.3032
81.90000000000001, 62.58968, 0.04273912, 45.45435, 11.38924, 1.541282, 100.704, 1490.176, 158.5194, 357.2411, 537.4398, 239.0745, 173.8821, 124.8298, 405.5294, 16.1441, 1856.792, 0.3964771, 503.6993, 251.3431, 4282.828, 1014.215
82, 59.64944, 0.04052116, 42.88739, 10.90171, 1.441568, 95.3813, 1420.757, 231.8669, 337.3571, 510.4089, 225.7457, 164.6208, 119.6989, 387.2841, 15.43562, 1940.458, 0.3790813, 478.6219, 239.5917, 4346.675, 985.0104
82.09999999999999, 56.84733, 114.5867, 83.25708, 10.43505, 1.348306, 90.33989, 1371.899, 221.0243, 325.3382, 484.7376, 338.8388, 155.8529, 114.7789, 369.8598, 14.75824, 1988.281, 0.3624488, 454.793, 228.3897, 4161.75, 999.5223
82.2, 54.17685, 108.6402, 78.55526, 9.988361, 1.261077, 85.56494, 1307.99, 210.6887, 307.2299, 509.6515, 319.9479, 147.5519, 110.0612, 353.2194, 14.11058, 1916.513, 0.3465461, 432.1505, 217.7115, 4102.768, 953.7441
82.3, 51.63181, 321.1821, 74.11897, 9.560797, 1.179491, 81.04237, 1427.906, 200.8365, 290.1295, 609.0268, 302.1103, 139.693, 105.5374, 337.3276, 13.49134, 1894.777, 0.3313411, 463.1832, 207.5325, 4141.597, 949.8084
82.40000000000001, 49.20634, 354.6426, 69.93321, 9.151534, 1.103184, 76.75885, 1361.388, 191.4449, 273.9809, 578.3954, 361.7806, 132.2527, 101.1995, 322.1508, 12.89928, 1917.677, 0.3168032, 501.7637, 197.8294, 4275.246, 906.3071
82.5, 46.8948, 336.2383, 65.98384, 8.75979, 1.031813, 72.70173, 1297.969, 182.4925, 258.7311, 549.3046, 341.6107, 125.2087, 97.03986, 307.6569, 12.3332, 1831.89, 0.3029032, 506.6919, 188.58, 4093.36, 864.7981
82.59999999999999, 44.69185, 454.7682, 62.2575, 8.384816, 0.9650597, 68.85905, 1261.649, 173.9588, 291.4619, 521.677, 350.7631, 118.5399, 93.05123, 293.8151, 11.79196, 1803.681, 0.2896131, 481.4655, 179.763, 4112.331, 825.1902
82.7, 42.59239, 432.5217, 58.7416, 8.025893, 0.902625, 65.21948, 1473.665, 248.3669, 275.2391, 495.4389, 331.2074, 112.2262, 89.22655, 280.596, 11.27447, 2007.232, 0.2769061, 457.4951, 171.3582, 4254.394, 787.3964
82.8, 40.59156, 460.0447, 55.42426, 7.682334, 0.8442295, 61.77228, 1577.035, 673.8049, 329.5918, 470.5205, 312.742, 106.2489, 85.55908, 320.9975, 10.7797, 2019.292, 0.2647566, 618.1103, 163.3465, 4552.199, 898.5536
82.90000000000001, 38.68471, 774.9643, 52.29426, 7.353482, 0.7896119, 58.50729, 1683.153, 802.4669, 311.2467, 446.8553, 295.3061, 127.1635, 82.04235, 306.5555, 10.30663, 1941.062, 0.2531402, 587.3368, 155.7093, 4653.764, 857.3998
83, 36.86744, 981.7283, 174.7028, 7.038706, 0.7385278, 55.41486, 1815.02, 922.805, 293.9227, 424.3805, 278.8422, 179.9586, 78.67017, 292.7632, 9.85433, 1907.549, 0.2420335, 558.0954, 148.4292, 4620.066, 934.3114
83.09999999999999, 35.13554, 1001.857, 189.1755, 6.737405, 0.6907486, 52.48589, 1809.81, 1147.439, 277.563, 403.036, 263.2963, 170.3737, 75.43659, 279.5915, 9.421876, 1843.902, 0.231414, 636.243, 141.4894, 4577.064, 891.5198
83.2, 33.485, 1113.521, 254.2645, 6.449002, 0.6460605, 49.71172, 1889.148, 1093.782, 262.1139, 382.765, 321.8351, 161.2993, 72.33592, 340.9107, 9.0084, 1945.793, 0.2212606, 619.68, 134.8741, 4777.832, 850.688
83.3, 31.912, 1055.734, 261.2036, 6.172944, 0.6042635, 47.08419, 1836.615, 1042.635, 247.5246, 363.5136, 303.8922, 152.7083, 69.3627, 325.5728, 8.61307, 1930.852, 0.2115526, 588.8283, 128.5682, 4886.654, 866.4418
83.40000000000001, 30.41289, 1112.507, 246.4525, 5.908702, 0.5651705, 44.59554, 1863.155, 1244.295, 233.7474, 345.2305, 286.9497, 144.5748, 66.51169, 310.9249, 8.235088, 2002.995, 0.2022705, 559.5126, 122.557, 4756.4, 933.1152
83.5, 28.9842, 1269.752, 244.1044, 5.655773, 0.5286067, 42.23843, 1921.707, 1206.24, 220.737, 327.8669, 351.783, 136.8745, 63.77786, 296.936, 7.873694, 2046.306, 0.1933957, 531.6565, 116.8269, 4554.044, 982.6093
83.59999999999999, 27.62263, 1203.857, 230.3189, 5.41367, 0.4944084, 40.0059, 1943.148, 1149.834, 208.4508, 311.3766, 332.1705, 256.2344, 61.15641, 339.1752, 7.52816, 1954.765, 0.1849104, 569.7713, 111.3647, 4690.829, 937.6056
83.7, 79.22594, 1141.383, 217.312, 5.181931, 0.4624225, 37.89137, 2101.655, 1171.869, 196.8485, 295.7157, 313.6514, 242.587, 58.6427, 323.9153, 7.19779, 1908.025, 0.1767973, 541.4044, 106.1579, 4801.996, 894.6631
83.8, 75.5042, 1082.15, 208.0655, 4.960111, 0.4325061, 35.88861, 2116.426, 1117.07, 185.8919, 280.8425, 296.1647, 229.6664, 56.23231, 348.8094, 6.881917, 1958.721, 0.1690401, 656.6119, 147.8324, 4791.961, 1049.024
83.90000000000001, 71.95728, 1025.991, 196.3153, 4.747787, 0.404525, 33.99171, 2346.511, 1248.62, 175.5452, 266.7173, 279.653, 217.4339, 53.92099, 333.1161, 6.579907, 1871.098, 0.1616234, 623.9215, 140.9206, 4588.092, 1080.944
84, 68.57699, 972.7471, 285.0711, 4.544552, 208.4332, 32.19506, 2398.066, 1340.19, 165.7743, 253.3026, 264.0619, 205.853, 51.70468, 318.1288, 6.29115, 1927.297, 0.154532, 602.6147, 134.3319, 4545.196, 1031.437
84.09999999999999, 65.35549, 922.2659, 268.9721, 4.350016, 315.1689, 30.49338, 2600.345, 1385.589, 184.2372, 240.5626, 267.2121, 194.889, 97.15374, 303.8158, 6.015065, 1935.39, 0.1477518, 615.3714, 128.0513, 4801.571, 984.1966
84.2, 62.28533, 874.4045, 253.7823, 4.163808, 294.779, 28.88164, 2706.23, 1619.395, 187.5576, 228.4633, 278.0164, 362.0058, 93.16044, 290.1468, 5.751096, 1967.154, 0.1412691, 584.7343, 122.0643, 4613.894, 1134.055
84.3, 59.35939, 829.0269, 246.6551, 3.98557, 355.3924, 27.35509, 2580.162, 1543.669, 177.1181, 216.9726, 280.4307, 342.7248, 89.33127, 281.9331, 5.498712, 1921.037, 0.1350708, 555.6224, 116.3572, 4757.583, 1082.115
84.40000000000001, 56.5709, 786.0042, 302.0165, 3.814963, 332.4002, 25.90923, 2459.967, 1637.661, 206.8845, 206.0599, 264.7961, 324.4707, 85.65949, 363.7495, 5.257402, 1835.101, 0.1291444, 545.4271, 118.2915, 4566.999, 1032.554
84.5, 53.9134, 745.2142, 284.9606, 3.651658, 312.2151, 24.53979, 2567.323, 1561.081, 222.0777, 299.808, 250.0333, 307.1888, 82.13863, 347.3839, 5.026683, 1866.614, 0.1234781, 581.5168, 112.7608, 4594.632, 985.2628
84.59999999999999, 51.38074, 706.541, 268.8679, 3.495344, 292.0163, 23.24273, 2544.935, 1488.081, 209.7169, 284.7289, 236.0935, 312.3218, 88.88548, 331.7547, 4.806089, 1828.665, 0.1180604, 779.3095, 107.4887, 4639.073, 940.1376
84.7, 48.96706, 669.8747, 351.4781, 3.345721, 273.1243, 22.01422, 2476.831, 1429.845, 210.2378, 334.1238, 222.9308, 295.687, 85.23203, 316.8287, 4.595176, 1746.861, 0.1128804, 740.5104, 102.4632, 4778.997, 928.3636
84.8, 46.66676, 635.1113, 331.6289, 3.202503, 255.4544, 20.85065, 2522.149, 1427.014, 198.536, 332.8866, 272.9482, 338.0915, 81.72874, 434.8891, 4.393518, 1734.559, 0.1079277, 703.6431, 97.67254, 4575.68, 1003.708
84.90000000000001, 44.47453, 602.1519, 312.9007, 3.065416, 297.9454, 19.74858, 2434.721, 1589.718, 187.4855, 351.8658, 293.6402, 320.0842, 78.36945, 415.3229, 4.20071, 1723.366, 0.1031923, 668.6112, 93.1059, 4530.228, 957.738
85, 42.38527, 570.903, 295.2301, 2.934197, 484.6314, 18.70476, 2576.779, 1738.985, 237.1638, 598.8997, 277.2693, 303.036, 75.14823, 517.8857, 4.016363, 1715.151, 0.09866462, 673.5249, 88.75278, 4337.495, 913.8734
85.09999999999999, 70.78222, 541.2757, 278.5574, 2.808594, 587.1717, 17.71612, 2630.978, 1734.448, 223.9633, 805.1332, 261.811, 286.8958, 72.05942, 494.5855, 3.840106, 1699.28, 0.09433563, 740.9962, 84.60318, 4568.466, 930.5405
85.2, 67.45712, 578.8176, 262.8263, 2.688369, 549.1845, 16.77972, 2673.112, 1868.295, 211.4975, 910.0759, 247.2146, 271.6152, 69.09756, 472.3335, 3.671585, 1641.627, 0.09019658, 817.6953, 80.6476, 4719.093, 887.9216
85.3, 90.872, 548.7796, 247.9836, 2.57329, 513.6549, 15.89283, 2604.621, 1934.338, 199.7256, 864.303, 233.4319, 257.1486, 66.25745, 451.0827, 3.510459, 1697.678, 0.08623913, 814.6321, 76.87696, 4641.158, 933.5734
85.40000000000001, 119.5178, 555.7961, 233.9791, 2.463137, 480.4239, 15.0528, 2615.696, 1948.531, 188.6089, 820.8323, 220.4177, 243.4524, 63.53408, 430.788, 3.356404, 1621.734, 0.08245531, 831.9441, 73.28262, 4492.074, 1101.922
85.5, 113.9033, 649.187, 220.7655, 2.357699, 449.3428, 14.25718, 2631.853, 2048.74, 178.1109, 779.548, 208.129, 230.4857, 60.92264, 411.4063, 3.209109, 1696.094, 0.07883752, 824.8758, 69.85632, 4430.795, 1070.018
85.59999999999999, 108.5525, 770.3458, 208.2981, 2.256774, 420.2725, 13.50361, 2509.25, 2365.292, 168.1973, 740.3401, 196.5254, 218.2096, 58.41854, 392.8967, 3.068279, 1673.865, 0.07537846, 783.8082, 66.59023, 4242.292, 1021.011
85.7, 161.0662, 840.0208, 196.5348, 2.16017, 393.0829, 12.78988, 2499.928, 2314.72, 158.8354, 703.1042, 185.5688, 206.5874, 56.01736, 375.2198, 2.933628, 1678.528, 0.07207117, 744.7852, 63.47683, 4471.623, 1046.591
85.8, 153.4999, 796.4275, 185.4358, 2.067701, 367.6523, 12.11386, 2383.471, 2206.479, 149.9946, 667.7411, 175.223, 195.5842, 53.71489, 358.3383, 2.804887, 1747.697, 0.06890899, 707.705, 60.509, 4353.638, 1187.09
85.90000000000001, 146.289, 772.5497, 174.9636, 1.979191, 343.867, 11.47358, 2298.953, 2180.513, 141.6459, 634.1566, 165.454, 185.1671, 51.50705, 342.2162, 2.681796, 1699.172, 0.06588555, 672.4708, 57.67993, 4403.922, 1132.721
86, 139.4169, 983.8869, 165.0828, 1.894469, 321.6205, 10.86714, 2286.58, 2078.547, 133.7619, 602.2613, 258.6942, 175.3048, 49.38995, 326.8195, 2.564106, 1677.927, 0.06299477, 638.9909, 54.98313, 4216.562, 1080.842
86.09999999999999, 132.8676, 932.8276, 155.76, 1.813373, 300.8132, 10.29275, 2180.061, 2040.613, 126.3167, 571.9702, 244.2715, 165.9677, 47.35988, 312.1155, 2.451581, 1602.865, 0.06023083, 627.0798, 52.41242, 4037.173, 1133.597
86.2, 155.8232, 884.4182, 146.9637, 1.73575, 281.352, 9.748724, 2294.385, 2093.493, 143.8781, 543.2025, 244.109, 157.128, 45.41325, 298.0731, 2.343994, 1669.319, 0.05758815, 595.8597, 143.486, 4057.925, 1239.258
86.3, 148.5032, 871.3193, 138.6641, 1.661448, 263.1499, 9.233452, 2187.503, 1995.597, 135.8698, 515.8818, 230.4995, 148.7591, 43.54663, 284.6625, 2.241129, 1700.62, 0.05506142, 713.5746, 136.7773, 4006.751, 1236.834
86.40000000000001, 141.5271, 826.1018, 130.8333, 1.590328, 246.1254, 8.745415, 2229.922, 2087.367, 128.3073, 489.9352, 259.9395, 140.8359, 41.75674, 271.8552, 2.142778, 1624.543, 0.05264556, 678.0482, 130.3824, 4161.512, 1254.315
86.5, 134.8786, 783.2309, 131.3139, 1.522252, 230.2022, 8.283173, 2229.606, 2074.388, 121.1657, 465.2935, 245.4474, 133.3348, 40.04041, 259.6241, 2.048743, 1602.776, 0.05033569, 871.0702, 150.2086, 3999.519, 1473.792
86.59999999999999, 128.5425, 742.5848, 123.8982, 1.45709, 215.3093, 7.845363, 2161.126, 1977.385, 114.4217, 441.8913, 231.7632, 126.2331, 38.39463, 247.9433, 1.958835, 1564.901, 0.04812717, 827.7027, 148.1158, 3829.364, 1506.971
86.7, 122.5041, 704.048, 116.9012, 1.394717, 201.3798, 7.430693, 2060.451, 1973.57, 108.053, 419.6661, 364.3528, 119.5098, 36.8165, 236.7881, 1.872872, 1575.099, 0.04601555, 786.4943, 141.1907, 3785.276, 1462.679
86.8, 141.3385, 667.5112, 110.2994, 1.335014, 188.3515, 7.037941, 2017.981, 1881.281, 102.0387, 398.5587, 344.0395, 113.1445, 74.18572, 226.1347, 1.790682, 1504.637, 0.04399658, 871.8248, 134.5894, 3946.277, 1395.688
86.90000000000001, 134.6989, 632.8704, 104.0704, 1.277867, 176.166, 6.665948, 1958.458, 1818.994, 96.35927, 378.5129, 421.2176, 107.1182, 71.13647, 215.9606, 1.712098, 1472.85, 0.0420662, 921.5112, 149.0504, 3778.387, 1331.765
87, 128.3713, 600.0273, 98.19318, 1.223166, 164.769, 6.313617, 1976.651, 1733.933, 122.776, 359.4753, 430.8354, 101.4129, 68.21255, 206.2443, 1.636963, 1546.299, 0.04022051, 875.6324, 142.0816, 3651.276, 1270.77
87.09999999999999, 164.4388, 568.8886, 92.64787, 1.170807, 154.1092, 5.979908, 1940.901, 1652.851, 115.9423, 341.3953, 500.0149, 96.01147, 115.9092, 196.9652, 1.565126, 1477.126, 0.0384558, 832.0378, 148.4284, 3836.309, 1344.702
87.2, 159.2414, 539.3659, 87.41573, 1.120689, 144.1391, 5.663838, 1920.022, 1761.159, 109.489, 442.7987, 541.3632, 90.89774, 146.9543, 188.1035, 1.496441, 1473.282, 0.03676852, 790.6136, 313.6721, 3830.863, 1609.116
87.3, 216.7068, 511.3753, 82.47906, 1.072717, 134.814, 5.364474, 1867.202, 1678.803, 484.0375, 441.4588, 511.1812, 86.05637, 170.4708, 265.2401, 1.43077, 1407.375, 0.03515527, 751.2518, 299.0065, 3694.429, 1800.28
87.40000000000001, 206.5267, 484.8372, 77.82117, 1.026798, 126.0921, 5.080933, 1869.483, 1600.299, 521.3239, 419.2553, 482.682, 81.47285, 163.4639, 253.3067, 26.48133, 1432.922, 0.03361281, 713.8497, 285.0266, 3580.806, 1890.909
87.5, 196.8248, 459.6764, 144.5859, 0.9828442, 117.9346, 4.812378, 1816.91, 1525.465, 552.5035, 486.2431, 455.7716, 77.13347, 162.5191, 241.9101, 25.31921, 1518.318, 0.03213802, 678.3096, 271.7003, 3550.263, 1901.46
87.59999999999999, 187.5787, 435.8213, 136.4207, 0.9407723, 110.3048, 4.558018, 1824.226, 1454.131, 521.7512, 461.7872, 517.583, 73.02521, 155.8391, 275.6852, 24.20809, 1569.451, 0.03072793, 764.5851, 258.9971, 3689.418, 1834.807
87.7, 189.3723, 413.2042, 128.7165, 0.9005013, 103.1686, 4.317102, 1837.047, 1386.133, 492.7106, 447.0268, 624.8044, 69.13576, 149.4336, 263.2818, 23.14572, 1499.242, 0.02937972, 726.5191, 246.8878, 3587.193, 1884.371
87.8, 205.7452, 391.7607, 121.4474, 0.8619542, 96.49409, 4.08892, 1751.469, 1321.314, 465.2863, 476.6003, 589.9705, 65.45347, 143.2915, 251.4364, 22.12998, 1432.175, 0.02809066, 690.3483, 235.3447, 3434.58, 1798.066
87.90000000000001, 196.0801, 383.6327, 155.3041, 0.8250571, 90.25139, 3.872799, 1669.879, 1340.963, 460.3873, 452.6294, 557.0786, 61.9673, 137.4018, 240.124, 21.15882, 1508.585, 0.02685816, 655.9783, 294.5203, 3487.034, 1838.581
88, 186.8689, 363.7239, 206.6134, 0.7897394, 84.41256, 3.6681, 1634.862, 1278.257, 434.7622, 562.3521, 526.0204, 58.66682, 131.7542, 229.3206, 20.23027, 1583.138, 0.02567974, 623.3195, 280.7501, 3663.244, 1867.496
88.09999999999999, 178.0905, 502.604, 194.9452, 0.7559336, 78.95148, 3.474221, 1598.069, 1343.558, 537.4623, 670.3973, 496.6938, 55.54213, 126.3387, 219.0032, 19.34247, 1585.211, 150.757, 592.2867, 267.6237, 3738.487, 1939.433
88.2, 185.6444, 476.5212, 183.936, 0.7235748, 73.8437, 3.29059, 1547.104, 1394.849, 512.7537, 853.0519, 469.0023, 52.58386, 121.1458, 209.15, 18.49363, 1514.297, 144.1424, 562.7988, 255.1111, 3685.519, 2017.649
88.3, 176.9235, 451.7919, 173.5485, 0.6926013, 69.06637, 3.116665, 1524.202, 1329.623, 484.2139, 882.1249, 442.8545, 49.78315, 116.1663, 199.7401, 17.68205, 1446.556, 137.818, 534.7791, 243.1835, 3669.968, 2034.264
88.40000000000001, 168.6122, 428.3459, 163.7476, 0.6629536, 64.59811, 2.951932, 1453.198, 1267.447, 511.3921, 987.8826, 542.4088, 47.13162, 111.3915, 190.7536, 16.90608, 1528.736, 131.7712, 508.1543, 231.8136, 3527.951, 2034.784
88.5, 179.415, 406.1168, 154.5002, 0.6345749, 60.41892, 2.795907, 1385.502, 1208.178, 482.928, 938.1964, 512.1685, 44.62131, 106.813, 182.1714, 16.16416, 1491.411, 125.9896, 544.9124, 220.9753, 3641.432, 1941.59
88.59999999999999, 170.9867, 385.0411, 145.775, 0.6074111, 56.51011, 2.648128, 1343.285, 1151.681, 466.1935, 891.0092, 483.6142, 42.2447, 102.4227, 173.9753, 15.4548, 1592.401, 120.4617, 517.7831, 210.6437, 3486.511, 1909.42
88.7, 164.1053, 429.9948, 137.5426, 0.5814101, 52.85418, 2.50816, 1407.554, 1097.826, 480.8577, 931.809, 456.6518, 39.99468, 98.21282, 166.1479, 14.77657, 1531.848, 115.1763, 492.0045, 225.7726, 3609.824, 1919.273
88.8, 167.1441, 491.3206, 129.7751, 0.5565221, 49.43476, 2.375591, 1341.984, 1174.447, 523.6319, 884.943, 551.7012, 37.86449, 94.17599, 158.6727, 14.12811, 1463.321, 150.8044, 467.5093, 215.2167, 3590.782, 1929.193
88.90000000000001, 159.2923, 465.8233, 195.264, 0.5326994, 46.23657, 2.250028, 1279.469, 1119.527, 647.2299, 887.5419, 520.9428, 56.69538, 90.30508, 151.5339, 13.5081, 1469.946, 144.1877, 444.2337, 218.0228, 3484.652, 1980.193
89, 208.2282, 463.9357, 184.2368, 0.5098965, 43.24529, 2.131102, 1219.866, 1094.273, 611.2051, 1004.218, 491.8993, 53.67569, 86.59327, 144.7162, 12.9153, 1404.188, 166.0063, 422.1169, 354.7063, 3641.022, 1889.5
89.09999999999999, 198.4464, 439.8596, 173.8323, 0.4880697, 40.44753, 2.018462, 1193.701, 1043.102, 667.321, 953.7106, 569.9315, 86.39334, 83.03403, 138.2052, 12.34852, 1341.373, 158.7227, 401.1012, 390.8994, 3654.931, 2060.977
89.2, 189.1241, 417.0329, 227.4105, 0.4671772, 37.83077, 1.911775, 1319.776, 994.3246, 801.0018, 905.7432, 704.7774, 81.79189, 79.62109, 131.9872, 11.80661, 1377.331, 151.7586, 381.1318, 405.5597, 3499.436, 2173.986
89.3, 180.2397, 395.3908, 214.5678, 0.4471791, 35.3833, 1.810727, 1460.746, 1136.926, 756.418, 860.1882, 665.4848, 77.43551, 76.34843, 126.049, 11.28848, 1333.903, 145.1001, 362.1566, 584.4982, 3350.556, 2366.377
89.40000000000001, 186.0631, 374.8718, 202.4504, 0.428037, 33.09417, 25.29579, 1501.443, 1124.243, 714.3159, 816.9245, 628.3828, 114.0409, 73.21028, 120.3779, 10.79309, 1303.928, 138.7337, 344.1261, 557.1702, 3458.666, 2590.204
89.5, 177.3225, 355.4177, 191.0173, 0.4097143, 30.95314, 23.95877, 1564.858, 1071.671, 685.7834, 775.8367, 681.0646, 134.1642, 70.20113, 114.9619, 10.31944, 1355.587, 132.6466, 350.8696, 540.5271, 3443.943, 2471.572
89.59999999999999, 259.8939, 336.9731, 180.2299, 0.3921759, 28.95062, 22.69242, 1583.626, 1021.557, 647.6128, 736.8155, 643.094, 135.6137, 67.31565, 109.7897, 9.866576, 1316.498, 126.8266, 448.6562, 515.255, 3368.794, 2358.374
89.7, 247.685, 319.4857, 170.0517, 0.3753883, 27.07766, 21.493, 1509.854, 973.7872, 611.5667, 699.7569, 664.7258, 128.3907, 64.54878, 104.8501, 9.433585, 1369.316, 157.3557, 433.1042, 491.1645, 3225.473, 2250.36
89.8, 289.9066, 302.9059, 160.4483, 0.3593193, 25.32586, 20.35698, 1552.122, 928.2509, 577.5269, 664.5622, 627.6661, 121.5524, 61.89564, 100.1328, 9.019596, 1308.061, 287.3699, 411.5415, 468.2003, 3088.249, 2346.37
89.90000000000001, 276.2878, 287.1865, 154.5522, 0.3439382, 23.6874, 19.28101, 1535.123, 1053.993, 545.3818, 631.1376, 592.6726, 115.0783, 59.35154, 95.62769, 8.623775, 1287.27, 274.7614, 518.5073, 446.3098, 2956.863, 2337.898
90, 263.3088, 287.714, 181.5824, 0.3292155, 22.15494, 18.2619, 1463.61, 1004.706, 515.0259, 599.3942, 559.6301, 108.949, 56.91202, 91.32529, 8.245323, 1229.685, 262.706, 492.6926, 425.4428, 3238.614, 2298.537
90.09999999999999, 250.9395, 272.783, 171.3278, 0.315123, 20.72162, 17.29666, 1626.922, 1051.234, 544.196, 569.2473, 528.4297, 103.1462, 54.57277, 87.21647, 7.88348, 1174.676, 251.1795, 468.1632, 405.5514, 3229.955, 2193.263
90.2, 239.1513, 326.5439, 161.6523, 0.3016337, 19.38103, 16.38244, 1694.296, 1041.065, 513.9061, 540.6166, 661.2423, 97.65247, 52.32967, 83.2925, 7.537517, 1122.127, 240.1588, 587.8711, 386.5901, 3092.54, 2297.568
90.3, 227.9168, 309.5978, 152.5232, 0.2887219, 18.12717, 15.51654, 1615.368, 992.3824, 485.3021, 513.4259, 624.3768, 92.45133, 50.17876, 79.54508, 7.206736, 1071.929, 229.6216, 576.4262, 368.5152, 3024.277, 2245.003
90.40000000000001, 217.2101, 293.5311, 148.3431, 0.2763628, 16.95443, 14.69641, 1694.167, 945.9764, 510.5826, 487.6028, 614.5499, 112.9985, 48.11627, 75.96626, 6.890471, 1105.597, 219.5468, 848.8434, 351.2855, 3353.446, 2142.182
90.5, 207.0063, 317.206, 139.9657, 0.2645327, 15.85756, 13.91962, 1981.691, 1036.063, 482.1635, 463.0785, 696.1948, 189.9454, 46.13855, 72.54845, 6.588085, 1130.291, 209.914, 806.5825, 453.39, 3304.797, 2166.895
90.59999999999999, 197.2819, 300.7444, 132.0613, 0.2532091, 57.15527, 13.1839, 2105.788, 1168.292, 455.3264, 439.7877, 689.237, 214.8614, 44.24212, 69.28441, 6.298969, 1123.065, 200.7039, 766.4257, 432.192, 3288.699, 2132.878
90.7, 188.0143, 285.1371, 124.6034, 0.2423701, 139.5357, 12.48706, 2063.447, 1113.661, 432.2245, 417.6683, 650.8108, 226.7589, 42.42363, 66.16722, 6.022541, 1072.825, 191.8978, 858.4077, 411.985, 3385.644, 2137.742
90.8, 179.1821, 270.3398, 117.5666, 0.2319951, 130.5084, 11.82705, 2103.075, 1092.647, 408.1669, 396.6614, 614.5269, 214.6813, 40.6799, 63.19028, 5.758244, 1108.307, 183.4781, 998.703, 454.9962, 3684.943, 2230.067
90.90000000000001, 170.7648, 256.3104, 128.411, 0.2220643, 122.0652, 11.20193, 2198.004, 1041.552, 467.6391, 376.711, 580.2659, 203.247, 39.00784, 60.34728, 5.505546, 1197.97, 175.4279, 1103.021, 433.7231, 3644.047, 2127.929
91, 162.7429, 243.0091, 211.046, 0.2125585, 214.3907, 10.60984, 2160.709, 1040.497, 441.6104, 357.7641, 547.915, 222.6814, 37.4045, 57.63219, 5.263937, 1144.38, 167.7309, 1175.187, 689.777, 3521.96, 2123.489
91.09999999999999, 155.0978, 230.398, 241.6553, 0.2034597, 309.2042, 10.04906, 2253.723, 1105.279, 453.9332, 339.7701, 517.3678, 379.455, 35.86707, 55.03925, 5.03293, 1093.186, 160.3715, 1436.617, 657.5268, 3443.234, 2057.917
91.2, 147.8119, 218.4414, 270.5354, 0.1947503, 289.2001, 9.51791, 2491.151, 1053.594, 428.6673, 322.6812, 654.7607, 359.2446, 34.39282, 52.56297, 4.812062, 1123.86, 153.3351, 1728.258, 687.3669, 3614.904, 1974.481
91.3, 140.8682, 207.1053, 255.2574, 0.1864138, 270.4903, 9.014837, 2419.769, 1004.326, 607.4445, 306.4517, 618.2566, 340.1107, 32.97918, 50.1981, 4.600887, 1163.09, 146.6074, 1726.386, 655.2294, 3593.219, 2104.748
91.40000000000001, 134.2507, 196.3575, 336.2073, 0.1784341, 252.9908, 8.538355, 2492.004, 957.3611, 573.6342, 291.0385, 583.7877, 321.9958, 31.62363, 47.93963, 4.398979, 1111.06, 140.1749, 1957.678, 804.6697, 3745.409, 2190.153
91.5, 127.9441, 196.732, 380.562, 0.170796, 236.6236, 8.087057, 2387.218, 1076.003, 541.7057, 276.4005, 635.3107, 377.2623, 30.32381, 45.78277, 4.205931, 1061.357, 134.0246, 1860.212, 767.0478, 3628.536, 2089.844
91.59999999999999, 121.9338, 236.9964, 359.0703, 0.1634848, 221.3151, 7.659613, 2371.692, 1062.601, 511.5544, 262.4988, 599.8909, 386.1072, 29.07741, 43.72295, 4.021356, 1066.723, 128.1441, 1767.599, 814.0242, 3474.164, 2013.867
91.7, 116.2057, 224.6973, 338.7924, 0.1564866, 206.9971, 7.254761, 2340.563, 1134.999, 483.0814, 249.2963, 578.9667, 365.5424, 27.88225, 41.75581, 3.84488, 1106.023, 122.5217, 1781.813, 809.7355, 3692.345, 2115.951
91.8, 110.7468, 213.0366, 319.6596, 0.149788, 193.6054, 6.871308, 2340.249, 1081.924, 456.1931, 236.7578, 546.6882, 346.073, 26.7362, 39.87717, 3.676149, 1183.819, 117.146, 1693.103, 771.8767, 3577.652, 2060.782
91.90000000000001, 105.5443, 201.9809, 301.6073, 0.1433761, 181.0801, 6.508122, 2254.994, 1031.331, 430.8014, 224.8499, 620.5798, 327.6406, 25.63727, 38.08305, 3.514822, 1130.862, 112.0061, 1691.727, 747.7939, 3480.843, 1987.034
92, 100.5863, 236.5798, 284.5745, 0.1372387, 169.3651, 6.164133, 2149.946, 1024.364, 406.823, 213.5409, 585.9814, 310.1899, 24.5835, 36.36965, 3.360575, 1141.853, 107.0917, 1710.959, 745.4238, 3507.427, 1983.339
92.09999999999999, 177.1291, 426.4481, 268.5036, 0.131364, 158.408, 5.838326, 2049.792, 976.4624, 384.1793, 202.8007, 619.8986, 293.6687, 23.57305, 34.73334, 3.213098, 1090.773, 102.393, 1625.776, 710.5718, 3358.208, 1987.777
92.2, 205.284, 404.3174, 253.3402, 0.1257408, 155.5008, 5.529738, 2118.613, 946.3091, 362.7959, 192.6007, 585.3381, 278.0274, 22.60412, 33.17065, 3.072092, 1041.977, 97.90043, 1544.834, 677.3494, 3243.252, 1896.736
92.3, 195.6405, 482.6749, 323.0823, 0.1203583, 160.8571, 5.237462, 2019.919, 902.0576, 342.6027, 182.9137, 552.7045, 263.2192, 32.92896, 31.67826, 2.937275, 1207.302, 93.60497, 1564.986, 645.6802, 3105.271, 1809.865
92.40000000000001, 219.7086, 457.6263, 319.0865, 0.1152062, 150.4504, 4.960634, 1925.822, 859.8754, 323.5334, 173.714, 684.4064, 249.1997, 71.24209, 30.25302, 2.808373, 1279.576, 89.49797, 1487.071, 620.5216, 3118.272, 1726.973
92.5, 287.0064, 433.8776, 319.6766, 0.1102747, 140.717, 4.698438, 1878.869, 819.6658, 305.5256, 164.9769, 646.2495, 235.9269, 68.31383, 28.8919, 65.88011, 1222.335, 85.57117, 1478.381, 591.5094, 3291.617, 1647.878
92.59999999999999, 290.1201, 411.3613, 702.2077, 0.1055542, 131.6133, 4.4501, 1904.4, 842.1539, 288.5201, 156.6793, 610.2199, 223.361, 65.50593, 27.59202, 85.103, 1167.655, 81.81667, 1404.778, 611.0811, 3193.125, 1711.508
92.7, 372.1868, 390.0135, 775.4857, 0.1010358, 153.5402, 4.214889, 1815.685, 808.9604, 272.461, 148.799, 686.1213, 211.4644, 62.81344, 26.35063, 81.36829, 1322.676, 78.2269, 1334.839, 614.5818, 3057.278, 1738.715
92.8, 354.7029, 369.7736, 820.8863, 0.09671087, 143.6069, 3.992109, 1889.016, 771.1317, 257.2959, 141.3151, 647.8688, 200.2015, 60.23162, 25.16508, 164.4095, 1385.387, 74.79463, 1537.117, 585.8473, 3123.29, 1739.681
92.90000000000001, 420.3273, 350.584, 774.528, 0.09257103, 134.3162, 3.781105, 1801.017, 735.0718, 242.9748, 134.2075, 611.7489, 189.5384, 57.75593, 24.03288, 157.1945, 1383.089, 71.51295, 1520.987, 558.4563, 3192.341, 1660.003
93, 400.5818, 332.3903, 736.8301, 0.0886084, 175.457, 3.581253, 1843.447, 955.8835, 256.7352, 127.4575, 616.1063, 179.4433, 55.38199, 22.95161, 150.2961, 1358.945, 68.37527, 1506.038, 599.2612, 3348.514, 1872.705
93.09999999999999, 381.7639, 315.1408, 695.2187, 0.0848154, 164.1058, 3.391964, 1871.045, 911.1843, 332.4301, 121.0469, 638.4039, 169.8858, 53.10563, 21.91899, 143.7004, 1371.822, 65.37524, 1431.058, 628.0834, 3206.055, 1786.935
93.2, 414.6696, 298.7864, 655.9573, 0.08118476, 153.4889, 3.212681, 1837.675, 868.5754, 317.1655, 114.9588, 652.1539, 160.8374, 50.92283, 20.93283, 137.3941, 1310.454, 62.50685, 1359.81, 598.7177, 3170.46, 1806.322
93.3, 395.1899, 283.2808, 618.9131, 0.07770954, 143.5589, 3.042873, 1847.046, 899.421, 368.3901, 109.1769, 742.3198, 152.2709, 48.82975, 19.99104, 131.3646, 1339.21, 59.76431, 1292.11, 675.9811, 3288.948, 1854.122
93.40000000000001, 376.6253, 268.5798, 647.2758, 0.07438308, 134.2714, 2.882041, 1795.953, 857.3621, 407.6855, 103.6857, 719.1354, 144.1607, 46.8227, 19.09162, 125.5997, 1279.301, 57.14211, 1227.781, 644.376, 3149.024, 1816.295
93.5, 358.9328, 254.6417, 610.7219, 0.07119901, 125.5847, 2.72971, 1712.29, 868.3414, 414.188, 174.6486, 784.9413, 136.4825, 44.89815, 18.23266, 120.0878, 1222.072, 54.63495, 1202.006, 614.2485, 3015.052, 1939.526
93.59999999999999, 342.0714, 241.427, 576.2322, 0.06815124, 117.4599, 2.58543, 1652.106, 827.7359, 391.1343, 165.8645, 741.1794, 129.2132, 43.0527, 17.41236, 241.8054, 1297.308, 52.2378, 1142.162, 595.0084, 3085.916, 1926.596
93.7, 354.5079, 228.898, 543.6904, 0.06523394, 109.8608, 2.448776, 1611.313, 789.0292, 369.3638, 263.3325, 715.7145, 122.3311, 41.28311, 16.62895, 231.1939, 1363.09, 49.94582, 1085.298, 567.189, 3081.622, 1851.746
93.8, 376.2686, 217.0192, 512.9863, 0.06244151, 102.7534, 2.319345, 1609.487, 817.0488, 348.805, 250.088, 768.4916, 115.8155, 39.58625, 46.84042, 221.048, 1302.113, 47.75441, 1112.006, 540.6703, 3177.005, 1866.361
93.90000000000001, 358.5929, 242.2662, 484.0161, 0.05976862, 96.10573, 2.196755, 1591.2, 778.8419, 329.3906, 237.5096, 725.6469, 109.647, 37.95914, 95.27991, 211.3474, 1339.551, 45.65914, 1129.662, 515.3915, 3237.149, 1881.706
94, 341.7475, 229.6937, 456.6821, 0.05721015, 89.88815, 2.080645, 1580.539, 742.4215, 311.0567, 225.5639, 685.1907, 103.807, 72.79272, 90.99316, 202.0725, 1279.626, 43.65581, 1073.421, 491.2946, 3099.428, 1817.511
94.09999999999999, 325.6934, 217.7737, 430.8916, 0.05476119, 84.07282, 1.970672, 1506.91, 707.7043, 293.7433, 214.2191, 646.9901, 98.27807, 69.80072, 86.89928, 193.2046, 1222.383, 41.74038, 1019.979, 468.3244, 3013.786, 1760.898
94.2, 310.3935, 206.4722, 406.5577, 0.05241707, 78.63371, 1.866511, 1436.712, 779.476, 277.3936, 203.4448, 610.9193, 93.04361, 66.9317, 82.98958, 184.7259, 1167.7, 39.90898, 969.1976, 446.4281, 2908.356, 1757.219
94.3, 305.0997, 195.7572, 383.5979, 0.05017328, 73.54649, 1.767856, 1369.784, 743.0259, 261.9539, 193.2124, 659.4838, 88.08795, 108.893, 79.25578, 176.6193, 1167.449, 38.15794, 920.9447, 425.5556, 3053.592, 1676.738
94.40000000000001, 302.8262, 185.5983, 361.9348, 0.04802555, 68.78839, 1.674415, 1372.717, 708.2805, 247.3735, 183.4946, 622.7164, 83.39624, 104.4171, 75.68997, 168.8684, 1115.224, 36.48373, 875.0941, 405.6589, 3077.103, 1599.943
94.5, 288.6005, 175.9666, 341.4951, 0.04596975, 64.33811, 1.585914, 1326.267, 675.1597, 233.6047, 174.2656, 587.9988, 78.95441, 100.1253, 72.28459, 181.7232, 1112.862, 34.88298, 930.1685, 386.6925, 3140.565, 1647.444
94.59999999999999, 275.0431, 166.8347, 322.2097, 0.04400196, 60.17575, 1.50209, 1264.484, 685.7191, 220.6023, 165.5008, 555.2169, 74.74917, 96.00984, 69.03242, 173.7483, 1063.078, 33.35246, 883.8587, 469.7585, 3036.36, 1571.991
94.7, 262.1226, 158.1768, 304.0133, 0.04211839, 56.28267, 1.422696, 1234.861, 741.449, 208.3236, 157.1769, 655.6919, 70.7679, 113.7845, 65.92657, 166.1234, 1015.522, 31.8891, 839.8545, 475.566, 2907.182, 1721.85
94.8, 249.809, 149.9681, 286.8446, 0.04031546, 52.64145, 1.347499, 1221.586, 706.7773, 243.075, 149.2715, 680.1683, 66.99868, 109.1076, 62.96046, 158.8332, 1155.471, 30.48994, 881.5024, 454.693, 2953.561, 1765.405
94.90000000000001, 238.0739, 142.1855, 270.6455, 0.0385897, 49.2358, 1.276276, 1164.679, 695.4156, 229.5454, 141.7638, 642.2477, 63.43022, 181.3389, 60.1278, 151.8628, 1152.71, 29.15217, 837.6155, 449.2914, 3138.947, 1684.55
95, 283.1767, 156.9492, 310.3773, 0.03693782, 46.05048, 1.208818, 1170.699, 662.8965, 216.769, 134.6337, 647.8725, 60.05182, 173.8854, 57.42258, 145.1984, 1142.66, 27.87309, 795.9136, 428.285, 3005.404, 1607.397
95.09999999999999, 269.8741, 148.8043, 292.8492, 0.03535665, 43.07124, 1.144926, 1116.163, 631.898, 204.7036, 127.8622, 645.6883, 56.85335, 166.7382, 54.83907, 138.8264, 1129.476, 26.65014, 756.2879, 408.2607, 2877.542, 1533.778
95.2, 257.1964, 156.4732, 276.311, 0.03384316, 40.28474, 1.08441, 1064.167, 673.4128, 193.3098, 121.4313, 609.69, 53.82524, 159.8847, 52.3718, 132.7341, 1078.949, 25.48084, 878.0551, 419.1703, 2844.088, 1463.531
95.3, 245.1142, 148.353, 260.7067, 0.03239446, 37.67851, 1.027093, 1014.594, 660.7632, 182.5502, 115.3239, 690.2538, 50.95842, 153.313, 50.01553, 126.9091, 1030.683, 24.36285, 834.3398, 458.3228, 2723.089, 1651.362
95.40000000000001, 297.1417, 140.6541, 245.9837, 0.03100777, 35.24089, 0.972806, 1054.193, 629.8645, 205.2941, 109.5236, 687.8805, 48.24429, 147.0114, 47.76528, 121.3397, 984.5756, 23.29391, 792.801, 438.0404, 2839.238, 1605.97
95.5, 283.183, 137.9079, 232.0921, 0.02968044, 32.96098, 0.921388, 1005.084, 600.4106, 193.8674, 104.015, 696.6747, 45.67472, 163.274, 45.61626, 116.0148, 940.5311, 22.27187, 826.9609, 417.56, 2808.837, 1577.606
95.59999999999999, 295.1866, 139.7379, 218.9851, 0.02840993, 30.82856, 0.8726876, 1003.098, 572.3342, 183.0768, 98.78351, 657.8338, 43.242, 164.6362, 43.56394, 110.9235, 898.4568, 21.29467, 785.7894, 398.0372, 2913.893, 1694.866
95.7, 281.3198, 132.4862, 206.6182, 0.02719381, 28.8341, 0.8265614, 1016.517, 666.524, 172.8867, 93.81512, 621.1584, 40.93886, 157.8691, 41.60395, 106.0557, 858.2648, 20.36035, 746.6678, 451.5688, 2826.354, 1685.818
95.8, 268.1044, 137.6637, 194.9498, 0.02602974, 26.96867, 0.7828732, 1027.595, 635.356, 163.2639, 89.09663, 586.5277, 38.75839, 155.639, 39.73214, 101.4015, 819.8707, 19.46703, 736.5931, 430.4559, 2706.109, 1608.607
95.90000000000001, 255.5098, 130.5196, 183.9403, 0.0249155, 25.22393, 0.7414941, 979.7249, 684.3766, 280.5132, 84.61546, 553.8278, 36.69405, 194.9228, 37.94455, 96.95149, 783.1942, 18.61289, 842.9285, 410.3301, 2800.493, 1643.318
96, 243.5069, 184.6863, 182.33, 0.02384896, 23.59206, 0.7023022, 1032.775, 652.3737, 264.8999, 80.35967, 522.9509, 34.73966, 186.9109, 36.23738, 92.69681, 748.1583, 17.79624, 915.6787, 391.1453, 2776.616, 1568.054
96.09999999999999, 232.0678, 175.1019, 283.5553, 0.02282807, 22.06577, 0.6651817, 984.6638, 621.8673, 250.1556, 190.1557, 564.7274, 32.88937, 179.2283, 34.60702, 88.62885, 1021.846, 214.8298, 870.0903, 372.8575, 2709.253, 1516.255
96.2, 255.3656, 211.3845, 267.5419, 0.02185089, 20.63822, 0.6300232, 938.7939, 592.7875, 236.2319, 180.5917, 533.2428, 31.13763, 171.8615, 33.05001, 84.7394, 1077.407, 205.4039, 826.7716, 479.8279, 2593.991, 1484.928
96.3, 243.3695, 200.4146, 252.4329, 0.02091553, 19.30303, 0.5967231, 931.5224, 565.0674, 223.0833, 227.6348, 503.5135, 29.47918, 164.7975, 31.56305, 81.02065, 1056.422, 258.3008, 905.436, 457.3937, 2540.94, 1570.055
96.40000000000001, 231.9369, 190.014, 238.1771, 0.02002021, 64.31595, 0.5651831, 888.1281, 538.6437, 305.3992, 324.6082, 475.4418, 27.90907, 188.2821, 30.14299, 77.46508, 1039.665, 246.9677, 860.3576, 436.0085, 2580.923, 1498.146
96.5, 221.0413, 180.1532, 246.1802, 0.01916322, 60.15502, 0.5353101, 965.8448, 593.4686, 288.4007, 308.2818, 448.935, 26.42259, 180.5431, 28.78683, 74.06555, 1082.686, 264.9674, 817.5234, 415.6231, 2471.121, 1537.92
96.59999999999999, 210.6576, 170.8041, 265.5044, 0.01834291, 56.26328, 0.5070161, 1055.128, 565.7167, 272.3483, 456.1518, 522.2101, 25.01527, 364.5655, 113.5349, 70.81521, 1059.969, 253.3417, 776.8218, 396.1909, 2365.99, 1467.483
96.7, 213.144, 161.9401, 250.5104, 0.01755772, 52.62332, 0.4802176, 1005.976, 539.2626, 257.1894, 433.2094, 493.096, 23.68292, 349.5808, 305.0979, 67.70751, 1071.289, 242.2262, 738.1467, 377.6671, 2432.237, 1563.33
96.8, 230.5928, 153.5362, 253.7793, 0.01680614, 59.35069, 0.4548355, 959.1133, 514.0455, 375.2536, 411.4208, 465.605, 22.42153, 335.212, 291.3712, 64.73619, 1057.287, 231.5983, 701.397, 360.0095, 2468.144, 1491.729
96.90000000000001, 219.7604, 145.5683, 239.4475, 0.01608673, 55.51099, 0.430795, 914.4337, 490.0076, 354.367, 390.7281, 439.6467, 21.22732, 359.3616, 301.3694, 61.89527, 1116.579, 268.041, 710.2772, 343.1774, 2363.14, 1423.408
97, 209.4368, 138.014, 272.5081, 0.01539812, 51.91969, 0.4080252, 871.8354, 467.0938, 334.6429, 461.3702, 415.1356, 20.09671, 429.8292, 287.8105, 59.17902, 1083.589, 289.0684, 674.915, 327.1323, 2404.387, 1440.478
97.09999999999999, 199.5982, 130.8517, 329.8968, 0.01473898, 48.56074, 0.3864589, 831.2216, 445.2515, 316.0167, 721.9171, 391.991, 19.02633, 412.162, 475.6245, 56.58197, 1069.003, 337.8448, 641.3134, 311.8374, 2302.095, 1520.38
97.2, 190.2218, 124.0611, 575.3684, 0.01410806, 84.89844, 0.3660325, 792.4998, 559.1318, 543.52, 790.4877, 370.1368, 18.01295, 395.2209, 637.34, 54.09889, 1197.587, 1000.491, 743.6924, 297.2576, 2499.133, 1472.405
97.3, 181.2859, 117.6229, 569.3604, 0.01350414, 80.16191, 0.3466857, 755.5817, 577.8431, 513.2676, 750.7296, 349.501, 17.05355, 378.9762, 1061.318, 51.72478, 1278.29, 1097.635, 784.2687, 283.3594, 2392.81, 1404.969
97.40000000000001, 172.7697, 111.5188, 537.2067, 0.01292608, 74.97582, 0.3283615, 720.3835, 550.8219, 582.385, 712.9712, 330.0157, 16.14525, 363.3991, 1423.946, 49.45485, 1408.123, 1170.016, 745.2228, 270.1111, 2291.01, 1340.621
97.5, 164.6536, 105.7315, 506.8687, 171.7515, 70.12525, 0.3110058, 686.8249, 525.0643, 565.9263, 677.1118, 311.6167, 15.28533, 348.4624, 1377.843, 47.28455, 1345.131, 1129.743, 708.1208, 257.4822, 2396.148, 1340.822
97.59999999999999, 156.9188, 100.2445, 506.0033, 164.3994, 65.58849, 0.2945675, 654.8297, 500.5111, 566.204, 643.056, 294.2435, 14.47121, 334.1396, 1315.852, 45.20948, 1284.957, 1080.174, 672.866, 245.4437, 2294.207, 1381.545
97.7, 149.5473, 95.04227, 477.4275, 157.3621, 61.34523, 0.278998, 624.3249, 477.1061, 534.6891, 610.7131, 277.8389, 13.70045, 320.4054, 1256.651, 43.22548, 1227.475, 1153.075, 757.725, 233.9681, 2233.121, 1318.27
97.8, 142.5221, 90.11002, 450.4655, 150.626, 57.37649, 0.2642514, 595.2411, 454.7956, 537.0551, 579.9969, 262.3489, 12.97074, 307.2358, 1200.112, 41.32854, 1269.405, 1102.483, 720.0005, 223.029, 2311.006, 1257.893
97.90000000000001, 135.827, 85.43372, 425.0262, 144.1782, 53.66451, 0.2502843, 567.5123, 433.5284, 507.1626, 550.8256, 247.7225, 12.27989, 294.6075, 1211.687, 39.51486, 1212.618, 1054.11, 757.9161, 212.6014, 2298.792, 1279.171
98, 129.4463, 81.0001, 401.0234, 138.0065, 50.19267, 0.2370555, 541.0751, 413.2556, 515.1552, 523.1215, 233.9115, 11.62585, 282.4983, 1527.258, 37.78076, 1158.372, 1085.803, 720.1821, 202.6613, 2330.021, 1220.584
98.09999999999999, 123.3654, 76.79656, 378.3763, 132.099, 46.94545, 0.2245258, 515.8694, 393.9309, 486.4817, 592.2047, 220.8705, 11.00663, 270.8868, 1588.118, 36.12277, 1106.553, 1101.758, 684.3268, 193.186, 2274.171, 1186.481
98.2, 117.5701, 72.81117, 357.008, 126.4443, 43.9083, 0.2126584, 491.838, 375.5099, 459.4041, 562.4193, 208.5566, 10.4204, 259.7525, 1631.812, 34.53753, 1188.098, 1053.417, 806.7148, 184.1537, 2481.437, 1132.14
98.3, 112.0471, 69.03261, 336.8465, 121.0317, 41.06765, 0.2014183, 579.0102, 495.6734, 438.7407, 534.1321, 196.9292, 9.865395, 249.0759, 1630.932, 33.02187, 1134.949, 1007.198, 838.5958, 175.5437, 2585.348, 1162.513
98.40000000000001, 106.7835, 65.45013, 317.8236, 162.7068, 38.41077, 0.1907722, 996.7476, 585.7896, 414.3204, 507.2675, 185.95, 9.339947, 238.8382, 1706.23, 31.57271, 1429.409, 963.0061, 1029.403, 167.3362, 3039.214, 1162.488
98.5, 101.7672, 62.05357, 299.875, 155.7419, 35.92577, 0.1806889, 1361.719, 867.8964, 391.2594, 481.7542, 505.4657, 8.842485, 229.0212, 1671.957, 30.18716, 1564.349, 920.7534, 978.1531, 159.5125, 3304.332, 1182.595
98.59999999999999, 145.0984, 58.83327, 282.94, 334.0021, 79.39046, 0.1711385, 1537.055, 1045.674, 369.4819, 457.524, 477.2851, 8.37152, 219.6078, 1817.139, 28.8624, 1494.368, 880.3546, 968.9788, 152.0546, 3795.827, 1367.312
98.7, 138.2822, 78.50996, 295.7092, 319.7047, 74.25428, 0.1620929, 1745.055, 1081.89, 590.9245, 434.5126, 496.7769, 7.925639, 210.5813, 1735.384, 27.59579, 1556.22, 841.7283, 941.2334, 144.9453, 4067.473, 1339.034
98.8, 131.7862, 74.43565, 279.0095, 306.0193, 69.45039, 0.1535255, 1878.422, 1240.999, 558.0337, 412.6585, 469.0807, 7.503506, 201.9258, 1737.986, 26.38476, 1633.24, 804.7968, 1130.469, 138.1685, 4320.379, 1277.706
98.90000000000001, 125.5953, 70.57278, 263.2528, 292.9198, 262.6595, 0.1454108, 2113.535, 1213.463, 526.9736, 391.9036, 442.9286, 7.103856, 193.626, 1764.973, 25.22687, 1704.182, 951.2297, 1100.458, 131.7085, 4318.066, 1383.827
99, 217.8355, 66.91038, 248.386, 280.381, 245.6667, 0.1377251, 2270.377, 1431.431, 592.8939, 372.1925, 452.8627, 6.725492, 185.6674, 1685.565, 24.1198, 1627.946, 909.4938, 1045.67, 125.5505, 4330.477, 1513.143
99.09999999999999, 207.6024, 134.4615, 275.459, 268.3789, 447.1235, 0.1304456, 2619.727, 1861.013, 645.243, 353.4728, 478.258, 6.367281, 178.0359, 1958.952, 23.06131, 1739.792, 869.589, 993.6097, 119.6804, 4533.798, 1443.841
99.2, 197.8499, 150.6861, 259.9029, 256.8906, 451.5249, 0.1235508, 2578.793, 2153.624, 785.9462, 335.6947, 473.6255, 6.028149, 170.7181, 2127.424, 22.04927, 1718.078, 831.4351, 1220.961, 114.0848, 4511.481, 1417.133
99.3, 188.5557, 142.8662, 245.2252, 245.894, 491.9038, 0.1170205, 2682.517, 2345.442, 742.2004, 318.8107, 586.2796, 5.70708, 163.7011, 2136.26, 21.08165, 1641.221, 794.9551, 1160.173, 108.7508, 4319.545, 1352.228
99.40000000000001, 179.698, 135.4521, 231.3765, 235.3682, 507.2046, 0.1108353, 2799.771, 2734.365, 700.8896, 302.7759, 553.5934, 5.403111, 156.9725, 2169.851, 20.15649, 1603.821, 760.0758, 1102.412, 103.6662, 4440.91, 1325.756
99.5, 171.2564, 128.4227, 218.3099, 225.293, 614.5814, 0.1049771, 2835.741, 3042.878, 661.8781, 287.5476, 522.7296, 5.115332, 150.5205, 2072.227, 19.27193, 1532.075, 726.7269, 1047.527, 98.81937, 4251.977, 1295.57
99.59999999999999, 163.2114, 121.7582, 205.9812, 215.649, 712.2009, 0.09942848, 2896.647, 2932.595, 625.038, 273.0852, 554.7328, 4.842881, 144.3337, 2111.854, 18.42619, 1603.956, 694.8411, 995.3746, 94.19912, 4173.073, 1236.233
99.7, 199.4068, 115.4395, 194.3487, 206.4179, 666.1249, 0.09417316, 2761.709, 3018.929, 590.2484, 259.3503, 523.8054, 4.584941, 138.4011, 2016.839, 17.61756, 1532.204, 664.3544, 1081.675, 89.79488, 4299.302, 1179.613
99.8, 225.4006, 109.4487, 183.3731, 197.5819, 756.2419, 0.0891956, 2810.573, 2877.758, 608.9891, 246.3061, 494.6023, 4.340739, 132.7124, 1926.1, 16.84442, 1519.249, 635.2053, 1153.918, 85.59657, 4566.869, 1231.617
99.90000000000001, 214.8121, 181.3704, 173.0174, 189.1241, 707.3167, 0.08448114, 2679.644, 2881.803, 575.0928, 233.9179, 467.0273, 4.109544, 127.2576, 1869.411, 16.10521, 1451.286, 607.3351, 1113.808, 81.59454, 4507.004, 1175.208
100, 204.721, 171.9581, 163.2465, 181.0284, 661.5567, 0.08001585, 2647.799, 2755.26, 543.0832, 222.1529, 440.9897, 3.890663, 122.0269, 1785.305, 15.39844, 1386.364, 580.6878, 1058.355, 77.77962, 4315.259, 1121.384
100.1, 195.104, 292.1653, 154.0274, 173.2793, 673.4536, 0.07578658, 2524.453, 2652.661, 512.8552, 210.9796, 416.4037, 3.683439, 117.0112, 1825.257, 14.72268, 1324.345, 555.2097, 1018.783, 74.14307, 4131.671, 1070.024
100.2, 185.9387, 281.6193, 145.3289, 165.8618, 824.3568, 0.07178085, 2592.15, 2750.666, 484.3097, 200.3682, 393.1885, 3.487253, 112.2017, 1743.136, 14.07658, 1265.101, 530.8494, 968.0614, 70.67654, 4254.027, 1021.017
100.3, 177.204, 333.7536, 137.1217, 158.7619, 792.338, 0.06798685, 2568.515, 2622.038, 457.3531, 190.2905, 371.2675, 3.301516, 107.5899, 1664.711, 13.45884, 1390.093, 507.5579, 970.1175, 67.37209, 4073.044, 974.2542
100.4, 168.8796, 316.4333, 129.378, 151.9659, 896.1776, 0.06439338, 2491.757, 2737.711, 431.8968, 180.7198, 350.5687, 3.125672, 103.1676, 1642.263, 12.8682, 1327.908, 485.2884, 970.4805, 64.22215, 3960.574, 1126.603
100.5, 160.9462, 300.0118, 122.0715, 145.4608, 953.1112, 0.06098984, 2612.942, 2609.689, 407.8575, 171.6303, 331.0239, 2.959193, 98.92715, 1568.375, 12.30348, 1300.844, 463.996, 922.1637, 61.21947, 4152.392, 1075.004
100.6, 153.3856, 284.4426, 115.1777, 139.2341, 1348.651, 0.0577662, 2742.339, 2740.579, 385.1561, 162.9981, 358.1144, 2.801581, 94.86095, 1497.812, 11.76355, 1242.652, 443.6378, 876.2524, 58.35718, 4018.461, 1087.119
100.7, 146.1801, 269.6813, 108.6732, 220.011, 1664.98, 0.05471295, 2801.306, 2622.514, 378.6413, 154.8, 338.1489, 2.652364, 90.96188, 1512.34, 11.24731, 1283.676, 424.1728, 921.4679, 55.62872, 4326.028, 1037.329
100.8, 227.748, 255.6861, 102.5361, 210.5932, 1793.85, 0.05182108, 2848.41, 2550.503, 357.5661, 147.0142, 319.2965, 2.511095, 87.22308, 1556.152, 10.75373, 1226.251, 405.5619, 875.5913, 53.02782, 4262.469, 989.8193
100.9, 217.0492, 242.4172, 96.74551, 201.5785, 1677.797, 0.04908205, 2715.719, 2509.957, 337.664, 139.62, 301.4951, 2.37735, 83.63795, 1486.139, 10.2818, 1179.236, 387.7675, 855.8093, 50.54853, 4288.527, 944.4854
101, 206.8531, 229.8368, 91.28195, 192.9496, 1569.251, 0.0464878, 2607.228, 2412.171, 318.8696, 132.5978, 284.6862, 2.250728, 80.20019, 1419.276, 9.83059, 1144.64, 370.7539, 813.2015, 48.18516, 4442.371, 1189.135
101.1, 197.1358, 217.9093, 86.12694, 184.6902, 1467.728, 0.04403067, 2603.416, 2299.373, 360.2284, 125.9287, 268.8145, 2.130851, 76.90372, 1466.167, 9.399179, 1093.435, 354.4868, 772.7151, 45.93228, 4253.375, 1158.966
101.2, 187.8751, 206.6008, 81.26305, 219.5652, 1372.773, 0.04170341, 2640.324, 2211.311, 340.1781, 119.595, 295.3815, 2.017358, 73.74275, 1418.489, 8.986699, 1097.69, 338.9334, 779.7834, 43.78474, 4156.543, 1105.885
101.3, 179.0494, 195.8792, 76.67384, 210.1664, 1283.962, 0.03949916, 2517.326, 2107.906, 411.9851, 113.5799, 278.9134, 1.90991, 70.71171, 1354.67, 8.592321, 1048.585, 324.0624, 740.9608, 41.73761, 4249.416, 1110.304
101.4, 170.6383, 185.714, 122.9651, 201.1699, 1200.896, 0.03741142, 2400.059, 2058.414, 389.0541, 107.8673, 263.3635, 1.808185, 67.80525, 1573.751, 8.215251, 1001.677, 309.8439, 704.0709, 39.78618, 4279.954, 1165.187
101.5, 216.739, 176.0762, 168.2076, 192.5586, 1123.203, 0.03543403, 2288.253, 2151.229, 457.4182, 102.4421, 291.29, 1.711878, 65.01826, 1521.82, 7.854728, 956.8678, 296.2492, 669.0178, 37.926, 4097.868, 1135.167
101.6, 229.1236, 166.9387, 273.1972, 228.4884, 1050.537, 0.03356115, 2298.525, 2050.633, 431.9583, 97.28968, 318.572, 1.6207, 62.34581, 1453.351, 7.510026, 914.0627, 283.2511, 635.7097, 36.15279, 3923.529, 1293.347
101.7, 218.3602, 158.2753, 1435.929, 286.0537, 982.5728, 0.03178726, 2203.445, 1993.847, 407.9155, 92.39643, 361.4285, 1.534379, 350.7975, 1387.964, 7.180451, 965.1454, 270.8232, 652.5768, 34.46248, 4027.357, 1325.923
101.8, 307.1715, 209.1891, 2335.331, 349.8425, 919.005, 0.03010713, 2190.847, 1905.224, 385.211, 87.74929, 341.2782, 1.452655, 489.0851, 1429.822, 6.86534, 921.9701, 258.9406, 620.0873, 32.8512, 4019.701, 1379.012
101.9, 423.5195, 238.8421, 2232.985, 417.2943, 859.5498, 0.02851581, 2130.594, 1857.133, 363.7701, 83.33588, 322.2513, 1.375285, 631.7821, 1365.493, 6.564057, 917.4556, 247.5794, 589.2153, 31.31526, 3848.687, 1368.548
102, 403.6241, 329.3753, 2221.576, 399.4315, 803.9411, 0.0270086, 2031.342, 1770.289, 614.3187, 79.14445, 433.0418, 1.302035, 605.814, 1304.058, 6.275996, 876.4137, 236.7166, 559.8804, 29.85113, 3684.949, 1352.455
102.1, 411.0404, 312.2822, 2210.091, 382.3333, 751.93, 0.02558105, 1936.714, 1687.506, 708.0766, 75.16383, 417.7017, 1.232686, 580.9133, 1271.564, 6.000576, 917.3693, 226.3305, 532.0059, 28.45545, 3804.196, 1290.513
102.2, 391.7312, 296.0762, 2243.797, 365.967, 703.2838, 0.02422895, 1972.396, 1813.379, 668.6651, 71.38342, 394.4141, 1.167031, 557.036, 1214.355, 5.737243, 884.6671, 216.4001, 505.5192, 27.12503, 3999.406, 1271.08
102.3, 373.3291, 280.7112, 2191.845, 350.3013, 657.7847, 0.02294832, 2010.069, 1728.582, 631.4472, 67.79314, 451.1158, 1.104873, 538.1135, 1159.72, 5.485466, 1009.339, 206.9053, 480.3512, 25.85681, 3847.489, 1269.716
102.4, 679.1395, 266.1436, 2294.091, 335.3062, 615.2292, 0.02173538, 2028.722, 1747.293, 596.3009, 64.38345, 571.4543, 1.046026, 515.9954, 1107.542, 5.244738, 1008.687, 197.8272, 456.4362, 24.64789, 3683.802, 1379.591
102.5, 752.7095, 252.3319, 2488.958, 320.9529, 575.4268, 0.02058655, 1934.216, 1710.639, 563.1108, 61.14524, 553.5209, 0.9903124, 494.7865, 1057.713, 5.014575, 963.5636, 189.1474, 433.7119, 23.49549, 3541.245, 1342.74
102.6, 743.3013, 358.3789, 2348.398, 307.2141, 538.1995, 0.01949844, 1906.91, 1694.375, 531.7681, 58.0699, 522.6611, 0.9375667, 474.4493, 1068.183, 4.794512, 920.459, 180.8484, 412.1189, 22.39697, 3494.648, 1440.427
102.7, 708.3837, 516.5124, 2215.776, 294.0634, 503.3806, 0.01846784, 2055.494, 1615.142, 502.17, 55.14923, 493.5218, 0.8876303, 454.9481, 1090.62, 4.584106, 987.243, 172.9135, 391.601, 21.34981, 3522.224, 1456.36
102.8, 732.9316, 489.7078, 2090.643, 281.4756, 526.2352, 0.01749172, 2092.499, 1539.615, 474.2192, 52.37547, 466.0071, 0.8403536, 436.2484, 1041.552, 4.382935, 1010.931, 165.3268, 372.1046, 20.35161, 3574.757, 1440.49
102.9, 770.0127, 464.2942, 1972.577, 269.4267, 492.1903, 0.01656719, 2030.844, 1591.883, 447.8242, 49.74121, 455.6065, 0.7955949, 418.3173, 994.6914, 4.190591, 990.8181, 158.0729, 353.5788, 19.40008, 3422.673, 1438.568
103, 733.8403, 440.1994, 1861.179, 257.8935, 545.9877, 0.01569152, 1978.583, 1517.443, 422.8983, 47.23944, 500.1052, 0.7532202, 401.1232, 949.9391, 4.006688, 946.4943, 151.1373, 335.9754, 18.49303, 3474.738, 1499.375
103.1, 699.3671, 417.3551, 1756.072, 246.854, 510.6649, 0.01486214, 1982.215, 1516.042, 540.4554, 44.86351, 472.2234, 0.7131024, 384.6359, 907.2003, 3.830856, 904.1533, 144.5061, 319.2484, 17.6284, 3459.308, 1505.62
103.2, 666.5134, 395.6963, 1656.9, 236.2871, 477.6274, 0.0140766, 1962.087, 1445.149, 544.5591, 42.60707, 445.8961, 0.6751214, 368.8262, 897.4122, 3.66274, 863.7064, 138.1658, 303.3541, 16.80419, 3445.606, 1436.663
103.3, 635.203, 375.1614, 1563.329, 226.1726, 446.7272, 0.01333257, 1870.684, 1542.414, 514.249, 129.1211, 441.9753, 0.6391633, 353.6664, 857.0366, 3.502002, 912.233, 132.1036, 288.2512, 16.01852, 3384.193, 1595.687
103.4, 711.3036, 355.6923, 1475.043, 216.491, 417.8261, 0.01262787, 1850.221, 1558.648, 485.6259, 175.2636, 417.3343, 0.6051204, 339.1296, 818.4775, 3.348318, 896.2953, 126.3075, 273.9001, 15.26958, 3434.728, 1522.604
103.5, 677.8892, 337.2335, 1391.742, 207.2238, 390.7948, 0.01196042, 1857.762, 1485.762, 458.596, 200.7654, 500.9972, 0.5728906, 325.1904, 863.0235, 3.201379, 856.2, 120.7656, 407.6879, 14.55566, 3521.141, 1548.557
103.6, 646.0444, 319.7326, 1313.145, 198.3533, 367.7661, 0.01132825, 1865.867, 1466.94, 433.0706, 202.313, 520.9261, 0.5423775, 311.8241, 943.8111, 3.060887, 817.8983, 115.4669, 387.3906, 13.87512, 3380.546, 1567.566
103.7, 615.6956, 303.1399, 1313.159, 189.8625, 348.2729, 0.01072949, 1881.093, 1398.343, 408.9659, 202.8187, 491.8835, 0.5134896, 299.0072, 1241.967, 2.926561, 821.5085, 110.4007, 368.1038, 13.22639, 3254.55, 1495.771
103.8, 636.7751, 287.4084, 1239, 181.7352, 325.7413, 0.01016238, 2138.323, 1332.953, 386.2029, 302.4468, 464.4601, 0.4861403, 297.2856, 1383.585, 2.79813, 784.7587, 105.5568, 349.7772, 12.608, 3116.089, 1427.264
103.9, 606.8617, 272.4932, 1169.03, 173.9558, 304.6674, 0.009625244, 2038.711, 1337.1, 364.7068, 319.8167, 438.5656, 0.4602476, 285.0663, 1428.161, 2.675335, 772.9161, 100.9254, 366.3191, 12.01852, 3321.815, 1442.028
104, 607.3594, 258.352, 1116.462, 166.5094, 327.5395, 0.009116498, 2053.111, 1274.575, 362.6508, 303.7313, 414.1148, 0.4357341, 273.3492, 1546.235, 2.557929, 738.3401, 96.49723, 348.0814, 11.4566, 3229.805, 1375.983
104.1, 603.5098, 244.9447, 1053.411, 159.3817, 306.3493, 0.008634642, 2012.982, 1214.973, 342.4657, 288.455, 391.0271, 0.4125261, 262.1137, 1476.668, 2.445675, 781.4601, 92.26334, 330.7516, 10.92095, 3178.801, 1312.963
104.2, 607.6071, 232.2332, 993.9214, 280.6311, 286.53, 0.008178255, 1985.864, 1240.238, 323.4041, 273.9469, 369.2267, 0.3905543, 251.3401, 1410.231, 2.338348, 746.5019, 88.21521, 314.2847, 10.41034, 3080.46, 1252.829
104.3, 579.0638, 220.1814, 937.7913, 314.5206, 267.9929, 0.00774599, 2052.668, 1182.242, 305.4034, 260.1686, 348.6416, 0.3697527, 269.8557, 1472.724, 2.23573, 713.1075, 329.5067, 298.6376, 9.923614, 3154.264, 1195.449
104.4, 551.8615, 208.755, 884.8309, 320.5329, 295.2193, 0.007336573, 2149.452, 1209.893, 409.2554, 247.0832, 329.2042, 0.3500591, 268.1354, 1451.796, 2.137616, 751.9753, 960.695, 399.4642, 9.45964, 3387.093, 1205.247
104.5, 525.9371, 197.9215, 834.8615, 306.8121, 276.12, 0.006948796, 2089.017, 1153.316, 408.5409, 234.656, 310.8505, 0.3314143, 257.1142, 1431.356, 2.043808, 864.4319, 961.7977, 428.3438, 9.017359, 3242.993, 1242.87
104.6, 501.2304, 187.6503, 787.7139, 293.6786, 303.9456, 0.006581515, 2068.995, 1099.384, 385.8015, 222.8539, 293.52, 0.3137626, 246.5461, 1366.958, 1.954116, 825.7619, 919.5981, 407.018, 8.595757, 3324.8, 1315.661
104.7, 477.6844, 196.5199, 743.2289, 281.1073, 285.6787, 0.006233646, 2129.78, 1126.355, 409.2597, 279.0596, 277.1557, 0.2970511, 236.4123, 1585.421, 1.86836, 788.8218, 1100.918, 386.7541, 8.193866, 3183.35, 1255.403
104.8, 455.2446, 186.3215, 701.2562, 269.0741, 267.1967, 0.005904164, 2103.254, 1073.684, 415.9065, 287.0456, 343.9862, 0.2812296, 226.6951, 2014.004, 1.786368, 859.5898, 1247.124, 413.0351, 7.810765, 3431.834, 1197.905
104.9, 433.8588, 176.6522, 661.6538, 286.9796, 254.2505, 0.005592098, 2005.276, 1023.477, 392.7571, 272.6085, 428.2065, 0.2662509, 217.3772, 2276.699, 1.707974, 821.1365, 1192.405, 392.4716, 7.445577, 3458.437, 1143.041
105, 413.4777, 167.4848, 624.2879, 274.6951, 304.1604, 0.005296525, 1911.861, 1148.973, 370.8963, 258.8975, 404.3333, 0.2520699, 208.4424, 2174.268, 1.63302, 784.4033, 1140.087, 372.9318, 7.097462, 3432.41, 1090.69
105.1, 570.2515, 162.6486, 589.0322, 320.149, 284.4827, 41.67376, 1873.428, 1095.245, 425.9218, 319.8412, 478.5206, 0.2386442, 199.8748, 2076.445, 1.561356, 789.9645, 1090.065, 354.3649, 6.765624, 3286.382, 1264.156
105.2, 543.4631, 167.3609, 555.7675, 360.65, 266.078, 39.47108, 1786.156, 1044.028, 431.5602, 425.218, 520.102, 0.2259336, 211.3517, 2054.89, 1.492836, 1119.4, 1081.507, 336.7223, 6.4493, 3146.567, 1361.96
105.3, 517.9332, 158.6756, 618.0157, 345.2119, 248.864, 37.38482, 1768.85, 995.2074, 407.5396, 508.3058, 581.6097, 0.2139, 254.7385, 2108.847, 158.7167, 1179.9, 1034.055, 319.9581, 6.147766, 3276.096, 1510.678
105.4, 493.6026, 235.0224, 583.1142, 330.4347, 274.1698, 35.40883, 1686.449, 948.6693, 455.9719, 844.1752, 549.1839, 0.2025073, 334.37, 2013.968, 151.7515, 1127.118, 988.6852, 304.0285, 5.86033, 3298.149, 1499.081
105.5, 470.4149, 222.8259, 590.8104, 316.29, 256.4323, 33.53728, 1625.202, 984.033, 542.2601, 806.9413, 518.5659, 0.1917215, 320.6264, 1999.426, 165.1616, 1107.841, 1004.421, 288.892, 5.586333, 3235.47, 1430.423
105.6, 448.3166, 211.2622, 557.4453, 516.2521, 239.8424, 31.76466, 1622.056, 938.0175, 512.0779, 870.0319, 489.6549, 0.18151, 307.4477, 1909.469, 157.9136, 1118.422, 960.3516, 325.0887, 5.325146, 3097.821, 1364.91
105.7, 427.2563, 255.2931, 525.9644, 574.3239, 224.3257, 30.08572, 1546.493, 938.569, 483.5757, 826.2731, 462.3558, 0.1718425, 294.8107, 1830.296, 150.9836, 1068.39, 918.2154, 308.9037, 5.076171, 3015.342, 1302.396
105.8, 407.1853, 242.0446, 512.1208, 623.4478, 209.8129, 28.49553, 1538.567, 894.6794, 465.3926, 784.7151, 436.5786, 0.1626899, 282.6931, 1747.948, 144.3577, 1020.596, 877.9279, 466.5417, 4.838837, 3220.454, 1319.993
105.9, 388.0572, 253.9328, 483.1996, 596.7603, 196.2391, 26.98939, 1466.894, 852.8423, 439.4889, 745.2474, 412.2386, 0.1540247, 271.0736, 1772.69, 138.0227, 974.9403, 839.4081, 498.9156, 4.612599, 3083.443, 1331.448
106, 369.8277, 240.7549, 455.9116, 589.7501, 183.5433, 25.56285, 1425.647, 837.4778, 415.027, 707.7646, 389.2556, 0.1458211, 259.9317, 1792.188, 131.9656, 931.3268, 802.5784, 474.0764, 4.396939, 2952.261, 1340.805
106.1, 352.4545, 228.2608, 430.1647, 596.2806, 171.669, 24.21172, 1359.234, 798.3155, 391.9266, 672.1672, 367.5539, 0.1380544, 249.2477, 1711.556, 126.1743, 956.0017, 767.3646, 450.4738, 4.191362, 2826.661, 1279.396
106.2, 335.8975, 216.4151, 405.8718, 570.756, 160.5628, 22.932, 1295.916, 830.4983, 499.4899, 792.4568, 406.9897, 0.1307014, 239.0029, 1634.551, 120.6372, 913.2354, 733.6959, 477.4264, 3.995397, 2880.985, 1220.799
106.3, 320.1183, 205.1841, 492.99, 558.0916, 230.0708, 21.71992, 1441.721, 791.6624, 712.5203, 752.5997, 436.425, 0.1237401, 229.1792, 1561.01, 115.3431, 872.3823, 821.7637, 453.657, 3.808594, 2911.488, 1164.886
106.4, 329.4199, 194.536, 465.1491, 618.4054, 254.4199, 20.57191, 1540.172, 760.9888, 734.4188, 714.7473, 412.0935, 0.1171494, 219.7593, 1708.085, 110.2813, 842.4566, 913.2104, 583.038, 3.630525, 3021.561, 1201.039
106.5, 313.945, 184.4405, 438.8805, 591.9337, 237.9602, 19.48457, 1468.424, 789.3373, 723.7267, 888.3828, 389.1186, 0.1109099, 210.7265, 1637.536, 105.4417, 823.6793, 873.1425, 591.1239, 3.460782, 2893.012, 1146.031
106.6, 299.197, 174.8689, 414.0954, 566.5952, 222.5653, 18.45471, 1400.018, 752.4262, 821.9032, 854.2321, 367.4245, 0.1050026, 202.065, 1563.862, 100.8144, 845.9746, 834.8327, 561.694, 3.298974, 2769.932, 1156.364
106.7, 285.1418, 165.794, 390.71, 542.3414, 208.1664, 17.47928, 1334.799, 717.2411, 1117.192, 826.3953, 346.9399, 0.09941001, 193.7596, 1583.947, 96.39018, 808.1303, 809.8404, 642.0417, 3.144732, 2897.244, 1263.636
106.8, 271.7469, 157.19, 368.6452, 519.1257, 194.699, 16.5554, 1363.246, 683.7014, 1055.009, 784.8312, 327.5974, 0.09411526, 185.7955, 1512.683, 92.16013, 771.979, 800.1963, 673.2124, 2.997702, 2894.849, 1205.761
106.9, 258.9812, 149.0326, 347.8265, 496.9039, 182.1029, 38.72657, 1299.74, 731.4877, 1002.656, 745.3577, 309.3333, 0.08910253, 178.1587, 1444.626, 88.11572, 737.4449, 765.087, 649.7143, 2.857545, 3032.574, 1150.537
107, 246.8152, 246.9869, 328.1836, 475.6332, 170.3217, 36.67966, 1239.193, 697.2818, 946.8482, 707.8694, 292.0874, 0.08435678, 170.8359, 1379.63, 84.24879, 704.4556, 748.8965, 674.9837, 2.723942, 2903.557, 1169.652
107.1, 235.2207, 240.5155, 309.6499, 455.2731, 159.3027, 34.74095, 1181.466, 664.6754, 894.1467, 672.2667, 275.803, 0.07986379, 163.814, 1341.685, 80.55157, 672.9421, 716.038, 641.3787, 2.596585, 2875.404, 1116.082
107.2, 298.1489, 228.0338, 292.1629, 435.7846, 148.9966, 78.40545, 1198.864, 633.5938, 937.7595, 638.4546, 260.4265, 0.07561012, 157.0808, 1291.519, 103.4928, 642.8384, 684.6213, 609.4467, 2.475183, 2786.638, 1064.965
107.3, 284.1429, 216.1999, 275.6635, 417.1302, 139.3573, 74.2613, 1143.016, 603.9655, 916.3108, 720.3534, 245.9072, 0.071583, 150.6243, 1233.412, 98.95105, 655.5861, 654.5829, 579.1046, 2.359457, 2973.873, 1081.189
107.4, 301.0667, 204.9801, 260.0958, 399.2744, 130.3415, 194.901, 1135.381, 575.7228, 865.309, 684.1227, 232.1974, 0.06777036, 144.4332, 1177.919, 94.60862, 697.8345, 723.9102, 701.8845, 2.249142, 2864.845, 1031.671
107.5, 286.9237, 194.3426, 245.4072, 382.183, 165.65, 184.5995, 1082.49, 548.8007, 817.1459, 649.7144, 260.3007, 0.06416079, 243.2156, 1204.443, 90.45676, 666.6172, 692.1481, 666.9402, 2.143984, 2817.193, 984.4201
107.6, 273.4451, 184.2571, 231.5482, 365.8231, 154.9333, 174.8424, 1032.063, 523.1376, 870.9566, 708.4885, 245.7884, 0.06074348, 233.2188, 1150.254, 86.48709, 636.7964, 704.6362, 633.7356, 2.043743, 2731.508, 939.3335
107.7, 282.4275, 174.695, 218.4719, 350.1636, 288.1414, 165.601, 1066.4, 545.3671, 911.3357, 672.8546, 232.0853, 0.05750818, 223.6328, 1140.937, 82.69164, 649.3157, 699.895, 602.1841, 1.948189, 2792.241, 974.952
107.8, 281.9778, 165.6291, 206.134, 335.1743, 269.5, 156.8481, 1080.136, 519.8646, 860.6108, 718.6694, 292.2491, 0.0544452, 214.4408, 1107.431, 79.06274, 620.2689, 669.1866, 572.2036, 1.857102, 2893.302, 930.299
107.9, 268.7315, 157.0337, 194.4929, 320.8268, 252.0647, 148.5579, 1080.423, 500.0508, 812.7092, 682.5234, 399.6736, 87.03665, 205.6267, 1057.607, 75.5931, 765.4152, 639.8255, 543.7156, 1.770274, 2770.209, 932.9354
108, 316.765, 188.9211, 225.1156, 386.894, 271.149, 140.7058, 1030.092, 585.4375, 935.9567, 695.6816, 413.3924, 82.40093, 197.1748, 1010.024, 72.27573, 731.1747, 655.3511, 516.6459, 1.687506, 2702.802, 1094.214
108.1, 301.8846, 179.117, 212.4025, 370.3325, 253.6069, 133.2687, 1049.153, 558.0612, 951.1885, 660.6919, 390.345, 78.01212, 189.0703, 1070.185, 69.10394, 793.8504, 626.597, 490.924, 1.608607, 2587.814, 1044.099
108.2, 328.1818, 169.8216, 200.4074, 396.3732, 237.1998, 200.5556, 1000.279, 531.965, 898.2454, 674.5626, 435.7838, 86.24895, 181.299, 1068.136, 67.57043, 857.3296, 739.204, 466.4826, 1.533398, 2696.098, 1142.048
108.3, 312.765, 161.0087, 189.0897, 379.4059, 221.8541, 189.9551, 969.8099, 537.4337, 848.2491, 699.5327, 411.488, 81.65519, 173.8471, 1020.079, 64.60513, 843.6243, 706.7709, 561.8448, 1.461704, 2762.903, 1185.348
108.4, 298.0724, 152.653, 178.4112, 363.165, 254.0061, 179.915, 972.5016, 522.7786, 801.0356, 664.3492, 537.7096, 77.3061, 236.7307, 974.1846, 61.76995, 922.3632, 675.7607, 533.8726, 1.393363, 2645.359, 1131.059
108.5, 305.2934, 144.731, 168.3357, 530.0938, 237.5731, 195.1897, 1127.794, 518.541, 756.45, 665.6244, 539.779, 73.18864, 290.5453, 977.5284, 61.27489, 881.1017, 646.1112, 530.1917, 1.328217, 2612.396, 1143.852
108.6, 292.7904, 137.2202, 158.8292, 526.9778, 495.0898, 184.8729, 1125.403, 543.5602, 714.3461, 632.1464, 509.6853, 69.29049, 278.6031, 957.2399, 58.58587, 896.0873, 617.7626, 503.7953, 1.266117, 2834.441, 1218.375
108.7, 279.0361, 130.0991, 149.8595, 504.4198, 463.0599, 175.1013, 1072.977, 518.1422, 674.5856, 600.3522, 481.2695, 65.59996, 267.1517, 914.1725, 56.01485, 980.6287, 734.4606, 499.0206, 1.20692, 2713.853, 1162.573
108.8, 323.7502, 123.3475, 141.3964, 591.0837, 433.1021, 165.8463, 1022.993, 493.9127, 637.0382, 641.8207, 454.4378, 62.106, 256.171, 957.8397, 53.55666, 936.7607, 1440.975, 579.9771, 1.150491, 2762.401, 1109.327
108.9, 308.5416, 116.9464, 157.1553, 565.7816, 405.0825, 157.0804, 1013.386, 481.3386, 601.5807, 609.5399, 429.1021, 71.93263, 246.66, 922.4337, 51.20634, 894.8551, 1649.752, 551.1021, 1.0967, 2644.877, 1058.52
109, 294.0474, 110.8774, 148.2802, 541.5626, 378.8756, 148.7779, 966.178, 458.8302, 568.0967, 578.8827, 405.1789, 68.10138, 398.1493, 949.4436, 48.95917, 854.8242, 1586.719, 523.6646, 1.045425, 2570.924, 1079.203
109.1, 280.2341, 105.1233, 171.3618, 518.3802, 354.3642, 140.9142, 1013.856, 452.0025, 536.4765, 549.7674, 382.5894, 64.47418, 381.7842, 944.9079, 46.81062, 816.584, 1517.1, 538.6524, 0.9965463, 2777.08, 1112.373
109.2, 276.5748, 161.2218, 168.091, 574.983, 331.4386, 133.4661, 966.6261, 430.8659, 680.2527, 522.1165, 361.2594, 61.04018, 436.0455, 1008.765, 44.75635, 780.0545, 1569.312, 631.5373, 0.9499533, 2658.932, 1361.568
109.3, 263.5823, 152.8551, 158.5983, 550.3701, 309.9961, 126.4117, 1046.555, 410.7177, 642.3898, 495.8563, 428.3139, 57.78907, 418.1228, 970.6918, 42.8327, 745.1591, 1588.058, 600.0953, 0.9055386, 2585.351, 1395.979
109.4, 251.2002, 144.9226, 149.6417, 526.8108, 468.2897, 119.7302, 1014.634, 485.4875, 606.6345, 470.9169, 494.3854, 97.56219, 400.9367, 927.0192, 40.95301, 711.8248, 1518.38, 570.2187, 0.8632006, 2475.36, 1332.043
109.5, 239.3997, 137.4018, 141.1909, 504.2599, 592.0277, 113.4018, 1013.452, 492.3497, 572.8692, 522.1793, 466.8225, 95.04397, 486.8265, 885.3116, 39.1558, 679.9816, 1583.424, 729.6219, 0.8228421, 2444.057, 1271.035
109.6, 228.1536, 168.815, 165.5624, 541.7234, 758.3793, 107.4079, 966.2407, 469.3263, 540.9833, 519.6661, 440.7964, 89.98177, 475.1479, 928.7695, 37.43746, 781.3159, 1513.95, 693.2967, 0.7843705, 2426.96, 1212.822
109.7, 319.174, 160.0543, 156.2125, 532.3614, 709.3159, 101.7308, 1003.166, 447.3796, 510.8722, 493.5291, 473.4334, 85.18919, 457.8765, 886.9832, 35.79453, 746.3641, 1447.524, 658.7799, 0.7476976, 2447.42, 1357.616
109.8, 304.1803, 151.7482, 155.5113, 651.31, 839.4813, 96.35378, 1001.608, 426.4592, 482.4371, 468.7068, 496.712, 80.65186, 452.2776, 847.0768, 34.2237, 712.9759, 1439.488, 625.9816, 0.7127393, 2609.126, 1542.822
109.9, 289.891, 259.8204, 154.601, 623.4298, 795.2939, 91.26096, 1031.651, 406.517, 455.5847, 471.4425, 469.0194, 119.0933, 433.6877, 808.9658, 32.72181, 794.2667, 1376.33, 874.0123, 0.6794155, 2541.214, 1472.161
110, 276.273, 417.9087, 145.8701, 640.4504, 747.063, 157.2989, 983.5925, 387.5074, 430.2269, 447.731, 511.3158, 112.7502, 415.8618, 772.5695, 31.28582, 900.1376, 1315.942, 843.2795, 0.6476498, 2455.54, 1404.736
110.1, 263.2947, 401.7915, 137.6323, 613.0351, 698.7317, 148.9848, 937.7725, 518.0931, 515.8445, 425.2121, 482.809, 191.6864, 398.7687, 814.8348, 29.91286, 859.8704, 1258.204, 845.4704, 0.6173692, 2474.838, 1359.808
110.2, 250.926, 706.809, 129.8598, 624.6941, 653.5271, 141.1102, 894.087, 493.8659, 965.9274, 403.8257, 455.8915, 181.4769, 382.3781, 778.1745, 28.60014, 840.694, 1202.999, 803.3774, 0.5885044, 2369.549, 1477.777
110.3, 239.1384, 686.077, 122.5261, 597.9532, 611.2471, 133.6518, 852.4366, 470.7717, 957.4269, 436.7582, 430.4747, 344.6636, 366.6613, 743.1636, 131.0005, 803.0859, 1150.217, 763.3801, 0.5609891, 2268.739, 1490.813
110.4, 227.9046, 727.8155, 115.6066, 572.3571, 571.7023, 126.5875, 812.7264, 448.7574, 1040.556, 414.7912, 406.475, 457.7186, 400.528, 709.7278, 125.2516, 767.1603, 1252.149, 725.3741, 0.5347604, 2172.218, 1422.534
110.5, 217.1985, 690.0452, 109.0779, 589.6478, 534.7159, 119.8967, 774.8661, 427.7725, 982.639, 393.929, 383.8133, 433.3398, 387.6274, 677.7963, 119.755, 732.8417, 1281.656, 739.5883, 0.5097579, 2079.803, 1413.311
110.6, 206.9953, 675.4582, 102.9179, 724.1017, 500.1224, 113.5595, 738.7695, 428.1742, 1005.103, 374.1161, 362.415, 410.2593, 381.6238, 647.3015, 114.4996, 748.0043, 1225.423, 950.8651, 0.4859244, 2134.545, 1452.715
110.7, 197.2714, 640.405, 97.10579, 795.9263, 467.7669, 107.5573, 704.3545, 408.1519, 949.1591, 355.2997, 342.2097, 388.4082, 365.9379, 628.433, 137.3926, 714.5427, 1171.656, 903.5249, 0.4632052, 2250.257, 1448.154
110.8, 188.0043, 607.1709, 91.62189, 761.8557, 437.5046, 101.8723, 671.5426, 389.0658, 1093.334, 337.4296, 323.1309, 367.7209, 350.8968, 600.1591, 152.7688, 716.6552, 1120.249, 858.5416, 0.4415483, 2154.522, 1381.829
110.9, 179.1725, 575.6615, 86.44768, 813.7988, 409.2002, 96.48782, 640.2593, 398.4008, 1032.479, 320.4584, 305.1158, 348.1355, 336.4739, 577.4895, 197.5692, 684.5959, 1071.097, 815.7979, 0.4209039, 2062.86, 1388.202
111, 170.7556, 545.7873, 166.9598, 778.963, 382.7269, 91.38792, 695.401, 379.7707, 1011.172, 304.3407, 288.105, 329.5932, 322.6438, 597.3959, 188.8989, 653.9709, 1024.102, 775.1823, 0.4012247, 1975.098, 1343.681
111.1, 162.7342, 528.8101, 209.3487, 812.5991, 357.9663, 86.55757, 721.4608, 362.0117, 986.4865, 313.4122, 352.0886, 627.373, 309.3822, 570.5184, 180.6092, 624.7158, 979.1685, 826.3041, 0.3824656, 2019.137, 1420.7
111.2, 155.0895, 619.6551, 215.0842, 777.8148, 334.8076, 81.98254, 687.852, 345.0833, 931.5787, 297.6489, 332.459, 593.958, 296.6657, 549.2611, 172.6832, 596.7695, 936.2067, 807.3981, 0.3645836, 1982.366, 1379.071
111.3, 147.804, 715.4383, 202.9376, 744.5193, 313.1472, 77.64932, 655.8089, 394.4993, 879.7271, 282.6784, 313.9238, 562.3228, 325.1476, 524.5493, 165.1051, 570.0732, 895.1299, 788.1631, 13.56975, 2016.201, 1438.342
111.4, 140.8607, 678.3103, 191.477, 790.1878, 292.8881, 223.4355, 625.2585, 376.0516, 830.7615, 328.6879, 296.422, 532.3726, 335.9583, 532.7466, 209.4191, 593.3354, 935.8545, 899.966, 12.93531, 1930.424, 1372.465
111.5, 134.2435, 652.658, 180.6636, 756.3628, 273.9396, 277.0681, 596.1312, 358.4666, 784.5214, 312.1563, 279.8959, 504.0175, 322.1494, 527.5025, 200.2288, 566.7928, 894.7931, 855.1599, 12.33052, 1848.296, 1309.606
111.6, 127.9373, 618.788, 170.4609, 723.9857, 256.2171, 262.4236, 568.3608, 341.704, 740.8549, 308.0803, 264.2912, 477.1727, 308.9081, 503.7696, 191.4418, 594.4908, 894.2438, 873.4833, 11.75401, 2048.709, 1272.236
111.7, 121.9272, 586.6757, 160.8344, 692.9945, 239.6411, 304.916, 541.8842, 325.7252, 699.619, 292.5852, 249.5565, 451.7576, 306.6916, 553.7657, 183.0405, 567.8965, 855.0082, 848.3075, 11.20446, 1961.549, 1308.74
111.8, 116.1995, 556.2299, 151.7515, 663.33, 224.1375, 288.7995, 516.6409, 310.4935, 678.913, 277.8694, 235.6433, 427.6963, 348.0449, 528.8512, 175.0078, 542.4919, 817.494, 806.0733, 10.6806, 2036.165, 1358.97
111.9, 110.7409, 527.3641, 143.1816, 634.9352, 209.6368, 273.5349, 492.5735, 295.9742, 641.1247, 316.9024, 222.5057, 404.9164, 333.7392, 505.0576, 167.3277, 599.525, 921.463, 813.73, 99.57948, 1949.538, 1296.729
112, 105.5387, 499.9963, 135.0956, 654.6673, 196.0743, 259.0771, 469.6273, 282.1338, 648.7913, 300.9636, 260.8269, 383.3499, 351.2469, 482.3345, 159.9845, 572.7055, 931.4765, 773.2173, 94.92369, 1951.166, 1349.513
112.1, 100.5809, 535.293, 127.4663, 652.1177, 245.2872, 245.3835, 518.2217, 329.9313, 697.5242, 285.8264, 246.2854, 399.799, 336.8097, 460.6337, 165.4523, 612.2011, 890.6072, 734.7216, 90.48558, 2012.036, 1287.705
112.2, 95.85593, 584.2108, 120.2678, 624.2029, 229.4184, 246.9636, 494.0807, 314.503, 658.7, 389.1277, 253.8461, 515.7599, 322.9658, 482.8933, 172.9132, 618.1572, 1024.793, 698.1424, 86.25497, 2039.117, 1400.808
112.3, 91.35297, 556.5718, 113.4759, 597.4831, 214.5761, 233.9102, 471.0643, 299.7962, 708.2254, 369.5563, 496.3359, 554.1819, 309.6909, 495.0882, 165.325, 590.5043, 1115.961, 663.3843, 82.22215, 1952.365, 1394.657
112.4, 126.0887, 527.6882, 107.0675, 628.9627, 215.9877, 221.5468, 449.1201, 285.7771, 668.8056, 350.9692, 468.6643, 544.2684, 296.9617, 472.8136, 158.0698, 564.0883, 1411.466, 699.5449, 78.37789, 1906.877, 1330.781
112.5, 165.9759, 500.3036, 101.021, 602.0391, 202.0144, 209.8369, 500.4863, 387.427, 631.5799, 333.317, 463.3062, 515.2798, 284.7557, 451.5412, 151.1329, 538.8541, 1766.502, 664.717, 74.71337, 1970.188, 1269.831
112.6, 158.1789, 474.3401, 95.31602, 599.2454, 188.945, 198.7458, 477.1715, 369.3101, 724.0923, 316.5526, 437.476, 487.8351, 273.0515, 431.2258, 144.5005, 664.5211, 1688.996, 707.8318, 71.22018, 1886.368, 1270.526
112.7, 150.7482, 488.4767, 89.93319, 573.5939, 246.7068, 188.2411, 454.9428, 352.0403, 683.7894, 300.6314, 413.0859, 492.0074, 261.8282, 411.8245, 138.1592, 697.804, 1614.89, 672.5914, 67.89032, 1806.115, 1212.335
112.8, 145.916, 541.0547, 84.85435, 727.4962, 230.7461, 178.2915, 433.7496, 335.5782, 645.7297, 285.5109, 467.131, 465.8022, 251.0663, 393.2961, 132.0961, 825.7548, 1544.035, 838.0139, 64.71614, 1798.577, 1193.503
112.9, 140.974, 512.9764, 80.06232, 696.3547, 215.8179, 168.8678, 534.7087, 319.8858, 609.7885, 271.151, 441.0876, 440.9928, 240.7468, 375.6012, 126.2991, 788.8151, 1476.289, 796.2922, 61.69037, 1773.455, 1138.84
113, 175.0509, 486.3553, 75.54092, 666.5463, 211.9899, 159.9423, 509.7997, 304.9273, 599.8175, 257.5132, 416.4962, 505.7213, 230.8514, 358.7025, 120.7565, 753.5278, 1411.516, 756.6476, 58.80606, 1698.005, 1215.988
113.1, 166.8277, 461.1157, 71.27486, 668.1129, 220.8895, 151.4885, 486.0511, 386.9638, 566.4317, 244.5614, 393.2758, 737.3121, 221.3627, 342.5641, 115.4572, 825.1208, 1551.554, 886.2853, 56.05661, 1819.824, 1160.295
113.2, 158.9907, 437.1859, 67.24973, 668.546, 206.599, 143.4815, 463.4087, 368.8685, 534.9041, 232.2611, 371.3499, 698.0416, 212.264, 327.1517, 110.3904, 836.3417, 1508.241, 961.1038, 53.43571, 1829.68, 1107.154
113.3, 151.5219, 414.4979, 63.4519, 676.2308, 193.233, 135.8977, 441.8211, 351.6194, 505.1314, 220.5793, 350.6465, 660.8627, 203.5394, 312.4328, 105.5459, 798.9283, 1442.066, 913.2538, 50.93735, 1751.838, 1093.003
113.4, 144.4039, 392.9874, 59.86855, 647.2838, 180.7318, 128.7148, 421.2392, 335.177, 477.0158, 209.4852, 331.0974, 625.664, 195.1733, 298.3761, 100.9141, 763.1887, 1378.794, 867.7862, 48.55579, 1894.415, 1042.943
113.5, 137.6204, 372.5931, 56.48756, 645.9879, 169.0393, 121.9115, 401.616, 319.5034, 450.4651, 198.949, 312.6381, 681.7222, 187.1511, 284.9518, 96.4855, 841.2187, 1336.541, 922.4399, 56.61678, 1910.917, 1042.871
113.6, 131.1555, 353.2572, 53.29751, 618.3355, 158.1033, 115.4678, 382.907, 304.5627, 425.3922, 188.9427, 295.2079, 645.4125, 179.4586, 272.1315, 92.25127, 803.5872, 1277.899, 876.5149, 53.96969, 1829.619, 1099.499
113.7, 124.9943, 334.9248, 50.28762, 591.8668, 147.8748, 109.3648, 365.0695, 290.3207, 401.7149, 179.4397, 278.7496, 611.0367, 172.0823, 259.888, 88.20286, 767.639, 1287.396, 832.8763, 89.56395, 1751.78, 1140.751
113.8, 119.1225, 317.5437, 47.4477, 566.5312, 138.308, 145.8563, 348.063, 276.7447, 379.3555, 170.4147, 263.2088, 629.377, 165.0092, 248.1953, 84.33211, 733.2991, 1369.042, 891.1072, 125.4658, 1883.147, 1088.504
113.9, 113.5265, 301.0647, 44.76816, 542.2801, 129.3601, 182.5527, 331.8488, 263.8035, 358.2406, 161.8436, 248.5344, 681.7516, 158.2269, 237.0287, 80.63123, 808.4066, 1308.974, 952.7188, 119.5997, 1947.616, 1152.097
114, 108.1935, 285.4408, 42.23995, 585.165, 120.9911, 310.8218, 316.3898, 251.4674, 338.3009, 153.7035, 234.6782, 645.4404, 151.7233, 226.3645, 77.09275, 809.1443, 1251.542, 979.6743, 114.0079, 1932.564, 1099.331
114.1, 103.1109, 270.6277, 39.85451, 560.1163, 113.1636, 294.3932, 301.651, 239.7083, 319.4711, 145.9729, 221.5944, 743.5421, 145.487, 216.1801, 73.70956, 891.6088, 1196.629, 1255.628, 108.6775, 1934.962, 1048.981
114.2, 98.26715, 256.5834, 37.60379, 619.7266, 105.8425, 278.8329, 287.5988, 228.499, 301.6894, 138.6311, 209.2401, 703.9398, 139.5071, 206.4539, 70.47485, 907.7259, 1282.888, 1208.694, 103.5964, 1852.641, 1000.938
114.3, 93.65092, 243.2679, 35.48017, 593.1984, 98.99496, 264.0951, 274.2012, 217.8139, 284.8974, 131.6586, 197.5746, 666.4468, 133.7729, 197.1653, 67.38208, 873.5236, 1226.601, 1148.518, 98.75275, 1880.68, 1038.455
114.4, 89.25153, 230.6434, 33.47648, 583.7739, 92.59046, 376.0161, 261.4278, 207.6284, 269.04, 125.0367, 186.5595, 759.0954, 128.2745, 188.2946, 64.42504, 933.1141, 1172.783, 1101.027, 94.13561, 1975.678, 1037.339
114.5, 85.05882, 218.674, 31.58595, 584.4922, 86.6003, 356.1417, 249.2493, 197.9193, 352.9869, 118.7479, 176.1585, 732.7656, 123.002, 179.8231, 61.59777, 891.3717, 1121.326, 1344.164, 89.73434, 2034.159, 1153.995
114.6, 81.06306, 207.3258, 29.80218, 559.4722, 80.99768, 337.3177, 237.6382, 188.6642, 364.6877, 112.7754, 166.3373, 693.7373, 117.9463, 171.7326, 58.89457, 862.7508, 1072.127, 1301.691, 85.53886, 1975.862, 1101.141
114.7, 77.25501, 196.5666, 28.11914, 576.047, 75.75752, 319.4886, 226.568, 179.8418, 344.3892, 107.1033, 157.0637, 656.7877, 113.0983, 164.0062, 56.31001, 854.9636, 1025.086, 1236.884, 81.53953, 2056.33, 1050.709
114.8, 82.48952, 186.3657, 26.53116, 551.3885, 70.85638, 302.6019, 216.0135, 171.432, 325.2205, 101.7165, 148.3071, 654.3993, 108.4497, 156.6273, 53.83886, 816.7172, 980.1098, 1175.304, 77.72719, 1984.477, 1002.586
114.9, 78.61446, 176.6941, 25.03285, 582.0331, 66.27231, 293.06, 205.9507, 163.4155, 396.9873, 96.60056, 140.0387, 619.5449, 103.9921, 149.5805, 51.47616, 780.1818, 992.0336, 1116.79, 74.09309, 1900.05, 1027.993
115, 74.92143, 167.5245, 23.61916, 598.1557, 61.98481, 277.5702, 196.3566, 155.7738, 374.8911, 91.74197, 132.2313, 586.5469, 99.71767, 142.8507, 49.21715, 783.1842, 948.5073, 1061.189, 70.6289, 1973.695, 980.911
115.1, 71.40189, 158.8308, 22.2853, 620.9668, 57.97469, 262.8991, 187.2094, 148.4895, 361.0798, 87.12775, 124.8592, 565.371, 95.61898, 136.4237, 47.05727, 973.3241, 906.8908, 1070.552, 67.32668, 2114.656, 1015.469
115.2, 123.7087, 150.5882, 21.02677, 594.3855, 54.22401, 269.4248, 178.4884, 141.5458, 370.5934, 82.74561, 117.8981, 535.2584, 91.68876, 130.2858, 44.99218, 1003.614, 921.9081, 1156.416, 64.17885, 2224.763, 968.9599
115.3, 117.8973, 142.7733, 19.83932, 605.9434, 50.71598, 299.6021, 170.1737, 134.9268, 349.9662, 78.58386, 111.325, 654.9108, 87.92008, 124.4241, 43.01772, 958.7181, 881.4587, 1098.842, 61.1782, 2261.437, 924.5814
115.4, 112.359, 135.364, 18.71892, 684.7598, 47.4349, 283.7665, 431.7819, 128.6174, 330.4871, 74.63144, 105.1185, 620.0291, 84.3063, 118.8261, 41.1299, 915.8303, 842.7839, 1148.568, 58.31784, 2165.227, 996.4836
115.5, 107.0807, 128.3393, 17.6618, 716.2952, 44.36609, 268.7679, 411.6676, 122.6029, 312.0922, 70.8778, 99.25792, 605.3364, 80.84106, 113.48, 39.32493, 1092.504, 930.6583, 1373.927, 55.59121, 2179.842, 950.8445
115.6, 151.7926, 121.679, 16.66437, 685.6332, 41.49582, 254.5621, 392.4904, 116.8698, 294.7211, 67.31296, 93.72411, 573.0951, 77.51826, 122.1569, 37.59917, 1197.149, 889.8249, 1305.524, 52.99207, 2208.833, 958.3287
115.7, 144.662, 115.3644, 15.72328, 656.2838, 38.81124, 316.0354, 488.5847, 111.4047, 318.3074, 63.92741, 88.49883, 635.4214, 74.33203, 128.3328, 35.94914, 1219.887, 923.8018, 1240.526, 50.51445, 2114.86, 1040.275
115.8, 137.8663, 109.3776, 14.83533, 628.1907, 36.30034, 299.3312, 507.6799, 106.1951, 345.8806, 60.71214, 322.0858, 601.5778, 71.27676, 122.5589, 34.37153, 1180.618, 883.2692, 1178.765, 48.15268, 2024.886, 992.6304
115.9, 131.3898, 103.7014, 13.99753, 601.3001, 73.97434, 283.51, 484.03, 101.2292, 399.7482, 57.65858, 304.129, 677.626, 68.34708, 187.8885, 32.86315, 1201.425, 1036.253, 1120.078, 45.90132, 2048.668, 968.5739
116, 125.2176, 98.31974, 13.20704, 575.5607, 69.18856, 268.525, 561.3529, 96.49554, 390.3428, 54.75861, 324.7347, 641.5345, 65.53781, 179.4352, 31.42096, 1196.498, 990.7865, 1245.79, 76.72638, 2161.195, 1014.364
116.1, 119.3353, 93.21739, 12.46119, 550.923, 64.71239, 254.332, 535.2027, 91.9832, 368.6163, 52.00449, 306.6302, 618.4056, 62.84401, 200.367, 30.04206, 1185.567, 947.3149, 1251.344, 73.13908, 2221.463, 967.9058
116.2, 113.7294, 88.37984, 11.75746, 527.34, 125.5692, 351.1387, 637.2652, 87.68187, 348.0992, 49.38889, 289.535, 585.4683, 60.26094, 202.2254, 28.72368, 1184.896, 905.7507, 1267.335, 194.1057, 2263.809, 1151.521
116.3, 108.3868, 83.79333, 11.09348, 504.7665, 117.4454, 332.5791, 607.5786, 83.58167, 328.724, 46.90484, 291.0012, 622.8689, 57.78404, 235.9897, 27.46315, 1131.89, 866.0102, 1272.896, 258.6622, 2167.498, 1142.53
116.4, 103.2952, 79.44484, 10.46699, 534.2301, 109.8473, 315.0005, 579.275, 79.67321, 357.9272, 44.54573, 367.5717, 589.6938, 55.40894, 225.3722, 26.25794, 1179.78, 828.0133, 1404.45, 246.5685, 2404.402, 1090.202
116.5, 98.44272, 75.32201, 9.875883, 511.3617, 102.7407, 298.3511, 552.2899, 75.94752, 428.0098, 42.30527, 347.0789, 558.2858, 53.13147, 215.2325, 25.10562, 1247.403, 791.6835, 1418.197, 265.7333, 2405.101, 1040.271
116.6, 93.81824, 71.41315, 9.318157, 594.0696, 96.09386, 282.5816, 526.5618, 72.39605, 461.8744, 40.17751, 391.0179, 528.5505, 50.94761, 223.5476, 24.00387, 1191.601, 756.9478, 1347.59, 253.3091, 2462.433, 1062.161
116.7, 89.411, 67.70713, 8.791928, 568.6397, 133.6038, 286.5228, 773.9727, 69.01065, 436.1665, 38.15675, 369.218, 610.1818, 48.85352, 213.4899, 22.95047, 1138.296, 723.7361, 1352.636, 268.4672, 2435.593, 1044.464
116.8, 85.21079, 64.19344, 8.295418, 544.2983, 124.9603, 271.3786, 831.4763, 65.78356, 501.0277, 36.23764, 348.6334, 577.6825, 46.84549, 203.8848, 21.94329, 1087.374, 691.9816, 1300.303, 306.0588, 2414.184, 1079.124
116.9, 81.2079, 60.86209, 7.826947, 520.9989, 116.8759, 263.6778, 1065.037, 245.2834, 473.1406, 34.41504, 329.1965, 664.3571, 44.92001, 252.0374, 20.98032, 1152.89, 661.6203, 1367.429, 291.7491, 2311.475, 1048.641
117, 77.39304, 77.87541, 7.384932, 498.6968, 109.3146, 249.741, 1763.629, 330.5477, 523.2654, 32.68412, 310.8432, 692.5992, 43.07366, 245.994, 20.05961, 1101.316, 632.5912, 1412.169, 278.1086, 2699.523, 1160.379
117.1, 73.7574, 97.55621, 6.967879, 477.3495, 102.2425, 236.5409, 2428.751, 315.0906, 494.1404, 31.04025, 293.5131, 674.3254, 41.30321, 234.9265, 19.1793, 1129.469, 604.8358, 1341.863, 265.1057, 2674.432, 1107.234
117.2, 70.29254, 92.49349, 6.574378, 456.9159, 95.6279, 224.0384, 3192.323, 443.2088, 466.6366, 29.47906, 277.1492, 638.4097, 39.60552, 224.3569, 18.33762, 1078.942, 578.2981, 1318.722, 252.7108, 2962.362, 1056.522
117.3, 66.99046, 87.6935, 6.2031, 437.357, 89.44124, 212.1968, 3867.693, 438.7757, 440.6636, 27.99639, 261.6976, 604.4069, 37.97762, 214.2628, 17.53288, 1030.676, 552.9248, 1253.068, 240.8954, 2836.331, 1008.133
117.4, 63.84349, 83.14261, 5.852789, 418.6353, 83.65482, 357.1447, 4450.93, 418.2576, 516.9824, 26.58829, 247.1075, 572.2151, 36.41663, 204.6229, 16.76346, 984.5696, 528.6648, 1209.528, 229.6325, 2913.855, 961.9608
117.5, 60.84435, 78.82789, 5.522262, 400.7151, 78.24276, 338.2677, 4803.863, 398.699, 520.0131, 25.25102, 233.3308, 557.2294, 34.9198, 303.2662, 16.0278, 1046.678, 505.4692, 1149.31, 218.8961, 2983.593, 917.9029
117.6, 57.9861, 74.73708, 5.210401, 383.562, 73.18083, 320.3885, 4946.233, 380.055, 499.4515, 23.981, 220.3222, 527.5504, 33.48449, 344.6567, 15.32443, 999.8555, 483.2913, 1272.952, 208.6617, 2982.256, 942.2825
117.7, 55.26213, 70.85857, 4.916151, 367.1431, 68.44639, 421.7266, 4948.475, 362.2828, 471.6521, 22.77486, 208.0388, 581.3093, 32.10818, 329.1502, 14.65192, 955.1274, 462.0865, 1209.577, 198.9058, 2992.719, 899.1258
117.8, 52.66611, 67.18133, 4.638519, 351.4271, 64.01823, 399.4361, 4874.847, 345.3416, 496.5024, 21.62938, 196.4403, 553.8145, 30.78844, 393.8727, 14.00893, 912.4003, 441.8121, 1149.356, 189.6061, 2865.397, 857.9457
117.9, 50.19205, 63.69492, 4.376565, 336.3838, 59.87656, 428.1291, 4982.908, 329.1927, 584.1865, 20.54152, 185.4884, 659.4229, 46.31019, 465.239, 13.39415, 871.5845, 422.4272, 1232.994, 180.7411, 2924.295, 919.4504
118, 47.83421, 60.38945, 4.129405, 321.9844, 56.00284, 661.8771, 4959.333, 313.799, 551.6707, 174.4202, 175.1471, 753.9666, 61.72852, 494.6161, 12.80635, 832.5945, 403.8929, 1188.925, 172.2907, 2799.884, 986.0513
118.1, 45.58713, 57.25551, 3.896204, 472.4271, 52.37972, 835.9296, 4862.083, 315.7508, 520.9647, 165.6476, 165.3823, 713.809, 198.6998, 472.3628, 12.24435, 795.3488, 386.1718, 1172.003, 164.2353, 2680.766, 986.0657
118.2, 43.44561, 54.28421, 3.676171, 452.2042, 48.99101, 1114.808, 4703.38, 405.6879, 491.9679, 157.3162, 156.162, 675.7903, 190.5327, 451.1106, 11.70701, 759.7692, 369.2282, 1113.653, 191.9135, 2566.716, 940.9037
118.3, 41.40469, 51.46711, 3.468565, 432.847, 45.82153, 1166.839, 4510.948, 456.9364, 464.585, 149.4039, 147.4556, 817.5957, 182.7012, 430.8146, 11.19325, 750.7054, 353.028, 1058.208, 182.9407, 2457.518, 933.1545
118.4, 39.45965, 48.7962, 3.272683, 414.3184, 42.85709, 1105.165, 4338.093, 553.5972, 438.7262, 141.8895, 313.3033, 804.912, 245.1324, 411.4318, 10.70204, 842.8699, 337.5386, 1051.941, 374.0746, 2352.966, 890.4159
118.5, 37.60598, 46.2639, 3.087863, 501.0116, 40.08445, 1220.491, 4677.688, 537.5488, 414.3067, 134.7531, 295.8361, 762.0411, 242.2967, 392.921, 10.23239, 805.1646, 322.7288, 1331.229, 356.5849, 2324.435, 938.6089
118.6, 35.83939, 43.86301, 2.913481, 561.923, 37.49118, 1279.729, 4902.47, 698.7835, 391.2464, 127.9756, 279.3427, 721.4535, 232.3376, 375.2431, 43.4948, 769.1459, 308.5688, 1264.952, 339.913, 2356.324, 1167.638
118.7, 34.15578, 41.58672, 2.748946, 704.1324, 35.06568, 1218.18, 5079.625, 691.4617, 369.4697, 121.539, 358.9921, 683.0276, 401.7688, 358.3605, 235.7082, 887.2293, 295.0301, 1201.974, 324.0205, 2256.077, 1114.16
118.8, 147.1454, 39.42856, 37.12307, 673.9911, 144.1431, 1153.792, 5479.713, 659.1275, 348.905, 115.4261, 338.9776, 646.6484, 385.2549, 371.7464, 239.4019, 1018.155, 282.0854, 1747.449, 308.8711, 2365.173, 1063.132
118.9, 181.6534, 37.3824, 82.68579, 645.14, 340.5011, 1092.808, 5660.266, 652.5964, 329.485, 109.6207, 500.9436, 884.8716, 369.4198, 683.8906, 228.8958, 1242.347, 269.7087, 2239.47, 437.2925, 3215.762, 1014.44
119, 173.1199, 35.44242, 78.01624, 617.5239, 318.4724, 1035.047, 5740.911, 622.0796, 311.1458, 104.1072, 473.0151, 1048.35, 354.2356, 653.1216, 218.8508, 1300.49, 257.875, 2236.6, 535.741, 3587.906, 967.9785
119.1, 164.9874, 33.60312, 73.61039, 591.09, 297.8687, 980.3395, 5797.508, 592.9898, 293.8275, 98.87109, 446.6437, 992.5134, 398.789, 623.7369, 209.2466, 1242.313, 246.5605, 2125.248, 712.1916, 3435.263, 923.645
119.2, 157.2369, 31.85927, 113.3462, 565.7876, 278.5981, 1045.995, 5913.987, 565.2603, 277.4731, 93.89831, 421.7425, 939.6505, 382.3976, 708.3523, 200.0639, 1186.738, 235.7425, 2019.439, 678.8934, 3289.113, 881.3419
119.3, 179.0165, 30.20592, 106.9452, 541.5683, 260.5741, 990.7084, 5921.953, 538.8275, 331.8908, 89.17563, 471.5947, 1132.026, 366.6799, 736.6833, 191.2842, 1133.65, 225.3991, 1989.571, 732.4387, 3211.116, 840.9763
119.4, 211.6696, 28.63837, 108.8845, 518.3857, 261.2946, 938.3442, 5871.334, 513.6308, 544.9745, 84.69048, 445.3024, 1205.108, 351.6083, 814.6772, 182.8898, 1082.937, 215.5095, 2232.965, 937.4178, 3881.717, 802.4594
119.5, 219.2787, 27.15217, 102.7354, 496.1956, 320.2533, 924.6917, 6297.832, 604.0847, 514.6412, 80.43092, 420.476, 1630.7, 337.1561, 891.8204, 174.8637, 1191.463, 206.0539, 2562.646, 933.8599, 4037.925, 765.7067
119.6, 208.9778, 25.7431, 96.93356, 474.9553, 299.5344, 974.3708, 6419.284, 575.8364, 485.9963, 76.3856, 397.0337, 1687.84, 323.298, 851.6964, 167.1899, 1138.164, 197.0131, 2627.8, 890.1977, 4048.581, 730.6372
119.7, 231.9903, 24.40715, 113.5674, 454.6242, 355.1189, 922.8701, 6288.694, 548.9091, 458.9458, 72.54373, 374.8984, 1597.943, 310.0095, 813.3776, 159.8528, 1087.248, 188.369, 2496.971, 1118.315, 3889.222, 697.1739
119.8, 288.7462, 23.14053, 226.4211, 435.1634, 332.1444, 999.3259, 6232.659, 523.2409, 433.4009, 68.8951, 353.9971, 1512.833, 297.2672, 776.7828, 152.8377, 1054.637, 180.1041, 2372.656, 1188.93, 3994.451, 665.2432
119.9, 275.182, 21.93964, 213.6343, 416.5356, 398.521, 1138.604, 6593.865, 498.773, 409.2778, 65.42997, 513.1727, 1432.257, 285.0486, 741.8345, 146.1305, 1375.458, 172.2019, 3034.778, 1133.342, 4145.55, 634.775
120, 274.9768, 73.13237, 201.5696, 398.7053, 372.7386, 1378.992, 7226.097, 630.6213, 386.4974, 62.13913, 615.05, 1404.652, 273.3323, 708.4585, 182.0262, 1453.154, 164.6464, 3143.553, 1245.417, 5094.755, 605.7021
120.1, 348.4741, 104.772, 190.1863, 381.6382, 348.6243, 1306.104, 7351.421, 601.1321, 364.985, 59.0138, 871.7993, 1473.774, 262.0975, 676.5842, 174.0381, 1495.358, 157.4224, 2987.047, 1187.188, 4912.824, 577.9609
120.2, 332.104, 99.33482, 179.4458, 365.3017, 326.0699, 1237.07, 7179.663, 706.2129, 344.67, 56.04566, 823.1949, 1481.52, 251.3245, 646.1439, 166.4005, 1428.464, 150.5154, 2838.332, 1131.682, 5111.445, 551.4902
120.3, 316.503, 94.17979, 169.3119, 349.6644, 304.9748, 1171.684, 7008.528, 673.1888, 325.4857, 53.22681, 777.3004, 1402.611, 240.9943, 617.0731, 159.098, 1364.562, 143.9114, 2784.083, 1162.864, 5036.241, 526.2318
120.4, 301.6348, 89.29229, 159.7502, 334.6966, 285.2444, 1109.754, 6682.041, 641.709, 307.3691, 50.54973, 818.4543, 1327.906, 231.0888, 589.3103, 152.1161, 1303.519, 137.5972, 2645.474, 1378.941, 5033.759, 502.1303
120.5, 287.4651, 84.65842, 150.7286, 320.3694, 266.7904, 1051.098, 6444.088, 611.7014, 290.261, 48.0073, 864.7358, 1305.101, 221.5903, 562.7966, 145.4405, 1260.581, 131.56, 2513.765, 1485.227, 4848.141, 479.1327
120.6, 273.961, 80.26504, 142.2164, 306.6556, 249.5304, 1006.51, 6483.918, 583.0969, 274.1051, 45.59274, 816.5252, 1235.589, 212.4823, 537.4757, 139.0579, 1265.249, 125.7877, 2714.151, 1464.818, 4917.182, 457.1883
120.7, 261.0913, 76.09965, 134.1849, 293.5288, 233.387, 953.3107, 6443.929, 555.83, 258.8484, 43.29963, 771.0024, 1169.78, 203.7487, 513.2941, 132.9554, 1435.117, 120.2686, 2579.023, 1396.332, 4707.986, 436.249
120.8, 248.8262, 72.15042, 126.607, 280.9639, 218.2879, 902.9231, 6245.175, 529.8382, 244.4409, 41.12184, 728.0176, 1107.475, 195.374, 490.2004, 127.1207, 1451.966, 114.9918, 2644.46, 1530.198, 4507.69, 416.2687
120.9, 237.1373, 68.40614, 119.4571, 268.9369, 204.1658, 855.1987, 5954.248, 505.0618, 230.8353, 39.05359, 687.4293, 1048.489, 187.3436, 468.1457, 121.5421, 1401.229, 109.9464, 2512.802, 1492.528, 4315.916, 397.2036
121, 326.1064, 64.85618, 112.7109, 257.4247, 190.9572, 809.9969, 5676.874, 481.444, 217.987, 37.08937, 649.1039, 992.645, 179.6432, 447.0833, 116.2082, 1450.074, 105.1224, 2387.699, 1422.746, 4132.3, 379.0116
121.1, 310.7871, 61.49044, 106.3458, 246.4053, 178.6032, 767.1842, 5412.42, 458.9306, 205.8539, 35.22393, 766.1149, 944.144, 172.2593, 633.8655, 111.1085, 1431.115, 100.5101, 2268.824, 1356.226, 3956.496, 361.6528
121.2, 296.1874, 58.29936, 100.34, 235.8576, 167.0484, 726.6344, 5160.287, 437.47, 194.3961, 33.45232, 723.4026, 893.8573, 165.179, 605.3472, 106.2325, 1367.095, 96.10012, 2155.867, 1292.816, 3909.226, 345.089
121.3, 282.2736, 55.27389, 94.6735, 225.7614, 156.2412, 688.2278, 4992.537, 417.013, 183.576, 31.76982, 733.9277, 846.249, 158.3896, 597.2299, 101.5706, 1305.938, 91.88365, 2048.534, 1377.63, 3742.912, 329.2839
121.4, 269.0134, 52.40543, 89.32696, 216.0974, 146.1332, 651.8513, 4875.766, 397.5125, 173.3582, 30.17193, 693.0099, 801.1763, 151.8793, 570.3599, 97.11317, 1247.518, 87.85218, 1946.545, 1313.22, 3583.674, 314.2027
121.5, 265.7659, 49.68583, 84.28235, 206.847, 136.679, 617.3975, 4774.864, 426.3387, 163.7091, 28.65442, 654.3734, 758.5043, 145.6366, 544.6987, 92.85139, 1191.711, 83.9976, 1889.893, 1345.49, 3720.655, 299.8121
121.6, 383.3918, 47.10736, 79.52263, 197.9927, 127.8366, 584.7647, 4748.587, 406.4022, 154.597, 27.21322, 617.8909, 718.1051, 139.6505, 581.9088, 88.77664, 1250.598, 80.31213, 1903.74, 1282.582, 3718.656, 286.0807
121.7, 365.3815, 44.6627, 75.03171, 189.5173, 119.5662, 553.8568, 4566.11, 387.398, 145.9922, 25.84452, 583.4423, 679.8576, 133.9105, 555.7281, 84.88071, 1275.65, 76.78838, 1904.188, 1222.616, 3600.291, 272.9781
121.8, 348.2172, 42.34491, 70.7944, 181.4048, 111.8308, 524.5825, 4406.871, 398.615, 137.8662, 24.54465, 550.9144, 685.6843, 128.4064, 530.7253, 81.15575, 1218.584, 73.41922, 1809.385, 1249.864, 3513.35, 260.4757
121.9, 331.8592, 40.1474, 66.79639, 173.6395, 104.5959, 496.8555, 4262.474, 379.9749, 130.1926, 23.31016, 520.1999, 695.5621, 123.1285, 506.8474, 77.59426, 1164.072, 70.19789, 1719.302, 1191.427, 3372.07, 248.5459
122, 462.0237, 38.06394, 63.02417, 166.2066, 97.82904, 470.594, 4193.87, 362.2065, 122.9461, 22.13776, 491.1978, 658.5153, 118.0676, 501.4995, 74.18906, 1282.758, 67.1179, 1633.704, 1249.689, 3477.927, 237.1624
122.1, 717.2761, 36.08859, 59.46497, 159.0919, 91.49997, 445.7206, 4092.107, 345.2689, 116.1029, 21.02433, 463.8127, 623.4416, 113.2146, 514.8479, 70.9333, 1442.294, 64.17305, 1552.368, 1281.974, 3533.3, 226.3004
122.2, 751.7666, 34.21576, 56.10678, 152.2818, 85.58036, 422.1619, 4053.931, 329.1234, 109.6406, 19.96689, 437.9543, 590.236, 108.5612, 491.6843, 67.82042, 1426.73, 61.35741, 1658.853, 1222.036, 3382.98, 215.9358
122.3, 730.3887, 32.44012, 52.93823, 145.7632, 80.04372, 399.8483, 3973.026, 313.7328, 103.5381, 18.96265, 413.5375, 558.7991, 104.099, 546.704, 64.84415, 1479.026, 58.6653, 1576.265, 1164.9, 3239.055, 206.0459
122.4, 696.0777, 30.75662, 49.94862, 139.5236, 74.86528, 392.8166, 3920.482, 386.8409, 97.77513, 18.00891, 390.4821, 529.0365, 99.82021, 522.1071, 61.99849, 1425.886, 56.09132, 1497.788, 1110.435, 3290.84, 196.6089
122.5, 663.3785, 29.16049, 47.12785, 133.5511, 70.02186, 428.1846, 3840.652, 368.7514, 92.33297, 17.10314, 368.712, 500.8591, 95.71731, 508.9617, 59.27771, 1420.453, 53.63026, 1423.219, 1058.518, 3218.284, 187.6042
122.6, 632.2153, 27.6472, 44.46637, 127.8343, 65.49178, 405.5528, 3909.911, 351.5078, 87.19372, 16.24292, 348.1556, 525.4963, 91.78304, 486.063, 56.67633, 1356.909, 51.27719, 1352.362, 1009.027, 3295.89, 357.2178
122.7, 602.5161, 26.21243, 41.9552, 122.3622, 61.25478, 488.978, 3751.69, 335.0705, 82.34052, 15.42597, 328.7453, 497.5075, 88.01049, 487.0894, 54.18911, 1296.209, 49.02736, 1302.383, 961.8505, 3418.985, 340.8571
122.8, 574.2121, 24.85213, 39.58584, 117.1243, 57.29189, 463.1329, 3830.187, 501.8871, 77.75745, 14.65012, 310.4171, 471.0094, 84.393, 516.4261, 51.81104, 1238.223, 46.87625, 1341.045, 1052.426, 3312.346, 488.4195
122.9, 547.2377, 23.56242, 37.35029, 112.1106, 53.58538, 500.5242, 4142.632, 478.4178, 73.42948, 13.91328, 364.8261, 546.9609, 80.92419, 493.1916, 49.53733, 1298.565, 44.81952, 1432.255, 1003.221, 3315.787, 466.0498
123, 521.5304, 22.33963, 35.24099, 107.3116, 50.11866, 501.061, 3949.65, 574.3546, 69.3424, 13.2135, 547.1167, 517.8288, 77.59797, 471.0023, 47.3634, 1335.381, 42.85302, 1360.948, 1246.252, 3174.72, 444.7046
123.1, 497.0308, 21.18031, 33.25081, 102.718, 46.87623, 486.6126, 3891.664, 547.4965, 65.4828, 12.54892, 516.614, 506.6195, 74.40846, 449.8114, 45.28487, 1275.643, 40.97281, 1293.191, 1187.984, 3039.656, 424.3371
123.2, 526.4244, 20.08115, 31.37302, 98.32098, 43.84356, 460.8925, 3722.067, 521.8943, 61.83804, 11.91776, 487.8118, 527.4489, 71.35005, 470.2706, 43.29757, 1243.549, 39.1751, 1359.04, 1171.654, 3262.629, 404.9024
123.3, 501.6949, 19.03903, 29.60128, 94.11222, 41.0071, 436.5318, 3621.623, 497.4894, 87.46449, 11.31835, 460.6154, 499.356, 68.41735, 449.1126, 41.39747, 1187.919, 37.45626, 1291.379, 1116.873, 3221.771, 386.3578
123.4, 478.127, 18.05099, 27.92959, 90.08363, 38.35413, 413.4588, 3625.609, 474.2258, 82.59621, 10.74909, 515.39, 472.7595, 65.60519, 428.9065, 39.58076, 1191.211, 35.81284, 1392.757, 1064.655, 3357.994, 368.6626
123.5, 455.6664, 17.11423, 26.35231, 86.22748, 35.87281, 391.6053, 3581.829, 452.05, 77.99892, 10.20846, 486.6561, 447.5795, 62.90863, 409.6095, 37.84377, 1137.923, 34.24152, 1424.693, 1014.877, 3215.132, 351.7778
123.6, 434.2608, 16.22607, 24.8641, 82.5364, 33.55201, 546.6899, 3436.034, 430.9111, 73.6575, 9.695014, 495.7599, 457.733, 60.3229, 391.1807, 36.18301, 1087.018, 32.73915, 1353.762, 967.427, 3078.348, 335.6663
123.7, 413.8608, 15.38402, 23.45994, 79.00332, 31.38136, 517.7944, 3393.91, 410.7608, 69.55773, 9.207397, 526.7119, 433.3533, 57.84344, 373.5811, 34.59513, 1038.391, 31.30269, 1380.305, 922.1954, 2947.383, 320.2927
123.8, 410.4572, 14.58566, 22.13507, 75.62148, 29.35114, 490.4262, 3372.972, 391.5527, 65.68615, 8.744305, 497.3467, 410.2722, 55.46591, 356.7732, 33.07693, 1048.245, 29.92926, 1311.584, 879.0786, 2983.436, 305.6233
123.9, 395.3362, 13.82873, 20.88503, 72.3844, 27.45226, 489.1603, 3284.057, 373.2429, 62.03006, 8.304504, 528.2406, 388.4204, 53.1861, 340.7216, 31.62537, 1009.976, 28.61609, 1299.833, 962.4828, 3073.243, 291.6257
124, 376.7647, 13.11108, 19.70558, 69.28589, 25.67623, 463.3056, 3489.228, 355.7892, 58.57747, 7.886824, 498.7902, 367.7325, 50.99999, 325.3922, 30.2375, 964.7952, 27.36053, 1416.91, 962.5782, 3182.08, 278.2692
124.1, 375.5319, 12.43067, 18.59273, 66.32001, 24.0151, 690.7723, 3401.817, 339.1518, 55.31705, 7.490151, 648.7484, 415.2232, 48.90374, 310.7524, 28.91054, 921.6356, 26.16007, 1384.668, 951.4399, 3046.702, 446.8679
124.2, 360.4809, 11.78558, 17.54274, 63.4811, 22.46144, 654.2612, 3391.338, 356.4261, 52.23811, 7.11343, 633.3135, 393.1077, 46.89366, 347.2928, 27.64181, 933.2205, 25.01227, 1441.912, 993.9974, 2989.719, 426.4012
124.3, 411.379, 11.17396, 16.55204, 60.76371, 21.00829, 619.68, 3324.75, 339.7588, 137.8969, 6.755655, 598.0052, 372.1701, 44.96619, 331.6677, 26.42876, 979.0036, 23.91484, 1370.125, 947.5236, 3203.74, 406.872
124.4, 432.7062, 10.59408, 15.61728, 58.16264, 19.64916, 586.9266, 3207.524, 323.871, 130.2216, 6.415875, 564.6653, 352.3477, 43.11795, 316.7456, 25.26894, 935.2083, 22.86556, 1301.911, 903.2225, 3067.44, 388.2372
124.5, 412.3792, 10.0443, 14.73532, 55.67291, 18.37795, 645.799, 3206.223, 308.7261, 153.3696, 161.5908, 543.7136, 333.5811, 41.34567, 302.4948, 24.16002, 893.3722, 21.86231, 1237.094, 961.6046, 2989.924, 616.2393
124.6, 393.0071, 9.523044, 13.90317, 53.28976, 17.18899, 632.4097, 3096.104, 306.3706, 144.833, 174.3994, 676.9202, 315.814, 59.83749, 288.8853, 23.09977, 853.4076, 20.90309, 1175.503, 1063.195, 2904.421, 588.0154
124.7, 398.1292, 9.028841, 13.11801, 51.00862, 16.07694, 598.9835, 3088.801, 292.044, 136.7716, 165.6279, 639.1807, 298.9932, 57.378, 275.888, 22.08604, 815.2308, 19.98595, 1282.067, 1013.485, 3002.03, 561.0842
124.8, 512.406, 8.560286, 12.37719, 48.82513, 15.03684, 646.7141, 2944.912, 278.3874, 129.1589, 157.2975, 603.5452, 283.0683, 55.01959, 263.4755, 21.11681, 778.7618, 19.10905, 1218.237, 966.1003, 3077.437, 535.3864
124.9, 488.335, 8.116046, 11.6782, 46.7351, 14.06403, 671.8552, 2948.659, 265.3694, 121.97, 149.3861, 644.8439, 267.9916, 52.75813, 251.6214, 20.1901, 849.1987, 18.27062, 1157.585, 920.9308, 2946.511, 510.8656
125, 465.3948, 7.69486, 11.01869, 44.73455, 13.15416, 638.8952, 2924.263, 325.644, 115.1811, 163.7275, 608.8926, 253.7179, 50.58961, 240.3007, 19.30407, 811.2101, 17.46898, 1099.953, 877.8731, 2821.155, 564.3489
125.1, 445.8483, 7.295532, 10.39643, 42.81963, 12.30315, 634.3356, 2855.577, 310.4162, 108.7701, 155.4927, 574.9458, 240.2045, 161.1208, 229.4893, 18.45691, 774.921, 16.70252, 1045.19, 836.8286, 2701.132, 538.5016
125.2, 424.904, 6.916927, 9.809308, 40.98668, 11.50719, 600.8076, 2806.848, 295.9004, 275.5248, 147.6721, 542.8915, 227.4108, 154.4982, 281.7199, 17.64694, 740.2553, 15.96968, 1032.381, 899.4446, 2787.874, 587.7053
125.3, 404.9435, 6.55797, 9.255342, 39.23219, 10.76273, 575.178, 2703.858, 282.0635, 260.1891, 140.2448, 512.6244, 215.2985, 148.1479, 269.045, 16.87251, 707.1403, 15.269, 980.9824, 967.0712, 2669.267, 605.6164
125.4, 414.6599, 6.217641, 8.732661, 37.5528, 10.06643, 570.8696, 2647.058, 268.8736, 245.707, 133.1911, 484.0446, 203.8313, 142.0586, 256.9404, 16.13207, 766.5963, 14.59906, 1018.393, 921.8562, 2869.125, 617.9791
125.5, 505.8664, 5.894974, 8.239497, 35.9453, 9.415185, 542.536, 2726.272, 256.3004, 232.031, 246.9222, 457.0583, 192.9749, 136.2196, 245.3803, 15.42412, 872.5065, 13.95851, 967.6906, 878.7552, 2747.061, 675.1857
125.6, 482.1026, 5.589052, 7.774184, 34.40662, 8.806067, 641.8124, 2599.27, 244.3153, 219.1161, 234.5031, 431.5765, 182.6968, 130.6205, 234.3404, 14.74724, 833.4753, 13.34607, 919.5127, 837.6694, 2689.14, 644.2621
125.7, 459.4552, 5.299006, 7.335149, 32.9338, 8.236358, 607.8892, 2478.185, 232.8906, 206.9201, 222.7086, 407.5153, 172.966, 125.2516, 223.7971, 14.10006, 824.9473, 12.7605, 873.7334, 798.5046, 2765.573, 614.7548
125.8, 437.8716, 5.024011, 6.920907, 31.52402, 7.703505, 697.1753, 2508.361, 222.0001, 195.403, 211.5074, 384.7956, 163.7536, 120.1034, 213.7283, 13.48128, 788.0436, 12.20063, 917.4866, 761.1708, 2647.915, 690.8667
125.9, 417.302, 4.763288, 6.53006, 30.17459, 7.205125, 668.6982, 2497.633, 211.6189, 184.5269, 200.8695, 518.9074, 323.9494, 115.1668, 204.1124, 12.88966, 752.7909, 11.66531, 949.6747, 725.5826, 2707.833, 659.2249
126, 397.6987, 4.516095, 6.161284, 28.88293, 6.738988, 633.3539, 2381.282, 266.4446, 174.2561, 190.7666, 489.9774, 306.6953, 110.4331, 194.9291, 12.324, 755.5903, 11.15349, 1256.179, 746.5791, 2734.073, 662.7203
126.1, 413.0433, 4.281731, 5.813335, 27.64656, 6.303009, 599.8778, 2428.073, 253.9851, 164.557, 181.1719, 462.6603, 293.6096, 105.894, 186.1591, 11.78317, 739.3124, 10.66412, 1320.022, 711.6732, 2940.41, 632.3676
126.2, 393.64, 4.059528, 5.485036, 26.46311, 5.895234, 568.171, 2314.963, 242.1082, 155.3978, 172.0597, 609.281, 277.9714, 101.5415, 177.7836, 11.26607, 765.3075, 10.19622, 1254.303, 678.3992, 2865.563, 603.4051
126.3, 387.9861, 3.848857, 5.175277, 158.3812, 5.513841, 659.8129, 2226.136, 230.7867, 146.7484, 163.4059, 666.335, 263.1662, 97.3678, 169.7849, 10.77166, 731.0718, 9.748855, 1191.856, 646.681, 2743.651, 575.769
126.4, 369.7599, 3.649119, 4.883011, 161.4451, 5.157122, 658.1921, 2257.67, 219.9946, 138.5804, 155.1873, 629.1857, 249.1495, 93.36569, 162.1461, 10.29895, 698.3677, 9.321115, 1132.517, 616.4457, 2695.341, 709.7209
126.5, 352.3899, 3.459747, 4.60725, 154.5342, 4.823481, 693.4002, 2203.247, 209.7072, 130.867, 147.382, 594.1074, 235.8794, 89.52808, 154.8509, 9.846985, 667.1265, 8.912144, 1076.133, 587.624, 2886.935, 677.2156
126.6, 411.1884, 3.280201, 120.9391, 170.2782, 4.511425, 676.3361, 2169.988, 199.9008, 123.5829, 139.9693, 621.6313, 299.2796, 85.84821, 147.884, 9.414853, 637.283, 8.521116, 1210.122, 560.15, 2855.411, 800.5936
126.7, 391.8723, 3.109974, 159.0224, 162.9892, 4.219557, 765.4041, 2159.071, 190.553, 124.6645, 132.9295, 586.9742, 348.2487, 82.3196, 141.2305, 9.001686, 608.7744, 8.147245, 1149.875, 533.9604, 2733.931, 786.922
126.8, 373.4635, 2.948581, 150.0419, 195.0988, 3.946572, 724.9484, 2264.875, 181.6424, 171.7476, 126.2437, 807.2539, 329.7004, 78.93602, 134.8764, 8.60665, 680.6367, 7.789778, 1108.938, 508.9953, 2694.019, 750.8809
126.9, 355.9195, 2.795563, 141.5685, 186.7473, 3.691248, 686.6309, 2159.367, 173.1484, 196.9921, 119.8942, 843.5151, 312.14, 75.69152, 128.8082, 8.228951, 650.1887, 7.447995, 1155.822, 559.6452, 2872.715, 912.1184
127, 542.1091, 2.650486, 181.29, 237.2614, 3.452442, 672.0142, 2138.145, 165.0516, 186.0275, 113.864, 796.4876, 295.5149, 72.58038, 123.0129, 7.867826, 621.1028, 7.121208, 1098.278, 533.4792, 2750.498, 870.3433
127.1, 748.045, 2.512937, 171.0519, 257.0797, 3.229086, 636.4946, 2156.465, 157.3334, 175.6732, 108.1372, 752.082, 279.7753, 69.59711, 117.4784, 7.522549, 609.9641, 6.808759, 1043.598, 508.5367, 2662.441, 830.4814
127.2, 712.9046, 2.382527, 187.5845, 246.075, 3.02018, 602.8525, 2151.361, 149.9762, 165.8952, 102.6983, 710.152, 264.874, 66.73646, 112.193, 27.98281, 664.5721, 6.510019, 991.6412, 484.7603, 2549.17, 792.4452
127.3, 679.4149, 2.258885, 262.0599, 235.5414, 2.824789, 576.9545, 2051.141, 142.963, 156.6615, 97.53307, 670.5598, 250.7663, 63.99339, 107.1453, 26.7548, 702.3055, 6.224387, 942.2709, 462.0956, 2571.571, 756.1511
127.4, 647.4985, 2.141659, 323.1682, 279.2885, 2.642038, 546.4594, 2059.126, 136.2777, 147.9418, 92.62758, 633.1749, 237.4101, 61.36308, 102.3247, 25.58068, 776.6561, 5.951287, 953.6709, 440.4905, 2553.259, 721.5192
127.5, 617.0814, 2.030517, 417.063, 550.3863, 2.471111, 517.5761, 2036.385, 129.9051, 139.7073, 87.96881, 597.8742, 224.7652, 58.84087, 97.72097, 24.45808, 741.9127, 5.690169, 1015.759, 419.8955, 2451.639, 688.4735
127.6, 588.0931, 1.925142, 400.7262, 660.7523, 2.311242, 507.6379, 2051.196, 123.8304, 131.9312, 83.54436, 564.5416, 212.7938, 56.42234, 93.32439, 23.38474, 723.0052, 5.440508, 1148.633, 400.2635, 2602.723, 656.9413
127.7, 589.8259, 1.825236, 618.0313, 1112.739, 2.161716, 480.8065, 1955.642, 118.0398, 124.5879, 79.34245, 533.0674, 201.4601, 54.10321, 89.12563, 39.70335, 720.5506, 5.201802, 1091.447, 381.5494, 2491.993, 626.8533
127.8, 656.1761, 1.730515, 642.4676, 1393.914, 2.021864, 455.3933, 2053.358, 112.52, 117.6534, 75.35187, 503.348, 190.73, 51.87941, 85.11576, 67.50981, 688.3171, 4.973568, 1174.18, 363.7102, 2441.714, 598.1434
127.9, 625.3514, 1.640709, 722.7885, 1641.014, 1.891059, 431.3234, 2065.51, 107.2584, 111.1048, 71.562, 475.2854, 180.5714, 49.74702, 81.28631, 112.455, 657.5255, 4.755349, 1115.722, 346.7051, 2515.452, 570.7483
128, 595.9746, 1.555564, 821.3334, 1985.383, 1.768717, 408.5256, 2124.528, 102.2427, 104.9207, 67.96274, 448.7874, 170.9538, 47.70227, 77.62914, 149.3103, 628.1114, 4.546704, 1088.202, 330.4951, 2600.73, 544.6079
128.1, 611.3546, 1.474837, 774.9499, 2227.355, 1.654289, 386.9328, 2049.641, 97.46163, 99.08082, 64.54451, 522.9771, 161.8486, 45.74156, 74.13652, 167.7788, 600.0131, 4.347214, 1034.024, 315.0429, 2513.317, 519.6648
128.2, 599.8014, 1.3983, 731.1858, 2434.076, 1.547265, 366.4814, 1954.16, 92.90411, 93.56599, 61.2982, 493.8201, 153.2282, 43.86145, 70.80103, 160.4159, 573.1718, 4.156476, 1170.867, 300.3132, 2406.39, 495.8641
128.3, 571.6249, 1.325734, 778.0424, 2660.087, 1.447164, 347.1108, 1863.127, 88.55972, 88.35811, 58.21517, 466.2888, 145.067, 42.05862, 67.61562, 153.3761, 547.5312, 3.974107, 1301.578, 286.2722, 2572.571, 473.1534
128.4, 544.772, 1.256935, 825.7281, 2729.575, 1.353539, 328.7642, 1916.831, 84.41847, 83.4401, 55.2872, 537.4257, 137.3405, 40.32988, 64.57351, 268.1147, 523.0377, 3.79974, 1570.659, 336.793, 2635.314, 451.4829
128.5, 519.1806, 1.191705, 929.5957, 3026.643, 1.265972, 311.3872, 1827.537, 80.47088, 78.79583, 52.50649, 507.4632, 130.0255, 38.67221, 61.66827, 268.1103, 499.6399, 3.633024, 1492.462, 326.4074, 2523.198, 430.8049
128.6, 494.7914, 1.129861, 877.0982, 3099.982, 1.18407, 294.9287, 1742.402, 76.70789, 74.41006, 49.86564, 479.1712, 123.1002, 37.08266, 58.89375, 256.3443, 477.2887, 3.473622, 1418.157, 311.1464, 2415.851, 411.074
128.7, 471.5479, 1.071227, 831.7552, 3067.482, 1.107466, 279.3401, 1720.996, 73.12086, 70.26839, 47.35762, 452.4565, 116.5436, 35.55846, 56.24405, 245.0948, 455.9374, 3.321214, 1347.552, 350.3621, 2512.376, 392.2468
128.8, 449.3963, 30.95651, 785.4299, 3031.691, 1.035818, 264.5755, 1640.825, 69.70157, 66.35726, 44.97573, 427.2313, 110.3363, 34.0969, 88.54113, 234.3389, 435.5413, 3.175493, 1335.211, 333.9811, 2478.843, 374.2818
128.9, 451.2066, 29.35001, 777.1524, 3021.291, 0.9688059, 250.5913, 1564.388, 66.44217, 62.66382, 42.71365, 433.809, 104.4596, 32.69542, 84.55756, 258.9389, 502.2336, 3.036165, 1268.735, 364.5043, 2527.171, 357.1396
129, 430.0106, 27.82688, 733.2639, 2912.998, 0.9061288, 292.669, 1491.512, 63.33519, 59.17595, 40.56534, 444.0005, 98.89591, 31.35154, 80.75322, 247.5754, 579.0485, 2.902951, 1205.57, 347.462, 2419.655, 340.7826
129.1, 409.8102, 26.38279, 691.8539, 3044.481, 0.8475066, 277.1999, 1537.188, 60.3735, 55.88222, 38.52508, 419.2466, 93.62855, 30.0629, 77.12004, 236.7107, 553.145, 2.775582, 1145.549, 364.8889, 2385.579, 325.1747
129.2, 400.0002, 25.01364, 652.7825, 3053.698, 0.792677, 262.5484, 1465.58, 57.5503, 52.77182, 36.58743, 395.8729, 88.64173, 28.82723, 73.65032, 226.3227, 528.4003, 2.653801, 1244.77, 347.8286, 2376.293, 310.2817
129.3, 412.0886, 23.71555, 615.9176, 3063.562, 0.7413946, 248.6713, 1498.279, 54.85913, 61.25712, 34.74725, 501.0583, 83.92052, 27.64234, 70.33671, 216.3906, 567.2701, 2.537363, 1215.488, 331.5661, 2457.397, 456.4985
129.4, 392.7302, 22.48482, 581.1346, 3124.831, 0.69343, 250.046, 1458.132, 52.2938, 57.84755, 32.99961, 530.4833, 79.45078, 26.50616, 67.17218, 206.8944, 678.5767, 2.426034, 1394.614, 328.2985, 2395.741, 435.5908
129.5, 374.2811, 21.31796, 548.3159, 3032.267, 7.783569, 261.2743, 1446.99, 49.84843, 54.62776, 31.33987, 500.9079, 75.21909, 25.41668, 64.15002, 197.8149, 663.1619, 2.31959, 1409.087, 312.949, 2293.817, 415.6407
129.6, 356.6988, 27.82536, 517.3505, 3074.872, 7.28001, 317.8253, 1379.583, 47.51741, 51.58718, 29.76361, 472.9814, 71.2128, 24.37198, 61.26384, 189.1339, 633.4957, 2.217816, 1632.788, 298.3173, 2280.504, 470.5373
129.7, 339.9424, 102.3031, 488.1339, 3165.049, 6.809028, 301.0265, 1342.569, 45.29539, 48.71584, 28.26663, 446.6118, 67.41988, 23.37022, 58.50751, 187.0881, 726.0907, 2.120508, 1708.94, 301.0351, 2373.145, 639.884
129.8, 448.6905, 96.99402, 460.5673, 3029.565, 6.368517, 285.1157, 1351.944, 43.17728, 116.6043, 26.84495, 421.7124, 63.82899, 22.40964, 94.30259, 178.8778, 693.6094, 2.027469, 1623.858, 328.2881, 2354.27, 621.8031
129.9, 427.6127, 91.96047, 434.5575, 3042.661, 5.956504, 270.0458, 1288.964, 41.15822, 110.1141, 25.49476, 452.814, 60.42935, 21.48853, 90.05981, 171.0278, 662.5811, 1.938512, 1543.012, 316.8924, 2254.11, 725.1204
130, 407.525, 87.18814, 410.0165, 2912.416, 5.571147, 374.6896, 1264.194, 39.23357, 103.9851, 24.21249, 531.4153, 57.21078, 20.60529, 86.00791, 163.5223, 632.9408, 1.853458, 1466.191, 302.0763, 2158.211, 969.9736
130.1, 392.0719, 82.66348, 386.8614, 3097.994, 5.210721, 354.8852, 1253.293, 37.39892, 98.19732, 22.9947, 501.7879, 54.16364, 19.75835, 82.13832, 156.3462, 604.6265, 1.772136, 1436.552, 287.9528, 2302.788, 925.5486
130.2, 389.4909, 78.37362, 365.014, 2983.84, 4.873612, 336.1276, 1194.909, 35.65007, 92.73166, 21.83817, 473.8123, 51.27879, 18.94623, 78.44283, 149.485, 608.9709, 1.694382, 1437.704, 274.4897, 2342.005, 883.1584
130.3, 427.7389, 74.30639, 344.4004, 2963.537, 4.558313, 318.3615, 1139.245, 33.98299, 87.57022, 20.7398, 447.3965, 48.5476, 18.16748, 74.9136, 142.9249, 581.7289, 1.62004, 1366.126, 261.6561, 2242.367, 842.7096
130.4, 407.6452, 70.45023, 324.9509, 2972.81, 4.263412, 301.5344, 1086.174, 32.39387, 82.69607, 19.69668, 572.6726, 45.96187, 17.42074, 71.54315, 136.6527, 626.3756, 1.548959, 1311.762, 249.4225, 2146.968, 804.1133
130.5, 388.4955, 66.79418, 306.5998, 2952.49, 3.98759, 285.5966, 1035.576, 30.87906, 78.09321, 18.70602, 540.7451, 43.51386, 16.7047, 68.32434, 130.6558, 598.355, 1.480998, 1246.454, 237.7608, 2055.627, 767.2849
130.6, 370.2454, 63.32787, 289.285, 2865.048, 3.729612, 270.5013, 987.3341, 29.43509, 73.74654, 17.76519, 510.5975, 41.19624, 16.01809, 65.25035, 124.922, 591.8257, 1.416018, 1260.658, 226.6444, 2063.068, 732.1431
130.7, 438.5184, 60.04144, 317.4933, 2930.709, 3.488324, 256.2039, 941.3398, 28.05864, 125.843, 16.87168, 482.1308, 39.00206, 15.3597, 62.31466, 119.4399, 746.4766, 1.353889, 1272.287, 216.0478, 2173.208, 698.6108
130.8, 427.7602, 56.92557, 366.7518, 3181.128, 3.262647, 242.6621, 1044.796, 26.74656, 118.8385, 16.02311, 455.2511, 36.92474, 14.72837, 59.51105, 114.1983, 902.4099, 1.294486, 1291.626, 205.9466, 2244.835, 666.6143
130.9, 407.6656, 53.97139, 469.0033, 3557.917, 3.051569, 229.8361, 1017.863, 25.49583, 112.224, 15.21721, 429.8701, 34.95807, 14.12299, 56.83358, 109.1867, 950.5232, 1.237689, 1227.32, 196.3176, 2149.331, 636.0833
131, 409.5637, 51.17052, 442.517, 3752.23, 2.854147, 217.6881, 1081.427, 24.30359, 105.9776, 14.45185, 405.904, 33.09614, 13.54249, 80.4749, 104.3951, 908.002, 1.183385, 1166.216, 187.1389, 2057.89, 606.9506
131.1, 468.6257, 48.515, 474.1292, 4281.704, 2.669498, 206.1821, 1061.427, 23.16711, 100.0789, 13.72499, 383.2741, 31.33338, 12.98586, 76.85424, 99.81377, 900.6571, 1.131463, 1329.792, 178.3893, 2253.859, 579.1522
131.2, 446.6114, 45.9973, 521.5466, 4596.986, 2.496794, 195.2843, 1039.907, 22.08376, 94.50851, 13.03468, 361.9059, 29.66451, 12.4521, 73.39648, 95.43348, 860.3666, 1.081819, 1361.06, 170.0488, 2363.49, 552.627
131.3, 425.6312, 43.61024, 492.093, 4618.475, 2.335264, 184.9624, 991.4633, 21.05108, 89.24818, 12.37909, 341.729, 28.08453, 11.94028, 70.09429, 91.24541, 837.5917, 1.034353, 1389.195, 162.0982, 2262.938, 527.3165
131.4, 405.6365, 41.34707, 464.3028, 4653.917, 2.184183, 175.1862, 945.2766, 20.06668, 84.28062, 11.75648, 322.677, 26.5887, 11.4495, 66.94067, 87.24114, 911.067, 0.9889699, 1320.032, 154.5194, 2342.233, 503.1653
131.5, 386.5812, 39.20135, 438.082, 4627.758, 2.042877, 165.9266, 963.6065, 19.12832, 204.0214, 203.8677, 304.6872, 25.17254, 10.97889, 63.92893, 83.4126, 870.3109, 0.945578, 1254.312, 147.2949, 2312.286, 480.1203
131.6, 393.1857, 37.16698, 413.342, 4681.852, 1.910713, 157.1565, 918.7176, 18.23384, 192.6656, 193.614, 287.7003, 23.83181, 10.52763, 61.05269, 79.75207, 831.3779, 0.90409, 1191.864, 140.4082, 2305.881, 458.1307
131.7, 374.7153, 35.23818, 389.9991, 4592.907, 1.787099, 148.85, 875.9197, 17.38119, 181.9418, 183.8761, 271.6605, 22.56248, 10.09491, 58.30586, 76.25217, 794.1866, 0.8644224, 1132.526, 133.8435, 2268.369, 437.1483
131.8, 357.1125, 33.40948, 367.9745, 4492.692, 1.671482, 140.9824, 835.1156, 16.56841, 171.815, 174.6279, 335.8594, 21.36077, 9.679981, 55.68262, 72.90588, 758.659, 0.8264952, 1076.141, 127.5857, 2171.864, 417.1268
131.9, 351.4959, 31.67568, 347.1937, 4383.506, 1.563345, 133.5308, 796.2123, 15.79363, 162.2518, 165.8449, 317.1346, 20.22306, 9.282105, 53.17739, 69.70643, 761.5195, 0.790232, 1022.564, 121.6205, 2079.464, 531.8097
132, 334.9839, 30.03186, 327.5865, 4572.491, 1.462204, 126.4729, 759.1213, 15.05509, 153.2208, 377.1595, 299.4538, 19.14594, 8.900583, 50.78488, 66.64738, 727.4532, 0.7555599, 971.654, 115.9342, 2103.979, 507.4527
132.1, 319.2476, 154.7763, 309.0865, 4587.604, 1.367607, 119.7882, 723.7582, 14.35108, 211.8644, 358.19, 282.7587, 18.1262, 8.534743, 48.50001, 63.72259, 823.8807, 0.7224091, 991.8389, 110.5137, 2096.038, 484.2113
132.2, 304.2505, 146.7442, 291.6313, 4493.827, 1.279129, 113.4567, 763.0654, 13.67999, 303.5271, 531.76, 266.9944, 17.16077, 8.18394, 46.31794, 60.92614, 922.552, 0.6907129, 942.4588, 105.3467, 2220.828, 462.0344
132.3, 289.9579, 139.1288, 275.1619, 4351.154, 1.196376, 198.6296, 810.4014, 13.04029, 296.6585, 505.0148, 252.109, 16.24676, 7.847556, 44.23404, 58.25242, 955.2189, 0.6604073, 895.5371, 100.4213, 2126.345, 440.8731
132.4, 276.3367, 131.9086, 259.6225, 4282.195, 1.118976, 188.131, 772.6494, 12.43049, 308.5515, 479.6147, 238.0534, 15.38143, 7.524999, 42.2439, 55.69604, 973.8822, 0.6314314, 1016.916, 123.7532, 2189.91, 420.6811
132.5, 263.3554, 125.0632, 244.9607, 4366.441, 1.046584, 178.1872, 831.5312, 11.84922, 300.6667, 455.4922, 224.7815, 120.2029, 7.215699, 40.3433, 53.25184, 1000.663, 0.6037269, 966.2872, 117.9671, 2254.76, 597.1871
132.6, 271.6216, 141.6606, 231.127, 4288.522, 0.9788747, 168.7691, 923.9631, 11.29512, 283.9316, 432.5829, 212.2496, 154.8815, 6.919113, 38.52821, 50.9149, 997.3605, 0.5772378, 918.1792, 112.4516, 2313.599, 616.034
132.7, 275.9782, 134.3091, 218.0744, 4236.108, 0.9155462, 159.8487, 946.2159, 10.76694, 268.128, 410.8259, 200.4163, 146.6323, 6.634717, 81.83987, 48.68052, 1016.686, 0.5519111, 1015.456, 107.194, 2341.666, 670.764
132.8, 263.0138, 127.339, 205.759, 4320.832, 0.8563148, 151.3999, 946.3742, 10.26345, 253.204, 390.1631, 189.2427, 138.8224, 6.36201, 88.10087, 46.54419, 1028.291, 0.5276955, 1063.615, 152.7862, 2242.043, 640.0429
132.9, 250.6583, 120.7307, 194.139, 4159.325, 0.8009154, 199.0567, 988.8613, 323.5786, 239.1106, 370.5396, 287.8622, 241.9225, 6.100513, 84.13711, 44.50162, 1048.528, 0.5045425, 1121.584, 187.2261, 2146.657, 702.5736
133, 240.3603, 114.4653, 183.1753, 4164.723, 0.7491, 188.5355, 1151.037, 308.4474, 225.8018, 476.1909, 340.0444, 238.5377, 5.849764, 80.35168, 42.54868, 1049.423, 0.4824052, 1221.152, 184.8751, 2238.196, 670.3956
133.1, 229.069, 108.5251, 180.2621, 4393.818, 0.7006369, 178.5704, 1106.407, 427.7077, 304.9405, 465.1598, 321.0863, 225.8328, 5.609321, 115.5015, 55.51793, 1002.477, 0.4612393, 1470.761, 351.1649, 2142.974, 797.2572
133.2, 261.4801, 117.0385, 170.082, 4205.735, 94.46375, 243.2365, 1075.241, 407.7072, 287.9675, 473.7837, 303.1852, 277.5343, 5.378761, 212.375, 66.83871, 957.6318, 0.4410021, 1539.82, 334.7464, 2117.312, 760.7427
133.3, 249.1967, 127.8734, 160.4769, 4132.392, 196.7804, 286.6008, 1101.711, 427.3026, 271.9392, 488.7173, 476.4667, 262.7523, 5.157678, 202.82, 63.90552, 991.8815, 0.4216527, 1463.158, 319.0955, 2027.234, 725.9006
133.4, 314.4315, 145.9986, 151.4142, 4149.945, 228.7142, 271.4524, 1275.838, 512.9403, 256.8031, 464.137, 449.9029, 248.7577, 4.945683, 193.6949, 61.10105, 1072.857, 0.4031524, 1517.139, 417.1108, 2103.448, 692.6542
133.5, 299.6607, 138.422, 142.8633, 4171.526, 213.9175, 257.1047, 1288.627, 488.9541, 242.5095, 450.8064, 424.82, 235.5084, 78.94671, 184.9803, 85.84096, 1101.485, 0.3854637, 1441.606, 397.609, 2013.96, 660.9305
133.6, 285.5837, 185.8226, 189.6903, 4197.067, 200.078, 243.5153, 1302.044, 596.7424, 229.0114, 818.4, 502.7088, 222.9649, 75.70177, 176.6579, 149.1545, 1088.065, 0.3685512, 1369.833, 399.3478, 1997.646, 901.2864
133.7, 288.7191, 176.1792, 178.9779, 4284.705, 187.134, 329.162, 1241.389, 649.3238, 216.2646, 881.7493, 644.2186, 211.0894, 72.5902, 168.7098, 185.3947, 1039.391, 0.3523807, 1301.634, 511.375, 2130.629, 860.0074
133.8, 275.1561, 167.0363, 213.468, 4138.844, 175.0273, 359.7184, 1224.078, 675.5082, 244.3569, 837.4011, 608.3023, 199.8464, 69.60653, 161.1194, 177.2587, 992.8941, 0.3369197, 1236.831, 487.4659, 2039.984, 1019.327
133.9, 271.8756, 158.3679, 201.4127, 4128.913, 164.0622, 340.7054, 1241.386, 658.5638, 230.756, 828.5239, 636.2907, 189.2022, 66.7455, 153.8704, 169.4798, 1175.681, 0.3221371, 1175.253, 464.6747, 1953.195, 1037.46
134, 312.9718, 166.1289, 234.9358, 4227.953, 153.4482, 322.6973, 1273.998, 627.7679, 217.9121, 786.8527, 600.8163, 179.125, 64.00206, 146.9476, 162.0422, 1123.087, 0.3080031, 1116.741, 457.5838, 2069.342, 989.9444
134.1, 298.2695, 187.9537, 221.6681, 4272.721, 143.5209, 305.641, 1255.211, 683.8383, 205.7831, 802.166, 567.3198, 169.5845, 61.37139, 140.3363, 154.931, 1072.846, 0.2944892, 1061.143, 444.9457, 2022.321, 944.6048
134.2, 284.2579, 178.1997, 209.1497, 4089.822, 134.2357, 289.4862, 1196.738, 651.8605, 252.3325, 796.4041, 535.6907, 160.5521, 58.84884, 134.0224, 148.132, 1105.43, 0.2815682, 1008.312, 424.1425, 1936.284, 901.3417
134.3, 270.9045, 168.952, 197.3383, 4097.162, 125.5513, 274.1853, 1140.989, 621.3781, 238.2877, 763.6815, 545.9037, 152.0009, 56.42998, 127.9926, 141.6312, 1183.306, 0.2692142, 1048.588, 404.3119, 1853.907, 1007.974
134.4, 289.3141, 160.1841, 186.194, 4194.353, 193.7963, 340.8557, 1220.642, 592.321, 225.0246, 745.7797, 515.4686, 143.905, 54.11054, 122.234, 135.4158, 1130.372, 0.2574022, 996.3824, 385.4084, 1775.034, 1070.805
134.5, 275.7231, 151.8713, 175.6789, 4127.321, 181.2586, 322.8396, 1163.779, 564.6228, 212.4998, 865.42, 486.7303, 136.2404, 51.88644, 116.7346, 129.4731, 1079.805, 0.2461085, 946.7761, 367.3889, 1729.265, 1021.762
134.6, 262.7706, 143.9899, 165.7577, 4173.71, 169.5321, 305.7758, 1109.566, 538.2198, 200.6721, 821.8932, 459.5942, 128.984, 49.75375, 111.4826, 123.7912, 1202.524, 0.2353102, 899.6395, 350.2118, 1785.202, 974.9651
134.7, 250.4266, 136.5175, 156.3968, 4095.57, 158.5641, 289.6139, 1057.877, 513.0515, 189.5027, 780.5555, 511.1955, 122.1141, 47.70873, 106.4668, 118.3587, 1148.73, 0.2249858, 872.2883, 333.8378, 1709.252, 930.3116
134.8, 238.6625, 129.4328, 147.5645, 4131.123, 176.1063, 274.3063, 1008.597, 489.0601, 178.9549, 741.297, 482.6954, 124.801, 45.74776, 101.6768, 113.1646, 1097.342, 141.6446, 867.6121, 318.2293, 1823.551, 1073.691
134.9, 227.451, 122.7159, 139.231, 3994.566, 231.3118, 259.8077, 961.6119, 482.7555, 168.9943, 704.013, 478.3679, 118.1539, 43.86739, 97.10223, 108.1984, 1048.253, 135.4298, 824.4167, 303.3507, 1745.97, 1024.516
135, 216.7661, 126.1556, 131.3682, 4207.341, 216.3471, 340.6042, 916.8159, 460.1808, 159.5881, 668.6042, 451.698, 124.7824, 88.90202, 92.73349, 103.4501, 1042.229, 224.8429, 953.2726, 289.1677, 1787.369, 977.5929
135.1, 274.1117, 119.6087, 123.9494, 4067.06, 262.6487, 344.5965, 874.1067, 438.6617, 150.7054, 634.9763, 426.515, 118.1362, 85.24788, 88.5613, 98.91028, 995.605, 235.5318, 1142.732, 275.6478, 1933.941, 1096.495
135.2, 283.5541, 113.4016, 116.9495, 4144.595, 245.6566, 336.6358, 833.387, 418.149, 142.3172, 603.0398, 402.7361, 183.5323, 81.74394, 84.57683, 94.56963, 951.0671, 261.9846, 1085.84, 262.76, 1859.299, 1046.276
135.3, 270.2338, 107.5165, 110.345, 3967.18, 262.6729, 318.8428, 794.5643, 422.5396, 134.3958, 572.7095, 380.2828, 173.757, 78.38403, 80.77162, 90.41948, 908.5216, 250.4898, 1080.113, 250.4748, 1867.703, 1056.571
135.4, 257.5392, 101.9369, 104.1134, 3867.689, 245.6792, 301.9902, 757.55, 528.4386, 126.9154, 543.9047, 472.3737, 164.5024, 136.164, 77.13761, 86.45145, 867.8793, 239.4993, 1026.338, 238.7639, 1788.243, 1164.381
135.5, 245.4409, 96.64685, 98.23374, 3899.249, 229.7849, 286.0284, 722.2601, 503.7277, 119.8512, 516.5487, 583.1293, 155.7408, 138.8874, 73.6671, 82.65756, 866.4584, 228.9911, 1009.046, 227.6006, 2100.927, 1175.13
135.6, 233.911, 91.63132, 92.68614, 3844.177, 214.9189, 270.9103, 837.1508, 480.1723, 113.1803, 490.5685, 550.6188, 147.4458, 173.4305, 70.35273, 79.03017, 899.4069, 218.9439, 1450.924, 216.9593, 2142.727, 1194.343
135.7, 233.0127, 86.87607, 87.45183, 3892.208, 207.7145, 256.5912, 798.1526, 464.8778, 106.8807, 465.8951, 519.9208, 139.5925, 166.302, 67.18748, 75.56196, 859.1723, 303.6403, 1378.688, 206.8154, 2051.567, 1192.558
135.8, 222.0666, 82.3676, 82.51311, 3809.941, 194.2763, 243.029, 760.9713, 534.731, 100.9317, 502.275, 547.6531, 132.1576, 159.4665, 64.16463, 72.24595, 932.2327, 290.3178, 1391.208, 197.1459, 1964.286, 1245.248
135.9, 211.6347, 108.2223, 77.85331, 3834.193, 200.4869, 275.0237, 915.1153, 509.7258, 95.31389, 477.0128, 592.1292, 125.1187, 166.3268, 61.27779, 69.07546, 890.5297, 277.5799, 1321.944, 195.1323, 1929.201, 1285.41
136, 201.6929, 127.3594, 73.45667, 4044.546, 304.6552, 260.4872, 956.2456, 485.89, 90.00872, 453.0211, 559.1169, 118.4546, 159.4902, 58.52084, 66.04411, 919.8219, 265.4008, 1362.286, 299.4948, 1926.419, 1285.179
136.1, 192.2181, 120.75, 209.0023, 4246.593, 374.8835, 246.719, 1095.674, 463.1687, 84.99884, 430.2361, 527.9451, 112.1455, 156.205, 55.88792, 63.14579, 917.2703, 253.7562, 1294.463, 285.4921, 1844.461, 1226.318
136.2, 183.1884, 114.4837, 197.1992, 4157.038, 350.6303, 445.6552, 1077.49, 496.9162, 80.26781, 408.5971, 498.5112, 106.1725, 149.7845, 70.29861, 60.37466, 876.2366, 242.6224, 1360.185, 272.144, 2005.565, 1311.632
136.3, 174.5829, 108.5425, 186.0627, 4136.517, 345.5141, 578.1448, 1058.693, 473.6793, 75.8001, 388.0464, 470.7183, 100.5175, 180.5106, 78.3045, 57.72514, 837.0386, 231.9772, 1292.466, 373.5247, 1920.24, 1251.559
136.4, 296.2328, 102.9096, 280.9932, 4355.426, 584.1799, 547.5867, 1286.542, 533.9278, 71.58107, 419.9857, 444.4749, 95.16381, 173.0911, 74.78149, 55.19189, 860.5109, 221.799, 1228.119, 356.0607, 1965.809, 1293.229
136.5, 282.3168, 97.56908, 634.3391, 4590.057, 546.3862, 556.0637, 1368.385, 602.5803, 67.59687, 398.8623, 468.3485, 90.09522, 219.3731, 71.41698, 52.76982, 849.8637, 212.0674, 1166.975, 460.8939, 2006.683, 1390.102
136.6, 291.8466, 92.50568, 598.5157, 4572.599, 784.391, 526.6727, 1426.931, 632.8761, 63.83443, 378.8013, 520.0861, 85.2966, 210.3562, 68.20385, 50.45403, 979.1163, 202.7627, 1108.876, 439.345, 1921.311, 1326.435
136.7, 278.1367, 194.7356, 564.7155, 4630.84, 733.6447, 508.3263, 1423.189, 603.2814, 60.28141, 383.4449, 506.0666, 80.75356, 214.5142, 65.13528, 48.23988, 942.3696, 193.8663, 1053.669, 418.8036, 1839.571, 1366.674
136.8, 265.0708, 201.0459, 532.824, 4609.361, 731.3885, 481.4585, 1356.891, 575.0707, 56.92615, 364.1593, 477.8525, 76.45248, 205.697, 62.20477, 46.12289, 1035.856, 185.3603, 1206.903, 399.2227, 2027.523, 1397.692
136.9, 252.6187, 190.6126, 502.7336, 4617.155, 684.0712, 490.7295, 1449.044, 548.1791, 70.37685, 345.8437, 451.2114, 72.38049, 292.6696, 59.40611, 44.0988, 989.5178, 177.2275, 1383.566, 380.5572, 1941.265, 1399.115
137, 240.7516, 180.7207, 474.3424, 4546.571, 639.8151, 464.7918, 1381.541, 522.5451, 66.45967, 391.5049, 514.9668, 68.52538, 280.64, 56.73336, 42.16354, 1006.477, 169.4515, 1314.684, 362.7644, 1858.676, 1335.035
137.1, 400.5314, 190.3133, 447.5547, 4538.71, 598.4221, 440.225, 1389.628, 498.1098, 62.76053, 433.3583, 501.7989, 64.8756, 269.1049, 54.18086, 40.31321, 1011.932, 162.0167, 1249.23, 345.8036, 1779.6, 1386.651
137.2, 396.2151, 180.4369, 422.2797, 4360.093, 559.7071, 416.9568, 1368.455, 474.8171, 226.6725, 436.8237, 563.1697, 61.42022, 258.0439, 51.7432, 38.54408, 1074.839, 154.9081, 1187.036, 384.9761, 1703.889, 1353.847
137.3, 377.6024, 189.8867, 398.4321, 4251.892, 523.4968, 394.9184, 1304.707, 452.6136, 232.4917, 478.7681, 608.2528, 58.14888, 266.2159, 49.41522, 84.07182, 1059.078, 148.1113, 1127.937, 366.9767, 1881.373, 1291.841
137.4, 369.22, 180.0325, 375.9312, 4393.644, 489.6291, 434.7715, 1243.928, 516.639, 219.5512, 454.6882, 574.3416, 55.05177, 255.2737, 47.19197, 80.38235, 1011.7, 141.6128, 1071.781, 369.8754, 1801.333, 1232.674
137.5, 351.8754, 170.6896, 354.7011, 4307.473, 457.9524, 411.7915, 1185.98, 538.9016, 232.2512, 431.8193, 542.321, 52.11962, 244.7812, 45.06875, 76.8548, 966.4424, 135.3994, 1018.421, 352.582, 1755.71, 1176.218
137.6, 338.394, 258.1533, 334.6699, 4169.795, 428.3251, 390.0261, 1223.591, 513.7014, 227.9676, 456.8962, 512.0857, 49.34364, 271.6577, 43.04106, 119.663, 1023.477, 129.4587, 967.7175, 384.8175, 1681.015, 1192.697
137.7, 322.4975, 244.7563, 315.7699, 4070.625, 400.6145, 369.4111, 1166.591, 554.0902, 288.2325, 627.9962, 528.8648, 46.71552, 311.5299, 41.10459, 161.9086, 1205.18, 123.7786, 919.5383, 366.8255, 1609.498, 1288.745
137.8, 360.7554, 261.9172, 330.1875, 4196.114, 374.6967, 349.8858, 1112.246, 589.9811, 301.5529, 818.5366, 499.3796, 44.22737, 298.7251, 39.25525, 274.5869, 1314.566, 118.3477, 873.7578, 349.6747, 1972.407, 1287.905
137.9, 343.8084, 248.3249, 311.5406, 4106.458, 350.4557, 331.3924, 1198.054, 610.8903, 423.5479, 1015.439, 607.7412, 41.87174, 286.4467, 37.48911, 330.9029, 1255.759, 113.1551, 830.2565, 333.3259, 1952.613, 1395.559
138, 327.6576, 235.438, 460.6504, 4191.685, 327.7829, 313.8766, 1142.244, 582.3237, 399.9733, 1042.705, 573.8585, 39.64158, 274.6729, 35.80243, 347.2411, 1278.859, 108.1903, 788.921, 317.7414, 1882.538, 1365.906
138.1, 312.2654, 223.2198, 491.0114, 4012.254, 306.5769, 297.2865, 1132.393, 555.093, 377.7108, 990.2619, 576.0435, 37.5302, 263.383, 34.19164, 332.0026, 1221.65, 103.4434, 749.6434, 302.8855, 1827.68, 1438.537
138.2, 297.5963, 211.6357, 463.2822, 3943.485, 286.7429, 281.5733, 1079.642, 617.7728, 356.6874, 940.4561, 543.928, 35.53128, 257.8978, 32.65332, 317.4327, 1167, 98.90471, 712.3214, 288.7242, 1749.923, 1493.17
138.3, 283.6163, 218.1092, 505.64, 4124.961, 268.192, 266.6906, 1076.355, 588.8844, 336.8342, 893.1552, 612.6629, 33.63882, 247.2974, 31.18421, 303.5023, 1114.795, 94.56519, 676.8574, 275.225, 1830.505, 1424.783
138.4, 270.293, 224.8093, 596.3138, 4156.926, 250.8413, 252.5946, 1026.214, 561.3469, 338.8368, 848.2334, 604.1349, 31.84716, 400.0046, 55.37259, 344.1687, 1064.925, 90.41606, 643.1591, 262.357, 1752.628, 1359.527
138.5, 257.5956, 213.1427, 669.8253, 3978.983, 234.613, 239.2436, 978.4081, 535.097, 454.3615, 805.5709, 570.4533, 30.15093, 427.499, 52.88131, 465.57, 1017.286, 86.44898, 611.1385, 250.0906, 1678.065, 1297.261
138.6, 245.4947, 202.0816, 631.9979, 4100.639, 219.4347, 226.5983, 932.8297, 510.0747, 429.0718, 765.0542, 595.3365, 28.54504, 409.9275, 50.50212, 463.1679, 971.7784, 165.3485, 580.7121, 292.3707, 1606.673, 1237.846
138.7, 233.9622, 242.0629, 596.3068, 3960.354, 285.0635, 235.8336, 889.3745, 486.2225, 427.1564, 726.5753, 562.1454, 27.02468, 393.0783, 95.57852, 442.8419, 928.3064, 158.0937, 551.8005, 353.4762, 1692.758, 1302.287
138.8, 222.9715, 229.5009, 562.6312, 3926.89, 266.6213, 223.3685, 847.9435, 463.4857, 540.933, 772.262, 530.8048, 25.5853, 449.3322, 103.0115, 431.7647, 953.6844, 333.9012, 661.9064, 336.9496, 1794.703, 1271.165
138.9, 212.4971, 217.5909, 530.8575, 3979.912, 249.3722, 211.5623, 985.305, 441.8121, 510.8247, 957.0754, 640.6637, 24.22259, 502.9879, 98.37691, 412.8169, 967.6721, 319.251, 628.9525, 374.9019, 1718.349, 1249.129
139, 202.5148, 206.2989, 623.2827, 3822.298, 233.239, 200.3801, 939.4052, 421.152, 482.3923, 1163.149, 660.1689, 22.93245, 482.3136, 93.95083, 394.7006, 924.3837, 305.2437, 597.6392, 368.4758, 1717.958, 1416.06
139.1, 193.0014, 195.5929, 757.6259, 3956.221, 228.1941, 189.7889, 895.6437, 401.4581, 516.0918, 1104.648, 659.9083, 21.71103, 462.4891, 89.72388, 459.7344, 883.0318, 291.8508, 728.8748, 351.2479, 1644.869, 1351.204
139.2, 183.9349, 185.4426, 714.8401, 3786.87, 241.808, 179.7576, 853.9207, 382.685, 487.3661, 1084.083, 623.1172, 20.55466, 443.4794, 85.6871, 439.5591, 967.9145, 279.0456, 692.5867, 421.5655, 1810.765, 1389.948
139.3, 175.2943, 175.8189, 674.4706, 3782.4, 290.4674, 276.3511, 903.184, 364.7899, 642.0126, 1166.575, 686.8797, 19.45989, 425.2511, 103.7952, 559.0496, 971.9293, 266.8023, 658.1053, 401.8554, 1733.728, 1326.289
139.4, 246.8146, 166.6947, 636.3809, 3775.857, 323.7597, 470.7503, 1022.221, 347.7315, 606.2782, 1107.902, 648.5849, 18.42342, 407.772, 99.12531, 606.9974, 1102.782, 255.0961, 625.3406, 565.8424, 1740.661, 1504.365
139.5, 248.0378, 158.044, 632.4026, 3614.227, 302.814, 762.5369, 974.6014, 331.4708, 682.2654, 1321.086, 612.4251, 17.44216, 391.0114, 94.66554, 580.3596, 1053.449, 349.9144, 612.0449, 599.4777, 1666.607, 1517.151
139.6, 241.9137, 149.8423, 615.0724, 3709.417, 283.2234, 784.8792, 929.2003, 466.0395, 678.9816, 1551.741, 578.2813, 16.51316, 374.9397, 90.40643, 554.8907, 1061.34, 334.5616, 693.8223, 571.4494, 1595.703, 1447.666
139.7, 230.5495, 185.1759, 693.6173, 3641.945, 264.9002, 743.3941, 885.9141, 444.2464, 641.1895, 1506.124, 546.0411, 15.63364, 359.5286, 86.33894, 530.5395, 1013.862, 392.871, 659.2793, 611.684, 1688.916, 1427.907
139.8, 219.7191, 314.4299, 654.4463, 3646.962, 247.7625, 887.1891, 844.6444, 423.4725, 605.5009, 1466.878, 589.3454, 14.80097, 344.7509, 82.45446, 507.257, 1082.194, 375.6335, 626.4561, 583.085, 1805.246, 1474.44
139.9, 209.3975, 300.3071, 617.4874, 3667.579, 231.7334, 840.2964, 805.2972, 403.67, 571.7988, 1410.367, 556.4883, 14.01264, 330.5806, 78.74474, 484.9962, 1067.881, 359.1522, 595.2671, 555.8231, 1728.444, 1406.911
140, 199.5607, 324.5637, 582.6158, 3578.013, 216.7414, 905.0422, 767.783, 406.1646, 539.9725, 1339.432, 525.4631, 13.2663, 316.9928, 75.20193, 463.7123, 1020.11, 389.9309, 565.6309, 529.8359, 1654.909, 1485.788
140.1, 195.6621, 307.7203, 549.7134, 3733.411, 202.7193, 857.2059, 732.0164, 387.1714, 509.9176, 1272.064, 496.1676, 12.55972, 303.9634, 86.02209, 443.3625, 974.476, 372.8224, 537.4701, 505.0636, 1584.503, 1417.739
140.2, 186.4706, 332.9662, 518.6692, 3616.151, 189.6043, 811.8979, 697.9159, 369.0665, 481.5356, 1279.865, 468.5054, 11.89077, 291.4696, 82.15186, 423.9057, 957.5186, 356.4645, 601.5269, 481.4496, 1548.939, 1394.612
140.3, 177.7109, 384.17, 489.3781, 3588.487, 177.3378, 768.9848, 665.404, 351.8081, 454.7334, 1289.015, 636.8655, 11.25744, 279.4894, 167.4893, 405.3027, 914.6844, 340.8243, 734.5046, 458.9397, 1524.83, 1340.496
140.4, 169.3627, 412.7855, 461.7412, 3604.475, 165.8649, 728.3398, 634.4066, 335.3568, 429.423, 1224.183, 601.3591, 10.65785, 308.4884, 159.9538, 387.5162, 873.7665, 325.8704, 731.9647, 466.0723, 1459.958, 1328.105
140.5, 161.4066, 391.3638, 435.6651, 3587.877, 155.1343, 689.8431, 604.8532, 319.6748, 405.5213, 1162.612, 567.8323, 10.0902, 343.2268, 152.7572, 370.5102, 834.679, 311.5725, 695.5228, 444.2813, 1397.846, 1267.277
140.6, 153.8243, 541.4747, 411.0616, 3471.416, 145.0978, 653.3812, 576.6765, 304.7261, 382.95, 1104.138, 536.1746, 9.552777, 329.1192, 151.6039, 354.2505, 853.7773, 343.6433, 751.1031, 471.1837, 1447.752, 1381.552
140.7, 167.9105, 515.0493, 387.8475, 3464.855, 135.7107, 618.8465, 549.8124, 290.4764, 425.0401, 1101.46, 579.4965, 9.043981, 315.5914, 161.2468, 338.7043, 815.584, 328.5656, 877.845, 449.1537, 1501.448, 1401.524
140.8, 160.0227, 488.3206, 365.9444, 3459.829, 126.9309, 586.1371, 524.1998, 302.9861, 551.5383, 1214.398, 744.5439, 8.562283, 302.6197, 153.9921, 323.8404, 929.326, 360.1168, 834.1403, 428.1538, 1664.951, 1562.283
140.9, 152.5054, 522.2383, 345.2782, 3507.384, 219.0822, 662.3714, 499.7803, 288.8179, 578.9719, 1240.93, 703.0343, 8.106241, 290.1811, 181.9497, 309.6288, 887.753, 344.3164, 792.6114, 528.6139, 1619.283, 1523.573
141, 201.6755, 495.1365, 399.7966, 3394.403, 363.2748, 809.9511, 476.4984, 275.3121, 583.2396, 1178.516, 796.9728, 7.674489, 278.2538, 189.3615, 296.0408, 868.9788, 403.1589, 753.1501, 657.8801, 1550.393, 1673.41
141.1, 214.4951, 469.4412, 472.8293, 3341.18, 339.7726, 767.1409, 454.3011, 285.6808, 667.2277, 1222.217, 798.9, 38.7217, 266.8168, 261.1429, 283.0492, 906.1466, 385.47, 715.6534, 627.1212, 1577.233, 1792.88
141.2, 204.4189, 445.0793, 471.1027, 3357.667, 407.4012, 750.5196, 433.1378, 272.3217, 762.1429, 1215.305, 754.3599, 36.65932, 346.4207, 249.3938, 270.6277, 865.6105, 368.5572, 680.0236, 601.2145, 1785.857, 2057.048
141.3, 194.816, 421.9818, 444.4979, 3353.067, 381.0443, 710.8506, 412.9603, 318.927, 719.7221, 1154.18, 712.3029, 34.70678, 332.1818, 238.1733, 258.7513, 839.1702, 675.7281, 646.1677, 590.9667, 1709.88, 1962.835
141.4, 185.6642, 400.0828, 433.6487, 3258.332, 356.3926, 673.2783, 393.7229, 348.1762, 679.6624, 1096.13, 672.5908, 32.85824, 318.5281, 227.4576, 247.3961, 890.8039, 965.1912, 613.9973, 563.3363, 1637.135, 2014.35
141.5, 176.9424, 379.3203, 530.4035, 3266.835, 333.3357, 686.4462, 375.3816, 331.8947, 641.8325, 1061.989, 635.0926, 31.10816, 305.4357, 217.224, 236.5392, 850.9542, 922.8426, 583.4285, 536.9978, 1567.485, 1922.093
141.6, 168.6303, 359.6353, 500.4498, 3302.592, 311.7705, 650.1638, 357.8947, 316.3746, 606.1081, 1008.576, 599.6851, 29.45128, 292.8814, 207.4509, 226.1588, 812.8872, 894.1264, 554.3817, 511.8907, 1544.962, 1834.06
141.7, 160.7086, 340.9719, 472.1876, 3292.681, 291.6005, 615.7992, 341.2224, 301.5803, 572.3721, 957.8487, 566.2515, 27.88266, 280.8431, 198.1174, 216.2339, 776.5231, 854.8959, 526.781, 487.9575, 1479.233, 1750.06
141.8, 153.1591, 323.277, 445.5215, 3289.172, 272.7353, 583.2509, 325.3268, 287.4777, 540.5139, 909.6731, 534.682, 26.39758, 269.2996, 206.4946, 206.7445, 741.7856, 971.8064, 650.2795, 465.1432, 1416.301, 1746.641
141.9, 145.9643, 306.5004, 420.3614, 3230.909, 255.0907, 552.423, 310.1717, 274.0346, 510.4289, 863.9205, 504.8725, 24.9916, 258.2306, 197.2041, 197.6716, 708.6022, 1032.523, 617.9044, 443.3957, 1356.046, 1666.644
142, 139.1074, 290.5945, 412.4179, 3092.606, 238.5875, 523.2244, 295.7226, 261.2202, 482.0185, 870.4683, 476.725, 23.66051, 247.6165, 188.3317, 188.9969, 676.9033, 987.2206, 587.1412, 422.6649, 1298.354, 1590.312
142.1, 132.5726, 275.5139, 485.1862, 3235.398, 223.1521, 495.5692, 281.9465, 311.2347, 455.1893, 826.6876, 450.1467, 22.40031, 237.4388, 179.8585, 180.7028, 646.6223, 961.7661, 557.9095, 402.9034, 1268.185, 1517.475
142.2, 180.6315, 261.216, 457.7861, 3202.437, 208.7152, 469.3757, 268.8123, 396.2432, 429.8535, 807.7811, 425.0502, 21.20723, 227.6794, 171.7664, 172.7727, 617.696, 919.5679, 671.8881, 384.0659, 1372.27, 1447.975
142.3, 172.1461, 247.6601, 491.4789, 3258.365, 195.2123, 444.5667, 256.2898, 377.714, 405.9279, 767.1533, 401.3529, 20.0777, 218.3211, 164.0385, 165.1907, 590.0637, 949.4487, 638.4371, 366.109, 1313.889, 1381.657
142.4, 164.0593, 234.8076, 463.7234, 3202.563, 182.583, 421.069, 244.3507, 360.0513, 422.6211, 728.5688, 378.9767, 19.00832, 209.3474, 156.6582, 157.9413, 563.6674, 973.0491, 606.6516, 348.9918, 1257.991, 1318.377
142.5, 156.3524, 222.6222, 437.5353, 3080.541, 170.7708, 398.8132, 232.9678, 343.2145, 399.0981, 724.8199, 502.1351, 17.99591, 200.7426, 175.79, 151.0101, 538.452, 1038.164, 576.4486, 332.6748, 1204.471, 1445.452
142.6, 149.0075, 211.0691, 412.8261, 3041.817, 159.7227, 377.7338, 222.1152, 327.165, 376.8843, 755.5331, 474.1401, 17.03742, 192.4915, 167.881, 144.3831, 566.13, 1114.253, 547.7493, 317.1208, 1286.94, 1379.25
142.7, 142.0077, 226.4594, 389.5124, 3011.095, 149.3895, 357.7685, 368.4589, 311.8661, 355.9069, 717.5331, 447.706, 16.12997, 184.5795, 160.3279, 138.0469, 540.8044, 1155.495, 601.7921, 302.2939, 1306.246, 1344.246
142.8, 135.3367, 214.7072, 367.5153, 3071.039, 139.7247, 338.8585, 447.2373, 297.2826, 336.0972, 720.0528, 422.7455, 38.64205, 176.9928, 153.1145, 131.9888, 614.3891, 1117.504, 663.4997, 288.1603, 1391.876, 1282.68
142.9, 128.9791, 203.5649, 346.7604, 2989.946, 130.6852, 320.948, 426.4031, 327.9873, 317.39, 683.8373, 399.1767, 44.9511, 169.7179, 146.2257, 126.1965, 586.9047, 1119.104, 630.4664, 274.6875, 1332.66, 1241.906
143, 122.9201, 193.0008, 327.1776, 3032.705, 122.2305, 303.9842, 422.3716, 312.6499, 299.7241, 649.4432, 376.9219, 42.55693, 162.742, 139.6469, 120.6584, 560.6498, 1070.003, 599.0778, 261.8446, 1275.964, 1185.026
143.1, 117.1458, 182.9849, 308.7008, 3004.788, 114.3227, 287.917, 472.4002, 298.0298, 283.0415, 616.7791, 355.9078, 40.29027, 156.0528, 133.364, 115.3633, 695.6377, 1023.056, 581.8158, 249.6022, 1221.679, 1211.834
143.2, 111.6427, 173.4889, 291.2674, 3043.84, 106.9266, 272.699, 450.3937, 305.0629, 267.2874, 585.7578, 416.1444, 96.70016, 149.6385, 127.3638, 110.3007, 764.6661, 978.1683, 552.8492, 237.9322, 1300.181, 1213.081
143.3, 106.3981, 164.4856, 274.8185, 2913.544, 100.009, 300.5005, 580.3193, 344.3455, 252.4102, 556.2967, 414.8169, 158.105, 143.488, 121.6336, 105.4602, 829.5274, 957.492, 553.0745, 226.8078, 1244.866, 1157.522
143.4, 101.3999, 155.9495, 259.2985, 2907.894, 93.53888, 284.6175, 677.038, 328.2431, 238.3611, 528.3174, 391.6901, 192.9729, 137.5902, 116.1611, 100.8321, 805.6074, 915.4813, 746.8828, 216.2035, 1341.596, 1181.689
143.5, 96.6365, 147.8565, 244.655, 2912.865, 87.48737, 269.5739, 729.3843, 312.8938, 225.0939, 501.7453, 369.8527, 182.6949, 131.9348, 110.9349, 96.4071, 769.569, 875.3138, 709.6982, 206.095, 1284.519, 1295.173
143.6, 92.09686, 140.1834, 230.8385, 2872.644, 81.82735, 297.132, 695.4064, 298.2622, 212.5652, 621.7878, 349.2327, 172.9642, 126.5119, 105.9438, 92.17632, 784.8915, 856.5786, 674.3648, 196.4591, 1229.871, 1235.854
143.7, 87.77048, 132.9085, 217.8022, 2898.019, 76.53352, 281.427, 663.0114, 284.3148, 200.7338, 590.5146, 370.6035, 163.7518, 121.3119, 101.1773, 88.1312, 815.5745, 1081.604, 640.7906, 187.2738, 1418.974, 1230.953
143.8, 83.64735, 126.0112, 205.5022, 2850.928, 71.58217, 356.6578, 632.1255, 271.0196, 189.561, 560.8143, 349.9417, 343.9337, 116.3256, 96.62521, 84.26359, 779.0901, 1440.081, 717.3719, 178.5179, 1377.52, 1174.575
143.9, 79.7179, 119.4718, 193.8968, 2843.144, 66.95115, 359.3373, 679.1911, 387.8078, 179.01, 532.6077, 330.4318, 325.6152, 111.5443, 92.27793, 80.56571, 744.2379, 1454.875, 681.6565, 170.1713, 1318.915, 1231.663
144, 75.97304, 113.2717, 182.9467, 2811.854, 62.61973, 340.3444, 647.5515, 369.6731, 198.5311, 505.8199, 312.0096, 308.2724, 106.9595, 88.12624, 77.03011, 710.9448, 1510.991, 752.5348, 162.215, 1293.206, 1175.253
144.1, 72.4041, 107.3934, 172.6151, 2897.025, 58.56854, 322.3553, 798.8408, 352.3864, 196.0484, 480.3793, 316.433, 291.8533, 102.5631, 84.16135, 73.64967, 679.141, 1444.695, 870.4594, 154.6308, 1311.829, 1121.426
144.2, 69.00282, 101.8202, 162.8669, 2773.014, 82.52323, 305.3171, 761.6274, 335.908, 185.1363, 456.2184, 298.7913, 339.6295, 98.3475, 80.37483, 70.41759, 700.6014, 1474.603, 981.4624, 147.4011, 1488.807, 1152.343
144.3, 65.76131, 96.53619, 153.6693, 2748.7, 77.18438, 289.1795, 865.8234, 320.2002, 174.8316, 433.2726, 282.1331, 321.5403, 94.30512, 76.75867, 67.32734, 669.2603, 1409.903, 932.5989, 269.8782, 1425.468, 1159.095
144.4, 62.67208, 91.52641, 144.991, 2733.628, 72.19093, 323.6604, 875.1563, 305.2269, 165.1005, 411.4808, 302.3478, 409.4262, 90.4289, 73.30521, 64.3727, 649.0615, 1511.908, 886.1681, 257.2601, 1364.823, 1106.008
144.5, 59.72798, 86.7766, 136.8029, 2630.939, 67.52052, 306.5532, 834.3878, 290.9539, 155.911, 390.7851, 285.4914, 387.6194, 86.71201, 70.00713, 61.54773, 620.026, 1445.572, 998.7003, 245.2321, 1703.666, 1231.106
144.6, 56.92217, 82.27329, 129.0771, 2640.942, 102.4347, 290.3502, 795.5184, 277.3482, 147.233, 371.1303, 269.5747, 366.9742, 83.14789, 66.85743, 58.84673, 604.7932, 1382.146, 948.9785, 276.3718, 1631.186, 1210.873
144.7, 54.24817, 78.00368, 121.7877, 2707.523, 95.80765, 275.0037, 834.2418, 264.3788, 139.0381, 352.4641, 296.8729, 347.4285, 79.73026, 107.6978, 56.26426, 700.5378, 1321.503, 1214.355, 263.4502, 1653.594, 1388.565
144.8, 51.69979, 73.95565, 114.9099, 2690.351, 89.60935, 260.4682, 980.0763, 252.0159, 136.1839, 334.7367, 334.3114, 328.9239, 76.45312, 102.8524, 53.79513, 699.4016, 1263.521, 1153.897, 332.7197, 1661.845, 1324.969
144.9, 49.27112, 70.11769, 108.4206, 2703.321, 123.0164, 246.7011, 974.4866, 281.5056, 128.6039, 317.9009, 315.6729, 311.4048, 73.31067, 109.4072, 51.43435, 668.1142, 1208.083, 1096.448, 550.9053, 1750.686, 1264.285
145, 46.95654, 66.4789, 102.2977, 2674.694, 115.0578, 233.6616, 1096.54, 330.9273, 121.4458, 301.9119, 406.5338, 294.8189, 70.29739, 104.4848, 49.17717, 638.2264, 1246.64, 1041.86, 525.1479, 1676.205, 1302.532
145.1, 44.75069, 63.02895, 96.52056, 2596.894, 107.6142, 221.3113, 1074.805, 315.4524, 184.5306, 286.727, 383.8688, 279.1164, 67.40796, 166.3083, 47.01905, 650.4613, 1191.942, 1111.396, 636.0605, 1910.969, 1371.809
145.2, 42.64847, 59.75804, 91.06971, 2580.174, 100.652, 209.6138, 1177.684, 300.7012, 174.2597, 272.3059, 450.4926, 330.0374, 64.63729, 158.8259, 44.95563, 738.4468, 1139.645, 1309.757, 606.3218, 1829.669, 1505.379
145.3, 40.645, 56.65687, 85.92668, 2495.042, 94.14034, 198.5346, 1267.619, 286.6397, 164.5604, 258.6101, 425.3769, 312.4591, 61.98051, 151.6801, 42.98277, 889.6339, 1089.642, 1474.201, 577.9735, 1922.021, 1436.432
145.4, 38.73564, 53.71664, 81.0741, 2488.153, 151.6575, 355.4528, 1398.645, 305.5921, 155.401, 245.6031, 401.6613, 404.3645, 74.57436, 149.3459, 41.09649, 849.8365, 1041.833, 1400.806, 677.2456, 1909.653, 1598.118
145.5, 36.91598, 50.92899, 76.49557, 2572.645, 141.846, 336.6652, 1359.921, 340.4527, 146.7514, 233.2504, 459.9748, 382.8274, 71.50914, 142.6267, 39.29298, 811.8195, 996.1218, 1444.327, 842.5348, 1959.084, 1524.924
145.6, 93.12359, 48.28601, 72.1756, 2462.52, 132.6693, 401.5648, 1449.661, 324.5324, 138.5832, 221.5189, 563.1312, 362.4373, 68.5699, 177.9229, 37.56862, 775.5031, 988.4241, 1400.091, 803.1425, 2028.795, 1579.539
145.7, 88.74898, 45.78018, 68.09959, 2489.865, 124.0862, 526.562, 1596.073, 309.3566, 130.8697, 210.3775, 531.7356, 362.8625, 85.41746, 197.2775, 35.91994, 926.9742, 945.0562, 1473.278, 1011.485, 2231.959, 1619.602
145.8, 84.57987, 43.4044, 64.25376, 2428.387, 116.0584, 507.7105, 1649.886, 294.8904, 123.5855, 199.7964, 502.0904, 343.5358, 81.90655, 188.4018, 34.34361, 885.5064, 903.5911, 1399.928, 964.1937, 2275.974, 1581.644
145.9, 80.60661, 41.15191, 60.62513, 2414.976, 108.55, 566.2161, 1845.375, 281.1007, 116.7067, 189.7475, 474.098, 325.2385, 78.53995, 179.9254, 32.83645, 845.8937, 863.9453, 1330.231, 919.1133, 2179.146, 1569.828
146, 76.82001, 39.01631, 57.20141, 2501.134, 101.5274, 536.2885, 1879.454, 267.9558, 110.2108, 180.204, 447.6661, 321.9347, 75.31172, 171.8303, 31.39543, 808.053, 826.039, 1264.003, 880.597, 2086.436, 1554.547
146.1, 73.21128, 36.99154, 53.97105, 2394.07, 94.95903, 507.9428, 1852.535, 255.4256, 104.0765, 171.1406, 422.7079, 304.7879, 72.21619, 164.0995, 30.01766, 891.1491, 887.8918, 1246.352, 846.687, 1997.671, 1572.183
146.2, 69.77208, 35.07185, 50.92311, 2302.441, 88.81564, 481.0953, 1766.236, 243.4814, 98.28359, 162.5329, 399.1412, 288.5544, 69.24789, 156.7165, 28.70034, 881.2654, 848.9349, 1184.301, 807.1005, 2209.541, 1500.176
146.3, 66.49444, 33.25178, 48.04731, 2243.78, 83.06969, 455.6668, 1745.37, 232.0956, 92.81313, 154.3582, 376.8884, 273.1855, 66.4016, 149.6656, 27.44084, 841.8424, 811.6872, 1125.339, 769.3649, 2132.853, 1456.402
146.4, 63.37077, 31.52617, 45.33391, 2287.003, 77.69549, 431.5824, 1664.063, 221.2423, 87.64716, 146.5947, 355.8762, 258.6351, 63.67229, 142.932, 26.23661, 804.183, 776.0737, 1069.312, 733.3936, 2161.577, 1389.699
146.5, 60.39384, 29.8901, 42.77375, 2314.254, 72.66897, 408.7709, 1586.544, 210.8966, 82.76872, 139.2216, 336.0354, 244.8598, 61.05518, 136.5013, 25.3426, 768.2083, 889.5218, 1016.075, 699.1041, 2069.615, 1326.05
146.6, 57.55676, 92.16917, 40.35816, 2215.189, 67.96764, 387.1652, 1512.635, 201.0346, 78.16182, 132.2194, 317.3008, 231.8181, 58.54563, 130.36, 24.23045, 820.173, 850.4933, 1113.08, 666.4178, 1981.566, 1288.871
146.7, 54.85295, 97.66477, 38.07899, 2269.926, 63.57046, 366.7014, 1442.17, 191.6338, 73.81133, 125.5693, 299.6107, 219.4711, 56.13923, 124.4949, 23.1671, 783.483, 813.1772, 1057.664, 635.2597, 1897.263, 1415.03
146.8, 52.27615, 92.59641, 35.92854, 2285.345, 59.45776, 401.9292, 1374.988, 182.6726, 69.703, 119.2537, 282.9069, 217.1882, 53.83174, 118.8937, 22.15042, 748.4342, 777.4984, 1005.007, 605.5584, 1981.868, 1416.873
146.9, 49.82041, 87.79108, 33.89953, 2187.518, 55.61113, 398.6323, 1353.118, 174.1304, 65.82333, 113.2558, 267.1343, 205.6204, 51.6191, 113.5446, 21.17836, 767.5313, 743.385, 986.7791, 577.2458, 2040.336, 1351.98
147, 47.48003, 83.23513, 31.9851, 2107.091, 52.01336, 390.2371, 1410.731, 210.8839, 62.15961, 107.5595, 252.2411, 292.8808, 49.4974, 108.4361, 20.24895, 753.2726, 710.7684, 1303.015, 550.257, 2195.784, 1421.993
147.1, 45.24959, 78.9156, 30.17879, 2129.992, 48.64834, 369.611, 1513.133, 201.0225, 58.69981, 102.1497, 238.1782, 277.2815, 47.46291, 103.5574, 32.24964, 800.5667, 679.5828, 1344.017, 704.4427, 2340.337, 1356.865
147.2, 43.12392, 74.82024, 28.47449, 2244.282, 45.50103, 382.8152, 1458.458, 191.6222, 55.43258, 97.01205, 224.8994, 418.4878, 45.51205, 98.89825, 30.83437, 764.7537, 649.7656, 1302.479, 671.5068, 2240.77, 1397.453
147.3, 41.09812, 147.1453, 26.86644, 2205.604, 42.55733, 471.8212, 1446.842, 182.6615, 52.34721, 92.13276, 212.3608, 396.1985, 43.64137, 94.44871, 29.48122, 730.5428, 621.2566, 1237.633, 640.1108, 2145.439, 1333.45
147.4, 39.16748, 139.5092, 25.3492, 2152.972, 39.80408, 446.8829, 1420.048, 174.1199, 49.43357, 87.49888, 200.5213, 375.0963, 41.84758, 90.19936, 28.18745, 773.6146, 593.9985, 1176.016, 610.1827, 2097.025, 1419.036
147.5, 37.32753, 132.2693, 23.91764, 2205.477, 37.22895, 423.2628, 1353.896, 165.9777, 46.6821, 83.09807, 189.3419, 368.6994, 40.12752, 86.14118, 26.95045, 739.0073, 567.9363, 1117.466, 631.0007, 2345.585, 1608.46
147.6, 35.57402, 125.4051, 22.56693, 2163.59, 34.82041, 400.8911, 1290.825, 158.2162, 44.08377, 78.91859, 178.7857, 475.0166, 38.47816, 82.26559, 25.76774, 751.7601, 543.0176, 1061.831, 601.4986, 2306.972, 1632.196
147.7, 58.32275, 118.8972, 21.29249, 2116.384, 32.5677, 379.7018, 1414.172, 150.8177, 41.63007, 74.94933, 168.8181, 449.7164, 36.8966, 78.56437, 24.63693, 718.1304, 563.6069, 1008.966, 650.685, 2208.825, 1569.368
147.8, 55.58295, 112.7269, 20.09003, 2051.328, 30.46073, 379.859, 1348.294, 259.1335, 39.31295, 71.17971, 159.4062, 425.7637, 35.38004, 75.02967, 23.55575, 686.0052, 592.3709, 958.7335, 698.5651, 2114.853, 1565.723
147.9, 99.92643, 106.8769, 18.95548, 2051.969, 28.49006, 359.7814, 1387.889, 247.0158, 37.12479, 67.59968, 150.519, 403.0868, 33.92581, 71.654, 22.52201, 655.3171, 566.3801, 911.0016, 692.5696, 2230.949, 1494.012
148, 98.76274, 101.3305, 17.885, 2037.612, 26.64689, 340.765, 1439.991, 235.4648, 216.846, 64.19971, 142.1273, 411.9331, 32.53136, 68.43021, 21.53364, 640.1018, 687.4719, 1055.328, 660.1888, 2164.352, 1641.052
148.1, 94.12322, 96.07191, 16.87497, 2145.81, 24.92297, 322.7538, 1372.91, 224.454, 206.0648, 60.97074, 134.2035, 444.5499, 31.19423, 65.35146, 20.58865, 690.3578, 675.2098, 1002.787, 629.322, 2244.035, 1689.507
148.2, 126.6101, 91.08622, 15.92198, 2053.956, 23.31057, 305.6945, 1419.324, 213.958, 243.3289, 57.90418, 126.7214, 420.8724, 29.91205, 90.31219, 19.68512, 659.475, 645.5844, 952.8617, 599.8983, 2211.322, 1656.701
148.3, 165.2428, 86.35926, 15.02281, 2078.55, 21.80249, 289.5369, 1371.453, 203.9529, 229.7852, 54.99185, 238.7484, 398.456, 28.68258, 86.24895, 18.82125, 629.9737, 741.3294, 905.4221, 571.8503, 2117.244, 1655.783
148.4, 253.529, 81.87761, 14.17442, 1989.575, 20.39197, 415.3086, 1307.565, 194.4156, 216.9954, 52.226, 225.4377, 585.3969, 27.50364, 129.9994, 17.99529, 601.7921, 708.803, 1078.716, 545.1138, 2165.66, 1616.257
148.5, 241.6191, 77.62853, 13.37394, 1987.968, 19.07271, 393.3573, 1326.291, 185.3243, 204.9174, 49.59926, 212.8692, 554.2177, 26.37316, 124.1506, 17.20557, 705.0004, 677.7037, 1025.01, 519.6272, 2190.532, 1542.232
148.6, 230.2687, 73.59997, 12.61867, 2068.626, 17.8388, 372.5663, 1305.502, 176.6582, 193.5117, 47.10463, 201.0013, 524.6991, 25.28914, 118.5649, 16.45051, 693.1204, 647.9689, 973.9788, 495.3323, 2232.395, 1590.271
148.7, 263.899, 69.78046, 11.90605, 1980.076, 16.68471, 436.3803, 1372.788, 168.3972, 182.7409, 44.73547, 189.7952, 496.7527, 24.24969, 113.2305, 15.72858, 669.3337, 619.5387, 925.4878, 472.1732, 2137.42, 1662.465
148.8, 282.0469, 66.15918, 11.23367, 1895.316, 15.60529, 413.3152, 1400.048, 160.5226, 179.4271, 42.48547, 179.2137, 470.2949, 23.25295, 134.2221, 15.03834, 651.3232, 592.356, 939.2587, 450.097, 2067.312, 1586.323
148.9, 268.7973, 88.87656, 10.59927, 1931.149, 14.59571, 391.4693, 1455.08, 153.0162, 169.4402, 40.34864, 209.6919, 474.8084, 22.29719, 128.1833, 14.37839, 743.9008, 566.3658, 1170.933, 429.0529, 2249.957, 1513.67
149, 256.1702, 84.26427, 10.00069, 1982.37, 13.65143, 370.7781, 1387.297, 145.8609, 160.0092, 38.31928, 198.0012, 449.5193, 21.38071, 122.4161, 13.7474, 757.3426, 541.5161, 1112.637, 408.9928, 2266.622, 1490.457
149.1, 244.1362, 79.89134, 9.435916, 2009.183, 12.76825, 351.1805, 1506.612, 139.0401, 151.1031, 36.39199, 225.7806, 425.5771, 20.5019, 116.9085, 13.1441, 723.4632, 517.7566, 1237.833, 389.8705, 2170.191, 1503.958
149.2, 232.6676, 75.74535, 8.903037, 1923.177, 11.94221, 390.3583, 1436.428, 132.5383, 142.6927, 34.56163, 213.1929, 402.9102, 19.65921, 111.6487, 12.56728, 750.1479, 495.0396, 1449.788, 371.6423, 2213.973, 1471.73
149.3, 240.5408, 71.81451, 8.400251, 1840.853, 11.16961, 390.7294, 1452.284, 126.3405, 134.7504, 32.82333, 201.307, 381.4505, 18.85116, 106.6255, 12.01577, 716.5904, 473.3193, 1554.317, 354.2663, 2429.881, 1518.885
149.4, 229.241, 68.08766, 7.92586, 1880.899, 10.44699, 370.0773, 1384.63, 120.4325, 165.8123, 31.17245, 190.0838, 361.1338, 18.07632, 101.8282, 11.48846, 714.4404, 452.5521, 1476.933, 337.7028, 2431.132, 1497.238
149.5, 218.4721, 64.55422, 7.478259, 1800.385, 9.771115, 451.4179, 1366.077, 114.8009, 156.5832, 29.60462, 179.4863, 411.1704, 17.33333, 97.24688, 10.98429, 682.4802, 432.696, 1403.402, 321.9136, 2379.368, 1428.664
149.6, 208.2091, 61.20415, 7.055936, 1973.993, 9.138971, 427.558, 1414.696, 109.4325, 192.4619, 28.11563, 169.4796, 404.1044, 16.62088, 92.87164, 10.50225, 651.9498, 413.7111, 1360.574, 306.8627, 2336.547, 1390.503
149.7, 198.4282, 58.02794, 6.657463, 1889.494, 8.547724, 515.0756, 1371.756, 104.3152, 181.7495, 26.70154, 220.7478, 382.5811, 15.93771, 88.69324, 10.04136, 622.7851, 395.5592, 1374.712, 292.5155, 2527.353, 1326.818
149.8, 201.1705, 55.01655, 6.281492, 1852.792, 30.47425, 487.851, 1356.86, 99.43722, 171.6333, 25.35857, 329.1841, 402.1838, 15.28262, 84.70283, 9.600701, 773.1147, 378.2037, 1516.861, 278.8391, 2513.702, 1565.837
149.9, 191.7203, 52.16144, 5.926754, 1905.473, 28.50271, 472.8554, 1293.651, 94.78732, 173.5184, 24.08314, 310.8315, 380.7628, 14.65446, 80.89195, 9.179379, 738.5298, 361.6097, 1441.342, 342.9171, 2425.129, 1494.121
150, 241.6927, 49.4545, 5.59205, 1913.206, 26.65872, 447.8625, 1280.73, 90.35486, 163.8604, 22.87186, 311.9398, 360.4828, 14.05212, 77.25253, 8.776545, 705.492, 345.7438, 1369.582, 326.8842, 2321.955, 1458.999
150.1, 347.8815, 46.88804, 5.276248, 1977.396, 24.93403, 424.1906, 1295.314, 86.12967, 258.48, 21.72151, 423.2255, 393.9427, 13.47454, 149.6413, 8.391389, 673.9321, 330.574, 1415.771, 415.8585, 2459.287, 1586.295
150.2, 331.5393, 44.45476, 4.97828, 1892.751, 95.83511, 585.162, 1338.518, 82.10206, 249.7871, 20.62901, 446.9132, 372.9607, 12.9207, 142.9088, 8.023136, 812.0482, 316.0698, 1363.424, 462.4674, 2472.949, 1671.964
150.3, 315.9648, 42.14776, 4.697139, 1811.729, 89.63504, 554.2331, 1533.675, 78.26279, 235.8839, 19.59146, 421.997, 593.8264, 12.38962, 136.4792, 7.671044, 845.6829, 302.202, 1596.264, 440.8449, 2538.422, 1683.62
150.4, 341.6454, 39.96049, 4.431875, 1788.701, 128.3181, 524.9389, 1462.229, 74.60305, 222.7547, 18.6061, 451.5855, 562.1982, 11.88037, 130.3388, 7.334403, 807.8517, 288.9426, 1600.612, 420.2334, 2658.927, 1620.285
150.5, 325.5961, 37.88672, 4.181592, 1822.266, 214.6108, 556.163, 1394.112, 186.3582, 210.3561, 17.67029, 426.4088, 532.2546, 11.39205, 124.4747, 7.012536, 771.7128, 276.265, 1520.923, 400.5856, 2770.073, 1559.706
150.6, 310.3008, 35.92057, 3.945442, 1836.26, 200.7265, 613.5947, 1486.758, 177.6437, 198.6477, 16.78155, 402.6357, 503.9058, 10.9238, 159.3074, 6.704793, 737.1906, 264.1437, 1493.118, 381.8564, 2652.223, 1694.804
150.7, 295.724, 34.05646, 3.72263, 1874.013, 187.7405, 581.163, 1417.498, 301.6298, 187.591, 15.93751, 476.3466, 477.0669, 10.4748, 152.14, 6.410555, 784.5904, 252.5542, 1418.781, 466.001, 2539.387, 1666.91
150.8, 281.8319, 32.28908, 3.5124, 1982.949, 220.7284, 550.4454, 1445.589, 287.5249, 177.1497, 15.13593, 472.4943, 496.6234, 10.04426, 436.7754, 6.12923, 749.4921, 241.4731, 1564.809, 444.2134, 2810.075, 1590.565
150.9, 281.1939, 30.61343, 3.314042, 1939.568, 352.8, 521.3514, 1403.803, 274.0796, 214.5715, 14.37465, 582.2225, 470.1724, 9.631409, 417.1244, 5.860251, 785.4261, 230.8783, 1693.021, 553.204, 2942.203, 1755.827
151, 267.9844, 29.02473, 3.126887, 1959.721, 329.9755, 493.7952, 1600.403, 261.2631, 202.6284, 13.65167, 549.7626, 445.1302, 9.235529, 398.3575, 5.603076, 750.2904, 220.7483, 1718.961, 527.3392, 2817.031, 1675.41
151.1, 255.3955, 27.51848, 2.9503, 2013.062, 344.4275, 604.9522, 1777.339, 270.7337, 191.3501, 12.96505, 519.1123, 421.4218, 8.855922, 451.9435, 5.357187, 742.9542, 211.0628, 1633.38, 502.6837, 2758.473, 1598.676
151.2, 243.3979, 26.09039, 4.541747, 1926.891, 579.9093, 572.9772, 1857.211, 258.0736, 180.6996, 12.31297, 490.1709, 398.9762, 8.491918, 431.61, 5.122089, 727.2324, 201.8022, 1552.06, 479.1809, 2641.117, 1626.544
151.3, 391.3449, 56.38817, 55.31762, 2082.02, 1288.277, 729.5926, 1770.694, 246.0055, 170.6419, 11.69368, 462.843, 377.726, 8.142875, 412.1914, 4.897308, 694.7, 192.948, 1648.506, 456.7771, 2736.939, 1662.587
151.4, 416.2769, 53.46188, 52.19364, 2023.594, 1498.875, 691.0297, 1839.077, 356.9043, 161.144, 11.10554, 634.2844, 357.6077, 7.808178, 393.6465, 4.682391, 770.0342, 184.4823, 1566.433, 435.4207, 2682.821, 1660.103
151.5, 453.415, 50.68745, 49.24609, 2084.277, 1592.196, 662.0795, 1922.654, 340.2147, 152.1747, 10.54698, 598.9219, 338.5609, 7.487239, 375.9359, 4.476906, 864.2821, 176.388, 1488.446, 415.0628, 2689.797, 1788.378
151.6, 432.1152, 48.057, 66.76288, 1995.056, 1489.188, 627.0851, 2056.737, 468.2756, 143.7047, 10.01651, 565.5309, 320.5286, 7.179492, 359.0221, 4.280439, 884.576, 168.6488, 1414.341, 395.6567, 2611.239, 1706.47
151.7, 603.8836, 138.3932, 308.1813, 2278.729, 1392.845, 593.9402, 1960.926, 583.8485, 135.7061, 9.512723, 630.9838, 303.4567, 6.884394, 342.8693, 4.092593, 845.0049, 161.2492, 1343.926, 377.158, 2500.147, 1755.772
151.8, 575.5153, 152.4656, 290.7772, 2229.502, 1374.089, 562.5473, 2053.385, 693.3533, 128.1527, 9.034274, 778.2114, 287.2941, 6.601425, 347.7236, 3.912991, 908.2339, 154.1743, 1402.184, 394.3947, 2730.909, 1810.818
151.9, 581.3638, 144.5533, 274.356, 2244.071, 1367.916, 532.8137, 1982.768, 714.3532, 121.0197, 8.579889, 734.8247, 271.9923, 6.330087, 393.8918, 3.741271, 915.7335, 312.1469, 1332.374, 375.955, 2815.128, 1727.882
152, 554.0534, 137.0517, 258.8622, 2244.398, 1370.781, 504.6516, 1890.402, 680.9485, 114.2837, 8.148358, 693.8569, 257.5055, 6.069901, 376.1701, 3.577087, 874.7686, 298.4512, 1266.04, 358.3774, 2879.07, 1648.745
152.1, 528.026, 129.9393, 244.2433, 2157.45, 1282.098, 477.978, 1802.339, 673.2191, 107.9227, 7.738532, 655.1732, 243.7903, 5.820411, 359.2458, 3.420108, 862.3047, 285.3564, 1203.008, 341.6216, 2756.583, 1573.232
152.2, 524.3341, 123.196, 230.45, 2065.098, 1199.152, 452.7143, 1852.195, 730.8392, 101.9157, 7.349317, 648.6836, 230.8057, 5.581175, 343.0829, 3.270017, 823.7299, 453.3457, 1143.115, 325.6493, 2699.918, 1564.511
152.3, 516.7831, 116.8027, 217.4357, 2099.815, 1121.573, 428.7859, 1765.912, 696.6636, 96.24312, 6.979678, 612.5183, 218.5126, 5.351772, 327.6472, 3.126514, 786.8807, 433.4548, 1086.203, 310.4237, 2740.258, 1492.856
152.4, 492.5065, 110.7412, 205.1564, 2071.005, 1049.255, 406.1223, 1704.658, 664.0861, 90.88623, 6.628631, 578.3693, 206.8742, 5.131799, 312.906, 2.989308, 751.6799, 414.4366, 1032.125, 295.91, 2761.034, 1541.025
152.5, 469.3703, 104.9942, 193.5705, 2019.507, 1190.208, 384.6566, 1761.986, 633.032, 85.82751, 6.295239, 671.2444, 195.8557, 4.920866, 298.828, 2.858124, 863.7123, 396.2529, 980.7391, 282.0748, 2653.398, 1470.446
152.6, 447.321, 99.54552, 182.6389, 2091.71, 1193.224, 387.1424, 1692.478, 603.4301, 81.05035, 5.978616, 633.8214, 185.4241, 4.718605, 285.3834, 2.732696, 855.5287, 378.8669, 931.9116, 291.0835, 2724.782, 1418.384
152.7, 473.9287, 94.37956, 172.3246, 2002.172, 1824.866, 366.6798, 1850.597, 575.2124, 76.53909, 5.677918, 598.4847, 175.5481, 4.524656, 272.5437, 2.612772, 817.257, 362.2438, 1000.048, 277.4741, 2950.493, 1444.323
152.8, 464.7248, 112.6232, 334.672, 2102.901, 1813.57, 347.2988, 1873.61, 548.3142, 72.27893, 5.392344, 565.1181, 166.1981, 4.338679, 260.2816, 2.498112, 780.6974, 346.3501, 1199.815, 264.5009, 2866.752, 1378.173
152.9, 655.1927, 106.7786, 476.6474, 2115.779, 1696.241, 328.9422, 1786.329, 522.6738, 68.25589, 5.121132, 584.6127, 157.3461, 4.160347, 248.5712, 2.388483, 780.6129, 331.1537, 1140.081, 252.1343, 2744.789, 1387.18
153, 624.4141, 101.2373, 467.6146, 2025.21, 1586.502, 311.5558, 1899.093, 498.2325, 64.45677, 4.863561, 576.0413, 148.9656, 3.989344, 237.3877, 2.283666, 810.943, 316.6241, 1083.32, 240.3458, 2628.015, 1470.203
153.1, 682.6662, 95.98353, 441.2068, 2156.517, 1483.863, 295.0884, 1832.025, 474.934, 60.86911, 4.618945, 574.3995, 141.0314, 3.825371, 226.7074, 2.183448, 774.6658, 302.7319, 1059.294, 311.8913, 2727.076, 1439.517
153.2, 650.597, 91.00242, 416.2903, 2064.205, 1387.864, 279.4914, 1778.946, 452.7251, 57.48114, 4.386632, 542.3757, 133.5199, 3.668137, 216.5076, 2.087628, 740.0115, 289.4493, 1052.533, 297.309, 2874.719, 1461.358
153.3, 620.0343, 86.27981, 392.7809, 1975.844, 1298.076, 264.7188, 1765.643, 431.5547, 54.28174, 4.166004, 512.1373, 126.4084, 3.517365, 206.7666, 1.996013, 706.9075, 276.7495, 1000.131, 283.4084, 2853.834, 1428.039
153.4, 590.9073, 81.80228, 370.5992, 1952.899, 1214.097, 297.4308, 1790.668, 411.3742, 51.26042, 3.956472, 483.5847, 119.6756, 3.372791, 197.464, 1.908419, 675.2843, 264.6069, 950.338, 301.4639, 2834.62, 1448.873
153.5, 563.1487, 77.55711, 349.6702, 1889.665, 1135.551, 281.71, 1718.972, 392.1375, 48.40727, 3.757478, 456.624, 113.3015, 3.23416, 188.5798, 1.824669, 645.0757, 252.997, 1072.688, 287.369, 2728.112, 1490.388
153.6, 536.694, 73.53225, 329.9231, 1808.776, 1062.086, 309.6916, 1728.152, 373.8003, 45.71292, 3.568494, 431.1664, 107.2669, 3.101226, 180.0954, 1.744594, 616.2186, 241.8966, 1135.462, 282.5586, 2612.047, 1422.128
153.7, 511.482, 69.71626, 360.4438, 1731.349, 1077.131, 293.3228, 1689.598, 356.3206, 43.16854, 3.389014, 626.7317, 101.5537, 2.973757, 171.9927, 1.668033, 588.6523, 231.2832, 1078.931, 269.3477, 2765.884, 1439.998
153.8, 510.8503, 66.0983, 378.7414, 1657.236, 1007.446, 277.8191, 1672.195, 339.6583, 40.76578, 3.218561, 591.7903, 96.14474, 2.851527, 164.2546, 1.594832, 598.8626, 221.1354, 1231.774, 256.7545, 2706.41, 1444.726
153.9, 486.8524, 74.5453, 382.2133, 1718.098, 1041.947, 360.547, 1620.983, 323.7751, 38.49676, 3.056682, 621.3425, 91.02391, 2.734321, 156.8646, 1.524843, 630.7847, 211.4329, 1182.212, 369.5983, 2760.422, 1540.695
154, 463.9818, 70.67674, 360.6284, 1725.24, 1128.803, 402.5434, 1613.604, 308.6347, 36.35403, 2.902944, 605.6115, 86.17582, 2.621932, 149.8071, 1.457926, 602.5669, 202.1561, 1123.354, 352.3179, 2642.983, 1470.131
154.1, 442.1856, 67.00894, 369.6461, 1699.764, 1055.775, 381.2668, 1646.672, 294.2023, 34.33057, 2.756939, 571.8475, 81.58595, 2.514163, 143.0671, 1.393946, 622.0438, 193.2864, 1067.426, 402.5156, 2530.54, 1552.139
154.2, 421.4133, 63.53148, 348.7708, 1808.378, 1075.612, 361.1148, 1569.963, 310.7614, 32.41973, 2.618277, 595.5558, 77.24055, 2.410824, 136.6303, 1.332773, 618.9214, 184.8058, 1205.976, 383.6962, 2583.541, 1553.612
154.3, 444.2541, 101.677, 341.1495, 1730.968, 1006.025, 487.2585, 1617.194, 329.698, 30.61525, 2.486589, 578.856, 73.12659, 2.311732, 130.4832, 1.274284, 591.2343, 176.6973, 1145.935, 378.1268, 2482.343, 1482.457
154.4, 423.3846, 97.93245, 446.5338, 1739.163, 940.9398, 461.5043, 1646.212, 314.2806, 28.91121, 2.361524, 546.5837, 69.23174, 2.216713, 124.6126, 1.218363, 564.7856, 168.9445, 1088.883, 433.3954, 2608.905, 1498.698
154.5, 403.4956, 137.397, 474.0278, 1664.716, 880.0656, 437.1113, 1656.36, 299.5842, 27.30201, 2.24275, 539.5197, 65.54434, 2.125599, 119.0061, 1.164896, 539.5202, 161.532, 1034.671, 413.1322, 2497.912, 1590.254
154.6, 387.8067, 130.2667, 447.2578, 1834.83, 823.1296, 436.1649, 1579.2, 285.575, 25.78238, 2.129949, 509.4405, 62.05334, 2.038231, 113.6519, 15.96455, 574.7498, 154.4446, 983.1584, 393.8164, 2391.641, 1573.541
154.7, 369.589, 208.1105, 421.9995, 1790.191, 769.8771, 441.245, 1578.762, 272.2209, 24.34734, 2.022822, 531.2982, 58.74828, 1.954454, 108.5386, 15.26395, 592.4529, 147.6682, 934.2105, 375.4037, 2584.016, 1611.359
154.8, 352.227, 197.3105, 398.1678, 2016.192, 720.0698, 417.9228, 1561.28, 259.4912, 38.53138, 1.921083, 501.6774, 55.61924, 1.87412, 103.6553, 14.5941, 565.9498, 141.1892, 1015.335, 357.8519, 2520.541, 1537.558
154.9, 390.4936, 187.071, 375.6818, 2202.331, 673.4847, 395.8333, 1488.549, 247.3568, 36.38672, 1.824461, 473.708, 52.65687, 1.797088, 98.99174, 13.95364, 540.6323, 134.9944, 964.7853, 341.1207, 2550.387, 1553.237
155, 372.1496, 177.3629, 354.4658, 2288.877, 629.9135, 374.9114, 1568.512, 235.7899, 34.36144, 1.732698, 447.2979, 49.85227, 1.723222, 94.53799, 13.34129, 528.4657, 129.0714, 916.7521, 325.1717, 2441.884, 1533.286
155.1, 354.6674, 216.8288, 377.6541, 2190.898, 589.1611, 355.0954, 1495.444, 263.4634, 32.44888, 1.645551, 422.3603, 47.19706, 1.652393, 90.28462, 26.17764, 504.825, 123.4083, 871.1102, 309.9685, 2421.947, 1463.062
155.2, 368.9325, 205.5763, 356.3266, 2353.004, 551.0452, 336.3267, 1425.78, 251.1433, 30.64278, 1.562787, 398.8129, 44.68326, 67.52209, 86.22262, 25.02885, 538.6313, 117.9936, 865.1172, 295.476, 2398.803, 1396.053
155.3, 351.6014, 223.1112, 336.2036, 2290.097, 515.3953, 318.55, 1429.189, 239.3993, 28.9372, 1.484186, 376.5784, 42.30336, 87.21265, 82.34336, 80.54214, 538.0008, 112.8166, 822.0461, 281.6612, 2523.516, 1423.389
155.4, 335.0844, 321.6921, 320.03, 2273.947, 482.0517, 301.7129, 1362.611, 228.2045, 27.32656, 1.409538, 424.1352, 40.05021, 83.62795, 78.63864, 77.00758, 617.8215, 107.8667, 781.1194, 374.559, 2521.368, 1480.895
155.5, 319.3434, 601.0721, 404.3754, 2176.608, 509.5133, 285.7658, 1348.455, 217.5331, 25.80557, 1.338644, 400.4889, 37.91707, 96.59843, 75.1006, 100.8385, 590.1836, 103.1339, 742.2302, 371.5742, 2414.099, 1413.07
155.6, 304.3418, 569.8792, 381.5389, 2183.146, 476.5503, 270.6615, 1313.091, 260.5721, 24.36923, 1.271316, 378.1609, 35.89754, 92.62795, 71.72174, 96.41322, 607.1852, 98.60883, 705.2772, 354.2014, 2311.394, 1394.523
155.7, 290.0449, 577.4229, 359.9921, 2174.393, 445.7198, 256.3556, 1251.922, 248.3871, 23.01284, 1.207374, 357.0777, 33.98558, 101.5768, 68.4949, 92.18216, 580.023, 94.28229, 689.2601, 337.6409, 2213.058, 1440.698
155.8, 276.4196, 547.4573, 339.662, 2178.815, 416.8839, 242.8058, 1247.85, 236.772, 100.861, 98.46521, 337.17, 32.17545, 97.40166, 65.41323, 88.13678, 554.0759, 90.14558, 724.1462, 321.8546, 2308.383, 1425.375
155.9, 263.4344, 538.859, 320.4801, 2114.038, 389.9135, 229.9723, 1189.72, 225.7, 95.24712, 93.51284, 318.3722, 30.46173, 119.1282, 62.47021, 84.26893, 529.2896, 86.19037, 688.0936, 306.8065, 2210.175, 1444.848
156, 251.0592, 616.8013, 350.6515, 2099.127, 420.4073, 217.817, 1134.297, 215.1458, 89.94566, 88.80955, 300.6224, 28.83928, 114.2317, 59.65961, 80.57082, 505.6121, 82.4087, 716.9118, 292.4619, 2116.146, 1378.674
156.1, 239.2654, 584.7921, 330.849, 2150.708, 393.209, 206.3042, 1081.457, 205.0851, 116.9676, 84.34281, 352.2593, 27.30325, 109.5364, 56.97546, 77.035, 482.9938, 78.79295, 696.3518, 278.7879, 2090.95, 1465.294
156.2, 310.1718, 554.4441, 312.1648, 2192.533, 367.7703, 195.3999, 1031.078, 195.4949, 110.4572, 80.10074, 332.6202, 25.84904, 105.0341, 54.41207, 73.65434, 461.3873, 75.33585, 661.6829, 265.7533, 2259.158, 1460.079
156.3, 317.4636, 525.671, 294.5357, 2174.17, 343.9773, 185.072, 983.046, 226.001, 114.7335, 76.07202, 314.076, 24.47227, 100.7169, 51.96401, 70.42205, 440.7473, 72.03043, 731.7629, 253.3282, 2186.197, 1393.207
156.4, 302.5503, 498.391, 277.9023, 2081.102, 321.7236, 175.2899, 937.2515, 215.4327, 108.3475, 121.4402, 296.5657, 23.16884, 96.57716, 49.62609, 67.3316, 421.0307, 68.87003, 784.3331, 241.4839, 2101.235, 1329.398
156.5, 288.3376, 472.5268, 272.4991, 2098.815, 300.9097, 166.0249, 893.5903, 205.3586, 102.3169, 115.3323, 280.0316, 21.93483, 92.60755, 47.39335, 64.37678, 425.7372, 65.8483, 745.2839, 230.1935, 2084.705, 1268.511
156.6, 274.7925, 448.0048, 257.1101, 2008.972, 281.4423, 157.2496, 851.963, 195.7556, 170.1736, 109.5316, 264.4194, 20.76654, 88.80111, 45.26107, 61.55163, 406.692, 62.95916, 768.5166, 219.4309, 2202.212, 1328.99
156.7, 261.8838, 424.7554, 246.6164, 2032.934, 263.2343, 148.9381, 812.2749, 227.8421, 160.7017, 104.0227, 249.6775, 19.66048, 85.15112, 43.22472, 58.85046, 401.9874, 60.19677, 730.2549, 209.1715, 2263.459, 1268.122
156.8, 249.5814, 402.7125, 232.6891, 2056.995, 246.2043, 141.0659, 909.1389, 217.1878, 151.7571, 98.79076, 381.8824, 18.61333, 81.65116, 41.27999, 56.26783, 423.216, 57.55559, 693.8981, 222.4919, 2167.163, 1210.042
156.9, 237.857, 381.8136, 219.5483, 2014.086, 230.2761, 133.6098, 866.7872, 207.0316, 143.3103, 93.82202, 360.5918, 17.62195, 78.29506, 39.42276, 53.79853, 404.2836, 55.03029, 659.3514, 237.759, 2074.963, 1154.622
157, 226.6833, 361.9992, 207.1496, 2000.823, 215.3783, 209.2903, 938.7725, 244.5066, 172.1087, 89.10318, 441.7553, 16.68338, 75.0769, 37.64909, 51.43761, 386.1982, 52.6158, 626.5246, 226.6427, 2339.61, 1240.822
157.1, 216.0346, 343.2131, 195.4512, 2042.213, 306.8296, 198.2282, 991.5377, 233.073, 162.5292, 136.6979, 417.1266, 15.79479, 71.99102, 35.95521, 49.18029, 390.9912, 50.30724, 725.351, 350.2364, 2521.819, 1183.992
157.2, 205.886, 325.4019, 184.4134, 2012.245, 286.9792, 187.7507, 1166.665, 319.2124, 153.4828, 242.5177, 498.9279, 14.95353, 69.03197, 34.33755, 47.02203, 373.5004, 48.09996, 689.2383, 333.8612, 2476.844, 1265.912
157.3, 196.2143, 308.515, 173.9989, 1926.108, 344.9697, 250.1562, 1478.313, 355.906, 144.94, 355.3849, 588.1623, 34.411, 99.94592, 32.79266, 44.95848, 439.3211, 45.98954, 654.9236, 437.5856, 2386.273, 1460.499
157.4, 186.9968, 292.5045, 164.1726, 2028.776, 322.6519, 236.9341, 1682.238, 438.8192, 226.0639, 337.5106, 631.8583, 194.1006, 95.83785, 58.51418, 42.98549, 558.4999, 43.97171, 650.8002, 503.8606, 2996.945, 1437.001
157.5, 178.2124, 277.3248, 154.9012, 2194.313, 377.4933, 224.4108, 1788.283, 455.1309, 213.4812, 320.5352, 665.2584, 183.7625, 91.89864, 88.4897, 41.09909, 558.3925, 42.04242, 618.3992, 529.1822, 3144.603, 1509.068
157.6, 169.8406, 262.9329, 146.1534, 2231.339, 460.2368, 212.5495, 1938.583, 433.848, 201.5988, 304.4137, 628.1691, 173.975, 88.12133, 84.50845, 39.29547, 533.413, 40.19777, 668.7817, 504.4405, 3158.973, 1483.501
157.7, 161.8621, 249.2879, 137.8996, 2336.352, 515.1848, 236.8296, 1982.65, 558.2104, 190.3779, 289.103, 727.1514, 179.6505, 84.49928, 80.70631, 37.571, 509.551, 38.43406, 649.9046, 480.8557, 3198.918, 1557.266
157.8, 154.2584, 236.351, 130.1119, 2246.721, 557.3856, 224.3119, 2078.384, 705.7252, 179.7814, 274.5624, 754.1116, 178.8588, 81.02612, 77.07525, 35.92221, 486.7565, 36.74773, 617.5482, 458.3735, 3062.823, 1485.943
157.9, 147.0119, 224.0855, 122.764, 2215.188, 521.3254, 257.5045, 2245.709, 672.7239, 193.271, 260.7531, 712.0685, 262.7396, 77.6957, 73.60754, 34.34578, 502.9963, 35.1354, 680.2298, 436.9424, 3322.635, 1492.504
158, 140.1058, 212.4565, 115.8311, 2201.37, 487.5981, 243.894, 2208.45, 641.2659, 182.5135, 247.6384, 766.7444, 337.3402, 74.50218, 70.29586, 32.83853, 480.495, 33.5938, 646.3636, 526.1314, 3499.442, 1632.519
158.1, 133.5242, 201.4309, 109.2897, 2259.291, 456.0529, 231.0029, 2400.528, 611.2789, 172.3548, 235.1832, 723.9971, 319.3729, 71.43993, 67.13317, 31.39742, 459.0003, 32.11985, 710.4291, 525.7353, 3350.562, 1557.749
158.2, 127.2517, 190.9776, 103.1178, 2162.579, 426.5485, 218.7932, 2397.813, 582.6942, 162.7616, 223.3545, 683.6329, 467.7474, 68.50353, 64.11277, 30.01956, 438.4671, 30.71056, 686.9722, 601.394, 3584.694, 1519.047
158.3, 121.2738, 181.0667, 97.29433, 2239.465, 398.9528, 207.2288, 2422.816, 555.4462, 153.7023, 212.1208, 645.5192, 451.7444, 65.68784, 61.22826, 28.70216, 516.9576, 29.36311, 652.7703, 623.5612, 4254.54, 1540.486
158.4, 115.5768, 171.6702, 91.79978, 2219.002, 373.1425, 282.7899, 2550.622, 529.4723, 145.1472, 201.452, 609.5303, 628.7553, 62.98787, 58.47353, 27.44257, 493.8318, 28.07478, 620.2712, 594.4069, 4073.535, 1616.079
158.5, 110.1475, 162.7613, 86.61552, 2327.581, 349.002, 527.6749, 2483.195, 504.713, 137.0683, 191.3199, 575.5479, 725.8752, 60.39889, 55.84274, 26.23827, 580.2633, 26.84298, 756.3202, 566.6157, 3940.214, 1580.55
158.6, 104.9731, 154.3147, 81.72404, 2227.946, 326.4232, 499.7845, 2380.747, 481.1115, 129.4391, 181.6973, 543.4601, 687.2139, 57.91632, 74.37851, 25.08681, 596.6064, 25.66522, 768.9424, 540.1238, 3881.327, 1562.386
158.7, 100.0419, 146.3065, 77.1088, 2155.185, 305.3052, 473.3682, 2312.759, 458.6137, 122.2345, 172.5587, 538.769, 650.6117, 55.53579, 149.4192, 23.98588, 641.5851, 24.53914, 918.0856, 514.8705, 3880.091, 1552.463
158.8, 95.34226, 138.7139, 72.7542, 2190.009, 285.5534, 448.3481, 2221.952, 437.1679, 115.431, 163.8798, 508.7316, 615.959, 53.2531, 142.6967, 22.93327, 612.8842, 23.46246, 970.5325, 559.0193, 3715.016, 1608.974
158.9, 90.86343, 131.5152, 68.64552, 2096.263, 267.0795, 608.5197, 2118.444, 416.725, 109.0061, 155.6373, 480.3689, 583.152, 51.06424, 136.2766, 21.92685, 585.467, 22.43303, 1226.631, 532.8826, 3748.056, 1648.138
159, 86.59499, 124.6902, 64.76886, 2083.48, 249.8007, 644.3416, 2088.929, 397.238, 102.9388, 147.8094, 477.8028, 552.0923, 48.96535, 130.1454, 20.9646, 559.2764, 21.44876, 1237.077, 507.9679, 3870.126, 1572.653
159.1, 82.52708, 118.2193, 61.11114, 2045.611, 233.6398, 737.0285, 2077.435, 378.6623, 97.20925, 140.3753, 451.1645, 522.6869, 46.95273, 124.29, 20.04458, 534.2574, 20.50768, 1339.031, 484.2181, 3705.476, 1500.625
159.2, 78.65025, 131.7601, 57.65998, 1958.046, 218.5245, 698.0726, 1980.659, 360.9553, 91.79859, 133.315, 437.6833, 494.8477, 45.02283, 118.698, 19.16493, 510.3577, 19.60789, 1272.366, 506.1399, 3633.75, 1431.897
159.3, 74.95555, 124.9223, 54.40372, 1971.866, 204.387, 661.1757, 2002.82, 344.0762, 123.4354, 126.6098, 537.1545, 468.4913, 43.17226, 113.3577, 18.32388, 555.8286, 18.74758, 1209.019, 499.2274, 3854.074, 1515.094
159.4, 119.5254, 118.4394, 51.33135, 1985.373, 191.1641, 626.229, 2049.554, 327.9865, 116.565, 120.2419, 507.2072, 443.5386, 41.39776, 108.2576, 17.51975, 530.9638, 17.92501, 1450.945, 626.1371, 3744.606, 1575.483
159.5, 113.9105, 112.293, 48.43249, 1900.386, 178.7967, 675.3118, 1954.077, 312.6491, 131.6414, 114.1943, 478.9294, 419.915, 39.69619, 103.387, 16.7509, 507.2114, 17.13854, 1605.352, 596.8623, 3795.177, 1503.326
159.6, 108.5594, 106.4655, 45.69733, 1819.038, 167.2294, 639.618, 1936.891, 298.0289, 164.4448, 108.4508, 526.3769, 413.9676, 38.06456, 98.73546, 16.01579, 484.5215, 16.38657, 1553.225, 570.7917, 3969.853, 1572.462
159.7, 200.9951, 100.9404, 43.11665, 1898.914, 156.4105, 721.1124, 2009.351, 284.0924, 211.7827, 102.9962, 497.0304, 391.919, 132.4298, 94.29324, 15.31295, 592.5851, 15.6676, 1499.858, 544.1046, 3844.18, 1637.494
159.8, 191.5531, 95.70206, 40.6817, 1817.628, 146.2915, 774.1476, 1945.749, 270.8076, 235.6375, 97.81593, 469.3201, 371.0447, 126.9865, 90.05087, 14.64094, 566.076, 14.98017, 1425.185, 699.4893, 3680.634, 1562.496
159.9, 182.5546, 90.73556, 38.38426, 1739.822, 136.8271, 733.2298, 1855.108, 258.1441, 222.522, 92.89621, 473.8997, 433.006, 121.767, 85.99938, 13.99843, 607.8458, 14.3229, 1495.503, 666.785, 3863.263, 1575.599
160, 173.9789, 86.02679, 36.21657, 1762.121, 127.9751, 710.4525, 1999.475, 246.0727, 210.1364, 88.22394, 447.4789, 502.443, 116.762, 82.13017, 13.38411, 580.6541, 13.69447, 1560.798, 657.0815, 3898.689, 1522.935
160.1, 185.1888, 94.21941, 34.17129, 1745.919, 119.6957, 672.9013, 1906.331, 234.5658, 253.9744, 83.78666, 501.1746, 475.682, 111.9628, 78.43504, 12.79676, 554.6788, 13.09362, 1483.092, 670.7223, 3829.535, 1462.426
160.2, 176.4893, 89.32985, 32.24152, 1671.182, 111.952, 682.0869, 1817.526, 223.597, 364.6945, 79.57256, 560.5955, 450.3464, 107.3608, 74.90616, 12.23518, 529.8655, 12.51912, 1409.254, 656.1683, 3666.612, 1664.032
160.3, 168.1985, 84.69404, 30.42073, 1665.582, 104.7092, 754.1736, 1799.741, 213.1411, 344.3956, 75.5704, 529.3412, 426.3602, 102.9479, 71.53605, 11.69824, 506.1623, 11.96984, 1339.092, 625.4895, 3510.62, 1587.819
160.4, 192.8201, 80.29881, 28.70276, 1594.284, 97.93504, 714.3115, 1715.901, 203.1742, 342.4301, 71.76954, 499.8295, 403.6515, 98.71648, 68.31756, 11.18487, 483.5193, 11.44465, 1272.423, 596.2451, 3508.219, 1666.805
160.5, 183.7621, 76.13166, 27.08182, 1670.018, 91.59911, 790.1723, 1635.967, 193.6733, 323.3704, 68.15984, 471.9631, 382.1523, 94.65894, 65.24387, 10.69402, 461.8893, 10.94251, 1209.074, 574.3646, 3513.559, 1620.064
160.6, 175.1296, 83.97141, 25.55241, 1598.531, 85.6731, 748.4075, 1613.787, 184.6167, 305.3716, 64.7317, 551.7794, 361.7982, 90.76817, 62.30848, 10.22472, 441.2269, 10.4624, 1148.878, 547.5105, 3676.125, 1545.865
160.7, 166.9026, 79.61368, 24.10938, 1584.223, 80.13046, 708.8501, 1538.61, 175.9837, 288.3747, 61.47598, 641.0619, 342.5282, 87.03733, 59.50515, 9.776012, 421.4888, 10.00335, 1091.68, 521.9119, 3519.728, 1622.504
160.8, 159.0622, 75.48209, 22.74784, 1516.408, 74.94641, 674.0583, 1466.935, 167.7543, 272.3237, 58.384, 605.3215, 413.9045, 83.45984, 56.82795, 9.346995, 402.6337, 9.564445, 1037.329, 517.726, 3418.346, 1589.303
160.9, 256.2359, 71.56492, 21.46319, 1476.31, 70.09774, 638.4307, 1398.598, 159.9097, 257.1662, 55.44754, 571.5738, 423.9134, 80.0294, 54.27119, 8.936806, 384.6221, 9.144796, 985.6841, 493.52, 3272.917, 1595.354
161, 244.1989, 90.32731, 20.25109, 1428.133, 65.56275, 604.6862, 1451.192, 152.432, 264.9317, 52.65877, 539.7075, 418.904, 76.73995, 51.82947, 8.544618, 367.4162, 8.743561, 936.6104, 470.4456, 3384.632, 1522.287
161.1, 255.4435, 85.63973, 19.10744, 1534.223, 61.32116, 702.9424, 1501.961, 145.304, 250.1856, 50.01027, 834.433, 396.5925, 73.58572, 49.4976, 8.169641, 479.2395, 8.35993, 889.9799, 448.4502, 3421.496, 1568.744
161.2, 243.4437, 81.19542, 18.02837, 1468.549, 57.35398, 671.8397, 1431.994, 138.5092, 504.4104, 47.49496, 787.9119, 375.4693, 70.56113, 47.27065, 7.811119, 457.801, 7.993131, 845.6709, 430.0844, 3319.752, 1513.08
161.3, 277.8524, 76.98175, 17.01025, 1405.686, 53.64345, 686.1091, 1382.154, 132.0322, 526.9401, 45.10617, 743.9844, 355.4711, 67.66086, 45.14389, 7.468331, 437.3214, 7.642426, 803.5679, 409.976, 3562.272, 1459.519
161.4, 264.7999, 72.98675, 16.04962, 1490.441, 50.17298, 649.8446, 1430.038, 125.8581, 497.6106, 42.83753, 702.5059, 336.5381, 64.8798, 43.11282, 7.140586, 417.7581, 7.307108, 858.5726, 537.3076, 3535.065, 1392.673
161.5, 252.3606, 69.19907, 15.14324, 1556.265, 46.92703, 654.0102, 1400.18, 119.9727, 469.9136, 162.954, 663.34, 393.0809, 62.21305, 41.17312, 6.827224, 399.0699, 6.986503, 815.8273, 512.186, 3384.67, 1396.455
161.6, 240.5056, 65.60795, 14.28805, 1489.647, 43.89108, 630.9026, 1334.954, 114.3625, 443.7582, 154.7581, 626.3575, 455.2424, 59.65591, 39.3207, 6.527614, 381.2177, 6.679965, 886.5156, 488.239, 3240.673, 1474.952
161.7, 229.2075, 62.20319, 13.48115, 1447.554, 41.05153, 635.8612, 1387.314, 109.0147, 419.0587, 146.9744, 591.437, 445.6891, 57.20387, 37.55162, 6.241152, 364.1641, 6.386876, 1119.25, 465.4116, 3635.67, 1457.012
161.8, 218.4402, 58.97513, 12.71983, 1385.59, 38.39569, 602.2525, 1402.705, 164.031, 395.7339, 139.5823, 558.4633, 421.951, 54.85263, 35.86213, 5.967261, 347.8734, 6.106646, 1063.526, 443.6515, 3605.966, 1390.28
161.9, 208.1786, 55.91459, 12.00149, 1376.583, 35.91168, 599.7032, 1337.361, 156.3605, 373.7074, 132.5619, 553.4722, 399.4772, 52.59802, 34.24865, 5.70539, 332.3114, 5.838712, 1152.731, 422.9088, 3452.554, 1378.064
162, 245.112, 53.01288, 11.32373, 1317.656, 33.58837, 596.4258, 1398.492, 149.0488, 352.9068, 125.8946, 561.4509, 457.9245, 50.43609, 32.70776, 5.455011, 317.4456, 5.582534, 1234.143, 403.1358, 3305.669, 1314.949
162.1, 244.8312, 50.26176, 10.68424, 1340.304, 31.41536, 564.9016, 1366.117, 142.0789, 333.2641, 119.5626, 530.149, 434.2606, 48.36302, 31.2362, 5.21562, 303.2448, 5.337595, 1337.39, 384.2874, 3221.438, 1362.017
162.2, 252.5937, 47.6534, 10.08086, 1324.838, 29.38294, 598.3478, 1430.933, 183.9658, 314.7146, 113.5492, 561.1004, 477.5621, 46.37516, 29.83085, 4.986734, 289.6793, 5.103404, 1279.442, 366.3202, 3084.386, 1427.798
162.3, 240.7277, 45.1804, 9.511559, 1330.745, 27.482, 579.0826, 1406.535, 175.3632, 297.1976, 107.8381, 576.7438, 452.1263, 44.469, 28.48873, 59.38578, 276.7206, 4.879488, 1215.743, 383.7523, 2953.164, 1446.99
162.4, 229.4192, 42.83575, 8.974407, 1273.78, 25.70405, 548.475, 1341.013, 167.1628, 280.6556, 102.4143, 587.3217, 428.0453, 42.64119, 27.20699, 56.77966, 264.3417, 4.665397, 1234.029, 365.8101, 3083.253, 1380.717
162.5, 218.6419, 40.61277, 8.467591, 1313.207, 24.04112, 628.3979, 1278.543, 188.9309, 265.0343, 97.26335, 554.5774, 430.3205, 40.88852, 25.98291, 54.2879, 252.5165, 4.460699, 1172.591, 348.7068, 3054.799, 1317.48
162.6, 208.3709, 38.50515, 7.989397, 1303.118, 22.48578, 595.1837, 1397.094, 180.0961, 250.2825, 92.37143, 536.3063, 407.4009, 39.20788, 24.81391, 51.9055, 241.2203, 4.264982, 1141.405, 332.4032, 2924.836, 1257.139
162.7, 306.9362, 36.50691, 7.538208, 1395.413, 21.03106, 600.7524, 1451.192, 171.6744, 236.3518, 87.72555, 506.4062, 504.9073, 37.59632, 23.69751, 49.62764, 230.4294, 4.077852, 1261.377, 316.8618, 3132.74, 1246.274
162.8, 374.2528, 34.61237, 7.112499, 1452.393, 19.67045, 568.9995, 1441.187, 297.4637, 223.1965, 83.31333, 540.5562, 576.8629, 36.051, 22.63133, 58.23442, 257.3814, 3.898933, 1198.578, 302.0471, 3089.142, 1207.67
162.9, 385.0335, 32.81614, 6.710832, 1390.221, 18.39787, 753.6656, 1445.857, 283.5537, 210.7734, 79.12303, 510.4192, 546.1382, 34.56919, 21.61312, 110.3509, 310.628, 3.727864, 1337.456, 287.925, 3111.857, 1152.358
163, 366.946, 31.11313, 6.331848, 1358.877, 22.85499, 713.8303, 1496.545, 270.2941, 199.0417, 75.14349, 481.9624, 568.0101, 33.1483, 20.64072, 105.5082, 377.2066, 3.564301, 1568.275, 346.7494, 3177.645, 1099.58
163.1, 377.6769, 29.4985, 5.974266, 1300.709, 153.5591, 748.3824, 1577.094, 257.6546, 187.9631, 71.3641, 455.0922, 844.209, 31.78581, 207.6084, 100.878, 360.3324, 3.407915, 1827.942, 482.3304, 3345.11, 1212.944
163.2, 400.5526, 27.96767, 44.3298, 1414.729, 143.6245, 708.8264, 1618.839, 245.6061, 177.5011, 67.7748, 429.72, 799.245, 30.47932, 198.2678, 96.451, 456.7066, 3.25839, 1905.145, 581.6202, 3700.595, 1157.391
163.3, 403.852, 26.51627, 41.82634, 1403.673, 178.6606, 671.3611, 1625.273, 234.121, 486.9436, 64.36602, 405.7623, 808.9148, 29.22653, 329.5687, 92.21828, 490.3159, 3.115425, 2376.264, 855.1851, 4017.384, 1104.382
163.4, 384.8805, 25.1402, 39.46426, 1469.054, 167.1021, 635.8761, 1577.447, 223.173, 459.8403, 61.12869, 383.1403, 765.8306, 28.02523, 314.741, 88.17132, 499.5047, 2.978733, 2257.958, 989.313, 4271.588, 1053.801
163.5, 366.8002, 23.83554, 83.4838, 1743.717, 156.2914, 678.1109, 2038.207, 212.7369, 553.2388, 58.05418, 361.7796, 725.0412, 26.87331, 396.5187, 84.30195, 584.9081, 2.848039, 2541.696, 943.0582, 4213.572, 1155.82
163.6, 349.5693, 22.59858, 78.76918, 1838.701, 146.1801, 642.2691, 2056.127, 202.7889, 575.4932, 55.13431, 341.6097, 853.5737, 25.76874, 408.5657, 80.60239, 558.7425, 2.723079, 2468.876, 898.9659, 4443.913, 1102.883
163.7, 333.1478, 21.42582, 74.32081, 1831.717, 136.7229, 772.2881, 2190.965, 193.306, 543.4613, 115.9113, 322.5644, 1035.689, 24.70957, 390.1839, 77.06518, 533.7474, 2.603602, 2345.96, 1103.258, 4426.897, 1052.371
163.8, 317.4977, 20.31392, 70.12365, 1793.207, 127.8776, 731.4685, 2479.249, 184.2666, 513.2123, 110.0815, 304.5808, 980.5266, 23.69393, 372.6291, 73.6832, 509.8704, 2.489367, 2229.163, 1172.793, 4442.457, 1057.58
163.9, 302.5828, 19.25972, 143.3697, 2047.505, 119.6046, 692.8065, 2879.539, 175.6499, 484.6469, 104.5449, 287.5999, 928.3021, 22.72004, 355.8641, 186.1083, 487.0616, 2.380144, 2542.539, 1642.605, 5546.748, 1009.143
164, 288.3686, 18.26023, 135.2731, 1959.859, 111.8667, 656.1879, 2873.617, 304.8412, 457.6715, 320.4503, 271.5657, 1226.007, 21.78618, 339.8533, 177.941, 465.2731, 2.275713, 2573.556, 1733.019, 5310.768, 1213.916
164.1, 287.989, 17.3126, 127.6338, 1875.965, 104.6295, 621.5049, 2922.076, 290.5861, 432.1975, 304.333, 256.4254, 1160.708, 20.8907, 324.563, 170.1321, 444.4594, 2.175864, 2445.428, 1680.462, 5084.827, 1158.318
164.2, 378.7531, 16.41416, 120.4259, 1795.661, 118.2143, 707.8578, 2889.12, 276.9977, 446.2226, 289.0264, 323.8373, 1098.886, 20.03203, 309.9605, 162.666, 454.8238, 2.080396, 2496.518, 1601.893, 4868.499, 1105.267
164.3, 423.3079, 15.56234, 113.625, 1718.796, 193.2107, 670.4438, 2754.532, 349.5885, 421.3859, 274.4896, 305.7828, 1040.358, 19.20866, 363.8664, 155.5274, 575.369, 1.989117, 2372.226, 1526.997, 4661.374, 1054.646
164.4, 488.1039, 14.75472, 107.2082, 1645.22, 180.7109, 771.5924, 2626.214, 333.241, 397.9316, 260.684, 391.5294, 984.9465, 18.41913, 347.4957, 148.7021, 549.6301, 1.901843, 2254.121, 1455.603, 4463.061, 1006.343
164.5, 465.1745, 13.98902, 101.1538, 1574.795, 169.0198, 730.8096, 2503.874, 317.658, 375.7827, 247.5727, 369.701, 932.4866, 17.66205, 331.8615, 142.1764, 525.0427, 1.818398, 2141.896, 1387.547, 4273.185, 960.252
164.6, 443.3223, 13.26305, 95.44127, 1625.845, 158.085, 692.1824, 2387.233, 302.8036, 458.0234, 235.1209, 349.0895, 1098.417, 16.93608, 316.9306, 135.937, 501.5551, 1.738615, 2035.259, 1366.622, 4373.24, 916.2723
164.7, 422.4966, 12.57476, 90.05137, 1646.206, 147.8577, 655.5969, 2451.538, 288.6438, 454.095, 223.2953, 329.6271, 1039.914, 16.23996, 302.6716, 129.9715, 479.1183, 1.662331, 2217.963, 1302.726, 4262.303, 874.3069
164.8, 402.6493, 11.92219, 84.96585, 1575.738, 138.292, 714.5361, 2559.295, 275.1462, 514.8441, 212.0645, 311.2498, 984.5262, 15.57245, 289.054, 124.2677, 457.6852, 1.589395, 2107.538, 1384.81, 4358.961, 834.2635
164.9, 383.7343, 11.30348, 80.16753, 1508.287, 194.761, 757.2682, 2479.174, 262.2798, 486.1879, 201.3986, 293.8971, 932.0887, 14.93238, 276.0492, 118.8143, 495.8674, 1.519659, 2002.611, 1320.064, 4405.685, 796.0541
165, 365.7078, 10.71688, 75.64019, 1443.723, 216.6268, 717.2425, 2363.683, 250.015, 576.8854, 191.2691, 277.5118, 882.444, 14.31861, 331.1749, 113.6002, 473.685, 1.452983, 1902.908, 1258.345, 4514.71, 759.5947
165.1, 348.5282, 10.16073, 71.36852, 1381.922, 202.6121, 703.567, 2253.573, 238.3238, 544.776, 181.6491, 262.04, 962.451, 13.73008, 326.8833, 108.6149, 452.4949, 1.389232, 1808.169, 1199.511, 4424.342, 724.8051
165.2, 332.1556, 9.63343, 67.3381, 1322.767, 189.5041, 745.89, 2148.592, 227.1792, 514.4538, 172.513, 555.3098, 911.1893, 13.16573, 458.392, 103.8484, 533.7159, 1.328278, 1718.147, 1171.854, 4411.452, 691.6089
165.3, 316.5521, 9.133499, 63.53528, 1266.144, 177.2441, 732.3761, 2226.99, 334.3399, 485.8193, 163.8363, 589.5167, 991.4245, 12.62458, 437.7685, 99.291, 509.8404, 1.269999, 1971.87, 1117.065, 4559.768, 659.9332
165.4, 424.946, 8.659513, 59.94722, 1211.945, 430.9053, 791.9943, 2346.512, 318.7054, 458.7787, 155.5961, 635.5251, 938.6196, 12.10567, 418.0728, 94.93365, 563.3229, 1.214277, 2161.433, 1064.837, 4365.778, 629.7081
165.5, 404.9835, 8.210123, 56.56179, 1160.067, 447.8345, 876.7844, 2539.91, 303.8021, 433.2431, 147.7703, 635.4329, 888.6271, 11.60809, 408.2954, 90.76752, 538.1229, 1.161, 2086.144, 1015.051, 4180.041, 600.8674
165.6, 385.9589, 7.784055, 53.36755, 1110.408, 486.7713, 830.4417, 2968.635, 338.1305, 409.1288, 140.3381, 600.0064, 841.2973, 11.13097, 389.9258, 86.78423, 699.5031, 1.11006, 1982.282, 1031.081, 4002.205, 573.3476
165.7, 394.0685, 7.380098, 50.3537, 1139.468, 455.2796, 786.5483, 3043.465, 322.3188, 403.7167, 133.2797, 566.555, 796.4884, 10.67345, 457.6, 82.97573, 668.2112, 1.061355, 2103.335, 982.8736, 4633.235, 547.0882
165.8, 375.5566, 6.997105, 47.51005, 1226.785, 425.8252, 744.975, 3200.169, 307.2465, 499.9953, 126.5763, 534.9685, 754.0661, 10.23474, 437.0121, 79.33437, 650.2065, 1.014787, 2187.618, 936.9198, 4984.905, 522.0315
165.9, 357.9143, 6.633987, 44.82699, 1388.657, 420.3373, 738.9742, 3514.387, 292.879, 472.1656, 120.2101, 505.143, 713.9033, 9.814062, 463.5633, 75.85281, 672.6255, 0.9702626, 2253.836, 893.1146, 4987.382, 498.1224
166, 341.1008, 6.289714, 42.29545, 1329.214, 393.1435, 699.9154, 3522.902, 279.1833, 445.8849, 114.164, 476.9804, 675.8796, 9.410675, 442.7071, 72.52404, 696.948, 0.9276915, 2424.93, 851.3574, 4775.2, 475.3083
166.1, 325.0771, 5.963306, 39.90688, 1272.315, 399.9743, 662.9211, 3619.191, 376.5075, 421.067, 108.4221, 450.3879, 639.8811, 9.023869, 422.7892, 69.34135, 673.0143, 0.8869883, 2511.957, 811.5526, 4816.146, 453.5391
166.2, 309.8062, 5.653838, 37.6532, 1256.545, 397.7941, 778.5452, 3450.594, 358.9012, 397.6304, 102.9689, 425.278, 605.7999, 8.652961, 403.7674, 66.29832, 732.7582, 0.848071, 2480.562, 773.6088, 5092.071, 432.7669
166.3, 326.6965, 123.4314, 35.52679, 1271.821, 559.934, 979.6226, 4062.249, 342.1182, 375.4984, 97.79002, 401.5679, 573.534, 8.297298, 385.6015, 118.1623, 842.6297, 0.8108612, 2619.616, 1002.149, 5330.966, 412.9461
166.4, 311.3495, 117.0259, 33.52047, 1417.511, 560.0574, 927.8442, 4270.344, 469.1041, 354.5981, 92.87161, 485.2876, 542.9866, 7.956255, 368.2528, 112.9768, 861.8962, 0.775284, 2571.517, 964.717, 5273.024, 394.0331
166.5, 333.7236, 110.9528, 31.62745, 1612.403, 523.8244, 878.8027, 4289.586, 626.4459, 334.8612, 88.20058, 577.2778, 790.6616, 7.62923, 351.6847, 108.0189, 866.5876, 0.7412678, 2485.511, 919.6121, 5594.487, 375.9864
166.6, 318.0464, 105.1949, 29.84134, 1573.548, 489.9355, 832.3532, 4089.759, 597.1519, 316.2229, 83.76447, 545.0935, 755.1454, 7.315646, 335.862, 103.2785, 854.9803, 0.708744, 2663.65, 876.6161, 5356.476, 358.7661
166.7, 303.1058, 99.73572, 28.15609, 1506.19, 458.239, 788.3589, 3899.24, 569.2278, 298.6219, 79.55148, 514.7036, 786.5629, 7.014951, 507.5482, 98.74615, 816.7332, 0.6776474, 2531.036, 1164.711, 5128.591, 342.3346
166.8, 288.867, 94.55989, 26.56602, 1441.715, 428.5932, 746.6899, 3717.597, 542.6094, 282.0006, 75.55039, 486.0079, 759.5737, 6.726616, 484.713, 94.41271, 799.9587, 0.647915, 2502.22, 1110.255, 4910.4, 326.6556
166.9, 275.2971, 89.65266, 25.06574, 1380.001, 400.8653, 707.2233, 3812.615, 517.2358, 266.3045, 71.75053, 458.9121, 719.1176, 6.450132, 462.9052, 90.26945, 799.3724, 0.6194872, 2377.643, 1150.072, 4701.493, 311.6947
167, 353.8335, 85.0001, 23.65019, 1320.928, 481.8804, 669.8428, 3724.962, 515.8218, 251.482, 68.14179, 433.3269, 680.8162, 6.185013, 442.0786, 86.30801, 886.3614, 0.5923067, 2259.269, 1096.301, 4582.227, 297.419
167.1, 363.5885, 80.58898, 22.31458, 1264.384, 450.705, 634.438, 3672.37, 504.0088, 237.4845, 64.71455, 409.1682, 644.5547, 5.93079, 422.189, 82.52041, 864.5807, 0.5663188, 2146.788, 1075.152, 4387.281, 283.7972
167.2, 346.5084, 76.40678, 21.0544, 1210.26, 421.5466, 600.9045, 3501.295, 480.4402, 224.2661, 61.45969, 444.318, 615.9396, 5.687017, 403.1942, 78.89903, 825.9041, 0.5414711, 2039.907, 1024.884, 4736.094, 270.7993
167.3, 330.2307, 72.44162, 19.86539, 1158.454, 394.2746, 569.1435, 3338.189, 583.6432, 211.7835, 58.36854, 419.5465, 583.1336, 5.453264, 478.3652, 75.43658, 788.9577, 0.5177137, 2331.801, 1094.326, 4534.603, 258.3966
167.4, 314.7177, 68.68223, 18.74352, 1235.075, 368.7669, 539.0612, 3347.489, 556.3508, 199.9957, 55.43285, 396.156, 552.0749, 5.229119, 465.0923, 72.12607, 914.2142, 0.4949985, 2332.775, 1043.162, 4341.683, 246.562
167.5, 447.2143, 65.11794, 17.68501, 1182.206, 344.9095, 510.5689, 3594.539, 530.3347, 188.8639, 52.64482, 374.0696, 522.6705, 5.014187, 462.6517, 68.96084, 873.3172, 0.4732801, 2358.736, 994.3892, 4156.971, 235.2694
167.6, 426.2058, 61.73861, 16.68627, 1161.806, 322.5955, 483.5826, 3463.292, 505.5351, 178.3517, 49.99702, 353.2146, 494.8322, 4.808089, 441.8365, 65.93452, 834.2498, 0.4525145, 2266.604, 1066.124, 4082.647, 224.494
167.7, 406.1842, 58.53466, 15.74394, 1112.073, 301.7251, 458.0227, 3301.957, 481.8951, 168.4247, 47.48238, 333.5222, 468.4766, 4.610462, 421.9577, 63.041, 796.93, 0.4326601, 2153.757, 1016.278, 4182.801, 214.2122
167.8, 387.1031, 55.49698, 14.85482, 1064.469, 335.8154, 433.8138, 3148.138, 459.3607, 159.0502, 45.09423, 314.9278, 443.5247, 4.420959, 402.9734, 60.27447, 761.2797, 0.4136768, 2046.529, 968.7621, 4394.775, 204.4012
167.9, 413.4969, 71.63797, 14.01592, 1018.903, 314.0897, 410.8844, 3052.338, 437.88, 150.1975, 42.82618, 297.37, 419.9018, 4.239244, 384.8432, 57.62935, 727.2242, 0.3955263, 2037.939, 923.4681, 4207.805, 195.0396
168, 394.0723, 67.92029, 13.22439, 997.1653, 293.7696, 389.1669, 3067.459, 417.4037, 141.8375, 40.67221, 280.791, 442.062, 4.064999, 367.5286, 55.10031, 818.3943, 0.3781723, 1936.477, 1006.943, 4249.59, 186.1068
168.1, 375.5602, 64.39554, 12.47756, 964.6658, 274.7641, 392.3563, 2924.563, 397.885, 153.3611, 38.62658, 265.1364, 504.5315, 3.897915, 350.9931, 52.68225, 781.7838, 0.3615797, 1840.067, 1065.951, 4147.73, 177.5831
168.2, 357.9178, 61.0537, 11.77291, 923.3719, 256.9882, 371.6181, 2788.324, 379.2791, 220.3312, 36.68383, 399.3429, 508.6744, 3.737699, 335.2015, 50.37031, 746.8111, 0.3457151, 1748.457, 1100.951, 3971.27, 169.4498
168.3, 361.126, 57.8853, 11.10806, 970.4166, 240.3623, 351.9761, 2729.557, 361.5432, 208.0676, 34.83879, 377.0788, 548.2864, 3.584069, 345.5459, 48.15982, 713.4028, 0.3305466, 1661.407, 1049.476, 4040.942, 161.6889
168.4, 344.1616, 90.79278, 10.48074, 928.8766, 224.812, 333.3723, 2736.286, 344.6366, 196.4866, 33.08655, 356.056, 519.0838, 3.436753, 329.9994, 46.04635, 774.0897, 0.3160436, 1578.692, 1040.209, 4079.301, 154.2836
168.5, 327.9941, 86.08105, 9.88886, 889.1149, 210.2678, 315.7518, 2633.881, 328.5207, 185.5501, 31.42244, 336.2052, 491.4365, 3.295492, 339.2411, 44.02562, 755.5176, 0.3021769, 1777.78, 998.2899, 4254.131, 147.2173
168.6, 312.5862, 81.61383, 9.330401, 851.0551, 196.6645, 299.0626, 2573.701, 313.1583, 175.2224, 29.84203, 317.4612, 465.2618, 3.160038, 323.9782, 42.09357, 721.7198, 0.2889186, 1689.271, 1000.421, 4073.144, 140.4748
168.7, 297.902, 77.37845, 8.803481, 814.6246, 183.9412, 283.2555, 2683.062, 418.4071, 165.4696, 28.3411, 299.7621, 462.9221, 3.030151, 309.4021, 40.24631, 867.0846, 0.2762421, 1605.168, 953.6465, 4129.499, 134.041
168.8, 318.9124, 73.36286, 8.306317, 899.3309, 172.0411, 276.3729, 2558.074, 398.8415, 156.2595, 26.91567, 283.0498, 438.2661, 2.905603, 295.4817, 38.48012, 897.9155, 0.2641218, 1525.252, 1070.819, 3953.814, 127.9019
168.9, 303.931, 69.55566, 7.837231, 860.8338, 196.4601, 307.6714, 2636.897, 380.1908, 192.6298, 25.56193, 267.2693, 414.9233, 2.786174, 282.1877, 36.79143, 970.5787, 0.2525332, 1449.316, 1142.026, 3919.261, 122.044
169, 289.6534, 65.94604, 7.394635, 980.1522, 241.1795, 304.1234, 2530.479, 362.4123, 181.9081, 24.27628, 252.3685, 392.8238, 2.671654, 269.4917, 35.17685, 943.0998, 0.2414531, 1377.159, 1099.894, 3752.52, 116.4544
169.1, 300.9284, 62.52375, 6.977034, 938.1954, 225.5763, 288.0489, 2520.516, 345.4651, 171.7831, 23.05528, 238.2985, 371.9013, 2.561841, 319.4355, 33.63313, 900.9106, 0.2308592, 1435.275, 1086.544, 3989.282, 111.1207
169.2, 286.7919, 59.27905, 6.583016, 914.1485, 327.3507, 272.8239, 2448.797, 329.3104, 162.2216, 21.8957, 225.013, 352.0932, 2.456542, 320.4784, 32.15715, 860.6088, 0.22073, 1363.818, 1066.54, 3977.12, 106.0314
169.3, 328.469, 56.20274, 6.21125, 888.3969, 306.1727, 258.4037, 2442.841, 313.9111, 153.1924, 20.79445, 212.4681, 333.3401, 2.355571, 306.0597, 30.74594, 912.1124, 0.2110453, 1343.045, 1016.674, 4007.755, 101.1751
169.4, 313.0387, 53.28607, 5.860479, 952.9548, 530.9041, 244.7457, 2437.872, 299.232, 144.6657, 19.74858, 200.6226, 336.89, 2.25875, 292.2897, 29.39667, 871.3095, 0.2017855, 1409.568, 993.2067, 3907.605, 96.5413
169.5, 298.3333, 50.52077, 5.529518, 912.1623, 579.6927, 310.4807, 2452.981, 285.2392, 136.6136, 18.75531, 259.7906, 446.6387, 2.165909, 279.1393, 28.10661, 884.8675, 0.192932, 1339.39, 946.7698, 3910.038, 92.11969
169.6, 284.3187, 47.89897, 5.217247, 883.7597, 631.0203, 386.2769, 2429.362, 271.9008, 129.0097, 17.812, 340.1571, 422.85, 2.076883, 266.5805, 26.87316, 948.7095, 0.184467, 1272.707, 982.8944, 3838.66, 87.9006
169.7, 284.5116, 45.41323, 4.92261, 876.4543, 714.8435, 365.8601, 2431.699, 259.1862, 135.8667, 16.91613, 321.1927, 400.3283, 1.991517, 324.1285, 25.69384, 981.0598, 0.1763733, 1209.343, 965.2689, 3969.926, 83.87473
169.8, 271.1463, 43.0565, 4.644613, 899.873, 713.7961, 346.5224, 2388.106, 334.1002, 128.3043, 16.06532, 303.2857, 379.0061, 1.90966, 309.5456, 24.56628, 997.0843, 0.1686348, 1401.089, 920.1382, 3896.47, 80.03326
169.9, 258.4088, 40.82206, 4.382316, 948.9634, 922.1256, 328.2068, 2358.485, 341.2592, 121.1629, 15.25731, 286.377, 358.8196, 1.831167, 295.6187, 23.4882, 952.4802, 0.1612358, 1411.562, 990.9401, 4167.344, 76.36772
170, 269.2073, 38.70358, 4.134831, 986.3528, 896.9091, 310.8593, 2311.765, 325.3012, 114.419, 14.48993, 270.4109, 344.3572, 1.755901, 282.3185, 22.45742, 909.8714, 0.1541615, 1499.252, 944.6092, 4175.553, 72.87007
170.1, 294.04, 36.69504, 3.901323, 993.5706, 888.3121, 294.4287, 2204.073, 351.597, 108.0504, 13.76115, 255.335, 326.0161, 1.683728, 269.6167, 21.47189, 869.1687, 0.1473975, 1424.61, 900.4444, 4085.751, 69.53261
170.2, 280.2271, 34.79074, 3.681001, 951.0394, 830.8427, 331.1276, 2257.743, 335.1555, 102.0364, 13.06903, 241.0996, 308.652, 1.614522, 257.4863, 20.5296, 891.5156, 0.1409303, 1353.684, 858.3445, 3911.927, 66.34801
170.3, 267.063, 32.98526, 3.473122, 910.3289, 777.0911, 313.6258, 2217.513, 366.2318, 96.35702, 12.41171, 227.6579, 292.2126, 1.54816, 245.9017, 19.62867, 851.6341, 0.1347469, 1439.679, 818.213, 4011.485, 63.30926
170.4, 254.5174, 31.27347, 3.276983, 871.3611, 726.8171, 297.049, 2153.877, 447.2435, 90.99379, 11.78746, 214.9656, 276.6489, 1.484527, 234.8383, 18.76727, 813.5366, 0.1288348, 1368.002, 958.0874, 3913.583, 295.3209
170.5, 242.5611, 29.65052, 3.09192, 834.0613, 679.7955, 322.4096, 2128.353, 518.611, 85.92908, 11.1946, 202.9809, 370.1087, 1.423508, 224.2727, 17.94368, 777.1434, 0.123182, 1299.894, 913.2925, 4002.899, 352.6365
170.6, 231.1664, 28.11179, 2.917309, 869.3453, 635.816, 305.3686, 2060.437, 494.3596, 81.14627, 10.63156, 305.521, 350.3961, 1.364998, 214.1824, 17.15623, 829.4691, 0.1177773, 1235.177, 1034.369, 4032.983, 336.4857
170.7, 220.3071, 26.65292, 2.752558, 866.3516, 594.6818, 289.2282, 1980.039, 471.2422, 76.62968, 10.09684, 288.4876, 331.7334, 1.308892, 204.5461, 16.40333, 792.3632, 0.1126097, 1173.682, 986.0072, 3861.405, 321.0746
170.8, 268.1348, 25.26975, 2.597111, 829.2662, 556.2088, 273.9409, 1887.8, 449.2059, 72.36447, 9.58901, 272.4039, 314.0647, 1.255093, 195.3433, 15.68348, 756.9172, 0.1076689, 1115.249, 939.9069, 3898.612, 306.3693
170.9, 255.5388, 23.95837, 2.450444, 825.4892, 520.2248, 259.4617, 1900.909, 428.2001, 106.664, 9.106725, 257.2169, 297.3371, 1.203505, 186.5546, 14.99521, 723.0568, 0.1029448, 1135.359, 940.0977, 3732.75, 354.2651
171, 243.5345, 22.71504, 2.312058, 790.153, 486.5688, 245.7477, 1863.341, 427.0702, 100.727, 8.648696, 285.0258, 281.5004, 1.154037, 198.0148, 14.33715, 998.7687, 0.09842804, 1186.779, 896.1439, 3694.54, 338.0397
171.1, 232.0941, 21.53623, 2.181489, 908.3625, 459.5724, 301.7732, 1993.985, 422.4385, 95.12058, 8.213704, 269.1351, 266.5072, 1.106603, 266.218, 13.70797, 1028.435, 0.09410943, 1127.694, 927.4335, 3537.36, 355.3077
171.2, 297.7004, 20.4186, 2.058292, 869.4789, 429.8403, 301.4588, 2083.889, 402.6843, 89.82618, 7.800591, 321.7786, 393.9768, 1.061118, 283.019, 13.1064, 1027.113, 0.0899803, 1193.999, 1077.381, 3634.999, 500.8427
171.3, 283.7155, 19.35897, 1.942053, 832.2597, 402.0317, 285.5251, 2066.334, 383.8539, 84.82646, 7.408255, 303.8388, 372.993, 1.017503, 270.2856, 12.53123, 981.1652, 0.08603235, 1134.554, 1191.553, 3945.187, 606.2172
171.4, 270.3876, 18.35433, 1.832379, 826.4528, 410.7516, 358.5812, 2089.214, 365.9041, 127.5544, 7.035652, 329.4305, 353.1267, 0.9756809, 258.1252, 11.9813, 937.2732, 0.08225761, 1078.069, 1372.895, 3777.344, 578.4524
171.5, 257.6858, 17.40182, 1.728898, 836.7035, 384.1779, 505.4356, 2009.423, 387.6628, 151.9076, 6.681789, 354.6962, 334.3186, 0.9355775, 246.5118, 11.45551, 975.4974, 0.07864849, 1024.395, 1355.139, 3748.929, 551.9592
171.6, 245.5806, 16.49875, 1.631261, 800.8873, 359.3235, 478.7206, 1972.882, 443.9891, 143.4524, 6.345724, 517.2378, 382.8361, 0.8971225, 235.421, 10.95279, 946.554, 0.07519772, 1036.105, 1340.919, 3723.871, 648.4775
171.7, 234.0441, 15.64254, 1.539138, 852.8763, 336.077, 489.3142, 1880.977, 423.2272, 135.4679, 6.026562, 488.4008, 362.4456, 0.8602481, 224.8291, 10.47213, 999.5391, 0.07189836, 1148.172, 1391.756, 3596.297, 618.7772
171.8, 304.0315, 14.83076, 1.452217, 816.3679, 314.3344, 463.4513, 1830.708, 403.4362, 185.809, 5.723452, 461.1716, 343.1411, 0.8248894, 214.7138, 10.01256, 954.8252, 0.06874376, 1091.008, 1326.685, 3678.36, 666.5667
171.9, 289.7492, 14.06111, 1.370206, 807.9324, 293.9985, 438.9554, 1745.426, 384.5706, 223.3252, 5.435587, 435.4605, 324.8648, 0.790984, 249.6874, 9.573166, 912.1115, 0.06572757, 1036.691, 1368.934, 3521.868, 636.0378
172, 407.166, 13.3314, 1.292825, 822.1403, 274.9782, 415.7543, 1755.797, 366.5873, 230.46, 5.162201, 411.1828, 307.562, 0.7584723, 299.8874, 9.153051, 881.766, 0.06284372, 985.0776, 1488.623, 3576.743, 820.0071
172.1, 388.0388, 12.63957, 1.219815, 786.9475, 257.1884, 465.3283, 1846.033, 381.0919, 217.6326, 4.902565, 388.2586, 324.5639, 0.7272968, 286.3951, 8.751373, 959.7985, 0.0600864, 936.0341, 1419.023, 3424.575, 782.4506
172.2, 494.9227, 11.98363, 1.150928, 753.2612, 240.5496, 440.7332, 1825.586, 363.2712, 380.0094, 4.655987, 366.6125, 307.277, 0.6974028, 273.5098, 8.367323, 1010.025, 0.05745006, 937.1937, 1356.076, 3323.947, 784.6995
172.3, 611.1587, 11.36173, 1.085931, 766.622, 224.9872, 417.4381, 1740.543, 346.2839, 386.3701, 4.421811, 346.1732, 290.9109, 0.6687375, 261.2043, 8.000126, 1163.788, 0.05492939, 1016.584, 1320.116, 3351.011, 748.7601
172.4, 586.5101, 10.77211, 1.024604, 817.4688, 210.4316, 395.3743, 1659.461, 330.0909, 364.8647, 4.199413, 326.8734, 293.9602, 0.6412504, 292.7271, 7.649043, 1111.727, 0.05251932, 986.7442, 1258.394, 3558.283, 714.4668
172.5, 596.412, 10.21309, 0.9667414, 837.6255, 196.8177, 374.4766, 1665.166, 314.6551, 344.5564, 3.988201, 308.6496, 278.3034, 0.6148931, 279.557, 7.313368, 1212.985, 0.05021499, 937.6177, 1199.559, 3555.275, 681.7441
172.6, 581.2867, 9.683074, 0.9121462, 801.7699, 184.0845, 354.6835, 1636.713, 299.9412, 325.3784, 3.787612, 291.4418, 331.8738, 0.5896192, 266.9794, 6.992424, 1158.722, 0.04801177, 890.9371, 1143.474, 3528.745, 650.5201
172.7, 553.9799, 9.180567, 0.8606341, 767.4491, 172.1752, 335.9366, 1560.468, 285.9153, 307.2679, 3.597111, 275.1934, 314.1976, 0.5653841, 254.9677, 6.685564, 1106.887, 0.04590521, 846.5805, 1090.011, 3378.619, 620.7262
172.8, 653.782, 8.704137, 0.8120311, 734.5974, 161.0363, 318.1806, 1487.774, 272.5452, 290.1653, 3.416192, 259.8509, 297.4629, 0.5421451, 243.4964, 6.39217, 1057.371, 0.04389108, 804.4323, 1039.048, 3234.879, 660.1617
172.9, 623.0697, 8.252432, 0.7661729, 703.152, 150.618, 301.363, 1418.467, 259.8004, 274.0148, 3.244373, 245.3637, 340.4967, 0.5198614, 232.5412, 6.111652, 1133.502, 0.04196533, 922.7839, 990.468, 3413.698, 629.9262
173, 593.8001, 7.824168, 0.7229044, 706.821, 140.8737, 285.4344, 1352.389, 247.6516, 293.4211, 3.081195, 231.6843, 322.3613, 0.4984936, 253.0578, 5.843444, 1111.141, 0.04012407, 952.8538, 1069.447, 3638.916, 635.772
173.1, 565.9055, 7.418129, 0.6820795, 676.5646, 131.7599, 270.3476, 1472.752, 236.0709, 277.0893, 2.926224, 218.7675, 305.1918, 0.478004, 241.6725, 5.587007, 1163.755, 0.03836359, 905.4146, 1112.106, 3515.326, 606.6535
173.2, 539.3214, 7.033163, 0.6435601, 647.6034, 123.2357, 335.9121, 1404.145, 225.0317, 334.4312, 2.779048, 206.5708, 322.826, 0.4583566, 325.7375, 5.341823, 1111.694, 0.03668036, 860.3372, 1087.882, 3365.77, 791.884
173.3, 513.986, 56.82098, 17.40368, 619.8819, 164.0234, 318.1574, 1338.734, 214.5087, 399.9352, 2.639274, 314.1032, 305.6318, 0.4395168, 311.0822, 5.107399, 1247.306, 0.03507097, 817.5041, 1105.565, 3325.966, 930.9905
173.4, 672.1452, 53.87223, 16.42083, 687.62, 153.4119, 374.8012, 1357.734, 204.4778, 424.2537, 2.50653, 296.5914, 289.3533, 0.4214514, 297.0862, 4.883263, 1350.092, 186.4768, 956.1676, 1108.177, 3278.237, 1028.877
173.5, 642.9711, 51.07651, 15.49349, 658.1855, 143.4869, 519.373, 1294.485, 194.916, 462.1462, 2.380462, 342.717, 273.9419, 0.4041285, 417.6002, 4.668962, 1331.949, 178.295, 908.5634, 1192.059, 3443.461, 981.7543
173.6, 612.7667, 48.42587, 14.61852, 630.011, 134.204, 491.9213, 1234.182, 185.8013, 438.6663, 2.260735, 435.4983, 351.9657, 0.3875177, 446.7926, 4.464067, 1304.961, 170.4721, 942.6432, 1136.325, 3462.324, 936.7899
173.7, 583.9811, 45.91279, 28.89561, 603.0425, 125.5216, 465.9207, 1319.113, 177.1128, 531.0829, 2.14703, 411.2185, 333.2195, 0.3715895, 482.4554, 4.268163, 1255.662, 162.9925, 895.7123, 1222.817, 3361.766, 1174.65
173.8, 560.1494, 43.53012, 27.26377, 636.1562, 117.401, 441.2943, 1278.471, 168.8306, 548.8951, 2.039044, 388.2923, 315.4716, 0.3563161, 460.7491, 4.080856, 1306.264, 155.8411, 943.467, 1165.645, 3218.743, 1120.851
173.9, 542.8696, 41.27111, 25.72409, 865.3002, 109.8057, 417.9695, 1296.152, 160.9357, 520.7798, 1.936489, 366.6443, 474.1229, 0.3416705, 440.0195, 3.901769, 1379.794, 149.0034, 896.4952, 1203.58, 3504.359, 1069.516
174, 622.5699, 39.12933, 24.27136, 895.3081, 102.7018, 395.8776, 1268.815, 153.41, 491.7933, 1.839092, 483.8132, 448.8703, 0.3276268, 420.2226, 3.730542, 1403.714, 142.4658, 851.8619, 1147.307, 3395.672, 1203.616
174.1, 655.1023, 37.0987, 34.05923, 856.9833, 96.05749, 647.9218, 1381.72, 192.5446, 464.4201, 1.746594, 456.8398, 429.8472, 0.3141604, 401.3163, 3.566828, 1340.919, 136.215, 809.4507, 1093.665, 3330.102, 1282.227
174.2, 633.2573, 35.17344, 43.62807, 980.1999, 89.84303, 613.6757, 1317.353, 183.5408, 494.8524, 1.658748, 431.3701, 601.1442, 0.3012475, 383.2606, 3.410299, 1280.934, 192.3812, 769.151, 1042.532, 3188.427, 1297.989
174.3, 603.5092, 33.3481, 41.16425, 938.2411, 84.03062, 581.2396, 1255.985, 174.9581, 549.9918, 1.57532, 446.8429, 570.3077, 0.2888653, 366.0173, 3.26064, 1223.632, 221.169, 834.7632, 993.7885, 3426.367, 1334.213
174.4, 575.1584, 31.61749, 38.83956, 1014.017, 78.59425, 550.518, 1363.727, 166.7766, 519.3793, 1.496088, 421.9306, 543.1857, 0.2769921, 349.5498, 3.117548, 1287.666, 211.465, 793.2034, 947.3244, 3280.596, 1355.753
174.5, 602.2559, 29.97668, 36.64615, 993.1906, 73.50957, 535.6057, 1300.199, 238.0767, 490.4707, 1.420841, 398.4072, 514.2548, 28.89319, 333.8231, 2.980735, 1230.063, 250.1853, 764.2098, 957.9457, 3412.103, 1293.659
174.6, 594.4125, 44.32108, 34.57661, 986.3463, 68.75386, 516.0306, 1239.63, 226.9437, 463.1711, 1.349379, 376.1953, 486.8647, 67.23669, 318.804, 2.849927, 1175.037, 266.1983, 859.132, 928.5906, 3338.561, 1234.409
174.7, 566.4892, 42.02102, 32.62395, 1019.99, 64.30582, 488.7556, 1181.883, 260.532, 437.3911, 1.281511, 436.4475, 460.9334, 64.47306, 304.4607, 2.724859, 1122.472, 254.5186, 816.3588, 910.817, 3196.525, 1233.698
174.8, 539.8776, 39.84032, 103.5918, 1000.886, 60.14554, 462.9222, 1166.769, 248.349, 413.0459, 1.217057, 412.1148, 477.9841, 61.82303, 290.7627, 2.605279, 1096.927, 281.3966, 816.3568, 868.2322, 3145.961, 1275.49
174.9, 598.5403, 37.77279, 97.74158, 993.2276, 56.25441, 438.4543, 1237.032, 236.7356, 390.0558, 1.155844, 657.285, 504.8682, 80.14049, 277.6809, 2.490948, 1047.857, 269.0501, 808.9684, 827.6384, 3208.538, 1271.097
175, 573.3806, 35.81255, 92.22178, 1058.105, 68.05796, 415.2797, 1179.406, 225.6654, 368.3453, 1.09771, 620.6402, 477.978, 76.84648, 265.1877, 2.381633, 1074.581, 257.2454, 768.6927, 788.9425, 3174.683, 1212.881
175.1, 675.7453, 33.95404, 87.01369, 1028.099, 63.65494, 393.3299, 1317.284, 215.1128, 347.8432, 1.0425, 586.0384, 452.5201, 77.37307, 253.2566, 2.277116, 1026.51, 259.9672, 759.658, 752.0558, 3148.323, 1330.053
175.2, 666.3572, 32.19199, 82.09972, 1018.24, 59.53677, 372.5403, 1471.153, 260.4518, 328.4823, 0.990067, 553.3657, 428.4181, 74.19281, 241.8623, 2.177186, 1058.032, 305.092, 721.8373, 716.8938, 3014.381, 1269.137
175.3, 635.0542, 30.52137, 77.46326, 1029.806, 200.1235, 401.1384, 1517.157, 248.2725, 310.199, 0.940271, 522.5146, 405.5999, 71.14326, 230.9807, 2.08164, 1010.702, 291.7059, 841.0889, 683.3757, 2886.138, 1211.01
175.4, 605.2216, 28.93745, 73.08865, 985.7236, 225.1308, 379.9361, 1696.259, 236.6628, 292.9333, 0.8929794, 493.3835, 408.7785, 68.21907, 220.5886, 1.990288, 1033.852, 336.2048, 884.8904, 651.4248, 3102.175, 1155.546
175.5, 576.7905, 27.43573, 68.96107, 943.5284, 210.5659, 359.8544, 1617.24, 225.5959, 276.6287, 0.8480664, 465.8764, 387.0063, 84.89973, 210.664, 1.902945, 987.6029, 381.8238, 1178.401, 620.9677, 2984.017, 1102.621
175.6, 569.9212, 26.01194, 65.0666, 903.1394, 196.9433, 340.8342, 1541.902, 215.0466, 261.2316, 0.8054124, 439.903, 366.3937, 81.4101, 201.186, 1.819435, 943.423, 365.0709, 1119.732, 591.9346, 3075.968, 1052.121
175.7, 543.1484, 24.66203, 61.39207, 927.5339, 184.202, 322.8193, 1470.074, 204.9905, 246.6914, 0.7649037, 415.3776, 346.8789, 78.0639, 192.1344, 1.73959, 901.2194, 349.0531, 1063.985, 564.259, 3034.627, 1003.934
175.8, 517.6332, 23.38219, 57.92504, 887.8295, 172.285, 305.7565, 1401.591, 195.4047, 232.9606, 0.7264323, 392.2195, 328.4036, 97.93481, 183.4901, 1.663249, 944.8387, 333.7381, 1011.013, 551.5991, 2905.522, 957.9534
175.9, 523.6496, 22.16876, 54.65381, 849.8248, 161.139, 289.5956, 1390.216, 186.2672, 219.994, 0.6898959, 473.4358, 326.3125, 93.90941, 175.2347, 1.590258, 902.5718, 319.0951, 1157.374, 525.8094, 2905.829, 977.2184
176, 508.4138, 21.0183, 51.56732, 841.3723, 150.7141, 274.289, 1398.81, 177.5569, 207.7492, 0.6551971, 447.0409, 308.9325, 90.04945, 167.3507, 1.52047, 937.7555, 305.0945, 1099.752, 501.2254, 3095.051, 932.4617
176.1, 571.9083, 19.92755, 48.65514, 862.144, 166.9676, 259.7913, 1678.965, 169.254, 232.4356, 0.6222436, 587.7139, 292.4782, 86.34815, 159.8214, 1.453745, 910.0012, 291.7083, 1088.197, 562.251, 3072.473, 889.7548
176.2, 576.5626, 18.8934, 45.90741, 860.1321, 156.1656, 277.5049, 1815.828, 161.3393, 266.9002, 0.5909474, 554.9478, 276.9004, 82.79899, 152.6308, 1.389948, 961.7305, 278.9093, 1034.019, 535.9633, 3140.94, 1080.315
176.3, 578.9868, 17.91292, 43.31486, 864.6962, 146.0624, 300.8259, 2027.157, 153.7947, 252.0446, 0.5612254, 648.1005, 309.4377, 79.39571, 145.7638, 1.32895, 1227.583, 266.672, 982.539, 510.9045, 3007.312, 1030.836
176.4, 551.788, 16.98332, 40.86872, 870.7077, 181.0331, 294.0315, 2043.865, 146.6029, 291.4954, 0.5329981, 611.9678, 292.9565, 76.13231, 139.2057, 1.27063, 1426.577, 254.9715, 1010.791, 487.0174, 3035.052, 983.6237
176.5, 525.867, 16.10196, 38.56072, 866.7219, 198.5573, 278.4903, 1948.653, 139.7475, 275.2708, 0.5061907, 577.8495, 334.1259, 73.00304, 132.9427, 1.214869, 1362.76, 243.7844, 999.7365, 464.2472, 3237.322, 938.5736
176.6, 501.1637, 15.26634, 36.38306, 829.6207, 185.7116, 263.7706, 1917.588, 133.2126, 259.9492, 0.4807315, 545.6334, 316.3297, 70.0024, 126.9614, 1.161555, 1469.411, 233.0882, 949.9631, 442.5415, 3099.594, 959.0555
176.7, 477.6208, 32.28949, 34.32838, 794.1077, 173.6969, 249.8289, 1828.258, 126.9833, 245.4804, 0.4565527, 515.2133, 329.2705, 67.1251, 121.2493, 1.11058, 1403.678, 222.8613, 950.8942, 421.8507, 3067.831, 915.1306
176.8, 455.1839, 30.61381, 32.38974, 829.1141, 162.4596, 236.6241, 1743.09, 121.0452, 231.817, 0.4335901, 592.1195, 311.733, 64.36606, 137.4939, 1.061843, 1340.885, 270.7789, 903.5526, 402.1273, 2937.314, 873.2175
176.9, 433.801, 29.0251, 30.56058, 859.6423, 151.9492, 224.1173, 1777.726, 115.3849, 357.7838, 0.4117824, 573.2495, 295.1296, 61.72042, 131.3079, 1.015244, 1293.262, 258.8983, 961.5377, 383.326, 3078.706, 925.4633
177, 503.3134, 27.51883, 28.83471, 833.3215, 142.1189, 212.2715, 1768.427, 109.9893, 337.8696, 0.3910716, 541.2898, 279.4105, 59.18353, 125.4002, 0.9706906, 1245.205, 247.5389, 913.6661, 365.4037, 3108.099, 883.077
177.1, 487.3555, 26.09072, 115.8206, 946.338, 195.5528, 201.0518, 1750.698, 104.8459, 319.0638, 0.3714024, 511.1119, 392.0203, 56.75092, 119.7583, 0.9280922, 1252.915, 278.4686, 868.1779, 369.2334, 2993.387, 1093.897
177.2, 464.4613, 24.73673, 109.2798, 921.7244, 182.9015, 211.18, 1845.269, 99.94311, 301.3047, 0.3527224, 688.4048, 371.1407, 54.41829, 247.196, 12.07001, 1304.167, 266.2505, 824.9544, 351.9701, 2935.137, 1043.797
177.3, 454.4076, 36.98032, 143.5687, 882.2688, 171.0687, 212.0676, 1990.44, 95.26955, 284.5341, 0.334982, 650.025, 418.5565, 52.18153, 236.0744, 11.54032, 1269.207, 254.5686, 838.9745, 366.5255, 2810.265, 995.9907
177.4, 433.0612, 35.06121, 135.4609, 990.9055, 160.0013, 200.8587, 1939.515, 90.81454, 300.6311, 0.3181339, 613.785, 396.2634, 50.03672, 280.4737, 11.03387, 1227.955, 292.3586, 1004.467, 349.3888, 2922.689, 1028.701
177.5, 412.7175, 33.2417, 127.811, 1036.906, 149.65, 190.2423, 1910.218, 86.56786, 283.898, 94.97506, 658.3588, 375.1578, 47.98006, 267.8549, 87.94344, 1173.023, 357.8022, 954.458, 333.0533, 3069.152, 1010.313
177.6, 393.3296, 72.8515, 179.3018, 1154.276, 139.9684, 180.1869, 2048.128, 82.51975, 268.0963, 90.19823, 621.6541, 355.1762, 46.00794, 270.6464, 84.08407, 1234.912, 342.1033, 1198.853, 383.5085, 3120.128, 1138.985
177.7, 374.8524, 69.07084, 169.176, 1104.866, 130.9131, 170.6631, 1952.717, 78.66095, 253.174, 85.66165, 586.9958, 336.2589, 44.11688, 258.4697, 80.39407, 1179.669, 327.0933, 1139.167, 489.1664, 2987.385, 1086.819
177.8, 514.7786, 65.48637, 159.622, 1094.337, 235.9818, 161.6426, 1969.224, 74.98259, 239.0824, 81.35324, 554.2697, 318.3492, 42.30354, 246.8408, 123.837, 1342.464, 312.7418, 1291.395, 466.2957, 2909.931, 1037.043
177.9, 494.2781, 62.08793, 150.6076, 1098.238, 220.7149, 153.0989, 1985.63, 71.47624, 225.7751, 77.26153, 523.3682, 301.3934, 40.56474, 242.26, 118.4025, 1381.618, 299.02, 1227.101, 444.4942, 2910.545, 1134.898
178, 500.0348, 58.86585, 142.1022, 1051.226, 206.4357, 145.0068, 1893.131, 68.13386, 213.2084, 73.37561, 588.7136, 285.3407, 38.89741, 231.3604, 113.2064, 1319.812, 285.9002, 1242.552, 445.3026, 3201.387, 1082.919
178.1, 486.8907, 55.81098, 134.0772, 1006.227, 193.0803, 137.3425, 1854.815, 64.94777, 201.3412, 139.2899, 582.8531, 270.1429, 37.29861, 220.9513, 108.2384, 1260.771, 273.3561, 1180.69, 486.8291, 3081.62, 1033.321
178.2, 464.0183, 52.91464, 126.5054, 963.1544, 180.589, 130.0832, 1768.41, 61.91067, 555.1315, 503.2312, 550.358, 255.7547, 35.76553, 241.012, 103.4884, 1204.371, 261.3624, 1121.907, 497.136, 2950.516, 1078.802
178.3, 479.6253, 50.16861, 119.3612, 921.9253, 168.9057, 123.2076, 1745.923, 59.01559, 721.4738, 1314.522, 519.6745, 242.1327, 34.29546, 254.3967, 102.3872, 1184.35, 249.8949, 1114.382, 473.8927, 2848.681, 1029.393
178.4, 457.0942, 84.27332, 112.6205, 922.071, 157.9783, 116.6954, 1743.753, 56.2559, 878.4797, 1514.845, 490.7017, 229.2363, 32.88582, 242.9511, 145.4014, 1171.234, 238.9306, 1058.901, 541.5054, 2997.221, 982.2466
178.5, 435.6216, 79.89993, 106.2604, 882.6006, 147.7579, 110.5274, 1758.581, 53.62525, 839.2719, 1517.145, 463.3442, 217.0268, 31.53411, 232.0205, 139.0205, 1181.048, 228.4473, 1006.182, 516.1876, 3026.353, 937.2595
178.6, 415.1577, 75.75349, 119.6048, 844.8197, 138.1987, 104.6854, 1699.059, 51.11761, 792.558, 1552.499, 502.9178, 205.4676, 30.23797, 221.5816, 132.9196, 1240.717, 218.424, 956.0874, 492.0534, 2897.6, 894.3329
178.7, 395.6551, 74.44415, 151.5067, 808.6561, 129.2579, 99.15225, 1619.909, 48.72725, 748.4443, 1474.415, 474.8792, 194.524, 28.9951, 211.6124, 127.0865, 1185.214, 208.8405, 976.6343, 624.8063, 3150.812, 853.3723
178.8, 377.0686, 70.58083, 142.9505, 774.0405, 120.8955, 93.91152, 1563.985, 46.44865, 706.7859, 1400.259, 448.4038, 184.1633, 27.80332, 216.7572, 121.5094, 1166.438, 199.6774, 971.1687, 595.5938, 3227.996, 814.2877
178.9, 379.0039, 78.19307, 134.8776, 740.9066, 113.0742, 88.94779, 1571.803, 44.27662, 736.9261, 1329.832, 423.4045, 174.3545, 26.66052, 207.0051, 116.177, 1114.258, 322.4854, 922.8177, 567.747, 3189.249, 904.8976
179, 361.1997, 135.8647, 127.2606, 709.1911, 105.7588, 84.24642, 1594.515, 42.20615, 695.9089, 1400.969, 455.9394, 165.0681, 25.56469, 197.6917, 111.0786, 1221.245, 308.3361, 876.8739, 541.2023, 3307.387, 947.5585
179.1, 395.9556, 128.8139, 120.0738, 805.621, 98.91673, 79.79355, 1534.246, 83.09507, 873.1154, 1414.273, 430.52, 156.2763, 24.51391, 188.7973, 106.2039, 1273.539, 294.8076, 833.2175, 515.8986, 3229.422, 904.1602
179.2, 377.355, 122.1291, 185.4811, 771.1353, 92.51729, 75.57603, 1462.774, 79.20937, 927.2424, 1710.889, 406.5177, 147.9527, 23.50632, 241.6305, 171.8256, 1232.951, 434.349, 791.7346, 643.8792, 3159.651, 1030.292
179.3, 385.734, 115.7911, 175.0064, 738.1259, 86.53187, 71.58144, 1576.205, 139.83, 980.0865, 1693.35, 426.7243, 140.0725, 22.54014, 230.7592, 164.2851, 1348.536, 415.2916, 752.3169, 653.8922, 3128.391, 1122.228
179.4, 381.8315, 123.6679, 165.1231, 706.5294, 80.93367, 67.79797, 1502.779, 133.2913, 1032.345, 1608.182, 402.9337, 132.612, 21.61367, 296.8601, 157.0755, 1288.21, 397.0704, 714.8617, 623.3197, 3299.413, 1070.829
179.5, 400.8487, 117.2501, 155.7981, 701.2925, 75.69765, 64.21449, 1432.773, 204.6285, 974.8849, 1662.599, 380.4694, 125.5489, 20.72528, 283.504, 150.1823, 1376.465, 379.6486, 801.3381, 594.1767, 3178.271, 1146.9
179.6, 382.0182, 111.1654, 146.9996, 747.9304, 70.80038, 60.8204, 1407.17, 195.0596, 920.6229, 1578.978, 359.2575, 118.8619, 19.87341, 505.356, 143.5916, 1314.889, 362.9912, 792.5381, 566.3962, 3043.055, 1111.034
179.7, 364.0724, 105.3964, 213.0813, 778.4267, 66.21994, 57.60572, 1341.618, 185.9382, 877.4161, 1603.303, 339.2283, 112.5311, 19.05656, 482.6195, 137.2901, 1256.068, 347.0647, 753.0804, 539.9147, 2913.592, 1136.681
179.8, 430.1499, 99.92681, 201.0478, 800.8148, 61.93583, 54.56095, 1345.032, 201.6744, 872.2858, 1522.664, 320.3157, 106.5375, 18.27328, 587.1725, 131.2652, 1199.879, 331.8369, 872.076, 514.6712, 3046.254, 1175.437
179.9, 409.9431, 94.74107, 189.694, 781.5635, 57.92888, 51.67711, 1358.255, 192.2436, 941.425, 1446.081, 302.4575, 100.8632, 17.52219, 560.7549, 125.5047, 1380.211, 317.2773, 864.3325, 490.608, 3168.837, 1121.602
180, 390.6854, 89.82444, 178.9813, 748.1076, 54.18116, 48.9457, 1555.002, 248.377, 889.0253, 1373.349, 285.5949, 95.49103, 16.80198, 535.5259, 119.997, 1500.612, 303.3565, 821.3005, 467.6699, 3421.655, 1268.123
180.1, 372.3324, 85.16296, 168.8736, 863.692, 50.6759, 46.35865, 1781.19, 349.8741, 839.5422, 1350.259, 269.6725, 183.7128, 16.11137, 511.432, 114.7309, 1433.483, 290.0465, 780.4108, 590.4494, 3616.842, 1210.043
180.2, 354.8416, 80.74339, 159.3367, 928.8235, 47.39741, 43.90835, 1910.458, 372.9412, 964.7704, 1282.347, 339.2368, 181.8224, 15.44914, 488.4221, 109.696, 1464.75, 277.3205, 741.5569, 562.8432, 3951.394, 1230.956
180.3, 338.1724, 76.55318, 150.3384, 889.064, 44.33103, 41.58756, 1886.006, 355.5016, 911.0713, 1217.851, 475.7894, 172.1383, 14.81414, 466.4474, 104.882, 1456.308, 265.1528, 888.3023, 536.5277, 4063.669, 1236.16
180.4, 322.2863, 72.58041, 141.8483, 851.0065, 41.46302, 39.38943, 1968.126, 338.8776, 919.3028, 1156.598, 449.2633, 162.9699, 14.20523, 445.4614, 100.2793, 1391.161, 253.519, 865.1858, 511.4426, 4303.277, 1199.377
180.5, 307.1465, 68.81382, 133.8376, 814.578, 38.78057, 37.30749, 1876.443, 393.5294, 912.3809, 1098.426, 477.1322, 154.2898, 13.62136, 425.4196, 95.87861, 1328.928, 242.3957, 822.1113, 487.5303, 4209.819, 1208.572
180.6, 292.7178, 65.2427, 126.2793, 779.7089, 36.27165, 35.33559, 1789.03, 449.0809, 861.5978, 1043.18, 491.0969, 146.0721, 13.06148, 406.2795, 91.67101, 1269.479, 231.7604, 781.1813, 464.7361, 4093.277, 1173.883
180.7, 278.967, 61.8569, 119.1479, 746.3325, 33.92505, 33.46791, 1705.689, 428.0809, 823.1281, 990.7126, 514.5974, 138.292, 12.52461, 388.0005, 87.64806, 1212.69, 221.5917, 742.2891, 443.0076, 3919.133, 1120.119
180.8, 265.8622, 58.64681, 112.4192, 714.3847, 31.73026, 31.69895, 1663.319, 408.0629, 777.3129, 940.8841, 509.6184, 130.9264, 12.00982, 370.5439, 83.80166, 1158.44, 211.8692, 705.3331, 527.3955, 4088.582, 1068.818
180.9, 253.3729, 55.60331, 106.0705, 715.8683, 29.67747, 30.02349, 1585.835, 388.981, 734.0477, 893.5617, 601.9419, 123.953, 11.51618, 353.8727, 80.12405, 1106.618, 202.5732, 739.1876, 502.7374, 4002.465, 1190.494
181, 241.4704, 52.71775, 100.0803, 685.2247, 27.75748, 28.43659, 1511.96, 370.7914, 693.1906, 848.6194, 568.3826, 117.3511, 11.04283, 337.9516, 76.60784, 1057.114, 193.6852, 702.3861, 479.2321, 3932.635, 1135.969
181.1, 230.127, 49.98194, 94.42844, 724.3075, 25.96171, 26.93356, 1441.526, 353.4524, 654.6077, 805.9376, 536.6942, 111.1007, 10.58893, 322.7468, 73.24593, 1009.825, 185.1871, 667.4168, 456.8258, 3765.325, 1083.942
181.2, 219.3164, 47.3881, 89.09573, 693.3026, 24.28211, 25.50998, 1426.517, 336.9242, 618.1722, 765.4024, 506.7726, 105.1833, 10.1537, 308.226, 70.03156, 1003.521, 177.0619, 710.3082, 435.4672, 3658.666, 1034.297
181.3, 209.0137, 59.41613, 84.06419, 663.6248, 22.71117, 24.16164, 1431.061, 321.1689, 583.7648, 726.906, 546.2278, 99.58109, 9.736352, 294.3586, 66.95825, 958.6286, 169.2931, 674.9445, 415.1071, 3672.849, 986.9263
181.4, 199.195, 56.3327, 79.31679, 635.2175, 21.24187, 22.88457, 1432.182, 306.1503, 551.2725, 805.9392, 515.7747, 94.27724, 9.336159, 281.1151, 64.01981, 915.7448, 161.8652, 641.3414, 395.6989, 3792.743, 975.0619
181.5, 246.9607, 53.40929, 74.83749, 608.0261, 19.86762, 21.67499, 1365.465, 291.834, 520.5887, 909.2097, 487.0193, 89.25587, 8.952415, 268.4674, 61.21033, 948.7593, 154.7633, 743.7988, 377.1982, 3737.3, 958.9566
181.6, 235.3594, 50.63759, 70.61116, 581.9988, 18.58228, 20.52935, 1301.856, 278.1873, 491.6128, 863.4804, 459.8671, 84.50195, 8.584445, 256.3887, 58.52414, 906.317, 147.9729, 706.7677, 359.5625, 3578.301, 915.0363
181.7, 262.9899, 140.4208, 103.0945, 746.604, 17.3801, 19.44427, 1308.387, 265.1786, 464.2497, 820.0511, 434.2287, 80.00124, 13.65633, 244.8535, 55.95583, 865.7733, 141.4805, 671.5803, 370.6428, 3488.496, 908.8962
181.8, 250.6356, 163.546, 121.4149, 714.6447, 16.25569, 18.41653, 1247.437, 252.7783, 438.4095, 797.7943, 410.0197, 75.74023, 13.09502, 233.8373, 53.50023, 896.9702, 135.2729, 638.1447, 353.3135, 3521.907, 867.2687
181.9, 238.8616, 155.0587, 114.5582, 731.5453, 15.20403, 17.44312, 1189.326, 240.9578, 432.2538, 867.1345, 465.2957, 71.70618, 12.55677, 223.3167, 51.15239, 933.4912, 129.3377, 668.4879, 336.7945, 3598.336, 827.5477
182, 227.6408, 147.0119, 190.3457, 748.7061, 14.2204, 16.52116, 1283.951, 229.6901, 432.3027, 866.6009, 480.7688, 67.88699, 12.04065, 213.2694, 48.90758, 1024.49, 123.6629, 635.2062, 321.0479, 3508.127, 789.6459
182.1, 216.9471, 245.8438, 179.5963, 716.6567, 13.30041, 15.64792, 1224.139, 218.9493, 408.2408, 823.0146, 453.9651, 64.27122, 11.54575, 203.6742, 46.76129, 978.6604, 118.2371, 603.5816, 309.6646, 3358.878, 832.4529
182.2, 206.7557, 279.0344, 271.6182, 685.9792, 12.43993, 14.82085, 1222.76, 208.7108, 475.9341, 834.8234, 474.3733, 120.9758, 11.07118, 339.2616, 44.70919, 1031.609, 113.0493, 573.5314, 308.8454, 3215.979, 794.3264
182.3, 228.5447, 314.5255, 261.8258, 731.1335, 11.63513, 14.03749, 1228.753, 198.951, 501.9886, 992.8529, 457.008, 114.5324, 97.24536, 356.3371, 42.74714, 985.4602, 229.8931, 544.9774, 305.9265, 3234.04, 807.8809
182.4, 217.8085, 298.203, 426.7444, 699.8364, 10.88239, 128.7777, 1232.596, 232.3863, 474.0479, 1336.302, 431.529, 108.4322, 127.8441, 516.7696, 40.8712, 993.8721, 353.6151, 517.8448, 373.1014, 3187.286, 770.8798
182.5, 207.5767, 305.7455, 402.6447, 669.879, 10.17836, 121.9711, 1175.176, 221.5194, 447.6624, 1269.092, 452.5409, 102.6569, 154.9125, 601.2879, 39.07758, 1097.96, 338.1, 492.0632, 355.6573, 3159.429, 735.5734
182.6, 197.8255, 510.9561, 379.9059, 739.5032, 9.519865, 238.8848, 1238.761, 211.1607, 422.7455, 1251.407, 427.3109, 97.18924, 148.5452, 657.9475, 92.02663, 1053.586, 323.2656, 467.5651, 339.0287, 3025.015, 701.884
182.7, 209.485, 484.4398, 437.5458, 794.9135, 8.903975, 238.0494, 1222.311, 353.8153, 399.2155, 1188.467, 403.4875, 149.5545, 142.4395, 628.3457, 100.3598, 1024.582, 309.082, 444.2867, 323.1775, 3259.083, 669.7376
182.8, 248.5953, 459.2996, 412.836, 760.8862, 8.327931, 225.4672, 1262.72, 337.2701, 376.9952, 1128.692, 451.1342, 141.589, 136.5848, 600.0757, 95.95551, 978.7476, 295.5208, 422.1673, 308.0675, 3213.247, 639.0635
182.9, 236.9172, 547.5136, 389.5217, 728.3154, 7.789155, 213.5501, 1389.913, 321.4987, 356.0117, 1071.924, 425.9826, 193.2285, 130.9708, 672.0729, 91.74453, 991.4249, 282.5546, 401.149, 293.6639, 3238.41, 681.1824
183, 225.7876, 537.9626, 367.5241, 750.079, 71.91479, 297.6553, 1426.819, 450.2784, 336.1961, 1100.106, 402.2333, 182.9368, 125.5875, 641.8356, 87.71835, 990.0511, 270.1573, 381.1773, 279.9338, 3196.224, 649.9841
183.1, 215.181, 584.1866, 346.7687, 775.9235, 128.3766, 281.9226, 1778.794, 700.4779, 317.4835, 1044.775, 379.8081, 173.1933, 120.4255, 612.9587, 83.86887, 955.3645, 258.3039, 362.1998, 266.8456, 3160.018, 620.2148
183.2, 220.8006, 553.87, 327.1855, 742.709, 271.2131, 267.0215, 2018.505, 865.0681, 299.8123, 1182.911, 431.1044, 163.9687, 115.4756, 722.9938, 80.18831, 980.4992, 246.9706, 344.1671, 254.3694, 3059.544, 649.553
183.3, 235.237, 525.1266, 308.7082, 710.9164, 270.1214, 252.908, 1964.251, 824.6156, 283.1248, 1149.154, 522.5371, 155.2355, 110.7293, 706.7718, 148.3737, 1009.237, 236.1346, 327.0323, 247.5602, 3114.365, 677.0497
183.4, 253.9946, 497.875, 291.2743, 680.4847, 252.6458, 239.5404, 1964.293, 919.6392, 267.3661, 1091.356, 493.4047, 146.9674, 106.178, 674.9733, 141.8624, 964.0894, 225.774, 310.7505, 235.9856, 3286.224, 705.2795
183.5, 242.0628, 555.0197, 274.825, 714.2241, 236.3008, 260.3976, 1911.039, 1032.111, 321.216, 1036.466, 465.8965, 199.9395, 101.8137, 644.6055, 135.6368, 920.9613, 215.868, 515.7846, 307.6324, 3204.612, 672.9777
183.6, 230.6916, 526.2167, 259.3047, 683.6508, 221.0133, 292.6804, 1899.958, 1296.235, 333.3032, 984.3359, 439.9219, 189.2904, 97.62888, 615.604, 129.6844, 1004.596, 206.3966, 501.0068, 319.3576, 3169.752, 769.8328
183.7, 219.8545, 498.9084, 244.6609, 654.3862, 206.7148, 342.4911, 1811.45, 1491.439, 314.7516, 934.8281, 415.3955, 179.2085, 93.61605, 587.9073, 123.9932, 959.6554, 197.3408, 665.3212, 304.4261, 3061.774, 780.8677
183.8, 209.5266, 473.0173, 230.844, 626.3744, 193.3414, 324.3886, 1727.065, 1421.696, 314.9349, 887.8103, 392.2365, 169.6635, 89.76816, 561.4567, 118.5518, 1186.798, 188.6823, 632.1973, 290.1928, 2931.514, 745.1039
183.9, 199.6837, 448.4699, 217.8074, 599.5616, 180.8331, 317.4733, 1646.611, 1355.214, 401.2443, 843.1573, 370.3686, 160.6269, 128.4596, 765.8073, 113.3492, 1677.091, 180.4037, 600.7224, 276.625, 3120.903, 710.978
184, 310.6748, 425.1964, 205.5071, 573.8965, 169.1341, 300.6931, 1727.177, 1314.284, 486.3612, 800.7501, 349.7198, 152.0717, 123.1795, 731.3528, 139.5317, 1831.298, 172.4883, 695.2789, 263.6915, 3246.566, 885.451
184.1, 296.0804, 428.9901, 193.9014, 656.4078, 158.1919, 284.7999, 1668.022, 1408.786, 459.2903, 890.403, 330.2224, 238.4759, 118.1165, 698.4484, 150.2994, 1865.966, 164.9202, 660.6634, 331.4869, 3108.445, 940.7354
184.2, 282.1717, 406.7274, 182.9511, 628.3094, 147.9577, 339.8837, 1621.034, 1355.803, 433.7263, 845.6196, 311.8119, 274.9479, 113.2616, 667.0244, 143.7036, 1782.493, 157.6842, 627.7713, 315.9884, 2976.199, 918.0908
184.3, 341.3782, 385.6201, 172.6192, 688.4977, 138.3855, 321.919, 1545.52, 1406.931, 409.5851, 803.0886, 355.5463, 260.3037, 108.6062, 668.4975, 137.3972, 1885.087, 150.7657, 596.5168, 301.2145, 3138.659, 876.0421
184.4, 327.8912, 365.6082, 162.8708, 659.0256, 129.4326, 304.9039, 1622.707, 1341.14, 386.7876, 762.6968, 335.724, 261.0879, 104.1422, 638.421, 131.3676, 1886.59, 144.1507, 566.8184, 287.1313, 3005.128, 1024.225
184.5, 314.4053, 384.7289, 153.6729, 662.9774, 121.059, 339.9908, 1638.924, 1296.404, 365.259, 770.714, 317.0067, 247.1819, 99.8616, 609.6978, 125.6026, 1912.926, 137.826, 538.5985, 273.7067, 2926.363, 1062.747
184.6, 299.6357, 364.7632, 144.9945, 634.5977, 113.2271, 376.2119, 1562.576, 1411.73, 344.9287, 861.6152, 299.333, 289.151, 95.757, 582.2668, 120.0905, 1874.01, 131.7788, 511.7836, 334.3296, 3008.877, 1014.073
184.7, 285.5598, 345.8337, 136.8061, 621.4101, 105.9018, 356.327, 1557.961, 1345.714, 424.7068, 904.9342, 282.6447, 273.7503, 103.4211, 556.0699, 114.8204, 1878.697, 125.9969, 536.955, 318.6982, 2927.053, 967.6279
184.8, 272.1453, 339.0466, 164.9897, 594.8098, 99.05048, 337.4932, 1485.384, 1282.786, 401.0677, 859.4199, 326.8163, 259.1699, 99.17017, 543.9399, 109.7816, 1845.471, 120.4687, 510.2219, 341.4453, 3088.473, 923.3104
184.9, 343.1402, 353.7396, 155.6721, 719.9638, 92.64239, 319.6549, 1549.642, 1222.8, 454.5093, 816.1948, 308.5957, 274.6595, 95.09399, 519.4674, 104.9638, 1820.102, 115.183, 484.8198, 325.4811, 3035.337, 881.0226
185, 327.0207, 529.6464, 146.8808, 729.3395, 86.64887, 302.7594, 1477.453, 1165.619, 487.9963, 836.2903, 291.3909, 301.722, 91.18534, 612.9564, 100.3575, 1763.19, 225.3617, 460.6823, 435.578, 3017.078, 1031.259
185.1, 311.6585, 502.1601, 138.5859, 698.1191, 81.04311, 303.581, 1408.627, 1111.112, 605.08, 837.6655, 275.1453, 330.3871, 87.43736, 761.3302, 95.95338, 1910.638, 243.759, 437.7466, 423.0078, 2888.72, 1005.353
185.2, 297.0179, 525.4161, 130.7595, 668.2352, 75.80001, 287.5351, 1343.007, 1059.154, 603.3832, 795.5346, 259.8055, 312.7901, 83.84342, 780.0046, 91.7425, 1853.322, 257.0338, 415.9528, 513.1725, 2780.614, 959.3079
185.3, 283.0651, 498.1494, 123.375, 665.9727, 70.89612, 273.7682, 1280.444, 1009.626, 569.799, 755.5227, 312.29, 296.1304, 80.39721, 872.8107, 87.71642, 1877.442, 245.7562, 419.0029, 489.1794, 2799.831, 915.3715
185.4, 269.7677, 472.2978, 133.7761, 719.4633, 66.30948, 259.2981, 1220.795, 1111.773, 538.084, 751.5072, 294.8793, 280.358, 77.09264, 833.5419, 83.86701, 1823.202, 378.3203, 398.1422, 521.1453, 2942.062, 989.7695
185.5, 257.095, 447.7877, 126.9095, 688.6656, 62.01958, 245.5928, 1272.813, 1059.784, 543.4132, 726.8783, 278.4392, 284.0212, 73.92391, 916.5602, 80.18654, 1760.049, 361.7212, 378.3201, 496.7794, 2816.896, 973.6387
185.6, 263.329, 424.5495, 119.7425, 698.4473, 58.00721, 271.1494, 1325.027, 1058.646, 513.1669, 829.6896, 413.7578, 268.8938, 70.88542, 875.3231, 76.66758, 1681.314, 345.8504, 359.4849, 475.3156, 2697.054, 981.5352
185.7, 403.2771, 428.5589, 179.0824, 668.5493, 54.25442, 256.8177, 1355.526, 1038.157, 498.9191, 787.9598, 390.69, 254.572, 67.97182, 843.8828, 73.30305, 1665.201, 330.6759, 377.0966, 453.0924, 2705.432, 936.5807
185.8, 384.3326, 417.6268, 183.1412, 765.1026, 50.74442, 309.7497, 1492.592, 1082.981, 579.9401, 748.3289, 368.9083, 241.0131, 65.17799, 816.2759, 70.08617, 1761.883, 316.1672, 439.2052, 431.9083, 2861.329, 893.6852
185.9, 366.2781, 395.9539, 172.7986, 732.3514, 47.4615, 293.3777, 1561.468, 1148.058, 547.6606, 710.6912, 348.341, 249.2771, 62.49898, 779.5507, 67.01046, 1683.066, 302.2951, 417.3387, 606.5173, 2917.623, 1071.397
186, 349.0717, 381.5941, 163.0401, 701.0021, 44.39097, 344.8424, 1658.987, 1094.372, 544.4945, 708.5331, 328.9204, 309.8019, 59.93008, 776.4305, 64.06973, 1664.671, 289.0317, 557.1468, 588.601, 2793.496, 1094.547
186.1, 332.6735, 421.5928, 153.8326, 689.6817, 41.51909, 340.45, 1861.898, 1136.351, 626.1237, 672.897, 310.5825, 293.3014, 57.46678, 741.498, 61.25806, 1641.703, 276.3502, 729.7401, 669.5579, 3084.202, 1044.417
186.2, 317.0457, 484.4252, 236.051, 660.1589, 38.833, 322.4554, 2033.073, 1303.641, 623.9108, 827.2894, 293.267, 277.6796, 55.10473, 708.1371, 58.56977, 1722.113, 264.2251, 709.0954, 833.687, 3155.064, 996.5822
186.3, 302.152, 459.2857, 222.7204, 631.9, 36.32069, 411.3008, 1938.364, 1252.229, 589.1839, 785.6803, 276.9168, 262.8899, 52.83976, 726.4948, 55.99946, 1645.075, 252.632, 673.7921, 794.7083, 3028.229, 1033.871
186.4, 287.958, 466.8242, 210.1426, 637.5671, 33.97092, 389.5614, 1964.397, 1193.672, 905.2708, 946.5039, 404.6774, 248.888, 50.66789, 810.9624, 128.3568, 1614.159, 334.361, 949.1229, 799.1724, 2921.727, 986.5192
186.5, 274.4308, 461.7493, 198.2751, 610.2752, 31.77317, 368.9709, 1872.887, 1208.756, 857.4333, 898.8989, 394.7058, 235.6318, 48.58529, 774.4763, 209.0894, 1747.85, 319.6907, 901.8694, 761.8075, 2797.425, 941.3364
186.6, 261.5391, 437.7866, 193.5434, 584.1516, 29.7176, 349.4688, 1785.64, 1378.26, 1053.192, 853.6882, 372.7002, 223.0816, 46.58829, 739.6317, 199.9136, 1869.854, 305.664, 856.9686, 726.1895, 2794.248, 1048.699
186.7, 249.2529, 520.3531, 182.6133, 559.1462, 27.79501, 391.9971, 1814.687, 1322.668, 994.5713, 810.7513, 492.8514, 269.4709, 44.67338, 706.3549, 191.1405, 1929.662, 292.2527, 814.3032, 692.2369, 2897.188, 1000.669
186.8, 237.5439, 493.3491, 172.3005, 535.2112, 25.99681, 371.2779, 1746.536, 1260.817, 967.7824, 769.9741, 465.3741, 255.1184, 42.83717, 674.5751, 182.7523, 2002.026, 279.4299, 865.8173, 659.8716, 2887.333, 988.3347
186.9, 226.3849, 513.4496, 162.5701, 512.3008, 74.23947, 351.6539, 1695.677, 1201.859, 913.9157, 731.2477, 493.2127, 338.4856, 41.07644, 644.2252, 174.7323, 1929.905, 267.1697, 822.7113, 629.0197, 2764.495, 1032.372
187, 215.7502, 486.8039, 153.3892, 512.4885, 108.3371, 333.0671, 1616.686, 1177.62, 863.0472, 694.4692, 465.7152, 320.4573, 39.38807, 791.515, 167.0643, 1843.572, 255.4474, 804.4829, 687.2142, 2646.883, 985.0893
187.1, 205.615, 461.541, 144.7268, 543.1318, 153.1066, 315.4627, 1662.152, 1276.097, 815.01, 659.5404, 464.6454, 376.0036, 37.76911, 921.4223, 182.8033, 1899.509, 244.2394, 824.4916, 659.2534, 2677.339, 939.972
187.2, 195.956, 446.1106, 144.3572, 519.8824, 143.2013, 424.7176, 1653.498, 1314.508, 1136.535, 626.3684, 467.6985, 423.5174, 36.21669, 924.1696, 174.7811, 2107.935, 233.5232, 857.0257, 730.0171, 2809.738, 1071.797
187.3, 186.7507, 637.803, 148.0794, 607.1262, 133.9369, 656.1116, 1699.01, 1444.195, 1073.276, 870.7113, 441.6235, 400.9602, 34.72807, 882.5901, 167.1109, 2194.683, 361.5293, 814.3574, 695.8855, 2844.051, 1057.578
187.4, 227.9614, 625.9449, 197.1904, 581.1374, 192.2909, 847.4122, 1660.398, 1376.661, 1013.537, 921.6982, 438.2332, 379.6044, 33.30065, 842.8814, 213.7276, 2417.706, 345.6669, 898.2294, 741.0677, 2873.059, 1009.141
187.5, 217.2526, 593.4612, 186.0544, 556.261, 179.8506, 802.6219, 1605.954, 1312.286, 1055.079, 875.3408, 501.5364, 359.386, 31.93189, 829.2188, 204.3482, 2361.689, 330.5005, 992.9656, 706.4194, 2841.896, 962.9218
187.6, 207.0469, 562.6633, 175.5473, 532.4496, 168.2151, 760.1991, 1586.474, 1250.92, 996.353, 831.3149, 473.5749, 340.2445, 30.6194, 791.9113, 195.3805, 2318.837, 315.9995, 1117.461, 673.3911, 2754.615, 1128.553
187.7, 197.3206, 533.4637, 165.8871, 509.6574, 157.3324, 763.929, 1579.866, 1192.425, 940.896, 789.5034, 480.2058, 322.1225, 29.36085, 756.2823, 186.8063, 2284.796, 302.1348, 1061.826, 641.907, 2710.959, 1115.525
187.8, 188.0511, 505.7794, 156.5188, 487.8408, 147.1538, 898.8945, 1506.269, 1136.664, 888.5258, 749.7948, 497.7237, 304.9657, 28.15403, 722.2563, 178.6084, 2194.463, 288.8784, 1008.962, 710.7363, 2803.474, 1064.434
187.9, 227.9506, 544.4074, 228.2029, 466.9582, 224.238, 851.3831, 1436.101, 1083.511, 839.0704, 712.0834, 469.9747, 311.7517, 26.99682, 689.7612, 170.7702, 2141.174, 318.6937, 1065.235, 711.8623, 2744.465, 1015.683
188, 217.2423, 535.5878, 215.3155, 493.5002, 209.7309, 854.4027, 1409.321, 1115.365, 946.6019, 676.2687, 443.7727, 318.7815, 25.88717, 658.728, 163.276, 2062.458, 371.4506, 1012.201, 679.5462, 2627.705, 969.1643
188.1, 302.4556, 507.7933, 225.0737, 587.0929, 196.1623, 809.2429, 1654.425, 1388.725, 933.4485, 845.7938, 478.4794, 301.8026, 24.82313, 629.0911, 156.1107, 2620.809, 355.1529, 1134.711, 647.7744, 3092.944, 1154.529
188.2, 325.5582, 481.4411, 212.363, 574.1968, 183.4716, 766.4701, 1577.355, 1323.785, 1257.526, 803.2541, 523.5597, 285.7281, 41.83876, 888.5396, 149.2598, 3431.889, 339.5703, 1136.355, 617.488, 3079.983, 1137.786
188.3, 310.2646, 456.4565, 200.3701, 583.9186, 171.6018, 725.958, 1646.527, 1359.188, 1360.174, 1018.257, 535.5656, 270.5097, 40.11907, 863.5278, 142.7096, 3451.19, 324.6714, 1229.672, 592.2864, 2948.949, 1114.95
188.4, 295.6895, 432.7685, 226.9761, 558.9232, 160.5, 687.5872, 1644.324, 1295.63, 1410.209, 1341.289, 722.3566, 261.5475, 91.35038, 824.6768, 153.2575, 3481.522, 310.4261, 1168.451, 564.5943, 2823.489, 1232.541
188.5, 281.7991, 410.3098, 214.1579, 534.9977, 150.1165, 651.2446, 1567.725, 1277.491, 1895.339, 1273.828, 682.0839, 247.617, 87.59561, 787.5736, 182.8088, 3493.969, 404.2742, 1110.278, 538.197, 2703.367, 1238.21
188.6, 268.5612, 389.0166, 202.0637, 512.0964, 140.4046, 616.8228, 1610.406, 1217.753, 1830.467, 1287.32, 644.0565, 234.4285, 121.1029, 752.1398, 383.0267, 3469.419, 386.5363, 1055.001, 513.0338, 2837.988, 1230.898
188.7, 255.9452, 368.8284, 190.6524, 490.1754, 131.3211, 584.2204, 1564.499, 1167.018, 1728.584, 1230.687, 608.1492, 221.9425, 116.1252, 718.3002, 366.2177, 3424.163, 369.5768, 1002.476, 489.0471, 2741.974, 1174.522
188.8, 392.5912, 402.7182, 179.8856, 469.1928, 122.8253, 553.3412, 1491.618, 1216.965, 1814.886, 1196.067, 574.2438, 210.1214, 111.3521, 685.983, 350.1464, 3270.985, 353.3613, 952.5666, 466.182, 2668.357, 1120.729
188.9, 374.1487, 381.819, 169.7269, 449.1084, 114.8791, 524.0941, 1506.886, 1223.245, 1713.87, 1135.91, 542.2287, 198.93, 106.7752, 655.1199, 334.7804, 3137.646, 337.8573, 905.1417, 444.3859, 2582.492, 1200.627
189, 356.5726, 405.6708, 160.1418, 512.71, 107.447, 605.4082, 1436.689, 1166.043, 1618.476, 1078.779, 511.9985, 188.3347, 102.3864, 625.6453, 320.0887, 3235.848, 323.0335, 860.0779, 423.6088, 2472.623, 1191.948
189.1, 376.4423, 426.6592, 151.098, 490.7627, 100.4957, 573.4091, 1369.761, 1111.516, 1528.391, 1024.521, 483.4536, 178.3036, 98.17805, 597.4968, 306.0417, 3156.913, 308.8601, 817.2576, 403.8032, 2367.428, 1151.88
189.2, 358.7584, 404.5175, 142.565, 469.755, 93.99408, 543.1014, 1305.952, 1096.769, 1443.321, 1007.677, 456.5002, 168.8069, 94.14264, 579.7565, 292.6111, 3087.13, 295.3087, 776.5693, 384.9235, 2445.417, 1099.124
189.3, 387.7053, 429.7628, 134.5138, 449.6465, 87.91312, 520.7231, 1245.115, 1045.482, 1373.843, 1103.687, 431.0495, 192.6244, 90.2731, 553.6725, 408.046, 2977.537, 282.3517, 737.9067, 366.9266, 2341.379, 1207.162
189.4, 369.4923, 407.4601, 126.9174, 430.3988, 82.22556, 603.0708, 1332.362, 996.593, 1327.317, 1094.297, 489.1712, 182.3649, 86.56261, 528.7622, 390.139, 2993.404, 373.0963, 701.1689, 466.2919, 2253.993, 1311.353
189.5, 519.2523, 386.3148, 157.5067, 411.975, 76.90597, 571.1953, 1290.067, 1039.484, 1302.362, 1039.259, 495.8868, 172.6518, 83.00464, 504.9726, 373.0179, 2942.001, 356.7264, 666.2603, 444.4906, 2444.629, 1387.113
189.6, 516.4214, 408.0157, 148.6117, 394.3398, 76.48855, 541.0045, 1331.478, 990.8756, 1348.505, 986.9886, 468.2403, 197.0369, 79.5929, 482.2533, 356.6482, 2943.073, 456.4686, 633.0895, 423.7086, 2405.513, 1348.928
189.7, 728.404, 386.8416, 170.0066, 377.4596, 71.54011, 534.2, 1269.452, 944.5401, 1375.432, 1081.916, 442.135, 186.5424, 81.93195, 597.1443, 340.9968, 3054.057, 473.5973, 601.5703, 403.8983, 2547.882, 1287.146
189.8, 703.4025, 366.7663, 160.4057, 361.3019, 66.9118, 505.9646, 1246.577, 933.0257, 1495.841, 1027.5, 546.7588, 176.6068, 164.6748, 575.275, 502.5717, 3118.585, 452.8178, 571.6202, 385.0143, 2474.848, 1506.479
189.9, 690.4414, 347.7328, 151.347, 345.8359, 62.58293, 519.9671, 1236.728, 889.3954, 1476.014, 1318.51, 641.8544, 167.2005, 157.9061, 674.3812, 480.5165, 3231.836, 432.95, 543.1613, 367.0131, 2369.558, 1437.482
190, 720.7499, 329.687, 142.7999, 447.424, 58.53412, 526.0107, 1317.853, 887.0103, 1810.441, 1252.195, 690.4619, 158.2951, 151.4157, 644.04, 459.4292, 3724.135, 413.954, 516.1192, 349.8536, 2268.748, 1584.606
190.1, 751.3293, 403.2091, 134.7355, 428.2715, 54.74724, 498.2083, 1256.462, 868.9114, 1839.277, 1288.09, 651.9674, 149.864, 145.1921, 615.0639, 464.2664, 3801.143, 568.896, 490.4235, 333.4963, 2259.673, 1512.031
190.2, 716.0346, 382.2844, 127.1265, 472.8977, 51.20536, 471.8753, 1293.97, 828.2792, 1736.903, 1223.305, 615.6191, 141.882, 139.2243, 587.3915, 443.8922, 3797.385, 543.9352, 466.007, 317.9039, 2163.537, 1587.11
190.3, 682.3979, 367.2215, 119.9473, 506.4783, 47.89262, 621.1888, 1244.931, 815.3692, 1640.227, 1161.778, 692.2583, 134.3251, 133.5018, 560.9641, 424.4122, 3747.84, 520.0696, 442.8062, 303.0404, 2107.11, 1656.297
190.4, 665.3102, 348.1644, 113.1734, 484.7978, 44.7942, 588.3556, 1217.088, 792.1163, 1610.188, 1103.346, 653.6636, 127.1707, 128.0144, 535.7256, 405.787, 3718.534, 497.2512, 420.7604, 288.8719, 2250.991, 1677.447
190.5, 634.0563, 361.0894, 106.7821, 464.0454, 41.89623, 557.2578, 1160.391, 755.0752, 1798.536, 1047.852, 617.2207, 120.3974, 122.7527, 511.6227, 387.9792, 3588.796, 475.4339, 399.8123, 275.3658, 2155.225, 1600.62
190.6, 604.2706, 342.3505, 100.7518, 482.8043, 39.18575, 527.8038, 1106.335, 850.0339, 1698.43, 995.1497, 582.8095, 136.4631, 117.7072, 488.6042, 370.9529, 3573.12, 454.5738, 379.907, 262.4912, 2180.433, 1717.603
190.7, 575.8842, 324.5841, 95.06197, 484.7683, 36.65062, 499.9065, 1054.797, 810.2844, 1603.895, 945.098, 550.3168, 129.1948, 112.8691, 466.6214, 354.6737, 3552.625, 434.629, 447.087, 250.2186, 2087.669, 1638.937
190.8, 548.8312, 353.3878, 89.69348, 464.0172, 34.2795, 473.4838, 1005.66, 772.3937, 1590.381, 897.5637, 688.1629, 122.3137, 108.2298, 483.8988, 339.109, 3420.844, 415.5593, 424.8281, 238.5197, 1998.851, 1563.873
190.9, 523.0491, 335.0486, 84.62817, 444.1543, 32.06178, 448.4576, 1077.52, 736.2749, 1506.679, 992.4269, 649.7966, 115.7991, 103.7812, 462.1276, 324.2273, 3390.994, 397.3263, 417.9048, 227.3678, 2214.132, 1602.964
191, 508.7529, 359.1779, 79.84892, 425.1417, 29.98754, 424.7542, 1064.133, 701.8451, 1634.269, 1113.345, 613.5692, 109.6314, 99.51553, 459.5679, 396.4127, 3383.762, 379.8933, 512.3038, 216.7374, 2164.713, 1912.547
191.1, 523.4714, 340.5382, 78.15516, 434.2765, 28.04749, 735.4785, 1014.561, 669.0253, 1669.833, 1169.673, 579.3616, 103.7923, 95.42515, 557.2716, 379.0162, 3322.891, 363.2252, 486.798, 206.6039, 2200.203, 1859.327
191.2, 498.8806, 322.8658, 73.74146, 507.3333, 26.23295, 1004.641, 967.298, 637.7402, 1648.861, 1110.844, 547.0612, 98.26411, 91.50289, 532.1993, 362.3832, 3238.064, 347.2884, 462.562, 196.9442, 2307.358, 1879.363
191.3, 488.5041, 306.1106, 407.6985, 661.4296, 24.53581, 1076.778, 922.2371, 607.918, 1637.165, 1067.827, 516.5615, 93.0304, 123.9402, 515.3396, 346.4802, 3342.834, 332.0508, 533.6986, 187.7362, 2209.194, 1793.288
191.4, 465.5559, 290.2248, 525.5233, 633.1163, 22.94846, 1025.759, 879.2753, 579.4905, 1546.04, 1014.12, 487.7623, 88.07544, 118.8459, 553.2307, 331.275, 3278.605, 317.4818, 757.4473, 178.9587, 2268.727, 1711.155
191.5, 443.6858, 275.1635, 495.8452, 606.0149, 21.4638, 1023.457, 899.1941, 552.3923, 1571.358, 963.114, 460.5687, 117.9604, 113.961, 606.3385, 316.7372, 3212.349, 303.5521, 719.7367, 170.5916, 2341.862, 1789.7
191.6, 422.843, 264.3672, 467.8431, 617.067, 20.0752, 971.3287, 857.3058, 526.5612, 1483.896, 914.6735, 434.8911, 111.6776, 109.2769, 690.5328, 302.8372, 3073.485, 290.2335, 683.9036, 162.6156, 2242.23, 1723.487
191.7, 402.9794, 261.7541, 441.4223, 590.6526, 18.77643, 923.9412, 817.3688, 501.9381, 1401.302, 1146.354, 410.6452, 105.7295, 104.7853, 659.4649, 289.5473, 3059.678, 277.4992, 649.8544, 155.0126, 2363.83, 1644.551
191.8, 384.0489, 248.1702, 418.9451, 565.3689, 17.56168, 875.106, 779.2922, 478.4664, 1323.306, 1088.697, 387.751, 100.0982, 100.4783, 635.9026, 276.8407, 3044.438, 265.3237, 617.5005, 147.7651, 2343.096, 1661.105
191.9, 366.0077, 235.2913, 395.2858, 541.1675, 16.42553, 828.8519, 742.9894, 456.0923, 1249.651, 1033.94, 366.1331, 94.76677, 96.34835, 638.4594, 264.6916, 3035.469, 253.6824, 605.3148, 140.8564, 2338.641, 1585.026
192, 348.8139, 223.0808, 372.9626, 619.7546, 15.36287, 785.0427, 708.3778, 487.2643, 1180.095, 1118.832, 345.7206, 89.71933, 92.38815, 609.7343, 253.0757, 2899.678, 242.5519, 730.7759, 134.2707, 2260.161, 1578.288
192.1, 332.4279, 219.6127, 351.9001, 593.2252, 14.36897, 743.549, 675.3785, 486.7789, 1114.411, 1210.007, 326.446, 84.94073, 88.59073, 582.3017, 241.9696, 2865.596, 231.9097, 694.3931, 127.9929, 2212.577, 1506.002
192.2, 316.8116, 208.2158, 332.0271, 651.9595, 13.43937, 704.2484, 643.9165, 464.016, 1115.999, 1244.952, 308.2461, 80.41664, 84.94939, 556.1033, 231.3508, 2777.393, 221.7345, 659.8218, 122.0087, 2118.446, 1584.556
192.3, 301.929, 197.4103, 313.2764, 624.0515, 12.56991, 1007.327, 613.9201, 442.3176, 1053.883, 1182.337, 291.0608, 76.13351, 81.45772, 531.0836, 221.1981, 2783.692, 212.0057, 626.9716, 116.3042, 2028.319, 1511.983
192.4, 287.7455, 187.1656, 295.5846, 746.9515, 11.75669, 954.0844, 714.3704, 458.3564, 1020.666, 1122.87, 274.8336, 72.07851, 78.10957, 507.1895, 211.4909, 2804.907, 202.7038, 691.3351, 110.8665, 2198.838, 1442.734
192.5, 274.2282, 177.4526, 278.8919, 731.3787, 10.99609, 990.9396, 681.092, 477.863, 1016.342, 1066.395, 259.5112, 68.23949, 74.89903, 484.3705, 202.2097, 2769.119, 193.81, 830.0897, 105.683, 2205.953, 1376.656
192.6, 338.401, 168.2436, 263.1419, 765.9478, 10.2847, 1212.31, 708.5074, 455.5171, 959.7726, 1012.76, 354.0569, 64.60493, 71.82047, 462.5781, 267.9047, 2740.606, 185.3064, 788.7625, 100.7418, 2112.103, 1386.86
192.7, 428.7537, 190.7332, 248.2813, 904.0738, 9.619328, 1369.855, 675.5021, 434.2161, 906.3517, 961.8223, 334.3176, 61.16397, 68.86843, 441.7662, 270.9442, 2751.899, 177.176, 749.4928, 156.443, 2138.785, 1602.994
192.8, 408.6124, 200.3993, 234.26, 865.3737, 8.997004, 1347.925, 644.0343, 413.9112, 1277.825, 913.4468, 315.6788, 57.90627, 66.03773, 421.8906, 259.0539, 2939.694, 169.4022, 712.1782, 149.1286, 2088.099, 1529.576
192.9, 468.8904, 189.9995, 221.0305, 828.3303, 8.414941, 1333.757, 656.6304, 394.5558, 1206.701, 867.5045, 298.0791, 54.82208, 77.1405, 402.9093, 247.6854, 3008.411, 161.9696, 676.7214, 142.1561, 1999.263, 1599.011
193, 448.4062, 180.1393, 208.5482, 821.6627, 7.870535, 1263.261, 626.0417, 376.1056, 1139.536, 823.8727, 281.4607, 51.90216, 73.9698, 384.782, 316.0269, 2873.831, 154.863, 643.0298, 135.5097, 2015.046, 1581.456
193.1, 461.063, 170.7909, 196.7707, 799.981, 7.361349, 1203.423, 596.878, 358.518, 1314.251, 782.4355, 265.7687, 49.13777, 70.92943, 367.4702, 302.1582, 2832.191, 148.0683, 611.0157, 129.174, 2033.017, 1590.648
193.2, 439.4039, 161.9277, 185.6584, 820.6387, 6.885105, 1139.816, 659.5985, 341.753, 1241.1, 743.0825, 250.9516, 46.52061, 68.01402, 350.9373, 350.9268, 2870.754, 141.5717, 580.5954, 123.1345, 1946.525, 1725.248
193.3, 418.7623, 153.5244, 175.1736, 785.5102, 6.439672, 1079.571, 628.8716, 325.7719, 1186.249, 855.364, 236.9606, 44.04284, 68.42346, 335.1482, 347.1143, 2797.146, 135.3601, 621.3414, 117.3774, 2029.398, 1646.232
193.4, 399.0904, 145.5572, 165.281, 751.8854, 6.023056, 1206.704, 599.576, 310.5381, 1120.222, 812.3429, 223.7496, 41.69704, 104.1708, 320.0695, 331.8813, 2770.738, 129.4211, 590.407, 111.8895, 2092.431, 1570.834
193.5, 410.0732, 267.1082, 155.947, 743.9515, 5.633393, 1142.923, 571.6452, 296.0166, 1057.871, 793.197, 257.2954, 39.47619, 201.2708, 389.2659, 317.3169, 2804.744, 123.7426, 561.0128, 106.6582, 2003.411, 1661.7
193.6, 390.8094, 277.3232, 157.7408, 859.1896, 5.26894, 1197.496, 601.5701, 282.1743, 1123.078, 1047.825, 242.9507, 37.37362, 192.998, 378.1562, 303.3915, 2789.617, 118.3133, 533.0819, 101.6714, 2022.504, 1726.898
193.7, 495.61, 262.9314, 356.6408, 852.7883, 4.928065, 1144.339, 573.5464, 268.9792, 1060.567, 1125.072, 229.4058, 35.38304, 185.0652, 361.1425, 290.0773, 3091.153, 113.1222, 565.7675, 96.91781, 1936.458, 1903.715
193.8, 472.328, 249.2865, 336.5, 816.2836, 4.609243, 1083.854, 595.6547, 256.4011, 1169.254, 1068.486, 216.616, 33.49848, 177.4585, 357.6031, 277.3474, 3092.709, 311.8091, 599.7285, 117.5555, 1977.816, 2129.348
193.9, 470.1591, 236.3497, 317.4967, 826.3769, 4.311047, 1026.567, 567.9065, 244.4113, 1104.174, 1014.746, 303.8235, 31.71429, 170.1644, 341.5142, 265.1761, 3304.961, 298.1282, 703.6323, 112.0592, 1929.434, 2144.209
194, 448.0728, 273.896, 299.5666, 848.6854, 4.032143, 1143.841, 577.7746, 232.9821, 1044.394, 963.7086, 298.0126, 30.02514, 164.8072, 431.6467, 253.5389, 3304.404, 285.0475, 668.601, 141.1931, 1847.348, 2247.679
194.1, 427.024, 259.682, 282.649, 812.3563, 3.771283, 1119.448, 639.0746, 222.0873, 986.2629, 997.0632, 281.3979, 28.42595, 158.0332, 412.2264, 242.4124, 3299.129, 272.5409, 635.3137, 191.9106, 1805.082, 2144.735
194.2, 470.2764, 317.719, 266.6868, 777.5823, 3.527299, 1060.279, 609.3038, 211.702, 1005.926, 946.9153, 265.7094, 26.91193, 151.5375, 419.9779, 231.7742, 3183.239, 260.5829, 702.4301, 182.9379, 1919.343, 2290.275
194.3, 474.7243, 341.1218, 251.6261, 790.4189, 3.2991, 1004.238, 600.436, 201.8024, 949.9363, 1088.025, 337.1082, 25.47856, 145.3089, 401.0826, 221.6029, 3057.449, 249.1496, 667.4586, 174.3847, 1837.687, 2185.38
194.4, 452.4235, 357.7461, 243.9624, 756.584, 3.085664, 960.804, 650.0749, 192.3657, 1068.455, 1033.302, 623.1679, 24.12153, 139.3363, 485.8228, 211.878, 3057.529, 238.218, 778.1915, 166.2314, 1759.504, 2162.476
194.5, 431.1703, 339.1807, 230.185, 766.834, 2.886036, 910.0204, 701.7017, 183.3702, 1008.985, 981.3318, 588.4252, 22.83677, 182.3688, 463.9651, 202.5798, 3038.988, 227.766, 777.9414, 158.4594, 1800.951, 2222.669
194.6, 410.9154, 355.9201, 217.1857, 734.0087, 2.699324, 871.8782, 738.0995, 174.7954, 952.825, 931.9751, 658.7126, 21.62045, 274.5135, 462.2419, 193.6896, 3074.926, 217.7726, 739.2104, 151.0507, 1877.92, 2120.871
194.7, 416.4179, 337.4495, 242.7026, 832.1487, 20.11897, 858.286, 1261.792, 166.6216, 1005.504, 885.1008, 621.9882, 20.4689, 263.2302, 466.6472, 185.1896, 3061.332, 402.8174, 777.4458, 143.9884, 2497.394, 2054.999
194.8, 426.6575, 319.9374, 228.9963, 881.1127, 18.85942, 812.921, 1536.119, 266.6273, 957.4627, 840.5841, 587.3113, 19.3787, 263.2503, 477.514, 177.0627, 3094.725, 436.0633, 738.7396, 137.2562, 2922.893, 2056.519
194.9, 406.6147, 413.083, 216.0641, 1157.365, 192.6755, 915.7657, 1767.184, 339.7237, 904.1704, 798.3064, 554.5676, 18.34655, 252.4299, 577.9763, 169.2923, 3052.412, 594.1682, 701.9603, 130.8389, 3427.071, 1962.33
195, 451.2811, 391.6458, 203.8622, 1229.097, 193.1052, 873.6815, 2215.519, 358.5029, 853.8444, 758.155, 523.6495, 17.36938, 265.9721, 693.3729, 161.863, 3128.794, 689.7867, 728.0649, 124.7216, 3864.9, 2165.521
195.1, 474.6323, 371.3212, 192.3494, 1345.883, 180.6122, 827.5027, 2567.269, 341.7385, 806.3194, 720.0231, 494.4551, 16.44426, 273.1436, 830.4125, 154.7597, 3125.261, 686.7444, 691.8172, 118.8903, 4471.911, 2142.008
195.2, 452.3358, 352.0513, 181.4868, 1345.074, 168.9275, 783.7647, 2682.645, 432.2817, 761.4397, 683.8091, 466.8883, 15.56841, 268.0261, 793.0513, 147.9681, 3209.227, 685.0648, 657.3741, 113.3316, 4659.819, 2043.904
195.3, 431.0867, 1017.448, 171.2376, 1388.852, 157.9987, 742.3386, 2590.742, 412.0673, 719.058, 649.4164, 440.8584, 14.73921, 295.195, 757.371, 141.4746, 3158.539, 865.9274, 624.6458, 108.0328, 4557.573, 1950.292
195.4, 410.8358, 1597.41, 161.5672, 1329.4, 147.7769, 703.102, 2470.054, 420.6784, 679.0353, 616.7536, 416.2798, 13.95418, 283.0616, 767.4891, 135.266, 3033.919, 906.5337, 593.5469, 102.9818, 4363.676, 1860.969
195.5, 391.5362, 1961.12, 152.4429, 1305.514, 138.2165, 671.8209, 2354.989, 401.0066, 641.2402, 585.7336, 393.0714, 13.21095, 271.4269, 796.6961, 129.3299, 2919.703, 866.7588, 563.9963, 98.16695, 4238.09, 1859.261
195.6, 405.3375, 2223.171, 143.8339, 1288.977, 129.2746, 636.3116, 2245.283, 382.2546, 605.5488, 556.2737, 371.157, 12.50732, 260.2705, 760.8519, 123.6543, 2873.627, 828.7291, 600.7231, 93.5772, 4364.159, 1774.107
195.7, 386.2962, 2186.602, 135.7111, 1233.801, 120.9111, 602.6791, 2176.005, 364.3796, 571.844, 528.2956, 350.4644, 11.84116, 249.5726, 726.6203, 118.2278, 2854.051, 792.3679, 570.8152, 89.20204, 4233.078, 1692.853
195.8, 368.1494, 2534.673, 128.0471, 1180.986, 113.0887, 570.8243, 2088.196, 347.3404, 540.0152, 501.7246, 330.9253, 11.21047, 239.3145, 693.9288, 113.0394, 2764.927, 757.6021, 542.3963, 85.03144, 4052.986, 1673.664
195.9, 350.8551, 2526.561, 120.8158, 1219.155, 105.7724, 540.6531, 1990.918, 331.098, 509.958, 476.4901, 312.4756, 10.61339, 229.4779, 662.7082, 108.0787, 2709.477, 724.3617, 515.3923, 81.05583, 3880.556, 1627.149
196, 363.401, 2641.713, 113.9929, 1177.837, 98.92948, 512.0767, 1975.804, 315.6151, 481.5737, 452.5247, 295.0546, 10.0481, 220.0457, 632.8922, 103.3357, 2602.784, 760.108, 489.7328, 77.26611, 4156.208, 1683.632
196.1, 356.5266, 2504.62, 107.5553, 1212.34, 94.93819, 485.0107, 1883.762, 300.8563, 473.719, 429.7647, 278.6047, 9.51292, 211.0012, 604.4177, 98.80089, 2726.757, 726.7577, 601.9886, 73.65356, 3979.387, 1606.521
196.2, 339.7783, 2432.854, 161.6267, 1160.444, 88.79614, 459.3753, 1929.514, 286.7876, 483.9882, 408.1494, 263.072, 9.006247, 202.3284, 660.9492, 94.46505, 2620.014, 694.8706, 572.0177, 70.20992, 3826.731, 1615.229
196.3, 323.8167, 2565.856, 152.4991, 1110.77, 83.05146, 435.0948, 1839.629, 318.817, 513.3627, 387.6212, 248.4053, 8.526559, 215.5639, 682.0375, 90.31949, 2502.809, 664.3826, 543.5389, 66.92729, 3783.819, 1553.999
196.4, 352.7727, 2532.332, 153.5871, 1063.222, 102.0529, 412.0977, 1753.931, 303.9084, 484.7889, 368.1256, 234.5562, 100.7136, 206.7036, 651.3519, 86.35585, 2461.458, 635.2322, 609.9629, 63.79814, 3903.988, 1567.456
196.5, 378.4815, 2464.857, 144.9135, 1017.709, 148.41, 390.3161, 1672.225, 289.697, 457.8056, 349.6105, 221.4793, 95.34946, 198.2075, 622.0468, 82.56615, 2378.461, 607.3609, 579.595, 60.81528, 3972.861, 1530.688
196.6, 360.7018, 2422.841, 140.1297, 974.1448, 138.8085, 369.6858, 1678.471, 276.1501, 432.3242, 332.0266, 209.1314, 252.9761, 190.0606, 729.1888, 78.94277, 2391.161, 580.7125, 550.7391, 57.97189, 4004.699, 1507.385
196.7, 343.7573, 2297.107, 132.2161, 967.8831, 201.3102, 350.1459, 1677.188, 306.4693, 501.9892, 315.3271, 197.472, 239.5022, 182.2486, 696.3818, 75.47839, 2472.113, 613.9063, 523.3197, 55.26144, 3834.324, 1546.093
196.8, 327.6089, 2177.897, 124.7494, 926.4516, 188.2864, 361.5021, 1703.67, 292.1381, 474.0485, 299.4675, 186.4626, 291.5356, 181.7486, 665.0508, 72.16605, 2537.173, 586.9706, 497.2655, 52.67772, 3671.197, 1522.094
196.9, 312.219, 2078.976, 117.7044, 937.0939, 176.1052, 342.3947, 1624.306, 278.4771, 512.2774, 284.4056, 176.0669, 276.0079, 174.2782, 635.1295, 68.99907, 2613.106, 561.2169, 526.3531, 50.2148, 3572.18, 1452.382
197, 331.5111, 1983.846, 111.0572, 921.3409, 279.7161, 324.2973, 1627.542, 379.469, 483.7641, 270.1012, 166.2509, 261.3073, 167.1148, 737.0228, 65.97107, 2507.399, 536.593, 500.1478, 47.86703, 3769.843, 1505.531
197.1, 430.6657, 1880.893, 104.7854, 931.8129, 350.709, 321.1242, 1635.095, 361.7242, 468.062, 256.5163, 156.9821, 247.3896, 160.2459, 703.8633, 63.07595, 2458.693, 572.1231, 475.2473, 45.62903, 3609.459, 1674.213
197.2, 410.4346, 1814.263, 98.86779, 891.9254, 328.0198, 370.4276, 1627.551, 344.8092, 448.7583, 243.6146, 148.2301, 269.2887, 153.6593, 672.1957, 60.30789, 2348.705, 641.4618, 451.5864, 43.49566, 3670.676, 1815.359
197.3, 391.1539, 1807.669, 202.3744, 940.5936, 306.7985, 350.8485, 1605.903, 328.6852, 423.7804, 231.3619, 139.966, 254.9459, 260.7998, 718.4597, 57.6613, 2379.936, 613.3171, 429.1035, 41.46204, 3514.511, 1732.215
197.4, 388.9458, 1807.127, 259.5254, 900.3303, 403.3988, 332.3043, 1531.093, 313.3152, 559.1116, 219.7254, 132.1626, 250.113, 250.0802, 801.2972, 55.13085, 2440.906, 586.4073, 435.2236, 39.52351, 3590.423, 1652.88
197.5, 370.6745, 1713.345, 400.7636, 861.7904, 439.1518, 314.7402, 1488.22, 298.6639, 527.9915, 208.6741, 124.7943, 236.7916, 239.8011, 765.246, 52.71146, 2396.018, 560.6782, 413.5554, 37.6756, 3465.85, 1623.237
197.6, 353.2615, 1748.433, 409.6223, 847.3708, 465.8182, 298.1045, 1467.254, 284.6977, 498.6035, 198.1787, 117.8368, 224.1797, 229.9446, 730.8167, 50.39823, 2390.613, 536.078, 392.9659, 35.9141, 3367.353, 1628.767
197.7, 336.6666, 1702.312, 386.4895, 851.9796, 484.1368, 282.3481, 1483.808, 271.3846, 556.2264, 188.2112, 111.2672, 212.2395, 220.4932, 711.6924, 48.18652, 2283.67, 596.9677, 373.4015, 34.23495, 3349.41, 1554.169
197.8, 320.8512, 1613.969, 364.6631, 892.4207, 452.8155, 267.4244, 1414.686, 258.6941, 525.2669, 178.745, 105.0639, 275.1897, 211.4303, 699.9553, 46.07188, 2181.511, 570.7753, 414.8076, 32.63431, 3206.913, 1628.613
197.9, 313.4092, 1530.212, 344.0693, 854.2194, 423.5205, 253.2896, 1348.784, 246.597, 504.6265, 169.7549, 99.20635, 383.3052, 202.7399, 673.8445, 44.05003, 2302.423, 545.7321, 394.1558, 31.10851, 3312.174, 1554.023
198, 298.6864, 1450.801, 324.6385, 817.6534, 396.1208, 239.9019, 1320.378, 235.0656, 476.539, 161.217, 93.67542, 362.8897, 194.4066, 662.9625, 42.11691, 2268.284, 521.7876, 519.1848, 29.65405, 3466.392, 1482.848
198.1, 284.6552, 1375.511, 315.89, 782.6527, 370.4937, 227.2218, 1258.869, 224.0734, 450.0148, 153.1085, 88.45285, 636.2278, 186.416, 633.1351, 40.26862, 2166.813, 498.8937, 493.3365, 28.26758, 3363.777, 1414.934
198.2, 271.2831, 1304.128, 298.0506, 749.1502, 365.2205, 304.0367, 1200.226, 213.5953, 424.967, 364.3745, 83.52145, 700.9971, 178.7537, 604.6496, 38.50145, 2147.982, 477.0044, 468.775, 26.94595, 3220.669, 1382.728
198.3, 258.5392, 1236.45, 281.2186, 717.0818, 341.5925, 287.9667, 1144.314, 203.6071, 401.3134, 615.7955, 78.86497, 663.6608, 171.4064, 577.4457, 36.81183, 2081.43, 456.0754, 445.4363, 25.6861, 3108.711, 1374.37
198.4, 246.394, 1172.284, 265.3372, 686.3862, 319.4931, 272.7461, 1091.007, 194.086, 378.9763, 584.8237, 74.46811, 628.313, 164.3611, 551.4658, 35.19635, 2051.042, 436.0647, 553.3418, 24.48516, 3262.118, 1311.424
198.5, 234.8193, 1111.447, 250.3527, 746.2488, 298.8234, 258.33, 1134.634, 185.0101, 357.8825, 555.4096, 70.31638, 594.848, 157.6054, 526.6547, 33.65178, 2002.003, 416.932, 618.7484, 23.34037, 3228.276, 1372.716
198.6, 223.7883, 1053.768, 236.2144, 714.3047, 279.491, 244.6759, 1081.778, 176.3586, 337.9628, 527.4749, 66.39611, 684.2468, 151.1273, 502.9599, 32.17498, 2055.952, 398.6388, 621.3373, 22.2491, 3340.297, 1309.845
198.7, 213.2756, 999.0825, 222.8746, 683.7279, 268.1607, 242.3066, 1127.419, 168.1117, 397.7029, 500.9452, 62.69441, 721.1299, 144.9156, 480.3312, 30.76299, 1963.98, 381.1482, 620.4774, 21.20885, 3303.665, 1249.854
198.8, 272.6294, 947.2347, 210.2881, 708.7291, 250.812, 340.8168, 1074.899, 160.2505, 383.5572, 475.7498, 59.19908, 682.7213, 138.9591, 467.0932, 29.41297, 1985.224, 364.425, 696.9167, 20.21724, 3294.317, 1192.611
198.9, 259.8223, 898.0775, 198.4124, 779.5665, 247.7834, 322.8028, 1068.831, 152.7568, 362.2084, 451.8217, 55.89862, 686.8707, 133.2475, 543.5818, 28.12219, 1896.416, 348.4356, 662.2197, 19.27199, 3168.894, 1346.357
199, 290.9929, 851.4714, 187.2073, 746.1961, 315.8955, 344.1539, 1019.04, 145.6136, 342.0479, 429.097, 52.78218, 997.3701, 127.7706, 519.1254, 60.86132, 1894.765, 333.1477, 638.0721, 18.37094, 3114.748, 1320.987
199.1, 322.3504, 807.2839, 176.6351, 714.2542, 382.2473, 342.3659, 998.7051, 138.8044, 323.0096, 407.5153, 49.83947, 1032.885, 122.5189, 495.7694, 58.19045, 1982.587, 318.5305, 606.3048, 17.51202, 3293.275, 1302.512
199.2, 307.2076, 765.3895, 166.6599, 683.6796, 357.5178, 415.9814, 952.1812, 132.3136, 305.0309, 387.019, 47.06083, 1122.08, 117.483, 473.4641, 175.3959, 2208.743, 304.5547, 602.3329, 16.69325, 3153.166, 1445.417
199.3, 298.2888, 725.6693, 157.248, 707.126, 334.3881, 549.6075, 947.4308, 174.6664, 288.0529, 367.5537, 44.43711, 1091.198, 112.6541, 452.1624, 167.6987, 2201.481, 291.1922, 572.3449, 15.91277, 3200.216, 1447.406
199.4, 284.2762, 688.0104, 148.3677, 698.0841, 404.7711, 520.5579, 903.2953, 166.4986, 272.0198, 349.0673, 41.95966, 1033.079, 108.0237, 431.8192, 160.3393, 2120.243, 278.4159, 645.0858, 15.16877, 3064.066, 1381.115
199.5, 270.9219, 652.3058, 139.9888, 668.2017, 378.5844, 493.0436, 861.2159, 191.135, 256.8792, 331.5107, 39.62033, 978.0558, 103.5836, 440.0655, 153.3029, 2293.761, 266.2001, 677.0167, 14.45956, 3199.967, 1493.726
199.6, 308.0532, 618.4541, 132.0832, 639.5984, 375.1878, 466.9836, 821.0968, 182.1972, 242.5813, 314.8372, 37.41143, 925.9629, 99.32598, 420.2665, 146.5752, 2294.302, 254.5204, 643.3104, 13.78351, 3143.112, 1425.313
199.7, 293.5819, 586.3591, 124.624, 612.2195, 350.915, 442.301, 853.1476, 173.6772, 229.0793, 299.0023, 35.32568, 958.3132, 95.24339, 433.1544, 140.1428, 2191.668, 243.3531, 611.2823, 13.13907, 3201.788, 1378.688
199.8, 279.7905, 555.9297, 117.586, 586.0127, 340.6546, 418.923, 813.4044, 165.5557, 242.2297, 283.9637, 33.3562, 907.2719, 91.32861, 431.899, 133.9927, 2137.167, 232.6758, 580.8487, 12.52476, 3153.927, 1473.549
199.9, 266.647, 527.0795, 110.9455, 560.9277, 376.8551, 396.7807, 858.0825, 167.553, 262.2038, 269.6816, 31.49654, 858.949, 87.57473, 412.4673, 128.1125, 2292.684, 332.9189, 611.1472, 11.93917, 3027.17, 1415.206
200, 302.6036, 522.8098, 104.68, 621.5654, 401.2512, 430.6352, 818.1093, 159.7179, 247.6095, 256.1178, 29.74055, 826.9625, 83.97515, 432.8591, 122.4903, 2190.122, 343.463, 580.7203, 11.38096, 3032.628, 1478.894
200.1, 288.3884, 671.3575, 129.3644, 686.6072, 443.8192, 407.8738, 779.9982, 169.6955, 233.8276, 243.2362, 28.08246, 782.9171, 80.52352, 413.3843, 117.1149, 2209.958, 328.3932, 551.8083, 10.84885, 3189.547, 1449.731
200.2, 274.8409, 662.3233, 181.3932, 669.6033, 474.8198, 387.1393, 827.3699, 235.8203, 220.8127, 231.0025, 26.51681, 741.2176, 77.21377, 394.7856, 111.9753, 2222.398, 313.9847, 524.3358, 10.34162, 3053.851, 1462.389
200.3, 278.4777, 627.9517, 171.1493, 698.5368, 444.1012, 366.6769, 788.8275, 224.7928, 208.5223, 219.384, 25.03845, 701.7391, 74.04005, 377.0238, 107.0613, 2146.558, 300.2084, 573.4772, 9.858099, 3152.594, 1469.317
200.4, 284.9974, 595.3639, 161.4839, 668.635, 415.6668, 347.2961, 752.0804, 214.281, 196.916, 208.35, 23.64251, 664.3633, 70.99679, 474.3351, 102.363, 2303.771, 380.5292, 680.0106, 9.397188, 3234.036, 1543.677
200.5, 271.6093, 564.4672, 152.3643, 640.0132, 388.7751, 328.9396, 717.0453, 204.2607, 185.9557, 197.8709, 22.3244, 703.8256, 68.07861, 452.9942, 97.87083, 2272.829, 363.8332, 646.1553, 8.957827, 3307.337, 1472.976
200.6, 258.85, 637.7501, 218.776, 639.2968, 363.6233, 350.7115, 683.6422, 272.0374, 175.6054, 187.9189, 21.07977, 666.3387, 146.4824, 432.6135, 93.5758, 2183.083, 347.8697, 613.9855, 8.539007, 3211.101, 1475.863
200.7, 246.6902, 624.461, 377.6647, 611.9308, 340.0986, 411.9286, 740.1106, 310.862, 165.8312, 178.4673, 19.90454, 630.8483, 219.8216, 413.1497, 97.44969, 2172.842, 332.6066, 583.4173, 8.13977, 3074.488, 1588.434
200.8, 299.7471, 618.2734, 356.3366, 607.4764, 318.0959, 390.156, 705.6331, 296.3254, 156.601, 169.4912, 18.79482, 597.2483, 210.7863, 394.5616, 215.2939, 2159.057, 318.0132, 652.1575, 7.759198, 3010.026, 1515.683
200.9, 285.6661, 586.1878, 336.2131, 581.4725, 297.5166, 369.5341, 672.7617, 282.4686, 147.8846, 160.9665, 17.74698, 647.387, 202.1224, 376.8098, 205.8458, 2115.22, 304.0602, 619.6889, 7.39642, 2941.974, 1647.772
201, 272.2466, 555.7673, 317.226, 584.7168, 278.2687, 432.3009, 761.0236, 338.0536, 139.6534, 152.8706, 16.75755, 612.906, 193.8145, 359.8568, 196.8123, 2203.419, 290.7193, 689.1558, 7.050604, 3108.218, 1572.303
201.1, 259.4574, 526.9255, 302.8368, 559.6872, 260.2661, 496.4988, 725.5718, 322.2455, 131.8803, 145.1819, 15.82329, 580.2616, 185.8482, 343.6664, 188.1753, 2137.695, 277.9637, 698.1375, 6.720957, 3113.641, 1800.672
201.2, 247.269, 499.5805, 337.7138, 680.7166, 296.5891, 470.2562, 691.7716, 405.6166, 124.5398, 137.8799, 14.94111, 549.3559, 178.2093, 328.2044, 179.9173, 2101.192, 265.7678, 663.3797, 6.406722, 2981.175, 1766.203
201.3, 235.6532, 473.6545, 318.642, 651.5776, 393.5985, 445.4006, 697.4863, 461.322, 117.608, 130.9451, 14.10812, 520.0963, 170.8844, 313.4381, 172.0217, 2119.114, 254.107, 650.516, 6.107178, 2933.422, 1855.358
201.4, 224.5831, 456.8194, 300.6472, 623.686, 368.1346, 440.7676, 863.3718, 439.7496, 111.0619, 124.3592, 13.32157, 492.3951, 163.8605, 299.3362, 164.4726, 2103.515, 242.9579, 816.2399, 5.82164, 3208.555, 1846.575
201.5, 226.6345, 433.1125, 283.6685, 596.9883, 344.318, 417.4707, 823.1522, 419.1859, 104.8802, 118.1044, 12.57886, 466.1693, 157.1254, 285.8687, 157.2548, 2088.905, 232.2979, 775.6022, 5.549452, 3125.16, 1762.002
201.6, 215.988, 523.1995, 267.6488, 571.4334, 322.0423, 424.3609, 848.3491, 399.5839, 99.04258, 112.1643, 11.87757, 441.3403, 150.6671, 273.0072, 150.3537, 2063.141, 222.1057, 736.9877, 5.28999, 2992.204, 1681.302
201.7, 205.8417, 634.9395, 252.5337, 546.9725, 429.2781, 401.9312, 839.0146, 380.8985, 93.52988, 106.5229, 11.21537, 417.8337, 144.4742, 260.7243, 143.7555, 2039.632, 212.3606, 725.5289, 5.042659, 2925.186, 1680.609
201.8, 196.172, 603.003, 366.9138, 523.5586, 401.5059, 380.6869, 799.9297, 363.0869, 88.32401, 101.1653, 10.5901, 395.5792, 138.5359, 248.994, 137.4468, 1981.621, 203.0431, 689.4074, 4.806891, 2800.737, 1603.637
201.9, 198.2907, 623.352, 425.7131, 501.147, 375.5304, 360.5656, 762.6655, 346.1081, 83.4079, 96.07711, 9.99968, 374.51, 132.8417, 237.7915, 131.415, 1985.294, 194.1344, 691.6249, 4.582148, 3003.244, 1530.191
202, 216.5448, 607.2684, 414.6985, 535.6175, 351.2354, 341.5078, 755.1431, 329.9234, 78.76542, 91.24485, 9.44218, 354.5629, 127.3815, 227.093, 148.4857, 1927.336, 185.6166, 766.6049, 4.367911, 2875.475, 1460.108
202.1, 206.3723, 575.754, 463.2551, 564.7845, 328.5122, 373.7785, 920.9856, 314.4955, 74.38134, 86.65563, 8.915761, 335.6783, 122.1457, 216.8758, 141.9695, 1865.389, 177.4725, 754.0537, 9.923382, 2805.111, 1624.371
202.2, 196.6776, 545.8749, 460.2051, 657.5139, 307.259, 487.7723, 878.0821, 299.789, 70.24128, 82.29723, 8.418692, 393.9836, 117.1252, 207.1183, 135.7392, 1781.942, 169.6858, 716.5121, 9.459418, 2685.771, 1706.668
202.3, 187.4384, 517.5465, 435.6954, 652.7961, 422.6093, 461.9909, 837.1772, 285.7702, 66.33165, 78.15804, 7.949335, 383.7676, 112.311, 216.6595, 129.7823, 1880.365, 162.2407, 879.561, 19.397, 2991.727, 1628.502
202.4, 178.6333, 490.6882, 411.0902, 624.8524, 395.2685, 437.5722, 798.1779, 300.1327, 62.63963, 74.22704, 7.506145, 363.3275, 107.6947, 315.071, 124.0869, 1923.438, 155.1222, 872.9333, 18.4901, 2990.985, 1553.917
202.5, 170.2417, 465.2237, 387.8745, 598.1047, 429.0066, 414.4442, 879.0624, 472.4983, 59.15311, 70.49374, 7.087664, 343.976, 103.2681, 300.8956, 118.6414, 1968.14, 148.3161, 829.4731, 17.6256, 3049.295, 1482.747
202.6, 162.2444, 441.0807, 365.9698, 572.5021, 477.516, 392.5386, 890.2659, 608.3869, 55.86066, 66.94821, 6.692514, 351.3579, 99.02349, 287.358, 113.4348, 1906.06, 141.8086, 788.1766, 16.80152, 2954.281, 1563.089
202.7, 154.6227, 443.7342, 345.3022, 614.5842, 449.6039, 371.7908, 961.7041, 579.9374, 52.75146, 63.58101, 6.319394, 359.0823, 94.95333, 274.4294, 108.4568, 1884.012, 135.5867, 748.936, 16.01598, 2828.594, 1516.292
202.8, 147.3591, 420.7064, 325.8018, 588.2761, 420.5167, 378.287, 993.7324, 552.8183, 49.81532, 60.38316, 5.967076, 351.2704, 91.05047, 262.0825, 103.6972, 1889.195, 129.6377, 711.6492, 15.26716, 2800.703, 1603.268
202.9, 140.4367, 398.8737, 307.4026, 563.0941, 393.3113, 358.2925, 947.4401, 526.9673, 47.0426, 57.34615, 5.634401, 385.9895, 87.30803, 250.2911, 100.6681, 1827.738, 123.9497, 676.2187, 14.55335, 2936.271, 1541
203, 165.1773, 378.174, 290.0425, 571.7206, 367.8659, 339.3548, 943.9802, 571.8318, 44.42421, 54.46189, 5.320273, 365.431, 83.71941, 239.0302, 96.25036, 1849.956, 118.5113, 760.642, 13.87291, 2867.9, 1606.162
203.1, 157.4179, 358.5485, 273.6628, 571.6376, 344.0668, 362.2277, 1002.257, 650.6279, 41.95156, 51.72269, 5.023658, 345.9676, 80.2783, 228.276, 131.2004, 1767.199, 113.3115, 738.0364, 13.22429, 2745.889, 1532.599
203.2, 196.4232, 339.9414, 258.2081, 647.6373, 438.9506, 343.082, 1236.398, 645.9484, 39.61654, 49.12127, 4.74358, 327.5407, 76.97862, 218.0056, 153.8743, 1739.877, 108.3399, 782.062, 12.606, 2629.068, 1653.384
203.3, 203.1875, 322.3, 331.6802, 619.9143, 410.5526, 324.9483, 1225.041, 619.5175, 37.41148, 169.0597, 4.479117, 379.6417, 73.81458, 208.1973, 147.1215, 1955.159, 103.5864, 855.5042, 12.01661, 2898.974, 1681.224
203.4, 206.8211, 305.5741, 610.5406, 593.3781, 439.1169, 307.773, 1256.587, 616.6795, 35.32916, 198.0907, 4.229399, 359.4213, 70.78058, 198.8302, 140.6652, 1878.709, 99.04147, 847.1706, 11.45478, 2819.772, 1604.224
203.5, 197.1054, 346.5501, 794.9655, 629.6413, 410.7082, 291.5056, 1366.069, 587.8422, 33.36274, 188.1276, 3.993602, 344.0738, 67.87129, 189.8846, 134.4921, 1900.799, 94.69595, 804.993, 10.91921, 2699.808, 1530.75
203.6, 331.6855, 377.5094, 868.5795, 602.6887, 384.1374, 276.098, 1507.711, 636.5835, 31.50578, 178.6656, 3.770952, 325.7478, 65.08158, 355.1783, 128.59, 2097.749, 258.0606, 764.9152, 10.40869, 2861.216, 1460.641
203.7, 316.1041, 357.9184, 819.5278, 576.8898, 452.4564, 261.5047, 1620.464, 606.8155, 88.10424, 302.9033, 3.560714, 308.3979, 62.40654, 358.4747, 122.9469, 2228.39, 443.5713, 936.0983, 9.922038, 2873.963, 1710.709
203.8, 301.2547, 516.8701, 773.2462, 552.1953, 423.1846, 247.6828, 1561.029, 622.9404, 83.20036, 287.6686, 3.362198, 291.9721, 59.84144, 342.3465, 117.5514, 2128.704, 424.1092, 889.4933, 9.458138, 3071.432, 1632.358
203.9, 287.1028, 490.0468, 729.5782, 528.5578, 395.8066, 234.5914, 1488.31, 593.8104, 78.56944, 309.1473, 3.17475, 276.4212, 57.38178, 326.9439, 112.3927, 2082.561, 405.5011, 845.2086, 9.015926, 3020.574, 1612.035
204, 273.6158, 464.6157, 688.3764, 505.9322, 370.1999, 222.192, 1522.669, 566.0425, 74.19627, 293.5986, 2.997752, 303.2973, 55.02322, 312.2344, 107.4604, 2149.344, 387.7094, 826.228, 8.594391, 2892.067, 1538.203
204.1, 281.5824, 440.5042, 649.5014, 484.2751, 346.2497, 243.9956, 1563.77, 575.0408, 70.06651, 278.8318, 2.830622, 358.608, 52.76161, 395.0784, 102.7445, 2063.842, 370.6983, 817.6844, 8.192564, 2810.552, 1467.753
204.2, 268.3547, 417.6441, 612.8218, 463.545, 323.849, 231.0991, 1548.189, 548.1507, 66.16661, 264.8078, 2.672809, 339.5079, 50.59295, 377.3034, 98.2356, 2027.897, 354.4337, 776.9748, 42.16887, 2896.345, 1582.122
204.3, 315.1684, 395.9702, 578.2136, 443.7024, 302.8976, 218.8843, 1476.067, 522.518, 62.48378, 251.4892, 2.523795, 321.4251, 48.51343, 405.634, 93.92457, 1937.18, 338.8826, 738.292, 107.9217, 2947.612, 1710.503
204.4, 311.4266, 444.802, 545.5598, 424.7091, 343.715, 207.315, 1407.306, 498.0839, 59.00594, 412.2841, 117.8034, 304.3055, 46.51939, 412.032, 89.80272, 2043.37, 324.0139, 701.535, 102.8759, 2857.551, 1650.677
204.5, 296.7969, 421.7188, 514.7501, 560.1379, 399.2627, 196.3573, 1519.123, 474.7924, 139.8221, 512.3173, 111.2357, 288.0977, 44.6073, 393.4943, 85.86176, 2049.234, 309.7975, 666.6081, 98.06596, 3085.808, 1606.117
204.6, 282.8545, 399.8336, 485.6804, 536.1605, 437.0111, 203.1173, 1765.607, 481.5299, 173.5718, 486.5499, 147.7817, 304.7797, 42.77381, 375.7905, 82.09375, 1957.562, 296.2049, 750.6511, 93.48093, 3649.146, 1577.461
204.7, 269.567, 379.084, 458.2523, 629.6503, 445.0857, 192.3815, 1775.781, 459.0125, 163.9108, 462.0786, 139.5426, 313.948, 41.01568, 396.2353, 78.4911, 2085.21, 283.2086, 795.84, 89.11027, 3843.859, 1505.213
204.8, 256.9037, 359.4113, 432.3732, 653.3648, 468.6665, 182.2131, 1954.466, 437.5481, 225.8717, 548.0398, 131.7628, 297.2266, 39.32982, 538.1305, 75.04655, 2161.871, 270.7827, 756.2179, 280.1082, 4219.896, 1491.55
204.9, 244.8353, 448.4042, 411.831, 834.2907, 438.346, 172.5821, 2096.942, 712.79, 213.2997, 520.4758, 124.4168, 444.0668, 37.71325, 812.0573, 71.75316, 2065.161, 258.9019, 772.6767, 268.2341, 4401.791, 1423.237
205, 233.3338, 425.1341, 388.5735, 908.3859, 409.9872, 163.4602, 2289.27, 679.4584, 201.4275, 494.2981, 117.4803, 420.4151, 36.16312, 833.7247, 68.60429, 2147.462, 247.5423, 734.2079, 255.693, 4317.021, 1358.052
205.1, 222.3727, 403.0715, 366.6294, 869.5012, 383.463, 189.1299, 2255.779, 647.6854, 190.216, 491.1422, 110.9306, 398.023, 34.67671, 820.6335, 65.59362, 2051.397, 236.6812, 717.6853, 243.7382, 4494.529, 1393.311
205.2, 211.9264, 382.154, 345.9245, 877.162, 358.6548, 217.4956, 2150.695, 617.3983, 179.6286, 511.4734, 104.746, 376.8237, 33.2514, 940.519, 62.71507, 1995.886, 226.2966, 681.9543, 232.3423, 4335.802, 1329.497
205.3, 201.9709, 362.3219, 326.389, 839.6139, 335.4515, 205.9998, 2218.035, 588.5273, 169.6305, 485.7486, 183.6137, 379.6462, 57.43233, 898.204, 59.96284, 1906.601, 216.3677, 648.0022, 221.4792, 4358.665, 1341.736
205.4, 192.483, 343.519, 307.9567, 949.8872, 363.8678, 195.1116, 2138.884, 649.6082, 160.1889, 586.9442, 266.9241, 359.4256, 55.07169, 973.491, 57.33139, 1821.31, 206.8744, 615.7405, 278.7323, 4437.48, 1329.766
205.5, 183.4408, 325.692, 290.5653, 909.226, 340.3273, 184.7989, 2242.352, 619.2311, 151.2728, 697.4332, 252.0426, 340.282, 52.80808, 985.0782, 54.81543, 1846.814, 197.7976, 585.085, 265.7003, 4686.532, 1268.863
205.6, 174.8235, 308.7901, 274.156, 1005.956, 377.2857, 175.0313, 2368.399, 590.2745, 142.8529, 818.0554, 237.9907, 322.158, 50.63752, 940.7584, 52.40987, 1864.13, 189.1191, 555.9557, 253.2776, 4487.148, 1210.749
205.7, 166.6109, 292.7653, 258.6735, 962.8949, 507.024, 165.7799, 2341.698, 562.672, 159.8609, 776.9107, 224.7223, 304.9993, 48.55616, 940.1152, 50.10988, 1780.739, 180.8213, 528.2766, 241.4357, 4436.311, 1155.296
205.8, 158.7841, 277.5721, 244.0653, 921.6769, 513.9807, 157.0176, 2368.141, 536.3602, 150.963, 737.8354, 212.1936, 288.7545, 46.56036, 897.8183, 47.91083, 1760.636, 172.8876, 636.8725, 230.1475, 4745.424, 1207.706
205.9, 151.325, 263.1674, 230.2821, 882.2233, 480.7286, 148.7184, 2483.134, 511.2789, 142.5604, 700.7255, 200.3635, 273.375, 44.6466, 857.4244, 45.80828, 1767.447, 165.302, 605.1649, 219.3871, 4564.946, 1152.392
206, 144.2163, 249.5102, 217.2772, 844.4586, 498.0513, 140.8578, 2367.459, 487.3704, 134.6255, 665.4821, 189.1928, 258.8145, 42.81149, 818.848, 43.798, 1688.381, 158.0493, 575.0358, 209.1297, 4669.773, 1161.709
206.1, 137.4415, 236.5617, 205.0068, 808.3104, 465.8297, 133.4127, 2443.026, 464.5799, 127.1323, 632.0112, 178.645, 245.0296, 41.05181, 782.0071, 41.87594, 1665.509, 151.1147, 546.4069, 199.352, 4675.05, 1108.502
206.2, 130.985, 224.2853, 193.4294, 773.7096, 504.4784, 126.3611, 2498.035, 442.8551, 120.0561, 600.2238, 168.6852, 236.179, 39.36446, 746.8237, 40.03823, 1684.145, 144.4845, 519.2032, 190.0314, 4581.481, 1057.733
206.3, 124.8318, 212.6459, 182.5058, 740.5899, 471.8411, 228.4975, 2381.666, 422.1462, 113.3738, 639.1436, 159.2807, 223.5997, 37.74646, 713.2232, 38.28116, 1647.976, 138.1451, 493.3539, 181.1465, 4571.403, 1009.288
206.4, 118.9677, 201.6105, 172.199, 708.888, 507.0211, 216.4202, 2346.283, 402.4058, 107.0634, 704.4608, 150.4005, 272.9009, 36.19497, 681.1345, 36.60121, 1574.255, 132.0838, 468.7916, 172.6771, 4376.917, 963.0627
206.5, 113.379, 191.1479, 162.4743, 678.5431, 474.2193, 204.9813, 2285.886, 383.5884, 101.1042, 669.0294, 142.0154, 271.7182, 34.70725, 650.4894, 34.99498, 1503.831, 126.2886, 466.1976, 164.6037, 4649.797, 1015.974
206.6, 108.0529, 181.2281, 153.2988, 649.4971, 443.5396, 194.1469, 2179.399, 365.651, 95.47679, 635.3801, 208.3624, 257.246, 33.28068, 660.7598, 33.45924, 1554.815, 120.7475, 475.2776, 156.9077, 4451.977, 969.4421
206.7, 102.9769, 231.9996, 144.6415, 621.6945, 414.8447, 216.3537, 2105.536, 348.5523, 90.16256, 603.4233, 196.7458, 243.5447, 31.91275, 631.0314, 31.99089, 1485.261, 115.4496, 451.6153, 149.5716, 4373.487, 925.0415
206.8, 98.13943, 219.9599, 136.4731, 595.082, 526.0065, 204.9182, 2007.451, 332.2533, 85.14412, 573.0737, 185.7769, 232.098, 30.60104, 602.6406, 30.58698, 1418.819, 110.3842, 429.131, 142.5784, 4218.684, 978.962
206.9, 93.5292, 208.5449, 128.766, 569.6088, 491.9764, 194.0872, 1941.207, 316.7164, 80.405, 589.2598, 175.4195, 219.736, 29.34325, 575.5272, 29.24468, 1355.348, 105.541, 579.7159, 135.9122, 4418.938, 934.1254
207, 89.13554, 197.7224, 121.4941, 545.2259, 464.844, 183.8286, 1850.777, 301.906, 75.92966, 559.6226, 165.6396, 294.9746, 28.13715, 549.6335, 27.96129, 1517.926, 100.9103, 590.7906, 129.5577, 4324.953, 891.3423
207.1, 84.94827, 187.4615, 114.6329, 521.8868, 495.4836, 174.1123, 1779.798, 287.7883, 102.4315, 531.476, 156.4049, 279.2637, 26.98063, 524.9049, 26.73422, 1501.55, 96.48279, 561.3773, 123.5003, 4432.727, 940.1368
207.2, 80.95771, 177.7331, 108.1592, 499.5467, 463.4282, 164.9095, 1787.949, 274.3307, 252.0766, 504.745, 147.685, 264.3897, 25.87165, 501.2888, 25.561, 1457.878, 92.24953, 533.4283, 117.7261, 4397.246, 947.8771
207.3, 77.15461, 168.5096, 102.0511, 478.163, 433.4467, 156.1932, 1704.658, 261.5023, 238.0461, 542.6508, 291.268, 277.9283, 24.80825, 478.7353, 24.43926, 1392.661, 88.202, 506.8708, 112.2219, 4308.088, 1232.322
207.4, 73.53017, 159.7647, 96.2879, 457.6945, 474.1326, 199.0571, 1625.248, 249.2739, 224.7964, 553.5726, 281.0743, 263.1253, 23.78856, 457.1964, 23.36676, 1330.361, 84.33207, 481.6355, 123.5332, 4124.806, 1209.493
207.5, 70.07599, 151.4736, 90.85019, 438.1023, 458.0776, 188.5359, 1632.913, 237.6173, 212.2843, 525.7303, 289.4343, 259.0298, 22.81078, 436.6266, 22.34131, 1341.948, 80.63193, 500.7108, 134.79, 4493.586, 1215.554
207.6, 66.78407, 143.6129, 85.71956, 419.3488, 428.4422, 178.5708, 1638.065, 226.5058, 209.6241, 499.2884, 273.2978, 245.2335, 21.87319, 416.9823, 21.36087, 1372.23, 77.09414, 548.3419, 128.4879, 4408.941, 1159.881
207.7, 63.6468, 136.16, 80.87868, 401.398, 400.7241, 169.1323, 1644.724, 215.9139, 199.1466, 474.1764, 258.0609, 232.1719, 20.97414, 398.2218, 20.42346, 1427.96, 73.71157, 521.0419, 122.4805, 4240.892, 1106.759
207.8, 60.6569, 129.0939, 76.31117, 384.2156, 374.7991, 160.1928, 1568.106, 205.8173, 309.3693, 519.8546, 262.953, 219.806, 20.11204, 380.3054, 19.52718, 1364.081, 70.47742, 632.8655, 116.754, 4346.867, 1056.069
207.9, 57.80746, 122.3945, 72.00162, 367.7688, 350.5514, 151.7257, 1605.534, 196.1929, 292.1498, 493.7082, 319.0814, 208.0988, 19.28537, 363.195, 18.67024, 1303.06, 67.38516, 601.3574, 111.2952, 4169.169, 1082.361
208, 55.09188, 116.0428, 67.93543, 352.0259, 352.5147, 143.7062, 1530.741, 187.0185, 343.7242, 468.8768, 522.5439, 197.0151, 18.49269, 346.8545, 17.8509, 1327.213, 64.42858, 571.4179, 201.543, 4040.233, 1112.376
208.1, 52.50386, 110.0207, 64.09888, 336.957, 389.783, 136.1106, 1602.807, 178.2731, 324.5926, 445.2944, 493.4111, 186.5217, 17.73258, 331.2491, 17.06752, 1349.215, 61.60173, 726.0754, 192.12, 4257.166, 1061.429
208.2, 50.03742, 104.3111, 60.479, 322.5331, 364.5659, 128.9164, 1669.759, 169.9366, 306.5258, 422.898, 465.9026, 176.5873, 17.00372, 316.3458, 16.31852, 1301.702, 291.7988, 728.9933, 183.1375, 4253.362, 1114.038
208.3, 47.68684, 98.89787, 57.06354, 308.7267, 340.9802, 122.1025, 1591.974, 161.99, 359.9467, 439.6358, 439.9277, 167.1819, 16.30482, 302.1131, 15.60239, 1297.771, 278.9958, 731.463, 174.575, 4190.258, 1063.015
208.4, 45.44669, 93.76553, 53.84096, 295.5112, 391.6992, 115.6487, 1517.813, 154.415, 339.9121, 655.0389, 532.0775, 158.2776, 15.63464, 288.5207, 14.91768, 1278.413, 266.7547, 757.9688, 166.4128, 4112.174, 1014.328
208.5, 43.31176, 88.89952, 50.80037, 282.8615, 376.6321, 109.536, 1447.107, 147.1942, 320.9926, 622.0933, 502.4132, 149.8474, 14.99201, 275.5398, 14.26303, 1266.523, 314.7027, 720.2322, 158.6323, 3992.852, 967.872
208.6, 41.27713, 84.28604, 47.9315, 270.7532, 387.488, 103.7465, 1379.695, 140.3111, 303.1262, 590.8047, 474.4027, 141.8663, 14.3758, 263.1429, 13.6371, 1243.379, 300.8949, 903.6354, 151.2155, 4119.572, 923.5433
208.7, 39.33809, 79.91198, 45.22464, 259.1633, 388.2389, 98.26292, 1315.423, 133.7499, 286.2542, 561.0898, 447.9539, 134.3103, 13.78491, 251.3038, 13.03864, 1268.296, 287.6929, 888.4066, 144.1455, 4174.628, 881.2449
208.8, 37.49012, 75.76492, 42.67065, 357.6199, 363.1217, 93.06919, 1254.145, 127.4954, 270.3213, 532.8694, 422.9797, 127.1567, 13.21831, 239.9974, 12.46644, 1211.56, 398.1814, 844.176, 137.406, 4013.565, 840.8838
208.9, 35.72897, 71.83306, 40.26089, 342.3115, 339.6295, 88.14999, 1293.21, 121.5335, 255.2753, 506.0684, 399.3978, 120.3841, 12.675, 229.1996, 11.91936, 1198.106, 380.7109, 852.566, 130.9817, 4264.803, 802.3712
209, 34.05056, 68.10526, 37.98721, 327.6584, 317.6571, 83.49078, 1232.967, 115.8503, 241.0667, 480.6153, 377.1306, 113.9722, 12.15402, 218.8877, 11.39628, 1198.733, 364.0069, 810.1198, 124.8577, 4083.362, 765.6225
209.1, 32.45098, 64.5709, 35.84194, 313.6326, 297.1062, 79.07785, 1203.803, 110.4329, 266.5246, 518.9353, 356.1049, 107.9019, 11.65445, 209.0397, 10.89616, 1145.109, 390.9273, 769.7867, 119.02, 3909.64, 894.9706
209.2, 30.92656, 61.21996, 33.81782, 300.2071, 277.8849, 74.89816, 1147.724, 105.2688, 251.6899, 725.0125, 336.2514, 102.1548, 11.17542, 199.6348, 10.41798, 1149.082, 373.7751, 731.4618, 113.4553, 3907.37, 974.1973
209.3, 29.47374, 58.04293, 31.90801, 287.3564, 259.9071, 71.26148, 1115.851, 100.3462, 417.3966, 738.5142, 317.5048, 96.71389, 10.71608, 190.653, 9.960795, 1111.081, 357.3754, 706.8403, 108.1507, 4005.345, 1038.548
209.4, 28.08917, 55.03076, 30.10605, 275.0557, 243.0923, 67.49493, 1145.016, 95.65381, 394.1643, 701.3701, 299.8033, 91.56274, 10.27561, 182.0753, 9.523669, 1061.377, 341.6953, 695.2922, 103.0942, 3834.942, 990.9822
209.5, 26.76964, 75.99748, 28.40586, 263.2816, 227.3654, 63.92746, 1196.838, 91.18083, 372.2251, 666.0942, 283.0888, 86.68596, 9.853256, 173.8835, 9.105726, 1013.897, 406.9347, 864.9791, 98.27409, 3908.646, 945.595
209.6, 25.5121, 92.47872, 26.80168, 335.2128, 240.2177, 132.093, 1191.191, 86.91702, 351.5071, 632.5926, 267.3061, 91.63753, 9.448258, 166.0603, 8.706124, 1059.992, 389.0801, 821.9149, 93.67933, 3742.357, 1008.441
209.7, 24.31363, 87.6795, 25.2881, 320.8636, 277.0132, 125.1112, 1135.7, 82.85258, 331.9422, 600.7759, 252.4033, 86.75676, 9.059907, 158.589, 8.324059, 1012.573, 372.0089, 780.9947, 89.29939, 3583.143, 962.254
209.8, 23.17147, 83.12933, 23.85999, 367.3852, 342.3843, 118.4984, 1211.995, 78.97822, 313.4663, 570.5595, 238.3313, 82.13595, 8.687518, 151.4539, 7.958761, 1138.979, 390.7228, 880.9036, 85.12424, 3964.437, 918.1826
209.9, 22.08295, 78.8153, 22.51253, 351.6588, 320.2337, 112.2351, 1155.535, 75.28503, 296.0188, 541.8629, 225.0439, 77.76125, 8.330436, 144.6398, 7.609494, 1088.027, 373.5795, 837.0466, 81.14429, 3819.676, 1000.013
210, 21.04558, 74.72514, 21.24117, 336.6056, 299.5161, 106.3029, 1172.862, 71.76453, 279.5424, 514.6095, 212.4973, 73.61955, 7.98803, 138.1323, 7.275554, 1039.355, 414.8088, 795.373, 77.35043, 3668.8, 954.212
210.1, 20.05693, 70.84725, 20.04161, 394.4023, 280.1389, 100.6842, 1180.226, 68.40867, 263.9831, 488.7269, 200.6502, 69.69845, 7.659699, 131.9176, 6.956269, 992.8598, 396.6087, 755.7742, 73.73395, 3690.66, 959.333
210.2, 19.11473, 67.1706, 18.90979, 377.5194, 286.5922, 95.36251, 1125.246, 65.20973, 249.2898, 464.146, 189.4636, 65.98619, 7.344863, 125.9825, 8.624616, 1027.624, 379.2072, 718.1469, 70.28655, 3635.925, 1088.598
210.3, 18.21679, 83.68773, 17.84189, 361.3592, 268.0511, 90.32209, 1110.617, 62.16039, 235.4144, 440.8015, 235.7327, 62.47165, 7.042967, 120.3144, 93.49903, 1078.911, 362.5692, 682.3929, 67.00034, 3735.512, 1038.74
210.4, 17.36103, 79.34472, 16.83429, 345.8907, 250.7094, 85.54808, 1129.986, 59.25363, 222.3112, 418.6311, 265.7064, 127.8044, 6.75348, 114.9013, 89.39586, 1051.953, 346.6611, 648.4189, 63.86777, 3576.589, 1045.418
210.5, 16.54547, 75.22709, 15.8836, 331.0844, 234.4897, 106.2862, 1164.535, 56.4828, 209.9374, 397.5758, 250.8928, 120.9973, 6.475893, 109.7318, 85.47276, 1004.894, 331.4511, 756.7929, 60.88166, 3424.427, 1130.719
210.6, 15.76822, 71.32314, 14.9866, 316.9119, 219.3194, 100.6684, 1110.286, 53.84155, 198.2523, 377.5794, 236.9051, 114.5528, 6.209714, 104.7948, 81.72182, 959.9404, 316.9084, 719.1149, 58.03517, 3278.738, 1078.931
210.7, 15.02749, 67.6218, 14.14025, 303.3461, 205.1305, 95.3475, 1109.205, 51.3238, 187.2176, 358.5888, 223.6972, 108.4515, 5.954477, 100.08, 88.20664, 1043.042, 303.0038, 701.0975, 55.32176, 3404.744, 1029.516
210.8, 14.32155, 64.11253, 13.3417, 290.361, 191.8595, 90.30788, 1186.462, 48.92379, 176.7971, 340.5534, 211.2256, 149.8891, 5.70973, 95.57726, 84.33572, 996.3815, 289.7093, 666.1924, 52.73522, 3340.664, 982.3643
210.9, 13.64878, 60.78539, 12.58825, 277.9317, 179.4472, 85.53462, 1131.192, 46.63601, 166.9566, 323.425, 199.4494, 141.9058, 5.475043, 91.27713, 195.354, 996.1514, 276.998, 633.025, 50.26961, 3198.54, 937.3718
211, 13.00761, 57.6309, 11.87735, 266.0344, 167.8378, 81.01366, 1078.496, 44.4552, 157.6638, 307.1581, 188.3298, 134.3476, 5.250003, 87.17047, 186.7809, 951.589, 264.8445, 601.509, 47.91927, 3062.461, 941.9684
211.1, 12.39656, 54.64012, 11.20659, 254.6465, 156.9795, 76.73165, 1028.255, 42.37638, 234.1245, 291.7094, 177.83, 127.192, 5.034212, 83.24857, 178.5841, 909.0201, 253.2242, 636.077, 45.67883, 3023.37, 956.9476
211.2, 11.81421, 51.80455, 10.57372, 243.746, 153.3176, 72.67597, 980.3544, 40.39477, 221.0932, 277.0377, 167.9157, 120.4176, 4.827291, 79.50313, 170.747, 925.5778, 242.1138, 604.4089, 43.54314, 3016.038, 913.1193
211.3, 11.25922, 49.11613, 9.976584, 274.1438, 159.8394, 68.83466, 934.6853, 38.50582, 208.7871, 263.1039, 261.428, 132.9391, 4.628875, 75.92619, 163.2539, 884.1725, 231.4909, 586.7717, 41.5073, 2887.724, 871.2983
211.4, 10.73031, 46.56723, 9.413172, 290.6046, 149.4985, 65.19637, 891.1436, 36.7052, 274.7906, 422.0081, 246.853, 125.8586, 4.438615, 72.51019, 156.0895, 844.6195, 296.0811, 778.4946, 39.56664, 3050.998, 831.3927
211.5, 10.22623, 121.1342, 8.881577, 278.1649, 158.6653, 61.75039, 849.6303, 34.98879, 340.3179, 477.4035, 233.0905, 119.1551, 4.256175, 69.24787, 158.7382, 849.1884, 322.8822, 766.3188, 37.71672, 3096.159, 926.9166
211.6, 9.745843, 114.8479, 8.380004, 266.2577, 148.4004, 58.48655, 810.0508, 33.35264, 403.9337, 585.2012, 220.0952, 207.2305, 4.081233, 66.13233, 151.772, 811.2003, 308.7155, 728.1666, 35.9533, 3104.451, 884.4637
211.7, 9.288018, 108.8878, 7.906756, 333.1716, 187.6188, 55.39523, 772.3152, 31.793, 381.4508, 555.7681, 207.8245, 405.0114, 3.913482, 63.15696, 145.1116, 774.9116, 387.817, 691.9138, 34.27232, 3043.032, 843.9551
211.8, 8.851701, 103.237, 7.460234, 318.9098, 175.4807, 52.46729, 736.3374, 30.30629, 360.2193, 622.4063, 196.2379, 532.6427, 3.752627, 60.31546, 138.7434, 749.3845, 486.303, 657.4658, 32.66993, 2913.569, 805.3019
211.9, 8.43588, 124.6761, 7.038928, 305.2584, 167.2885, 49.69411, 702.0356, 28.8891, 340.1695, 591.102, 185.2973, 504.2733, 3.598383, 57.6018, 132.6547, 740.3211, 464.9661, 740.1439, 31.14246, 2822.344, 768.4189
212, 8.039593, 118.2059, 6.641415, 292.1914, 156.4658, 47.06751, 669.3318, 27.53818, 321.2357, 561.3721, 174.9667, 588.0193, 3.450479, 55.01023, 126.8332, 707.2032, 444.5653, 703.2948, 29.68641, 2934.744, 830.9925
212.1, 7.661922, 112.0716, 6.266351, 279.6838, 146.3432, 44.57974, 638.1514, 26.25044, 324.2429, 533.1376, 165.212, 556.7004, 3.308654, 52.53526, 121.2672, 675.5668, 425.0596, 690.7001, 28.29844, 3069.231, 842.9599
212.2, 7.301992, 106.2556, 5.912468, 267.7116, 136.8755, 42.22346, 793.6472, 25.02291, 378.7226, 506.3231, 156.0011, 527.0496, 3.172658, 50.17163, 115.9454, 665.074, 406.4098, 656.3126, 26.97536, 2984.53, 871.3841
212.3, 6.958971, 100.7414, 5.578571, 256.2518, 128.0203, 39.99173, 756.6757, 23.85278, 357.6429, 480.8572, 147.3038, 498.978, 3.042253, 47.91436, 110.8572, 635.3223, 388.5782, 623.6371, 25.71414, 2886.009, 831.4745
212.4, 6.632063, 95.5134, 5.263529, 245.2826, 119.738, 37.87795, 721.4265, 22.73738, 337.7365, 456.6722, 139.0913, 472.4016, 2.917207, 45.75864, 105.9923, 606.9014, 371.529, 858.1837, 24.51188, 3022.831, 793.3929
212.5, 6.320513, 90.55669, 4.96628, 234.783, 111.9916, 35.8759, 687.8193, 21.67413, 344.0245, 433.7036, 131.3367, 461.2312, 2.797302, 43.6999, 101.3408, 579.752, 355.2279, 815.4578, 23.36584, 3085.666, 902.9128
212.6, 6.023598, 85.85721, 4.685816, 224.7328, 104.7462, 33.97966, 655.7778, 20.6606, 324.8761, 411.8901, 124.0145, 520.8121, 2.682324, 41.7338, 96.89352, 618.266, 339.642, 774.8591, 22.27338, 3052.65, 861.5593
212.7, 5.740631, 81.40161, 4.421192, 215.1128, 97.96967, 32.18365, 625.2288, 19.69446, 306.7935, 391.1739, 117.1004, 699.5859, 2.572073, 39.85614, 92.64139, 599.9125, 324.7399, 736.2816, 21.232, 2934.736, 944.1613
212.8, 5.470956, 77.17724, 4.171512, 205.9046, 91.6315, 30.48258, 596.103, 18.77351, 311.8213, 371.4995, 110.5719, 936.7714, 2.466353, 38.06297, 88.57585, 573.0757, 393.1022, 946.9366, 20.23931, 3113.458, 900.9186
212.9, 5.213951, 73.17209, 3.935932, 197.0906, 140.6556, 28.87141, 568.3339, 17.89562, 294.4653, 352.8147, 104.4073, 1175.459, 2.364979, 36.35047, 84.68874, 560.679, 551.3145, 899.7921, 19.29303, 3042.611, 937.7145
213, 4.969018, 69.37479, 3.713656, 188.6539, 131.5559, 27.3454, 606.2567, 17.05878, 306.2963, 335.0696, 98.58641, 1112.852, 2.267771, 34.71502, 80.9722, 678.6649, 527.1251, 854.9946, 18.39099, 2913.167, 1064.378
213.1, 4.735591, 65.77456, 3.503933, 180.5783, 123.0448, 25.90005, 578.0146, 16.26107, 289.2479, 318.2171, 93.09004, 1170.269, 2.174559, 33.15316, 77.41876, 668.2363, 503.9971, 812.4275, 17.53113, 2863.208, 1015.63
213.2, 17.87271, 62.36116, 3.306054, 172.8484, 115.0844, 24.53109, 551.0882, 15.50067, 273.1483, 302.2122, 87.90011, 1107.938, 2.085178, 31.66156, 74.02127, 638.3431, 481.8838, 771.9796, 16.71147, 2900.241, 1182.416
213.3, 17.03311, 59.1249, 3.119349, 165.4494, 107.639, 23.23449, 525.4161, 14.77583, 257.9449, 287.0122, 145.479, 1060.246, 1.999471, 30.23707, 70.77287, 690.9739, 547.0377, 916.0838, 15.93013, 2784.901, 1142.266
213.4, 45.9265, 56.05659, 2.943189, 158.3671, 135.9953, 22.00642, 500.94, 14.08488, 246.8119, 272.5768, 137.3683, 1069.074, 1.917287, 28.87667, 67.66703, 660.0635, 523.036, 870.4752, 15.18533, 2939.476, 1089.95
213.5, 43.76904, 61.45286, 2.776977, 151.588, 141.2113, 20.84327, 477.6041, 13.42624, 233.0743, 258.8673, 173.4493, 1012.133, 1.838481, 27.57747, 64.69749, 663.3182, 532.7756, 827.1373, 14.47534, 2846.853, 1210.164
213.6, 41.71293, 58.26374, 2.620151, 145.0991, 132.0756, 19.74159, 487.1272, 12.7984, 220.1014, 345.4077, 289.8894, 958.2253, 1.762914, 26.33673, 197.7857, 712.0991, 509.3997, 785.9571, 13.79856, 2799.545, 1344.957
213.7, 48.7114, 136.0717, 2.472182, 266.0676, 123.5309, 18.69814, 600.4729, 12.19992, 207.8506, 328.0352, 273.7275, 968.4407, 1.690453, 25.15181, 211.2596, 728.6953, 487.0493, 746.8271, 13.15341, 2769.594, 1449.204
213.8, 87.34734, 275.4002, 12.4751, 254.6782, 147.7931, 17.70984, 611.8632, 11.62942, 401.9304, 415.9868, 258.4667, 1064.157, 1.62097, 81.46964, 201.9886, 722.3829, 465.6797, 709.6452, 12.53843, 2720.938, 1617.295
213.9, 210.9849, 261.1082, 177.0985, 346.5408, 191.5555, 16.77378, 617.9602, 11.08561, 551.2097, 395.0645, 287.451, 1344.552, 38.00615, 96.71402, 259.0474, 769.291, 445.2476, 674.3145, 11.9522, 2713.036, 1923.11
214, 201.0736, 247.5579, 167.0971, 398.8037, 209.3609, 23.95277, 697.2689, 147.4854, 527.5808, 482.1704, 271.4251, 1363.88, 36.44399, 228.0588, 247.6792, 901.6512, 570.6911, 640.7428, 11.39338, 2715.214, 1835.032
214.1, 191.6279, 234.7108, 157.6606, 472.1668, 195.8163, 22.68673, 800.1639, 158.517, 834.6604, 627.2024, 256.2926, 1453.058, 34.94603, 217.7981, 236.8099, 861.3162, 693.1987, 608.8425, 10.86069, 2599.698, 1867.704
214.2, 182.6259, 222.5303, 148.7569, 487.8117, 183.1479, 27.84443, 762.8889, 151.1044, 788.2032, 595.6569, 242.0039, 1444.328, 33.50965, 207.9992, 226.4176, 822.7856, 662.7841, 578.5303, 10.3529, 2530.442, 1782.162
214.3, 174.0468, 210.982, 140.3561, 466.9303, 286.0224, 26.37271, 727.3502, 144.0385, 744.3319, 565.6979, 228.5117, 1647.428, 32.1323, 201.3965, 216.4814, 845.3048, 633.7039, 549.7274, 9.868856, 2443.571, 1700.539
214.4, 253.3249, 248.0281, 132.4297, 446.9427, 309.1084, 24.97877, 783.1047, 242.0836, 702.9024, 537.2458, 387.3067, 1559.683, 30.81157, 212.0497, 206.9812, 807.4905, 605.8996, 522.3584, 9.407443, 2503.917, 1690.646
214.5, 241.4246, 235.1566, 124.951, 447.0538, 289.1106, 23.6585, 1033.376, 235.5479, 867.6295, 510.2247, 365.7136, 1476.612, 29.54512, 202.5093, 197.8979, 829.3806, 579.3152, 496.352, 8.967603, 2425.539, 1797.882
214.6, 283.4044, 222.953, 170.8313, 449.1472, 270.4065, 22.40803, 1070.234, 380.7562, 819.3373, 484.5626, 345.3244, 1425.811, 28.33073, 229.6264, 204.191, 827.1968, 553.8973, 471.6404, 8.548326, 2551.672, 1727.221
214.7, 317.5443, 245.6832, 161.1838, 429.9209, 252.9125, 169.2196, 1184.575, 362.9512, 773.733, 460.1912, 326.072, 1349.87, 27.16625, 286.9228, 195.2302, 927.1045, 529.5947, 448.1591, 8.148653, 2443.114, 1703.793
214.8, 309.4241, 232.9333, 152.0812, 411.5176, 236.5503, 160.2754, 1469.767, 453.7921, 730.6671, 568.9004, 343.1539, 1277.973, 26.04964, 274.0138, 186.6626, 1062.979, 506.3583, 425.8469, 17.44669, 2618.951, 1819.193
214.9, 294.8885, 220.8452, 143.4926, 393.902, 312.2271, 151.804, 1464.189, 432.5718, 689.9982, 614.6637, 355.2398, 1274.413, 24.97892, 351.3572, 178.471, 1015.427, 484.1414, 404.6454, 16.63098, 2822.837, 1878.484
215, 281.0357, 209.3843, 190.3287, 377.0405, 292.0275, 143.7804, 1604.651, 412.3438, 651.593, 649.0007, 335.4345, 1206.535, 23.95222, 499.0461, 170.6388, 1007.439, 462.8993, 384.4996, 15.85341, 2702.742, 1865.761
215.1, 267.8337, 198.5182, 179.5801, 426.5483, 273.1348, 136.3319, 1597.585, 393.0617, 615.3253, 616.3588, 371.8593, 1142.273, 22.96771, 479.8914, 163.1504, 962.3719, 442.5892, 365.3567, 15.11219, 2706.698, 1780.308
215.2, 255.2518, 188.216, 169.4386, 408.2894, 255.4643, 129.1261, 1523.163, 374.6813, 581.0764, 585.3586, 512.2203, 1081.434, 22.02367, 620.5333, 155.9906, 943.4121, 423.1702, 347.1669, 14.40562, 2642.642, 1758.048
215.3, 243.261, 223.702, 159.8698, 390.812, 238.937, 122.3011, 1452.208, 357.1604, 548.7337, 555.9177, 483.6631, 1023.835, 21.11843, 626.2048, 149.145, 901.209, 404.6033, 521.4721, 13.7321, 2774.085, 1677.529
215.4, 231.8335, 212.0928, 150.8414, 374.0828, 223.4789, 115.8368, 1384.557, 340.4588, 518.1912, 527.9574, 456.698, 969.3036, 20.2504, 598.0312, 142.5998, 952.517, 386.851, 507.161, 13.09006, 2777.91, 1691.63
215.5, 239.5975, 201.0862, 142.3229, 358.0697, 209.0209, 109.7142, 1320.059, 324.5382, 489.3487, 501.4034, 431.2363, 917.6769, 19.41805, 571.1251, 136.3419, 909.9066, 369.8776, 481.9112, 12.47804, 2659.727, 1666.417
215.6, 228.3421, 190.6507, 134.2854, 342.742, 268.4233, 103.9152, 1543.923, 309.3621, 462.1116, 476.185, 407.1941, 868.7999, 18.61991, 545.4295, 130.3586, 869.2023, 353.649, 457.9186, 11.89463, 2729.612, 1669.874
215.7, 217.6154, 180.7568, 126.7018, 459.7501, 251.0576, 98.42273, 1648.247, 294.8956, 436.3905, 452.235, 384.4922, 822.5261, 17.85458, 520.89, 124.6378, 914.5911, 338.1323, 435.1205, 11.33851, 2643.878, 1593.394
215.8, 207.3926, 171.3764, 119.5465, 440.0699, 234.8154, 93.22056, 1811.808, 281.1057, 412.101, 429.4895, 363.0561, 778.717, 17.1207, 497.4546, 119.1682, 905.5484, 323.2965, 561.6035, 10.80838, 2746.644, 1520.416
215.9, 197.65, 162.4827, 112.7953, 421.2321, 254.5451, 88.29335, 1727.406, 267.9606, 389.1635, 407.8881, 342.8151, 811.5862, 16.41699, 501.3701, 113.9385, 865.0391, 309.1116, 533.6432, 10.30304, 2757.974, 1450.781
216, 188.3652, 154.0506, 106.4254, 403.2007, 271.354, 83.62657, 1646.936, 255.4302, 367.5027, 387.3731, 323.7025, 768.3598, 15.74221, 478.8129, 108.9383, 826.342, 295.549, 507.075, 9.821324, 2640.639, 1384.335
216.1, 179.5164, 146.0561, 100.4152, 385.9412, 253.7987, 79.20646, 1570.214, 243.4857, 347.0475, 367.8899, 305.6555, 741.7659, 15.09515, 457.2706, 104.1576, 789.376, 282.5816, 691.204, 9.362133, 2675.686, 1320.932
216.2, 171.0834, 138.4764, 94.74437, 369.4204, 237.3791, 75.01997, 1666.91, 232.0998, 327.7309, 349.3867, 288.6147, 702.2582, 14.4747, 436.6974, 99.58671, 754.0636, 270.1831, 656.7914, 8.924411, 2735.251, 1375.959
216.3, 163.0465, 131.2901, 89.39382, 353.6069, 289.652, 71.05476, 1637.989, 221.2463, 309.4894, 378.1687, 272.5239, 664.8548, 13.87975, 442.4285, 95.21638, 720.3309, 258.3286, 690.7087, 8.507154, 2778.808, 1349.676
216.4, 155.3872, 124.4768, 84.34544, 338.4703, 270.9129, 67.29914, 1600.775, 210.9003, 292.2632, 359.1485, 257.3302, 629.4435, 13.30925, 422.5232, 91.03785, 688.1072, 246.9942, 656.3207, 8.109406, 2712.527, 1334.654
216.5, 148.0877, 118.017, 79.58216, 323.9816, 253.3862, 63.74202, 1526.204, 201.0382, 306.7665, 407.3524, 242.9836, 595.9183, 12.7622, 403.5134, 87.04269, 657.3251, 236.1571, 661.5792, 7.730255, 2597.125, 1299.837
216.6, 141.1311, 111.8925, 75.08788, 310.1131, 236.9933, 60.37291, 1455.107, 191.6372, 289.6919, 386.8643, 229.4368, 599.528, 12.23763, 385.3589, 83.22285, 627.9199, 225.7955, 696.5267, 7.368831, 2811.8, 1270.658
216.7, 134.5012, 106.0858, 70.8474, 296.8383, 221.661, 57.18188, 1456.278, 182.6758, 273.5677, 367.4067, 216.6453, 567.5961, 11.73463, 368.0211, 79.57064, 672.3812, 215.8886, 685.1351, 7.024304, 2758.184, 1212.462
216.8, 128.1829, 119.5243, 66.84641, 284.1318, 207.3206, 54.15951, 1388.438, 174.1335, 258.3409, 394.5976, 204.567, 537.365, 11.2523, 351.4634, 76.07871, 685.9612, 206.4163, 753.8809, 6.695886, 2763.331, 1216.17
216.9, 122.1613, 114.5208, 63.07135, 271.9691, 193.9079, 51.29689, 1358.787, 165.9906, 243.9617, 374.7511, 193.162, 508.744, 10.7898, 335.6507, 72.74003, 655.2751, 197.3596, 716.3478, 6.382823, 2713.932, 1160.469
217, 116.4226, 141.8741, 59.50949, 260.3271, 181.363, 48.58558, 1414.037, 158.2286, 230.3828, 355.9027, 182.3928, 481.6475, 10.34631, 341.9008, 69.54786, 664.0885, 188.7003, 725.5749, 6.084397, 2618.797, 1107.319
217.1, 110.9535, 134.5115, 56.14878, 249.1835, 169.6297, 46.01757, 1413.535, 150.8295, 217.5597, 338.0023, 172.2241, 522.0259, 9.921045, 326.5183, 66.49577, 739.0931, 180.4209, 941.4532, 5.799924, 2784.178, 1157.51
217.2, 105.7413, 127.531, 52.97787, 238.5169, 189.3037, 43.58529, 1347.686, 143.7763, 205.4503, 321.0023, 162.6223, 494.222, 9.513261, 323.113, 63.57763, 801.3681, 172.5048, 894.5816, 5.528751, 2714.876, 1104.496
217.3, 100.7739, 146.4584, 49.98602, 228.3068, 196.9288, 41.28157, 1314.559, 137.053, 194.015, 304.8573, 153.5558, 467.8989, 9.122238, 308.5758, 60.78755, 765.5193, 164.936, 850.0436, 5.270257, 2771.378, 1085.213
217.4, 96.03995, 179.0004, 47.16314, 218.5339, 254.519, 39.09962, 1506.095, 130.6441, 183.2161, 289.5243, 144.9948, 498.1669, 8.747288, 307.4809, 58.11991, 779.3256, 157.6993, 915.5339, 5.023848, 2653.473, 1035.51
217.5, 147.7948, 169.7111, 44.49967, 209.1792, 238.0528, 37.033, 1631.725, 124.5349, 173.0183, 274.9625, 246.425, 471.6337, 8.387749, 401.4885, 55.56934, 808.5085, 150.7801, 1070.096, 4.78896, 2649.405, 1098.071
217.6, 140.8519, 160.9038, 41.98662, 200.225, 244.5424, 35.0756, 1723.065, 118.7114, 163.3881, 344.9718, 266.9706, 446.5137, 8.042988, 383.425, 53.1307, 846.502, 144.1645, 1222.878, 4.565055, 2961.989, 1130.915
217.7, 134.2352, 152.5537, 39.61549, 191.6541, 270.6303, 33.22167, 1642.798, 204.0252, 154.294, 368.9716, 252.0865, 422.7316, 7.712397, 398.8406, 50.79907, 820.3293, 137.8392, 1161.995, 4.351618, 2914.365, 1353.116
217.8, 157.1544, 177.601, 37.37827, 183.4501, 370.4878, 31.46572, 1566.269, 194.4845, 145.706, 489.258, 238.0323, 400.2162, 7.395395, 420.8066, 48.56977, 783.6323, 131.7914, 1104.144, 51.55666, 2790.376, 1313.866
217.9, 196.0226, 175.428, 35.26738, 175.5973, 346.519, 29.80259, 1493.306, 185.39, 137.596, 624.7071, 263.6894, 420.6667, 7.091422, 401.8741, 46.43831, 748.5768, 126.0089, 1049.172, 49.14616, 2671.663, 1292.844
218, 211.0042, 274.0341, 33.27571, 168.0806, 324.1009, 28.22737, 1423.741, 176.7207, 198.3614, 593.287, 248.9882, 398.2613, 6.799944, 383.7933, 44.40038, 733.5383, 120.4802, 996.9377, 61.18452, 2799.209, 1347.824
218.1, 201.092, 369.2207, 31.39651, 160.8857, 303.1331, 26.7354, 1414.642, 168.4569, 187.3206, 563.4473, 235.1067, 377.0492, 6.520446, 366.526, 120.692, 700.7238, 115.194, 1163.316, 69.98109, 2810.016, 1327.772
218.2, 191.6454, 359.2299, 29.62344, 153.9988, 283.5219, 25.32229, 1348.742, 160.5795, 176.8943, 563.5602, 221.9991, 361.4128, 6.252437, 350.0356, 115.3955, 751.0043, 110.1398, 1105.399, 170.1854, 2690.467, 1266.96
218.3, 182.6426, 501.2996, 27.9505, 147.4067, 265.1794, 23.98387, 1285.912, 153.0704, 167.0484, 564.4747, 209.6222, 385.7418, 5.995443, 334.287, 110.3314, 717.4084, 105.3073, 1050.365, 162.2285, 2576.004, 1276.695
218.4, 197.0441, 511.7749, 26.37204, 304.1403, 248.0236, 22.71619, 1226.009, 145.9125, 257.893, 536.0841, 197.9354, 365.1965, 5.749012, 319.2471, 105.4896, 725.2114, 100.6869, 998.0709, 154.6436, 2466.411, 1280.869
218.5, 187.7877, 559.0942, 24.88272, 291.1211, 231.9776, 21.51552, 1168.896, 139.0894, 243.5387, 509.1214, 186.9001, 345.7455, 5.512711, 304.8838, 100.8602, 731.2317, 96.26915, 948.3805, 147.4133, 2519.097, 1222.205
218.6, 178.9661, 530.0797, 23.47751, 278.6593, 216.9698, 20.37831, 1114.444, 132.5852, 229.9833, 549.6724, 176.4801, 327.3305, 5.286122, 291.1667, 96.43398, 726.6275, 92.04527, 901.164, 140.521, 2411.925, 1166.228
218.7, 170.5589, 502.571, 22.15165, 266.7309, 202.9329, 19.30121, 1062.528, 126.3853, 227.9203, 522.0262, 166.6411, 309.8964, 5.068847, 278.0668, 92.202, 694.1221, 88.00671, 856.2982, 133.951, 2309.312, 1183.346
218.8, 162.5467, 476.4898, 20.90067, 255.3132, 189.8041, 18.28103, 1013.031, 120.4752, 215.2343, 495.7706, 332.5338, 343.6499, 4.860503, 265.5563, 88.15575, 663.0709, 84.14534, 813.6662, 127.6882, 2272.463, 1174.057
218.9, 164.889, 501.1328, 19.72034, 244.3841, 177.5247, 17.31478, 1150.325, 114.8415, 203.2543, 470.8355, 313.9944, 334.6178, 4.660722, 253.6086, 84.28707, 633.4088, 80.45339, 816.7084, 121.7182, 2439.352, 1120.285
219, 157.1431, 475.1263, 18.60666, 233.923, 166.0397, 16.3996, 1096.738, 109.4713, 191.9412, 447.1545, 296.4886, 339.619, 4.469152, 242.1985, 184.9229, 605.0735, 76.92343, 776.0474, 116.0274, 2335.573, 1068.976
219.1, 149.7611, 450.4694, 17.55588, 223.9096, 155.2977, 15.5328, 1045.647, 104.3522, 181.2578, 424.6646, 279.9589, 321.5303, 4.285457, 305.799, 176.8076, 578.0058, 73.54836, 737.4108, 110.6025, 2236.208, 1208.734
219.2, 202.5593, 427.092, 16.56443, 214.3248, 204.1819, 14.7118, 996.9362, 99.47244, 230.1052, 444.1213, 264.3506, 304.4051, 4.109312, 292.0407, 169.0485, 616.2172, 70.32136, 700.6977, 107.5535, 2141.072, 1153.374
219.3, 204.0195, 404.9279, 15.62898, 205.1504, 193.3865, 13.93421, 950.4946, 94.82089, 277.6137, 421.784, 383.188, 288.192, 3.940407, 278.9015, 161.6299, 612.799, 67.23595, 665.8124, 102.5249, 2404.174, 1474.679
219.4, 194.4354, 470.7329, 14.74636, 196.3686, 208.3381, 13.19771, 906.2165, 90.38686, 330.2943, 400.5701, 431.7336, 272.8424, 3.778445, 330.3486, 154.5368, 693.5605, 64.28592, 716.7961, 309.9973, 2301.891, 1479.655
219.5, 185.3015, 471.0159, 13.91358, 187.9628, 194.8596, 12.50014, 864.001, 86.16018, 311.9101, 523.1441, 407.6636, 258.3103, 3.62314, 315.4858, 147.755, 673.5776, 175.8939, 681.1094, 385.5891, 2227.668, 1411.886
219.6, 176.5967, 446.5724, 13.12783, 179.9168, 182.2531, 11.83944, 823.7521, 82.13114, 377.0109, 710.9739, 523.9483, 244.5523, 3.474218, 308.961, 141.2708, 866.4135, 168.1764, 647.1994, 367.5611, 2219.647, 1612.821
219.7, 174.3465, 435.4355, 12.38646, 172.2152, 304.7706, 11.21366, 785.3782, 78.29051, 356.0265, 845.801, 494.7372, 231.527, 3.331418, 353.3093, 135.0712, 827.6549, 222.7292, 614.9777, 350.3759, 2125.215, 1752.64
219.8, 166.1564, 412.8384, 11.68695, 164.8433, 285.0534, 10.62096, 748.7919, 74.62948, 336.2101, 874.7609, 467.1548, 219.1955, 3.194486, 431.4562, 129.1437, 790.6301, 212.9568, 665.2742, 333.9943, 2352.144, 1730.392
219.9, 158.3509, 391.414, 11.02695, 157.787, 340.8376, 10.05958, 713.91, 71.13964, 317.4966, 849.3894, 441.11, 207.5208, 3.063184, 412.0445, 123.4763, 755.2617, 235.6177, 632.1526, 318.3785, 2252.074, 1651.14
220, 150.9122, 371.1014, 10.40422, 151.0327, 318.787, 9.527882, 680.653, 67.813, 317.2218, 806.6688, 416.5174, 196.4679, 2.937278, 393.5061, 118.0575, 721.4754, 293.171, 600.6799, 303.4929, 2242.55, 1575.517
220.1, 143.8229, 357.1092, 9.816655, 144.5676, 298.163, 9.024282, 648.9452, 64.64191, 299.5653, 766.0969, 393.2958, 186.0036, 2.816547, 375.8018, 112.8766, 689.2006, 280.3079, 699.7948, 289.3032, 2266.784, 1567.449
220.2, 137.0666, 338.5768, 9.262275, 138.3792, 278.8733, 8.547299, 618.7145, 61.61912, 388.9649, 795.4487, 371.3688, 176.0968, 2.700778, 358.8941, 107.9231, 719.825, 320.8309, 664.9545, 275.777, 2190.681, 1495.66
220.3, 147.8919, 332.012, 8.739202, 132.4556, 321.3957, 8.095529, 589.8922, 58.73767, 373.7715, 776.6953, 350.6644, 166.7176, 2.589769, 342.747, 103.1869, 687.624, 319.7372, 669.8349, 262.8831, 2274.237, 1427.158
220.4, 140.9444, 314.7821, 8.245668, 126.7857, 300.603, 7.667636, 562.4124, 55.99097, 352.9673, 737.6309, 331.1142, 157.8379, 2.483321, 327.3264, 98.65859, 726.3541, 305.7085, 636.4862, 250.5922, 2206.786, 1384.005
220.5, 134.3234, 304.6207, 7.780007, 121.3585, 281.1554, 7.262361, 536.2128, 53.37271, 333.3212, 765.4241, 312.654, 149.4312, 2.38125, 312.5997, 94.32899, 814.3647, 398.2035, 604.7978, 238.8758, 2288.245, 1504.423
220.6, 128.0134, 288.8123, 7.340643, 116.1636, 262.966, 6.878506, 511.2337, 50.87689, 415.4771, 828.7942, 295.223, 141.4722, 2.283373, 298.5355, 127.4119, 777.9344, 380.732, 574.6871, 227.7073, 2190.895, 1563.566
220.7, 121.9997, 287.3562, 6.926091, 111.191, 245.9534, 6.51494, 487.4183, 48.49778, 392.3516, 787.1094, 278.7638, 133.9372, 2.18952, 285.104, 129.9692, 743.1339, 364.0271, 546.0754, 217.061, 2113.607, 1491.954
220.8, 116.2686, 272.4438, 6.534951, 106.4314, 230.0414, 6.17059, 464.7122, 46.22992, 428.0756, 747.5212, 263.2222, 126.8035, 2.099524, 272.2769, 124.2656, 750.85, 348.0551, 558.6122, 206.9124, 2188.291, 1440.905
220.9, 110.8068, 299.1596, 6.165899, 101.8754, 275.7863, 5.844441, 443.0639, 44.06811, 404.2489, 780.2662, 248.5471, 120.0497, 2.013228, 290.6902, 118.8122, 717.261, 332.7839, 596.7779, 221.6674, 2144.468, 1439.15
221, 105.6015, 283.6346, 5.817689, 97.5145, 257.9443, 5.535532, 422.4241, 42.00739, 381.7484, 741.0222, 234.6901, 113.6557, 1.930478, 277.6117, 113.5982, 735.7996, 318.1827, 567.0665, 211.3034, 2053.234, 1563.777
221.1, 100.6407, 304.7477, 44.73822, 93.34026, 241.2565, 5.242949, 402.7458, 40.04303, 379.1284, 750.2587, 298.4836, 107.6022, 1.85113, 265.1216, 108.613, 702.884, 304.2222, 630.6414, 217.9674, 1965.882, 1586.197
221.2, 95.91294, 288.9326, 133.5898, 89.34471, 287.8621, 4.965831, 383.9841, 38.17054, 412.0374, 712.5239, 281.8426, 101.8711, 1.775043, 253.1935, 103.8465, 671.4408, 342.7044, 804.9834, 207.7765, 2166.198, 1513.549
221.3, 91.4073, 273.9384, 126.0455, 183.693, 269.2388, 4.70336, 366.0965, 36.3856, 391.8176, 676.6871, 266.1294, 96.44527, 1.702083, 241.802, 99.28928, 641.4042, 327.668, 764.9061, 258.0351, 2197.768, 1444.228
221.4, 87.11331, 317.5107, 118.9273, 192.1901, 251.8204, 4.454762, 349.0421, 34.68413, 396.1759, 642.6526, 251.2922, 91.30843, 1.632123, 279.3794, 94.93201, 612.7112, 313.2913, 825.7712, 245.9708, 2205.698, 1416.978
221.5, 83.02104, 301.0333, 112.211, 183.9631, 235.5288, 4.219305, 332.7823, 33.06222, 374.1248, 610.33, 237.2822, 86.44518, 1.565038, 266.8098, 90.76595, 585.3019, 299.5454, 784.6589, 234.4706, 2111.859, 1392.541
221.6, 79.12101, 319.5545, 105.8741, 217.4473, 220.2912, 3.996292, 317.2798, 31.51616, 353.301, 579.6331, 224.0533, 81.84097, 1.50071, 254.8057, 86.78272, 559.1187, 286.4026, 838.9585, 223.508, 2236.903, 1328.762
221.7, 75.40419, 302.9711, 99.895, 208.1391, 206.0394, 3.785066, 302.4995, 30.0424, 386.0314, 550.48, 211.5619, 77.48198, 1.439026, 270.2384, 82.9743, 534.1068, 273.8365, 797.1898, 213.058, 2370.416, 1306.049
221.8, 71.86198, 287.2483, 94.25358, 199.2295, 192.7097, 3.585005, 288.4078, 28.63755, 568.494, 522.7933, 326.3905, 73.35516, 1.379878, 258.0801, 79.333, 510.2137, 261.8217, 757.5005, 203.0966, 2289.075, 1316.173
221.9, 68.48616, 272.3414, 88.93075, 190.7012, 241.728, 3.395518, 274.9725, 27.2984, 586.5566, 551.0813, 358.3184, 102.7752, 1.323161, 246.4688, 162.9893, 487.3896, 250.334, 719.7872, 193.6009, 2191.688, 1255.892
222, 65.26893, 258.2081, 140.3584, 182.538, 240.4196, 3.216047, 262.1631, 26.02186, 553.9089, 676.4648, 338.3415, 118.5034, 1.268775, 235.3799, 155.8366, 507.7525, 239.3504, 683.9516, 184.5491, 2098.446, 1198.372
222.1, 62.20283, 244.8083, 132.4319, 174.7242, 224.8656, 3.046062, 249.9504, 24.80503, 523.0784, 714.6011, 470.5197, 112.1917, 1.216625, 235.806, 181.0208, 567.6675, 311.9395, 649.9001, 175.9206, 2118.92, 1299.995
222.2, 59.28077, 232.1039, 124.953, 167.2449, 210.3179, 2.885061, 238.3067, 23.64509, 628.6942, 896.9823, 557.9182, 106.2162, 1.166618, 225.1968, 394.8005, 692.1238, 467.5182, 617.5439, 167.6956, 2103.243, 1329.059
222.3, 56.49597, 220.0587, 205.8699, 214.3832, 196.7114, 2.73257, 227.2053, 22.53939, 593.701, 1331.927, 526.8132, 100.5589, 1.118667, 215.0649, 377.4749, 688.2988, 447.0055, 586.7986, 159.855, 2013.763, 1573.863
222.4, 81.77442, 208.6387, 220.0634, 205.2062, 291.2746, 2.588139, 216.6211, 21.4854, 560.6557, 1437.142, 497.4424, 95.20296, 1.072686, 205.3889, 360.9095, 665.4707, 427.3927, 557.584, 152.3811, 1928.09, 1787.05
222.5, 77.93295, 197.8113, 207.6356, 196.4221, 272.4305, 2.451342, 206.53, 20.4807, 529.4496, 1493.813, 469.7091, 90.13229, 1.028596, 196.1483, 345.0711, 717.3907, 408.6405, 581.2258, 145.2566, 2004.836, 1733.626
222.6, 74.27194, 316.2754, 195.9097, 188.014, 254.8056, 2.321775, 196.9089, 19.52298, 499.9805, 1547.533, 443.522, 85.3317, 0.9863174, 187.3233, 329.9278, 685.2985, 447.4302, 552.2886, 138.4652, 2023.109, 1692.774
222.7, 112.3981, 299.8622, 184.846, 179.9658, 266.8459, 2.199057, 187.736, 18.61004, 472.1516, 1528.972, 418.7949, 80.78678, 0.9457768, 178.8954, 315.4491, 702.2551, 439.9866, 611.6421, 131.9913, 2057.875, 1784.294
222.8, 107.118, 284.3007, 174.4071, 172.2621, 249.5823, 2.082825, 178.9905, 17.73979, 445.8717, 1567.353, 395.4463, 76.48394, 0.9069026, 170.8467, 301.6057, 670.8401, 420.6819, 581.1906, 125.8201, 1970.325, 1712.789
222.9, 115.3634, 269.5468, 164.5577, 164.8882, 233.4355, 1.972736, 170.6523, 16.91024, 421.0545, 1488.522, 373.3994, 72.41028, 0.8696262, 163.1601, 288.3698, 658.055, 424.3402, 600.6272, 119.9374, 1965.915, 1739.404
223, 109.944, 255.5585, 155.2646, 157.83, 218.3333, 1.868467, 162.7026, 16.11948, 397.6186, 1413.656, 352.5818, 68.55358, 0.833882, 155.8194, 275.7148, 628.6172, 405.722, 639.4116, 114.3298, 2036.386, 1659.739
223.1, 104.7793, 242.2962, 146.4962, 232.8159, 204.2082, 1.769708, 155.1232, 15.3657, 375.4872, 1342.555, 332.9247, 64.9023, 0.799607, 148.8089, 263.6152, 600.4963, 387.9206, 684.318, 108.9844, 2163.32, 1675.187
223.2, 99.85712, 229.7221, 138.2231, 222.8499, 190.9969, 1.67617, 329.2425, 14.64717, 354.5876, 1275.031, 314.3635, 61.44549, 0.7667409, 142.1138, 252.0465, 722.8086, 370.9002, 760.3193, 103.8889, 2071.284, 1598.463
223.3, 95.16619, 217.8006, 130.4172, 213.3105, 178.6404, 1.587575, 313.9049, 13.96223, 334.8512, 1210.902, 296.8372, 58.1728, 0.7352256, 135.7199, 240.9856, 690.4741, 407.8236, 894.7489, 99.03159, 2037.126, 1611.04
223.4, 127.8981, 206.4978, 123.052, 204.1795, 167.0832, 1.503663, 299.2819, 13.30933, 316.2134, 1149.999, 280.288, 83.39231, 0.7050056, 145.3955, 230.41, 659.586, 389.93, 928.369, 94.40142, 2020.774, 1537.254
223.5, 121.89, 195.7815, 116.1029, 195.4393, 227.4781, 1.424186, 347.7037, 12.68696, 298.613, 1092.159, 264.6614, 78.9507, 0.6760278, 293.5383, 220.2985, 630.0797, 372.8215, 882.1487, 89.98772, 2018.498, 1466.847
223.6, 116.164, 210.2, 109.5461, 187.0732, 212.7614, 1.348911, 331.5062, 12.09369, 281.9922, 1037.228, 249.9061, 74.74565, 0.6482411, 280.3316, 210.6308, 601.8934, 356.4637, 838.2297, 85.78039, 2070.533, 1399.665
223.7, 110.707, 199.2916, 103.3597, 179.0653, 198.9968, 1.277613, 362.6433, 11.52816, 266.2965, 985.0601, 235.9734, 70.76457, 0.6215965, 267.7192, 201.3874, 574.968, 340.8235, 796.4972, 81.76977, 2102.137, 1453.286
223.8, 105.5064, 188.9493, 97.5226, 171.4002, 220.9934, 1.210085, 345.7498, 72.39556, 251.4745, 1067.83, 222.8174, 66.99553, 0.596047, 255.6742, 192.5495, 549.247, 395.1927, 756.8424, 77.94666, 2028.094, 1386.726
223.9, 100.5501, 179.1437, 92.01516, 164.0632, 206.6962, 1.146125, 329.6433, 69.01019, 237.4774, 1114.762, 210.395, 63.42723, 0.5715477, 244.1711, 184.0996, 524.6767, 415.2927, 719.1619, 74.3023, 2084.1, 1337.739
224, 95.82663, 169.8469, 86.81874, 157.0402, 193.3239, 1.085546, 314.2871, 78.38841, 224.2594, 1131.072, 198.6651, 60.04899, 0.5480554, 233.1856, 176.0204, 501.2055, 397.0714, 876.0512, 70.82833, 2124.752, 1322.708
224.1, 100.2988, 166.7716, 81.91579, 208.7751, 180.8168, 1.028169, 299.6462, 74.7228, 211.7771, 1074.184, 187.5891, 56.85068, 0.5255287, 222.6943, 168.2958, 478.7843, 379.6495, 832.4357, 67.51678, 2034.357, 1262.128
224.2, 95.5871, 158.1169, 77.28972, 199.8382, 169.1188, 0.9738251, 285.6874, 131.3581, 199.9896, 1037.699, 177.1307, 53.82272, 0.5039279, 212.675, 160.9102, 457.3661, 362.9921, 790.9917, 64.36007, 1947.807, 1308.498
224.3, 98.39609, 149.9114, 72.9249, 191.2839, 158.1777, 0.9223532, 272.3789, 125.2155, 188.8582, 1046.069, 167.2553, 50.95603, 0.483215, 203.1066, 165.5291, 436.9061, 373.3272, 776.2562, 61.35094, 2106.697, 1281.833
224.4, 93.7738, 164.5922, 99.72316, 183.0957, 147.9443, 0.8736019, 299.3294, 119.3602, 178.3464, 993.4567, 157.9306, 48.24202, 0.4633535, 193.9686, 193.056, 417.3613, 356.9472, 737.6091, 58.48251, 2070.302, 1363.605
224.5, 102.1431, 188.5432, 94.09145, 175.2581, 138.373, 0.8274274, 388.4536, 113.7786, 168.4196, 943.4902, 149.1256, 45.67257, 0.4443083, 185.2417, 184.5838, 398.6908, 341.2859, 700.8862, 55.74819, 2096.798, 1301.152
224.6, 97.34476, 178.7587, 88.77777, 167.7559, 129.421, 0.7836934, 370.3577, 108.4581, 159.0454, 944.1211, 140.8116, 43.23997, 0.4260459, 176.9075, 176.4834, 380.8556, 387.5579, 665.9915, 53.14171, 2007.592, 1241.559
224.7, 110.1304, 198.6889, 83.76418, 196.1897, 121.048, 0.742271, 353.1049, 126.0065, 150.1929, 911.2642, 132.9611, 40.93694, 0.4085341, 168.9482, 168.7385, 363.8182, 370.5535, 876.6665, 50.65709, 2070.1, 1459.648
224.8, 143.4901, 188.3778, 79.03373, 187.7916, 113.2168, 0.703038, 405.0971, 120.1141, 141.8332, 939.4633, 125.5483, 38.75657, 0.3917422, 161.347, 161.3335, 347.543, 354.2952, 847.2276, 48.28864, 2170.686, 1392.796
224.9, 136.7495, 178.6019, 121.0306, 179.7529, 105.8922, 0.6658787, 386.226, 114.4973, 133.9388, 956.0201, 118.5488, 36.69233, 0.3756404, 154.0878, 176.9749, 399.1579, 338.7502, 805.0471, 46.03093, 2134.517, 1402.936
225, 130.3255, 203.5564, 114.1955, 172.0583, 99.04153, 0.6306834, 368.2339, 109.1432, 126.4838, 907.9365, 111.9395, 34.73803, 0.3602005, 147.1552, 169.2084, 381.3018, 382.5976, 764.9667, 43.87878, 2067.233, 1338.681
225.1, 124.2033, 192.9927, 120.1817, 164.6932, 92.63402, 0.5973483, 351.08, 104.0394, 119.4437, 862.2712, 105.6986, 32.88783, 0.3453952, 140.5346, 161.7828, 364.2444, 365.8108, 726.8817, 41.82724, 1979.285, 1303.148
225.2, 118.3686, 182.9773, 113.3946, 179.3382, 86.64104, 0.5657753, 334.7251, 122.7748, 112.7955, 818.9027, 99.80573, 31.13616, 0.3311985, 134.2117, 154.683, 347.9501, 349.7606, 690.6929, 39.87163, 1895.078, 1243.464
225.3, 152.3344, 173.4816, 106.9908, 341.4003, 81.03579, 0.535871, 404.873, 117.0336, 106.5173, 777.7155, 94.24139, 29.4778, 0.3175852, 128.1734, 147.8948, 332.3847, 334.4145, 731.9487, 38.00745, 2011.919, 1186.513
225.4, 145.1783, 164.4787, 171.5859, 581.9614, 75.79317, 0.5075474, 386.0122, 111.5608, 100.5885, 738.5997, 88.98726, 27.90776, 0.3045315, 122.4067, 141.4045, 317.5156, 319.7418, 695.5076, 36.23043, 1970.008, 1254.884
225.5, 138.3583, 155.943, 161.8958, 662.4191, 70.88972, 0.4807208, 492.1212, 106.344, 94.98977, 701.4514, 84.02606, 26.42135, 0.2920144, 116.8995, 135.199, 334.468, 305.7129, 858.6057, 34.5365, 1965.572, 1231.102
225.6, 169.3032, 147.8503, 152.753, 712.7495, 66.3035, 0.4553121, 469.1961, 101.3711, 89.70264, 666.1714, 79.34146, 25.0141, 0.2800117, 111.6401, 129.2658, 363.1131, 292.2995, 815.8588, 32.92176, 1970.862, 1174.717
225.7, 161.3499, 140.1775, 171.8952, 682.2393, 62.01398, 0.4312464, 494.9347, 96.63081, 84.7098, 632.6659, 74.91803, 23.68181, 0.2685024, 106.6173, 123.5931, 346.8694, 279.4746, 891.7343, 31.38251, 1895.498, 1120.915
225.8, 153.7703, 132.903, 177.8311, 665.8228, 58.00198, 0.4084527, 501.2018, 92.11214, 79.99486, 600.8456, 70.74121, 22.42048, 0.2574662, 101.8204, 118.1692, 331.3524, 267.2124, 847.338, 29.91524, 2011.432, 1069.577
225.9, 146.5467, 126.0059, 167.7883, 637.3214, 54.24953, 0.3868638, 512.0084, 87.80477, 75.54235, 570.6257, 66.79726, 21.22632, 0.2468836, 97.23941, 112.9834, 316.5294, 331.7723, 805.152, 28.51657, 2029.742, 1067.059
226, 139.6625, 119.4668, 158.3127, 685.7986, 72.2415, 0.3664159, 488.1569, 83.69883, 71.33767, 541.9257, 63.0732, 20.09577, 0.2367359, 92.8645, 109.6335, 302.3697, 317.2155, 765.0663, 27.18329, 1943.389, 1091.241
226.1, 167.665, 113.267, 149.3723, 656.4421, 98.88451, 0.3470489, 542.6027, 79.78489, 108.8583, 514.6691, 59.55675, 19.02544, 0.2270054, 88.68642, 172.0807, 288.8433, 303.2975, 726.9764, 25.91234, 1860.709, 1119.144
226.2, 215.4574, 119.2436, 163.1152, 628.3423, 93.53398, 0.3287055, 531.4109, 76.05398, 102.7993, 488.7835, 56.23635, 18.01211, 0.2176748, 84.69632, 208.7115, 275.922, 289.99, 714.9083, 24.70082, 1961.596, 1067.887
226.3, 229.4608, 113.0554, 153.9035, 601.4453, 156.718, 0.3113317, 506.6555, 72.49753, 300.5944, 640.7987, 256.9874, 17.05275, 0.2087277, 80.88573, 199.5522, 372.6233, 277.2665, 679.3156, 23.54595, 1924.906, 1018.978
226.4, 218.6815, 126.6318, 164.6464, 640.7889, 146.5791, 0.2948761, 517.1761, 203.3712, 328.3521, 608.5693, 441.502, 16.1445, 0.2001484, 77.2466, 190.795, 430.3184, 265.1012, 751.5212, 22.44507, 1949.618, 994.619
226.5, 208.4087, 120.0602, 161.1745, 613.3591, 137.0962, 0.2792903, 493.0839, 193.8611, 310.0761, 577.9609, 416.8875, 15.28461, 0.1919217, 73.77119, 254.2906, 489.5939, 253.4697, 867.0804, 21.39566, 1984.495, 1077.581
226.6, 214.5103, 113.8296, 152.0724, 587.1034, 150.6819, 0.2645283, 541.489, 268.2122, 292.8173, 548.892, 393.6452, 14.47053, 0.1840332, 117.6455, 243.1312, 467.6921, 242.3485, 823.9116, 20.39532, 1941.013, 1079.212
226.7, 204.4334, 107.9223, 283.0566, 581.0748, 610.1227, 0.2505466, 568.7701, 264.0232, 276.5191, 521.2852, 371.6988, 13.6998, 0.1764688, 287.2669, 232.4615, 446.7701, 231.7152, 782.8919, 19.44174, 2048.91, 1076.391
226.8, 201.743, 134.3813, 267.0714, 617.4695, 767.2989, 0.2373039, 721.4581, 302.9473, 261.128, 495.0668, 350.9759, 12.97013, 0.1692155, 274.3424, 222.26, 426.7841, 221.5485, 811.8223, 18.53275, 2089.449, 1027.092
226.9, 192.2659, 127.4075, 251.989, 612.9487, 1045.917, 0.2247611, 737.5807, 434.9119, 246.5936, 512.8771, 331.4084, 12.27932, 0.1622602, 261.9994, 212.5062, 445.6226, 211.8279, 771.4045, 17.66626, 2000.556, 980.0514
227, 208.9521, 120.7956, 237.7583, 599.9344, 2129.057, 0.2128813, 907.4606, 541.9388, 232.8683, 682.2553, 312.9318, 33.21557, 0.1555908, 250.2118, 203.1804, 425.6878, 202.5338, 732.999, 16.84029, 1915.444, 993.3052
227.1, 233.3414, 114.5269, 224.3312, 667.8849, 2606.694, 0.2016293, 1286.512, 667.4552, 219.9068, 647.9409, 295.4853, 31.44645, 0.1491956, 238.9545, 194.2639, 406.6449, 251.3308, 696.5056, 16.05293, 2228.718, 947.8116
227.2, 222.3798, 108.5835, 211.6625, 649.2354, 2761.505, 0.1909721, 1356.144, 636.2435, 207.6668, 671.3895, 279.0114, 29.77156, 0.1430632, 228.2036, 216.8995, 388.4538, 240.3035, 706.7923, 15.30238, 2374.73, 904.4017
227.3, 211.9332, 102.9485, 199.7092, 702.3304, 2689.7, 0.1808783, 1292.969, 606.4914, 196.1081, 723.6422, 263.456, 28.18588, 0.1371829, 217.9365, 207.381, 371.0765, 514.4794, 728.1122, 14.58692, 2273.7, 862.98
227.4, 201.9774, 143.0925, 188.4309, 694.1065, 2515.69, 0.1713179, 1269.54, 578.1306, 185.1927, 687.2461, 248.7679, 31.21401, 0.1315443, 208.1313, 198.2801, 354.4766, 732.2606, 691.8621, 13.90492, 2176.968, 823.4554
227.5, 233.3624, 188.6772, 177.7895, 664.3943, 2352.937, 0.1622628, 1210.399, 551.0959, 174.8849, 659.3882, 234.8986, 29.55149, 0.1261374, 198.7672, 189.5787, 338.6192, 700.1321, 700.0792, 13.2548, 2084.351, 785.741
227.6, 238.9512, 178.8857, 167.7491, 635.954, 2200.713, 0.1536863, 1154.014, 525.3254, 210.2687, 654.2898, 221.8026, 27.97753, 0.1209528, 189.8244, 181.2591, 323.4713, 757.2033, 761.3312, 12.63508, 1995.675, 749.754
227.7, 379.1239, 169.6023, 158.2758, 759.9553, 2058.338, 0.1455632, 1100.255, 500.7601, 231.1153, 621.3818, 209.4367, 26.4874, 0.1159813, 231.058, 173.3046, 309.0009, 723.9804, 723.4272, 12.04433, 2017.281, 715.4151
227.8, 373.005, 223.1898, 181.8593, 827.6747, 1963.077, 0.1378694, 1049, 477.3434, 218.2514, 590.129, 197.7602, 25.07664, 0.1112141, 220.6624, 165.6992, 295.1779, 692.2151, 687.4104, 11.4812, 2122.909, 824.6189
227.9, 362.3779, 235.398, 171.5891, 792.2451, 2221.59, 0.1305822, 1063.552, 455.0218, 206.1035, 560.4481, 186.7348, 23.74101, 0.1066429, 210.7346, 158.4275, 281.9733, 661.8436, 705.7025, 10.94441, 2039.604, 902.8865
228, 345.3547, 223.1819, 161.8989, 809.8564, 2352.021, 0.1236803, 1154.661, 433.744, 194.6318, 532.26, 176.324, 22.47652, 0.1022595, 201.2534, 180.3624, 319.451, 767.3615, 670.5681, 10.4327, 2067.516, 861.5342
228.1, 342.2328, 211.5998, 152.7559, 775.1894, 2354.017, 0.1171431, 1100.872, 413.4612, 183.7986, 505.4897, 166.4936, 21.27939, 0.09805638, 192.1988, 187.6187, 305.1605, 1269.677, 637.1829, 9.944928, 2097.932, 822.0758
228.2, 326.1559, 200.6187, 144.1292, 758.7291, 2201.724, 0.1109515, 1049.589, 394.1269, 173.5684, 480.0657, 157.2113, 64.77022, 0.09402597, 183.5515, 179.3851, 291.5093, 1955.562, 605.4598, 9.479958, 2008.678, 784.4246
228.3, 310.8343, 239.291, 135.9897, 726.2507, 2059.283, 0.1050871, 1000.695, 375.6966, 163.9076, 499.3519, 148.4464, 61.32045, 0.09016123, 175.2933, 171.5128, 328.5766, 2064.61, 667.3502, 9.036727, 1944.91, 748.4979
228.4, 296.2324, 226.8729, 183.8246, 813.8453, 1926.057, 0.09953266, 986.7856, 358.1282, 154.7845, 474.2367, 140.1703, 68.42699, 0.08645534, 167.4067, 163.9861, 313.8778, 1974.024, 634.1252, 8.614219, 1862.166, 714.2166
228.5, 291.874, 215.0993, 173.4434, 860.1356, 1801.45, 0.09427183, 940.8168, 341.3814, 146.1692, 486.6901, 132.3555, 64.78246, 0.08290177, 159.8749, 177.6979, 299.8367, 2080.556, 839.3547, 8.211465, 1974.472, 681.5053
228.6, 296.4307, 203.9366, 163.6484, 862.8174, 1784.819, 0.08928906, 896.9895, 325.4176, 180.3174, 462.2117, 124.9765, 99.73582, 0.07949426, 152.6819, 169.8997, 286.4236, 2031.997, 797.5662, 7.827542, 1890.47, 650.2922
228.7, 282.5055, 256.9912, 154.4066, 852.9261, 1669.35, 0.08456966, 926.2528, 310.2004, 170.2809, 495.2475, 118.0088, 133.298, 0.07622682, 145.8126, 200.7109, 273.6106, 1942.841, 757.8582, 7.461569, 1810.042, 620.5087
228.8, 269.2344, 243.6546, 145.6867, 937.2153, 1561.351, 0.08009969, 883.1039, 295.6948, 197.52, 581.4763, 111.4296, 166.0944, 0.07309367, 139.2523, 258.8685, 261.3708, 1905.347, 777.6883, 7.112707, 1733.036, 716.469
228.9, 256.5867, 231.01, 137.4593, 897.0966, 1500.346, 0.075866, 926.8755, 281.8674, 186.5261, 552.2305, 105.2172, 157.248, 0.0700893, 132.9872, 247.5082, 249.6785, 2061.327, 751.8511, 6.780155, 1841.729, 734.1979
229, 244.5332, 236.0779, 199.9262, 1023.855, 1405.619, 0.07185607, 883.6977, 268.6867, 176.144, 582.1737, 99.35117, 148.8727, 0.06720842, 127.004, 236.6464, 238.5092, 1998.91, 714.4191, 6.463152, 1920.579, 700.5715
229.1, 263.2562, 277.5937, 188.6356, 980.0276, 1338.102, 0.0680581, 987.1672, 256.1223, 166.3399, 552.8929, 93.81216, 140.9435, 0.06444596, 121.2899, 226.2612, 227.8396, 2006.371, 678.8507, 6.16097, 2002.238, 694.2423
229.2, 335.0428, 348.4475, 230.2911, 1051.904, 1262.117, 0.06446086, 941.1807, 244.1455, 157.0814, 589.8822, 88.58196, 222.4612, 0.06179704, 115.8329, 340.6309, 217.6473, 2027.13, 645.0532, 5.872917, 1917.055, 662.4459
229.3, 319.3037, 330.3647, 217.2858, 1019.183, 1253.633, 95.38211, 897.3364, 232.7287, 148.3382, 607.6077, 83.64336, 289.2064, 0.059257, 110.6215, 325.6824, 207.9109, 2338.757, 612.9382, 5.598331, 1835.496, 632.1058
229.4, 410.6815, 345.3457, 205.0149, 975.5554, 1172.529, 90.34065, 855.5346, 221.8458, 168.8766, 601.2527, 78.98009, 344.0763, 0.05682136, 105.6445, 311.39, 198.6101, 2848.068, 638.9421, 5.336584, 1966.516, 653.9843
229.5, 391.3892, 524.2311, 193.437, 933.7954, 1163.817, 85.56567, 894.5819, 211.4718, 159.4769, 594.9487, 74.57681, 325.7502, 0.05448584, 100.8914, 297.7247, 189.7254, 3219.979, 607.1315, 5.087074, 1882.853, 652.2866
229.6, 373.0031, 591.0181, 182.5129, 939.5098, 1088.524, 81.04306, 1046.497, 201.5829, 150.6004, 650.5115, 70.41901, 568.4154, 0.05224631, 96.3522, 437.8602, 181.2381, 3287.874, 576.9045, 4.84923, 1894.347, 677.5795
229.7, 427.1108, 1078.27, 172.2058, 947.6958, 1018.101, 76.7595, 997.7463, 192.1565, 142.218, 768.2476, 66.49303, 580.3853, 0.05009883, 174.7525, 545.8105, 173.1305, 3329.941, 548.1825, 4.622507, 1813.754, 646.5462
229.8, 407.0467, 1022.313, 162.4807, 907.1284, 952.235, 72.70235, 951.267, 183.1708, 172.9677, 729.6081, 62.78592, 549.473, 0.04803962, 166.8902, 521.8578, 165.3856, 3518.671, 520.8904, 4.406384, 1849.289, 668.782
229.9, 387.9251, 969.2595, 153.3049, 868.2976, 890.63, 68.85963, 906.9529, 174.6054, 163.3403, 692.912, 59.28549, 555.4703, 0.04606505, 159.3816, 498.9562, 157.9872, 3538.711, 494.9572, 4.200365, 1874.571, 638.1517
230, 369.7018, 945.3096, 144.6472, 899.7025, 833.0106, 65.22003, 864.7031, 166.4404, 154.2488, 658.0615, 55.98022, 568.1432, 0.04417164, 152.2109, 477.0597, 150.9197, 3444.383, 510.8314, 4.003979, 1794.819, 608.9243
230.1, 352.3346, 896.2524, 136.4785, 877.9566, 779.1188, 61.7728, 824.4215, 158.6573, 145.6633, 624.9639, 52.85922, 537.8829, 0.04235606, 199.3264, 456.1241, 144.1683, 3358.28, 485.3989, 3.816775, 1718.46, 581.0355
230.2, 335.7832, 849.741, 128.7711, 840.3745, 813.7437, 58.50778, 786.0164, 151.2382, 137.5557, 593.5309, 49.91222, 509.2344, 0.0406151, 190.3585, 436.1073, 137.719, 3210.933, 565.8805, 3.638323, 1750.093, 554.424
230.3, 320.0093, 805.6433, 121.4989, 816.947, 788.6281, 55.41533, 749.4004, 144.166, 129.8994, 563.6788, 47.12953, 482.1117, 0.0389457, 181.7941, 416.9689, 131.5582, 3259.816, 537.7073, 3.468215, 1675.637, 529.0312
230.4, 304.9764, 763.8341, 114.6374, 806.0952, 737.6076, 52.48633, 784.1714, 137.4244, 122.6692, 535.3282, 44.50197, 534.3124, 0.03734491, 173.6149, 398.6704, 207.7364, 3116.789, 677.9713, 3.30606, 1604.349, 504.8015
230.5, 290.6497, 724.1946, 109.1885, 771.5892, 689.8879, 49.71215, 747.6414, 130.9982, 145.9312, 508.4036, 42.02091, 505.854, 0.03580993, 165.8038, 381.1749, 198.4434, 3036.378, 644.2175, 3.151487, 1536.094, 560.3876
230.6, 276.996, 686.6122, 103.0222, 859.5038, 645.2555, 47.08459, 712.813, 124.8724, 221.5068, 482.8331, 39.67817, 478.9113, 0.03433803, 158.3441, 364.4471, 189.5661, 2903.155, 612.1442, 3.004141, 1543.72, 534.7218
230.7, 343.7457, 650.9802, 135.5389, 822.7117, 603.5106, 44.59592, 679.6071, 119.0331, 262.8583, 458.5487, 37.46604, 453.4037, 0.03292664, 151.22, 348.4535, 181.086, 2775.776, 581.6677, 2.863683, 1506.994, 510.2315
230.8, 327.5977, 629.2089, 127.8845, 829.6144, 564.4663, 42.23878, 647.9481, 113.4669, 248.2277, 435.4857, 35.37724, 496.8649, 0.03157326, 144.4165, 333.1618, 172.9852, 2787.73, 552.7085, 2.729793, 1442.881, 486.8628
230.9, 391.9737, 798.4028, 120.6625, 847.398, 527.9481, 40.00624, 617.7639, 108.1609, 234.4113, 413.5826, 33.4049, 470.401, 0.03027551, 137.919, 318.5411, 165.2467, 2711.703, 611.1261, 2.602163, 1578.276, 529.1219
231, 373.5602, 756.9693, 113.8482, 811.124, 493.7924, 37.89169, 588.9858, 103.1031, 248.3563, 392.7812, 31.54251, 445.3466, 0.02903109, 131.7139, 313.0988, 186.8461, 2747.939, 580.7003, 2.4805, 1511.13, 600.9612
231.1, 356.0117, 717.686, 107.4188, 776.4028, 481.2263, 35.88891, 561.5483, 98.28175, 234.5328, 373.026, 29.78396, 421.6267, 0.02783783, 125.7879, 299.3585, 178.4876, 2627.371, 551.7893, 2.364526, 1485.522, 597.5847
231.2, 375.8813, 680.4414, 101.3525, 743.1678, 450.0933, 33.99199, 678.5271, 93.68588, 221.4787, 354.2644, 28.12345, 406.2471, 0.02669361, 120.1286, 286.2213, 306.2389, 2666.104, 524.3177, 2.253973, 1610.827, 694.0845
231.3, 358.2238, 722.5832, 95.62877, 711.3556, 452.277, 32.19533, 751.1197, 89.30492, 209.1512, 378.7536, 26.55552, 384.6096, 0.02559643, 347.1419, 273.6606, 292.5394, 2968.16, 498.2138, 2.14859, 1542.296, 662.2953
231.4, 341.3957, 685.0844, 108.7648, 833.769, 520.9694, 30.49364, 716.1293, 189.9511, 197.5098, 414.3759, 25.075, 364.1247, 0.02454434, 465.2246, 261.6511, 279.4528, 2837.929, 473.4095, 2.048134, 1490.777, 631.962
231.5, 325.3582, 649.5317, 186.857, 875.0447, 487.2652, 28.88188, 778.9644, 298.3065, 186.5164, 393.5346, 23.67702, 344.7308, 0.02353549, 444.2936, 250.1686, 292.6622, 2729.461, 449.8401, 1.952374, 1623.789, 603.0181
231.6, 310.074, 669.5457, 177.9541, 837.5872, 592.8666, 27.35532, 742.6769, 284.3571, 176.1349, 373.7415, 22.35699, 326.3698, 0.02256812, 424.3043, 239.19, 279.5701, 2609.704, 657.5952, 1.861092, 1582.693, 575.3997
231.7, 295.5078, 634.7993, 167.9044, 885.1549, 554.511, 25.90944, 795.2115, 271.0599, 166.3313, 457.765, 21.11055, 308.9868, 0.0216405, 497.5288, 228.6933, 364.6187, 2623.041, 624.8558, 1.774077, 1533.142, 549.0463
231.8, 281.6259, 834.7894, 158.4223, 847.2646, 518.6368, 24.53999, 877.689, 315.4018, 157.0733, 561.6535, 19.9336, 292.5297, 0.02075101, 508.9699, 218.6572, 426.534, 2557.375, 703.9157, 1.691131, 1528.2, 523.8999
231.9, 268.3962, 942.8674, 193.444, 913.5892, 485.0835, 23.24292, 836.8024, 300.653, 148.3306, 633.8427, 18.82226, 276.949, 0.01989808, 486.0708, 209.0615, 407.4532, 2445.168, 673.9926, 1.612063, 1463.184, 499.9052
232, 315.2893, 893.9369, 197.1082, 901.3652, 453.701, 22.01441, 797.8206, 286.5938, 140.0745, 601.9632, 17.77289, 272.4809, 0.01908021, 464.2019, 199.8869, 441.513, 2392.374, 703.5699, 1.536692, 1400.935, 477.0095
232.1, 376.1127, 908.4167, 185.9769, 862.7811, 424.3487, 20.85083, 997.2007, 273.192, 132.278, 592.591, 16.78202, 257.9681, 0.01829596, 468.9614, 191.1149, 421.7621, 2313.546, 687.9835, 1.464844, 1412.439, 455.1624
232.2, 358.4443, 917.1297, 175.4741, 825.8486, 396.8954, 19.74875, 950.7468, 316.3702, 124.9154, 702.0697, 15.84639, 244.2283, 0.01754394, 447.8623, 182.7279, 562.4033, 2274.608, 653.7312, 1.396356, 1470.029, 434.3159
232.3, 513.354, 869.5349, 429.2334, 872.0721, 371.2182, 18.70492, 906.457, 301.5761, 117.9626, 852.7255, 14.96292, 255.094, 0.01682283, 427.7125, 180.301, 613.9995, 2174.808, 621.1843, 1.33107, 1407.488, 414.4242
232.4, 489.2385, 852.5054, 404.9931, 891.7861, 444.0365, 17.71627, 864.2303, 331.1428, 111.3968, 809.8371, 14.12871, 317.7027, 0.01613137, 408.4692, 172.3886, 586.5325, 2209.591, 590.2577, 1.268837, 1451.813, 395.4435
232.5, 571.8331, 824.4025, 382.1217, 853.612, 415.3094, 16.77987, 823.9707, 315.6578, 105.1965, 769.1058, 13.34101, 300.7813, 14.67552, 390.0917, 164.8233, 560.2943, 2326.331, 603.9304, 1.209513, 1409.563, 470.8229
232.6, 666.1934, 826.4155, 360.542, 817.072, 388.4409, 15.89296, 785.5866, 350.788, 99.34125, 759.2356, 12.59723, 284.7612, 14.07231, 372.541, 157.5901, 575.5007, 2224.262, 605.0512, 1.152963, 1482.974, 505.6986
232.7, 727.2074, 834.997, 340.1809, 782.0962, 363.3107, 15.05293, 748.9906, 334.3844, 93.81192, 836.5752, 11.89491, 269.5944, 95.12225, 355.78, 150.6743, 549.7559, 2268.726, 642.9326, 1.099056, 1419.883, 690.653
232.8, 856.8213, 802.6204, 320.9697, 748.6176, 339.8062, 14.25731, 714.0994, 408.4764, 88.59035, 947.6727, 11.23175, 255.2353, 168.808, 339.773, 144.0621, 525.1628, 2208.022, 610.9233, 1.04767, 1359.475, 659.021
232.9, 816.5709, 760.9681, 302.8434, 716.572, 317.8224, 13.50373, 680.8336, 389.3752, 83.65942, 900.0089, 10.60556, 241.641, 161.8695, 324.4863, 187.7406, 543.4158, 2191.703, 580.5076, 0.9986871, 1374.963, 628.8377
233, 858.2581, 721.4773, 312.4121, 732.9075, 297.2608, 12.78998, 649.1174, 371.1671, 79.00294, 854.7424, 201.4869, 228.7708, 155.2162, 309.8873, 197.1939, 556.0923, 2224.932, 551.6061, 0.951994, 1316.467, 712.8367
233.1, 847.4296, 684.0359, 294.7691, 701.5344, 278.0294, 12.11397, 618.8787, 353.8105, 74.60564, 811.7526, 190.2537, 216.5861, 148.8363, 295.9451, 279.5306, 531.2158, 2230.802, 524.1436, 0.9074839, 1260.459, 764.726
233.2, 807.6204, 648.5375, 278.1224, 709.5193, 260.0423, 11.47368, 590.0486, 337.2656, 70.45309, 992.0468, 179.6467, 287.1859, 167.544, 282.6302, 267.2635, 507.4521, 2182.006, 498.0484, 0.865055, 1206.834, 729.7014
233.3, 769.6813, 614.8814, 262.4159, 726.4171, 243.2188, 10.86723, 562.5616, 321.4943, 66.53168, 942.1511, 251.6917, 271.8899, 160.6574, 269.9143, 270.6956, 503.8007, 2132.324, 473.2523, 0.8246097, 1155.491, 696.281
233.4, 733.5244, 582.9719, 247.5963, 695.3218, 227.4837, 10.29284, 536.3551, 306.4605, 62.82853, 894.765, 237.6594, 315.2093, 154.0539, 257.7706, 277.158, 481.2634, 2038.766, 449.6908, 0.7860554, 1150.635, 664.3912
233.5, 699.0661, 552.7183, 233.6137, 665.5576, 255.6216, 9.748808, 511.3694, 292.1298, 59.33149, 849.7622, 224.4095, 298.4207, 166.8046, 246.1732, 264.9951, 516.2177, 1968.534, 427.3022, 0.7493038, 1101.683, 633.962
233.6, 666.2265, 576.3482, 239.2055, 637.0676, 239.0841, 9.233531, 487.5476, 278.4692, 56.02911, 884.2888, 211.8983, 394.229, 159.9484, 235.0976, 253.3658, 493.1249, 2132.904, 496.2177, 0.7142704, 1054.813, 604.9265
233.7, 634.9296, 546.4384, 225.6967, 609.7971, 223.6165, 8.745489, 464.8355, 265.4474, 125.6095, 839.8129, 200.0846, 427.3637, 153.374, 224.5203, 242.247, 471.0652, 2076.937, 560.4896, 0.680875, 1035.422, 577.2207
233.8, 631.5461, 535.4023, 241.1359, 690.8572, 209.1496, 8.283243, 443.1815, 253.0345, 118.6181, 797.574, 188.9295, 404.6016, 147.0699, 214.4189, 231.6161, 485.8599, 1985.809, 532.5848, 0.649041, 991.3707, 550.7839
233.9, 601.8784, 578.7547, 227.5181, 661.2842, 195.6186, 7.845429, 422.5362, 241.202, 202.0848, 757.4595, 178.3963, 383.0518, 141.0249, 204.7719, 221.4517, 464.1252, 1898.68, 506.0693, 0.6186954, 1058.287, 525.5579
234, 573.6043, 568.064, 214.6694, 632.9771, 205.0399, 7.430756, 402.8526, 229.9229, 190.8368, 763.9119, 168.4504, 408.0475, 135.2284, 195.559, 247.5975, 443.3627, 1965.331, 480.8739, 0.5897686, 1013.264, 501.4873
234.1, 571.9149, 538.584, 202.5462, 605.8817, 199.5596, 7.038001, 384.086, 219.1712, 200.1132, 725.4905, 159.059, 386.3142, 129.6701, 186.7606, 238.4332, 423.5291, 1916.118, 572.929, 0.5621942, 1170.001, 478.5191
234.2, 719.3033, 510.634, 191.1077, 579.9461, 186.649, 6.666005, 366.1936, 208.9223, 296.1328, 908.2819, 203.5332, 365.7385, 173.7765, 178.358, 227.9697, 434.6645, 1916.091, 556.0953, 0.5359091, 1238.151, 456.6028
234.3, 730.1992, 484.1344, 180.3152, 581.0499, 174.5737, 6.313671, 349.1348, 199.1526, 323.2928, 965.6277, 299.509, 443.7367, 166.6338, 170.3335, 217.9653, 489.322, 1832.021, 528.4093, 0.5108529, 1204.206, 435.6904
234.4, 745.8208, 459.0101, 170.1322, 556.1773, 163.2796, 5.979959, 332.8706, 189.8398, 305.2984, 917.0608, 282.8109, 461.515, 159.7847, 162.67, 208.4, 467.4324, 1751.64, 605.0048, 0.4869682, 1152.974, 415.7357
234.5, 801.7958, 435.1895, 160.5242, 532.3694, 152.7162, 5.663886, 317.364, 180.9625, 352.1214, 870.9366, 267.0436, 436.934, 153.217, 155.3513, 199.2544, 479.5133, 1845.11, 574.8838, 0.4642003, 1103.922, 396.6949
234.6, 764.1303, 463.9238, 151.4589, 540.9167, 142.8362, 5.364519, 302.5799, 172.5003, 332.5224, 827.1323, 252.1555, 413.6621, 184.8968, 148.3618, 190.5102, 458.0625, 1764.155, 555.7299, 0.4424968, 1189.714, 378.5262
234.7, 759.6514, 439.8482, 142.9055, 532.8763, 201.614, 5.080976, 288.4844, 164.4338, 314.0142, 894.3215, 238.0974, 391.6298, 177.297, 141.6869, 182.1498, 609.7493, 1686.751, 605.5632, 0.421808, 1139.099, 361.1897
234.8, 723.9657, 417.0221, 134.8351, 654.8082, 188.5706, 4.812418, 275.0456, 156.7445, 296.5362, 872.4155, 224.823, 370.7709, 191.1726, 135.3122, 174.1562, 582.4724, 1612.744, 575.4143, 0.4020866, 1333.312, 344.6471
234.9, 750.8315, 395.3806, 127.2205, 626.7783, 176.371, 4.558056, 262.2328, 149.4148, 280.031, 828.5368, 212.2887, 351.023, 183.3149, 129.2244, 166.5134, 556.4158, 1596.037, 546.7665, 0.3832872, 1276.588, 451.0028
235, 748.73, 582.3896, 304.518, 599.9482, 164.9606, 4.317139, 250.0168, 142.4279, 264.4445, 847.1449, 351.3418, 332.3269, 175.7801, 123.4104, 223.3744, 531.5248, 1659.692, 519.5449, 0.3653668, 1290.672, 430.3468
235.1, 713.5574, 552.1663, 287.3208, 574.2666, 154.2885, 4.088955, 238.37, 135.7676, 326.0597, 844.4219, 331.7538, 367.9033, 197.5728, 117.8581, 213.5717, 677.5269, 1708.294, 727.6976, 0.3482843, 1272.554, 564.962
235.2, 712.7316, 523.5114, 271.0948, 549.6844, 144.3067, 3.872832, 227.2657, 129.4189, 307.9113, 801.9511, 313.258, 348.3081, 189.452, 112.5555, 385.3421, 647.218, 1795.185, 691.4681, 0.3320004, 1218.415, 539.0866
235.3, 679.2501, 496.3435, 293.2406, 596.4284, 134.9708, 3.668132, 216.6786, 123.367, 290.7729, 761.6165, 391.3222, 329.7567, 182.8786, 107.4915, 432.476, 618.265, 1716.42, 657.0424, 0.3164779, 1229.316, 514.3964
235.4, 664.1464, 470.5855, 276.6803, 605.8315, 126.2388, 3.474251, 206.5848, 117.598, 274.5885, 772.0803, 369.5053, 312.1933, 175.3618, 102.6553, 413.4969, 590.6072, 1641.111, 624.3306, 0.3016811, 1177.016, 592.4816
235.5, 632.9471, 446.1643, 261.0552, 592.6211, 118.0718, 3.290618, 196.9612, 112.0989, 259.3049, 733.248, 348.9047, 295.5653, 168.1539, 98.03674, 395.3508, 564.1867, 1604.278, 593.2474, 0.2875761, 1126.941, 565.3459
235.6, 603.2136, 423.0104, 246.3125, 567.2532, 110.4331, 3.116691, 187.7859, 106.8569, 244.872, 696.3688, 329.4526, 279.823, 161.2423, 93.62596, 384.2401, 538.9481, 1654.826, 563.7117, 0.2741306, 1166.862, 539.4529
235.7, 596.9199, 418.8758, 232.4024, 542.9711, 103.2886, 2.951957, 179.038, 101.8601, 392.103, 696.2944, 311.0851, 264.9192, 163.4706, 89.41362, 367.3778, 514.8384, 1582.219, 535.6465, 0.2613138, 1117.219, 540.6051
235.8, 568.8787, 439.7199, 219.2778, 563.3881, 96.60635, 2.795931, 170.6977, 97.09686, 370.2785, 845.8215, 372.9243, 250.8091, 253.3039, 85.3908, 432.3801, 491.8074, 1512.798, 508.9786, 0.2490962, 1134.437, 726.1714
235.9, 618.0603, 459.7, 206.8944, 539.2715, 90.35638, 2.648151, 162.7458, 92.5564, 664.7464, 874.9116, 352.1331, 237.4506, 242.8924, 81.54897, 438.455, 469.8066, 1624.847, 483.6384, 0.2374498, 1086.174, 860.3982
236, 589.0261, 435.8437, 195.2104, 516.1873, 84.51077, 2.508182, 155.1644, 88.22826, 671.7771, 830.9073, 553.2018, 463.1054, 232.9088, 77.87999, 439.459, 448.79, 1553.555, 613.2296, 0.226348, 1183.561, 874.918
236.1, 561.3558, 413.2254, 184.1861, 579.8735, 79.04333, 2.375611, 147.9362, 84.10251, 634.386, 816.722, 769.6041, 438.4397, 240.3768, 74.37608, 544.9241, 428.7136, 1623.649, 582.699, 0.2157652, 1133.208, 834.8467
236.2, 534.9853, 391.7809, 173.7845, 555.0512, 73.9296, 2.250047, 141.0447, 80.16969, 599.0762, 775.6445, 726.6973, 415.0876, 243.6931, 71.02982, 521.0103, 409.5353, 1552.41, 553.6885, 0.2056772, 1133.062, 849.8389
236.3, 509.8536, 391.5149, 163.9703, 589.3132, 113.3841, 50.3199, 134.4742, 76.42078, 565.7316, 761.4087, 686.1826, 509.6906, 233.6766, 67.83411, 498.1459, 391.2149, 1484.297, 546.845, 0.1960608, 1094.819, 901.5984
236.4, 485.9025, 393.8463, 154.7103, 564.0869, 113.7453, 47.66023, 128.2098, 72.84718, 534.243, 729.3617, 647.9267, 482.5436, 285.3999, 64.78217, 476.2849, 373.7141, 1419.172, 519.6196, 0.1868941, 1084.731, 860.3051
236.5, 551.6089, 373.4075, 145.9733, 539.9404, 106.3865, 45.14113, 122.2373, 69.44069, 504.5071, 692.678, 611.8036, 456.8425, 273.6691, 61.86755, 455.3834, 356.9962, 1356.905, 559.1326, 0.1781559, 1079.638, 820.903
236.6, 525.6964, 403.5478, 137.7296, 516.8275, 99.50381, 42.75518, 116.5429, 66.19349, 476.4263, 681.5745, 577.6945, 432.5103, 262.4205, 59.08406, 435.399, 377.4239, 1391.008, 531.2953, 0.1698263, 1121.561, 783.3055
236.7, 576.2144, 480.8279, 129.9516, 624.077, 108.4265, 40.49533, 111.1139, 63.09814, 449.9084, 666.2923, 545.4869, 409.4741, 251.6342, 56.4258, 416.2917, 360.54, 1341.976, 534.2398, 0.1618862, 1073.845, 747.43
236.8, 549.1459, 494.2682, 122.6127, 597.3626, 252.6518, 38.35494, 105.9377, 60.14753, 424.8665, 632.7807, 515.0751, 387.6648, 241.2913, 53.88713, 435.7424, 431.7457, 1301.587, 732.2043, 0.1543173, 1028.16, 713.1976
236.9, 586.9924, 561.3194, 115.6884, 571.7917, 236.3065, 36.32767, 101.0027, 57.3349, 401.2185, 619.8837, 486.3587, 367.0171, 231.3736, 51.46269, 547.2205, 412.4318, 1244.478, 784.8098, 0.1471022, 1017.051, 680.533
237, 586.2368, 532.1895, 109.1551, 547.3154, 332.097, 34.40756, 96.29753, 54.6538, 378.8867, 588.7062, 459.2433, 347.4692, 221.8634, 49.14733, 523.2059, 393.9818, 1216.858, 745.7369, 0.1402245, 1117.787, 649.3645
237.1, 558.6974, 504.5713, 102.9907, 523.8868, 310.6119, 32.58894, 91.81158, 52.09807, 357.7979, 611.2365, 433.6397, 328.9624, 228.6597, 46.93613, 535.6893, 376.3572, 1246.728, 764.0477, 0.1336684, 1102.703, 619.6235
237.2, 532.4518, 478.3863, 97.17444, 545.0021, 290.5168, 30.86644, 87.5346, 49.66185, 337.8829, 660.2126, 409.4635, 311.4413, 219.2611, 44.82442, 516.3846, 359.5211, 1192.027, 800.8494, 0.1274188, 1066.613, 681.9193
237.3, 511.8749, 453.5602, 91.68666, 521.6726, 271.7218, 29.23498, 83.45686, 47.33955, 319.0764, 627.0068, 386.6352, 294.8534, 210.2488, 42.80772, 493.7232, 343.438, 1139.726, 760.9779, 0.1214614, 1099.381, 650.6873
237.4, 487.8289, 558.5839, 86.5088, 520.9887, 254.1427, 27.68975, 79.56908, 45.12585, 301.3166, 595.4711, 365.0796, 298.5635, 201.6069, 40.88176, 472.0564, 372.8457, 1089.72, 723.0915, 0.1157825, 1188.855, 779.2173
237.5, 538.4769, 540.4411, 81.62334, 612.5181, 237.7009, 26.2262, 75.86241, 43.01567, 284.5453, 565.5215, 528.8851, 282.6615, 193.3203, 39.04244, 522.86, 356.1667, 1041.907, 846.0229, 0.1103692, 1138.276, 755.6465
237.6, 513.1812, 512.3947, 77.01379, 663.1165, 338.6819, 24.84001, 72.32841, 41.00417, 268.7076, 537.0782, 499.3988, 267.6065, 185.3743, 37.28587, 555.0398, 340.2337, 1083.984, 803.9024, 0.1052089, 1252.039, 745.8746
237.7, 489.0738, 501.5919, 72.66455, 634.731, 316.7708, 23.52708, 68.95905, 39.08672, 253.7513, 510.0655, 598.4315, 253.3533, 177.7549, 35.60834, 593.6438, 325.0135, 1036.424, 763.879, 0.1002899, 1251.04, 711.7134
237.8, 466.0989, 475.5616, 68.56093, 607.5605, 298.6545, 22.28355, 65.74664, 37.25894, 239.6275, 484.4114, 565.0678, 239.8593, 170.4486, 34.00628, 567.592, 310.4742, 1060.996, 769.1689, 0.0956009, 1435.946, 679.1169
237.9, 444.2033, 450.8821, 64.68906, 630.7366, 279.333, 21.10574, 62.68387, 35.51663, 226.2899, 460.0476, 533.5643, 227.084, 163.4427, 32.4763, 612.2997, 296.5853, 1014.444, 752.9273, 0.09113113, 1430.093, 715.5986
238, 423.3362, 427.4834, 61.03584, 618.5147, 261.2615, 19.99019, 59.76379, 33.8558, 213.6946, 436.9092, 503.8171, 214.9891, 156.7247, 31.01516, 585.4291, 283.3177, 1083.138, 715.4417, 0.08687034, 1369.252, 682.8241
238.1, 403.4494, 405.299, 57.58893, 641.2202, 244.3591, 18.9336, 56.97973, 32.27262, 201.8004, 414.9346, 643.2147, 203.5384, 150.2829, 29.61975, 559.7378, 270.6436, 1092.098, 679.8224, 0.08280876, 1310.998, 651.5507
238.2, 414.3025, 502.6383, 54.33669, 625.9044, 276.4764, 17.93286, 54.32537, 30.76349, 190.5682, 394.0652, 661.2295, 192.6976, 144.1058, 28.28712, 535.1739, 258.5365, 1044.182, 864.7829, 0.07893707, 1298.05, 621.7095
238.3, 394.8401, 476.5536, 51.2681, 599.1118, 258.5897, 16.98501, 51.79466, 29.32492, 179.9612, 452.2252, 624.3647, 182.4342, 138.1826, 27.01445, 511.688, 349.2959, 998.3672, 860.0827, 0.0752464, 1242.826, 715.0767
238.4, 376.2919, 451.8227, 48.37281, 621.5988, 268.3814, 16.08726, 49.38184, 27.95362, 169.9445, 429.4803, 589.5553, 172.7174, 132.5029, 25.79904, 489.2328, 333.6703, 1119.238, 868.412, 0.07172829, 1367.138, 682.326
238.5, 358.6151, 428.3752, 45.64103, 627.9573, 251.0184, 15.23697, 47.08142, 26.64645, 160.4854, 407.8793, 671.1764, 163.5182, 127.0566, 24.63832, 467.763, 318.7437, 1070.131, 825.1768, 0.06837466, 1308.974, 651.0754
238.6, 341.7686, 454.6741, 43.06353, 661.9604, 234.7787, 14.43161, 44.88817, 25.4004, 151.5528, 469.1508, 633.7571, 154.809, 121.8342, 23.52981, 447.2354, 304.4849, 1023.178, 784.0942, 0.06517784, 1311.08, 621.2561
238.7, 325.7136, 431.0786, 40.63158, 661.1589, 219.5897, 13.66882, 42.79708, 24.21263, 143.1174, 445.5546, 598.424, 224.5487, 168.3212, 22.47118, 427.6086, 290.8639, 978.2851, 872.8637, 0.06213048, 1255.302, 592.8025
238.8, 310.4127, 420.0495, 38.33697, 632.8571, 205.4418, 12.94635, 40.80341, 23.08039, 135.1515, 423.1451, 694.962, 212.5888, 161.4027, 21.46017, 449.5434, 277.8522, 935.3621, 829.4069, 0.0592256, 1300.433, 565.652
238.9, 295.8307, 398.2509, 36.17195, 605.7668, 192.1507, 12.26207, 38.90261, 22.0011, 127.6289, 444.6151, 656.2166, 201.266, 154.7685, 20.49466, 429.8153, 265.4226, 1029.129, 806.5751, 0.05645653, 1245.108, 712.9035
239, 281.9336, 377.5835, 34.12919, 602.4415, 179.7195, 11.61395, 37.09036, 20.97228, 120.5251, 422.2529, 818.4274, 190.5462, 305.948, 19.57258, 410.9531, 253.5491, 983.9753, 766.4186, 0.05381693, 1192.136, 705.0665
239.1, 268.6894, 437.0896, 32.2018, 576.6531, 275.6563, 11.00009, 35.36253, 19.99157, 113.8167, 552.5505, 878.4222, 223.1872, 293.3726, 136.9102, 501.061, 242.2066, 940.8026, 728.2613, 0.05130075, 1233.785, 672.7744
239.2, 323.2906, 465.6801, 30.38325, 551.9688, 269.4116, 10.41868, 33.71519, 115.0255, 107.4817, 536.698, 992.1918, 211.2999, 281.3141, 130.7504, 479.0721, 231.3716, 921.5103, 692.0037, 61.65804, 1181.295, 641.9612
239.3, 350.6468, 441.5134, 114.6525, 595.2714, 251.9819, 9.867994, 32.1446, 212.2518, 146.1871, 677.9049, 1216.057, 244.0142, 362.2943, 296.9627, 479.6609, 221.0213, 881.0782, 917.5056, 175.9709, 1288.974, 652.2098
239.4, 334.1747, 418.6009, 178.9619, 605.8162, 235.6799, 104.5108, 30.64716, 296.155, 176.0887, 686.1316, 1607.09, 231.0176, 542.9736, 283.602, 458.6111, 211.1341, 842.4202, 1067.129, 167.7435, 1234.136, 704.121
239.5, 354.2953, 396.8774, 185.4344, 674.2269, 350.1351, 98.98685, 29.21948, 473.0431, 355.5973, 651.6221, 1715.503, 598.7347, 616.418, 352.0132, 568.6956, 335.989, 891.1376, 1014.001, 381.9678, 1316.131, 739.2995
239.6, 337.6518, 376.2813, 249.1373, 691.5229, 327.4831, 111.2394, 27.85831, 450.9226, 373.2021, 618.8484, 2071.28, 566.8451, 720.8304, 358.4182, 543.7386, 416.798, 955.6482, 963.5173, 523.991, 1411.69, 705.4395
239.7, 321.7901, 356.754, 247.3038, 661.9213, 378.0276, 197.6974, 221.9345, 429.8365, 352.4297, 607.1372, 2307.072, 536.6539, 691.2022, 521.4392, 519.8768, 490.2602, 913.7183, 915.5472, 499.4921, 1351.631, 803.0295
239.8, 405.3949, 338.2401, 233.3377, 798.6921, 402.3094, 187.2481, 350.5156, 409.7364, 332.8134, 661.3617, 2178.449, 545.2184, 686.0043, 497.9791, 546.1897, 540.0793, 873.6282, 869.9653, 476.1385, 1334.358, 766.2507
239.9, 386.3509, 320.687, 220.1603, 764.503, 376.2819, 177.351, 334.1871, 434.2116, 314.2891, 628.0981, 2190.092, 516.1791, 657.8076, 725.2094, 526.6976, 623.4437, 1054.079, 826.6528, 594.2866, 1277.589, 832.1795
240, 443.2471, 304.0448, 207.7271, 765.0352, 517.7726, 310.9415, 318.6192, 413.9069, 296.7957, 856.8745, 2067.991, 598.077, 630.7697, 692.5814, 672.3514, 595.5543, 1007.831, 785.4967, 566.501, 1223.235, 794.0656
240.1, 422.4249, 288.2662, 195.996, 732.2869, 484.2752, 294.5066, 303.7766, 394.5517, 280.2761, 813.7774, 1952.697, 566.2224, 604.8432, 661.4214, 642.8455, 581.6631, 1008.609, 746.3896, 540.0145, 1269.466, 777.6464
240.2, 402.5809, 273.3065, 184.9274, 700.9404, 452.945, 278.9403, 289.6253, 376.1016, 264.676, 772.848, 1843.83, 536.0645, 579.9824, 660.6888, 614.6345, 555.6427, 1028.782, 709.2295, 514.7664, 1215.458, 929.5536
240.3, 383.6691, 372.5627, 174.4839, 670.9357, 423.6416, 282.2653, 276.1333, 358.5143, 249.9441, 754.0048, 1794.511, 507.5128, 556.1434, 680.8542, 587.6614, 530.7863, 1128.767, 673.9195, 490.6987, 1163.747, 886.98
240.4, 385.4747, 362.2777, 164.6302, 642.2154, 396.2341, 267.346, 263.2698, 380.9118, 236.0322, 716.0816, 1795.933, 480.4818, 533.2842, 650.2218, 698.1089, 507.0418, 1079.241, 640.3674, 467.7563, 1288.677, 846.3561
240.5, 367.3665, 343.4772, 155.3329, 659.0782, 370.5996, 253.2153, 251.0056, 363.0995, 222.8947, 680.0658, 1704.446, 454.8905, 518.8133, 620.9676, 667.4727, 506.2969, 1119.479, 740.2579, 445.8866, 1256.25, 910.4305
240.6, 350.1089, 329.594, 146.5607, 659.2464, 434.2384, 239.8315, 239.3127, 346.1202, 264.7465, 662.1935, 1839.809, 430.6622, 497.4885, 593.0295, 638.1808, 483.648, 1070.361, 821.5822, 496.8364, 1237.969, 930.5991
240.7, 333.6621, 312.4895, 138.284, 631.0265, 488.1314, 291.59, 321.747, 329.9349, 250.0107, 628.888, 1819.497, 407.7244, 477.0403, 566.3484, 610.1745, 512.7196, 1147.6, 780.6785, 473.607, 1185.301, 887.9775
240.8, 317.9879, 296.2727, 130.4746, 604.0146, 494.0693, 276.1779, 306.7586, 469.1038, 236.0951, 661.7852, 2081.177, 386.0083, 457.4325, 540.8678, 583.3972, 489.7833, 1097.248, 741.8113, 451.4637, 1134.874, 945.1356
240.9, 372.9174, 280.8975, 123.1062, 673.7197, 462.1054, 438.6367, 405.5921, 452.6244, 301.4951, 677.8999, 2019.406, 365.4489, 520.5866, 516.5336, 597.144, 528.3864, 1049.105, 704.8792, 540.7125, 1501.57, 1003.706
241, 398.2511, 266.3202, 202.3981, 708.5035, 534.4025, 555.605, 491.3801, 465.0967, 284.7139, 745.4238, 2120.082, 412.2646, 499.189, 493.2941, 570.9386, 504.7492, 1085.588, 669.7857, 515.4317, 1437.687, 1063.749
241.1, 379.5427, 465.5506, 190.9679, 748.2532, 662.0083, 526.2383, 468.4895, 498.2555, 487.3273, 904.6194, 2061.357, 507.6483, 717.9115, 542.1501, 631.1163, 604.7964, 1113.512, 636.4395, 574.5552, 1445.073, 1183.038
241.2, 361.7132, 459.7181, 180.1833, 845.47, 619.1796, 650.4084, 697.5825, 474.956, 463.9374, 1088.095, 2077.371, 596.6607, 749.7451, 544.5127, 611.2211, 577.7411, 1232.562, 604.7534, 547.6921, 1488.178, 1150.832
241.3, 344.7212, 435.8608, 373.8184, 809.2786, 732.7347, 616.0308, 665.0861, 506.2963, 438.1147, 1193.924, 2062.926, 624.4445, 718.9284, 520.0145, 729.8698, 551.8962, 1178.483, 574.6449, 761.5655, 1510.345, 1620.76
241.4, 328.5274, 454.4401, 388.7661, 774.6363, 685.3303, 583.4703, 634.1035, 482.6208, 413.7293, 1133.875, 2217.967, 591.1855, 844.8508, 496.6184, 715.4451, 527.2073, 1186.453, 546.0353, 800.061, 1446.089, 1546.529
241.5, 313.0944, 430.8567, 485.5863, 741.4769, 640.9927, 552.6307, 604.5643, 460.0524, 390.7011, 1076.846, 2094.311, 559.6979, 870.2642, 474.275, 730.2017, 503.623, 1134.396, 518.8502, 762.6545, 1555.051, 1475.698
241.6, 298.3864, 408.4972, 458.1635, 709.737, 599.5236, 523.4212, 576.4011, 438.5393, 368.9547, 1022.685, 1977.55, 529.8875, 834.4938, 452.9369, 929.5306, 481.0936, 1084.624, 493.0185, 726.9969, 1488.893, 1408.11
241.7, 284.3692, 387.2981, 538.0692, 679.3558, 560.7373, 537.2397, 549.5498, 418.0323, 348.4187, 971.2484, 1867.298, 662.8344, 883.3839, 432.5587, 888.7385, 459.5721, 1325.393, 468.4728, 693.0065, 1441.767, 1343.619
241.8, 271.0106, 367.1991, 507.6826, 650.275, 524.4603, 508.8437, 523.9494, 398.4842, 329.0258, 922.3988, 1821.638, 1419.095, 944.9606, 500.3943, 849.7366, 439.0134, 1267.24, 445.1492, 660.6053, 1423.68, 1282.081
241.9, 258.2795, 348.1431, 479.012, 622.4391, 490.5303, 481.9486, 499.5416, 379.8502, 310.7122, 876.0062, 1720.078, 1517.221, 906.12, 477.881, 812.4462, 419.3743, 1246.717, 422.9868, 629.7191, 1363.111, 1223.361
242, 246.1464, 357.2011, 451.9605, 595.7948, 458.7953, 456.475, 476.2708, 362.0876, 349.9916, 831.9468, 1624.181, 1576.826, 958.3589, 560.1567, 776.7922, 400.6138, 1253.504, 401.9278, 600.2769, 1305.119, 1167.331
242.1, 268.3371, 368.5779, 426.4367, 570.291, 429.1135, 432.3478, 454.084, 345.1556, 330.5111, 790.1035, 1533.63, 1492.842, 918.9676, 593.3279, 742.703, 382.6925, 1226.06, 381.9173, 572.2112, 1290.14, 1113.867
242.2, 255.7316, 349.4504, 402.3543, 545.879, 401.3519, 409.4959, 432.9308, 329.0154, 312.1149, 750.3647, 1448.127, 1488.122, 881.1953, 618.3136, 710.1097, 365.5729, 1210.07, 362.903, 545.4577, 1334.415, 1062.852
242.3, 243.7182, 331.3156, 379.632, 522.5119, 375.3864, 387.8519, 412.7631, 313.6299, 294.7426, 712.6246, 1367.391, 1507.993, 844.9756, 648.3186, 678.9468, 349.2192, 1256.599, 344.8353, 519.9551, 1277.643, 1014.173
242.4, 232.2692, 314.1218, 358.1928, 500.1451, 351.1007, 367.3518, 393.5348, 298.9639, 278.3372, 676.7827, 1291.157, 1427.675, 810.2446, 624.4305, 649.1515, 333.597, 1249.157, 327.6672, 495.6448, 1223.287, 967.7239
242.5, 221.3581, 297.8203, 383.1384, 478.7357, 328.3862, 347.9353, 375.2022, 284.9837, 322.7391, 642.7435, 1219.172, 1790.721, 776.9412, 664.9221, 735.8721, 318.6737, 1231.291, 311.3538, 472.4712, 1352.325, 923.402
242.6, 210.9595, 282.3648, 361.5013, 458.2428, 307.1412, 329.545, 357.7237, 271.6572, 343.6839, 610.4163, 1277.646, 2294.998, 745.0066, 635.0065, 747.2433, 304.418, 1215.402, 295.8526, 450.381, 1366.803, 881.11
242.7, 201.0493, 287.4673, 353.0654, 438.6271, 287.2706, 312.1268, 341.0594, 258.9539, 324.5545, 579.715, 1220.097, 2172.762, 714.3846, 606.4369, 714.4509, 391.834, 1231.243, 281.1231, 429.3236, 1308.654, 840.7551
242.8, 191.6048, 272.549, 333.1265, 419.8511, 268.6856, 295.6292, 325.1714, 270.3169, 306.4898, 550.5578, 1473.934, 2299.109, 701.8179, 579.1526, 683.0975, 374.3055, 1177.221, 267.127, 409.2508, 1330.925, 802.2484
242.9, 221.0668, 276.9616, 347.2422, 478.5129, 251.3029, 280.0037, 310.0235, 257.6763, 304.7915, 522.8671, 1415.958, 2210.216, 672.9711, 553.0958, 653.12, 357.5611, 1135.955, 308.3706, 390.1165, 1357.734, 765.5052
243, 210.6819, 305.4031, 327.6322, 458.0296, 261.5492, 265.204, 295.5813, 245.6268, 407.5427, 496.5692, 1458.784, 2184.529, 645.31, 528.2114, 709.551, 341.5658, 1240.562, 293.0179, 371.8768, 1472.073, 730.445
243.1, 200.7848, 289.5541, 309.1297, 438.423, 311.4076, 251.1865, 281.8118, 283.8063, 384.8589, 471.5939, 1399.956, 2112.584, 618.7858, 504.4466, 678.4126, 326.286, 1186.132, 443.3182, 354.4898, 1409.446, 696.9905
243.2, 191.3527, 274.5275, 291.672, 436.0178, 291.261, 237.91, 268.6838, 270.5349, 363.4377, 447.8748, 1443.394, 2064.849, 593.3519, 481.751, 678.0379, 335.9317, 1207.275, 577.4255, 337.9158, 1364.556, 665.0683
243.3, 182.3636, 260.2808, 275.2003, 446.4079, 272.4178, 225.3352, 413.1749, 257.8842, 343.2088, 425.3486, 1371.471, 2141.147, 568.9634, 460.0764, 648.2825, 320.904, 1311.198, 548.6775, 322.1167, 1445.839, 634.6081
243.4, 222.5989, 246.7734, 259.6588, 461.4853, 254.7937, 213.425, 393.9274, 310.722, 324.1058, 403.9554, 1401.093, 2027.106, 583.5676, 439.3771, 627.994, 306.5485, 1253.668, 536.7143, 307.0563, 1391.579, 605.543
243.5, 212.142, 233.967, 330.7627, 441.7308, 290.9933, 202.1443, 375.5766, 296.1919, 378.2498, 383.6382, 1574.063, 2079.177, 559.5812, 443.02, 616.1713, 292.8351, 1236.01, 528.8038, 449.6174, 1437.155, 577.809
243.6, 202.1764, 298.9478, 312.0833, 422.8219, 272.1675, 191.4599, 358.0806, 308.6026, 357.1964, 364.3429, 1486.306, 2037.516, 642.2228, 423.088, 589.1309, 279.7353, 1213.023, 502.4765, 460.8279, 1558.399, 551.3453
243.7, 192.6789, 283.4337, 319.8339, 444.7734, 254.5596, 181.3402, 341.3997, 294.1717, 337.3148, 346.018, 1836.167, 1928.995, 648.5986, 446.1432, 600.7544, 267.2215, 1159.8, 477.46, 558.8359, 1558.22, 526.0936
243.8, 183.6275, 268.7248, 302.4638, 491.8972, 272.9436, 171.7554, 459.9796, 304.4307, 318.5399, 328.6148, 1812.664, 1887.859, 621.9393, 426.0707, 689.4272, 343.7768, 1159.09, 494.3617, 532.7078, 1491.927, 501.9984
243.9, 175.0013, 254.7792, 313.4275, 470.8409, 255.2855, 162.6772, 438.5518, 321.4336, 358.231, 312.0869, 1876.71, 1854.036, 596.3757, 507.3611, 675.7573, 328.3981, 1108.234, 607.6019, 507.8013, 1532.434, 479.0068
244, 314.2256, 241.5574, 295.7271, 467.1141, 238.7697, 154.0789, 418.1222, 306.4026, 338.2918, 296.3903, 1772.08, 1773.034, 571.8629, 488.8616, 705.4494, 355.2303, 1237.46, 577.3516, 484.0593, 1528.172, 457.0682
244.1, 299.4644, 229.0216, 279.0264, 447.1187, 223.3225, 145.935, 458.8304, 340.4142, 319.4625, 281.4832, 1710.913, 1747.532, 548.3577, 504.3132, 685.4869, 375.0863, 1183.166, 582.9965, 461.4273, 1463.158, 436.1344
244.2, 285.3967, 217.1365, 263.2688, 518.381, 208.8746, 138.2215, 437.4561, 460.7197, 441.1533, 267.3258, 1752.135, 1654.455, 525.8185, 483.9016, 655.4045, 584.8491, 1179.978, 590.6398, 439.8535, 1400.909, 416.1594
244.3, 271.9898, 238.4695, 329.2068, 496.191, 235.5848, 130.9158, 417.0775, 466.7069, 436.2206, 253.8805, 1823.957, 1730.303, 530.5312, 462.1303, 626.6423, 627.3898, 1128.206, 561.2339, 419.2883, 1411.883, 397.0992
244.4, 259.2127, 264.3705, 365.7304, 474.9509, 220.3436, 123.9962, 397.6483, 444.8827, 544.1638, 241.1114, 1784.109, 1652.531, 550.4554, 441.3385, 600.0815, 599.3239, 1231.529, 533.2921, 446.5764, 1351.816, 378.912
244.5, 247.0358, 250.6509, 345.0764, 479.7137, 234.1419, 117.4423, 379.1241, 424.079, 906.0331, 228.9845, 1684.641, 1564.514, 527.83, 515.1356, 573.7471, 572.5134, 1247.024, 506.7414, 425.6969, 1294.304, 361.5578
244.6, 235.431, 237.6433, 363.4103, 459.179, 279.4578, 111.2348, 361.4629, 404.2482, 892.4075, 356.1283, 1786.382, 1636.055, 506.1346, 491.959, 548.5684, 546.9022, 1192.31, 532.203, 405.7936, 1267.935, 344.9984
244.7, 224.3713, 225.3107, 342.8873, 439.5232, 261.3782, 105.3555, 402.1643, 385.3446, 950.9648, 338.2166, 1686.788, 1610.45, 617.1466, 469.8252, 524.4947, 522.4368, 1139.996, 505.7065, 386.8209, 1279.082, 329.1974
244.8, 213.8311, 213.6181, 323.5233, 420.7088, 244.4683, 99.78689, 383.4297, 367.3251, 898.0342, 321.2057, 1609.476, 1614.847, 621.5809, 448.6873, 501.4774, 735.5456, 1089.978, 480.5292, 370.8137, 1346.133, 314.1201
244.9, 226.4072, 246.8693, 479.1145, 433.8825, 228.6524, 94.51261, 365.5679, 350.1482, 868.2018, 305.0505, 1644.117, 1706.583, 644.4209, 428.5003, 479.4703, 702.6413, 1042.154, 456.6053, 405.5263, 1288.863, 299.7334
245, 241.6876, 234.0579, 452.0572, 415.3096, 213.8597, 89.51711, 520.6119, 333.7745, 819.8777, 316.1531, 1552.454, 1615.687, 724.4315, 409.2216, 458.4289, 680.4901, 996.429, 433.8726, 386.5661, 1234.03, 286.0056
245.1, 230.334, 298.6172, 428.251, 397.5317, 200.024, 84.78565, 657.4095, 318.1664, 774.2433, 300.252, 1685.407, 1729.099, 694.6552, 425.2375, 438.3109, 673.0924, 952.7098, 412.2716, 368.4924, 1498.482, 272.9065
245.2, 400.3594, 331.9911, 404.0662, 380.5149, 187.0834, 80.30428, 951.2307, 303.2883, 804.8993, 285.1506, 2013.571, 1862.222, 769.0018, 406.1055, 446.1586, 726.4146, 970.7814, 489.9711, 351.2637, 2056.35, 260.4073
245.3, 389.0308, 314.7623, 381.2472, 404.8276, 220.8756, 76.05976, 1075.167, 289.1059, 786.6664, 394.8648, 1901.311, 1763.037, 768.3888, 654.8774, 459.97, 761.1162, 928.1876, 493.9904, 334.8405, 2169.926, 248.4806
245.4, 370.7555, 298.4276, 359.7168, 535.8499, 246.2052, 72.0396, 1138.967, 275.5867, 829.6432, 437.4148, 1858.322, 1735.711, 781.1672, 625.4138, 439.7844, 727.0681, 923.0707, 469.3964, 590.7553, 2655.853, 237.1002
245.5, 353.3387, 282.9405, 339.4023, 512.9121, 230.2769, 68.23192, 1186.265, 262.6996, 783.4653, 415.4147, 1787.068, 1702.339, 773.7771, 597.2757, 485.9823, 694.543, 897.6319, 463.5764, 563.1348, 2873.597, 226.241
245.6, 338.3128, 268.2572, 320.2351, 490.9562, 261.1531, 64.6255, 1211.035, 250.4152, 778.6688, 394.5211, 2014.542, 1611.67, 777.1153, 570.4036, 542.4048, 712.7438, 858.2476, 440.4965, 536.8057, 3082.417, 215.8791
245.7, 322.4201, 254.3359, 302.1503, 469.9402, 244.2578, 61.20969, 1197.401, 238.7053, 735.3282, 374.6784, 1902.227, 1689.572, 863.4745, 746.2704, 602.7106, 828.8679, 820.5912, 418.5658, 511.7076, 3003.818, 205.9918
245.8, 327.9551, 241.137, 285.0868, 449.8238, 228.4555, 57.97443, 1187.344, 227.5429, 694.3998, 355.8337, 1796.175, 1603.622, 939.8156, 712.6949, 588.6289, 909.9967, 784.5872, 397.7269, 487.783, 2989.356, 196.5573
245.9, 329.935, 371.0638, 268.987, 430.5685, 213.6755, 54.91017, 1216.469, 216.9025, 655.7496, 337.9369, 2018.746, 1518.21, 946.2994, 680.6299, 562.7971, 884.8846, 814.2475, 544.3945, 464.9769, 2990.703, 187.555
246, 314.4359, 351.8073, 253.7963, 412.1374, 199.8517, 52.00787, 1159.801, 206.7597, 710.7323, 320.9401, 1906.198, 1534.222, 995.8073, 650.0076, 538.099, 895.455, 778.5217, 655.1144, 443.2371, 3297.644, 178.965
246.1, 299.6648, 333.5501, 239.4636, 394.4953, 186.9223, 49.25898, 1105.772, 197.0911, 671.173, 304.7982, 1869.129, 1452.506, 954.8766, 620.7631, 640.04, 855.3972, 849.7286, 637.2105, 422.5138, 3157.349, 170.7683
246.2, 365.7642, 316.2404, 225.9402, 377.6084, 174.8293, 46.65538, 1054.26, 187.8747, 633.8155, 289.4682, 2060.38, 1573.284, 967.7887, 592.8342, 611.9521, 817.1314, 812.4461, 626.3201, 402.7593, 3023.023, 162.9471
246.3, 377.721, 299.8289, 213.1806, 361.4444, 163.5187, 44.18939, 1005.148, 179.0893, 598.5374, 274.9092, 1945.51, 1489.488, 942.8622, 640.7, 585.0968, 780.5774, 776.7994, 630.4113, 383.9285, 2894.412, 155.4841
246.4, 462.6352, 570.0721, 201.1416, 345.9723, 152.9398, 41.85374, 958.3243, 207.4402, 582.3856, 299.5105, 1837.045, 1487.459, 981.3911, 679.8864, 607.0732, 745.6586, 742.7167, 738.435, 365.9781, 3045.447, 148.3629
246.5, 440.9022, 540.488, 189.7824, 331.1625, 143.0453, 39.64154, 913.6815, 197.7398, 549.9701, 284.4464, 1910.844, 1408.235, 941.053, 649.2975, 580.432, 712.3019, 784.7943, 701.671, 348.8669, 3020.716, 141.5679
246.6, 420.1902, 512.4391, 179.0647, 316.9866, 133.791, 37.54628, 871.1182, 261.7535, 519.3588, 270.14, 1939.347, 1377.453, 902.3729, 620.0848, 554.96, 680.4374, 750.3608, 666.7372, 332.5558, 3095.41, 135.084
246.7, 447.2023, 532.1541, 213.8727, 398.0621, 125.1354, 35.56175, 830.5378, 249.5134, 510.7498, 328.6671, 1905.512, 1304.087, 865.2827, 664.7608, 530.6058, 722.9434, 745.0052, 722.1626, 317.0073, 3067.659, 128.8972
246.8, 426.1943, 504.5378, 257.6881, 381.0226, 117.0397, 33.68212, 944.6879, 237.8456, 482.3215, 312.1366, 1894.14, 1362.708, 829.717, 634.8525, 629.0019, 690.6028, 727.297, 686.2087, 302.1858, 3289.06, 122.9937
246.9, 406.1733, 478.3546, 243.1356, 364.7124, 109.4678, 31.90184, 937.1158, 226.7234, 481.6868, 296.4375, 2077.027, 1290.128, 795.6132, 606.2897, 601.3984, 676.0297, 695.3862, 652.0448, 288.0572, 3211.908, 117.3605
247, 387.0927, 473.5268, 288.38, 424.4827, 102.3858, 30.21566, 893.4609, 216.1213, 454.8761, 281.528, 2017.811, 1221.413, 796.7222, 592.9581, 585.3302, 702.7417, 664.8756, 619.5818, 274.5892, 3075.261, 111.9854
247.1, 368.9085, 448.9529, 292.6823, 443.7524, 95.7619, 28.6186, 851.8396, 206.015, 595.7764, 284.5851, 2024.777, 1157.856, 813.7766, 737.4885, 559.6432, 745.6473, 683.8475, 588.735, 261.7509, 2944.428, 106.8565
247.2, 351.5785, 425.6543, 285.8, 424.757, 89.56657, 27.10595, 865.5944, 196.3813, 569.78, 280.2539, 1911.892, 1353.014, 780.3279, 724.097, 564.3774, 802.6285, 703.0668, 559.424, 249.5129, 2990.885, 101.9624
247.3, 335.0626, 403.5648, 269.6599, 406.5747, 83.77204, 25.67326, 825.2712, 290.7837, 538.066, 395.7532, 1980.101, 1280.95, 839.6535, 691.5191, 582.6299, 826.08, 788.2001, 531.5722, 237.847, 3212.251, 97.29252
247.4, 319.3226, 382.6216, 254.4312, 389.1707, 78.35239, 24.31629, 786.8265, 277.186, 601.8372, 515.9652, 1917.449, 1212.724, 805.1413, 666.9856, 557.0615, 798.1416, 800.9675, 505.1071, 226.7266, 3075.589, 92.83651
247.5, 304.322, 390.0454, 257.8022, 403.6436, 181.23, 23.03104, 750.1728, 264.2242, 656.329, 507.1037, 1820.151, 1148.132, 783.5858, 641.3476, 532.6151, 811.4657, 765.8244, 479.9596, 269.6227, 2944.742, 88.58459
247.6, 313.0374, 461.3372, 266.959, 386.3651, 169.5053, 21.81373, 751.9067, 298.9029, 642.9055, 481.5986, 1909.149, 1086.981, 751.3781, 612.4926, 509.2414, 816.7622, 785.8006, 456.0641, 257.0166, 3052.321, 84.5274
247.7, 298.332, 437.396, 267.8888, 435.0358, 158.5392, 20.66075, 831.5866, 346.3109, 607.1214, 457.3763, 1802.711, 1029.086, 725.8361, 584.9359, 486.8936, 841.6771, 852.0488, 433.3583, 273.7831, 2922.463, 80.65603
247.8, 284.3175, 414.6971, 252.7601, 416.4135, 148.3683, 19.56872, 792.8477, 330.1167, 573.329, 434.3723, 1743.336, 974.2755, 696.0021, 558.6189, 543.2294, 804.0251, 814.6644, 411.783, 292.3722, 2798.13, 76.96197
247.9, 270.9613, 413.9342, 238.4859, 398.5884, 138.7696, 18.53441, 755.9135, 314.6797, 556.4811, 459.8823, 1646.142, 922.384, 757.9084, 613.4495, 588.2753, 768.0574, 778.9203, 391.2817, 278.7024, 2679.087, 73.4371
248, 258.2325, 392.4529, 225.0178, 428.9564, 129.7919, 17.55477, 720.6998, 299.9646, 525.5074, 528.4021, 1617.615, 873.2562, 803.3198, 585.8497, 562.459, 733.6987, 744.7446, 371.8012, 265.6718, 3104.609, 70.07367
248.1, 246.1017, 489.4787, 262.438, 420.3436, 121.395, 16.6269, 687.1265, 285.9376, 525.4585, 590.087, 1694.561, 826.7451, 770.301, 600.9987, 590.4769, 700.877, 712.0683, 353.2906, 253.2505, 3079.412, 66.86429
248.2, 234.5407, 464.077, 247.6954, 511.2608, 182.7204, 15.74808, 726.0593, 272.5665, 517.2174, 560.4082, 1600.086, 850.1202, 757.9277, 722.9482, 564.5641, 669.5236, 680.8257, 335.7015, 341.3401, 3313.73, 63.8019
248.3, 223.5228, 439.9935, 233.7072, 489.3756, 170.8993, 14.91571, 802.3403, 259.8207, 680.5795, 587.9236, 1510.878, 804.8414, 726.7746, 733.5052, 539.7884, 719.4425, 650.954, 318.9881, 325.3809, 3172.751, 60.87976
248.4, 213.0225, 417.1599, 220.509, 489.7993, 208.9035, 14.12734, 842.1094, 247.6709, 642.6984, 558.3536, 1502.775, 761.9742, 696.902, 772.8919, 516.1, 720.5485, 622.3928, 303.1068, 310.1679, 3037.77, 58.09145
248.5, 203.0155, 395.5112, 208.0561, 468.8328, 195.3885, 13.38063, 1040.745, 236.0893, 606.9258, 530.2708, 1418.993, 764.4546, 679.1415, 738.1187, 503.8826, 688.3151, 595.0848, 288.0162, 349.6646, 3435.169, 55.43085
248.6, 193.4785, 374.986, 196.3064, 463.7017, 182.7478, 12.67339, 1140.835, 225.0492, 573.1444, 503.6005, 1339.881, 844.0461, 651.2267, 704.9099, 481.7699, 657.5237, 568.975, 273.6769, 333.3162, 3289.023, 52.89211
248.7, 184.3896, 355.5259, 185.2203, 516.7945, 170.9249, 12.00353, 1116.362, 214.5255, 541.2432, 478.2716, 1524.448, 799.0908, 624.4594, 673.1951, 460.6276, 628.1097, 544.0108, 260.0515, 317.7321, 3566.669, 50.46965
248.8, 175.7277, 337.0757, 174.7603, 509.0734, 159.8669, 11.36908, 1064.357, 305.7451, 511.1176, 454.2166, 1463.964, 768.7108, 598.7923, 660.8538, 440.4131, 658.8829, 585.3186, 247.1045, 302.8767, 3439.808, 48.15813
248.9, 167.4726, 405.6164, 164.8909, 487.2818, 149.5242, 10.76817, 1040.136, 291.4478, 482.6689, 431.3715, 1382.345, 727.7679, 658.9012, 631.1212, 421.0858, 629.4081, 559.6373, 234.802, 288.7159, 3293.465, 45.95248
249, 159.6053, 384.5668, 161.831, 598.3427, 139.8507, 10.19901, 1139.817, 277.8191, 455.8035, 409.6754, 1305.277, 761.7039, 631.8184, 678.6466, 541.2142, 601.2518, 535.0827, 223.1121, 275.2171, 3153.348, 43.84785
249.1, 152.1077, 410.555, 152.6918, 584.1055, 185.3421, 9.659938, 1132.568, 264.8276, 430.4335, 389.0705, 1539.96, 1258.176, 605.8488, 754.5587, 517.4633, 592.8231, 511.6055, 212.0041, 361.8976, 3460.71, 41.83961
249.2, 144.9622, 418.884, 144.0688, 632.3391, 173.3514, 9.149358, 1079.809, 252.4437, 406.4756, 369.5019, 1454.105, 1405.202, 580.9467, 720.6103, 494.7546, 566.3034, 489.1584, 201.4492, 344.9773, 3313.478, 39.92335
249.3, 138.1524, 405.9886, 191.8632, 665.3524, 162.1364, 8.665765, 1142.122, 335.8144, 383.8512, 350.9176, 1373.036, 1330.359, 703.8604, 688.1892, 473.0424, 540.9701, 467.6962, 191.4197, 435.4579, 3337.325, 38.09486
249.4, 131.6625, 384.9196, 181.028, 682.1893, 151.647, 8.207732, 1185.389, 320.111, 362.4861, 333.2679, 1332.857, 1259.502, 674.9296, 842.7874, 452.2831, 516.77, 447.1756, 181.8896, 415.0983, 3744.842, 36.35011
249.5, 125.4775, 364.944, 170.8047, 703.7138, 141.8361, 7.77391, 1307.744, 305.1419, 421.9833, 316.506, 1258.548, 1192.418, 699.7562, 804.8694, 432.4349, 638.3566, 427.5554, 172.834, 395.6906, 3585.522, 34.68526
249.6, 119.583, 346.0051, 161.1588, 692.8786, 132.66, 7.363017, 1404.134, 290.8728, 398.4957, 300.5871, 1188.381, 1195.29, 706.29, 768.6575, 413.4576, 609.8, 454.214, 164.2292, 377.1902, 3809.866, 33.09668
249.7, 113.9654, 328.049, 152.0576, 705.0512, 124.0776, 6.973842, 1540.213, 277.271, 465.4954, 285.4689, 1259.021, 1321.649, 727.0924, 766.0558, 395.3132, 603.1143, 540.6788, 156.0528, 400.4634, 4326.187, 31.58084
249.8, 108.6117, 335.4402, 143.4704, 742.8056, 116.0503, 6.605237, 1644.042, 264.3052, 439.586, 315.517, 1218.628, 1384.103, 697.2068, 895.0007, 377.965, 576.1342, 538.8933, 148.2835, 381.74, 4142.134, 30.13444
249.9, 103.5096, 395.4417, 223.7387, 812.6944, 108.5424, 6.256114, 1680.448, 337.089, 415.1186, 595.132, 1150.687, 1310.383, 668.5496, 927.2332, 430.0864, 550.3611, 732.8461, 140.901, 363.8919, 3965.911, 28.75427
250, 98.64705, 374.9201, 243.9447, 849.5958, 101.5203, 5.925445, 1602.166, 452.8634, 414.5519, 773.5916, 1086.534, 1240.59, 641.0702, 965.2045, 545.9139, 615.7244, 700.6919, 133.886, 346.8783, 3797.186, 27.43732
250.1, 94.01297, 355.4634, 306.484, 1078.937, 94.95239, 5.612254, 1551.542, 431.6865, 419.0137, 734.6833, 1086.812, 1371.92, 614.7203, 956.7031, 521.9567, 588.1803, 1184.795, 127.2203, 330.6601, 3864.369, 26.18069
250.2, 89.59658, 337.0165, 289.1758, 1114.84, 88.80943, 5.315616, 1655.784, 411.4999, 473.6681, 697.7319, 1026.22, 1486.17, 589.4535, 913.6599, 499.0508, 561.8683, 1132.811, 120.8865, 315.2003, 3811.367, 24.98161
250.3, 85.38766, 319.5269, 273.2055, 1168.322, 83.06389, 5.034657, 1578.65, 392.2573, 447.3037, 662.639, 969.0066, 1407.014, 709.0236, 1008.822, 498.132, 536.7334, 1083.108, 114.868, 300.4632, 3675.392, 23.83745
250.4, 81.37646, 302.9449, 257.7766, 1118.311, 77.69006, 4.768549, 1659.332, 373.9145, 528.611, 629.3112, 914.9827, 1343.725, 730.0513, 963.4336, 626.7213, 512.7229, 1050.157, 109.1491, 286.4152, 3888.344, 22.74569
250.5, 77.55369, 287.2234, 243.2191, 1070.44, 72.66389, 4.516506, 1582.033, 356.4294, 508.6002, 597.6595, 947.0663, 1272.156, 700.0441, 920.0876, 599.2178, 489.7865, 1032.057, 103.715, 273.024, 4109.245, 21.70394
250.6, 94.95148, 407.9162, 255.3551, 1024.618, 67.96288, 4.277784, 1508.335, 339.762, 480.2915, 567.5999, 894.2657, 1204.399, 671.2702, 900.3225, 596.0231, 467.8761, 986.7745, 98.55136, 260.2589, 3934.422, 20.70989
250.7, 90.491, 386.7472, 240.9343, 980.758, 63.56601, 4.051681, 1438.071, 323.874, 475.5892, 539.0521, 844.4088, 1140.25, 643.679, 859.816, 569.8669, 446.9459, 943.479, 93.64484, 248.0906, 3767.036, 19.76138
250.8, 86.24006, 366.6768, 227.3279, 938.7753, 59.4536, 3.837528, 1425.425, 308.729, 516.0133, 511.9401, 797.3314, 1140.703, 617.2219, 821.1319, 544.8585, 426.952, 902.0831, 88.98259, 236.4912, 3606.772, 18.8563
250.9, 82.18881, 347.6479, 214.4899, 898.5898, 55.60723, 3.634694, 1467.093, 294.2921, 553.6517, 620.6497, 823.7244, 1203.966, 591.8523, 784.1882, 520.9476, 407.8525, 891.6773, 160.5825, 225.4342, 3805.914, 17.99268
251, 78.32788, 329.6066, 216.0454, 860.1245, 52.00972, 3.44258, 1398.75, 280.5304, 522.8355, 651.0156, 899.5087, 1139.841, 643.4514, 748.9067, 498.086, 389.6074, 1047.718, 188.9675, 214.8941, 4015.757, 17.16861
251.1, 74.64832, 312.5015, 270.4207, 823.3057, 48.64494, 3.260622, 1333.59, 267.4122, 660.7506, 618.2723, 849.3594, 1079.131, 717.6185, 715.2126, 486.8329, 372.1785, 1770.821, 179.5595, 204.8468, 3844.911, 16.38229
251.2, 71.14162, 296.2841, 255.1491, 788.063, 45.49784, 3.08828, 1329.803, 254.9074, 716.5535, 651.9016, 825.3052, 1063.566, 707.7981, 683.0344, 465.4684, 355.5293, 2174.62, 170.6199, 195.2693, 3730.292, 15.63198
251.3, 67.79964, 295.8822, 240.7399, 754.3289, 42.55435, 2.925048, 1267.855, 242.9874, 676.6702, 619.1137, 779.293, 1006.919, 678.7055, 732.764, 445.0415, 339.6248, 2079.207, 162.1253, 186.1396, 3715.144, 14.91603
251.4, 64.61466, 280.5273, 285.0736, 722.0389, 39.80129, 2.770444, 1208.793, 231.6248, 639.0067, 587.975, 909.4083, 953.2884, 650.8087, 699.7961, 425.511, 324.4319, 2062.52, 154.0537, 177.4367, 3784.034, 14.23287
251.5, 61.5793, 265.9692, 317.4705, 691.131, 37.22634, 2.624011, 1152.483, 220.7935, 603.4396, 630.1202, 858.7072, 902.5146, 626.3014, 668.3115, 406.8376, 309.9185, 2007.797, 146.3839, 169.1408, 3684.322, 13.58101
251.6, 58.68653, 328.9601, 299.5418, 661.5463, 34.81797, 2.485318, 1098.795, 210.4687, 569.8522, 607.6057, 810.8327, 854.4452, 618.476, 638.2434, 389.5927, 296.0545, 1919.704, 139.096, 161.2327, 3618.981, 12.95899
251.7, 63.22989, 311.8885, 282.6257, 633.2279, 32.56542, 2.353955, 1047.608, 200.6267, 538.1343, 577.0458, 765.6273, 808.936, 622.975, 609.5281, 385.493, 282.8106, 1835.475, 219.6153, 153.6943, 3560.181, 12.36547
251.8, 101.0454, 295.7029, 266.6648, 606.1218, 30.45859, 2.229536, 998.8062, 191.245, 549.4255, 740.2367, 792.3798, 765.8506, 597.3689, 582.1048, 368.5758, 270.1592, 1754.942, 316.9703, 146.5084, 3408.718, 11.79913
251.9, 96.29866, 280.3573, 251.6053, 637.1876, 28.48807, 2.111693, 952.2775, 182.302, 518.8445, 724.2572, 759.4081, 725.0601, 581.6933, 555.9152, 352.401, 258.0738, 1827.89, 301.1895, 139.6585, 3327.322, 11.25873
252, 147.3078, 265.808, 237.3963, 609.9119, 26.64503, 2.000079, 907.9163, 173.7771, 634.9181, 741.1978, 760.1777, 686.4422, 611.5938, 530.904, 434.5854, 246.5289, 1747.69, 286.1944, 133.1288, 3362.41, 10.74308
252.1, 165.1809, 252.0138, 308.2188, 583.8038, 24.92122, 1.894364, 865.6216, 165.6509, 599.5786, 730.3975, 760.4012, 757.0941, 586.4554, 672.8103, 415.5137, 304.713, 1671.008, 271.9458, 126.9044, 3316.601, 10.25104
252.2, 188.9072, 373.5983, 290.8126, 584.545, 23.30894, 1.794237, 825.2972, 157.9047, 684.5037, 778.4722, 724.0988, 847.8348, 757.2548, 642.5398, 403.9069, 291.0818, 1597.691, 258.4066, 120.9711, 3175.5, 9.781542
252.3, 180.033, 354.2103, 274.3894, 674.571, 21.80096, 1.699402, 850.4055, 150.5208, 646.4043, 739.3184, 797.3736, 802.6777, 748.1003, 823.0404, 504.3246, 292.9874, 1527.591, 245.5414, 115.3151, 3040.402, 9.333546
252.4, 200.3793, 342.0767, 332.3703, 645.6951, 20.39055, 1.609579, 839.5385, 143.4821, 696.5256, 702.1339, 752.9186, 947.6213, 811.5033, 791.4581, 484.9637, 279.8807, 1710.017, 233.3168, 109.9236, 3146.126, 8.906068
252.5, 190.9662, 324.3245, 439.9091, 702.6779, 19.07138, 1.524504, 833.6474, 136.7725, 657.7571, 699.8386, 710.942, 970.0706, 880.829, 755.8495, 463.6812, 267.3604, 1634.989, 221.7008, 104.7842, 3132.805, 299.3172
252.6, 181.9953, 307.4935, 491.6599, 758.7076, 17.83755, 1.443926, 794.8125, 130.3768, 621.1464, 746.0504, 671.3057, 1117.142, 1063.273, 781.7386, 443.3327, 255.4002, 1563.252, 210.6631, 99.88506, 2999.523, 285.6084
252.7, 204.038, 302.9919, 533.7903, 771.7919, 16.68355, 1.367607, 757.7867, 124.2801, 629.7697, 708.5273, 633.8792, 1057.641, 1019.57, 799.8895, 423.8772, 243.975, 1732.577, 200.1749, 134.5142, 2988.156, 272.5275
252.8, 194.4531, 287.268, 561.9011, 760.2651, 15.6042, 1.295321, 745.0856, 118.4684, 594.7167, 819.3281, 709.3991, 1136.069, 1025.02, 765.5823, 543.9222, 292.5258, 1656.559, 190.2089, 150.0454, 3144.764, 333.8981
252.9, 185.3184, 404.9334, 591.777, 727.721, 14.59469, 1.226857, 782.9147, 112.9286, 561.6148, 902.1688, 669.8488, 1075.56, 982.8885, 961.8799, 520.0524, 279.4398, 1643.533, 180.7391, 143.0301, 3010.973, 318.6056
253, 176.6128, 383.9192, 558.3573, 712.4011, 13.65048, 1.162011, 867.2266, 107.6478, 530.3553, 970.4166, 632.5035, 1115.871, 1052.654, 929.6045, 497.2301, 266.9391, 1571.421, 171.7407, 136.3428, 2882.875, 304.0134
253.1, 168.3161, 406.3149, 600.2864, 710.9305, 12.76736, 1.100592, 846.8325, 102.614, 575.9423, 953.4993, 685.3029, 1056.438, 1059.436, 981.0908, 475.4093, 254.9977, 1502.474, 163.1904, 253.129, 3058.214, 290.0895
253.2, 163.3658, 385.229, 566.3861, 701.9985, 11.94137, 1.04242, 807.3834, 97.81552, 543.8854, 973.9847, 647.0961, 1000.17, 1079.809, 936.9504, 590.6635, 243.5905, 1556.134, 218.1225, 241.294, 2928.105, 276.8034
253.3, 155.6914, 409.9455, 587.0126, 779.7863, 11.16882, 0.9873225, 851.7804, 93.24146, 513.6127, 1079.604, 611.0193, 946.8992, 1177.544, 894.7959, 564.7424, 232.6936, 1508.359, 207.263, 230.0124, 2803.532, 264.1257
253.4, 230.4726, 403.2986, 561.3316, 746.4065, 10.44625, 0.9351372, 812.1008, 88.88128, 485.0251, 1025.304, 576.9539, 896.4658, 1181.143, 858.1261, 539.9589, 222.2842, 1504.545, 287.7391, 305.778, 2834.686, 252.0287
253.5, 219.6458, 382.3693, 711.4025, 714.4556, 9.770432, 0.8857102, 774.2696, 84.725, 458.0286, 995.7026, 544.7877, 875.6948, 1335.999, 910.0822, 516.263, 212.3404, 1637.377, 273.4136, 291.4815, 2714.088, 240.4858
253.6, 209.3276, 400.0603, 713.6516, 683.8724, 9.138331, 0.8388956, 738.2008, 80.76308, 432.5348, 1023.369, 514.4148, 844.614, 1569.059, 889.8605, 564.3719, 202.8414, 1565.536, 259.8013, 277.8534, 2826.041, 229.4715
253.7, 224.3821, 414.8932, 673.3492, 762.6778, 8.547126, 24.47457, 703.8123, 76.98642, 435.5665, 971.8978, 485.7352, 799.6284, 1633.113, 977.0328, 539.6046, 193.7674, 1598.119, 271.8918, 303.8486, 2849.541, 218.9617
253.8, 213.8414, 408.5226, 635.3228, 730.0303, 7.994168, 23.18096, 671.0256, 239.7519, 411.3229, 1036.381, 458.6546, 963.9977, 1624.054, 933.075, 515.9243, 185.0993, 1772.62, 258.3553, 322.9639, 2827.627, 268.3582
253.9, 272.324, 387.3221, 599.4439, 813.4771, 246.3471, 21.95572, 639.7664, 238.941, 464.6572, 1142.333, 433.0838, 1171.494, 1766.485, 960.2941, 493.2831, 255.4186, 1764.658, 325.5901, 307.8639, 2707.329, 412.0101
254, 259.5312, 367.2218, 716.665, 952.3604, 282.9346, 119.8107, 609.9633, 318.7046, 518.1653, 1084.879, 566.0751, 1168.164, 1814.139, 1225.669, 648.9734, 299.8007, 1888.743, 309.3802, 506.7793, 2770.738, 393.14
254.1, 397.4388, 455.6675, 681.7897, 1011.927, 264.6301, 156.1752, 688.3366, 355.155, 489.3242, 1216.792, 595.448, 1419.571, 1973.835, 1277.981, 688.2287, 501.3395, 2076.706, 308.1068, 483.0851, 2833, 375.1342
254.2, 490.5649, 440.2539, 643.2867, 1140.42, 247.5098, 147.9205, 656.2709, 338.5472, 462.0885, 1155.592, 908.7073, 1343.962, 1892.704, 1407.32, 658.0261, 478.9123, 2253.708, 636.3654, 547.6973, 2712.473, 357.9529
254.3, 524.2935, 526.6015, 812.4223, 1193.537, 384.341, 140.1022, 625.699, 322.716, 722.3748, 1097.471, 992.9886, 1272.381, 1857.414, 1396.992, 813.4487, 586.7155, 2295.254, 604.683, 620.3499, 2653.006, 341.5587
254.4, 511.6183, 499.2733, 766.542, 1311.335, 359.476, 132.697, 754.9696, 307.6251, 790.1801, 1042.273, 980.0301, 1441.179, 2098.326, 1394.458, 777.7508, 630.6063, 2296.385, 820.6434, 772.7393, 2806.892, 325.9152
254.5, 575.7004, 473.3633, 779.6664, 1255.201, 503.9555, 198.843, 953.6224, 378.1629, 746.1987, 989.8514, 995.7425, 1441.828, 2126.319, 1339.094, 1011.197, 618.9609, 2244.021, 779.7864, 736.6102, 2687.476, 310.9883
254.6, 548.6561, 448.7979, 735.6359, 1201.471, 471.3521, 279.2943, 909.1986, 360.4792, 704.6653, 940.0662, 1057.201, 1365.034, 2123.819, 1344.482, 975.1972, 591.272, 2260.493, 926.3817, 720.3644, 2667.78, 296.7449
254.7, 522.8822, 425.5073, 885.0268, 1150.04, 560.829, 265.4222, 866.8442, 343.6224, 665.4437, 892.7849, 1021.506, 1292.33, 2036.524, 1330.13, 968.3197, 846.998, 2174.678, 880.2604, 1044.35, 2679.414, 283.154
254.8, 498.3191, 431.5209, 839.916, 1100.811, 524.546, 289.5167, 826.4629, 388.9659, 628.4051, 847.8817, 1093.407, 1223.498, 2030.008, 1356.478, 937.9855, 809.1079, 2290.078, 836.4354, 995.5217, 2565.421, 270.1855
254.9, 474.9099, 409.127, 792.483, 1053.69, 490.6104, 274.2142, 787.9627, 370.777, 593.4281, 805.2369, 1032.448, 1158.333, 2125.995, 1440.667, 896.8224, 772.9128, 2189.599, 1031.284, 948.9765, 2468.108, 257.8109
255, 452.6003, 387.8951, 747.7288, 1008.585, 458.8703, 259.7205, 751.256, 353.4386, 573.5219, 764.737, 999.4835, 1096.638, 2070.043, 1375.85, 972.0801, 738.3369, 2123.83, 979.9399, 1035.109, 2555.825, 246.0031
255.1, 431.3388, 486.0355, 705.5019, 965.4112, 429.1836, 245.9929, 716.2592, 422.9889, 541.5997, 726.274, 1038.939, 1038.229, 2126.791, 1313.949, 929.4208, 705.3077, 2164.848, 931.1522, 986.7134, 2447.09, 234.7361
255.2, 411.076, 473.3183, 665.6597, 924.0855, 401.4174, 232.9908, 682.8928, 403.209, 511.4543, 689.7456, 981.0159, 982.9313, 2168.741, 1261.35, 910.3229, 673.7561, 2077.824, 884.7935, 978.2234, 2360.085, 223.9852
255.3, 391.7652, 448.7553, 628.0676, 884.5288, 375.4477, 220.676, 651.0807, 384.3541, 482.9867, 655.0544, 926.3225, 989.4283, 2079.599, 1204.6, 979.9196, 643.6159, 2182.665, 840.7427, 932.487, 2386.456, 213.7266
255.4, 373.3615, 425.4669, 592.5984, 846.6654, 351.158, 209.0121, 620.7505, 366.3809, 456.1037, 622.108, 874.6783, 936.7297, 2042.12, 1236.287, 936.9162, 614.824, 2086.899, 798.8851, 888.889, 2284.927, 203.9379
255.5, 379.3902, 403.3871, 559.1323, 810.4228, 328.4398, 197.9647, 591.8333, 349.2481, 430.717, 590.8187, 918.0988, 886.8379, 2112.032, 1192.803, 895.8, 587.3202, 2106.914, 822.9266, 847.3294, 2187.717, 194.5975
255.6, 361.5678, 382.4532, 527.5562, 775.7316, 327.3739, 187.5012, 564.2632, 332.9165, 406.7433, 561.103, 866.9131, 931.0562, 2025.221, 1139.137, 856.4882, 561.0467, 2180.458, 862.9586, 810.6489, 2120.324, 185.6849
255.7, 344.5827, 362.6056, 497.7632, 742.5253, 306.1944, 177.5908, 537.9774, 317.3486, 384.104, 532.882, 818.5811, 881.4666, 1941.979, 1087.886, 818.9015, 535.9485, 2084.788, 819.9949, 982.9507, 2191.892, 177.1805
255.8, 328.3954, 343.788, 469.6528, 710.7405, 286.3851, 168.2041, 512.9161, 302.5087, 362.7248, 506.0803, 772.9437, 834.5181, 2017.445, 1038.941, 782.9643, 511.9731, 2019.562, 779.1703, 936.9933, 2176.72, 324.5714
255.9, 346.783, 346.9687, 443.1299, 680.3163, 267.8574, 159.3136, 489.0222, 288.3628, 342.5355, 480.6267, 729.8507, 790.0703, 2112.417, 1005.822, 748.6042, 489.0703, 1930.952, 740.3782, 893.1846, 2142.504, 309.706
256, 344.4393, 328.9626, 418.1048, 651.1945, 250.5283, 150.8931, 466.2415, 274.8783, 323.47, 456.4532, 689.1602, 747.9897, 2048.931, 960.5685, 826.983, 467.1919, 1846.23, 859.2109, 851.4241, 2212.42, 418.4902
256.1, 386.8204, 357.0006, 459.5161, 623.3193, 234.3203, 142.9176, 444.5219, 262.0244, 305.4657, 433.4956, 650.7383, 708.1505, 1964.714, 917.3514, 790.6911, 446.2923, 1854.295, 846.2108, 960.491, 2175.745, 399.3233
256.2, 368.649, 338.4739, 433.5657, 596.6373, 219.1609, 135.3636, 423.8142, 249.7716, 288.4635, 411.6927, 614.4584, 874.0316, 1917.093, 876.0787, 790.4277, 426.3276, 1853.903, 834.9016, 915.5837, 2303.501, 437.421
256.3, 351.3312, 320.9087, 409.0807, 571.0974, 204.9823, 128.2089, 404.0711, 238.0917, 272.4076, 390.9863, 580.2013, 845.4742, 1852.578, 836.663, 755.7401, 407.256, 1772.562, 793.3348, 872.776, 2300.211, 487.9938
256.4, 334.8269, 304.255, 385.9785, 546.6508, 191.7209, 121.4324, 385.2477, 226.958, 257.2454, 371.3214, 586.5298, 833.6096, 1800.031, 799.0206, 722.5747, 389.0376, 1790.663, 753.8375, 831.9698, 2217.636, 465.6436
256.5, 332.6729, 296.8721, 480.5834, 523.2507, 179.3175, 115.014, 367.3012, 216.345, 242.9272, 352.6456, 553.8297, 823.4186, 2051.678, 763.0717, 690.8648, 371.6342, 1712.096, 716.3066, 793.0714, 2123.289, 495.5652
256.6, 317.0451, 281.4658, 453.4431, 500.8523, 167.7165, 126.9026, 350.1908, 206.2282, 229.4058, 334.909, 579.4149, 779.562, 1967.348, 728.7402, 693.8387, 355.0093, 1757.145, 680.6443, 755.9917, 2231.545, 593.3061
256.7, 366.1639, 266.859, 427.8356, 479.4127, 156.8661, 120.1951, 333.8774, 196.5845, 216.6371, 318.0645, 547.1115, 790.8173, 1929.604, 750.7745, 663.3898, 339.1282, 1680.048, 695.0884, 753.85, 2378.27, 566.1326
256.8, 348.9628, 312.6129, 403.6743, 458.8908, 146.7176, 149.1188, 318.3239, 187.3918, 204.5791, 302.0673, 516.6091, 748.697, 2153.406, 724.8369, 692.0528, 323.9574, 1685.621, 695.5954, 718.6041, 2300.853, 540.2036
256.9, 332.5698, 296.3897, 380.8773, 439.2473, 137.2257, 141.237, 303.4951, 259.879, 193.1922, 286.8746, 487.8072, 708.8201, 2064.895, 692.2256, 678.8094, 309.4653, 1673.299, 660.9642, 685.0061, 2202.966, 515.4622
257, 316.9469, 281.0084, 359.3679, 420.4448, 128.3478, 133.7719, 289.357, 247.7265, 182.4392, 272.4461, 460.6111, 671.0671, 2115.469, 661.0816, 697.7904, 295.6216, 1599.882, 682.4041, 652.9789, 2109.243, 491.854
257.1, 302.0579, 266.4254, 339.0731, 402.4471, 120.0443, 126.7013, 275.8775, 236.1423, 172.2846, 258.7432, 434.9312, 635.325, 2028.516, 631.3388, 667.1682, 282.3971, 1557.083, 648.4296, 658.5706, 2180.415, 469.327
257.2, 287.8683, 252.5991, 319.9245, 385.2198, 112.2781, 120.0045, 263.0259, 225.0997, 162.6953, 245.7296, 410.683, 601.4865, 1945.138, 636.9554, 637.8897, 269.7642, 1488.764, 675.6087, 627.7794, 2087.651, 447.8318
257.3, 286.8878, 239.4904, 301.8572, 368.7299, 105.0142, 113.6616, 250.773, 214.5736, 153.6397, 233.3704, 387.7867, 569.4503, 1947.833, 608.298, 609.8962, 257.6964, 1452.343, 727.1567, 684.0353, 1998.835, 427.321
257.4, 327.9793, 227.0619, 284.8103, 352.946, 98.22029, 149.0544, 239.0909, 204.5397, 145.0881, 221.6329, 366.1668, 539.1204, 1872.554, 580.93, 631.4633, 246.1685, 1428.155, 700.1727, 660.5616, 1913.796, 407.7496
257.5, 354.9146, 261.9128, 288.9701, 337.8377, 91.86591, 141.1761, 227.953, 194.9749, 137.0125, 210.4857, 345.7524, 554.973, 1795.586, 554.7933, 603.7517, 235.1562, 1365.494, 861.1846, 629.6774, 1992.688, 510.2365
257.6, 340.4917, 362.3076, 272.6509, 323.3761, 85.92263, 137.8524, 217.334, 222.6127, 129.3864, 338.2998, 326.4761, 525.4142, 1752.875, 545.4749, 577.2563, 224.6366, 1344.169, 818.3093, 600.2371, 1986.634, 586.5803
257.7, 324.4966, 394.8792, 257.2534, 309.5336, 80.36385, 178.3462, 207.2097, 212.2028, 122.1847, 321.2848, 308.2744, 497.4297, 1821.036, 520.9333, 551.9236, 214.5876, 1328.958, 777.5685, 572.1733, 2076.121, 559.7148
257.8, 309.2529, 390.0566, 269.5119, 296.2836, 75.1647, 217.6299, 197.5569, 202.2797, 115.3839, 342.496, 291.0876, 529.1423, 1800.286, 528.2084, 622.2486, 204.9881, 1270.649, 738.8561, 545.4216, 2016.215, 534.0798
257.9, 294.7253, 369.8144, 309.5655, 283.6008, 70.3019, 206.127, 188.3539, 192.8207, 108.9617, 325.2699, 274.8589, 500.9593, 1781.008, 504.4437, 618.4432, 195.8181, 1214.898, 702.0711, 519.9207, 2011.614, 509.6188
258, 331.6208, 399.4343, 346.414, 271.4609, 65.75371, 195.2321, 179.5795, 183.804, 156.0113, 308.9103, 259.535, 474.2773, 1723.278, 481.7482, 591.3031, 187.0583, 1161.594, 667.1175, 495.6121, 1926.032, 542.1254
258.1, 316.0424, 488.5732, 326.8508, 259.8406, 61.49976, 185.0222, 171.214, 175.2089, 226.3615, 293.3734, 245.0655, 449.0165, 1701.451, 460.0738, 566.8821, 178.6903, 1110.628, 633.9041, 472.4399, 2032.803, 517.296
258.2, 301.1959, 702.7845, 405.2371, 248.7178, 57.52102, 196.8165, 163.2381, 167.0158, 295.5483, 328.6439, 231.4026, 425.1011, 1631.516, 439.3746, 542.0047, 170.6967, 1130.422, 602.3442, 450.3512, 1946.32, 493.6038
258.3, 287.0468, 666.3132, 382.3519, 238.0711, 53.79969, 186.4137, 155.6337, 159.2057, 326.9471, 312.1145, 218.5015, 402.4595, 1595.505, 516.645, 593.4383, 163.0606, 1080.823, 572.3557, 429.2953, 1863.516, 470.9967
258.4, 335.6414, 631.7346, 360.7592, 227.8802, 50.31911, 224.5532, 148.3836, 151.7609, 308.7493, 296.4165, 206.3197, 381.0239, 1636.04, 493.4005, 567.3954, 155.7662, 1118.605, 543.8601, 409.2238, 1831.868, 449.425
258.5, 370.6562, 652.231, 427.9286, 218.1255, 47.06371, 216.3355, 141.4713, 144.6643, 311.8707, 281.5081, 194.817, 360.7299, 1592.905, 519.1627, 645.9696, 148.7981, 1128.942, 516.7833, 390.0907, 1898.195, 666.6221
258.6, 750.9645, 702.4673, 403.762, 398.0669, 44.01891, 204.901, 134.8809, 191.5438, 349.0683, 412.2317, 183.9556, 368.8225, 1577.101, 515.7984, 617.6215, 142.1416, 1099.814, 491.0545, 371.8522, 1881.53, 878.7777
258.7, 815.7064, 673.7032, 403.1422, 381.0271, 41.1711, 194.0709, 128.5976, 182.5868, 567.6188, 649.6452, 245.0143, 349.1784, 1646.921, 492.592, 590.5174, 135.783, 1197.763, 466.6066, 354.4664, 1801.482, 838.5295
258.8, 777.3875, 696.6942, 470.1871, 364.7167, 38.50753, 183.8132, 122.607, 174.0486, 536.0252, 616.9709, 323.4137, 406.6483, 1661.778, 470.4298, 604.3091, 129.7088, 1219.286, 443.3759, 337.8935, 1724.84, 800.1248
258.9, 767.1301, 660.5389, 443.634, 349.1046, 36.01627, 174.0977, 116.8954, 165.9098, 550.2932, 646.9133, 305.3828, 398.2828, 1634.855, 594.5079, 665.5318, 123.9063, 1208.927, 421.3018, 322.0954, 1922.753, 763.4789
259, 731.0931, 626.2599, 418.5805, 334.1607, 33.6862, 164.8957, 111.4499, 158.1515, 593.9083, 659.3741, 288.3571, 377.0696, 1567.657, 567.7604, 636.3252, 118.3635, 1155.885, 400.3267, 307.036, 1858.407, 728.5115
259.1, 696.749, 593.7599, 394.9418, 319.8565, 31.50686, 156.1801, 106.2581, 150.756, 560.8514, 785.386, 272.2807, 417.7571, 1604.135, 550.3349, 608.4003, 113.0685, 1132.773, 380.3958, 292.6807, 1779.343, 695.1456
259.2, 664.0182, 562.9465, 372.638, 306.1646, 29.46852, 147.9251, 101.3081, 143.7063, 543.6945, 832.2956, 257.1006, 401.4742, 1590.691, 588.3856, 581.7009, 108.0105, 1083.072, 361.4573, 278.9966, 1703.643, 663.3078
259.3, 690.7742, 533.7321, 351.5939, 293.0588, 27.56205, 140.1065, 96.58877, 136.9863, 513.4325, 790.4348, 242.7668, 380.091, 1616.781, 561.9135, 556.1732, 103.1787, 1329.348, 343.4616, 265.9522, 1856.978, 759.4871
259.4, 658.3241, 506.0338, 331.7381, 280.514, 25.77892, 132.7011, 92.08925, 130.5805, 515.6287, 804.8369, 343.3304, 359.8467, 1658.893, 536.6324, 576.6688, 98.56301, 1271.022, 326.3619, 253.5177, 1777.975, 828.4119
259.5, 641.7867, 511.4107, 341.8478, 268.5063, 24.11114, 125.6871, 87.79933, 124.4743, 601.3168, 863.0232, 480.2268, 340.6806, 1590.708, 683.6862, 651.1873, 94.15384, 1243.81, 310.1135, 241.6646, 1702.333, 790.4705
259.6, 613.1883, 484.8708, 420.9415, 257.0125, 22.55127, 119.0439, 83.70926, 118.6536, 567.8475, 819.6169, 569.736, 322.5354, 1569.913, 652.9263, 622.6102, 89.94191, 1189.236, 294.674, 230.3657, 1629.91, 754.2668
259.7, 584.3829, 459.7082, 452.1693, 246.0107, 21.09231, 112.7518, 79.80972, 113.1051, 567.7374, 959.9959, 584.4799, 305.3566, 1544.898, 708.1661, 595.2872, 85.9184, 1255.256, 280.0032, 219.5951, 1809.835, 719.7213
259.8, 576.3579, 453.0115, 438.8395, 235.4799, 19.72774, 106.7923, 76.09184, 107.816, 536.1371, 911.7123, 574.0707, 289.0928, 1564.787, 760.7774, 569.1633, 82.07488, 1200.181, 266.0629, 209.328, 1820.348, 686.758
259.9, 549.2827, 486.1064, 414.0567, 225.3999, 18.45145, 101.1477, 72.54716, 102.7743, 508.8258, 923.2903, 601.7775, 310.3363, 1500.469, 726.5492, 544.1857, 78.4033, 1147.522, 252.8165, 199.541, 1742.903, 655.3044
260, 532.4211, 532.3336, 396.1975, 215.7513, 31.3495, 95.80151, 69.16759, 97.96837, 553.9122, 893.2902, 568.2274, 293.8073, 1438.796, 802.0124, 520.3043, 74.89597, 1097.173, 240.2297, 190.2115, 1668.753, 625.2913
260.1, 507.4099, 504.7079, 385.8844, 284.5565, 209.0021, 90.73788, 65.94547, 93.38715, 523.0815, 992.6554, 536.5477, 278.1586, 1379.657, 765.929, 554.4769, 71.54553, 1273.606, 228.2695, 181.3183, 1642.44, 596.6529
260.2, 483.5736, 570.1994, 433.9001, 272.3756, 195.4807, 85.9419, 62.87345, 89.02016, 493.9668, 992.2859, 506.6342, 263.3434, 1322.949, 731.4689, 619.1375, 68.34498, 1217.726, 216.9048, 172.8408, 1572.564, 569.3261
260.3, 460.857, 576.3525, 409.3962, 260.7162, 213.1445, 81.39941, 59.94453, 169.6588, 466.4726, 990.7749, 496.5835, 249.3173, 1337.88, 698.5593, 591.9669, 65.2876, 1229.683, 206.1059, 164.7597, 1505.661, 543.2509
260.4, 439.2076, 548.8764, 450.5073, 289.7263, 199.3551, 77.09702, 57.15206, 161.7252, 440.5088, 1108.753, 468.898, 236.0382, 1282.889, 682.6741, 565.9886, 62.36699, 1282.696, 195.8446, 157.0565, 1441.605, 518.3699
260.5, 418.5753, 520.3922, 425.0656, 277.3242, 186.4578, 73.02203, 54.48967, 162.9286, 415.9901, 1068.893, 442.7561, 223.4664, 1260.216, 667.1207, 541.1504, 59.57703, 1226.416, 186.0942, 149.7133, 1380.273, 557.5842
260.6, 398.9121, 493.3862, 401.0606, 335.1277, 174.3949, 69.16242, 51.95131, 155.3097, 392.8361, 1082.84, 512.2672, 211.5642, 1208.417, 671.5264, 517.4022, 56.91188, 1172.606, 176.8292, 142.7136, 1321.551, 532.0468
260.7, 451.0154, 488.1759, 384.3753, 320.7821, 267.9878, 65.50681, 49.53119, 148.0471, 422.7019, 1028.378, 483.7073, 200.2959, 1243.668, 716.4867, 494.6962, 54.36595, 1265.264, 168.0255, 136.0411, 1468.275, 507.6789
260.8, 429.8284, 462.8418, 480.589, 307.0506, 284.2777, 62.04443, 47.22381, 162.6833, 399.1744, 976.6547, 456.7398, 189.6278, 1218.89, 684.2512, 472.9867, 51.93391, 1209.75, 159.6601, 129.6805, 1405.809, 600.9937
260.9, 502.2886, 438.8224, 470.7881, 293.9069, 265.8864, 58.76505, 45.02392, 180.7404, 376.9564, 1189.389, 566.2962, 179.5279, 1349.681, 782.5626, 452.2298, 49.61068, 1194.607, 151.7112, 123.6174, 1387.24, 610.2811
261, 558.8809, 416.0495, 474.3658, 281.3258, 265.7046, 55.659, 42.92651, 172.2886, 360.4317, 1129.568, 584.1701, 169.966, 1589.151, 793.3549, 583.3756, 47.39137, 1168.474, 144.1581, 117.8377, 1468.592, 722.9937
261.1, 532.6266, 394.4585, 447.5767, 269.2833, 248.5148, 52.71712, 40.92681, 199.9484, 340.3701, 1113.874, 588.9245, 160.9133, 1620.655, 757.6609, 594.2468, 45.27134, 1227.056, 136.9809, 112.3283, 1406.113, 805.4285
261.2, 507.6058, 376.9607, 422.3005, 257.7563, 232.437, 49.93074, 39.02026, 190.5984, 537.2037, 1223.889, 628.8359, 152.3428, 1682.319, 785.9584, 582.3435, 43.24614, 1191.471, 130.1611, 107.0764, 1346.291, 768.5397
261.3, 483.7603, 373.7323, 593.6014, 246.7227, 301.2178, 47.29163, 37.20253, 181.6856, 507.3029, 1317.416, 828.611, 144.2287, 1613.171, 750.5973, 723.7197, 41.31155, 1151.992, 123.6809, 102.0701, 1446.371, 733.3405
261.4, 461.035, 354.3373, 560.0786, 236.1614, 281.7305, 44.79201, 35.46947, 173.1896, 479.0665, 1275.162, 782.4145, 176.0172, 1707.226, 716.8271, 691.9595, 39.46349, 1101.448, 267.3726, 97.29787, 1384.837, 699.7534
261.5, 439.3772, 335.9488, 528.449, 226.0522, 296.0848, 42.42451, 33.81715, 165.0908, 452.4017, 1355.619, 859.6646, 297.0163, 1637.054, 728.8472, 708.2245, 37.69811, 1186.213, 321.4832, 92.74875, 1439.566, 667.7046
261.6, 418.7369, 318.5146, 502.0941, 216.3757, 276.9296, 40.18215, 32.24181, 239.4954, 427.221, 1504.642, 850.9224, 281.1967, 1760.181, 696.0555, 677.1443, 36.0117, 1163.105, 305.4777, 88.41232, 1378.321, 637.1236
261.7, 399.0661, 342.3505, 473.7391, 207.1135, 259.0135, 38.0583, 30.73984, 228.2961, 403.4419, 1445.883, 1114.827, 266.2197, 1687.832, 664.7391, 647.4281, 34.40074, 1143.677, 290.269, 84.27865, 1319.682, 766.9274
261.8, 380.3195, 324.5841, 446.9854, 198.2477, 322.4972, 36.04672, 29.30785, 217.6205, 380.9863, 1373.161, 1172.581, 252.0404, 1734.839, 654.1522, 619.0159, 32.86184, 1093.497, 275.8176, 130.235, 1263.537, 731.802
261.9, 362.4534, 307.7397, 421.7426, 189.7614, 301.6331, 34.14146, 27.94256, 207.444, 359.7806, 1375.767, 1107.207, 238.6163, 1677.586, 690.9321, 828.2, 31.39178, 1192.239, 262.0856, 124.1459, 1209.782, 698.2853
262, 345.4267, 291.7694, 397.9253, 181.6385, 284.0071, 32.3369, 26.64088, 197.7435, 339.7553, 1439.604, 1045.479, 232.9411, 1676.965, 659.8463, 849.7896, 29.98748, 1139.928, 316.1896, 121.081, 1310.836, 666.3038
262.1, 329.1998, 362.0893, 375.4531, 173.8632, 265.6332, 30.62772, 25.39983, 260.6481, 320.8445, 1539.229, 1171.271, 220.5342, 1714.234, 630.1591, 900.5691, 28.646, 1307.125, 300.4477, 136.7501, 1359.03, 635.787
262.2, 313.7351, 369.2328, 354.2499, 166.4207, 248.448, 29.00888, 24.2166, 248.4596, 302.9863, 1539.613, 1105.971, 208.7882, 1722.754, 601.8075, 861.048, 27.36454, 1249.774, 285.4894, 205.0557, 1417.983, 842.793
262.3, 298.997, 399.8206, 334.2442, 159.2969, 364.3124, 27.47561, 23.08849, 236.8411, 286.1221, 1462.177, 1044.311, 197.6678, 1651.944, 695.5828, 865.1509, 26.1404, 1194.939, 271.2759, 195.4684, 1398.69, 860.5789
262.4, 284.9512, 429.7444, 315.3682, 152.478, 340.7432, 26.02337, 22.01292, 225.7659, 270.1966, 1388.636, 986.0888, 187.1397, 1682.127, 664.2877, 874.2863, 24.97102, 1310.182, 257.7701, 186.3294, 1339.184, 821.1642
262.5, 271.5652, 430.2719, 297.5583, 241.8835, 318.6988, 24.6479, 20.98747, 215.2086, 298.3376, 1403.62, 979.6992, 177.1723, 1612.987, 685.2382, 835.9185, 23.85395, 1252.696, 244.9366, 216.1281, 1282.21, 783.5548
262.6, 258.8081, 407.9427, 396.4408, 231.5294, 300.0271, 23.34512, 20.00978, 205.145, 323.9242, 1333.025, 925.0792, 226.9896, 1559.46, 654.4086, 799.2346, 22.78686, 1197.733, 232.7421, 206.0231, 1428.012, 747.6679
262.7, 246.6502, 386.7723, 374.0524, 301.7489, 319.1705, 104.8595, 19.07764, 300.3252, 305.8946, 1416.025, 873.5043, 253.3051, 1627.408, 624.966, 764.1605, 21.7675, 1243.117, 221.1547, 196.3906, 1367.259, 713.4246
262.8, 235.0635, 467.0265, 387.6278, 288.8321, 320.5756, 99.31711, 18.18892, 314.1553, 339.1535, 1344.805, 824.8049, 330.7112, 1668.116, 675.8636, 730.6255, 20.79374, 1196.637, 210.1442, 187.2085, 1323.128, 680.7497
262.9, 224.021, 442.7899, 365.7372, 276.4683, 299.8359, 95.43363, 17.3416, 299.4647, 362.3301, 1363.255, 778.8205, 313.0969, 1747.661, 708.1178, 720.0883, 19.86354, 1154.204, 199.6819, 225.297, 1266.837, 649.5712
263, 213.4973, 419.8111, 345.0827, 264.6337, 280.438, 90.38945, 16.53376, 285.4611, 342.1628, 1369.487, 735.3998, 328.6564, 1805.214, 676.2588, 688.4874, 18.97495, 1180.273, 189.7404, 214.7634, 1330.738, 687.8137
263.1, 203.468, 398.0248, 389.7578, 336.8577, 306.6992, 139.4731, 15.76354, 348.3888, 323.118, 1640.669, 760.2153, 311.1516, 1752.942, 656.4354, 668.9077, 18.12612, 1144.848, 180.2939, 204.7222, 1274.123, 718.7026
263.2, 193.9098, 388.6562, 487.6904, 375.4428, 347.8662, 132.1012, 15.02921, 332.0974, 479.1128, 1558.15, 717.8319, 294.5792, 1759.369, 700.3943, 639.5529, 17.31526, 1205.941, 171.3177, 195.1505, 1219.917, 952.4303
263.3, 380.0521, 477.5393, 625.3091, 359.3715, 327.739, 146.8373, 14.32908, 316.5677, 494.0653, 1686.177, 677.8115, 297.2084, 1831.287, 743.0038, 611.4864, 16.54067, 1306.24, 162.7884, 186.0263, 1168.017, 908.8088
263.4, 795.2172, 601.8262, 613.6412, 367.1374, 306.5359, 139.0761, 13.66157, 301.7643, 632.8781, 1601.37, 640.0223, 281.3786, 1886.821, 709.5753, 584.6516, 15.80073, 1399.281, 154.6838, 177.3288, 1352.81, 867.1852
263.5, 891.5673, 599.9808, 578.9868, 351.4216, 286.7045, 131.7252, 13.02516, 307.6735, 597.6522, 1520.828, 604.3399, 266.3919, 1809.267, 686.5012, 558.9943, 15.09389, 1650.951, 146.9826, 169.0378, 1295.256, 827.468
263.6, 849.6847, 680.2728, 628.7593, 387.7402, 268.1561, 124.7628, 12.41839, 293.286, 629.8461, 1609.661, 570.6469, 319.5199, 1765.617, 655.6147, 635.5744, 14.41867, 1578.514, 139.6649, 161.1346, 1240.151, 789.5699
263.7, 836.6661, 714.0506, 593.251, 414.0616, 250.8077, 118.1684, 11.83989, 321.7817, 717.8921, 1637.094, 538.8323, 315.7741, 1693.045, 797.271, 607.6824, 13.77366, 1684.492, 132.7114, 153.6008, 1221.56, 846.542
263.8, 797.3625, 676.9946, 559.7481, 396.3371, 234.5816, 111.9226, 11.28834, 306.7345, 690.1117, 1554.755, 508.7914, 352.516, 1674.88, 761.4009, 581.0145, 13.1575, 1737.157, 126.1042, 146.4193, 1169.59, 807.7703
263.9, 802.7898, 718.6397, 528.1372, 379.3714, 219.4053, 106.0069, 10.76248, 292.3909, 833.6028, 1476.557, 480.4254, 378.1595, 1606.037, 783.1236, 555.5169, 12.5689, 1660.938, 119.8259, 139.5735, 1227.729, 902.0627
264, 808.0144, 681.3456, 498.3115, 363.1319, 205.2109, 100.4039, 10.26111, 278.7181, 787.2045, 1402.293, 453.6408, 358.018, 1677.222, 756.5159, 563.4288, 12.00664, 1616.62, 113.8602, 133.0478, 1175.496, 860.7481
264.1, 770.0568, 648.732, 514.1367, 347.5875, 209.3654, 95.09698, 9.783107, 265.6846, 784.1492, 1331.764, 428.3495, 338.9494, 1608.283, 722.4794, 538.7029, 11.46953, 1570.076, 108.1915, 126.8272, 1300.484, 821.3257
264.2, 733.8823, 643.2988, 496.0435, 332.7086, 195.8205, 90.07059, 9.327368, 273.1951, 740.5035, 1425.278, 404.4683, 320.8964, 1542.178, 689.9742, 536.2074, 10.95644, 1677.275, 254.6011, 120.8975, 1245.156, 935.3348
264.3, 817.3665, 609.9146, 535.3008, 318.4666, 183.1519, 85.30988, 8.892859, 260.4199, 699.2871, 1353.593, 381.9184, 303.8049, 1658.108, 658.9315, 512.6761, 10.46631, 1603.683, 293.5306, 115.2449, 1192.182, 892.4963
264.4, 835.168, 578.2628, 524.0239, 390.1398, 171.3028, 80.8008, 8.478591, 248.2421, 725.8689, 1349.107, 360.6258, 287.6237, 1589.955, 670.3659, 490.1776, 9.998108, 1647.129, 278.9167, 109.8567, 1141.462, 851.6198
264.5, 795.9349, 548.2535, 494.4305, 373.4394, 160.2204, 76.53004, 8.083622, 236.6338, 685.467, 1281.252, 340.5203, 272.3044, 1658.137, 660.3438, 468.6663, 9.550847, 1574.86, 265.0305, 104.7204, 1092.9, 875.4531
264.6, 758.5447, 519.8017, 466.5082, 357.4538, 170.4206, 72.48502, 7.707052, 225.5683, 647.314, 1246.309, 321.5356, 257.801, 1589.983, 630.6342, 489.6068, 9.123594, 1641.198, 251.8356, 99.82427, 1108.059, 835.3572
264.7, 722.9111, 492.8264, 475.5926, 361.2104, 159.3952, 85.39885, 7.348024, 215.0202, 611.2845, 1259.452, 303.6095, 244.0701, 1570.993, 602.2612, 468.1206, 8.715454, 1584.438, 239.2976, 95.15704, 1144.477, 797.0977
264.8, 696.7981, 630.1354, 677.0778, 365.6311, 149.0831, 80.88506, 7.005722, 204.9654, 577.2604, 1324.612, 286.6827, 231.0705, 1506.421, 787.1247, 447.5773, 8.325572, 1525.868, 227.3838, 90.70802, 1292.752, 821.5094
264.9, 722.448, 984.9968, 638.8408, 379.2376, 139.4382, 76.60986, 6.679365, 195.3808, 545.1301, 1408.384, 270.6996, 218.7633, 1566.705, 751.7111, 576.8478, 7.953131, 1514.237, 216.0632, 86.467, 1237.754, 880.893
265, 729.7241, 1246.04, 951.5295, 363.0039, 216.1058, 72.56062, 6.368211, 186.2443, 514.7882, 1431.52, 440.2541, 256.3858, 1553.445, 752.1743, 639.2994, 7.597352, 1796.964, 273.9993, 82.42428, 1355.308, 840.548
265.1, 695.4443, 1305.606, 1010.498, 347.465, 202.1248, 68.7254, 6.071553, 244.7944, 527.9213, 1359.521, 491.4365, 269.8059, 1696.805, 739.0214, 611.244, 7.257488, 1912.821, 307.7402, 93.80717, 1297.648, 802.0508
265.2, 662.7749, 1257.023, 953.4315, 332.5913, 209.0361, 65.09289, 5.788713, 233.3473, 581.5757, 1489.71, 490.7318, 306.3876, 1713.584, 821.0292, 667.2263, 6.932827, 1984.538, 292.4189, 89.42126, 1242.441, 813.7591
265.3, 631.6401, 1301.615, 899.5879, 318.3543, 195.5124, 61.65238, 5.51905, 316.3098, 549.2053, 1571.411, 463.3727, 294.1012, 1828.963, 786.621, 637.9453, 6.622691, 2106.156, 277.8604, 120.3461, 1189.582, 874.4816
265.4, 601.968, 1234.067, 848.785, 304.7267, 182.8637, 58.39372, 5.261949, 301.5185, 590.8251, 1511.741, 437.5388, 278.4369, 1821.976, 873.2522, 609.9493, 6.326427, 2194.177, 264.0267, 114.7194, 1313.659, 873.7525
265.5, 573.6897, 1170.024, 921.6266, 291.6825, 171.0333, 55.3073, 5.016825, 287.4188, 557.9398, 1512.223, 413.1452, 263.6069, 1967.656, 1056.586, 583.1819, 6.043417, 2097.906, 490.7352, 109.3558, 1257.771, 833.7345
265.6, 628.3744, 1250.851, 930.0222, 378.6393, 159.9683, 52.38401, 4.783119, 273.9785, 707.8934, 1436.165, 390.1116, 249.5667, 1886.779, 1040.438, 687.4203, 5.773068, 2155.871, 466.3033, 104.2429, 1288.602, 857.2042
265.7, 703.9913, 1252.707, 966.8572, 418.1897, 202.7702, 49.61523, 4.560301, 323.23, 668.4921, 1363.932, 390.0397, 556.1353, 1865.8, 1021.853, 657.2532, 5.514812, 2521.433, 472.2613, 99.36905, 1332.063, 863.9843
265.8, 670.9203, 1200.117, 912.2554, 400.2886, 220.1046, 57.0811, 4.347862, 308.1151, 631.2838, 1352.143, 368.2943, 526.5146, 1796.101, 997.1672, 628.4099, 5.26811, 2862.141, 448.7491, 94.7231, 1348.24, 824.4137
265.9, 639.403, 1150.324, 912.0045, 383.1537, 205.8649, 54.06406, 4.14532, 386.2985, 648.7426, 1284.136, 489.0633, 569.379, 1771.293, 952.3035, 600.8323, 5.032444, 2853.232, 549.4113, 90.29436, 1290.88, 900.2672
266, 609.3661, 1120.668, 860.5004, 366.7523, 326.5026, 51.20649, 3.952213, 368.2343, 617.5058, 1219.55, 461.7971, 539.0529, 1751.925, 949.3467, 574.465, 4.80732, 2819.51, 615.0839, 88.06503, 1278.008, 950.3799
266.1, 580.7403, 1062.51, 811.905, 351.053, 305.3795, 72.88632, 3.768102, 351.0149, 645.3424, 1158.212, 474.1185, 573.7728, 1679.915, 906.6345, 755.4463, 4.592267, 2695.802, 629.1196, 83.94759, 1345.919, 906.8524
266.2, 553.4592, 1007.371, 766.0538, 336.0257, 285.6229, 69.03389, 3.592567, 372.4074, 609.4227, 1099.959, 447.6855, 704.259, 1814.049, 968.5576, 722.2938, 4.386834, 2731.461, 597.7979, 139.2222, 1288.658, 865.3184
266.3, 527.4597, 1031.462, 791.3909, 343.6785, 280.0392, 65.38508, 3.42521, 354.9928, 575.5023, 1044.636, 514.1835, 666.749, 1787.343, 924.9811, 854.6463, 4.190591, 2611.616, 568.0357, 132.7129, 1233.834, 1007.153
266.4, 613.5466, 977.9335, 746.6982, 376.525, 272.6826, 61.92913, 3.265649, 338.3926, 543.4698, 1072.493, 485.5169, 641.3213, 1924.492, 906.1745, 817.1404, 4.003127, 2806.515, 668.5219, 151.3739, 1381.57, 961.025
266.5, 591.6906, 955.9453, 704.5296, 360.4074, 255.0413, 58.65584, 3.113521, 322.5686, 513.2203, 1172.112, 641.4315, 696.8934, 1984.415, 951.4662, 781.2805, 3.824049, 2683.376, 635.2385, 194.8611, 1322.792, 917.0099
266.6, 563.8951, 1005.471, 667.2126, 344.9797, 260.9131, 60.59121, 232.955, 366.3754, 492.9762, 1158.763, 605.6705, 671.8995, 1983.071, 929.6361, 924.1129, 3.652982, 2819.348, 698.4242, 185.7504, 1266.516, 938.3397
266.7, 537.4054, 953.2921, 809.4857, 364.4981, 401.9125, 57.38863, 254.8506, 389.1917, 465.5371, 1207.771, 571.9033, 636.113, 1993.683, 909.8127, 992.478, 3.489567, 2848.491, 663.6522, 177.0658, 1212.633, 1085.24
266.8, 512.16, 951.9149, 763.7712, 539.9251, 375.9107, 85.46146, 357.6714, 370.9922, 479.5735, 1203.322, 540.0186, 602.2326, 2013.006, 1069.279, 1106.449, 3.333463, 2833.245, 630.6113, 168.7871, 1161.043, 1035.536
266.9, 488.1006, 902.5149, 720.6384, 554.6716, 362.5114, 235.5943, 396.7544, 353.6439, 452.8805, 1234.557, 509.9116, 715.0628, 2077.821, 1021.171, 1057.893, 3.184342, 2864.64, 685.5912, 160.8956, 1247.12, 1128.628
267, 465.1714, 855.6785, 724.1896, 658.965, 339.0587, 223.1419, 414.9601, 337.1067, 579.9937, 1172.464, 527.7974, 697.9169, 2165.485, 1068.057, 1093.705, 3.041892, 3154.788, 651.458, 153.373, 1194.062, 1076.937
267.1, 443.3193, 811.2726, 753.7513, 630.7571, 322.585, 211.3476, 488.2443, 321.3429, 547.7113, 1175.823, 498.3717, 665.6203, 2076.477, 1020.004, 1045.708, 2.905814, 3226.354, 619.0242, 146.2021, 1143.262, 1073.415
267.2, 422.4938, 769.1713, 865.7397, 603.7567, 310.6628, 200.1768, 592.4585, 306.3162, 583.7899, 1116.684, 470.5866, 728.1542, 1991.128, 1027.756, 1004.913, 2.775824, 3100.429, 588.2052, 154.9227, 1244.403, 1024.252
267.3, 402.6466, 729.2548, 840.5326, 577.9121, 318.6726, 189.5964, 564.8593, 291.9922, 551.2961, 1060.52, 523.5502, 689.3715, 1909.287, 981.5164, 960.8127, 2.651649, 3163.556, 558.9205, 166.9424, 1191.462, 977.3414
267.4, 383.7317, 691.4098, 793.0648, 553.1738, 298.056, 211.1275, 622.634, 278.338, 526.3035, 1007.18, 494.3613, 652.6544, 2076.756, 1044.049, 918.6478, 2.533028, 3024.752, 531.0939, 159.1371, 1231.673, 964.6457
267.5, 365.7054, 655.5287, 790.6258, 564.4487, 278.7733, 199.9683, 627.0898, 265.3223, 497.0095, 986.0392, 544.738, 617.8929, 1991.396, 997.0765, 882.1707, 2.419714, 2983.45, 504.6526, 151.6967, 1179.273, 1000.586
267.6, 348.5258, 621.5098, 745.9764, 596.5577, 260.738, 189.3989, 597.8773, 384.0317, 469.346, 963.1206, 514.3679, 584.9829, 2075.533, 958.6378, 864.963, 2.31147, 2867.615, 479.5277, 144.6042, 1129.102, 954.7589
267.7, 332.1534, 589.2562, 703.8485, 571.0212, 243.8695, 224.8671, 570.0256, 366.0735, 443.2222, 914.6798, 485.691, 553.8257, 1999.216, 961.7032, 827.0044, 2.208067, 2917.492, 455.6537, 137.8433, 1257.727, 1025.553
267.8, 385.7815, 558.6765, 747.9158, 546.5779, 228.0923, 212.9816, 543.4713, 348.9551, 418.5525, 957.0555, 458.6128, 524.3281, 2080.614, 918.4351, 1093.609, 2.10929, 2968.791, 432.9684, 131.3985, 1204.219, 978.5824
267.9, 367.6589, 529.6838, 788.9078, 523.181, 213.3358, 201.7244, 553.1404, 332.6372, 395.2559, 939.0526, 433.0443, 496.4015, 1995.094, 896.1114, 1113.051, 2.014932, 2918.585, 411.4124, 125.255, 1152.986, 933.7632
268, 394.6532, 502.1956, 949.8028, 500.7855, 199.534, 191.0622, 527.3728, 317.0824, 373.256, 951.0396, 408.9013, 469.9623, 1925.643, 930.913, 1218.637, 1.924795, 2836.463, 390.9296, 119.3988, 1103.934, 890.9967
268.1, 376.1138, 476.1339, 977.0325, 479.3487, 186.6252, 180.9635, 571.8595, 302.2549, 352.4805, 934.8304, 386.1043, 444.9313, 1960.509, 889.0302, 1165.158, 1.83869, 3054.346, 371.4666, 113.8163, 1056.968, 850.1889
268.2, 358.4454, 510.2511, 987.3854, 458.8296, 174.5514, 171.3986, 664.3562, 288.1208, 332.8615, 887.8126, 364.5783, 455.6256, 1972.262, 1042.599, 1168.679, 1.756437, 2975.018, 352.9726, 108.4949, 1012.001, 811.2501
268.3, 435.0205, 483.7714, 1064.146, 484.9297, 163.2588, 162.3393, 633.4077, 274.6477, 314.3344, 843.1594, 344.2524, 431.3582, 2035.545, 1071.765, 1178.097, 1.677864, 3263.342, 335.3994, 103.4223, 968.9463, 774.0947
268.4, 432.9209, 564.3021, 1177.901, 464.1716, 152.6967, 153.7588, 625.049, 261.8046, 312.1042, 964.4187, 325.0598, 408.3833, 2076.072, 1023.545, 1208.405, 1.602805, 3134.148, 318.701, 98.58681, 1162.341, 813.2413
268.5, 412.5839, 535.0173, 1111.38, 484.6155, 142.818, 145.6318, 595.9315, 300.1624, 294.7325, 915.9127, 306.9371, 386.6321, 2170.267, 987.3105, 1215.767, 1.531104, 2996.635, 302.834, 210.9208, 1112.891, 922.2722
268.6, 447.0009, 507.2524, 1075.483, 535.745, 183.994, 137.9344, 645.3615, 306.4753, 304.7188, 974.6719, 289.8248, 366.0394, 2387.22, 1021.523, 1162.413, 1.462611, 2865.155, 287.757, 290.328, 1065.544, 1003.274
268.7, 435.8369, 480.9283, 1079.244, 512.8117, 172.0904, 304.55, 653.8149, 334.9991, 295.4565, 925.6501, 273.6665, 346.5435, 2336.137, 975.5639, 1148.415, 1.397182, 2774.338, 273.4306, 425.7134, 1037.681, 957.3236
268.8, 415.3629, 455.9703, 1176.046, 604.0204, 160.957, 288.4529, 797.7086, 382.3729, 391.4995, 1202.905, 258.4091, 328.0861, 2485.945, 940.8041, 1260.632, 1.33468, 2652.612, 259.8175, 424.3022, 1311.442, 1051.718
268.9, 395.8506, 432.3075, 1230.65, 743.2855, 150.5439, 273.2067, 760.5479, 446.1964, 425.3475, 1228.592, 244.0023, 310.6116, 2537.33, 1068.455, 1257.948, 112.9921, 2536.226, 246.8821, 404.4641, 1255.648, 1003.549
269, 463.2975, 409.8727, 1363.229, 711.4682, 140.8044, 258.7662, 882.8452, 547.1727, 490.2852, 1271.243, 230.3988, 294.0679, 2583.05, 1020.384, 1249.251, 670.2239, 2529.956, 234.5907, 401.2816, 1202.228, 1013.59
269.1, 441.5334, 388.6022, 1286.243, 681.0129, 131.6951, 245.0891, 982.9867, 521.5857, 462.9959, 1300.41, 217.5536, 278.4054, 2582.301, 1289.245, 1312.631, 1217.317, 2633.618, 222.9113, 479.0079, 1362.66, 967.1671
269.2, 420.7918, 368.4355, 1213.604, 651.8612, 123.175, 232.1348, 952.6478, 619.777, 462.2711, 1235.005, 205.4246, 263.577, 2526.131, 1305.546, 1255.026, 1238.706, 2518.066, 211.8133, 456.6122, 1304.688, 985.1686
269.3, 527.2061, 349.3154, 1145.068, 623.9574, 115.2062, 219.8652, 908.2693, 604.8211, 436.5411, 1172.89, 193.9718, 249.5385, 2677.576, 1274.467, 1199.95, 1269.241, 2509.267, 201.2679, 435.2635, 1249.181, 940.0477
269.4, 502.4398, 331.1875, 1080.402, 597.248, 107.7529, 208.2441, 886.2341, 576.5383, 412.2432, 1113.899, 183.1575, 236.2476, 2611.278, 1219.452, 1147.291, 1231.421, 2399.17, 191.2475, 480.2837, 1238.678, 989.1803
269.5, 495.4611, 314.0004, 1152.97, 571.6821, 100.7818, 197.2373, 844.9495, 562.7629, 389.2978, 1057.874, 172.9462, 223.6647, 2503.947, 1191.333, 1287.088, 1289.948, 2293.905, 181.7259, 515.7621, 1303.008, 943.8757
269.6, 472.1861, 398.7392, 1197.116, 547.2104, 94.26172, 186.8123, 833.8866, 583.6327, 367.6295, 1004.668, 163.3041, 211.7519, 2562.378, 1137.734, 1230.604, 1232.243, 2431.769, 172.6784, 491.6479, 1247.573, 900.646
269.7, 518.4355, 378.0465, 1198.181, 523.7864, 88.16344, 176.9382, 851.5128, 556.3408, 347.1672, 954.1374, 154.1996, 200.4736, 2457.057, 1150.248, 1216.352, 1228.029, 2373.533, 164.0814, 468.6611, 1258.958, 859.3963
269.8, 494.0813, 358.4276, 1199.234, 501.365, 82.45969, 167.5861, 811.8457, 530.3251, 327.8439, 906.1484, 145.6027, 218.5331, 2445.109, 1133.312, 1335.188, 1173.093, 2344.728, 155.9124, 547.2538, 1205.397, 995.53
269.9, 470.8711, 339.8268, 1131.509, 479.9034, 77.12494, 158.7283, 774.0264, 505.5259, 309.5962, 860.5731, 240.1889, 206.8936, 2521.331, 1189.635, 1276.594, 1142.441, 2286.762, 148.15, 521.6672, 1198.699, 949.9346
270, 448.7513, 322.1913, 1070.54, 459.3605, 72.13533, 150.3386, 737.9689, 481.8864, 292.364, 817.29, 226.7979, 250.6885, 2476.685, 1201.596, 1220.571, 1091.334, 2186.428, 140.7742, 544.8101, 1198.19, 906.4274
270.1, 427.6706, 305.4711, 1076.975, 439.697, 67.46852, 227.7155, 703.5912, 459.3524, 276.0911, 830.9253, 274.1034, 237.3364, 2549.986, 1229.203, 1167.007, 1042.514, 2187.844, 133.7655, 550.0806, 1349.292, 934.73
270.2, 407.5802, 289.6185, 1016.154, 420.8752, 63.10363, 215.6795, 747.0679, 437.872, 260.7238, 1043.985, 258.8216, 224.6954, 2536.309, 1283.179, 1200.603, 1139.186, 2091.85, 127.1058, 540.7854, 1349.287, 891.9192
270.3, 388.4335, 274.5886, 1067.512, 402.859, 59.02113, 204.2797, 741.8228, 417.3962, 246.212, 991.477, 370.2991, 288.4727, 2432.059, 1225.447, 1147.915, 1191.098, 2000.069, 120.7776, 810.9424, 1291.883, 892.6166
270.4, 370.1863, 260.3387, 1007.226, 385.6141, 55.20275, 193.4824, 707.2655, 397.8778, 232.5078, 955.0194, 349.6543, 273.1081, 2445.452, 1368.524, 1224.889, 1137.814, 2014.909, 114.7646, 791.199, 1496.956, 851.7346
270.5, 352.7963, 246.8283, 970.8677, 369.1074, 51.6314, 183.2558, 674.3181, 379.2722, 219.5665, 1121.855, 330.1604, 262.2531, 2556.903, 1306.953, 1171.136, 1128.443, 2083.859, 109.0508, 876.2617, 1433.27, 859.7147
270.6, 494.6714, 234.0191, 916.0394, 353.3073, 48.2911, 173.5698, 729.8863, 361.5366, 207.3454, 1223.498, 311.7534, 248.2851, 2451.807, 1248.152, 1347.078, 1152.038, 1992.428, 103.6216, 927.3374, 1424.491, 820.3397
270.7, 477.3507, 319.8362, 864.3074, 338.1835, 45.1669, 164.3957, 695.8851, 344.6304, 195.8046, 1322.928, 294.3726, 241.4967, 2361.896, 1213.086, 1287.962, 1100.502, 1905.009, 98.46263, 883.9802, 1363.888, 782.768
270.8, 553.7347, 303.2381, 948.225, 323.7071, 42.24482, 155.7065, 663.4678, 328.5147, 184.9061, 1774.064, 277.9608, 228.6342, 2593.59, 1158.508, 1419.898, 1051.272, 1821.425, 93.56052, 842.6501, 1305.863, 840.489
270.9, 527.7222, 287.5015, 894.6755, 309.8504, 39.51178, 147.4766, 632.5606, 313.1526, 174.6142, 2165.547, 262.4639, 216.4567, 2672.523, 1149.636, 1574.868, 1004.244, 1881.165, 88.90248, 803.2524, 1448.239, 845.6996
271, 520.5698, 332.45, 844.15, 296.5869, 36.95556, 139.6816, 603.0932, 298.5089, 164.8952, 2488.893, 247.8311, 293.9832, 2586.756, 1219.303, 1725.634, 959.3192, 1798.627, 84.47634, 784.7731, 1646.207, 806.9664
271.1, 609.1084, 315.1974, 856.994, 283.8911, 34.56471, 132.2987, 606.1216, 284.55, 155.7171, 2809.195, 234.0141, 409.9817, 2657.591, 1164.445, 1738.009, 1017.818, 1883.469, 80.27056, 748.0814, 1639.076, 980.6023
271.2, 728.8157, 320.1809, 822.3328, 271.7387, 32.32854, 125.306, 577.8858, 271.2438, 147.0499, 2761.127, 314.5124, 390.8059, 2695.469, 1158.233, 1738.175, 996.0347, 1881.552, 76.27418, 713.1052, 1833.64, 935.6906
271.3, 694.5786, 380.5859, 1002.318, 260.1066, 30.23704, 118.6829, 672.125, 258.5599, 138.8651, 2622.254, 296.9778, 384.026, 2584.677, 1283.371, 1664.888, 951.4775, 1798.998, 72.47676, 679.7643, 1767.322, 928.3278
271.4, 661.9498, 360.8352, 1054.379, 248.9724, 28.28085, 112.4099, 640.8145, 246.4691, 131.1359, 2795.905, 368.1752, 394.5689, 2597.836, 1252.217, 1591.825, 1030.218, 1720.065, 68.8684, 647.9823, 1769.345, 934.4435
271.5, 738.2436, 342.1095, 1048.035, 238.3148, 26.45122, 106.4684, 610.9626, 234.9436, 123.8369, 2759.782, 347.6488, 507.9852, 2648.613, 1431.843, 1521.968, 984.1316, 1768.576, 65.43969, 617.6862, 1694.07, 891.6458
271.6, 703.5636, 340.2444, 988.8486, 228.1134, 24.73995, 100.841, 582.5013, 223.9572, 116.9441, 2670.053, 328.2667, 480.929, 2651.383, 1466.984, 1455.177, 1040.87, 1690.978, 62.18168, 588.8065, 1621.998, 850.8083
271.7, 807.1408, 400.2419, 1080.957, 218.3487, 23.13939, 95.51101, 655.8244, 213.4844, 110.435, 2673.871, 309.9653, 543.5747, 2710.277, 1642.411, 1391.317, 994.3071, 1685.916, 59.08587, 561.2772, 1552.992, 877.8798
271.8, 778.5876, 379.4711, 1109.45, 209.002, 21.64239, 90.46274, 625.2733, 203.5014, 104.2882, 2539.387, 292.6841, 771.9637, 2598.876, 1620.821, 1416.354, 995.9809, 1611.945, 56.1442, 535.0349, 1486.921, 935.4579
271.9, 742.0124, 359.7783, 1076.631, 200.0554, 20.24223, 85.6813, 596.1453, 193.9853, 98.48355, 2628.067, 276.3665, 730.8476, 2765.112, 1836.985, 1432.935, 1097.294, 1696.841, 53.34898, 510.0196, 1460.621, 912.2957
272, 707.1553, 341.1075, 1017.543, 191.4917, 126.0361, 81.15258, 568.3743, 184.9141, 93.00196, 2558.168, 260.9586, 691.9214, 2783.344, 2272.716, 1375.785, 1131.313, 1711.839, 50.69292, 486.1739, 1431.401, 870.5125
272.1, 673.9357, 323.4055, 1068.452, 183.2947, 153.9753, 76.86323, 541.897, 176.2671, 87.82548, 2429.504, 246.4097, 799.7477, 2710.887, 2644.727, 1315.409, 1178.496, 1636.731, 48.1691, 463.443, 1370.504, 965.2373
272.2, 676.0427, 306.6223, 1008.113, 175.4485, 144.0139, 72.80059, 516.6531, 168.0245, 82.93712, 2365.058, 232.6719, 783.5272, 2750.079, 2593.808, 1257.683, 1200.39, 1597.527, 45.77094, 441.775, 1354.289, 921.0293
272.3, 644.2846, 290.71, 951.1812, 167.9382, 134.6969, 68.95269, 597.1052, 202.3508, 78.32084, 2246.106, 219.7, 741.7952, 2725.925, 2584.092, 1303.722, 1146.691, 1527.434, 43.49216, 421.12, 1296.672, 974.197
272.4, 640.5809, 275.6234, 1040.674, 160.7494, 157.5149, 65.30817, 598.8901, 268.4597, 73.9615, 2315.425, 294.6507, 702.2859, 2613.881, 2638.572, 1598.7, 1181.662, 1678.911, 41.32684, 401.4307, 1241.506, 929.5786
272.5, 636.6866, 261.3199, 1082.852, 153.8683, 147.3245, 61.85628, 657.164, 395.4765, 69.84481, 2241.986, 278.2234, 682.0128, 2618.694, 2645.394, 1535.065, 1128.801, 1605.247, 39.26933, 382.662, 1248.651, 887.0038
272.6, 606.7773, 270.7403, 1186.175, 147.2818, 252.7167, 58.58684, 626.5505, 376.9831, 65.95725, 2350.1, 262.7119, 688.134, 2585.084, 2526.374, 1467.699, 1122.057, 1534.816, 37.31424, 401.4389, 1195.529, 846.3789
272.7, 578.2731, 290.7777, 1119.188, 140.9772, 236.3671, 55.49021, 787.2416, 359.3546, 62.28608, 2231.901, 248.0653, 651.4828, 2556.49, 2482.764, 1560.872, 1071.862, 1537.003, 35.4565, 382.6698, 1144.667, 807.6146
272.8, 551.108, 275.6877, 1192.277, 134.9425, 253.1087, 52.55725, 750.5685, 342.5504, 58.81924, 2183.579, 284.146, 833.8811, 2451.41, 2464.047, 1492.374, 1115.266, 1469.565, 33.69125, 407.2877, 1095.968, 770.6257
272.9, 525.2189, 261.3807, 1190.482, 129.1661, 236.7338, 49.77932, 715.6038, 326.532, 55.54536, 2073.755, 275.4992, 789.4672, 2422.343, 2507.815, 1492.932, 1065.375, 1571.424, 32.01388, 388.2451, 1049.341, 735.3309
273, 500.5461, 247.8162, 1123.251, 123.6369, 221.4182, 64.81589, 760.0498, 342.0244, 52.45371, 2116.529, 294.8947, 794.3659, 2399.958, 2490.146, 1427.416, 1017.716, 1502.476, 30.42002, 370.0929, 1085.367, 842.0038
273.1, 477.0322, 234.9557, 1114.25, 118.3445, 207.0936, 78.03345, 738.592, 326.0306, 49.53414, 2159.025, 370.9259, 752.0566, 2535.121, 2380.539, 1370.482, 1028.883, 1436.554, 28.90552, 352.7894, 1039.191, 803.4399
273.2, 454.623, 222.7626, 1051.325, 113.2786, 205.283, 90.15058, 761.1627, 310.7847, 46.77707, 2077.296, 350.2462, 712.0009, 2430.92, 2460.342, 1310.339, 1015.052, 1520.693, 27.46641, 475.9344, 1079.846, 766.6422
273.3, 433.2664, 211.2022, 1199.814, 108.4296, 192.0022, 85.38564, 769.2291, 361.0056, 44.17346, 1972.817, 330.7193, 674.0785, 2488.632, 2415.288, 1252.835, 969.6438, 1453.971, 26.09896, 453.6823, 1180.73, 903.2217
273.4, 412.9131, 200.2418, 1170.516, 103.7881, 179.5806, 105.7426, 752.8704, 347.7564, 41.71477, 2072.91, 312.2811, 699.5551, 2453.303, 2386.06, 1255.796, 926.2672, 1428.098, 24.79959, 479.0044, 1304.071, 861.8541
273.5, 393.516, 189.8501, 1104.413, 99.34531, 270.7402, 100.1535, 827.0313, 331.4946, 39.39293, 2137.036, 294.8708, 725.3171, 2474.326, 2321.25, 1265.362, 884.8311, 1390.214, 23.5649, 456.6088, 1289.629, 822.381
273.6, 375.03, 238.6353, 1220.841, 95.0927, 290.9323, 94.85988, 788.5046, 386.708, 37.20032, 2088.37, 278.4313, 686.6855, 2372.624, 2493.83, 1279.97, 845.2485, 1501.737, 22.39169, 472.3415, 1263.172, 784.7159
273.7, 357.4124, 226.2513, 1179.703, 91.02213, 272.1104, 89.84602, 751.7727, 368.6247, 35.12975, 2081.678, 262.9082, 650.1115, 2310.54, 2381.63, 1223.799, 807.4367, 1477.248, 21.27689, 534.7598, 1209.432, 748.7758
273.8, 340.6225, 334.4452, 1117.447, 87.1258, 316.8417, 169.557, 716.7519, 351.387, 33.17443, 2075.325, 248.2506, 615.4855, 2289.176, 2350.259, 1170.093, 771.3164, 1490.099, 20.21758, 509.7573, 1315.484, 714.4817
273.9, 324.6213, 317.089, 1054.341, 83.39626, 296.3435, 160.595, 785.3943, 334.9554, 31.32794, 2090.043, 234.4102, 582.7037, 2224.573, 2244.518, 1118.744, 736.812, 1432.66, 19.21102, 485.9239, 1259.518, 961.4643
274, 309.3717, 306.1063, 1057.366, 79.82638, 277.1715, 152.1067, 748.8073, 319.2921, 29.58423, 2033.05, 221.3414, 551.6679, 2176.458, 2308.364, 1069.648, 747.0167, 1470.514, 18.25457, 463.2047, 1286.382, 917.4291
274.1, 294.8386, 314.4278, 997.6528, 76.4093, 259.2399, 155.9384, 767.6891, 304.3614, 27.93758, 2047.167, 209.0012, 566.0775, 2086.999, 2204.508, 1026.816, 713.5992, 1550.551, 17.34574, 497.7948, 1317.809, 875.4107
274.2, 280.9881, 298.1104, 941.3119, 73.1385, 296.8422, 147.6963, 828.7339, 290.1288, 26.38257, 1984.497, 197.349, 535.9272, 2001.217, 2105.324, 986.6911, 779.8687, 1491.459, 16.48216, 474.5206, 1292.141, 835.3168
274.3, 267.7883, 282.6398, 888.1527, 70.00771, 277.6379, 209.524, 790.1279, 276.5617, 24.91412, 1890.166, 186.3465, 507.3828, 2205.249, 2180.627, 1017.153, 744.9816, 1499.684, 15.66157, 549.5379, 1282.059, 797.0591
274.4, 255.2086, 267.9721, 837.9956, 67.01093, 301.1212, 300.7936, 753.3204, 384.9134, 23.5274, 1817.173, 175.9573, 480.3587, 2184.65, 2163.766, 972.5157, 711.6552, 1433.884, 14.88184, 523.8445, 1257.065, 760.5537
274.5, 243.2198, 254.0656, 824.2756, 64.14244, 281.6401, 284.8951, 718.2275, 384.1311, 42.48212, 1861.541, 166.1474, 454.774, 2094.854, 2066.416, 931.6999, 830.8824, 1612.548, 14.14092, 499.3524, 1384.714, 725.7202
274.6, 282.4981, 240.8807, 846.0875, 61.39674, 263.4194, 279.433, 684.7693, 366.1683, 40.11757, 1953.203, 156.8844, 430.5519, 2008.75, 1973.445, 1013.329, 917.1108, 1541.797, 114.2964, 476.0054, 1364.524, 692.4821
274.7, 269.2274, 305.7323, 866.8876, 58.76857, 246.3774, 264.6635, 652.8698, 349.0454, 37.88462, 1935.931, 148.1378, 407.62, 2053.272, 2013.693, 968.8594, 876.0843, 1474.149, 264.969, 453.75, 1325.661, 660.7664
274.8, 256.58, 289.8661, 896.0807, 56.2529, 321.1921, 250.6746, 622.4563, 332.7233, 87.05245, 2169.815, 139.8789, 385.9095, 1968.877, 1923.094, 974.6228, 868.1422, 1409.469, 251.7771, 485.7419, 1269.262, 630.5032
274.9, 272.0363, 274.8234, 845.476, 53.84492, 300.4125, 237.4251, 593.4596, 317.1645, 82.20712, 2259.89, 132.0804, 365.3553, 2061.292, 2016.785, 931.8518, 914.5106, 1347.628, 239.242, 463.0313, 1270.83, 688.9509
275, 259.257, 260.5613, 797.7289, 51.54002, 280.9773, 224.8759, 565.8137, 302.3332, 77.63147, 2253.738, 124.7167, 345.8958, 2032.748, 1976.791, 890.9578, 1020.21, 1288.5, 227.331, 441.3825, 1216.764, 657.3968
275.1, 247.078, 320.889, 883.5016, 49.33378, 277.4396, 212.99, 539.4556, 288.1954, 73.31051, 2250.655, 117.7635, 327.4728, 2035.535, 1966.025, 851.8585, 1015.774, 1332.91, 216.013, 420.7458, 1315.246, 732.0479
275.2, 278.1913, 304.2364, 873.6789, 47.22198, 259.4906, 201.7323, 514.3254, 274.7188, 69.23005, 2203.285, 111.1979, 310.0311, 1951.869, 1877.571, 814.475, 1032.049, 1380.783, 205.2585, 401.0741, 1259.29, 903.2413
275.3, 316.9303, 288.4479, 824.3392, 45.20058, 242.7028, 191.0697, 490.3659, 261.8723, 65.37671, 2220.353, 104.9985, 293.5183, 1897.648, 2014.021, 778.7321, 1034.542, 1320.2, 253.0024, 382.322, 1205.715, 861.8727
275.4, 302.0421, 273.4788, 855.2014, 43.26571, 227.0011, 208.7326, 467.5226, 249.6266, 61.73785, 2143.581, 99.14461, 277.885, 1950.566, 1955.261, 744.5577, 1027.96, 1348.558, 240.4063, 364.4467, 1269.719, 822.3989
275.5, 287.8532, 299.7045, 853.3616, 41.41366, 212.3152, 197.6999, 445.7434, 237.9535, 58.30152, 2122.616, 93.61712, 263.0844, 1996.736, 1978.571, 791.7911, 981.9748, 1340.139, 228.4373, 420.9893, 1243.597, 784.7328
275.6, 312.1697, 284.1512, 805.1693, 39.6409, 254.5646, 187.2504, 424.9787, 226.8263, 55.05646, 2015.858, 88.3978, 249.0721, 1937.516, 1974.311, 770.3651, 938.0466, 1332.355, 244.9281, 401.3062, 1190.689, 748.792
275.7, 297.5051, 269.4051, 759.6986, 37.94402, 238.0955, 177.3532, 405.1814, 216.2194, 51.99202, 1936.337, 83.46946, 235.8061, 1857.878, 1885.485, 736.5579, 896.0836, 1454.316, 253.2843, 399.4731, 1293.628, 714.4972
275.8, 283.5294, 255.4242, 790.1385, 36.31977, 222.6919, 167.9792, 386.3063, 206.1085, 49.09815, 1953.886, 78.81589, 223.2466, 1781.514, 1800.655, 704.2344, 855.9977, 1390.506, 240.6742, 460.6172, 1238.592, 681.7731
275.9, 270.2102, 242.1688, 745.5166, 34.76506, 281.5472, 159.1006, 368.3105, 247.108, 46.36535, 1855.614, 74.42176, 211.3561, 1767.117, 1719.641, 673.3293, 817.705, 1449.223, 228.6919, 439.0813, 1249.769, 650.5478
276, 257.5167, 229.6013, 703.4147, 33.27689, 329.374, 150.6913, 351.153, 235.5527, 43.78466, 1794.897, 70.27261, 200.099, 1694.483, 1675.84, 764.6052, 781.1254, 1385.637, 264.3515, 418.5522, 1196.599, 620.7526
276.1, 245.4195, 217.6861, 851.003, 31.85243, 319.0947, 142.7264, 334.7948, 224.5377, 41.3476, 1818.85, 66.35479, 189.4413, 1624.835, 1716.843, 731.0507, 822.366, 1344.35, 251.1904, 398.983, 1251.68, 592.3221
276.2, 233.8906, 206.3892, 802.9439, 30.48895, 298.4508, 135.1826, 405.1023, 214.0378, 39.0462, 1890.382, 62.65539, 241.5196, 1788.178, 1704.082, 698.9688, 836.2465, 1311.287, 329.9896, 380.3288, 1310.505, 565.1937
276.3, 222.9033, 195.6785, 757.5989, 29.18383, 279.1425, 128.0374, 449.1822, 204.029, 36.87289, 1795.304, 59.16224, 228.6559, 1714.679, 1665.598, 668.2948, 798.8374, 1253.754, 355.2003, 362.5467, 1254.751, 539.3077
276.4, 212.4321, 185.5237, 745.8499, 27.93457, 261.0833, 121.27, 533.4332, 194.4881, 43.52774, 1705.008, 55.86384, 216.4773, 1709.374, 1747.556, 638.9669, 763.1018, 1198.744, 381.8664, 345.5959, 1201.369, 514.6074
276.5, 202.4528, 213.4362, 703.7292, 26.7388, 244.1925, 114.8602, 508.5836, 185.3934, 41.10498, 1619.253, 52.74933, 204.9473, 1639.114, 1740.885, 610.9261, 728.9648, 1246.535, 362.8546, 329.4378, 1171.165, 491.0383
276.6, 192.9423, 202.3598, 663.9871, 25.59421, 287.6898, 108.7892, 484.8915, 176.724, 81.88364, 1537.812, 49.80846, 194.0315, 1742.437, 1788.071, 709.4641, 696.3549, 1256.397, 344.7894, 314.0351, 1252.951, 468.5486
276.7, 190.7306, 219.9822, 738.564, 24.49861, 269.0777, 103.0391, 462.3032, 168.4601, 116.693, 1460.467, 47.03155, 183.697, 1687.483, 1707.624, 678.3295, 665.2037, 1201.272, 404.5651, 309.2862, 1265.451, 447.0891
276.8, 181.7708, 208.5661, 696.8547, 23.44992, 251.6697, 97.59296, 440.7671, 160.5825, 160.0707, 1387.012, 44.40945, 173.913, 1627.326, 1641.462, 707.8328, 700.4365, 1165.19, 384.4233, 294.8257, 1211.614, 426.6123
276.9, 216.3322, 197.7425, 761.4377, 22.44611, 235.3878, 92.43465, 420.2343, 153.0733, 151.1612, 1343.121, 41.93355, 216.2783, 1589.611, 1703.395, 676.7698, 687.21, 1114.066, 427.9927, 281.0413, 1426.167, 407.0734
277, 206.1697, 187.4805, 718.4367, 21.48528, 220.1594, 87.54898, 400.658, 145.9153, 174.9567, 1348.492, 39.59568, 204.7589, 1543.368, 1644.34, 657.2387, 805.2037, 1065.186, 406.6844, 267.9013, 1365.492, 388.4294
277.1, 196.4846, 177.7512, 677.8641, 20.56557, 205.9161, 82.92155, 381.9936, 139.0919, 165.2187, 1350.653, 37.38815, 193.8531, 1570.734, 1611.467, 729.0081, 787.4761, 1228.183, 386.4371, 294.7369, 1307.399, 370.6393
277.2, 187.2545, 249.5139, 639.5827, 19.68523, 192.5944, 78.5387, 364.1987, 217.8405, 286.3569, 1450.073, 35.30369, 183.5282, 1506.172, 1670.032, 697.0158, 752.2487, 1174.295, 367.1978, 294.5295, 1251.777, 353.6639
277.3, 178.458, 236.5652, 789.9952, 18.84258, 180.1344, 74.3875, 347.2327, 207.6538, 270.4183, 1377.141, 33.33545, 173.7531, 1444.264, 1660.481, 734.2376, 718.5972, 1344.035, 348.9163, 319.9492, 1266.14, 337.4661
277.4, 267.5815, 224.2886, 745.3815, 18.036, 168.4806, 70.45573, 331.0571, 197.9434, 307.59, 1484.482, 31.47693, 260.7491, 1384.901, 1601.541, 702.0159, 695.5731, 1440.871, 376.092, 304.9901, 1212.273, 322.0101
277.5, 255.0115, 212.649, 703.2872, 17.26394, 161.2761, 66.73177, 315.6351, 188.6872, 290.4695, 1439.008, 29.72204, 246.8611, 1403.291, 1606.747, 671.2081, 690.261, 1377.651, 390.4653, 302.2308, 1329.067, 307.262
277.6, 243.032, 201.6135, 663.5701, 16.52494, 175.7439, 63.20463, 300.9314, 179.8637, 274.302, 1493.779, 28.06498, 233.7129, 1368.635, 1534.458, 647.9421, 659.3826, 1421.403, 371.0254, 288.1001, 1272.523, 293.1893
277.7, 231.6152, 191.1507, 790.8714, 15.81756, 164.3741, 59.86393, 286.9128, 171.4529, 312.2482, 1455.315, 26.50031, 221.2649, 1352.959, 1507.282, 619.5074, 629.8854, 1387.736, 352.5534, 298.0265, 1308.093, 279.7612
277.8, 220.7348, 181.2309, 840.4294, 15.14047, 323.9074, 56.69979, 273.5471, 163.4354, 294.8684, 1403.15, 25.02287, 209.48, 1366.26, 1573.246, 644.3492, 645.2874, 1326.848, 472.7351, 284.0924, 1272.431, 266.9481
277.9, 210.3655, 171.8258, 932.3134, 14.49236, 425.0499, 53.70291, 260.8041, 155.7928, 278.4561, 1440.989, 23.6278, 198.3227, 1310.103, 1534.231, 616.0721, 730.5091, 1268.631, 449.1993, 270.8098, 1218.296, 254.7219
278, 200.4833, 162.9088, 1087.657, 13.872, 646.2411, 50.86442, 248.6547, 148.5076, 309.1851, 1396.366, 22.31051, 187.7597, 1370.628, 1549.477, 589.0361, 697.8301, 1436.042, 610.9258, 258.1482, 1166.465, 243.0556
278.1, 191.0653, 154.4546, 1084.205, 13.27819, 604.4324, 48.17596, 237.0713, 141.5631, 291.9759, 1342.606, 21.06666, 177.7593, 1372.777, 1549.213, 579.0617, 666.613, 1391.493, 580.5099, 297.7397, 1116.839, 231.9236
278.2, 182.0897, 165.394, 1022.976, 12.7098, 565.3286, 45.6296, 226.0275, 134.9433, 275.7245, 1275.079, 19.89215, 168.2916, 1361.91, 1479.512, 631.3065, 636.7924, 1338.063, 622.6487, 283.8191, 1195.518, 221.3015
278.3, 173.5358, 156.8108, 1018.462, 12.16574, 528.7545, 43.21783, 215.4982, 128.633, 260.3777, 1210.948, 18.78313, 159.3281, 1305.932, 1442.922, 695.9177, 636.806, 1343.572, 668.0262, 321.0422, 1144.656, 211.1658
278.4, 165.3837, 184.6666, 1115.882, 11.64497, 494.5467, 40.93354, 205.4593, 160.1088, 245.8851, 1216.678, 17.73594, 150.842, 1261.911, 1378.003, 695.1594, 608.3187, 1284.622, 634.7675, 306.032, 1095.958, 201.4944
278.5, 157.6146, 175.0833, 1052.865, 11.14649, 462.5519, 38.76998, 195.8882, 152.6218, 232.1991, 1155.484, 16.74713, 199.2959, 1210.043, 1316.005, 664.6526, 608.7753, 1228.258, 603.1647, 295.5786, 1049.332, 192.2659
278.6, 150.2104, 173.1456, 993.4056, 10.66935, 611.2383, 36.72078, 186.7628, 145.4848, 219.2749, 1240.041, 15.81344, 217.15, 1160.307, 1415.925, 635.4846, 639.9182, 1200.833, 648.1084, 281.7589, 1060.592, 183.4601
278.7, 148.6894, 164.1602, 937.3045, 10.21264, 615.861, 34.77989, 178.0626, 171.5748, 207.0701, 1208.213, 14.93182, 292.5562, 1112.615, 1352.22, 607.5966, 611.2917, 1291.852, 732.5552, 268.5854, 1135.167, 175.0576
278.8, 141.7045, 195.7075, 911.1678, 233.0318, 813.7358, 32.94159, 369.9272, 163.5515, 286.5132, 1188.062, 14.09934, 276.9741, 1176.134, 1405.343, 580.9324, 635.1951, 1235.171, 696.0839, 256.0278, 1086.873, 167.0399
278.9, 135.0477, 202.9633, 1025.914, 235.2615, 879.4028, 78.73553, 488.7405, 237.4116, 324.0268, 1304.073, 13.31328, 345.1912, 1127.791, 1482.589, 580.4227, 606.78, 1294.686, 661.4284, 244.0573, 1075.244, 159.3895
279, 128.7037, 192.4304, 981.8027, 260.3697, 822.5097, 74.57394, 465.9729, 226.3097, 515.0521, 1390.863, 12.57104, 339.075, 1081.436, 1481.173, 586.8535, 579.6359, 1237.881, 628.4982, 323.1792, 1148.518, 152.0894
279.1, 122.6576, 200.6106, 926.3569, 249.2242, 769.2973, 70.6323, 571.2725, 215.727, 537.1943, 1320.908, 11.87018, 385.9259, 1036.986, 1499.834, 561.0997, 553.7062, 1283.875, 597.2075, 377.2654, 1205.452, 145.1237
279.2, 116.8956, 190.1998, 874.0422, 238.5558, 835.7842, 66.899, 544.6602, 205.6391, 507.2941, 1254.473, 11.2084, 365.3708, 994.3624, 1492.539, 561.6395, 558.884, 1311.926, 567.4747, 359.6265, 1154.167, 138.477
279.3, 111.4043, 180.3293, 824.682, 228.3441, 876.0748, 63.36303, 519.2875, 260.1285, 479.0581, 1302.616, 10.58351, 393.9348, 1027.991, 1425.388, 536.9922, 558.3788, 1254.364, 539.2221, 342.8123, 1222.887, 132.1348
279.4, 134.8058, 170.971, 1109.258, 218.5696, 1069.636, 60.01395, 614.2402, 247.9643, 460.9591, 1320.112, 9.993457, 415.1763, 985.7379, 1361.258, 618.3435, 533.4, 1199.328, 649.7808, 376.7733, 1170.86, 126.083
279.5, 160.0293, 162.0984, 1075.37, 231.4983, 1000.435, 56.8419, 585.6262, 236.369, 450.6646, 1253.716, 9.436304, 393.0633, 945.2211, 1300.013, 671.8936, 520.2309, 1316.06, 673.288, 500.7856, 1121.047, 120.3084
279.6, 152.5117, 153.6862, 1064.17, 221.5887, 937.5695, 53.8375, 572.4912, 225.3158, 436.1269, 1190.659, 8.910213, 372.1281, 906.3698, 1241.524, 642.4078, 543.7598, 1282.537, 698.4781, 546.0543, 1073.354, 114.7982
279.7, 145.3472, 206.1865, 1127.313, 261.5848, 876.9132, 50.9919, 592.2019, 214.7796, 411.8521, 1130.774, 8.413453, 352.308, 869.1153, 1269.589, 634.2626, 583.9357, 1226.265, 847.1002, 520.5237, 1067.606, 109.5404
279.8, 138.5194, 266.8004, 1063.65, 309.346, 940.7423, 48.2967, 584.0422, 204.736, 388.9284, 1151.373, 7.944388, 333.5434, 833.3921, 1212.468, 723.0325, 613.681, 1328.495, 836.6444, 592.3229, 1143.091, 104.5235
279.9, 132.0122, 252.9546, 1140.392, 314.2049, 960.6726, 45.74396, 579.9523, 195.1621, 467.7103, 1093.464, 7.501474, 315.7784, 917.7632, 1211.269, 691.3024, 689.314, 1396.054, 794.9908, 701.463, 1162.518, 99.73628
280, 125.8108, 239.8274, 1075.99, 365.8714, 902.6465, 43.32615, 585.0153, 204.6551, 483.8051, 1129.959, 7.083253, 298.9595, 880.0405, 1306.27, 746.1758, 701.6614, 1334.801, 755.4111, 668.6664, 1113.06, 95.16834
280.1, 119.9006, 227.3815, 1027.78, 415.7521, 966.7753, 41.03613, 557.7628, 195.085, 456.8765, 1084.94, 6.688349, 283.0364, 843.8682, 1247.499, 750.3395, 706.861, 1394.031, 826.1047, 637.4032, 1160.605, 90.80962
280.2, 114.2681, 247.0931, 969.7374, 432.553, 904.2296, 38.86715, 737.7104, 185.9624, 459.5021, 1030.373, 6.315462, 267.9614, 809.1827, 1258.183, 856.2886, 675.2399, 1332.867, 784.9759, 677.9659, 1163.034, 86.65052
280.3, 108.9002, 242.1454, 914.9729, 414.037, 946.3275, 36.81281, 712.1442, 208.1179, 480.3274, 1017.941, 5.963363, 253.6893, 775.923, 1226.622, 818.7107, 645.0333, 1274.386, 745.8947, 756.1571, 1222.921, 82.68192
280.4, 103.7845, 229.5792, 863.3012, 483.4855, 964.1226, 34.86706, 783.7723, 233.3572, 453.5924, 1035.218, 5.630895, 240.1774, 744.0303, 1171.435, 782.7819, 705.6235, 1426.699, 708.7593, 720.8033, 1197.792, 78.89507
280.5, 98.90907, 264.4602, 968.2196, 462.7892, 901.7485, 33.02415, 747.2609, 344.6078, 446.2515, 983.1507, 5.316963, 227.3851, 719.045, 1353.356, 840.3923, 674.0577, 1393.287, 673.4727, 687.1025, 1282.52, 75.28167
280.6, 94.26268, 281.9068, 913.5408, 442.9789, 870.8171, 31.27864, 712.4503, 328.4932, 640.5627, 933.7025, 5.020533, 215.2742, 689.4902, 1388.135, 902.1865, 643.9041, 1400.02, 639.9429, 654.9774, 1227.956, 71.83376
280.7, 89.83456, 294.5935, 875.7221, 424.0166, 845.1342, 29.6254, 679.2612, 313.1321, 667.6232, 945.3401, 147.0431, 203.8083, 661.1501, 1383.47, 907.8004, 658.4688, 1452.905, 608.0824, 665.0437, 1175.714, 68.54376
280.8, 85.61446, 279.3054, 946.8373, 405.866, 845.0699, 28.05954, 647.6183, 298.4894, 630.4634, 980.1307, 138.8452, 192.9532, 633.9749, 1321.227, 867.9619, 629.0125, 1522.041, 577.8081, 719.3386, 1125.695, 65.40445
280.9, 81.5926, 264.8107, 910.0841, 388.4924, 812.3842, 26.57644, 762.3163, 284.5314, 595.3718, 941.1656, 131.1043, 182.6761, 667.7783, 1334.058, 829.8716, 600.8739, 1598.23, 549.0411, 733.261, 1191.753, 62.40892
281, 77.75967, 279.7968, 869.6617, 371.8625, 813.7028, 25.17173, 726.8044, 271.2261, 582.3536, 952.064, 123.795, 172.9465, 681.431, 1282.202, 817.3542, 615.7372, 1528.106, 521.7063, 707.732, 1155.669, 59.55058
281.1, 74.1068, 309.2036, 895.3829, 355.9444, 803.7362, 23.84127, 692.9467, 258.543, 621.2521, 904.1793, 116.8932, 163.7351, 653.4221, 1255.703, 781.4849, 588.1925, 1461.059, 495.7324, 674.6423, 1106.503, 56.82315
281.2, 70.62553, 293.1573, 854.3525, 340.7077, 751.7383, 22.58113, 660.6663, 246.4529, 586.6733, 858.7031, 110.3762, 155.0143, 626.5646, 1226.925, 747.1898, 608.9904, 1646.211, 522.8544, 643.0997, 1059.428, 54.22065
281.3, 99.03365, 277.9438, 890.132, 326.1233, 703.1045, 21.3876, 629.8896, 234.9283, 554.0191, 815.514, 104.2225, 154.1093, 654.6917, 1272.311, 760.0317, 581.7474, 1573.982, 616.9, 613.0319, 1097.333, 51.73733
281.4, 94.38141, 309.5559, 972.9194, 312.1631, 844.9258, 20.25715, 656.0812, 223.9425, 523.1824, 774.4973, 98.41196, 145.9011, 627.782, 1282.282, 726.678, 555.7232, 1504.922, 599.7114, 584.3699, 1050.648, 49.36775
281.5, 103.0884, 293.4914, 948.8965, 298.8006, 790.2632, 19.18645, 625.5181, 213.4705, 537.8304, 754.9331, 92.92532, 138.1302, 601.9783, 1330.874, 694.788, 591.842, 1501.765, 666.1, 557.0479, 1005.949, 47.1067
281.6, 98.24567, 278.2605, 941.2265, 286.01, 769.6219, 18.17234, 659.776, 203.4881, 507.8948, 780.5176, 87.74456, 175.659, 577.2352, 1270.996, 687.8365, 565.3662, 1455.866, 702.9803, 531.0034, 963.1521, 44.94921
281.7, 93.63045, 263.8201, 888.0721, 273.767, 719.8311, 17.21184, 629.0408, 193.9726, 497.3289, 741.2609, 82.85265, 166.3031, 559.8143, 1243.76, 657.6511, 540.0748, 1391.989, 667.9814, 506.1766, 922.1758, 42.89053
281.8, 89.23203, 322.1531, 856.4689, 262.048, 708.0462, 16.3021, 599.7374, 184.902, 542.0659, 703.9787, 78.23346, 157.4455, 536.8043, 1261.145, 628.7903, 527.8549, 1350.801, 634.725, 486.5383, 882.9429, 40.92613
281.9, 85.04023, 363.6136, 808.1011, 250.8307, 662.239, 15.44044, 571.799, 176.2556, 530.0947, 668.5717, 73.8718, 149.0596, 573.8441, 1204.405, 601.196, 504.2416, 1475.501, 603.1243, 537.9667, 879.7427, 39.05171
282, 107.3268, 347.5822, 845.743, 240.0936, 619.3953, 14.62433, 545.1622, 168.0135, 500.5897, 821.0176, 69.75332, 141.1205, 592.408, 1150.217, 574.8128, 528.1268, 1486.344, 573.0969, 512.8143, 996.7578, 37.26313
282.1, 150.4799, 454.2783, 873.0129, 229.8161, 579.3234, 13.85136, 519.7662, 160.1568, 484.6298, 779.7239, 65.86445, 270.4612, 618.3524, 1133.747, 587.5255, 531.874, 1536.046, 544.5645, 488.8379, 954.3519, 35.55648
282.2, 148.2269, 531.6439, 823.7108, 219.9785, 541.844, 13.11924, 495.5532, 152.6676, 472.6392, 740.5072, 62.19239, 256.056, 592.9363, 1202.447, 561.7421, 557.9404, 1468.651, 517.4525, 465.9825, 913.75, 33.92799
282.3, 178.9154, 515.8692, 777.193, 210.562, 506.7893, 12.42582, 472.4682, 145.5285, 446.3321, 719.0413, 58.72505, 242.418, 655.8333, 1148.347, 606.291, 576.4646, 1426.726, 491.6904, 444.1957, 874.8755, 32.37408
282.4, 170.5106, 514.0266, 774.9219, 201.5486, 474.0025, 11.76905, 450.4586, 138.7233, 421.4893, 830.5879, 55.45102, 229.5064, 628.8766, 1096.682, 579.6841, 629.3246, 1376.976, 467.2109, 423.4276, 1033.115, 30.89134
282.5, 162.5006, 528.6611, 731.1594, 192.9211, 502.9891, 11.14699, 429.4743, 132.2363, 398.0292, 924.7764, 52.35952, 217.2825, 603.0279, 1047.341, 579.4097, 601.1721, 1433.469, 443.9501, 403.6304, 989.1626, 29.47651
282.6, 154.8669, 501.226, 689.8682, 340.0185, 470.4481, 10.55781, 485.3903, 126.0526, 536.4985, 878.2642, 49.44039, 205.7097, 578.2417, 1057.571, 584.1552, 657.1663, 1370.575, 421.8474, 384.7589, 1042.872, 28.12649
282.7, 147.5918, 475.2146, 650.9089, 325.4635, 564.498, 9.999774, 462.7787, 120.1581, 537.2702, 834.0913, 46.684, 198.3311, 554.4742, 1039.836, 558.5197, 654.3175, 1310.44, 400.8451, 366.7697, 998.5042, 26.83829
282.8, 140.6585, 569.3801, 614.1498, 311.5316, 527.9777, 9.471232, 497.5901, 114.5393, 537.6246, 792.1401, 44.08128, 246.6751, 531.6837, 1127.324, 534.0093, 707.9699, 1252.943, 380.8885, 349.6215, 956.0239, 25.60909
282.9, 134.0509, 539.8318, 579.4667, 298.1961, 600.249, 8.970627, 474.4102, 109.1832, 561.2454, 752.299, 41.62367, 233.5368, 557.595, 1155.965, 657.4386, 676.2992, 1197.969, 361.9254, 333.2751, 946.1981, 24.43619
283, 127.7536, 511.817, 627.2368, 285.4314, 561.4158, 8.496481, 452.3102, 104.0775, 530.0065, 824.1937, 39.30307, 232.0596, 538.4843, 1168.476, 628.5872, 646.0453, 1228.869, 343.9064, 433.2211, 905.9431, 23.31701
283.1, 121.7522, 485.2561, 784.9333, 273.2132, 703.1444, 8.047397, 431.2396, 99.21063, 500.5064, 782.7403, 237.2301, 309.1136, 541.7463, 1211.632, 601.0018, 637.8748, 1289.356, 455.7518, 412.966, 1005.097, 22.24909
283.2, 116.0327, 492.7908, 740.6053, 261.5179, 666.3891, 7.622048, 459.7506, 94.57133, 472.6483, 743.3719, 316.7837, 414.1356, 519.4789, 1157.12, 574.6271, 625.765, 1310.923, 461.5603, 564.9329, 962.3365, 21.23008
283.3, 110.5819, 467.2172, 851.0999, 250.3233, 623.2769, 7.219182, 531.603, 90.14896, 460.9709, 705.9835, 299.1224, 392.078, 508.9684, 1139.298, 657.3563, 612.8532, 1300.661, 438.5809, 538.5197, 921.395, 20.25773
283.4, 105.3872, 562.5385, 924.3558, 239.6079, 678.464, 6.837609, 506.8386, 85.9334, 465.2328, 670.4756, 282.4458, 371.1953, 495.0461, 1248.699, 628.5084, 585.4375, 1243.594, 416.7455, 601.9442, 975.9331, 19.32993
283.5, 100.4365, 582.583, 872.1542, 287.8119, 954.2939, 6.476205, 571.5866, 167.2108, 439.338, 636.7537, 359.5703, 351.4248, 474.6982, 1262.967, 600.9266, 559.2482, 1221.023, 494.1796, 573.8006, 970.556, 18.44461
283.6, 95.71835, 552.3496, 883.2072, 420.4463, 892.5557, 6.133903, 670.8563, 305.8397, 414.8845, 604.7277, 339.5236, 332.7073, 455.1867, 1218.306, 574.5551, 534.2305, 1167.45, 590.3972, 666.246, 1179.507, 17.59985
283.7, 113.5864, 523.6852, 833.3293, 402.4485, 962.5503, 5.809693, 639.6049, 291.5379, 391.792, 604.8563, 320.5945, 314.9868, 456.3577, 1179.919, 549.341, 510.332, 1139.459, 561.0034, 635.0959, 1173.914, 16.79377
283.8, 108.2505, 627.223, 865.7534, 385.2212, 929.2402, 5.502619, 609.8094, 421.6974, 369.9849, 636.5509, 302.7208, 298.2101, 444.7896, 1126.833, 653.4756, 607.2498, 1089.464, 533.0731, 605.4023, 1123.971, 16.02461
283.9, 110.6862, 645.1047, 816.8613, 368.7313, 941.0686, 5.211776, 740.3842, 401.978, 349.3915, 604.5352, 285.8436, 282.3269, 426.5074, 1120.194, 624.798, 580.0848, 1041.663, 506.5332, 577.097, 1076.153, 15.29068
284, 105.4866, 611.6268, 770.7303, 352.9473, 887.5652, 4.936306, 705.8939, 383.1806, 329.9444, 702.6915, 269.9073, 291.4256, 474.6349, 1260.891, 597.379, 713.0643, 995.9595, 481.3147, 550.1151, 1030.369, 14.59037
284.1, 100.5312, 579.8861, 744.0774, 337.8389, 1039.057, 4.675395, 728.0997, 365.2622, 311.5797, 667.3491, 254.8595, 275.9037, 455.126, 1271.129, 734.3398, 681.1656, 1076.824, 457.3518, 639.0589, 986.5333, 13.92213
284.2, 165.0886, 549.7927, 702.0568, 323.3773, 1259.883, 4.428276, 821.5653, 348.1818, 294.2372, 633.7844, 240.6506, 261.2086, 436.419, 1227.629, 726.749, 650.694, 1029.578, 434.5818, 682.7596, 1137.045, 13.28449
284.3, 186.2701, 521.2609, 710.3809, 309.5347, 1493.567, 4.194217, 783.2933, 403.9632, 277.86, 773.6961, 227.2339, 247.2962, 439.1779, 1301.469, 694.8559, 694.7063, 984.4043, 412.9456, 650.8375, 1088.671, 12.67606
284.4, 182.6069, 546.7053, 725.8232, 296.2846, 1510.603, 3.97253, 746.8041, 385.073, 262.3943, 734.7825, 214.5652, 234.1248, 421.1264, 1242.914, 698.2382, 663.6289, 941.2128, 392.3865, 620.4079, 1042.354, 12.0955
284.5, 174.0287, 518.3337, 684.8334, 283.6018, 1412.875, 3.762561, 712.0147, 367.0662, 247.7895, 739.2995, 202.6028, 259.7441, 449.633, 1186.994, 667.5963, 633.9418, 958.2798, 372.851, 630.4377, 998.0084, 11.54152
284.6, 165.8535, 519.3454, 780.1226, 271.4618, 1586, 3.563689, 727.8687, 349.9014, 233.9975, 702.116, 191.3073, 332.323, 431.1518, 1133.59, 677.2789, 672.8055, 949.7078, 354.288, 600.9619, 955.5493, 11.01292
284.7, 271.1229, 509.0522, 760.7669, 259.8416, 2185.873, 3.375329, 751.7756, 333.5392, 220.9733, 666.8026, 180.6416, 314.6229, 413.4302, 1228.037, 647.5568, 655.5793, 908.0386, 336.6493, 572.8642, 914.8965, 10.50852
284.8, 258.3865, 482.6347, 798.5417, 295.1363, 2133.401, 3.196925, 857.2709, 385.7624, 208.6739, 633.2653, 170.5705, 297.8656, 538.9029, 1172.786, 744.0807, 685.8427, 964.7932, 319.8887, 546.0802, 875.9732, 10.02723
284.9, 246.2484, 457.5882, 753.4453, 282.5026, 2339.388, 3.02795, 817.3356, 423.7285, 197.0591, 664.2159, 161.0609, 282.0007, 516.7524, 1120.021, 711.427, 771.4656, 958.7881, 303.9626, 658.0044, 838.7059, 9.567983
285, 234.6806, 509.4837, 812.9246, 270.4097, 2188.041, 2.867907, 854.0902, 403.9141, 186.0908, 630.8087, 152.0815, 266.9809, 495.5123, 1069.63, 763.7659, 825.0513, 916.7205, 288.8294, 704.3203, 803.024, 9.129767
285.1, 223.6561, 483.0438, 767.0159, 301.0931, 2062.451, 119.0107, 814.303, 393.8993, 175.733, 631.2512, 143.6026, 252.761, 548.6718, 1021.507, 741.9314, 788.143, 876.4986, 274.4496, 671.3901, 768.8603, 8.711622
285.2, 213.1496, 481.7231, 786.0828, 391.7874, 2035.004, 182.1767, 972.8564, 375.4797, 174.1264, 751.986, 135.5965, 239.2986, 607.5234, 975.5479, 709.372, 752.8858, 1055.546, 260.7857, 720.7071, 736.15, 8.312629
285.3, 227.2793, 484.1981, 817.773, 387.1091, 1950.593, 172.5477, 946.5168, 452.0815, 164.4345, 714.1644, 175.5914, 226.5531, 582.5524, 942.9279, 678.2415, 820.8802, 1322.369, 247.8021, 687.0107, 704.8313, 7.931909
285.4, 239.7464, 520.9072, 950.3622, 409.8781, 2011.649, 163.4276, 1015.42, 430.9412, 227.1741, 678.245, 189.6403, 214.4865, 558.6077, 963.5573, 648.4771, 784.1585, 1480.478, 235.465, 751.6957, 900.4958, 7.568626
285.5, 228.4839, 493.8745, 1140.899, 392.3327, 2056.112, 154.7896, 1132.713, 410.7894, 322.0209, 690.0674, 179.0675, 203.0626, 599.5051, 959.0015, 620.0189, 757.0396, 1415.52, 223.742, 791.0321, 1032.386, 7.221982
285.6, 217.7506, 579.9741, 1076.468, 375.5384, 1997.259, 146.6081, 1176.354, 391.58, 304.0972, 655.36, 169.0842, 192.2471, 574.8636, 915.855, 597.5381, 772.4052, 1353.413, 212.6027, 760.8325, 988.4646, 6.891214
285.7, 292.049, 549.8761, 1790.594, 359.463, 2013.281, 211.4632, 1195.783, 373.2689, 287.1712, 622.3983, 159.6574, 182.0077, 553.5075, 874.6496, 571.3154, 737.852, 1294.031, 202.0179, 725.2601, 946.4115, 6.575596
285.8, 278.3296, 603.6562, 2993.626, 344.0757, 1957.414, 413.6342, 1140.079, 355.814, 271.1873, 591.0943, 190.5746, 172.3137, 848.0886, 835.2981, 665.2099, 704.8445, 1372.712, 191.9602, 691.3509, 974.5717, 6.274433
285.9, 265.2547, 572.3292, 3094.716, 455.2464, 1830.779, 587.8894, 1272.048, 339.1754, 256.093, 561.3648, 179.9497, 163.136, 813.2297, 797.7171, 636.0174, 701.041, 1396.477, 182.4032, 788.5455, 1008.192, 5.987063
286, 252.794, 542.6279, 3128.75, 435.759, 1743.099, 556.8163, 1322.225, 323.3148, 241.8389, 709.3038, 169.9172, 154.4471, 779.8035, 862.7371, 608.106, 680.7141, 1406.01, 173.322, 894.2112, 1059.442, 5.712854
286.1, 240.9186, 514.468, 3156.086, 564.4896, 1679.3, 540.1033, 1260.63, 308.1959, 345.0724, 683.197, 160.444, 146.2209, 767.2228, 823.9216, 581.4195, 754.4146, 1665.811, 164.6929, 852.4028, 1014.369, 5.451205
286.2, 229.6011, 487.7695, 2977.851, 540.3259, 1577.305, 528.9805, 1261.824, 293.784, 325.8657, 700.4843, 151.499, 138.433, 735.6877, 1019.798, 776.1688, 764.2225, 1858.987, 156.4934, 826.835, 993.1663, 5.201539
286.3, 218.8153, 509.0496, 3005.362, 517.1965, 1475.261, 501.0211, 1203.043, 280.0461, 307.728, 766.9105, 143.0527, 131.0598, 705.4487, 1075.145, 903.272, 854.9588, 2268.01, 148.7021, 873.3315, 1030.311, 4.963307
286.4, 208.5361, 482.6323, 3022.909, 495.0572, 1382.496, 524.1096, 1278.03, 266.9505, 321.7746, 784.3816, 258.4986, 124.0793, 676.4527, 1026.773, 863.6323, 816.7126, 2350.856, 196.034, 1036.027, 986.4778, 4.735987
286.5, 198.7399, 493.1921, 2914.363, 473.8656, 1293.056, 496.4076, 1293.64, 297.0888, 338.607, 744.9306, 244.0869, 126.3499, 648.6485, 993.6097, 825.7321, 780.1773, 2247.71, 360.4641, 989.5114, 1018.604, 4.519078
286.6, 189.4038, 467.5977, 2749.779, 453.5811, 1404.38, 470.1698, 1233.376, 283.1963, 453.6886, 707.4638, 268.7308, 188.3025, 621.9871, 948.9061, 817.1333, 810.1034, 2338.538, 342.5178, 1261.224, 975.2689, 4.312104
286.7, 180.5063, 443.3315, 2884.554, 434.165, 1313.524, 445.3188, 1252.155, 269.9534, 508.2207, 671.8815, 253.7486, 178.2732, 596.4216, 1008.736, 940.2995, 786.7134, 2235.933, 325.4651, 1202.256, 933.7772, 4.114609
286.8, 172.0267, 458.998, 2744.759, 415.58, 1228.545, 421.7813, 1193.824, 280.3052, 479.9332, 638.0887, 239.6016, 203.1344, 571.9069, 1051.844, 899.0348, 808.0422, 2137.83, 309.2613, 1146.045, 894.0507, 3.926159
286.9, 163.9455, 435.178, 2643.874, 397.7905, 1153.454, 399.4879, 1306.605, 267.1975, 453.2202, 750.6251, 226.2434, 332.2583, 548.3998, 1128.256, 859.581, 771.8948, 2044.031, 293.8643, 1246.883, 856.0143, 3.746341
287, 156.244, 412.5943, 2669.407, 380.7626, 1078.831, 378.3728, 1376.274, 344.246, 491.6373, 712.8719, 213.6299, 314.5616, 525.859, 1413.104, 821.8586, 785.8908, 2169.198, 279.2338, 1237.859, 894.6355, 3.574758
287.1, 148.9042, 391.1825, 2518.656, 364.4635, 1009.036, 358.3738, 1312.161, 328.1483, 487.6934, 753.2366, 201.7197, 431.4321, 504.2447, 1464.308, 785.7916, 807.6981, 2321.219, 265.3318, 1190.971, 856.5742, 3.411033
287.2, 141.9092, 409.8904, 2475.415, 348.8622, 943.7565, 339.4318, 1437.782, 312.8034, 460.5484, 715.3521, 190.4734, 408.4533, 483.5187, 1725.093, 916.9352, 958.2966, 2219.374, 252.1218, 1273.322, 820.1322, 3.254807
287.3, 135.2428, 388.619, 2516.672, 333.9287, 884.3799, 321.491, 1370.804, 298.176, 434.9143, 694.8665, 179.8542, 386.6984, 463.6447, 2243.111, 917.025, 1012.849, 2121.997, 239.5696, 1213.788, 785.2406, 3.105736
287.4, 128.8896, 368.4514, 2439.945, 319.6344, 827.1648, 304.4985, 1387.356, 284.2327, 410.707, 772.81, 169.827, 366.1021, 444.5875, 2682.011, 913.7559, 1066.312, 2094.447, 227.6423, 1157.038, 928.1498, 2.963493
287.5, 122.8348, 349.3305, 2302.152, 305.9521, 773.6512, 288.4041, 1343.442, 326.1834, 387.8471, 733.941, 216.1119, 348.7426, 426.3136, 2926.067, 975.2319, 1192.255, 2120.702, 216.3088, 1102.942, 888.6627, 2.827765
287.6, 117.0645, 369.0039, 2172.142, 292.8554, 723.5997, 273.1604, 1280.858, 326.8458, 366.2596, 707.4048, 204.0633, 330.168, 408.7909, 2999.181, 1021.555, 1215.869, 2027.655, 205.5395, 1051.374, 901.9061, 2.698253
287.7, 111.5652, 349.8542, 2309.3, 280.3193, 676.7863, 258.7224, 1262.717, 485.217, 345.8736, 671.8254, 192.6864, 422.0363, 391.9884, 2976.994, 976.7246, 1161.478, 2096.053, 195.3064, 1002.218, 863.5355, 2.574672
287.8, 106.3243, 346.0869, 2178.885, 268.3199, 633.0015, 245.0475, 1230.342, 462.5273, 326.6223, 648.5417, 181.9438, 503.7456, 375.8765, 3081.993, 976.948, 1157.645, 2117.29, 185.5828, 955.3593, 1026.012, 2.456752
287.9, 101.3296, 360.9564, 2055.836, 256.8341, 592.0494, 232.0955, 1332.817, 440.8985, 308.4425, 615.9229, 309.3472, 476.9153, 360.4268, 3112.826, 934.075, 1153.958, 2024.392, 176.3433, 910.692, 982.3611, 2.344233
288, 96.56947, 358.1964, 1939.736, 245.84, 553.7466, 219.828, 1270.729, 420.2811, 291.2746, 754.073, 387.8589, 463.6124, 345.6122, 2972.777, 936.2388, 1250.872, 1935.57, 167.5638, 868.113, 940.5676, 2.236866
288.1, 92.03299, 339.6077, 1830.192, 235.3165, 517.9219, 208.2089, 1211.533, 400.6278, 275.0622, 767.1243, 366.235, 438.9196, 351.7627, 3024.588, 895.1523, 1236.658, 1970.771, 159.2214, 827.5248, 900.5522, 2.134418
288.2, 87.70961, 321.9836, 1882.194, 225.2434, 484.4148, 197.2039, 1155.094, 422.2554, 259.7523, 911.1176, 345.8168, 415.542, 337.3042, 2900.76, 855.8689, 1193.768, 2064.41, 151.2943, 788.8342, 862.2393, 2.036661
288.3, 83.58933, 305.2741, 1775.9, 215.6016, 528.6651, 186.7806, 1101.285, 402.5099, 245.2945, 865.2923, 326.5369, 426.9481, 323.44, 2856.334, 869.8175, 1246.255, 1973.833, 143.7619, 751.9526, 825.5563, 1.943382
288.4, 79.66261, 305.1637, 1776.532, 206.3725, 494.463, 176.9083, 1049.982, 383.6876, 231.6414, 841.1658, 308.3318, 404.2081, 310.1457, 2727.825, 831.6459, 1190.504, 2026.204, 136.6045, 716.7954, 858.8937, 1.854375
288.5, 75.92034, 289.3271, 1861.321, 197.5384, 462.4736, 167.5577, 1001.07, 365.7455, 218.7483, 996.9314, 291.1418, 382.6793, 297.3978, 2695.519, 795.1494, 1137.247, 1937.302, 129.8035, 683.282, 822.3531, 1.769444
288.6, 72.35388, 274.3123, 1792.173, 189.0825, 432.5538, 158.7014, 954.4355, 348.6425, 206.5728, 1139.373, 274.9101, 362.2971, 285.1738, 2708.688, 857.1481, 1086.373, 1852.302, 123.341, 651.3354, 787.367, 1.688403
288.7, 68.95496, 339.4858, 1690.963, 180.9886, 404.5697, 150.3132, 909.9738, 332.3392, 195.0749, 1082.068, 259.5834, 343.0006, 273.4523, 2586.821, 819.5325, 1037.775, 1830.575, 183.1317, 620.8826, 807.2689, 1.611074
288.8, 65.7157, 321.868, 1595.468, 173.2411, 378.396, 142.3683, 867.5833, 316.7983, 184.2171, 1101.646, 245.1111, 324.7318, 262.2126, 2571.498, 783.5676, 991.3504, 1856.896, 174.0143, 591.8535, 772.9245, 1.537287
288.9, 62.62861, 339.7206, 1505.366, 165.8253, 380.2814, 134.8434, 827.1675, 301.9841, 173.9635, 1046.238, 231.4457, 488.6428, 251.4349, 2455.803, 823.3009, 1010.995, 1787.874, 165.3507, 564.1817, 740.0413, 1.466879
289, 59.68655, 395.6806, 1580.264, 158.727, 355.679, 127.7162, 788.6345, 287.8627, 164.2807, 993.6163, 218.5422, 462.6169, 241.1002, 2412.563, 787.1707, 965.7689, 1933.806, 157.1185, 537.8036, 708.557, 1.399695
289.1, 56.88269, 375.1465, 1491.021, 151.9324, 332.6683, 120.9657, 751.8965, 274.4016, 155.1369, 1198.794, 206.3581, 437.9771, 231.1903, 2304.019, 752.626, 922.5657, 1848.959, 149.2961, 512.6589, 811.6817, 1.335589
289.2, 54.21054, 355.6782, 1447.959, 145.4288, 311.1463, 114.572, 716.87, 261.57, 182.144, 1138.5, 194.8533, 414.6497, 231.6712, 2330.748, 789.1527, 938.2275, 1778.404, 141.8632, 488.6898, 797.1644, 1.274419
289.3, 51.66393, 337.2201, 1366.188, 139.2035, 291.0166, 108.5163, 683.4751, 249.3384, 172.0059, 1102.703, 183.9898, 392.5648, 222.1488, 2245.346, 790.6732, 896.2563, 1707.885, 134.8003, 465.8413, 763.2499, 1.21605
289.4, 49.23695, 319.7199, 1289.034, 133.2447, 272.1892, 102.7806, 651.6359, 237.6788, 184.4465, 1047.242, 173.7321, 371.6561, 272.1614, 2204.691, 755.9747, 856.1627, 1831.977, 128.0891, 444.0611, 730.7783, 1.160355
289.5, 46.92397, 303.1279, 1228.004, 127.541, 354.1684, 97.3481, 621.2798, 226.5644, 174.1803, 1222.481, 227.6233, 351.8611, 260.9748, 2208.945, 722.7991, 875.0333, 1816.887, 121.712, 423.2993, 795.7972, 1.107211
289.6, 44.71965, 287.3969, 1359.783, 122.0814, 334.7076, 92.20273, 731.3491, 215.9698, 164.4854, 1160.996, 214.9329, 405.3303, 250.2479, 2253.045, 691.0793, 835.889, 1737.17, 217.3573, 403.5081, 761.9409, 1.0565
289.7, 42.61889, 272.4824, 1316.602, 116.8556, 313.0536, 87.32932, 697.2797, 205.8706, 155.3301, 1164.43, 202.95, 444.6889, 319.4094, 2151.678, 883.4838, 933.2858, 1715.538, 206.5359, 384.6422, 791.7529, 1.008112
289.8, 40.6168, 258.3418, 1260.921, 111.8534, 292.8006, 82.71349, 664.7974, 196.2436, 146.6845, 1210.095, 191.6351, 421.0041, 312.9114, 2161.725, 844.7125, 891.5356, 1737.164, 196.2532, 366.6585, 758.0687, 0.9619406
289.9, 38.70877, 319.3444, 1201.477, 107.0654, 273.8578, 78.34164, 633.8283, 187.0668, 138.52, 1149.232, 180.9511, 398.5807, 300.0498, 2139.884, 882.1884, 851.6532, 1687.94, 199.4314, 349.5155, 725.8175, 0.9178836
290, 36.89037, 302.7719, 1186.58, 102.4823, 370.4889, 74.20087, 604.3019, 178.3192, 172.9368, 1124.246, 170.8628, 429.5533, 287.7169, 2043.608, 997.6274, 813.5549, 1613.881, 189.5024, 333.1741, 735.2341, 0.8758444
290.1, 35.1574, 287.0594, 1160.206, 98.09541, 346.5201, 70.27895, 694.6804, 169.9806, 169.4249, 1174.23, 221.5608, 491.0435, 281.1384, 1967.757, 953.8469, 777.1609, 1683.846, 180.0677, 317.5967, 746.0853, 0.8357306
290.2, 33.50583, 272.1623, 1146.493, 93.89631, 324.1019, 66.56433, 662.3192, 162.032, 159.9948, 1115.171, 209.2084, 493.9124, 269.5828, 1879.226, 911.9877, 766.4088, 1947.822, 309.9118, 332.6526, 778.7044, 0.797454
290.3, 31.93185, 258.0383, 1115.103, 89.87695, 303.1341, 63.04605, 631.4655, 154.455, 227.378, 1097.408, 197.5447, 467.6058, 258.5022, 1794.677, 910.1127, 801.57, 2019.429, 294.4824, 317.0996, 804.1697, 0.7609305
290.4, 30.4318, 244.6473, 1052.129, 86.02965, 390.2953, 59.71373, 602.0491, 147.2323, 229.1355, 1042.213, 243.4186, 442.7003, 247.877, 1869.535, 880.1409, 765.7122, 1930.824, 324.9366, 302.2738, 769.9572, 0.7260798
290.5, 29.00223, 245.4202, 992.7119, 82.34704, 365.045, 56.55753, 574.0031, 140.3474, 287.7632, 1013.089, 314.1524, 419.1214, 279.4466, 1804.799, 975.1879, 760.3305, 1891.755, 380.2725, 331.8164, 852.886, 0.6928252
290.6, 27.63981, 232.684, 936.65, 78.82207, 346.8308, 53.56816, 640.863, 133.7845, 271.7464, 1132.639, 296.6379, 499.9339, 321.0854, 1961.392, 997.1315, 726.3174, 1925.474, 361.3401, 435.9576, 870.7466, 0.6610937
290.7, 26.34139, 220.6088, 890.7665, 75.44798, 324.3925, 50.7368, 611.0088, 127.5284, 256.621, 1156.16, 475.0508, 473.3066, 307.8878, 1889.367, 1008.989, 776.0458, 2100.104, 343.3503, 415.5746, 878.7021, 0.6308155
290.8, 25.10397, 209.1602, 840.4619, 72.21833, 303.4059, 48.05509, 582.5453, 121.5649, 270.7737, 1107.935, 448.5659, 612.6948, 295.2328, 1820.466, 964.7103, 818.0955, 2446.765, 326.2561, 396.1446, 841.3187, 0.6019241
290.9, 23.92467, 198.3057, 810.0964, 69.12693, 360.6143, 45.51512, 555.4079, 115.8803, 290.0516, 1216.95, 494.5221, 580.0616, 283.0978, 1833.208, 922.3743, 781.4984, 2938.867, 310.0129, 377.623, 805.5258, 0.5743558
291, 22.80078, 188.0145, 764.3475, 66.16786, 441.6213, 43.1094, 529.5346, 110.4615, 273.9074, 1370.08, 481.8087, 607.9918, 275.1522, 2021.766, 881.8962, 746.5384, 3013.982, 294.5785, 359.9675, 771.2556, 0.5480503
291.1, 21.72968, 178.2574, 784.2286, 63.33546, 417.7374, 40.83083, 504.8666, 105.2961, 262.0204, 1301.171, 540.057, 591.2033, 263.8426, 1930.804, 876.778, 713.1423, 2957.543, 356.0017, 444.5401, 824.325, 0.5229495
291.2, 20.7089, 169.0067, 748.3423, 60.6243, 390.7118, 38.6727, 481.3477, 100.3722, 281.0615, 1235.727, 509.9478, 559.7148, 252.9979, 1872.655, 1059.851, 756.0549, 2964.479, 514.4556, 423.7558, 867.7753, 0.4989983
291.3, 19.73607, 160.236, 706.0808, 58.0292, 365.4346, 36.62864, 458.9245, 95.67856, 265.4176, 1173.576, 496.2411, 623.7531, 242.599, 1788.402, 1019.835, 843.0419, 2916.492, 488.8427, 403.9433, 830.8568, 0.4761441
291.4, 18.80894, 151.9205, 741.7643, 55.54518, 341.7928, 34.69262, 531.6038, 91.20442, 250.6445, 1114.55, 578.491, 590.5309, 232.6274, 1774.764, 975.0802, 856.2567, 2955.054, 464.5049, 392.9552, 855.0917, 0.4543367
291.5, 17.92536, 144.0365, 699.8743, 53.1675, 383.061, 32.85893, 506.8394, 150.3171, 236.6936, 1248.948, 546.2391, 634.7593, 223.0658, 1774.084, 968.0089, 817.9525, 3070.399, 441.3789, 374.5828, 818.7128, 0.433528
291.6, 17.08329, 136.5617, 660.3499, 50.89159, 452.4716, 31.12216, 510.029, 143.2879, 223.5193, 1186.132, 515.7853, 639.4844, 213.8971, 1879.319, 1064.224, 781.3618, 2935.683, 419.4042, 428.0757, 783.8816, 0.4136723
291.7, 16.28078, 145.4583, 623.0577, 48.71311, 476.8112, 29.47719, 486.2697, 136.5875, 211.0782, 1126.474, 487.0293, 651.6611, 247.7289, 1794.766, 1079.599, 746.4079, 3023.244, 398.5235, 467.6822, 750.5322, 0.3947261
291.8, 15.51597, 137.9097, 587.8715, 46.62788, 445.9638, 27.91916, 510.2794, 130.2003, 199.3296, 1069.818, 459.8766, 688.6838, 237.5465, 1780.926, 1032.221, 790.6979, 3260.1, 378.6825, 597.4084, 718.6017, 0.3766476
291.9, 14.78708, 145.4375, 554.6723, 44.63191, 417.1121, 26.44348, 524.2726, 124.1119, 277.435, 1016.01, 434.2376, 652.0034, 227.7827, 1720.68, 1083.418, 755.3264, 3117.061, 359.8292, 614.0191, 747.2949, 0.3593971
292, 14.09244, 137.89, 523.348, 42.72138, 489.3676, 25.0458, 554.7424, 118.3082, 276.4563, 1033.253, 410.0281, 617.2766, 218.4201, 1743.936, 1035.872, 781.9766, 3142.523, 341.9146, 585.3109, 727.1354, 0.3429366
292.1, 13.43043, 164.6122, 493.7927, 40.89264, 457.7078, 23.722, 565.0551, 112.7758, 261.0687, 1145.073, 387.1683, 747.9652, 209.4424, 1753.992, 990.4136, 746.9952, 3004.642, 324.8919, 654.5703, 696.2002, 0.3272301
292.2, 12.79952, 156.0695, 465.9065, 39.14217, 477.4307, 22.46816, 538.7324, 182.4957, 329.9866, 1130.123, 365.5829, 732.6699, 200.8337, 1675.078, 946.9496, 803.1132, 3064.861, 308.7167, 635.9818, 706.9969, 237.373
292.3, 12.19824, 147.9702, 459.6071, 37.46664, 588.2069, 21.2806, 560.8889, 173.9619, 311.6195, 1138.18, 345.201, 693.6466, 192.5789, 1629.241, 905.3931, 795.6466, 2938.233, 293.3468, 673.5004, 676.9186, 226.5013
292.4, 11.62521, 140.2912, 526.7421, 35.86283, 565.3134, 20.15581, 672.6237, 165.827, 378.48, 1080.935, 325.9555, 656.7018, 184.6633, 1698.739, 865.6603, 760.0537, 3024.001, 278.7421, 642.0112, 659.885, 216.1275
292.5, 11.0791, 133.0108, 496.9951, 34.32767, 621.3928, 19.09046, 831.7034, 158.0726, 357.4138, 1171.672, 307.7829, 654.29, 177.0731, 1726.606, 925.6719, 790.9995, 2976.583, 264.8645, 611.9943, 711.9645, 353.8003
292.6, 10.55864, 170.744, 588.116, 32.85823, 581.1917, 18.08143, 867.29, 150.6808, 337.5202, 1131.341, 290.6234, 632.1052, 169.7949, 1648.924, 885.0491, 755.6145, 3234.68, 251.6778, 583.3807, 681.6748, 337.5962
292.7, 10.06264, 161.8831, 554.9031, 31.45169, 699.9435, 17.12573, 870.3273, 143.6346, 318.7339, 1091.93, 274.4206, 726.7784, 226.0095, 1654.802, 873.8497, 721.8124, 3529.181, 239.1477, 556.105, 652.6737, 322.1342
292.8, 9.589931, 153.4821, 523.5657, 30.10536, 683.3171, 16.22054, 953.042, 136.918, 330.3629, 1344.09, 259.1212, 688.069, 239.1673, 1667.695, 835.5011, 726.7003, 3543.39, 227.2414, 530.1046, 624.9064, 338.3031
292.9, 9.13943, 145.5171, 493.9981, 28.81666, 639.1097, 15.3632, 1003.768, 130.5154, 311.9749, 1490.367, 244.6747, 651.4213, 229.3368, 1713.498, 989.1005, 825.2414, 3500.888, 215.9278, 505.3198, 598.3205, 322.8088
293, 8.710093, 137.9654, 466.1003, 27.58312, 774.5747, 14.55117, 1037.598, 124.4122, 294.6104, 1577.435, 231.0337, 723.1026, 219.9104, 1678.203, 945.6942, 837.3867, 3463.301, 205.1776, 481.6938, 639.4265, 363.5005
293.1, 8.300924, 130.8056, 439.778, 26.40239, 796.0507, 13.78206, 1022.227, 118.5944, 278.2124, 1578.741, 274.7572, 684.5889, 210.8714, 1664.835, 906.1971, 816.7249, 3415.16, 194.9625, 459.1725, 689.7637, 346.8521
293.2, 7.910977, 124.0174, 414.9422, 25.2722, 744.55, 13.05361, 1029.333, 163.6651, 332.2063, 1579.471, 278.0234, 648.1266, 202.204, 1656.667, 913.5828, 780.189, 3392.159, 185.256, 437.7041, 766.4175, 330.9662
293.3, 7.539348, 117.5815, 391.509, 24.19039, 748.789, 12.36366, 1258.795, 193.922, 313.7157, 1500.03, 262.5231, 710.9368, 208.3817, 1582.132, 879.1746, 891.7958, 3651.086, 176.0328, 620.9051, 788.9068, 315.808
293.4, 7.185176, 111.4796, 369.3991, 23.15489, 918.193, 11.71017, 1464.857, 286.6198, 296.2543, 1424.585, 247.887, 770.2075, 324.732, 1693.624, 997.9099, 869.501, 3863.408, 167.2687, 591.8749, 755.3436, 335.0111
293.5, 6.847643, 105.6943, 348.5378, 22.16371, 905.5769, 11.09122, 1643.595, 299.5026, 414.6437, 1528.734, 261.7047, 729.1849, 429.0191, 1662.837, 954.117, 830.6042, 3942.148, 158.941, 564.2021, 816.8477, 319.6676
293.6, 6.525965, 100.2092, 328.8547, 21.21497, 906.0016, 10.50499, 1567.029, 423.6453, 395.5438, 1451.845, 247.1142, 690.3473, 413.6843, 1723.7, 1075.477, 930.0895, 3769.183, 151.0279, 537.8231, 875.5074, 472.2768
293.7, 6.219399, 95.00882, 338.5601, 20.30683, 847.3876, 9.949748, 1494.03, 403.8347, 373.5278, 1621.204, 233.3371, 687.4612, 396.6807, 1800.987, 1028.28, 909.1053, 4089.302, 143.5088, 512.6774, 838.2599, 450.6465
293.8, 5.927234, 173.2575, 402.372, 19.43757, 911.7184, 9.42385, 1424.432, 384.9505, 352.7373, 1589.188, 388.7751, 693.968, 380.3759, 1719.958, 1028.963, 868.437, 3927.381, 136.364, 659.436, 802.5971, 430.0068
293.9, 5.648794, 164.2663, 435.2558, 241.5169, 949.0912, 8.925749, 1670.887, 366.9494, 381.4824, 1809.605, 367.1002, 711.6592, 364.7413, 1685.494, 983.8071, 1033.45, 3755.064, 129.5749, 797.1723, 768.4515, 410.3124
294, 17.90931, 155.7416, 410.6754, 231.1784, 887.6896, 8.453975, 1797.875, 408.4692, 360.2491, 1718.589, 346.6337, 716.5079, 454.7254, 1609.662, 940.6331, 1077.214, 3873.427, 123.1238, 772.5283, 963.1807, 391.5201
294.1, 50.85433, 147.6593, 427.8479, 277.2776, 830.2604, 8.007136, 1861.791, 389.3683, 352.6832, 1696.195, 327.3083, 678.3455, 487.3763, 1694.71, 1207.989, 1029.025, 3924.826, 116.9939, 736.4091, 922.2032, 373.5884
294.2, 48.46538, 139.9965, 403.6858, 265.4083, 904.8455, 7.583916, 1986.752, 371.1606, 459.019, 1833.001, 309.0602, 681.5563, 497.9397, 1618.463, 1251.234, 982.9923, 3846.814, 111.1692, 839.0575, 929.7011, 356.478
294.3, 93.24763, 132.7313, 380.8882, 416.8925, 907.8069, 7.183065, 2015.887, 353.8044, 433.47, 1874.05, 291.8296, 659.0516, 554.6436, 1621.478, 1196.324, 1034.095, 3678.032, 105.6345, 821.6326, 890.148, 340.1512
294.4, 88.8672, 125.8431, 510.9894, 399.0468, 903.0667, 6.803402, 2015.623, 337.2597, 409.343, 1983.266, 328.748, 683.1025, 594.2281, 1548.525, 1227.603, 987.8352, 3759.984, 100.3753, 811.5939, 852.2776, 324.5722
294.5, 84.69254, 119.3124, 487.1987, 381.9651, 911.3516, 6.443806, 1978.786, 456.703, 636.0759, 1883.516, 331.3285, 707.9813, 569.8036, 1611.6, 1288.001, 943.6448, 3794.94, 95.37799, 773.6482, 816.0184, 309.7068
294.6, 80.71399, 113.1207, 463.6703, 365.6146, 994.5532, 6.103216, 1886.605, 435.3466, 617.5525, 1854.578, 327.7124, 749.6482, 546.383, 1567.299, 1231.478, 984.9466, 3785.104, 90.62946, 737.4766, 781.3018, 295.5222
294.7, 84.42367, 107.2502, 437.4852, 349.964, 932.5731, 5.780628, 1798.719, 414.9888, 693.5519, 1816.143, 391.2238, 748.4055, 523.925, 1862.336, 1177.435, 1111.8, 3901.315, 86.11734, 719.353, 829.9202, 281.9872
294.8, 82.22215, 190.4445, 513.8591, 334.9833, 872.2401, 5.475091, 1714.927, 461.9205, 654.9489, 1753.609, 409.8084, 813.7939, 502.3902, 2022.3, 1125.764, 1062.064, 4008.198, 81.82986, 800.934, 794.6121, 269.0721
294.9, 87.05201, 180.5613, 539.2449, 320.6439, 815.8104, 5.185703, 1635.038, 440.3201, 618.4944, 1966.041, 634.7242, 770.4498, 481.7405, 2025.718, 1146.392, 1230.552, 3832.334, 77.75584, 811.6634, 760.8062, 256.7486
295, 82.96262, 171.191, 565.3336, 306.9183, 814.104, 4.911611, 1558.871, 419.7297, 584.0691, 1908.391, 599.3372, 729.4144, 461.9395, 2026.249, 1141.398, 1231.436, 3837.136, 73.88466, 773.7144, 728.4385, 244.9894
295.1, 79.06534, 162.307, 533.4072, 293.7803, 816.0369, 4.652006, 1486.252, 400.1023, 551.5598, 1812.407, 622.5941, 741.2999, 442.9525, 1954.794, 1176.46, 1323.55, 3668.779, 70.20621, 826.7866, 798.3117, 233.7689
295.2, 75.35114, 153.884, 503.2838, 281.2046, 763.2433, 4.406122, 1503.873, 381.3926, 649.1139, 1886.734, 652.5842, 717.3434, 424.7458, 1925.462, 1149.556, 1264.341, 3750.731, 66.71089, 788.1306, 873.5634, 223.0622
295.3, 71.81141, 145.8981, 474.8616, 269.1673, 725.6514, 4.173235, 1433.816, 363.5579, 637.418, 1950.461, 639.9469, 823.738, 407.2875, 1838.833, 1099.108, 1207.781, 3842.151, 63.3896, 795.0145, 889.4951, 212.846
295.4, 85.50968, 138.3267, 507.2059, 257.6452, 678.7052, 3.952657, 1408.557, 425.9819, 601.9394, 1890.862, 604.2687, 779.8644, 390.5468, 1783.935, 1284.858, 1192.488, 3808.128, 60.23365, 792.4268, 862.6505, 203.0976
295.5, 81.49274, 131.1481, 478.5622, 246.6164, 686.6339, 110.4851, 1342.941, 406.0621, 568.4355, 1867.325, 570.5797, 799.6897, 374.4941, 1938.006, 1311.926, 1139.143, 3641.043, 57.23483, 816.0544, 915.794, 193.7957
295.6, 77.66451, 124.3421, 509.5306, 236.0596, 642.212, 191.5816, 1280.381, 387.0737, 536.7964, 1879.91, 567.8432, 805.7575, 359.1013, 1978.263, 1315.017, 1088.184, 3642.655, 54.38531, 832.9612, 876.8326, 184.9198
295.7, 74.01611, 117.8894, 480.7557, 225.9548, 600.6639, 181.4555, 1418.657, 368.9733, 506.9183, 1785.359, 611.0897, 762.8415, 344.3412, 1936.803, 1406.77, 1127.771, 3593.124, 51.67766, 794.0165, 839.5287, 176.4505
295.8, 70.5391, 111.7714, 453.6057, 216.2825, 608.3782, 171.8646, 1352.57, 351.7193, 478.7033, 1695.563, 577.0203, 722.2112, 330.1877, 1916.29, 1456.601, 1103.993, 3565.567, 49.10482, 756.8926, 895.5064, 168.369
295.9, 67.22543, 276.167, 427.989, 207.0242, 625.2411, 162.7807, 1289.561, 335.2722, 527.9962, 1610.283, 544.8504, 683.7451, 316.6161, 1970.485, 1392.679, 1193.587, 3567.562, 46.66006, 735.4431, 929.9876, 160.6577
296, 64.06742, 306.1967, 507.6685, 198.1623, 606.1268, 154.1768, 1229.488, 319.5941, 532.7601, 1529.293, 514.474, 647.3276, 303.6022, 1979.974, 1331.562, 1197.821, 3535.711, 44.33702, 767.1843, 975.3789, 153.2995
296.1, 61.05777, 310.8766, 478.9987, 189.6797, 579.3713, 146.0277, 1172.213, 304.6492, 503.1067, 1452.376, 485.7911, 612.8499, 291.1233, 1890.893, 1449.226, 1216.803, 3562.356, 42.12964, 731.315, 933.8825, 146.2784
296.2, 58.18949, 294.7436, 456.2863, 181.5602, 564.306, 138.3094, 1117.606, 290.4032, 475.1038, 1444.523, 506.2039, 580.2084, 279.1572, 1884.704, 1480.55, 1200.933, 3406.055, 40.03215, 747.9288, 1020.983, 139.5788
296.3, 55.45596, 279.4477, 430.5182, 173.7883, 527.7982, 130.999, 1065.543, 276.8233, 514.8867, 1383.577, 583.0748, 549.3055, 267.683, 1903.955, 1415.577, 1161.434, 3256.612, 38.0391, 875.538, 977.5465, 133.1861
296.4, 52.85084, 287.8865, 420.0533, 166.349, 582.8091, 124.075, 1015.906, 263.8784, 486.2281, 1313.989, 550.5674, 520.0486, 256.6805, 1818.294, 1429.591, 1161.172, 3276.578, 36.14526, 989.5612, 935.9579, 127.0862
296.5, 50.3681, 272.9465, 396.3314, 159.2282, 623.5556, 117.517, 968.5806, 251.5389, 459.1646, 1320.929, 519.8723, 492.3499, 246.1302, 1781.304, 1788.877, 1171.101, 3419.898, 34.34572, 943.2947, 896.1386, 121.2656
296.6, 48.00198, 258.7818, 373.9492, 152.4123, 583.2145, 111.3056, 923.4599, 239.7764, 433.6076, 1254.492, 490.8884, 466.1265, 236.0135, 1745.24, 1915.773, 1118.712, 3529.021, 32.63577, 917.8127, 858.0134, 115.7116
296.7, 45.74702, 245.3522, 375.5564, 145.888, 628.8309, 105.4225, 880.4412, 228.5639, 482.1243, 1191.396, 589.5289, 441.2998, 284.615, 1666.72, 2226.193, 1122.54, 3481.778, 31.01095, 1059.844, 821.5101, 110.412
296.8, 43.598, 236.8637, 354.3474, 139.6431, 588.1486, 99.85032, 839.4264, 217.8758, 496.0673, 1173.011, 556.6616, 417.7955, 377.382, 1649.019, 2128.497, 1072.324, 3715.975, 29.46703, 1010.292, 786.5599, 105.3551
296.9, 41.54992, 289.4135, 351.9611, 133.6655, 550.0983, 94.57269, 800.3223, 207.6875, 468.4562, 1114.014, 525.6266, 395.543, 361.8705, 1629.309, 2269.432, 1038.381, 3575.215, 27.99997, 963.0558, 753.0966, 100.5298
297, 39.59805, 274.3943, 374.6652, 127.9438, 514.5096, 89.57402, 763.0398, 197.9755, 442.382, 1071.276, 496.322, 374.4757, 346.9966, 1670.371, 2181.045, 991.9296, 3606.148, 26.60595, 939.3384, 721.0569, 95.92555
297.1, 37.73788, 260.1545, 353.5066, 122.467, 481.2233, 84.83955, 727.4941, 188.7178, 417.759, 1143.526, 468.6512, 545.3045, 362.503, 1595.219, 2616.665, 947.5561, 3628.776, 25.28133, 905.1883, 690.3803, 91.53215
297.2, 35.96509, 246.6537, 337.038, 117.2246, 450.0905, 80.35533, 693.6043, 179.8929, 394.5066, 1265.27, 442.523, 516.2607, 366.8054, 1839.417, 2759.673, 905.1676, 3869.113, 24.02267, 862.8666, 661.0089, 246.377
297.3, 34.27558, 233.8535, 386.9513, 112.2066, 501.0229, 76.10812, 661.2932, 171.4807, 372.5484, 1259.561, 417.8516, 501.1669, 508.7843, 1887.856, 2695.685, 1015.128, 4231.465, 22.82666, 866.8136, 632.887, 309.6163
297.4, 32.66544, 221.7175, 405.4295, 107.4035, 468.6091, 72.0854, 630.4873, 163.4619, 504.1756, 1322.527, 394.5556, 474.4739, 487.8718, 2100.665, 2877.88, 1039.755, 4547.665, 21.6902, 941.4136, 605.9615, 295.4358
297.5, 31.13094, 210.2114, 382.5335, 102.8059, 438.2924, 68.2753, 601.1165, 155.8181, 476.1133, 1455.757, 372.5584, 541.8541, 467.8188, 2454.066, 2858.193, 1060.072, 4767.942, 20.61033, 899.8073, 580.1815, 281.9048
297.6, 29.66852, 199.3024, 360.9305, 98.4052, 486.0481, 64.66658, 573.1139, 148.5317, 449.6128, 1430.052, 351.7876, 512.994, 573.785, 2500.822, 2760.091, 1123.396, 4866.797, 19.58421, 857.7372, 555.4984, 268.9935
297.7, 28.2748, 188.9595, 399.1962, 94.19284, 454.6031, 61.2486, 546.4158, 141.586, 424.5874, 1358.127, 332.1748, 485.6711, 575.3181, 2594.542, 2986.054, 1073.142, 4860.637, 18.60918, 817.6342, 531.8653, 256.6736
297.8, 26.94655, 179.1534, 376.6522, 90.16079, 425.1925, 58.01129, 520.9614, 134.9652, 400.9549, 1389.654, 313.6555, 459.8034, 572.611, 2734.268, 3204.441, 1025.135, 4711.3, 17.6827, 951.1024, 593.5355, 244.9179
297.9, 25.6807, 169.8561, 355.3813, 86.30134, 397.6846, 54.94508, 496.6927, 128.6539, 378.6378, 1393.082, 296.1686, 435.3135, 549.075, 2611.25, 3063.816, 1085.102, 4875.079, 16.80234, 906.634, 568.2842, 233.7006
298, 24.47431, 161.0414, 335.3117, 82.60709, 393.5539, 52.04094, 473.5547, 122.6378, 426.8858, 1343.87, 279.6567, 412.128, 526.5064, 2716.774, 3026.047, 1036.561, 4739.41, 15.96581, 909.2625, 544.1072, 222.9971
298.1, 23.32459, 152.6841, 406.3809, 79.07098, 476.4705, 49.29029, 451.4944, 116.903, 403.1253, 1330.288, 264.0653, 390.1773, 504.8654, 2594.543, 3127.437, 990.1906, 4720.259, 15.17093, 866.7504, 520.9587, 212.7838
298.2, 22.22889, 144.7605, 383.4311, 75.68625, 484.2454, 46.68504, 430.4619, 111.4363, 415.5991, 1412.068, 249.3432, 369.3958, 699.5343, 2477.812, 3049.79, 969.429, 4660.874, 14.41562, 1003.302, 498.7951, 203.0383
298.3, 21.18466, 137.248, 361.7774, 72.4464, 452.9171, 44.21748, 410.4091, 106.2253, 392.4669, 1341.047, 235.4418, 349.7212, 670.7814, 2570.295, 3128.985, 926.062, 4670.643, 13.69792, 1040.287, 580.3828, 193.7391
298.4, 20.18948, 150.4733, 341.3466, 69.34523, 448.9854, 41.88035, 391.2905, 101.258, 370.6222, 1273.598, 222.3155, 497.2861, 643.2103, 2454.655, 3140.822, 922.7687, 4609.888, 13.01595, 991.6492, 555.6911, 184.8658
298.5, 19.24105, 156.9491, 322.0695, 66.37682, 419.9382, 39.66675, 373.0625, 96.52294, 467.0818, 1209.541, 209.9211, 470.7998, 712.3529, 2532.421, 3002.988, 881.4891, 4533.248, 12.36793, 1008.316, 532.0499, 176.3989
298.6, 18.33717, 148.8041, 303.8812, 63.53547, 392.7702, 37.57015, 355.6837, 92.00932, 441.0841, 1210.318, 198.2176, 445.7242, 683.0731, 2457.175, 2871.203, 842.0561, 4504.572, 11.75218, 961.1731, 509.4144, 256.5823
298.7, 17.47576, 141.0818, 393.0984, 60.81575, 466.3545, 35.58437, 339.1144, 87.70676, 436.8445, 1466.017, 187.1666, 481.5053, 654.9968, 2494.308, 2785.437, 863.5388, 4306.93, 11.16708, 944.8385, 562.0868, 254.0192
298.8, 16.65481, 133.7603, 385.5709, 58.21245, 436.1836, 33.70354, 323.317, 83.60541, 412.5298, 1631.245, 176.7317, 455.8595, 628.0745, 2382.086, 2663.199, 824.9088, 4275.735, 10.61111, 928.8032, 538.1735, 289.2726
298.9, 15.87243, 126.8188, 363.7964, 55.72059, 457.0468, 31.92213, 308.2555, 79.69584, 421.142, 1569.987, 166.8786, 431.5797, 602.2588, 2274.913, 2576.304, 821.1117, 4166.96, 10.08282, 885.3774, 596.8387, 401.7513
299, 15.1268, 120.2375, 343.2515, 53.3354, 427.478, 30.23487, 293.8956, 75.96909, 397.7013, 1497.211, 157.5748, 408.593, 595.9797, 2199.088, 2474.79, 810.3517, 3984.132, 9.58083, 843.9821, 571.4468, 383.351
299.1, 14.4162, 148.8912, 323.8669, 51.05231, 399.8223, 28.6368, 280.2047, 72.4166, 375.5652, 1476.21, 148.7897, 491.2021, 571.4832, 2243.012, 2370.208, 774.101, 4144.827, 9.103834, 931.8555, 630.0125, 365.7935
299.2, 13.73898, 141.1644, 305.577, 48.86695, 389.4932, 27.12319, 267.1516, 69.03024, 354.6613, 1410.657, 140.4944, 465.0398, 764.4776, 2283.984, 2383.182, 1005.176, 4068.207, 8.650586, 888.287, 603.2094, 349.0401
299.3, 13.09357, 133.8386, 288.32, 46.77513, 462.8918, 25.68958, 254.7065, 65.80224, 334.9209, 1450.694, 132.6616, 455.0914, 733.0553, 2181.225, 2310.591, 1028.031, 4009.835, 8.219904, 939.2819, 629.95, 333.054
299.4, 12.47848, 126.893, 272.0376, 44.77286, 456.2195, 24.33175, 242.8412, 62.72518, 316.2792, 1430.301, 125.2655, 430.8524, 741.4172, 2315.785, 2385.482, 982.0421, 3833.9, 100.7833, 1122.662, 603.1495, 317.8001
299.5, 11.89229, 120.3079, 256.6747, 42.8563, 483.975, 23.04568, 231.5286, 59.79202, 298.6751, 1390.85, 118.2817, 407.9045, 710.9427, 2211.595, 2397.456, 1037.341, 3715.487, 95.76565, 1070.173, 577.4891, 352.5463
299.6, 11.33363, 114.0644, 242.1794, 41.02178, 452.6642, 21.8276, 220.743, 56.99601, 282.0509, 1368.705, 111.6873, 386.1788, 681.7209, 2112.093, 2354.031, 1120.099, 3710.374, 90.99782, 1054.753, 586.3692, 336.3996
299.7, 10.80122, 108.145, 228.5027, 39.26579, 423.379, 20.67389, 210.4598, 54.33075, 266.3519, 1299.865, 105.4605, 365.6103, 653.7001, 2292.666, 2250.725, 1069.992, 3663.108, 86.46736, 1048.75, 561.4228, 320.9924
299.8, 10.29381, 102.5328, 215.5983, 37.58496, 403.07, 19.58117, 200.6557, 51.79013, 251.5268, 1451.016, 99.58091, 357.8221, 630.9502, 2247.967, 2154.365, 1035.38, 3603.44, 131.483, 1137.521, 668.8163, 306.2909
299.9, 9.810247, 97.21178, 203.4227, 35.97609, 376.9933, 18.5462, 191.3083, 49.36831, 237.5268, 1445.057, 94.0291, 338.7639, 629.8456, 2204.302, 2161.717, 1093.578, 3445.336, 156.505, 1135.301, 640.3622, 292.2628
300, 9.349398, 92.16694, 191.9347, 34.43608, 412.3235, 17.56593, 182.3963, 47.05974, 262.5662, 1394.713, 181.7108, 320.7208, 675.2466, 2380.948, 2092.63, 1052.417, 3473.354, 212.8557, 1082.22, 613.1188, 325.1528
300.1, 8.910196, 87.3839, 181.0955, 32.962, 385.6482, 16.63748, 173.8995, 44.85913, 247.9517, 1324.565, 339.6734, 303.6386, 717.6088, 2273.827, 2000.796, 1300.568, 3532.427, 248.4989, 1327.815, 587.0343, 348.2005
300.2, 41.27253, 82.84907, 170.8684, 31.55102, 360.6986, 15.7581, 165.7985, 42.76142, 234.1508, 1333.149, 320.736, 331.3622, 688.113, 2373.335, 2104.736, 2566.957, 3513.828, 316.9957, 1265.734, 637.9938, 448.5557
300.3, 141.527, 78.54958, 161.2189, 30.20043, 396.2867, 14.9252, 158.0749, 40.7618, 254.58, 1266.098, 394.0445, 358.1187, 659.8295, 2534.409, 2108.132, 3218.745, 3601.744, 422.3276, 1238.351, 640.5278, 428.0118
300.4, 134.8786, 74.47321, 152.1143, 28.90766, 370.6489, 14.13632, 150.7111, 38.85569, 240.4101, 1328.382, 372.0758, 387.5104, 632.7086, 2456.197, 2015.617, 3379.759, 3603.195, 401.3014, 1343.363, 652.8207, 431.8563
300.5, 128.5425, 70.60839, 143.5239, 27.67023, 346.6697, 13.38914, 143.6903, 37.03872, 227.0289, 1267.007, 351.3319, 457.1559, 606.7025, 2504.87, 1981.977, 3350.755, 3576.482, 470.0708, 1280.554, 625.0472, 412.0772
300.6, 122.504, 66.94414, 135.4186, 26.48577, 324.2418, 12.68145, 136.9966, 35.30671, 312.9355, 1441.245, 331.7445, 432.807, 581.7652, 2558.139, 1894.998, 3405.109, 3563.335, 507.8287, 1220.683, 681.1866, 407.5113
300.7, 116.7492, 63.47004, 156.5611, 25.35201, 303.265, 12.01117, 130.6147, 33.65569, 295.5175, 1476.115, 363.5138, 409.755, 557.8529, 2551.278, 1969.464, 3340.26, 3773.445, 509.6414, 1262.094, 652.2063, 434.9975
300.8, 111.2648, 60.17624, 151.1945, 24.26678, 283.6452, 11.37631, 124.5301, 32.08187, 410.182, 1598.415, 343.2472, 432.8812, 571.625, 2759.102, 1980.868, 3410.892, 3977.602, 484.2682, 1464.256, 624.4589, 427.7016
300.9, 148.4656, 57.05337, 189.9543, 23.22801, 304.633, 10.77501, 118.729, 30.58166, 387.3513, 1648.043, 341.0642, 409.8252, 590.3224, 2805.914, 1893.938, 3488.315, 4344.771, 460.1582, 1457.802, 597.892, 483.9964
301, 141.4913, 54.09256, 253.1978, 22.23371, 284.9247, 10.2055, 113.1981, 29.15159, 365.7913, 1565.154, 339.5611, 387.9972, 566.0584, 2874.665, 1810.823, 3580.403, 4154.141, 437.2486, 1389.643, 572.4554, 461.8293
301.1, 134.8445, 51.2854, 238.8988, 21.28196, 266.4914, 9.666082, 107.9248, 27.7884, 345.4314, 1486.433, 410.2066, 367.3318, 542.7917, 2745.33, 1731.356, 3677.918, 4124.868, 415.4795, 1324.671, 548.1009, 440.6774
301.2, 128.51, 48.62392, 225.4073, 20.37096, 249.2507, 9.155178, 102.8972, 26.48895, 326.2047, 1411.672, 387.3369, 347.7671, 520.4814, 2723.317, 1854.413, 3579.54, 4185.333, 394.7943, 1396.114, 524.7825, 478.7247
301.3, 122.4731, 46.10056, 247.0679, 19.49895, 233.1254, 8.671278, 98.10383, 25.25027, 308.0482, 1471.055, 365.7422, 329.2444, 499.0881, 2600.792, 1859.95, 3437.203, 4122.85, 375.1389, 1478.736, 607.447, 456.799
301.4, 116.7197, 65.34052, 250.5375, 18.66427, 223.4465, 8.212955, 93.53373, 24.06952, 290.9023, 1397.068, 345.3514, 311.7083, 478.5741, 2531.47, 1847.109, 3368.416, 4134.372, 356.4621, 1442.878, 630.5581, 435.8776
301.5, 199.2541, 61.94964, 268.8423, 17.86533, 337.2648, 7.778856, 89.17653, 22.94397, 274.7106, 1412.58, 326.0974, 295.1062, 458.9033, 2509.781, 1766.049, 3551.359, 4046.062, 338.7151, 1381.245, 615.1174, 415.9143
301.6, 189.8938, 58.73474, 253.6598, 17.10058, 315.4454, 7.367702, 85.0223, 21.87106, 259.4203, 1341.534, 307.9169, 279.3883, 551.4175, 2561.073, 1688.547, 3392.49, 3964.315, 497.6272, 1355.16, 588.9479, 396.8654
301.7, 180.9733, 55.68667, 239.3348, 16.36856, 312.4338, 6.978279, 81.06159, 20.84832, 244.9809, 1274.06, 290.75, 264.5076, 581.2632, 2517.806, 1621.259, 3407.913, 3898.112, 472.8521, 1484.749, 602.0678, 378.6889
301.8, 172.4718, 52.79679, 225.8187, 15.66788, 292.2209, 6.609439, 77.28539, 19.87341, 231.3453, 1209.981, 274.5401, 250.4195, 557.3716, 2404.527, 1720.695, 3354.477, 3727.079, 449.3105, 1415.33, 576.4535, 361.3449
301.9, 164.3697, 50.05687, 213.0659, 14.9972, 273.3156, 6.260095, 73.6851, 18.94409, 218.4687, 1217.829, 259.234, 237.0817, 534.462, 2422.361, 1645.183, 3281.999, 3723.464, 426.9409, 1386.509, 577.6504, 465.1242
302, 156.6482, 79.46587, 201.0333, 14.35522, 255.6334, 5.929215, 70.25253, 18.05822, 206.3087, 1156.577, 244.7812, 224.4544, 512.4941, 2313.376, 1572.985, 3252.008, 3560.094, 405.6851, 1491.635, 553.0749, 443.8215
302.1, 156.0885, 119.8768, 296.3293, 13.74073, 239.0952, 5.615825, 66.97987, 17.21378, 194.8256, 1140.83, 231.1343, 212.4995, 491.4291, 2214.932, 1540.579, 3117.778, 3520.334, 385.4874, 1421.894, 529.5449, 423.4944
302.2, 148.756, 113.6557, 279.5945, 13.15254, 223.6268, 5.318998, 63.85965, 16.40882, 183.9816, 1122.354, 218.2481, 201.1815, 498.2509, 2115.279, 1472.971, 3127.137, 3507.485, 366.2954, 1359.489, 590.2102, 461.1818
302.3, 146.7123, 107.7575, 297.877, 12.58953, 209.1593, 5.037861, 60.8848, 15.64151, 173.7412, 1076.971, 206.0804, 190.4662, 515.3347, 2232.297, 1408.33, 2987.246, 3487.153, 348.0588, 1434.033, 565.1003, 440.0596
302.4, 139.8203, 102.1654, 284.2684, 12.05062, 195.6277, 4.771583, 58.04852, 14.91008, 164.0708, 1146.528, 194.591, 180.3216, 494.1529, 2131.864, 1448.704, 3142.058, 3381.975, 450.7665, 1366.986, 541.0588, 502.3885
302.5, 178.4384, 147.6441, 298.5107, 11.53477, 228.6876, 4.519379, 55.34437, 14.21285, 154.9386, 1121.329, 183.7422, 170.7174, 473.8418, 2164.767, 1541.196, 3001.5, 3314.465, 428.3244, 1303.073, 518.04, 479.379
302.6, 170.056, 139.982, 364.0456, 11.04101, 213.8926, 4.280506, 52.76619, 13.54823, 146.3147, 1064.931, 173.4983, 161.6247, 506.7269, 2067.372, 1481.81, 2867.229, 3169.04, 406.9997, 1242.148, 496.0006, 457.4234
302.7, 183.7277, 132.7176, 343.4866, 10.56839, 200.0548, 4.054258, 50.30811, 12.91469, 138.1708, 1167.079, 163.8254, 153.0163, 485.8989, 2162.156, 1437.743, 2802.936, 3047.703, 386.7366, 1222.187, 474.8988, 436.4733
302.8, 198.1595, 125.8301, 324.0887, 10.11599, 187.1122, 3.839968, 47.96455, 12.31077, 130.4803, 1385.006, 154.6919, 144.8664, 487.0887, 2064.878, 1423.395, 2762.091, 3245.296, 367.4824, 1165.044, 454.6948, 446.5901
302.9, 240.8637, 119.3001, 391.5684, 9.682966, 175.0069, 3.637006, 45.73015, 11.73509, 123.2177, 1331.596, 146.0675, 137.1506, 472.3592, 1971.976, 1360.929, 2759.232, 3193.675, 349.1867, 1241.675, 435.3503, 473.0259
303, 229.5488, 113.109, 369.4551, 9.268474, 163.6848, 3.44477, 43.59985, 11.18633, 116.3594, 1264.622, 137.924, 129.8457, 452.9439, 1995.552, 1445.002, 2785.772, 3271.104, 331.802, 1251.404, 416.8288, 451.3613
303.1, 289.204, 107.2392, 387.4442, 8.871724, 153.0952, 3.262696, 41.56878, 10.66323, 109.8829, 1308.776, 130.2345, 122.9299, 434.3265, 1957.559, 1381.588, 2707.601, 3194.894, 315.2827, 1233.2, 399.0953, 488.5022
303.2, 367.174, 101.6739, 392.5351, 8.491959, 143.1907, 3.090245, 39.63233, 10.1646, 103.7668, 1374.111, 122.9737, 116.3824, 627.9948, 1989.353, 1411.658, 2729.18, 3216.302, 299.5859, 1331.887, 382.1162, 466.1287
303.3, 349.9255, 96.39751, 388.6202, 8.128449, 133.9269, 2.926909, 37.78608, 9.689278, 97.99114, 1351.521, 116.1177, 110.1837, 602.1823, 1899.85, 1495.521, 2700.28, 3249.043, 284.6706, 1269.615, 365.8595, 537.5105
303.4, 536.4382, 91.39492, 366.6735, 7.7805, 125.2625, 2.772206, 36.02584, 9.236186, 92.53696, 1283.545, 109.6439, 104.3151, 577.4308, 1901.688, 1497.446, 2849.103, 3193.374, 270.4979, 1227.305, 468.7814, 722.1109
303.5, 832.9832, 86.65194, 359.2763, 7.447446, 135.575, 2.62568, 34.34761, 8.804282, 87.38635, 1218.989, 103.5311, 98.75914, 607.8471, 1818.227, 1440.917, 2908.976, 3119.612, 257.0307, 1291.719, 448.8376, 689.0381
303.6, 1250.272, 120.4971, 338.9867, 7.128648, 146.5134, 2.486899, 32.74755, 8.392575, 82.52243, 1211.964, 97.75903, 93.49906, 582.8628, 1845.906, 1460.742, 2990.385, 3061.592, 244.2341, 1231.326, 429.7423, 657.48
303.7, 1386.5, 114.2439, 319.843, 6.823497, 137.0347, 2.355453, 31.22202, 8.00012, 77.92924, 1233.745, 92.30878, 88.51914, 681.5547, 1766.839, 1396.638, 2966.833, 3020.262, 232.0745, 1173.756, 411.4594, 649.3112
303.8, 1321.367, 108.3151, 363.0418, 6.531408, 188.8744, 2.230954, 29.76757, 7.626017, 73.5917, 1171.693, 87.16241, 146.3637, 688.5411, 1687.346, 1376.237, 2907.34, 3004.872, 309.5911, 1225.236, 393.9543, 713.5712
303.9, 1487.568, 161.9452, 342.5396, 6.251822, 176.6552, 2.113036, 28.38087, 7.269408, 69.49559, 1435.335, 82.30295, 171.676, 660.24, 1898.358, 1315.841, 2888.011, 2933.58, 389.5792, 1186.79, 377.1939, 680.8896
304, 1551.892, 153.541, 323.1952, 5.984205, 196.7785, 2.001351, 27.05876, 6.929475, 65.62747, 1363.144, 77.71441, 162.5323, 733.7212, 1877.038, 1325.267, 2826.495, 2876.584, 370.1835, 1159.549, 361.1466, 666.0225
304.1, 1559.668, 145.5729, 304.9432, 5.728043, 184.0479, 1.895569, 25.79825, 6.605438, 61.97465, 1294.583, 73.38169, 278.0415, 721.4097, 1839.519, 1407.391, 2889.303, 2884.956, 365.0315, 1359.613, 345.782, 652.0078
304.2, 1486.4, 138.0184, 287.722, 5.482847, 172.1409, 1.795378, 24.59646, 6.296553, 58.52515, 1247.362, 69.29053, 263.2325, 691.7577, 1830.359, 1345.628, 2848.284, 2898.552, 346.8578, 1371.582, 331.0711, 622.1458
304.3, 1416.574, 236.8864, 271.4733, 5.248146, 175.4347, 1.700483, 23.45065, 96.38253, 55.26764, 1285.639, 65.42745, 310.1678, 663.3244, 1859.548, 1286.576, 2720.867, 2983.899, 329.589, 1406.897, 316.9861, 756.3394
304.4, 1388.396, 224.5931, 256.1423, 5.023492, 173.3814, 1.610603, 22.35822, 156.9529, 52.19144, 1271.331, 61.77975, 457.9093, 689.9552, 1859.619, 1230.115, 2915.663, 2984.771, 355.6574, 1456.467, 303.5003, 721.6989
304.5, 1460.577, 212.9378, 241.677, 4.808455, 162.1645, 1.525474, 21.31667, 149.6134, 49.28647, 1344.004, 58.33542, 442.576, 692.0894, 1870.832, 1176.132, 3076.216, 3163.511, 392.7627, 1388.37, 290.5882, 688.645
304.6, 1407.587, 201.8873, 228.0287, 241.4174, 158.9913, 1.444844, 20.32365, 142.6172, 94.12897, 1276.406, 55.08312, 552.2596, 663.6425, 1942.479, 1124.518, 3147.663, 3232.039, 373.2084, 1513.123, 278.2254, 657.105
304.7, 1381.868, 196.3426, 215.1511, 231.0832, 148.7054, 1.368477, 19.37689, 135.9481, 212.0144, 1212.209, 52.01213, 668.8414, 636.3649, 1940.391, 1162.365, 3230.426, 3140.149, 439.8657, 1442.378, 266.3886, 627.0095
304.8, 1341.78, 198.8778, 203.0008, 221.1914, 155.9955, 1.296145, 18.47423, 129.5909, 200.2137, 1240.015, 49.11237, 633.2178, 610.2084, 1980.137, 1111.355, 3119.317, 3002.372, 465.5154, 1410.069, 372.2722, 598.2924
304.9, 1327.002, 188.5569, 191.5366, 211.723, 152.7335, 1.227637, 17.61362, 123.5309, 189.0698, 1177.648, 46.37426, 599.4915, 585.127, 1891.049, 1153.856, 3168.681, 2950.88, 442.3391, 1344.142, 356.4343, 663.1443
305, 1345.288, 178.7717, 180.7199, 202.6599, 250.9578, 1.16275, 16.7931, 117.7544, 268.4501, 1254.036, 43.78881, 567.5616, 561.0766, 1845.156, 1103.219, 3233.706, 2884.82, 482.9321, 1436.058, 341.2702, 632.7722
305.1, 1282.091, 169.4942, 170.514, 193.9848, 268.2274, 1.101292, 16.01081, 112.2479, 253.5081, 1291.683, 41.34751, 584.6963, 538.0147, 1943.311, 1118.021, 3293.752, 2923.79, 656.3998, 1394.992, 326.7513, 651.6729
305.2, 1359.365, 164.0921, 160.8845, 185.681, 250.8743, 66.50735, 15.26495, 106.999, 239.3979, 1236.019, 39.04231, 612.6162, 515.9007, 1855.879, 1068.957, 3292.471, 2938.624, 623.72, 1532.717, 312.85, 621.8262
305.3, 1295.507, 155.5765, 151.7988, 177.7327, 234.644, 62.99208, 14.55385, 101.9955, 315.4675, 1173.853, 36.86563, 593.2714, 494.6956, 1996.204, 1175.596, 3187.228, 2914.152, 678.213, 1461.055, 299.5402, 593.3464
305.4, 1234.649, 183.3907, 143.2262, 215.9261, 266.362, 59.66261, 13.87586, 97.22592, 346.7794, 1114.813, 34.81031, 584.9152, 474.3622, 1948.545, 1125.152, 3176.89, 2786.291, 644.4471, 1608.833, 286.7966, 566.1711
305.5, 1176.649, 220.4417, 135.1377, 298.3553, 249.1297, 128.3078, 13.22947, 92.67943, 327.4776, 1102.737, 32.86957, 553.7617, 514.2783, 1860.878, 1075.775, 3320.162, 2724.14, 612.3624, 1550.291, 274.5951, 540.2404
305.6, 1121.375, 209.0018, 127.506, 315.651, 242.832, 121.5261, 12.61318, 88.34554, 309.2502, 1047.274, 31.03703, 662.9746, 509.0527, 1777.155, 1028.565, 3369.396, 2666.108, 581.8751, 1810.819, 392.9834, 729.1528
305.7, 1068.696, 198.1555, 120.3053, 302.1391, 431.6637, 115.1028, 12.02561, 84.21431, 292.0374, 994.6008, 29.30666, 655.8111, 503.6613, 1759.881, 1011.618, 3265.457, 2549.13, 728.5012, 1740.798, 376.2643, 695.7574
305.8, 1026.879, 187.8721, 143.1978, 289.2057, 403.7372, 193.198, 11.4654, 80.27627, 275.7826, 944.5767, 27.67276, 620.8815, 482.9593, 1680.702, 967.2232, 3261.633, 2803.614, 692.2318, 1857.65, 360.2566, 663.8917
305.9, 1077.147, 198.509, 135.1109, 276.8258, 414.7921, 182.9865, 10.93129, 76.52238, 260.4326, 897.0686, 26.12996, 587.8123, 467.8812, 1758.455, 924.777, 3308.258, 2793.967, 657.768, 1866.89, 344.9298, 633.4854
306, 1026.546, 199.3763, 127.4808, 264.976, 418.3644, 173.3147, 10.42207, 72.94402, 245.9369, 955.0194, 24.67316, 556.5044, 457.5121, 1679.34, 884.1935, 3160.265, 2671.379, 641.0872, 1834.82, 330.2552, 604.4716
306.1, 978.3228, 197.1497, 120.2815, 310.4964, 391.2982, 164.154, 9.936562, 69.533, 232.2481, 1079.92, 23.29759, 526.864, 610.1686, 1724.972, 964.4702, 3053.305, 2645.729, 746.7036, 1879.217, 371.2472, 576.7867
306.2, 932.3647, 186.9185, 113.4888, 297.2052, 365.9831, 253.2483, 9.473674, 66.28149, 263.0822, 1025.604, 21.9987, 498.8023, 605.6823, 1708.55, 922.1447, 2916.717, 2529.645, 709.5278, 1935.453, 464.1992, 550.3698
306.3, 888.5656, 177.2183, 107.0797, 284.4829, 371.2544, 239.8628, 9.03235, 63.18203, 248.439, 974.0208, 20.77224, 472.2353, 612.7494, 1673.763, 881.6768, 3022.156, 2495.725, 754.1395, 1844.962, 444.4503, 525.1628
306.4, 945.1562, 244.3766, 171.8996, 272.3053, 409.1582, 227.1847, 8.611584, 60.2275, 259.0446, 925.0318, 19.61415, 447.0833, 587.5636, 1698.537, 842.9847, 3027.879, 2386.223, 716.5936, 1894.838, 425.5417, 501.1103
306.5, 986.7419, 242.5319, 162.1918, 260.6489, 382.6877, 230.2045, 8.210419, 57.41113, 244.6261, 968.8097, 18.52062, 423.2708, 734.517, 1625.306, 837.9388, 2990.869, 2400.682, 705.5872, 1806.246, 407.4375, 478.1593
306.6, 940.3884, 270.3914, 153.0323, 280.7139, 357.9296, 218.0369, 7.827942, 54.72646, 231.0103, 974.9264, 17.48806, 400.7267, 704.3262, 1635.022, 801.1661, 2877.355, 2295.35, 759.9297, 1856.48, 485.1584, 456.2596
306.7, 896.2123, 256.3593, 144.39, 268.6975, 361.0873, 206.5125, 7.463283, 52.16733, 218.1523, 1023.525, 16.51307, 379.3833, 675.3763, 1568.377, 818.798, 2937.438, 2194.64, 722.0955, 1866.979, 464.5179, 435.3628
306.8, 854.1115, 243.0554, 136.2358, 292.6298, 376.6471, 195.5972, 7.115611, 49.72787, 206.0099, 1006.381, 15.59244, 367.0321, 647.6164, 1497.814, 782.8654, 2844.2, 2278.734, 764.0736, 1999.571, 444.7555, 415.4231
306.9, 884.4761, 230.442, 128.5421, 280.1034, 352.2798, 185.2588, 6.784135, 47.40249, 217.3774, 955.7644, 14.72313, 347.4834, 620.9974, 1503.079, 811.5317, 2790.104, 2287.656, 726.0331, 1906.082, 560.1716, 396.3967
307, 842.9266, 218.4831, 121.2829, 268.1132, 341.2011, 175.4669, 6.468101, 45.18585, 213.6174, 907.6936, 13.90229, 328.9758, 595.4726, 1435.454, 861.7093, 2732.728, 2206.611, 928.4389, 1853.111, 536.3397, 378.2417
307.1, 848.4313, 207.1448, 114.4336, 256.6362, 319.127, 166.1925, 6.166789, 43.07286, 306.6443, 932.6217, 13.12721, 311.454, 570.9969, 1510.715, 942.9122, 2610.481, 2200.748, 882.2152, 1887.032, 513.5217, 360.9182
307.2, 808.575, 230.8972, 159.8651, 245.6506, 402.0633, 157.4084, 5.879513, 41.05868, 289.5765, 918.6138, 12.39535, 380.387, 547.5272, 1557.438, 901.5329, 2675.677, 2104.188, 838.2928, 1987.32, 491.6745, 344.3881
307.3, 770.5911, 218.9146, 163.5045, 235.1352, 514.2494, 149.0885, 5.60562, 39.13869, 273.4587, 889.6791, 11.70429, 360.1269, 642.4405, 1563.034, 891.6207, 2561.038, 2011.865, 796.5573, 1894.404, 470.7568, 328.6151
307.4, 887.5161, 335.6677, 154.2708, 292.5204, 480.9799, 141.2084, 5.344486, 37.30848, 258.238, 877.5212, 11.05175, 340.946, 668.532, 1492.712, 1064.45, 2607.453, 2191.57, 905.4051, 1939.122, 450.7289, 313.5644
307.5, 845.8238, 318.248, 145.5586, 279.9987, 449.8628, 133.7447, 5.095517, 35.56385, 243.8645, 833.3857, 10.4356, 322.7866, 641.0534, 1491.742, 1115.665, 2847.004, 2156.277, 860.3282, 1880.547, 431.5532, 299.2031
307.6, 931.3527, 301.7324, 137.3384, 268.013, 420.7589, 126.6756, 4.858146, 33.90081, 230.291, 791.4701, 9.853792, 305.5944, 790.7631, 1424.627, 1066.704, 2787.719, 2147.705, 817.4955, 1792.623, 413.1932, 285.4996
307.7, 1029.988, 331.624, 213.7558, 256.5403, 393.5378, 119.9801, 4.631832, 32.31553, 217.473, 816.1641, 9.304425, 289.3179, 758.2604, 1413.252, 1019.892, 2913.487, 2053.473, 776.7953, 1708.809, 395.6144, 272.4236
307.8, 981.6028, 314.4142, 201.6843, 245.5588, 476.901, 113.6385, 4.416061, 30.80439, 205.3685, 775.1146, 8.785686, 273.9084, 732.1396, 1484.574, 1126.698, 2783.153, 2049.777, 738.1214, 1708.27, 378.7834, 259.9466
307.9, 935.4906, 391.7159, 196.7099, 235.0473, 446.0478, 107.6321, 4.210342, 29.36391, 193.9377, 795.1147, 8.295869, 259.3195, 702.0465, 1417.781, 1077.253, 2857.312, 1985.106, 701.373, 1687.246, 362.6685, 248.041
308, 1065.235, 371.3877, 220.1152, 224.9858, 417.1906, 101.9432, 4.014206, 27.99079, 183.1431, 1050.955, 7.833359, 245.5077, 673.1903, 1527.783, 1162.005, 2918.634, 2051.357, 769.4567, 1654.501, 347.2392, 236.6807
308.1, 1025.906, 352.1143, 215.7299, 270.2505, 486.8766, 96.55494, 3.827207, 26.68188, 172.9494, 1019.229, 7.396636, 262.5295, 645.5202, 1516.813, 1340.625, 2887.23, 1961.352, 731.1482, 1715.884, 332.4662, 225.8407
308.2, 977.7124, 333.8412, 203.5469, 258.6821, 455.3781, 91.45149, 3.64892, 25.43418, 163.323, 1156.006, 6.98426, 283.1675, 669.2925, 1542.817, 1329.235, 2832.544, 2185.379, 694.7469, 1767.953, 318.3218, 215.4971
308.3, 931.783, 316.5164, 317.0433, 247.6089, 425.9173, 86.61779, 3.478937, 24.24482, 154.2325, 1097.864, 6.594874, 268.0856, 827.1411, 1536.921, 1293.458, 2734.02, 2170.973, 660.158, 1809.656, 304.7792, 205.6273
308.4, 888.0112, 300.0906, 316.8391, 237.0097, 398.3625, 82.03957, 3.316873, 23.11108, 145.6479, 1042.646, 6.227198, 253.8069, 849.0083, 1467.773, 1465.682, 2774.46, 2189.476, 627.291, 1725.046, 291.8127, 196.2096
308.5, 846.2957, 284.5173, 298.946, 226.8642, 407.0211, 77.70334, 3.162359, 22.03036, 137.5412, 990.2056, 5.880021, 240.2887, 893.7795, 1436.16, 1401.361, 2726.711, 2093.411, 596.0604, 1815.492, 279.3978, 187.2231
308.6, 806.5397, 269.7522, 282.0635, 297.4194, 534.8572, 73.5963, 3.015043, 21.00017, 129.8856, 940.4025, 5.552199, 227.4905, 933.6184, 1511.42, 1353.097, 2649.284, 2110.069, 566.3847, 1853.749, 267.5112, 178.6483
308.7, 800.2953, 255.7533, 266.1344, 284.688, 500.2545, 69.70634, 2.874589, 20.01815, 122.6562, 893.1044, 5.242654, 244.0139, 923.7362, 1503.749, 1356.002, 2615.109, 2184.114, 685.1708, 1767.078, 256.1302, 170.4662
308.8, 840.3705, 242.4808, 251.1049, 272.5015, 467.8905, 66.02198, 2.740679, 19.08206, 115.8292, 848.1851, 4.950366, 374.8707, 976.4799, 1458.902, 1296.495, 2685.335, 2461.099, 651.0586, 1884.837, 245.2334, 162.6588
308.9, 800.8929, 342.8892, 308.0035, 260.8367, 455.2588, 62.53236, 2.613006, 18.18974, 109.3821, 805.5251, 4.674375, 354.9045, 936.3437, 1589.758, 1242.694, 2626.685, 2353.116, 618.6447, 1810.322, 234.8003, 155.209
309, 763.2699, 325.0948, 290.6094, 295.0099, 501.2364, 59.22719, 2.491281, 17.33915, 103.2939, 765.0107, 4.41377, 336.0017, 1072.656, 1668.007, 1188.159, 2704.454, 2336.155, 982.2512, 1800.523, 224.8109, 148.1004
309.1, 727.4142, 319.1288, 274.1977, 282.3817, 481.5397, 56.09672, 2.375226, 16.52834, 97.54458, 726.534, 4.167694, 318.1057, 1067.597, 1714.499, 1213.317, 2583.472, 2315.941, 959.2131, 1937.943, 301.756, 141.3174
309.2, 762.9492, 346.4857, 258.7128, 270.2939, 679.4142, 53.13171, 2.264578, 15.75543, 92.11525, 689.9925, 3.935338, 301.1628, 1023.715, 1637.361, 1202.29, 2467.902, 2274.157, 935.8124, 1847.335, 288.9181, 134.845
309.3, 727.1086, 328.5046, 244.1024, 358.4567, 635.4594, 50.32341, 2.159084, 15.01868, 86.98812, 655.2889, 3.715935, 285.1224, 1070.847, 1605.42, 1184.645, 2357.501, 2243.283, 933.1339, 1910.158, 276.6264, 128.6691
309.4, 720.5817, 404.3999, 277.5797, 343.1125, 594.3482, 47.66355, 2.058505, 14.31637, 82.14637, 622.3307, 3.508765, 269.9363, 1026.832, 1533.191, 1375.102, 2379.388, 2335.339, 886.6765, 1820.849, 294.3404, 122.7761
309.5, 686.7314, 383.4134, 290.8923, 328.4251, 555.8967, 45.14427, 1.962611, 13.64691, 77.5741, 591.0302, 3.313145, 255.559, 1019.888, 1568.81, 1314.756, 2347.248, 2365.116, 842.532, 1866.59, 281.818, 117.1529
309.6, 683.2497, 363.516, 274.4646, 314.3664, 525.9606, 42.75816, 1.871184, 13.00875, 73.25633, 561.3039, 3.128432, 241.9475, 1008.953, 1551.175, 1257.059, 2280.012, 2261.345, 800.5854, 1884.375, 269.8284, 111.7873
309.7, 651.1531, 397.5727, 258.9646, 300.9095, 515.0231, 40.49816, 1.784016, 12.40043, 69.17889, 533.0728, 2.954016, 229.061, 1117.836, 1542.771, 1201.893, 2313.067, 2162.126, 760.7271, 1796.272, 258.3488, 106.6674
309.8, 620.5643, 427.3227, 354.044, 288.0287, 481.7036, 38.35761, 1.700909, 11.82056, 65.32839, 506.2615, 2.789324, 216.8608, 1071.889, 1497.566, 1256.246, 2209.593, 2114.892, 722.8532, 1800.638, 374.7266, 101.782
309.9, 591.4124, 405.1466, 334.0499, 275.6992, 486.6476, 36.33021, 1.621673, 11.2678, 61.69222, 480.7988, 2.633814, 205.3104, 1027.831, 1452.567, 1201.116, 2306.715, 2157.389, 686.8649, 1716.45, 358.7843, 97.12039
310, 662.5676, 384.1213, 332.9392, 263.8976, 455.1638, 34.40996, 1.546129, 10.7409, 58.25843, 456.6167, 2.486974, 194.3752, 1096.055, 1509.965, 1285.611, 2265.759, 2274.279, 652.6683, 1739.729, 379.3481, 92.67226
310.1, 631.4426, 364.1872, 336.6691, 311.2621, 425.7169, 32.59121, 1.474104, 10.23863, 55.01577, 433.6508, 2.348321, 184.0225, 1051.004, 1442.03, 1313.378, 2164.401, 2241.888, 620.1743, 1658.389, 363.2092, 88.42786
310.2, 601.7797, 345.2875, 317.6562, 404.8749, 398.175, 30.86859, 1.405433, 9.759849, 51.9536, 475.6644, 2.217398, 174.2211, 1020.933, 1539.257, 1362.165, 2160.018, 2143.523, 638.7112, 1664.17, 347.7569, 255.5371
310.3, 573.5103, 327.3687, 341.0677, 387.5437, 384.5829, 29.23702, 1.339962, 9.303457, 49.06186, 451.7405, 2.093774, 164.9418, 1008.31, 1518.635, 1302.387, 2111.252, 2264.272, 606.912, 1772.524, 332.9619, 275.5554
310.4, 546.5688, 310.3797, 353.5222, 370.9544, 365.3786, 27.69168, 1.277541, 8.868407, 46.33108, 429.0199, 1.977043, 156.1568, 966.8658, 1531.1, 1245.232, 2139.964, 2164.925, 681.3046, 1878.5, 348.0692, 314.1447
310.5, 557.598, 342.1405, 333.5576, 355.0752, 374.3622, 26.22803, 1.218028, 8.453701, 43.7523, 407.4421, 1.866819, 147.8396, 1050.955, 1466.495, 1333.372, 2237.574, 2069.938, 647.3849, 1790.672, 333.2609, 299.7568
310.6, 531.4041, 324.385, 317.4408, 417.9498, 419.026, 24.84174, 1.161287, 8.058388, 41.31705, 386.9495, 1.76274, 169.6339, 1007.758, 1461.919, 1274.858, 2153.967, 2060.001, 798.6614, 1892.389, 431.6741, 449.8522
310.7, 564.8188, 315.3632, 339.4279, 400.0589, 471.5629, 23.52872, 1.107189, 7.68156, 39.01734, 422.3358, 1.664465, 160.5989, 1107.275, 1549.968, 1218.911, 2185.072, 2014.36, 758.8989, 1803.911, 413.309, 429.2489
310.8, 545.498, 298.9973, 408.9044, 382.9339, 521.7712, 22.2851, 1.055611, 7.322354, 36.84564, 454.0977, 1.571668, 152.0451, 1154.759, 1534.957, 1325.864, 2205.761, 1967.176, 721.116, 1893.57, 395.7253, 409.5892
310.9, 519.8724, 283.4807, 425.2172, 366.5419, 491.7652, 21.10721, 1.006436, 6.979945, 34.79481, 431.2585, 1.484044, 143.9469, 1107.295, 1465.898, 1267.679, 2173.659, 1892.031, 685.2142, 1973.585, 401.8024, 390.83
311, 495.4507, 268.7693, 416.3, 399.9405, 459.9504, 79.142, 0.9595522, 6.653547, 66.10346, 520.9225, 1.401306, 136.2801, 1061.782, 1399.946, 1212.047, 2180.066, 1833.624, 651.0998, 2081.019, 476.5865, 435.487
311.1, 472.1762, 297.3064, 447.9202, 382.8205, 430.1938, 82.8627, 0.9148521, 6.342413, 210.4754, 584.8325, 1.323181, 142.4948, 1018.14, 1470.937, 1193.87, 2246.733, 1873.903, 618.6838, 2056.001, 456.3106, 457.9323
311.2, 512.1247, 281.8775, 422.6246, 366.4334, 402.3624, 151.5158, 0.8722344, 6.045828, 198.7604, 555.418, 1.249411, 161.5142, 1003.431, 1404.757, 1141.478, 2187.006, 1853.948, 587.8818, 2111.956, 436.8974, 436.9589
311.3, 515.8873, 278.4615, 398.7575, 350.7477, 376.3315, 143.5074, 0.831602, 5.763112, 187.6974, 527.4828, 1.179754, 282.7484, 1008.823, 1362.493, 1158.95, 2143.979, 1772.604, 558.6132, 2013.213, 418.3101, 416.9461
311.4, 505.2572, 264.0106, 376.2383, 335.7335, 351.9846, 135.9222, 0.7928624, 5.493617, 298.834, 500.9528, 1.113981, 267.6888, 967.3578, 1301.193, 1264.744, 2155.359, 1919.216, 530.8019, 1919.086, 400.5135, 397.8499
311.5, 492.212, 250.3097, 363.0438, 321.362, 329.2129, 128.738, 0.7559274, 5.236723, 309.6239, 561.3219, 1.051874, 253.4312, 927.5966, 1393.915, 1212.451, 2058.94, 1870.03, 504.3752, 1829.36, 383.4742, 379.6284
311.6, 537.4457, 237.3197, 393.5565, 307.6057, 307.9144, 121.9335, 0.720713, 4.991842, 292.3903, 533.0898, 0.9932304, 255.0009, 889.4697, 1348.203, 1159.243, 2022.312, 1894.939, 479.2641, 1973.856, 367.1597, 362.2413
311.7, 554.4404, 225.0039, 371.331, 294.4382, 287.9938, 115.4887, 0.6871391, 4.758413, 276.1158, 506.2777, 0.937856, 265.4265, 862.1898, 1287.546, 1287.369, 1988.771, 1867.505, 455.4032, 1881.57, 443.876, 385.538
311.8, 538.8785, 282.4028, 350.3606, 281.8344, 269.362, 167.7866, 0.6551292, 4.535899, 260.7473, 494.5862, 0.8855689, 407.4035, 880.614, 1229.618, 1376.139, 1899.804, 1785.567, 432.7303, 1793.598, 424.9918, 367.8803
311.9, 732.7697, 302.1389, 350.4241, 269.7701, 251.9356, 158.9182, 0.6246105, 4.323791, 312.4361, 469.7107, 0.8361968, 412.1649, 922.2281, 1207.428, 1362.267, 1923.578, 1844.426, 411.1862, 1824.065, 406.911, 387.1411
312, 1300.516, 286.4593, 330.6345, 318.7199, 235.6366, 150.5185, 0.5955135, 4.121601, 872.187, 524.4791, 0.7895773, 390.2123, 884.3218, 1157.098, 1302.484, 1893.765, 1792.188, 390.7147, 1837.523, 389.5994, 478.6223
312.1, 1833.354, 322.0473, 409.0041, 305.0767, 220.392, 173.082, 0.5677719, 3.928866, 1201.824, 498.1, 0.745557, 393.0097, 847.9736, 1105.038, 1262.423, 2126.771, 1740.526, 371.2624, 1751.61, 373.0243, 563.3787
312.2, 1895.189, 325.8026, 406.9385, 325.758, 206.1337, 220.7443, 0.5413226, 3.745143, 1342.995, 519.5679, 0.7039908, 453.2263, 813.1194, 1055.322, 1249.712, 2069.987, 1786.163, 352.7786, 1698.294, 357.1544, 537.5758
312.3, 2036.857, 308.8949, 383.9572, 311.8135, 294.0903, 209.0768, 0.5161055, 3.570012, 1290.377, 493.4359, 0.6647421, 451.7801, 779.6978, 1043.694, 1226.022, 2158.423, 1745.327, 335.215, 1758.458, 341.9597, 512.9548
312.4, 2057.897, 325.5316, 466.4621, 298.4659, 275.0641, 198.026, 0.492063, 3.403071, 1397.781, 531.5946, 0.6276815, 427.7176, 747.65, 1027.282, 1213.185, 2061.867, 1668.749, 318.5258, 1676.242, 327.4114, 489.4614
312.5, 2008.865, 396.6455, 440.1194, 285.6897, 257.2688, 187.5592, 0.4691406, 3.243936, 1326.901, 504.8577, 0.5926871, 404.9366, 866.3179, 1197.789, 1206.198, 1969.63, 1729.906, 302.6675, 1651.952, 313.482, 467.044
312.6, 1914.495, 413.7111, 415.2643, 273.4604, 240.6247, 182.0885, 0.447286, 3.092242, 1273.906, 479.4655, 0.5596437, 383.369, 830.7097, 1178.092, 1225.476, 2025.628, 1654.005, 287.5988, 1574.715, 300.1453, 445.6533
312.7, 2096.728, 469.1819, 465.2119, 326.5099, 225.0575, 172.4642, 0.4264495, 2.947643, 1203, 455.3505, 0.5284426, 400.7821, 796.5651, 1125.088, 1171.696, 1935.013, 1596.552, 273.2803, 1501.09, 287.3759, 425.2423
312.8, 2015.054, 444.8335, 448.9435, 312.5332, 278.541, 163.3485, 0.4065837, 2.809804, 1233.459, 583.0609, 0.498981, 414.7756, 843.8443, 1074.469, 1120.277, 1857.292, 1526.502, 259.6746, 1652.898, 377.8383, 405.7661
312.9, 2332.071, 421.7487, 454.2715, 299.1548, 260.5207, 154.7146, 0.3876432, 2.678412, 1302.951, 621.9909, 0.4711619, 392.684, 809.1598, 1030.053, 1071.114, 2001.466, 1532.11, 246.7463, 1575.979, 562.8709, 387.182
313, 2481.571, 399.8618, 428.6172, 303.7007, 243.6663, 146.5371, 0.3695852, 2.553164, 1263.51, 590.7075, 0.4448938, 371.769, 775.9009, 983.7095, 1024.108, 1911.931, 1623.892, 234.4617, 1507.965, 538.9242, 369.449
313.1, 2364.996, 379.1108, 404.4117, 366.6425, 227.9022, 138.7919, 0.3523683, 2.433772, 1316.136, 595.1353, 0.4200901, 351.9679, 744.0092, 1044.476, 979.1656, 1947.752, 1571.327, 222.7887, 1477.717, 515.9963, 352.5282
313.2, 2421.43, 433.6196, 381.5732, 350.9479, 213.1581, 131.456, 0.3359535, 2.319964, 1242.88, 565.2025, 0.3966694, 333.2215, 875.5611, 1015.248, 1015.722, 1972.436, 1610.33, 211.6968, 1408.627, 494.0438, 336.3824
313.3, 2465.072, 441.893, 373.6014, 335.9251, 285.2008, 124.5078, 0.3203033, 2.211477, 1173.701, 596.1373, 0.3745543, 315.4735, 860.9446, 969.5707, 971.1472, 1901.54, 1539.675, 201.1572, 1429.625, 473.0252, 413.6031
313.4, 2349.272, 418.9608, 434.8505, 353.7597, 266.7497, 117.9269, 0.3053822, 2.108064, 1147.991, 566.1542, 0.3536723, 298.6709, 845.7975, 966.8775, 928.5287, 1913.29, 1498.252, 191.1423, 1508.052, 452.9009, 394.6601
313.5, 2292.983, 475.0516, 410.293, 338.6165, 249.4922, 111.6938, 0.2911562, 2.009486, 1084.094, 537.6791, 0.3339544, 282.7632, 819.9306, 1066.732, 887.7806, 1834.451, 1583.743, 181.626, 1637.114, 433.6328, 376.5846
313.6, 2201.158, 502.6945, 505.5536, 324.1216, 260.8614, 105.7902, 0.2775929, 1.915518, 1076.751, 606.8375, 0.3153358, 369.0755, 786.2291, 1027.512, 886.4233, 1788.702, 1590.43, 172.5835, 1665.29, 415.1843, 359.3369
313.7, 2429.094, 510.622, 500.7991, 310.2472, 291.7144, 100.1986, 0.2646614, 1.825944, 1212.908, 617.8297, 0.2977553, 390.529, 753.9127, 1104.827, 847.5229, 1756.09, 1520.648, 163.9912, 1619.446, 397.5208, 342.8793
313.8, 2721.174, 753.1221, 473.033, 324.3512, 273.6193, 94.9026, 0.2523324, 1.740559, 1327.124, 586.7556, 0.2811549, 391.2748, 771.8783, 1055.119, 832.1939, 1964.958, 1530.321, 155.8266, 1702.851, 380.6087, 498.8472
313.9, 3668.935, 825.9354, 446.3192, 369.1551, 255.9174, 167.8855, 0.2405776, 1.659167, 1258.689, 557.2443, 0.26548, 397.2657, 787.1332, 1028.97, 865.7236, 2104.717, 1587.959, 148.0686, 1623.235, 364.4161, 475.9999
314, 4154.415, 859.7594, 443.1932, 434.8345, 386.0488, 159.0118, 0.2293705, 1.581581, 1226.343, 529.2173, 0.250679, 433.242, 790.6868, 1085.878, 827.7316, 2119.123, 1567.53, 140.6968, 1709.313, 348.9124, 454.199
314.1, 4269.688, 815.1418, 418.1646, 416.2208, 367.8506, 267.1158, 0.2186854, 1.507622, 1311.936, 502.6, 0.2367032, 427.9557, 758.1873, 1048.749, 791.4069, 2034.748, 1498.753, 133.692, 1710.014, 334.0684, 433.3966
314.2, 4360.377, 772.8397, 401.6998, 422.8161, 344.0524, 252.9973, 0.2084981, 1.437123, 1238.914, 528.9394, 0.2235066, 405.162, 751.055, 1060.078, 878.9814, 2099.647, 1531.969, 127.0359, 1719.444, 319.8558, 413.547
314.3, 4155.542, 732.7328, 379.0144, 404.7169, 321.7939, 239.625, 0.1987854, 1.36992, 1309.995, 502.336, 0.2110457, 383.5824, 764.4847, 1012.384, 1052.422, 2125.819, 1701.986, 120.7113, 1639.053, 306.2479, 394.6065
314.4, 4197.097, 694.7073, 357.6102, 421.131, 300.9753, 226.9595, 0.1895251, 1.305859, 1317.356, 498.0216, 0.1992795, 363.1522, 764.0693, 1026.243, 1006.237, 2099.316, 1627.31, 114.7015, 1594.959, 293.2189, 376.5334
314.5, 4046.895, 658.6552, 366.3464, 403.1039, 281.5037, 214.9635, 0.1806962, 1.244795, 1259.551, 472.9733, 0.1881693, 343.8101, 732.6638, 1051.874, 962.0783, 2005.404, 1637.561, 108.9909, 1520.388, 280.7443, 359.2881
314.6, 4015.954, 624.4739, 345.6576, 385.8485, 263.2917, 373.4923, 0.1722786, 1.186585, 1220.253, 549.5445, 0.1776786, 325.4982, 702.5491, 1055.887, 919.8578, 2069.174, 1688.984, 103.5646, 1449.303, 268.8003, 342.8327
314.7, 3975.585, 592.0666, 326.1371, 369.3317, 246.258, 375.6912, 0.1642531, 1.131098, 1152.334, 521.9048, 0.1677727, 308.1616, 829.657, 1008.382, 944.441, 2015.876, 1614.878, 98.40852, 1491.274, 257.3645, 327.1309
314.8, 4363.225, 796.7833, 310.0231, 353.522, 230.3263, 355.8339, 0.1566015, 1.078205, 1230.245, 538.7577, 0.158419, 291.7484, 795.5557, 963.0134, 902.9945, 2235.271, 1544.024, 93.5091, 1447.278, 246.4152, 312.1483
314.9, 4749.712, 755.4338, 292.515, 338.389, 215.4253, 337.0262, 0.1493063, 1.027786, 1198.071, 540.6102, 0.1495869, 296.4762, 762.856, 919.6863, 863.3669, 2246.156, 1476.279, 88.85361, 1501.231, 235.9318, 297.8518
315, 4745.648, 725.4772, 369.8184, 323.9038, 201.4884, 319.2125, 0.142351, 0.9797248, 1150.035, 513.4198, 0.1412472, 297.5579, 731.5004, 967.0497, 825.4784, 2378.168, 1668.175, 84.42991, 1431.042, 225.8943, 284.2102
315.1, 4689.192, 749.6788, 348.9334, 310.0387, 190.6568, 360.0799, 0.1357197, 0.9339107, 1086.024, 496.5833, 0.1333724, 369.0895, 726.3453, 923.5411, 865.6497, 2310.387, 1792.201, 80.22644, 1364.134, 216.2839, 271.1933
315.2, 4733.079, 766.5162, 329.2279, 336.8728, 178.3222, 372.497, 0.1293972, 0.8902391, 1025.576, 561.8844, 0.1259366, 389.2593, 708.4344, 881.9899, 827.661, 2272.84, 1713.567, 76.23225, 1300.354, 207.0823, 258.7726
315.3, 4622.67, 726.7375, 310.6353, 347.6125, 194.722, 352.8085, 0.1233694, 0.8486096, 968.4923, 533.6241, 0.1189154, 368.5267, 679.3157, 913.2059, 817.8887, 2244.829, 1638.383, 72.43692, 1292.259, 198.2722, 246.9208
315.4, 4412.768, 689.0232, 310.2802, 332.7325, 204.073, 433.4906, 0.1176223, 0.8089268, 914.5861, 551.3789, 0.1122857, 348.8983, 763.1523, 872.1198, 781.996, 2144.408, 1670.553, 68.83054, 1231.84, 189.837, 235.6118
315.5, 4397.186, 653.2661, 306.9202, 318.4895, 190.8704, 410.5783, 0.1121429, 0.7710996, 879.3156, 541.9335, 0.1060255, 330.3154, 731.7845, 938.1259, 988.5098, 2243.747, 1641.242, 65.40372, 1284.068, 181.7606, 224.8207
315.6, 4360.944, 619.3645, 289.5874, 304.8561, 183.4726, 388.877, 0.1069188, 0.7350413, 830.3729, 514.6766, 0.1001144, 312.7222, 714.0345, 895.9185, 1010.462, 2313.861, 1627.259, 284.9054, 1224.031, 174.0278, 214.5239
315.7, 4336.9, 587.2223, 309.5877, 357.7732, 382.857, 380.0117, 0.1019381, 0.7006691, 784.1544, 591.3082, 0.09453287, 306.2895, 684.6856, 970.287, 1025.28, 2210.352, 1555.862, 292.5873, 1369.227, 166.6239, 204.6987
315.8, 4133.168, 556.7481, 352.1063, 342.4583, 432.5736, 430.9505, 0.09718937, 0.6679043, 740.5084, 650.2488, 0.08926249, 355.5819, 762.1334, 946.7507, 980.7164, 2197.472, 1487.597, 377.1711, 1329.361, 159.5351, 195.3234
315.9, 4253.955, 527.8554, 445.8928, 327.7989, 456.1563, 562.798, 0.09266187, 92.30153, 699.2917, 617.5441, 0.08428594, 404.6778, 730.8075, 1036.39, 1204.868, 2099.169, 1593.022, 358.3931, 1444.814, 152.7478, 186.3776
316, 4141.844, 500.4621, 469.7291, 325.8899, 426.6452, 865.2133, 0.08834528, 87.98531, 660.3691, 660.203, 0.07958685, 428.0192, 883.4544, 1181.069, 1373.173, 2207.372, 1620.948, 340.55, 1427.682, 146.2494, 177.8415
316.1, 3947.275, 474.4904, 497.0677, 436.737, 399.0433, 981.7245, 0.08422977, 83.87093, 623.613, 817.9992, 205.565, 405.2222, 847.1418, 1500.303, 1366.347, 2548.732, 1766.706, 608.5913, 1360.931, 140.0273, 169.6963
316.2, 4000.751, 449.8665, 493.9152, 433.4565, 373.2271, 1483.9, 0.08030599, 79.94894, 588.9028, 776.8574, 264.1615, 383.6394, 922.712, 1800.367, 1551.402, 2670.02, 1742.127, 677.3716, 1326.277, 134.07, 161.9242
316.3, 3812.81, 426.5205, 466.022, 414.9018, 349.0811, 1714.774, 0.07656499, 117.8482, 556.1245, 790.5908, 381.3611, 514.5353, 976.8772, 1848.506, 1537.624, 2671.15, 1705.501, 720.8693, 1264.267, 128.3662, 154.508
316.4, 3777.747, 404.386, 561.2284, 483.7423, 326.4973, 1740.176, 0.07299826, 201.1291, 525.1706, 750.8275, 446.7177, 610.8851, 936.7247, 1786.038, 1671.161, 2660.2, 1630.671, 684.9798, 1304.623, 122.905, 147.4315
316.5, 3716.702, 383.4003, 529.5339, 463.0351, 387.8517, 1855.52, 0.06959769, 191.7239, 495.9396, 713.0641, 421.8124, 578.3483, 1025.005, 1764.884, 1597.822, 2744.461, 1801.175, 676.0012, 1243.626, 117.6761, 140.6792
316.6, 3664.581, 363.5035, 591.1533, 443.2142, 362.7596, 1872.74, 227.0895, 258.1296, 468.3357, 709.082, 648.1338, 665.8817, 996.0402, 1949.177, 1601.076, 2762.188, 1869.841, 642.3455, 1326.629, 112.6697, 134.236
316.7, 3492.432, 344.6394, 599.5229, 567.3831, 353.0552, 1982.269, 216.5107, 246.0589, 442.2681, 673.4183, 987.9927, 630.4157, 1042.313, 2207.941, 1748.186, 2730.916, 2014.934, 632.6331, 1318.736, 107.8763, 128.088
316.8, 3328.37, 326.7542, 565.6658, 543.0955, 437.9554, 1955.526, 206.4247, 273.4604, 417.6515, 639.5483, 1219.526, 602.4858, 999.4708, 2220.928, 1736.061, 2819.856, 1969.026, 898.0135, 1287.39, 103.2868, 122.2216
316.9, 3358.886, 309.7971, 704.2715, 519.8475, 450.8318, 1852.166, 196.8085, 260.6728, 394.4051, 607.3818, 1364.408, 596.5297, 1072.808, 2303.98, 1722.931, 2776.534, 2034.996, 853.3046, 1411.716, 98.89261, 116.6238
317, 3392.515, 293.72, 664.4988, 578.7472, 481.4502, 2063.823, 187.6404, 248.4832, 372.4525, 707.1515, 1328.093, 564.7576, 1028.712, 2288.357, 1741.93, 2839.542, 1945.709, 1073.944, 1455.124, 94.68533, 111.2824
317.1, 3233.147, 304.3221, 626.9723, 604.0121, 468.6731, 2087.439, 425.4673, 236.8636, 504.1516, 671.5848, 1513.439, 534.6776, 986.4292, 2288.656, 1665.486, 2781.915, 1860.339, 1075.387, 1403.232, 90.65705, 106.1857
317.2, 3170.436, 400.0303, 629.4922, 578.1566, 438.3522, 2093.764, 405.6472, 225.7873, 476.0906, 667.6833, 1819.905, 506.1998, 945.884, 2719.51, 1592.397, 2827.853, 1798.778, 1129.182, 1337.625, 86.80015, 101.3223
317.3, 3137, 438.5862, 593.9426, 553.4078, 471.0438, 2075.392, 386.7504, 262.3469, 449.5914, 634.1017, 2177.036, 602.0867, 990.0383, 2795.668, 1561.615, 2806.512, 1968.474, 1190.716, 1275.084, 83.10733, 96.68177
317.4, 2989.635, 415.8255, 788.8911, 529.7184, 481.0981, 2176.266, 368.7339, 266.7997, 424.5672, 669.8064, 2150.058, 570.0186, 1065.522, 3050.639, 1554.879, 2737.405, 2013.097, 1131.435, 1215.469, 79.57162, 92.25373
317.5, 2927.683, 394.2461, 761.9597, 507.0432, 455.6301, 2265.35, 351.5566, 254.3235, 484.0334, 733.9142, 2030.188, 539.6584, 1126.068, 3163.465, 1537.764, 2844.001, 1924.771, 1075.104, 1239.078, 76.18634, 88.0285
317.6, 2927.573, 373.7865, 829.3105, 526.6764, 426.153, 2479.5, 335.1796, 372.9235, 462.2035, 697.0015, 2234.783, 510.9153, 1155.154, 3339.21, 1602.436, 2759.399, 1840.32, 1021.579, 1181.145, 72.94508, 83.99678
317.7, 2790.046, 354.3887, 846.4202, 504.1313, 398.5829, 2405.338, 319.5655, 355.4848, 492.7354, 661.9454, 2199.146, 483.703, 1210.207, 3188.975, 1541.536, 2857.45, 1833.996, 970.7181, 1199.327, 69.84171, 80.14971
317.8, 2658.98, 335.9976, 798.6199, 482.5513, 443.4937, 2322.358, 304.6788, 421.8866, 465.3097, 628.6524, 2085.788, 457.9402, 1258.968, 3249.223, 1520.746, 2759.31, 1766.717, 922.3895, 1143.253, 66.87037, 76.47884
317.9, 2690.895, 318.5608, 810.2117, 461.8951, 414.8018, 2285.462, 290.4855, 402.1582, 613.5236, 597.0339, 2259.916, 589.3604, 1303.645, 3103.037, 1602.174, 2799.731, 1800.498, 876.467, 1089.801, 64.02544, 72.9761
318, 2632.039, 302.029, 764.4562, 442.123, 387.9661, 2260.674, 276.9535, 383.3524, 579.3749, 567.0057, 2133.921, 565.4233, 1440.106, 2997.458, 1621.145, 2674.487, 1721.5, 860.4748, 1115.269, 61.30155, 69.63379
318.1, 2508.395, 286.355, 721.2847, 536.8372, 362.8666, 2354.012, 264.0518, 365.4261, 547.127, 538.4878, 2184.421, 535.3079, 1527.452, 2862.599, 1606.765, 2726.444, 1718.996, 817.6348, 1063.125, 58.69355, 329.0686
318.2, 2390.56, 271.4945, 696.3754, 513.8572, 353.2036, 2478.905, 251.7511, 348.338, 653.1135, 511.4042, 2062.635, 506.7964, 1673.808, 2922.405, 1636.568, 2666.453, 1643.573, 776.9277, 1073.893, 56.1965, 402.3831
318.3, 2285.788, 257.4052, 657.0486, 491.8608, 330.353, 2500.302, 240.0235, 344.886, 616.7612, 485.6828, 1947.64, 479.8036, 1702.355, 2991.736, 1663.472, 2854.296, 1615.967, 738.2472, 1023.683, 53.80568, 383.9539
318.4, 2194.247, 244.047, 710.071, 577.8133, 376.5791, 2640.52, 228.8421, 328.7584, 582.4323, 461.2551, 1839.055, 454.2485, 1632.383, 2889.687, 1590.471, 2826.7, 1715.201, 815.7794, 975.8215, 51.51657, 366.3687
318.5, 2227.8, 231.3821, 754.5547, 590.188, 352.2162, 2561.583, 218.1817, 313.3849, 578.268, 438.0559, 1736.525, 437.4663, 1807.707, 2889.273, 1592.213, 2728.167, 1687.593, 775.1647, 962.2047, 49.32486, 349.589
318.6, 2214.283, 219.3744, 711.9423, 644.6841, 329.4295, 2543.544, 208.0179, 298.7304, 546.0817, 416.0236, 1639.71, 414.1661, 1786.217, 2842.187, 1522.339, 2753.369, 1613.549, 736.572, 1198.046, 47.22639, 333.5778
318.7, 2110.264, 207.9899, 762.1867, 617.0875, 308.117, 2418.823, 198.3275, 284.7611, 613.3504, 395.0995, 1578.401, 392.1069, 1712.798, 2851.898, 1744.699, 2647.138, 1542.753, 699.9006, 1203.048, 45.21719, 318.2998
318.8, 2011.132, 197.1962, 739.7725, 590.6723, 288.1833, 2439.273, 189.0885, 271.4451, 579.2114, 375.2277, 1490.403, 427.9232, 1805.938, 2750.307, 1668.134, 2666.701, 1572.556, 665.0551, 1195.273, 43.29348, 303.7216
318.9, 1916.656, 186.9626, 697.995, 565.3878, 326.2621, 2461.489, 180.28, 458.8476, 546.9725, 356.3553, 1589.741, 405.1313, 1817.01, 2761.654, 1633.559, 2780.955, 1503.559, 631.9443, 1201.579, 41.45161, 500.6722
319, 1973.623, 264.3091, 769.1422, 541.1857, 388.8494, 2331.386, 171.8817, 437.3909, 516.528, 338.4322, 1501.11, 483.9848, 1794.131, 2686.746, 1607.357, 2656.55, 1497.901, 600.4821, 1253.663, 39.6881, 477.7414
319.1, 1964.974, 250.5927, 725.706, 645.3718, 363.6927, 2299.324, 163.8748, 458.4376, 777.7192, 321.4106, 1520.83, 458.2069, 1720.387, 2565.866, 1579.484, 2610.411, 1432.179, 570.5862, 1195.049, 37.99961, 455.8607
319.2, 1872.666, 237.588, 684.7228, 617.7458, 362.2533, 2268.614, 156.2408, 437, 734.4314, 305.245, 1436.041, 524.3011, 1649.674, 2563.281, 1510.169, 2589.256, 1369.341, 542.1787, 1139.175, 36.38296, 434.9823
319.3, 1784.695, 225.2583, 646.0541, 591.3024, 338.8172, 2148.706, 148.9624, 416.565, 795.5638, 289.8925, 1355.979, 496.3759, 1725.099, 2450.92, 1597.666, 2512.897, 1309.26, 515.1855, 1134.124, 34.83509, 415.06
319.4, 1909.176, 213.5684, 696.2383, 565.9909, 357.1025, 2035.135, 142.0231, 397.0855, 751.2828, 415.03, 1280.381, 490.1292, 1726.834, 2340.65, 1527.553, 2400.484, 1335.313, 489.5363, 1100.913, 33.35307, 396.0502
319.5, 1819.49, 208.3949, 692.7814, 541.7629, 333.9997, 1940.102, 135.407, 378.5169, 709.4664, 394.1558, 1208.997, 464.0241, 1716.527, 2245.188, 1733.118, 2413.083, 1276.725, 465.164, 1060.018, 31.9341, 377.9111
319.6, 1734.017, 202.8702, 653.6576, 518.5721, 312.3915, 1957.808, 129.0992, 360.8167, 863.7611, 493.3404, 1141.594, 439.3094, 1809.266, 2256.424, 1693.861, 2362.144, 1220.708, 442.0051, 1118.357, 30.5755, 360.6027
319.7, 1694.951, 251.1551, 616.7433, 496.3739, 319.6142, 1854.328, 123.0852, 343.9441, 912.3119, 555.6431, 1264.785, 415.911, 1862.952, 2274.451, 1634.47, 2256.474, 1254.37, 419.9993, 1066.069, 29.2747, 344.087
319.8, 1615.328, 238.1213, 581.9136, 475.1259, 447.0607, 1756.316, 117.3514, 327.8605, 1313.665, 686.8453, 1194.271, 393.7589, 1934.719, 2211.075, 1701.644, 2313.987, 1199.333, 550.0488, 1016.225, 28.02924, 328.3278
319.9, 1620.549, 251.7063, 549.051, 454.7875, 418.138, 1798.037, 111.8846, 312.5291, 1390.311, 688.1936, 1127.688, 462.479, 1912.714, 2224.218, 1640.934, 2251.473, 1260.313, 522.6639, 968.7123, 26.83677, 313.2903
320, 1644.204, 286.8538, 518.0441, 435.3198, 391.0865, 1733.208, 106.6726, 361.6105, 1483.758, 672.5538, 1121.677, 504.7409, 1976.181, 2237.711, 1568.922, 2168.25, 1205.016, 496.6423, 923.4206, 312.416, 298.9416
320.1, 1566.965, 337.5585, 592.1257, 416.6853, 402.6406, 1687.846, 101.7033, 469.889, 1585.321, 716.6917, 1059.141, 477.8575, 2114.17, 2171.782, 1587.076, 2092.061, 1180.191, 471.9163, 1042.507, 299.1246, 285.25
320.2, 1559.811, 320.0407, 558.6863, 398.8486, 376.5917, 1664.832, 96.96552, 478.607, 1543.661, 680.6452, 1000.092, 452.406, 2128.669, 2158.188, 1517.428, 2086.323, 1279.962, 448.4212, 1037.338, 352.4505, 272.1855
320.3, 1486.536, 303.4321, 762.3073, 381.7753, 352.228, 1576.837, 92.44844, 546.4335, 1544.63, 646.4117, 986.712, 428.3101, 2198.272, 2083.554, 1692.184, 2087.097, 1223.803, 426.0959, 1029.688, 337.4559, 259.7194
320.4, 1416.704, 287.6854, 719.2571, 365.4329, 355.4762, 1493.493, 88.14179, 520.881, 1458.656, 613.9, 931.701, 405.4976, 2254.078, 2112.371, 1617.923, 2090.593, 1170.108, 404.8821, 1016.821, 323.0992, 247.8242
320.5, 1350.153, 278.7408, 678.6381, 349.7901, 332.4786, 1503.664, 84.03577, 496.5235, 1507.727, 583.0234, 1056.046, 383.9001, 2265.638, 2090.022, 1546.921, 1997.071, 1118.768, 384.7245, 969.2797, 309.3533, 236.4738
320.6, 1325.117, 264.2754, 712.1428, 480.4701, 310.9688, 1424.187, 80.12102, 473.305, 1423.807, 553.6999, 997.1696, 363.4529, 2342.113, 1995.99, 1515.326, 1957.224, 1162.813, 365.5704, 923.9615, 296.1922, 225.6433
320.7, 1340.151, 250.5607, 734.86, 459.9029, 351.0231, 1455.787, 76.38863, 451.1722, 1344.558, 525.8512, 941.5756, 344.0948, 2254.182, 1906.188, 1448.827, 1950.317, 1111.794, 347.37, 898.9757, 283.591, 215.3088
320.8, 1277.196, 285.6956, 693.3599, 440.2162, 328.3136, 1378.841, 72.83012, 430.0745, 1325.554, 499.4032, 889.0811, 325.7677, 2387.326, 1935.012, 1407.036, 1863.07, 1063.013, 330.0757, 955.5914, 271.5259, 205.4476
320.9, 1225.09, 288.228, 654.2035, 421.3721, 307.0733, 1391.088, 69.43739, 409.9633, 1404.446, 474.2854, 839.5132, 308.4167, 2322.417, 1942.494, 1345.288, 1797.386, 1203.337, 313.6424, 910.9132, 259.9742, 196.0381
321, 1167.54, 273.2703, 617.2584, 403.3347, 388.052, 1349.115, 66.20269, 418.5981, 1326.274, 450.4309, 878.5314, 291.99, 2226.959, 1876.177, 1321.962, 1790.202, 1150.539, 298.0273, 868.3239, 248.9139, 187.0595
321.1, 1112.693, 381.297, 582.3996, 386.0695, 362.9469, 1277.807, 63.11868, 399.0235, 1381.192, 427.7762, 829.5517, 276.4381, 2246.136, 1791.765, 1290.302, 1738.145, 1212.521, 283.1895, 827.7258, 238.3241, 178.4921
321.2, 1109.197, 361.5094, 549.5095, 369.5432, 345.7514, 1261.192, 60.17834, 380.3643, 1423.911, 437.7487, 783.3027, 261.7145, 2299.553, 1850.831, 1233.677, 1660.39, 1159.32, 269.0905, 857.1368, 228.1849, 170.3172
321.3, 1100.814, 351.2967, 524.355, 413.6817, 323.3829, 1194.531, 57.37497, 362.5777, 1344.656, 415.7318, 739.6321, 247.7751, 2438.593, 1767.56, 1249.533, 1633.839, 1108.454, 255.6935, 817.0618, 218.477, 162.5166
321.4, 1049.102, 333.066, 494.7428, 395.9735, 334.6599, 1131.394, 54.7022, 345.6227, 1269.813, 394.8223, 698.3963, 234.5782, 2442.491, 1688.036, 1502.565, 1698.73, 1059.82, 242.9634, 778.8605, 297.6869, 155.0733
321.5, 1029.904, 381.114, 466.803, 379.0233, 313.009, 1071.594, 52.15393, 329.4607, 1408.862, 411.3513, 659.4595, 222.0842, 2342.097, 1612.089, 1436.626, 1622.738, 1013.32, 230.8671, 742.4452, 285.0222, 147.9709
321.6, 981.5233, 361.3359, 579.05, 362.7987, 401.3075, 1110.717, 49.72438, 314.0544, 1330.445, 485.0687, 622.6934, 242.2951, 2418.72, 1649.726, 1449.477, 1550.145, 1137.206, 219.3731, 720.3438, 272.8962, 141.1939
321.7, 935.4149, 342.5842, 546.3491, 347.2686, 375.3448, 1052.009, 47.408, 299.3685, 1349.343, 460.6718, 587.9771, 229.3901, 2457.33, 1575.503, 1449.384, 1480.8, 1104.418, 208.4513, 761.0964, 261.2861, 134.7272
321.8, 891.4725, 324.8057, 515.4948, 332.4033, 351.0618, 996.4049, 45.19954, 285.3694, 1509.66, 597.405, 555.1964, 252.5436, 2551.27, 1544.81, 1520.121, 1414.557, 1055.96, 198.0732, 725.5117, 250.17, 128.5566
321.9, 849.5943, 345.4536, 486.383, 318.1743, 333.7188, 943.7396, 43.09394, 272.0249, 1879.086, 605.3865, 524.2432, 410.7318, 2591.021, 1571.644, 1453.411, 1439.437, 1303.854, 188.2119, 793.3434, 239.5268, 122.6687
322, 842.8936, 451.4448, 458.9153, 341.5654, 320.6964, 928.1707, 41.08644, 259.3044, 1957.48, 574.9382, 495.0157, 447.9491, 2570.058, 1630.231, 1389.629, 1375.044, 1380.348, 178.8414, 865.5696, 347.8014, 117.0505
322.1, 833.6698, 428.0168, 432.9987, 326.9443, 299.9489, 918.5052, 39.17246, 247.1788, 2168.158, 546.0214, 467.4176, 496.0586, 2647.951, 1578.95, 1425.935, 1313.532, 1319.784, 169.9376, 825.1003, 479.8867, 111.6895
322.2, 802.0278, 405.8047, 433.4411, 312.949, 280.5436, 869.9573, 37.34764, 235.6202, 2173.713, 518.5588, 441.3582, 469.6376, 2617.208, 1507.911, 1363.358, 1384.472, 1261.877, 161.477, 786.5231, 459.4705, 106.5742
322.3, 767.5461, 384.7453, 408.9632, 318.1376, 262.3938, 823.9754, 35.60783, 224.6021, 2062.326, 492.4776, 416.7517, 444.6239, 2576.505, 1524.143, 1402.938, 1322.538, 1262.972, 153.4376, 798.7582, 439.9228, 101.693
322.4, 731.4896, 364.7788, 441.4102, 304.5193, 247.334, 852.4932, 33.94906, 235.8538, 1947.537, 531.2868, 393.5171, 420.9425, 2741.139, 1455.57, 1342.07, 1298.883, 1250.726, 145.7985, 761.4126, 421.2068, 97.03548
322.5, 791.8245, 345.8484, 437.6738, 291.4839, 268.0814, 807.4344, 32.36757, 268.3191, 1951.034, 504.5654, 371.5778, 398.5224, 2794.444, 1414.527, 1346.854, 1240.778, 1195.85, 138.5397, 725.8131, 403.287, 92.59125
322.6, 772.9691, 327.9005, 569.1269, 329.5343, 250.7378, 764.7571, 30.85975, 281.5695, 1881.532, 479.188, 350.8617, 377.2964, 2741.734, 1350.886, 1343.401, 1185.272, 1276.797, 131.6423, 691.8781, 386.1296, 88.35056
322.7, 736.6578, 310.8839, 536.9863, 315.4282, 234.5163, 724.3356, 29.42216, 268.4027, 1854.212, 455.0869, 331.3005, 357.201, 2856.319, 1365.432, 1384.745, 1263.585, 1220.777, 125.0883, 838.6277, 369.7021, 84.30408
322.8, 702.0522, 294.7505, 506.6608, 301.9258, 219.3442, 686.0506, 28.05155, 255.8516, 1824.007, 432.198, 312.8299, 338.1758, 2795.266, 1335.641, 1323.976, 1207.059, 1237.769, 118.8606, 799.4181, 353.9736, 80.44295
322.9, 686.4184, 279.4543, 501.91, 289.0015, 205.1537, 806.6875, 26.74479, 243.8875, 1808.557, 449.985, 295.3891, 320.164, 2723.039, 1277.661, 1265.874, 1153.062, 1263.536, 112.943, 762.0417, 338.9142, 76.75865
323, 654.1729, 264.9518, 554.5792, 276.6304, 201.7669, 764.0497, 25.4989, 232.4827, 1707.892, 450.5509, 447.5454, 303.1115, 2851.794, 1220.177, 1210.322, 1230.691, 1354.372, 107.3199, 726.4128, 324.4954, 73.2431
323.1, 623.4423, 251.2021, 573.6694, 345.4065, 252.8527, 723.6656, 24.31105, 221.6113, 1731.605, 437.781, 422.5939, 286.9673, 2777.281, 1165.28, 1306.316, 1175.636, 1502.425, 101.9768, 774.8253, 310.6901, 69.88855
323.2, 626.6561, 300.4385, 541.2723, 349.8394, 236.4943, 685.416, 23.17854, 223.4645, 1684.568, 415.7625, 433.8309, 271.683, 2695.602, 1368.844, 1309.831, 1208.251, 1436.505, 96.89978, 738.5987, 297.4722, 66.68764
323.3, 609.927, 284.8471, 510.7047, 396.8603, 280.2193, 732.1568, 22.09879, 253.5382, 1590.805, 394.8514, 409.6441, 257.2126, 2848.684, 1307.259, 1420.787, 1154.2, 1373.477, 92.07549, 767.856, 284.8166, 63.63334
323.4, 581.2748, 331.8935, 532.2288, 390.8706, 262.0904, 751.7944, 21.06933, 241.6822, 1528.128, 390.0491, 386.8057, 243.5131, 2925.006, 1313.495, 1358.436, 1102.568, 1313.215, 87.49137, 779.7847, 272.6993, 60.71893
323.5, 553.9686, 393.6161, 502.172, 407.8908, 252.6615, 810.2205, 20.08783, 230.3806, 1443.072, 370.4313, 365.2405, 263.9255, 3035.5, 1348.539, 1381.053, 1072.335, 1297.485, 83.13548, 743.3262, 261.0977, 57.93799
323.6, 571.0458, 420.0765, 473.8126, 390.4305, 354.4722, 767.3959, 19.15205, 219.6075, 1362.751, 452.4168, 357.381, 292.5219, 2917.727, 1332.828, 1326.586, 1024.364, 1285.5, 78.99646, 708.5724, 249.9895, 55.28442
323.7, 544.2201, 527.1369, 463.3873, 373.7177, 331.5396, 744.7369, 18.25986, 209.3382, 1414.472, 436.4585, 421.4894, 297.5675, 2905.062, 1334.568, 1359.115, 1031.782, 1370.026, 75.06351, 675.4434, 239.354, 52.75238
323.8, 522.5688, 593.5532, 554.2493, 357.7202, 378.1634, 705.3736, 17.40924, 323.5356, 1335.743, 414.5065, 397.9906, 293.5045, 2889.915, 1319.333, 1368.179, 1012.051, 1355.418, 71.32636, 643.8634, 229.171, 50.33632
323.9, 503.1063, 615.7073, 526.5881, 342.4075, 353.6981, 668.0908, 16.59824, 308.4064, 1377.53, 414.4012, 375.8019, 290.9201, 2861.922, 1324.758, 1308.137, 1000.068, 1891.367, 67.77528, 622.2747, 219.4212, 48.03091
324, 479.4722, 617.0646, 496.8498, 327.7503, 330.8155, 632.7786, 15.82503, 293.9846, 1374.606, 505.1781, 354.8503, 303.2959, 2844.996, 1458.294, 1250.73, 1041.887, 2436.657, 64.40099, 593.1805, 210.0861, 45.83109
324.1, 456.9483, 659.4066, 468.791, 313.7205, 309.4133, 599.3329, 15.08783, 280.2373, 1614.083, 516.8994, 376.3293, 287.1418, 2872.828, 1480.129, 1195.842, 995.2783, 3204.463, 61.19469, 733.9409, 201.1483, 43.73201
324.2, 435.4825, 625.1864, 442.3167, 300.2913, 289.3958, 567.6549, 14.38497, 276.8545, 1546.771, 490.9016, 368.2857, 346.5275, 3065.06, 1415.712, 1143.363, 950.7549, 3533.199, 58.14803, 746.5954, 192.5906, 41.72908
324.3, 452.7507, 619.55, 447.1349, 339.6832, 321.3331, 537.6513, 13.71486, 263.9082, 1497.047, 476.0981, 599.7137, 523.0908, 3029.428, 1419.408, 1093.187, 953.3138, 3682.436, 55.25304, 846.0631, 184.3971, 39.81788
324.4, 431.4821, 587.3983, 487.8137, 355.0616, 342.5034, 509.2336, 13.07596, 357.6539, 1708.835, 495.5475, 584.9666, 495.2301, 3006.117, 1370.508, 1045.213, 967.3411, 3805.07, 52.50219, 887.348, 176.5521, 37.99422
324.5, 411.2127, 556.915, 588.9728, 397.8688, 320.3451, 482.3178, 12.46683, 340.9293, 1876.31, 641.0142, 900.4694, 516.4505, 2966.311, 1492.966, 1137.652, 973.0068, 3887.056, 49.88829, 1137.942, 169.0409, 247.6973
324.6, 391.8954, 528.0136, 555.7114, 574.1313, 299.6203, 476.7794, 362.8522, 324.9867, 1977.385, 646.6501, 1212.483, 764.6191, 3107.891, 1743.852, 1087.92, 929.4797, 4013.215, 47.40453, 1125.972, 161.8492, 516.6765
324.7, 373.4856, 500.6121, 682.562, 565.775, 292.3133, 464.6756, 345.9489, 425.9201, 1982.36, 762.0676, 1269.375, 790.9526, 2980.147, 1955.322, 1091.386, 1011.296, 4064.714, 45.04442, 1203.441, 154.9635, 493.0127
324.8, 455.7819, 474.6326, 719.7984, 541.5562, 368.3465, 440.115, 329.8332, 462.7459, 2079.735, 723.739, 1198.605, 787.0647, 2972.677, 2384.292, 1144.312, 1148.401, 4183.964, 42.80182, 1232.259, 361.9815, 470.4326
324.9, 434.3709, 450.0014, 684.4247, 611.7573, 344.5163, 416.8526, 314.4681, 441.1069, 2167.149, 708.2996, 1131.78, 831.9236, 2926.37, 2666.554, 1094.094, 1203.688, 4415.295, 40.67087, 1174.646, 510.9702, 448.8867
325, 421.8903, 426.6483, 649.0907, 585.5703, 322.2277, 394.8197, 299.8188, 474.3681, 2046.526, 672.6752, 1068.682, 787.6139, 2969.755, 2849.219, 1046.08, 1156.009, 4667.273, 38.64601, 1346.327, 649.0805, 428.3276
325.1, 456.5132, 437.3848, 616.2581, 560.5042, 301.3811, 373.9513, 285.852, 452.1856, 2014.63, 638.8426, 1009.101, 844.1443, 2920.617, 2869.185, 1195.489, 1240.612, 4704.926, 36.72196, 1283.38, 621.4661, 408.7102
325.2, 435.0679, 481.0035, 636.6545, 536.511, 281.8832, 354.186, 272.5357, 431.0404, 1902.496, 634.3372, 952.8416, 799.1838, 2833.066, 2740.097, 1143.026, 1185.114, 4498.493, 34.89371, 1259.187, 595.0266, 389.9912
325.3, 414.63, 456.0416, 600.7004, 513.545, 286.1165, 335.4653, 259.8398, 410.8841, 1796.603, 602.4328, 899.7189, 767.7719, 2959.104, 2729.459, 1092.864, 1206.26, 4395.532, 33.15648, 1200.314, 569.7118, 372.1295
325.4, 416.1263, 469.281, 621.7216, 491.562, 267.6062, 317.7342, 247.7354, 456.9403, 1696.604, 572.1331, 849.558, 726.8791, 2947.215, 2642.365, 1044.904, 1177.892, 4412.635, 31.50573, 1144.194, 545.4741, 355.0859
325.5, 466.6344, 491.6465, 641.0161, 470.5201, 369.1154, 300.9402, 236.1948, 471.5787, 1617.744, 543.3572, 802.1936, 688.1642, 2972.689, 2599.682, 1079.401, 1161.299, 4358.994, 29.93717, 1090.698, 522.2675, 338.8229
325.6, 476.3911, 487.0847, 604.8157, 450.3788, 372.0532, 285.0339, 225.1918, 543.5466, 1690.038, 516.0287, 757.4698, 651.5115, 2909.006, 2494.797, 1032.032, 1175.922, 4427.646, 28.44671, 1039.703, 500.0482, 323.3048
325.7, 454.012, 461.8073, 604.1854, 431.0998, 347.9831, 269.9684, 214.7014, 640.6773, 1595.971, 490.0747, 715.2396, 616.8109, 2789.437, 2497.677, 1263.34, 1123.318, 4261.434, 27.03045, 991.0918, 478.7742, 308.4974
325.8, 432.6842, 437.8416, 570.0649, 412.646, 343.6816, 255.6991, 204.6997, 610.7178, 1507.139, 597.5115, 675.3636, 583.9584, 2750.047, 2437.106, 1207.899, 1209.584, 4133.733, 25.6847, 944.7538, 458.4052, 294.3682
325.9, 412.3582, 415.1196, 537.8714, 452.7466, 321.4471, 242.184, 195.1639, 599.2996, 1423.252, 774.4147, 637.7109, 552.8558, 2885.39, 2572.083, 1154.891, 1192.989, 4073.56, 24.40595, 900.5823, 438.9029, 280.886
326, 392.9872, 393.5768, 507.4959, 433.3662, 300.651, 229.3833, 186.0723, 625.2184, 1365.658, 785.1533, 602.1574, 523.4098, 2865.875, 2456.362, 1112.956, 1202.918, 4040.583, 23.19086, 858.476, 420.2303, 268.0214
326.1, 374.526, 373.1519, 525.3619, 414.8154, 281.2003, 217.2591, 177.4043, 595.9818, 1289.646, 745.6635, 568.5861, 495.5321, 2779.389, 2345.847, 1064.115, 1235.471, 3985.983, 22.03627, 818.3383, 402.352, 255.746
326.2, 378.8969, 353.787, 675.8129, 397.0587, 306.8031, 205.7758, 169.14, 568.1124, 1308.557, 708.1599, 536.8864, 559.0984, 2665.148, 2372.253, 1017.416, 1244.123, 4402.556, 20.93917, 780.0773, 385.2344, 244.0328
326.3, 361.0977, 335.4271, 637.6474, 380.062, 381.1381, 194.8995, 161.2608, 556.4393, 1235.723, 672.5425, 506.954, 645.9764, 2654.65, 2378.914, 972.7673, 1188.467, 5061.21, 19.89668, 974.2079, 368.845, 232.856
326.4, 344.1346, 380.3985, 601.6372, 363.793, 382.4484, 184.598, 153.7485, 530.419, 1259.787, 638.7165, 478.6904, 611.5706, 2714.226, 2428.062, 930.0778, 1135.302, 5116.155, 18.90609, 952.0673, 353.1529, 222.1912
326.5, 327.9684, 431.4295, 567.6606, 348.2203, 357.7058, 174.841, 146.5863, 505.6155, 1289.208, 606.5919, 452.0025, 578.9973, 2806.738, 2321.842, 889.2617, 1142.168, 5244.767, 17.96483, 924.1792, 338.1284, 212.0148
326.6, 312.5616, 514.2652, 642.4247, 333.3143, 388.5909, 165.5997, 139.7577, 481.9718, 1217.45, 576.0829, 426.8026, 548.1589, 2833.972, 2335.818, 1077.86, 1160.328, 5277.392, 17.07042, 880.9696, 323.7431, 202.3045
326.7, 297.8786, 487.5772, 630.8287, 319.0463, 363.451, 156.8469, 133.2471, 459.4337, 1149.687, 547.1085, 403.0076, 518.9631, 2941.091, 2230.727, 1072.323, 1108.422, 5074.391, 16.22054, 839.7803, 507.0139, 193.0389
326.8, 283.8853, 462.2741, 647.7316, 346.0861, 339.9374, 148.5567, 127.0399, 437.9496, 1151.182, 519.5913, 380.5392, 491.3222, 2820.203, 2259.021, 1206.59, 1117.488, 5025.191, 15.41298, 800.5167, 485.4435, 184.1977
326.9, 270.5494, 438.2842, 611.1519, 352.838, 317.9451, 140.7047, 121.1218, 417.4702, 1103.174, 493.4581, 359.3234, 465.1536, 2704.285, 2157.385, 1163.711, 1134.761, 4804.707, 14.64562, 763.0889, 464.7909, 175.7614
327, 257.84, 415.5392, 640.2946, 401.2518, 297.3756, 133.2677, 115.4795, 397.9483, 1126.36, 529.8972, 339.2905, 471.4002, 2663.763, 2112.283, 1112.642, 1083.998, 4751.782, 13.91647, 792.2737, 445.0169, 167.7115
327.1, 245.7276, 393.9746, 661.1538, 384.0757, 278.1368, 126.2237, 110.0999, 379.3394, 1063.667, 503.2457, 320.3745, 573.7755, 2704.969, 2059.171, 1107.435, 1035.506, 4664.834, 13.22362, 755.2313, 426.0841, 160.0303
327.2, 234.1842, 486.2325, 630.6621, 367.6349, 260.1427, 119.5521, 104.971, 361.6007, 1004.463, 569.327, 302.513, 569.1384, 2618.255, 2010.571, 1058.836, 989.1827, 4812.504, 12.56526, 791.0573, 407.9568, 152.7009
327.3, 223.1831, 460.9993, 595.0464, 400.9336, 243.3127, 113.2332, 100.081, 369.5266, 948.5551, 569.6406, 285.6474, 674.2041, 2671.751, 1990.312, 1012.369, 1037.234, 4742.361, 11.93968, 817.2806, 390.6008, 145.7072
327.4, 212.6987, 437.0755, 582.4694, 456.316, 227.5716, 107.2482, 95.41881, 352.2468, 1126.14, 540.9901, 477.2857, 907.5609, 2764.154, 2207.218, 970.5447, 990.8338, 4981.729, 11.34525, 936.0819, 373.9831, 139.0338
327.5, 202.7069, 414.3933, 549.5753, 482.0499, 212.8488, 101.5796, 90.97379, 412.8464, 1158.301, 513.7806, 450.6762, 951.5607, 2715.88, 2351.586, 969.67, 1033.792, 5175.804, 10.78041, 1012.286, 394.7359, 132.666
327.6, 193.1845, 392.8882, 732.4786, 494.6385, 199.0785, 96.21053, 86.73583, 460.502, 1155.999, 716.862, 425.5502, 932.4371, 2723.771, 2539.92, 927.1165, 1092.568, 5058.139, 10.24369, 996.0697, 377.9423, 433.8852
327.7, 184.1094, 372.4991, 691.113, 473.4648, 186.1991, 91.12528, 82.6953, 438.968, 1091.656, 680.8069, 401.825, 882.7739, 2779.559, 2780.385, 886.4303, 1043.692, 5238.504, 9.733692, 1014.317, 481.7879, 414.0132
327.8, 175.4606, 353.1681, 652.0835, 453.1975, 192.4852, 86.30882, 78.843, 418.4409, 1030.895, 707.3188, 379.4225, 900.2417, 2732.948, 2669.569, 920.966, 1034.965, 5317.88, 9.249086, 966.8928, 461.2908, 395.0514
327.9, 167.2181, 334.8402, 662.2531, 433.7978, 277.707, 81.74694, 75.17016, 398.8737, 1035.41, 671.7438, 472.9007, 852.2933, 2627.228, 2764.83, 880.5497, 988.6662, 5101.711, 8.788608, 921.6862, 441.6657, 376.9579
328, 159.3628, 332.2686, 624.8534, 517.3008, 266.518, 95.27611, 71.66841, 380.2215, 977.7789, 657.839, 446.5356, 806.8987, 2646.32, 2756.574, 841.9072, 981.043, 4932.679, 8.351054, 878.5932, 472.3672, 359.6932
328.1, 151.8765, 315.0253, 639.329, 495.157, 249.2755, 90.24026, 68.32979, 362.4415, 925.1766, 649.1844, 421.6405, 846.6429, 2748.38, 2676.548, 804.9604, 937.1565, 5132.809, 7.935285, 837.515, 452.2709, 343.2192
328.2, 144.7419, 298.6769, 603.2238, 473.9612, 354.4371, 85.47057, 65.14669, 345.493, 902.4473, 649.3743, 504.4976, 812.4785, 2777.927, 2704.587, 779.5197, 994.0963, 5066.789, 7.540215, 901.0836, 600.5802, 327.4997
328.3, 137.9424, 294.2147, 569.1577, 453.6726, 332.2238, 80.953, 62.11188, 329.3369, 1012.013, 642.1451, 476.3709, 870.8102, 2762.587, 2780.483, 854.44, 949.6258, 5215.689, 7.164815, 858.9539, 575.0292, 312.5002
328.4, 131.4624, 278.9463, 569.962, 434.2526, 310.7305, 76.67419, 59.21844, 313.9364, 1029.375, 656.0276, 449.8124, 880.047, 2717.146, 2714.931, 816.9432, 978.6406, 4986.846, 6.808104, 818.7939, 643.3431, 298.1876
328.5, 125.2868, 264.4702, 537.7742, 415.6638, 379.3047, 72.62155, 56.45979, 299.2561, 990.0643, 643.5514, 424.7345, 889.4885, 2934.452, 2688.004, 781.092, 957.2511, 5134.873, 6.469153, 886.7308, 615.9728, 284.5306
328.6, 119.4012, 250.7455, 507.4042, 469.6145, 354.7655, 68.78311, 53.82965, 285.2622, 934.9574, 691.8079, 401.0548, 861.4692, 2813.838, 2567.067, 746.814, 925.3972, 4909.576, 6.147077, 845.2721, 589.7669, 271.499
328.7, 113.7922, 245.6008, 526.2656, 449.512, 331.8138, 65.14755, 51.32203, 271.9227, 942.6049, 657.0129, 378.6953, 815.5859, 2814.5, 2533.27, 880.6992, 925.6796, 4694.165, 5.841035, 935.0732, 564.6759, 259.0643
328.8, 130.3058, 232.8553, 519.355, 430.2701, 310.3471, 61.70415, 48.93123, 259.207, 1037.953, 678.2943, 357.5823, 772.1464, 2818.849, 2548.618, 842.05, 884.2697, 4752.529, 5.550231, 891.3543, 540.6524, 247.1991
328.9, 190.279, 220.7711, 490.0252, 461.8994, 290.2691, 67.6085, 46.6518, 247.086, 980.1809, 644.179, 337.6465, 731.0205, 2819.345, 2440.663, 857.8774, 886.4811, 4631.591, 5.273905, 849.6794, 517.6509, 235.8774
329, 181.3404, 209.3141, 462.3517, 442.1272, 347.0408, 64.03503, 44.47856, 235.5317, 935.2367, 681.7999, 318.8221, 692.0851, 2892.105, 2446.469, 820.2298, 910.5229, 4594.262, 5.011336, 809.9531, 495.6281, 225.0742
329.1, 172.8216, 198.4517, 513.1909, 423.2014, 324.5889, 60.65043, 42.40656, 224.5177, 1126.541, 729.8681, 301.0472, 655.2235, 2814.393, 2399.127, 784.2343, 954.6548, 4733.091, 4.761839, 772.0841, 474.5421, 214.7657
329.2, 164.7031, 188.1529, 567.4432, 482.334, 399.5692, 84.46699, 40.43108, 214.0188, 1063.837, 693.1589, 284.2632, 620.3252, 2727.51, 2321.747, 880.3745, 911.9487, 5125.166, 4.524765, 822.562, 454.3532, 204.9294
329.3, 156.966, 196.2787, 599.9374, 461.6871, 373.719, 80.00246, 38.54763, 204.0108, 1117.083, 669.2315, 268.4151, 791.3042, 2889.258, 2434.985, 841.7396, 879.5006, 5185.984, 4.299492, 784.1035, 435.0233, 195.5436
329.4, 153.9648, 186.0927, 615.5985, 514.6368, 349.5411, 75.7739, 36.75191, 194.4708, 1310.483, 635.5721, 253.4504, 749.158, 2867.679, 2355.639, 804.8002, 912.7382, 5410.452, 4.085436, 747.4431, 416.5157, 186.5877
329.5, 179.4454, 234.676, 742.1151, 492.6071, 326.9275, 71.76884, 35.03985, 185.3769, 1276.235, 619.1851, 239.3201, 709.2566, 2906.687, 2272.115, 912.5314, 910.6434, 5415.609, 3.882036, 712.4967, 398.7955, 178.0419
329.6, 171.0157, 222.4974, 700.2053, 471.5204, 305.7769, 108.8788, 33.40754, 176.7083, 1205.2, 588.0428, 225.9776, 711.827, 2921.24, 2169.889, 872.4853, 869.9062, 5184.706, 3.688764, 679.1843, 381.8292, 169.8876
329.7, 162.982, 210.9508, 660.6622, 451.3363, 285.9946, 103.124, 31.85127, 168.445, 1283.314, 731.1487, 213.3789, 673.9139, 2993.527, 2072.264, 834.1966, 830.9914, 5131.834, 3.505113, 647.4293, 365.5847, 162.1067
329.8, 155.3257, 200.0034, 694.3547, 432.0163, 303.995, 97.6733, 30.3675, 160.5682, 1249.798, 812.2812, 201.4827, 643.6917, 2870.484, 1979.03, 797.5882, 793.8174, 5185.357, 3.330606, 699.5159, 350.0313, 154.6822
329.9, 148.0291, 200.5154, 655.142, 413.5232, 284.328, 92.51074, 28.95285, 153.0597, 1180.234, 868.5525, 190.2496, 609.4075, 2850.684, 2001.55, 804.2294, 812.6198, 4957.845, 3.164787, 666.8104, 335.1396, 147.5977
330, 141.0752, 200.0826, 618.1439, 395.8218, 265.9333, 87.62106, 27.6041, 145.9023, 1367.026, 845.4953, 179.6429, 576.9495, 2781.901, 2093.68, 768.936, 851.4909, 4922.48, 3.007224, 635.634, 320.8815, 140.8377
330.1, 134.448, 189.6992, 583.2351, 378.8781, 266.9554, 82.98981, 26.31819, 139.0796, 1290.937, 802.9706, 169.6275, 546.2202, 2958.404, 2240.3, 796.888, 820.7532, 4865.098, 2.857505, 605.9152, 307.2299, 134.3873
330.2, 128.1321, 179.8546, 550.2978, 362.6598, 249.6847, 78.60336, 25.09217, 132.5759, 1219.083, 857.2682, 160.1704, 527.9361, 3011.345, 2226.646, 803.3898, 824.1458, 4701.822, 2.71524, 577.5859, 294.1591, 128.2324
330.3, 168.6985, 170.521, 604.4219, 448.5191, 282.0003, 74.44875, 23.92327, 126.3764, 1151.229, 868.9576, 151.2406, 499.8173, 2924.767, 2282.987, 768.1334, 787.278, 4673.784, 2.580057, 550.5812, 281.6445, 122.3593
330.4, 160.7736, 161.6718, 592.4149, 429.3196, 271.2273, 70.51373, 22.80882, 120.4667, 1145.887, 947.4022, 142.8087, 626.5662, 2853.874, 2375.927, 734.4241, 818.3708, 4468.718, 2.451606, 545.8188, 269.6622, 116.7553
330.5, 153.221, 153.2817, 645.5416, 410.942, 279.8961, 66.78671, 21.74629, 114.8334, 1223.482, 899.752, 134.8469, 593.1942, 2780.54, 2311.189, 890.9324, 781.7614, 4567.822, 2.329549, 520.2993, 258.1898, 111.4079
330.6, 146.0233, 145.3271, 609.0856, 393.3511, 261.7882, 219.7606, 20.73325, 109.4636, 1172.496, 854.4984, 127.3289, 561.5997, 2852.774, 2266.685, 851.8342, 810.7267, 4367.405, 141.8605, 495.9729, 247.2054, 106.3054
330.7, 139.1636, 137.7853, 622.003, 376.5132, 244.8517, 376.7319, 19.76741, 104.3448, 1107.235, 811.5208, 120.2301, 531.6879, 2873.233, 2269.47, 850.8782, 1179.352, 4341.01, 150.1737, 472.7839, 236.6883, 101.4366
330.8, 220.8922, 135.8123, 594.0247, 394.2467, 229.011, 476.0276, 18.84656, 99.46545, 1045.606, 814.5308, 113.5271, 635.6028, 2755.134, 2187.941, 813.5377, 1274.024, 4328.268, 142.6971, 474.4791, 226.6187, 96.79074
330.9, 210.5154, 171.8674, 597.6273, 425.47, 297.5897, 522.1226, 17.9686, 94.81422, 987.408, 797.1062, 107.1977, 601.7496, 2866.244, 2089.503, 777.8359, 1217.031, 4138.362, 157.0792, 533.295, 216.9774, 92.35771
331, 208.4737, 178.9533, 642.2227, 407.2572, 278.337, 543.9152, 17.13155, 90.38051, 932.4489, 915.6772, 101.2213, 569.6993, 2782.223, 2100.018, 905.2701, 1185.616, 4171.801, 149.2588, 541.6078, 363.9101, 88.12772
331.1, 329.7683, 171.9945, 615.4154, 389.824, 260.33, 586.0815, 16.33348, 86.15412, 1027.255, 891.5533, 95.57799, 539.3562, 2776.448, 2005.535, 902.8217, 1194.246, 4025.524, 175.1702, 611.7761, 348.428, 84.09145
331.2, 377.3375, 174.8496, 580.6608, 373.1371, 284.4301, 636.6853, 15.5726, 82.12537, 970.0777, 945.7559, 90.24934, 568.1422, 2796.014, 1929.857, 909.8347, 1191.833, 3977.597, 166.4491, 657.0967, 333.6045, 80.24005
331.3, 359.6115, 165.7757, 547.8688, 357.1645, 266.0289, 603.0331, 14.84716, 78.285, 1047.156, 1284.913, 85.21778, 537.882, 2932.68, 1976.756, 869.9069, 1138.517, 3990.437, 158.1622, 626.3745, 319.4117, 76.56505
331.4, 342.7183, 157.1727, 614.4421, 341.8755, 248.8181, 571.1595, 14.15552, 74.62423, 988.8712, 1972.437, 80.46674, 570.9333, 2812.138, 1887.819, 831.7314, 1101.134, 3815.354, 150.2879, 597.0886, 305.8226, 73.05836
331.5, 326.6186, 149.0162, 653.2925, 327.2411, 232.7208, 540.9707, 13.49609, 71.13464, 933.8307, 2426.04, 75.98057, 540.5244, 2808.201, 1978.875, 795.2311, 1051.875, 3868.151, 142.8056, 569.172, 292.8117, 69.71227
331.6, 311.2753, 141.2829, 616.3987, 313.2331, 217.6649, 512.3775, 12.86739, 67.80823, 881.8537, 2569.938, 71.74451, 568.0383, 2707.218, 1927.679, 760.3327, 1004.82, 3705.04, 135.6958, 542.5606, 280.3544, 66.51944
331.7, 296.6527, 133.951, 581.5886, 299.8248, 203.583, 525.6432, 12.26797, 64.63737, 832.7698, 2458.41, 67.74463, 537.7836, 2748.553, 1878.752, 803.4597, 959.8699, 3668.821, 128.94, 517.1934, 268.427, 63.47284
331.8, 282.717, 150.1769, 618.9904, 354.5223, 190.4122, 736.8525, 11.69647, 61.61478, 801.4404, 2382.048, 63.96774, 509.1404, 2719.305, 1794.225, 768.2002, 967.2303, 3531.205, 306.6972, 628.5742, 257.0071, 60.56577
331.9, 269.436, 157.0031, 584.0338, 339.3465, 178.0934, 759.8086, 11.1516, 58.73354, 799.9894, 2262.241, 60.40142, 482.0227, 2782.676, 1713.501, 786.4251, 923.9617, 3532.154, 291.4278, 599.1855, 246.073, 57.79185
332, 270.7502, 148.8553, 600.8165, 324.8203, 166.5716, 719.6486, 10.63211, 55.98703, 755.4621, 2242.468, 57.03394, 456.3493, 2888.864, 1719.604, 787.5516, 901.0824, 3427.1, 276.9187, 594.3324, 235.6041, 55.14497
332.1, 258.0313, 141.1304, 566.8863, 310.9159, 155.7952, 881.7871, 10.13682, 53.36896, 713.4131, 2300.181, 53.85419, 432.0434, 2770.123, 1642.237, 785.6641, 860.7729, 3372.758, 263.1319, 687.1506, 225.5806, 52.61933
332.2, 257.1323, 155.2994, 536.1308, 359.0785, 145.716, 835.1799, 9.664604, 50.87331, 740.5615, 2364.773, 50.85172, 409.032, 2669.677, 1668.417, 751.1855, 822.2666, 3303.043, 250.0315, 655.0232, 261.2665, 50.20935
332.3, 250.7978, 147.2401, 588.9129, 379.8663, 247.6812, 866.2648, 9.214385, 48.49437, 719.9103, 2245.835, 48.01665, 390.8595, 2739.588, 1645.047, 718.22, 840.8716, 3202.978, 237.5833, 624.3979, 272.6826, 47.90976
332.4, 239.0163, 139.599, 555.6549, 465.6715, 231.6574, 936.5049, 8.785139, 46.22667, 679.8401, 2412.154, 45.33963, 370.0417, 2792.552, 1571.035, 686.7012, 803.2556, 3363.865, 225.7549, 595.2045, 261.0817, 45.71548
332.5, 227.7881, 132.3544, 524.2751, 445.7378, 221.6492, 928.4022, 8.37589, 44.06501, 642.0002, 2290.833, 42.81187, 350.3326, 2881.922, 1633.232, 656.5656, 767.3223, 3216.273, 214.5153, 567.376, 301.1721, 43.62171
332.6, 217.0875, 181.6226, 619.277, 426.6574, 207.3096, 879.3311, 7.985705, 42.00443, 606.2665, 2175.614, 40.42503, 331.6733, 2966.898, 1659.473, 663.3578, 838.5855, 3095.866, 203.8354, 540.8486, 327.2306, 41.62383
332.7, 206.8895, 172.1973, 660.8157, 429.1526, 193.8977, 842.705, 7.613697, 40.04021, 819.3441, 2201.788, 38.17126, 318.0828, 2844.95, 1632.053, 634.2466, 807.5474, 3015.134, 193.6871, 597.5666, 372.7283, 39.71745
332.8, 216.7094, 226.3994, 623.4971, 491.8931, 181.3534, 798.1635, 7.259018, 38.16785, 773.7394, 2215.673, 36.04314, 361.1001, 2842.002, 1558.625, 606.413, 851.1055, 2938.58, 184.0441, 569.6276, 356.871, 37.89839
332.9, 412.0994, 214.6503, 588.2861, 470.837, 241.5814, 755.9763, 6.920862, 36.38303, 730.6731, 2104.234, 34.03367, 452.1244, 2742.558, 1608.373, 730.4827, 922.7007, 2904.301, 174.8812, 542.9949, 341.6883, 36.16264
333, 441.697, 275.7412, 555.0635, 501.107, 225.9523, 787.7415, 6.598458, 34.68168, 885.8452, 1998.401, 32.13623, 503.8671, 2787.795, 1654.404, 698.4257, 881.4241, 2821.712, 166.1745, 517.6075, 327.1516, 34.50638
333.1, 511.1761, 321.898, 660.2493, 479.6564, 212.9709, 815.6837, 6.291074, 33.05989, 912.2029, 2618.424, 30.34458, 477.0303, 2763.216, 1686.489, 691.1649, 841.994, 2919.747, 157.9013, 507.1688, 313.2333, 32.92598
333.2, 487.1629, 317.8772, 622.9628, 627.5509, 258.2386, 860.8879, 5.998008, 31.51394, 999.4285, 3146.755, 28.65282, 451.6228, 2974.25, 1682.501, 660.8334, 804.3278, 3177.538, 150.0399, 483.4563, 299.9071, 31.41797
333.3, 464.2778, 339.6095, 791.3025, 656.0087, 241.5318, 815.3854, 5.718595, 30.04028, 949.7946, 3358.371, 27.05537, 833.9008, 2953.431, 1697.194, 730.1202, 852.2144, 3357.755, 142.57, 461.4324, 287.1479, 29.97902
333.4, 448.7581, 321.9854, 746.6149, 754.0703, 225.9058, 926.3818, 5.452198, 28.63553, 896.9291, 3369.328, 25.54699, 789.4858, 2990.414, 1756.067, 754.5554, 814.0909, 3319.282, 135.4719, 439.8583, 274.9315, 28.60598
333.5, 451.3548, 312.9545, 777.4617, 721.7913, 391.3965, 1034.142, 5.198211, 27.29647, 847.006, 3199.865, 24.1227, 747.4365, 3064.001, 1818.451, 762.73, 777.673, 3233.04, 128.7273, 650.8574, 347.8143, 27.29582
333.6, 503.1048, 296.7136, 788.607, 690.894, 366.075, 1063.723, 4.956056, 26.02003, 799.8618, 3045.449, 22.77781, 707.6267, 2972.159, 1790.179, 808.8618, 829.0822, 3238.838, 122.3184, 620.4269, 333.017, 26.04567
333.7, 714.6135, 281.3155, 744.0716, 661.3194, 392.2997, 1011.968, 4.725182, 24.80328, 755.3415, 3078.946, 21.50791, 729.5363, 2867.124, 1831.052, 849.3604, 791.9935, 3291.178, 116.2286, 591.4191, 318.8491, 24.85277
333.8, 681.0435, 266.7165, 702.0513, 633.0107, 366.9198, 958.4799, 4.505062, 23.64342, 887.3391, 2981.138, 20.30881, 690.6799, 3042.34, 1748.671, 937.5521, 756.5641, 3146.775, 110.442, 563.7676, 438.2683, 23.71451
333.9, 649.0505, 252.8751, 662.404, 605.9139, 343.1818, 907.819, 4.295197, 22.5378, 837.9498, 2831.199, 19.17655, 653.8931, 2960.594, 1698.426, 896.408, 722.7195, 3121.611, 104.9435, 537.4089, 419.6227, 22.62838
334, 637.3549, 351.6699, 630.8466, 579.9769, 320.9796, 859.8359, 4.095108, 21.48389, 791.3096, 2688.802, 18.10743, 619.0657, 2838.905, 1735.773, 857.0695, 743.647, 3035.824, 99.71871, 512.2826, 401.7703, 21.592
334.1, 607.4143, 333.4199, 614.9402, 555.1503, 300.2138, 846.4557, 3.90434, 20.47925, 777.0466, 2694.874, 17.0979, 694.9985, 2722.218, 1657.679, 988.6656, 710.3802, 3072.378, 94.75407, 488.3311, 384.6775, 20.60308
334.2, 578.8802, 404.5835, 580.2124, 531.3864, 289.748, 926.1038, 3.722459, 19.5216, 773.4529, 2740.506, 16.14466, 657.9818, 2776.142, 1604.315, 945.2784, 678.6017, 3079.047, 90.03661, 581.0988, 368.3118, 19.65946
334.3, 551.6865, 383.5875, 547.4458, 508.6396, 271.0027, 877.1542, 3.549051, 18.60873, 730.4026, 2745.758, 15.24457, 748.5659, 2681.093, 1658.268, 924.8297, 648.2448, 3009.184, 85.554, 553.9298, 352.6424, 18.75905
334.4, 525.7702, 363.6811, 572.8567, 537.302, 349.8131, 853.2723, 3.383721, 17.73854, 817.1852, 2650.161, 14.39466, 758.2968, 2711.477, 1679.663, 884.2439, 619.2458, 3107.042, 81.29457, 546.5108, 337.6396, 17.89989
334.5, 501.0714, 369.3397, 540.5055, 514.3021, 327.1819, 808.1723, 3.226093, 16.90905, 771.7007, 2547.388, 13.59213, 717.9086, 2773.133, 1611.196, 845.4391, 591.5442, 3074.979, 77.2472, 520.9589, 323.2751, 17.08007
334.6, 477.5329, 350.1726, 509.9813, 492.2867, 310.7889, 765.4561, 3.075807, 16.11835, 728.7479, 2419.265, 12.83434, 679.6716, 2778.376, 1821.27, 808.3373, 565.0817, 2940.061, 73.40134, 602.5162, 342.8345, 16.2978
334.7, 465.7711, 332.0002, 566.7414, 471.2137, 290.6824, 741.8589, 2.932523, 15.36462, 688.1859, 2297.587, 12.11881, 643.4711, 2664.177, 1746.763, 772.8638, 664.4221, 2909.848, 69.74695, 574.3459, 348.4573, 15.55136
334.8, 443.8908, 422.4634, 569.1708, 451.0428, 335.4626, 702.6476, 2.795913, 14.64613, 656.0506, 2222.557, 11.44316, 609.1988, 2669.496, 1668.175, 738.9469, 639.0919, 2871.134, 66.2745, 547.4926, 356.0784, 14.8391
334.9, 445.5049, 1047.207, 537.0278, 504.2179, 355.5742, 665.5089, 2.665668, 13.96125, 619.5349, 2138.869, 10.80518, 576.7518, 2664.556, 1593.121, 706.5185, 663.4559, 2825.454, 62.97493, 524.0311, 451.3076, 14.15947
335, 539.3742, 1767.294, 558.5845, 482.6342, 340.4061, 630.3332, 2.54149, 13.30839, 585.0516, 2031.293, 10.20278, 546.033, 2562.256, 1536.012, 849.0348, 633.7765, 2769.427, 59.83963, 499.5302, 432.1072, 13.51096
335.1, 622.9417, 2169.242, 527.0393, 461.9744, 318.3835, 597.0167, 2.423096, 12.68606, 554.2473, 2071.408, 9.633953, 516.9504, 2519.828, 1581.231, 811.7752, 605.4248, 2647.916, 56.86042, 555.9899, 413.7237, 12.89216
335.2, 688.1599, 2706.052, 497.2755, 442.199, 297.7856, 607.8093, 2.310218, 12.09283, 589.2026, 2010.766, 9.096843, 489.4167, 2719.291, 1662.842, 776.1508, 578.3414, 2804.917, 54.02954, 529.9948, 459.5336, 12.3017
335.3, 941.5188, 2869.527, 633.0429, 423.2701, 278.5203, 575.6833, 2.202598, 11.52735, 614.1819, 1909.633, 8.589678, 472.3176, 2607.52, 1658.964, 742.0897, 671.5801, 2856.732, 51.33961, 505.2151, 511.543, 11.73828
335.4, 897.2897, 2972.283, 690.1027, 405.1514, 379.7902, 545.2553, 2.099991, 10.9883, 689.5089, 1913.74, 8.110787, 580.4976, 2673.951, 1709.794, 709.5233, 727.6396, 2825.579, 48.78359, 505.4747, 489.78, 11.20066
335.5, 984.4996, 3155.733, 651.1302, 453.5732, 355.2196, 516.4356, 2.002165, 10.47447, 651.1308, 1817.487, 7.658597, 549.5793, 2654.058, 1656.745, 887.0054, 740.6918, 2857.795, 46.35483, 481.8414, 516.0595, 10.68767
335.6, 938.2513, 3225.177, 638.6183, 526.9006, 332.2386, 489.1392, 1.908895, 9.984658, 651.0101, 1873.952, 7.231616, 520.3078, 2699.567, 1604, 848.0795, 707.5573, 2787.84, 44.04699, 459.3132, 494.1043, 10.19817
335.7, 894.1757, 3521.002, 637.1621, 504.3459, 371.1513, 464.7791, 1.819971, 9.517754, 614.775, 1883.416, 6.82844, 492.5953, 2694.271, 1563.001, 944.0478, 675.9051, 2868.352, 41.85405, 449.3567, 473.0832, 9.731096
335.8, 930.4161, 3473.935, 668.7632, 482.7567, 347.1396, 440.213, 1.735188, 9.072682, 608.2395, 2248.627, 6.447742, 466.3589, 2583.528, 1632.794, 914.8779, 645.6688, 3054.401, 39.77028, 483.0191, 452.9564, 9.285411
335.9, 886.7086, 3507.519, 677.7957, 462.0916, 405.9904, 475.0753, 1.654356, 8.648424, 605.0509, 2171.13, 6.088269, 497.1799, 2606.895, 1734.636, 1133.068, 616.7851, 3620.236, 37.79026, 460.4357, 433.6859, 8.860138
336, 845.0542, 3325.494, 639.5182, 442.3112, 379.7248, 535.5138, 1.577289, 8.244005, 571.3738, 2294.448, 231.3669, 470.6992, 2634.417, 1771.634, 1377.106, 589.1935, 3997.273, 35.90882, 438.9083, 415.2352, 8.454342
336.1, 805.3566, 3288.676, 695.2405, 494.5508, 355.1584, 524.0882, 1.503812, 7.858498, 539.5712, 2410.073, 227.0889, 530.3039, 2663.874, 1691.926, 1401.423, 632.1916, 3996.545, 34.12104, 429.3815, 397.5695, 8.067132
336.2, 767.5239, 3542.864, 705.4343, 473.3809, 332.1814, 603.5749, 1.433758, 7.491017, 509.5387, 2288.857, 214.4282, 561.9023, 2683.054, 1704.489, 1542.231, 641.0806, 4116.369, 32.42228, 409.306, 444.7536, 248.3712
336.3, 870.1202, 3870.14, 738.3991, 527.7657, 357.9867, 571.6727, 1.366967, 7.140721, 521.839, 2385.973, 271.8857, 605.853, 2572.772, 1787.598, 1705.322, 629.2641, 4197.464, 30.80809, 502.6634, 468.9227, 236.9958
336.4, 893.24, 4287.973, 696.6992, 505.174, 334.8267, 541.4567, 1.303288, 6.806806, 492.7935, 2283.336, 256.7275, 573.5842, 2601.899, 1803.2, 1810.836, 694.367, 4159.504, 29.27426, 539.9988, 448.9729, 226.1413
336.5, 1145.004, 4595.539, 657.3541, 483.5494, 313.165, 512.8378, 1.242575, 6.488504, 607.1699, 2168.495, 242.4145, 620.2889, 2494.953, 1938.691, 2124.04, 679.4933, 4348.545, 27.8168, 685.3855, 429.8718, 426.6921
336.6, 1211.49, 4481.535, 651.8527, 589.8748, 419.9572, 485.7316, 1.184691, 6.185088, 672.58, 2174.425, 228.8995, 742.675, 2619.704, 1937.302, 2231.35, 813.8547, 4403.437, 26.4319, 691.2219, 498.4153, 468.3419
336.7, 1369.464, 4555.963, 615.0403, 586.285, 443.8776, 539.5482, 1.129503, 5.89586, 635.1442, 2207.335, 216.1379, 792.9145, 2570.416, 1862.192, 2311.784, 862.8715, 4519.189, 25.11595, 684.1294, 613.0862, 563.5538
336.8, 1305.131, 4480.63, 731.6216, 586.5551, 481.0074, 511.0302, 1.076886, 5.620157, 649.7845, 2213.172, 204.0878, 750.6825, 2582.049, 1795.796, 2210.332, 963.5248, 4320.906, 23.86552, 703.0253, 587.0031, 586.8571
336.9, 1486.57, 4303.522, 694.7064, 561.4468, 449.8886, 491.2866, 1.02672, 5.357346, 613.6175, 2101.859, 192.7096, 710.6999, 2608.697, 1790.252, 2113.333, 920.422, 4131.323, 22.67734, 722.1171, 562.0297, 582.4859
337, 1721.377, 4203.379, 720.5285, 550.3274, 526.3751, 497.0388, 0.9788907, 5.106825, 579.4636, 2064.123, 213.553, 672.8468, 2681.509, 1780.35, 2147.447, 909.8017, 4052.894, 21.54831, 839.6915, 538.1188, 555.808
337.1, 1784.632, 4054.579, 763.5818, 526.7699, 492.3211, 560.8868, 0.9332897, 4.868019, 547.2106, 2062.264, 201.6471, 902.566, 2617.806, 1708.494, 2189.534, 869.1021, 4013.733, 20.4755, 802.468, 515.2251, 611.8163
337.2, 1709.597, 3844.165, 720.4597, 592.3439, 585.7269, 531.241, 0.8898131, 4.640379, 516.7529, 2206.698, 190.4049, 854.4938, 2766.715, 1649.116, 2127.504, 976.8054, 4014.95, 19.4561, 836.3823, 493.3054, 583.795
337.3, 1755.822, 3644.67, 802.0925, 566.9878, 547.8332, 503.162, 0.8483617, 4.423385, 487.9905, 2151.841, 179.7895, 808.982, 2716.71, 1574.921, 2034.14, 933.1085, 4081.604, 18.48745, 797.2776, 472.3183, 557.0571
337.4, 1673.34, 3595.028, 756.7955, 542.7171, 512.3911, 476.5672, 0.8088414, 4.216538, 460.8289, 2080.808, 169.7659, 765.8942, 2605.046, 1588.642, 1944.872, 891.3663, 3902.521, 17.56702, 831.1417, 452.224, 531.5438
337.5, 1594.733, 3423.978, 813.4935, 651.3165, 479.2418, 451.3781, 0.7711621, 4.019363, 435.1792, 2013.983, 230.4159, 725.1014, 2730.429, 1646.409, 1859.522, 851.4914, 3780.294, 16.69242, 1075.805, 506.0445, 507.199
337.6, 1879.249, 3256.213, 767.5527, 669.989, 484.4368, 427.5203, 0.735238, 3.831409, 410.9572, 1912.688, 217.5698, 686.4813, 2800.643, 1698.055, 1921.47, 852.784, 3614.43, 15.86137, 1025.506, 484.5154, 483.9692
337.7, 1888.193, 3202.794, 724.2064, 641.3093, 463.1125, 404.9236, 0.7009875, 3.652244, 388.0833, 1979.657, 205.4399, 649.9181, 2685.528, 1657.011, 1837.147, 814.6351, 3455.844, 15.07169, 977.5593, 463.9022, 645.6852
337.8, 1825.947, 3036.584, 773.2801, 651.8325, 433.1513, 383.5212, 0.6683325, 3.481457, 366.4826, 1979.238, 193.9863, 615.3024, 2575.145, 1595.092, 1970.116, 858.3522, 3471.257, 14.32132, 1049.879, 444.166, 616.1127
337.9, 1808.806, 2975.6, 892.4738, 729.2261, 405.1285, 363.25, 300.3283, 3.318657, 346.0842, 1902.992, 268.7193, 582.5303, 2586.855, 1776.294, 2045.244, 819.9542, 3318.952, 13.60831, 1013.215, 532.9879, 699.2618
338, 1723.835, 2821.18, 844.5977, 789.0986, 378.9187, 344.0503, 492.0768, 3.163469, 326.8212, 1807.279, 253.7377, 551.5038, 2607.985, 1745.4, 2066.129, 816.834, 3220.455, 12.9308, 1198.599, 537.3438, 704.7796
338.1, 1642.855, 2764.299, 796.9003, 826.845, 389.6501, 361.2581, 469.1537, 3.015539, 308.6303, 1786.777, 239.5914, 522.1298, 2611.936, 1705.112, 1975.457, 841.6967, 3157.606, 12.28702, 1224.889, 514.4831, 672.5006
338.2, 1646.672, 2620.845, 876.4597, 791.4508, 488.133, 342.1637, 447.2985, 2.874526, 291.452, 1696.91, 226.2337, 494.3203, 2605.138, 1638.868, 1888.765, 804.0438, 3217.209, 11.6753, 1451.635, 546.5733, 641.7
338.3, 1684.789, 2661.117, 826.9629, 757.5717, 456.5531, 324.0785, 426.4614, 2.740107, 275.2298, 1773.805, 213.6208, 467.9919, 2668.654, 1695.34, 1805.877, 768.0753, 3131.337, 11.09403, 1383.765, 523.3199, 697.687
338.4, 1730.232, 2640.058, 867.3079, 805.173, 477.5723, 306.9492, 406.595, 2.611973, 259.9105, 1766.446, 201.711, 443.0659, 2597.634, 1619.064, 1749.354, 800.0653, 3144.334, 10.54169, 1350.416, 667.4033, 665.7328
338.5, 1841.499, 2503.051, 875.0689, 797.7564, 446.6757, 290.7253, 387.6541, 2.489832, 245.4439, 1872.013, 190.4653, 419.4674, 2737.366, 1546.221, 1995.828, 783.6166, 3069.611, 10.01686, 1379.965, 711.2715, 635.2421
338.6, 1815.506, 2561.08, 1027.986, 801.1949, 637.9374, 275.3589, 369.5955, 2.373402, 231.7825, 1840.437, 246.5347, 397.1259, 2624.852, 1501.047, 1908.242, 748.5618, 2934.93, 9.518156, 1489.33, 681.0112, 606.1479
338.7, 1976.315, 2521.43, 998.1379, 766.8987, 601.7023, 260.8047, 352.3781, 2.262416, 218.8815, 1879.65, 232.7899, 375.9742, 2800.976, 1600.445, 1924.832, 715.0753, 2984.151, 9.044281, 1419.697, 652.0384, 578.3863
338.8, 2202.104, 2496.889, 1012.333, 734.0706, 562.7751, 247.0198, 335.9628, 2.156621, 206.6986, 1785.112, 219.8114, 355.9492, 2886.36, 1570.836, 1991.7, 822.7294, 2853.219, 8.593998, 1353.32, 624.2982, 616.6125
338.9, 2371.888, 2456.724, 1092.211, 702.6477, 526.3663, 233.9635, 320.3122, 2.055773, 195.1937, 1695.329, 303.6703, 336.9908, 2767.722, 1618.336, 1904.295, 879.1727, 2954.339, 8.166133, 1290.046, 597.7381, 588.3716
339, 2468.665, 2404.952, 1060.016, 672.5699, 492.3129, 221.5972, 305.3907, 1.95964, 184.3293, 1610.061, 312.3778, 319.0421, 2744.336, 1545.525, 1958.649, 979.929, 2941.733, 7.75957, 1229.73, 572.308, 613.3814
339.1, 2361.888, 2293.519, 1000.153, 643.7797, 515.8744, 209.8846, 291.1643, 1.868003, 174.0695, 1679.268, 462.5307, 302.0493, 2631.535, 1555.711, 1872.694, 963.613, 2871.179, 7.373249, 1172.235, 547.9598, 585.2885
339.2, 2299.929, 2200.758, 971.6939, 616.2219, 527.1995, 198.7911, 277.6006, 1.780651, 164.3808, 1653.456, 436.7438, 285.9617, 2710.43, 1489.677, 1790.512, 920.5062, 2745.204, 7.006161, 1117.427, 524.6475, 678.7855
339.3, 2230.766, 2086.549, 1018.786, 655.887, 565.426, 202.6766, 264.6688, 1.697384, 155.2314, 1812.626, 412.3946, 270.7309, 2658.043, 1422.654, 1728.358, 879.3278, 2816.868, 6.657349, 1065.183, 502.3269, 647.697
339.4, 2463.606, 2075.881, 1071.517, 627.8109, 528.8457, 191.964, 252.3394, 1.618011, 146.5912, 1734.258, 389.4028, 256.3113, 2718.615, 1533.858, 1689.05, 904.0925, 2805.338, 6.325903, 1015.381, 591.6258, 618.0324
339.5, 2347.875, 1968.153, 1046.104, 637.4009, 494.6319, 181.8177, 240.5843, 1.542349, 138.4319, 2052.357, 367.6929, 242.6597, 2895.489, 1477.719, 1614.927, 914.7107, 2682.251, 6.010959, 1161.685, 566.4557, 614.9628
339.6, 2380.832, 1878.863, 1161.136, 610.1161, 462.6316, 172.2077, 229.3769, 1.470225, 187.8707, 2718.386, 412.5823, 229.7353, 2803.833, 1501.551, 1591.369, 990.2164, 2728.072, 5.711695, 1107.371, 542.3565, 682.5762
339.7, 2268.989, 1841.204, 1095.563, 583.9993, 432.7016, 163.1056, 218.6915, 1.401474, 359.0202, 3089.137, 460.0738, 217.4992, 2860.771, 1507.768, 1553.47, 945.9195, 2687.718, 5.42733, 1085.731, 519.2825, 728.1205
339.8, 2304.607, 1799.214, 1222.825, 690.7693, 404.7079, 154.4846, 208.5039, 1.335938, 340.1923, 3030.373, 509.7953, 205.9148, 2796.558, 1580.299, 1485.297, 930.3013, 2703.958, 5.157122, 1205.099, 497.1902, 815.0421
339.9, 2234.038, 1705.843, 1153.768, 661.2, 460.5172, 146.3192, 198.7909, 1.273467, 374.0901, 3122.177, 730.2086, 194.9474, 2721.061, 1596.343, 1420.115, 968.6166, 2585.319, 4.900367, 1253.338, 476.0378, 777.7131
340, 2172.092, 1902.478, 1088.61, 679.5259, 430.7239, 138.5855, 189.5304, 1.213917, 353.2683, 3105.337, 689.4982, 184.5642, 2915.715, 1712.988, 1359.313, 925.2859, 2471.886, 4.656395, 1233.901, 455.7853, 799.8232
340.1, 2070.055, 2143.474, 1317.099, 714.8345, 523.8209, 131.2605, 180.7012, 1.157152, 333.6054, 3068.394, 772.5371, 174.734, 2816.554, 1656.88, 1299.66, 883.8937, 2363.43, 4.42457, 1423.505, 436.3945, 763.1912
340.2, 2050.183, 2190.368, 1242.718, 684.235, 543.5753, 124.3227, 172.2834, 1.103041, 315.037, 3052.369, 802.8617, 165.4274, 2859.273, 1738.201, 1242.625, 844.3531, 2276.651, 4.204287, 1356.95, 417.8286, 865.3801
340.3, 2048.071, 2205.573, 1244.092, 718.6591, 508.4086, 117.7515, 164.2577, 1.05146, 297.502, 2973.318, 758.1007, 156.6164, 2899.889, 1659.998, 1437.43, 834.2936, 2399.618, 3.99497, 1452.341, 400.0525, 825.7455
340.4, 1951.86, 2167.68, 1327.432, 687.8959, 475.517, 150.3021, 156.6059, 1.002292, 280.9431, 2919.724, 872.2794, 148.2748, 2780.695, 1585.312, 1374.349, 796.9719, 2499.188, 3.796075, 1384.438, 383.0327, 787.9263
340.5, 1860.169, 2160.404, 1307.67, 658.4496, 544.4003, 142.3578, 149.3105, 0.9554222, 265.3058, 3095.679, 934.9628, 140.3774, 2712.803, 1550.335, 1314.036, 782.0856, 2485.514, 3.607082, 1563.064, 366.737, 751.8391
340.6, 1772.785, 2103.161, 1291.358, 722.0391, 671.1193, 134.8334, 142.3549, 0.9107446, 250.5389, 3081.011, 882.8369, 132.9007, 2809.847, 1516.23, 1449.936, 747.0994, 2434.242, 3.427498, 1595.041, 610.9091, 717.4048
340.7, 1692.994, 2308.591, 1218.431, 691.1313, 627.7011, 207.8034, 135.7234, 0.8681562, 236.5939, 3040.965, 833.6172, 125.8221, 2853.976, 1562.787, 1447.009, 737.8528, 2327.437, 3.256855, 1716.192, 584.9186, 684.5475
340.8, 1665.104, 2670.723, 1149.622, 707.3406, 587.0919, 196.8199, 129.4009, 0.8275594, 223.4251, 2983.38, 787.1415, 119.1206, 2758.794, 1492.476, 1421.462, 704.8453, 2411.852, 3.094708, 1635.952, 560.0339, 653.1952
340.9, 1586.883, 2625.351, 1084.698, 677.062, 627.9385, 186.4169, 123.3728, 0.7888609, 210.9893, 2833.329, 743.257, 112.7761, 2842.229, 1425.327, 1359.082, 714.0752, 2306.03, 2.940633, 1559.464, 536.2079, 623.2787
341, 1633.958, 2601.943, 1093.086, 668.2365, 593.5066, 176.5638, 117.6256, 0.751972, 199.2456, 2780.427, 782.9047, 106.7694, 2784.36, 1370.036, 1346.01, 682.1313, 2243.834, 2.79423, 1665.762, 513.3955, 594.7325
341.1, 1675.526, 2466.914, 1116.359, 743.1826, 555.1096, 167.2314, 112.1461, 0.7168082, 188.1556, 2640.583, 750.3571, 101.0827, 2753.047, 1523.903, 1357.851, 651.6165, 2377.468, 2.655115, 1659.259, 491.5537, 567.4937
341.2, 1636.66, 2373.702, 1114.192, 748.3336, 519.1967, 188.7068, 106.9218, 0.6832887, 177.6829, 2524.954, 708.5233, 95.69887, 2798.721, 1455.341, 1370.249, 622.4667, 2273.154, 2.522926, 1762.553, 470.6411, 541.5024
341.3, 1559.775, 2251.898, 1051.27, 746.2507, 485.6071, 178.7327, 101.9409, 0.6513366, 167.7931, 2397.96, 669.0219, 90.60178, 2750.123, 1389.864, 1427.373, 638.9766, 2211.017, 2.397318, 1747.16, 450.6182, 516.7015
341.4, 1577.982, 2139.817, 991.9007, 714.3064, 462.8292, 169.2857, 97.19209, 0.6208787, 158.4537, 2454.167, 658.4149, 85.77618, 2753.908, 1327.332, 1364.733, 630.9213, 2223.613, 2.277964, 1665.472, 589.931, 493.0365
341.5, 1503.854, 2076.995, 935.8846, 683.7296, 498.9271, 160.338, 92.66447, 0.591845, 149.6342, 2374.513, 697.2905, 81.20759, 2716.642, 1413.749, 1484.926, 602.6973, 2126.05, 2.164553, 1587.604, 564.8331, 470.4553
341.6, 1433.209, 1969.208, 961.4722, 654.4616, 466.649, 151.8633, 88.34776, 0.564169, 141.3056, 2297.265, 658.4153, 76.88233, 2666.67, 1489.705, 1436.321, 575.7359, 2032.768, 2.056787, 1752.792, 540.8029, 448.9084
341.7, 1417.892, 1867.015, 907.1746, 666.9724, 436.459, 154.7607, 84.23214, 0.5377873, 133.4405, 2181.723, 637.2433, 72.78745, 2735.001, 1457.312, 1373.288, 549.9807, 1943.578, 1.954387, 1789.406, 517.795, 428.3483
341.8, 1376.068, 1770.126, 899.3303, 638.4218, 408.2222, 156.4636, 80.30824, 0.5126392, 126.0132, 2071.992, 601.7158, 68.91066, 2788.01, 1391.746, 1361.502, 628.8406, 2045.083, 1.857085, 1911.915, 495.766, 408.7299
341.9, 1311.425, 1684.562, 904.6739, 698.9474, 381.8122, 159.3812, 76.56714, 0.488667, 118.9993, 2066.307, 634.5565, 65.24036, 2720.353, 1414.202, 1369.881, 637.8983, 1955.354, 1.764627, 1890.957, 474.6742, 390.01
342, 1330.229, 1598.417, 853.5838, 669.0281, 531.3428, 301.1437, 300.6195, 0.4658159, 112.3758, 2036.588, 599.1788, 61.76555, 2620.42, 1350.576, 1309.764, 609.3622, 2062.171, 1.676773, 1835.48, 454.4797, 372.1475
342.1, 1267.74, 1555.303, 805.379, 652.2883, 496.9675, 350.3961, 347.0553, 0.4440334, 106.121, 1934.156, 565.7736, 58.47581, 2715.733, 1421.157, 1311.357, 582.1027, 1971.692, 1.593292, 1799.545, 435.1443, 355.1031
342.2, 1322.831, 1474.59, 829.6464, 657.0325, 464.8161, 569.8893, 330.888, 0.4232694, 100.2143, 1836.876, 534.2307, 55.36129, 2748.148, 1444.354, 1518.437, 572.6323, 1983.422, 1.513968, 1812.795, 416.6316, 460.5536
342.3, 1475.31, 1469.617, 782.7933, 732.4977, 473.6115, 584.63, 315.4738, 0.4034764, 94.63638, 1744.49, 609.34, 52.41266, 2734.409, 1452.462, 1550.053, 547.0159, 2008.601, 1.438593, 1786.485, 398.9065, 470.1339
342.4, 1406.006, 1416.698, 809.498, 701.1422, 475.9688, 659.2226, 300.7776, 0.384609, 89.36892, 1777.004, 726.9113, 49.62107, 2622.016, 1387.114, 1482.03, 522.5453, 2007.436, 1.36697, 1900.787, 381.9355, 478.5943
342.5, 1361.354, 1343.177, 763.7828, 697.7852, 451.5348, 630.3475, 286.7661, 0.3666238, 84.39465, 1687.629, 731.4009, 46.97817, 2771.663, 1351.004, 1416.991, 513.8943, 1919.358, 1.298914, 1811.917, 365.6864, 478.8437
342.6, 1348.737, 1278.373, 866.3626, 721.0391, 422.3226, 600.006, 273.4073, 0.3494797, 79.69725, 1602.748, 690.624, 44.47603, 2736.366, 1291.559, 1418.091, 490.9055, 1866.697, 1.234246, 1934.641, 350.1287, 456.9126
342.7, 1285.379, 1212.031, 918.9089, 765.9105, 395.0004, 568.2925, 313.1816, 0.3331373, 75.26131, 1522.137, 652.1205, 42.10716, 2623.894, 1454.863, 1355.859, 522.6315, 1841.191, 1.172797, 1950.214, 335.2329, 578.862
342.8, 1341.963, 1149.132, 867.0149, 794.9874, 385.8407, 538.2552, 298.5923, 0.3175591, 71.07227, 1445.58, 653.3045, 39.86446, 2705.861, 1389.407, 1305.606, 499.2519, 1760.407, 1.114407, 1909.846, 406.2822, 580.7507
342.9, 1278.922, 1144.118, 833.1825, 760.9569, 463.9809, 509.8055, 386.5865, 0.3027093, 67.11639, 1372.874, 616.8816, 37.74121, 2762.553, 1326.896, 1428.258, 476.9181, 1683.168, 1.058925, 1988.206, 388.9974, 554.1522
343, 1219.871, 1084.743, 786.1298, 728.3831, 433.9635, 582.1439, 421.4479, 0.288554, 63.38069, 1303.824, 582.4893, 35.73105, 2649.004, 1267.197, 1365.579, 455.5833, 1609.318, 1.006205, 1981.352, 372.4479, 528.772
343.1, 1281.787, 1028.45, 741.7343, 780.555, 451.9707, 597.3343, 401.815, 0.2750605, 59.85292, 1238.247, 600.9896, 33.82796, 2540.122, 1234.194, 1305.651, 435.203, 1538.708, 0.9561096, 2024.926, 356.6025, 504.5541
343.2, 1221.574, 975.0782, 699.8459, 747.1423, 556.7206, 1093.261, 383.0968, 0.2621981, 56.52151, 1224.274, 716.7706, 32.02622, 2619.382, 1376.719, 1339.478, 415.7344, 1571.615, 0.9085083, 2058.464, 457.952, 524.8158
343.3, 1205.638, 949.9492, 762.0702, 715.1599, 587.8943, 1341.81, 399.1773, 0.2499372, 53.37553, 1342.653, 826.6328, 30.32045, 2568.048, 1469.704, 1280.695, 397.1367, 1582.445, 0.8632769, 2102.97, 438.4689, 500.7791
343.4, 1333.537, 1085.327, 719.0334, 684.5465, 549.8604, 1407.573, 408.2255, 0.2382496, 50.40465, 1452.944, 797.8931, 28.70553, 2539.117, 1536.83, 1405.707, 379.371, 1589.234, 0.8202974, 2173.488, 419.8148, 657.03
343.5, 1270.892, 1029.004, 678.4271, 710.6863, 622.4693, 1333.175, 389.2086, 0.2271085, 47.59913, 1535.517, 753.4091, 27.17663, 2434.752, 1467.686, 1407.246, 448.847, 1552.847, 0.7794577, 2248.4, 401.9542, 626.9379
343.6, 1211.19, 983.7372, 730.302, 680.2645, 582.1985, 1530.894, 371.0775, 0.2164884, 44.94977, 1517.007, 859.2512, 25.72915, 2624.978, 1468.061, 1345.49, 428.768, 1686.08, 0.7406513, 2230.054, 384.8535, 598.2241
343.7, 1156.332, 932.6857, 689.0593, 651.1448, 544.5331, 1597.819, 530.9258, 0.2063649, 42.44786, 1440.708, 864.9094, 24.35877, 2521.315, 1448.523, 1349.13, 409.5873, 1612.101, 0.7037769, 2125.789, 368.4803, 570.8253
343.8, 1102.011, 884.2836, 724.825, 721.7466, 509.3044, 1513.365, 506.193, 0.1967149, 40.08522, 1368.247, 816.6891, 23.06138, 2619.635, 1413.276, 1388.604, 391.2646, 1541.369, 0.6687384, 2093.408, 352.8037, 544.6815
343.9, 1132.113, 838.3933, 683.8916, 690.8513, 570.182, 1548.724, 536.1323, 0.1875161, 37.85408, 1299.43, 771.1573, 21.8331, 2599.221, 1422.691, 1327.666, 373.7616, 1473.74, 0.6354443, 2126.567, 471.6241, 519.735
344, 1108.728, 794.8845, 645.2698, 681.7075, 533.294, 1466.866, 511.157, 0.1787474, 35.74712, 1234.074, 825.5249, 20.67023, 2521.473, 1555.355, 1378.92, 357.0415, 1409.079, 0.6038077, 2092.142, 451.5594, 495.931
344.1, 1092.849, 916.8925, 658.0156, 704.8066, 498.7924, 1499.321, 487.3451, 0.1703888, 33.75744, 1172.005, 779.5004, 19.5693, 2609.138, 1485.378, 1370.6, 341.0694, 1347.254, 0.5737463, 2036.826, 432.3483, 473.2173
344.2, 1041.511, 869.3099, 696.5234, 674.6365, 466.523, 1531.224, 464.6425, 0.162421, 31.87851, 1271.254, 745.2767, 85.11166, 2537.321, 1471.13, 1310.452, 325.8119, 1390.559, 0.5451815, 2075.174, 413.9545, 675.3055
344.3, 992.5842, 989.9034, 727.7537, 645.7578, 518.3823, 1577.873, 442.9974, 0.1548259, 30.10415, 1261.057, 724.0302, 80.57848, 2526.241, 1404.942, 1252.943, 311.2368, 1477.619, 0.5180389, 2050.246, 396.3433, 644.3764
344.4, 1035.877, 938.5319, 769.3975, 697.6724, 484.8455, 1850.209, 422.3607, 0.1475859, 28.42855, 1326.446, 683.6642, 76.28673, 2582.693, 1396.942, 1248.006, 297.3138, 1431.198, 0.4922476, 1975.759, 379.4813, 614.8639
344.5, 987.2152, 889.8264, 725.947, 696.8766, 453.4783, 1916.444, 434.4819, 0.1406844, 26.84622, 1675.174, 645.5486, 72.22356, 2640.632, 1421.679, 1389.146, 284.0136, 1445.588, 0.4677403, 1886.504, 363.3367, 586.7031
344.6, 1031.471, 854.1282, 684.9502, 751.9373, 424.1405, 1815.15, 429.8471, 0.1341057, 25.35196, 1858.593, 609.5582, 79.76223, 2649.391, 1357.716, 1382.241, 357.3075, 1510.692, 0.4444532, 1851.938, 347.8789, 559.832
344.7, 1064.948, 888.788, 793.0124, 796.7617, 396.7006, 1786.3, 609.199, 0.1278346, 23.94087, 2013.554, 832.1459, 78.87223, 2641.865, 1320.455, 1321.582, 341.3235, 1474.963, 0.4223254, 1826.117, 333.0788, 534.1916
344.8, 1014.92, 842.664, 748.2282, 828.4006, 371.036, 1691.884, 599.2289, 0.1218568, 22.60832, 2075.085, 785.7523, 74.67136, 2741.596, 1449.605, 1404.041, 371.5505, 1410.247, 0.4012994, 2018.863, 318.9083, 509.7255
344.9, 967.2429, 845.3599, 868.1376, 806.408, 360.0709, 1602.459, 864.5516, 0.1161585, 21.34995, 2138.681, 763.4653, 70.69424, 2764.812, 1635.779, 1342.425, 401.7685, 1348.372, 0.3813201, 2142.812, 305.3407, 486.38
345, 971.6882, 801.4896, 868.0226, 826.5866, 336.776, 1751.196, 824.2771, 0.1107267, 20.16161, 2060.442, 779.8909, 66.92894, 2801.946, 1562.183, 1310.874, 396.607, 1430.495, 0.3623355, 2219.76, 292.3503, 464.1037
345.1, 1010.011, 860.7886, 819.0024, 791.2035, 314.9883, 1791.347, 785.8787, 0.1055489, 19.03941, 2105.328, 736.4106, 204.9181, 2837.837, 1562.415, 1391.135, 378.8649, 1385.354, 0.3442961, 2115.976, 279.9126, 442.8477
345.2, 962.5644, 816.1176, 772.7504, 757.335, 294.61, 1806.759, 749.2691, 0.1006132, 17.97968, 1999.439, 695.3544, 194.0038, 2721.193, 1492.12, 1406.124, 382.6331, 1387.448, 0.3271548, 2041.891, 268.0041, 422.5652
345.3, 917.3466, 773.7648, 729.1105, 724.9163, 330.95, 1718.844, 714.3649, 0.09590831, 16.97893, 1898.876, 721.5432, 183.6708, 2630.417, 1495.889, 1344.416, 365.5162, 1326.573, 0.310867, 2088.1, 256.6021, 403.2117
345.4, 874.253, 733.6099, 687.9351, 693.8853, 347.1183, 1716.145, 681.0867, 0.09142343, 16.03389, 1803.371, 681.3159, 173.8882, 2747.817, 1511.706, 1312.807, 349.165, 1268.368, 0.29539, 1990.472, 245.6853, 384.7445
345.5, 833.1837, 695.5389, 723.8542, 664.1826, 337.4396, 1625.437, 649.3588, 0.08714827, 15.14144, 1733.827, 643.3313, 164.6266, 2634.873, 1443.693, 1255.195, 333.5453, 1323.347, 0.2806835, 2019.373, 235.2328, 367.1231
345.6, 794.0438, 659.4437, 682.9756, 635.7513, 326.3467, 1539.524, 619.1088, 0.08307303, 14.29867, 1646.623, 607.4644, 223.8664, 2675.767, 1511.336, 1272.424, 318.6243, 1265.284, 0.2667093, 1924.958, 225.2251, 350.3088
345.7, 756.7424, 625.2216, 644.4056, 672.3725, 411.5739, 1594.093, 590.2681, 0.07918835, 13.50281, 1579.552, 573.5972, 211.9429, 2771.188, 1479.879, 1216.584, 304.3708, 1247.601, 0.2534308, 1846.59, 215.6432, 334.2646
345.8, 721.1934, 592.7754, 769.8893, 763.0015, 448.9336, 1509.836, 734.2997, 0.07548533, 12.75124, 1500.108, 541.6181, 331.397, 2901.942, 1502.623, 1315.717, 335.7003, 1339.588, 0.2408134, 1858.57, 206.4689, 318.9553
345.9, 748.5881, 562.0131, 810.6428, 730.3401, 419.8897, 1430.033, 754.5244, 0.07195547, 12.04151, 1424.659, 762.2391, 322.2732, 2791.065, 1435.019, 1257.977, 320.6829, 1389.993, 0.2288241, 1980.054, 197.6849, 304.3471
346, 713.4222, 550.2866, 783.7573, 699.077, 392.7249, 1354.448, 719.3754, 0.06859068, 11.37128, 1353.005, 799.4114, 305.1084, 2903.848, 1416.557, 1202.771, 306.3373, 1329.006, 0.2174318, 1906.206, 189.2746, 290.408
346.1, 679.9082, 600.7346, 823.0007, 669.152, 466.9382, 1369.952, 685.8638, 0.06538323, 10.73835, 1284.954, 788.9113, 288.8578, 2928.829, 1352.825, 1186.156, 292.6335, 1378.468, 0.2066066, 1929.215, 181.2221, 277.1072
346.2, 647.9686, 569.5592, 815.6553, 720.7863, 436.7296, 1308.363, 706.7358, 0.06232577, 10.14066, 1290.684, 744.9281, 273.4727, 2941.374, 1291.96, 1134.102, 279.5426, 1353.715, 0.1963204, 1839.016, 255.3237, 264.4157
346.3, 617.5294, 540.0017, 836.7386, 689.9321, 408.4753, 1239.209, 709.217, 0.05941128, 9.576227, 1291.422, 703.397, 258.9071, 2895.903, 1282.511, 1084.333, 267.0374, 1294.32, 0.1865463, 1753.033, 284.3266, 252.3054
346.4, 669.3535, 575.5162, 875.5344, 701.778, 412.7756, 1173.71, 706.817, 0.05663308, 9.043215, 1249.258, 664.1814, 245.1173, 2776.873, 1360.976, 1237.34, 255.0916, 1266.652, 0.1772588, 1852.886, 272.2303, 240.7498
346.5, 637.9097, 545.6495, 842.8925, 671.7374, 386.071, 1111.673, 673.8904, 0.05398479, 8.53987, 1239.951, 627.1521, 232.0619, 2773.327, 1299.744, 1240.009, 243.6802, 1369.005, 0.1684338, 1766.255, 285.1652, 229.7234
346.6, 636.9532, 517.3328, 880.8718, 706.0056, 361.0941, 1052.915, 656.893, 0.05146035, 8.064542, 1177.586, 634.0701, 219.7019, 2773.407, 1241.267, 1311.06, 232.7793, 1318.9, 0.160048, 1683.675, 273.0331, 219.202
346.7, 607.0315, 490.4856, 834.3882, 787.4461, 469.3896, 997.2632, 804.7614, 0.04905395, 7.61567, 1118.359, 598.7196, 208.0002, 2910.009, 1282.972, 1253.524, 364.8511, 1302.101, 0.1520798, 1745.433, 365.3231, 209.1626
346.8, 612.4058, 567.7764, 834.8397, 763.4673, 439.0223, 944.5525, 767.2721, 0.04676008, 7.191782, 1062.11, 565.3399, 196.9218, 2858, 1225.249, 1198.514, 348.5297, 1390.159, 0.1445083, 1663.826, 349.7808, 199.5829
346.9, 583.6371, 538.3113, 787.6934, 730.7861, 410.6197, 896.7826, 731.5292, 0.04457348, 6.791488, 1008.691, 574.89, 186.4334, 2852.799, 1170.124, 1181.909, 332.9384, 1351.601, 0.1373138, 1586.034, 334.8998, 190.4419
347, 556.22, 510.3754, 765.4228, 741.7382, 384.0546, 849.3828, 762.5588, 0.04248913, 6.413474, 957.9581, 661.9366, 176.5036, 2805.82, 1274.697, 1130.041, 318.0445, 1321.922, 0.1304774, 1651.616, 320.6519, 181.7197
347.1, 530.0908, 483.8893, 722.1967, 741.3863, 366.1805, 858.5573, 727.0356, 0.04050224, 6.0565, 909.777, 702.3666, 167.1027, 2776.709, 1217.347, 1080.45, 377.0403, 1263.922, 0.1239814, 1653.441, 307.0101, 173.3969
347.2, 540.9343, 463.9824, 681.4117, 709.6503, 342.4903, 813.1779, 758.2281, 0.03860827, 5.719396, 864.0192, 663.2084, 185.437, 2835.636, 1255.469, 1135.3, 360.1735, 1208.466, 0.1178088, 1607.737, 347.3281, 165.4553
347.3, 700.4771, 439.9038, 690.8765, 679.2728, 324.0652, 770.1971, 756.6996, 0.03680287, 5.401054, 820.5627, 626.2333, 190.6859, 2719.083, 1198.984, 1085.478, 344.0613, 1155.444, 0.1119435, 1652.457, 332.5514, 157.8774
347.4, 707.1729, 513.2136, 651.8603, 650.1956, 303.0997, 729.488, 735.1311, 0.03508188, 5.100432, 779.292, 613.7951, 180.5296, 2703.557, 1231.042, 1052.91, 328.6699, 1251.881, 0.1063702, 1654.907, 318.4034, 150.6466
347.5, 673.9525, 486.5802, 744.8297, 698.8871, 373.7994, 690.9307, 756.5311, 0.03344138, 4.816542, 740.097, 669.1747, 170.9143, 2831.204, 1178.87, 1146.736, 313.967, 1196.954, 0.1010744, 1577.532, 304.8573, 143.7469
347.6, 715.3743, 461.3289, 728.5582, 701.9847, 349.6164, 654.4113, 721.2886, 0.03187758, 4.548454, 702.8734, 631.8671, 161.8111, 2714.833, 1125.832, 1137.735, 299.9218, 1211.905, 0.0960423, 1503.776, 291.8875, 137.1633
347.7, 681.7686, 437.388, 687.414, 671.9354, 326.9979, 619.8221, 740.5302, 0.03038692, 4.295287, 667.5219, 596.6393, 153.1928, 2870.857, 1182.634, 1222.184, 286.505, 1269.649, 0.09126069, 1478.106, 279.4694, 130.8812
347.8, 649.7416, 414.6896, 795.87, 643.1723, 305.8427, 900.2468, 706.0331, 0.02896596, 4.056211, 919.3142, 563.3756, 145.0335, 2795.946, 1130.551, 1311.596, 273.6883, 1239.348, 0.08671715, 1499.854, 393.8824, 124.8868
347.9, 619.2191, 393.1691, 750.9244, 648.5439, 286.0561, 852.6639, 746.7208, 0.02761145, 3.830443, 942.7001, 531.9664, 137.3088, 2856.115, 1089.217, 1469.656, 350.1317, 1184.971, 0.08239982, 1429.729, 377.1251, 119.167
348, 590.1304, 372.7654, 810.0875, 620.7821, 267.5497, 807.5961, 747.283, 0.02632028, 3.617241, 937.2894, 502.3083, 129.9955, 2738.72, 1077.987, 1405.161, 334.4688, 1251.169, 0.07829742, 1362.883, 361.0807, 113.7091
348.1, 564.7595, 353.4206, 769.8043, 594.2087, 250.2405, 888.5236, 712.4714, 0.02508949, 3.415905, 1002.423, 474.3037, 155.4582, 2756.203, 1089.447, 1343.496, 319.5064, 1403.799, 0.07439927, 1299.162, 345.719, 108.5012
348.2, 538.2291, 388.445, 777.5237, 568.7728, 259.0474, 841.5604, 679.2814, 0.02391625, 35.3373, 1005.693, 447.8604, 147.1783, 2678.629, 1040.431, 1399.595, 305.2135, 1342.207, 0.07069519, 1238.42, 331.0107, 103.5319
348.3, 519.337, 368.2865, 733.6143, 581.6382, 254.0161, 856.7305, 687.2427, 0.02279787, 33.37043, 991.3218, 422.8914, 139.3393, 2731.111, 1027.682, 1530.203, 291.5599, 1300.02, 0.06717553, 1180.518, 316.9283, 98.79009
348.4, 510.1958, 349.1741, 737.2318, 628.9845, 237.5825, 925.8006, 655.228, 0.02173179, 31.51303, 1073.667, 454.5359, 131.9179, 2767.354, 981.4452, 1466.687, 278.5171, 1309.286, 0.0638311, 1197.44, 303.4449, 94.26549
348.5, 564.563, 331.0535, 732.6343, 602.06, 406.4645, 876.8671, 652.8378, 0.02071557, 29.75902, 1299.628, 489.2794, 124.8917, 2660.229, 1039.615, 1585.045, 266.0578, 1267.208, 0.06065318, 1154.501, 290.5352, 89.94811
348.6, 538.0419, 313.8734, 764.8587, 576.288, 380.1682, 830.52, 686.7153, 0.01974686, 28.10263, 1296.624, 495.5759, 118.2397, 2688.626, 1030.266, 1560.843, 254.1558, 1242.333, 0.05763347, 1100.523, 278.1747, 85.82848
348.7, 512.7667, 297.5847, 721.6645, 612.5319, 355.5732, 786.6225, 654.7252, 0.01882346, 26.53844, 1231.41, 467.9467, 111.9421, 2608.864, 1048.131, 1571.988, 242.7863, 1361.872, 0.0547641, 1049.068, 266.34, 81.89752
348.8, 492.4468, 282.1414, 763.9852, 586.3117, 332.5693, 823.4512, 624.2252, 0.01794323, 25.06131, 1373.769, 441.8578, 105.9799, 2530.536, 1000.975, 1503.002, 231.9253, 1346.574, 0.05203759, 1153.323, 255.0089, 78.14661
348.9, 469.3134, 267.4996, 720.8403, 701.4045, 311.0536, 779.9274, 633.0199, 0.01710417, 23.6664, 1735.777, 417.2234, 153.2645, 2801.685, 1069.735, 1479.516, 221.5502, 1332.295, 0.04944682, 1164.108, 244.1598, 74.56748
349, 579.0115, 253.6176, 844.1562, 671.3799, 386.1176, 738.704, 603.5311, 0.01630434, 22.34913, 2359.289, 474.6418, 145.1014, 2693.367, 1078.999, 1433.306, 211.6393, 1273.839, 0.04698504, 1109.68, 233.7723, 71.15228
349.1, 551.8116, 371.3846, 796.4838, 642.6406, 366.2166, 699.6595, 575.4161, 0.01554191, 36.23694, 2435.785, 448.1796, 137.3731, 2811.835, 1098.353, 1485.764, 202.1717, 1249.548, 0.04464582, 1057.798, 223.8267, 67.8935
349.2, 525.8895, 361.4318, 751.5036, 615.1315, 342.5242, 662.6788, 599.3044, 0.01481514, 34.21999, 2384.301, 491.0459, 130.0563, 2765.664, 1048.937, 1454.201, 193.1277, 1194.723, 0.04242307, 1072.96, 214.3042, 64.78397
349.3, 672.9036, 342.6751, 709.0635, 588.8, 366.4557, 627.6526, 571.3862, 0.01412235, 32.31531, 2289.519, 478.1496, 123.1293, 2870.749, 1001.744, 1390.384, 184.4882, 1142.303, 0.04031097, 1022.795, 344.1509, 61.81685
349.4, 641.293, 324.8918, 745.8378, 563.5956, 342.7478, 594.4778, 544.7686, 0.01346196, 30.51664, 2319.044, 622.5349, 116.5712, 2778.62, 980.4587, 1329.367, 176.2352, 1092.184, 0.03830403, 974.9744, 329.5094, 58.98563
349.5, 679.5283, 308.0314, 764.2554, 539.4702, 320.5736, 563.0565, 519.3909, 0.01283245, 28.81809, 2202.406, 587.8274, 110.3625, 2717.741, 936.3468, 1386.979, 168.3514, 1179.702, 0.03639701, 963.1475, 315.4908, 56.28408
349.6, 647.6065, 292.046, 742.9766, 516.3774, 299.8341, 533.296, 495.1955, 0.01223238, 27.21408, 2216.656, 555.0549, 104.4844, 2883.148, 894.2195, 1495.737, 160.8203, 1153.729, 0.03458493, 950.1381, 302.0686, 53.70626
349.7, 617.1843, 276.8902, 701.0181, 494.2732, 280.4362, 563.0241, 472.1271, 0.01166036, 25.69934, 2105.167, 524.1096, 98.91935, 2804.967, 928.7706, 1578.303, 153.626, 1278.214, 0.03286307, 998.9146, 354.9261, 51.24651
349.8, 588.1912, 262.5208, 810.062, 473.1152, 262.2934, 533.2653, 450.1334, 0.0111151, 24.26892, 2010.779, 494.8896, 93.65073, 2689.675, 886.9842, 1509.04, 146.7536, 1269.818, 0.03122693, 959.4609, 339.8262, 48.89941
349.9, 560.5601, 284.0683, 764.3149, 585.5897, 303.7489, 505.0793, 470.6967, 0.01059533, 22.91811, 1995.951, 467.2986, 88.66273, 2736.507, 862.4553, 1534.033, 140.1887, 1214.103, 0.02967226, 914.6017, 325.3687, 46.65981
350, 534.227, 269.3265, 805.2593, 560.5228, 311.9185, 658.8482, 448.7697, 0.01009987, 21.64249, 1895.563, 441.2458, 83.94041, 2624.029, 823.6524, 1466.712, 133.9174, 1358.572, 0.02819498, 1017.482, 311.5262, 44.52278
350.1, 509.1309, 373.6372, 840.1973, 536.5289, 309.8895, 624.0245, 441.3929, 0.00962758, 20.43787, 1951.287, 416.6456, 79.4696, 2642.123, 786.5953, 1560.873, 206.949, 1298.963, 0.02679125, 1082.606, 332.9483, 42.48363
350.2, 603.4193, 441.3778, 792.7485, 513.562, 386.8723, 591.0415, 439.7167, 0.009177373, 19.3003, 1853.146, 393.4169, 75.23691, 2681.364, 874.8423, 1736.859, 197.6912, 1349.963, 0.02545741, 1135.093, 445.1703, 40.53787
350.3, 603.3432, 431.2655, 924.1888, 491.5783, 361.8435, 635.0591, 419.2328, 0.008748219, 18.22604, 1932.084, 371.4832, 71.22966, 2571.152, 835.4821, 1660.637, 188.8476, 1313.997, 0.02418998, 1082.022, 426.231, 380.2297
350.4, 575.0003, 408.8848, 871.9966, 470.5356, 342.7203, 601.4928, 477.7929, 0.008339134, 17.21158, 1900.318, 350.7723, 67.43584, 2624.775, 834.8622, 1700.682, 180.3996, 1384.242, 0.02298564, 1031.433, 408.0975, 452.3151
350.5, 547.9889, 387.6656, 837.1824, 450.3937, 320.548, 569.7007, 455.5352, 0.007949178, 16.25359, 1854.593, 331.2162, 63.8441, 2585.8, 797.3008, 1642.148, 172.3295, 1323.507, 0.02184127, 1070.213, 390.7354, 526.474
350.6, 625.2623, 367.5475, 856.2585, 431.114, 416.5203, 539.5889, 434.3145, 0.007577457, 15.34891, 1761.315, 312.7502, 60.44365, 2557.917, 785.4893, 1570.083, 164.6204, 1431.996, 0.02075387, 1025.107, 374.112, 502.3614
350.7, 642.1634, 406.6873, 809.5869, 412.6596, 389.5734, 533.2998, 414.0822, 0.007223119, 14.49459, 1787.314, 295.3138, 57.22432, 2502.788, 881.934, 1524.924, 157.2562, 1384.634, 0.01972061, 977.1786, 469.2339, 523.96
350.8, 706.1416, 403.3739, 763.8667, 394.9952, 427.3496, 505.112, 394.7925, 0.00688535, 13.68782, 1723.17, 278.8496, 54.17646, 2567.045, 842.2548, 1458.004, 150.2214, 1382.146, 0.01873879, 945.5354, 449.2709, 626.3849
350.9, 672.9696, 382.4407, 794.7039, 378.0869, 399.7021, 509.9596, 376.4013, 0.006563376, 12.92596, 1769.855, 382.3838, 51.29093, 2557.74, 924.5246, 1460.601, 143.5013, 1321.504, 0.01780585, 981.9961, 457.5168, 597.6964
351, 697.4633, 374.9523, 749.8242, 361.9024, 404.324, 559.3703, 358.8669, 0.006256458, 12.2065, 1680.839, 420.7235, 48.55909, 2597.058, 955.731, 1640.609, 137.0819, 1315.686, 0.01691936, 973.6398, 438.0522, 570.3218
351.1, 1065.788, 412.7259, 707.479, 460.1348, 428.0899, 530.1274, 342.1494, 0.005963893, 11.52709, 1766.918, 494.7307, 45.97275, 2490.311, 912.7316, 1604.415, 162.4858, 1257.959, 0.01607701, 928.1177, 556.9106, 742.7422
351.2, 1353.678, 402.8061, 754.6958, 469.0122, 400.3946, 558.7847, 326.2106, 0.005685008, 10.88549, 1737.284, 467.1486, 43.52417, 2387.952, 970.9883, 1816.149, 300.4157, 1328.925, 0.01527659, 1037.957, 533.2175, 780.3356
351.3, 1460.635, 391.1064, 730.6829, 448.9355, 397.8653, 529.2499, 311.0143, 0.005419165, 10.27961, 1770.512, 441.1042, 41.20599, 2401.507, 1032.257, 1736.448, 286.9767, 1284.297, 0.01451602, 989.4274, 541.9677, 744.5961
351.4, 1392.019, 370.8098, 689.4186, 429.7183, 444.8449, 501.2762, 361.8163, 0.005165753, 9.707444, 1707.443, 416.5119, 39.01129, 2515.926, 985.8143, 1823.61, 274.139, 1255.201, 0.01379332, 943.1672, 729.0659, 1050.491
351.5, 1583.631, 489.3495, 786.0964, 411.3236, 416.0656, 474.7811, 344.9614, 0.004924191, 9.167129, 1621.566, 393.2906, 47.99007, 2524.893, 1013.078, 1743.581, 261.8755, 1224.54, 0.0131066, 915.0776, 698.0486, 1046.399
351.6, 1664.58, 522.5568, 787.2704, 486.9152, 410.9889, 449.6864, 465.4412, 0.004693925, 8.656887, 1732.181, 371.364, 51.76785, 2575.125, 1088.031, 1916.253, 313.3181, 1202.992, 0.01245407, 872.2935, 881.1105, 1153.952
351.7, 1586.384, 495.4384, 796.9921, 466.0722, 443.166, 425.918, 443.759, 0.004474427, 8.175045, 1817.164, 350.6597, 160.7547, 2519.639, 1144.378, 1832.159, 354.1999, 1150.21, 0.01183403, 1081.622, 930.8588, 1343.378
351.8, 1511.861, 469.7274, 790.4233, 446.1213, 414.4952, 403.406, 673.3329, 0.004265193, 7.720022, 2310.416, 331.1098, 152.1926, 2653.858, 1294.209, 1839.276, 338.3549, 1099.743, 0.01124485, 1031.051, 1061.325, 1413.473
351.9, 1538.712, 445.3507, 999.5244, 466.9309, 387.6794, 382.0838, 692.5204, 0.004065744, 7.290326, 2870.959, 312.6499, 144.0865, 2677.08, 1544.504, 1760.503, 417.823, 1188.074, 0.01068501, 1137.664, 1121.644, 1348.736
352, 1484.673, 422.2391, 943.0777, 542.8135, 362.5984, 361.8886, 750.7863, 0.003875621, 6.884547, 3256.115, 295.2191, 226.107, 2862.557, 2062.164, 1683.244, 444.2325, 1227.261, 0.01015304, 1084.473, 1073.925, 1286.963
352.1, 1550.559, 400.3268, 1133.844, 519.5777, 446.6012, 342.7609, 894.996, 0.003694388, 6.501353, 3537.854, 278.7601, 233.0204, 2744.898, 2194.706, 1719.865, 454.48, 1460.512, 0.009647558, 1304.355, 1028.236, 1461.025
352.2, 1516.223, 379.5516, 1069.811, 596.0853, 417.7083, 324.6441, 917.0762, 0.003521631, 6.139488, 3536.555, 263.2187, 245.5199, 2798.721, 2456.912, 1661.575, 581.6814, 1396.431, 0.00916724, 1243.371, 984.4905, 1394.109
352.3, 1696.83, 359.8546, 1044.394, 570.569, 390.6846, 307.4849, 986.4862, 0.003356952, 5.797765, 3527.906, 248.5438, 232.4431, 2860.364, 2407.787, 1728.166, 555.6602, 1573.864, 0.008710836, 1185.238, 942.6064, 1330.259
352.4, 1617.119, 341.1798, 1028.497, 585.4785, 365.4091, 291.2327, 1000.483, 96.0288, 5.475061, 3350.468, 234.687, 232.2577, 2783.295, 2711.956, 1727.399, 530.803, 1519.7, 0.008277155, 1162.761, 902.5043, 1329.995
352.5, 1554.371, 323.4742, 1154.144, 560.4163, 419.9379, 276.3183, 953.8762, 91.53828, 5.17032, 3181.954, 221.6028, 219.8873, 2754.308, 3021.971, 1675.973, 606.9478, 1653.27, 0.007865065, 1248.55, 864.1082, 1269.081
352.6, 1481.353, 306.6873, 1104.196, 546.4588, 392.77, 343.846, 909.4406, 87.25776, 4.88254, 3021.916, 209.2481, 332.2388, 2641.098, 3259.671, 1678.99, 698.8864, 1580.731, 0.007473491, 1253.424, 827.3457, 1210.957
352.7, 1411.764, 290.7716, 1091.042, 630.4714, 367.3596, 325.6719, 1084.461, 83.1774, 4.610778, 2922.082, 197.5821, 349.9332, 2776.411, 3392.44, 1713.955, 703.3857, 1511.375, 0.007101412, 1194.82, 792.1472, 1155.495
352.8, 1467.027, 275.6819, 1029.427, 603.4832, 398.2738, 315.934, 1033.942, 79.28784, 4.354142, 2805.839, 186.5665, 331.2952, 2724.175, 3415.623, 1769.356, 716.4056, 1569.906, 0.006747858, 1138.957, 758.4462, 1182.37
352.9, 1482.147, 261.3753, 1210.898, 577.6503, 384.7343, 299.2352, 985.7769, 75.58017, 4.111791, 2878.989, 176.1651, 343.8325, 2860.777, 3377.495, 1749.525, 684.3575, 1501.025, 0.006411906, 1276.546, 833.1778, 1148.875
353, 1412.521, 247.8111, 1142.515, 552.9232, 389.7024, 319.5232, 939.8552, 72.04588, 3.882929, 2962.33, 166.3436, 325.5193, 2802.578, 3346.867, 1948.673, 653.743, 1474.995, 0.00609268, 1216.861, 797.7312, 1167.423
353.1, 1553.92, 323.3741, 1077.993, 570.6089, 364.4905, 302.6347, 896.0726, 68.67686, 3.666805, 2913.092, 157.0696, 456.4348, 2772.609, 3320.872, 2285.347, 624.4982, 1410.278, 0.005789347, 1184.238, 808.4318, 1145.955
353.2, 1480.923, 306.5924, 1017.115, 546.1832, 340.9098, 307.729, 854.3297, 65.46538, 3.462711, 3319.439, 148.3127, 432.1243, 2799.563, 3171.462, 2689.499, 596.5615, 1376.319, 0.005501117, 1128.87, 947.1842, 1093.47
353.3, 1411.354, 290.6817, 1051.495, 522.8031, 318.8546, 291.4639, 998.5054, 62.40408, 3.269977, 3181.636, 140.044, 433.9957, 2888.046, 3225.677, 2921.755, 569.8746, 1444.866, 0.005227236, 1076.09, 906.8873, 1043.389
353.4, 1345.054, 275.5966, 1141.788, 500.4238, 345.1508, 459.8831, 951.9907, 59.48593, 3.08797, 3175.358, 132.2363, 410.8803, 2769.339, 3080.55, 2909.724, 544.3815, 1444.185, 0.00496699, 1025.778, 868.3048, 1042.481
353.5, 1320.766, 357.7612, 1077.307, 569.3871, 322.8212, 461.7253, 958.171, 56.70424, 2.916094, 3185.94, 124.8639, 388.9962, 2882.075, 2941.953, 3000.1, 520.0289, 1380.82, 0.004719701, 977.8179, 831.3638, 994.7357
353.6, 1258.721, 379.5923, 1125.05, 572.0714, 418.7442, 539.8171, 959.5126, 54.05262, 2.753784, 3025.701, 117.9025, 368.2776, 2829.923, 2905.264, 3149.659, 496.7656, 1320.235, 0.004484724, 1131.84, 795.9943, 949.1766
353.7, 1298.002, 359.8932, 1123.137, 547.5831, 441.8996, 511.2849, 914.8143, 51.52501, 256.519, 2930.051, 111.3292, 348.6625, 2898.019, 2794.55, 3011.437, 474.543, 1262.309, 0.004261445, 1078.921, 762.1296, 1051.211
353.8, 1237.027, 341.2164, 1114.521, 524.1431, 413.3108, 484.2608, 913.5952, 49.11559, 253.3636, 2917.625, 105.1224, 330.0921, 2778.902, 2895.525, 2987.124, 453.3146, 1273.479, 0.004049283, 1028.477, 729.7057, 1003.066
353.9, 1178.916, 323.5089, 1101.063, 501.7065, 386.5716, 490.067, 871.0359, 46.81883, 262.9067, 3026.164, 99.26167, 400.4087, 2801.571, 2780.84, 3015.436, 472.8136, 1302.194, 0.003847684, 1054.943, 698.6612, 1114.863
354, 1136.045, 357.6974, 1180.135, 480.2303, 361.5623, 478.1736, 1017.598, 44.62948, 248.2733, 3434.062, 93.72765, 431.8396, 2724.085, 2822.723, 3041.96, 546.15, 1245.059, 0.003656121, 1005.62, 668.9374, 1091.871
354.1, 1082.678, 339.1345, 1177.725, 552.4354, 361.9435, 452.8995, 970.1936, 42.54251, 384.63, 3389.104, 88.50216, 408.8391, 2769.128, 3032.311, 3024.166, 551.9678, 1232.262, 0.003474096, 1042.011, 640.4782, 1072.462
354.2, 1031.817, 321.5349, 1195.416, 528.7877, 338.5275, 482.0326, 1093.484, 40.55313, 363.2215, 3753.236, 83.568, 387.0637, 2739.841, 3133.02, 2942.182, 638.2584, 1308.183, 0.003301133, 1062.546, 613.2298, 1048.017
354.3, 983.3463, 304.8488, 1138.809, 609.4984, 316.6264, 456.5546, 1042.545, 38.65678, 368.5404, 3913.009, 78.90894, 366.448, 2738.594, 3301.702, 2832.213, 686.8226, 1372.095, 0.003136781, 1012.867, 587.1406, 1000.017
354.4, 937.1523, 289.0285, 1198.638, 583.408, 296.1422, 481.0287, 993.9785, 36.84911, 348.0275, 3797.707, 74.50962, 426.2184, 2626.029, 3473.074, 2707.923, 656.0979, 1564.78, 0.002980612, 965.511, 562.1614, 1059.638
354.5, 893.1282, 274.0292, 1159.366, 600.0546, 276.9833, 455.6037, 947.6747, 35.12596, 328.6563, 3743.718, 70.35558, 500.88, 2729.402, 3622.015, 2814.804, 783.0856, 2187.201, 0.002832218, 920.369, 538.2449, 1011.107
354.6, 851.1723, 259.8084, 1123.4, 610.1489, 259.0638, 437.529, 903.5279, 33.48339, 310.3633, 3555.425, 66.43313, 474.2023, 2651.812, 3640.028, 2748.542, 748.0546, 2582.116, 0.002691212, 913.8826, 515.3458, 999.7842
354.7, 811.1873, 320.424, 1246.451, 584.0306, 242.3036, 414.4032, 965.6254, 31.91764, 427.4943, 3946.988, 62.72936, 448.9455, 2777.137, 3572.448, 2798.719, 714.5908, 2617.769, 0.002557226, 879.9747, 493.421, 953.994
354.8, 773.0807, 315.422, 1176.06, 698.5321, 226.6277, 392.4998, 965.6315, 30.4251, 704.4767, 3748.471, 59.23209, 480.9191, 2778.449, 3528.658, 2978.947, 682.6239, 2696.292, 0.00242991, 838.8318, 472.429, 910.3009
354.9, 736.7642, 320.1844, 1281.267, 668.6305, 321.7278, 371.754, 1092.135, 29.00236, 749.2358, 3639.046, 55.92979, 455.3045, 2664.247, 3592.247, 2963.753, 652.087, 2875.319, 0.002308934, 799.6127, 452.33, 997.7018
355, 702.1536, 303.5683, 1208.91, 640.0089, 400.5086, 405.5423, 1041.258, 27.64614, 707.5333, 3456.018, 52.8116, 473.8254, 2773.743, 3454.905, 3164.424, 655.347, 2775.938, 0.00219398, 973.8523, 433.0862, 952.0069
355.1, 669.169, 287.8145, 1200.488, 662.6103, 423.4485, 395.5936, 1032.124, 26.35335, 836.1487, 3432.049, 49.86726, 657.9352, 2670.048, 3382.441, 3025.554, 711.8565, 2696.993, 0.00208475, 959.0503, 414.661, 908.4048
355.2, 664.1646, 295.444, 1132.693, 661.7665, 451.7351, 378.8939, 1045.382, 25.12101, 789.6087, 3259.431, 47.08707, 622.8925, 2667.375, 3431.055, 2911.728, 680.012, 2578.66, 0.001980958, 914.2103, 397.0197, 866.7997
355.3, 632.9645, 319.7728, 1075.439, 682.6854, 422.51, 520.5482, 996.6838, 23.9463, 745.6591, 3095.496, 44.46188, 599.5166, 2743.006, 3276.688, 2860.13, 649.5919, 2475.571, 0.001882333, 1071.772, 380.1289, 827.1002
355.4, 801.3474, 303.178, 1083.562, 759.2062, 412.3243, 493.0344, 950.254, 22.82652, 704.1558, 2939.806, 41.98305, 741.3801, 2725.034, 3191.156, 2734.614, 620.5327, 2493.322, 0.001788618, 1186.962, 363.9568, 789.2189
355.5, 763.7029, 287.4445, 1214.778, 726.7073, 385.649, 466.9749, 951.9078, 21.7591, 664.9625, 2791.947, 39.64242, 701.8929, 2627.416, 3217.845, 2934.048, 592.7735, 2611.648, 0.001699569, 1264.906, 348.4727, 753.0725
355.6, 727.827, 320.7681, 1179.866, 708.8868, 456.8703, 473.6755, 1111.817, 20.7416, 840.6595, 3037.768, 37.43229, 664.5089, 2608.806, 3073.07, 2948.785, 566.256, 2497.06, 0.001614954, 1240.772, 333.6473, 758.8874
355.7, 693.6363, 304.1217, 1113.235, 692.5151, 432.632, 448.6392, 1060.024, 19.77168, 844.8204, 2891.183, 35.34537, 629.116, 2723.22, 2999.826, 2885.213, 593.9318, 2587.925, 0.001534551, 1182.761, 319.4526, 778.7675
355.8, 661.0518, 288.3392, 1191.069, 662.871, 433.706, 424.9262, 1029.455, 18.84711, 797.7978, 2997.87, 33.3748, 595.6082, 2699.52, 2995.633, 3097.484, 631.5872, 2518.24, 0.001458151, 1127.461, 305.8619, 743.0998
355.9, 719.4149, 273.3757, 1252.464, 711.9636, 405.6473, 402.4666, 1062.444, 162.2524, 753.3924, 2978.93, 31.51409, 563.8851, 2588.562, 2941.609, 3171.879, 603.3334, 2574.372, 0.001385555, 1074.747, 292.8493, 709.0657
356, 775.7205, 259.1887, 1181.733, 681.487, 412.8833, 381.1941, 1012.951, 154.6651, 813.5741, 2971.641, 29.75713, 533.8516, 2733.479, 3080.246, 3225.119, 599.6389, 2889.327, 0.001316573, 1024.498, 280.3904, 676.5904
356.1, 739.28, 306.3922, 1336.88, 652.3151, 386.1718, 361.0459, 1009.076, 147.4326, 768.2906, 2917.264, 28.09811, 559.47, 2689.158, 3138.789, 3306.7, 572.8143, 3617.805, 0.001251025, 1055.072, 268.4615, 645.6025
356.2, 704.5513, 290.4918, 1306.606, 763.948, 571.3927, 361.9202, 1040.231, 140.5383, 725.5276, 2828.731, 26.53159, 660.5441, 2782.196, 3052.297, 3300.477, 653.0792, 3572.783, 0.001188741, 1005.742, 257.0401, 662.5838
356.3, 753.8239, 359.9657, 1232.818, 731.2462, 534.4263, 342.7907, 1043.811, 133.9665, 685.1448, 2859.711, 25.05241, 678.9185, 2795.809, 2914.97, 3430.798, 623.864, 3550.316, 0.001129558, 958.7195, 246.1046, 632.2374
356.4, 718.412, 357.7626, 1264.153, 735.4731, 553.9902, 324.6724, 995.1857, 127.7019, 647.0096, 2715.88, 23.65569, 658.4349, 2834.73, 2959.685, 3386.006, 595.9557, 3477.548, 0.001073321, 921.5616, 235.6344, 740.0731
356.5, 684.6636, 339.1963, 1192.762, 721.0363, 556.2513, 322.9073, 948.8257, 121.7303, 610.9971, 2701.367, 22.33684, 623.3656, 2718.214, 2869.421, 3412.293, 569.296, 3413.781, 0.001019884, 878.4744, 225.6096, 739.3049
356.6, 652.5005, 355.8611, 1174.205, 690.1713, 520.2645, 445.8361, 904.6253, 116.0379, 576.9891, 2686.173, 21.09152, 590.1641, 2672.473, 2740.323, 3405.908, 543.8288, 3454.723, 0.0009691081, 870.3187, 216.0113, 705.4446
356.7, 664.9849, 346.7935, 1280.489, 660.6276, 486.6059, 422.2712, 862.4839, 110.6117, 544.8739, 2551.071, 19.91563, 558.7309, 2750.988, 2873.467, 3335.792, 519.5009, 3479.919, 0.0009208596, 829.6274, 206.8213, 780.2885
356.8, 633.7463, 328.7965, 1214.717, 657.0889, 455.1249, 399.9519, 822.3057, 157.8134, 604.9904, 2422.763, 18.8053, 680.764, 2865.518, 2744.187, 3392.485, 496.2612, 3522.184, 0.0008750133, 917.3496, 198.0223, 744.5511
356.9, 682.3943, 311.7335, 1434.816, 743.2885, 425.6805, 475.6853, 783.9992, 186.2334, 587.7156, 2439.922, 17.75687, 789.59, 2784.964, 2679.937, 3278.168, 474.0612, 3508.758, 0.0008314495, 913.3669, 189.5977, 852.0491
357, 678.533, 295.5559, 1473.861, 757.8621, 398.141, 450.5428, 839.3191, 248.7833, 648.051, 2317.205, 16.7669, 834.835, 2858.86, 2596.914, 3272.667, 536.1135, 3484.869, 0.0007900546, 870.6629, 181.5315, 845.0089
357.1, 805.1424, 468.5442, 1424.001, 752.8513, 455.0972, 455.8986, 882.1775, 237.1496, 618.3901, 2200.659, 15.83211, 790.3702, 2741.353, 2480.076, 3138.7, 525.2911, 3540.193, 0.0007507206, 829.9554, 173.8084, 877.6953
357.2, 797.8856, 661.4885, 1343.583, 720.6245, 425.6546, 431.8019, 889.8456, 226.06, 738.7554, 2259.434, 14.94944, 748.2738, 2903.991, 2594.495, 3005.668, 501.7924, 3384.864, 0.0007133449, 797.7944, 166.4139, 1009.189
357.3, 760.4038, 627.1603, 1382.045, 704.9227, 442.618, 408.9788, 848.3928, 215.489, 697.6364, 2257.299, 109.7377, 762.3221, 2784.629, 2490.439, 2873.765, 506.0392, 3544.479, 0.00067783, 877.3968, 159.334, 962.9679
357.4, 724.6828, 647.4529, 1331.333, 674.7476, 413.9828, 387.3621, 808.871, 205.4122, 658.806, 2143.767, 159.8032, 721.7195, 2817.119, 2584.035, 2811.582, 483.4018, 3417.373, 0.0006440833, 836.3745, 152.5553, 918.8638
357.5, 746.1015, 613.853, 1256.148, 685.8062, 484.2683, 366.8879, 771.1902, 195.8067, 622.1368, 2035.945, 290.1674, 683.2795, 2785.086, 2467.777, 2712.653, 461.7771, 3578.9, 0.0006120167, 835.5728, 146.065, 876.7797
357.6, 711.0524, 760.652, 1283.687, 656.4493, 452.9384, 347.4959, 735.2649, 219.981, 587.5087, 1933.546, 273.9901, 789.3004, 2818.437, 2545.338, 2797.044, 494.9653, 3430.51, 0.0005815465, 796.506, 139.8509, 836.6231
357.7, 739.5745, 721.1777, 1230.512, 628.3491, 589.6691, 329.1289, 909.489, 209.6942, 610.3792, 1836.297, 258.7146, 747.2609, 2702.591, 2527.736, 2674.297, 472.8233, 3458.046, 0.0005525934, 759.2657, 133.9011, 798.3057
357.8, 721.6636, 758.0967, 1177.974, 601.4518, 551.5203, 378.7603, 867.1211, 210.2966, 576.4055, 1770.982, 244.2908, 722.6516, 2591.507, 2557.878, 2650.31, 482.8696, 3306.322, 0.0005250817, 825.8392, 128.2044, 761.7432
357.9, 687.7625, 718.755, 1111.45, 575.7058, 527.0168, 358.7408, 879.0786, 200.4627, 544.3228, 1983.894, 230.6711, 735.1625, 2675.196, 2442.796, 2534.002, 503.4768, 3454.036, 0.0004989398, 787.2275, 122.7501, 957.1791
358, 673.6467, 681.4549, 1096.437, 551.062, 492.9213, 339.7794, 838.1273, 196.6051, 514.0258, 1933.757, 217.8108, 696.0065, 2679.479, 2465.754, 2490.41, 480.954, 3480.529, 0.0004740993, 753.1505, 117.5278, 913.3401
358.1, 703.8782, 832.8167, 1119.786, 527.473, 509.0776, 382.0626, 951.3206, 190.2824, 485.4151, 1892.416, 205.6675, 658.936, 2743.465, 2354.817, 2381.119, 486.5303, 3506.499, 0.0004504956, 896.028, 112.5277, 871.509
358.2, 670.8126, 789.5974, 1191.875, 504.8938, 476.1428, 361.8686, 907.004, 362.7039, 458.3969, 1821.729, 194.2011, 623.8399, 2630.7, 2248.871, 2482.391, 464.7656, 3467.643, 0.000428067, 854.1346, 107.7404, 831.5938
358.3, 639.3002, 748.6208, 1124.566, 545.9666, 445.3386, 347.6721, 923.3038, 345.7431, 432.8826, 1776.057, 183.3741, 590.6132, 2668.579, 2196.635, 2520.194, 443.9745, 3315.497, 0.0004067551, 928.6654, 103.1567, 793.5067
358.4, 609.2682, 854.0019, 1197.165, 596.3, 416.5274, 348.6585, 919.8429, 329.5754, 506.3557, 1765.196, 173.1506, 559.1561, 2634.256, 2097.806, 2409.596, 424.1135, 3293.688, 0.0003865042, 957.5071, 98.76798, 757.164
358.5, 580.647, 863.866, 1129.557, 570.7747, 389.58, 443.1701, 1083.75, 338.7065, 579.9944, 1693.184, 163.4972, 541.081, 2610.285, 2151.803, 2345.859, 481.8701, 3306.279, 0.0003672615, 912.7393, 94.56601, 722.4858
358.6, 553.3703, 868.7491, 1167.365, 546.3419, 364.3761, 419.7462, 1091.218, 322.8679, 547.712, 1608.024, 154.3819, 512.2621, 2564.664, 2263.706, 2408.312, 621.0608, 3475.428, 0.0003489769, 870.0646, 90.5428, 689.3958
358.7, 536.4188, 858.5433, 1101.44, 522.955, 343.2922, 448.8409, 1109.639, 350.6707, 517.2264, 1629.422, 145.7748, 484.9781, 2690.087, 2197.377, 2302.624, 667.404, 3322.94, 0.0003316026, 891.611, 86.69076, 766.4821
358.8, 511.2198, 813.9888, 1110.251, 500.5692, 321.0829, 425.1173, 1091.635, 334.2726, 488.4376, 1569.645, 137.6476, 459.1474, 2579.516, 2219.682, 2204.094, 670.0414, 3220.314, 0.0003150932, 849.9241, 83.00259, 800.8484
358.9, 487.2046, 857.723, 1083.24, 479.1417, 411.9062, 600.2215, 1040.782, 318.6413, 589.7745, 1586.718, 129.9735, 516.8141, 2546.404, 2162.968, 2320.812, 640.0674, 3350.607, 0.0002994059, 810.8467, 79.47134, 764.1695
359, 464.3174, 854.058, 1022.065, 458.6314, 385.2579, 595.1979, 1134.901, 303.7409, 608.7363, 1506.913, 122.7273, 489.2878, 2693.88, 2145.289, 2218.964, 611.4343, 3271.548, 0.0002844995, 772.936, 76.09032, 729.1704
359.1, 442.5055, 836.6681, 969.0883, 438.9991, 360.3336, 563.7385, 1155.889, 289.5373, 665.9037, 1431.122, 115.885, 463.2274, 2584.243, 2087.803, 2121.585, 657.1236, 3240.922, 0.0002703353, 736.7977, 72.85315, 695.7743
359.2, 421.7182, 890.1594, 1035.603, 420.2072, 337.0217, 555.964, 1102.042, 275.9979, 628.8395, 1412.843, 109.4242, 438.5552, 2521.721, 2139.109, 2028.48, 635.5811, 3178.155, 0.0002568763, 702.3491, 69.75369, 663.9077
359.3, 401.9074, 843.9642, 977.1186, 402.2197, 315.218, 526.5783, 1089.125, 276.1728, 729.0818, 1341.783, 103.3236, 415.197, 2525.104, 2098.354, 2112.353, 607.1487, 3121.881, 0.0002440873, 701.3408, 66.7861, 718.3228
359.4, 383.0272, 800.1663, 921.9373, 385.0021, 294.825, 498.7458, 1112.951, 314.9816, 688.5012, 1274.297, 97.56313, 393.0829, 2616.706, 2024.628, 2019.653, 655.8419, 3036.561, 0.0002319351, 668.5499, 63.94476, 757.5641
359.5, 365.034, 885.9904, 963.6657, 368.5216, 314.9953, 472.3844, 1061.105, 300.2523, 807.8811, 1210.205, 92.12381, 372.1466, 2509.152, 1979.704, 1931.021, 626.5031, 2940.723, 0.0002203878, 637.2922, 61.2243, 722.8676
359.6, 347.886, 840.0115, 909.2441, 352.7465, 294.6166, 447.4164, 1033.363, 286.2119, 762.9145, 1225.764, 86.98774, 366.8068, 2539.688, 1890.635, 1846.279, 598.4767, 3078.917, 0.0002094155, 681.4006, 58.61958, 689.7602
359.7, 331.5436, 796.4188, 987.9955, 337.6467, 275.5563, 423.768, 985.2248, 272.828, 720.4507, 1342.128, 82.13802, 398.7685, 2530.638, 1890.353, 1765.256, 587.0614, 2943.827, 0.0001989895, 649.5421, 56.12568, 693.999
359.8, 315.9689, 755.0883, 932.2, 323.1933, 257.7292, 509.4668, 984.6425, 260.07, 680.3505, 1295.312, 77.55867, 402.4897, 2717.967, 1805.304, 1687.788, 686.3759, 2814.664, 0.0001890825, 619.173, 53.73787, 724.3544
359.9, 301.1258, 715.9026, 910.0794, 309.3586, 241.0553, 577.9076, 1025.026, 247.9086, 642.4822, 1272.07, 73.23463, 381.0524, 2606.25, 1746.018, 1630.451, 655.6711, 2849.915, 0.0001796687, 590.2239, 51.45166, 785.1656
360, 286.98, 827.941, 933.4833, 470.4187, 292.0617, 547.3621, 977.2762, 295.166, 750.5626, 1208.091, 69.15167, 415.0124, 2499.126, 1667.463, 1677.098, 626.34, 2818.241, 0.0001707237, 597.5643, 49.2627, 749.205
360.1, 273.4987, 784.9746, 880.7662, 450.2818, 292.6596, 566.6267, 1020.756, 281.3634, 708.7863, 1280.815, 65.29634, 450.4908, 2630.365, 1681.14, 1616.848, 628.4272, 2829.372, 0.0001622239, 569.6255, 47.16688, 714.8912
360.2, 260.6507, 786.1215, 831.0263, 484.9112, 273.726, 595.1008, 973.2046, 268.2062, 669.3353, 1273.891, 61.65595, 426.4969, 2606.093, 1669.043, 1586.273, 681.0985, 2815.163, 0.0001541474, 558.6498, 45.16022, 682.1491
360.3, 248.4063, 745.3254, 827.2705, 464.1539, 256.0172, 563.6465, 927.8685, 274.5592, 632.0801, 1235.943, 58.21852, 496.0294, 2552.735, 1692.676, 1676.801, 650.6299, 2786.155, 0.0001464729, 685.7222, 43.23893, 650.9066
360.4, 236.737, 706.6464, 809.0314, 466.0908, 239.4541, 533.8548, 987.8965, 261.7202, 691.8376, 1251.838, 54.97273, 469.61, 2563.763, 1724.504, 1603.215, 672.2745, 2959.732, 0.0001391806, 653.6616, 41.39937, 621.0949
360.5, 225.616, 703.3346, 773.2363, 446.1391, 247.8998, 505.6377, 941.876, 299.9484, 653.33, 1188.876, 51.90791, 512.9435, 2458.385, 1646.917, 1598.09, 642.2006, 2829.872, 0.0001322513, 623.1, 39.63808, 592.6487
360.6, 215.0174, 666.8347, 900.6532, 427.0416, 284.0542, 660.6031, 897.9994, 285.9221, 719.3994, 1129.081, 49.01395, 485.6233, 2462.592, 1785.232, 1622.188, 653.6671, 2946.665, 0.0001256669, 593.9672, 37.95172, 565.5053
360.7, 204.9166, 632.2291, 849.7902, 408.7615, 265.6773, 629.1309, 856.1667, 272.5518, 679.3576, 1092.466, 46.28133, 523.6323, 2416.103, 1720.689, 1707.059, 755.1409, 3385.914, 0.0001194104, 643.83, 36.33711, 539.6051
360.8, 195.2904, 599.4193, 801.7996, 391.2639, 248.4892, 595.8779, 951.83, 284.7028, 665.7985, 1037.519, 43.70106, 495.7427, 2591.238, 1715.405, 1632.145, 721.36, 3506.555, 0.0001134654, 615.22, 34.79119, 514.8911
360.9, 186.1163, 568.3121, 829.6592, 447.1229, 257.3168, 874.701, 975.0831, 364.1814, 812.2792, 1135.243, 41.26465, 473.1447, 2532.917, 1650.509, 1755.582, 689.0903, 3649.036, 0.0001078164, 669.2313, 33.31104, 491.309
361, 177.3733, 538.8193, 980.5622, 427.9832, 335.7428, 871.3464, 1026.123, 347.1515, 841.943, 1287.159, 38.96407, 524.7581, 2657.498, 1768.549, 1678.539, 845.4382, 3883.606, 0.0001024486, 746.3912, 31.89385, 468.807
361.1, 169.0409, 510.8571, 1042.616, 409.6628, 314.0219, 960.2014, 978.3217, 330.918, 827.8817, 1277.253, 36.79175, 496.8086, 2691.692, 1859.706, 1831.14, 879.0894, 3998.889, 9.734803e-05, 774.8921, 30.53697, 447.3356
361.2, 161.1, 484.3459, 983.7356, 445.8331, 293.7061, 975.3716, 932.7473, 351.0716, 781.8019, 1213.013, 34.74055, 470.3477, 2784.821, 1885.103, 1866.903, 927.3101, 3953.182, 9.250142e-05, 738.6624, 29.2378, 426.8475
361.3, 153.5321, 459.2106, 928.1806, 473.1047, 294.7137, 982.2021, 1067.051, 510.1002, 821.9319, 1278.457, 32.8037, 445.2962, 2904.387, 1800.29, 1784.975, 972.4083, 3799.23, 8.78961e-05, 704.1265, 27.99391, 407.2979
361.4, 146.3197, 435.3796, 880.2198, 477.9687, 309.4992, 945.3416, 1017.343, 519.3981, 851.3489, 1214.156, 30.97483, 583.4733, 2849.01, 1750.908, 1774.402, 928.908, 3742.521, 8.352006e-05, 848.7437, 26.80294, 388.6436
361.5, 139.4461, 412.7854, 942.2742, 457.5086, 289.4761, 920.942, 969.9511, 495.1099, 823.2616, 1321.758, 29.24793, 552.3965, 2790.882, 1734.529, 1696.533, 985.5388, 3808.227, 7.93619e-05, 809.0611, 25.66264, 471.3686
361.6, 132.8955, 478.7174, 889.6701, 501.4962, 270.7484, 872.2653, 924.7666, 497.4061, 909.0982, 1255.28, 27.61731, 583.7815, 2684.948, 1827.545, 1622.081, 977.2891, 3795.29, 7.541075e-05, 884.2803, 24.57085, 449.7798
361.7, 146.1931, 505.2421, 857.4673, 575.832, 346.6401, 826.1614, 881.687, 526.3707, 858.4979, 1215.103, 26.07759, 552.6883, 2788.363, 1745.322, 1600.266, 1015.218, 3706.763, 7.165632e-05, 842.9362, 23.52551, 429.1798
361.8, 139.3255, 612.1879, 1012.905, 551.1827, 324.2142, 782.4943, 840.6143, 501.7564, 880.6624, 1251.169, 24.62372, 691.2135, 2733.132, 1734.374, 1530.039, 969.8026, 4193.26, 6.80888e-05, 936.0652, 22.52465, 409.5233
361.9, 132.7805, 580.4182, 955.7026, 641.5232, 303.2391, 825.3609, 801.4548, 541.6625, 831.6447, 1188.241, 23.2509, 654.3983, 2725.221, 1659.787, 1462.894, 926.4189, 4587.513, 6.469891e-05, 923.1176, 21.56636, 390.7671
362, 126.5429, 641.9955, 901.7307, 671.2088, 394.8863, 781.7361, 764.1196, 516.3333, 785.3554, 1128.478, 21.95462, 635.9191, 2745.527, 1585.111, 1398.695, 999.1738, 4525.868, 6.147777e-05, 879.9576, 20.64885, 408.7683
362.1, 120.5984, 608.6788, 850.8068, 642.4768, 405.9156, 869.5251, 728.5236, 492.1884, 741.6426, 1071.72, 20.73061, 602.049, 2753.684, 1601.437, 1337.314, 954.4763, 4696.519, 5.841702e-05, 876.6506, 19.77036, 390.0467
362.2, 114.9331, 583.7249, 802.7588, 614.9747, 410.0652, 823.5661, 694.5859, 469.1726, 801.5675, 1061.083, 19.57484, 569.9828, 2640.499, 1529.387, 1278.626, 911.7782, 4781.694, 5.550864e-05, 835.6632, 18.92925, 519.2054
362.3, 109.534, 632.0172, 816.0949, 613.3034, 426.1745, 834.2108, 662.2291, 551.488, 756.9523, 1007.715, 18.48351, 539.6246, 2575.25, 1512.37, 1222.514, 870.9902, 4600.532, 5.274506e-05, 925.33, 18.12393, 495.4257
362.4, 104.3885, 599.2184, 856.4312, 587.0501, 398.6031, 790.1182, 631.3796, 525.6992, 800.5125, 957.031, 17.45302, 510.8832, 2613.881, 1465.685, 1168.865, 832.0269, 4584.898, 5.011907e-05, 882.0667, 17.35287, 472.7351
362.5, 99.48468, 568.1217, 889.9049, 561.9207, 372.8154, 748.3563, 601.9672, 501.1164, 755.9561, 908.8965, 16.47998, 483.6727, 2594.311, 1399.743, 1172.873, 794.8066, 4524.92, 4.762382e-05, 928.6566, 16.61461, 506.9765
362.6, 94.81125, 538.6388, 839.6489, 556.3085, 348.696, 708.8016, 573.925, 477.6831, 713.8796, 863.1829, 15.5612, 457.9115, 2615.025, 1410.755, 1121.402, 759.2513, 4360.809, 4.52528e-05, 885.2377, 15.90776, 483.7569
362.7, 90.35736, 722.022, 839.134, 558.9675, 326.1371, 708.8794, 547.1891, 455.3456, 674.1451, 819.7686, 14.69363, 433.5224, 2567.91, 1347.283, 1101.473, 725.2865, 4288.354, 4.299983e-05, 843.8488, 15.23098, 555.955
362.8, 86.1127, 864.3199, 791.7452, 535.0401, 305.0376, 671.4113, 521.6987, 434.0527, 636.6222, 778.5378, 13.87443, 410.4322, 2592.742, 1406.39, 1057.19, 692.8411, 4224.214, 4.085902e-05, 806.6855, 14.583, 572.6633
362.9, 82.06744, 865.9333, 747.0325, 512.137, 285.3031, 635.9236, 497.3957, 413.7554, 601.1878, 739.3807, 13.10091, 388.5719, 2528.11, 1343.115, 1020.416, 661.8472, 4038.873, 3.882479e-05, 877.8255, 13.96258, 546.4352
363, 78.2122, 820.9953, 704.845, 519.7756, 266.8454, 605.2685, 474.2249, 394.4073, 581.8661, 795.6703, 12.37051, 367.8759, 2487.072, 1282.687, 975.6349, 737.9183, 3948.829, 3.689184e-05, 836.7832, 13.36856, 593.9426
363.1, 74.53808, 778.3894, 665.0399, 550.8826, 299.1578, 573.2768, 452.1334, 375.964, 610.0303, 755.6516, 11.68083, 428.8303, 2614.772, 1224.977, 945.7151, 704.9078, 3807.142, 3.505513e-05, 797.6598, 12.7998, 566.7399
363.2, 71.03655, 737.9946, 712.6115, 527.3013, 279.8038, 542.976, 431.0711, 358.3831, 576.076, 726.8355, 11.02961, 405.9901, 2521.402, 1169.864, 970.8346, 673.3741, 3959.541, 3.330986e-05, 760.3656, 12.25525, 762.8198
363.3, 67.69951, 699.696, 709.0385, 504.7295, 281.2458, 601.2159, 410.99, 341.6243, 583.8397, 690.2789, 10.41469, 478.1965, 2471.344, 1154.202, 933.0701, 643.251, 3860.821, 3.165148e-05, 724.8151, 11.73386, 727.8826
363.4, 64.51923, 663.385, 668.9966, 483.1239, 263.0506, 582.6369, 509.4794, 325.6492, 551.3433, 781.5701, 9.834048, 452.727, 2619.766, 1102.274, 939.9337, 634.4962, 3834.81, 3.007567e-05, 690.9267, 11.23466, 817.3347
363.5, 61.48835, 628.9584, 631.2161, 462.4431, 246.0325, 551.8414, 518.7509, 310.4212, 626.4115, 785.3, 9.285783, 428.614, 2569.994, 1052.681, 915.0004, 606.1122, 4017.266, 2.857831e-05, 658.6227, 10.75669, 779.9006
363.6, 58.59985, 596.3183, 595.5691, 442.6476, 230.1154, 522.6736, 494.5853, 295.9052, 591.5455, 745.8029, 8.768084, 405.7852, 2540.683, 1022.247, 1144.02, 578.9981, 3863.534, 2.715549e-05, 627.8292, 10.29906, 744.1811
363.7, 55.84705, 565.3721, 561.9352, 423.6995, 257.1372, 495.0475, 547.1394, 282.0681, 558.6201, 708.2922, 8.279247, 384.1724, 2622.951, 1159.651, 1112.96, 553.0969, 3796.05, 2.580352e-05, 618.3696, 9.860901, 764.2736
363.8, 53.22355, 536.0319, 569.7462, 437.6451, 246.5327, 518.8227, 521.6513, 268.8779, 527.5273, 672.6682, 7.817664, 363.7108, 2515.14, 1154.246, 1064.118, 558.0938, 3685.866, 2.451885e-05, 691.3602, 9.44138, 729.2698
363.9, 50.7233, 508.2143, 622.7319, 443.1485, 230.5832, 524.2741, 497.3506, 256.3046, 498.1651, 790.9907, 7.381815, 344.3389, 2411.76, 1116.623, 1077.836, 533.1277, 3696.021, 2.329815e-05, 710.1119, 9.039706, 695.8691
364, 48.3405, 481.8403, 587.5641, 480.8854, 215.6656, 496.5634, 502.8413, 244.3193, 542.582, 751.2073, 6.970266, 325.9988, 2386.132, 1066.385, 1104.324, 564.8942, 3760.318, 2.213822e-05, 676.9109, 8.655122, 797.3383
364.1, 46.06964, 456.835, 554.3823, 571.2163, 210.672, 559.2563, 479.4168, 232.8944, 512.382, 790.8706, 6.581661, 308.6356, 2476.656, 1018.407, 1055.861, 539.624, 3595.331, 2.103603e-05, 752.7324, 8.2869, 858.0955
364.2, 43.90546, 433.1273, 523.0743, 562.0843, 197.0425, 582.2172, 585.9012, 222.0037, 483.8628, 751.0933, 6.214722, 292.1971, 2458.719, 1011.682, 1233.085, 515.4841, 3474.408, 1.998872e-05, 717.5387, 7.934343, 818.7946
364.3, 41.84294, 410.65, 610.4319, 538.0235, 184.2948, 551.4438, 558.6074, 211.6223, 461.279, 713.3165, 5.86824, 276.6342, 2565.951, 1123.856, 1178.972, 492.4242, 3514.221, 1.899356e-05, 683.9905, 7.596785, 781.2936
364.4, 39.87731, 389.3391, 647.5181, 514.9927, 172.3719, 522.2971, 532.585, 201.7264, 475.2211, 677.4398, 5.541075, 261.9002, 2460.483, 1126.983, 1127.233, 470.3958, 3438.428, 1.804793e-05, 652.0108, 7.273588, 745.5103
364.5, 38.00402, 369.1342, 635.7867, 516.5159, 200.6696, 494.6909, 507.7749, 192.2933, 462.7548, 643.3676, 5.23215, 247.9509, 2542.385, 1076.278, 1077.765, 449.3529, 3318.36, 1.714939e-05, 621.5264, 6.964141, 711.3658
364.6, 36.21873, 349.9778, 599.8817, 533.7784, 187.6872, 619.3904, 484.1206, 183.3012, 436.9979, 750.869, 4.940448, 234.7446, 2516.375, 1027.855, 1030.467, 429.2513, 3186.693, 1.629558e-05, 592.4672, 6.66786, 678.7851
364.7, 34.5173, 331.8156, 712.2143, 601.348, 175.5448, 586.6523, 461.5681, 174.7296, 412.6747, 713.1036, 4.665009, 222.2417, 2528.815, 1004.866, 1061.042, 410.0489, 3304.962, 1.548429e-05, 564.7667, 6.384183, 647.6967
364.8, 43.53266, 314.5959, 692.7674, 589.7069, 164.1879, 555.6446, 503.9902, 166.5589, 475.5185, 677.2375, 4.404927, 210.4048, 2562.941, 959.6561, 1227.031, 391.7056, 3227.731, 130.0919, 668.1965, 6.112575, 755.3825
364.9, 52.26572, 298.2698, 653.6444, 564.4637, 153.5657, 526.2758, 480.5122, 158.7703, 491.3784, 664.2256, 4.159344, 199.1983, 2563.119, 948.8118, 1173.183, 374.1828, 3086.112, 123.6151, 636.9553, 5.852522, 750.5953
365, 49.81046, 282.7909, 668.7544, 540.3011, 143.6307, 535.3231, 458.1278, 151.3458, 464.0283, 700.9283, 3.927453, 188.5886, 2547.245, 930.3492, 1121.699, 357.4439, 2950.706, 117.4607, 607.1747, 5.603533, 716.218
365.1, 47.47055, 268.1154, 714.1931, 659.5156, 134.3385, 511.4312, 472.4424, 144.2686, 438.2005, 743.4899, 3.708491, 178.5441, 2483.847, 919.8849, 1072.473, 341.4538, 3106.751, 111.6128, 618.0815, 5.365137, 683.415
365.2, 45.24055, 254.2014, 800.3611, 631.2842, 125.6475, 484.3993, 470.2853, 137.5223, 490.0754, 740.4098, 3.501736, 169.0345, 2423.047, 940.3063, 1258.807, 326.179, 3134.358, 106.056, 590.1473, 5.136883, 652.1145
365.3, 43.11531, 241.0095, 755.1619, 604.2612, 294.6889, 458.7962, 448.3773, 225.3354, 462.7978, 850.9578, 3.306508, 160.0314, 2536.803, 898.0009, 1304.616, 311.5876, 3088.09, 100.7758, 838.3588, 4.91834, 807.2522
365.4, 41.08991, 228.5022, 765.6613, 578.395, 286.0067, 489.8371, 620.448, 214.7983, 437.0385, 821.0648, 3.122164, 151.5079, 2432.533, 953.9189, 1296.3, 297.6489, 3025.745, 95.75857, 799.1617, 4.709095, 770.2799
365.5, 39.15966, 216.644, 722.4218, 553.636, 267.5034, 487.8948, 591.5449, 204.7538, 446.6158, 779.7688, 2.948097, 143.4383, 2520.691, 940.357, 1302.604, 284.3337, 3006.902, 90.99109, 869.5546, 4.508752, 799.6089
365.6, 37.32008, 205.4012, 818.3157, 529.937, 250.1973, 462.1069, 563.9882, 195.1791, 469.8474, 740.5498, 2.783736, 135.7986, 2493.251, 980.9479, 1408.759, 271.6141, 2874.972, 86.46097, 873.8219, 4.316932, 762.9867
365.7, 35.56691, 194.7418, 772.1025, 507.2523, 270.3277, 437.6821, 537.7151, 186.0521, 443.6957, 703.3033, 2.628537, 128.5657, 2435.664, 936.814, 1349.288, 320.7469, 2845.672, 82.15638, 832.9667, 4.133273, 755.4446
365.8, 33.89611, 184.6356, 728.4992, 485.5387, 257.686, 484.2588, 512.6661, 177.3519, 418.9996, 725.3888, 2.481992, 121.7181, 2605.401, 1070.139, 1306.26, 306.3984, 2962.55, 78.06611, 794.0218, 3.957428, 777.9083
365.9, 32.30379, 175.0538, 735.2176, 464.7546, 241.0149, 581.0835, 488.7839, 169.0585, 395.6781, 709.909, 2.343616, 115.2352, 2498.311, 1021.992, 1248.936, 292.6918, 2855.653, 74.17947, 787.5109, 3.789063, 742.28
366, 81.56354, 317.9949, 776.2003, 444.8601, 225.4224, 550.3701, 466.0142, 161.153, 373.6547, 674.2037, 2.212955, 109.0975, 2397.752, 1040.067, 1407.825, 279.5984, 2775.253, 70.48634, 750.6912, 3.627862, 749.5042
366.1, 77.73198, 333.1709, 768.3145, 425.8173, 210.8387, 553.5301, 444.3053, 153.6171, 389.1654, 640.2942, 2.089579, 103.2868, 2489.314, 993.2729, 1346.043, 303.2719, 2834.777, 66.97708, 767.5473, 3.473518, 715.1768
366.2, 74.08041, 315.8808, 785.182, 407.5897, 247.0433, 571.7656, 423.6076, 146.4337, 367.5045, 624.381, 1.973081, 97.78558, 2386.996, 948.5844, 1450.014, 289.7052, 2722.02, 63.64253, 731.661, 3.325741, 682.4216
366.3, 70.60038, 299.4881, 740.84, 513.3024, 231.0608, 541.5447, 403.8741, 139.5861, 347.0492, 592.9774, 1.863078, 92.57735, 2453.85, 920.4727, 1386.511, 355.6622, 2602.589, 60.47399, 697.4525, 3.184251, 651.1666
366.4, 67.28383, 315.1102, 699.0022, 491.3298, 216.1122, 512.9212, 385.0599, 133.0588, 327.7325, 563.1533, 1.759208, 87.64653, 2434.303, 879.0596, 1325.664, 339.7518, 2592.669, 57.46321, 726.1667, 3.048781, 621.343
366.5, 110.6627, 298.7574, 659.5271, 470.2978, 202.1308, 485.8106, 367.1222, 126.8367, 332.8458, 534.8291, 1.661129, 82.97832, 2334.246, 859.9272, 1361.768, 324.5532, 2478.914, 54.60232, 692.2151, 2.919074, 727.2726
366.6, 149.6179, 283.2532, 640.5027, 450.1661, 210.9182, 460.1329, 350.0201, 120.9055, 326.0933, 556.1765, 1.568518, 78.55876, 2487.938, 821.2381, 1302.007, 310.0344, 2560.861, 51.88386, 687.8473, 2.794885, 726.4501
366.7, 142.5894, 330.1911, 654.4846, 430.8961, 197.2728, 435.8124, 333.7146, 115.2517, 364.7608, 626.3447, 1.481071, 74.37459, 2437.879, 901.5659, 1285.597, 296.1652, 2547.384, 49.30075, 703.437, 2.67598, 693.1785
366.8, 167.6929, 313.0557, 617.5236, 412.4511, 316.2311, 412.7773, 318.1687, 109.8623, 411.5436, 594.8423, 1.398498, 70.41327, 2571.193, 870.5634, 1229.179, 282.9164, 2454.101, 46.84624, 703.1719, 2.562133, 778.6614
366.9, 159.8153, 296.8095, 582.6498, 394.7956, 295.7725, 390.9598, 303.3471, 104.7249, 388.6371, 564.9243, 1.320529, 66.66294, 2545.811, 873.6445, 1242.358, 270.2603, 2357.927, 44.51393, 670.2955, 2.45313, 792.5095
367, 152.3078, 377.4832, 549.7455, 377.8958, 357.6758, 370.2955, 289.2159, 99.82772, 367.0056, 536.5111, 1.246908, 63.11236, 2536.737, 859.7487, 1384.593, 258.1703, 2298.528, 113.3979, 638.9561, 2.348765, 909.9073
367.1, 145.1529, 377.548, 603.4363, 361.7195, 344.7552, 350.7234, 275.7429, 95.15956, 346.578, 509.5269, 1.17739, 59.75089, 2482.93, 821.0676, 1323.831, 246.6212, 2292.89, 107.7523, 609.082, 2.248839, 868.2335
367.2, 138.3341, 455.1521, 569.3582, 346.2356, 322.4512, 332.1858, 262.8976, 90.70969, 327.2875, 483.9, 1.111749, 56.56845, 2585.992, 828.272, 1314.218, 235.5887, 2192.288, 102.3877, 580.6047, 2.153165, 901.9208
367.3, 139.9575, 487.8226, 537.2045, 331.4145, 344.4711, 314.628, 250.6507, 86.46791, 309.0707, 459.5619, 1.049767, 53.55552, 2479.7, 896.1056, 1365.616, 225.0497, 2230.111, 97.29014, 553.4588, 2.061561, 875.631
367.4, 148.8758, 462.5069, 605.7902, 317.2279, 403.7241, 297.9982, 238.9743, 82.42448, 291.8679, 436.4479, 0.9912401, 50.70306, 2377.777, 855.7888, 1305.687, 214.9822, 2200.385, 92.44641, 527.5821, 1.973854, 1003.733
367.5, 141.8821, 466.6029, 571.5791, 303.6485, 377.6051, 282.2474, 227.8419, 78.57014, 275.6225, 414.4965, 0.9359767, 48.00253, 2443.361, 879.1891, 1310.868, 205.3651, 2171.798, 87.84383, 502.9152, 1.889879, 957.7623
367.6, 135.217, 494.3053, 539.3, 290.6505, 353.1759, 267.3291, 217.228, 116.9855, 260.2814, 393.6491, 0.8837944, 45.44583, 2467.365, 839.6334, 1339.725, 196.1782, 2170.211, 83.4704, 479.4016, 1.809476, 913.8966
367.7, 128.865, 468.6531, 634.2793, 278.2088, 468.4901, 253.1993, 207.1086, 111.515, 245.7941, 549.0939, 0.8345212, 43.02531, 2450.017, 824.3769, 1280.932, 187.4022, 2074.992, 79.3147, 456.9874, 1.732494, 872.04
367.8, 122.8114, 444.3322, 598.4594, 266.2997, 465.7411, 253.7448, 197.4606, 106.3003, 232.1132, 521.4769, 0.7879952, 40.73371, 2524.548, 787.2872, 1391.511, 179.0189, 2134.479, 75.36591, 435.6212, 1.658787, 832.1004
367.9, 117.0422, 421.2733, 564.6622, 254.9004, 435.6099, 243.4662, 188.262, 101.3294, 227.2315, 537.4024, 0.744063, 38.56416, 2420.781, 751.8663, 1330.446, 171.0106, 2077.735, 71.61371, 415.2539, 1.588216, 793.9901
368, 111.5439, 399.4112, 532.7738, 243.989, 418.031, 230.5977, 179.492, 133.409, 214.5838, 510.3734, 0.7025802, 36.51017, 2682.752, 738.5696, 1272.059, 163.3605, 2095.629, 100.0582, 395.8389, 1.520647, 827.6891
368.1, 106.304, 378.6836, 534.2302, 233.5448, 390.9864, 218.4094, 171.1305, 127.1705, 202.6401, 532.4248, 0.6634101, 34.56557, 2572.483, 705.3406, 1216.236, 156.0526, 2145.945, 95.07669, 377.3316, 1.455953, 805.4762
368.2, 101.3102, 404.736, 504.0604, 223.5476, 470.7796, 206.8653, 163.1585, 121.2238, 222.5019, 505.6461, 0.6264238, 32.72455, 2469.038, 786.5009, 1238.148, 149.0717, 2329.926, 186.5257, 359.6897, 1.394011, 877.5897
368.3, 96.55105, 383.732, 520.7066, 213.9783, 440.3224, 205.7476, 155.5578, 115.5551, 210.1174, 531.8812, 0.5914995, 30.98159, 2566.708, 751.1153, 1189.649, 142.403, 2227.698, 177.2393, 342.8725, 1.334704, 837.396
368.4, 92.01543, 363.8181, 491.3005, 279.0158, 411.8357, 194.8727, 148.3113, 110.1515, 198.4223, 516.65, 0.5585223, 29.33146, 2461.208, 717.3218, 1207.637, 136.0327, 2129.956, 168.4152, 326.8417, 1.27792, 856.2109
368.5, 87.69287, 402.3575, 463.555, 267.0721, 385.1919, 184.5727, 141.4023, 135.708, 187.3781, 528.0002, 0.5273837, 27.76921, 2491.387, 737.8799, 1154.64, 129.9473, 2198.787, 160.0304, 350.5692, 1.223553, 918.7834
368.6, 83.57338, 482.4986, 437.3765, 255.6398, 360.2719, 217.7074, 134.8152, 129.362, 176.9487, 501.4441, 200.6059, 26.29018, 2555.875, 710.4701, 1148.382, 124.1342, 2102.313, 152.063, 334.1785, 1.171498, 952.6813
368.7, 83.7488, 521.0634, 412.6763, 244.6968, 364.1551, 206.2004, 128.5349, 123.3127, 194.3914, 476.2237, 189.4217, 24.88992, 2464.538, 704.2593, 1279.624, 118.5811, 2010.072, 144.4923, 318.5541, 1.121658, 909.0483
368.8, 79.81458, 524.9368, 566.3481, 269.6692, 410.3213, 195.3016, 122.5472, 138.4986, 183.5716, 502.0007, 178.8611, 79.59063, 2377.759, 672.5739, 1241.634, 113.2764, 1921.879, 137.2986, 436.1896, 1.073938, 867.4138
368.9, 95.06699, 497.695, 534.3644, 258.1257, 400.4705, 184.9788, 116.8384, 132.0221, 173.354, 476.7523, 168.8893, 93.87832, 2440.646, 642.314, 1338.667, 108.2091, 1873.33, 130.463, 415.7958, 1.028249, 827.6862
369, 90.60109, 471.8669, 535.7947, 247.0763, 461.7621, 296.0594, 111.3956, 125.8484, 163.7051, 681.5864, 159.4734, 324.3103, 2421.859, 613.4156, 1279.92, 103.3684, 1891.957, 123.9677, 396.3554, 0.9845032, 789.778
369.1, 86.34498, 447.3792, 505.5365, 236.4998, 442.0486, 280.4111, 106.2063, 119.9635, 166.0578, 647.3055, 150.5825, 348.3763, 2459.096, 647.5451, 1436.23, 98.74425, 1961.867, 247.2755, 475.8107, 0.9426186, 753.6061
369.2, 82.2888, 424.1622, 497.1849, 226.3761, 413.4502, 265.5898, 101.2587, 142.8775, 277.2179, 614.7489, 142.1872, 391.9375, 2358.02, 618.4113, 1373.202, 94.32697, 1935.043, 234.9645, 453.5644, 0.9025159, 841.9344
369.3, 78.42317, 577.0836, 478.0577, 325.1574, 386.7019, 403.7883, 96.54167, 205.3059, 343.6275, 672.3489, 134.26, 371.0622, 2318.097, 681.6119, 1350.117, 90.1073, 1979.248, 223.2665, 434.5207, 0.8641194, 803.3737
369.4, 74.73914, 547.1356, 451.0602, 311.2386, 371.1725, 382.4459, 92.04434, 245.8132, 324.5012, 651.9338, 126.7748, 352.9201, 2412.312, 660.2966, 1312.725, 86.07639, 2027.913, 212.1508, 414.2049, 0.8273564, 792.8613
369.5, 71.22816, 647.0944, 656.0341, 297.9156, 360.921, 362.2316, 249.526, 294.4719, 306.4395, 619.1443, 119.7069, 334.123, 2368.787, 630.5891, 1384.795, 82.22581, 1974.733, 201.5886, 394.8389, 0.7921574, 795.5039
369.6, 67.88213, 645.1337, 697.5927, 285.163, 337.5712, 343.0857, 237.902, 280.7017, 289.3831, 588.0041, 113.033, 316.3271, 2469.321, 602.2181, 1448.676, 78.54747, 1888.09, 191.5522, 441.0663, 0.7584559, 852.3643
369.7, 95.15368, 611.6542, 658.1971, 272.9562, 315.7319, 324.9518, 279.2863, 267.5755, 307.7142, 603.4844, 106.7312, 343.7823, 2458.936, 575.1237, 1385.101, 75.03368, 1901.106, 182.0155, 420.4444, 0.7261882, 996.6713
369.8, 90.6837, 600.825, 622.7582, 261.2719, 365.9768, 307.7764, 266.276, 255.0631, 320.4371, 573.1317, 100.7808, 325.4719, 2385.252, 681.5061, 1429.171, 71.67709, 1878.472, 172.9536, 400.7867, 0.6952934, 951.0236
369.9, 93.52531, 569.645, 633.519, 316.4295, 342.2998, 291.5087, 253.8717, 243.1358, 302.6016, 617.7793, 95.16205, 353.7072, 2367.614, 650.8444, 1366.452, 68.47064, 1796.052, 164.3428, 419.3875, 0.6657129, 907.4666
370, 89.13184, 540.083, 597.7419, 302.8843, 320.1547, 371.1403, 242.0453, 231.7662, 345.4105, 603.6591, 89.85659, 334.8682, 2438.327, 621.5621, 1408.293, 65.40764, 1796.877, 156.1608, 399.7793, 0.6373909, 1014.321
370.1, 84.94475, 512.0552, 595.793, 289.9189, 316.4247, 393.5968, 349.3302, 220.9283, 407.3471, 573.2977, 84.84692, 336.4728, 2338.104, 593.5974, 1479.919, 62.48166, 1913.114, 148.3861, 466.5654, 0.6102738, 967.8647
370.2, 80.95435, 514.1279, 614.5895, 324.2229, 295.9536, 372.7931, 373.4742, 210.5973, 453.3533, 602.3176, 80.11655, 450.6951, 2242.001, 566.8907, 1475.7, 59.68657, 1829.174, 140.9985, 444.7513, 0.5843104, 923.5364
370.3, 105.4708, 510.2194, 661.7941, 310.3441, 276.8068, 353.089, 455.2505, 244.6542, 428.1197, 853.1499, 75.64991, 426.6903, 2277.323, 666.5852, 1440.85, 57.01652, 1899.493, 133.9787, 423.9572, 0.5594515, 1040.636
370.4, 100.5161, 623.8359, 648.708, 481.155, 258.8987, 334.4263, 434.043, 233.2136, 404.2906, 810.2402, 71.43229, 403.9641, 2363.413, 636.5948, 1584.352, 54.46591, 2017.153, 127.3083, 404.1353, 0.5356503, 992.9745
370.5, 95.79424, 591.4617, 612.0732, 460.5585, 242.1492, 357.5897, 509.2774, 222.308, 452.938, 871.7184, 67.44981, 382.4482, 2270.3, 607.9537, 1514.824, 52.0294, 2029.663, 120.9701, 434.1652, 0.5128616, 947.4961
370.6, 91.29417, 681.7869, 733.4198, 440.8437, 226.4834, 338.6892, 485.5531, 211.9124, 524.9887, 1016.199, 63.68937, 459.3318, 2213.195, 580.6011, 1448.346, 49.70189, 1987.081, 114.9474, 413.866, 0.4910425, 904.1006
370.7, 87.0055, 1034.822, 752.4981, 421.9728, 211.831, 377.1563, 462.9339, 202.0029, 495.7679, 965.0882, 60.13857, 434.867, 2330.661, 554.4792, 1447.591, 47.4785, 1975.388, 109.2246, 394.5159, 0.4701516, 862.6927
370.8, 82.9183, 1111.593, 722.9803, 403.9097, 198.1265, 357.2216, 441.3685, 192.5569, 578.671, 916.5485, 56.78574, 411.7052, 2267.686, 529.5326, 1384.064, 45.35457, 1888.716, 103.7867, 376.0705, 0.4501496, 879.1281
370.9, 79.02309, 1316.933, 682.1511, 425.0951, 185.3087, 338.3405, 420.8076, 183.5525, 546.4622, 870.4501, 53.61983, 389.7771, 2174.478, 505.7083, 1519.622, 43.32566, 1805.847, 98.61954, 358.4875, 0.4309984, 838.8639
371, 75.31087, 1785.243, 643.6277, 406.8983, 173.3201, 320.4574, 481.5364, 174.9692, 516.0461, 826.6702, 50.63042, 409.2587, 2170.271, 482.9559, 1452.934, 41.3875, 1782.777, 93.70962, 341.7265, 0.4126621, 800.4438
371.1, 193.1825, 1692.597, 724.6917, 401.4797, 162.1071, 401.7249, 459.1043, 166.7872, 539.7182, 785.0923, 47.80769, 387.4608, 2140.343, 461.2272, 1531.207, 170.9839, 2027.205, 89.04415, 325.7493, 0.3951058, 842.0417
371.2, 202.2901, 1619.995, 683.7659, 560.3207, 151.6196, 380.4916, 464.0132, 158.9879, 561.792, 803.0957, 45.14232, 366.824, 2164.985, 471.6676, 1464.01, 163.335, 1938.26, 84.61096, 310.519, 0.3782965, 803.4761
371.3, 192.7873, 1625.254, 645.1512, 536.3354, 195.8944, 360.3806, 587.8089, 151.5533, 530.5227, 809.6547, 42.62556, 364.2092, 2141.212, 450.4467, 1399.763, 156.0283, 1929.822, 80.39848, 323.9338, 0.3622023, 841.3889
371.4, 183.7308, 1619.603, 635.1486, 513.3768, 183.221, 352.2124, 560.4262, 144.4663, 500.9938, 768.9326, 40.2491, 367.3775, 2199.852, 430.1806, 1341.67, 149.0485, 1950.109, 76.39573, 308.7885, 0.3467928, 850.2398
371.5, 175.0998, 1535.553, 674.7424, 491.4011, 171.3675, 333.5961, 534.3192, 137.7108, 473.1086, 730.2587, 38.00514, 347.8104, 2109.432, 410.8263, 1386.87, 153.8454, 1864.547, 72.59225, 294.3512, 0.3320389, 847.2563
371.6, 166.8743, 1455.864, 636.6374, 470.366, 177.0214, 393.9608, 509.4283, 178.4866, 446.7754, 693.5298, 35.88629, 329.2854, 2262.319, 392.3428, 1512.006, 170.4199, 1937.965, 68.97814, 280.5889, 0.3179127, 808.4518
371.7, 159.0351, 1416.863, 652.8217, 450.2314, 165.569, 448.7005, 620.6725, 170.1402, 421.9079, 783.4514, 33.88556, 311.7471, 2169.331, 374.6908, 1469.533, 162.7962, 1882.125, 65.54397, 267.4701, 0.3043874, 771.4246
371.8, 151.5642, 1343.334, 615.9546, 430.9586, 154.8574, 424.9843, 591.7589, 162.1841, 398.4245, 856.9273, 31.99638, 295.1429, 2188.769, 406.882, 1405.043, 175.1346, 1799.545, 62.28077, 254.9647, 0.2914376, 736.0933
371.9, 219.7848, 1302.131, 581.1695, 412.5109, 144.8389, 402.5216, 564.1923, 154.6, 376.2482, 813.8276, 30.21253, 279.4231, 2161.626, 388.5759, 1343.383, 167.3, 1784.083, 159.3399, 243.0439, 0.2790387, 702.3801
372, 209.4601, 1234.556, 596.9182, 394.8528, 135.4685, 381.2462, 537.9097, 147.3706, 355.3062, 772.8956, 28.52812, 264.5406, 2143.063, 371.0934, 1284.429, 189.3821, 1705.805, 232.6461, 231.6805, 0.2671673, 720.6949
372.1, 199.6204, 1170.488, 747.1236, 377.9506, 126.7044, 376.5416, 512.8516, 140.4792, 335.5299, 734.0223, 26.93763, 250.4507, 2254.393, 354.3975, 1228.063, 180.9102, 1793.088, 221.0634, 220.8484, 0.255801, 687.687
372.2, 190.243, 1203.749, 829.1789, 361.7719, 118.5072, 356.6393, 488.9607, 133.9101, 316.8543, 697.1041, 25.43581, 237.1113, 2224.705, 383.6216, 1174.17, 172.8172, 1714.415, 210.0575, 210.5227, 0.2449182, 656.1909
372.3, 181.306, 1141.28, 865.3966, 346.2858, 110.8404, 351.9031, 466.1828, 127.6482, 299.2182, 662.0428, 24.01772, 224.4823, 2248.899, 497.4436, 1275.759, 227.9512, 1639.194, 199.5995, 200.6798, 0.2344984, 762.1603
372.4, 172.7889, 1087.894, 816.5247, 331.4626, 103.6695, 333.3032, 444.466, 121.6791, 282.5638, 790.0721, 22.67868, 212.526, 2364.813, 475.063, 1228.077, 217.7539, 1567.273, 189.6621, 191.2971, 0.2245219, 825.8087
372.5, 164.6719, 1105.711, 1140.582, 317.2739, 156.6465, 315.6863, 423.7609, 160.0323, 266.8363, 750.335, 21.41431, 201.2065, 2267.613, 532.9768, 1432.89, 293.3139, 1604.153, 180.2195, 182.3531, 0.2149699, 787.9865
372.6, 156.9362, 1254.233, 1076.169, 303.6926, 242.9324, 368.4628, 404.0203, 221.7242, 251.9842, 766.7732, 20.22042, 190.4899, 2268.778, 508.9976, 1465.195, 280.1927, 1646.543, 171.247, 173.8273, 0.2058243, 751.8966
372.7, 149.5639, 1256.164, 1078.13, 290.6926, 421.0795, 348.9875, 385.1993, 211.3559, 237.9588, 757.0056, 96.45827, 180.3441, 2227.087, 486.0972, 1412.356, 267.6584, 1657.77, 162.7212, 175.2209, 0.1970677, 717.4597
372.8, 142.538, 1226.482, 1079.669, 278.2491, 393.8377, 330.5417, 367.255, 201.4724, 224.714, 908.4639, 181.1253, 170.7387, 2135.548, 536.7187, 1553.122, 255.6848, 1585.034, 154.6199, 181.4025, 0.1886837, 754.1728
372.9, 135.842, 1162.833, 1018.696, 266.3383, 368.3583, 313.0707, 350.1467, 352.2367, 224.7239, 862.7722, 171.0272, 161.6448, 2230.152, 512.5711, 1484.964, 244.2468, 1809.874, 146.9219, 172.9211, 0.1806563, 719.6316
373, 129.4607, 1102.487, 965.8094, 254.9373, 396.4702, 328.1605, 333.8354, 698.7656, 212.2158, 819.3785, 161.4921, 227.384, 2138.486, 489.5099, 1502.511, 233.3206, 1902.887, 223.5965, 164.8363, 0.1729705, 686.6724
373.1, 123.3791, 1045.273, 911.2668, 244.0244, 403.2289, 310.8155, 318.2839, 751.3804, 229.0665, 879.4941, 152.4887, 215.2732, 2135.442, 467.4863, 1436.574, 222.8831, 1974.451, 288.9702, 157.1294, 0.1656117, 655.2227
373.2, 117.5832, 991.0281, 907.0673, 233.5786, 377.1419, 294.3872, 303.4569, 716.2443, 216.3167, 835.2594, 143.9872, 203.8074, 2159.937, 446.4536, 1373.531, 212.9125, 2090.872, 331.4002, 149.7829, 0.1585659, 625.2134
373.3, 112.0595, 939.5983, 855.842, 223.58, 455.0495, 278.8273, 289.3206, 682.7511, 204.2765, 793.2495, 171.3861, 192.9522, 2224.622, 426.3671, 1313.254, 203.388, 1999.133, 314.901, 142.7799, 0.1518199, 596.5785
373.4, 106.7954, 919.6639, 828.9339, 214.0093, 494.2433, 264.0898, 275.8428, 650.8242, 192.9064, 971.6942, 161.831, 182.6753, 2255.326, 407.1844, 1255.622, 194.2895, 2109.468, 299.2232, 136.1043, 0.1453609, 600.6082
373.5, 101.7785, 1153.63, 989.0856, 204.8484, 462.2681, 250.1312, 262.9928, 620.3902, 182.1693, 1064.016, 166.334, 172.9457, 2162.626, 388.8647, 1254.85, 185.5981, 2016.914, 284.326, 129.7408, 0.1391767, 786.6434
373.6, 96.99734, 1414.939, 933.2285, 196.0796, 507.7712, 236.9104, 250.7415, 591.3794, 172.0298, 1010.501, 157.0605, 163.7343, 2194.642, 410.3273, 1615, 177.2954, 1928.42, 299.3457, 123.6748, 0.1332556, 750.6151
373.7, 92.44075, 1644.445, 959.8822, 187.6861, 474.9209, 225.0452, 239.0609, 712.7471, 191.0502, 959.6773, 225.3972, 155.0135, 2111.755, 558.2665, 1568.691, 169.3642, 1891.914, 439.376, 117.8925, 0.1275864, 716.2368
373.8, 88.09822, 1592.171, 905.6743, 179.652, 444.1958, 364.677, 227.9244, 707.9005, 259.4764, 1233.897, 212.8309, 146.7572, 2069.067, 625.1201, 1541.079, 161.7878, 1904.264, 417.501, 112.3804, 0.1221583, 683.433
373.9, 83.95969, 1509.545, 854.5277, 171.9617, 415.4585, 448.0269, 217.3067, 674.7975, 245.034, 1171.837, 200.9652, 138.9407, 2224.624, 630.5096, 1473.449, 154.5503, 1820.713, 396.7151, 107.1262, 0.1169612, 652.1317
374, 80.01556, 1969.803, 806.2695, 164.6007, 520.9583, 424.3463, 207.1836, 762.5642, 243.5321, 1112.899, 379.0898, 131.5405, 2133.186, 602.1423, 1558.739, 147.6365, 1957.162, 376.9641, 102.1175, 0.1119853, 622.2639
374.1, 76.25672, 2202.235, 760.7367, 157.5547, 583.9613, 411.3863, 197.5321, 741.7928, 260.033, 1115.129, 357.9549, 124.5344, 2255.515, 575.0512, 1535.175, 141.0321, 1871.29, 358.1964, 101.3535, 0.107221, 593.7642
374.2, 72.67445, 2559.595, 759.1716, 150.8104, 557.6001, 399.3016, 188.3302, 739.1743, 276.7813, 1059.043, 337.9982, 117.9015, 2162.806, 549.179, 1584.822, 134.7231, 1875.059, 340.3631, 115.6815, 0.1026594, 823.7027
374.3, 69.26047, 2777.731, 752.1667, 144.3547, 521.5261, 426.9051, 179.557, 704.6089, 261.3757, 1127.133, 319.1542, 111.6219, 2073.909, 543.3636, 1832.981, 128.6963, 1792.789, 323.4176, 265.3518, 0.09829184, 785.977
374.4, 66.00686, 2633.579, 822.5303, 138.1754, 488.8993, 534.6542, 171.1924, 671.6599, 246.8275, 1070.443, 301.3608, 105.6767, 2170.845, 518.9171, 1761.136, 122.9391, 1778.512, 307.3158, 252.9454, 0.09411012, 749.9791
374.5, 62.90609, 2496.908, 776.0791, 132.2607, 504.6153, 563.4271, 163.2175, 655.3971, 233.0891, 1016.604, 284.5594, 100.0482, 2221.711, 495.5704, 1883.597, 117.4395, 1838.141, 292.0157, 260.7122, 0.09010632, 715.6299
374.6, 59.95099, 2367.33, 778.4866, 126.5991, 488.7737, 540.0674, 155.6142, 713.6476, 220.1154, 965.4736, 268.6947, 94.71944, 2232.785, 498.4209, 1809.999, 112.1859, 1860.938, 277.4772, 249.6846, 0.08627284, 682.854
374.7, 57.13471, 2317.414, 734.5227, 121.1798, 457.1524, 677.4559, 148.365, 707.9061, 207.8638, 916.9144, 253.7145, 89.67452, 2141.011, 475.9963, 1926.332, 107.1673, 2003.612, 263.6626, 238.0107, 0.08260246, 706.1615
374.8, 54.45073, 2205.553, 693.0416, 115.9926, 427.5768, 712.1956, 300.5877, 674.8029, 196.2941, 870.7976, 239.5695, 84.89831, 2162.133, 454.5807, 1841.796, 102.3732, 1934.252, 250.5358, 226.8826, 0.07908823, 695.3658
374.9, 51.89283, 2091.095, 794.3176, 111.0274, 399.9146, 674.5522, 286.585, 652.0162, 185.3684, 827.0003, 226.213, 80.37648, 2123.027, 434.1286, 1839.113, 97.7936, 1907.503, 238.0625, 216.2749, 0.07572351, 663.5179
375, 49.45509, 2014.341, 749.4597, 106.2747, 374.0421, 638.8986, 273.2346, 699.8127, 175.0508, 785.4058, 213.6012, 76.09549, 2132.977, 457.3065, 1780.694, 93.41885, 1823.809, 226.2102, 239.5233, 0.07250194, 633.1287
375.1, 47.13187, 1909.806, 737.576, 101.7254, 381.1383, 605.1293, 333.8099, 795.6397, 165.3074, 745.9033, 201.6926, 72.04251, 2096.281, 436.7317, 1702.549, 89.23981, 1792.131, 214.948, 314.367, 0.06941742, 636.9174
375.2, 44.91779, 1810.696, 695.9225, 97.37096, 356.4805, 573.145, 357.1714, 758.4339, 156.1064, 708.3876, 190.4479, 68.20541, 2010.118, 495.0678, 1633.177, 85.2477, 1713.5, 204.2465, 414.9454, 0.06646414, 646.0315
375.3, 42.80771, 1786.225, 763.2107, 93.20287, 401.9681, 542.8512, 340.5328, 824.6286, 147.4176, 672.7588, 179.83, 64.57267, 2070.714, 472.7942, 1563.41, 81.43419, 1786.726, 194.0778, 395.5448, 0.0636365, 616.4432
375.4, 40.79676, 1693.528, 720.1095, 89.2132, 375.9627, 514.1586, 324.6693, 893.7407, 139.2123, 638.9219, 169.8042, 61.13342, 2074.17, 451.5226, 1494.8, 77.79127, 1708.332, 184.4154, 377.0513, 0.06092915, 588.21
375.5, 38.88027, 1770.823, 679.4424, 85.39431, 363.1396, 486.9825, 413.8105, 1194.898, 131.4638, 606.7869, 160.3373, 57.87735, 1988.915, 431.2081, 1508.266, 74.31131, 1633.377, 175.234, 404.6017, 0.05833699, 602.1491
375.6, 37.05382, 1847.597, 641.0719, 81.73889, 393.0294, 461.2429, 394.5334, 1258.171, 124.1465, 576.2682, 151.3982, 54.7947, 1978.036, 411.8076, 1521.401, 70.98703, 1561.712, 166.5097, 385.6847, 0.05585511, 592.7072
375.7, 35.31316, 1862.908, 605.056, 78.23995, 367.6023, 436.8637, 463.0258, 1205.297, 117.2365, 547.2844, 142.9575, 51.87624, 2049.842, 393.2799, 1454.635, 67.81145, 1651.788, 158.2198, 367.6522, 0.05347882, 565.5612
375.8, 33.65428, 2120.501, 570.8864, 74.89079, 391.4487, 413.7731, 510.5743, 1229.45, 110.7111, 577.5575, 303.4301, 49.11323, 2093.867, 375.5858, 1407.615, 64.77794, 1777.047, 150.3426, 350.4628, 0.05120362, 646.6182
375.9, 32.07332, 2356.615, 619.827, 71.68498, 366.1239, 391.903, 486.7896, 1171.959, 142.3255, 626.8759, 297.7803, 46.49738, 2162.29, 389.6563, 1588.838, 61.88013, 1714.526, 142.8576, 334.0771, 0.04902522, 804.0939
376, 30.56663, 2873.701, 630.9828, 68.61641, 342.4374, 371.1888, 526.9406, 1298.696, 164.0524, 692.4971, 300.3241, 44.02085, 2168.569, 456.9637, 1682.034, 59.11195, 1639.3, 135.7452, 473.4732, 0.0469395, 836.7182
376.1, 29.13072, 3095.001, 707.4111, 65.67919, 370.5113, 365.7119, 502.3935, 1237.966, 154.9212, 657.6675, 335.7681, 137.5691, 2079.434, 436.4044, 1653.038, 56.46761, 1567.374, 128.9869, 451.3362, 0.04494251, 943.3825
376.2, 27.76227, 3129.567, 687.3902, 62.86771, 377.824, 420.7486, 478.9898, 1297.32, 146.2983, 643.9351, 317.0484, 130.2419, 1999.506, 416.77, 1725, 53.94156, 1498.605, 122.5651, 430.2342, 0.04303048, 915.549
376.3, 26.4581, 3033.774, 745.6014, 60.17657, 353.3806, 398.5097, 456.6764, 1236.655, 138.1553, 611.548, 299.3724, 123.305, 2107.689, 488.2059, 1928.335, 51.5285, 1547.132, 116.463, 523.6654, 0.0411998, 924.7907
376.4, 25.21519, 2876.335, 703.4948, 57.60063, 330.5186, 377.4464, 435.4024, 1316.61, 130.4656, 609.3365, 295.7678, 189.4351, 2046.866, 466.241, 1940.474, 49.2234, 1479.25, 110.6648, 554.0058, 0.03944699, 882.4352
376.5, 24.03067, 2727.066, 663.7659, 55.13496, 309.1357, 357.4963, 415.1195, 1261.287, 123.2039, 578.6896, 315.5023, 179.3455, 2164.479, 514.8508, 1855.317, 47.02142, 1537.115, 105.1552, 546.1605, 0.03776877, 842.0195
376.6, 22.9018, 2585.544, 739.9842, 52.77483, 352.3864, 338.6007, 395.7815, 1441.317, 116.3464, 549.584, 297.9125, 169.7932, 2075.513, 510.3044, 1773.897, 44.91793, 1506.276, 99.91986, 521.4331, 0.03616194, 803.4549
376.7, 21.82595, 2451.366, 744.4487, 50.51574, 329.5887, 320.7038, 377.3443, 1373.918, 109.8706, 521.9423, 302.7541, 160.7498, 2028.307, 487.3452, 1787.008, 42.90855, 1440.187, 94.94521, 497.0537, 0.03462347, 766.6566
376.8, 20.80065, 2371.902, 702.407, 48.35334, 326.498, 303.7529, 359.766, 1395.596, 157.7229, 495.6909, 285.875, 152.188, 2097.72, 526.8275, 1708.586, 40.98906, 1376.997, 90.21822, 473.8142, 0.03315045, 886.4974
376.9, 19.82351, 2248.811, 662.7397, 46.28352, 386.1413, 406.0764, 343.0065, 1330.335, 294.6654, 470.7598, 269.937, 144.0822, 2162.23, 550.8131, 1767.574, 39.15543, 1316.58, 85.72658, 451.6613, 0.0317401, 845.8958
377, 18.89227, 2132.108, 625.3124, 44.30229, 361.1598, 384.6131, 327.0278, 1268.126, 278.2643, 447.0826, 329.1125, 136.4081, 2090.127, 526.0314, 1695.336, 37.40383, 1360.688, 81.45856, 536.507, 0.03038975, 807.1536
377.1, 18.00478, 2079.177, 589.9988, 42.40587, 355.6813, 364.2842, 311.7934, 1246.359, 262.7761, 424.5963, 310.7639, 129.1428, 2137.568, 665.8304, 1620.937, 35.73059, 1300.987, 77.40302, 511.4228, 0.02909685, 770.1859
377.2, 17.15898, 1971.277, 586.5996, 40.59063, 456.1626, 360.192, 297.2687, 1320.403, 356.7244, 403.241, 328.618, 122.2644, 2049.708, 635.8739, 1576.722, 34.13219, 1356.481, 73.5494, 487.5115, 0.02785896, 734.9113
377.3, 16.35292, 2391.057, 553.4723, 38.85309, 426.6511, 341.1539, 410.0761, 1673.821, 336.8691, 488.1553, 310.2969, 180.6403, 2020.642, 607.2652, 1507.528, 32.6053, 1296.965, 69.88763, 604.5673, 0.02667373, 701.2522
377.4, 15.58472, 2842.731, 678.4229, 37.18993, 399.0488, 545.566, 390.973, 1947.314, 517.202, 463.6032, 425.3217, 208.5085, 2035.162, 579.9437, 1563.826, 31.14672, 1240.059, 66.40818, 742.8924, 0.02553893, 669.1348
377.5, 14.8526, 2709.174, 640.1099, 35.59797, 526.0118, 543.93, 468.2478, 2007.952, 561.1903, 540.7346, 516.9343, 268.0618, 2194.353, 553.8513, 1561.465, 29.75339, 1371.435, 63.10195, 708.1588, 0.0244524, 638.4883
377.6, 14.15488, 2568.58, 709.4685, 34.07415, 639.0784, 637.0649, 486.2428, 2009.796, 529.9545, 661.5383, 488.1143, 309.6027, 2215.833, 711.9045, 1846.292, 167.0213, 1311.262, 59.96033, 675.0492, 0.0234121, 609.2454
377.7, 13.48993, 2477.376, 669.4023, 32.61556, 631.3905, 642.8333, 600.6094, 1949.157, 620.2141, 628.2657, 460.901, 293.1128, 2292.888, 770.5632, 1765.268, 258.195, 1612.031, 56.97512, 643.4876, 0.02241606, 581.3419
377.8, 12.85623, 2433.042, 726.2397, 31.21941, 720.019, 608.8561, 639.1493, 1958.205, 585.6931, 793.3788, 435.2049, 277.5011, 2463.609, 905.0403, 1768.848, 246.6448, 1957.574, 54.13853, 613.4017, 0.02146239, 554.7164
377.9, 12.25229, 2384.801, 738.5716, 29.88302, 673.4373, 576.6748, 665.8413, 1962.598, 562.6624, 753.4753, 410.9415, 338.3359, 2475.277, 875.6585, 1780.682, 235.6113, 2081.75, 51.44316, 747.5425, 0.0205493, 529.3103
378, 11.67672, 2261.04, 730.3199, 28.60384, 800.8857, 578.2963, 634.8235, 1914.338, 679.4252, 853.0166, 388.0307, 320.3156, 2383.333, 836.2617, 1931.684, 225.0713, 2137.29, 48.88199, 756.5107, 0.01967505, 505.0678
378.1, 11.12819, 2306.55, 925.4829, 27.37941, 749.0723, 547.7302, 626.7845, 2154.449, 748.901, 810.1136, 366.3973, 463.4759, 2332.261, 933.4379, 2060.577, 215.0028, 2254.937, 46.44833, 737.5596, 0.018838, 481.9356
378.2, 10.60543, 2216.812, 873.2177, 26.2074, 760.7358, 518.7797, 597.5862, 2053.702, 712.8398, 769.3684, 345.97, 511.6884, 2353.131, 891.4414, 2262.023, 205.3848, 2156, 44.13583, 761.3495, 0.01803656, 459.8629
378.3, 10.10722, 2101.769, 835.3084, 25.08556, 729.3721, 491.3594, 643.0513, 2086.284, 673.1632, 828.8585, 326.6815, 484.435, 2462.267, 851.3345, 2255.207, 196.197, 2072.17, 41.93847, 784.7928, 0.01726921, 438.8011
378.4, 9.632421, 2169.382, 790.0073, 24.01174, 682.1852, 618.1149, 705.4705, 2259.781, 635.695, 787.1705, 308.4685, 458.6332, 2361.061, 813.032, 2312.675, 187.4202, 1998.854, 39.8505, 748.1002, 0.01653451, 418.7039
378.5, 9.179925, 2056.801, 964.2596, 22.98388, 638.0511, 585.4442, 672.6067, 2154.108, 719.144, 917.3179, 291.2708, 466.3043, 2439.439, 776.4528, 2211.184, 179.0361, 2407.49, 37.86649, 713.1231, 0.01583107, 399.5273
378.6, 8.748685, 1950.062, 1123.38, 22.00003, 596.7723, 554.5003, 641.2737, 2173.926, 679.1165, 871.1808, 275.032, 454.0678, 2472.847, 741.5193, 2114.147, 171.027, 3029.384, 35.98125, 679.7814, 0.01515755, 381.2289
378.7, 8.337704, 1848.863, 1059.939, 21.05829, 558.1641, 600.9193, 663.3259, 2211.676, 641.3169, 1047.134, 370.9975, 429.8834, 2552.862, 912.4555, 2311.464, 163.3761, 3477.286, 34.18987, 647.9985, 0.01451269, 363.7685
378.8, 7.946029, 1761.664, 1163.415, 20.15686, 522.0535, 569.7529, 684.2088, 2280.104, 605.6212, 994.4677, 367.0257, 406.987, 2489.309, 899.5839, 2370.621, 156.0676, 4019.108, 32.48768, 617.7017, 0.01389527, 347.1079
378.9, 7.572753, 1670.242, 1097.713, 19.29402, 488.2792, 600.2325, 652.3354, 2266.402, 571.9124, 1037.532, 346.5634, 385.3102, 2434.741, 915.5518, 2329.224, 149.086, 4338.606, 30.87023, 588.8213, 0.01330411, 331.2103
379, 7.217012, 1583.564, 1035.721, 18.46811, 456.6899, 604.9704, 757.3672, 2200.265, 540.0797, 985.3491, 327.2419, 364.7879, 2527.946, 874.3601, 2227.007, 142.4167, 4416.589, 29.33331, 561.2912, 0.0127381, 316.0408
379.1, 6.877983, 1549.757, 977.2302, 17.67756, 449.2364, 604.4968, 797.4056, 2097.376, 510.0189, 935.7903, 308.9975, 345.3587, 2565.636, 835.0217, 2363.807, 136.0457, 4553.829, 27.87291, 535.0483, 0.01219617, 301.5661
379.2, 6.55488, 1469.332, 951.8613, 16.92085, 506.3719, 580.7729, 760.259, 2162.892, 481.6313, 888.7242, 291.7704, 326.9643, 2600.826, 797.4531, 2319.43, 129.9598, 4354.026, 26.48522, 510.0323, 0.0116773, 287.7543
379.3, 6.246955, 1393.08, 1019.294, 16.19653, 476.974, 550.076, 724.8429, 2061.75, 454.8237, 864.3179, 314.5548, 309.5497, 2552.475, 761.5748, 2290.964, 124.1461, 4397.33, 25.16661, 486.186, 0.0111805, 274.5751
379.4, 5.953496, 1583.577, 978.1987, 15.50321, 446.1161, 556.8776, 691.0766, 1965.338, 429.5082, 884.1357, 431.5279, 293.0625, 2589.058, 734.0444, 2256.897, 118.5925, 4339.277, 23.91366, 463.4546, 0.01070484, 261.9995
379.5, 5.673822, 1501.397, 1007.257, 14.83958, 440.0922, 527.4437, 658.8833, 2053.394, 405.6018, 839.6675, 407.4694, 277.4535, 2508.979, 792.6846, 2205.158, 113.2873, 4282.124, 22.72308, 441.786, 0.01024941, 249.9999
379.6, 5.407287, 1423.481, 950.3732, 14.20435, 521.8906, 499.5654, 628.1897, 1957.372, 383.026, 835.3752, 384.7523, 262.6758, 2435.34, 765.4313, 2141.531, 108.2194, 4223.718, 21.59178, 421.1305, 0.009813364, 238.5499
379.7, 5.153272, 1349.609, 909.9622, 13.59631, 488.1268, 473.1607, 598.9259, 1922.73, 361.7068, 857.0577, 363.3016, 248.6853, 2541.384, 730.9937, 2047.55, 103.3783, 4163.99, 20.5168, 401.4408, 0.009395865, 227.6243
379.8, 4.91119, 1409.608, 858.5734, 13.01431, 456.5473, 448.1516, 571.0253, 2025.579, 341.5742, 813.9514, 343.0469, 235.4399, 2436.926, 701.4442, 1957.694, 98.75372, 4121.742, 19.49534, 382.6716, 0.008996128, 217.1991
379.9, 4.68048, 1383.839, 810.0868, 12.45721, 530.4911, 424.4644, 544.4245, 2217.854, 322.5623, 773.0132, 323.9214, 222.8999, 2492.062, 691.488, 1945.508, 94.33601, 3951.079, 18.52474, 364.78, 0.008613398, 207.2513
380, 4.460608, 1312.024, 777.5793, 11.92396, 496.1709, 435.7342, 519.0629, 2336.524, 315.2966, 734.134, 305.8622, 211.0279, 2516.582, 702.6074, 1860.13, 90.11594, 3803.433, 17.60246, 347.7249, 0.008246951, 197.7592
380.1, 4.251064, 1268.026, 879.6387, 11.41354, 464.0711, 412.7033, 494.8827, 2363.305, 297.7472, 716.7424, 288.8098, 199.7882, 2422.66, 670.9963, 1809.28, 86.08464, 3683.641, 16.72609, 331.4671, 0.007896094, 188.7018
380.2, 4.051364, 1359.789, 845.4149, 10.92497, 444.9104, 442.8093, 536.6072, 2252.792, 281.1746, 820.5785, 272.7082, 189.1472, 2558.484, 640.8074, 1729.88, 82.23368, 3742.923, 15.89336, 315.9695, 0.007560163, 180.0592
380.3, 3.861046, 1346.704, 839.3297, 10.45731, 417.8042, 419.4044, 553.7448, 2154.846, 265.5244, 779.3069, 257.5042, 179.0729, 2566.23, 611.9768, 1653.965, 78.55499, 3692.188, 15.10209, 301.1965, 0.007238525, 558.7651
380.4, 3.679668, 1846.234, 1059.374, 10.00967, 390.7743, 397.2366, 527.9489, 2235.222, 250.7454, 740.1112, 243.1479, 169.5352, 2460.75, 584.4433, 1653.036, 75.04087, 3530.19, 14.35021, 287.1142, 0.00693057, 533.1736
380.5, 3.506811, 2016.069, 999.5477, 9.581196, 365.493, 376.2405, 503.3548, 2295.385, 236.7889, 702.8868, 229.5919, 160.5054, 2475.464, 721.157, 1667.184, 71.68395, 3496.634, 13.63576, 273.6903, 0.006635716, 508.7542
380.6, 3.342073, 2197.899, 943.0998, 9.17106, 341.8474, 477.4437, 520.5204, 2270.534, 223.6092, 812.688, 216.7918, 151.9566, 2508.243, 688.7113, 1594.02, 68.4772, 3444.994, 12.95688, 260.8941, 0.006353407, 485.4531
380.7, 3.185075, 2134.977, 889.8397, 8.778481, 353.424, 452.2082, 496.2724, 2445.772, 211.1632, 811.5919, 204.7052, 143.8632, 2568.973, 657.7254, 1638.18, 65.41391, 3390.81, 12.31181, 248.6961, 0.006083108, 463.2193
380.8, 3.035451, 2106.18, 846.0411, 8.402706, 330.5592, 428.3065, 520.7276, 2344.368, 199.4098, 931.3831, 193.2926, 136.2008, 2574.471, 628.1336, 1689.504, 62.48765, 3447.361, 11.69885, 237.0684, 0.005824309, 442.0038
380.9, 2.892857, 2076.287, 905.472, 8.043017, 309.1736, 405.6682, 496.4699, 2332.788, 188.3107, 946.7684, 182.5161, 152.0338, 2567.691, 659.3006, 1684.452, 59.69229, 3397.836, 11.1164, 225.9844, 0.005576521, 421.7599
381, 2.756961, 1972.667, 894.7007, 7.698725, 289.1716, 384.2265, 473.3422, 2237.4, 177.8293, 899.15, 172.3405, 272.387, 2524.964, 852.938, 1797.712, 57.02198, 3600.682, 10.56296, 215.4186, 0.005339274, 402.4433
381.1, 2.627449, 1870.295, 941.7117, 7.369171, 270.4636, 363.9181, 451.2918, 2132.774, 167.9314, 1294.4, 162.7323, 311.9808, 2578.628, 874.9228, 1718.82, 54.47113, 3656.566, 10.03706, 205.3468, 0.00511212, 384.0113
381.2, 2.504021, 2028.548, 888.5299, 7.053724, 252.9659, 344.683, 505.6849, 2240.65, 166.0459, 1458.446, 153.6596, 295.3642, 2678.661, 908.1505, 1863.074, 52.03439, 3610.247, 9.537354, 195.7459, 0.004894631, 366.4235
381.3, 2.386391, 2076.109, 939.3021, 6.75178, 236.6002, 326.4647, 601.6562, 2259.981, 240.9273, 2022.954, 145.0928, 326.615, 2695.075, 867.2918, 1781.313, 49.70665, 3652.308, 9.062523, 186.5939, 0.004686394, 349.6413
381.4, 2.274287, 1968.368, 974.5916, 6.462761, 221.2933, 309.2093, 749.9614, 2452.791, 227.5173, 2269.636, 137.0036, 309.2189, 2674.805, 828.2714, 1703.141, 47.48305, 3673.667, 8.611332, 177.8698, 0.004487017, 333.6277
381.5, 2.167449, 1926.801, 956.1617, 6.186114, 272.9825, 385.4909, 715.025, 2338.093, 214.8537, 2163.212, 129.3654, 292.7494, 2564.863, 791.0065, 1701.799, 45.35892, 3672.919, 8.182604, 169.5536, 0.004296122, 318.3475
381.6, 2.06563, 1826.809, 912.2066, 5.921309, 255.3219, 365.1156, 681.716, 2271.298, 202.895, 2059.605, 122.1531, 277.1571, 2505.798, 760.4929, 1699.538, 43.32981, 3684.178, 7.775221, 161.6262, 0.004113348, 303.7671
381.7, 1.968594, 1732.006, 972.809, 5.66784, 238.8038, 345.8173, 649.9587, 2359.948, 191.6019, 2050.249, 115.3428, 262.3952, 2625.758, 726.2774, 1624.955, 41.39147, 3522.532, 7.38812, 154.0694, 0.00393835, 289.8546
381.8, 1.876117, 1696.512, 917.871, 5.42522, 223.3543, 327.539, 619.6808, 2426.13, 180.9373, 1985.272, 108.9123, 248.4196, 2612.249, 746.8243, 1666.781, 39.53984, 3493.527, 7.020292, 146.866, 0.003770797, 276.5792
381.9, 34.98359, 1660.488, 866.0356, 5.192986, 208.9044, 310.2268, 590.8134, 2581.468, 170.8663, 2096.292, 102.8402, 235.1883, 2504.877, 820.9507, 1593.635, 37.77105, 3627.255, 6.670776, 139.9993, 0.003610373, 263.9118
382, 33.34019, 1733.352, 854.374, 4.970694, 195.3893, 293.8297, 563.2908, 2460.752, 161.3559, 2077.787, 97.10668, 222.6618, 2619.06, 792.3999, 1585.252, 36.08138, 3591.314, 6.338662, 133.4537, 0.003456774, 251.8246
382.1, 31.77398, 1643.399, 806.1245, 4.757916, 182.7485, 278.2992, 537.0502, 2345.682, 299.7055, 1973.284, 91.69281, 210.8025, 2545.714, 908.1625, 1515.683, 34.46729, 3488.208, 6.023083, 127.2141, 0.003309709, 240.291
382.2, 30.28136, 1558.114, 775.9694, 4.554247, 176.6868, 263.5896, 512.0321, 2416.824, 283.0239, 1915.468, 86.58077, 199.5748, 2556.82, 867.3033, 1473.879, 32.92542, 3335.16, 5.723215, 121.2663, 0.003168901, 229.2856
382.3, 28.85885, 1499.108, 806.0195, 4.359297, 165.256, 249.6574, 488.1794, 2341.087, 267.2708, 1838.102, 81.75374, 188.9451, 2524.589, 874.5444, 1409.199, 31.45251, 3372.802, 5.438276, 115.5966, 0.003034084, 218.7843
382.4, 27.50317, 1421.311, 760.5008, 4.172691, 154.5647, 236.4617, 465.4379, 2281.094, 252.3946, 1993.38, 356.8682, 271.736, 2580.693, 918.9619, 1347.357, 30.0455, 3360.441, 5.167524, 110.1919, 0.002905002, 208.764
382.5, 26.21117, 1347.551, 719.4515, 3.994074, 144.5651, 223.9634, 443.7558, 2216.712, 238.3463, 2001.137, 352.4013, 257.2628, 2611.895, 877.6167, 1288.228, 28.70143, 3241.05, 4.910251, 105.0399, 0.002781412, 199.2025
382.6, 24.97986, 1277.62, 833.0817, 3.823102, 135.2125, 212.1257, 423.0838, 2310.13, 225.08, 2010.116, 379.9642, 285.6075, 2533.637, 1008.296, 1377.964, 27.41748, 3143.565, 4.665787, 100.1288, 0.00266308, 190.079
382.7, 23.8064, 1211.317, 896.7817, 3.659449, 126.4649, 200.9138, 403.3747, 2202.104, 245.8599, 1997.861, 358.7805, 270.3955, 2597.629, 962.9314, 1317.492, 26.19097, 3189.365, 4.433494, 95.44735, 0.002549782, 181.3734
382.8, 22.68806, 1148.455, 856.9988, 3.502802, 118.2832, 190.2944, 384.5838, 2196.039, 232.1753, 1897.377, 338.7779, 288.8608, 2608.978, 939.6902, 1353.763, 25.01933, 3218.202, 4.212766, 90.98476, 0.002441305, 173.0665
382.9, 21.62226, 1088.856, 815.0184, 3.352859, 110.6309, 286.974, 366.6682, 2210.397, 219.2525, 1832.033, 319.8904, 273.4756, 2539.63, 913.6013, 1383.869, 23.9001, 3077.001, 4.003027, 86.7308, 0.002337442, 165.14
383, 20.60652, 1032.349, 886.616, 3.209336, 109.0118, 299.4345, 349.5872, 2107.034, 207.0489, 1739.89, 302.0559, 258.9098, 2484.641, 892.3078, 1323.138, 22.83094, 2975.212, 3.803731, 82.67574, 0.002237998, 157.5766
383.1, 19.6385, 978.7748, 836.5457, 3.071956, 101.9593, 354.5443, 333.3019, 2008.505, 233.1529, 1747.766, 308.2985, 245.1198, 2382.515, 852.1619, 1353.854, 21.80961, 3076.667, 3.614357, 78.81028, 0.002142785, 150.3595
383.2, 18.71595, 977.89, 817.9345, 2.940457, 95.36299, 347.577, 317.7753, 2105.699, 220.1756, 1674.545, 291.1103, 232.0643, 2398.416, 878.2154, 1442.694, 20.83397, 3080.491, 3.434411, 75.12554, 0.002051623, 143.4731
383.3, 17.83675, 927.1419, 771.7429, 2.814587, 89.19347, 329.2057, 302.972, 2053.674, 207.9206, 1770.938, 274.8804, 266.7039, 2574.884, 891.6379, 1438.844, 19.90197, 3182.545, 3.263424, 71.61308, 0.001964339, 136.902
383.4, 16.99884, 890.0074, 984.1013, 2.694104, 83.42308, 333.7415, 288.8582, 2090.786, 196.3478, 1790.861, 259.5553, 252.4988, 2469.049, 851.5221, 1481.177, 19.01167, 3042.908, 3.100949, 68.26485, 0.001880768, 130.6318
383.5, 16.2003, 843.8201, 928.5257, 2.57878, 78.02601, 316.1015, 275.4019, 2035.599, 185.4191, 1700.789, 397.9723, 239.0502, 2458.795, 991.0211, 1577.954, 18.16119, 2909.398, 2.946564, 65.07316, 0.001800753, 124.6489
383.6, 15.43927, 800.0297, 953.2527, 2.468392, 72.9781, 299.3938, 397.4395, 2112.862, 177.303, 1615.246, 507.8648, 275.3185, 2415.875, 946.4339, 1508.706, 17.34876, 2781.746, 2.799865, 62.03069, 0.001724142, 118.9399
383.7, 14.71398, 758.5118, 899.4193, 2.362729, 68.25677, 283.5692, 378.9251, 2242.611, 190.5424, 1727.322, 479.5504, 260.6546, 2403.639, 903.8528, 1589.251, 16.57267, 2855.227, 2.66047, 59.13048, 0.00165079, 113.4925
383.8, 14.02277, 719.1486, 848.6259, 2.261589, 63.84089, 268.5811, 361.2731, 2185.845, 355.7483, 1640.445, 576.1507, 246.7717, 2440.053, 989.9823, 1540.717, 15.8313, 2830.849, 2.528014, 56.36586, 0.001580559, 108.2945
383.9, 13.36404, 681.828, 847.0823, 2.164779, 90.27595, 299.2434, 362.9004, 2235.301, 396.6655, 1557.938, 544.0292, 259.0943, 2344.652, 945.4419, 1548.658, 15.12309, 2895.473, 2.402153, 53.7305, 0.001513316, 103.3346
384, 12.73624, 646.4442, 844.9891, 2.072113, 84.43553, 316.0305, 529.175, 2130.773, 374.5871, 1548.373, 551.6213, 245.2945, 2477.525, 1218.364, 1499.646, 14.44657, 3037.401, 2.282559, 51.21835, 0.001448934, 98.60185
384.1, 12.13794, 612.8967, 923.749, 1.983413, 80.71354, 299.3265, 504.5238, 2190.484, 353.7376, 1534.775, 562.5955, 232.2297, 2375.691, 1170.645, 1584.031, 13.80031, 2978.014, 2.168918, 48.82366, 0.001387291, 94.08588
384.2, 11.56774, 581.0902, 923.2315, 1.89851, 75.49176, 283.5055, 481.0209, 2088.052, 445.0784, 1507.133, 544.8331, 268.0142, 2408.71, 1117.977, 1585.676, 13.18296, 3068.715, 2.060936, 46.54094, 0.00132827, 89.77673
384.3, 11.02433, 550.9343, 914.1183, 1.817242, 70.60781, 354.6372, 458.6129, 2012.78, 420.3054, 1431.331, 547.575, 262.5458, 2393.921, 1067.677, 1608.641, 12.59322, 2934.072, 1.958329, 44.36494, 0.00127176, 85.66494
384.4, 10.50645, 522.3433, 862.4949, 1.739453, 66.03983, 335.8927, 437.2487, 2109.388, 396.9112, 1469.42, 537.0521, 303.2914, 2295.524, 1048.132, 1538.047, 12.02987, 3023.595, 1.860831, 42.29068, 0.001217654, 81.74147
384.5, 10.01289, 495.236, 813.7868, 1.664993, 61.76737, 318.139, 416.8798, 2010.749, 416.4935, 1495.745, 507.1105, 287.1376, 2410.953, 1000.975, 1582.052, 11.49172, 3098.88, 1.768187, 40.3134, 0.001165851, 77.9977
384.6, 9.542524, 469.5355, 767.8294, 1.593721, 57.77132, 366.6401, 397.4597, 1930.56, 393.3115, 1420.516, 478.8382, 271.8442, 2505.078, 994.2706, 1512.625, 10.97764, 2962.915, 1.680155, 38.42856, 0.001116251, 74.42539
384.7, 9.094251, 445.1688, 730.2942, 1.525499, 54.03379, 375.7333, 378.9444, 1911.281, 371.4198, 1385.819, 452.1421, 257.3653, 2526.276, 949.5373, 1446.244, 10.48656, 3018.298, 1.596506, 36.63185, 0.001068761, 71.0167
384.8, 8.667036, 422.0665, 780.6901, 1.460198, 52.62756, 355.8738, 361.2915, 1821.906, 350.7466, 1382.133, 426.9344, 243.6576, 2461.484, 906.8165, 1390.552, 10.01745, 2943.931, 1.517022, 86.35623, 0.001023292, 67.76412
384.9, 8.25989, 400.1632, 736.6018, 1.397693, 59.18617, 337.0639, 344.461, 1824.786, 331.2241, 1312.618, 403.132, 230.68, 2470.677, 908.7768, 1329.528, 9.569326, 2880.061, 1.441494, 82.31869, 0.0009797572, 64.66051
385, 7.87187, 379.3966, 695.0034, 1.337863, 100.0991, 319.2483, 328.4145, 1773.116, 312.7881, 1246.599, 380.6566, 231.7655, 2480.264, 995.5646, 1328.619, 9.141247, 2836.257, 1.369728, 78.46992, 0.0009380745, 61.69905
385.1, 7.502078, 359.7076, 711.4869, 1.280594, 93.62313, 302.3743, 313.1156, 1863.014, 295.3784, 1183.901, 394.526, 219.4213, 2378.318, 980.3906, 1270.313, 8.732317, 2850.53, 180.4133, 74.80109, 0.0008981652, 58.87323
385.2, 7.149658, 341.0404, 671.3067, 1.225776, 144.0186, 286.3922, 399.1395, 1775.895, 278.9377, 1124.356, 372.5304, 222.2667, 2320.33, 962.1938, 1214.566, 8.341681, 2735.904, 171.4312, 71.3038, 0.0008599537, 56.17683
385.3, 6.813793, 345.6053, 651.0829, 1.173305, 161.0142, 271.2548, 476.5503, 1692.85, 263.412, 1067.805, 351.7612, 210.4284, 2348.715, 918.9036, 1244.641, 7.968519, 2784.697, 162.8962, 67.97002, 0.0008233679, 53.60392
385.4, 6.493705, 327.67, 730.2875, 1.12308, 150.5974, 256.9175, 454.3505, 1613.689, 248.7505, 1014.099, 332.1498, 199.2206, 2252.176, 893.4141, 1216.025, 7.612051, 2662.516, 218.0077, 64.79211, 0.0007883387, 51.14885
385.5, 6.188654, 346.5605, 689.0457, 1.075005, 140.8545, 243.3381, 433.1849, 1538.229, 234.905, 963.0947, 313.6319, 188.6098, 2275.95, 1055.995, 1167.742, 7.271529, 2677.367, 234.1745, 61.76279, 0.0007547997, 48.80623
385.6, 5.897934, 328.5756, 650.1328, 1.028988, 131.7419, 230.4763, 413.0053, 1524.052, 221.8302, 914.6552, 296.1464, 178.5641, 2247.988, 1008.485, 1126.648, 6.946241, 2647.394, 336.7236, 58.8751, 0.0007226876, 46.5709
385.7, 5.62087, 311.524, 657.7612, 0.984941, 190.0335, 218.2944, 393.7657, 1452.784, 209.4832, 868.652, 320.5359, 260.2548, 2265.712, 963.1117, 1160.915, 6.635504, 2531.237, 319.9593, 56.12242, 0.0006919416, 44.43794
385.8, 5.356822, 295.3573, 843.3524, 0.9427793, 177.7392, 206.7564, 375.4224, 1516.089, 197.8234, 824.9626, 302.6655, 272.4003, 2191.046, 989.9649, 1109.969, 6.338668, 2463.763, 333.3837, 53.49844, 0.0006625038, 42.40268
385.9, 5.105178, 280.0296, 857.5997, 0.9024224, 166.2404, 195.8282, 357.9336, 1445.193, 186.8125, 783.4706, 285.7914, 257.8918, 2329.316, 945.4252, 1061.258, 6.05511, 2463.381, 316.7857, 50.99715, 0.0006343183, 40.46063
386, 4.865355, 278.341, 841.0837, 0.863793, 161.5283, 185.4776, 341.2595, 1421.324, 176.4146, 744.0655, 360.817, 248.5733, 2233.574, 902.8895, 1192.288, 5.784238, 2438.409, 414.6896, 48.6128, 0.0006073319, 38.60752
386.1, 4.636798, 263.8964, 832.4447, 0.8268172, 151.0782, 212.6856, 325.3622, 1354.86, 166.5953, 706.6422, 431.4296, 235.3338, 2365.263, 862.2675, 1139.965, 5.525483, 2331.422, 554.5843, 46.33993, 0.0005814937, 36.83929
386.2, 4.418978, 280.6639, 785.4337, 0.7914242, 141.3041, 201.444, 310.2054, 1374.619, 157.3226, 671.1012, 407.3766, 239.4255, 2270.708, 823.4731, 1121.702, 5.278303, 2516.721, 526.9735, 44.17333, 0.0005567546, 35.15205
386.3, 4.21139, 329.4667, 741.0775, 0.7575462, 213.8527, 225.3629, 295.7547, 1310.339, 148.5661, 637.3477, 384.6646, 226.6733, 2271.059, 897.6082, 1072.476, 5.04218, 2406.298, 586.3827, 42.10802, 0.0005330681, 33.54208
386.4, 4.013555, 312.3689, 713.246, 0.7251184, 234.1436, 213.4513, 281.9772, 1296.202, 140.2969, 605.2919, 363.2189, 265.4253, 2250.49, 857.2238, 1120.398, 4.81662, 2300.719, 557.1888, 40.13928, 0.0005103893, 32.00585
386.5, 3.825012, 296.1584, 672.9666, 0.6940787, 218.9957, 202.1692, 268.8415, 1235.589, 132.488, 574.8483, 360.7762, 251.2883, 2157.988, 818.6563, 1071.229, 4.601151, 2259.567, 529.4483, 38.26259, 0.0004886754, 30.53998
386.6, 3.645327, 280.7891, 634.9618, 0.6643678, 204.8277, 191.4835, 256.3177, 1177.81, 125.1137, 545.936, 451.6752, 237.9042, 2215.716, 881.475, 1055.687, 4.39532, 2236.641, 503.089, 36.47364, 0.0004678852, 29.14124
386.7, 3.474082, 266.2174, 599.1033, 0.6359286, 191.5763, 181.3626, 244.3773, 1261.22, 118.1499, 629.3627, 426.4935, 295.9971, 2124.643, 841.8165, 1010.968, 4.198698, 2155.535, 478.0419, 34.76833, 0.0004479796, 27.80657
386.8, 3.310883, 252.402, 600.0571, 0.6087068, 210.1019, 171.7766, 232.9931, 1336.736, 111.5736, 597.7085, 402.7158, 280.2318, 2174.54, 803.9422, 1002.411, 4.010871, 2110.714, 605.9019, 33.14276, 0.0004289208, 26.53302
386.9, 3.155349, 239.3035, 675.611, 0.5826503, 196.5093, 162.6973, 222.1393, 1274.227, 105.3635, 567.6464, 380.2636, 265.3062, 2085.16, 846.5397, 1010.836, 3.831446, 2108.066, 831.519, 31.59318, 0.0004106728, 25.31781
387, 3.007122, 226.8847, 675.52, 0.5577092, 306.9619, 154.0979, 211.7911, 1224.537, 99.49894, 539.0962, 429.5117, 251.1755, 2083.867, 899.4929, 966.4759, 3.660048, 2037.378, 802.4988, 30.11606, 0.0003932012, 24.15825
387.1, 2.865859, 215.1104, 637.371, 0.5338356, 287.1029, 145.953, 201.925, 1326.608, 93.96083, 511.982, 405.5656, 237.7975, 2042.864, 859.0237, 999.0947, 3.496318, 1964.883, 762.5453, 28.708, 0.0003764729, 23.0518
387.2, 2.731231, 203.9472, 601.3765, 0.5109841, 268.5287, 138.2386, 387.1148, 1264.573, 88.73097, 486.2315, 382.9546, 225.132, 2124.33, 820.3752, 955.2498, 3.339912, 2041.457, 724.5809, 27.36577, 0.0003604563, 21.99602
387.3, 2.602928, 193.3632, 611.0609, 303.6221, 266.5265, 130.9319, 558.4135, 1252.401, 83.79221, 461.7762, 397.076, 213.1411, 2037.014, 783.4656, 951.3581, 3.190502, 1951.887, 688.5066, 26.08629, 0.0003451211, 20.9886
387.4, 2.480652, 183.3286, 632.0789, 290.6252, 249.2835, 124.0114, 532.4001, 1274.541, 79.12834, 438.5509, 374.9384, 201.7888, 2012.554, 806.2157, 909.6081, 3.047777, 2006.935, 806.7667, 24.86664, 0.0003304383, 20.02732
387.5, 2.36412, 233.0183, 640.3055, 278.1846, 233.1561, 117.4568, 507.5987, 1214.94, 74.72406, 497.4349, 354.0349, 191.0412, 2045.798, 774.967, 923.3553, 2.911436, 1946.022, 766.6006, 23.70401, 0.0003163801, 19.11007
387.6, 2.253062, 223.0634, 643.377, 266.2766, 218.072, 111.2486, 483.9525, 1372.665, 70.56493, 472.4161, 518.9856, 180.866, 1961.709, 776.1506, 955.6655, 2.781194, 2027.549, 855.6394, 22.59574, 0.0003029201, 18.23482
387.7, 2.147221, 255.956, 769.3357, 254.8782, 203.9638, 105.3685, 461.408, 1308.476, 66.63728, 448.6556, 490.0512, 171.2328, 1881.077, 741.2307, 994.2941, 2.656779, 1938.589, 896.3015, 21.53929, 0.0002900327, 17.39966
387.8, 2.046352, 242.6731, 725.8886, 243.9678, 201.3403, 99.79918, 439.9136, 1297.188, 62.92826, 426.0902, 462.73, 162.1126, 1803.76, 883.8702, 950.6599, 2.537929, 1999.844, 960.3376, 20.53223, 0.0002776936, 16.60276
387.9, 1.950222, 230.0795, 758.4284, 233.5245, 375.1128, 94.52425, 419.4205, 1333.478, 59.42567, 486.4071, 436.9319, 153.4782, 1729.62, 844.1039, 941.2797, 2.424396, 1912.099, 980.406, 19.57225, 0.0002658794, 15.84235
388, 1.858608, 218.1394, 715.5973, 223.5282, 350.8448, 89.52814, 399.8821, 1285.876, 56.11805, 461.9429, 412.5722, 145.3037, 1658.527, 806.1268, 1056.35, 2.315942, 1828.205, 1005.202, 18.65716, 0.0002545678, 15.11677
388.1, 1.771297, 206.819, 748.5858, 213.9597, 336.8285, 84.7961, 381.2538, 1347.413, 52.99452, 438.7092, 389.5706, 137.5646, 1590.357, 769.8582, 1038.229, 2.212339, 2091.421, 955.1567, 17.78485, 0.0002437375, 14.42442
388.2, 1.688088, 196.086, 915.2607, 204.8009, 315.0373, 80.31417, 363.4934, 1284.405, 50.04485, 483.011, 367.8513, 130.2377, 1524.989, 747.5892, 1059.656, 2.113371, 1999.658, 1015.602, 16.95333, 0.000233368, 13.76377
388.3, 1.608788, 185.91, 863.5727, 196.0341, 294.6559, 76.06914, 346.5603, 1299.011, 47.25935, 458.7176, 347.3429, 123.301, 1487.071, 752.5673, 1013.154, 2.018831, 1911.922, 989.5712, 16.16069, 0.0002234396, 13.13339
388.4, 1.533213, 245.5653, 814.8037, 187.6426, 362.8581, 72.04848, 330.416, 1238.266, 44.6289, 435.6461, 327.9779, 116.7338, 1610.08, 718.7084, 968.692, 1.928519, 1890.481, 940.304, 15.4051, 0.0002139336, 12.53188
388.5, 1.461188, 232.8216, 768.7889, 179.6104, 372.9176, 68.24033, 315.0238, 1180.362, 42.14486, 413.735, 309.6926, 110.5163, 1652.459, 696.3508, 926.1813, 1.842248, 1892.82, 893.4896, 14.68484, 0.000204832, 11.95792
388.6, 1.392547, 220.7392, 871.2725, 171.9219, 348.7917, 64.63346, 300.3487, 1136.92, 39.79908, 392.9259, 292.4266, 104.6301, 1593.986, 677.5731, 999.4549, 1.759836, 2035.076, 849.0059, 13.99826, 0.0001961177, 11.41024
388.7, 1.32713, 209.2839, 822.0687, 164.5625, 345.6875, 61.21724, 286.3571, 1083.755, 37.58386, 373.1635, 276.1233, 99.05727, 1569.354, 647.0883, 956.8919, 1.68111, 1969.255, 853.9224, 13.34378, 0.0001877741, 10.88765
388.8, 1.264786, 198.423, 775.6436, 157.5182, 449.228, 57.98158, 273.0174, 1164.034, 35.49195, 354.395, 260.7289, 93.78132, 1535.718, 617.9751, 914.899, 1.605906, 1989.876, 811.4086, 12.7199, 0.0001797854, 10.389
388.9, 1.205371, 188.1257, 731.8403, 150.7755, 420.1651, 54.91694, 260.299, 1109.601, 33.51647, 336.5705, 246.1928, 88.78637, 1472.595, 590.1717, 914.9294, 1.534067, 1947.518, 858.559, 12.12518, 0.0001721367, 9.91318
389, 1.148747, 253.726, 796.8032, 144.3213, 392.9824, 52.01428, 359.3285, 1057.714, 31.65094, 319.6424, 232.4671, 84.05746, 1412.068, 563.6192, 987.8818, 1.465441, 1862.069, 815.8144, 11.55828, 0.0001648133, 9.459155
389.1, 1.094783, 240.5588, 763.2061, 138.1434, 367.5583, 49.26505, 342.5894, 1008.253, 29.88925, 303.5658, 219.5067, 79.58041, 1355.4, 591.3448, 944.529, 1.399885, 1780.369, 775.1979, 11.01787, 0.0001578015, 9.025925
389.2, 1.043354, 228.0749, 720.1052, 259.8508, 343.7791, 46.66113, 326.6302, 961.105, 28.22562, 288.2978, 207.2688, 75.34183, 1304.844, 564.7396, 935.433, 1.337262, 1766.208, 736.6035, 10.50274, 0.000151088, 8.612536
389.3, 0.994341, 216.2389, 679.4383, 248.7275, 325.5497, 44.19484, 357.407, 916.1616, 26.65458, 273.7976, 195.7132, 71.32899, 1332.062, 559.7043, 1061.161, 1.27744, 1812.706, 814.9515, 10.01169, 0.0001446602, 8.218081
389.4, 0.9476305, 205.0171, 694.1674, 238.0804, 304.4883, 41.8589, 340.7575, 873.3199, 25.17099, 260.0268, 184.8018, 67.52989, 1291.226, 534.5226, 1014.593, 1.220295, 1762.307, 774.3779, 9.543596, 0.0001385057, 7.841691
389.5, 0.9031142, 194.3776, 785.1786, 227.8891, 284.7893, 39.64643, 324.8835, 873.2847, 23.76997, 246.9486, 174.4988, 63.93314, 1269.105, 510.4738, 970.0678, 1.165705, 1684.985, 735.8244, 9.09739, 0.0001326132, 7.482541
389.6, 0.8606892, 194.0774, 740.8369, 218.134, 294.1896, 37.55091, 309.7491, 832.448, 22.44694, 234.5281, 164.7702, 60.52795, 1219.029, 573.5983, 974.199, 1.113558, 1687.246, 699.1903, 8.672046, 0.0001269713, 7.139839
389.7, 0.8202571, 216.6081, 698.9992, 208.7965, 275.157, 35.56614, 295.3196, 793.5209, 21.19754, 222.7324, 155.5839, 65.94402, 1235.183, 547.7915, 931.4467, 1.063744, 1622.182, 664.3801, 8.266588, 0.0001215694, 6.812833
389.8, 0.7817243, 205.3672, 674.5515, 199.8587, 275.2904, 33.68628, 360.883, 756.4142, 20.01769, 211.5299, 146.9098, 62.43172, 1184.414, 523.1458, 890.5704, 1.016158, 1828.464, 631.303, 7.880088, 0.0001163974, 6.500804
389.9, 0.7450017, 194.7095, 636.4572, 191.3035, 257.4804, 31.90578, 344.0715, 905.8524, 18.9035, 200.8909, 138.7193, 204.996, 1155.797, 499.6088, 950.4962, 0.9707001, 1748.239, 599.8726, 7.511658, 0.0001114454, 6.203067
390, 0.7100043, 233.156, 748.9344, 183.1145, 240.8227, 30.21939, 486.6901, 863.4928, 17.85134, 190.7869, 277.322, 194.0775, 1108.291, 558.7023, 908.784, 0.9272763, 1767.857, 570.0071, 7.160454, 0.0001067041, 5.918965
390.1, 0.6766508, 221.0563, 706.6395, 226.758, 225.2426, 28.62213, 464.018, 879.2213, 16.85773, 181.1912, 261.8608, 236.2152, 1062.737, 611.5856, 913.9328, 0.8857951, 1715.65, 669.9065, 6.825671, 0.0001021645, 5.647876
390.2, 0.6448642, 263.3497, 680.2661, 217.0513, 210.6705, 27.1093, 442.402, 952.5049, 15.91943, 172.0781, 384.172, 311.7493, 1076.84, 585.5509, 873.8252, 0.8461694, 1760.072, 636.5542, 6.50654, 9.7818e-05, 5.389202
390.3, 0.6145708, 249.6831, 642.3013, 207.7601, 197.0411, 25.67642, 421.793, 972.584, 15.03336, 163.4233, 362.7537, 488.0028, 1032.579, 559.2063, 835.4777, 0.8083164, 1759.295, 702.1273, 6.20233, 9.365644e-05, 5.142376
390.4, 0.5857005, 267.094, 606.0283, 309.3026, 184.2935, 24.31929, 402.1441, 927.1038, 14.1966, 155.2038, 525.0726, 462.011, 990.137, 577.9517, 874.2532, 0.7721568, 1707.766, 867.5708, 5.912343, 8.967193e-05, 4.906854
390.5, 0.5581864, 253.233, 571.8037, 296.0625, 172.3706, 23.03388, 383.4105, 905.9924, 13.40642, 147.3977, 495.7989, 437.4035, 989.34, 566.5319, 980.9999, 0.7376147, 1632.836, 824.3775, 5.635914, 8.585693e-05, 4.682119
390.6, 0.5319648, 240.0914, 572.5367, 283.3892, 202.0622, 21.81642, 365.5496, 863.6262, 12.66022, 238.9946, 647.4047, 537.2915, 948.6752, 541.043, 949.7755, 0.7046179, 1561.194, 783.3347, 5.372409, 8.220424e-05, 4.467678
390.7, 0.506975, 227.6317, 706.9025, 271.2583, 188.9898, 20.6633, 348.5207, 1051.464, 11.95555, 226.9742, 779.0261, 508.6744, 909.6819, 615.8752, 1119.613, 0.6730971, 1677.626, 862.9703, 5.121225, 7.870695e-05, 4.263057
390.8, 0.4831592, 244.5511, 678.7394, 259.6467, 176.763, 19.57114, 332.2851, 1002.295, 11.2901, 215.5584, 874.36, 481.5816, 916.8407, 588.1663, 1139.536, 0.6429864, 1604.019, 902.3073, 4.881784, 7.535845e-05, 4.067809
390.9, 0.4604621, 231.86, 640.4086, 248.5322, 171.1665, 18.5367, 316.8058, 980.5947, 10.6617, 295.9943, 825.6129, 455.9317, 879.1558, 561.704, 1089.528, 0.6142227, 1568.278, 857.3846, 4.653539, 7.215241e-05, 3.881502
391, 0.4388312, 219.8275, 604.2424, 237.8935, 169.2373, 17.55693, 302.0477, 934.7399, 10.06827, 299.8619, 929.1754, 431.648, 843.02, 574.7438, 1082.636, 0.5867457, 1597.909, 814.6984, 4.435965, 6.908277e-05, 3.703729
391.1, 0.4182165, 208.4194, 570.1188, 227.7101, 174.2208, 16.62895, 287.977, 891.0295, 9.50787, 373.6376, 883.0713, 456.3361, 926.4384, 548.8854, 1140.645, 0.5604979, 1669.598, 890.0989, 4.228563, 6.614372e-05, 3.534098
391.2, 0.3985702, 244.5919, 537.9222, 217.9627, 162.9496, 15.75002, 274.5618, 867.8647, 8.978662, 354.8452, 998.8087, 432.0308, 888.3591, 524.1904, 1090.589, 0.5354244, 1767.347, 845.784, 4.030859, 6.33297e-05, 3.372236
391.3, 0.3798468, 237.9271, 659.4314, 208.6325, 170.61, 14.91755, 261.7715, 827.2814, 8.47891, 336.998, 1002.181, 446.2747, 966.0056, 500.6065, 1042.729, 0.5114724, 1766.487, 803.6754, 3.842398, 6.063541e-05, 3.217787
391.4, 0.362003, 225.5798, 622.191, 199.7017, 239.4868, 14.12908, 249.577, 993.3857, 8.006975, 391.1378, 946.3074, 422.5053, 926.2999, 572.8126, 996.9688, 0.4885919, 1688.981, 763.6633, 3.662748, 5.805575e-05, 3.070411
391.5, 0.3449974, 222.2835, 587.0537, 191.1532, 223.9932, 13.38228, 237.9507, 946.9329, 7.561307, 371.4653, 893.549, 400.002, 908.5016, 547.0411, 1099.58, 0.466735, 1614.875, 725.6432, 3.491498, 5.558583e-05, 2.929786
391.6, 0.3287907, 210.748, 553.9008, 182.9706, 209.5019, 12.67496, 226.8659, 902.6522, 7.140445, 397.4764, 843.7321, 378.6972, 996.1026, 522.4291, 1076.058, 0.4458558, 1731.441, 724.6329, 3.328255, 5.322099e-05, 2.795602
391.7, 0.3133453, 199.8111, 698.892, 175.1383, 195.9482, 12.00502, 216.2975, 960.7816, 6.743009, 394.018, 912.1224, 358.5271, 972.3559, 498.9245, 1028.836, 0.4259107, 1846.157, 837.7505, 3.172644, 5.095676e-05, 2.667563
391.8, 0.2986254, 241.0015, 758.3099, 167.6413, 183.2713, 11.37049, 206.2215, 915.8533, 6.367693, 374.2007, 1056.21, 339.4314, 1173.129, 476.4773, 1033.556, 0.4068577, 1765.155, 796.0419, 3.024308, 4.878886e-05, 2.545388
391.9, 0.2845971, 228.4946, 855.5032, 160.4652, 171.4145, 10.7695, 196.6148, 873.0261, 6.013268, 387.063, 997.3248, 321.3527, 1125.33, 455.04, 1017.1, 210.1703, 1776.468, 756.4098, 2.882908, 4.67132e-05, 2.428809
392, 0.2712277, 216.6368, 807.1899, 153.5963, 160.3248, 10.20027, 187.4556, 1029.948, 5.678569, 367.5954, 1023.883, 304.2369, 1079.076, 583.5775, 972.465, 252.9846, 1768.666, 782.3644, 2.748119, 4.472584e-05, 2.317569
392.1, 0.2584864, 205.3943, 761.6051, 147.0214, 149.9526, 9.661131, 178.7231, 981.7858, 5.362501, 349.1069, 966.7996, 288.0327, 1088.838, 557.3217, 1020.568, 355.4456, 1705.702, 743.4133, 2.619632, 4.282302e-05, 2.211424
392.2, 0.2463437, 194.7353, 718.5946, 229.6977, 210.1575, 9.150488, 170.3974, 935.8753, 5.064024, 331.5484, 912.8988, 321.7506, 1099.124, 635.7362, 1052.138, 339.5449, 1731.419, 939.8992, 2.497153, 4.100117e-05, 2.110141
392.3, 0.2347714, 235.5948, 678.0131, 219.8651, 196.5613, 8.666836, 162.4596, 934.257, 4.782161, 314.8729, 1089.395, 304.6136, 1053.947, 622.5433, 1033.94, 324.3555, 1696.212, 893.1049, 2.380399, 3.925682e-05, 2.013496
392.4, 0.2237426, 223.3685, 751.3726, 210.4535, 183.8448, 8.208747, 154.8915, 890.5692, 4.515986, 299.0362, 1028.66, 341.6491, 1010.627, 601.8336, 988.5663, 309.8456, 1621.789, 966.2811, 2.269105, 3.758668e-05, 1.921278
392.5, 0.213232, 211.7767, 773.6451, 201.4448, 171.9509, 7.77487, 147.676, 854.3665, 4.264627, 283.996, 971.3101, 323.4523, 969.0871, 574.7565, 962.411, 295.9848, 1583.251, 918.1733, 2.163014, 3.59876e-05, 1.833283
392.6, 0.2032152, 231.2323, 804.8256, 192.8217, 160.8265, 7.363927, 140.7966, 877.9047, 4.027257, 269.7122, 917.1578, 306.2246, 944.5134, 548.8975, 920.176, 282.744, 1624.461, 910.6737, 2.061883, 3.445655e-05, 1.749318
392.7, 0.1936688, 274.4655, 759.3743, 184.5677, 150.4218, 6.974704, 134.2377, 864.0184, 3.803101, 256.1469, 866.0246, 289.9146, 1053.468, 524.202, 879.7944, 270.0956, 1646.46, 865.3345, 1.965481, 3.299063e-05, 1.669199
392.8, 0.184571, 329.7914, 716.4897, 176.667, 140.6902, 6.606053, 127.9843, 858.7268, 3.59142, 300.6816, 817.7422, 274.4732, 1010.168, 500.6176, 841.1849, 258.013, 1574.22, 822.2526, 1.873586, 3.158708e-05, 1.59275
392.9, 0.1759005, 355.0985, 676.027, 169.1046, 131.5883, 6.256888, 122.0223, 818.5709, 3.391522, 376.4591, 772.1516, 259.8543, 1067.969, 478.0942, 804.2698, 246.4709, 1627.771, 781.3156, 1.785987, 3.024324e-05, 1.519801
393, 0.1676373, 336.6705, 637.8494, 161.8658, 123.0751, 5.926178, 229.744, 780.2927, 3.20275, 357.5249, 729.1028, 246.0141, 1024.073, 456.5842, 871.6973, 235.4451, 1556.351, 742.4166, 1.702484, 2.895658e-05, 1.450194
393.1, 0.1597623, 319.1989, 636.0236, 154.9369, 115.1128, 5.612947, 290.2753, 743.8046, 3.024485, 420.9259, 688.454, 232.9109, 981.9803, 436.042, 906.7375, 224.9126, 1535.63, 705.4543, 1.622885, 2.772465e-05, 1.383775
393.2, 0.1522573, 302.6339, 729.2083, 148.3047, 107.6655, 5.316273, 276.7531, 798.7684, 2.856143, 399.7552, 650.0714, 220.5057, 941.618, 416.424, 886.0341, 214.8512, 1678.735, 670.3323, 1.547008, 2.654514e-05, 1.320398
393.3, 0.1451048, 286.9286, 688.0273, 141.9563, 100.7001, 5.03528, 263.8607, 761.4163, 2.69717, 379.6492, 613.8287, 208.7612, 996.5219, 397.6886, 893.3377, 205.24, 1605.079, 636.9588, 1.474678, 2.54158e-05, 1.259924
393.4, 0.1382883, 385.6183, 674.8503, 185.9675, 94.18528, 4.769138, 251.5689, 776.0541, 2.547045, 360.5545, 579.6067, 197.6422, 977.2747, 386.8472, 922.0422, 196.0587, 1557.317, 605.2469, 1.40573, 2.433451e-05, 1.202219
393.5, 0.131792, 365.6065, 654.0888, 178.0069, 88.09195, 4.517064, 239.8498, 739.7641, 2.405277, 342.4202, 739.2189, 187.1155, 991.2565, 369.4425, 881.5787, 187.2881, 1488.988, 575.1138, 1.340006, 2.329923e-05, 1.147157
393.6, 0.1256009, 386.6035, 719.6326, 170.3871, 131.7459, 4.278313, 228.6765, 705.1711, 2.271399, 325.1979, 698.0062, 324.8629, 951.2167, 387.6864, 842.891, 178.9098, 1506.895, 727.868, 1.277355, 2.230799e-05, 1.094617
393.7, 0.1197006, 476.954, 875.673, 163.0934, 144.0371, 4.052181, 218.0238, 713.5911, 2.144974, 308.8419, 725.6625, 387.7993, 912.1189, 412.7113, 805.901, 170.9064, 1440.779, 896.1927, 1.217633, 2.135892e-05, 1.044484
393.8, 0.1140775, 510.3455, 1101.449, 256.2424, 134.7186, 3.838001, 207.8673, 718.0938, 2.025584, 293.3084, 685.2056, 367.1444, 903.0715, 394.1429, 770.5343, 163.2609, 1548.143, 851.5745, 1.160703, 2.045023e-05, 409.8163
393.9, 0.1087186, 526.3985, 1237.475, 245.2736, 126.003, 3.635142, 198.1839, 758.1861, 1.91284, 278.5563, 950.6947, 347.5897, 865.9526, 376.41, 736.7197, 155.9575, 1645.984, 809.1776, 1.106435, 1.95802e-05, 391.0466
394, 25.296, 587.2378, 1167.591, 234.7743, 117.8512, 3.443006, 188.9517, 844.3002, 1.806372, 264.5461, 989.7211, 329.0764, 960.3094, 596.254, 704.389, 148.9809, 1573.765, 768.8915, 1.054704, 1.874718e-05, 373.1366
394.1, 24.10768, 576.5575, 1479.851, 224.7245, 110.2268, 3.261024, 180.1495, 804.8189, 1.705829, 251.2406, 1005.659, 358.3578, 948.8498, 569.4278, 812.2601, 142.3163, 1690.675, 730.6111, 1.005391, 1.79496e-05, 356.0469
394.2, 22.97519, 546.6368, 2683.31, 254.98, 103.0956, 3.088662, 171.7574, 767.1838, 1.610883, 238.6043, 1159.274, 339.271, 1119.933, 543.8086, 776.6144, 135.9498, 1616.495, 694.2366, 0.9583849, 1.718596e-05, 339.7399
394.3, 21.8959, 583.1868, 4825.765, 244.0652, 96.42586, 2.925409, 163.7562, 758.071, 1.521221, 226.6035, 1132.055, 453.0383, 1294.532, 519.342, 742.533, 129.8681, 1628.939, 659.673, 0.913576, 1.64548e-05, 324.1797
394.4, 20.86731, 614.6176, 5757.907, 338.8271, 90.18757, 2.770786, 156.1277, 781.5688, 1.43655, 215.2064, 1068.941, 428.9087, 1602.175, 495.9763, 731.1475, 124.0586, 1557.468, 626.8303, 0.8708622, 1.575475e-05, 309.3323
394.5, 19.88704, 582.7217, 5928.573, 324.3232, 84.35287, 2.624335, 148.8546, 839.7228, 1.356592, 204.3824, 1009.346, 406.0643, 1572.525, 473.6617, 884.9957, 118.5089, 1723.58, 595.6226, 0.8301454, 1.508448e-05, 295.1648
394.6, 18.95282, 552.4811, 5690.21, 378.4822, 78.89565, 2.485625, 141.9203, 800.4556, 1.281084, 194.1029, 953.0728, 384.4366, 1507.889, 537.6622, 846.158, 113.2074, 1647.957, 565.9687, 0.7913324, 1.444273e-05, 281.6462
394.7, 18.06248, 523.8099, 5543.903, 362.2807, 155.6239, 2.354246, 229.1034, 763.0245, 1.209779, 184.3404, 899.9373, 363.9609, 1537.765, 513.4722, 875.2756, 108.1431, 1575.651, 537.7911, 0.754334, 1.382828e-05, 268.7468
394.8, 17.21397, 496.6265, 5230.819, 434.7582, 145.5558, 2.229811, 218.4308, 790.8528, 1.142443, 175.0688, 849.7642, 344.5757, 1538.54, 490.3705, 836.8644, 103.3054, 1506.518, 511.0164, 0.7190654, 1.323997e-05, 256.4381
394.9, 16.40532, 470.8539, 4992.689, 416.1478, 136.139, 2.111954, 208.2553, 753.8708, 1.078854, 166.2636, 802.3883, 326.223, 1544.504, 468.3082, 800.139, 98.68408, 1440.418, 485.5747, 0.6854458, 1.267669e-05, 244.6932
395, 15.63466, 446.4187, 4855.477, 398.334, 127.3315, 2.000326, 198.5539, 728.7579, 1.018806, 157.9013, 757.6537, 308.8478, 1481.02, 447.2385, 786.8541, 94.26949, 1543.446, 461.3997, 0.6533982, 1.213737e-05, 233.4863
395.1, 14.9002, 514.6288, 4621.264, 381.2828, 119.0937, 1.894598, 226.7827, 694.6796, 0.9620988, 149.9596, 715.4131, 292.3981, 1443.035, 427.1167, 778.7252, 90.05239, 1547.658, 438.4282, 0.6228488, 1.1621e-05, 222.7925
395.2, 14.20024, 487.922, 4461.291, 364.9615, 111.3889, 1.794458, 346.9142, 696.7736, 0.9085485, 142.4173, 747.968, 276.8245, 1383.722, 407.9002, 744.5511, 86.02394, 1479.754, 416.6004, 0.5937278, 1.11266e-05, 212.5886
395.3, 13.53316, 462.601, 4490.074, 423.6058, 104.1826, 1.699612, 330.7534, 672.9945, 0.8579787, 135.2543, 706.2674, 262.0803, 1326.847, 389.5483, 711.8767, 82.1757, 1414.828, 557.1633, 0.5659683, 1.065323e-05, 202.852
395.4, 12.89742, 438.5941, 4236.504, 405.4728, 105.9629, 1.609778, 315.3455, 641.5238, 0.8102236, 128.4516, 666.8917, 248.1215, 1272.31, 372.0221, 680.6362, 78.4996, 1352.751, 529.4241, 0.5395067, 1.02e-05, 193.5614
395.5, 12.29155, 415.8331, 4175.231, 388.116, 99.10761, 1.524693, 300.6553, 611.5248, 0.7651266, 121.991, 629.7113, 234.9061, 1239.614, 355.2844, 711.2767, 74.98796, 1343.013, 531.2371, 0.5142823, 9.766053e-06, 184.6962
395.6, 11.71414, 394.2533, 4042.155, 371.5022, 129.6841, 1.444104, 286.6495, 801.2503, 0.7225397, 115.8554, 594.6038, 222.3946, 1270.698, 339.2998, 680.0626, 71.63341, 1365.866, 504.7887, 0.4902373, 9.350567e-06, 176.2371
395.7, 11.16385, 373.7933, 3813.881, 355.5995, 121.2942, 1.367776, 273.2961, 774.832, 0.6823232, 110.0284, 561.4536, 210.5495, 1218.469, 324.0343, 717.5826, 68.42892, 1305.938, 550.0198, 0.4673165, 8.952758e-06, 168.1654
395.8, 10.63941, 354.3951, 3598.498, 340.3776, 113.447, 1.295481, 260.5648, 738.5991, 0.6443452, 104.4944, 530.1515, 199.3353, 1266.18, 309.4556, 763.7489, 65.36778, 1347.69, 522.6363, 0.4454674, 8.571872e-06, 160.4634
395.9, 10.13961, 336.0037, 3663.777, 325.8073, 106.1076, 1.227008, 248.4266, 704.0606, 0.6084809, 99.23882, 500.5946, 188.7184, 1379.889, 295.5329, 730.2321, 62.44358, 1288.559, 496.6161, 0.4246397, 8.207191e-06, 153.1142
396, 9.663289, 359.7015, 3520.944, 311.8607, 99.2429, 1.162154, 236.8538, 708.2104, 0.5746129, 94.24754, 593.1141, 178.6669, 1348.763, 282.2365, 741.7885, 59.6502, 1232.023, 471.8913, 0.4047859, 7.858025e-06, 146.1015
396.1, 9.209343, 390.2761, 3322.104, 298.511, 199.1349, 1.100728, 225.8201, 675.093, 0.54263, 89.50729, 565.8404, 169.1508, 1293.324, 269.5384, 843.8696, 56.98178, 1222.881, 448.3975, 0.3858603, 7.523714e-06, 139.4101
396.2, 8.776721, 370.0226, 3322.927, 285.7329, 229.7257, 1.042549, 215.3005, 643.5242, 0.5124273, 85.00546, 608.9948, 160.1415, 1240.165, 257.4115, 806.8367, 54.43272, 1185.035, 541.1445, 0.3678196, 7.203626e-06, 133.0251
396.3, 8.364423, 376.7533, 3135.27, 273.5017, 214.8635, 0.9874446, 205.2708, 613.4316, 0.4839056, 80.73006, 688.43, 189.8747, 1189.191, 245.8303, 853.5048, 51.9977, 1288.994, 514.2029, 0.3506224, 6.897156e-06, 126.9325
396.4, 7.971492, 475.0056, 3178.985, 261.7941, 200.9629, 0.9352528, 195.7085, 584.7463, 0.4569714, 76.66969, 650.0488, 179.7617, 1140.311, 234.7701, 816.049, 49.67161, 1271.36, 488.6025, 0.3342292, 6.603724e-06, 121.119
396.5, 7.59702, 450.355, 3209.732, 250.5876, 238.0055, 0.8858197, 186.5915, 557.4023, 0.4315364, 72.81353, 613.8074, 170.1873, 1093.441, 224.2075, 854.9154, 47.44957, 1215.578, 464.2768, 0.3186025, 6.322776e-06, 115.5717
396.6, 7.240139, 426.9836, 3163.873, 239.8609, 222.6077, 0.8389994, 177.8993, 531.3369, 0.4075171, 69.15133, 579.5865, 161.1228, 1048.498, 214.1202, 817.3978, 45.32693, 1189.801, 536.301, 0.3037063, 6.053781e-06, 110.2785
396.7, 6.900024, 404.8251, 3013.79, 229.5934, 208.2061, 0.7946538, 169.612, 646.7367, 0.3848348, 65.67332, 547.2735, 152.5411, 1005.401, 204.4867, 1036.416, 43.29926, 1288.75, 581.3354, 0.2895067, 5.79623e-06, 105.2277
396.8, 6.575886, 383.8166, 3044.568, 267.8244, 194.7361, 0.752652, 161.7107, 640.415, 0.3634149, 62.37024, 516.762, 144.4165, 964.0763, 195.2866, 1076.704, 41.36228, 1291.186, 552.3928, 0.275971, 5.549636e-06, 100.4083
396.9, 6.266974, 363.8982, 3110.12, 331.1143, 182.1376, 0.7128704, 154.1775, 610.4678, 0.3431872, 59.23328, 487.9516, 136.7247, 1088.398, 186.5004, 1029.453, 39.51196, 1315.001, 524.8911, 0.2630681, 5.313533e-06, 95.80957
397, 5.972575, 345.0136, 3082.493, 316.9406, 170.3542, 0.6751913, 146.9953, 581.921, 0.3240854, 56.25411, 460.7474, 129.4425, 1209.426, 178.1095, 984.2761, 37.74441, 1257.304, 498.7586, 0.2507685, 5.087474e-06, 91.42148
397.1, 5.692005, 327.1089, 2925.972, 303.3735, 159.3331, 0.6395038, 140.1476, 554.709, 0.3060469, 53.42477, 435.0599, 122.5481, 1159.715, 170.0962, 941.0815, 36.05593, 1202.139, 473.9272, 0.2390439, 4.871033e-06, 87.23436
397.2, 5.424615, 310.1335, 2760.732, 349.0722, 149.025, 0.6057026, 133.6189, 528.7697, 0.2890123, 50.73774, 410.8045, 116.021, 1188.534, 162.4434, 1124.523, 34.44299, 1149.394, 450.3321, 0.2278675, 4.663801e-06, 83.23901
397.3, 5.169786, 294.039, 2612.595, 400.0415, 157.0029, 0.573688, 127.3944, 639.759, 0.2729259, 48.18585, 387.9014, 109.8416, 1139.681, 155.1349, 1075.174, 32.90219, 1143.887, 427.9116, 0.2172137, 4.465384e-06, 79.42665
397.4, 4.926928, 345.5111, 2688.642, 382.9172, 146.8456, 0.5433655, 121.4598, 615.2797, 0.2577349, 45.76231, 366.2752, 103.9912, 1092.837, 148.1552, 1027.99, 31.43033, 1198.466, 406.6074, 0.2070579, 4.27541e-06, 75.7889
397.5, 4.695479, 390.6105, 2631.896, 366.526, 137.3454, 0.5146457, 115.8017, 586.5079, 0.2433894, 43.46067, 345.8547, 98.45245, 1047.918, 141.4895, 987.017, 30.02431, 1145.882, 386.3639, 0.197377, 4.093517e-06, 72.31776
397.6, 4.474902, 370.3396, 2483.263, 350.8363, 128.4598, 0.4874439, 110.4071, 559.0815, 0.2298423, 41.27478, 326.5727, 93.20871, 1004.846, 135.1237, 943.7021, 28.68118, 1135.416, 367.1282, 0.1881488, 3.919363e-06, 69.00559
397.7, 4.264688, 351.1206, 2462.725, 335.8183, 145.0917, 0.4616799, 105.2639, 584.9917, 0.2170493, 116.2362, 308.3657, 88.24426, 963.5437, 129.0444, 1081.668, 27.39815, 1104.211, 348.8502, 0.179352, 3.752618e-06, 65.84512
397.8, 4.064348, 332.8991, 2323.646, 321.4432, 135.705, 0.4372776, 100.3602, 557.6362, 0.2049683, 156.0654, 291.1737, 83.54422, 923.9392, 123.2385, 1034.199, 26.1725, 1195.719, 331.4822, 0.1709664, 3.592967e-06, 62.82941
397.9, 3.873419, 315.6231, 2347.624, 307.6834, 126.9255, 0.4141651, 95.68503, 531.5599, 0.1935598, 148.216, 274.9403, 79.09451, 976.674, 117.6939, 1006.357, 25.00169, 1272.552, 314.9789, 0.162973, 3.440108e-06, 59.95181
398, 3.69146, 299.2437, 2215.045, 364.4219, 118.7141, 0.3922743, 91.22761, 506.703, 0.1827863, 140.7614, 259.6118, 74.88181, 1136.722, 112.3987, 962.1935, 23.88325, 1250.158, 299.2972, 0.1553532, 3.293753e-06, 57.20601
398.1, 3.518049, 283.7144, 2089.954, 348.8224, 166.9589, 0.3715405, 218.5638, 483.0085, 0.1726124, 133.6817, 245.138, 70.89347, 1192.881, 107.3417, 993.5571, 22.81484, 1340.889, 284.3962, 0.1480898, 3.153624e-06, 54.58596
398.2, 3.352783, 268.9909, 2047.27, 333.8906, 281.9864, 0.3519026, 242.7856, 504.5988, 0.1630048, 126.9581, 231.4711, 67.11756, 1143.85, 102.5123, 949.9552, 21.79423, 1389.268, 270.2372, 0.1411659, 3.019456e-06, 52.08592
398.3, 3.195282, 263.7697, 2082.462, 319.5979, 263.7433, 0.3333026, 231.4756, 596.7064, 0.153932, 120.5726, 218.5662, 63.54277, 1096.835, 97.90016, 1064.953, 20.81928, 1328.313, 376.9397, 0.1345658, 2.890997e-06, 49.70037
398.4, 3.045179, 250.0813, 1964.858, 378.4115, 246.6803, 0.3156858, 264.7284, 568.8031, 0.1453642, 114.5084, 206.3807, 60.15837, 1097.742, 93.49552, 1018.218, 19.88794, 1270.032, 358.1732, 0.1282742, 2.768003e-06, 47.42409
398.5, 2.902128, 237.1032, 1991.225, 362.2131, 230.7213, 9.651099, 252.3962, 542.2047, 0.1372732, 268.5193, 194.8746, 56.95424, 1052.621, 89.28905, 1030.563, 18.99826, 1347.741, 340.3411, 0.1222768, 2.650241e-06, 45.25206
398.6, 2.765796, 263.5578, 1920.797, 393.6121, 215.7948, 99.64227, 266.5951, 528.9136, 0.1296326, 255.014, 184.01, 53.92076, 1111.747, 85.27184, 1112.357, 18.14838, 1472.406, 323.3967, 0.1165598, 2.53749e-06, 43.17951
398.7, 2.635869, 251.4917, 1812.323, 376.763, 201.8339, 109.5213, 254.1759, 552.8074, 0.1224172, 261.4137, 173.7511, 51.04885, 1066.051, 81.43536, 1063.541, 17.33652, 1407.803, 307.2959, 0.1111101, 2.429535e-06, 41.20188
398.8, 2.512045, 238.4404, 1709.975, 360.6352, 188.7762, 103.7325, 242.3353, 526.9569, 0.1156035, 248.2657, 164.0642, 48.3299, 1022.234, 77.77148, 1061.573, 16.56098, 1346.034, 291.9968, 0.1059152, 2.326173e-06, 39.31483
398.9, 2.394038, 291.6564, 1713.374, 345.1977, 176.5633, 98.24966, 231.0463, 521.5759, 0.109169, 235.7791, 154.9173, 45.75577, 980.2167, 74.27245, 1014.986, 15.82013, 1286.976, 277.4593, 0.1009632, 2.227209e-06, 37.51421
399, 2.281575, 276.5208, 1616.614, 330.4211, 165.1405, 152.2334, 307.7792, 515.2601, 25.53757, 223.9204, 146.2804, 43.31874, 1007.285, 70.93085, 970.444, 15.11243, 1394.914, 263.6456, 0.09624271, 2.132454e-06, 35.79605
399.1, 2.174395, 262.1706, 1616.94, 316.277, 154.4567, 144.1871, 293.4415, 598.2733, 63.87305, 212.6582, 138.125, 41.01151, 983.1295, 67.73959, 930.3541, 14.43638, 1333.711, 250.5196, 0.09174293, 2.041731e-06, 34.15659
399.2, 42.07323, 248.5651, 1525.626, 302.7383, 163.3702, 136.566, 279.7718, 570.2967, 71.33239, 242.6869, 130.4243, 38.82717, 942.7199, 64.69191, 903.4964, 13.79057, 1456.965, 238.0471, 0.08745353, 1.954868e-06, 32.59221
399.3, 40.09679, 235.6657, 1471.635, 346.1753, 195.6434, 129.3478, 266.7388, 578.358, 145.2158, 363.2766, 123.1529, 36.75917, 903.9714, 61.78135, 863.8468, 13.17366, 1393.039, 226.1956, 0.08336468, 1.871701e-06, 31.09948
399.4, 96.71777, 223.4358, 1403.638, 331.3568, 342.7887, 122.511, 254.313, 551.3127, 137.1331, 362.9973, 116.2869, 66.83111, 885.9479, 59.00174, 825.9372, 12.58434, 1513.362, 214.9341, 0.07946701, 1.792071e-06, 29.67512
399.5, 94.64455, 211.8405, 1492.498, 429.2971, 454.5188, 116.0357, 242.466, 617.5303, 154.0763, 353.2002, 109.8037, 132.9471, 948.9485, 56.34718, 817.5111, 12.02139, 1446.962, 204.2333, 0.07575157, 1.71583e-06, 28.316
399.6, 90.19849, 311.2571, 1408.212, 438.5768, 470.0589, 109.9026, 265.4213, 588.6532, 190.4548, 335.4358, 103.6819, 125.8661, 909.9439, 53.81206, 822.8883, 11.48362, 1460.448, 194.0653, 0.07220984, 1.642831e-06, 243.379
399.7, 112.6582, 295.1042, 1371.209, 439.0122, 507.8917, 104.0936, 253.0568, 665.7991, 179.8541, 451.7906, 97.90148, 130.1065, 872.5425, 51.39099, 786.7761, 10.9699, 1396.369, 184.4034, 0.06883369, 1.572939e-06, 232.2322
399.8, 271.9169, 344.3881, 1445.403, 420.2197, 541.9337, 98.59171, 304.0719, 659.6166, 169.8435, 429.0674, 92.4433, 123.1768, 836.6785, 49.07885, 818.2495, 10.47917, 1335.102, 175.2227, 0.06561541, 1.50602e-06, 221.5959
399.9, 425.1717, 326.5159, 1363.776, 402.2317, 550.2825, 143.3057, 289.9069, 628.7715, 160.39, 534.0668, 87.28942, 116.6162, 809.73, 46.87074, 807.4813, 10.01039, 1476.042, 166.4989, 0.06254759, 1.441948e-06, 211.4468
400, 405.1987, 371.0855, 1386.669, 385.0136, 514.6819, 135.7312, 276.4018, 599.3688, 151.4627, 550.5895, 82.42288, 110.405, 784.8701, 44.76197, 772.0452, 9.562578, 1411.279, 158.2095, 0.0596232, 1.380602e-06, 201.7625
400.1, 386.1639, 351.8279, 1425.372, 400.7886, 481.3845, 128.5571, 263.5258, 571.3411, 143.0323, 522.8972, 77.82766, 104.5247, 755.2787, 42.74808, 772.2886, 9.134801, 1349.358, 150.3329, 0.05683555, 1.321866e-06, 192.5218
400.2, 368.0233, 333.5696, 1386.724, 383.6323, 450.2412, 121.7622, 251.2496, 544.6239, 135.0711, 496.5977, 73.48862, 98.95751, 724.2345, 40.82479, 738.397, 8.72616, 1373.209, 142.8483, 0.05417823, 1.265628e-06, 183.7042
400.3, 350.7349, 316.2589, 1363.946, 393.7261, 486.0986, 115.3264, 353.6249, 588.1219, 127.5531, 538.8988, 69.3915, 156.2534, 694.4663, 38.98804, 705.9927, 8.335799, 1414.589, 135.7364, 0.05164515, 1.211784e-06, 231.1875
400.4, 334.2587, 299.8465, 1382.99, 447.006, 454.6503, 118.4111, 337.1516, 560.6201, 120.4535, 511.7945, 65.5228, 147.9311, 780.119, 37.23392, 791.0784, 7.962901, 1352.522, 128.9786, 0.0492305, 1.16023e-06, 220.5991
400.5, 318.5564, 308.5616, 1304.888, 427.8713, 425.2366, 154.0244, 480.5941, 534.4042, 113.749, 557.6444, 61.86979, 140.0521, 870.0866, 35.55872, 756.3622, 7.606684, 1352.354, 202.365, 0.04692876, 1.110869e-06, 377.8554
400.6, 303.5918, 317.9823, 1231.196, 409.5557, 408.7757, 163.8474, 458.206, 509.4143, 107.4178, 529.5974, 58.42044, 132.5927, 834.3235, 33.9589, 734.0396, 7.266403, 1339.036, 233.4423, 0.04473462, 1.063608e-06, 360.5495
400.7, 320.4228, 335.3264, 1265.064, 392.0241, 382.3299, 155.1872, 436.8607, 485.593, 101.4389, 597.5898, 55.16339, 125.5305, 800.0303, 32.43105, 725.6142, 6.941344, 1458.285, 221.82, 0.04264308, 1.018358e-06, 344.0363
400.8, 305.3705, 325.7591, 1347.893, 375.243, 357.595, 146.9847, 482.4622, 539.9317, 95.79282, 656.1707, 52.08793, 118.8446, 767.1467, 30.97194, 780.0142, 6.630826, 1602.048, 210.7764, 0.04064932, 9.750335e-07, 328.2794
400.9, 291.0253, 363.562, 1301.939, 412.5834, 334.4603, 139.2158, 518.257, 562.7067, 90.46099, 675.9456, 49.18394, 112.5147, 940.0838, 29.57847, 803.3838, 6.334199, 1547.747, 200.2826, 0.03874878, 9.335517e-07, 435.9442
401, 295.8395, 344.6948, 1403.77, 394.9222, 348.0197, 131.8575, 494.1143, 610.7346, 85.42593, 780.6862, 46.44184, 106.522, 901.4436, 28.2477, 768.1276, 6.050841, 1619.238, 190.3112, 0.0369371, 8.938349e-07, 415.9779
401.1, 317.9056, 357.1763, 1417.169, 378.017, 325.5045, 124.8881, 505.557, 675.0189, 80.67113, 762.929, 43.85263, 125.2953, 872.3808, 26.97681, 826.3106, 5.78016, 1633.51, 180.8363, 0.03521012, 8.558076e-07, 396.9261
401.2, 302.9716, 338.6404, 1337.137, 361.8355, 304.446, 126.7896, 586.9097, 643.4536, 76.18098, 724.557, 41.40776, 118.6218, 836.5234, 25.76309, 889.6555, 5.521587, 1771.839, 171.8331, 0.03356389, 8.193982e-07, 378.7468
401.3, 288.739, 321.0666, 1311.032, 346.3466, 284.7498, 120.0881, 649.6501, 622.9032, 71.94075, 751.9863, 39.09921, 122.7905, 853.3215, 24.60398, 850.6133, 5.274582, 1776.751, 163.2781, 0.03199463, 7.845379e-07, 361.4002
401.4, 275.1751, 304.4047, 1274.111, 331.5208, 266.3279, 113.7408, 619.3867, 673.3188, 67.93653, 714.1646, 36.91936, 118.3062, 818.2474, 23.49702, 813.2844, 5.038626, 1892.033, 155.1491, 0.03049873, 7.511605e-07, 344.848
401.5, 262.2484, 288.6075, 1368.831, 317.3296, 249.0977, 107.729, 590.533, 641.833, 64.15519, 678.2452, 34.86104, 173.9918, 835.2914, 141.7439, 858.0754, 4.813225, 2155.592, 184.8657, 0.02907278, 7.192032e-07, 329.0539
401.6, 249.9289, 273.63, 1324.673, 303.7459, 232.9823, 102.0349, 563.0234, 681.6353, 60.58432, 719.4971, 32.91747, 164.7247, 800.9584, 135.3667, 884.2315, 4.597908, 2208.313, 175.6619, 0.02771349, 6.886056e-07, 313.9832
401.7, 238.1882, 259.4299, 1249.864, 290.7437, 217.9095, 120.8523, 536.7953, 672.8399, 57.2122, 683.3095, 31.08226, 236.5515, 822.4264, 129.2764, 845.4273, 4.392223, 2207.476, 166.9163, 0.02641776, 6.593096e-07, 299.6027
401.8, 226.9989, 245.9666, 1248.616, 278.298, 203.8118, 114.4646, 511.7891, 733.4052, 54.02777, 752.0597, 127.9176, 223.9523, 788.6223, 123.4601, 808.326, 4.195739, 2295.857, 158.6062, 0.02518261, 6.3126e-07, 285.8809
401.9, 216.3354, 279.9796, 1261.129, 363.49, 190.6261, 108.4145, 487.9478, 699.1096, 51.02058, 751.1547, 263.0951, 224.3261, 756.2076, 117.9055, 783.9148, 4.008044, 2352.542, 150.7097, 0.02400521, 6.044037e-07, 272.7875
402, 206.1727, 291.8257, 1189.908, 347.9303, 178.2935, 102.6842, 465.2171, 688.6644, 48.18078, 735.1219, 248.4271, 272.0504, 725.1252, 112.6008, 749.513, 3.828746, 2249.322, 143.2064, 0.02288286, 5.7869e-07, 260.2938
402.1, 199.7156, 357.2101, 1122.71, 333.0367, 166.7588, 97.25683, 443.5453, 656.4609, 45.49904, 884.5724, 234.5768, 257.5605, 736.2974, 107.5347, 716.6209, 3.657469, 2150.631, 136.0767, 0.02181298, 5.540703e-07, 248.3723
402.2, 206.6994, 338.6725, 1099.76, 318.7806, 259.0765, 92.11628, 422.883, 625.7634, 42.96657, 840.0823, 221.4988, 370.5236, 706.0334, 102.6966, 685.1722, 3.493854, 2096.427, 129.3019, 43.08307, 5.30498e-07, 236.9968
402.3, 196.9894, 321.097, 1115.396, 475.3282, 242.3155, 87.24744, 403.1833, 635.7682, 40.57505, 797.8298, 209.1498, 350.7889, 694.9586, 98.07618, 655.1037, 3.337558, 2072.038, 122.8644, 41.06874, 5.079286e-07, 226.1423
402.4, 187.7356, 304.4335, 1253.186, 473.9468, 290.457, 82.63594, 619.969, 606.0383, 38.31665, 757.7024, 197.4893, 332.1053, 828.6144, 93.66362, 831.361, 3.188254, 2120.353, 320.9075, 39.14859, 4.863193e-07, 215.7849
402.5, 178.9164, 288.6348, 1278.928, 621.2207, 271.6658, 365.0607, 651.0648, 822.1061, 36.18394, 719.5933, 186.4789, 314.4168, 794.5559, 89.44958, 794.8771, 3.045629, 2238.678, 304.9307, 37.31821, 4.656294e-07, 205.902
402.6, 170.5116, 273.656, 1259.011, 594.6285, 312.3046, 345.7653, 680.9427, 783.6627, 34.16995, 683.4009, 176.0824, 359.5402, 761.8973, 85.42515, 759.9942, 2.909384, 2257.97, 289.7493, 35.57342, 4.458197e-07, 196.4716
402.7, 162.5016, 259.4545, 1187.911, 569.1747, 308.9271, 327.4898, 649.2214, 747.0169, 32.26805, 649.0288, 166.2655, 340.3905, 803.0236, 81.58177, 965.7969, 2.779234, 2278.755, 275.3237, 159.2936, 4.268528e-07, 187.4732
402.8, 154.8678, 245.99, 1186.515, 617.6951, 291.7748, 400.3595, 618.9779, 727.6582, 30.47201, 666.9835, 156.9959, 322.2607, 770.017, 77.91132, 977.9072, 2.654906, 2178.773, 261.6163, 211.0532, 4.086928e-07, 178.8869
402.9, 147.5927, 233.2242, 1360.189, 591.2538, 472.6425, 379.1983, 680.7037, 693.6313, 28.77594, 633.4371, 148.2431, 305.0966, 738.367, 74.406, 1034.358, 2.53614, 2329.829, 248.5913, 201.1855, 3.913055e-07, 170.6938
403, 152.3418, 275.4836, 1283.375, 565.9445, 442.0648, 359.1557, 648.9936, 661.1956, 27.17427, 601.578, 139.9783, 336.0441, 708.0179, 71.05839, 988.9653, 2.422687, 2470.903, 236.2148, 219.2934, 3.746578e-07, 162.876
403.1, 145.1853, 261.1872, 1210.898, 577.6101, 454.4174, 351.3778, 653.5315, 630.2767, 98.86877, 634.4515, 132.1742, 340.0011, 678.9163, 67.86139, 945.5649, 2.314309, 2398.99, 224.4545, 256.1103, 3.587184e-07, 155.4163
403.2, 138.3651, 247.6328, 1142.514, 566.1583, 435.2737, 362.6278, 623.0872, 600.8036, 93.36574, 647.4767, 124.8053, 321.892, 651.0109, 64.80823, 986.1989, 2.21078, 2293.732, 213.2798, 244.136, 3.434571e-07, 148.2982
403.3, 131.8652, 234.7818, 1190.748, 541.9232, 407.1136, 343.4609, 763.3125, 572.7087, 88.16901, 614.9115, 117.8472, 314.0399, 624.2524, 88.68625, 942.9199, 2.111882, 2265.945, 202.6613, 297.1827, 3.288451e-07, 141.5061
403.4, 125.6706, 222.5977, 1123.502, 674.332, 380.7753, 325.3072, 727.7541, 727.364, 83.26152, 634.4423, 111.277, 394.66, 598.5938, 95.72031, 954.577, 2.017408, 2236.59, 192.5715, 362.5847, 3.148548e-07, 135.0251
403.5, 119.7671, 211.0459, 1060.054, 745.7484, 356.141, 342.628, 722.1917, 693.3508, 78.62719, 602.5327, 105.0731, 373.6397, 661.2443, 132.4612, 954.0002, 1.92716, 2218.584, 182.9841, 345.6322, 3.014596e-07, 362.5256
403.6, 114.1408, 224.1718, 1000.189, 713.8256, 333.1004, 324.5183, 688.5488, 660.9282, 74.2508, 601.9705, 99.21507, 413.8012, 634.0652, 135.4359, 912.1343, 1.840949, 2264.782, 173.874, 378.1164, 2.886344e-07, 345.9218
403.7, 108.7789, 212.5383, 1090.344, 738.23, 334.5705, 307.3658, 729.1851, 630.0218, 81.7056, 571.694, 93.68365, 391.7615, 608.0033, 244.2256, 986.054, 1.758595, 2438.813, 165.2174, 385.7748, 2.763547e-07, 330.0786
403.8, 103.6689, 222.8499, 1028.769, 706.6292, 312.9254, 291.1198, 695.2165, 600.5606, 77.15787, 878.0464, 88.46062, 370.8956, 583.0126, 233.2376, 942.7813, 1.679925, 2365.132, 156.9918, 370.9026, 2.645975e-07, 314.9609
403.9, 98.79889, 211.285, 970.6707, 761.0388, 292.6807, 275.7326, 695.8365, 572.4771, 72.86327, 855.4587, 83.52878, 394.3111, 690.3072, 222.744, 901.4077, 1.604775, 2274.362, 149.1757, 353.5612, 2.533405e-07, 300.5357
404, 94.15768, 200.3202, 936.7242, 728.4615, 273.7456, 261.1586, 663.4214, 545.7068, 68.8077, 812.4329, 78.87189, 373.3094, 687.6852, 212.7225, 861.8498, 1.532986, 2295.34, 141.7488, 337.0307, 2.425624e-07, 286.7711
404.1, 89.73449, 189.9245, 950.5365, 697.2788, 292.9867, 247.355, 632.5164, 520.1884, 64.97787, 959.1509, 74.47465, 435.6361, 659.4193, 203.1519, 824.0278, 1.464408, 2194.63, 134.6916, 339.787, 2.322429e-07, 273.6369
404.2, 85.51909, 180.0683, 896.8564, 667.4308, 274.0318, 234.281, 603.0511, 495.8633, 61.3612, 1074.954, 70.32256, 412.4334, 632.3152, 220.7305, 787.8657, 1.398899, 2098.339, 127.9858, 368.2845, 2.223624e-07, 261.1043
404.3, 81.50171, 170.7236, 864.2434, 695.732, 256.3033, 361.6838, 728.335, 472.6756, 57.94584, 1020.888, 66.40195, 390.4665, 606.3253, 210.7996, 753.2905, 1.33632, 2070.837, 121.6139, 351.0655, 2.129022e-07, 249.1457
404.4, 77.67305, 161.8638, 933.0447, 665.9503, 239.7217, 342.5669, 790.0158, 450.5723, 130.3146, 969.542, 62.69992, 369.6696, 581.4035, 201.3155, 785.2069, 1.27654, 2308.536, 115.5591, 334.6516, 2.038445e-07, 237.7348
404.5, 74.02425, 236.7514, 880.3524, 637.4434, 224.2129, 324.4604, 753.2134, 429.5026, 123.0613, 920.7783, 59.20429, 349.9804, 562.554, 192.2581, 820.0836, 1.219434, 2207.248, 109.8059, 319.0051, 1.951722e-07, 226.8465
404.6, 70.54686, 224.465, 863.3859, 610.1567, 209.7074, 307.3109, 765.0635, 409.4181, 116.2117, 874.4671, 55.90354, 331.3398, 539.4313, 183.6082, 952.0284, 1.164884, 2187.272, 104.339, 304.0901, 1.868688e-07, 216.4569
404.7, 67.23283, 212.8163, 814.6274, 584.0381, 196.1403, 291.0679, 729.4236, 390.2728, 109.7434, 830.4852, 52.78682, 357.6336, 517.2591, 175.3474, 910.249, 1.112773, 2312.246, 99.14434, 289.8726, 1.789187e-07, 206.5431
404.8, 64.07447, 201.7721, 985.2822, 559.0376, 183.451, 275.6834, 695.4439, 372.0228, 145.8066, 788.7155, 49.84386, 338.5854, 495.9982, 167.4583, 870.303, 1.062994, 2261.799, 94.2083, 276.3197, 1.713068e-07, 197.0834
404.9, 61.06448, 191.3011, 1056.334, 712.4886, 171.5826, 344.0758, 663.0471, 354.6262, 137.691, 932.3234, 47.06498, 320.5518, 622.1711, 159.9242, 832.1101, 1.015441, 2162.561, 89.518, 329.4543, 1.640187e-07, 188.057
405, 58.1959, 181.3734, 1352.236, 681.9896, 218.9233, 325.8895, 632.1595, 338.0431, 130.0271, 1038.513, 44.44102, 303.4787, 596.598, 152.729, 795.5933, 0.9700158, 2091.52, 85.06122, 314.0508, 1.570407e-07, 179.444
405.1, 55.46206, 171.961, 1275.87, 652.7961, 204.76, 308.6645, 602.7108, 322.2355, 122.7898, 986.28, 41.96335, 287.3149, 572.0761, 145.8576, 760.679, 0.9266226, 2007.985, 80.82632, 299.3676, 1.503596e-07, 171.2254
405.2, 52.85666, 163.037, 1305.974, 624.8524, 191.513, 292.3499, 733.4692, 307.1671, 115.9554, 936.6744, 39.62382, 272.012, 548.5621, 139.2953, 727.2968, 0.8851705, 2036.422, 76.80227, 285.3708, 1.439627e-07, 163.3832
405.3, 50.37364, 154.5761, 1312.878, 598.1047, 179.123, 276.8977, 699.3011, 424.4523, 109.5013, 889.5638, 37.41472, 257.5242, 583.2776, 133.0282, 766.5698, 0.8455728, 1947.072, 72.97855, 272.0284, 1.37838e-07, 155.9003
405.4, 48.00727, 146.5543, 1238.736, 572.5021, 167.5346, 262.2621, 666.7246, 404.604, 103.4064, 1078.833, 35.32878, 243.808, 559.3032, 179.4464, 732.9292, 0.8077465, 1861.643, 69.34521, 259.3098, 1.319738e-07, 148.76
405.5, 91.0893, 138.9488, 1176.786, 547.9954, 156.696, 248.4002, 635.6657, 385.6838, 97.65085, 1024.573, 33.35914, 230.8224, 536.3142, 171.3729, 700.7649, 0.7716123, 2026.114, 65.89275, 247.1859, 1.263591e-07, 141.9468
405.6, 86.81026, 131.738, 1176.611, 524.5377, 146.5585, 235.2709, 606.0536, 367.6484, 92.21561, 1117.207, 31.49931, 294.728, 514.2701, 229.2779, 670.0121, 0.7370946, 1937.217, 62.61219, 276.1125, 1.209833e-07, 233.9586
405.7, 82.73222, 163.7913, 1110.164, 502.0842, 137.0769, 222.8356, 577.821, 405.1166, 87.08289, 1061.016, 29.74317, 279.0303, 493.1321, 218.9624, 698.8073, 0.7041211, 1878.669, 59.49495, 263.203, 1.158362e-07, 240.2955
405.8, 153.9738, 155.2913, 1265.599, 480.5918, 128.2086, 211.0575, 822.7277, 386.1725, 88.8779, 1007.652, 28.08493, 264.1686, 534.7357, 260.271, 837.3273, 0.6726225, 1875.929, 56.53291, 250.8971, 1.109081e-07, 390.9172
405.9, 150.5108, 203.8327, 1194.126, 460.0195, 119.9142, 199.902, 784.4016, 368.1142, 83.93096, 956.9714, 26.51914, 250.0986, 512.7565, 248.5611, 882.8411, 0.6425331, 1823.46, 53.71833, 239.1665, 1.061896e-07, 373.0132
406, 143.4404, 193.2547, 1126.689, 440.3277, 112.1563, 189.3361, 747.8607, 404.2843, 79.25937, 943.9209, 25.04065, 236.7779, 491.6807, 265.4978, 881.7148, 0.6137896, 1894.626, 51.04389, 227.9844, 1.016719e-07, 355.9291
406.1, 157.4441, 183.2256, 1098.443, 421.4789, 104.9003, 179.3287, 772.9862, 445.4539, 83.32096, 970.538, 23.64459, 224.1667, 471.4711, 309.0714, 843.0211, 0.586332, 1944.105, 48.50259, 283.4131, 9.734639e-08, 339.6275
406.2, 150.0479, 173.7171, 1074.64, 403.437, 98.11378, 169.8502, 801.1125, 424.6235, 78.68332, 977.3976, 22.32636, 212.2272, 452.0923, 298.1222, 817.7571, 0.5601028, 1970.943, 46.08782, 303.5404, 9.32049e-08, 324.0725
406.3, 142.9992, 164.702, 1013.951, 386.1673, 91.7663, 160.8727, 782.7836, 404.7672, 74.30381, 1067.296, 21.08163, 200.9236, 433.5099, 284.7094, 1133.001, 0.5350468, 1911.09, 43.79327, 289.3485, 8.92396e-08, 309.23
406.4, 136.2816, 167.1748, 956.6899, 369.6369, 85.82946, 152.3697, 819.2724, 385.8394, 70.16806, 1050.199, 19.90629, 190.2221, 415.6914, 271.9, 1199.735, 0.5111117, 2014.49, 41.61296, 275.8201, 8.5443e-08, 295.0672
406.5, 129.8796, 158.4992, 973.3251, 353.8141, 80.27671, 144.3161, 781.1072, 504.9486, 66.26251, 1107.201, 18.79648, 256.7572, 398.6053, 259.6669, 1203.925, 0.4882474, 2044.304, 39.5412, 332.0688, 8.180792e-08, 281.5531
406.6, 123.7783, 247.1047, 918.358, 338.6686, 75.08319, 136.6882, 824.8002, 481.3362, 69.16439, 1051.514, 17.74854, 243.0819, 382.2214, 347.8584, 1214.892, 0.4664059, 1954.609, 37.57258, 401.8713, 7.832749e-08, 268.6579
406.7, 117.9637, 234.2811, 940.9708, 324.1715, 99.97221, 129.4635, 796.1442, 458.8278, 65.3147, 1157.966, 16.75903, 230.1349, 366.511, 332.2078, 1161.577, 0.4455414, 1980.52, 35.70198, 383.082, 7.499514e-08, 256.3533
406.8, 112.4222, 222.123, 938.3964, 310.2949, 93.50449, 203.6548, 842.5433, 454.9529, 147.3214, 1108.154, 15.82468, 217.8775, 351.4463, 317.2614, 1242.972, 0.4256103, 2068.824, 159.5023, 365.1712, 7.180455e-08, 244.6123
406.9, 107.141, 210.5958, 1003.739, 297.0123, 175.7057, 192.8905, 803.294, 465.9071, 139.1215, 1147.185, 14.94243, 206.273, 433.2999, 302.9875, 1407.582, 0.4065709, 2070.041, 151.5613, 368.9211, 6.874971e-08, 233.409
407, 102.1079, 223.2523, 947.0544, 284.2983, 164.3384, 251.5981, 765.8731, 444.1202, 131.378, 1089.487, 14.10936, 216.6995, 415.49, 289.3557, 1739.681, 0.3883831, 2125.356, 144.0156, 351.6724, 6.582483e-08, 222.7189
407.1, 97.31123, 211.6665, 989.5078, 272.1285, 153.7065, 244.1539, 730.1954, 589.2433, 242.7211, 1181.369, 13.32274, 205.1577, 398.4121, 276.3373, 1767.245, 0.371009, 2221.509, 136.8456, 424.8074, 6.302439e-08, 212.5183
407.2, 92.7399, 200.682, 943.7877, 260.4797, 143.7625, 231.2491, 696.1798, 561.689, 229.2113, 1139.334, 12.57997, 194.2307, 382.0362, 263.9045, 1754.881, 0.354412, 2124.039, 130.0325, 404.9457, 6.034308e-08, 202.7849
407.3, 88.38332, 190.2675, 919.1196, 249.3295, 197.6953, 219.0263, 663.7488, 535.4232, 246.5042, 1082.031, 11.87862, 183.8856, 366.3334, 252.0312, 1778.037, 0.3385576, 2174.013, 151.9653, 386.0127, 5.777585e-08, 193.4973
407.4, 84.23138, 180.3935, 886.4196, 238.6566, 184.9054, 207.4496, 632.8285, 552.0269, 232.7838, 1027.609, 11.21636, 174.0916, 360.2801, 240.692, 1786.865, 0.3234124, 2078.626, 144.3995, 367.9648, 5.531784e-08, 184.6351
407.5, 80.2745, 171.0319, 836.3604, 228.4406, 172.9429, 196.4848, 680.3076, 526.213, 219.8271, 975.925, 10.59103, 164.8191, 345.4715, 229.863, 1877.279, 0.3089447, 2310.222, 137.2104, 350.7608, 5.296441e-08, 176.1788
407.6, 76.50349, 386.466, 895.9556, 218.6619, 161.7543, 186.0995, 648.6159, 501.6061, 207.5915, 926.8402, 10.00056, 156.0406, 331.2716, 219.5212, 2020.062, 0.2951242, 2509.012, 249.2249, 334.3611, 5.07111e-08, 168.1098
407.7, 72.90964, 366.4102, 1018.452, 209.3018, 151.2896, 176.2631, 618.4006, 513.9161, 196.037, 900.0333, 9.44301, 147.7296, 317.6554, 219.6741, 1959.613, 0.2819219, 2480.636, 236.8169, 318.7282, 4.855365e-08, 160.4104
407.8, 69.4846, 347.3952, 960.9366, 200.3423, 141.5019, 166.9467, 589.5928, 524.817, 185.1256, 1045.39, 8.916546, 167.1698, 385.698, 209.7907, 1873.616, 0.2693103, 2411.209, 225.0267, 303.8263, 4.648799e-08, 153.0635
407.9, 66.22047, 374.6619, 992.8325, 191.7664, 132.3474, 158.1226, 562.1271, 515.8792, 191.9353, 1006.784, 8.419433, 158.2661, 369.8446, 230.3558, 1891.379, 0.2572628, 2657.869, 213.8234, 289.621, 4.451021e-08, 146.0532
408, 63.10967, 355.2186, 1001.901, 183.5576, 140.4767, 149.765, 592.849, 491.7555, 181.2522, 956.1475, 7.950034, 149.8365, 354.6429, 219.9919, 1853.923, 0.2457543, 2626.102, 203.1779, 276.0799, 4.261657e-08, 139.364
408.1, 60.145, 336.7844, 1032.246, 175.7002, 131.3886, 141.8491, 565.2316, 533.4755, 171.1637, 908.0574, 7.506805, 141.856, 340.0661, 210.0942, 2001.415, 0.2347606, 2576.726, 193.0624, 263.1719, 4.08035e-08, 132.9811
408.2, 57.31961, 352.1849, 973.9517, 168.1791, 122.8884, 325.3636, 631.7083, 508.5291, 161.6368, 862.386, 7.088287, 134.3005, 326.0883, 200.6418, 1978.225, 0.2242586, 2486.195, 183.4505, 250.8674, 3.906756e-08, 126.8905
408.3, 54.62694, 333.9081, 965.5283, 160.98, 114.9381, 308.1664, 673.8937, 493.2295, 152.6401, 956.5834, 6.693102, 127.1474, 358.6032, 191.6147, 1891.411, 0.2142265, 2377.112, 268.5361, 239.1382, 3.740547e-08, 121.0789
408.4, 52.06076, 316.5798, 911.0015, 154.089, 107.5021, 291.8781, 694.6095, 499.0275, 144.1441, 929.0702, 104.6255, 120.3753, 343.8636, 182.9937, 1877.738, 0.2046432, 2482.849, 255.1666, 227.9574, 3.58141e-08, 115.5335
408.5, 49.61514, 300.1508, 859.5541, 147.493, 100.5473, 276.4508, 662.2516, 475.6919, 136.1211, 935.229, 98.7924, 113.964, 329.7297, 174.7607, 1795.334, 0.1954886, 2406.729, 242.4628, 217.2994, 3.429043e-08, 110.242
408.6, 47.2844, 284.5743, 811.0121, 141.1794, 224.9511, 261.8389, 631.4011, 499.2382, 128.5446, 1067.336, 93.28455, 107.894, 316.1769, 166.898, 1716.547, 0.1867435, 2301.131, 230.3914, 207.1397, 3.283158e-08, 105.1929
408.7, 45.06315, 276.9694, 767.2424, 135.136, 210.3979, 247.9993, 601.9877, 528.0264, 121.3898, 1013.654, 392.4953, 102.1474, 303.1811, 215.0873, 1799.611, 0.1783896, 2385.579, 398.5172, 273.1914, 3.14348e-08, 100.3751
408.8, 42.94624, 262.5959, 723.9136, 129.3514, 196.7861, 257.7165, 573.9445, 503.3347, 175.6162, 1085.398, 370.6129, 96.70687, 290.7195, 205.4102, 1879.664, 0.1704094, 2329.915, 458.2654, 260.4184, 3.009744e-08, 95.77788
408.9, 40.92878, 248.9684, 723.5203, 123.8143, 184.055, 244.0948, 547.2077, 539.554, 165.8414, 1030.807, 349.9506, 91.5561, 278.77, 196.1686, 1888.233, 0.1627863, 2366.09, 435.45, 248.2427, 2.881698e-08, 91.39124
409, 39.0061, 236.0481, 682.6605, 118.5143, 172.1476, 231.193, 669.6636, 514.3233, 156.6107, 1073.389, 330.4402, 86.67966, 309.367, 187.3428, 2032.237, 0.1555041, 2339.355, 413.7705, 236.6362, 2.759099e-08, 87.20551
409.1, 37.17373, 223.7983, 748.3444, 113.4411, 161.0105, 301.8499, 700.7842, 628.8892, 206.3435, 1117.287, 312.0176, 82.06296, 315.0158, 178.914, 1943.053, 0.1485477, 2275.401, 446.3174, 225.5724, 2.641716e-08, 83.21148
409.2, 35.42744, 312.8635, 750.8288, 108.5851, 150.5939, 285.8955, 668.1387, 599.481, 194.8584, 1170.402, 539.6646, 77.69215, 302.0677, 188.9176, 1974.94, 0.1419025, 2371.248, 591.9735, 258.3687, 2.529328e-08, 79.40038
409.3, 33.76319, 309.3851, 781.5928, 103.937, 149.355, 270.7844, 637.0139, 628.5987, 196.6884, 1111.536, 683.5084, 73.55413, 346.4658, 180.418, 1888.271, 0.1355545, 2267.207, 562.5013, 246.2888, 2.42172e-08, 75.76383
409.4, 32.17712, 293.3295, 737.4536, 99.48783, 221.8061, 256.472, 607.3391, 599.204, 185.7408, 1212.523, 645.4016, 69.63651, 379.146, 172.3008, 1860.849, 0.1294906, 2306.044, 534.4963, 234.7737, 2.318691e-08, 72.29384
409.5, 30.66555, 347.8415, 695.8069, 95.22913, 207.4563, 242.9161, 579.0466, 571.184, 196.7728, 1218.89, 783.3625, 65.92755, 363.562, 164.5488, 2067.693, 0.1236979, 2403.431, 507.8857, 223.797, 2.220045e-08, 68.98277
409.6, 29.22499, 404.0103, 757.7177, 91.15272, 194.0349, 243.7746, 552.0721, 633.2918, 185.8204, 1157.585, 909.9099, 77.01275, 348.6185, 163.3907, 2314.139, 0.1181643, 2412.448, 532.286, 213.3334, 2.125595e-08, 65.82335
409.7, 27.85211, 412.8097, 744.0512, 87.2508, 181.4818, 305.883, 526.3542, 641.9037, 175.4776, 1257.448, 859.1808, 72.91092, 334.2892, 185.0743, 2409.86, 0.1128783, 2684.318, 505.7854, 203.3591, 2.035164e-08, 248.7681
409.8, 26.54372, 399.1819, 721.3441, 83.51591, 331.893, 289.7155, 501.8344, 611.8869, 298.6693, 1326.675, 821.824, 190.4887, 344.3374, 176.7476, 2522.226, 0.1078287, 2792.365, 637.4128, 295.245, 1.94858e-08, 237.3745
409.9, 25.29679, 378.4662, 680.6073, 79.9409, 310.4211, 300.7158, 478.4568, 742.3401, 282.0454, 1268.183, 896.4597, 180.3429, 330.1841, 168.7955, 2659.553, 0.1030051, 2969.215, 618.2963, 281.4409, 1.86568e-08, 226.5027
410, 24.10844, 358.8255, 794.4284, 76.51893, 290.3384, 363.0369, 456.1682, 735.8969, 349.3839, 1360.254, 846.4805, 195.4355, 356.2511, 161.2012, 2889.148, 0.09839717, 3037.328, 587.5135, 268.2823, 1.786307e-08, 216.1289
410.1, 22.97591, 340.2041, 873.8284, 73.24343, 327.4681, 468.3705, 640.1031, 767.5817, 329.9372, 1335.482, 917.1636, 197.2504, 341.6082, 153.9486, 3000.23, 0.09399541, 3074.899, 775.205, 255.7389, 1.71031e-08, 206.2301
410.2, 21.89659, 343.251, 824.4802, 70.10815, 306.2825, 443.6146, 610.2843, 978.9348, 463.7081, 1268.313, 866.0301, 186.7445, 327.567, 147.0223, 2868.566, 0.08979058, 2939.985, 769.2278, 425.1858, 1.637547e-08, 196.7848
410.3, 20.86797, 338.6571, 777.9189, 67.10707, 318.7575, 635.4727, 581.8546, 1034.591, 437.8981, 1300.219, 839.1018, 176.7981, 314.1031, 140.4076, 2872.131, 0.08577383, 2864.899, 814.3419, 468.4947, 1.56788e-08, 225.8118
410.4, 19.88766, 321.0823, 733.9871, 64.23447, 312.3724, 628.69, 554.7493, 1022.891, 413.5247, 1234.824, 885.9267, 167.3816, 301.1925, 134.0905, 2746.088, 133.9852, 2842.331, 934.5997, 515.6704, 1.501176e-08, 229.3914
410.5, 18.95341, 304.4196, 692.5363, 61.48483, 354.3282, 595.4604, 528.9067, 975.0581, 465.4874, 1172.717, 836.5347, 158.4666, 288.8126, 128.0576, 2625.577, 196.366, 2791.553, 888.0693, 581.067, 1.43731e-08, 264.4855
410.6, 37.44718, 363.6399, 653.4264, 58.85289, 331.4048, 563.9871, 504.268, 929.4623, 439.5784, 1283.175, 789.8964, 209.3478, 276.9416, 122.2961, 2603.484, 187.5816, 2669.071, 861.5469, 627.6131, 1.376161e-08, 278.2899
410.7, 80.97483, 344.7687, 644.1154, 56.33361, 379.5291, 534.1774, 480.777, 903.8371, 654.4057, 1272.958, 854.3242, 221.2288, 265.5584, 116.7939, 2514.924, 198.6546, 2551.964, 955.4131, 630.7094, 1.317614e-08, 265.5442
410.8, 78.33039, 351.1313, 607.74, 53.92218, 383.3239, 505.9432, 458.3803, 1013.545, 617.9815, 1312.638, 806.6941, 209.4458, 254.6432, 111.5392, 2404.557, 189.7679, 2660.101, 907.8464, 701.0367, 1.261558e-08, 332.6424
410.9, 245.3157, 345.6467, 681.0345, 51.61397, 358.5247, 479.2014, 437.027, 966.1498, 656.5319, 1313.214, 761.7194, 198.2904, 244.1766, 106.5209, 2313.685, 271.1575, 2543.387, 862.648, 668.2601, 1.207886e-08, 317.4073
411, 233.7916, 327.7092, 729.325, 49.40456, 358.0196, 453.873, 416.6684, 920.9706, 619.9894, 1247.165, 854.5375, 187.7291, 234.1402, 101.7284, 2212.15, 276.1537, 2431.794, 819.6998, 637.0159, 1.156498e-08, 302.87
411.1, 222.809, 310.7026, 688.1375, 47.28974, 334.8575, 429.8834, 397.2582, 877.904, 585.4808, 1228.874, 806.8955, 177.7303, 288.9595, 97.15155, 2115.07, 263.8001, 2415.008, 778.8899, 607.2325, 1.107296e-08, 364.9147
411.2, 212.3422, 339.8308, 649.2759, 45.26544, 323.8349, 407.1618, 378.7522, 836.8513, 552.8929, 1212.337, 811.028, 168.2641, 277.0824, 92.78059, 2022.251, 251.9991, 2519.563, 740.1118, 578.8416, 1.060187e-08, 409.592
411.3, 202.3671, 322.1952, 612.6091, 43.32779, 302.8843, 385.6411, 361.1082, 847.0168, 545.2643, 1248.274, 794.7468, 159.3021, 265.6935, 129.3009, 1933.505, 299.6794, 2496.086, 703.2642, 551.7781, 1.015083e-08, 390.8326
411.4, 192.8607, 305.4747, 578.0129, 41.47309, 301.9438, 365.2579, 344.2863, 807.4084, 532.2229, 1269.136, 933.3142, 161.2547, 254.7727, 125.5735, 1848.654, 286.2734, 2417.357, 668.2512, 525.98, 9.718973e-09, 372.9324
411.5, 183.8008, 289.6219, 545.3705, 39.69778, 282.4095, 374.9706, 328.2479, 769.6523, 502.5994, 1205.304, 881.2803, 152.666, 244.3008, 119.9238, 1767.527, 332.6945, 2388.167, 634.9814, 501.388, 9.305491e-09, 355.8521
411.6, 198.7502, 274.5919, 514.5715, 37.99846, 264.139, 355.1514, 312.9567, 754.2975, 474.6247, 1144.683, 832.1473, 144.5347, 234.2593, 114.5283, 1689.959, 317.8116, 2324.336, 603.3679, 477.9459, 8.909599e-09, 339.554
411.7, 189.4136, 260.3418, 485.5119, 36.37188, 247.0505, 336.3797, 298.3779, 719.025, 522.3458, 1087.11, 785.7536, 136.8366, 224.6305, 157.4821, 1615.796, 303.5944, 2235.82, 639.707, 455.5997, 8.53055e-09, 458.0191
411.8, 181.7955, 533.1194, 460.4876, 34.81494, 231.0675, 385.854, 284.4781, 744.0093, 523.1161, 1032.433, 741.9464, 129.5484, 215.3976, 189.5789, 1544.888, 290.0132, 2350.774, 607.8583, 455.4168, 8.167627e-09, 437.0417
411.9, 173.2554, 685.679, 507.4142, 33.32464, 216.1186, 365.4595, 271.2259, 715.5007, 493.9995, 1148.305, 742.6019, 122.6485, 206.5441, 181.0495, 1484.752, 277.0396, 2327.451, 577.5952, 434.124, 7.820145e-09, 417.0252
412, 244.7266, 888.4034, 478.7588, 31.89813, 299.2581, 346.143, 258.5911, 682.0424, 466.5035, 1090.551, 701.2006, 116.116, 198.0545, 172.9039, 1419.594, 264.6464, 2225.333, 548.8387, 413.8267, 7.487445e-09, 397.9254
412.1, 249.0905, 1045.375, 480.5678, 30.53269, 279.8975, 327.8475, 246.5448, 650.1486, 440.5379, 1035.701, 689.8567, 109.9315, 189.9139, 165.1248, 1375.911, 252.8076, 2127.694, 521.514, 394.4785, 7.1689e-09, 379.7003
412.2, 237.3891, 991.1248, 453.4285, 29.2257, 261.7895, 310.519, 235.0597, 652.902, 416.0176, 983.6094, 651.3959, 104.0763, 182.1079, 157.6956, 1477.822, 646.9911, 2034.34, 724.2439, 376.0348, 6.863907e-09, 362.31
412.3, 226.2374, 990.0099, 427.8218, 27.97465, 310.702, 294.1064, 224.1096, 668.5709, 392.8621, 934.1382, 627.0916, 98.53305, 174.6227, 150.6007, 1412.969, 1050.473, 1970.35, 688.1863, 358.4535, 6.57189e-09, 345.7162
412.4, 215.6096, 938.6329, 403.6612, 26.77716, 290.6011, 281.9763, 213.6696, 709.8055, 370.9954, 972.0292, 606.8518, 93.28501, 167.4452, 143.825, 1350.961, 1150.125, 2005.002, 653.924, 341.6941, 6.292296e-09, 329.8823
412.5, 205.481, 889.9222, 385.248, 25.63093, 271.8006, 267.0723, 203.7159, 676.6135, 350.3458, 966.6323, 573.0187, 88.31649, 160.5627, 153.4609, 1291.675, 1111.844, 2059.068, 621.3674, 325.7184, 6.024597e-09, 314.7736
412.6, 195.8283, 933.3441, 363.4917, 24.53376, 261.154, 252.9561, 194.226, 680.3474, 330.8456, 1011.315, 541.0719, 83.6126, 153.9631, 158.4505, 1234.99, 1062.106, 1968.725, 590.4318, 310.4896, 5.768288e-09, 388.6913
412.7, 186.629, 918.6641, 354.2162, 23.48356, 244.2586, 239.586, 185.1781, 648.5329, 378.4153, 960.4503, 525.4456, 79.15926, 147.6348, 151.3217, 1193.299, 1014.593, 2100.035, 561.0363, 302.9547, 5.522882e-09, 475.5514
412.8, 177.8618, 999.9462, 457.517, 22.47832, 228.4562, 226.9226, 176.5517, 618.2061, 473.4195, 912.1439, 598.1534, 74.9431, 141.5666, 144.5135, 1171.639, 1090.739, 2024.396, 533.1042, 343.3387, 5.287917e-09, 453.771
412.9, 169.5065, 983.7736, 472.0051, 21.5161, 213.6762, 350.9492, 168.3272, 646.2762, 457.9738, 948.1476, 564.8053, 70.9515, 135.7478, 138.0117, 1341.718, 1055.501, 2121.547, 506.5629, 327.286, 5.062949e-09, 466.4493
413, 161.5437, 932.7202, 501.835, 20.59508, 361.2284, 359.8432, 356.7038, 630.6851, 432.483, 1009.613, 804.4941, 67.1725, 130.1681, 376.0923, 1282.837, 1008.284, 2360.043, 481.3429, 311.9839, 4.847551e-09, 458.6241
413.1, 153.955, 966.4525, 568.4625, 192.4829, 366.7575, 382.8971, 474.5514, 756.0031, 430.9314, 1081.823, 759.6421, 121.4455, 124.8178, 359.1715, 1226.675, 1039.196, 2606.51, 457.3785, 456.7124, 4.641318e-09, 437.6191
413.2, 146.7227, 916.298, 536.3594, 184.2434, 343.0301, 377.8781, 452.4447, 828.5024, 406.9458, 1095.018, 798.9078, 184.9352, 119.6874, 525.4847, 1199.985, 1001.25, 2855.052, 434.6073, 505.339, 4.443858e-09, 456.7929
413.3, 200.21, 923.4299, 560.9977, 199.1104, 408.7348, 357.9052, 431.3679, 811.1404, 410.824, 1136.101, 850.1708, 203.2745, 114.7679, 624.48, 1168.737, 1025.133, 2925.429, 412.9698, 645.6119, 4.254799e-09, 435.8718
413.4, 190.8049, 1018.349, 529.3162, 277.3498, 442.0383, 338.988, 448.3802, 935.98, 488.2072, 1132.892, 845.6354, 374.8859, 110.0506, 937.1242, 1354.464, 1104.996, 2957.89, 392.4095, 877.2373, 4.073783e-09, 496.4059
413.5, 188.2116, 965.501, 524.0965, 371.5579, 418.6698, 397.7893, 512.8479, 961.3135, 461.0336, 1213.465, 1047.838, 402.063, 105.5272, 996.7805, 1426.892, 1103.045, 2873.33, 652.0968, 873.6107, 3.900468e-09, 581.621
413.6, 308.1055, 915.3959, 494.4989, 532.4207, 391.5839, 405.6648, 488.9572, 1230.284, 435.3725, 1261.356, 1121.353, 695.8475, 101.1898, 1172.775, 1608.535, 1288.468, 2963.493, 619.6312, 913.9348, 3.734527e-09, 554.9827
413.7, 293.6318, 1144.467, 466.5728, 515.9373, 411.9936, 439.0875, 674.1, 1172.753, 432.7837, 1515.237, 1441.804, 658.7855, 97.03056, 1120.01, 1593.251, 1274.248, 2833.468, 588.782, 1189.121, 3.575646e-09, 529.5644
413.8, 279.838, 1085.074, 540.7573, 657.4225, 422.5092, 449.5956, 642.6975, 1432.186, 408.695, 1527.269, 1361.421, 843.8317, 93.04231, 1069.62, 1576.632, 1327.378, 2942.012, 559.4686, 1230.913, 3.423524e-09, 607.0744
413.9, 266.6923, 1034.654, 567.1501, 747.7761, 395.1749, 425.8321, 775.0544, 1365.214, 434.8919, 1460.086, 1427.467, 831.0452, 89.218, 1239.658, 1650.614, 1267.999, 2856.029, 753.7255, 1487.248, 3.277874e-09, 608.1145
414, 339.6418, 980.9603, 535.1212, 715.7665, 505.1995, 521.6385, 738.9491, 1342.229, 410.6858, 1482.587, 1347.883, 786.7823, 85.55088, 1193.584, 1778.917, 1211.275, 2730.718, 716.2001, 1468.276, 3.138421e-09, 580.2628
414.1, 323.6866, 930.053, 556.3073, 768.8785, 573.7463, 634.0997, 762.3645, 1623.432, 387.8271, 1458.227, 1272.736, 785.6613, 82.03448, 1252.046, 1892.189, 1348.146, 2828.242, 680.5431, 1399.627, 3.0049e-09, 553.6866
414.2, 308.481, 881.7875, 524.8907, 905.8491, 536.9155, 600.5841, 901.1313, 1722.859, 503.2399, 1651.097, 1227.982, 787.4843, 78.66263, 1366.937, 1809.151, 1287.837, 2925.439, 992.97, 1710.09, 2.87706e-09, 650.3572
414.3, 293.9897, 836.0267, 495.2483, 898.4637, 549.1742, 580.8174, 941.6158, 1668.113, 475.2296, 1716.037, 1159.52, 835.6172, 213.3605, 1477.916, 1863.946, 1363.396, 2810.662, 1076.414, 1630.135, 2.754659e-09, 620.5708
414.4, 280.1791, 792.6407, 467.2798, 860.0038, 565.4014, 572.5016, 897.7513, 1849.327, 448.7784, 1709.237, 1094.875, 1234.26, 204.5908, 1717.673, 1889.463, 1392.526, 2922.849, 1179.152, 1683.705, 2.637465e-09, 592.1486
414.5, 267.0173, 751.5063, 569.6038, 883.5553, 590.5922, 805.0143, 855.9302, 1867.035, 423.7994, 1760.983, 1289.488, 1386.053, 196.1815, 2097.37, 1806.544, 1380.835, 2864.417, 1120.446, 1651.327, 2.525257e-09, 565.0281
414.6, 254.4738, 712.5065, 564.913, 845.7335, 797.2141, 762.465, 996.5616, 1793.697, 400.2107, 1672.413, 1545.27, 1614.186, 188.1179, 2072.668, 1861.459, 1456.994, 2928.984, 1064.663, 1574.12, 2.417822e-09, 539.1497
414.7, 242.5195, 675.5307, 664.2982, 869.5145, 745.6382, 722.1646, 950.1375, 1926.036, 377.935, 1753.04, 1459.119, 1528.212, 213.496, 2045.081, 1779.77, 1391.816, 2914.523, 1011.657, 1609.798, 2.314959e-09, 514.4566
414.8, 231.1268, 699.052, 626.783, 843.8054, 697.399, 899.0323, 1077.834, 1835.97, 356.8992, 1710.109, 1377.77, 1446.817, 261.2589, 1953.07, 1810.075, 1329.553, 2786.646, 961.2906, 1534.532, 2.216471e-09, 490.8944
414.9, 220.2693, 662.7744, 650.0838, 865.556, 652.2806, 851.5136, 1027.624, 1967.858, 337.0342, 1624.098, 1300.957, 1369.757, 276.2981, 1879.934, 1730.641, 1270.077, 2664.38, 913.4313, 1468.772, 2.122174e-09, 468.4114
415, 209.9219, 628.3795, 613.3713, 828.5048, 731.0829, 1009.108, 979.7531, 2123.702, 318.2749, 1542.413, 1228.426, 1296.801, 277.7678, 1892.269, 1764.074, 1213.26, 2614.207, 867.9548, 1669.435, 2.031889e-09, 446.9581
415.1, 200.0605, 618.6893, 578.7321, 793.0395, 683.7853, 955.7717, 1149.599, 2088.775, 300.5597, 1547.836, 1159.939, 1227.731, 266.3507, 1807.134, 1811.272, 1292.489, 2499.507, 824.7424, 1591.381, 1.945444e-09, 426.4873
415.2, 190.6624, 586.5822, 624.0683, 851.6353, 645.6247, 905.254, 1164.583, 2023.5, 415.9106, 1476.578, 1095.271, 1371.536, 255.4029, 1800.572, 1768.934, 1385.008, 2525.639, 783.6815, 1861.433, 1.862678e-09, 406.9542
415.3, 181.7057, 556.1412, 650.0217, 867.4341, 603.8559, 877.006, 1110.332, 2042.445, 392.761, 1402.313, 1034.207, 1474.412, 244.9051, 2094.206, 1821.973, 1395.733, 2553.857, 744.6647, 1774.402, 1.783432e-09, 507.9482
415.4, 173.1699, 560.7737, 1402.381, 974.3861, 564.7893, 922.3076, 1204.645, 1946.936, 375.1754, 1487.975, 976.5485, 1467.061, 446.8318, 2482.464, 1906.916, 1371.345, 2906.874, 707.5905, 1834.229, 1.707558e-09, 505.1065
415.5, 165.035, 531.6721, 2168.857, 932.6762, 528.2502, 883.7108, 1148.527, 1855.893, 456.2467, 1413.137, 952.4467, 1480.12, 428.4657, 2678.517, 1939.83, 1417.675, 2940.597, 672.3621, 1748.47, 1.634912e-09, 562.0632
415.6, 157.2822, 504.0807, 2197.983, 892.7518, 494.075, 999.0965, 1241.492, 1861.616, 430.852, 1342.062, 1003.372, 1401.287, 410.8545, 2558.007, 1854.701, 1470.818, 2834.218, 638.8876, 1666.721, 1.565356e-09, 536.3207
415.7, 149.8937, 477.9213, 2073.855, 854.5363, 462.1107, 946.2889, 1183.658, 1790.38, 406.8708, 1274.562, 947.432, 1446.729, 393.9672, 2589.6, 1773.308, 1602.026, 2709.865, 607.0797, 1588.794, 1.49876e-09, 585.9069
415.8, 154.2631, 453.1193, 2104.354, 817.9567, 432.2144, 935.751, 1128.518, 1715.089, 384.2244, 1210.457, 894.611, 1369.674, 377.774, 2533.721, 1695.487, 1657.218, 2807.259, 576.8553, 1514.511, 1.434997e-09, 559.0723
415.9, 147.0164, 429.6045, 1985.514, 782.943, 404.2522, 886.2915, 1075.947, 1634.887, 375.0837, 1149.576, 844.7348, 1302.597, 362.2463, 2419.726, 1621.081, 1603.061, 2684.088, 548.1357, 1443.701, 1.373947e-09, 533.4667
416, 140.1101, 407.31, 1873.385, 749.4281, 378.099, 839.4462, 1151.929, 1558.436, 498.4051, 1091.758, 797.6393, 1233.218, 410.8364, 2450.932, 1549.941, 1710.812, 2786.186, 520.8459, 1376.201, 1.315493e-09, 574.0201
416.1, 133.5282, 386.1724, 1772.688, 717.3478, 353.6378, 893.5537, 1098.267, 1547.741, 470.6638, 1100.373, 753.1695, 1167.535, 393.9498, 2530.724, 1596.425, 1664.743, 2724.098, 494.9149, 1311.858, 1.259527e-09, 625.3976
416.2, 206.51, 439.9461, 1672.578, 729.0181, 330.7592, 846.3246, 1047.105, 1526.994, 492.8525, 1066.529, 711.179, 1278.579, 377.7573, 2422.239, 1526.367, 1661.908, 2651.697, 470.2748, 1250.522, 1.205942e-09, 596.7543
416.3, 196.8089, 417.1149, 1578.122, 735.5967, 344.1448, 801.5918, 1079.245, 1495.598, 465.4203, 1064.819, 671.5294, 1210.479, 362.2304, 2596.72, 1605.638, 1712.271, 2760.096, 446.8615, 1192.055, 1.154637e-09, 586.8926
416.4, 187.5635, 395.4685, 1489, 704.1085, 412.3907, 949.1528, 1028.969, 1706.319, 439.5151, 1011.263, 634.0905, 1267.027, 347.3416, 2479.891, 1535.175, 1850.188, 2638.995, 531.311, 1199.363, 1.105514e-09, 606.9642
416.5, 244.6566, 374.9455, 1404.911, 673.9682, 385.711, 898.9849, 1068.481, 1814.814, 432.7213, 997.832, 598.7388, 1199.543, 421.4405, 2439.533, 1513.078, 1767.421, 2783.651, 504.8589, 1158, 1.058481e-09, 642.8351
416.6, 233.1635, 355.4875, 1325.571, 694.3738, 386.3723, 851.4688, 1018.706, 1729.95, 408.6361, 947.6454, 565.358, 1391.65, 404.1181, 2673.012, 1530.342, 1857.976, 2661.516, 479.7238, 1103.859, 1.013449e-09, 613.3932
416.7, 222.2103, 337.0394, 1250.711, 664.6503, 361.3758, 820.9363, 971.2504, 1669.94, 385.8914, 899.983, 610.4198, 1355.78, 387.5076, 2826.652, 1463.183, 1866.364, 2677.256, 455.8401, 1360.044, 9.703331e-10, 585.2997
416.8, 211.7717, 319.5486, 1190.903, 788.49, 465.771, 815.9865, 983.4883, 1674.641, 506.8516, 854.7177, 592.3051, 1283.569, 371.5799, 2699.478, 1398.972, 1837.573, 2656.093, 510.6107, 1534.707, 9.290514e-10, 558.4929
416.9, 201.8234, 302.9655, 1123.648, 754.7376, 435.6379, 819.4543, 1018.379, 1596.331, 478.6402, 811.7291, 559.283, 1215.204, 356.3069, 2895.09, 1463.587, 1755.37, 2672.422, 561.8445, 1462.953, 8.89526e-10, 593.6274
417, 192.3425, 391.7178, 1060.192, 809.3928, 407.4542, 975.528, 970.9387, 1740.852, 451.9991, 853.8787, 528.1019, 1290.176, 438.4911, 2764.836, 1443.89, 1720.142, 2555.168, 533.8723, 1531.361, 8.516821e-10, 566.4392
417.1, 183.3069, 371.3895, 1000.319, 774.7457, 594.7898, 950.5035, 976.58, 1659.446, 493.8237, 852.7194, 673.6214, 1290.999, 420.4679, 2719.533, 1410.388, 1698.817, 2443.058, 507.2927, 1486.089, 8.154482e-10, 540.4962
417.2, 281.5332, 352.1161, 943.8276, 783.2022, 556.3098, 900.2643, 1074.785, 1599.715, 466.3375, 809.8314, 669.8878, 1222.238, 403.1854, 2597.178, 1426.466, 1662.87, 2501.639, 482.0364, 1416.608, 7.807558e-10, 619.4504
417.3, 268.3078, 365.7997, 890.5264, 778.1462, 564.4856, 893.6555, 1102.599, 1524.908, 599.4334, 769.1003, 730.4524, 1157.139, 386.6133, 2721.374, 1363.866, 1588.483, 2391.877, 458.0375, 1350.375, 7.475395e-10, 591.0795
417.4, 255.7037, 410.5656, 862.5765, 744.8366, 545.2396, 970.1669, 1051.236, 1652.443, 566.069, 730.418, 689.7283, 1095.508, 384.9531, 2598.936, 1565.678, 1586.601, 2286.932, 461.4776, 1312.448, 7.157362e-10, 564.0079
417.5, 243.6916, 638.3492, 1000.961, 712.9529, 509.9652, 918.8884, 1002.265, 1716.941, 592.9468, 731.9082, 907.0256, 1053.56, 369.1304, 2784.872, 1496.969, 1552.408, 2229.229, 438.5023, 1356.546, 6.852861e-10, 538.1763
417.6, 232.2439, 685.8975, 995.6795, 682.434, 650.515, 870.3202, 955.5747, 1704.662, 559.9434, 857.5697, 856.4573, 1148.102, 353.9581, 2682.532, 1431.275, 1588.748, 2257.205, 459.7661, 1319.212, 6.561313e-10, 513.5277
417.7, 221.3339, 650.3026, 939.45, 798.389, 757.5028, 824.3191, 1098.089, 1624.948, 528.777, 814.4377, 808.7083, 1086.952, 354.1563, 2670.399, 1368.464, 1560.611, 2219.44, 436.8759, 1500, 6.282169e-10, 490.0081
417.8, 210.9364, 616.5548, 886.396, 825.2673, 774.158, 852.4473, 1046.935, 1548.962, 499.3453, 799.3066, 814.5236, 1029.059, 339.5995, 2744.246, 1308.409, 1562.232, 2264.391, 565.3826, 1429.868, 6.014901e-10, 661.184
417.9, 201.0274, 584.5584, 836.3381, 789.9406, 724.0737, 900.5919, 998.1641, 1560.346, 471.5517, 852.9093, 769.1125, 1033.615, 385.2914, 2786.166, 1294.219, 1551.345, 2211.396, 537.2342, 1497.198, 182.4893, 630.9017
418, 191.5839, 554.2225, 789.1072, 799.3328, 844.8079, 852.9908, 969.0317, 1607.922, 445.3052, 830.8102, 809.4222, 978.5631, 369.4548, 2737.048, 1299.702, 1607.816, 2114.369, 510.4872, 1437.304, 221.5519, 602.0063
418.1, 201.7856, 525.4609, 744.5435, 765.1163, 874.0134, 807.9056, 1148.452, 1532.732, 420.5195, 789.0241, 764.2954, 926.4432, 354.2691, 2726.021, 1499.645, 1562.594, 2021.6, 485.0719, 1398.553, 212.1262, 574.4343
418.2, 192.3064, 498.1919, 774.7281, 732.3645, 926.8616, 1025.162, 1094.952, 1461.058, 397.1134, 749.3396, 721.6846, 877.0992, 339.7076, 2603.374, 1433.833, 1492.692, 1932.9, 502.405, 1333.165, 203.1015, 548.1251
418.3, 183.2726, 472.338, 730.9765, 824.5773, 866.8981, 970.9769, 1043.944, 1473.427, 375.0101, 861.0587, 681.4493, 996.5302, 325.7446, 2486.246, 1370.91, 1624.51, 1939.538, 546.8187, 1270.833, 194.4608, 523.0209
418.4, 174.6631, 447.8258, 689.6957, 915.2401, 929.0002, 919.6556, 995.3128, 1404.526, 354.1371, 817.7512, 643.4573, 943.4532, 312.3556, 2374.386, 1430.728, 1551.838, 1995.235, 519.5945, 1305.49, 251.2311, 499.0665
418.5, 293.7931, 424.5857, 650.7462, 876.0621, 868.8984, 871.0468, 948.9468, 1516.032, 334.4258, 776.6218, 607.5834, 924.0572, 299.5168, 2267.56, 1367.941, 1587.533, 1907.692, 493.7257, 1244.453, 240.5427, 476.2092
418.6, 279.9918, 402.5516, 613.9962, 870.9057, 861.5977, 974.192, 989.6951, 1445.139, 315.8117, 737.5611, 573.7096, 874.8403, 305.8251, 2303.41, 1480.941, 1677.47, 1928.84, 469.1449, 1186.269, 230.3091, 454.3987
418.7, 300.1795, 381.661, 579.3217, 1024.943, 934.8125, 922.7007, 991.7833, 1377.561, 298.2336, 700.465, 541.7242, 828.2449, 345.9485, 2225.458, 1415.951, 2028.479, 2010.472, 445.7878, 1285.405, 220.5108, 433.5872
418.8, 286.0782, 361.8546, 546.6054, 1004.408, 874.3347, 1333.256, 1129.769, 1313.143, 281.634, 665.2347, 511.5222, 819.1484, 436.4492, 2392.109, 1509.393, 2293.341, 2139.968, 671.6191, 1225.307, 286.973, 413.7288
418.9, 272.6393, 343.076, 515.7367, 961.4131, 921.8322, 1682.661, 1077.139, 1274.105, 265.9583, 631.7762, 585.7756, 775.5192, 418.5098, 2405.226, 1573.929, 2387.403, 2105.174, 638.1816, 1168.018, 274.7641, 394.78
419, 259.8316, 325.2719, 486.6112, 920.2586, 862.194, 1891.976, 1026.962, 1265.306, 251.155, 600.0007, 680.9773, 734.2137, 401.3078, 2359.252, 1504.858, 2280.604, 2198.382, 606.4088, 1113.408, 263.0745, 376.699
419.1, 247.6257, 308.3918, 459.1306, 880.8657, 806.4142, 2122.835, 979.1213, 1206.138, 237.1758, 569.8232, 643.0116, 695.1082, 384.8129, 2420.145, 1579.651, 2359.641, 2101.926, 725.4365, 1076.856, 251.8823, 359.4461
419.2, 235.9931, 292.3877, 433.2019, 969.5201, 754.2431, 2315.691, 933.5096, 1154.184, 223.9745, 541.1636, 635.108, 661.1108, 368.9959, 2389.085, 1510.328, 2293.945, 2009.703, 819.3782, 1026.508, 241.1663, 342.9834
419.3, 224.907, 313.8581, 408.7375, 928.0186, 764.5801, 2395.252, 890.0227, 1311.078, 211.5081, 513.9454, 599.6996, 625.8989, 353.8291, 2290.281, 1493.267, 2191.326, 2001.259, 778.5843, 1118.061, 230.9061, 327.2747
419.4, 214.3417, 297.5703, 385.6547, 888.2935, 982.9052, 2288.535, 848.5616, 1249.769, 199.7356, 488.0962, 680.3793, 592.5625, 339.2857, 2190.07, 1474.417, 2159.223, 1913.452, 739.8214, 1138.245, 221.0825, 312.2855
419.5, 204.2727, 282.1277, 363.8754, 850.2689, 919.3159, 2230.651, 901.3306, 1191.328, 188.6183, 463.5471, 716.5655, 561.0016, 325.3401, 2189.918, 1426.267, 2062.631, 1829.498, 702.9883, 1144.753, 211.6768, 297.9828
419.6, 194.6767, 335.869, 343.3261, 813.872, 871.9542, 2194.22, 859.3427, 1135.618, 178.1198, 440.2327, 676.6157, 531.1217, 311.9676, 2091.391, 1363.676, 2144.319, 1839.204, 812.5007, 1313.552, 202.6712, 284.3351
419.7, 185.5315, 318.4389, 323.9373, 854.8437, 876.9413, 2460.502, 819.3109, 1082.514, 168.2057, 418.0909, 638.8931, 502.8333, 299.1448, 2140.685, 1597.7, 2048.394, 1758.507, 833.8898, 1252.138, 194.0488, 271.3126
419.8, 191.5338, 359.9405, 305.6434, 1073.202, 1001.494, 2406.6, 837.0817, 1070.686, 158.8434, 397.0627, 603.2737, 641.1874, 381.8845, 2083.118, 1536.81, 2133.56, 1826.827, 843.1113, 1337.003, 185.7932, 258.8864
419.9, 182.5362, 369.1759, 288.3827, 1059.71, 1009.423, 2563.771, 798.0869, 1228.81, 150.0022, 377.0922, 569.6401, 607.0367, 366.188, 1989.396, 1597.341, 2146.017, 1869.542, 801.1358, 1395.18, 177.8888, 247.0294
420, 173.9613, 350.0174, 272.0967, 1014.348, 1017.834, 2428.262, 896.0639, 1171.348, 141.6531, 358.1261, 537.8816, 574.7049, 351.1366, 1944.851, 1527.242, 2050.016, 1787.515, 761.2501, 1423.937, 170.3208, 235.7154
420.1, 165.7893, 368.2708, 256.7304, 1119.149, 1057.656, 2429.655, 991.5237, 1116.573, 133.7687, 340.114, 507.8937, 544.0952, 336.7038, 1930.716, 1629.624, 1989.251, 1751.975, 723.3502, 1387.322, 163.0746, 224.9196
420.2, 158.0011, 349.1592, 242.232, 1071.242, 1079.914, 2512.942, 977.0121, 1064.36, 126.3231, 323.0077, 479.5778, 515.1157, 322.8643, 1863.473, 1626.571, 2017.099, 1675.106, 765.8179, 1505.037, 232.1028, 214.6182
420.3, 150.5788, 331.0394, 228.5523, 1025.386, 1010.048, 2380.119, 931.4987, 1054.523, 119.292, 306.7618, 452.8404, 503.4851, 322.9082, 1779.634, 1555.19, 1926.865, 1601.609, 727.6906, 1434.67, 222.2283, 204.7887
420.4, 143.5051, 313.86, 215.6451, 981.4932, 944.7031, 2594.689, 965.5849, 1005.211, 112.6522, 291.333, 427.5938, 515.9712, 309.6357, 1783.441, 1536.992, 1909.055, 1531.337, 770.4402, 1367.592, 212.7738, 195.4093
420.5, 136.7638, 297.5721, 203.4669, 939.4791, 915.4341, 2738.852, 920.6038, 958.2054, 106.382, 276.6802, 403.7546, 614.1085, 302.9844, 1804.489, 1535.976, 1917.4, 1464.149, 732.0828, 1358.159, 203.7216, 186.4596
420.6, 130.3391, 282.1295, 191.9764, 899.2635, 993.1769, 2960.117, 985.6603, 955.879, 100.4607, 262.7644, 423.3978, 581.4, 290.5309, 1723.303, 1498.089, 1851.448, 1456.513, 695.6349, 1520.693, 344.4683, 177.9197
420.7, 124.2162, 267.4882, 181.1348, 860.7693, 964.4139, 2931.274, 939.744, 1000.639, 94.8691, 249.5485, 399.7926, 550.4337, 278.5892, 1645.77, 1486.739, 1917.975, 1392.608, 661.0018, 1569.689, 329.8132, 169.771
420.8, 118.381, 253.6068, 170.9055, 823.923, 971.3175, 2776.34, 895.9666, 953.8467, 89.5887, 236.9973, 377.5034, 521.1166, 267.1384, 1659.979, 1479.251, 1832.176, 1384.913, 628.0928, 1546.298, 315.7817, 161.9954
420.9, 112.8199, 250.8642, 161.2539, 788.6539, 969.6526, 2787.084, 854.2286, 909.2427, 84.6022, 225.0774, 444.2734, 493.3611, 256.1582, 1585.295, 1414.335, 1777.577, 1324.149, 596.8223, 1528.165, 302.3471, 154.576
421, 107.52, 237.8455, 152.1473, 754.8945, 906.9207, 2654.153, 814.435, 866.7245, 79.89324, 213.7569, 419.5043, 513.9537, 245.6293, 1749.491, 1397.438, 1804.735, 1266.051, 631.8452, 1561.167, 289.4841, 147.4964
421.1, 102.4691, 225.5024, 143.555, 722.5802, 848.2473, 2598.446, 776.4951, 826.1946, 75.44638, 203.0059, 420.2375, 486.5796, 235.5333, 1711.755, 1336.112, 1724.001, 1322.501, 853.3756, 1620.033, 277.1683, 140.741
421.2, 97.6555, 254.7084, 135.448, 691.6492, 793.3698, 2461.104, 740.3226, 787.56, 71.24704, 192.7956, 540.8286, 460.6636, 225.8522, 1734.35, 1373.724, 1704.468, 1264.475, 815.2502, 1544.289, 265.3765, 134.2951
421.3, 93.068, 287.4431, 127.7988, 662.0422, 862.4469, 2440.404, 705.8352, 750.732, 67.28143, 183.0988, 685.613, 436.1278, 216.569, 1729.057, 1330.478, 1708.322, 1208.996, 842.0245, 1711.976, 254.0864, 128.1443
421.4, 88.696, 272.5261, 120.5815, 633.7026, 806.6508, 2337.157, 672.9543, 715.6262, 63.53655, 173.8897, 647.3888, 412.8989, 207.6673, 1768.577, 1330.611, 1631.901, 1155.95, 800.1031, 1631.934, 243.2766, 122.2753
421.5, 84.52938, 258.3832, 113.7719, 606.5762, 754.4644, 2269.976, 641.6052, 682.1619, 60.00011, 165.1438, 611.2957, 390.9072, 199.1316, 1761.658, 1292.783, 1709.082, 1206.43, 885.9842, 1596.128, 232.9266, 116.6751
421.6, 80.55849, 266.9898, 107.3468, 580.6109, 705.6542, 2344.141, 611.7165, 650.2626, 56.6605, 156.8378, 577.2149, 370.0869, 190.9467, 1771.506, 1239.258, 1642.033, 1275.506, 841.8742, 1549.261, 223.017, 111.3314
421.7, 76.77415, 262.0713, 106.6811, 555.7571, 723.5878, 2290.95, 583.2201, 619.8549, 53.50679, 148.9496, 545.0341, 350.3754, 183.0983, 1709.267, 1280.258, 1708.157, 1219.542, 799.9603, 1580.994, 213.529, 106.2324
421.8, 73.16757, 248.471, 100.6564, 531.9672, 676.7751, 2292.697, 556.0512, 590.8691, 50.5286, 141.4581, 514.6475, 331.7138, 175.5724, 1761.598, 1241.808, 1631.744, 1166.033, 836.8113, 1507.075, 204.4447, 101.3669
421.9, 69.73042, 235.5765, 94.97199, 509.1956, 632.991, 2262.249, 530.1479, 563.2388, 47.71618, 134.3433, 485.9549, 314.0462, 239.4807, 1682.342, 1325.697, 1558.749, 1114.873, 795.1495, 1452.021, 195.7468, 96.72429
422, 66.45474, 226.7698, 89.60859, 487.3988, 629.2559, 2198.089, 505.4514, 536.9005, 45.0603, 127.5864, 458.8621, 297.3195, 229.6373, 1614.27, 1267.519, 1606.146, 1065.957, 805.9648, 1563.021, 187.4189, 92.2943
422.1, 63.33294, 215.0015, 84.54808, 466.5351, 588.5461, 2154.689, 481.9053, 511.7939, 42.55225, 121.1694, 433.2797, 281.4838, 220.1986, 1665.432, 1211.894, 1534.296, 1086.465, 765.8387, 1489.943, 179.4454, 88.06721
422.2, 60.35779, 251.5979, 79.77335, 545.9569, 550.47, 2040.802, 459.4561, 487.8613, 40.18379, 115.0751, 409.1235, 266.4915, 211.1478, 1597.563, 1158.711, 1465.66, 1038.796, 727.7103, 1494.609, 171.8111, 84.03371
422.3, 57.5224, 238.5412, 75.26827, 522.5865, 679.4195, 1967.005, 438.0526, 465.0479, 37.94716, 109.2873, 386.3141, 252.2977, 202.469, 1600.69, 1107.861, 1555.702, 993.2178, 691.4802, 1424.729, 164.5016, 80.18496
422.4, 54.8202, 276.8568, 135.0221, 500.2165, 635.4644, 1863.038, 417.6462, 443.3012, 35.83503, 103.7906, 364.7764, 258.8736, 194.1469, 1528.673, 1103.355, 1529.793, 949.6395, 657.0539, 1358.116, 286.4041, 76.51247
422.5, 52.24495, 288.7333, 127.397, 478.804, 594.3529, 1865.174, 398.1905, 422.5715, 33.84045, 98.57041, 468.1851, 245.0856, 186.1669, 1541.638, 1245.57, 1487.362, 907.9733, 668.9091, 1395.092, 274.2194, 73.00819
422.6, 49.79067, 273.7493, 120.2024, 458.3082, 648.4009, 1842.533, 542.3718, 402.8111, 31.95689, 93.61275, 442.0829, 232.0319, 178.5149, 1510.645, 1335.607, 1420.826, 868.1353, 635.6065, 1357.694, 262.553, 69.66441
422.7, 47.45168, 259.543, 129.3802, 466.0208, 654.9521, 1779.227, 517.1058, 383.9748, 30.17817, 88.90443, 417.436, 219.6735, 171.1774, 1457.814, 1295.194, 1357.266, 881.4235, 603.9619, 1440.817, 251.383, 66.47376
422.8, 45.22258, 246.0739, 122.0737, 497.3634, 612.5798, 1954.437, 559.814, 427.1264, 28.49846, 84.43293, 394.1632, 207.9733, 164.1415, 1392.225, 1238.355, 1346.595, 953.6583, 573.8928, 1373.452, 240.6882, 63.42925
422.9, 43.09818, 283.6328, 130.6491, 611.4371, 704.1936, 1857.946, 533.7354, 447.7205, 26.91224, 80.18632, 460.6634, 196.8963, 157.3948, 1329.587, 1422.13, 1376.374, 954.1882, 545.3207, 1309.237, 230.4484, 60.52419
423, 41.07359, 346.7866, 129.3028, 752.5146, 809.3271, 1793.332, 508.8717, 426.7841, 25.4143, 76.1533, 540.6836, 267.365, 150.9254, 1363.476, 1367.344, 1314.803, 931.9435, 518.1711, 1410.204, 220.6442, 57.75217
423.1, 39.1441, 328.7899, 122.0006, 720.3022, 818.7795, 2011.191, 661.3415, 406.8268, 23.99974, 72.32312, 510.5395, 437.4101, 144.7219, 1429.169, 1491.819, 1340.177, 891.0537, 492.3733, 1410.966, 211.2572, 55.10711
423.2, 87.02767, 311.7272, 115.1108, 799.3776, 765.8085, 2003.697, 666.9052, 387.8027, 22.66392, 68.68559, 529.699, 414.1129, 188.9129, 1364.87, 1426.351, 1347.63, 1074.652, 467.8597, 1344.997, 202.2695, 52.58319
423.3, 141.3594, 295.55, 108.6101, 765.1591, 716.2643, 2066.232, 635.8379, 418.4833, 21.40244, 65.231, 614.964, 392.0565, 181.148, 1372.777, 1363.756, 1287.345, 1116.083, 444.5667, 1412.95, 193.6641, 50.17488
423.4, 281.0837, 280.2123, 102.4765, 821.6882, 699.806, 2391.56, 634.7226, 482.8986, 20.21119, 61.95016, 598.6161, 371.1749, 240.103, 1444.656, 1460.66, 1294.01, 1348.436, 422.4333, 1478.008, 185.4249, 276.3478
423.5, 286.6019, 265.6706, 96.68933, 832.9591, 654.5319, 2511.495, 605.1545, 577.3863, 19.08623, 58.83434, 565.2422, 351.4055, 230.2341, 1444.672, 1464.284, 1236.123, 1289.272, 401.4018, 1408.904, 177.5362, 263.691
423.6, 273.1384, 251.8835, 208.0166, 797.3032, 705.315, 2774.506, 731.4154, 628.7256, 18.02389, 55.87523, 606.5436, 396.0815, 220.7708, 1379.675, 1572.459, 1364.9, 1232.704, 381.4174, 1508.049, 254.4645, 251.614
423.7, 276.4599, 238.8119, 196.2691, 847.4377, 689.8612, 3124.304, 767.8737, 628.2977, 17.02068, 53.06495, 632.0571, 420.14, 253.6816, 1449.916, 1604.039, 1368.033, 1178.618, 362.428, 1437.541, 243.6386, 240.09
423.8, 309.3535, 226.4186, 185.1851, 811.162, 745.3311, 3203.849, 760.1053, 598.9172, 16.07331, 50.39602, 748.7305, 397.7627, 243.2545, 1447.54, 1579.37, 1530.739, 1236.522, 344.384, 1446.919, 233.2733, 229.0938
423.9, 357.2231, 214.6685, 174.7271, 776.4391, 715.8345, 3198.41, 797.4913, 570.9105, 15.17867, 47.86131, 706.9874, 376.5772, 233.2561, 1466.308, 1510.06, 1475.952, 1231.109, 327.2384, 1379.269, 223.3489, 218.6013
424, 340.4421, 203.5282, 179.0004, 743.2026, 669.5234, 3224.493, 844.7985, 544.2135, 14.33383, 45.4541, 667.5716, 356.5201, 223.6686, 1402.178, 1443.792, 1506.746, 1177.093, 310.9464, 1314.782, 213.8468, 208.5893
424.1, 324.4493, 192.966, 168.8916, 711.3889, 626.2085, 3054.062, 805.4441, 518.7649, 13.53601, 43.16795, 664.6113, 337.5312, 214.4751, 1402.884, 1380.431, 1471.262, 1125.448, 295.4654, 1253.31, 204.7489, 199.0359
424.2, 317.1864, 182.952, 201.3509, 680.9369, 585.6958, 3052.587, 767.923, 494.5063, 12.7826, 40.9968, 673.0215, 319.5537, 205.6596, 1339.767, 1319.852, 1619.506, 1147.709, 280.7553, 1194.712, 196.0381, 189.92
424.3, 302.2861, 173.4576, 200.9683, 651.7885, 547.8041, 2891.241, 732.1498, 471.3822, 12.07112, 38.93484, 635.4993, 302.5337, 197.2064, 1279.489, 1336.991, 1547.058, 1097.352, 266.7775, 1201.391, 187.6979, 326.564
424.4, 288.0858, 296.5297, 189.6189, 623.8878, 566.8398, 2933.699, 698.0432, 449.3393, 11.39924, 36.97659, 600.0691, 286.4202, 189.1006, 1221.923, 1435.042, 1477.852, 1246.925, 253.4955, 1147.865, 179.7125, 311.6073
424.5, 274.5526, 281.1412, 178.9105, 597.1815, 573.4496, 2931.761, 665.5253, 428.3272, 10.76476, 35.11682, 655.8593, 271.165, 181.328, 1166.948, 1462.843, 1543.381, 1192.215, 240.8749, 1259.807, 172.0668, 297.3357
424.6, 261.6551, 266.5512, 168.8068, 571.6183, 612.857, 2877.328, 634.5222, 408.2977, 10.16559, 33.3506, 619.2939, 256.7223, 173.8749, 1114.445, 1676.951, 1474.339, 1139.906, 228.8826, 1227.972, 164.7464, 283.7177
424.7, 249.3635, 252.7184, 159.2737, 547.1494, 573.2081, 2725.245, 604.9634, 389.2048, 9.599777, 31.67321, 584.7672, 243.0488, 166.7281, 1064.305, 1603.358, 1408.385, 1089.892, 217.4874, 1170.559, 157.7375, 270.7233
