 , C000, C001, C003, C004, C011, C017, C036, C042, C054, C057, C059, C064, C071, C072, C082
Time(s)/Cell Status, accepted, accepted, accepted, accepted, accepted, accepted, accepted, accepted, accepted, accepted, accepted, accepted, accepted, accepted, accepted
0, 0, 0, 0, 0, 0, 0, 0, 0, 0, 0, 0, 0, 0, 0, 0
0.1, 0, 0, 518.1856, 0, 0, 34.75281, 69.66479, 0, 0, 0, 0, 733.3289, 138.4754, 56.94226, 0
0.2, 0, 0, 1133.51, 0, 0, 32.76953, 95.07639, -0.0001220703, 0, 156.256, -1.525879e-05, 977.7959, 132.3405, 89.58307, 0
0.3, 0, 0, 1208.218, 0, 0, 112.1888, 89.89276, 194.7649, 6.103516e-05, 144.301, 0, 1386.713, 126.4774, 84.25769, 0
0.4, 0, 0, 1243.873, 0, 69.44052, 105.7865, 84.99176, 1215.928, 3.051758e-05, 202.6383, 0, 1571.222, 178.981, 221.3268, 3.051758e-05
0.5, 0, 0, 1242.288, 8.14065, 65.74368, 99.74951, 137.1837, 1803.742, 3.051758e-05, 187.1346, -1.525879e-05, 1639.065, 171.0514, 330.9938, 3.051758e-05
0.6, 0, 0, 1180.074, 7.717663, 136.3602, 94.05701, 129.7044, 2161.701, 0, 268.4521, -1.525879e-05, 1660.922, 163.4732, 783.7151, 3.051758e-05
0.7, 0, 0, 1120.977, 7.316654, 129.1007, 88.68936, 287.4214, 2101.682, 3.051758e-05, 333.8089, 0, 1829.998, 156.2308, 1036.29, 171.4832
0.8, 0, 0, 1064.839, 6.936482, 122.2277, 83.62808, 271.7511, 2043.449, 0, 339.072, 0, 1738.561, 290.6929, 1223.523, 163.1573
0.9, 0, 7.629395e-06, 1182.281, 6.576063, 145.1967, 78.85559, 256.9351, 2284.831, 0, 313.1297, 0, 1684.782, 277.8142, 1179.164, 155.2357
1, 0, 0, 1123.073, 6.234372, 147.4362, 74.35547, 242.9268, 2532.947, 0, 289.1724, 0, 1808.405, 265.506, 1324.983, 147.6987
1.1, 0, -7.629395e-06, 1170.168, 5.910435, 139.587, 70.11215, 229.6824, 2623.909, 284.4868, 267.048, 7.629395e-06, 1849.178, 309.782, 1324.789, 178.6756
1.2, 0, 0, 1282.888, 5.603329, 132.1557, 66.11102, 217.16, 2538.58, 324.2436, 272.4739, 7.629395e-06, 1911.868, 296.0575, 1390.125, 261.1129
1.3, 0, 18.06511, 1218.642, 5.312181, 125.12, 62.33817, 205.3203, 2624.572, 457.8304, 251.6271, 0, 1816.341, 282.9411, 1307.488, 340.1689
1.4, 0, 17.18765, 1157.613, 5.036161, 118.4589, 58.78064, 194.1261, 2706.463, 478.2498, 353.608, 0, 1854.926, 270.4058, 1376.131, 531.7593
1.5, 33.42721, 76.31213, 1099.64, 4.774483, 112.1524, 55.42615, 288.9319, 2773.073, 849.549, 326.5536, 0, 2045.978, 258.4259, 1724.524, 505.9413
1.6, 979.2676, 72.60553, 1325.617, 4.526401, 106.1816, 52.26309, 273.1792, 3141.922, 920.0733, 301.5692, 0, 2119.205, 246.9767, 1622.009, 481.3768
1.7, 1410.679, 69.07896, 2097.13, 4.29121, 100.5287, 49.28055, 360.3606, 2960.98, 913.8908, 364.8063, 0, 2013.317, 305.6351, 1525.588, 458.0049
1.8, 1369.778, 65.72369, 2333.573, 4.068239, 95.1768, 77.83858, 836.5849, 3132.033, 846.8464, 336.8952, 3.814697e-06, 1912.721, 389.7811, 1434.899, 435.7679
1.9, 1414.616, 62.53139, 2239.416, 3.856854, 90.10979, 160.5329, 936.2622, 2951.66, 784.7206, 333.2962, 3.814697e-06, 2005.354, 372.5124, 1349.601, 414.6104
2, 1379.657, 59.49415, 2167.562, 3.656452, 85.31253, 236.4175, 885.2167, 2979.539, 727.1524, 307.7959, 7.629395e-06, 1984.83, 528.7338, 1269.374, 394.4802
2.1, 1300.923, 56.60443, 2272.691, 3.466464, 106.1082, 222.9256, 836.9543, 3049.781, 673.8075, 346.9841, 7.629395e-06, 2026.91, 505.309, 1360.837, 375.3273
2.2, 1284.586, 53.85507, 2158.876, 3.286347, 100.4592, 210.2037, 841.5358, 3325.195, 682.8278, 322.5964, 7.629395e-06, 2135.384, 482.9221, 1315.884, 357.1044
2.3, 1280.805, 51.23924, 2231.639, 3.115588, 95.11096, 198.2078, 795.6548, 3218.094, 632.7346, 297.9148, 7.629395e-06, 2146.478, 524.7291, 1309.775, 339.7663
2.4, 1207.712, 48.75048, 2229.116, 2.953703, 90.04744, 186.8965, 834.0161, 3215.846, 586.3163, 275.1215, 7.629395e-06, 2092.939, 501.4817, 1231.915, 323.2699
2.5, 1278.594, 46.3826, 2241.415, 2.800229, 85.25351, 176.2307, 979.7112, 3078.011, 543.3033, 254.0721, 7.629395e-06, 2024.081, 479.2643, 1158.683, 307.5745
2.6, 1230.216, 44.12973, 2129.166, 2.654729, 80.7148, 166.1736, 1018.977, 2933.221, 503.4458, 234.6332, 7.629395e-06, 1974.007, 503.9421, 1277.787, 292.6411
2.7, 1160.01, 41.98627, 2187.869, 2.51679, 76.41772, 156.6904, 963.422, 2791.602, 511.8329, 216.6816, 7.629395e-06, 2109.31, 481.6157, 1314.826, 278.4327
2.8, 1178.744, 39.94694, 2146.975, 2.386018, 72.3494, 147.7484, 935.6434, 2698.545, 474.2841, 200.1034, 7.629395e-06, 2053.583, 541.7773, 1236.666, 264.9143
2.9, 1111.475, 38.00665, 2056.631, 2.262041, 68.49767, 139.3167, 884.6317, 2691.466, 468.6498, 184.7936, 5.722046e-06, 2027.975, 585.7015, 1207.794, 252.0521
3, 1048.046, 36.16061, 2064.652, 2.144505, 64.85101, 131.3661, 1076.545, 2536.465, 434.269, 170.6552, 5.722046e-06, 2020.358, 597.0244, 1135.997, 239.8145
3.1, 988.2358, 34.40423, 1961.255, 2.033077, 61.39849, 123.8693, 1399.17, 2390.391, 402.4104, 157.5984, 5.722046e-06, 1919.409, 646.8469, 1165.196, 228.171
3.2, 950.3712, 32.73317, 2046.809, 1.927439, 58.12978, 116.8004, 1511.393, 2422.019, 372.889, 145.5407, 3.814697e-06, 1878.795, 653.5225, 1095.93, 217.0928
3.3, 896.1354, 31.14327, 1956.764, 1.827289, 55.03506, 110.1348, 1428.991, 2439.122, 345.5334, 134.4054, 3.814697e-06, 1949.164, 931.3616, 1030.782, 673.1824
3.4, 844.9948, 29.63059, 1858.77, 1.732343, 68.91353, 103.8496, 1351.082, 2381.263, 354.2711, 124.1222, 3.814697e-06, 1851.773, 890.0989, 969.507, 640.4979
3.5, 1001.113, 28.19138, 1913.758, 1.642331, 65.24473, 97.92315, 1387.935, 2244.127, 354.6092, 114.6256, 3.814697e-06, 1759.248, 1240.378, 1166.932, 609.4005
3.6, 943.9816, 26.82209, 2020.754, 1.556996, 61.77123, 92.33487, 1312.264, 2114.888, 328.5946, 105.8557, 3.814697e-06, 1771.098, 1185.425, 1097.563, 579.8127
3.7, 1007.645, 25.5193, 2078.616, 1.476094, 58.48267, 128.6552, 1317.712, 1993.092, 837.1495, 97.75674, 1.907349e-06, 1722.388, 1221.394, 1032.318, 551.6616
3.8, 950.1411, 24.27979, 1974.52, 1.399397, 94.52383, 121.3131, 1277.632, 2132.247, 1961.843, 90.27744, 1.907349e-06, 1733.007, 1167.282, 970.952, 524.8773
3.9, 895.9184, 23.10048, 1875.637, 1.326684, 99.46586, 114.39, 1207.975, 2545.15, 2852.616, 83.37036, 9.536743e-07, 1719.374, 1224.523, 913.2334, 499.3934
4, 869.1541, 21.97845, 1781.707, 1.25775, 94.1705, 107.862, 1235.933, 2805.674, 3051.055, 76.99174, 9.536743e-07, 1644.632, 1170.272, 858.9459, 475.1468
4.1, 857.692, 20.91093, 1824.801, 1.192397, 89.15706, 101.7065, 1168.549, 2644.096, 2984.705, 71.10115, 9.536743e-07, 1647.002, 1118.425, 807.8856, 452.0774
4.2, 808.7452, 19.89525, 1842.134, 1.130441, 84.41053, 95.90231, 1232.459, 2701.467, 2816.761, 65.66124, 9.536743e-07, 1592.458, 1068.875, 759.8606, 430.1281
4.3, 762.5918, 18.92891, 1862.556, 1.071703, 79.91669, 90.42936, 1165.265, 2719.883, 2659.051, 60.63754, 9.536743e-07, 1713.93, 1192.998, 714.6905, 409.2445
4.4, 719.0722, 18.0095, 1802.918, 1.016018, 119.8992, 220.9974, 1135.324, 2563.246, 2671.745, 55.99819, 9.536743e-07, 1628.292, 1140.144, 672.2054, 389.3748
4.5, 749.8012, 17.13475, 1729.31, 156.8393, 113.5161, 208.3856, 1205.699, 2415.629, 2643.786, 51.71381, 145.8694, 1610.004, 1304.224, 632.246, 370.4699
4.6, 713.5367, 158.3133, 1813.302, 148.69, 107.4727, 1321.057, 1139.964, 2276.513, 2554.438, 47.75721, 631.8976, 1579.793, 1389.091, 773.407, 352.4828
4.7, 819.9003, 150.6237, 1722.493, 140.9641, 101.7511, 1563.4, 1077.812, 2205.008, 2458.15, 44.10333, 589.0573, 1700.295, 1360.412, 727.4315, 335.369
4.8, 799.0045, 143.3077, 1683.911, 133.6396, 96.33409, 1474.18, 1019.05, 2078.022, 2277.817, 40.72901, 612.0339, 1665.414, 1610.317, 684.1891, 319.0861
4.9, 753.4069, 136.347, 1599.582, 126.6957, 91.20547, 1390.051, 1036.678, 2058.385, 2266.761, 37.61286, 570.5403, 1582.2, 1538.974, 643.5173, 303.5938
5, 710.4114, 129.7245, 1581.45, 120.1126, 86.34988, 1456.769, 1040.719, 2042.276, 2198.388, 34.73512, 630.8749, 1546.524, 1565.949, 605.2632, 288.8537
5.1, 669.8697, 123.4235, 1638.475, 113.8716, 105.1958, 1402.352, 1021.042, 2054.86, 2274.815, 32.07756, 588.1039, 1571.505, 1722.577, 569.2831, 274.8292
5.2, 760.6893, 117.4287, 1613.985, 107.9548, 99.59544, 1322.323, 965.374, 1936.521, 2206.326, 29.62332, 548.2327, 1492.984, 1739.335, 535.4419, 261.4857
5.3, 717.2783, 111.725, 1533.157, 102.3455, 94.2932, 1246.861, 912.7413, 1896.31, 2157.929, 27.35686, 546.7297, 1433.932, 1762.658, 503.6124, 248.79
5.4, 676.3446, 106.2983, 1555.496, 97.02765, 89.27322, 1288.897, 862.9783, 1894.988, 2127.516, 25.2638, 530.394, 1529.251, 1775.178, 556.1036, 236.7107
5.5, 746.2169, 101.1353, 1572.133, 91.98611, 84.52051, 1255.481, 815.9283, 2355.537, 1981.862, 23.33088, 509.8498, 1452.841, 1696.532, 708.6548, 225.2179
5.6, 703.6318, 96.22296, 1583.549, 87.20652, 80.02081, 1183.833, 830.5541, 2447.302, 1981.986, 21.54585, 933.5864, 1380.249, 1893.675, 666.5286, 214.2831
5.7, 663.477, 91.54926, 1504.246, 205.0457, 75.76068, 1116.274, 953.9824, 2306.363, 1849.932, 19.89739, 930.8031, 1498.598, 1866.003, 626.9066, 203.8792
5.8, 625.6137, 87.10257, 1428.914, 194.3916, 71.72734, 1052.571, 901.9709, 2173.54, 1797.681, 18.37505, 867.6981, 1534.923, 1822.169, 933.924, 193.9805
5.9, 589.9112, 82.87186, 1531.1, 184.291, 67.90873, 1003.47, 944.1669, 2048.366, 1680.475, 16.96919, 808.8715, 1458.23, 1741.44, 878.4066, 184.5623
6, 556.2462, 78.84665, 1474.64, 174.7153, 64.29341, 946.2039, 892.6905, 1930.401, 1622.356, 15.67089, 754.033, 1385.369, 1822.868, 826.1894, 175.6014
6.1, 524.5023, 75.01695, 1400.791, 165.6371, 60.87057, 1077.709, 844.0206, 1819.23, 1511.542, 14.47192, 858.1438, 1316.148, 1742.109, 777.0764, 167.0756
6.2, 494.57, 71.37326, 1402.061, 157.0306, 57.62995, 1016.207, 903.2411, 1714.461, 1496.236, 13.36468, 799.9648, 1250.386, 1696.945, 730.8828, 158.9637
6.3, 466.3459, 67.90656, 1419.983, 174.0977, 54.56186, 958.2138, 853.996, 1772.021, 1386.47, 12.34215, 745.7302, 1399.305, 1960.256, 687.4352, 151.2457
6.4, 439.7325, 64.60823, 1348.871, 165.0516, 51.6571, 903.5305, 807.4357, 1669.97, 1407.979, 11.39786, 695.1724, 1329.388, 1994.786, 646.5704, 143.9024
6.5, 414.6378, 61.47011, 1348.901, 156.4756, 68.42902, 851.9678, 809.3821, 1573.797, 1304.688, 10.52582, 648.0423, 1373.818, 1906.41, 608.1348, 136.9156
6.6, 390.9753, 58.48441, 1281.348, 185.916, 72.55196, 803.3477, 783.3295, 1531.578, 1208.974, 9.720494, 604.1074, 1305.175, 1821.949, 571.9841, 130.2681
6.7, 389.379, 55.64373, 1217.179, 176.2558, 580.4255, 757.5023, 740.6221, 1540.235, 1165.501, 8.976786, 563.1512, 1261.457, 1795.167, 537.9824, 123.9433
6.8, 367.1579, 52.94103, 1156.224, 167.0976, 863.091, 784.1949, 909.4011, 1530.139, 1197.587, 8.289976, 524.9716, 1266.583, 1867.022, 506.0018, 117.9256
6.9, 346.2049, 50.36961, 1098.32, 158.4152, 852.0242, 739.4425, 882.6082, 1485.301, 1109.73, 7.655716, 489.3805, 1203.297, 1784.307, 475.9223, 112.2001
7, 326.4477, 240.7915, 1140.762, 150.184, 871.0505, 959.659, 946.2455, 1399.763, 1028.319, 7.069982, 619.2815, 1143.174, 1799.373, 447.631, 106.7525
7.1, 307.818, 229.0959, 1083.633, 142.3805, 824.6777, 969.2845, 894.6558, 1430.84, 952.8797, 6.529061, 742.9043, 1086.054, 1719.654, 421.0214, 101.5695
7.2, 290.2514, 285.5971, 1092.309, 134.9824, 873.181, 1022.623, 1044.808, 1348.438, 882.9751, 6.029527, 767.8656, 1063.44, 1643.467, 395.9937, 96.63806
7.3, 273.6874, 271.7253, 1131.305, 127.9687, 826.6948, 964.2642, 1057.193, 1472.691, 922.7081, 5.568211, 927.443, 1037.578, 1722.687, 372.4537, 91.94608
7.4, 258.0686, 258.5272, 1227.631, 121.3195, 1058.167, 1875.118, 1244.898, 1421.617, 1031.802, 5.14219, 1026.859, 1320.752, 1646.366, 350.313, 87.48191
7.5, 243.3411, 431.2055, 1166.152, 115.0157, 1133.754, 3145.485, 1242.576, 1442.516, 1143.31, 4.748764, 1774.822, 1254.76, 1573.426, 329.4886, 83.23448
7.6, 229.4541, 410.2612, 1107.752, 109.0395, 1073.395, 3619.675, 1174.831, 1359.441, 1117.517, 4.385439, 1781.862, 1243.57, 1503.718, 309.902, 79.19328
7.7, 216.3597, 390.3342, 1124.807, 103.3739, 1016.25, 3536.835, 1125.582, 1281.151, 1035.534, 4.049911, 1750.597, 1181.434, 1450.86, 291.4798, 75.34827
7.8, 204.0125, 371.3751, 1068.477, 163.9548, 962.1471, 3434.603, 1179.867, 1346.917, 959.5659, 3.740055, 1774.956, 1122.403, 1386.582, 274.1527, 71.68996
7.9, 192.3699, 353.3368, 1070.892, 393.6095, 910.9244, 3494.212, 1239.768, 1269.348, 889.1708, 3.453906, 2337.59, 1066.322, 1445.958, 257.8556, 68.20926
8, 181.3917, 336.1747, 1017.262, 476.0126, 993.895, 3364.906, 1172.175, 1347.209, 823.9399, 3.189649, 2179.11, 1136.801, 1381.897, 597.2666, 64.89756
8.1, 171.0401, 319.8462, 966.3182, 451.2791, 940.9821, 3172.877, 1108.268, 1578.09, 763.4946, 2.945611, 2031.374, 1080, 1320.674, 1071.193, 61.74665
8.199999999999999, 161.2791, 304.3108, 917.9255, 427.8307, 934.1124, 3218.407, 1047.844, 1660.007, 707.4836, 2.720244, 1916.009, 1026.037, 1464.364, 1920.908, 58.74872
8.300000000000001, 152.0753, 289.5299, 871.9563, 405.6006, 892.6452, 3150.848, 990.7156, 1833.934, 1017.896, 2.51212, 1906.105, 974.7709, 1550.053, 2725.361, 55.89634
8.4, 143.3966, 275.467, 828.2892, 384.5257, 845.1227, 2971.036, 1003.748, 1979.642, 1989.069, 2.319919, 1776.878, 926.066, 1607.394, 2983.81, 53.18246
8.5, 135.2133, 262.0872, 786.809, 364.5458, 1007.611, 2985.565, 949.0234, 2091.458, 2034.759, 2.142423, 1656.412, 879.7946, 1536.181, 2825.994, 50.60034
8.6, 127.4969, 249.3572, 820.3101, 345.604, 953.9683, 2878.873, 897.2823, 2067.965, 1885.486, 1.978508, 1544.114, 911.6083, 1547.122, 2953.279, 48.14359
8.699999999999999, 120.2209, 237.2455, 779.2294, 327.6465, 903.1811, 2869.765, 848.3621, 2067.289, 1847.309, 1.827133, 1439.428, 1023.181, 1478.579, 2777.72, 45.80611
8.800000000000001, 113.3602, 225.7222, 786.7039, 310.622, 918.6566, 2759.455, 856.2122, 2064.855, 1758.228, 1.68734, 1341.841, 1043.517, 1413.073, 2685.077, 43.58213
8.9, 106.8909, 214.7585, 747.3062, 294.4821, 869.7493, 2682.152, 865.8663, 1945.94, 1753.62, 1.558243, 1250.869, 991.3771, 1350.469, 2637.788, 41.46613
9, 100.7909, 204.3273, 981.5986, 279.1809, 823.4457, 3357.047, 818.6589, 1919.705, 1624.972, 1.439023, 1371.676, 941.8425, 1300.011, 2480.984, 39.45286
9.1, 95.03895, 194.4029, 932.4407, 264.6747, 790.634, 3838.886, 822.9873, 1809.149, 1505.762, 1.328924, 1278.681, 894.7828, 1274.121, 2411.639, 37.53734
9.199999999999999, 89.61526, 184.9604, 975.0205, 250.9222, 748.5423, 3676.072, 908.5536, 1704.961, 1395.297, 1.227249, 1191.991, 966.0562, 1361.915, 2438.288, 35.71482
9.300000000000001, 84.5011, 175.9766, 926.192, 237.8843, 708.6915, 3667.988, 912.1631, 1606.772, 1292.936, 1.133353, 1111.179, 917.7867, 1391.307, 2293.343, 33.9808
9.4, 79.67879, 167.4292, 984.9741, 225.5239, 670.9623, 3466.374, 1070.912, 1646.79, 1256.011, 1.04664, 1134.109, 1195.478, 1329.667, 2157.015, 32.33096
9.5, 75.13168, 159.2969, 979.4434, 213.8057, 672.8071, 3493.635, 1012.526, 1881.398, 1163.868, 0.9665626, 1076.24, 1624.185, 1270.758, 2133.954, 30.76122
9.6, 70.84406, 151.5596, 937.0433, 202.6964, 725.0381, 3406.914, 957.3223, 2087.508, 1184.317, 0.8926114, 1038.003, 1748.015, 1214.459, 2246.965, 29.2677
9.699999999999999, 66.80113, 144.1981, 927.4783, 192.1643, 686.4387, 3748.241, 991.4374, 2009.851, 1393.049, 0.8243182, 1079.799, 1660.674, 1215.537, 2288.529, 27.84669
9.800000000000001, 62.98893, 137.1942, 881.0307, 182.1795, 683.1218, 3645.506, 937.3838, 1894.104, 1571.082, 0.7612501, 1178.543, 1577.698, 1387.377, 2277.861, 26.49468
9.9, 59.39428, 407.9645, 982.0638, 172.7135, 679.1215, 3467.847, 886.2772, 1851.77, 1455.826, 0.7030073, 1098.642, 1696.239, 1325.911, 2142.453, 25.20831
10, 56.00476, 438.9807, 960.2561, 163.7393, 642.9666, 3269.944, 837.957, 1841.311, 1411.31, 0.6492207, 1024.158, 1611.486, 1370.026, 2015.094, 23.98439
10.1, 52.80869, 417.6588, 912.167, 155.2314, 632.6378, 3280.305, 792.2712, 1774.742, 1307.775, 0.5995492, 1037.302, 1723.282, 1309.329, 1895.306, 22.8199
10.2, 49.795, 397.3724, 1059.123, 147.1656, 630.3533, 3187.749, 749.0763, 1797.211, 1293.056, 0.553678, 966.9772, 1637.177, 1251.321, 1782.639, 21.71194
10.3, 46.9533, 378.0714, 1027.103, 139.5189, 596.7947, 3023.606, 708.2363, 1832.717, 1696.274, 0.5113164, 1132.005, 1648.355, 1195.883, 2281.962, 291.5292
10.4, 44.27377, 359.7079, 975.6663, 132.2695, 662.4747, 3143.196, 764.0866, 1727.171, 2744.651, 0.4721959, 1055.26, 1621.42, 1142.901, 2327.238, 391.6892
10.5, 41.74715, 342.2364, 935.4191, 125.3968, 627.2059, 2963.82, 722.4283, 1697.509, 3533.03, 0.4360684, 983.7169, 1590.101, 1092.266, 2217.529, 404.1273
10.6, 39.36472, 325.6134, 888.5738, 118.8812, 593.8148, 2902.011, 683.0411, 1599.75, 3524.001, 0.4027051, 1086.114, 1510.651, 1043.875, 2314.468, 522.7402
10.7, 37.11826, 309.7979, 844.0745, 112.7042, 562.2014, 2906.029, 645.8015, 1678.768, 3437.21, 0.3718944, 1012.48, 1499.972, 997.6279, 2176.884, 497.36
10.8, 35, 353.9272, 925.248, 106.8481, 532.2711, 2837.796, 610.5921, 1582.089, 3309.232, 0.3434409, 943.8373, 1425.025, 976.61, 2274.253, 473.2122
10.9, 33.00262, 370.4944, 878.9121, 101.2962, 545.7556, 2721.171, 577.3024, 1571.954, 3098.923, 0.3171645, 971.9153, 1353.823, 933.3428, 2139.059, 593.1346
11, 31.11922, 352.499, 834.8967, 96.03291, 516.7007, 2782.552, 545.8276, 1481.425, 3099.432, 0.2928984, 938.6445, 1425.93, 891.9924, 2086.636, 564.3367
11.1, 29.34331, 344.591, 793.0855, 91.04305, 489.1927, 2658.038, 516.0688, 1396.11, 2872.053, 0.2704889, 875.0079, 1354.682, 852.474, 1962.596, 536.9369
11.2, 27.66875, 327.8537, 753.3682, 86.31246, 514.8817, 2506.349, 487.9325, 1315.709, 2790.673, 0.249794, 863.2862, 1325.612, 814.7064, 2039.3, 510.8675
11.3, 26.08975, 319.6327, 715.64, 81.82767, 528.6339, 2731.157, 461.3303, 1350.995, 2621.736, 0.2306824, 898.9296, 1423.88, 865.366, 1918.073, 486.0638
11.4, 24.60086, 304.1076, 899.7219, 77.57592, 500.4906, 2951.104, 436.1783, 1437.536, 2648.863, 0.213033, 996.2798, 1352.735, 845.8406, 1922.918, 462.4644
11.5, 23.19694, 289.3366, 1444.592, 73.54508, 473.8455, 2837.432, 412.3977, 1354.748, 2542.859, 0.196734, 1084.137, 1285.145, 833.4675, 2026.601, 440.0107
11.6, 21.87313, 275.2831, 1852.148, 69.72369, 448.619, 2911.583, 559.8716, 1380.854, 2356.312, 0.1816819, 1053.558, 1336.044, 861.482, 1906.129, 418.6473
11.7, 20.62488, 372.4294, 2334.357, 66.10085, 424.7355, 2802.981, 529.3472, 1301.331, 2270.026, 0.1677816, 982.1309, 1269.288, 823.3153, 1929.5, 398.3211
11.8, 19.44786, 354.3399, 2289.414, 62.66626, 402.1235, 2705.52, 500.487, 1268.093, 2185.558, 0.1549447, 915.546, 1205.868, 888.0443, 1814.8, 378.9818
11.9, 18.33801, 354.3911, 2281.152, 59.41013, 380.7153, 2644.895, 473.2002, 1195.064, 2070.7, 0.14309, 906.7247, 1145.616, 848.7008, 1706.919, 360.5814
12, 17.29149, 407.1187, 2290.572, 56.32318, 397.7917, 2493.957, 508.9963, 1222.485, 1959.386, 0.1321422, 845.2522, 1121.794, 811.1003, 1710.848, 343.0744
12.1, 16.3047, 387.3444, 2318.381, 105.1107, 387.6968, 2426.806, 481.2456, 1296.862, 1881.502, 0.1220321, 937.8933, 1265.45, 781.1688, 2048.715, 697.9842
12.2, 15.37423, 405.574, 2202.278, 199.2995, 414.9029, 2355.077, 505.5195, 1222.176, 1854.671, 0.1126955, 874.3076, 1202.221, 746.5602, 2016.324, 808.1875
12.3, 14.49685, 385.8747, 2121.831, 188.944, 392.8143, 2265.939, 477.9583, 1302.204, 1718.61, 0.1040732, 815.0328, 1180.508, 713.485, 1896.463, 939.5795
12.4, 13.66954, 374.7709, 2050.559, 179.1265, 371.9017, 2298.52, 532.697, 1227.21, 1698.809, 0.09611066, 759.7766, 1121.523, 681.8751, 1841.953, 893.9609
12.5, 12.88945, 360.7668, 2048.383, 169.8191, 355.2563, 2254.452, 503.6541, 1215.79, 1617.905, 0.08875729, 708.2665, 1222.524, 750.4519, 1732.458, 850.5572
12.6, 12.15388, 343.2438, 2056.524, 160.9953, 336.3433, 2125.795, 476.1947, 1145.773, 1499.214, 0.08196652, 789.6226, 1161.44, 717.2042, 1837.491, 922.7197
12.7, 11.46028, 499.932, 2068.016, 152.63, 400.8488, 2105.439, 450.2324, 1112.572, 1458.457, 0.07569531, 795.1934, 1103.408, 725.7953, 2014.319, 877.9197
12.8, 164.2556, 475.6495, 1990.927, 245.8527, 379.5084, 2117.455, 425.6855, 1289.917, 1398.962, 0.06990391, 741.2822, 1136.413, 693.6401, 2015.686, 958.8784
12.9, 184.6446, 452.5465, 1916.151, 233.0782, 387.5175, 2097.549, 402.477, 1343.972, 1315.498, 0.0645556, 831.0556, 1079.632, 733.4135, 1895.863, 1497.191
13, 174.1073, 430.5656, 2090.57, 220.9675, 366.8869, 2062.095, 380.5337, 1266.573, 1288.479, 0.05961649, 952.3911, 1025.688, 700.9207, 2259.785, 1424.499
13.1, 164.1714, 409.6524, 2378.204, 209.486, 361.7725, 2026.872, 359.7869, 1193.632, 1209.934, 0.05505527, 977.2473, 1124.802, 669.8674, 2125.452, 1537.599
13.2, 166.4297, 389.755, 3091.925, 198.6012, 342.5125, 2339.782, 340.1711, 1217.134, 1166.587, 0.05084302, 1011.34, 1068.601, 640.1899, 2056.996, 1462.945
13.3, 156.9319, 370.824, 3331.269, 188.2819, 324.2778, 2206.255, 321.6248, 1147.04, 1081.004, 0.04695305, 942.7751, 1015.208, 611.8273, 1934.717, 1391.916
13.4, 336.819, 352.8125, 3177.002, 178.4988, 307.014, 2161.028, 304.0898, 1175.705, 1001.7, 0.0433607, 910.1748, 964.4826, 665.778, 2173.018, 1688.923
13.5, 441.7307, 335.6758, 3127.533, 169.224, 290.6692, 2080.727, 287.5107, 1245.896, 1042.703, 0.0400432, 848.4683, 1077.146, 636.2817, 2082.547, 1659.479
13.6, 564.3566, 319.3716, 3178.701, 160.4311, 275.1946, 2027.64, 271.8354, 1174.145, 966.2087, 0.03697952, 883.2675, 1023.326, 772.7957, 1958.75, 1578.907
13.7, 548.9596, 303.8592, 3114.424, 152.0952, 260.5438, 1978.564, 461.6684, 1156.27, 895.3262, 0.03415024, 823.3853, 1037.461, 738.5581, 1884.498, 1652.357
13.8, 517.6316, 289.1003, 3073.27, 144.1923, 246.673, 1924.275, 436.4981, 1117.488, 901.2098, 21.99479, 767.5627, 985.6241, 705.8374, 2194.816, 1734.555
13.9, 488.0914, 275.0583, 2931.934, 136.7001, 233.5407, 1898.688, 412.7, 1319.612, 927.6271, 671.4802, 884.9724, 936.3769, 674.5663, 2128.639, 1821.015
14, 460.237, 261.6982, 2810.082, 129.5972, 221.1075, 1815.939, 390.1994, 1243.616, 859.5751, 1445.192, 849.4398, 946.0419, 812.4965, 2042.015, 1819.556
14.1, 433.9722, 248.9872, 2793.754, 122.8633, 209.3362, 1764.081, 368.9256, 1171.996, 796.5155, 1469.6, 791.851, 1020.728, 776.5, 2053.429, 1885.239
14.2, 409.2063, 236.8935, 2742.189, 116.4794, 198.1916, 1676.454, 348.8116, 1104.501, 773.0867, 1496.176, 738.1664, 1061.959, 742.0983, 1931.362, 1793.707
14.3, 385.8537, 225.3872, 2694.937, 110.4271, 187.6403, 1750.382, 329.7943, 1221.525, 716.3719, 1399.529, 775.0043, 1111.098, 709.2207, 1816.552, 1761.881
14.4, 363.8338, 214.4398, 2622.425, 104.6893, 177.6507, 1743.449, 311.8138, 1682.579, 663.8179, 1292.452, 722.4619, 1055.582, 892.431, 1708.567, 1796.752
14.5, 343.0705, 204.0241, 2635.655, 99.24968, 168.193, 1833.036, 294.8135, 1585.679, 615.1193, 1193.567, 673.4817, 1120.319, 916.9934, 1734.55, 1858.361
14.6, 323.4922, 194.1144, 2575.883, 175.6229, 159.2387, 1963.861, 278.7402, 1730.921, 569.9933, 1161.202, 800.8246, 1119.249, 895.9351, 1724.029, 1783.584
14.7, 305.0311, 184.6859, 2447.446, 176.2347, 246.6949, 2248.125, 263.5432, 2196.575, 572.7316, 1072.359, 746.5317, 1080.162, 856.2421, 1621.544, 1856.289
14.8, 287.6236, 175.7155, 2446.447, 201.4656, 233.5614, 2345.467, 249.1747, 2070.075, 555.7122, 1141.966, 744.907, 1026.191, 828.7413, 1721.467, 1798.09
14.9, 271.2095, 167.1807, 2440.44, 190.9975, 221.1271, 2236.7, 367.0739, 2098.586, 625.3942, 1054.595, 694.405, 1061.349, 849.6759, 1619.134, 1710.789
15, 388.266, 159.0605, 2341.988, 181.0733, 209.3548, 2115.949, 365.9915, 1977.729, 579.5144, 984.0287, 647.327, 1019.759, 812.0322, 1522.884, 2029.557
15.1, 418.9667, 151.3346, 2224.702, 171.6648, 198.2092, 2108.87, 346.0374, 2031.053, 537.0004, 947.0464, 682.6343, 1081.646, 776.0563, 1484.608, 2059.428
15.2, 432.9354, 143.9841, 2113.29, 162.7451, 187.6569, 2127.239, 347.8863, 2239.337, 497.6053, 972.5955, 636.3542, 1077.543, 921.2142, 1396.354, 1959.438
15.3, 416.0934, 136.9906, 2226.717, 154.2889, 275.9407, 2073.11, 328.9194, 2382.833, 461.1003, 933.3997, 666.2874, 1048.617, 949.2857, 1651.376, 1864.303
15.4, 392.3478, 130.3367, 2171.969, 146.272, 261.2502, 1987.476, 417.4711, 2445.951, 427.2733, 899.6047, 621.1155, 996.222, 1076.899, 1777.598, 1773.787
15.5, 369.9573, 124.0061, 2147.936, 163.1428, 261.2438, 1874.055, 411.1666, 2465.977, 395.9279, 830.7765, 579.0062, 984.9487, 1261.823, 1671.928, 1687.666
15.6, 348.8446, 117.9829, 2127.953, 316.1328, 247.3358, 1803.029, 410.213, 2323.962, 366.8821, 811.1643, 945.6298, 935.7352, 1321.678, 1572.54, 1840.058
15.7, 328.9367, 112.2523, 2068.881, 395.986, 234.1681, 1725.151, 511.4513, 2254.979, 339.9672, 749.2768, 997.5328, 907.3147, 1297.712, 1479.059, 1794.487
15.8, 332.7092, 106.8, 2126.816, 375.4106, 221.7015, 1713.857, 483.5667, 2159.15, 315.0267, 691.9501, 963.8918, 1024.164, 1240.219, 1530.139, 1844.834
15.9, 313.7222, 101.6126, 2020.306, 355.9043, 209.8986, 1855.67, 457.2025, 2088.16, 291.9159, 708.2305, 1070.045, 972.9914, 1185.273, 1460.877, 1900.545
16, 295.8187, 96.67711, 2041.154, 526.3802, 198.7241, 1774.94, 432.2755, 2270.714, 270.5005, 808.0209, 1054.665, 924.3754, 1280.115, 1477.844, 1808.269
16.1, 278.9369, 91.98135, 1938.934, 589.1559, 188.1444, 1673.648, 408.7077, 3033.321, 250.6562, 793.3063, 1149.478, 878.1885, 1223.401, 1471.061, 1849.471
16.2, 263.0185, 87.51368, 1841.833, 597.5107, 178.128, 1760.789, 386.4248, 3254.614, 232.2677, 732.6109, 1071.547, 834.3094, 1169.2, 1383.613, 1759.675
16.3, 248.0086, 83.263, 1997.888, 566.4642, 168.6449, 1660.305, 741.0438, 3067.181, 215.2283, 676.5593, 998.9003, 792.6227, 1179.362, 1363.621, 1713.18
16.4, 233.8552, 79.2188, 1897.835, 537.0308, 159.6666, 1851.287, 1100.827, 2990.292, 199.4388, 624.7961, 1053.392, 753.0189, 1127.112, 1282.56, 1651.477
16.5, 220.5096, 75.37102, 1854.279, 509.1267, 151.1663, 1885.058, 1136.892, 2952.239, 184.8077, 576.9933, 993.8112, 715.394, 1077.177, 1346.312, 1595.186
16.6, 207.9256, 71.71013, 1761.418, 482.6725, 197.3671, 2111.79, 1074.909, 2782.22, 171.2499, 532.8479, 1067.059, 679.6489, 1029.454, 1357.865, 1517.736
16.7, 196.0597, 148.7416, 1673.207, 457.593, 186.8596, 3438.46, 1160.098, 2621.993, 158.6868, 492.08, 1255.651, 780.3941, 983.8456, 1277.146, 1519.083
16.8, 271.8106, 141.517, 1740.46, 433.8165, 176.9117, 3980.423, 1096.849, 2470.993, 147.0453, 523.7628, 1170.522, 741.4013, 1254.129, 1201.226, 1445.328
16.9, 256.299, 134.6433, 1703.188, 411.2755, 167.4933, 3753.268, 1037.048, 2470.871, 136.2578, 483.6901, 1520.951, 704.3568, 1215.273, 1129.818, 1461.202
17, 241.6725, 128.1034, 1782.735, 552.59, 158.5763, 3763.722, 980.5081, 3155.726, 126.2618, 446.6832, 1617.481, 669.1633, 1235.017, 1134.522, 1390.258
17.1, 227.8807, 121.8812, 1735.413, 637.3752, 177.4377, 3634.605, 927.0504, 3485.53, 116.999, 412.5078, 1644.617, 635.7282, 1184.626, 1397.034, 1322.758
17.2, 246.8307, 115.9613, 1649.114, 604.2573, 167.9913, 3616.118, 876.5072, 3284.799, 108.4158, 477.345, 1533.118, 671.8465, 1132.143, 1388.299, 1410.182
17.3, 232.7446, 110.3289, 1687.615, 594.7349, 159.0478, 3497.362, 967.0236, 3499.692, 100.4623, 440.8236, 1499.407, 638.2773, 1081.985, 1305.771, 1341.715
17.4, 219.4623, 104.97, 1732.209, 587.7084, 150.5805, 3425.177, 914.3011, 3298.146, 93.09224, 407.0965, 1397.753, 606.3855, 1034.049, 1228.149, 1341
17.5, 226.4141, 99.87148, 1645.461, 557.1711, 142.5639, 3347.362, 1014.025, 3171.52, 86.26286, 413.7871, 1302.991, 576.0871, 1111.445, 1155.141, 1356.716
17.6, 303.1471, 95.02058, 1576.468, 553.1401, 134.9741, 3156.335, 1110.959, 3166.941, 79.9345, 382.1285, 1497.634, 654.2034, 1062.204, 1428.627, 1496.292
17.7, 457.4896, 90.40528, 1590.242, 592.4001, 127.7884, 2976.209, 1050.389, 3188.696, 74.07039, 352.8921, 1426.593, 717.0974, 1015.144, 1343.702, 1872.571
17.8, 439.2549, 86.01415, 1510.603, 561.6191, 120.9852, 2935.722, 1068.965, 3005.06, 68.63648, 325.8925, 1386.229, 695.0701, 970.1699, 1263.825, 1904.725
17.9, 423.2417, 81.83632, 1434.953, 532.4375, 114.5442, 2828.23, 1010.684, 2831.999, 63.60121, 300.9587, 1378.561, 747.2814, 1058.307, 1318.858, 1933.235
18, 406.3063, 77.8614, 1459.36, 504.7721, 108.4461, 2900.319, 955.5813, 3085.864, 381.7793, 558.7596, 1285.099, 924.0075, 1018.551, 1857.261, 2346.301
18.1, 383.1192, 74.07956, 1498.398, 478.5442, 102.6727, 2854.003, 903.4825, 3061.79, 353.7714, 1224.498, 1344.782, 1065.443, 973.4259, 2221.845, 2602.632
18.2, 458.9745, 70.4814, 1423.359, 481.0326, 97.20658, 2785.411, 1048.346, 3017.493, 327.8182, 1690.877, 1267.58, 1012.208, 940.9513, 2137.101, 2794.258
18.3, 434.4275, 67.05801, 1382.43, 456.0382, 92.03151, 2626.454, 1110.306, 2991.504, 303.769, 1753.732, 1230.493, 961.6323, 899.2638, 2210.504, 2658.591
18.4, 409.6356, 63.8009, 1313.198, 432.3425, 87.13195, 2665.484, 1077.321, 3013.698, 281.4841, 1744.91, 1314.565, 913.5839, 859.4233, 2209.636, 2529.51
18.5, 386.2585, 151.4293, 1348.428, 509.1224, 82.49323, 2513.37, 1018.585, 2840.139, 260.834, 1611.536, 1225.442, 867.9362, 998.6626, 2078.283, 2809.608
18.6, 364.2155, 144.0741, 1338.591, 482.6685, 78.10147, 2513.326, 1059.012, 2676.577, 241.6989, 1488.238, 1230.197, 824.5693, 954.4183, 2013.717, 2717.162
18.7, 343.4305, 137.0762, 1279.064, 457.5891, 88.33727, 2661.976, 1102.465, 2639.207, 223.9675, 1444.242, 1217.269, 875.121, 912.1342, 1894.011, 2585.238
18.8, 323.8316, 172.9086, 1292.576, 433.8128, 83.63438, 3532.62, 1042.358, 2596.691, 207.5369, 1333.744, 1337.35, 831.3951, 871.7234, 1781.421, 2480.98
18.9, 317.0968, 164.5102, 1227.844, 540.7298, 102.2763, 3600.919, 985.5282, 2664.152, 192.3117, 1231.7, 1246.683, 789.8541, 833.103, 1675.524, 2593.466
19, 299.0008, 156.5197, 1166.355, 534.7556, 96.83131, 3593.763, 931.7968, 2688.003, 178.2035, 1290.852, 1162.162, 750.3886, 796.1936, 1575.922, 2619.713
19.1, 357.3014, 148.9173, 1179.533, 506.9698, 91.67622, 3559.14, 923.2398, 2533.201, 165.1302, 1192.09, 1204.235, 712.8951, 799.0392, 1787.846, 2492.521
19.2, 348.8696, 141.6842, 1124.495, 538.5009, 86.79558, 3356.027, 872.9044, 2509.517, 216.4946, 1100.884, 1122.593, 677.2749, 763.6389, 1762.912, 2490.421
19.3, 328.9603, 134.8024, 1068.181, 510.5205, 82.17477, 3439.229, 1000.859, 2364.994, 719.0882, 1016.656, 1089.8, 643.4345, 729.807, 1658.115, 2369.506
19.4, 310.1872, 128.2548, 1095.124, 483.9939, 77.79996, 3242.959, 966.3657, 2228.795, 678.8349, 959.4615, 1015.916, 674.4243, 697.474, 1766.691, 2328.357
19.5, 377.1149, 122.0253, 1040.281, 458.8456, 73.65806, 3057.89, 913.679, 2100.439, 688.8839, 886.0536, 1299.329, 640.7263, 666.5735, 1661.67, 2215.31
19.6, 355.5937, 116.0983, 988.1843, 493.7353, 69.73666, 3165.214, 863.8648, 2946.865, 638.3464, 941.7117, 1367.572, 669.7166, 637.0419, 1562.891, 2243.06
19.7, 335.3007, 110.4593, 1037.478, 593.1934, 66.02403, 2984.582, 1332.701, 3190.87, 591.5164, 869.6619, 1274.856, 648.4812, 629.1509, 1469.985, 2134.155
19.8, 316.1657, 105.0941, 985.5214, 575.0989, 62.50905, 2851.185, 1804.561, 3082.849, 548.1219, 803.1246, 1188.425, 675.0588, 695.1862, 1382.601, 2277.202
19.9, 298.1228, 99.9895, 1053.27, 545.2169, 77.26817, 2834.932, 1735.206, 2905.308, 779.51, 741.678, 1168.076, 674.295, 664.3869, 1300.412, 2242.144
20, 281.1095, 95.13286, 1000.523, 516.8875, 73.15458, 2835.019, 1799.846, 2807.01, 1142.904, 723.7546, 1088.885, 640.6035, 634.9522, 1390.813, 2154.545
20.1, 421.8585, 90.51212, 950.4171, 490.0301, 69.25999, 2673.23, 1701.718, 2858.401, 1152.494, 753.8988, 1015.062, 608.5955, 710.5883, 1368.125, 2123.852
20.2, 397.7839, 86.1158, 947.4203, 500.4592, 65.57272, 2651.445, 1608.939, 3060.736, 1067.946, 696.2184, 1221.599, 722.038, 679.1068, 1330.12, 2121.467
20.3, 454.0075, 81.93303, 977.7949, 474.4554, 62.08178, 2594.794, 1574.814, 3027.9, 989.5998, 691.9423, 1138.779, 806.9996, 649.0199, 1251.05, 2330.389
20.4, 428.0982, 77.95341, 928.8274, 449.8028, 58.77668, 2446.714, 1542.866, 3091.028, 997.676, 747.0953, 1154.716, 766.6775, 620.2661, 1176.681, 2252.866
20.5, 403.6675, 74.1671, 934.1356, 426.4311, 55.64753, 2372.459, 1458.749, 3241.893, 1074.951, 689.9355, 1142.125, 728.3701, 592.7861, 1193.688, 2306.837
20.6, 383.6331, 70.56469, 887.3546, 404.2738, 52.68498, 2366.926, 1459.741, 4185.298, 996.0907, 637.1489, 1077.408, 691.9767, 566.5236, 1252.199, 2273.28
20.7, 361.74, 67.13726, 842.9163, 416.3528, 49.88014, 2328.687, 1380.155, 4006.931, 923.0162, 588.401, 1085.031, 657.4017, 598.282, 1223.809, 2246.38
20.8, 341.0962, 63.8763, 851.5703, 394.7191, 47.22463, 2271.514, 1304.908, 3918.226, 855.3024, 543.3828, 1125.93, 685.294, 580.8085, 1190.453, 2381.16
20.9, 321.6306, 60.77373, 839.2247, 374.2096, 44.71049, 2141.883, 1271.77, 3692.576, 792.5562, 501.8088, 1049.596, 730.1768, 555.0767, 1209.458, 2265.55
21, 303.2758, 57.82185, 824.2516, 454.7995, 42.3302, 2242.439, 1202.432, 3627.696, 734.4132, 463.4157, 978.4376, 693.6932, 530.4847, 1137.562, 2155.552
21.1, 328.7417, 55.01336, 810.9807, 431.1682, 94.67215, 2231.972, 1332.436, 3499.403, 680.5356, 443.5468, 912.1031, 659.0324, 506.9824, 1069.939, 2219.106
21.2, 309.981, 52.34127, 770.3672, 485.7212, 89.63201, 2151.965, 1329.737, 3516.422, 630.6106, 409.6113, 923.4913, 626.1036, 484.5213, 1006.336, 2316.918
21.3, 428.2867, 49.79898, 887.1927, 537.7534, 84.8602, 2029.157, 1257.239, 3856.996, 584.3481, 482.7823, 896.0104, 594.8199, 463.0553, 946.5142, 2204.427
21.4, 437.8015, 47.38017, 861.2183, 551.1439, 113.1862, 1974.579, 1188.694, 3880.141, 541.4796, 445.8449, 835.2642, 603.0577, 610.5384, 1082.858, 2178.235
21.5, 412.8171, 45.07884, 818.089, 522.5065, 201.7496, 1909.679, 1151.439, 3656.684, 501.7559, 411.7336, 778.6364, 799.7332, 583.4894, 1018.487, 2319.941
21.6, 406.4231, 117.767, 868.8757, 495.3571, 357.3199, 2115.467, 1121.669, 3519.578, 464.9464, 380.2321, 811.0295, 759.774, 557.6387, 1052.554, 2259.189
21.7, 383.2293, 112.0469, 825.3629, 469.6184, 338.297, 2139.687, 1060.515, 3423.101, 430.8372, 351.1407, 927.4748, 721.8116, 626.752, 989.9842, 2217.487
21.8, 361.3592, 121.6937, 784.0292, 445.2171, 761.3133, 2262.387, 1002.696, 3402.356, 399.2304, 324.2751, 1011.204, 685.7459, 642.5615, 931.1343, 2109.823
21.9, 434.7087, 115.7828, 775.875, 422.0837, 1676.694, 2202.791, 948.0283, 3206.416, 369.9423, 299.465, 1119.26, 651.4822, 614.0938, 960.7973, 2007.387
22, 505.0336, 110.1591, 737.0195, 400.1523, 1772.058, 2285.87, 896.3414, 3021.759, 342.8028, 276.5531, 1070.588, 618.9306, 722.9706, 903.6824, 1909.924
22.1, 476.2124, 127.2525, 721.433, 379.3604, 1827.454, 2622.37, 990.6316, 2971.926, 317.6543, 255.3942, 1105.703, 588.0054, 754.4393, 849.9627, 2053.668
22.2, 449.0359, 121.0716, 786.9326, 359.6489, 1794.163, 3180.798, 936.6219, 2970.815, 294.3508, 235.8542, 1030.741, 558.6255, 740.1158, 940.866, 2050.781
22.3, 423.4103, 147.2476, 747.5234, 365.5114, 1836.677, 2999.276, 973.6212, 2799.727, 380.6797, 217.8091, 1075.601, 600.6439, 707.326, 884.9359, 1987.322
22.4, 460.6124, 140.0955, 710.0879, 418.7068, 1738.896, 2962.821, 920.5389, 2718.542, 352.7525, 201.1447, 1165.958, 570.6325, 760.5414, 866.4953, 1890.833
22.5, 434.3261, 238.7749, 743.4985, 445.6533, 1714.445, 2833.594, 912.2353, 2785.353, 326.8741, 292.9122, 1086.91, 542.1205, 773.6998, 814.9862, 1964.92
22.6, 567.2134, 270.0367, 706.2645, 501.5789, 1623.172, 2795.161, 862.4999, 2761.253, 785.6597, 628.785, 1013.221, 515.0332, 797.1055, 813.2343, 2113.24
22.7, 590.1094, 300.9247, 670.8952, 475.5169, 1536.758, 2900.823, 815.476, 2793.48, 876.6262, 827.4557, 944.5288, 614.5844, 761.791, 979.6739, 2074.901
22.8, 570.4949, 286.3083, 637.2971, 450.8091, 1589.199, 3380.769, 771.0159, 2695.031, 1013.574, 764.1475, 1053.356, 683.9459, 728.0409, 921.4369, 1974.16
22.9, 584.9936, 295.7121, 605.3816, 427.3851, 1504.594, 3413.67, 760.991, 2539.824, 939.2167, 803.3938, 981.9423, 649.7723, 695.7861, 866.6618, 1949.654
23, 558.1444, 281.3489, 575.0644, 405.1782, 1459.869, 3218.859, 815.3492, 2475.592, 870.3145, 741.9266, 1013.589, 617.306, 743.3585, 815.1428, 1922.33
23.1, 548.4053, 267.6833, 708.3813, 384.1252, 1387.395, 3359.354, 770.8961, 2455.183, 806.467, 714.5053, 1048.48, 586.462, 710.4251, 766.6863, 1849.359
23.2, 517.1089, 254.6816, 672.906, 364.1661, 1335.513, 3257.284, 728.8665, 2313.789, 747.3034, 659.8389, 977.3973, 557.1592, 678.9507, 721.1104, 1970.058
23.3, 508.6195, 242.3113, 639.2072, 372.3112, 1421.974, 3101.22, 834.4745, 2180.539, 726.5832, 609.355, 911.1334, 529.3205, 648.8708, 678.2438, 1895.962
23.4, 479.5936, 230.5419, 607.196, 352.966, 1346.272, 3065.243, 788.9786, 2277.127, 701.863, 607.8323, 849.3619, 502.8727, 620.1236, 637.9254, 1869.782
23.5, 452.2242, 219.3441, 576.788, 334.6259, 1395.897, 2890.316, 745.9632, 2236.786, 650.3734, 561.3274, 791.7783, 552.6545, 707.3398, 600.0037, 1824.39
23.6, 426.4167, 208.6902, 547.9028, 317.2388, 1321.583, 2960.674, 906.8016, 2107.97, 602.6611, 518.3806, 738.0987, 525.0408, 706.2054, 564.3363, 1735.812
23.7, 428.6308, 198.5538, 520.4641, 300.7551, 1340.465, 2791.714, 1186.375, 2049.574, 676.8044, 478.7196, 688.0583, 498.8069, 674.918, 530.7891, 1738.644
23.8, 404.1697, 188.9098, 514.3645, 285.1279, 1269.101, 2659.457, 1141.617, 1987.255, 627.1531, 1096.769, 641.4105, 473.8838, 721.046, 499.2362, 1701.177
23.9, 381.1046, 179.7341, 569.3297, 270.3127, 1266.774, 2603.141, 1125.628, 1872.809, 581.1443, 1398.198, 802.9444, 578.3241, 689.1011, 469.559, 1618.581
24, 359.3557, 232.0109, 540.818, 256.2673, 1262.019, 2606.252, 1188.794, 1895.688, 538.5107, 1458.732, 787.1003, 549.4278, 658.5714, 441.6459, 1589.652
24.1, 338.848, 220.7418, 513.7341, 242.9517, 1243.821, 2703.826, 1246.392, 1786.516, 499.0049, 1376.246, 763.4244, 521.9753, 629.3943, 415.3921, 1756.536
24.2, 335.3238, 210.02, 488.0066, 230.328, 1188.686, 2578.614, 1213.433, 1835.978, 462.3972, 1435.24, 711.6671, 495.8946, 601.5099, 390.699, 1671.252
24.3, 316.1876, 199.819, 463.5675, 218.3602, 1202.864, 2496.17, 1147.276, 1730.244, 428.4751, 1325.43, 730.3792, 471.117, 574.8609, 367.4738, 1590.11
24.4, 298.1434, 190.1135, 440.3523, 207.0142, 1138.826, 2503.506, 1247.902, 1766.765, 397.0415, 1382.38, 1258.748, 447.5774, 549.3925, 345.6292, 1714.594
24.5, 281.1289, 180.8794, 583.0063, 256.8869, 1127.29, 2572.116, 1179.866, 1665.017, 367.914, 1276.615, 1289.581, 425.214, 614.5287, 325.0831, 1781.966
24.6, 265.0855, 172.0938, 553.8097, 355.3571, 1088.341, 2425.331, 1115.539, 1569.129, 340.9233, 1178.942, 1202.152, 403.9679, 587.3029, 305.7585, 1695.448
24.7, 249.9576, 163.735, 526.0752, 336.8928, 1032.496, 2368.368, 1130.735, 1478.763, 315.9127, 1165.571, 1120.651, 383.7834, 561.2833, 287.5826, 1762.063
24.8, 235.693, 155.7821, 590.6049, 319.3879, 1175.833, 2384.751, 1125.874, 1491.91, 292.7369, 1076.394, 1044.675, 364.6075, 536.4164, 270.4871, 1676.512
24.9, 222.2425, 148.2155, 561.0277, 332.1115, 1130.602, 2248.658, 1064.491, 1405.991, 271.2613, 1121.348, 973.8497, 346.3897, 512.6513, 254.4079, 1623.892
25, 209.5595, 141.0165, 532.9318, 314.855, 1079.451, 2206.57, 1006.454, 1549.248, 729.7071, 1040.774, 1012.997, 329.0822, 489.939, 682.0574, 1722.781
25.1, 197.6004, 134.1671, 608.8529, 298.4952, 1171.189, 2267.465, 951.5821, 1460.027, 873.4428, 961.1447, 1030.985, 312.6394, 531.4205, 737.3856, 1639.136
25.2, 225.5407, 127.6504, 871.7101, 282.9854, 1912.946, 2138.065, 899.7014, 1375.944, 817.5889, 1003.364, 961.0877, 297.0182, 586.6768, 746.9042, 1559.553
25.3, 285.5307, 121.4502, 856.6724, 268.2816, 2410.862, 2120.677, 891.4683, 1296.704, 796.8273, 926.5972, 1020.685, 282.1776, 560.6849, 702.5043, 1537.44
25.4, 269.236, 115.5512, 813.7706, 254.3417, 2466.898, 2159.313, 935.9803, 1222.027, 871.4024, 855.7037, 951.4861, 268.0784, 613.4116, 660.7437, 1462.794
25.5, 273.5522, 109.9387, 773.0175, 252.509, 2335.566, 2827.75, 884.9503, 1271.012, 968.3887, 790.2343, 1121.415, 254.6837, 586.2353, 621.4655, 1497.045
25.6, 283.7863, 104.5988, 734.3051, 248.6576, 2502.216, 3315.006, 836.7025, 1236.594, 897.3464, 780.4564, 1170.012, 241.9583, 560.2629, 584.5223, 1550.61
25.7, 267.5912, 99.51827, 697.5316, 270.4926, 2369.004, 3204.226, 791.0851, 1572.354, 831.5158, 749.875, 1090.689, 229.8688, 613.4465, 728.6524, 1475.325
25.8, 263.1375, 94.68452, 736.1895, 256.4378, 2242.883, 3150.6, 747.9548, 1920.925, 836.0892, 719.6317, 1076.603, 218.3833, 586.2686, 993.4778, 1403.695
25.9, 278.029, 90.08555, 699.3215, 243.1134, 2266.969, 3189.702, 707.176, 1981.641, 1610.144, 664.5731, 1003.613, 421.7928, 560.2949, 934.4202, 1497.009
26, 262.1624, 85.70995, 664.2999, 230.4812, 2296.75, 3007.672, 849.3543, 1867.519, 2850.609, 684.9177, 935.5721, 868.1752, 535.4718, 878.8732, 1424.326
26.1, 247.2013, 81.54689, 631.0321, 218.5054, 2174.476, 2917.954, 1433.797, 1906.909, 3234.885, 646.2144, 872.1437, 824.7963, 673.9858, 826.6283, 1355.172
26.2, 233.0941, 77.58604, 683.8563, 207.1519, 2058.712, 3011.52, 2078.533, 1852.625, 3227.895, 596.7729, 913.4304, 783.585, 644.1259, 777.4891, 1362.19
26.3, 219.7918, 73.81756, 685.2527, 196.3884, 2073.223, 2872.418, 2086.218, 1788.023, 3088.367, 551.1141, 960.0408, 855.7936, 615.5888, 731.271, 1401.772
26.4, 207.2488, 70.23213, 650.9357, 250.1647, 2045.285, 2765.69, 1999.821, 1880.187, 2985.854, 508.9487, 1140.877, 880.168, 728.3947, 687.8004, 1333.713
26.5, 195.4215, 66.82085, 627.4743, 352.4343, 1936.399, 2710, 1961.555, 2708.621, 2903.314, 557.9032, 1185.389, 836.1899, 707.5078, 646.9138, 1268.958
26.6, 184.2692, 63.57526, 708.5645, 334.1219, 2125.558, 2652.368, 1929.83, 3142.667, 2690.323, 519.5181, 1126.965, 794.4093, 814.6073, 608.4579, 1422.514
26.7, 173.7533, 60.48731, 673.0799, 316.761, 2012.397, 2536.824, 1871.119, 3093.179, 2670.166, 562.1324, 1218.734, 754.7162, 780.73, 572.2879, 1353.448
26.8, 163.8376, 57.54935, 696.8276, 300.3021, 1909.79, 2648.562, 1901.353, 2978.476, 2662.854, 598.9686, 1136.108, 830.313, 900.0646, 538.2681, 1287.735
26.9, 154.4877, 54.75409, 661.9308, 293.3337, 1872.03, 2670.928, 1797.691, 2957.098, 2467.503, 553.1418, 1385.463, 788.826, 863.5194, 506.2705, 1225.213
27, 149.2256, 52.0946, 628.7817, 384.0626, 1821.292, 2643.268, 1822.796, 2851.247, 2403.25, 510.8213, 1369.821, 749.412, 1176.469, 476.1751, 1216.07
27.1, 140.7096, 49.56429, 597.2927, 364.1067, 1943.121, 2559.8, 1723.416, 2831.089, 2370.143, 471.7386, 1276.952, 752.44, 1124.347, 447.8687, 1412.223
27.2, 132.6796, 47.15688, 606.8268, 345.1878, 2007.183, 2483.802, 1766.428, 2668.047, 2305.631, 435.6462, 1283.194, 714.844, 1074.535, 421.245, 1405.744
27.3, 125.1078, 44.86639, 645.5499, 327.2519, 2107.625, 2394.356, 1776.135, 2514.395, 2157.393, 402.3152, 1196.198, 679.1265, 1283.019, 396.2039, 1337.492
27.4, 117.9682, 42.68716, 613.2211, 310.2479, 1995.419, 2316.454, 1679.3, 2458.209, 2105.625, 371.5343, 1115.1, 645.1936, 1248.146, 372.6515, 1272.554
27.5, 111.236, 40.61378, 597.5794, 342.2071, 1930.579, 2399.271, 1644.96, 2340.078, 2035.133, 343.1084, 1149.068, 750.4614, 1326.268, 350.4991, 1210.769
27.6, 104.888, 38.64111, 567.653, 324.4261, 1827.799, 2275.342, 1610.078, 2461.189, 1907.609, 316.8574, 1209.623, 712.9643, 1277.498, 329.6635, 1151.984
27.7, 98.90222, 36.76426, 539.2252, 673.3049, 1730.491, 2145.493, 1656.917, 2405.118, 1837.807, 292.6148, 1127.615, 677.3406, 1369.453, 310.0666, 1096.053
27.8, 93.25807, 34.97856, 632.3448, 1733.378, 1833.35, 2052.619, 1566.582, 2407.948, 1812.014, 270.227, 1051.167, 643.4969, 1308.781, 291.6346, 1042.837
27.9, 87.93602, 33.2796, 600.6773, 1955.329, 1735.746, 2112.918, 1481.171, 2301.231, 1745.115, 389.2559, 1082.391, 611.3444, 1250.798, 274.2983, 1115.574
28, 82.91769, 31.66316, 570.5957, 1927.128, 1737.838, 2048.177, 1400.417, 2206.537, 1617.091, 396.1927, 1009.009, 1378.871, 1195.383, 257.9926, 1061.411
28.1, 78.18574, 30.12523, 542.0206, 1865.467, 1645.319, 1931.292, 1324.066, 2255.981, 1498.459, 374.0925, 940.602, 2405.436, 1142.423, 242.6561, 1009.877
28.2, 73.72383, 28.662, 514.8765, 1768.537, 1563.89, 1954.213, 1251.877, 2126.06, 1410.006, 345.4709, 876.8326, 3234.942, 1320.611, 228.2313, 960.8454
28.3, 69.51656, 27.26984, 489.0918, 1676.645, 1487.018, 1878.696, 1183.624, 2091.083, 1368.081, 319.0391, 817.3867, 3196.699, 1262.103, 214.664, 914.1944
28.4, 65.54939, 25.94531, 464.5984, 1599.443, 1530.515, 1779.33, 1202.038, 2001.154, 1267.717, 294.6296, 761.9709, 3054.323, 1271.323, 201.9033, 869.8083
28.5, 61.80862, 24.6851, 441.3315, 1516.336, 1507.348, 1731.515, 1136.503, 2186.957, 1174.715, 272.0877, 710.3121, 3180.604, 1303.808, 189.901, 1090.156
28.6, 58.28133, 23.48611, 419.2299, 1493.942, 1588.193, 1632.701, 1074.54, 2183.326, 1310.169, 251.2704, 662.1556, 3055.726, 1246.045, 178.6123, 1037.226
28.7, 54.95533, 22.34535, 398.2351, 1437.889, 1503.641, 1589.769, 1214.254, 2057.588, 1214.053, 240.9112, 617.2639, 3053.029, 1325.941, 167.9946, 986.8669
28.8, 51.81914, 21.26001, 439.8955, 1363.177, 1530.988, 1620.623, 1148.052, 1939.092, 1124.989, 222.4792, 671.5129, 3106.507, 1528.494, 158.0081, 938.9525
28.9, 48.86193, 20.22738, 462.1818, 1466.541, 1473.733, 1528.138, 1114.264, 2089.195, 1042.458, 205.4575, 625.9868, 3035.414, 1485.181, 148.6153, 893.3643
29, 46.07347, 19.2449, 439.0359, 1622.884, 1428.562, 1497.295, 1053.513, 2348.39, 965.9818, 189.738, 731.1481, 2902.234, 1419.382, 139.7808, 849.9897
29.1, 43.44415, 18.31015, 417.0492, 1699.847, 1352.508, 1411.848, 1117.079, 2256.483, 895.116, 188.2262, 691.0317, 2896.633, 1434.766, 131.4715, 808.7209
29.2, 40.96488, 17.4208, 421.349, 1731.703, 1280.504, 1399.038, 1104.996, 2968.061, 829.449, 173.8251, 737.7092, 2809.173, 1598.444, 123.6561, 769.4558
29.3, 38.6271, 16.57464, 400.2481, 1705.2, 1328.315, 1354.956, 1546.415, 2981.802, 768.5995, 160.5258, 687.6953, 2797.295, 1527.627, 116.3054, 874.4439
29.4, 36.42273, 15.76959, 407.7935, 1883.239, 1270.461, 1307.937, 1578.723, 2858.457, 712.2139, 148.2441, 690.154, 2767.396, 1570.024, 109.3916, 831.9878
29.5, 34.34415, 15.00363, 427.1353, 1813.413, 1202.824, 1233.296, 1615.81, 2693.839, 659.9649, 136.902, 821.9304, 2762.036, 1500.467, 102.8887, 850.4715
29.6, 32.3842, 14.27488, 405.7446, 1818.884, 1138.789, 1248.081, 1527.715, 2648.979, 611.549, 126.4277, 809.7369, 2707.806, 1470.658, 96.77248, 809.1793
29.7, 30.5361, 13.58153, 385.4251, 1938.697, 1191.401, 1439.724, 1444.424, 3048.102, 566.6849, 116.7548, 928.1118, 2591.888, 1405.503, 91.01981, 769.892
29.8, 28.79347, 12.92185, 366.1232, 2947.195, 1282.093, 1357.562, 1365.673, 2983.309, 525.1121, 107.822, 921.6688, 2700.856, 1343.234, 85.60911, 732.5121
29.9, 27.15028, 12.29422, 347.788, 3210.607, 1268.908, 1537.253, 1291.216, 2985.625, 486.5891, 99.57257, 906.9296, 2609.258, 1283.724, 80.52004, 696.9471
30, 25.60087, 11.69707, 330.3709, 3150.355, 1325.164, 1767.458, 1426.887, 2813.684, 450.8922, 91.95433, 986.6265, 2606.44, 1460.428, 75.73351, 663.1088
30.1, 24.13988, 11.12893, 324.1958, 3149.365, 1467.693, 1814.326, 1349.093, 2751.672, 417.8141, 84.91896, 1030.765, 2476.208, 1395.726, 71.23151, 758.5117
30.2, 22.76226, 10.58838, 327.5776, 3195.628, 1719.96, 1710.786, 1434.914, 2628.588, 387.1627, 78.42186, 960.883, 2448.018, 1333.89, 66.99712, 721.6844
30.3, 21.46327, 10.07408, 311.1727, 3029.583, 1628.393, 2225.856, 1372.805, 2477.208, 358.7599, 72.42185, 1065.864, 2399.841, 1358.909, 63.01446, 686.6451
30.4, 20.2384, 9.58477, 295.5894, 2872.167, 1541.701, 3404.763, 1318.306, 2385.154, 332.4408, 66.8809, 1097.139, 2293.697, 1298.705, 59.26854, 653.307
30.5, 19.08344, 183.4869, 408.5221, 2812.994, 1459.624, 4582.327, 1246.432, 2247.793, 308.0525, 61.76388, 1284.401, 2262.138, 1241.168, 55.7453, 692.3596
30.6, 17.99438, 174.5746, 388.0635, 2839.055, 1381.917, 4745.256, 1178.476, 2118.343, 285.4533, 57.03836, 1364.738, 2272.246, 1217.541, 52.43151, 843.1899
30.7, 16.96748, 166.0953, 368.6295, 2835.96, 1382.764, 4677.395, 1264.791, 2161.69, 264.5121, 52.67439, 1272.214, 2216.074, 1258.948, 49.3147, 802.2513
30.8, 15.99918, 158.0278, 383.9534, 2896.713, 1309.149, 4532.296, 1195.834, 2883.676, 245.1071, 48.6443, 1185.962, 2299.054, 1203.172, 46.38317, 763.3003
30.9, 15.08614, 150.3521, 385.1177, 3843.819, 1489.57, 4316.256, 1168.285, 3268.122, 227.1257, 44.92255, 1281.901, 2184.181, 1149.868, 43.6259, 726.2405
31, 14.2252, 143.0493, 365.8312, 4118.223, 1616.721, 4529.571, 1104.59, 3316.93, 210.4634, 41.48555, 1194.993, 2075.047, 1270.74, 41.03255, 690.98
31.1, 26.63133, 136.1012, 347.5106, 4601.246, 1530.651, 4340.307, 1139.95, 3173.502, 195.0235, 72.1157, 1253.742, 1971.366, 1373.203, 38.59336, 657.4315
31.2, 25.11153, 129.4905, 397.6248, 4384.553, 1524.999, 4261.778, 1169, 2990.741, 180.7163, 66.59817, 1242.496, 1872.866, 1312.365, 36.29916, 625.5118
31.3, 23.67847, 123.201, 409.7646, 4225.846, 1545.072, 4133.512, 1105.266, 2984.431, 167.4587, 61.50278, 1158.26, 1906.533, 1254.223, 34.14135, 595.1419
31.4, 22.32718, 117.2169, 389.2438, 4259.192, 1462.816, 4119.006, 1081.544, 2930.611, 155.1737, 56.79724, 1079.734, 1811.272, 1294.236, 32.1118, 566.2465
31.5, 21.05302, 111.5235, 592.5515, 4701.624, 1451.411, 3979.453, 1022.577, 3248.183, 143.79, 70.71666, 1006.532, 1924.967, 1236.897, 30.20291, 538.7541
31.6, 19.85156, 106.1066, 562.8768, 4663.025, 1613.258, 3939.577, 1146.844, 3149.447, 133.2413, 232.6762, 1089.354, 1840.485, 1218.309, 28.40749, 512.5964
31.7, 18.71867, 100.9529, 754.7318, 5044.365, 1862.954, 4055.663, 1235.326, 3182.708, 123.4666, 452.8267, 1015.5, 1856.523, 1164.334, 26.71879, 487.7088
31.8, 17.65044, 96.04945, 716.9352, 4899.614, 1777.929, 3926.39, 1167.976, 3189.474, 249.3041, 422.3073, 946.653, 1897.504, 1510.906, 25.13049, 759.4613
31.9, 16.64316, 91.38419, 681.0315, 5141.099, 1854.732, 3729.454, 1104.297, 3141.433, 231.0148, 389.9968, 882.4734, 1802.695, 1481.765, 23.63659, 722.5879
32, 15.69337, 86.94552, 646.9258, 4873.968, 1755.99, 3516.621, 1199.039, 3132.431, 341.8725, 360.1584, 822.645, 1793.469, 1416.117, 22.23151, 687.5048
32.1, 14.79778, 82.72244, 750.9445, 4620.717, 1662.505, 3336.684, 1187.755, 2952.035, 316.7922, 332.6028, 766.8727, 1703.857, 1353.378, 20.90995, 654.1249
32.2, 13.9533, 78.70448, 746.8453, 4611.306, 1573.997, 3217.479, 1122.999, 2782.028, 293.5519, 307.1556, 714.8815, 1618.723, 1293.419, 19.66695, 622.3658
32.3, 13.15701, 74.88168, 709.4437, 4476.346, 1490.2, 3514.851, 1061.772, 2840.084, 272.0165, 283.6553, 766.0153, 1537.843, 1362.069, 18.49784, 592.1486
32.4, 12.40617, 71.24457, 676.1853, 4348.192, 1518.936, 4911.329, 1003.884, 2676.524, 252.061, 261.953, 714.0823, 1639.567, 1322.582, 17.39823, 563.3986
32.5, 11.69818, 67.78412, 642.3223, 4197.192, 1438.071, 5326.665, 949.1517, 2522.384, 233.5695, 241.9111, 985.1749, 1611.975, 1263.987, 16.36399, 536.0444
32.6, 11.03058, 64.49174, 610.1552, 4178.834, 1486.462, 5243.153, 1117.229, 2511.839, 216.4345, 223.4026, 953.8497, 1573.82, 1207.988, 15.39123, 510.0183
32.7, 10.40109, 61.35928, 579.5989, 3961.703, 1477.989, 5133.291, 1056.317, 2367.183, 348.1399, 360.1655, 985.7709, 1646.917, 1154.47, 14.47629, 485.2559
32.8, 9.807521, 58.37896, 550.5729, 3885.764, 1399.304, 5154.715, 998.7264, 2230.857, 727.4341, 809.0703, 983.3224, 1584.517, 1103.323, 13.61574, 461.6957
32.9, 9.247826, 55.5434, 523.0005, 3683.86, 1324.808, 4942.742, 944.2754, 2102.383, 674.0685, 1030.775, 981.6995, 1533.463, 1303.101, 12.80635, 439.2794
33, 8.720071, 52.84557, 496.8089, 3892.973, 1254.278, 4782.427, 1138.087, 2157.276, 624.6179, 951.9109, 915.1439, 1502.359, 1245.369, 12.04507, 417.9514
33.1, 8.222434, 50.27878, 471.929, 3724.467, 1187.503, 4707.274, 1154.896, 2233.06, 578.795, 879.0807, 853.1006, 1427.293, 1269.554, 11.32905, 397.659
33.2, 7.753196, 47.83667, 467.0842, 3664.367, 1283.414, 4676.566, 1091.93, 2104.459, 536.3338, 872.4043, 946.3895, 1355.977, 1403.063, 10.65559, 378.3518
33.3, 7.310737, 45.51316, 479.8192, 3548.01, 1279.145, 4637.613, 1091.045, 1983.264, 496.9876, 805.6572, 882.2278, 1331.343, 1340.903, 10.02216, 359.9821
33.4, 79.7044, 43.30252, 455.7902, 3389.266, 1211.046, 4407.762, 1031.561, 1869.048, 460.5279, 744.0168, 938.8073, 1322.073, 1281.496, 9.426394, 342.5042
33.5, 75.15583, 41.19925, 432.9644, 3256.943, 1295.26, 4179.321, 975.3194, 1761.41, 426.7429, 687.0925, 875.1596, 1256.015, 1252.679, 8.866039, 325.8749
33.6, 70.86684, 39.19814, 467.5647, 3280.39, 1226.303, 4166.874, 967.0989, 1803.107, 395.4365, 662.6779, 815.827, 1193.257, 1483.884, 8.338995, 310.053
33.7, 66.82261, 37.29422, 444.1493, 3236.87, 1161.017, 4104.379, 979.5436, 1699.266, 366.4267, 611.9767, 760.517, 1273.401, 1418.142, 7.843281, 294.9993
33.8, 63.00918, 35.48278, 421.9066, 3068.683, 1185.141, 3870.15, 926.1384, 1729.954, 432.5448, 598.1089, 708.9567, 1209.774, 1430.215, 7.377034, 280.6764
33.9, 59.41337, 33.75933, 400.7777, 3083.742, 1122.047, 3649.289, 875.645, 1630.326, 436.9911, 582.7032, 660.8921, 1209.872, 1568.147, 6.938504, 267.049
34, 56.02277, 32.11959, 380.707, 3049.968, 1151.418, 3569.833, 827.9044, 1846.818, 404.9328, 893.048, 616.0861, 1383.988, 1498.672, 6.526042, 415.9294
34.1, 52.82566, 30.55949, 361.6414, 3050.138, 1192.625, 3366.11, 782.7667, 1740.46, 375.2264, 1201.078, 574.3177, 1314.837, 1436.335, 504.8383, 678.0984
34.2, 49.81101, 29.07517, 343.5305, 2938.921, 1445.207, 3390.574, 740.09, 1640.228, 347.6992, 1140.557, 708.9457, 1249.14, 1372.7, 474.8281, 645.1754
34.3, 46.9684, 27.66294, 326.3267, 2821.595, 1514.344, 3245.557, 699.7399, 1545.767, 366.1978, 1156.169, 779.8487, 1186.726, 1538.354, 446.6017, 613.8507
34.4, 44.288, 26.31931, 309.9845, 2873.824, 1613.157, 3320.245, 661.5898, 1456.747, 454.1285, 1067.711, 1025.5, 1127.431, 1552.525, 420.0534, 584.047
34.5, 41.76057, 25.04094, 294.4606, 2896.418, 1566.977, 3174.78, 625.5197, 1472.308, 420.813, 986.0214, 955.9749, 1071.098, 1569.631, 395.0832, 555.6903
34.6, 39.37738, 23.82467, 279.7142, 2843.297, 1483.555, 3075.659, 591.4161, 1387.518, 389.9416, 910.5814, 1144.766, 1017.58, 1506.281, 371.5973, 528.7104
34.7, 37.1302, 22.66747, 265.7063, 2695.56, 1474.515, 2900.137, 559.1718, 1307.611, 361.3349, 840.9134, 1143.886, 966.7362, 1439.547, 349.5076, 503.0404
34.8, 35.01125, 21.56647, 252.3998, 2555.499, 1468.04, 2928.643, 528.6855, 1232.306, 334.8269, 820.739, 1066.335, 918.4327, 1399.896, 328.731, 478.6167
34.9, 33.01323, 20.51896, 239.7598, 2602.94, 1472.069, 2871.842, 578.6497, 1161.338, 310.2635, 768.8479, 994.0416, 950.6644, 1484.218, 309.1895, 455.3789
35, 31.12923, 19.52232, 227.7527, 2467.692, 1440.254, 2796.637, 564.2886, 1181.065, 287.5022, 710.0238, 926.6493, 903.164, 1418.462, 290.8096, 433.2693
35.1, 29.35275, 18.57409, 216.347, 2339.471, 1363.578, 2810.229, 533.5234, 1113.048, 266.4106, 690.6996, 863.8259, 858.0369, 1355.619, 273.5223, 412.2332
35.2, 27.67764, 17.67192, 220.3121, 2319.479, 1401.823, 2686.039, 526.3464, 1048.948, 246.8664, 637.8546, 805.2617, 815.1647, 1481.887, 257.2627, 392.2184
35.3, 26.09814, 16.81357, 209.279, 2420.608, 1344.923, 2682.212, 964.7009, 1116.038, 228.7559, 589.0527, 875.6536, 927.4186, 1416.234, 241.9697, 373.1754
35.4, 24.60877, 15.99691, 198.7984, 2359.756, 1273.322, 2710.54, 1730.097, 1051.766, 211.9741, 543.9847, 816.2875, 881.0797, 1353.49, 227.5857, 355.0569
35.5, 23.2044, 15.21991, 220.4943, 2342.973, 1205.533, 2651.388, 1917.759, 991.195, 196.4234, 502.3647, 760.9462, 837.0562, 1380.597, 214.0568, 337.8181
35.6, 21.88017, 14.48066, 226.5434, 2301.905, 1237.672, 2584.929, 1995.29, 934.1123, 182.0135, 463.9291, 841.041, 795.2322, 1499.323, 201.3321, 321.4164
35.7, 20.63151, 13.77731, 217.0644, 2182.299, 1176.629, 2437.413, 1948.724, 880.317, 168.6607, 428.4341, 784.0215, 755.498, 1615.809, 189.3639, 305.8109
35.8, 19.45411, 13.10812, 206.194, 2138.35, 1191.948, 2320.604, 1933.555, 829.6198, 156.2875, 461.9759, 730.8678, 779.6143, 1586.842, 178.1071, 290.9632
35.9, 18.3439, 12.47144, 195.8679, 2082.667, 1219.7, 2312.235, 1828.137, 781.8422, 144.822, 466.859, 681.3177, 740.6605, 1516.539, 167.5195, 276.8363
36, 17.29705, 11.86569, 186.0589, 2179.814, 1154.766, 2288.337, 1794.89, 736.816, 134.1977, 431.1399, 635.1269, 749.3429, 1599.106, 157.5612, 263.3954
36.1, 16.30995, 11.28935, 176.7412, 2122.71, 1093.289, 2239.536, 1697.032, 835.6527, 124.3528, 443.4927, 592.0676, 711.9016, 1702.42, 148.1949, 250.6069
36.2, 15.37917, 10.74101, 167.8901, 2012.414, 1182.291, 2111.73, 1901.467, 787.5276, 386.2568, 409.5613, 551.9276, 676.3311, 1650.444, 324.2723, 238.4395
36.3, 14.50151, 10.2193, 159.4822, 1947.567, 1180.231, 1991.218, 1991.79, 1008.942, 542.0463, 378.226, 514.509, 642.5379, 1577.324, 1241.891, 226.8627
36.4, 13.67394, 9.722937, 151.4955, 1923.363, 1207.386, 2024.43, 2351.23, 1154.594, 604.6525, 349.2881, 526.4876, 694.5477, 1701.782, 1340.502, 215.8481
36.5, 12.8936, 9.250679, 143.9086, 1977.501, 1143.107, 1984.802, 2262.042, 1117.883, 560.2943, 322.5643, 523.0527, 659.8443, 1810.221, 1366.447, 205.3682
36.6, 12.15779, 8.80136, 136.7018, 1879.06, 1132.844, 1906.783, 2138.714, 1053.504, 519.1904, 297.8851, 487.5916, 626.8749, 1730.022, 1285.218, 195.3971
36.7, 11.46397, 8.373864, 129.8558, 1909.703, 1089.953, 1907.488, 2022.111, 1098.427, 481.1018, 275.0941, 454.5347, 595.5527, 1658.548, 1332.484, 185.9102
36.8, 34.97227, 7.967132, 123.3527, 1842.713, 1031.926, 1891.551, 2036.753, 1035.169, 445.8075, 254.0468, 512.2918, 565.7957, 1696.128, 1253.274, 176.8839
36.9, 32.97647, 7.580157, 264.6138, 1865.038, 1040.529, 1783.604, 1988.802, 975.5539, 413.1025, 234.6098, 550.7922, 537.5254, 1714.188, 1178.773, 168.2958
37, 31.09457, 7.211977, 366.803, 1837.739, 1040.759, 1681.817, 1880.372, 919.3719, 382.7967, 216.66, 513.4506, 510.6677, 1638.243, 1108.7, 160.1247
37.1, 29.32007, 6.86168, 348.4337, 1894.476, 985.3516, 1786.303, 1815.936, 866.4255, 354.7142, 200.0835, 478.6405, 485.1519, 1565.663, 1042.793, 152.3503
37.2, 27.64683, 6.528398, 330.9844, 1800.368, 986.3492, 1855.674, 1868.095, 816.5283, 328.6919, 184.7752, 446.1905, 460.911, 1496.299, 980.804, 144.9534
37.3, 26.06908, 6.211303, 394.1866, 1706.821, 1020.829, 1774.78, 1902.81, 862.2252, 304.5786, 170.6381, 415.9404, 551.6512, 1540.396, 1010.221, 137.9156
37.4, 24.58137, 5.909611, 412.5335, 1639.265, 966.4822, 1701.81, 1799.068, 812.5698, 282.2343, 157.5827, 387.7412, 524.0877, 1472.151, 950.168, 131.2195
37.5, 23.17856, 5.622572, 405.5342, 1554.089, 1042.806, 1604.691, 1734.651, 765.7741, 261.5292, 148.6499, 361.4538, 497.9014, 1568.364, 893.6849, 124.8485
37.6, 21.85581, 5.349475, 385.2253, 1953.826, 1045.802, 1575.829, 1640.078, 896.9171, 242.343, 171.4258, 336.9486, 473.0235, 1498.88, 840.5596, 118.7868
37.7, 20.60854, 5.089643, 365.9334, 2512.442, 1881.278, 1485.9, 1550.66, 983.3281, 224.5644, 158.3101, 314.1047, 492.823, 1475.685, 1301.185, 113.0195
37.8, 19.43245, 4.842431, 377.5757, 2702.53, 2228.544, 1464.567, 1578.631, 1046.022, 208.09, 146.1979, 385.127, 468.1988, 1410.307, 1412.062, 107.5322
37.9, 18.32348, 4.607227, 358.6669, 2744.529, 2154.946, 1513.512, 1492.563, 1046.636, 192.8243, 135.0123, 359.0168, 444.805, 1347.825, 1507.782, 102.3112
38, 53.23214, 4.383447, 340.705, 2646.963, 2124.536, 1427.139, 1411.188, 1162.644, 178.6784, 124.6826, 334.6768, 422.5801, 1505.923, 1473.24, 97.34382
38.1, 50.19429, 4.170537, 361.6144, 2586.184, 2197.602, 1345.695, 1475.201, 1095.688, 165.5703, 115.1432, 478.6066, 428.1877, 1730.18, 1385.663, 92.61757
38.2, 47.3298, 3.967967, 408.7014, 2451.806, 2253.086, 1327.972, 1394.772, 1144.316, 153.4238, 106.3337, 446.1589, 808.6771, 1690.262, 1418.841, 88.12079
38.3, 177.2912, 3.775237, 433.4087, 2483.723, 2133.136, 1386.337, 1346.098, 1519.461, 142.1685, 98.19817, 415.9109, 1350.105, 1698.589, 1415.843, 83.84234
38.4, 167.1735, 3.591868, 524.6037, 2408.644, 2159.241, 1307.221, 1272.708, 1680.093, 131.7388, 90.68508, 387.7137, 1403.976, 1623.335, 1393.946, 79.77161
38.5, 157.6333, 3.417405, 574.4507, 2322.471, 2044.288, 1232.621, 1353.859, 1737.643, 122.0742, 83.74682, 361.4282, 1429.37, 1623.547, 1311.083, 75.89854
38.6, 148.6375, 3.251416, 568.6706, 2358.367, 2036.074, 1279.169, 1420.203, 2290.115, 113.1187, 77.3394, 336.9247, 1403.287, 1587.411, 1282.848, 72.2135
38.7, 284.0018, 3.09349, 540.1919, 2519.895, 2016.998, 1256.983, 1342.773, 2732.535, 104.8202, 71.42221, 314.0825, 1401.754, 1662.503, 1580.625, 68.70738
38.8, 267.7944, 2.943235, 513.1393, 2388.961, 1922.573, 1316.906, 1269.564, 2747.067, 97.13041, 65.95774, 292.7888, 1444.006, 1588.848, 1486.665, 65.3715
38.9, 252.5119, 2.800277, 504.0323, 2382.098, 1868.163, 1241.753, 1200.347, 2588.865, 90.00478, 60.91135, 272.9388, 1400.743, 1518.456, 1398.289, 62.19757
39, 238.1016, 2.664263, 478.7906, 2444.058, 2234.645, 1261.745, 1255.701, 2648.302, 83.40191, 56.25106, 254.4346, 1330.754, 1451.183, 1315.168, 59.17775
39.1, 224.5136, 2.534856, 454.8131, 2356.385, 2310.61, 1189.74, 1187.24, 2495.786, 77.28343, 51.94732, 237.1848, 1396.221, 1514.525, 1236.987, 56.30455
39.2, 211.701, 2.411734, 432.0363, 2233.948, 2371.713, 1121.844, 1122.511, 2519.942, 71.61381, 47.97286, 221.1046, 1358.354, 1533.942, 1163.454, 53.57085
39.3, 199.6197, 2.294592, 410.4001, 2412.19, 2319.787, 1199.759, 1061.311, 2374.819, 66.36012, 44.30249, 206.1145, 1290.483, 1465.983, 1288.716, 50.96987
39.4, 188.2278, 2.183141, 389.8475, 2546.311, 2196.287, 1131.291, 1097.382, 2478.458, 61.49184, 40.91293, 319.4109, 1226.003, 1653.896, 1297.067, 48.49518
39.5, 177.486, 2.077102, 389.7339, 2414.005, 2167.288, 1183.741, 1037.552, 2335.724, 56.98072, 37.7827, 297.756, 1164.745, 1580.622, 1219.963, 46.14064
39.6, 167.3572, 1.976214, 370.2162, 2380.868, 2078.472, 1877.602, 1232.599, 2201.21, 52.80053, 34.89197, 277.5692, 1204.05, 1510.595, 1147.442, 43.90041
39.7, 157.8065, 1.880226, 351.676, 2378.647, 1967.818, 1940.902, 1165.397, 2308.826, 48.92701, 32.22241, 258.7511, 1143.889, 1637.343, 1079.232, 41.76896
39.8, 148.8008, 1.788901, 334.0642, 2366.05, 2046.887, 1905.747, 1101.859, 2197.739, 45.33766, 29.75709, 241.2087, 1086.734, 1564.803, 1015.076, 39.74099
39.9, 313.0367, 1.702011, 420.0966, 2243.11, 1937.916, 2015.735, 1041.785, 2226.292, 188.9169, 27.48039, 224.8557, 1060.671, 1495.477, 954.7347, 37.81148
40, 1295.361, 1.619342, 399.0583, 2126.558, 1936.94, 1958.67, 984.9866, 2136.769, 1042.53, 25.37789, 209.6113, 1069.342, 1429.222, 897.9802, 35.97565
40.1, 1722.001, 1.540688, 554.17, 2146.552, 1988.823, 2233.875, 995.0509, 2070.435, 1308.899, 23.43624, 417.1826, 1132.674, 1365.902, 844.5995, 34.22896
40.2, 2405.074, 1.465855, 526.4175, 2201.161, 1912.534, 2155.282, 1070.376, 2089.175, 1335.853, 21.64315, 745.9389, 1076.079, 1305.388, 883.1016, 32.56707
40.3, 3296.454, 1.394656, 500.0548, 2261.112, 1942.415, 2032.284, 1012.019, 2011.807, 1514.128, 38.28497, 885.4521, 1022.312, 1517.681, 960.9681, 30.98587
40.4, 3455.319, 1.326915, 497.0547, 2524.62, 1876.504, 2082.484, 1001.8, 1980.787, 1493.026, 35.35581, 825.4217, 1179.721, 1450.443, 903.8431, 29.48144
40.5, 3310.656, 1.262465, 472.1624, 2740.251, 1776.603, 2087.178, 1049.282, 2110.256, 1383.495, 60.54584, 769.4612, 1120.776, 1386.183, 949.2415, 28.05006
40.6, 3481.019, 1.201145, 448.5168, 2798.062, 1800.562, 1968.067, 992.0745, 2207.327, 1282, 55.91351, 717.2946, 1064.775, 1324.77, 1057.054, 26.68817
40.7, 3362.901, 1.142804, 426.0553, 2783.411, 1704.704, 1855.753, 2141.309, 2255.141, 1187.951, 51.6356, 668.6647, 1011.573, 1266.078, 1584.121, 25.3924
40.8, 3170.987, 1.087296, 404.7187, 2791.996, 1613.95, 2033.933, 3084.429, 2396.083, 1100.801, 47.68499, 623.3317, 961.0296, 1224.033, 1632.219, 24.15955
40.9, 3079.766, 1.034484, 414.7031, 2664.037, 1717.592, 1917.86, 3200.143, 3257.78, 1108.248, 44.03664, 581.0721, 913.0113, 1215.221, 1624.18, 22.98655
41, 2909.643, 0.9842378, 393.935, 2821.322, 1669.435, 1927.506, 3176.137, 4190.899, 1026.945, 40.66742, 541.6776, 867.3922, 1161.383, 1577.601, 21.8705
41.1, 2743.595, 0.9364318, 374.207, 2836.416, 1580.558, 1817.507, 3327.697, 4372.191, 951.6068, 37.55598, 504.9538, 824.0526, 1353.464, 1658.116, 20.80865
41.2, 2706.877, 0.8909479, 355.4669, 2689.036, 1612.92, 1713.786, 3190.01, 4350.264, 881.7956, 34.68259, 470.7198, 782.8784, 1337.223, 1559.549, 19.79834
41.3, 2703.24, 0.8476732, 337.6653, 2605.693, 1584.523, 1615.983, 3205.296, 4341.556, 817.1058, 32.02905, 438.8068, 743.7615, 1280.479, 1466.841, 18.83709
41.4, 2613.656, 0.8065004, 320.7552, 2470.302, 1500.167, 1673.625, 3209.9, 4140.95, 814.5638, 29.57853, 409.0573, 706.5991, 1455.92, 1453.864, 17.92251
41.5, 2464.5, 0.7673275, 304.6919, 2395.658, 1439.727, 1578.115, 3149.294, 3902.473, 754.8063, 27.31549, 505.1941, 671.2935, 1391.417, 1473.616, 17.05234
41.6, 2323.856, 0.7300572, 289.4331, 2271.18, 1363.079, 1554.328, 2977.593, 3887.894, 945.1611, 25.2256, 470.9438, 637.752, 1329.773, 1386.016, 16.22441
41.7, 2341.316, 0.6945972, 274.9384, 2343.34, 1290.512, 1756.094, 2839.309, 3893.365, 1365.443, 30.9474, 439.0156, 605.8864, 1323.591, 1303.624, 15.43668
41.8, 2263.471, 0.6608596, 261.1697, 2221.581, 1221.807, 1655.878, 2838.325, 3669.147, 1303.929, 28.57963, 627.1185, 757.5868, 1326.933, 1226.13, 14.6872
41.9, 2329.858, 0.6287606, 248.0904, 2248.075, 1240.619, 1625.917, 3180.279, 3535.98, 1208.271, 26.39302, 584.6022, 719.7336, 1268.146, 1153.242, 13.9741
42, 2811.802, 367.8283, 235.6662, 2216.679, 1217.357, 1592.802, 3479.316, 3332.344, 1263.44, 48.35271, 544.9684, 730.376, 1433.54, 1191.762, 13.29563
42.1, 3204.662, 589.9785, 223.8642, 2171.764, 1177.306, 1560.989, 3555.462, 3354.983, 2074.498, 554.6471, 508.0215, 693.8824, 1370.03, 1629.173, 12.6501
42.2, 3224.438, 561.3224, 212.6532, 2058.919, 1134.57, 1505.809, 3361.617, 3446.997, 2485.539, 1402.686, 473.5796, 659.2123, 1309.332, 2321.798, 12.03591
42.3, 3180.837, 534.0581, 202.0036, 2225.044, 1080.725, 1483.053, 3305.977, 3647.243, 2615.136, 1579.5, 441.4726, 734.9028, 1251.324, 2503.969, 11.45154
42.4, 3140.834, 508.1181, 191.8874, 2109.431, 1131.765, 1413.127, 3183.806, 3741.649, 2553.43, 1512.759, 411.5424, 745.1209, 1195.886, 2411.251, 10.89555
42.5, 3011.635, 483.438, 182.2778, 2113.944, 1071.512, 1332.482, 3215.365, 3776.623, 2482.806, 1491.979, 383.6414, 707.8906, 1189.8, 2408.852, 10.36655
42.6, 2887.509, 459.9567, 173.1494, 2004.104, 1014.467, 1256.44, 3088.643, 3674.173, 2825.245, 1537.118, 357.6319, 766.9048, 1137.088, 2265.657, 336.2729
42.7, 2820.342, 527.4106, 164.4782, 1899.971, 960.4588, 1184.738, 3047.265, 3528.295, 2980.405, 1419.514, 333.3858, 728.5861, 1112.349, 2250.431, 608.7532
42.8, 2977.69, 555.6817, 156.2412, 1801.248, 915.8094, 1187.472, 2904.918, 3450.694, 2813.828, 1364.597, 310.7834, 756.5964, 1171.391, 2249.701, 683.7733
42.9, 2937.861, 634.1215, 148.4167, 1721.802, 1011.919, 1261.043, 2973.032, 3313.678, 2705.957, 1349.759, 289.7135, 1653.044, 1192.576, 2115.967, 918.9075
43, 2770.203, 1263.495, 140.9841, 1698.427, 958.0466, 1242.547, 2810.941, 3284.333, 2565.019, 1282.791, 270.072, 1782.219, 1139.741, 1990.182, 1131.597
43.1, 2738.494, 1202.125, 133.9237, 1610.177, 981.8879, 1171.637, 2765.906, 3095.189, 2463.946, 1215.955, 251.7621, 1872.181, 1098.688, 1871.875, 1375.819
43.2, 2582.214, 1143.736, 127.2168, 1624.891, 929.6143, 1141.309, 2726.756, 3023.261, 2457.932, 1180.542, 234.6935, 1818.697, 1086.888, 1850.768, 1392.368
43.3, 2597.012, 1230.158, 120.8459, 1556.407, 880.1237, 1076.177, 2578.093, 2849.152, 2989.844, 1090.22, 218.7822, 2122.438, 1038.735, 1820.802, 1546.509
43.4, 2655.635, 1176.984, 114.794, 1570.422, 833.2678, 1087.19, 2516.554, 2800.438, 3047.806, 1159.651, 203.9496, 2016.389, 992.7158, 1712.563, 1741.909
43.5, 2589.659, 1324.482, 109.0452, 1488.823, 983.873, 1093.982, 2511.83, 2740.793, 2824.214, 1080.181, 190.1225, 1939.576, 948.735, 1610.76, 1699.666
43.6, 2470.027, 1260.15, 103.5842, 1411.464, 931.4938, 1031.55, 2454.628, 2647.421, 2807, 1077.838, 177.2329, 1936.975, 906.7027, 1515.007, 1760.805
43.7, 2541.746, 1198.943, 98.3968, 1503.222, 881.903, 1047.67, 2471.239, 2570.056, 2615.445, 1007.701, 165.2172, 1985.073, 866.5325, 1424.947, 1675.314
43.8, 2435.972, 1285.536, 93.46914, 1425.114, 834.9524, 987.8812, 2383.883, 2518.67, 2518.555, 930.6027, 154.0161, 1991.252, 929.6881, 1589.824, 1593.974
43.9, 2296.956, 1223.095, 88.78825, 1351.066, 813.2041, 931.5048, 2287.515, 2373.621, 2469.714, 886.784, 313.1335, 1891.758, 912.742, 1525.334, 1516.583
44, 2322.426, 1163.688, 84.34179, 1320.166, 947.034, 878.3456, 2342.99, 2236.924, 2288.532, 818.9366, 291.9043, 1850.872, 872.3043, 1470.152, 1636.705
44.1, 2189.89, 1382.277, 80.118, 1286.043, 984.8718, 882.6479, 2270.576, 2213.278, 2188.674, 823.357, 272.1142, 1869.89, 833.6581, 1382.758, 1955.354
44.2, 2302.22, 1315.138, 76.10573, 1305.397, 1014.691, 832.277, 2146.784, 2474.268, 2028.109, 1365.004, 253.6659, 1897.059, 796.7241, 1415.535, 2066.076
44.3, 2376.839, 1251.259, 72.2944, 1237.568, 1535.499, 784.7806, 2029.74, 2331.776, 2032.324, 1339.126, 236.4683, 1906.408, 761.4265, 1331.388, 2311.015
44.4, 2345.06, 1217.075, 68.67393, 1173.265, 1453.752, 739.9948, 1919.078, 2197.489, 1965.334, 1365.386, 220.4366, 1931.247, 727.6926, 1323.52, 2438.335
44.5, 2276.422, 1157.959, 65.23477, 1112.302, 1632.775, 697.7647, 2097.148, 2070.936, 1821.154, 1291.333, 205.4918, 1888.483, 695.4532, 1438.532, 2527.16
44.6, 2235.817, 1199.84, 63.2095, 1202.775, 1560.341, 736.0865, 2015.467, 1951.672, 1746.57, 1192.534, 191.5603, 2177.288, 837.7965, 1375.466, 2858.702
44.7, 2108.224, 1214.33, 74.36987, 1140.279, 1477.272, 764.0952, 2052.296, 1839.275, 1786.864, 1224.33, 178.5732, 2107.179, 800.6791, 1483.881, 2910.438
44.8, 2081.048, 1180.941, 70.64547, 1081.03, 1471.414, 734.5263, 1966.306, 1733.352, 1655.777, 1174.889, 166.4666, 2101.812, 765.2062, 1395.671, 3097.735
44.9, 2255.834, 1256.416, 67.10758, 1024.86, 1393.079, 705.5013, 1859.102, 1633.528, 1730.614, 1194.124, 208.3176, 2077.562, 731.3049, 1312.705, 3370.319
45, 2134.245, 1195.39, 63.74687, 971.6084, 1318.914, 665.2398, 1775.125, 1539.454, 1603.653, 1136.889, 204.4828, 2001.501, 698.9055, 1234.671, 3326.827
45.1, 2192.78, 1137.328, 514.4925, 921.1238, 1327.503, 627.2759, 1898.529, 1450.797, 1625.119, 1049.906, 244.7353, 1901.495, 667.9415, 1161.275, 3165.303
45.2, 2067.643, 1082.086, 889.8088, 873.2623, 1256.829, 591.4785, 1830.278, 1367.246, 1569.799, 969.5782, 228.1432, 2025.662, 715.2037, 1214.394, 3011.621
45.3, 1978.69, 1029.528, 985.1864, 899.1705, 1242.961, 569.688, 1764.702, 1288.507, 1454.636, 895.3963, 212.6759, 1947.537, 695.7899, 1366.992, 3234.566
45.4, 1865.77, 979.5221, 935.8488, 879.3712, 1176.789, 537.1771, 1755.329, 1214.302, 1509.026, 826.8901, 375.9589, 1928.925, 718.3725, 1285.731, 3077.521
45.5, 1935.499, 931.9452, 888.982, 833.6791, 1116.724, 512.4268, 1768.015, 1144.37, 1447.78, 797.0135, 350.4703, 1832.545, 835.4659, 1209.3, 3058.785
45.6, 1825.044, 974.718, 869.1345, 893.8723, 1057.272, 493.5108, 1739.09, 1078.466, 1366.557, 871.8472, 326.7097, 1942.294, 798.4518, 1137.413, 3043.722
45.7, 1720.892, 972.8065, 892.7065, 847.4268, 1141.75, 465.3471, 1737.347, 1016.358, 1377.369, 805.1427, 304.56, 1845.246, 798.5254, 1069.799, 2895.943
45.8, 1835.745, 925.5558, 848.0002, 803.3947, 1080.966, 558.3677, 1755.069, 957.826, 1294.772, 743.5417, 283.9119, 1864.447, 791.8211, 1006.205, 3078.635
45.9, 1730.982, 1035.586, 815.7349, 761.6504, 1171.847, 579.9318, 1687.137, 902.665, 1199.786, 686.6537, 264.6638, 1771.289, 756.7406, 946.3906, 2929.161
46, 1745.82, 985.2861, 774.8833, 773.4609, 1109.461, 560.2316, 1622.6, 850.6808, 1111.768, 634.1183, 246.7205, 1805.761, 723.2143, 890.1321, 2990.351
46.1, 1704.053, 937.4292, 804.0907, 733.272, 1136.172, 528.2603, 1731.328, 801.6902, 1097.854, 585.6023, 229.9938, 1781.818, 796.4382, 837.218, 2867.501
46.2, 1643.972, 999.7725, 763.8223, 695.1713, 1075.685, 498.1136, 1636.935, 755.5211, 1027.434, 540.7982, 214.4011, 1692.789, 761.1532, 787.4493, 2772.403
46.3, 1550.154, 951.212, 784.7599, 659.0503, 1018.418, 543.3226, 1575.807, 712.0108, 999.4273, 499.4221, 199.8655, 1670.188, 741.2761, 740.6391, 2901.779
46.4, 1483.271, 905.0102, 803.6758, 639.2353, 1050.487, 512.3162, 1578.677, 671.0063, 926.1079, 461.2116, 186.3153, 1693.912, 708.435, 696.6116, 2954.668
46.5, 1521.364, 901.6426, 785.9549, 626.3864, 1092.162, 483.0794, 1595.982, 632.3632, 858.1674, 434.3607, 173.6839, 1609.275, 715.3225, 854.5529, 2911.13
46.6, 1438.778, 857.8484, 779.1133, 611.8974, 1034.018, 455.511, 1508.968, 595.9455, 795.211, 403.925, 161.9087, 1528.867, 683.6312, 803.7537, 2769.788
46.7, 1423.849, 816.1815, 740.0957, 580.1033, 1036.641, 429.5159, 1512.529, 561.6251, 736.8732, 444.5467, 150.9319, 1646.6, 653.3439, 755.9742, 2635.309
46.8, 1342.593, 914.5685, 788.2623, 549.9612, 1032.691, 405.0043, 1430.065, 529.2812, 682.8152, 410.5347, 140.6993, 1564.327, 624.3984, 711.0351, 2660.085
46.9, 1265.974, 870.1465, 748.7866, 521.3853, 977.7125, 381.8915, 1393.931, 498.8001, 688.205, 443.4016, 131.1604, 1542.813, 596.7354, 745.8918, 2729.915
47, 1292.843, 827.8821, 711.2877, 541.6992, 925.6612, 469.0288, 1317.934, 470.0743, 637.7173, 409.4772, 122.2682, 1546.053, 570.2979, 701.552, 2597.372
47.1, 1294.906, 787.6707, 695.4688, 556.1406, 876.381, 442.2622, 1480.279, 443.0028, 590.9335, 378.1483, 113.9789, 1468.804, 789.1423, 659.848, 2471.264
47.2, 1233.3, 798.8652, 812.9401, 527.2436, 889.1185, 498.2029, 2069.484, 417.4904, 547.5818, 349.2164, 106.2515, 1395.414, 754.1805, 620.6232, 2351.279
47.3, 1229.315, 778.1628, 825.3243, 693.6154, 841.7837, 548.4783, 2271.634, 393.4472, 507.4105, 343.826, 99.04809, 1325.692, 720.7677, 583.73, 2444.89
47.4, 1358.955, 740.3663, 787.2298, 657.5752, 796.9689, 517.1777, 2172.406, 370.7887, 565.6949, 317.5201, 92.33299, 1392.542, 886.239, 632.4214, 2431.109
47.5, 1281.403, 704.4056, 848.9622, 623.4077, 825.561, 487.6635, 2125.88, 349.4351, 578.3875, 321.4575, 295.3669, 1322.963, 846.9755, 899.5583, 2313.074
47.6, 1208.276, 817.8854, 806.4466, 591.0154, 781.6099, 1033.461, 2009.976, 329.3112, 535.9561, 340.5917, 275.3421, 1256.861, 809.4515, 846.0838, 2393.194
47.7, 1210.56, 799.853, 850.2253, 560.3063, 796.3358, 1188.115, 2140.757, 310.3462, 496.6376, 314.5333, 392.1838, 1269.365, 773.5899, 795.7881, 2276.999
47.8, 1149.274, 761.0029, 810.058, 595.9098, 753.9406, 1225.167, 2024.042, 292.4734, 460.2036, 290.4685, 365.5952, 1246.966, 739.3171, 748.4822, 2241.208
47.9, 1083.688, 724.0398, 825.8107, 564.9464, 713.8024, 1219.708, 1913.691, 275.63, 426.4424, 268.2449, 503.6466, 1409.71, 706.5628, 703.9884, 2259.823
48, 1021.844, 762.5765, 820.9606, 535.5919, 689.6989, 1217.908, 2006.641, 259.7565, 395.158, 247.7217, 469.5013, 1339.273, 717.2344, 662.1396, 2406.464
48.1, 973.2122, 725.537, 779.8473, 668.562, 652.9808, 1196.393, 1936.442, 244.7972, 366.1687, 228.7686, 437.6708, 1272.356, 685.4584, 622.7785, 2289.625
48.2, 1057.928, 693.6506, 740.793, 633.8236, 657.3486, 1247.234, 1927.841, 230.6994, 339.306, 211.2657, 407.9984, 1208.782, 655.0901, 585.7573, 2178.459
48.3, 997.5543, 788.9537, 703.6945, 600.8902, 622.3528, 1176.057, 1822.735, 217.4135, 314.4141, 225.3409, 380.3376, 1282.593, 626.0673, 550.9367, 2183.942
48.4, 948.0225, 750.633, 668.4538, 687.8481, 674.1111, 1135.752, 1723.358, 515.9299, 291.3482, 543.7401, 354.5521, 1348.848, 598.3303, 518.1861, 2158.318
48.5, 925.6937, 714.1736, 634.978, 652.1077, 638.2229, 1070.937, 1766.651, 619.6332, 410.8241, 1285.489, 543.5927, 1281.452, 571.8221, 848.9852, 2332.484
48.6, 872.8662, 679.4851, 603.1786, 618.2242, 604.2453, 1009.821, 1670.333, 583.9487, 674.7892, 1923.209, 506.7391, 1217.424, 682.6213, 862.0988, 2337.423
48.7, 843.7762, 646.4815, 572.9717, 586.1014, 623.0035, 952.1923, 1579.265, 550.3193, 625.2857, 1990.123, 472.3841, 1306.452, 652.3787, 810.8511, 2287.984
48.8, 859.3828, 615.0809, 544.2776, 640.0477, 627.9444, 1024.628, 1711.74, 518.6265, 579.4139, 1970.276, 440.3582, 1272.915, 623.476, 762.6498, 2230.611
48.9, 914.0579, 585.2055, 517.0205, 670.5302, 620.6776, 966.1549, 1618.415, 488.7589, 536.9073, 1957.234, 410.5036, 1292.734, 595.8538, 717.3138, 2122.31
49, 861.8945, 556.7812, 531.3525, 662.5019, 587.634, 911.0184, 1530.178, 460.6114, 497.519, 1831.114, 382.6729, 1228.142, 569.4554, 750.7833, 2077.095
49.1, 812.7079, 529.7375, 528.9758, 681.3365, 606.4139, 859.0284, 1514.309, 434.0849, 461.0203, 1866.842, 356.7291, 1217.033, 638.9798, 706.1527, 2088.158
49.2, 766.3283, 533.5321, 502.485, 645.9343, 574.1297, 901.976, 1431.748, 409.0861, 427.1992, 1724.011, 332.5442, 1242.6, 610.6707, 664.1752, 2131.514
49.3, 1075.314, 575.5125, 553.3172, 612.3716, 614.3973, 850.5021, 1514.727, 385.5269, 395.8593, 1611.713, 309.999, 1180.512, 583.6158, 757.1455, 2126.122
49.4, 1444.5, 547.559, 547.2059, 580.5529, 581.6882, 801.9656, 1432.143, 518.1606, 366.8185, 1662.725, 288.9822, 1121.528, 557.7596, 712.1368, 2079.552
49.5, 1643.757, 520.9633, 580.3674, 631.2036, 550.7203, 836.12, 1354.062, 488.3198, 339.9082, 1714.029, 269.3903, 1287.856, 533.0489, 810.2626, 1997.504
49.6, 1552.749, 495.6593, 574.8223, 598.4064, 595.2653, 788.4043, 1400.925, 460.1976, 314.972, 1582.89, 251.1266, 1223.508, 509.433, 781.6085, 2086.663
49.7, 1464.136, 471.5844, 546.0355, 567.3132, 563.5746, 823.0104, 1397.115, 433.6949, 291.8653, 1503.103, 234.1012, 1162.375, 486.8633, 977.4217, 2012.783
49.8, 1409.199, 513.8713, 535.0261, 537.8357, 533.5711, 776.0429, 1320.943, 408.7185, 270.4536, 1404.775, 218.23, 1104.296, 465.2935, 919.3185, 2048.164
49.9, 1328.779, 536.1005, 508.2323, 509.8898, 505.1649, 731.7557, 1294.388, 499.7958, 250.6128, 1297.297, 203.4348, 1133.617, 444.6794, 864.6694, 2009.648
50, 1447.766, 606.0492, 484.36, 483.396, 478.271, 689.9958, 1223.817, 471.0127, 232.2275, 1423.428, 189.6427, 1119.589, 424.9785, 813.2688, 1912.075
50.1, 1365.145, 649.5, 497.097, 458.2788, 452.8089, 650.6192, 1157.094, 443.8872, 215.1909, 1314.523, 176.7856, 1063.648, 406.1505, 929.2407, 1819.24
50.2, 1426.748, 617.9528, 491.52, 434.4667, 494.2522, 613.4897, 1146.744, 418.3238, 295.882, 1348.382, 164.8002, 1127.872, 453.335, 960.5678, 1763.328
50.3, 1361.695, 587.9379, 466.9049, 411.8919, 467.9393, 578.4791, 1084.223, 550.1859, 274.1757, 1897.186, 153.6273, 1071.518, 433.2507, 1311.904, 1934.52
50.4, 1283.985, 559.3809, 443.5226, 390.4901, 443.0272, 545.4664, 1155.94, 518.5008, 254.0618, 2137.518, 143.212, 1017.979, 414.0561, 1339.396, 1865.601
50.5, 1284.331, 532.2109, 440.8867, 370.2002, 447.5909, 514.3378, 1092.917, 488.6404, 235.4234, 2077.804, 133.5027, 967.1148, 395.712, 1324.292, 1869.816
50.6, 1211.036, 506.3606, 418.8073, 413.7272, 473.2872, 484.9855, 1068.455, 460.4998, 218.1524, 2034.435, 124.4517, 1109.334, 385.9396, 1307.104, 1891.049
50.7, 1141.925, 481.7659, 397.8337, 392.23, 448.0904, 457.3084, 1010.202, 433.9797, 202.1485, 1878.782, 116.0144, 1128.695, 368.8411, 1249.045, 1892.193
50.8, 1273.887, 458.3658, 377.9104, 406.4538, 424.235, 431.2107, 955.1255, 408.9869, 641.8531, 1897.25, 108.149, 1072.3, 352.5001, 1343.451, 1943.918
50.9, 1209.652, 436.1023, 409.4206, 385.3345, 401.6497, 406.6024, 946.7756, 1090.231, 960.0923, 1752.092, 100.8169, 1078.498, 336.8831, 1263.589, 2027.293
51, 1140.62, 414.9201, 443.4169, 533.9435, 380.2667, 383.3984, 895.157, 1373.104, 966.3707, 1798.601, 93.98192, 1067.063, 427.2586, 1262.184, 1928.863
51.1, 1075.527, 394.7668, 421.2108, 506.1999, 400.5894, 361.5186, 860.9034, 1533.22, 895.4764, 1724.219, 87.61029, 1013.747, 408.3295, 1187.153, 1978.104
51.2, 1102.171, 375.5924, 400.1168, 479.8978, 379.2629, 340.8875, 959.0934, 1504.36, 829.783, 1658.718, 81.67064, 1062.502, 544.9541, 1163.962, 2107.626
51.3, 1219.242, 357.3493, 380.0792, 454.9624, 363.2995, 321.4337, 906.8032, 2071.227, 768.909, 1531.811, 76.13367, 1154.635, 520.8107, 1213.916, 2005.296
51.4, 1149.663, 339.9923, 361.045, 431.3226, 343.9582, 303.0901, 857.364, 2858.036, 712.5007, 1435.978, 70.97209, 1096.943, 497.737, 1141.754, 2011.84
51.5, 1084.054, 323.4783, 369.5011, 622.5684, 402.2229, 285.7934, 858.7245, 2933.176, 660.2307, 1326.112, 66.16045, 1042.134, 483.2321, 1073.882, 1914.161
51.6, 1022.189, 307.7665, 350.9967, 684.9953, 380.8094, 269.4837, 811.9064, 3208.879, 764.8127, 1444.651, 61.67501, 1036.339, 525.9874, 1066.585, 1990.924
51.7, 1049.007, 292.8178, 333.419, 711.0444, 360.5359, 254.1048, 852.5588, 3589.094, 1476.394, 1387.179, 57.49368, 984.5576, 502.6843, 1389.405, 1894.261
51.8, 1040.453, 278.5952, 316.7215, 674.0986, 382.28, 239.6036, 1915.8, 3977.804, 1368.083, 1312.546, 53.59582, 935.3636, 480.4136, 1533.342, 2069.154
51.9, 998.4817, 265.0634, 300.8603, 639.0725, 361.9283, 225.9299, 2292.569, 3867.212, 1347.453, 1212.124, 49.96222, 1061.073, 459.1296, 1476.748, 1968.692
52, 1032.841, 252.1889, 285.7934, 605.8664, 342.66, 213.0365, 2306.399, 3723.1, 1346.808, 1248.515, 46.57497, 1008.056, 438.7885, 1481.864, 1873.108
52.1, 983.7317, 239.9397, 271.481, 574.3857, 324.4175, 200.879, 2381.875, 3508.688, 1256.661, 1152.992, 43.41736, 984.5659, 419.3487, 1495.367, 1782.165
52.2, 954.0682, 228.2854, 257.8854, 544.5406, 307.1462, 189.4152, 2263.747, 3538.049, 1289.212, 1082.691, 40.47382, 969.5287, 400.77, 1990.053, 1813.987
52.3, 899.6215, 217.1973, 244.9706, 634.993, 290.7944, 178.6057, 2208.56, 3711.379, 1194.633, 1047.357, 37.72985, 985.1557, 383.0145, 1871.754, 1725.914
52.4, 848.2819, 206.6477, 232.7026, 642.2908, 275.3131, 168.413, 2104.587, 3497.641, 1106.993, 1028.045, 35.1719, 935.9319, 366.0456, 1946.69, 1642.117
52.5, 841.2351, 196.6105, 221.049, 608.9175, 260.656, 158.802, 2057.851, 3452.293, 1065.666, 949.3899, 32.78738, 972.343, 349.8285, 1985.982, 1651.631
52.6, 793.2275, 187.0608, 209.979, 577.2782, 246.7793, 149.7395, 1945.656, 3329.568, 1295.763, 1021.414, 30.56451, 923.7593, 334.3299, 1972.411, 1794.052
52.7, 747.9597, 177.975, 199.4633, 567.2631, 233.6413, 141.1942, 2003.146, 3439.905, 2133.037, 943.2664, 28.49235, 877.6032, 319.5179, 2286.665, 1706.947
52.8, 750.8865, 169.3305, 189.4743, 537.7882, 221.2027, 133.1365, 1893.934, 3338.578, 2222.392, 941.8377, 26.56068, 948.2634, 305.3621, 2266.577, 1624.071
52.9, 837.5069, 832.4252, 179.9855, 509.8448, 209.4264, 125.5387, 1822.578, 3274.487, 2220.95, 997.7007, 24.75996, 961.2433, 291.8335, 2131.839, 1545.219
53, 789.712, 977.8729, 170.972, 483.3533, 198.2769, 118.3744, 1768.308, 3085.91, 2202.952, 1190.14, 23.08133, 913.2144, 278.9042, 2005.111, 1470.196
53.1, 744.6448, 937.3478, 162.4098, 499.0891, 187.7211, 111.619, 1671.9, 3182.017, 2112.989, 1155.391, 21.5165, 1101.007, 266.5478, 1885.917, 1398.815
53.2, 702.1494, 891.8193, 154.2764, 736.0718, 177.7272, 105.2492, 1580.747, 3474.628, 2007.52, 1066.993, 20.05776, 1266.45, 254.7388, 1773.808, 1330.899
53.3, 662.0792, 848.5023, 146.5503, 697.8256, 168.2654, 99.2428, 1494.564, 3671.796, 1882.513, 1157.347, 18.69792, 1203.171, 243.453, 1668.364, 1266.281
53.4, 624.2957, 807.2892, 139.2112, 661.5667, 159.3073, 93.57921, 1413.08, 3460.338, 2403.579, 1564.502, 17.43027, 1143.054, 232.6671, 1569.187, 1204.801
53.5, 605.2374, 768.078, 132.2395, 627.1917, 150.8262, 88.23883, 1417.84, 3261.058, 2495.579, 1900.714, 16.24856, 1085.94, 222.3591, 1475.906, 1146.305
53.6, 676.814, 961.9235, 125.6171, 594.6029, 142.7965, 83.20322, 1477.514, 3073.255, 2482.579, 2087.202, 15.14697, 1031.681, 212.5078, 1388.171, 1090.65
53.7, 638.1896, 915.2014, 119.3262, 563.7074, 135.1943, 78.45498, 1406.97, 2896.267, 2788.736, 2141.088, 14.12006, 1204.359, 203.093, 1473.593, 1810.177
53.8, 686.1621, 1069.251, 113.3504, 534.4172, 127.9969, 73.97771, 1358.813, 2729.471, 3249.705, 2296.653, 13.16278, 1144.183, 194.0952, 2169.169, 1722.289
53.9, 947.6758, 1150.093, 107.6739, 506.649, 121.1826, 69.75596, 1599.821, 2572.281, 3338.468, 2250.894, 240.5143, 1087.013, 185.4961, 2268.433, 1638.668
54, 893.5939, 1260.276, 102.2817, 480.3236, 114.7311, 65.77512, 1512.598, 2424.144, 3093.553, 2106.945, 224.2083, 1032.7, 177.278, 2133.585, 1559.108
54.1, 842.5983, 1316.091, 97.15945, 455.366, 108.623, 62.02147, 1430.13, 2284.538, 2888.708, 1945.744, 209.0078, 1199.683, 169.424, 2006.754, 1483.41
54.2, 977.5771, 1779.887, 92.29376, 431.7053, 102.8402, 58.48203, 1352.159, 2152.972, 2975.573, 1921.823, 370.773, 1139.74, 161.9179, 2507.072, 1940.525
54.3, 1053.733, 1820.077, 87.67174, 409.2739, 97.3652, 55.14458, 1278.439, 2028.983, 2825.069, 1969.316, 345.636, 1107.857, 154.7443, 2358.039, 2418.279
54.4, 993.5985, 1731.673, 83.28118, 388.0081, 92.18168, 51.99759, 1208.738, 2384.796, 2718.207, 2041.132, 322.2031, 1563.924, 147.8886, 2217.864, 3201.732
54.5, 951.957, 1788.165, 79.1105, 367.8473, 87.27412, 49.03019, 1142.837, 2563.673, 2613.63, 1975.644, 300.3589, 1633.231, 141.3366, 2086.023, 3134.901
54.6, 1063.307, 1812.115, 75.14869, 413.7979, 82.62784, 46.23213, 1151.832, 2455.467, 2460.236, 1856.353, 279.9957, 1589.513, 135.0749, 1962.018, 2982.695
54.7, 1046.854, 1846.927, 71.38528, 416.9162, 78.22891, 43.59376, 1089.034, 2610.617, 2279.75, 1714.325, 261.0131, 1601.928, 129.0906, 1845.386, 2837.879
54.8, 987.1121, 1837.455, 67.81035, 395.2533, 74.06417, 41.10595, 1071.121, 2460.272, 2273.003, 1583.163, 243.3173, 1711.793, 123.3714, 1735.686, 2700.094
54.9, 1059.861, 2016.728, 64.41444, 374.716, 132.8959, 38.76012, 1123.852, 2318.586, 2295.7, 1499.233, 226.8213, 1670.333, 117.9056, 2217.656, 3504.794
55, 999.3765, 2025.223, 61.1886, 355.2458, 125.8208, 36.54815, 1062.579, 2185.059, 2127.284, 1384.527, 211.4437, 1586.874, 112.682, 2150.159, 3680.894
55.1, 942.3441, 1926.855, 58.12431, 404.471, 121.4129, 34.46242, 1004.647, 2294.158, 2170.647, 1532.617, 197.1086, 1863.035, 107.6898, 2022.342, 3864.786
55.2, 888.5663, 1900.601, 55.21347, 383.4548, 137.2742, 32.49572, 949.873, 2227.361, 2060.792, 1469.058, 183.7453, 1815.182, 102.9188, 2032.716, 4087.511
55.3, 837.8577, 1971.415, 52.44841, 363.5305, 179.9438, 30.64125, 898.0855, 2153.62, 1960.334, 1403.315, 171.2881, 1779.409, 98.35909, 1911.88, 3996.304
55.4, 969.8717, 1875.66, 49.82183, 344.6415, 170.364, 28.89262, 849.1215, 2085.924, 1816.521, 1361.396, 159.6754, 1690.5, 94.00143, 2032.575, 3802.275
55.5, 974.7773, 1793.412, 47.32677, 405.5754, 161.2942, 27.24378, 802.827, 2047.709, 1840.171, 1266.175, 148.85, 1674.016, 89.83684, 1911.748, 3818.042
55.6, 919.1487, 1843.091, 44.95668, 384.5017, 152.7072, 25.68903, 759.0566, 2195.877, 1705.174, 1169.301, 138.7585, 1652.948, 85.85675, 1798.103, 3888.699
55.7, 901.6566, 1808.813, 42.70527, 364.5231, 144.5774, 24.22301, 832.8563, 2275.268, 1751.687, 1314.263, 129.3512, 1711.006, 82.05299, 1749.536, 3773.558
55.8, 894.8988, 1766.169, 40.56661, 345.5825, 136.8804, 22.84065, 836.9682, 2144.236, 1884.816, 1243.698, 120.5817, 1625.514, 78.41776, 1645.534, 3625.018
55.9, 901.9056, 1794.058, 38.53506, 327.6261, 129.5932, 21.53718, 791.3364, 2020.75, 1746.543, 1148.543, 112.4067, 1544.295, 74.94357, 1547.714, 3563.5
56, 850.4357, 1706.917, 36.60524, 310.6027, 137.0439, 20.3081, 748.1924, 1961.033, 1725.151, 1060.669, 104.7859, 1583.335, 71.62331, 1583.007, 3637.635
56.1, 801.903, 1643.379, 34.77207, 294.4638, 129.748, 19.14915, 707.4006, 2040.17, 1598.591, 1062.659, 97.68182, 1668.223, 68.45014, 1488.904, 3461.02
56.2, 756.14, 1677.416, 33.0307, 279.1635, 122.8405, 18.05635, 668.8328, 1922.677, 1625.03, 981.356, 91.05936, 1621.871, 65.41756, 1493.552, 3615.199
56.3, 831.9984, 1595.941, 31.37654, 264.6582, 116.3007, 17.02591, 632.3678, 2080.631, 1553.084, 944.656, 84.88587, 1563.899, 62.51933, 1659.5, 3490.003
56.4, 784.5179, 1518.424, 29.80522, 250.9066, 110.1091, 16.05428, 597.8908, 2261.07, 1469.98, 888.3904, 79.13093, 1575.657, 59.7495, 1560.85, 3471.064
56.5, 739.747, 1757.656, 28.31259, 380.3033, 104.2471, 15.13809, 565.2935, 2575.594, 1440.535, 848.6191, 73.76614, 1595.396, 57.10239, 1576.918, 3584.405
56.6, 697.5311, 1822.78, 26.89471, 360.5428, 126.9911, 14.27419, 635.1667, 3343.094, 1405.145, 870.4213, 68.76508, 1763.546, 54.57255, 1526.906, 3563.862
56.7, 671.9145, 1734.245, 25.54784, 341.8091, 120.2304, 13.45959, 600.5372, 3541.46, 1302.061, 803.8259, 64.10306, 1720.284, 52.15479, 1614.085, 3485.122
56.8, 633.5697, 1733.744, 24.26842, 324.0487, 113.8296, 12.69148, 567.7957, 3406.152, 1259.39, 822.2668, 59.75711, 1756.399, 49.84415, 1518.135, 3553.09
56.9, 597.4131, 1649.534, 23.05307, 307.2112, 153.5035, 11.9672, 536.8392, 3299.402, 1167, 759.3557, 55.7058, 1668.64, 47.63588, 1563.478, 3380.58
57, 563.32, 1692.126, 21.89858, 411.1458, 145.3313, 11.28426, 560.0535, 3563.064, 1081.387, 701.7101, 51.92915, 1585.265, 45.52544, 1522.359, 3216.445
57.1, 531.1725, 1609.937, 20.80191, 389.7827, 137.5942, 10.64029, 529.5191, 3514.793, 1050.134, 648.0226, 48.40855, 1689.541, 43.5085, 1431.862, 3060.28
57.2, 500.8595, 1531.74, 19.76017, 369.5297, 130.269, 10.03307, 616.8319, 3565.829, 1018.3, 713.5679, 45.12663, 1605.122, 41.58092, 1346.744, 3166.721
57.3, 472.2765, 1583.97, 18.77059, 404.1597, 123.3337, 9.460503, 583.202, 3406.269, 943.5957, 658.9732, 42.06721, 1524.922, 39.73874, 1416.325, 3182.985
57.4, 549.0992, 1539.018, 17.83057, 399.2419, 116.7677, 8.92061, 551.4055, 3239.166, 874.3722, 608.5555, 39.21521, 1616.593, 37.97817, 1332.131, 3227.411
57.5, 541.0977, 1524.352, 16.93762, 378.4974, 110.5512, 8.41153, 601.3019, 3164.781, 810.2271, 561.9953, 36.55656, 1643.97, 36.2956, 1333.204, 3070.714
57.6, 510.2183, 1450.312, 16.0894, 596.7949, 104.6657, 7.9315, 604.5681, 3181.148, 803.6722, 518.9974, 34.07816, 1561.828, 34.68758, 1253.951, 3202.785
57.7, 481.1012, 1411.12, 15.28365, 565.7855, 99.09353, 7.478866, 571.6068, 2997.947, 744.7137, 521.3689, 31.76779, 1483.791, 33.1508, 1299.255, 3178.412
57.8, 537.1311, 1499.195, 14.51825, 536.3873, 149.1132, 7.052062, 540.4425, 2882.486, 690.0804, 481.4793, 29.61405, 1409.653, 31.6821, 1222.021, 3096.058
57.9, 546.811, 1426.377, 13.79118, 508.5167, 141.1747, 6.649615, 510.9774, 2716.484, 639.4552, 444.6416, 27.60633, 1410.804, 30.27847, 1275.773, 3018.574
58, 515.6057, 1464.444, 13.10053, 482.0943, 165.6305, 6.270134, 483.1187, 2655.885, 720.3318, 433.9561, 25.73472, 1387.569, 28.93703, 1199.934, 2910.932
58.1, 486.1811, 1393.313, 12.44446, 507.643, 156.8127, 5.912311, 716.9819, 2570.675, 667.4872, 484.4748, 23.99, 1462.387, 27.65501, 1128.604, 3011.015
58.2, 506.7824, 1325.638, 11.82125, 481.2659, 148.4643, 5.574907, 677.8918, 2598.909, 618.5195, 447.4079, 22.36357, 1509.378, 26.4298, 1097.078, 2908.333
58.3, 554.4166, 1261.25, 11.22925, 646.5505, 140.5604, 5.256758, 681.6484, 2449.238, 573.144, 413.177, 20.8474, 1433.961, 25.25887, 1126.359, 2952.121
58.4, 533.1785, 1199.989, 10.66689, 718.9555, 133.0772, 4.956766, 644.4846, 2434.148, 531.0974, 421.2023, 19.43403, 1362.313, 24.13981, 1059.402, 2983.447
58.5, 502.7511, 1216.096, 10.1327, 681.5987, 125.9925, 4.673893, 753.8818, 2371.879, 492.1354, 388.9763, 18.11647, 1388.812, 23.07033, 1068.588, 2904.524
58.6, 474.0601, 1226.052, 9.62526, 646.1829, 119.2849, 4.407163, 712.7798, 2363.796, 456.0316, 359.216, 16.88824, 1319.42, 22.04823, 1005.065, 2981.433
58.7, 447.0064, 1166.501, 9.143232, 631.1979, 112.9344, 4.155655, 673.9188, 2296.809, 422.5765, 331.7326, 15.74328, 1278.255, 21.07142, 1052.534, 2940.771
58.8, 421.4967, 1311.204, 8.685344, 598.401, 106.9221, 661.4796, 637.1765, 2164.536, 391.5757, 306.3519, 14.67595, 1214.386, 20.13788, 989.9654, 2797.99
58.9, 397.4427, 1304.508, 8.250386, 567.3082, 101.2298, 1432.467, 648.4633, 2039.881, 362.8492, 282.9131, 13.68097, 1311.923, 19.2457, 1003.66, 2735.875
59, 374.7615, 1517.059, 7.837211, 610.2275, 95.84051, 1350.719, 613.1088, 2093.04, 336.2301, 261.2676, 12.75345, 1333.447, 18.39305, 943.9974, 2878.842
59.1, 353.3746, 1458.16, 7.444728, 578.5202, 90.73817, 1468.323, 579.6819, 2392.073, 311.5638, 258.0664, 11.88882, 1266.821, 17.57817, 1061.126, 2763.645
59.2, 422.1934, 1387.335, 7.0719, 548.4604, 85.90746, 1384.528, 727.0925, 2692.427, 288.707, 288.0874, 11.0828, 1233.922, 16.7994, 1024.449, 2629.464
59.3, 398.0997, 1413.902, 6.717743, 519.9625, 81.33393, 1305.516, 687.4511, 2689.322, 267.5271, 266.046, 10.33143, 1172.268, 16.05513, 963.55, 2702.065
59.4, 375.381, 1478.993, 6.381322, 492.9453, 77.00388, 1231.013, 649.971, 2657.738, 247.9009, 277.3822, 9.630995, 1113.695, 15.34383, 933.1461, 2613.585
59.5, 482.3245, 1407.156, 6.061749, 467.3319, 72.90437, 1160.762, 614.5343, 2621.383, 229.7146, 256.1599, 218.6642, 1220.99, 14.66404, 966.4959, 2486.69
59.6, 454.7992, 1338.808, 5.758179, 477.8195, 69.02309, 1094.519, 581.0296, 2620.497, 212.8624, 264.5953, 203.8396, 1175.349, 14.01437, 1339.175, 2716.826
59.7, 428.8447, 1273.78, 5.469813, 452.992, 65.34845, 1032.057, 549.3516, 2522.739, 197.2465, 404.593, 301.5986, 1154.505, 13.39349, 1418.457, 2658.41
59.8, 404.3714, 1211.911, 5.195888, 429.4546, 61.86944, 1066.861, 519.4008, 2503.753, 182.7762, 563.6384, 281.1513, 1140.72, 12.80011, 1334.137, 2529.339
59.9, 413.3939, 1309.769, 4.93568, 407.1402, 58.57564, 1005.977, 491.0828, 2545.569, 169.3675, 634.8303, 262.0903, 1198.315, 12.23302, 1254.828, 2610.169
60, 389.8023, 1246.151, 4.688504, 385.9853, 55.4572, 1085.868, 464.3087, 2815.165, 156.9425, 636.4568, 244.3216, 1138.441, 11.69105, 1319.101, 2616.705
60.1, 460.209, 1185.624, 4.453706, 365.9295, 52.50478, 1031.164, 438.9944, 3064.911, 145.4289, 587.7619, 334.8982, 1099.86, 11.1731, 1536.86, 2666.2
60.2, 433.9458, 1253.448, 4.230667, 346.9159, 49.70953, 972.3178, 415.0603, 2888.403, 134.7601, 542.7926, 517.9893, 1082.63, 10.67809, 1704.425, 2536.751
60.3, 409.1814, 1192.566, 4.018797, 328.8902, 47.06311, 957.6365, 392.431, 3090.597, 124.8739, 501.2639, 482.8716, 1144.846, 10.20501, 1603.105, 2485.709
60.4, 409.4655, 1178.031, 3.817538, 311.8011, 44.55757, 902.9861, 371.0355, 2912.61, 115.713, 475.5071, 450.1346, 1192.703, 9.752895, 1582.194, 2365.023
60.5, 386.0981, 1186.928, 3.626358, 295.5999, 42.18542, 882.8646, 350.8065, 2744.873, 107.2241, 442.3789, 419.6172, 1133.109, 9.320807, 1488.14, 2250.196
60.6, 364.0643, 1234.618, 3.444752, 280.2406, 39.93956, 832.4813, 331.6804, 2926.764, 99.35799, 408.5327, 391.1687, 1076.493, 8.907863, 1447.755, 2459.164
60.7, 343.2879, 1174.65, 3.272241, 265.6793, 37.81326, 822.3171, 313.597, 2758.213, 92.06895, 450.7055, 364.6489, 1022.705, 8.513213, 1501.749, 2339.766
60.8, 323.6971, 1160.914, 3.108369, 251.8747, 35.80016, 809.8911, 296.4996, 2599.368, 85.31464, 416.2223, 404.5049, 971.6051, 8.136047, 1412.477, 2226.166
60.9, 305.2244, 1104.526, 2.952703, 238.7873, 33.89424, 909.5307, 280.3343, 2562.263, 741.9056, 1004.56, 377.081, 1106.245, 7.775592, 1591.908, 2277.87
61, 287.8058, 1050.878, 2.804833, 226.3799, 32.08978, 857.6256, 265.0504, 2414.703, 2071.427, 1577.461, 351.5163, 1094.015, 7.431106, 1497.277, 2167.275
61.1, 271.3813, 999.8352, 2.664369, 214.6173, 30.38139, 808.6826, 250.5997, 2350.738, 3161.36, 1603.695, 327.6848, 1051.917, 7.101882, 1408.271, 2251.289
61.2, 255.8941, 968.5023, 2.530939, 203.4658, 28.76395, 762.5327, 236.9369, 2481.737, 3508.473, 1480.997, 305.469, 1067.974, 6.787243, 1376.032, 2268.698
61.3, 241.2908, 921.4606, 2.404191, 192.8937, 27.23262, 719.0165, 224.019, 2446.046, 3479.032, 1889.453, 383.0681, 1108.592, 6.486544, 1294.233, 2158.548
61.4, 227.5208, 945.8073, 2.28379, 224.6984, 25.78281, 677.9836, 211.8054, 2580.375, 3309.982, 1973.039, 357.0975, 1164.497, 6.199167, 1391.783, 2179.3
61.5, 214.5366, 899.868, 2.169419, 386.1062, 24.41019, 639.2925, 200.2577, 3078.72, 3067.157, 2081.966, 332.8876, 1213.141, 5.924522, 1309.048, 2073.49
61.6, 249.4066, 856.16, 2.060776, 366.0441, 23.11065, 602.8093, 189.3395, 3107.777, 2986.503, 1922.676, 310.3191, 1168.735, 5.662045, 1231.232, 1972.818
61.7, 235.1734, 951.7293, 1.957573, 347.0245, 21.88028, 568.4082, 179.0167, 3076.689, 3004.212, 1868.644, 289.2806, 1208.73, 5.411196, 1292.333, 1877.034
61.8, 337.0959, 905.5024, 1.859539, 328.9932, 20.71542, 535.9703, 169.2566, 3198.333, 2841.158, 1837.821, 269.6685, 1148.335, 5.171461, 1215.51, 1785.9
61.9, 317.8586, 861.5208, 1.766414, 311.8987, 19.61258, 505.3835, 160.0287, 3176.601, 2632.727, 1746.142, 251.3859, 1090.958, 4.942347, 1143.253, 1699.191
62, 299.719, 819.6754, 1.677953, 295.6925, 18.56845, 476.5423, 151.3038, 3448.85, 2521.675, 1612.546, 234.3429, 1036.448, 4.723383, 1153.184, 1616.691
62.1, 304.6445, 903.4704, 1.593922, 280.3284, 17.5799, 449.347, 143.0547, 3332.357, 2355.119, 1489.171, 334.8842, 984.6614, 4.514121, 1368.633, 1538.198
62.2, 287.259, 859.5875, 1.514099, 265.7626, 16.64399, 423.7036, 135.2553, 3140.448, 2314.817, 1419.036, 312.1803, 935.4623, 4.314129, 1400.916, 1463.515
62.3, 363.8571, 817.836, 1.438274, 251.9536, 15.7579, 435.248, 127.8811, 2959.59, 2315.838, 1407.224, 368.671, 888.7214, 4.122998, 1613.137, 1392.458
62.4, 343.0925, 903.3734, 1.366246, 238.8621, 14.91898, 410.4092, 120.909, 2907.792, 2224.838, 1476.571, 343.6765, 1193.544, 3.940335, 1517.243, 1744.031
62.5, 323.5129, 934.6144, 1.297825, 226.4509, 14.12472, 448.2585, 114.3169, 2740.333, 2194.893, 1375.525, 320.3765, 1133.908, 3.765764, 1514.035, 2262.271
62.6, 530.9153, 951.3006, 1.232831, 214.6845, 13.37275, 527.9697, 108.0843, 2582.518, 2071.526, 1411.236, 693.052, 1077.251, 3.598927, 1973.646, 2152.433
62.7, 552.6191, 927.5225, 1.171091, 203.5295, 12.66082, 530.4821, 102.1915, 2433.791, 1984.846, 1332.879, 803.8987, 1023.426, 3.439482, 2336.347, 2047.928
62.8, 521.0822, 1188.14, 1.112444, 192.9542, 11.98678, 588.8985, 96.62, 2382.375, 1954.528, 1230.902, 749.3973, 972.29, 3.287101, 2703.449, 1948.497
62.9, 717.0154, 1584, 1.056733, 182.9283, 11.34863, 555.2913, 91.35224, 2245.175, 1882.991, 1136.726, 824.4905, 923.7091, 3.141471, 2940.772, 1853.893
63, 676.0968, 1507.063, 1.003812, 173.4234, 10.74446, 523.6019, 86.37168, 2260.502, 2010.242, 1121.046, 879.4014, 877.5555, 3.002292, 2988.234, 2028.743
63.1, 637.5133, 1502.166, 0.9535421, 164.4123, 10.17244, 493.721, 81.66266, 2420.266, 1973.19, 1035.276, 927.6807, 947.1262, 2.86928, 2810.598, 1930.244
63.2, 601.1317, 1429.204, 0.9057892, 155.8694, 9.630884, 465.5453, 77.21037, 2687.158, 1828.434, 1060.925, 891.7795, 1074.868, 2.742161, 2643.521, 2172.015
63.3, 647.5269, 1359.785, 0.8604277, 147.7705, 9.118156, 438.9776, 73.00083, 2761.157, 1694.297, 979.7546, 910.0763, 1021.162, 2.620674, 2486.376, 2066.559
63.4, 610.5738, 1416.606, 0.817338, 140.0924, 8.632726, 413.926, 69.0208, 2798.17, 1735.22, 953.2595, 1100.33, 970.1389, 2.504569, 2390.458, 2273.657
63.5, 650.5699, 1441.624, 0.7764062, 132.8132, 8.173138, 390.3041, 65.25775, 2713.966, 1727.435, 880.3261, 1025.731, 1039.783, 2.393607, 2471.81, 2163.266
63.6, 634.5554, 1371.602, 0.7375242, 125.9122, 7.738018, 368.0302, 61.69987, 2584.524, 1737.048, 903.9099, 956.1906, 1082.935, 2.287562, 2324.873, 2134.33
63.7, 598.3426, 1344.034, 0.7005894, 119.3699, 7.326062, 347.0275, 58.33597, 2472.972, 1690.811, 851.7121, 891.3644, 1048.925, 2.186215, 2467.627, 2030.704
63.8, 564.1964, 1399.041, 0.6655042, 113.1674, 36.78961, 327.2233, 55.15546, 2784.497, 1650.17, 1357.662, 1018.854, 1112.773, 2.089358, 2623.913, 2315.781
63.9, 640.4064, 1331.087, 0.6321761, 107.2872, 34.83101, 308.5493, 52.14837, 2624.138, 1529.111, 1383.227, 949.7791, 1247.85, 1.996792, 2514.976, 2379.592
64, 603.8597, 1266.434, 0.600517, 101.7126, 32.97668, 314.9854, 49.30521, 2581.284, 1441.209, 1347.305, 930.9636, 1185.501, 1.908327, 2422.875, 2306.409
64.09999999999999, 569.3986, 1349.86, 0.5704435, 96.42764, 31.22107, 327.2849, 46.61707, 2499.207, 1335.48, 1244.223, 1153.311, 1126.267, 1.823781, 2278.846, 2358.712
64.2, 616.4265, 1879.74, 0.541876, 91.41727, 29.55893, 439.1483, 44.07549, 2355.278, 1237.508, 1149.028, 1075.12, 1069.992, 1.742981, 2465.998, 2405.136
64.3, 592.1724, 1925.103, 0.5147391, 86.66724, 27.98528, 414.087, 41.67247, 2268.371, 1242.039, 1142.393, 1002.231, 1016.529, 1.665761, 2678.903, 2428.989
64.40000000000001, 558.3783, 1850.697, 0.4889612, 82.16402, 26.4954, 390.4559, 39.40047, 2188.872, 1150.922, 1203.989, 934.2836, 1066.557, 1.591962, 2519.655, 2346.159
64.5, 526.5128, 1763.997, 0.4644743, 77.89479, 25.08484, 832.6347, 37.25234, 2232.712, 1215.465, 1111.872, 960.428, 1246.483, 1.521433, 2369.873, 2313.709
64.59999999999999, 534.6977, 1776.596, 0.4412137, 73.84739, 23.74938, 1095.85, 35.22133, 2148.548, 1126.297, 1213.414, 1023.591, 1184.202, 1.454028, 2228.995, 2368.65
64.7, 519.4717, 1769.765, 0.419118, 70.01029, 22.48501, 1290.795, 33.30105, 2260.881, 1142.686, 1120.576, 954.1956, 1184.137, 1.389609, 2096.491, 2380.173
64.8, 489.8265, 1683.805, 0.3981287, 66.37257, 21.28796, 1274.193, 31.48546, 2322.63, 2053.132, 1118.049, 889.5047, 1216.134, 1.328045, 2063.9, 2283.726
64.90000000000001, 495.2781, 1764.307, 0.3781907, 62.92385, 20.15463, 1201.477, 29.76886, 2188.871, 2356.911, 1074.854, 998.6151, 1155.369, 1.269207, 1941.21, 2275.643
65, 492.9933, 1678.612, 0.3592511, 59.65434, 19.08164, 1176.177, 28.14585, 2062.814, 2280.167, 992.6171, 930.9127, 1097.641, 1.212977, 2131.198, 2246.843
65.09999999999999, 464.8591, 1641.004, 0.34126, 56.55471, 18.06578, 1109.055, 26.61133, 2299.842, 2112.891, 916.6725, 867.8003, 1168.452, 1.159238, 2004.509, 2164.753
65.2, 438.3306, 1561.298, 0.3241699, 53.61613, 17.104, 1045.763, 25.16047, 2807.962, 2063.445, 926.0181, 808.9667, 1144.941, 1.10788, 1885.35, 2344.39
65.3, 413.3159, 1499.446, 0.3079356, 50.83024, 36.93829, 986.0834, 23.78871, 2700.862, 1958.826, 931.4168, 754.1218, 1478.434, 1.058797, 1832.023, 2230.565
65.40000000000001, 389.7288, 1460.723, 0.2925144, 48.18911, 66.69686, 929.8096, 22.49174, 2595.017, 1849.354, 860.1547, 702.9951, 1934.941, 1.011888, 1723.118, 2254.303
65.5, 367.4878, 1389.774, 0.2778654, 45.68521, 63.14606, 939.2741, 21.26548, 2787.962, 1920.556, 818.9596, 655.3347, 1922.71, 0.9670579, 1710.181, 2282.015
65.59999999999999, 346.516, 1373.635, 0.26395, 43.31141, 59.78431, 897.6892, 20.10607, 2627.404, 2697.985, 839.4398, 680.1057, 1920.476, 0.9242139, 2118.844, 2297.736
65.7, 326.741, 1316.704, 0.2507316, 41.06096, 67.87115, 846.4599, 19.00988, 2476.093, 2943.319, 775.2147, 633.9971, 1824.518, 0.8832679, 1992.889, 2225.184
65.8, 420.1694, 1480.063, 0.2381751, 38.92744, 64.25784, 886.4092, 17.97346, 2333.495, 2853.921, 715.9035, 591.0144, 1770.524, 0.8441361, 2104.016, 2189.063
65.90000000000001, 396.1912, 1470.614, 0.2262474, 36.90477, 60.83689, 835.8236, 16.99353, 2199.109, 2699.908, 712.5538, 550.9458, 1682.059, 0.8067378, 2116.888, 2082.779
66, 539.2709, 1444.084, 0.214917, 34.98721, 57.59806, 971.4152, 16.06704, 2072.463, 2707.666, 658.0367, 733.4953, 1598.014, 0.7709965, 2362.179, 1981.656
66.09999999999999, 508.4958, 1431.659, 0.2041541, 33.16927, 54.53166, 936.5742, 15.19106, 1953.11, 2509.028, 630.9868, 696.4666, 1613.858, 0.7368386, 2221.759, 2125.045
66.2, 479.477, 1593.49, 0.1939302, 31.4458, 51.62851, 1041.21, 14.36283, 1840.631, 2417.094, 582.7104, 723.0676, 1533.221, 0.7041941, 2219.955, 2021.87
66.3, 561.5715, 1516.091, 0.1842183, 29.81188, 48.87992, 981.7905, 299.6773, 1734.63, 2624.641, 538.1276, 734.4937, 1456.613, 0.6729958, 2288.63, 1923.704
66.40000000000001, 529.5237, 1649.637, 0.1749927, 28.26286, 46.27766, 1197.745, 283.3388, 1634.733, 2548.177, 576.088, 684.6977, 1406.234, 0.6431797, 2152.582, 1830.304
66.5, 499.3049, 1569.512, 0.1662292, 26.79433, 61.53975, 1129.392, 267.8911, 1540.589, 2415.708, 600.8884, 638.2777, 1397.323, 0.6146846, 2055.634, 2041.91
66.59999999999999, 470.8106, 1543.704, 0.1579045, 25.4021, 58.26351, 1075.813, 253.2855, 1451.867, 2440.754, 554.9148, 595.0048, 1464.88, 0.5874519, 1985.756, 2059.06
66.7, 551.8771, 1554.035, 0.1499967, 24.08221, 55.16168, 1014.419, 239.4763, 1511.419, 2261.697, 579.2274, 554.6657, 1391.687, 0.5614257, 1960.661, 1992.763
66.8, 520.3826, 1486.293, 0.142485, 22.8309, 52.22499, 956.5277, 226.4199, 1495.932, 2095.776, 534.911, 517.0615, 1388.329, 0.5365525, 1844.109, 1924.473
66.90000000000001, 516.8756, 1435.38, 0.1353494, 21.64461, 49.44464, 935.1225, 214.0754, 1783.091, 1988.414, 493.9853, 482.0066, 1318.96, 0.5127814, 1987.179, 1869.299
67, 487.3786, 1436.571, 0.1285712, 20.51996, 46.81232, 916.609, 202.4039, 1798.605, 1892.532, 456.1908, 449.3284, 1396.83, 0.4900633, 1869.051, 1831.646
67.09999999999999, 560.3187, 1604.561, 0.1221324, 19.45374, 44.32013, 864.3, 191.3688, 1695.024, 1924.234, 528.5991, 478.695, 1421.356, 108.3503, 1757.945, 1864.187
67.2, 528.3425, 1603.454, 0.1160161, 18.44293, 533.9113, 996.1824, 180.9353, 1728.097, 1922.392, 488.1562, 512.8131, 1554.232, 103.55, 1653.443, 1773.676
67.3, 498.191, 1525.572, 0.1102061, 17.48464, 1185.522, 982.9201, 171.0706, 1653.456, 1781.363, 450.8077, 478.0463, 1476.574, 98.96233, 1555.154, 1720.859
67.40000000000001, 469.7603, 1565.931, 0.104687, 16.57614, 1893.637, 938.3575, 161.7438, 1630.973, 1734.487, 416.3167, 445.6365, 1519.09, 94.57794, 1462.707, 1884.24
67.5, 456.7394, 1489.872, 0.09944434, 15.71485, 2033.732, 884.8074, 417.5245, 1602.253, 1659.321, 384.4645, 415.424, 1486.843, 90.3878, 1375.756, 1819.374
67.59999999999999, 430.6742, 1542.527, 0.09446423, 14.8983, 1925.46, 834.3132, 539.0782, 1509.98, 1537.591, 355.0494, 387.2598, 1412.552, 168.5783, 1293.974, 1916.53
67.7, 406.0965, 1467.604, 0.08973351, 14.12419, 1862.874, 786.7006, 509.6875, 1646.029, 1608.346, 327.8848, 361.005, 1341.973, 303.6868, 1217.053, 1845.836
67.8, 382.9214, 1396.32, 0.08523971, 13.3903, 1787.54, 774.0469, 481.8991, 1843.358, 1575.965, 309.8069, 435.2016, 1428.2, 351.6821, 1144.705, 1806.031
67.90000000000001, 361.0688, 1328.499, 0.08097095, 12.69454, 1714.608, 729.8737, 611.4477, 1737.199, 1491.483, 286.1037, 405.6966, 1356.839, 479.2965, 1076.657, 1883.704
68, 340.4634, 1329.687, 0.07691597, 12.03493, 1623.326, 839.608, 578.1113, 1637.155, 1525.529, 264.2141, 378.1918, 1289.044, 458.062, 1012.655, 1853.286
68.09999999999999, 321.0338, 1265.102, 0.07306406, 11.4096, 1723.461, 791.6932, 546.5925, 1776.305, 1765.76, 243.9992, 352.5518, 1389.424, 437.7682, 1327.792, 1763.305
68.2, 315.6519, 1203.654, 0.06940505, 10.81676, 1631.707, 746.5129, 516.792, 1727.349, 2090.55, 242.5568, 328.6501, 1320.001, 418.3735, 1436.105, 1767.209
68.3, 396.8254, 1145.19, 0.06592928, 10.25472, 1544.839, 703.9109, 488.6163, 1660.302, 2037.15, 223.9989, 306.3689, 1354.302, 413.2307, 1437.736, 1846.176
68.40000000000001, 374.1794, 1089.567, 0.06262758, 9.721888, 1511.724, 663.7401, 461.9767, 1564.686, 2023.557, 206.8609, 285.5982, 1346.725, 394.9231, 1438.53, 1756.54
68.5, 352.8257, 1209.984, 0.05949122, 9.21674, 1437.83, 682.3643, 436.7896, 1698.498, 1875.106, 297.3632, 266.2357, 1352.771, 377.4266, 1353.016, 1872.623
68.59999999999999, 332.6907, 1151.213, 0.05651193, 8.737839, 1420.491, 643.4232, 412.9756, 1656.746, 2019.491, 274.6121, 248.1859, 1298.388, 360.7053, 1272.585, 1870
68.7, 314.947, 1142.487, 0.05368184, 8.283822, 1405.298, 620.0057, 390.46, 1561.335, 2048.793, 292.2956, 231.3598, 1365.74, 344.7247, 1340.712, 1779.208
68.8, 296.9736, 1086.995, 0.05099348, 7.853396, 1384.432, 642.176, 369.1719, 1626.261, 1953.977, 269.9322, 215.6745, 1342.08, 329.4522, 1312.597, 1871.857
68.90000000000001, 280.0259, 1034.198, 0.04843976, 7.445334, 1359.157, 605.5283, 349.0445, 1532.605, 1984.701, 306.1107, 201.0526, 1275.023, 368.53, 1293.357, 1780.975
69, 264.0454, 1127.491, 0.04601392, 7.058476, 1368.331, 577.1832, 539.5618, 1635.078, 1839.101, 282.6903, 187.422, 1211.316, 352.2028, 1216.473, 1694.505
69.09999999999999, 248.9768, 1089.785, 0.04370956, 6.691719, 1377.213, 621.2496, 510.1446, 1540.914, 1823.698, 301.7209, 385.2949, 1182.048, 336.599, 1346.757, 1828.759
69.2, 234.7682, 1260.902, 0.04152061, 6.344018, 1303.893, 756.395, 482.3313, 1452.173, 1768.325, 278.6364, 359.1734, 1173.652, 321.6865, 1266.698, 1739.969
69.3, 221.3705, 1366.626, 0.03944128, 6.014383, 1234.477, 713.2291, 456.0344, 1368.543, 1638.598, 257.3181, 334.8228, 1219.681, 307.4346, 1191.399, 1655.49
69.40000000000001, 208.7373, 1396.17, 0.03746609, 5.701877, 1244.361, 717.0992, 431.1712, 1289.729, 1546.27, 237.6309, 312.123, 1306.374, 293.8141, 1179.555, 1663.435
69.5, 196.8251, 1499.133, 0.03558981, 5.405608, 1178.114, 676.1758, 407.6636, 1215.454, 1432.833, 219.4499, 290.9622, 1241.101, 280.7971, 1109.436, 1582.672
69.59999999999999, 185.5927, 1426.318, 0.03380749, 5.124733, 1250.585, 637.5878, 385.4376, 1145.456, 1441.08, 202.6599, 271.2361, 1179.089, 268.3568, 1078.819, 1505.83
69.7, 175.0013, 1357.039, 0.03211443, 4.858452, 1259.342, 601.202, 364.4234, 1079.49, 1335.361, 187.1545, 252.8473, 1120.175, 256.4677, 1135.2, 1522.852
69.8, 165.0143, 1291.126, 0.03050615, 4.606008, 1192.297, 566.8926, 344.5549, 1142.831, 1249.967, 186.1415, 235.7052, 1064.205, 245.1053, 1433.495, 1620.998
69.90000000000001, 155.5973, 1228.414, 97.32204, 4.36668, 1128.822, 534.5411, 325.7696, 1133.165, 1188.075, 171.8999, 219.7252, 1097.447, 234.2462, 1375.688, 1542.295
70, 146.7177, 1168.748, 230.0834, 4.139788, 1068.726, 504.0359, 308.0085, 1237.609, 1100.916, 241.0546, 204.8287, 1042.612, 223.8683, 1465.255, 1559.916
70.09999999999999, 140.1175, 1111.98, 219.6121, 3.924685, 1168.724, 475.2716, 291.2157, 1166.336, 1020.151, 222.6116, 190.942, 1056.817, 213.9501, 1524.721, 1540.841
70.2, 132.1213, 1057.969, 208.614, 3.720759, 1106.503, 448.1488, 275.3385, 1158.668, 945.3118, 205.5797, 177.9969, 1004.013, 204.4714, 1467.685, 1539.802
70.3, 126.9842, 1006.582, 219.4648, 133.0134, 1047.596, 529.6555, 260.327, 1172.213, 875.9624, 376.5077, 165.9294, 1077.318, 195.4126, 1553.334, 1563.6
70.40000000000001, 119.7375, 957.6909, 208.4741, 126.1021, 1046.046, 601.1125, 246.1338, 1433.193, 873.1661, 1151.969, 154.68, 1023.489, 186.7551, 2315.87, 1487.684
70.5, 112.9043, 911.1744, 198.0338, 213.5633, 1120.678, 566.8082, 232.7145, 1466.372, 809.1094, 1256.016, 144.1932, 972.3497, 178.4812, 2226.139, 1660.667
70.59999999999999, 119.7865, 866.9172, 188.1164, 332.892, 1061.016, 534.4616, 220.0268, 1540.443, 935.5595, 1378.405, 134.4175, 1012.636, 170.5739, 2186.563, 1580.038
70.7, 207.4504, 824.8098, 178.6956, 315.595, 1004.53, 503.961, 208.0309, 1532.244, 1629.307, 1367.564, 125.3045, 962.0396, 163.0168, 2176.447, 1503.324
70.8, 195.6116, 825.4934, 169.7467, 299.1967, 951.0508, 475.2009, 196.6889, 1444.002, 2115.552, 1262.932, 116.8093, 913.9708, 227.1644, 2047.068, 1430.335
70.90000000000001, 232.5703, 882.3063, 161.2458, 283.6505, 900.4189, 448.0822, 185.9654, 1492.328, 2142.664, 1189.148, 108.89, 868.3038, 217.1003, 1925.379, 1360.889
71, 219.2979, 839.4513, 153.1707, 268.912, 947.5907, 422.511, 175.8264, 1473.171, 1985.475, 1098.167, 101.5077, 824.9185, 207.4819, 1871.332, 1540.155
71.09999999999999, 206.7831, 798.6779, 155.0193, 254.9394, 941.4122, 398.3992, 166.2403, 1527.151, 1839.818, 1118.632, 94.62586, 783.701, 198.2898, 1998.765, 1465.377
71.2, 194.9824, 759.8848, 147.256, 241.6928, 891.2935, 375.6633, 157.1768, 1659.778, 1858.153, 1033.046, 88.21058, 744.543, 189.5048, 1959.296, 1461.232
71.3, 183.8551, 722.9761, 139.8815, 464.6596, 843.8429, 354.225, 148.6075, 1716.014, 1721.836, 1015.104, 82.23023, 900.8549, 181.1091, 2010.141, 1593.365
71.40000000000001, 173.3629, 744.3431, 139.2505, 440.5159, 830.9771, 334.0101, 140.5053, 1726.367, 2173.485, 1089.408, 76.65533, 855.8432, 173.0853, 1999.208, 1611.336
71.5, 163.4694, 770.9697, 132.2769, 463.4008, 946.0454, 314.9488, 132.8449, 1722.903, 2659.24, 1006.058, 71.45838, 892.0663, 165.417, 1880.364, 1690.491
71.59999999999999, 211.2912, 816.7072, 125.6526, 474.6146, 895.68, 296.9753, 125.6021, 1623.681, 2736.337, 929.0851, 66.61377, 847.4938, 158.0885, 2056.078, 1608.414
71.7, 210.4411, 777.0385, 119.36, 449.9537, 854.9123, 280.0275, 118.7543, 1530.174, 2592.129, 1000.978, 62.0976, 805.1483, 151.0846, 1996.668, 1530.322
71.8, 234.4513, 829.8733, 113.3825, 426.5742, 809.3986, 264.0469, 112.2797, 1442.051, 2526.781, 959.5007, 57.88762, 797.3616, 177.8354, 1877.976, 1625.274
71.90000000000001, 221.0716, 841.301, 107.7043, 404.4094, 834.8795, 248.9783, 106.1582, 1359.004, 2341.413, 900.7625, 53.96305, 969.5931, 169.9566, 1940.076, 1546.364
72, 237.0912, 944.7141, 102.3106, 411.1013, 790.4323, 515.2429, 100.3704, 1376.954, 2272.942, 831.8456, 50.30456, 921.1469, 162.4269, 1824.747, 1471.285
72.09999999999999, 223.5609, 969.8968, 97.18691, 389.7405, 800.2816, 917.3934, 94.89817, 1344.2, 2231.596, 768.2016, 46.8941, 875.1213, 155.2309, 1716.275, 1399.851
72.2, 210.8027, 922.7874, 92.31985, 438.805, 855.4738, 1188.596, 89.72428, 1266.788, 2136.394, 774.0966, 43.71485, 831.3954, 148.3536, 1614.25, 1389.494
72.3, 198.7726, 877.9662, 87.69652, 471.0803, 809.9302, 1120.765, 84.83247, 1193.834, 2033.126, 714.8709, 40.75115, 789.8544, 155.2691, 1588.281, 1322.031
72.40000000000001, 187.429, 946.5244, 83.30473, 446.603, 766.8113, 1168.073, 80.20737, 1254.595, 2140.54, 680.6138, 37.98837, 750.3889, 148.3901, 1493.865, 1306.947
72.5, 176.7328, 900.5503, 79.13287, 423.3976, 725.9879, 1135.75, 75.83443, 1182.343, 1983.507, 1348.076, 35.4129, 712.8954, 141.8159, 1490.01, 1280.375
72.59999999999999, 166.6471, 856.8092, 75.16994, 420.8535, 687.3379, 1116.204, 71.69991, 1190.483, 1977.253, 1943.041, 33.01204, 733.2773, 135.5329, 1501.87, 1459.164
72.7, 157.1369, 815.1927, 71.40546, 398.986, 688.333, 1052.505, 67.79079, 1249.578, 1832.199, 2025.991, 30.77394, 813.7603, 166.337, 1412.59, 1388.319
72.8, 148.1694, 775.5975, 67.82951, 378.2547, 651.6876, 1191.591, 64.09481, 1177.615, 2364.389, 1969.977, 223.3701, 835.7292, 158.9677, 1416.391, 1461.909
72.90000000000001, 139.7136, 754.3797, 64.43265, 358.6007, 616.9932, 1123.589, 60.60033, 1109.797, 2913.377, 1848.026, 312.1326, 814.1492, 169.9204, 1332.193, 1390.93
73, 131.7405, 717.7383, 61.20589, 339.9678, 601.6939, 1205.156, 57.29638, 1045.884, 2953.069, 1706.634, 290.9712, 773.4698, 162.3923, 1253, 1323.397
73.09999999999999, 124.2223, 809.8517, 58.14074, 322.3032, 569.661, 1224.872, 54.17256, 1134.417, 2881.884, 1696.709, 574.9988, 844.0729, 155.1978, 1178.515, 1300.322
73.2, 117.1332, 770.516, 55.22908, 305.5563, 539.3335, 1154.971, 51.21905, 1213.276, 2795.27, 1577.504, 536.0161, 893.9569, 148.322, 1194.396, 1362.067
73.3, 110.4486, 733.0909, 52.46324, 289.6797, 592.8281, 1089.059, 48.42656, 1254.227, 2590.205, 1540.756, 499.6761, 849.2899, 196.4202, 1143.836, 1410.504
73.40000000000001, 104.1455, 697.4835, 49.83591, 367.3596, 602.1718, 1052.233, 45.78633, 1304.687, 2442.198, 1422.874, 465.8, 911.7419, 187.7181, 1279.83, 1390.568
73.5, 98.20217, 663.6057, 47.34015, 355.5609, 570.1135, 992.1844, 43.29004, 1229.55, 2388.39, 1394.667, 434.2205, 866.1862, 179.4015, 1203.75, 1323.053
73.59999999999999, 92.59797, 631.3733, 44.96938, 394.9984, 539.7618, 935.5625, 40.92985, 1339.696, 2213.174, 1442.056, 404.7819, 822.9068, 171.4534, 1132.193, 1384.745
73.7, 87.31359, 600.7065, 42.71734, 550.8685, 511.0261, 882.1718, 38.69833, 1262.543, 2137.825, 1331.725, 377.3392, 781.7899, 163.8574, 1064.889, 1317.512
73.8, 82.33078, 571.5293, 40.57808, 1096.963, 483.8202, 831.8281, 356.2139, 1189.833, 2181.355, 1271.903, 351.757, 742.7274, 156.5979, 1001.586, 1253.544
73.90000000000001, 77.63232, 543.7692, 38.54595, 1050.654, 492.6003, 784.3573, 336.793, 1121.311, 2096.888, 1218.57, 327.9092, 705.6166, 168.5506, 942.0468, 1192.682
74, 73.202, 517.3575, 36.61559, 1192.607, 466.3754, 739.5956, 318.4309, 1056.735, 1943.057, 1133.962, 305.6782, 670.3602, 297.9355, 886.0465, 1222.794
74.09999999999999, 69.02451, 541.8676, 34.7819, 1130.64, 609.6963, 697.3884, 561.0692, 995.8781, 1901.788, 1215.802, 284.9543, 636.8653, 284.7359, 833.3752, 1202.101
74.2, 74.55033, 515.5483, 33.04004, 1169.179, 608.5269, 657.5898, 530.4794, 938.5257, 1838.05, 1122.782, 265.6355, 605.044, 322.1524, 783.8349, 1176.749
74.3, 70.29589, 530.633, 31.38542, 1108.429, 631.6882, 715.821, 501.5575, 884.4762, 1703.208, 1132.175, 247.6264, 574.8127, 561.0232, 737.2396, 1171.835
74.40000000000001, 66.28425, 504.8593, 79.03283, 1050.835, 598.0585, 674.9705, 474.2123, 833.5394, 1711.681, 1083.991, 230.8383, 546.0919, 536.1679, 693.4141, 1162.43
74.5, 80.9996, 505.8506, 75.07491, 996.2336, 581.0036, 636.4513, 490.44, 785.5361, 1586.109, 1001.056, 215.1883, 518.8061, 512.4138, 652.1939, 1235.294
74.59999999999999, 76.37712, 481.2807, 71.31519, 944.4694, 550.0722, 600.1303, 624.7333, 740.2972, 1469.75, 924.4655, 200.5993, 492.8837, 489.712, 613.424, 1175.318
74.7, 72.01843, 457.9042, 91.8301, 895.3949, 520.7875, 565.8821, 930.2264, 697.6637, 1504.328, 853.801, 186.9994, 553.7085, 468.016, 576.9588, 1118.254
74.8, 67.90849, 612.1685, 87.2313, 848.8703, 493.0619, 533.5883, 1044.812, 657.4854, 1393.968, 879.438, 174.3215, 526.0422, 447.2812, 542.6613, 1063.96
74.90000000000001, 64.03308, 582.4346, 82.8628, 804.7631, 466.8123, 573.2546, 987.8481, 619.621, 1291.705, 819.3008, 162.5032, 499.7582, 490.729, 510.4026, 1012.302
75, 60.37884, 554.1448, 90.73193, 798.7339, 537.4612, 558.8658, 933.9902, 583.9371, 1388.609, 835.9109, 151.4861, 474.7875, 468.988, 480.0616, 963.1531
75.09999999999999, 56.93314, 527.2292, 86.18812, 817.866, 508.8479, 526.9725, 883.0686, 735.1573, 2214.637, 787.6814, 141.2159, 496.7036, 448.2101, 805.1766, 1000.212
75.2, 53.68408, 501.6208, 81.87186, 775.3698, 481.7579, 546.5583, 834.9233, 781.748, 2550.626, 775.1162, 131.642, 471.8855, 428.3528, 893.1119, 951.6497
75.3, 50.62044, 477.2563, 77.77177, 858.4573, 456.1102, 515.3673, 789.403, 769.326, 2541.667, 803.6947, 122.7171, 542.3787, 409.3753, 840.0206, 1028.829
75.40000000000001, 47.73163, 454.0753, 73.877, 813.852, 440.5366, 485.9563, 746.3644, 929.7718, 2558.584, 1029.681, 114.3974, 515.2784, 391.2385, 1254.755, 978.8775
75.5, 45.00768, 432.0201, 70.17728, 771.5643, 417.0834, 458.2238, 705.6723, 1015.022, 2406.575, 1289.068, 106.6417, 489.5323, 373.9053, 1594.234, 1135.555
75.59999999999999, 42.43919, 411.0363, 66.66283, 849.7038, 394.8788, 541.8837, 759.8088, 1077.342, 2460.566, 1457.572, 300.7628, 567.985, 380.0396, 1570.522, 1099.702
75.7, 40.01727, 391.0716, 63.32439, 857.228, 373.8563, 529.4463, 718.3837, 1015.298, 2280.056, 1359.896, 280.3723, 539.6054, 363.2025, 1569.367, 1135.931
75.8, 37.73356, 372.0767, 60.15314, 852.9805, 353.953, 499.2318, 809.0679, 956.8276, 2241.08, 1431.269, 261.364, 512.6437, 369.0693, 1608.802, 1189.051
75.90000000000001, 35.58018, 354.0043, 57.14071, 875.7526, 335.1093, 523.416, 764.9572, 983.7122, 2243.268, 1621.522, 243.6445, 548.8248, 352.7182, 1629.438, 1412.751
76, 33.54969, 384.2444, 54.27913, 830.2486, 317.2688, 518.9292, 723.2514, 955.415, 2145.755, 1624.095, 227.1263, 547.1801, 337.0915, 1532.576, 1344.159
76.09999999999999, 31.63508, 365.5811, 51.56086, 787.109, 300.3781, 526.8283, 683.8195, 1130.681, 2166.585, 1499.837, 211.728, 519.8399, 322.1572, 1441.471, 1278.897
76.2, 29.82973, 364.1215, 48.97872, 824.3095, 284.3866, 496.7633, 646.5374, 1065.565, 2007.641, 1385.085, 197.3736, 493.8658, 408.9885, 1355.783, 1216.804
76.3, 28.12741, 346.4355, 46.52589, 864.7181, 269.2465, 468.414, 611.2878, 1004.199, 1904.083, 1391.975, 183.9924, 469.1896, 543.2585, 1275.188, 1370.921
76.40000000000001, 26.52223, 329.6086, 44.1959, 868.1555, 293.8697, 502.0938, 577.9601, 946.3678, 1889.99, 1406.599, 171.5184, 507.4429, 554.345, 1329.839, 1398.453
76.5, 25.00866, 401.5859, 41.98259, 847.7544, 278.2247, 473.4403, 718.9936, 891.8667, 1867.486, 1298.981, 294.9872, 529.3872, 529.7855, 1250.787, 1330.555
76.59999999999999, 23.58146, 441.8323, 39.88013, 803.7052, 263.4126, 457.3, 679.7938, 840.5043, 1858, 1199.597, 409.0384, 581.9059, 506.3141, 1270.618, 1265.954
76.7, 22.23572, 420.3718, 37.88295, 854.6793, 249.3891, 444.2258, 642.7311, 792.0999, 1756.894, 1201.328, 381.3071, 552.8307, 518.6606, 1195.085, 1204.489
76.8, 20.96677, 399.9537, 35.98579, 810.2703, 236.1122, 418.8747, 607.6891, 746.483, 1682.851, 1180.4, 454.8318, 568.9774, 495.6821, 1124.043, 1146.009
76.90000000000001, 19.77024, 380.5273, 34.18364, 832.5685, 223.5421, 394.9704, 574.5577, 703.4932, 1559.395, 1128.336, 536.311, 603.3369, 473.7216, 1057.224, 1090.368
77, 18.64199, 362.0446, 32.47174, 789.3083, 221.1053, 437.4782, 543.2325, 662.9792, 1476.634, 1042.007, 499.9511, 573.1909, 483.3868, 994.377, 1037.428
77.09999999999999, 17.57813, 344.4595, 30.84557, 748.296, 209.3341, 412.5122, 513.6153, 624.7983, 1394.855, 986.2667, 602.3022, 544.5511, 461.971, 935.2659, 987.0588
77.2, 16.57498, 327.7286, 29.30084, 709.4146, 278.6314, 388.971, 485.6128, 588.8163, 1327.058, 910.808, 561.4684, 945.6989, 441.5041, 879.6687, 939.135
77.3, 15.62908, 311.8103, 27.83347, 672.5535, 263.7977, 366.7732, 459.1369, 554.9066, 1381.575, 841.1226, 523.4029, 1262.941, 421.9439, 827.3765, 1078.617
77.40000000000001, 14.73716, 296.6652, 26.43959, 693.467, 249.7537, 345.8422, 434.1046, 522.9496, 1280.221, 855.6239, 487.9181, 1329.671, 403.2503, 1213.754, 1168.127
77.5, 13.89614, 282.2557, 25.11551, 682.3245, 236.4573, 326.1057, 410.437, 782.2297, 1300.14, 991.0195, 454.8391, 1483.566, 448.4524, 1530.09, 1111.412
77.59999999999999, 13.10311, 268.5461, 23.85774, 716.3001, 223.8688, 307.4955, 388.0598, 849.1214, 1223.225, 915.1972, 509.5321, 1470.788, 462.7891, 1439.134, 1087.138
77.7, 12.35535, 255.5024, 22.66296, 714.9621, 211.9505, 289.9474, 366.9026, 838.8577, 1203.523, 845.176, 474.9877, 1452.605, 442.2859, 1353.584, 1034.355
77.8, 11.65025, 243.0923, 21.52801, 753.9113, 200.6667, 273.4006, 346.8989, 790.5481, 1169.596, 926.7377, 442.7853, 1380.025, 422.6911, 1358.523, 1091.982
77.90000000000001, 10.9854, 231.2849, 20.4499, 714.7381, 189.9837, 257.7982, 327.9858, 833.5898, 1394.469, 1178.422, 458.55, 1311.072, 403.9644, 1582.1, 1335.828
78, 10.35848, 220.0511, 19.42578, 794.3504, 179.8694, 243.0862, 310.1039, 1302.902, 2337.977, 1924.901, 427.462, 1526.332, 386.0673, 1660.9, 1545.236
78.09999999999999, 9.767344, 209.3628, 18.45294, 803.1474, 170.2935, 229.2138, 293.1969, 2245.68, 2475.057, 1869.448, 398.4817, 1513.584, 368.9631, 1655.569, 1470.212
78.2, 9.209941, 199.1938, 17.52883, 761.416, 161.2274, 216.133, 277.2117, 2784.701, 2337.616, 1888.24, 371.4661, 1437.957, 352.6168, 1583.993, 1398.83
78.3, 8.684348, 189.5186, 16.651, 721.8529, 152.644, 203.7987, 262.098, 2748.784, 2178.523, 1743.772, 346.2821, 1390.02, 336.9946, 1576.985, 1411.155
78.40000000000001, 8.18875, 180.3134, 15.81712, 776.2697, 144.5176, 192.1683, 247.8083, 2704.854, 2120.867, 1610.357, 390.4, 1320.567, 322.0645, 1540.416, 1342.64
78.5, 7.721435, 171.5553, 15.02501, 777.181, 136.8238, 181.2017, 234.2977, 2740.898, 2131.102, 1653.526, 363.9323, 1338.152, 307.796, 1448.846, 1372.726
78.59999999999999, 7.280788, 163.2226, 14.27256, 804.8308, 155.3515, 170.8609, 221.5237, 2583.051, 1974.762, 1527.016, 339.2591, 1286.677, 294.1595, 1545.767, 1306.077
78.7, 6.865288, 155.2946, 13.5578, 763.0119, 147.0809, 161.1102, 309.436, 2434.293, 1872.115, 1523.729, 316.2585, 1296.359, 342.8919, 1453.878, 1387.473
78.8, 6.4735, 147.7517, 12.87883, 785.463, 139.2506, 151.9159, 405.0377, 2532.238, 1852.799, 1410.287, 294.8174, 1249.937, 327.7006, 1500.152, 1320.109
78.90000000000001, 6.10407, 140.5752, 12.23387, 744.6505, 131.8372, 143.2464, 552.8083, 3245.303, 1731.578, 1302.386, 274.8299, 1187.483, 313.1823, 1410.975, 1256.015
79, 5.755723, 133.7473, 11.6212, 714.1241, 225.3267, 135.0716, 522.669, 3938.712, 1658.9, 1356.572, 256.1974, 1708.659, 299.3072, 1327.099, 1195.032
79.09999999999999, 5.427256, 127.2509, 243.068, 804.1611, 213.3308, 127.3633, 494.1729, 4171.759, 1555.573, 1336.583, 238.8282, 1897, 286.0468, 1502.645, 1137.011
79.2, 5.117533, 121.0702, 480.0432, 762.377, 201.9735, 120.095, 467.2304, 4390.807, 1460.123, 1288.687, 495.9624, 1813.299, 273.374, 1665.716, 1296.225
79.3, 4.825486, 115.1896, 471.2569, 722.7639, 191.2209, 113.2414, 441.7568, 4526.036, 1517.597, 1274.221, 462.338, 1934.285, 261.2625, 1674.809, 1233.291
79.40000000000001, 4.550105, 109.5947, 447.6566, 857.8858, 181.0407, 106.7789, 417.672, 4443.55, 1429.91, 1176.731, 430.9932, 1920.429, 249.6877, 1682.522, 1346.926
79.5, 4.29044, 104.2715, 425.2383, 813.3102, 171.4025, 100.6853, 394.9003, 4545.158, 1353.675, 1197.791, 401.7735, 1849.553, 238.6256, 1844.018, 1281.53
79.59999999999999, 4.045593, 99.20687, 403.9425, 771.0507, 162.2774, 94.93938, 373.3702, 4283.404, 1392.656, 1167.449, 607.6555, 1878.305, 228.0537, 2091.795, 1359.362
79.7, 3.814719, 94.38824, 383.7133, 760.1173, 153.6381, 89.52138, 353.0139, 4213.359, 1290.489, 1155.04, 696.6363, 1784.455, 217.9501, 1967.448, 1476.326
79.8, 3.597021, 89.80367, 364.4972, 720.6217, 145.4587, 84.41257, 333.7675, 4199.854, 1319.017, 1148.021, 649.4069, 1997.191, 208.2941, 1850.492, 1404.648
79.90000000000001, 3.391746, 85.44176, 346.2433, 778.372, 137.7148, 79.59532, 315.5703, 3994.797, 1599.343, 1139.32, 688.479, 1897.401, 199.066, 1875.562, 1449.818
80, 3.198186, 81.29173, 328.9037, 816.8271, 130.3832, 75.05298, 298.3653, 3805.312, 2676.613, 1245.395, 828.2119, 1839.106, 190.2466, 1764.068, 1667.985
80.09999999999999, 3.015672, 77.34326, 336.6482, 774.3849, 123.4419, 70.76986, 282.0983, 3934.307, 2968.123, 1359.39, 772.0622, 1834.936, 181.818, 1659.203, 1587.001
80.2, 2.843573, 73.58658, 319.789, 734.1479, 116.8701, 129.5788, 266.7182, 3707.731, 2847.267, 1255.384, 719.7192, 1777.066, 173.7629, 1708.101, 1536.693
80.3, 2.681296, 70.01237, 303.7742, 696.0017, 160.8202, 134.3901, 252.1766, 3494.204, 2707.035, 1218.033, 670.9249, 1718.733, 166.0646, 1606.563, 1622.543
80.40000000000001, 2.52828, 66.61176, 399.8513, 659.8375, 152.2584, 126.7207, 238.4278, 3698.55, 2508.443, 1124.842, 625.4387, 1632.855, 158.7073, 1511.06, 1543.765
80.5, 2.383996, 63.37633, 404.998, 625.5524, 172.3535, 119.489, 225.4286, 3690.545, 2429.988, 1038.781, 583.0363, 1655.977, 151.676, 1476.125, 1468.812
80.59999999999999, 2.247947, 60.29804, 384.7159, 593.0488, 190.6381, 605.0975, 213.1381, 3603.956, 2415.877, 1016.268, 698.3517, 1679.016, 144.9562, 1458.521, 1467.206
80.7, 2.119661, 57.36927, 365.4496, 562.2341, 180.4889, 640.6805, 201.5178, 3553.977, 2286.485, 938.5142, 651.006, 1649.105, 138.5341, 1371.819, 1492.249
80.8, 1.998696, 54.58276, 347.148, 702.8878, 170.8801, 604.1181, 190.5309, 3349.304, 2118.745, 884.3561, 606.8702, 1682.417, 132.3966, 1390.788, 1600.745
80.90000000000001, 1.884634, 51.93159, 329.7631, 666.3658, 161.7828, 569.6423, 180.1431, 3418.305, 2034.194, 913.295, 565.7267, 1598.354, 126.531, 1308.112, 1702.252
81, 1.777082, 49.40919, 385.6328, 631.7415, 153.1698, 537.1339, 170.3216, 3221.446, 1979.667, 843.4193, 650.0723, 1518.491, 120.9252, 1526.475, 1619.604
81.09999999999999, 1.675668, 47.00932, 389.4862, 598.9163, 173.7793, 506.4807, 161.0356, 3404.462, 1834.436, 778.8898, 726.2244, 1538.999, 115.5678, 1596.597, 1540.969
81.2, 1.580041, 44.726, 416.5648, 567.7967, 164.5276, 477.5769, 152.2559, 3872.887, 1699.859, 719.2974, 676.9891, 1524.285, 110.4477, 1539.901, 1466.151
81.3, 1.489871, 42.55359, 395.7035, 658.9884, 178.425, 450.3225, 143.9548, 3873.936, 1575.155, 664.2643, 666.9109, 1448.123, 105.5545, 1567.297, 1602.296
81.40000000000001, 1.404847, 129.2505, 375.8868, 624.7474, 168.926, 424.6235, 136.1064, 3792.36, 1663.161, 613.4419, 621.6968, 1474.992, 100.878, 1474.128, 1524.501
81.5, 1.324675, 122.9726, 362.5062, 592.2856, 159.9327, 400.3911, 128.6858, 3616.906, 1647.278, 672.8163, 637.2414, 1401.293, 96.40879, 1516.403, 1473.335
81.59999999999999, 1.249079, 116.9996, 344.3521, 571.9135, 151.4183, 377.5416, 121.6698, 3544.944, 1541.836, 621.3395, 728.0375, 1506.805, 92.13754, 1426.26, 1586.907
81.7, 1.177796, 111.3168, 327.1071, 542.197, 143.3571, 355.9961, 115.0363, 3483.28, 1570.428, 625.0487, 678.6793, 1431.517, 88.05553, 1394.583, 1509.859
81.8, 1.110582, 105.9099, 310.7258, 514.0245, 135.7251, 335.6801, 108.7645, 3313.932, 1841.505, 684.6105, 773.3079, 1456.359, 84.15436, 1582.601, 1520.651
81.90000000000001, 1.047203, 100.7657, 295.1648, 487.3158, 128.4993, 316.5235, 102.8346, 3409.419, 2424.512, 637.2542, 772.6411, 1383.591, 80.42603, 1556.152, 1590.31
82, 0.9874412, 95.87138, 280.3831, 480.1171, 121.6583, 378.4716, 97.22798, 3309.21, 2349.443, 588.4982, 720.2589, 1382.745, 76.86287, 1503.905, 1513.097
82.09999999999999, 0.9310899, 91.21477, 266.3417, 469.6658, 115.1815, 430.6602, 91.92707, 3229.75, 2346.015, 543.4726, 671.428, 1412.201, 73.45757, 1414.505, 1485.943
82.2, 0.8779544, 104.7854, 253.0034, 477.9343, 109.0495, 406.0833, 86.91517, 3168.211, 2173.908, 501.8918, 625.9077, 1341.64, 70.20314, 1614.662, 1643.202
82.3, 0.8278514, 99.69584, 240.3332, 514.1416, 103.2439, 382.9089, 82.17651, 3115.718, 2187.376, 463.4924, 583.4735, 1311.437, 67.0929, 1518.678, 1563.421
82.40000000000001, 0.7806075, 94.85346, 228.2974, 487.4269, 97.74743, 372.1851, 77.69621, 3236.708, 2026.907, 475.3764, 543.9162, 1381.698, 64.12045, 1488.645, 1562.916
82.5, 0.7360598, 90.24628, 216.8644, 534.7801, 92.54356, 350.9452, 73.46018, 3188.393, 1878.21, 540.8298, 664.2637, 1312.661, 61.27968, 1400.152, 1581.754
82.59999999999999, 0.6940544, 145.5771, 303.1405, 538.1476, 87.61674, 506.4196, 69.4551, 3272.749, 1828.786, 499.4512, 732.0579, 1340.837, 58.56478, 1349.89, 1549.577
82.7, 0.6544461, 138.5062, 287.9594, 510.1855, 82.95222, 477.5192, 65.66838, 3084.272, 1694.624, 461.2385, 772.6586, 1273.842, 55.97015, 1428.762, 1587.06
82.8, 0.6170982, 131.7788, 273.5385, 545.9374, 78.53602, 450.2682, 62.08811, 2906.649, 1604.562, 425.9494, 720.2752, 1333.233, 53.49047, 1343.829, 1591.271
82.90000000000001, 0.5818816, 163.7695, 259.8399, 592.2332, 74.35493, 424.5723, 58.70304, 2916.945, 1684.309, 424.8508, 671.4432, 1266.617, 51.12066, 1263.945, 1552.882
83, 0.5486748, 192.7874, 246.8272, 568.3922, 70.39643, 400.3428, 55.50253, 2864.128, 1560.746, 392.3457, 625.9219, 1203.33, 48.85583, 1188.809, 1523.006
83.09999999999999, 0.517363, 200.4552, 285.587, 663.5695, 66.64867, 377.496, 52.47651, 2699.184, 1495.881, 362.3276, 583.4867, 1143.205, 139.394, 1118.14, 1449.061
83.2, 0.4878381, 190.7188, 320.3651, 677.7127, 63.10044, 355.9531, 49.61546, 2615.761, 1473.104, 334.6061, 543.9285, 1225.767, 133.2184, 1051.672, 1565.868
83.3, 0.4599982, 181.4553, 304.3214, 702.1066, 59.74111, 335.6395, 46.91041, 2590.373, 1405.973, 327.4693, 507.0521, 1164.521, 127.3163, 1194.105, 1489.842
83.40000000000001, 0.4337471, 172.6417, 289.0812, 665.6252, 56.56062, 316.4853, 44.35283, 2441.194, 1302.828, 302.4148, 472.6759, 1129.452, 121.6757, 1123.121, 1504.79
83.5, 0.408994, 164.2563, 274.6042, 779.8417, 53.54945, 298.4241, 41.9347, 2440.614, 1207.251, 279.2773, 583.9322, 1073.018, 116.2851, 1056.357, 1431.729
83.59999999999999, 0.3856535, 156.2781, 260.8521, 739.3212, 50.6986, 281.3936, 39.6484, 2300.06, 1118.686, 257.9099, 544.3438, 1134.307, 111.1332, 993.5613, 1362.216
83.7, 0.363645, 148.6874, 266.8123, 700.9062, 47.99951, 265.3351, 37.48675, 2266.872, 1036.617, 238.1774, 507.4393, 1077.631, 106.2096, 1037.318, 1414.787
83.8, 0.3428926, 180.0728, 253.4505, 664.4872, 45.44412, 250.1929, 35.44296, 2136.323, 1106.489, 219.9546, 551.3037, 1108.039, 101.5042, 975.6544, 1346.097
83.90000000000001, 0.3233244, 171.3264, 240.7578, 629.9605, 43.02478, 235.9149, 33.51059, 2100.469, 1025.315, 210.9872, 513.9274, 1052.675, 97.00719, 917.6563, 1331.493
84, 0.3048729, 163.0048, 228.7008, 597.2278, 40.73423, 222.4517, 31.68358, 2064.307, 950.0966, 194.8447, 655.9846, 1000.078, 92.70943, 863.106, 1266.846
84.09999999999999, 0.2874744, 155.0874, 217.2476, 566.196, 38.56563, 209.7569, 29.95618, 1945.424, 880.3962, 179.9372, 611.5113, 1023.396, 88.60207, 811.7983, 1295.176
84.2, 0.2710688, 147.5546, 206.3679, 536.7765, 36.51248, 197.7865, 28.32296, 1956.355, 815.8091, 207.7765, 570.0531, 972.2619, 84.67669, 763.5407, 1354.402
84.3, 0.2555995, 140.3876, 196.0331, 508.8857, 34.56863, 186.4992, 26.77878, 1843.689, 755.9602, 221.5246, 565.0547, 1205.827, 80.92521, 839.9357, 1339.462
84.40000000000001, 0.2410129, 133.5688, 186.2159, 482.444, 32.72827, 175.856, 25.31879, 1737.511, 797.6849, 208.057, 786.4218, 1213.75, 77.33994, 790.0054, 1426.691
84.5, 0.2272588, 127.0811, 176.8903, 457.3763, 30.98589, 165.8203, 23.9384, 1819.909, 739.1656, 198.0742, 733.1053, 1153.104, 73.91351, 743.0433, 1357.422
84.59999999999999, 0.2142896, 120.9086, 168.0318, 433.6111, 29.33627, 156.3573, 22.63326, 1715.101, 684.9394, 182.9196, 857.0473, 1286.867, 70.63888, 1003.02, 1570.527
84.7, 77.38418, 115.0359, 159.6168, 411.0807, 27.77447, 147.4343, 21.39929, 1871.92, 634.6913, 168.9246, 839.3768, 1259.15, 67.50932, 1063.238, 1636.541
84.8, 108.2065, 109.4484, 151.6233, 389.721, 26.29581, 139.0205, 20.23259, 1946.753, 672.6595, 206.3159, 782.4702, 1359.889, 64.51842, 1111.638, 1557.083
84.90000000000001, 102.0313, 104.1323, 144.0301, 369.4712, 24.89588, 131.0869, 19.1295, 2519.517, 887.7899, 319.816, 729.4216, 1456.12, 61.66003, 1045.556, 1481.484
85, 96.20863, 99.07447, 136.8171, 350.2735, 23.57048, 123.606, 18.08655, 2565.884, 1388.377, 295.3471, 679.9695, 1383.364, 58.92827, 983.4026, 1409.555
85.09999999999999, 199.9903, 94.26228, 129.9654, 332.0733, 22.31564, 116.5521, 17.10047, 2832.224, 1926.876, 337.6967, 633.8701, 1314.244, 56.31754, 924.9439, 1341.118
85.2, 255.9213, 89.68382, 123.4568, 314.8188, 21.1276, 109.9007, 16.16814, 2796.414, 2038.702, 311.8597, 590.896, 1248.577, 53.82248, 1438.18, 1276.004
85.3, 241.3164, 85.32774, 117.2741, 298.4609, 20.00281, 103.6289, 15.28665, 2635.369, 1925.36, 287.9995, 614.8375, 1186.191, 51.43795, 1966.273, 1214.051
85.40000000000001, 227.545, 81.18324, 111.4011, 282.9529, 18.93791, 97.71497, 14.45321, 2483.598, 2074.015, 265.9648, 1047.712, 1126.923, 49.15907, 2519.962, 1155.106
85.5, 214.5594, 77.24004, 105.8222, 268.2507, 17.92969, 92.13857, 13.66522, 2340.569, 2231.638, 245.616, 1480.049, 1751.391, 46.98114, 2603.07, 1099.023
85.59999999999999, 202.315, 73.48838, 100.5227, 254.3124, 16.97515, 86.88041, 12.92019, 2205.776, 2101.587, 230.6363, 1379.707, 2011.126, 44.89971, 2826.241, 1304.715
85.7, 190.7692, 69.91894, 95.48856, 241.0984, 16.07143, 81.92232, 12.21577, 2347.714, 1947.411, 253.2489, 1286.168, 2203.27, 42.9105, 2658.234, 1370.913
85.8, 330.2302, 66.52287, 90.70654, 228.571, 15.21583, 77.24718, 11.54976, 2592.77, 1804.547, 233.873, 1198.971, 2265.229, 41.00941, 2500.215, 2616.295
85.90000000000001, 311.3846, 63.29175, 175.0836, 216.6944, 14.40577, 72.83884, 10.92006, 2443.453, 1672.162, 215.9795, 1244.577, 2194.531, 205.9562, 2528.453, 2865.08
86, 293.6145, 60.21757, 187.4692, 205.435, 13.63883, 68.68207, 10.3247, 2302.735, 1549.49, 199.455, 1345.246, 2084.88, 196.8316, 2705.35, 2725.975
86.09999999999999, 350.2025, 57.29271, 178.0808, 194.7607, 12.91273, 64.76252, 9.76179, 2170.121, 1578.627, 184.1948, 1283.073, 1980.708, 188.1113, 2785.532, 2593.623
86.2, 436.6855, 54.50992, 213.4712, 184.6409, 12.22529, 61.06665, 9.229573, 2045.144, 1514.022, 170.1022, 1287.678, 2012.802, 239.7294, 2705.612, 2467.697
86.3, 475.8801, 51.86229, 202.7807, 175.047, 11.57444, 57.5817, 8.726373, 2225.131, 1402.951, 157.0878, 1200.378, 1912.231, 229.1085, 2856.36, 2347.885
86.40000000000001, 448.7226, 49.34326, 829.8847, 165.9516, 10.95824, 54.29563, 389.5299, 2541.572, 1352.766, 145.0691, 1118.997, 1898.507, 218.9582, 2827.765, 2233.891
86.5, 423.1149, 46.94658, 788.3245, 157.3288, 10.37485, 51.19709, 368.2926, 2531.537, 1253.526, 133.9699, 1043.133, 1883.393, 209.2576, 2913.853, 2125.431
86.59999999999999, 398.9686, 44.66631, 792.1085, 149.154, 9.822512, 48.27538, 348.2131, 2724.926, 1407.851, 123.72, 972.4124, 1851.125, 199.9867, 2861.517, 2022.237
86.7, 422.6012, 42.4968, 752.4401, 141.404, 9.299582, 45.5204, 329.2284, 2567.998, 1304.569, 122.7321, 1038.177, 2020.009, 191.1266, 2882.117, 2196.767
86.8, 434.1813, 40.43267, 721.2585, 134.0566, 8.804493, 42.92264, 311.2787, 2420.107, 1208.864, 113.3419, 1139.177, 2033.349, 182.659, 2840.936, 2936.362
86.90000000000001, 493.6759, 38.46879, 685.1382, 127.0911, 8.335761, 40.47313, 294.3076, 2585.197, 1120.18, 112.2152, 1061.945, 2074.489, 174.5666, 2698.622, 2997.055
87, 553.0436, 36.6003, 655.1561, 120.4874, 7.891983, 38.16341, 278.2619, 2436.316, 1038.002, 103.6297, 989.9493, 1970.836, 166.8327, 2848.609, 2851.542
87.09999999999999, 521.4825, 34.82257, 622.3462, 114.2269, 7.471831, 35.9855, 263.0909, 2501.456, 961.853, 95.70102, 1023.62, 2089.926, 159.4414, 2679.273, 2713.094
87.2, 491.7225, 33.13118, 591.1794, 108.2917, 7.074047, 33.93188, 248.7471, 2447.164, 891.2902, 88.37899, 954.222, 1985.501, 152.3776, 2520.003, 2581.367
87.3, 463.6609, 31.52195, 561.5735, 102.6649, 6.69744, 31.99546, 235.1853, 2647.614, 825.9039, 81.61716, 955.6013, 1886.295, 145.6267, 2370.2, 2456.037
87.40000000000001, 447.1338, 73.54142, 622.9731, 97.33041, 6.340882, 30.16954, 222.3629, 3167.657, 765.3144, 75.37268, 941.0406, 1792.045, 139.1749, 2443.616, 2409.589
87.5, 421.6167, 69.9694, 591.7749, 92.27314, 6.003307, 28.44782, 210.2396, 3017.207, 709.1699, 69.60596, 877.2416, 1778.815, 133.009, 2376.439, 2739.649
87.59999999999999, 464.9348, 137.1692, 562.1392, 87.47864, 5.683704, 26.82436, 198.7772, 2942.892, 657.1442, 64.28046, 817.7679, 1847.956, 127.1162, 2406.688, 2865.289
87.7, 438.4019, 130.5067, 533.9875, 82.93326, 5.381116, 25.29355, 187.9398, 2844.767, 608.9352, 59.3624, 762.3262, 1816.65, 121.4845, 2396.316, 2966.036
87.8, 447.7243, 124.1678, 507.2457, 78.62405, 5.094637, 23.8501, 177.6932, 2905.461, 564.2628, 102.161, 710.6434, 1764.593, 116.1023, 2253.867, 2976.417
87.90000000000001, 422.1736, 118.1368, 612.4622, 235.3929, 4.82341, 22.48902, 271.4197, 3136.492, 522.8677, 144.8567, 662.4644, 1932.12, 110.9586, 2119.885, 2925.249
88, 398.081, 112.3987, 581.7904, 223.1619, 4.566622, 21.20562, 299.6295, 3676.806, 484.5094, 133.7738, 617.5518, 1835.58, 106.0427, 2121.726, 2871.282
88.09999999999999, 375.3633, 106.9393, 621.4276, 298.4884, 4.323504, 19.99546, 972.9307, 4299.515, 448.9651, 123.5389, 575.684, 1902.837, 101.3447, 2123.01, 2953.561
88.2, 353.942, 101.7451, 590.3068, 282.979, 4.09333, 18.85436, 919.886, 4288.149, 416.0284, 145.2316, 536.6548, 1888.037, 96.85473, 2015.181, 2827.416
88.3, 333.7433, 96.80318, 585.1474, 301.8274, 3.87541, 17.77838, 869.7335, 4412.06, 385.508, 134.12, 624.6265, 1793.701, 92.56372, 2130.822, 2743.731
88.40000000000001, 314.6972, 92.1013, 578.4604, 286.1444, 3.669092, 16.7638, 822.3152, 4341.79, 357.2266, 123.8585, 582.2792, 1794.051, 88.46282, 2004.154, 2920.587
88.5, 359.3316, 104.9803, 559.6782, 271.2764, 3.473757, 15.80712, 777.4822, 4310.54, 331.02, 114.3822, 569.9701, 1949.255, 84.54361, 1885.017, 2872.291
88.59999999999999, 342.869, 198.8488, 545.8985, 257.1809, 3.288822, 14.90504, 735.0936, 4155.507, 306.7359, 135.6671, 531.3282, 1954.021, 80.79803, 1957.932, 2927.632
88.7, 323.3021, 257.9163, 518.5602, 243.8178, 3.113732, 14.05444, 695.0159, 3916.192, 284.2333, 125.2873, 495.3062, 1922.67, 77.21839, 1929.926, 2785.49
88.8, 379.929, 245.3889, 492.591, 231.1491, 2.947963, 13.25238, 657.1234, 3924.069, 263.3816, 115.7017, 554.4722, 1826.603, 73.79734, 1867.178, 2787.868
88.90000000000001, 358.2473, 233.47, 467.9223, 219.1386, 2.79102, 12.4961, 621.2967, 3698.083, 244.0596, 106.8494, 516.881, 1888.582, 70.52785, 1856.392, 2652.511
89, 374.0347, 294.6469, 444.489, 207.7522, 2.642432, 11.78297, 587.4233, 3592.956, 226.155, 98.67442, 481.8384, 1794.218, 67.40322, 1746.038, 2596.473
89.09999999999999, 373.5917, 323.2552, 479.4948, 196.9574, 2.501755, 11.11054, 555.3968, 3706.003, 209.5639, 91.12489, 449.1716, 1801.49, 64.41702, 1642.244, 2641.825
89.2, 352.2715, 307.5543, 455.4819, 186.7235, 2.368567, 10.47648, 525.1163, 3492.575, 194.19, 84.15298, 418.7194, 1711.478, 106.1653, 1590.615, 2629.758
89.3, 332.1681, 292.6159, 432.6716, 177.0214, 2.242469, 9.878611, 496.4868, 3427.87, 179.944, 101.1368, 525.9037, 1726.332, 101.4618, 1530.395, 2559.784
89.40000000000001, 340.1779, 278.4031, 411.0036, 167.8234, 2.123085, 9.314858, 469.4181, 3355.05, 166.7431, 100.9081, 490.2494, 1640.074, 96.96669, 1546.403, 2546.765
89.5, 349.367, 264.8806, 474.3435, 225.6422, 2.010056, 8.783278, 443.8252, 3161.833, 154.5106, 93.18765, 457.0123, 1558.127, 92.67072, 1454.476, 2423.114
89.59999999999999, 329.4293, 252.015, 476.6626, 213.9179, 1.903045, 8.282035, 419.6277, 3081.31, 143.1754, 86.05792, 426.0286, 1555.873, 88.56508, 1368.015, 2361.453
89.7, 310.6295, 393.336, 452.7916, 202.8027, 1.801731, 7.809396, 396.7494, 3058.376, 132.6719, 79.47368, 397.1454, 1590.805, 84.64133, 1429.064, 2382.794
89.8, 292.9025, 374.2311, 461.2017, 192.2652, 1.705811, 7.363729, 375.1184, 2954.842, 122.9389, 73.3932, 370.2205, 1511.32, 134.0512, 1421.153, 2446.619
89.90000000000001, 276.1871, 356.0541, 438.1049, 214.6806, 1.614997, 6.943496, 354.6668, 3023.824, 113.9199, 67.77792, 345.1209, 1523.772, 128.1123, 1336.672, 2327.831
90, 260.4257, 338.76, 416.1649, 203.5258, 1.529018, 6.547245, 335.3302, 2849.683, 105.5626, 62.59227, 321.723, 1469.146, 122.4364, 1257.213, 2437.874
90.09999999999999, 338.0323, 322.3059, 402.4702, 192.9506, 1.447617, 6.173607, 317.0479, 2685.571, 97.81839, 57.80338, 299.9113, 1395.739, 117.0121, 1284.35, 2319.51
90.2, 318.7415, 306.651, 382.3147, 182.9249, 1.370549, 5.821291, 299.7623, 2664.878, 90.6423, 53.38087, 279.5785, 1537.624, 111.828, 1208.001, 2304.593
90.3, 300.5515, 291.7565, 382.6354, 173.4202, 1.297584, 5.489082, 283.4191, 2511.408, 83.99265, 49.29673, 260.6241, 1460.796, 106.8736, 1394.333, 2381.05
90.40000000000001, 283.3997, 277.5855, 363.4732, 164.4093, 1.228503, 5.175831, 267.967, 2366.777, 77.83083, 45.52507, 242.9547, 1387.806, 102.1388, 1311.446, 2265.445
90.5, 287.4218, 264.1027, 345.2707, 155.8666, 1.1631, 4.880456, 253.3573, 2230.475, 72.12106, 42.04197, 226.4833, 1346.328, 97.61366, 1353.378, 2217.093
90.59999999999999, 271.0193, 251.2749, 327.9797, 147.7678, 1.101179, 4.601939, 239.5442, 2250.067, 66.83015, 38.82537, 211.1286, 1297.911, 93.28903, 1272.926, 2259.909
90.7, 255.5527, 377.4226, 311.5546, 140.0898, 1.042555, 4.339315, 226.4841, 2120.486, 61.9274, 35.85486, 196.8148, 1368.724, 89.156, 1197.256, 2180.4
90.8, 240.9689, 359.0906, 295.9521, 173.8044, 0.9870514, 4.09168, 214.1361, 1998.368, 57.38432, 33.11163, 183.4715, 1300.335, 85.20607, 1263.78, 2168.091
90.90000000000001, 251.3868, 341.649, 281.131, 226.2551, 0.9345028, 3.858176, 202.4613, 1958.597, 510.4169, 30.57828, 171.0328, 1275.221, 81.43114, 1188.654, 2327.616
91, 309.0338, 334.9144, 267.0521, 304.2964, 0.8847519, 3.637997, 191.423, 2127.357, 1040.586, 100.6906, 446.6343, 1280.706, 77.82345, 1324.56, 2559.303
91.09999999999999, 324.5333, 318.6471, 253.6783, 288.4852, 0.8376496, 3.430384, 180.9866, 2156.229, 1133.51, 92.98684, 416.3542, 1401.196, 74.3756, 1245.821, 2690.227
91.2, 306.0128, 303.17, 240.9742, 273.4955, 0.793055, 3.234619, 171.1191, 2032.052, 1196.053, 130.3325, 388.1269, 1331.185, 71.08049, 1171.763, 2722.63
91.3, 288.5493, 288.4445, 228.9064, 259.2848, 0.7508345, 3.050026, 161.7896, 1981.292, 1108.308, 129.6879, 361.8133, 1444.655, 67.93137, 1227.094, 2668.494
91.40000000000001, 272.0824, 366.0434, 249.247, 245.8124, 0.7108616, 2.875967, 152.9688, 1930.418, 1045.864, 119.7656, 337.2837, 1506.747, 64.92178, 1190.237, 2958.089
91.5, 333.6945, 402.0527, 236.7649, 266.8355, 0.6730168, 2.711841, 144.6289, 1925.885, 969.1379, 110.6024, 314.4171, 1431.461, 62.04551, 1196.376, 2942.757
91.59999999999999, 314.6512, 382.5244, 224.9078, 252.9708, 0.6371869, 2.557082, 136.7437, 1814.974, 1040.04, 102.1403, 293.1008, 1439.735, 59.29668, 1125.257, 2994.772
91.7, 296.6947, 363.9446, 213.6446, 239.8265, 0.6032645, 2.411155, 129.2883, 1839.673, 963.7409, 94.32558, 273.2297, 1417.611, 56.66962, 1141.736, 2894.145
91.8, 279.7629, 346.2672, 202.9454, 227.3651, 0.5711479, 2.273555, 122.2395, 1733.727, 893.0396, 87.10879, 254.7057, 1469.46, 54.15896, 1107.741, 2753.628
91.90000000000001, 263.7974, 446.3058, 224.6385, 215.5513, 0.5407412, 2.143808, 115.5749, 1851.278, 925.3464, 80.44415, 237.4376, 1396.038, 51.75953, 1041.891, 2819.632
92, 339.2609, 424.628, 233.9052, 204.3512, 0.5119533, 2.021465, 109.2737, 1744.663, 857.4617, 74.28941, 221.3402, 1375.041, 49.4664, 1090.533, 2682.733
92.09999999999999, 362.0276, 404.0032, 222.1913, 193.7332, 0.484698, 1.906104, 103.3161, 1644.188, 794.5571, 68.60558, 206.3342, 1306.336, 47.27486, 1149.265, 2713.44
92.2, 341.3674, 384.3802, 211.0641, 296.6258, 0.4588937, 1.797326, 97.68324, 1549.5, 736.2673, 63.3566, 192.3455, 1241.064, 45.18042, 1080.946, 2725.962
92.3, 321.8862, 365.7102, 200.4941, 318.6245, 0.4344632, 1.694757, 92.35751, 1460.265, 682.2537, 58.50922, 179.3052, 1442.607, 43.17876, 1016.689, 2774.922
92.40000000000001, 303.5168, 415.9236, 190.4535, 382.3296, 0.4113333, 1.59804, 87.32214, 1376.168, 632.2026, 54.03272, 167.149, 1370.526, 41.26579, 1053.922, 2640.194
92.5, 286.1957, 395.7215, 180.9157, 419.7832, 0.3894348, 1.506843, 82.5613, 1296.915, 585.8233, 49.89871, 155.8169, 1339.722, 39.43757, 991.2716, 2632.236
92.59999999999999, 269.8631, 376.5007, 173.7868, 428.2659, 0.3687021, 1.420851, 78.06003, 1222.226, 542.8465, 46.08099, 145.2531, 1475.211, 37.69035, 1010.425, 2531.704
92.7, 254.4626, 358.2135, 165.0836, 406.0132, 0.3490732, 1.339766, 73.80416, 1343.111, 503.0225, 42.55536, 135.4054, 1452.811, 36.02053, 950.3599, 2478.143
92.8, 272.2982, 434.0277, 156.8163, 384.9168, 0.3304893, 1.263308, 69.78033, 1265.761, 466.1201, 39.29947, 126.2255, 1380.22, 34.4247, 893.8654, 2565.319
92.90000000000001, 277.1006, 412.9464, 148.9631, 364.9166, 0.3128948, 1.191213, 65.97588, 1274.993, 431.9249, 36.29269, 117.6678, 1311.257, 32.89956, 840.7293, 2620.365
93, 365.7164, 392.8889, 141.5031, 569.5687, 0.2962369, 1.123233, 62.37884, 1520.435, 400.2383, 36.9356, 109.6904, 1318.906, 31.442, 937.2332, 2493.141
93.09999999999999, 344.8457, 373.8057, 134.4167, 581.799, 0.2804659, 1.059133, 58.97792, 1888.524, 370.8762, 318.6164, 102.2538, 1334.273, 30.049, 998.1721, 2372.094
93.2, 325.166, 355.6494, 127.6852, 709.6937, 0.2655345, 0.9986901, 55.76242, 2180.333, 343.6682, 373.3822, 206.7984, 1496.309, 28.71773, 1032.039, 2578.079
93.3, 331.7426, 338.3749, 121.2908, 672.8181, 0.251398, 0.9416969, 52.72223, 2595.537, 471.7738, 741.0533, 235.0857, 1508.908, 27.44543, 970.689, 2452.908
93.40000000000001, 353.686, 378.3128, 115.2166, 637.8585, 0.2380141, 0.8879561, 49.84779, 2547.31, 437.1638, 1450.859, 219.1477, 1525.004, 26.2295, 912.986, 2621.54
93.5, 333.5019, 359.9376, 109.4466, 604.7155, 0.2253427, 0.8372822, 47.13007, 2458.372, 405.0929, 1672.408, 204.2903, 1560.5, 25.06744, 858.7133, 2723.284
93.59999999999999, 314.4696, 342.4549, 159.4227, 573.2945, 0.213346, 0.7895002, 44.56052, 2316.795, 375.3747, 1638.88, 316.1261, 1482.528, 23.95686, 1048.453, 2591.063
93.7, 296.5234, 325.8213, 151.4389, 573.5497, 0.2019879, 0.744445, 42.13106, 2183.371, 347.8367, 1536.461, 294.6939, 1449.723, 22.89549, 986.1276, 2702.917
93.8, 279.6014, 309.9957, 158.3635, 543.7481, 0.1912345, 0.701961, 39.83405, 2383.885, 322.3189, 1455.133, 274.7148, 1377.287, 21.88114, 927.507, 2660.046
93.90000000000001, 292.3728, 294.9387, 541.5571, 515.4951, 0.1810535, 0.6619015, 37.66228, 2246.598, 298.6731, 1423.439, 377.8629, 1457.654, 20.91173, 872.371, 2530.895
94, 276.6499, 280.6131, 919.0245, 488.71, 0.1714146, 0.6241282, 35.60892, 2117.217, 276.7621, 1413.471, 352.2452, 1384.822, 54.88243, 820.5126, 2408.015
94.09999999999999, 279.3562, 266.9833, 1106.469, 463.3167, 0.1622889, 0.5885104, 33.66751, 1995.287, 256.4584, 1305.328, 328.3643, 1523.85, 52.45095, 771.737, 2386.238
94.2, 263.4139, 254.0155, 1051.058, 439.2428, 0.153649, 0.5549253, 31.83194, 2116.689, 237.6443, 1244.475, 306.1024, 1531.052, 77.77309, 725.8608, 2270.381
94.3, 248.3814, 241.6776, 998.4212, 416.4198, 0.145469, 0.5232568, 30.09645, 1994.789, 220.2103, 1210.281, 285.3498, 1454.552, 74.32746, 682.7118, 2391.906
94.40000000000001, 234.2068, 229.9389, 1080.195, 394.7827, 0.1377246, 0.4933956, 28.45558, 1879.91, 204.0554, 1273.851, 298.3143, 1381.875, 71.03449, 642.1277, 2358.353
94.5, 338.4475, 218.7704, 1026.1, 374.2698, 0.1303924, 0.4652385, 26.90417, 2174.503, 189.0856, 1212.997, 278.0897, 1312.828, 67.88741, 603.9562, 2342.148
94.59999999999999, 319.133, 268.7055, 985.7874, 354.8228, 0.1234506, 0.4386882, 25.43734, 2245.006, 175.214, 1120.191, 482.7165, 1421.821, 95.85754, 568.0539, 2448.369
94.7, 300.9207, 275.0732, 936.4197, 480.8476, 0.1168783, 0.4136532, 24.05049, 2202.138, 162.3601, 1034.486, 483.878, 1448.32, 91.61072, 534.2858, 2451.484
94.8, 332.23, 261.7124, 889.5243, 455.8628, 0.110656, 83.13529, 22.73924, 2075.318, 150.4491, 955.338, 517.2548, 1491.365, 198.8874, 502.525, 2361.542
94.90000000000001, 313.2703, 288.8637, 908.3271, 432.1762, 0.1047649, 396.3018, 21.49949, 2066.678, 139.412, 882.2456, 500.8037, 1438.296, 283.6103, 472.6522, 2246.884
95, 295.3926, 278.2209, 862.8386, 409.7204, 0.09918745, 378.2005, 20.32733, 1947.658, 194.7816, 814.7455, 517.5397, 1392.504, 271.0453, 444.5552, 2304.838
95.09999999999999, 278.5352, 303.049, 819.6281, 388.4314, 0.09390692, 661.0649, 19.21907, 1917.064, 1214.914, 752.4098, 641.236, 1322.927, 259.0371, 418.1285, 2237.092
95.2, 262.6397, 288.3294, 808.2156, 368.2486, 0.08890752, 623.3392, 18.17124, 1978.15, 2088.788, 753.2427, 597.7626, 1256.826, 378.6137, 393.2727, 2274.233
95.3, 247.6514, 314.0144, 802.3465, 349.1144, 0.08417428, 587.7665, 17.18054, 1884.217, 2135.27, 713.4764, 557.2365, 1298.101, 609.1373, 369.8945, 2194.337
95.40000000000001, 233.5184, 298.7622, 804.4655, 330.9745, 0.07969302, 554.2239, 16.24385, 1934.756, 1999.05, 658.8887, 519.4579, 1233.24, 582.1503, 347.906, 2214.801
95.5, 220.192, 284.2509, 764.1783, 381.8091, 0.07545033, 522.5955, 15.35823, 1870.005, 1963.371, 608.4775, 484.2406, 1195.93, 556.359, 327.2246, 2218.087
95.59999999999999, 207.6261, 270.4444, 725.9086, 361.9704, 0.07143351, 492.772, 14.52089, 1802.006, 1997.053, 907.8481, 451.4109, 1302.182, 531.7103, 307.7726, 2285.942
95.7, 195.7773, 257.3085, 720.3787, 343.1625, 0.06763054, 464.6505, 13.7292, 1740.977, 1850.546, 1619.323, 420.8069, 1237.117, 508.1537, 289.477, 2391.041
95.8, 184.6046, 279.412, 684.3026, 325.3318, 0.06403004, 438.1338, 12.98068, 1721.182, 1849.747, 1590.4, 392.2778, 1325.753, 485.6407, 272.269, 2315.318
95.90000000000001, 174.0696, 265.8406, 650.033, 308.4276, 0.06062121, 413.1304, 12.27297, 1880.556, 1714.047, 1484.836, 365.6828, 1259.511, 464.1251, 256.0838, 2265.649
96, 164.1358, 252.9283, 617.4797, 292.4017, 0.05739387, 389.5539, 11.60384, 1986.135, 1639.464, 1371.232, 340.8909, 1196.579, 443.5627, 240.8608, 2155.647
96.09999999999999, 154.7689, 240.6432, 586.5567, 277.2086, 0.05433834, 367.3228, 10.9712, 2107.642, 1546.866, 1290.994, 317.7798, 1181.112, 423.9113, 226.5428, 2050.986
96.2, 145.9366, 228.9548, 557.1823, 350.3514, 0.05144549, 346.3604, 10.37304, 2430.086, 1433.386, 1318.286, 296.2355, 1261.047, 405.1306, 213.0759, 1951.406
96.3, 137.6083, 217.8341, 529.2789, 332.1472, 0.04870664, 326.5944, 9.807499, 2886.728, 1459.238, 1217.425, 276.1518, 1198.039, 387.1818, 200.4095, 1914.94
96.40000000000001, 129.7552, 207.2536, 502.7729, 314.8889, 0.0461136, 307.9563, 9.27279, 3369.935, 1836.714, 1241.952, 257.4297, 1252.088, 370.0283, 188.4961, 1821.965
96.5, 131.1606, 197.187, 477.5943, 298.5273, 0.04365861, 290.3818, 8.767234, 3553.299, 2645.272, 1238.447, 239.9769, 1265.957, 353.6347, 177.2909, 1733.505
96.59999999999999, 123.6755, 187.6093, 453.6766, 283.0158, 0.04133432, 273.8103, 8.289241, 3510.875, 2993.7, 1143.694, 223.7074, 1202.703, 337.9675, 166.7518, 1649.34
96.7, 165.874, 178.4968, 430.9567, 268.3104, 0.03913377, 258.1845, 7.837308, 3308.685, 3017.411, 1341.413, 624.3102, 1275.696, 322.9943, 1009.517, 2594.436
96.8, 350.7858, 196.672, 524.5876, 254.369, 0.03705037, 243.4505, 7.410015, 3393.122, 3294.755, 1307.441, 904.5933, 1445.087, 308.6845, 1884.046, 2994.775
96.90000000000001, 496.8931, 200.5953, 564.2249, 241.152, 0.03507789, 229.5572, 7.006018, 3287.862, 3115.118, 1207.41, 843.2653, 1372.882, 295.0087, 1937.716, 3048.262
97, 559.8408, 190.852, 535.9688, 228.6218, 0.03321042, 306.2741, 6.624047, 3098.514, 2998.957, 1115.031, 929.7369, 1304.286, 281.9388, 1941.615, 3071.829
97.09999999999999, 527.8918, 181.5821, 509.1277, 216.7426, 0.03144237, 288.7956, 6.262901, 3574.268, 2778.949, 1056.255, 978.1948, 1392.286, 269.4479, 1955.147, 3397.754
97.2, 506.9012, 172.7623, 499.1169, 205.4807, 0.02976844, 272.3146, 5.921445, 3910.663, 2670.919, 1006.299, 969.5021, 1322.719, 257.5104, 2163.313, 3545.233
97.3, 477.9734, 164.371, 502.1775, 194.8039, 0.02818364, 530.6008, 5.598605, 4211.372, 2693.55, 1210.823, 903.7734, 1256.629, 246.1018, 2034.714, 3702.069
97.40000000000001, 450.6964, 281.2324, 477.0287, 225.3647, 0.0266832, 500.3204, 5.293367, 4128.561, 2547.618, 1118.183, 842.501, 1351.595, 235.1986, 1913.76, 3596.389
97.5, 424.9761, 267.5725, 453.1393, 372.6874, 0.02526264, 471.7682, 5.00477, 4161.875, 2360.721, 1047.502, 785.3825, 1474.363, 224.7785, 1799.996, 3977.156
97.59999999999999, 400.7235, 254.5761, 430.4464, 353.3226, 0.02391771, 508.8966, 4.731908, 3922.194, 2284.194, 967.3582, 787.835, 1400.696, 214.82, 1787.806, 3784.056
97.7, 497.3304, 242.211, 424.8758, 334.964, 0.02264439, 520.9588, 4.473922, 4223.46, 2216.616, 1014.192, 734.4227, 1446.532, 205.3027, 1903.167, 3600.333
97.8, 468.9488, 230.4464, 403.5982, 317.5593, 0.02143885, 534.8787, 4.230002, 4143.283, 2170.337, 965.501, 684.6315, 1374.255, 196.2071, 1882.548, 3638.182
97.90000000000001, 442.1868, 219.2533, 383.3862, 384.45, 0.02029749, 504.3543, 3.99938, 4079.329, 2011.118, 891.6311, 724.9901, 1326.314, 187.5144, 1857.462, 3775.172
98, 416.9521, 208.6038, 486.6588, 364.4741, 0.01921689, 475.5718, 3.781332, 4004.621, 1863.579, 831.6402, 675.8385, 1420.75, 179.2068, 1747.045, 3707.833
98.09999999999999, 408.468, 198.4716, 462.2872, 345.536, 0.01819383, 448.4319, 3.575173, 3905.887, 1752.819, 895.4357, 630.0192, 1403.291, 171.2673, 1643.191, 3748.489
98.2, 432.7764, 223.1692, 466.2177, 327.582, 0.01722523, 422.8408, 3.380253, 3979.054, 1624.23, 1128.664, 587.3062, 1439.721, 163.6796, 1820.349, 3715.123
98.3, 408.0787, 212.3295, 442.8698, 310.5609, 0.01630819, 398.7101, 3.19596, 4177.12, 1505.074, 1464.052, 547.489, 1549.21, 156.428, 1915.095, 3626.295
98.40000000000001, 384.7905, 202.0163, 420.6911, 294.4242, 0.01543998, 375.9565, 3.021715, 4004.701, 1609.637, 1612.223, 510.3713, 1471.803, 202.4361, 2222.449, 3602.446
98.5, 392.2983, 192.2041, 399.6231, 279.1259, 0.01461799, 354.5015, 2.85697, 4385, 1491.552, 1610.834, 523.2856, 1567.241, 232.9623, 2090.334, 3665.223
98.59999999999999, 409.6654, 182.8685, 443.6733, 264.6226, 0.01383976, 421.6871, 2.701206, 4523.471, 1430.841, 1623.798, 487.8088, 1503.758, 222.6412, 2096.933, 3552.783
98.7, 386.2866, 303.5131, 459.1246, 250.8728, 0.01310296, 1016.693, 2.553936, 4262.965, 1325.872, 1499.562, 494.7283, 1669.691, 212.7774, 2043.466, 3533.463
98.8, 367.3985, 447.9018, 649.517, 237.8375, 0.01240539, 1182.024, 2.414694, 4237.038, 1228.605, 1497.775, 461.1876, 1586.264, 203.3506, 2029.154, 3527.742
98.90000000000001, 346.4318, 426.1465, 616.9895, 225.4795, 0.01174495, 1245.681, 2.283044, 3993.028, 1230.072, 1383.182, 503.2743, 1507.005, 194.3415, 1908.53, 3356.463
99, 326.6616, 405.4479, 586.091, 213.7636, 0.01111967, 1370.652, 2.158571, 3763.071, 1139.832, 1277.355, 469.1542, 1537.346, 185.7315, 1877.106, 3226.411
99.09999999999999, 308.0197, 421.0461, 585.2608, 202.6565, 0.01052769, 1292.432, 2.040885, 3646.571, 1145.991, 1179.625, 437.3473, 1460.532, 177.5029, 1803.182, 3112.399
99.2, 290.4416, 400.5952, 555.9512, 192.1265, 0.009967213, 1313.61, 1.929615, 3553.649, 1088.562, 1169.149, 407.6968, 1411.329, 169.6389, 1730.067, 3060.512
99.3, 273.8667, 381.1377, 528.1095, 182.1436, 0.00943658, 1238.645, 1.824411, 3348.995, 1008.703, 1167.593, 380.0565, 1540.856, 162.1233, 1688.973, 3042.837
99.40000000000001, 258.2377, 392.2848, 501.662, 172.6795, 0.008934197, 1167.958, 1.724944, 3495.598, 971.2103, 1078.261, 354.29, 1463.867, 154.9406, 1588.572, 2895.101
99.5, 243.5006, 373.2309, 476.5391, 163.7071, 0.008458559, 1101.305, 1.630899, 3496.331, 1474.698, 1281.969, 330.2705, 1470.773, 148.0762, 1494.139, 3309.989
99.59999999999999, 229.6045, 355.1025, 452.6743, 155.2009, 0.008008244, 1159.185, 1.541982, 3294.978, 2441.13, 1504.765, 402.6133, 1551.05, 141.5159, 1669.166, 3256.9
99.7, 216.5014, 343.5864, 430.0046, 147.1367, 0.007581902, 1151.946, 1.457912, 3374.945, 2970.52, 1795.474, 375.3176, 1583.292, 135.2463, 1589.078, 3098.771
99.8, 204.1461, 457.0318, 408.4702, 139.4915, 0.007178258, 1168.114, 1.378426, 3293.771, 3006.988, 1806.784, 397.9151, 1596.58, 129.2544, 1819.565, 3057.939
99.90000000000001, 230.2854, 434.8331, 388.0142, 132.2435, 0.006796103, 1101.452, 1.303274, 3168.881, 2837.128, 1771.092, 370.9379, 1574.062, 123.528, 1819.029, 3041.807
100, 217.1435, 435.6418, 368.5827, 125.3721, 0.006434293, 1161.385, 1.232219, 2986.386, 2827.572, 1635.587, 400.2144, 1550.376, 118.0552, 1766.91, 2894.121
100.1, 204.7516, 546.9896, 435.0776, 118.8578, 0.006091745, 1137.667, 1.165038, 3007.944, 2652.739, 1659.416, 373.0813, 1535.325, 112.825, 1816.885, 2968.155
100.2, 215.537, 595.0112, 413.2891, 112.682, 0.005767433, 1072.743, 1.101519, 2962.173, 2553.986, 1574.795, 387.6289, 1537.851, 107.8264, 1840.725, 2824.045
100.3, 231.7317, 611.63, 392.5918, 106.827, 0.005460388, 1054.235, 1.041464, 2944.29, 2366.622, 1537.119, 408.154, 1582.351, 103.0493, 1946.834, 2867.135
100.4, 218.5072, 581.9222, 372.931, 101.2763, 0.005169688, 994.0724, 0.9846829, 3056.82, 2193.003, 1463.186, 392.3133, 1541.577, 98.48388, 2552.531, 2782.908
100.5, 283.3506, 553.6573, 402.3039, 96.01402, 0.004894465, 937.3427, 0.9309976, 2976.956, 2345.871, 1457.184, 500.9002, 1464.551, 94.1207, 2665.175, 2785.885
100.6, 322.5186, 526.7654, 382.1567, 91.02515, 0.004633894, 1001.048, 0.8802392, 2805.514, 2173.774, 1345.696, 466.9411, 1511.733, 89.95082, 2506.743, 2650.625
100.7, 304.1131, 501.1796, 363.0185, 86.29549, 0.004387196, 943.9199, 0.8322482, 2904.689, 2112.421, 1310.2, 518.8511, 1436.198, 85.96568, 2715.394, 2629.34
100.8, 286.758, 476.8365, 344.8387, 81.81159, 0.004153631, 890.0522, 0.7868737, 2794.69, 2061.824, 1317.964, 483.6749, 1439.995, 82.1571, 2651.156, 2740.533
100.9, 270.3932, 453.6759, 329.926, 77.56067, 0.0039325, 839.2587, 0.743973, 2927.686, 1910.566, 1818.853, 669.7642, 1368.045, 78.51725, 2768.874, 2710.743
101, 350.5009, 431.6401, 380.8957, 73.53062, 0.003723142, 791.3639, 0.7034113, 2936.18, 2013.587, 2329.12, 624.3566, 1429.2, 75.03866, 2962.583, 2919.271
101.1, 330.4985, 410.6747, 361.8207, 69.70998, 0.00352493, 746.2023, 0.665061, 3055.283, 2132.834, 2448.93, 648.9769, 1508.816, 108.3642, 3300.918, 2956.679
101.2, 311.6376, 390.7276, 343.9919, 66.08786, 0.003337271, 703.618, 0.6288016, 3080.871, 1995.045, 2343.278, 604.9787, 1433.427, 103.5633, 3104.694, 3076.989
101.3, 382.626, 371.7494, 326.7649, 62.65394, 0.003159601, 769.8066, 0.5945191, 2903.445, 2050.352, 2163.995, 722.4161, 1361.806, 98.97507, 3481.671, 2927.594
101.4, 360.7903, 353.6929, 388.7803, 59.39845, 0.002991391, 780.7002, 0.5621057, 2736.236, 1899.936, 1998.429, 673.439, 1293.762, 94.59012, 3464.512, 2785.454
101.5, 340.2007, 336.5135, 385.7877, 56.31212, 0.002832136, 736.1472, 0.5314594, 2578.657, 1857.214, 1863.157, 627.7823, 1381.283, 90.39944, 3258.563, 2731.148
101.6, 320.7861, 320.1685, 370.3984, 53.38615, 0.002681359, 694.1368, 0.502484, 2430.153, 1907.501, 1720.608, 585.2209, 1312.266, 86.39443, 3064.857, 2598.545
101.7, 302.4795, 304.6175, 351.8491, 152.423, 0.002538609, 654.5238, 0.4750884, 2756.802, 1767.564, 1588.965, 545.5452, 1290.83, 82.56686, 2882.665, 2836.433
101.8, 285.2176, 289.8217, 334.2287, 185.5126, 0.002403459, 617.1714, 299.9197, 3090.425, 1637.893, 1726.232, 508.5592, 1363.631, 78.90885, 2711.304, 2845.419
101.9, 268.9408, 275.7446, 317.4907, 175.8734, 0.002275504, 581.9507, 283.568, 2912.448, 1561.351, 1594.159, 474.0808, 1295.497, 75.41291, 2550.13, 2707.268
102, 253.5929, 332.9186, 301.5909, 166.735, 0.002154361, 624.3195, 268.1077, 2744.72, 1475.821, 1556.996, 441.9399, 1312.251, 72.07185, 2680.684, 2683.979
102.1, 265.4389, 418.2829, 286.4874, 158.0715, 0.002039667, 588.6909, 322.7216, 2586.653, 1377.751, 1437.871, 411.978, 1246.683, 68.87881, 2564.273, 2613.622
102.2, 250.2908, 397.9663, 294.0559, 149.8581, 0.00193108, 1000.837, 305.1266, 2437.688, 1304.6, 1432.471, 384.0474, 1237.11, 65.82724, 2411.839, 2648.186
102.3, 236.0072, 467.1526, 279.3298, 142.0715, 0.001828273, 1592.29, 288.491, 2297.302, 1253.002, 1322.873, 526.1447, 1267.173, 62.91086, 2446.658, 2519.611
102.4, 254.0555, 444.4623, 265.3411, 134.6895, 0.00173094, 1567.448, 272.7624, 2239.044, 1299.863, 1221.661, 559.2696, 1219.573, 60.12369, 2388.578, 2575.847
102.5, 348.6958, 422.8741, 252.0529, 127.6911, 0.001638788, 1554.847, 257.8912, 2296.819, 1204.503, 1375.542, 557.6862, 1158.637, 57.46, 2357.329, 2585.794
102.6, 328.7964, 461.8488, 239.4303, 121.0563, 0.001551543, 1490.207, 243.8309, 2164.546, 1116.139, 1398.684, 519.8771, 1194.96, 54.91431, 2288.064, 2669.411
102.7, 310.0327, 500.4524, 243.5964, 207.6609, 0.001468942, 1599.112, 230.5371, 2137.426, 1034.257, 1291.672, 550.4998, 1135.253, 52.48141, 2199.382, 2647.653
102.8, 292.3398, 566.6529, 231.3972, 196.8709, 0.001390739, 1666.902, 297.7971, 2073.036, 1136.357, 1194.026, 513.178, 1176.159, 50.1563, 2068.639, 2628.601
102.9, 275.6565, 539.1297, 219.809, 186.6415, 0.001316699, 1640.831, 281.561, 1953.65, 1052.992, 1102.672, 584.8172, 1136.002, 47.9342, 2003.256, 2674.955
103, 273.0256, 512.9434, 208.8011, 176.9436, 0.001246601, 1547.192, 266.2102, 1841.14, 1042.668, 1053.303, 590.8417, 1186.844, 45.81055, 2050.978, 2683.679
103.1, 257.4446, 504.369, 229.4268, 167.7497, 0.001180234, 1615.011, 251.6963, 1937.265, 966.1768, 1060.026, 661.2086, 1173.201, 43.78098, 1970.925, 2651.226
103.2, 242.7528, 492.8511, 243.1208, 159.0334, 0.001117401, 1556.375, 237.9737, 1953.081, 1005.983, 978.9245, 616.3811, 1114.582, 41.84133, 1944.067, 2522.503
103.3, 228.8994, 468.9126, 442.03, 150.7701, 0.001057913, 1467.556, 224.9993, 1861.379, 932.1829, 943.9357, 617.4846, 1093.392, 39.98761, 1828.501, 2436.217
103.4, 215.8365, 521.8384, 707.5129, 142.9361, 0.001001592, 1876.679, 212.7322, 1799.455, 863.7967, 871.7158, 575.6215, 1038.76, 38.21602, 1794.839, 2317.933
103.5, 203.5192, 601.6877, 807.105, 135.5091, 0.0009482693, 2220.137, 360.9653, 1695.825, 800.4274, 805.0213, 560.4398, 986.8582, 155.7441, 1730.597, 2377.114
103.6, 191.9048, 572.4628, 901.5343, 128.4681, 44.59762, 2093.439, 341.2853, 1598.163, 741.7069, 882.9764, 650.7937, 1058.962, 174.4247, 1627.721, 2261.7
103.7, 180.9531, 544.6573, 856.3859, 121.7929, 42.22334, 1973.97, 322.6783, 1616.572, 687.2943, 815.4204, 606.6723, 1006.051, 166.6971, 1654.704, 2281.684
103.8, 170.6265, 518.2025, 813.4986, 115.4646, 39.97546, 2045.791, 305.0857, 1581.114, 636.8734, 777.6624, 565.5422, 1080.844, 159.3118, 1556.34, 2170.904
103.9, 160.8892, 493.0326, 772.759, 109.465, 37.84725, 2022.33, 288.4523, 1490.058, 750.3424, 757.0928, 725.94, 1026.839, 152.2537, 1463.823, 2295.675
104, 151.7076, 469.0853, 804.6498, 103.7772, 35.83234, 1906.92, 272.7258, 1547.738, 695.2963, 699.168, 676.7239, 1121.598, 145.5083, 1640.397, 2349.75
104.1, 143.0499, 489.5224, 764.3533, 98.38499, 33.92471, 2019.319, 257.8566, 1458.604, 764.591, 645.6751, 630.8445, 1065.557, 139.0618, 1631.436, 2235.665
104.2, 134.8864, 465.7455, 726.075, 93.27293, 32.11863, 1964.585, 243.7982, 1374.603, 708.4995, 596.2749, 588.0756, 1137.238, 132.9009, 1551.851, 2280.86
104.3, 127.1887, 443.1235, 735.6449, 88.42648, 30.4087, 1852.47, 230.5062, 1295.44, 656.523, 550.6542, 548.2063, 1080.415, 127.0129, 1505.653, 2206.606
104.4, 119.9303, 461.9349, 698.8042, 83.83185, 28.7898, 1762.9, 217.9389, 1220.836, 608.3596, 553.1959, 511.0399, 1115.046, 121.3858, 1465.296, 2157.668
104.5, 113.0861, 439.498, 699.1212, 79.47596, 27.2571, 1723.504, 206.0568, 1150.529, 563.7294, 564.808, 476.3933, 1059.332, 116.0079, 1534.701, 2118.402
104.6, 106.6325, 479.221, 664.1096, 75.3464, 25.80599, 1625.147, 194.8225, 1084.27, 522.3735, 521.5948, 444.0956, 1006.402, 110.8684, 1443.47, 2095.55
104.7, 100.5472, 455.9445, 678.6817, 71.43141, 24.43213, 1532.403, 184.2007, 1021.827, 484.0514, 481.6879, 413.9876, 1104.115, 105.9565, 1440.12, 1993.807
104.8, 94.80916, 433.7986, 674.0887, 67.71984, 23.13142, 1459.116, 174.158, 962.9802, 448.5407, 444.8343, 385.9208, 1048.947, 177.128, 1398.071, 2177.446
104.9, 89.39859, 412.7283, 640.3307, 64.20113, 21.89995, 1513.39, 164.6628, 1082.111, 415.6352, 410.8003, 359.7568, 996.5361, 169.2806, 1363.698, 2187.966
105, 84.29679, 410.5506, 713.6487, 60.86524, 20.73405, 1427.024, 155.6853, 1019.793, 385.1436, 379.3702, 335.3666, 946.7437, 161.7809, 1360.708, 2081.735
105.1, 79.48615, 390.6096, 677.9095, 57.70269, 19.63021, 1345.587, 147.1973, 961.0629, 356.8889, 350.3448, 312.63, 899.4391, 204.9288, 1364.948, 1980.663
105.2, 74.95003, 371.6371, 643.9602, 54.70446, 18.58514, 1340.688, 139.172, 1213.682, 330.7071, 856.4108, 291.4348, 854.4982, 195.8497, 1546.061, 2177.429
105.3, 70.67278, 353.5861, 611.711, 51.86203, 17.59571, 1322.329, 131.5843, 1143.786, 306.4459, 981.9532, 271.6766, 811.8028, 187.1729, 1454.155, 2071.711
105.4, 66.63963, 336.4119, 581.0768, 49.16728, 16.65895, 1310.086, 124.4103, 1077.916, 283.9646, 933.7412, 253.258, 829.3359, 178.8805, 1367.713, 1997.874
105.5, 62.83664, 320.0718, 551.9768, 46.61256, 15.77206, 1325.932, 117.6274, 1015.839, 263.1326, 862.3012, 236.088, 951.9804, 170.9555, 1286.408, 2068.622
105.6, 59.25068, 331.957, 524.3341, 44.19057, 14.93239, 1250.263, 111.2143, 957.3372, 243.8288, 873.9756, 220.0821, 986.4545, 163.3815, 1403.214, 1968.186
105.7, 55.86936, 315.8333, 577.6875, 41.89444, 14.13742, 1178.913, 105.1508, 902.2044, 225.9412, 807.1083, 205.1614, 937.1658, 156.1432, 1319.799, 1966.876
105.8, 52.68101, 397.643, 548.7572, 39.71761, 13.38478, 1135.307, 99.41796, 850.2466, 209.3658, 745.4502, 191.2522, 890.3398, 149.2255, 1241.343, 2046.057
105.9, 49.67461, 378.3289, 521.2758, 37.65389, 12.6722, 1137.722, 93.99765, 801.2811, 194.0065, 891.9609, 178.286, 845.8536, 142.6142, 1167.551, 2102.335
106, 46.83978, 359.9529, 495.1705, 35.6974, 11.99756, 1144.089, 88.87286, 755.1356, 179.7739, 823.7175, 166.1989, 803.5901, 136.2959, 1098.146, 2000.262
106.1, 44.16673, 358.8506, 470.3727, 33.84257, 11.35883, 1078.798, 84.02747, 711.6475, 166.5854, 765.3981, 154.9312, 763.4383, 130.2575, 1032.866, 1903.145
106.2, 41.64622, 341.4207, 454.9972, 32.08411, 10.75411, 1017.233, 79.44626, 670.6638, 154.3645, 706.838, 328.2496, 725.2927, 124.4867, 1600.193, 1810.743
106.3, 39.26955, 324.8373, 496.5294, 30.41702, 10.18159, 1138.658, 518.7698, 632.0405, 143.0401, 652.7582, 305.9955, 689.0531, 118.9715, 1505.069, 1722.828
106.4, 93.54473, 309.0595, 494.9343, 28.83656, 9.639542, 1073.677, 872.9876, 595.6414, 132.5465, 602.816, 285.2502, 654.6242, 113.7006, 1415.599, 1639.181
106.5, 134.1295, 294.048, 488.0375, 160.2773, 9.126353, 1042.762, 893.1912, 561.3386, 122.8227, 556.6949, 265.9113, 621.9156, 108.6633, 1331.449, 1559.595
106.6, 139.1275, 279.7657, 641.9913, 200.6767, 8.640486, 1025.019, 1060.454, 529.0112, 113.8122, 514.1025, 247.8835, 590.8412, 103.8491, 1252.3, 1483.874
106.7, 142.9578, 337.303, 609.8407, 193.1657, 8.180485, 1112.769, 1049.334, 498.5456, 105.4628, 474.7689, 231.0779, 561.3196, 132.8332, 1177.857, 1411.828
106.8, 134.7995, 320.9197, 612.3201, 195.3337, 7.744973, 1049.266, 992.124, 469.8345, 97.7259, 452.6226, 215.4117, 533.2729, 126.9482, 1107.839, 1343.281
106.9, 131.1695, 305.3322, 581.6555, 185.1842, 7.332647, 989.3862, 1008.187, 442.7768, 90.55659, 417.9927, 200.8075, 506.6277, 121.324, 1041.983, 1468.173
107, 123.6839, 290.5017, 664.4481, 175.562, 6.942273, 932.9239, 1044.881, 417.2774, 83.91323, 386.0123, 187.1935, 481.3138, 115.9489, 980.042, 1499.892
107.1, 116.6255, 334.0724, 986.9531, 166.4398, 6.572681, 1130.384, 987.9136, 393.2465, 77.75724, 356.4787, 174.5025, 537.4626, 179.3684, 921.7831, 1427.069
107.2, 109.97, 323.6656, 1522.228, 157.7916, 6.222766, 1065.875, 934.0522, 1090.714, 72.05286, 329.2047, 252.1254, 776.5797, 171.4218, 866.9874, 1357.782
107.3, 149.9626, 372.23, 1660.377, 257.2638, 5.891479, 1049.541, 969.5432, 1027.9, 66.76697, 304.0175, 342.2879, 737.7775, 163.8272, 815.449, 1491.359
107.4, 179.4597, 391.3057, 1577.226, 243.8964, 5.577829, 1198.885, 961.2536, 968.7035, 61.86885, 280.7573, 319.0821, 700.9141, 156.5691, 766.9744, 1545.331
107.5, 169.2183, 417.2225, 1503.777, 231.2236, 5.280878, 1729.303, 908.8456, 912.9161, 57.33007, 259.2767, 297.4495, 665.8926, 149.6325, 721.3814, 1470.302
107.6, 159.5613, 448.532, 1562.754, 434.306, 4.999735, 1630.615, 895.4859, 860.3414, 53.12425, 239.4396, 277.2835, 632.6209, 143.0033, 678.4987, 1738.602
107.7, 162.017, 426.7461, 1484.492, 688.7708, 4.73356, 1695.911, 846.6636, 810.7946, 49.22698, 221.1202, 258.4847, 601.0117, 136.6677, 638.1651, 1791.499
107.8, 152.771, 440.448, 1410.149, 696.1285, 4.481555, 2129.864, 846.8043, 764.1011, 45.61562, 204.2024, 240.9604, 570.9819, 130.6128, 600.2292, 1704.518
107.9, 144.0526, 419.0548, 1363.27, 659.9578, 4.242967, 2535.699, 868.1163, 720.0967, 42.2692, 188.579, 301.9631, 542.4525, 161.7561, 564.5483, 1621.76
108, 135.8318, 398.7007, 1314.962, 625.6664, 4.01708, 2427.074, 854.1428, 678.6265, 39.16827, 174.1509, 281.4911, 515.3486, 154.5898, 530.9886, 1658.888
108.1, 128.0802, 379.3352, 1315.911, 593.1569, 3.80322, 2288.566, 857.8251, 639.5445, 36.29483, 160.8268, 262.407, 489.5989, 147.7409, 499.4238, 1621.71
108.2, 120.7709, 360.9103, 1293.667, 562.3365, 3.600744, 2301.807, 811.0562, 602.7133, 33.63219, 148.522, 266.0085, 465.1359, 402.0608, 469.7354, 1542.973
108.3, 113.8788, 343.3803, 1285.219, 533.1176, 3.409048, 2302.411, 807.4174, 568.0031, 31.16489, 137.1587, 408.708, 441.8951, 444.5856, 441.8118, 1560.382
108.4, 107.3799, 326.7018, 1319.488, 505.4169, 3.227558, 2317.973, 786.9261, 535.2919, 28.87859, 126.6647, 427.9987, 419.8156, 579.0032, 415.5482, 1484.622
108.5, 101.252, 310.8334, 1253.408, 506.9583, 3.05573, 2242.185, 955.1663, 504.4646, 26.76001, 116.9737, 398.982, 398.8393, 553.3513, 390.8458, 1412.541
108.6, 95.47372, 333.3034, 1402.588, 523.1455, 2.893049, 2174.725, 934.6496, 475.4126, 24.79686, 108.0241, 463.071, 378.9111, 604.5181, 367.6118, 1343.959
108.7, 90.02523, 432.7133, 1458.283, 495.9629, 2.739029, 2050.617, 1000.669, 448.0337, 22.97773, 99.75924, 431.6765, 359.9786, 577.7358, 345.759, 1278.707
108.8, 84.88767, 479.6428, 1536.96, 470.1927, 2.593209, 2081.024, 994.0509, 422.2315, 21.29205, 92.12672, 402.4105, 341.9921, 730.8157, 325.2053, 1345.991
108.9, 80.0433, 468.4956, 1459.99, 445.7616, 2.455152, 1962.264, 1144.281, 397.9153, 19.73004, 85.07816, 375.1285, 324.9043, 741.8275, 305.8733, 1470.036
109, 75.4754, 445.74, 1459.965, 486.6834, 2.324445, 1902.796, 1149.655, 374.9995, 18.28261, 78.56888, 349.6962, 308.6703, 783.0861, 287.6906, 1398.663
109.1, 71.16817, 424.0898, 1449.913, 461.3954, 2.200697, 1922.149, 1086.976, 353.4033, 16.94137, 72.55762, 325.9881, 293.2474, 748.3926, 270.5887, 1330.755
109.2, 67.10674, 403.4911, 1377.302, 437.4213, 2.083536, 1860.79, 1027.713, 333.0509, 15.69853, 67.00628, 303.8873, 278.5952, 897.0549, 254.5035, 1266.144
109.3, 63.2771, 412.6055, 1369.969, 414.693, 1.972613, 1795.45, 971.6819, 313.8706, 14.54686, 61.87967, 351.8177, 264.675, 961.3937, 239.3744, 1265.96
109.4, 59.666, 392.5646, 1301.361, 393.1456, 1.867596, 1708.426, 1057.61, 295.7948, 13.47969, 57.14529, 327.9658, 251.4504, 961.3607, 225.1447, 1204.495
109.5, 56.26098, 373.4971, 1295.056, 372.7178, 1.768169, 2162.31, 999.9487, 278.7601, 12.4908, 52.77314, 354.1732, 238.8866, 962.9094, 211.7609, 1146.014
109.6, 53.05028, 472.1806, 1242.353, 353.3514, 1.674035, 3073.033, 1035.022, 262.7063, 11.57445, 48.73549, 463.7308, 226.9505, 920.2491, 199.1727, 1202.287
109.7, 50.02281, 449.2461, 1269.831, 334.9913, 1.584913, 2987.902, 1052.038, 247.5771, 10.72534, 45.00677, 858.7631, 215.6108, 879.4789, 187.3329, 1172.162
109.8, 47.16811, 427.4255, 1294.601, 317.5852, 1.500536, 3022.136, 1023.811, 233.3192, 9.938511, 41.56332, 1083.818, 204.8377, 840.5148, 176.1968, 1194.108
109.9, 44.47632, 406.6648, 1274.527, 301.0835, 1.420651, 3060.578, 967.9927, 219.8824, 9.209408, 38.38334, 1486.562, 194.6029, 803.277, 165.7227, 1181.821
110, 41.93814, 386.9125, 1210.699, 285.4393, 1.345018, 3024.815, 915.2173, 207.2195, 8.533792, 35.44665, 1385.779, 184.8795, 767.689, 155.8713, 1227.733
110.1, 39.54482, 368.1195, 1158.705, 270.6079, 1.273412, 2852.195, 909.36, 195.2857, 7.907742, 32.73465, 1461.724, 175.6419, 733.6777, 146.6055, 1168.124
110.2, 37.28807, 350.2394, 1144.387, 256.5471, 1.205619, 2889.296, 950.6627, 184.0393, 7.327619, 30.23014, 1397.203, 166.8658, 701.1732, 137.8904, 1111.409
110.3, 35.16012, 333.2278, 1170.77, 243.217, 1.141434, 2772.312, 1177.854, 173.4405, 6.790054, 27.91725, 1439.836, 158.5283, 670.1087, 129.6935, 1057.448
110.4, 33.1536, 317.0424, 1112.138, 230.5794, 1.080667, 2614.102, 1187.544, 163.4521, 6.291926, 25.78132, 1342.221, 150.6073, 1066.452, 121.9838, 1006.106
110.5, 31.26159, 301.6431, 1208.994, 218.5986, 1.023134, 2627.953, 1122.799, 154.0389, 5.830342, 23.8088, 1251.223, 143.0822, 1019.205, 114.7325, 957.2576
110.6, 29.47756, 286.9919, 1160.61, 207.2402, 0.9686648, 2517.646, 1061.583, 145.1679, 5.40262, 21.98721, 1238.445, 135.933, 978.3315, 107.9122, 910.7808
110.7, 27.79533, 273.0522, 1185.113, 196.472, 0.9170951, 2373.969, 1091.114, 136.8077, 5.006276, 20.30498, 1154.483, 129.141, 934.988, 101.4973, 866.5604
110.8, 26.20911, 259.7896, 1125.763, 304.8653, 0.8682709, 2421.676, 1089.726, 128.929, 4.639009, 18.75146, 1095.042, 122.6884, 1254.469, 95.46375, 927.4277
110.9, 24.71341, 247.1713, 1187.834, 289.0246, 0.822046, 2356.606, 1072.973, 121.504, 4.298685, 17.31679, 1020.802, 116.5583, 1250.7, 89.78887, 882.3992
111, 23.30306, 235.1658, 1128.348, 274.0069, 0.778282, 2280.007, 1106.201, 114.5066, 403.5854, 15.99189, 1100.119, 110.7344, 1195.29, 84.45134, 839.5568
111.1, 21.9732, 223.7434, 1071.841, 278.8798, 0.736848, 2262.675, 1198.75, 107.9122, 1447.651, 14.76836, 1025.535, 105.2015, 1142.334, 79.4311, 1005.341
111.2, 20.71924, 212.8759, 1018.164, 264.3892, 0.6976198, 2204.75, 1600.034, 101.6975, 1719.909, 13.63844, 956.0079, 99.94501, 1091.725, 74.70929, 956.5298
111.3, 19.53683, 202.5361, 1140.362, 250.6516, 0.66048, 2137.425, 1548.174, 95.84081, 1689.346, 12.59497, 891.1942, 94.95121, 1243.157, 70.26817, 910.0883
111.4, 18.4219, 192.6987, 1165.625, 346.3752, 0.6253175, 2162.913, 1463.767, 90.32136, 1565.413, 11.63134, 830.7745, 90.20692, 1188.081, 66.09106, 865.9016
111.5, 17.3706, 183.339, 1107.251, 328.3776, 0.5920269, 2124.921, 1420.281, 85.11977, 1450.572, 10.74143, 950.4993, 85.69969, 1135.444, 62.16225, 823.8603
111.6, 16.3793, 174.4339, 1051.8, 525.627, 0.5605087, 2168.943, 1342.846, 80.21774, 1390.276, 9.919612, 985.0319, 81.41766, 1346.875, 58.467, 860.692
111.7, 15.44456, 165.9614, 1005.54, 498.3154, 0.5306684, 2045.166, 1400.004, 75.59802, 1341.323, 9.160668, 918.2504, 77.34959, 1427.882, 54.99141, 818.9036
111.8, 14.56317, 157.9004, 955.183, 472.423, 0.5024167, 2022.144, 1363.565, 71.24435, 1259.688, 8.459791, 855.9964, 73.48478, 1512.273, 51.72243, 779.1441
111.9, 13.73208, 150.2309, 907.3479, 447.876, 0.4756691, 1992.876, 1289.222, 67.1414, 1283.959, 7.812538, 1001.975, 69.81307, 1445.274, 48.64777, 741.315
112, 12.94842, 142.934, 916.3478, 450.3824, 0.4503455, 1963.707, 1392.417, 63.27475, 1189.766, 7.214805, 1119.68, 66.32483, 1381.243, 45.75589, 705.3226
112.1, 12.20948, 135.9915, 905.8632, 534.9335, 0.4263701, 1901.053, 1316.502, 59.63077, 1122.234, 6.662805, 1043.77, 63.01088, 1320.049, 43.03591, 671.0778
112.2, 11.51271, 129.3862, 860.498, 507.1384, 0.4036711, 1958.041, 1244.726, 56.19664, 1113.184, 6.153038, 1124.271, 59.86251, 1261.566, 40.47763, 765.2546
112.3, 10.8557, 123.1017, 943.5631, 480.7875, 0.3821805, 1846.3, 1385.198, 52.96029, 1031.519, 5.682272, 1048.05, 56.87145, 1205.674, 38.07142, 894.1724
112.4, 10.23619, 117.1224, 896.31, 455.8059, 0.361834, 2522.726, 1689.683, 49.91032, 1041.341, 5.247525, 1071.734, 54.02984, 1152.259, 35.80825, 850.7584
112.5, 9.652029, 335.8005, 851.4233, 432.1223, 0.3425708, 3695.559, 2602.386, 47.036, 964.9464, 4.84604, 1167.127, 51.33021, 1315.993, 33.67962, 809.4523
112.6, 9.101207, 381.8604, 808.7845, 409.6693, 0.324333, 4607.964, 2849.802, 44.3272, 894.1566, 4.475273, 1088, 48.76547, 1257.69, 31.67753, 770.1517
112.7, 8.58182, 363.3129, 768.281, 388.3829, 0.3070662, 4668.662, 2902.449, 41.77441, 828.56, 4.132872, 1154.416, 46.32888, 1201.97, 29.79445, 797.8439
112.8, 8.092072, 345.6662, 834.0644, 368.2025, 0.2907187, 4591.59, 2980.488, 39.36863, 767.7757, 3.816669, 1128.981, 44.01403, 1148.718, 28.0233, 839.04
112.9, 7.630274, 328.8767, 1022.12, 349.0708, 0.2752414, 4445.102, 2835.118, 37.1014, 743.4111, 3.524657, 1117.257, 41.81485, 1149.145, 26.35745, 798.3029
113, 7.19483, 312.9026, 1184.179, 330.9331, 0.2605882, 4355.211, 2909.821, 34.96474, 688.8734, 3.254988, 1169.269, 39.72555, 1098.233, 24.79062, 759.5436
113.1, 6.784235, 297.7045, 1124.876, 313.7379, 0.246715, 4277.1, 2811.953, 32.95113, 731.6927, 3.005951, 1089.997, 37.74065, 1406.106, 23.31694, 722.6661
113.2, 6.397073, 283.2445, 1125.801, 297.4361, 0.2335804, 4264.304, 2688.376, 31.05348, 678.0147, 2.775967, 1113.461, 35.85492, 1343.81, 21.93085, 687.5792
113.3, 6.032005, 269.4869, 1135.813, 462.1187, 0.2211451, 4107.384, 2704.306, 29.26512, 628.2746, 2.56358, 1037.973, 34.06341, 1308.213, 20.62717, 758.3635
113.4, 5.68777, 256.3975, 1091.854, 438.1071, 0.2093718, 4168.373, 2556.866, 27.57975, 582.1835, 2.367442, 967.602, 32.36141, 1303.431, 19.40098, 721.5434
113.5, 5.363181, 292.9973, 1068.649, 545.5698, 0.1982253, 3930.492, 2516.694, 25.99144, 539.4737, 2.18631, 902.0021, 30.74446, 1470.815, 18.24768, 721.5731
113.6, 5.057115, 278.766, 1015.132, 517.222, 0.1876722, 3836.566, 2379.483, 24.49459, 499.8972, 2.019037, 910.7084, 29.2083, 1405.653, 17.16294, 716.561
113.7, 4.768515, 265.2259, 964.2946, 508.564, 0.177681, 3757.858, 2287.2, 23.08396, 463.224, 1.864561, 931.3456, 27.74889, 1431.325, 16.14268, 716.8366
113.8, 4.496386, 252.3435, 916.0032, 534.5056, 0.1682216, 3744.974, 2490.167, 21.75456, 429.2412, 1.721905, 1084.366, 26.3624, 1698.891, 15.18308, 707.3531
113.9, 4.239786, 240.0867, 925.3311, 582.8978, 0.1592658, 3765.239, 2354.402, 20.50172, 397.7515, 1.590163, 1102.802, 25.04519, 1623.625, 14.28051, 695.5025
114, 3.99783, 228.4254, 987.8151, 552.6105, 0.1507869, 3770.198, 2226.039, 19.32103, 368.5719, 1.4685, 1028.037, 23.79379, 1551.692, 13.43161, 751.1924
114.1, 3.769681, 217.3304, 938.3459, 523.897, 0.1427593, 3664.096, 2226.91, 18.20833, 341.533, 1.356146, 958.3395, 22.60492, 1538.97, 12.63316, 714.7204
114.2, 3.554553, 206.7743, 891.354, 496.6754, 0.1351591, 3454.993, 2218.004, 17.15972, 316.4776, 1.252388, 893.3677, 21.47546, 1642.38, 11.88218, 680.0192
114.3, 3.351702, 196.731, 846.7155, 470.8682, 0.1279635, 3391.567, 2097.078, 16.1715, 293.2604, 1.156569, 832.8007, 20.40242, 1569.617, 11.17584, 647.0029
114.4, 3.160427, 187.1754, 804.3124, 446.4019, 0.121151, 3198.017, 1982.744, 15.24018, 271.7464, 1.06808, 776.3398, 19.38301, 1583.212, 10.51149, 615.5895
114.5, 2.980068, 178.084, 818.9067, 501.3213, 0.1147012, 3053.192, 1939.247, 14.3625, 251.8107, 0.9863622, 723.7069, 18.41453, 1667.744, 9.886627, 585.7014
114.6, 2.810001, 169.4342, 1002.468, 631.5444, 0.1085948, 2900.227, 2070.595, 13.53537, 233.3375, 0.9108962, 674.6423, 17.49443, 1593.857, 9.298913, 557.2643
114.7, 2.64964, 161.2046, 952.2647, 598.7295, 0.1028134, 2938.268, 2046.605, 12.75587, 216.2195, 0.8412041, 628.9041, 16.62032, 1536.8, 8.746136, 780.1016
114.8, 2.498431, 153.3746, 904.5758, 672.9791, 0.09733984, 2848.944, 1985.788, 12.02126, 200.3574, 0.7768441, 643.6354, 15.78987, 1468.714, 8.226219, 742.226
114.9, 2.35585, 145.925, 859.2751, 638.0112, 0.09215768, 2775.062, 1877.522, 11.32896, 185.6589, 0.7174082, 599.9993, 15.00092, 1403.645, 7.737209, 749.9249
115, 2.221407, 138.8372, 855.8847, 604.8602, 0.0872514, 2789.009, 1963.291, 10.67653, 172.0387, 0.6625197, 662.3335, 14.2514, 1341.458, 7.277268, 713.5145
115.1, 2.094635, 213.2274, 821.3649, 678.5243, 0.08260632, 2629.845, 2109.344, 10.06167, 159.4177, 0.6118307, 716.9938, 13.53932, 1282.027, 6.844668, 678.8718
115.2, 1.975099, 506.9659, 1002.821, 643.2682, 0.07820854, 2853.229, 2046.013, 9.482222, 404.5841, 0.5650199, 868.7769, 12.86282, 1225.229, 6.437785, 779.7296
115.3, 1.862384, 482.3417, 952.6007, 718.5618, 0.07404488, 4260.634, 2131.504, 8.936143, 469.0645, 0.5217906, 902.3282, 12.22012, 1170.947, 6.055089, 766.3969
115.4, 1.756101, 458.9137, 986.1624, 743.7115, 0.07010289, 4867.699, 2314.802, 8.421513, 434.6533, 0.4818687, 969.3368, 11.60954, 1119.07, 5.695142, 729.1867
115.5, 1.655884, 436.6235, 936.7759, 705.0684, 0.06637076, 5119.916, 2188.598, 7.93652, 402.7665, 0.4450012, 964.3923, 11.02946, 1069.491, 5.356592, 747.2637
115.6, 1.561386, 415.4161, 889.8627, 668.4332, 0.06283733, 5072.302, 2069.275, 7.479457, 373.219, 0.4109544, 899.0101, 10.47837, 1022.109, 5.038168, 710.9825
115.7, 1.472281, 395.2387, 845.2989, 633.7015, 0.059492, 4803.289, 1956.457, 7.048717, 345.8391, 0.3795125, 838.0606, 474.848, 976.8256, 4.738672, 775.0629
115.8, 1.388261, 376.0413, 802.9668, 802.1688, 0.05632477, 4696.292, 1849.791, 6.642783, 320.4679, 578.1563, 781.2432, 451.122, 944.592, 4.45698, 737.4319
115.9, 1.309036, 357.7764, 762.7546, 1144.76, 0.05332616, 4609.768, 1748.939, 6.260227, 296.9579, 1055.306, 936.4332, 457.7557, 954.9694, 4.192034, 701.6281
116, 1.234332, 340.3987, 724.5563, 1085.278, 0.05048719, 4629.018, 1706.04, 5.899702, 275.1727, 1040.971, 872.9465, 434.8837, 912.6608, 3.942837, 802.8845
116.1, 1.163891, 323.865, 688.2709, 1028.887, 0.04779936, 4364.849, 1675.893, 5.559939, 254.9856, 1011.436, 813.7639, 413.1545, 960.595, 3.708454, 763.9027
116.2, 1.09747, 308.1344, 653.8026, 975.4266, 0.04525463, 4115.755, 1584.523, 5.239743, 236.2795, 982.0478, 758.5938, 1176.152, 959.2576, 388.0345, 726.8137
116.3, 1.03484, 293.1678, 621.0605, 924.7435, 0.04284537, 4013.94, 1498.134, 4.937988, 722.3871, 987.5251, 707.1639, 1261.31, 997.978, 860.3777, 691.5253
116.4, 0.9757833, 278.9282, 589.9582, 876.694, 0.04056437, 3960.527, 1542.414, 455.4146, 1811.318, 1034.949, 659.2208, 1432.259, 956.9812, 1634.595, 657.9503
116.5, 0.9200973, 265.3802, 560.4134, 831.1411, 0.03840481, 3881.833, 1557.754, 631.4045, 2446.932, 999.4064, 614.528, 1410.131, 914.5836, 2062.088, 691.6448
116.6, 0.8675892, 252.4903, 532.3482, 787.9551, 0.03636022, 3776.14, 2308.907, 595.0421, 2689.366, 953.203, 572.8653, 1339.673, 1084.464, 2055.499, 658.064
116.7, 0.8180776, 240.2265, 505.6885, 747.0131, 0.03442448, 3630.649, 2288.09, 560.7738, 2492.07, 898.8358, 534.0272, 1272.736, 1036.418, 2038.486, 756.4996
116.8, 0.7713916, 228.5583, 480.3639, 708.1984, 0.0325918, 3627.348, 2273.702, 528.4789, 2409.744, 830.0664, 497.8221, 1645.191, 1064.535, 2005.556, 719.77
116.9, 0.7273698, 217.4569, 456.3075, 671.4005, 0.03085668, 3571.287, 2510.263, 498.044, 2365.356, 812.7605, 464.0716, 1726.979, 1017.372, 1962.661, 684.8236
117, 0.6858603, 206.8947, 433.4559, 636.5146, 0.02921394, 3676.667, 3053.107, 469.3617, 2191.831, 750.5767, 432.6093, 1770.577, 972.299, 1928.3, 707.4402
117.1, 0.6467196, 196.8455, 411.7487, 603.4413, 0.02765865, 3466.847, 3213.421, 442.3313, 2219.595, 693.1505, 403.28, 1812.594, 981.6578, 1813.672, 673.0925
117.2, 0.6098126, 187.2844, 391.1285, 572.0866, 0.02618616, 3346.846, 3125.506, 416.8575, 2056.763, 640.1179, 375.9391, 1722.027, 1082.164, 1809.601, 640.4125
117.3, 0.5750118, 178.1877, 371.541, 542.3611, 0.02479207, 3228.059, 3205.009, 392.8508, 2040.039, 711.668, 350.4518, 1675.472, 1034.22, 1765.697, 609.3191
117.4, 0.5421971, 169.5329, 352.9344, 514.1801, 0.02347219, 3297.253, 3076.686, 370.2266, 2555.244, 657.2188, 326.6925, 1794.556, 988.4006, 1734.667, 662.2092
117.5, 0.511255, 161.2984, 335.2597, 533.3127, 0.02222258, 3165.145, 2908.943, 348.9054, 2910.829, 625.6856, 304.5439, 1816.129, 944.611, 1768.296, 767.4709
117.6, 0.4820787, 153.4639, 318.4701, 726.4644, 0.0210395, 3052.622, 2855.793, 328.812, 2814.414, 577.8148, 283.897, 1725.385, 902.7614, 1663.179, 730.2086
117.7, 0.4545675, 146.0099, 302.5212, 688.7174, 0.0199194, 2986.27, 2845.768, 309.8758, 2743.245, 595.8956, 264.6498, 1747.323, 989.8101, 1643.597, 694.7554
117.8, 0.4286262, 138.918, 287.3711, 652.9318, 0.01885893, 3040.456, 2703.278, 292.0301, 2659.916, 550.304, 246.7076, 1660.017, 996.224, 1618.006, 661.0236
117.9, 0.4041654, 132.1705, 272.9797, 619.0055, 0.01785493, 2866.943, 2676.577, 275.2122, 2464.781, 508.2006, 229.9817, 1717.216, 952.0878, 1521.824, 628.9295
118, 0.3811005, 125.7508, 259.3091, 586.842, 0.01690437, 2703.333, 2781.945, 259.3628, 2355.515, 469.3185, 214.3898, 1699.94, 970.8407, 1483.423, 598.3937
118.1, 0.3593518, 119.6429, 246.323, 556.3498, 0.01600442, 2667.37, 3212.826, 244.4261, 2333.657, 433.4112, 199.855, 1615.001, 927.829, 1541.65, 569.3404
118.2, 0.3388444, 113.8317, 233.9873, 527.442, 0.01515237, 2609.522, 4274.98, 230.3497, 2162.457, 400.2511, 186.3055, 1534.307, 886.723, 1450.006, 541.6978
118.3, 0.3195072, 108.3027, 278.6006, 500.0361, 0.01434569, 2738.51, 4606.72, 426.4793, 2210.811, 369.6281, 173.6747, 1537.255, 901.0072, 1363.81, 515.3972
118.4, 0.3012736, 103.0423, 278.8961, 474.0543, 0.01358196, 2589.848, 4423.954, 498.8279, 2076.738, 341.3481, 161.9002, 1460.446, 901.2726, 1534.614, 490.3736
118.5, 0.2840805, 98.03735, 311.8293, 449.4225, 0.01285889, 2616.549, 4411.267, 470.1006, 1947.742, 315.2318, 150.924, 1387.474, 861.3431, 1443.388, 466.5649
118.6, 0.2678686, 93.27552, 296.2131, 426.0706, 0.01217431, 2584.224, 4180.847, 443.0276, 1977.243, 291.1136, 140.6919, 1318.148, 823.1826, 1423.315, 443.9122
118.7, 0.2525819, 88.74499, 292.5775, 403.932, 0.01152617, 2517.954, 4069.628, 417.5137, 1832.19, 268.8407, 131.1535, 1348.62, 786.7126, 1338.706, 546.0779
118.8, 0.2381675, 84.43451, 277.9254, 382.9438, 0.01091254, 2424.043, 3986.207, 393.4692, 1697.778, 248.2718, 122.2618, 1281.236, 795.5545, 1305.789, 519.5647
118.9, 0.2245758, 80.3334, 264.007, 363.0461, 0.01033158, 2411.332, 3897.445, 370.8094, 1641.234, 229.2767, 113.9729, 1272.047, 760.3087, 1228.166, 494.3387
119, 0.2117597, 76.43148, 374.5147, 511.0668, 0.009781552, 2400.894, 3984.545, 349.4546, 1547.8, 211.7349, 106.2459, 1208.489, 810.1118, 1155.157, 470.3376
119.1, 0.199675, 72.71909, 355.7592, 484.5118, 0.009260803, 2319.942, 3943.629, 329.3296, 1451.529, 195.5352, 99.04287, 1165.472, 774.2209, 1160.761, 447.5017
119.2, 0.1882799, 69.18701, 337.943, 523.5419, 0.008767777, 2192.695, 3740.578, 310.3636, 1547.304, 180.5749, 92.32813, 1213.649, 784.189, 1091.759, 425.7745
119.3, 0.1775352, 65.82649, 321.019, 578.4856, 0.008300999, 2200.283, 3746.917, 393.4805, 1433.792, 166.7592, 86.06863, 1153.008, 763.254, 1026.859, 588.1217
119.4, 0.1674036, 62.6292, 361.6413, 548.4276, 0.007859072, 2327.755, 3859.639, 743.6161, 1504.037, 154.0005, 80.23349, 1095.397, 729.4391, 965.817, 559.5671
119.5, 0.1578502, 59.5872, 721.6273, 693.1188, 0.007440672, 2315.367, 3751.734, 700.7914, 1393.699, 200.5569, 74.79396, 1088.672, 736.4097, 908.4037, 532.399
119.6, 0.148842, 56.69296, 1027.957, 761.7927, 59.81342, 2183.233, 3594.676, 660.433, 1291.455, 291.4909, 69.72321, 1164.184, 703.7842, 908.2681, 506.5499
119.7, 0.1403479, 53.9393, 976.4775, 774.9496, 56.62909, 2162.39, 3412.876, 622.3989, 1250.97, 941.7869, 64.99623, 1201.454, 672.6041, 1056.759, 863.7084
119.8, 0.1323385, 51.31939, 927.576, 734.6833, 53.61427, 2038.986, 4058.323, 586.5551, 1280.802, 1288.871, 60.58973, 1141.422, 642.8053, 1460.787, 821.7736
119.9, 0.1247862, 48.82673, 969.0949, 696.5092, 50.75996, 2086.575, 4134.862, 552.7755, 1186.84, 1190.26, 56.48197, 1084.391, 614.3267, 1373.95, 781.8748
120, 0.1176649, 46.45514, 1012.597, 699.2386, 48.05761, 2017.481, 4000.441, 520.9413, 1099.772, 1164.371, 52.6527, 1030.208, 733.14, 1292.276, 743.9131
120.1, 0.11095, 44.19874, 1013.838, 662.9063, 45.49913, 1906.422, 3782.335, 490.9404, 1100.921, 1075.285, 49.08305, 1040.988, 791.1085, 1215.456, 707.7946
120.2, 0.1046183, 42.05194, 963.0652, 686.2349, 43.07685, 1864.305, 3839.041, 462.6673, 1020.156, 993.0159, 45.7554, 988.9748, 756.0596, 1143.203, 673.4296
120.3, 0.09864798, 40.00941, 914.8354, 650.5782, 40.78354, 1975.995, 3723.086, 436.0224, 945.3159, 917.0408, 42.65335, 979.7103, 722.5635, 1075.245, 640.7332
120.4, 0.09301834, 38.06609, 1033.094, 616.7743, 38.61231, 1942.334, 3687.271, 410.912, 875.9662, 846.8786, 39.76161, 930.7585, 690.5514, 1011.326, 609.6243
120.5, 0.08770997, 36.21717, 981.3573, 633.2277, 36.55667, 1902.456, 3504.298, 387.2476, 845.285, 782.0844, 37.06592, 975.2661, 659.9575, 951.2078, 580.0258
120.6, 0.08270454, 34.45804, 943.0391, 600.3253, 34.61047, 1793.887, 3365.418, 364.9461, 803.7927, 772.8559, 34.55299, 1006.306, 630.7191, 894.6629, 551.8643
120.7, 0.07798476, 32.78436, 895.8122, 628.7895, 32.76789, 1691.514, 3379.798, 343.929, 744.8253, 713.7252, 32.21043, 956.0255, 602.776, 841.4794, 525.0701
120.8, 0.07353432, 31.19198, 850.9504, 689.471, 31.0234, 1657.608, 3243.026, 324.1222, 806.3987, 659.1185, 30.02668, 908.2572, 576.0709, 791.4573, 499.5769
120.9, 0.06933787, 29.67694, 818.81, 719.6611, 29.37178, 1563.011, 3234.097, 305.4561, 747.2402, 608.6897, 27.99098, 1120.283, 550.549, 744.4089, 475.3214
121, 0.06538089, 28.23548, 789.3898, 682.2676, 27.80809, 1507.161, 3057.773, 287.8649, 692.4216, 581.1425, 26.0933, 1064.308, 667.7512, 700.1572, 452.2435
121.1, 0.06164974, 96.02781, 749.8576, 646.8171, 50.7154, 1540.493, 2922.089, 271.2868, 641.6246, 610.7825, 24.32427, 1011.129, 653.3867, 658.5361, 430.2862
121.2, 0.05813151, 131.2298, 786.1926, 613.2086, 48.01542, 1556.914, 3013.89, 255.6635, 594.5541, 564.0519, 22.67517, 960.6074, 624.4394, 619.3892, 409.3949
121.3, 0.05481406, 166.106, 746.8204, 606.4404, 45.45918, 1498.049, 2849.571, 240.9399, 550.9368, 520.8966, 21.13788, 912.6102, 596.7745, 582.5695, 389.5179
121.4, 0.05168593, 158.038, 763.0429, 574.9299, 43.03903, 1523.599, 2694.211, 227.0642, 510.5193, 501.6392, 19.70481, 915.5813, 652.3834, 547.9384, 370.606
121.5, 0.04873632, 150.3619, 764.5074, 545.0566, 40.74773, 1618.979, 2793.384, 213.9876, 473.0669, 531.4669, 18.3689, 902.7133, 623.4805, 515.366, 352.6123
121.6, 0.04595504, 143.0586, 758.9907, 553.4814, 38.5784, 1657.483, 2667.891, 201.6641, 438.3621, 490.8046, 17.12355, 1002.245, 595.8582, 484.7299, 335.4922
121.7, 0.04333247, 165.8003, 912.2928, 635.8221, 36.52457, 1590.147, 2653.16, 190.0504, 406.2032, 454.0699, 15.96264, 952.1678, 630.2911, 455.915, 319.2034
121.8, 0.04085958, 269.4427, 866.6057, 602.7849, 34.58008, 1710.12, 2526.19, 179.1054, 376.4036, 419.3293, 14.88043, 904.5922, 602.367, 428.813, 303.7054
121.9, 0.0385278, 256.3555, 823.2065, 571.4643, 32.73911, 1972.211, 2552.874, 168.7908, 348.7901, 387.2466, 208.6215, 928.7734, 575.68, 403.3221, 288.9599
122, 0.0363291, 243.9039, 992.2133, 603.7021, 30.99615, 2050.289, 2517.872, 159.0701, 323.2024, 366.9568, 194.4778, 882.3668, 550.1754, 379.3464, 274.9303
122.1, 0.03425587, 232.0571, 1231.183, 729.6716, 29.34598, 2177.96, 2380.597, 149.9093, 299.4918, 428.0599, 181.2929, 838.2789, 525.8007, 356.7961, 261.5818
122.2, 15.50451, 220.7858, 1285.078, 691.7579, 27.78367, 2133.346, 2558.556, 141.2761, 277.5207, 416.1436, 282.2679, 796.3939, 806.1031, 335.5862, 248.8815
122.3, 56.0596, 210.0619, 1438.629, 655.8143, 26.30452, 2011.601, 2419.062, 133.14, 257.1613, 384.3047, 441.9626, 756.6016, 770.39, 315.6371, 236.7978
122.4, 104.8453, 199.8588, 1957.454, 621.7382, 24.90413, 1954.219, 2333.24, 125.4725, 238.2956, 354.9017, 411.9992, 718.7977, 755.1097, 296.874, 225.3007
122.5, 98.86199, 200.9315, 2095.62, 648.4221, 23.57829, 1842.695, 2311.349, 118.2466, 220.8139, 327.7484, 384.0672, 760.3498, 721.6556, 279.2262, 214.3619
122.6, 93.22014, 191.1719, 1990.672, 803.5334, 49.76418, 1800.842, 2318.193, 111.4368, 204.6147, 302.6726, 358.0288, 829.8297, 689.6837, 262.6275, 203.9542
122.7, 87.90025, 181.8864, 1947.245, 785.6424, 47.11484, 1802.492, 2191.804, 105.0192, 189.6039, 279.5153, 333.7558, 788.3668, 778.7306, 247.0155, 194.0518
122.8, 82.88396, 231.3434, 1896.688, 744.8205, 44.60654, 1705.978, 2072.306, 98.97115, 175.6943, 258.1297, 311.1284, 748.9757, 804.45, 232.3316, 184.6302
122.9, 78.15395, 232.9747, 2009.671, 809.3613, 233.315, 1621.029, 2209.758, 93.27142, 162.8051, 238.3804, 290.035, 711.5527, 768.8101, 218.5206, 175.666
123, 73.69386, 221.6588, 1997.898, 787.418, 220.8938, 1735.716, 2089.281, 87.89994, 150.8615, 300.1373, 270.3717, 675.9996, 852.1871, 205.5306, 167.137
123.1, 69.4883, 210.8925, 1940.267, 746.5039, 209.1339, 1681.132, 2208.985, 82.83781, 139.7941, 277.174, 252.0415, 642.223, 838.1381, 193.3127, 159.0222
123.2, 65.52274, 200.6491, 1897.374, 707.7156, 198.0001, 1604.583, 2642.297, 78.0672, 129.5386, 255.9676, 234.9541, 610.134, 854.129, 181.8212, 151.3013
123.3, 61.78349, 275.0629, 1854.473, 670.9428, 187.459, 1513.013, 2614.314, 73.57133, 120.0355, 236.3837, 219.025, 794.6966, 816.2881, 171.0128, 143.9553
123.4, 58.25763, 261.7027, 1904.067, 711.9531, 177.479, 1497.568, 2613.307, 69.33437, 111.2295, 218.2981, 204.1759, 754.9892, 780.1237, 160.8469, 136.966
123.5, 54.93298, 248.9914, 1848.073, 684.0273, 168.0304, 1412.105, 3502.711, 65.34142, 103.0695, 201.5962, 190.3336, 717.2658, 958.3165, 151.2853, 130.316
123.6, 70.8279, 236.8975, 1959.924, 648.4853, 159.0849, 1442.057, 3596.493, 61.57843, 95.50822, 186.1722, 177.4297, 681.4272, 929.676, 142.2921, 123.9889
123.7, 66.7859, 225.391, 2625.613, 614.7901, 150.6155, 1388.099, 3594.504, 58.03214, 88.5016, 171.9283, 165.4006, 647.3794, 996.9628, 133.8335, 117.969
123.8, 62.97456, 214.4434, 2602.703, 582.8457, 142.5971, 1391.889, 3621.977, 54.69008, 82.009, 158.7742, 154.187, 693.3347, 952.7938, 125.8777, 112.2413
123.9, 89.41097, 204.0276, 2630.51, 566.4431, 207.731, 1377.525, 3548.957, 51.54049, 75.99271, 146.6264, 143.7337, 685.1215, 972.6365, 118.3949, 106.7918
124, 120.0335, 449.0005, 2538.269, 537.0107, 196.6718, 2538.237, 3420.719, 48.57229, 70.41778, 135.4081, 133.9891, 650.889, 1223.072, 111.3568, 101.6068
124.1, 113.1834, 510.2569, 2604.048, 570.7902, 186.2015, 3551.037, 3234.22, 45.77502, 65.25183, 125.0481, 468.5485, 618.3671, 1168.886, 104.7372, 96.67359
124.2, 106.7243, 485.4729, 2476.652, 1823.669, 176.2885, 4979.747, 3381.231, 43.13885, 60.46487, 115.4808, 643.6242, 587.47, 1296.687, 98.51107, 91.97989
124.3, 109.3089, 893.3065, 2431.094, 1749.245, 166.9033, 6030.097, 3351.451, 40.65449, 56.02908, 106.6454, 653.1285, 667.4768, 1239.239, 92.65504, 87.51408
124.4, 103.0709, 878.171, 2428.965, 1803.22, 158.0177, 6346.732, 3232.375, 38.31321, 51.91871, 98.48604, 699.8778, 634.126, 1184.336, 87.14713, 83.26508
124.5, 97.18885, 894.5261, 2311.566, 1731.231, 190.0844, 6122.303, 3181.297, 36.10676, 48.10988, 90.95093, 671.4354, 602.4415, 1238.498, 81.96664, 79.22239
124.6, 91.64248, 851.0776, 2379.626, 1763.47, 179.9648, 6035.746, 3082.154, 34.02738, 44.58047, 83.99232, 664.708, 572.3402, 1470.781, 77.09411, 75.37598
124.7, 86.41263, 809.7395, 2260.456, 1671.84, 170.3838, 5880.423, 3042.508, 32.06775, 41.30999, 77.56612, 619.6432, 543.7429, 1557.582, 72.51122, 71.71632
124.8, 81.48123, 770.4092, 2255.037, 1584.971, 161.313, 5810.895, 2876.629, 30.22098, 38.27943, 71.63158, 617.2582, 516.5745, 1488.576, 68.20077, 68.23434
124.9, 76.83126, 732.9893, 2182.186, 1649.704, 152.725, 5623.937, 2944.304, 28.48056, 35.4712, 66.15109, 575.4103, 490.7636, 1480.565, 64.14655, 64.92142
125, 72.44666, 697.3868, 2248.755, 1586.691, 144.5943, 5585.446, 2833.578, 26.84037, 32.86898, 61.08991, 536.3997, 466.2424, 1744.337, 60.33334, 61.76935
125.1, 68.31227, 663.5137, 2144.99, 1504.247, 136.8964, 5520.957, 2763.646, 25.29464, 30.45767, 56.41596, 615.0455, 442.9464, 1696.893, 56.7468, 58.77032
125.2, 64.41383, 631.2858, 2037.57, 1426.086, 129.6083, 5425.631, 2782.588, 23.83793, 28.22325, 52.09961, 573.3477, 420.8143, 1621.715, 53.37347, 55.9169
125.3, 60.73786, 600.6233, 1935.529, 1351.987, 122.7082, 5273.787, 2697.234, 22.46511, 26.15275, 48.11349, 588.8522, 399.7881, 1646.794, 50.20067, 53.20201
125.4, 57.27167, 571.4501, 1953.55, 1385.356, 116.1755, 5118.152, 2695.545, 21.17135, 24.23415, 44.43236, 910.2745, 644.7214, 1647.82, 47.21647, 50.61895
125.5, 100.1398, 543.6938, 1924.963, 1434.104, 109.9906, 5067.754, 2634.375, 678.2449, 22.4563, 41.03286, 877.5596, 612.5076, 1629.667, 44.40968, 48.16129
125.6, 94.42503, 517.2858, 1959.868, 1383.341, 120.7001, 4956.402, 2490.748, 639.1849, 20.80887, 37.89346, 818.0643, 581.9033, 1557.467, 41.76973, 45.82296
125.7, 113.6555, 492.1605, 1904.523, 1550.839, 146.6098, 4758.977, 2441.153, 602.3745, 19.28231, 34.99426, 894.9294, 552.8282, 1725.451, 39.28672, 43.59816
125.8, 107.1694, 468.2555, 1846.536, 1470.257, 138.8047, 4693.242, 2563.122, 567.6838, 17.86773, 32.31686, 859.4109, 525.2059, 1649.008, 36.95131, 41.48137
125.9, 101.0535, 445.5116, 1821.238, 1393.863, 157.5885, 4679.469, 2423.38, 534.991, 16.55693, 29.84432, 801.1461, 498.9637, 1575.951, 34.75472, 39.46737
126, 202.3526, 423.8724, 1857.958, 1403.172, 149.1988, 4525.82, 2458.928, 504.181, 15.34229, 27.56095, 746.8313, 474.0328, 1506.131, 32.68872, 37.55114
126.1, 190.8047, 403.2842, 1897.945, 1643.612, 141.2558, 4357.781, 2324.866, 475.1454, 14.21676, 25.45228, 841.222, 450.3475, 1450.611, 30.74553, 35.72796
126.2, 179.9159, 383.6961, 1802.897, 1558.21, 133.7357, 4287.615, 2325.884, 447.7818, 13.17379, 23.50494, 1071.669, 427.8457, 1617.961, 28.91785, 33.99329
126.3, 169.6484, 365.0594, 1718.399, 1589.565, 126.6159, 4194.985, 2199.076, 421.9942, 12.20735, 21.70659, 999.014, 406.4681, 1551.997, 27.19882, 32.34285
126.4, 159.9669, 347.3279, 1690.639, 1506.971, 119.8751, 4015.661, 2207.224, 397.6916, 11.3118, 20.04583, 931.2845, 386.1588, 1483.238, 25.58198, 30.77253
126.5, 190.9299, 330.4576, 1759.285, 1428.669, 113.4932, 3911.115, 2086.885, 374.7887, 10.48195, 18.51214, 954.3397, 366.8641, 1417.526, 24.06125, 29.27846
126.6, 180.0339, 314.4068, 1719.42, 1354.436, 576.8029, 3916.071, 2130.146, 353.2047, 9.712979, 17.09578, 889.639, 348.5336, 1354.724, 22.63092, 27.85693
126.7, 169.7598, 299.1356, 1688.621, 1284.059, 1544.013, 3868.422, 2170.503, 332.8637, 9.000422, 15.7878, 829.3248, 331.119, 1457.362, 21.28562, 26.50442
126.8, 160.0719, 284.6061, 1764.119, 1217.34, 2433.066, 3647.659, 2086.833, 313.6942, 8.340138, 14.57988, 912.8246, 314.5744, 1392.796, 20.02029, 25.21758
126.9, 150.9369, 270.7823, 1675.773, 1154.087, 2792.452, 3811.284, 2044.954, 457.0998, 7.728294, 13.46438, 923.8037, 298.8566, 1331.09, 18.83017, 23.99321
127, 142.3233, 257.63, 1591.851, 1094.121, 2839.468, 3655.023, 2016.46, 466.0038, 7.161336, 12.43423, 861.1732, 283.924, 1272.118, 17.71081, 22.82829
127.1, 134.2012, 245.1165, 1512.132, 1297.014, 2831.318, 3446.438, 1952.401, 1118.933, 6.63597, 11.48289, 1146.907, 269.7376, 1340.271, 16.65798, 21.71993
127.2, 126.5426, 233.2109, 1525.309, 1355.447, 2757.433, 3438.087, 1895.259, 1987.162, 6.149146, 10.60434, 1182.965, 256.2601, 1280.892, 15.66774, 20.66538
127.3, 119.321, 221.8835, 1499.367, 1285.018, 2610.633, 3420.289, 1890.653, 1929.966, 5.698036, 9.793012, 1184.156, 243.4559, 1291.3, 14.73637, 19.66203
127.4, 112.5116, 211.1062, 1696.322, 1266.814, 2553.872, 3225.1, 2015.733, 1875.584, 5.28002, 9.043754, 1103.875, 231.2915, 1333.423, 13.86036, 18.7074
127.5, 106.0908, 200.8525, 1652.31, 1289.183, 2477.477, 3240.911, 1975.557, 1894.015, 4.892671, 8.351821, 1097.507, 219.7349, 1564.863, 13.03643, 17.79911
127.6, 100.0364, 191.0968, 1644.613, 1326.839, 2414.54, 3078.065, 1943.907, 1823.854, 4.533738, 7.712828, 1023.1, 208.7557, 1510.577, 12.26147, 16.93493
127.7, 94.32755, 181.8149, 1562.251, 1257.897, 2479.788, 3060.686, 1837.924, 1848.428, 4.201136, 7.122724, 953.7377, 198.3251, 1443.653, 11.53259, 16.11271
127.8, 88.94446, 172.9839, 1484.015, 1252.41, 2456.655, 3044.06, 1988.034, 1741.978, 3.892935, 6.577769, 889.0778, 188.4157, 1614.226, 10.84703, 15.3304
127.9, 83.86858, 164.5818, 1409.696, 1187.335, 2379.859, 2966.83, 1879.646, 1701.104, 3.607344, 6.074508, 828.8016, 179.0014, 1641.178, 10.20222, 14.58608
128, 79.08237, 156.5878, 1339.099, 1125.641, 2253.16, 2797.519, 1777.167, 1773.8, 3.342704, 5.609751, 772.6119, 170.0576, 1756.174, 9.595748, 13.87789
128.1, 74.5693, 148.9821, 1333.622, 1117.606, 2250.799, 2637.871, 1995.638, 1951.74, 3.097478, 5.180552, 720.2317, 161.5605, 1678.37, 9.025326, 13.20409
128.2, 70.31377, 141.7458, 1309.675, 1164.313, 2130.971, 2842.138, 2439.959, 2063.121, 2.870243, 4.784191, 891.2141, 153.4881, 1604.012, 8.488812, 12.56301
128.3, 66.30111, 134.861, 1453.352, 1103.815, 2176.131, 2679.943, 2426.485, 1944.306, 2.659678, 4.418156, 1022.287, 145.819, 1938.928, 7.984192, 11.95304
128.4, 62.51744, 128.3106, 1527.631, 1064.891, 2100.007, 2748.217, 2406.683, 1832.334, 2.46456, 4.080125, 1113.453, 138.5331, 1853.027, 7.50957, 11.3727
128.5, 58.94969, 122.0784, 1479.558, 1137.744, 2110.011, 2591.381, 2355.391, 2060.663, 2.283757, 3.767957, 1037.965, 131.6112, 1910.55, 7.063161, 10.82053
128.6, 55.58555, 116.1488, 1405.462, 1078.627, 2074.759, 2716.633, 2310.242, 1941.99, 2.116217, 3.479673, 967.595, 125.0352, 1825.906, 310.7722, 10.29517
128.7, 52.41339, 110.5073, 1335.078, 1039.808, 1964.303, 2561.601, 2184.287, 1830.151, 1.960968, 3.213445, 901.9957, 118.7877, 1745.011, 358.7725, 9.79532
128.8, 49.42227, 105.1398, 1268.218, 1159.18, 1902.131, 3663.265, 2138.087, 1978.841, 1.817109, 2.967586, 840.8437, 112.8524, 1835.943, 436.2329, 9.319736
128.9, 46.60184, 230.0936, 1204.706, 1098.949, 1949.445, 4813.169, 2021.518, 2040.089, 1.683803, 2.740538, 1258.271, 107.2137, 1916.792, 410.3009, 8.867244
129, 43.94236, 249.9996, 1144.375, 1041.848, 1896.597, 5295.357, 1949.291, 1922.601, 1.560277, 2.530861, 1172.964, 101.8567, 1831.871, 385.9104, 8.436721
129.1, 41.43466, 237.8567, 1087.065, 987.7135, 1906.843, 5296.989, 1929.266, 1811.879, 1.445813, 2.337226, 1093.442, 96.7674, 1762.567, 362.9698, 8.027101
129.2, 39.07007, 226.3036, 1102.612, 995.0312, 1805.327, 5342.097, 2033.123, 1707.533, 1.339746, 2.158406, 1019.311, 91.93237, 1950.306, 341.393, 7.637368
129.3, 36.84042, 215.3117, 1089.921, 943.3295, 1720.079, 5168.35, 1980.636, 1609.197, 1.241461, 1.993268, 950.2051, 87.33893, 1880.253, 321.0988, 7.266558
129.4, 34.73801, 204.8537, 1072.426, 995.3005, 1678.719, 5162.684, 2084.261, 1844.016, 1.150385, 1.840764, 940.7907, 82.975, 1935.862, 302.0109, 6.913752
129.5, 32.75558, 194.9037, 1037.511, 976.1266, 1834.052, 5855.388, 1970.626, 1863.67, 1.065991, 1.699928, 1026.698, 78.82911, 1922.332, 284.0578, 6.578074
129.6, 30.88629, 185.4369, 1517.165, 1025.401, 1935.207, 5891.875, 1863.187, 1818.047, 0.9877888, 1.569868, 957.0922, 74.89037, 1837.166, 267.1719, 6.258695
129.7, 29.12367, 176.4299, 1558.398, 1022.797, 1832.181, 5857.178, 1862.188, 1713.346, 0.9153233, 99.03133, 892.2049, 71.14844, 1755.773, 718.9201, 5.954823
129.8, 27.46164, 167.8605, 1564.501, 1052.099, 1734.639, 5817.743, 2799.383, 1789.475, 0.8481739, 164.021, 831.7167, 67.59347, 1768.708, 676.1837, 5.665703
129.9, 25.89446, 159.7072, 1767.56, 997.4318, 1642.291, 5840.382, 3571.143, 1708.282, 0.7859507, 151.4719, 775.3294, 64.21613, 1690.348, 635.9877, 5.390622
130, 24.41671, 151.95, 1720.922, 945.6054, 1554.859, 5507.083, 3518.266, 1638.455, 0.7282922, 139.8828, 722.765, 61.00753, 1730.519, 598.1812, 5.128896
130.1, 23.0233, 144.5695, 1634.74, 1032.622, 1712.305, 5335.472, 3454.482, 1611.199, 0.6748637, 129.1805, 673.7642, 57.95926, 1742.625, 562.6221, 4.879877
130.2, 21.7094, 137.5476, 1552.873, 978.9669, 1621.145, 5144.697, 3619.008, 1612.652, 0.6253548, 133.2475, 628.0854, 55.0633, 1665.421, 529.1768, 4.642949
130.3, 20.47049, 130.8667, 1575.278, 1047.31, 1577.328, 4922.012, 3584.724, 1519.78, 0.5794778, 123.0528, 585.5036, 52.31203, 1656.958, 497.7197, 4.417524
130.4, 19.30228, 124.5103, 1496.389, 1070.408, 1493.355, 4922.655, 3389.283, 1432.256, 0.5369666, 113.6381, 545.8087, 49.69824, 1868.299, 468.1326, 4.203044
130.5, 18.20074, 118.4627, 1421.45, 1014.79, 1424.318, 4720.54, 3363.759, 1349.773, 0.4975739, 145.3922, 508.8048, 47.21504, 1785.527, 440.3043, 3.998977
130.6, 17.16206, 112.7087, 1353.203, 962.0613, 1348.49, 4588.058, 3180.366, 1272.04, 0.4610712, 134.2683, 474.3098, 44.85592, 1706.422, 414.1303, 3.804819
130.7, 16.18266, 107.2343, 1396.051, 993.7733, 1353.265, 4579.163, 3607.712, 1198.783, 0.4272464, 123.9955, 442.1533, 42.61467, 1630.821, 389.5122, 3.620087
130.8, 15.25915, 168.894, 1738.307, 1067.72, 1281.22, 4468.953, 3757.323, 1129.746, 0.395903, 183.6635, 412.177, 40.4854, 1786.889, 366.3575, 3.444324
130.9, 14.38834, 160.6905, 1651.254, 1177.589, 1232.853, 4275.598, 3614.619, 1217.987, 0.366859, 169.6115, 384.2329, 38.46253, 1707.724, 344.5793, 3.277095
131, 13.56722, 152.8855, 1568.56, 1116.401, 1167.219, 4277.89, 3417.548, 1147.844, 0.3399457, 156.6346, 358.1833, 36.54073, 1632.065, 324.0957, 3.117985
131.1, 12.79297, 345.7124, 1583.161, 1058.393, 1105.079, 4054.281, 3358.42, 1081.74, 0.3150068, 739.4728, 333.8998, 34.71496, 1559.759, 304.8297, 2.9666
131.2, 12.0629, 1272.442, 1503.877, 1174.068, 1156.524, 4033.019, 3410.28, 1019.443, 0.2918975, 910.9766, 311.2627, 32.98041, 1490.656, 286.709, 2.822566
131.3, 11.3745, 2085.814, 1551.427, 1210.581, 1100.026, 3932.608, 3287.778, 1682.555, 0.2704835, 857.5968, 290.1602, 759.4356, 1566.784, 269.6655, 2.685524
131.4, 10.72538, 3378.671, 1564.799, 1147.679, 1041.463, 3933.549, 3108.527, 1632.517, 0.2506404, 791.9825, 270.4884, 1213.299, 1497.37, 253.6351, 2.555136
131.5, 10.1133, 3666.254, 1486.435, 1088.046, 986.0176, 3846.902, 3158.198, 1662.2, 0.2322531, 740.1556, 252.1503, 1152.676, 1482.703, 238.5577, 2.431079
131.6, 9.536155, 3573.391, 1551.68, 1031.511, 1001.199, 3654.952, 3396.431, 1566.474, 0.2152147, 683.5267, 235.0555, 1310.604, 1417.014, 224.3766, 2.313045
131.7, 8.991945, 3483.272, 1497.52, 1010.759, 947.8978, 3580.596, 3737.738, 1476.261, 0.1994262, 731.4517, 219.1196, 1305.743, 1370.539, 211.0385, 2.200742
131.8, 8.478793, 3314.084, 1476.39, 958.2402, 965.7598, 3566.872, 3565.326, 1391.244, 188.459, 675.4887, 204.2641, 1240.5, 1309.819, 198.4932, 2.093891
131.9, 7.994925, 3249.958, 1411.501, 908.4501, 1032.96, 3374.865, 3469.744, 1311.122, 1219.443, 623.8074, 190.4157, 1178.518, 1269.883, 186.6937, 1.992228
132, 7.538671, 3092.103, 1340.813, 930.1074, 977.9677, 3264.016, 3499.314, 1235.615, 1608.397, 576.0803, 177.5063, 1227.505, 1242.904, 175.5956, 1.895501
132.1, 7.108454, 2941.915, 1286.88, 1032.216, 955.5759, 3338.626, 3308.53, 1283.995, 1530.918, 532.0047, 165.472, 1239.815, 1187.839, 165.1573, 1.803471
132.2, 6.702789, 2799.021, 1222.433, 978.582, 904.7031, 3232.827, 3128.147, 1411.525, 1494.396, 743.4568, 154.2536, 1299.62, 1135.214, 155.3395, 1.715909
132.3, 6.320274, 2763.924, 1303.608, 1158.619, 856.5387, 3222.728, 3092.323, 1330.236, 1684.949, 1398.247, 143.7958, 1234.684, 1166.955, 146.1053, 1.632598
132.4, 5.959589, 2723.437, 1238.324, 1911.882, 845.761, 3038.813, 2961.492, 1358.132, 2123.423, 1593.844, 134.047, 1172.992, 1237.162, 137.42, 1.553332
132.5, 5.619487, 2591.156, 1176.309, 2553.152, 836.9839, 2995.51, 3017.406, 1279.917, 2193.314, 1471.9, 124.9591, 1147.48, 1182.351, 129.251, 1.477914
132.6, 5.298794, 2465.299, 1117.401, 2437.514, 898.5307, 2889.435, 2896.233, 1814.361, 2057.382, 1644.512, 116.4873, 1090.146, 1156.131, 121.5677, 1.406158
132.7, 4.996403, 2345.556, 1061.442, 2546.386, 904.6879, 2863.18, 2802.26, 2277.855, 1932.797, 1518.692, 108.5899, 1289.621, 1104.91, 114.341, 1.337886
132.8, 4.711268, 2356.021, 1008.285, 2538.586, 856.5243, 2767.205, 2774.384, 2233.352, 1821.341, 1402.498, 101.2279, 1225.184, 1184.609, 107.544, 1.272929
132.9, 4.442405, 2241.585, 1058.034, 2415.773, 810.9248, 2751.495, 2802.961, 2175.051, 1721.153, 1366.269, 94.36503, 1221.911, 1132.126, 101.151, 1.211126
133, 4.188886, 2166.798, 1005.048, 2290.25, 813.4153, 2735.644, 2740.471, 2049.791, 1742.297, 1261.737, 87.96743, 1160.858, 1081.969, 95.13804, 1.152323
133.1, 3.949835, 2122.786, 991.3528, 2210.059, 859.4315, 2666.002, 2656.038, 2073.36, 1641.195, 1224.621, 82.00356, 1596.426, 1211.18, 89.48253, 1.096375
133.2, 3.724426, 2085.811, 941.7064, 2095.225, 853.7139, 2580.949, 2511.229, 1953.956, 1520.794, 1347.466, 76.44402, 2163.13, 1157.521, 84.16321, 1.043144
133.3, 80.4501, 2121.701, 894.5463, 1986.357, 848.5549, 2433.66, 2679.191, 1942.647, 1409.227, 1338.087, 71.2614, 2243.894, 1106.239, 589.3704, 485.2035
133.4, 134.5054, 2042.222, 849.7479, 1883.146, 818.8327, 2357.9, 2533.12, 1830.771, 1305.844, 1286.374, 66.43014, 2315.619, 1057.228, 554.335, 603.8891
133.5, 126.8294, 2076.726, 935.6118, 1866.811, 775.2398, 2319.496, 2528.991, 1725.337, 1292.176, 1187.954, 61.92642, 2321.623, 1010.389, 521.3824, 748.1875
133.6, 119.5915, 2261.658, 888.7568, 1837.517, 733.9677, 2206.808, 2665.547, 1671.606, 1197.38, 1208.634, 57.72804, 2248.033, 965.6255, 560.6859, 779.6854
133.7, 112.7667, 2326.685, 863.751, 1742.039, 694.8928, 2080.87, 2534.523, 1738.466, 1128.547, 1328.598, 53.81429, 2211.463, 922.8449, 702.9237, 956.1571
133.8, 106.3313, 2254.864, 820.4949, 1765.767, 657.8982, 2068.559, 2443.906, 1638.348, 1045.755, 1781.946, 50.16588, 2288.478, 988.8672, 883.3001, 1141.504
133.9, 100.2632, 2145.342, 779.4049, 1674.018, 684.8995, 2115.89, 2310.663, 1543.996, 1137.276, 1843.914, 46.76482, 2248.57, 945.0569, 830.7921, 1370.266
134, 208.1089, 2041.139, 740.3727, 1783.257, 648.437, 2004.978, 2265.491, 1762.035, 1053.844, 1842.111, 43.59434, 2371.806, 903.1875, 781.4053, 1569.784
134.1, 196.2325, 2134.71, 708.3973, 1690.599, 623.0358, 1966.787, 2141.975, 1660.56, 1212.787, 2030.33, 40.6388, 2513.158, 921.1089, 935.8443, 1752.412
134.2, 185.0339, 2031.024, 672.9211, 1648.052, 654.4313, 2008.528, 2146.249, 1713.964, 2129.653, 2114.191, 37.88364, 2790.674, 880.3005, 1018.614, 2040.069
134.3, 174.4744, 2090.45, 691.7968, 1562.419, 619.5908, 1950.112, 2029.235, 1615.257, 2908, 2012.88, 35.31527, 2689.506, 841.3, 1121.267, 2051.777
134.4, 277.7843, 2031.839, 657.152, 1481.236, 586.6052, 1838.823, 1965.041, 1522.235, 3213.03, 1896.402, 32.92102, 2771.82, 933.7118, 1210.771, 2298.056
134.5, 288.6495, 2130.076, 712.4174, 1433.358, 555.3755, 1774.07, 1885.186, 1704.509, 3187.872, 1898.138, 30.6891, 2811.238, 955.4952, 1347.583, 2687.434
134.6, 272.1768, 2395.527, 676.7399, 1496.049, 525.8085, 1672.827, 1851.256, 1606.347, 3003.051, 1752.913, 187.8121, 3036.043, 913.1634, 1288.637, 2810.665
134.7, 317.5507, 2490.361, 642.8492, 1526.884, 497.8156, 1807.1, 1750.324, 1513.838, 3009.195, 1656.908, 421.4791, 2954.501, 872.707, 1307.225, 3055.427
134.8, 299.4287, 2369.4, 610.6556, 1447.547, 471.313, 1703.972, 1777.55, 1426.656, 3184.878, 1763.536, 392.9044, 2838.28, 888.6584, 1621.135, 3031.47
134.9, 446.2473, 2448.792, 580.0743, 1372.333, 467.4315, 1790.47, 1680.637, 1511.101, 3225.71, 1755.943, 366.267, 2809.748, 849.2877, 2063.866, 3126.315
135, 527.5258, 2423.47, 579.2984, 1301.027, 497.6711, 1688.291, 1687.402, 1464.552, 3170.405, 1621.596, 341.4354, 2763.918, 826.429, 2197.013, 3224.67
135.1, 497.421, 2348.972, 550.2875, 1233.425, 485.6657, 1631.09, 1595.404, 1380.208, 3059.19, 1529.915, 318.2874, 2747.396, 789.8152, 2066.411, 3367.159
135.2, 469.0342, 2234.879, 557.354, 1169.337, 459.8099, 1538.007, 1508.422, 1300.723, 2860.362, 1476.999, 296.7087, 2748.146, 754.8236, 2011.072, 3250.985
135.3, 442.2673, 2126.328, 529.442, 1145.737, 435.3306, 1725.77, 1426.182, 1286.703, 2730.839, 1363.994, 276.5929, 2651.332, 721.3823, 1891.523, 3212.877
135.4, 417.028, 2154.124, 527.946, 1086.204, 412.1546, 1756.962, 1463.287, 1212.602, 3010.101, 1286.002, 257.8409, 2620.825, 689.4225, 1944.044, 3085.624
135.5, 393.2291, 2049.494, 501.5067, 1166.52, 390.2123, 1656.696, 1383.508, 1329.714, 3206.045, 1301.905, 240.3603, 2571.561, 658.8786, 1828.479, 3168.872
135.6, 370.7883, 2089.76, 476.3915, 1105.907, 369.4383, 1579.589, 1308.078, 1253.136, 3054.841, 1202.297, 224.0648, 2526.208, 687.9266, 1719.785, 3186.662
135.7, 349.6281, 2067.796, 452.5341, 1261.42, 371.1375, 1489.445, 1236.761, 1180.968, 2953.286, 1173.462, 208.874, 2598.378, 657.449, 1617.552, 3263.379
135.8, 329.6755, 2136.619, 474.8525, 1195.877, 397.1129, 1435.351, 1375.413, 1112.957, 2945.498, 1083.681, 194.7131, 2580.553, 662.4548, 1597.685, 3104.935
135.9, 361.9206, 2032.841, 451.0721, 1133.739, 375.9714, 1446.162, 1389.344, 1048.862, 2729.412, 1132.012, 181.5123, 2471.387, 633.1057, 1502.71, 3166.153
136, 341.2665, 2105.056, 527.9609, 1074.83, 375.9932, 1363.633, 1313.596, 988.4579, 2698.452, 1045.402, 169.2064, 2374.297, 605.0569, 1413.381, 3107.021
136.1, 335.5463, 2002.81, 506.4969, 1018.982, 399.2853, 1285.813, 1241.978, 931.5328, 2588.741, 965.4191, 157.7348, 2505.99, 785.5785, 1588.564, 2956.169
136.2, 316.3973, 1905.531, 481.1318, 966.0363, 378.0282, 1212.434, 1741.832, 1593.597, 2398.828, 891.5555, 147.041, 2380.776, 750.7746, 1562.694, 3028.49
136.3, 298.3412, 1812.976, 457.037, 1074.19, 357.9028, 1143.243, 1766.319, 2260.45, 2222.846, 823.3431, 137.0722, 2261.82, 717.5126, 1469.799, 3029.937
136.4, 281.3155, 1724.917, 434.1488, 1018.375, 338.8488, 1078, 1685.728, 2130.271, 2177.486, 780.0932, 127.7792, 2148.807, 685.7243, 1506.407, 2882.827
136.5, 265.2614, 1641.135, 485.5746, 965.4602, 386.1327, 1016.481, 1728.816, 2007.589, 2184.588, 836.9689, 119.1162, 2252.711, 655.3443, 1416.858, 2742.859
136.6, 250.1234, 1924.226, 493.155, 915.295, 365.5758, 958.4724, 1634.56, 1891.973, 2085.353, 780.2905, 111.0406, 2155.087, 626.3102, 1439.269, 2832.679
136.7, 253.5605, 1830.764, 477.1786, 954.5318, 346.1133, 903.7743, 1707.55, 1870.582, 2055.769, 720.5909, 103.5125, 2205.494, 598.5625, 1455.429, 2804.064
136.8, 239.0904, 1752.759, 453.2817, 904.9344, 375.0384, 951.3742, 1794.116, 1897.353, 1904.955, 691.84, 96.4947, 2187.061, 572.0441, 1368.91, 2777.513
136.9, 225.446, 1745.312, 430.5816, 857.9142, 355.0721, 1380.912, 1734.044, 1788.085, 1903.269, 638.9077, 89.95271, 2077.783, 546.7005, 1287.535, 2642.659
137, 212.5802, 1761.426, 409.0183, 813.3371, 336.1688, 1514.982, 1679.362, 1685.11, 1795.122, 590.0253, 83.85426, 1973.966, 522.4797, 1210.997, 2653.798
137.1, 200.4487, 1683.685, 419.395, 833.2045, 318.2719, 1434.868, 1855.5, 1588.065, 1741.776, 605.1974, 78.16925, 1970.157, 531.9922, 1492.07, 2604.038
137.2, 189.0095, 1769.837, 398.3919, 789.9113, 301.3278, 1407.016, 1754.337, 1771.056, 1640.613, 558.8941, 72.86967, 2004.047, 692.6243, 1725.361, 2477.607
137.3, 178.2231, 1683.873, 378.4407, 748.8676, 285.2857, 1463.442, 1710.088, 1669.062, 1577.838, 516.1334, 67.92937, 1903.914, 671.1279, 1922.784, 2385.824
137.4, 235.0391, 1602.085, 371.1227, 709.9565, 270.0977, 1398.961, 1651.293, 1572.941, 1507.292, 476.6443, 63.32402, 1972.933, 641.3946, 1808.484, 2512.417
137.5, 252.6908, 1540.134, 352.5371, 673.0673, 255.7183, 1319.125, 1613.185, 1482.355, 1484.385, 492.6574, 59.03088, 1874.354, 612.9785, 1842.556, 2390.434
137.6, 291.2155, 1664.636, 334.8822, 651.8491, 242.1044, 1313.32, 1525.233, 1446.272, 1375.488, 509.5463, 55.02881, 1780.701, 585.8214, 1733.025, 2396.737
137.7, 274.5964, 1633.377, 361.4292, 708.9083, 289.9271, 1238.372, 1540.554, 1401.385, 1274.58, 491.4676, 51.29806, 1691.728, 559.8674, 1630.005, 2313.932
137.8, 258.9258, 1554.042, 343.329, 723.9259, 274.492, 1167.7, 1568.656, 1428.423, 1277.953, 453.8657, 47.82024, 1748.236, 587.9163, 1577.688, 2264.739
137.9, 244.1494, 1478.559, 388.5088, 686.3108, 259.8786, 1182.261, 1483.133, 1409.746, 1255.819, 419.1407, 44.57821, 1708.332, 561.8696, 1483.902, 2371.75
138, 230.2163, 1406.744, 369.0525, 650.6501, 246.0432, 1114.792, 1402.272, 1328.559, 1471.48, 387.0725, 41.55597, 1749.988, 536.9767, 1872.142, 2256.597
138.1, 274.6468, 1338.416, 350.5705, 890.7304, 232.9444, 1066.579, 1325.819, 1432.56, 2498.135, 404.8062, 38.73863, 1662.549, 513.1868, 2037.723, 2356.276
138.2, 258.9733, 1273.407, 333.0141, 961.3876, 220.543, 1005.711, 1290.949, 1350.059, 2999.399, 406.0236, 36.1123, 1579.479, 490.4508, 2063.43, 2241.874
138.3, 288.6222, 1211.556, 316.337, 911.4341, 208.8017, 948.3173, 1232.774, 1272.31, 2853.766, 430.3162, 33.66402, 1616.043, 468.7221, 1940.769, 2133.026
138.4, 272.1511, 1365.809, 300.495, 864.0761, 197.6856, 1079.37, 1219.877, 1261.649, 2841.304, 429.5366, 31.38172, 1673.014, 460.5925, 1912.831, 2216.495
138.5, 256.62, 1439.884, 285.4464, 928.6215, 187.1612, 1017.772, 1153.369, 1188.991, 2715.344, 411.3716, 29.25416, 1624.317, 440.1866, 1889.962, 2108.879
138.6, 241.9752, 1369.947, 271.1514, 880.3705, 212.7683, 959.6902, 1183.399, 1120.517, 3006.506, 379.8978, 27.27083, 1717, 420.6848, 1821.857, 2087.047
138.7, 246.217, 1303.406, 257.5723, 942.6718, 201.4409, 904.9226, 1118.879, 1229.754, 2907.633, 383.6965, 25.42197, 1631.209, 402.047, 1917.847, 2060.872
138.8, 232.1659, 1240.098, 251.052, 893.6907, 190.7167, 933.7202, 1057.877, 1158.933, 2817.132, 354.3401, 23.69846, 1549.705, 384.2349, 1803.84, 2037.877
138.9, 647.2441, 1246.383, 238.4794, 879.7172, 180.5633, 880.4346, 1089.279, 1092.19, 2787.109, 327.2298, 22.09179, 1545.046, 517.9785, 1744.932, 2084.553
139, 610.3072, 1225.236, 291.7693, 960.4698, 170.9505, 830.19, 1053.161, 1029.291, 2701.586, 309.1244, 20.59405, 1619.733, 495.0302, 1641.203, 2116.211
139.1, 628.5864, 1165.724, 277.1577, 977.9904, 270.9952, 782.8127, 1079.358, 1197.523, 2503.394, 285.4734, 19.19785, 1673.132, 473.0987, 1543.642, 2058.88
139.2, 717.4391, 1215.264, 263.2777, 927.1741, 256.568, 803.774, 1020.511, 1128.558, 2319.742, 315.9201, 17.89631, 1589.534, 452.1387, 1494.301, 2047.329
139.3, 676.4963, 1156.237, 297.9869, 878.9982, 242.9088, 757.9042, 964.8726, 1237.598, 2178.436, 306.1368, 16.683, 1555.996, 432.1074, 1447.482, 1947.927
139.4, 689.8255, 1146.627, 283.0639, 995.6738, 229.9769, 810.9191, 1054.104, 1166.325, 2178.25, 282.7144, 15.55196, 1478.25, 412.9635, 1361.436, 2027.483
139.5, 869.8602, 1090.933, 268.8882, 1066.582, 217.7334, 764.6416, 996.6342, 1099.157, 2029.045, 261.0841, 14.49759, 1630.648, 410.4342, 1391.427, 1929.045
139.6, 1182.868, 1037.945, 305.7533, 1078.01, 206.1418, 790.8411, 942.2972, 1035.857, 1905.772, 241.1087, 13.51471, 1549.172, 471.5814, 1308.713, 1951.3
139.7, 1447.694, 1111.472, 290.4414, 1021.997, 195.1672, 745.7094, 1084.363, 976.202, 1963.107, 222.6617, 12.59846, 1544.495, 589.623, 1230.916, 1896.824
139.8, 1365.077, 1121.691, 327.3561, 1030.01, 184.7769, 1491.925, 1071.187, 919.9828, 1885.745, 205.6259, 11.74433, 1508.546, 592.8602, 1157.744, 1804.729
139.9, 1287.175, 1169.62, 310.9623, 976.4913, 174.9398, 2153.302, 1051.269, 867.0012, 1747.405, 222.8457, 10.94811, 1585.009, 566.5944, 1088.921, 1818.102
140, 1250.919, 1112.809, 310.5464, 925.7529, 165.6264, 2332.179, 993.9536, 817.0708, 1654.42, 205.7959, 10.20587, 1505.813, 791.6013, 1024.19, 1822.188
140.1, 1284.781, 1166.998, 294.9944, 900.0009, 156.8088, 2278.502, 1034.266, 770.0159, 1689.678, 190.0506, 9.51395, 1430.574, 950.7075, 963.3066, 1733.717
140.2, 1224.147, 1110.315, 280.2213, 853.237, 178.8149, 2356.858, 977.8774, 725.6708, 1565.721, 175.5099, 209.1345, 1491.702, 908.5878, 1059.129, 1649.542
140.3, 1154.287, 1056.385, 266.188, 890.6879, 169.2952, 2318.215, 1003.057, 683.8796, 1531.372, 224.0028, 410.1662, 1417.168, 868.3341, 996.1689, 1683.603
140.4, 1088.415, 1005.075, 252.8574, 844.4078, 165.8722, 2213.203, 948.3696, 644.4952, 1486.226, 206.8645, 382.3585, 1467.308, 917.9725, 936.9513, 1601.861
140.5, 1136.696, 1109.003, 240.1944, 800.5325, 157.0415, 2246.68, 966.1747, 607.3788, 1377.194, 191.0374, 455.1119, 1393.994, 877.303, 881.2539, 1612.653
140.6, 1081.6, 1055.137, 228.1656, 889.711, 211.0731, 2208.159, 960.8955, 572.4, 1336.481, 176.4212, 424.257, 1490.546, 853.3433, 828.8675, 1534.355
140.7, 1130.579, 1033.667, 216.7392, 843.4818, 199.836, 2126.607, 908.5071, 694.2525, 1302.116, 291.4591, 427.9671, 1416.07, 948.4537, 875.7899, 1629.546
140.8, 1066.059, 983.4606, 205.885, 872.8239, 189.1972, 2065.243, 1006.801, 654.2707, 1265.758, 840.4742, 535.3783, 1383.378, 906.4339, 1156.025, 1550.428
140.9, 1024.383, 935.6924, 195.5744, 827.472, 179.1247, 1966.313, 1475.016, 795.3642, 1172.9, 808.0402, 499.0816, 1314.256, 866.2757, 1277.232, 1531.77
141, 965.9233, 890.2444, 185.7802, 1128.113, 169.5885, 1956.59, 1548.228, 1484.14, 1159.142, 866.962, 515.6768, 1248.589, 827.8966, 1295.051, 1457.4
141.1, 910.8, 847.0038, 176.4764, 1127.341, 160.56, 1906.547, 1463.818, 1398.669, 1139.96, 800.6312, 480.7159, 1186.203, 917.2255, 1345.294, 1467.927
141.2, 942.2101, 805.8636, 167.6385, 1092.997, 152.0121, 1813.559, 1384.01, 1318.12, 1107.174, 739.3754, 448.1251, 1254.15, 935.3243, 1265.322, 1396.656
141.3, 1010.796, 766.7216, 159.2433, 1036.205, 143.9193, 1834.108, 1308.553, 1242.21, 1068.247, 684.714, 417.7439, 1191.486, 1123.156, 1357.817, 1413.022
141.4, 953.1119, 729.4807, 151.2685, 1020.144, 136.2573, 1729.439, 1416.99, 1170.671, 1052.646, 632.3269, 471.079, 1131.953, 1073.396, 1277.101, 1579.994
141.5, 898.7197, 694.0487, 143.693, 1031.812, 201.2255, 1630.743, 1365.582, 1103.252, 975.4221, 667.3074, 439.1416, 1075.394, 1112.565, 1201.184, 1503.282
141.6, 871.4597, 660.3377, 136.497, 978.1993, 202.9293, 1705.962, 1291.129, 1039.716, 903.8637, 616.2521, 567.8902, 1100.564, 1063.275, 1266.169, 1430.294
141.7, 875.7264, 628.2641, 184.9849, 927.3722, 192.1258, 1700.577, 1220.736, 979.8393, 888.7674, 598.0771, 529.3893, 1111.391, 1016.168, 1190.901, 1360.851
141.8, 844.6792, 597.7484, 175.721, 879.186, 181.8974, 1611.725, 1309.87, 923.4106, 823.5662, 566.8094, 662.5178, 1055.859, 1213.783, 1120.108, 1380.747
141.9, 902.2935, 568.7148, 166.921, 833.5037, 194.0912, 1519.747, 1238.455, 870.2316, 763.1482, 523.4431, 617.6016, 1003.103, 1168.016, 1373.028, 1419.784
142, 850.8014, 541.0914, 158.5616, 790.1949, 183.7582, 1514.628, 1194.357, 820.1151, 737.1635, 483.3948, 575.7305, 1017.935, 1131.334, 1291.408, 1381.969
142.1, 802.2479, 636.791, 150.621, 749.1365, 173.9753, 1428.192, 1195.137, 772.8849, 1013.065, 460.9977, 536.6981, 988.7708, 1163.66, 1214.64, 1400.126
142.2, 756.4652, 624.4653, 143.0779, 710.2115, 186.3973, 1425.882, 1129.977, 728.3746, 1469.38, 429.7027, 500.3119, 939.3664, 1112.106, 1142.435, 1332.147
142.3, 713.2953, 620.5746, 183.5757, 673.309, 176.4739, 1400.691, 1098.851, 686.4277, 1361.584, 396.8264, 466.3926, 938.1474, 1062.835, 1074.523, 1267.469
142.4, 672.589, 590.4323, 251.1383, 756.8786, 167.0788, 1356.025, 1038.941, 646.8965, 1261.697, 366.4654, 434.7729, 1028.099, 1015.748, 1010.647, 1248.748
142.5, 682.7858, 740.1428, 238.5614, 776.7875, 158.1839, 1284.213, 1080.263, 609.6419, 1196.332, 338.4273, 405.297, 976.73, 970.7468, 950.569, 1287.776
142.6, 643.8206, 704.1929, 264.405, 736.4258, 149.7625, 1432.058, 1071.312, 574.5328, 1125.059, 312.5345, 377.8193, 927.9272, 927.7393, 894.0621, 1225.252
142.7, 607.079, 669.9891, 251.1638, 698.1612, 141.7895, 1989.702, 1012.904, 541.4456, 1088.205, 288.6226, 352.2046, 881.5629, 886.6371, 840.9142, 1165.763
142.8, 597.4939, 887.5887, 243.4178, 724.6144, 134.2409, 3123.766, 1267.599, 510.2638, 1037.304, 266.5403, 429.8225, 837.5151, 924.9393, 790.9258, 1109.163
142.9, 605.0066, 873.105, 231.2275, 726.7951, 127.0942, 3677.833, 1523, 480.8778, 961.2064, 246.1474, 467.8979, 795.6683, 883.9612, 743.909, 1156.397
143, 578.3051, 830.697, 219.6478, 807.1657, 120.328, 3888.934, 1439.965, 453.1842, 948.3585, 227.3148, 436.1761, 755.9123, 844.7986, 699.6871, 1289.49
143.1, 545.3024, 877.2688, 228.1766, 818.5132, 113.922, 3863.421, 1361.458, 427.0854, 878.7856, 209.9231, 406.605, 718.1428, 1037.972, 658.0939, 1226.882
143.2, 514.183, 897.4536, 216.7496, 775.9833, 107.857, 3850.031, 1307.346, 402.4897, 877.7612, 193.862, 379.0387, 682.2604, 1013.55, 618.9733, 1167.315
143.3, 498.2923, 912.7495, 240.0273, 735.6633, 134.5016, 3690.292, 1348.258, 379.3104, 856.6874, 179.0298, 401.3335, 648.1709, 968.6463, 582.1783, 1164.249
143.4, 536.7226, 918.6675, 228.0068, 780.2493, 151.6047, 3598.256, 1274.75, 357.466, 793.8397, 165.3323, 374.1245, 685.4316, 925.7319, 547.5705, 1176.957
143.5, 506.0929, 874.0464, 299.3386, 927.1578, 181.5609, 3518.645, 1205.25, 336.8796, 735.6025, 152.6828, 348.7603, 730.394, 979.6597, 515.02, 1252.273
143.6, 534.4286, 876.4231, 284.3478, 878.9828, 171.895, 3624.239, 1289.663, 317.4788, 681.6376, 141.0011, 325.1156, 693.8995, 1026.37, 484.4045, 1191.473
143.7, 503.9298, 1023.371, 561.9636, 833.311, 162.7436, 3437.53, 1219.35, 299.1952, 631.6318, 244.7811, 303.074, 659.2285, 980.8983, 455.6089, 1133.624
143.8, 475.1715, 973.6646, 618.0983, 790.0123, 154.0795, 3397.048, 1152.87, 281.9646, 585.2944, 226.053, 487.8974, 626.2899, 937.441, 428.5251, 1078.584
143.9, 448.9181, 973.5289, 617.3668, 748.9634, 145.8766, 3256.499, 1121.391, 265.7263, 806.1915, 409.6006, 454.8198, 594.9969, 938.8536, 403.0512, 1127.373
144, 444.6786, 948.5977, 586.4493, 755.8678, 138.1105, 3083.26, 1121.098, 250.4232, 2022.562, 1158.617, 423.9847, 644.0773, 897.2591, 379.0917, 1145.354
144.1, 419.3016, 902.5228, 601.1111, 716.593, 130.7578, 2907.305, 1137.669, 236.0014, 2174.924, 1223.954, 395.2401, 667.448, 889.1977, 356.5565, 1156.156
144.2, 395.3729, 858.6859, 571.0078, 679.3589, 123.7965, 2943.771, 1274.653, 222.4102, 2245.288, 1252.699, 368.4443, 684.7469, 912.9822, 335.3609, 1100.022
144.3, 372.8098, 816.9782, 542.412, 815.0971, 117.2059, 2775.776, 1259.816, 209.6016, 2113.805, 1241.02, 343.4651, 650.5332, 872.5339, 315.4253, 1277.113
144.4, 433.2371, 777.2963, 538.6926, 772.7448, 110.9661, 2703.61, 1333.011, 197.5307, 2101.977, 1177.003, 320.1794, 702.3926, 891.6328, 296.6747, 1215.106
144.5, 408.5131, 739.5419, 511.7151, 798.3577, 105.0585, 2740.507, 1497.359, 186.155, 2127.405, 1119.484, 298.4725, 667.2972, 1022.212, 279.0388, 1214.85
144.6, 385.2001, 703.6212, 501.5803, 756.8751, 99.46539, 2664.418, 1415.723, 175.4343, 1971.336, 1117.845, 278.2372, 633.9553, 976.9246, 262.4512, 1252.766
144.7, 363.2175, 695.2323, 523.0505, 717.548, 228.9091, 2512.365, 1476.518, 165.3311, 1958.428, 1032.32, 259.3737, 602.2794, 933.6434, 246.8497, 1291.239
144.8, 371.3625, 661.4638, 496.8564, 680.2643, 516.8751, 2526.752, 1396.018, 155.8097, 1814.755, 953.3374, 241.7891, 644.0159, 892.2797, 232.1757, 1228.547
144.9, 350.1696, 629.3355, 471.9741, 727.9597, 740.7473, 2408.612, 1319.906, 146.8367, 1681.622, 937.9106, 225.3967, 611.8373, 852.7485, 218.3739, 1168.898
145, 330.1861, 741.5804, 448.3379, 690.135, 701.3115, 2415.18, 1341.485, 138.3804, 1624.022, 866.1517, 210.1157, 581.2666, 1036.407, 205.3926, 1112.146
145.1, 311.343, 719.187, 425.8854, 730.3929, 663.9752, 2328.148, 1268.347, 130.4111, 1504.882, 799.8829, 195.8706, 552.2233, 990.4907, 193.183, 1058.149
145.2, 293.5753, 690.1465, 404.5573, 692.4418, 628.6265, 2285.668, 1326.385, 122.9007, 1811.07, 738.6844, 182.5913, 524.6312, 946.6085, 181.6992, 1006.773
145.3, 276.8216, 656.625, 560.7786, 656.4626, 595.1598, 2155.23, 1254.07, 115.8229, 2718.827, 682.1681, 170.2123, 498.4178, 904.6703, 170.898, 1069.917
145.4, 281.1132, 624.7318, 532.6951, 724.0485, 563.4747, 2144.343, 1226.471, 109.1527, 2954.522, 629.9758, 158.6725, 473.5141, 885.8876, 160.7389, 1017.97
145.5, 265.0706, 669.5697, 539.9784, 686.427, 590.3174, 2070.769, 1159.603, 102.8666, 2969.258, 596.6453, 147.9151, 449.8547, 1129.438, 151.1837, 968.5455
145.6, 249.9436, 637.0477, 512.9366, 794.58, 558.8902, 2076.076, 1096.381, 96.94256, 2959.604, 550.9963, 137.887, 675.9493, 1079.4, 142.1966, 921.5206
145.7, 279.7215, 606.1053, 487.249, 803.3112, 586.6501, 2871.442, 1036.606, 91.35966, 2742.483, 508.8399, 128.5388, 642.1751, 1090.662, 133.7436, 989.9222
145.8, 291.9073, 806.7975, 462.8478, 818.4742, 555.4182, 3321.101, 980.0895, 86.09827, 2738.209, 469.9089, 627.9069, 610.0885, 1042.342, 125.7932, 1060.892
145.9, 305.7644, 767.6101, 439.6686, 775.9464, 525.8489, 3367.463, 1250.186, 81.13989, 2551.46, 433.9564, 585.3371, 579.6051, 1121.335, 118.3154, 1009.384
146, 310.4641, 757.7076, 426.6633, 735.6284, 587.2201, 3273.975, 1182.026, 76.46706, 2495.653, 400.7547, 545.6534, 550.6448, 1071.656, 111.2821, 960.3759
146.1, 292.7466, 720.9045, 405.2962, 870.5679, 555.9578, 3202.615, 1117.581, 72.06335, 2451.863, 370.0932, 508.6602, 523.1316, 1269.266, 104.6669, 913.7476
146.2, 276.0401, 685.8891, 384.9992, 906.601, 526.3597, 3167.432, 1056.65, 67.91324, 2316.479, 341.7776, 474.1749, 496.9931, 1298.005, 98.44494, 920.5539
146.3, 260.2871, 652.5744, 365.7186, 902.6494, 537.8272, 3050.255, 1135.757, 64.00213, 2146.539, 315.6284, 442.0276, 472.1606, 1240.499, 92.59285, 875.8591
146.4, 245.433, 674.0368, 347.4036, 945.582, 612.5862, 2959.051, 1855.747, 60.31626, 2045.266, 291.4798, 412.0598, 448.5688, 1185.54, 87.08864, 1019.827
146.5, 231.4267, 641.2978, 330.0058, 896.4497, 579.9734, 2898.323, 2119.648, 56.84266, 1911.857, 366.9659, 384.1236, 426.1559, 1209.433, 81.91163, 1007.638
146.6, 218.2196, 610.149, 313.4793, 849.8703, 562.0024, 2803.537, 2063.728, 53.56911, 1868.462, 338.8896, 358.0815, 404.8628, 1155.851, 77.04237, 1029.471
146.7, 205.7663, 580.5131, 340.0139, 805.7111, 532.0826, 2949.331, 2143.938, 50.48407, 1731.389, 312.9613, 333.8049, 384.6336, 1104.643, 72.46255, 1024.685
146.8, 194.0236, 552.3167, 322.9862, 763.8465, 503.7556, 2781.018, 2137.666, 47.57671, 1756.996, 289.0168, 311.1742, 365.4152, 1133.074, 68.155, 974.9344
146.9, 182.951, 525.4899, 306.8112, 724.1571, 590.052, 2740.959, 2021.12, 44.83677, 1628.1, 325.688, 524.6855, 347.157, 1082.875, 64.1035, 1054.536
147, 172.5104, 499.966, 303.0466, 912.6262, 562.2956, 2800.62, 1937.755, 42.25463, 1581.667, 300.7698, 629.2373, 329.8112, 1178.574, 60.29285, 1003.336
147.1, 162.6656, 475.6819, 335.2875, 887.1967, 569.6924, 2714.583, 1985.229, 39.8212, 1531.96, 277.7581, 586.5773, 313.332, 1303.277, 56.70872, 954.6221
147.2, 153.3826, 452.5773, 318.4965, 882.8925, 539.3632, 2582.609, 1876.994, 37.52791, 1453.177, 256.507, 546.8096, 297.6762, 1245.537, 53.33765, 985.8489
147.3, 144.6293, 430.595, 302.5464, 903.158, 510.6486, 2709.573, 1774.659, 35.36668, 1393.34, 236.8818, 509.7379, 282.8026, 1190.355, 50.16698, 937.9838
147.4, 136.3756, 409.6803, 287.395, 958.0382, 483.4628, 2605.41, 1703.705, 33.32993, 1329.272, 218.7581, 475.1796, 268.6723, 1281.005, 47.18478, 987.4163
147.5, 128.593, 431.1986, 277.5813, 908.2587, 457.7242, 2493.32, 1610.819, 31.41046, 1231.755, 202.021, 442.9641, 255.2479, 1401.669, 44.37987, 939.4752
147.6, 121.2544, 410.2546, 263.6802, 861.0657, 433.356, 2462.75, 1692.992, 29.60154, 1207.625, 186.5645, 412.9328, 242.4943, 1339.57, 41.74169, 893.8617
147.7, 114.3347, 390.3279, 285.6061, 816.3248, 442.865, 2335.595, 1600.689, 27.8968, 1119.032, 172.2906, 384.9375, 230.378, 1364.475, 39.26034, 850.4628
147.8, 107.8098, 371.3691, 430.9199, 790.7623, 419.2878, 2252.791, 1513.419, 26.29023, 1036.938, 159.1087, 358.8402, 218.867, 1304.024, 36.9265, 809.1711
147.9, 101.6573, 353.3311, 552.0775, 749.6744, 396.9658, 2135.778, 1430.907, 24.77618, 960.8669, 146.9354, 334.5121, 207.9312, 1246.251, 34.73139, 769.8842
148, 95.85596, 336.1693, 524.4297, 710.7214, 375.8322, 2081.699, 1352.893, 23.34932, 944.3261, 135.6935, 311.8335, 197.5418, 1191.038, 32.66677, 732.5046
148.1, 90.38565, 319.841, 498.1665, 673.7924, 355.8237, 1978.016, 1279.133, 22.00464, 910.8398, 125.3116, 290.6923, 187.6716, 1138.271, 30.72489, 696.94
148.2, 85.22752, 304.3059, 473.2186, 668.067, 393.5319, 1911.168, 1280.558, 20.7374, 844.0193, 115.7241, 270.9845, 178.2945, 1152.705, 28.89844, 663.1021
148.3, 80.36376, 289.5253, 449.5201, 633.3543, 372.5811, 1899.921, 1270.293, 19.54314, 809.2938, 106.8701, 252.6127, 169.3859, 1234.11, 27.18056, 630.9071
148.4, 75.77757, 275.4626, 427.0084, 600.4453, 352.7456, 1938.06, 1388.116, 18.41765, 900.207, 98.69356, 235.4865, 160.9224, 1325.35, 25.5648, 600.2753
148.5, 71.45309, 262.0829, 405.624, 569.2463, 370.325, 1852.765, 1426.706, 17.35698, 911.9649, 163.0978, 219.5214, 152.8819, 1266.633, 24.0451, 671.6122
148.6, 67.37541, 249.3532, 385.3106, 539.6683, 350.6097, 1789.206, 1510.019, 16.3574, 876.5624, 174.1621, 204.6387, 145.243, 1273.459, 22.61573, 701.7254
148.7, 63.53043, 237.2417, 366.0144, 511.6272, 331.944, 1815.299, 1497.564, 392.0774, 1514.621, 586.2825, 190.7649, 137.9859, 1217.041, 21.27133, 743.775
148.8, 59.90488, 225.7185, 347.6846, 600.8994, 314.272, 1711.704, 1415.916, 469.6129, 1743.133, 1001.719, 177.8318, 131.0914, 1343.307, 20.00685, 707.6631
148.9, 56.48623, 214.755, 330.2728, 575.8578, 297.5408, 1669.042, 1338.72, 474.7556, 1876.3, 1049.914, 165.7754, 124.5413, 1521.333, 18.81753, 673.3046
149, 53.26267, 204.3241, 354.2102, 700.0712, 281.7004, 1626.045, 1265.732, 685.6978, 1738.652, 969.586, 154.5365, 118.3186, 1453.932, 17.69892, 678.4438
149.1, 50.22308, 194.3997, 336.4716, 684.8467, 266.7033, 1692.775, 1196.724, 775.7197, 1877.863, 943.9502, 144.0595, 112.4067, 1546.703, 16.6468, 666.1322
149.2, 47.35695, 184.9574, 319.6212, 649.2622, 410.6682, 1596.172, 1243.469, 1021.689, 1740.1, 876.1533, 134.2928, 106.7903, 1516.292, 15.65723, 1000.564
149.3, 44.65438, 175.9738, 303.6148, 615.5266, 402.7559, 1548.459, 1280.227, 962.8506, 1653.952, 809.1193, 125.1882, 101.4544, 1449.115, 14.72648, 951.9843
149.4, 68.5079, 167.4265, 288.4099, 583.5439, 381.314, 1481.29, 1210.428, 907.4003, 1532.616, 747.2141, 116.7009, 96.3852, 1762.267, 13.85106, 905.7635
149.5, 64.5983, 159.2943, 339.1905, 640.7241, 361.0136, 1424.99, 1179.695, 855.1433, 1645.159, 690.0452, 108.789, 91.56927, 1747.33, 13.02768, 861.7867
149.6, 82.94609, 200.8423, 322.204, 607.4322, 456.1666, 1531.327, 1115.378, 805.8958, 1524.468, 677.4376, 101.4136, 86.99397, 1967.311, 12.25324, 819.9452
149.7, 78.21252, 191.0871, 322.2122, 575.8701, 431.8813, 1443.937, 1054.567, 759.4844, 1412.631, 677.39, 94.53809, 82.64727, 1900.487, 11.52484, 780.1351
149.8, 73.74909, 181.8057, 306.076, 545.948, 457.1973, 1406.367, 1097.904, 715.7459, 1308.998, 625.5633, 88.12875, 78.51776, 1843.299, 10.83975, 742.2579
149.9, 69.54038, 172.9752, 290.7479, 593.0057, 436.3284, 1326.108, 1169.553, 674.5262, 1305.618, 577.7018, 82.15395, 74.59458, 1761.634, 10.19537, 706.2197
150, 65.57185, 164.5735, 276.1874, 1348.479, 413.0992, 1250.43, 1105.789, 635.6804, 1339.276, 533.5021, 76.58422, 70.86742, 1791.829, 9.589307, 671.9313
150.1, 61.8298, 156.5799, 262.3561, 1423.617, 391.1067, 1245.582, 1045.5, 939.6379, 1241.025, 492.6842, 71.3921, 67.3265, 1712.444, 9.019267, 639.3076
150.2, 58.3013, 148.9746, 249.2174, 1539.737, 422.4275, 1174.5, 1033.669, 1122.244, 1149.982, 454.9892, 66.55198, 63.9625, 1636.577, 8.483114, 608.2679
150.3, 54.97416, 141.7386, 249.2982, 1459.733, 399.9383, 1180.305, 977.3129, 1057.614, 1065.618, 420.1783, 62.04, 60.76658, 1701.28, 7.978833, 578.7352
150.4, 51.83689, 134.8542, 236.8135, 1383.885, 378.6465, 1131.571, 981.156, 996.7062, 1014.243, 419.7141, 176.8322, 57.73035, 1738.607, 7.504529, 550.6364
150.5, 48.87867, 176.6541, 224.954, 1336.391, 377.9077, 1270.323, 927.663, 939.3062, 1020.807, 426.609, 663.9696, 54.84582, 1661.581, 7.058419, 523.9019
150.6, 46.08926, 168.0737, 213.6884, 2368.68, 393.5842, 1275.731, 877.0864, 885.2117, 954.1805, 430.0475, 1223.904, 52.10542, 1682.718, 6.638829, 498.4653
150.7, 43.45904, 159.9101, 202.987, 2821.211, 372.6306, 1265.662, 1012.675, 834.2326, 964.224, 397.1448, 1140.928, 49.50195, 1632.988, 6.244182, 474.2638
150.8, 40.97892, 152.1431, 201.8162, 2674.621, 352.7926, 1193.433, 957.4634, 786.1893, 893.4872, 366.7595, 1210.042, 47.02856, 1560.641, 5.872995, 451.2373
150.9, 38.64033, 144.7532, 191.7093, 2665.015, 334.0107, 1125.326, 905.2621, 740.9128, 872.0043, 433.9373, 1178.582, 44.67876, 1676.07, 5.523873, 429.3288
151, 36.4352, 137.7224, 790.0958, 2526.541, 316.2287, 1185.381, 855.9069, 698.2438, 835.7631, 400.7371, 1322.021, 42.44636, 1601.814, 5.195505, 408.484
151.1, 34.35592, 131.033, 940.7005, 2637.48, 299.3933, 1117.734, 809.2424, 658.0321, 774.4504, 370.0769, 1232.393, 40.32551, 1530.848, 4.886656, 388.6512
151.2, 32.39529, 124.6685, 922.1223, 2500.437, 283.4543, 1053.947, 765.1222, 620.1362, 905.8064, 530.2268, 1190.38, 38.31062, 1523.879, 4.596168, 369.7814
151.3, 33.03173, 118.6132, 897.9532, 2469.842, 268.3638, 1110.79, 723.4074, 584.4227, 839.3552, 974.6701, 1266.708, 36.39641, 1801.749, 4.322947, 351.8277
151.4, 31.14667, 112.8519, 852.9843, 2341.509, 321.1873, 1047.4, 683.9669, 941.9439, 777.7789, 992.4644, 1280.433, 34.57785, 1796.924, 4.065968, 334.7457
151.5, 29.3692, 107.3705, 810.2673, 2444.491, 304.088, 987.6268, 694.0165, 887.6976, 720.7199, 916.5315, 1193.625, 32.85015, 1717.314, 3.824265, 318.4931
151.6, 27.69316, 102.1554, 858.4972, 2386.818, 322.9948, 931.2649, 1073.821, 836.5753, 667.8469, 958.4848, 1145.078, 31.20877, 1641.231, 3.596931, 303.0296
151.7, 26.11276, 97.19354, 815.5041, 2402.852, 305.7993, 878.1195, 1208.092, 788.3971, 618.8527, 885.1517, 1067.446, 29.64941, 1747.784, 3.38311, 288.3169
151.8, 26.09176, 92.4727, 806.8613, 2278, 310.8848, 854.4141, 1160.937, 742.9935, 573.4528, 817.4293, 1166.391, 28.16796, 1670.351, 3.182, 274.3185
151.9, 45.27673, 87.98116, 766.4541, 2159.636, 294.334, 1461.825, 1170.514, 700.2047, 531.3835, 754.8882, 1379.664, 26.76054, 1596.348, 2.992845, 260.9998
152, 114.4336, 83.70779, 769.8202, 2047.422, 278.6643, 1515.41, 1184.978, 659.88, 492.4005, 772.3827, 1313.865, 25.42343, 1565.865, 2.814934, 248.3277
152.1, 107.9031, 79.64197, 731.268, 2001.939, 263.8288, 1550.931, 1152.812, 621.8777, 456.2773, 713.2881, 1224.79, 24.15314, 1496.492, 2.647599, 236.2709
152.2, 101.7453, 75.77364, 694.6465, 2143.545, 249.7831, 1665.001, 1370.316, 586.0639, 422.8041, 658.7149, 1141.754, 22.94632, 1561.938, 2.490212, 224.7994
152.3, 95.93893, 72.09319, 776.9203, 2032.167, 244.0572, 1638.062, 1310.287, 552.3126, 391.7866, 610.1625, 1178.121, 21.79979, 1667.597, 2.34218, 213.8849
152.4, 146.9365, 68.59151, 738.0126, 2080.265, 231.0641, 1544.581, 1238.85, 520.5051, 363.0446, 590.438, 1175.336, 20.71055, 1649.623, 2.202949, 203.5004
152.5, 138.5511, 65.25992, 701.0533, 2082.276, 218.7628, 1463.474, 1268.214, 490.5293, 336.4112, 545.2639, 1385.41, 19.67574, 1668.4, 2.071994, 193.62
152.6, 130.6443, 62.09015, 669.7288, 1974.081, 227.2183, 1503.83, 1199.07, 462.2798, 311.7316, 503.5461, 1291.484, 18.69263, 1594.484, 1.948823, 184.2193
152.7, 123.1887, 59.07433, 657.3392, 1871.508, 292.5733, 1418.01, 1133.697, 435.6572, 288.8625, 486.8625, 1203.926, 17.75865, 1523.843, 1.832975, 175.2751
152.8, 116.1586, 56.205, 823.9092, 1774.265, 276.9973, 1337.087, 1131.459, 410.5678, 267.6712, 449.6129, 1122.305, 16.87133, 1456.331, 1.724013, 166.7651
152.9, 109.5296, 53.47504, 782.6483, 1848.123, 262.2506, 1260.782, 1167.708, 386.9233, 248.0344, 471.3597, 1046.216, 16.02834, 1600.641, 1.621529, 158.6683
153, 164.3057, 50.87768, 743.4537, 2110.8, 248.289, 1188.832, 1104.044, 364.6405, 229.8383, 435.2963, 975.2869, 15.22748, 1529.727, 1.525136, 150.9647
153.1, 154.9291, 48.40647, 706.222, 2870.438, 243.2803, 1120.987, 1043.851, 343.6409, 212.977, 409.414, 1035.018, 14.46663, 1894.618, 1.434474, 143.635
153.2, 146.0876, 46.05529, 670.8547, 3185.239, 235.2253, 1057.015, 986.9399, 323.8507, 197.3527, 387.7124, 964.8476, 13.7438, 1810.68, 1.349201, 136.6612
153.3, 137.7507, 43.81832, 637.2587, 3213.145, 257.9421, 996.6932, 933.1315, 305.2003, 182.8747, 358.0488, 899.4345, 13.05708, 1758.124, 1.268998, 130.026
153.4, 129.8896, 41.68999, 605.3451, 3105.827, 244.2098, 939.8139, 882.2567, 287.6238, 169.4587, 395.5398, 838.4562, 12.40468, 1799.659, 1.193562, 123.713
153.5, 122.477, 39.66505, 575.0297, 3156.449, 231.2086, 886.1806, 834.1557, 271.0597, 157.027, 365.2773, 781.6119, 11.78487, 1719.928, 1.12261, 117.7065
153.6, 115.4875, 37.73845, 546.2325, 2992.44, 218.8995, 835.608, 984.0195, 255.4494, 145.5073, 337.3302, 769.2855, 11.19603, 1740.102, 1.055876, 111.9916
153.7, 108.8969, 35.90544, 518.8775, 3157.317, 207.2458, 787.9216, 930.3704, 240.7381, 134.8327, 311.5212, 726.8538, 10.63662, 1663.009, 0.9931091, 106.5542
153.8, 102.6823, 34.16146, 492.8924, 3064.706, 200.7582, 897.4566, 879.6462, 814.594, 124.9411, 304.031, 734.4369, 10.10515, 1802.726, 0.9340734, 101.3807
153.9, 96.82246, 32.50218, 486.4612, 3001.859, 235.5938, 926.0248, 913.5328, 767.6817, 115.7753, 280.7698, 998.6425, 9.600245, 1722.859, 0.8785471, 96.45848
154, 91.297, 30.9235, 462.0995, 2943.663, 231.9427, 1055.069, 894.3167, 723.4711, 107.2819, 259.2883, 1557.502, 9.120564, 1646.53, 0.8263215, 91.77522
154.1, 86.08686, 29.4215, 438.9578, 2919.8, 219.5946, 1100.692, 947.8588, 681.8065, 636.9205, 239.4503, 1481.872, 8.66485, 1735.19, 0.7772006, 87.31934
154.2, 81.17406, 27.99245, 417.9995, 3030.327, 207.9038, 1053.71, 896.1811, 642.5414, 1237.112, 221.1301, 1525.383, 8.231907, 1985.919, 0.7309996, 83.0798
154.3, 98.48696, 26.63282, 495.4933, 2872.871, 196.8355, 2140.074, 874.8898, 605.5377, 1240.64, 204.2115, 1585.253, 7.820596, 1897.935, 0.6875451, 79.0461
154.4, 101.3863, 126.9354, 470.6793, 2801.314, 255.5744, 2842.773, 827.1904, 570.6649, 1271.513, 188.5874, 1618.282, 7.429836, 1813.85, 0.6466738, 75.20825
154.5, 95.60034, 120.7699, 447.1079, 2691.76, 241.9682, 2890.274, 782.0917, 537.8004, 1203.83, 174.1587, 1508.569, 7.0586, 1807.759, 0.6082321, 71.55673
154.6, 90.14462, 114.9039, 424.717, 2645.365, 229.0863, 2800.132, 936.8353, 506.8286, 1141.366, 160.8339, 1406.293, 6.705914, 1727.669, 0.5720755, 68.0825
154.7, 85.00025, 163.2901, 403.4474, 2808.188, 216.8903, 2879.789, 948.1334, 477.6405, 1117.479, 148.5286, 1310.952, 6.37085, 1651.127, 0.5380684, 64.77695
154.8, 80.14946, 180.91, 383.243, 2945.271, 205.3435, 2749.177, 896.4407, 450.1333, 1068.57, 210.3892, 1342.127, 6.052527, 1827.156, 0.5060827, 61.6319
154.9, 75.57549, 172.123, 364.0504, 2832.213, 194.4115, 2610.019, 847.5664, 424.2102, 1047.642, 738.5814, 1251.136, 5.750109, 1746.207, 400.3622, 58.63954
155, 71.26255, 163.7627, 345.8189, 2744.491, 184.0614, 2461.07, 1252.103, 399.78, 970.7858, 1032.98, 1166.313, 5.462802, 1680.121, 996.1472, 55.79247
155.1, 80.34435, 155.8085, 328.5005, 2714.82, 174.2624, 2389.478, 1535.133, 376.7568, 899.5676, 953.9471, 1087.242, 5.18985, 1725.93, 1155.673, 53.08363
155.2, 141.9309, 148.2406, 312.0493, 2679.747, 164.985, 2391.121, 1451.437, 355.0594, 1026.008, 921.9544, 1013.531, 4.930537, 1653.951, 1086.974, 50.50631
155.3, 133.8312, 596.7397, 296.4221, 2800.476, 156.2016, 2254.664, 1581.019, 334.6117, 1504.194, 851.4162, 944.8171, 247.6507, 1777.213, 1022.358, 48.05412
155.4, 126.1937, 1759.723, 281.5774, 2654.963, 147.8857, 2125.995, 2418.91, 315.3415, 1739.572, 786.2748, 880.762, 235.2767, 1698.476, 1128.325, 45.72099
155.5, 122.1761, 2069.517, 268.4056, 2591.153, 140.0126, 2080.63, 2932.354, 297.181, 1700.404, 726.1174, 821.0496, 223.521, 1623.227, 1061.252, 43.50114
155.6, 115.2037, 2185.56, 254.964, 2524.574, 132.5586, 2248.278, 2996.085, 280.0664, 1768.481, 689.5745, 765.3855, 212.3526, 1551.313, 1220.773, 41.38907
155.7, 108.6293, 2956.872, 242.1955, 2393.397, 125.5015, 2154.792, 2832.737, 263.9375, 1787.512, 860.9044, 713.4952, 442.7164, 1544.069, 1148.204, 681.0794
155.8, 139.2412, 2901.845, 230.0665, 2634.355, 118.8201, 2031.822, 2843.434, 248.7374, 1735.212, 795.037, 665.1229, 420.5959, 1475.661, 1079.949, 648.0116
155.9, 131.295, 2760.898, 218.5449, 2538.831, 112.4943, 1915.87, 3221.084, 234.4126, 1607.914, 734.2092, 620.03, 399.5806, 1410.284, 1015.751, 616.5493
156, 123.8023, 2703.182, 298.657, 2563.496, 106.5054, 1863.362, 3045.469, 220.9129, 1538.048, 678.0353, 577.9943, 379.6154, 1347.804, 955.3692, 586.6145
156.1, 116.7371, 2571.884, 283.7005, 2430.297, 100.8353, 1757.024, 2968.743, 208.1906, 1425.214, 626.1592, 538.8085, 360.6477, 1288.091, 898.577, 558.1331
156.2, 110.0752, 2623.981, 269.4929, 2406.109, 95.467, 1656.754, 2835.445, 196.2009, 1346.178, 578.2521, 502.2793, 342.6277, 1237.631, 845.1608, 531.0346
156.3, 103.7934, 2663.13, 255.9968, 2281.088, 90.38454, 1562.206, 2783.323, 184.9017, 1247.421, 534.0104, 468.2266, 325.5082, 1182.8, 794.9199, 505.2518
156.4, 143.1101, 2533.778, 370.6592, 2405.866, 85.57266, 1566.116, 2695.175, 174.2533, 1299.82, 493.1536, 436.4826, 309.244, 1280.833, 747.6656, 480.7207
156.5, 134.9431, 2479, 781.2825, 2280.858, 81.01696, 1704.736, 2564.642, 164.2181, 1204.463, 455.4227, 600.9519, 293.7924, 1224.088, 703.2204, 457.3807
156.6, 164.8381, 2462.594, 1334.929, 2162.344, 76.70379, 1607.45, 2583.374, 154.7608, 1116.102, 420.5786, 560.2096, 279.113, 1169.856, 661.4172, 435.174
156.7, 174.0107, 2364.944, 1973.813, 2185.552, 72.62025, 1751.825, 2442.528, 145.8482, 1034.224, 388.4003, 522.2295, 265.167, 1135.487, 622.0991, 414.0453
156.8, 164.0803, 2250.075, 2563.848, 2194.887, 68.7541, 1659.477, 2443.92, 137.4488, 958.3514, 358.6841, 486.8243, 251.9178, 1168.333, 585.1182, 393.9426
156.9, 155.696, 2179.574, 2513.491, 2139.437, 65.09377, 1588.608, 2377.672, 129.5332, 888.0454, 331.2413, 453.8194, 239.3306, 1116.571, 550.3356, 374.8158
157, 146.8108, 2247.516, 2428.56, 2028.272, 61.62832, 1497.949, 2311.108, 122.0734, 822.8972, 305.8983, 423.0521, 227.3723, 1067.103, 517.6207, 356.6177
157.1, 187.3851, 2287.508, 2344.096, 1954.695, 58.34736, 1417.735, 2200.105, 556.0338, 822.5381, 282.4942, 394.3708, 338.5883, 1019.827, 486.8506, 555.4741
157.2, 180.4372, 2281.655, 2399.731, 1853.13, 55.24107, 1512.404, 2349.09, 639.301, 1216.239, 260.8807, 367.6339, 321.6706, 974.6449, 457.9096, 528.5047
157.3, 170.14, 2295.589, 2430.169, 1756.841, 52.30015, 1460.105, 2265.4, 602.4838, 1418.542, 240.9209, 342.7097, 305.5982, 978.5563, 430.689, 502.8447
157.4, 160.4305, 2474.901, 2379.73, 1865.394, 49.5158, 1408.261, 2141.889, 567.7869, 1474.706, 222.4882, 319.4752, 290.3288, 935.2028, 405.0866, 478.4305
157.5, 151.2751, 2624.023, 2260.554, 1844.318, 46.87969, 1335.613, 2070.674, 535.0882, 1419.368, 360.1129, 297.816, 275.8224, 893.77, 381.0061, 455.2017
157.6, 242.5511, 2496.57, 2147.347, 1795.029, 44.38391, 1259.392, 1957.78, 504.2726, 1315.241, 332.5609, 277.6252, 298.733, 938.4986, 358.3571, 830.3962
157.7, 277.1386, 2473.757, 2111.816, 1820.16, 42.02101, 1187.521, 2035.777, 475.2316, 1342.505, 307.1169, 258.8032, 308.6946, 966.7985, 337.0544, 999.586
157.8, 261.3229, 2353.603, 2126.076, 1725.585, 39.7839, 1251.096, 1924.786, 447.8632, 1244.017, 283.6195, 241.2573, 293.2705, 923.9659, 713.4221, 951.054
157.9, 249.7443, 2422.35, 2030.759, 1865.929, 37.66589, 1241.515, 1855.196, 650.4677, 1171.564, 995.284, 224.9009, 478.9183, 906.8701, 1044.564, 1213.028
158, 318.4685, 2336.843, 1929.06, 1800.093, 35.66064, 1170.664, 1892.437, 658.8553, 1085.617, 1069.391, 209.6535, 454.9889, 891.4299, 1203.431, 1452.575
158.1, 368.1443, 2377.728, 1913.803, 1706.56, 33.76214, 1246.9, 1789.26, 657.0165, 1147.028, 987.5721, 195.4398, 635.8677, 851.9364, 1131.893, 1654.853
158.2, 444.9964, 2357.509, 1844.012, 1624.204, 31.96472, 1344.86, 1691.709, 619.1791, 1062.88, 912.0135, 182.1897, 674.7356, 814.1926, 1167.332, 1992.902
158.3, 452.5829, 2370.138, 1920.629, 1601.921, 30.26299, 1268.112, 1599.476, 755.2557, 1035.424, 922.0274, 169.8379, 764.6851, 778.121, 1564.518, 2293.116
158.4, 490.4233, 2307.314, 1892.991, 1555.58, 28.65185, 1273.02, 1512.272, 711.7607, 959.4642, 927.8839, 158.3235, 857.7054, 750.5703, 1742.392, 2348.188
158.5, 462.4358, 2278.636, 1798.191, 1474.752, 27.12649, 1200.371, 1556.103, 670.7706, 889.0766, 856.892, 147.5898, 909.4377, 748.3237, 1742.058, 2619.709
158.6, 436.0455, 2303.853, 1865.641, 1398.124, 25.68233, 1192.248, 1625.097, 632.1411, 823.8527, 791.3317, 137.5837, 863.9973, 733.2783, 1666.655, 2517.932
158.7, 485.339, 2202.415, 1925.654, 1387.499, 24.31506, 1243.687, 1536.496, 726.1185, 763.4138, 730.7874, 128.2561, 820.8272, 700.7915, 1613.057, 2679.327
158.8, 457.6417, 2145.729, 2282.697, 1490.467, 23.02058, 1218.226, 1556.481, 684.3015, 707.4086, 765.5561, 119.5608, 779.8141, 689.5623, 1517.169, 2549.24
158.9, 431.525, 2208.205, 2612.794, 1413.022, 21.79501, 1322.143, 1619.984, 676.6636, 884.1756, 1393.336, 474.6568, 858.7128, 659.0122, 1512.93, 2599.217
159, 446.1518, 2557.454, 2748.299, 1339.602, 20.63469, 1246.691, 1531.661, 858.0427, 1183.989, 1572.14, 442.4768, 854.5512, 694.7225, 1961.858, 2815.822
159.1, 420.6908, 2433.234, 2666.207, 1307.95, 19.53614, 1175.545, 1518.171, 808.6282, 1201.85, 1694.297, 412.4785, 886.8888, 663.9438, 2244.881, 2820.646
159.2, 402.9952, 2405.825, 2623.551, 1307.067, 18.49608, 1108.459, 1645.364, 810.936, 1185.86, 1564.668, 384.514, 842.575, 634.5287, 2240.182, 2701.838
159.3, 379.997, 2461.8, 2640.328, 1245.269, 17.51139, 1104.325, 1804.659, 1327.666, 1098.864, 1444.956, 358.4454, 800.4753, 606.4169, 2107.014, 2640.196
159.4, 358.3114, 2684.09, 2552.671, 1230.12, 16.57912, 1051.297, 1838.98, 2028.564, 1018.25, 1435.538, 334.1441, 825.1962, 591.3155, 2146.719, 2632.073
159.5, 337.8633, 2761.791, 2487.334, 1215.851, 15.69648, 1078.926, 1738.718, 2359.341, 943.5496, 1488.383, 311.4904, 807.2075, 626.735, 2134.818, 2605.938
159.6, 318.5821, 2681.005, 2541.967, 1152.676, 14.86084, 1017.354, 1643.922, 2223.467, 874.3295, 1374.508, 290.3725, 1058.676, 598.9684, 2007.913, 2604.369
159.7, 300.4012, 2701.282, 2479.27, 1092.783, 14.06968, 1075.876, 1670.563, 2335.437, 810.1874, 1299.122, 270.6863, 1244.55, 572.432, 1925.823, 2477.921
159.8, 415.1874, 2667.356, 2355.109, 1109.357, 13.32064, 1014.478, 1780.554, 2398.901, 825.0983, 1310.184, 252.3348, 1197.957, 547.0712, 1811.341, 2538.692
159.9, 391.4935, 2695.085, 2396.564, 1184.196, 12.61148, 993.9313, 1706.328, 2420.128, 764.5679, 1258.688, 235.2274, 1293.662, 522.834, 1863.525, 2638.969
160, 439.3048, 2564.18, 2308.73, 1122.665, 11.94007, 937.2096, 1613.298, 2280.754, 812.7811, 1162.386, 219.2799, 1242.349, 499.6707, 1752.747, 2527.981
160.1, 414.2346, 2730.805, 2193.11, 1064.332, 11.3044, 1205.168, 1674.578, 2201.067, 753.1544, 1124.387, 204.4135, 1227.205, 477.5335, 1809.191, 2546.154
160.2, 390.5951, 2693.834, 2290.996, 1026.472, 10.70258, 1136.392, 1583.279, 2212.09, 744.1362, 1086.441, 190.555, 1207.034, 456.377, 1932.646, 2535.584
160.3, 368.3046, 2625.582, 2205.06, 973.1366, 10.1328, 1071.54, 1496.958, 2296.028, 689.5453, 1003.318, 177.6361, 1193.91, 436.1579, 1817.759, 2563.496
160.4, 347.2862, 2498.054, 2275.208, 993.8995, 9.593351, 1010.39, 1415.344, 2728.232, 803.4465, 998.3905, 165.593, 1134.255, 416.8346, 1982.893, 2439.033
160.5, 327.4673, 2418.96, 2243.524, 942.2567, 30.87182, 952.7289, 1510.626, 2718.597, 2063.932, 1041.76, 154.3664, 1077.582, 398.3673, 1973.624, 2470.365
160.6, 308.7794, 2301.467, 2141.592, 893.2971, 35.26587, 985.6988, 1428.266, 2732.563, 2976.821, 962.0559, 143.901, 1023.74, 380.7183, 1918.929, 2350.424
160.7, 291.1579, 2445.914, 2051.128, 916.078, 33.38839, 1029.332, 1350.396, 2741.866, 3073.022, 938.4275, 134.145, 972.5883, 363.8511, 1837.734, 2236.306
160.8, 274.5421, 2329.527, 1948.409, 868.4787, 31.61086, 982.2827, 1276.772, 2583.963, 2941.548, 994.0734, 125.0505, 1103.105, 347.7312, 1831.391, 2416.504
160.9, 268.4113, 2716.387, 1926.363, 839.5436, 37.82799, 926.2258, 1207.162, 2548.883, 2906.822, 984.3455, 116.5725, 1047.988, 332.3255, 1858.681, 2416.989
161, 253.0936, 2620.301, 2090.657, 795.9211, 35.81411, 950.0528, 1192.251, 2512.622, 2778.104, 909.0338, 108.6693, 995.6249, 317.6023, 1995.305, 2497.85
161.1, 318.3445, 2687.528, 2086.554, 754.5651, 33.90744, 1048.114, 1127.249, 2448.927, 2693.169, 842.8868, 101.302, 945.878, 303.5314, 1876.694, 2376.574
161.2, 340.9606, 2556.991, 2601.542, 715.358, 637.6857, 988.3002, 1123.922, 2307.894, 2551.001, 889.6519, 357.1631, 898.6167, 290.0839, 1976.653, 2261.186
161.3, 321.5026, 2480.65, 3310.042, 754.2691, 1354.528, 994.3882, 1076.531, 2174.982, 2363.856, 853.4087, 369.2489, 954.3751, 277.2321, 1894.222, 2151.401
161.4, 389.3042, 2412.881, 3484.697, 715.0774, 1643.036, 1089.08, 1027.685, 2049.726, 2234.795, 788.1149, 344.2152, 906.6892, 264.9498, 1901.615, 2046.946
161.5, 387.6787, 2638.314, 3430.422, 711.4979, 1923.322, 1146.247, 1007.37, 1931.682, 2168.983, 727.8167, 379.6037, 861.386, 253.2116, 1886.182, 1947.562
161.6, 365.5547, 2510.167, 3444.942, 1387.876, 1829, 1080.833, 1037.488, 1820.437, 2086.216, 672.1318, 353.868, 818.3464, 241.9934, 1774.057, 1853.004
161.7, 344.6932, 2388.244, 3447.302, 1487.279, 1824.203, 1019.152, 980.9234, 1935.121, 1933.169, 620.7074, 329.8771, 872.6214, 231.2722, 1668.598, 1964.872
161.8, 325.0222, 2390.294, 3291.729, 1561.91, 1765.178, 1088.464, 927.4431, 1823.678, 2239.439, 573.2174, 307.5126, 829.0204, 221.026, 1569.408, 2029.03
161.9, 306.4739, 2322.461, 3230.164, 1549.069, 1671.204, 1026.347, 876.8785, 1718.653, 2760.129, 556.0059, 362.9253, 859.8251, 211.2338, 1476.114, 2016.386
162, 350.2848, 2412.193, 3075.401, 1468.58, 1613.406, 1096.16, 829.0707, 1702.732, 2827.642, 728.5836, 338.3203, 816.8635, 201.8754, 1388.366, 2004.145
162.1, 330.2948, 2375.649, 3128.947, 1430.999, 1652.079, 1033.604, 783.8694, 1647.834, 2735.194, 798.651, 364.2951, 922.0367, 266.0232, 1457.427, 2149.669
162.2, 311.4455, 2394.163, 2992.083, 1483.047, 1636.131, 974.6187, 741.1325, 1694.233, 2606.204, 1698.668, 443.8991, 875.9667, 254.2374, 1402.635, 2090.589
162.3, 293.6719, 2277.875, 2962.67, 1418.798, 1549.027, 918.9991, 700.7256, 1596.662, 2562.112, 2331.305, 489.0408, 832.1986, 325.4135, 1377.857, 1989.086
162.4, 333.2585, 2492.57, 2953.537, 1345.078, 1538.811, 866.5537, 662.5218, 1565.867, 2401.545, 2216.217, 611.2391, 948.2155, 354.5287, 1353.79, 2055.249
162.5, 314.2401, 2371.502, 2872.959, 1374.715, 1500.248, 1024.752, 626.4008, 1670.629, 2424.177, 2213.093, 569.7994, 900.8375, 368.1392, 1273.314, 2082.531
162.6, 296.307, 2331.92, 2901.815, 1312.65, 1420.378, 966.2712, 592.2492, 1769.037, 2267.142, 2135.293, 531.1691, 855.8267, 351.8293, 1197.621, 2190.796
162.7, 279.3974, 2289.221, 2766.846, 1244.445, 1344.76, 911.1281, 559.9595, 1667.159, 2347.934, 2054.187, 495.1578, 971.0562, 336.242, 1126.428, 2124.635
162.8, 263.4528, 2392.817, 2741.381, 1179.784, 1334.041, 859.1318, 529.4303, 1571.147, 2448.82, 2022.554, 461.5879, 922.5369, 321.3453, 1231.04, 2098.66
162.9, 311.4765, 2340.713, 2625.145, 1128.383, 1319.05, 810.1028, 500.5655, 1480.665, 2269.171, 1867.81, 430.294, 912.0003, 354.9216, 1157.86, 1996.766
163, 293.7012, 2319.373, 2528.719, 1244.866, 1253.194, 864.3217, 473.2745, 1395.394, 2239.924, 1903.93, 401.1216, 896.6345, 339.1974, 1222.209, 1998.21
163.1, 276.9403, 2225.215, 2610.71, 1180.183, 1272.797, 814.9966, 617.4194, 1315.034, 2202.943, 1758.261, 373.9271, 851.8337, 324.1697, 1149.555, 2111.881
163.2, 261.1359, 2219.615, 2507.685, 1118.861, 1365.582, 768.4864, 583.7574, 1239.301, 2041.332, 1623.738, 348.5762, 861.0163, 309.8078, 1081.219, 2009.345
163.3, 298.2089, 2144.789, 2464.742, 1090.029, 1292.881, 819.1174, 582.5322, 1260.944, 2011.633, 1633.89, 324.9441, 903.2216, 296.0822, 1016.946, 1946.353
163.4, 281.1907, 2040.613, 2483.85, 1154.475, 1224.051, 772.372, 550.7723, 1272.976, 1919.63, 1637.757, 302.9141, 858.0916, 282.9648, 1010.702, 1883.437
163.5, 285.8065, 2105.006, 2416.918, 1094.489, 1158.885, 728.2943, 520.744, 1199.666, 1911.341, 1512.453, 282.3776, 843.5236, 270.4284, 1037.826, 2019.546
163.6, 340.1835, 2050.956, 2295.88, 1037.619, 1097.188, 765.6038, 532.8068, 1278.958, 1771.122, 1396.736, 263.2335, 854.976, 258.4475, 976.1318, 2294.622
163.7, 409.7086, 2011.383, 2377.146, 1147.534, 1107.719, 746.277, 503.7579, 1263.814, 1656.321, 1360.427, 245.3872, 812.2567, 246.9973, 918.1053, 2183.214
163.8, 388.0792, 1913.688, 2258.1, 1087.908, 1048.747, 703.6885, 476.2928, 1191.031, 1561.469, 1461.302, 228.7509, 771.6719, 236.0545, 863.5282, 2204.681
163.9, 400.4257, 1820.737, 2145.015, 1031.381, 992.9138, 741.9468, 559.9333, 1405.268, 1539.751, 1349.499, 213.2424, 908.3114, 225.5964, 988.1738, 2097.639
164, 377.5742, 1836.121, 2258.066, 977.7902, 987.7402, 699.6053, 529.4055, 1639.518, 1440.541, 1263.852, 198.7854, 1383.514, 215.6017, 1122.741, 1995.794
164.1, 426.7183, 1782.45, 2144.983, 1076.01, 1080.742, 659.6803, 500.5421, 1769.777, 1334.861, 1277.603, 185.3085, 1314.386, 206.0498, 1056, 2196.069
164.2, 402.3663, 1726.535, 2243.13, 1220.742, 1023.206, 698.2822, 473.2523, 1667.856, 1289.92, 1362.228, 172.7452, 1394.845, 196.9211, 993.2255, 2089.445
164.3, 379.4041, 1642.674, 2153.688, 1157.313, 996.4709, 658.4327, 447.4504, 1662.852, 1208.916, 1337.113, 161.0337, 1325.151, 188.1967, 934.1829, 1987.998
164.4, 397.602, 1815.568, 2045.832, 1097.179, 943.4209, 739.9543, 423.0552, 1643.157, 1176.221, 1234.811, 150.1162, 1382.803, 179.859, 878.6501, 1927.259
164.5, 402.0645, 1759.655, 2064.078, 1414.595, 932.0129, 782.5595, 399.9901, 1548.528, 1183.543, 1140.337, 139.9389, 1391.196, 171.8906, 826.4185, 2044.18
164.6, 568.7714, 1857.435, 1960.71, 2576.54, 882.3945, 801.1102, 531.7017, 1621.337, 1096.717, 1130.483, 130.4516, 1396.854, 164.2752, 777.2918, 1944.93
164.7, 794.4093, 2419.409, 2001.614, 3242.185, 835.4177, 755.3925, 502.7131, 1742.789, 1016.26, 1140.717, 121.6075, 1389.677, 156.9973, 731.0854, 1850.5
164.8, 1103.324, 2434.443, 2024.829, 3555.529, 890.2089, 712.2838, 475.305, 1642.422, 1157.393, 1268.804, 113.3629, 1343.056, 150.0417, 687.6259, 1760.654
164.9, 1170.615, 2316.198, 2019.302, 3595.616, 860.0918, 671.6351, 449.3911, 1547.835, 1689.058, 1171.729, 105.6773, 1406.361, 164.719, 646.7497, 1784.968
165, 1189.413, 2203.697, 1918.177, 3408.788, 854.0093, 633.3063, 424.8901, 1553.232, 1789.785, 1094.882, 98.5128, 1439.538, 157.4213, 608.3035, 1698.304
165.1, 1196.887, 2238.402, 1822.115, 3393.557, 808.5437, 597.1647, 401.7249, 1527.516, 1658.484, 1104.893, 91.834, 1523.298, 150.447, 572.1427, 1615.848
165.2, 1128.583, 2248.127, 1730.865, 3217.228, 765.4986, 563.0858, 379.8227, 1541.318, 1634.032, 1020.358, 85.60799, 1447.186, 143.7817, 538.1315, 1678.805
165.3, 1064.177, 2301.583, 1650.62, 3161.885, 724.7451, 631.1981, 359.1146, 1452.553, 2384.75, 954.5117, 79.80409, 1374.877, 158.3555, 506.1421, 1722.405
165.4, 1003.447, 2189.792, 1860.888, 3051.151, 686.1613, 604.3339, 339.5356, 1400.192, 2588.232, 1004.516, 74.39367, 1306.18, 198.3202, 476.0543, 1841.961
165.5, 946.1823, 2119.532, 1835.398, 3006.758, 714.3699, 569.8458, 321.0239, 1493.556, 2511.088, 927.6615, 69.35005, 1406.491, 189.5339, 447.7551, 1902.476
165.6, 892.1856, 2206.217, 1823.257, 2961.566, 676.3384, 537.3258, 303.5216, 1534.038, 2516.981, 915.5188, 64.64838, 1449.817, 246.112, 421.1382, 1864.82
165.7, 887.1118, 2101.383, 1731.949, 2903.489, 640.3316, 596.0031, 286.9734, 1469.996, 2332.332, 853.9644, 60.26546, 1407.942, 235.2084, 396.1035, 1774.279
165.8, 836.4861, 2200.604, 1648.553, 2799.263, 606.2417, 582.6819, 271.3275, 1422.979, 2347.38, 788.6281, 56.17968, 1407.05, 224.7878, 372.5569, 1935.601
165.9, 788.7496, 2093.717, 1733.894, 2663.623, 573.9667, 588.3878, 256.5346, 1400.644, 2393.554, 728.2906, 52.37091, 1336.746, 214.8289, 350.4102, 1841.623
166, 863.2672, 2005.234, 1647.061, 2621.562, 662.9652, 554.8096, 609.0159, 1319.981, 2217.96, 672.5695, 48.82036, 1453.235, 247.3012, 329.5799, 1752.208
166.1, 850.7665, 1907.837, 1604.463, 2520.247, 627.6703, 620.1766, 685.6754, 1243.964, 2055.247, 622.9176, 45.51052, 1437.061, 236.3448, 309.9879, 1871.565
166.2, 802.215, 1977.54, 1524.112, 2389.295, 661.914, 607.7017, 648.2921, 1172.324, 1904.471, 614.6971, 42.42508, 1365.257, 225.8739, 291.5606, 1848.165
166.3, 773.3734, 1881.488, 1531.827, 2637.652, 626.6751, 668.342, 612.9469, 1517.229, 1764.757, 660.7042, 39.54881, 1544.628, 215.8669, 274.2287, 1837.502
166.4, 800.3231, 1790.101, 1455.114, 2653.323, 593.3123, 630.201, 579.5287, 2517.386, 1674.352, 610.1541, 36.86755, 2198.308, 206.3032, 257.9271, 1748.287
166.5, 754.6502, 1703.153, 1566.954, 2586.172, 564.2697, 594.2368, 614.5408, 3126.175, 1551.52, 563.4715, 34.36807, 2181.768, 197.1633, 633.4708, 1663.404
166.6, 711.5839, 1620.428, 1534.044, 2495.642, 585.3804, 560.3248, 720.148, 3173.112, 1514.36, 520.3606, 32.03804, 2072.754, 188.4282, 595.814, 1792.109
166.7, 670.9752, 1609.314, 1457.22, 2487.246, 602.7377, 554.6006, 680.8853, 3350.022, 1403.265, 480.5481, 29.86598, 2347.884, 180.0802, 560.3956, 1741.489
166.8, 632.684, 1531.147, 1384.243, 2460.402, 577.2985, 1100.448, 779.825, 3261.538, 1369.972, 476.2918, 27.84118, 2230.571, 172.102, 527.0827, 1686.157
166.9, 791.057, 1710.922, 1346.554, 2340.642, 546.5643, 2255.917, 1245.575, 3208.391, 1269.469, 439.851, 239.1371, 2232.438, 164.4773, 495.7501, 1643.123
167, 745.913, 1662.037, 1279.119, 2301.648, 517.4664, 3328.497, 1282.866, 3023.621, 1205.804, 419.6775, 275.7036, 2120.893, 157.1904, 466.2801, 1563.346
167.1, 713.1244, 1779.827, 1352.643, 2229.646, 556.5253, 3407.423, 1309.618, 2879.833, 1117.344, 387.5682, 257.0119, 2085.1, 317.3838, 438.5619, 1556.307
167.2, 672.4278, 1831.904, 1284.904, 2113.794, 566.0938, 3337.101, 1350.966, 2795.728, 1188.187, 357.9156, 296.0784, 1980.917, 303.3226, 412.4914, 1587.534
167.3, 825.9531, 1742.925, 1278.809, 2166.761, 535.9562, 3335.738, 1277.31, 2915.375, 1101.02, 330.5316, 276.0053, 2049.97, 289.8843, 387.9707, 1510.456
167.4, 884.3004, 1658.269, 1245.641, 2142.332, 608.3544, 3182.205, 1250.117, 2899.684, 1370.16, 305.2429, 257.2932, 2032.696, 546.5774, 364.9077, 1437.12
167.5, 833.8351, 1577.724, 1183.26, 2071.292, 1271.819, 3063.512, 1181.96, 2893.793, 1327.386, 281.8889, 273.8402, 1931.131, 527.2283, 343.2156, 1506.492
167.6, 965.6445, 1630.637, 1163.743, 2013.17, 1509.621, 3013.605, 1161.003, 2727.141, 1253.968, 260.3217, 285.5834, 2067.783, 536.0985, 322.8131, 1540.584
167.7, 989.0131, 1641.047, 1108.035, 2054.763, 1429.252, 2907.903, 1097.704, 2778.128, 1218.749, 240.4047, 359.753, 1964.466, 512.3475, 579.4112, 1495.958
167.8, 939.0084, 1639.048, 1254.686, 1957.076, 1353.162, 2802.981, 1125.817, 2833.071, 1192.4, 222.0115, 411.4377, 1883.24, 489.6487, 780.0509, 1423.326
167.9, 885.421, 1608.257, 1191.852, 1897.701, 1385.328, 2776.324, 1096.692, 2760.063, 1141.835, 205.0255, 383.5438, 1808.637, 467.9555, 923.4369, 1354.221
168, 852.0709, 1579.445, 1132.165, 1835.729, 1334.89, 2761.477, 1036.9, 2740.818, 1097.553, 189.3391, 357.541, 1869.007, 447.2234, 868.5429, 1422.331
168.1, 851.0627, 1510.026, 1139.838, 1887.08, 1340.469, 2836.54, 980.3677, 2655.447, 1132.877, 174.8529, 333.301, 1775.621, 427.4099, 816.9121, 1550.16
168.2, 802.4943, 1436.681, 1105.43, 1932.508, 1269.105, 2747.6, 926.9176, 2546.138, 1049.768, 161.475, 310.7044, 1876.104, 408.4741, 768.3505, 1474.897
168.3, 756.6976, 1530.062, 1050.071, 1832.095, 1224.72, 2686.792, 876.3817, 2599.195, 972.7555, 149.1206, 289.6398, 1782.364, 390.3773, 722.6757, 1457.463
168.4, 713.5143, 1455.744, 1160.87, 1736.899, 1159.519, 2668.156, 957.327, 2449.508, 901.3928, 137.7115, 270.0033, 1737.02, 373.0822, 679.7159, 1505.727
168.5, 672.7955, 1513.497, 1102.734, 1949.691, 1097.789, 2515.889, 997.8195, 2308.441, 835.2653, 127.1753, 251.6981, 1811.31, 356.5533, 639.31, 1505.806
168.6, 634.4005, 1513.364, 1118.245, 1859.641, 1187.411, 2372.312, 943.4179, 2175.499, 773.9891, 117.4452, 234.6339, 1793.349, 340.7567, 601.306, 1432.696
168.7, 605.6544, 1480.819, 1106.661, 1847.46, 1228.2, 2339.787, 891.9824, 2163.885, 717.2081, 108.4595, 218.7266, 1810.914, 325.66, 565.5612, 1363.135
168.8, 796.8504, 1408.894, 1051.24, 1751.466, 1242.556, 2450.656, 843.3511, 2039.267, 664.5927, 100.1613, 203.8978, 1720.43, 311.2321, 832.0327, 1296.952
168.9, 797.9073, 1340.462, 998.5947, 1660.46, 1181.879, 2340.55, 797.3712, 1921.826, 760.8162, 92.49805, 190.0742, 1662.208, 297.4434, 1188.958, 1595.491
169, 766.8835, 1275.353, 948.5856, 1574.183, 1118.958, 2264.227, 835.9997, 1956.296, 705.0016, 85.42108, 177.1879, 1579.155, 284.2656, 1118.28, 1802.735
169.1, 851.5504, 1385.722, 996.2072, 1533.024, 1059.388, 2237.359, 869.3339, 2012.238, 653.2817, 78.88557, 245.3413, 1500.251, 271.6716, 1083.42, 1885.801
169.2, 827.2657, 1318.416, 983.7274, 1691.198, 1002.988, 2222.399, 821.9374, 1972.351, 605.3561, 72.85007, 228.708, 1693.642, 283.0564, 1317.058, 2018.894
169.3, 780.0553, 1254.378, 934.4629, 1603.323, 949.5911, 2095.571, 777.1251, 1934.991, 560.9463, 67.27636, 213.2025, 1640.364, 270.516, 1478.932, 2117.473
169.4, 773.3314, 1193.451, 887.6655, 1682.555, 931.1553, 2162.162, 836.3672, 2378.602, 519.7945, 62.12909, 237.6617, 1558.402, 258.5312, 1548.542, 2112.368
169.5, 774.712, 1282.39, 843.2117, 1595.13, 903.1744, 2057.812, 790.7681, 2284.436, 481.6617, 57.37563, 243.6488, 1480.536, 247.0774, 1456.488, 2060.743
169.6, 730.5007, 1282.255, 905.2226, 1541.396, 935.6815, 1972.104, 747.655, 2278.343, 446.3263, 52.98585, 392.2786, 1571.527, 236.131, 1369.907, 1960.69
169.7, 688.8125, 1364.778, 935.0179, 1660.673, 885.8678, 1990.308, 706.8926, 2147.133, 413.5832, 48.93193, 365.6836, 1758.691, 225.6695, 1288.472, 2121.619
169.8, 649.5034, 1298.488, 888.1927, 1574.384, 902.9872, 1876.725, 668.3525, 2238.838, 383.2421, 45.18818, 340.8916, 1748.901, 289.6259, 1211.879, 2018.61
169.9, 612.4375, 1235.419, 843.7125, 1510.529, 854.9141, 1769.625, 631.9136, 2109.904, 355.127, 41.73086, 317.7804, 1661.516, 276.7944, 1139.838, 2011.973
170, 577.4869, 1175.412, 891.4951, 1432.042, 835.4872, 1795.256, 597.4614, 2182.395, 329.0743, 38.53806, 296.2361, 1578.498, 264.5314, 1072.08, 1914.287
170.1, 544.5309, 1118.321, 869.2725, 1486.325, 883.3328, 1816.723, 564.8876, 2134.396, 304.933, 35.58953, 276.1524, 1584.892, 252.8118, 1008.35, 2114.97
170.2, 549.4485, 1064.002, 825.7397, 1556.777, 887.0767, 1855.756, 534.0897, 2088.632, 282.5627, 32.8666, 257.4303, 1663.1, 241.6113, 948.4082, 2012.284
170.3, 518.0927, 1012.322, 945.5246, 1562.971, 893.4044, 1834.398, 941.2548, 2118.762, 261.8335, 30.35199, 239.9774, 1580.003, 230.9071, 892.0298, 1914.584
170.4, 601.2407, 1282.541, 898.1732, 1490.409, 845.8414, 2685.081, 996.3481, 2107.887, 242.625, 28.02978, 223.7079, 1501.057, 220.6771, 839.0028, 1998.205
170.5, 566.9291, 1220.246, 853.1932, 1412.967, 800.8107, 2862.255, 942.0267, 1986.494, 224.8257, 25.88524, 208.5413, 1646.756, 210.9003, 1150.756, 2042.26
170.6, 534.5756, 1160.977, 810.4657, 1339.55, 758.1772, 2827.77, 930.8036, 2179.989, 588.9847, 23.90477, 194.403, 1599.019, 201.5567, 1219.385, 1943.104
170.7, 504.0685, 1104.586, 769.878, 1307.74, 717.8135, 2720.276, 880.0558, 2075.123, 718.5123, 22.07583, 181.2232, 1519.124, 192.627, 1301.329, 1905.121
170.8, 475.3023, 1081.706, 793.7635, 1239.79, 679.5987, 2619.654, 832.0748, 2059.267, 665.8012, 20.38682, 168.9369, 1443.22, 184.0929, 1251.171, 2092.176
170.9, 448.1777, 1071.712, 754.0123, 1175.371, 643.4183, 2629.345, 966.0516, 1940.674, 616.9571, 18.82704, 157.4836, 1371.109, 175.937, 1176.794, 2043.644
171, 422.6011, 1230.152, 716.2517, 1184.947, 778.6525, 2479.293, 913.3821, 1828.911, 571.6962, 17.38659, 146.8068, 1394.911, 386.4947, 1214.63, 1944.421
171.1, 398.4841, 1170.402, 698.3443, 1146.766, 746.0496, 2514.486, 863.5841, 1831.27, 550.904, 16.05636, 136.8539, 1325.213, 380.5819, 1224.61, 1934.977
171.2, 424.9331, 1113.554, 699.9576, 1102.853, 706.3315, 2370.989, 816.5012, 1852.688, 610.9961, 14.82789, 127.5757, 1393.42, 363.7208, 1208.356, 1911.564
171.3, 400.683, 1059.467, 739.3383, 1090.988, 668.728, 2346.768, 771.9852, 1869.121, 1209.34, 13.69342, 118.9265, 1436.098, 347.6067, 1831.82, 1923.279
171.4, 377.8169, 1008.007, 702.3126, 1034.3, 633.1263, 2337.131, 959.4148, 2049.714, 1604.391, 12.64575, 110.8638, 1364.343, 332.2065, 2068.926, 1882.121
171.5, 477.954, 959.0463, 774.7123, 994.8636, 599.42, 2218.761, 1496.852, 1931.672, 1560.305, 11.67823, 103.3476, 1296.173, 317.4886, 1945.938, 1790.74
171.6, 450.6782, 959.4166, 738.9097, 943.1706, 567.5082, 2141.185, 1741.288, 1820.427, 1497.026, 10.78473, 96.34103, 1231.409, 358.1098, 2016.911, 1922.224
171.7, 424.9589, 912.8163, 701.9055, 1031.584, 537.2953, 2138.254, 2117.113, 1715.589, 1536.001, 9.959599, 89.80946, 1213.01, 342.2443, 2077.196, 1944.322
171.8, 460.2801, 905.6443, 697.3269, 977.9832, 508.6908, 2054.95, 2168.714, 1818.737, 1423.318, 9.197596, 83.72072, 1152.401, 327.0816, 1953.716, 1849.921
171.9, 434.0128, 861.6558, 662.4052, 1040.965, 510.4773, 1994.093, 2050.474, 1713.996, 1656.665, 189.6059, 78.04476, 1279.185, 312.5908, 2096.885, 1760.103
172, 425.0971, 819.8038, 631.4941, 986.8769, 483.3006, 1943.06, 1972.09, 1669.023, 2678.462, 988.6476, 72.75362, 1215.27, 298.7419, 2312.383, 2004.144
172.1, 400.8376, 779.9847, 599.8692, 935.5989, 521.4927, 2011.318, 1994.434, 1627.491, 2832.585, 1692.447, 67.82119, 1154.548, 425.6742, 2174.923, 1906.838
172.2, 377.9626, 830.0453, 621.3221, 886.9853, 493.7296, 1949.364, 2041.738, 1654.364, 2646.288, 1578.411, 63.22316, 1160.283, 406.8153, 2045.634, 1879.117
172.3, 356.3931, 789.7288, 694.3622, 1684.826, 467.4445, 1842.003, 1930.421, 1559.09, 2783.927, 1755.297, 58.93687, 1235.294, 388.792, 2021.066, 1787.882
172.4, 336.0544, 751.3704, 659.5889, 2466.38, 442.5587, 1869.442, 1825.174, 1557.022, 2579.694, 1626.627, 54.94117, 1173.572, 371.5671, 1900.923, 1863.482
172.5, 316.8765, 714.8752, 685.6458, 2503.819, 418.9979, 1762.757, 1860.069, 1611.335, 2577.238, 1623.693, 51.21636, 1268.044, 355.1054, 1787.922, 1773.006
172.6, 298.793, 680.1526, 651.309, 2373.721, 396.6913, 1842.662, 1823.34, 1518.538, 2396.628, 1569.339, 47.74408, 1271.349, 383.5507, 1681.639, 1765.307
172.7, 281.7415, 647.1165, 735.4496, 2250.383, 454.0367, 1799.292, 1723.93, 1431.086, 2314.47, 1449.27, 44.50721, 1207.826, 366.5581, 1704.239, 1877.703
172.8, 265.6631, 662.1727, 698.6187, 2295.862, 429.8647, 1696.61, 1761.878, 1348.67, 2184.017, 1357.419, 41.48978, 1147.476, 350.3183, 1722.09, 1893.556
172.9, 294.6695, 630.0099, 663.6322, 2176.569, 411.3424, 1634.57, 1665.819, 1271, 2086.419, 1301.782, 38.67693, 1090.142, 334.7979, 1619.72, 1833.174
173, 320.1422, 599.4094, 630.3978, 2063.475, 434.7108, 1541.288, 1658.803, 1197.804, 2014.263, 1355.69, 36.05478, 1035.673, 340.6364, 1523.435, 1744.17
173.1, 301.8723, 610.0209, 598.8278, 2161.811, 411.5677, 1570.926, 1671.87, 1238.608, 2068.371, 1251.967, 33.6104, 983.9247, 579.4183, 1432.874, 1739.816
173.2, 284.6451, 580.3913, 568.8389, 2049.484, 452.3263, 1484.966, 1580.719, 1201.388, 1916.632, 1187.813, 31.33174, 934.7624, 553.748, 1440.669, 1655.344
173.3, 268.4009, 552.2008, 540.3517, 1942.993, 428.2454, 1447.585, 1543.625, 1467.685, 1940.574, 1096.934, 29.20756, 1105.777, 529.215, 1355.028, 1751.411
173.4, 290.9309, 525.3796, 513.2912, 2034.754, 424.7959, 1364.974, 1573.007, 1899.895, 1820.631, 1071.68, 27.2274, 1050.526, 610.0983, 1352.066, 1765.192
173.5, 274.3281, 499.8611, 487.5858, 1963.227, 402.1806, 1454.433, 1487.246, 1876.393, 1708.522, 1022.56, 25.38148, 998.0362, 712.2917, 1271.692, 1728.143
173.6, 258.6727, 475.5821, 514.3527, 1861.218, 380.7694, 1371.432, 1406.161, 1768.332, 1703.58, 944.3246, 23.66071, 1049.94, 742.1519, 1307.622, 1735.243
173.7, 316.5066, 452.4823, 524.3681, 1792.532, 403.0358, 1293.167, 1372.174, 1666.494, 1578.603, 996.5724, 22.0566, 997.4795, 813.1927, 1259.085, 1746.869
173.8, 399.7526, 430.5045, 510.1235, 1861.999, 381.579, 1245.816, 1297.362, 1570.521, 1462.794, 934.1396, 20.56125, 947.64, 802.1687, 1184.239, 1727.739
173.9, 376.9395, 409.5943, 484.5768, 1765.25, 395.314, 1183.836, 1297.199, 1576.825, 1388.032, 862.6692, 19.16727, 951.4166, 1008.555, 1230.148, 1643.853
174, 401.1297, 389.6996, 483.8813, 1673.528, 374.2683, 1258.094, 1226.475, 1780.749, 1286.204, 796.6669, 17.8678, 903.8785, 963.8719, 1524.996, 1564.041
174.1, 378.238, 370.7713, 459.6488, 1816.283, 359.4527, 1204.058, 1159.608, 2088.016, 1358.478, 745.8206, 16.65643, 912.7827, 921.169, 1545.152, 1488.103
174.2, 356.6527, 352.7624, 447.4756, 1950.962, 340.3162, 1135.345, 1096.385, 2059.61, 1323.134, 688.7583, 15.52719, 867.175, 880.358, 1453.3, 1415.853
174.3, 336.2993, 335.6282, 470.6893, 1979.27, 322.1985, 1249.395, 1085.346, 2012.883, 1226.067, 702.3478, 14.4745, 941.5412, 841.355, 1366.908, 1521.085
174.4, 317.1074, 319.3262, 447.1174, 1966.215, 305.0453, 1307.511, 1026.172, 1979.326, 1186.644, 662.4357, 13.49318, 894.4966, 804.08, 1285.652, 1447.233
174.5, 299.0107, 303.816, 449.1977, 1864.05, 288.8054, 1232.894, 970.225, 1865.337, 1099.59, 613.3298, 12.5784, 849.8027, 1008.862, 1209.226, 1376.967
174.6, 281.9467, 395.8006, 426.7021, 1767.194, 328.7438, 1210.142, 917.3279, 1757.912, 1083.813, 566.4043, 11.72563, 807.3419, 964.1655, 1137.343, 1310.112
174.7, 265.8566, 376.576, 405.3331, 1805.529, 311.2422, 1141.082, 953.1863, 1798.23, 1045.452, 527.9471, 10.93067, 767.0026, 921.4496, 1069.734, 1402.659
174.8, 250.6847, 395.667, 396.2927, 1804.404, 555.1386, 1201.591, 1039.501, 1694.671, 968.756, 487.5542, 10.18961, 728.679, 880.6261, 1006.143, 1379.837
174.9, 236.3786, 376.4489, 428.9139, 1710.647, 716.0648, 1133.018, 982.8268, 1597.075, 1010.617, 560.6011, 9.498796, 692.2701, 841.6113, 1199.142, 1312.843
175, 222.889, 358.1642, 407.4341, 1653.346, 776.6664, 1068.359, 929.2427, 1571.102, 985.7071, 590.8043, 8.854813, 976.4122, 829.3943, 1127.859, 1249.102
175.1, 210.1691, 370.9879, 387.0301, 1672.873, 829.0968, 1051.971, 981.8956, 1480.623, 1464.829, 545.6022, 8.254489, 927.6252, 792.6492, 1060.813, 1364.896
175.2, 198.1752, 352.9684, 367.6478, 1585.951, 784.9575, 1200.778, 928.3622, 1395.354, 1483.94, 571.8791, 7.694865, 881.276, 757.532, 997.7524, 1406.446
175.3, 186.8658, 425.5808, 355.6551, 1503.545, 743.168, 1132.252, 968.7585, 1410.395, 1547.221, 528.1249, 7.173182, 837.2426, 871.8576, 938.4407, 1338.16
175.4, 176.2017, 404.9097, 337.8441, 1467.71, 703.6033, 1067.636, 1025.197, 1329.171, 1491.49, 542.7842, 6.686867, 795.4094, 840.7278, 882.6548, 1325.701
175.5, 166.1462, 385.2426, 320.925, 1494.903, 708.0936, 1053.724, 969.3026, 1252.624, 1382.072, 501.2561, 6.233522, 755.6663, 859.791, 830.1851, 1335.338
175.6, 156.6646, 366.5308, 390.9012, 1504.852, 670.3962, 993.5897, 1037.026, 1180.486, 1343.224, 462.9053, 5.810912, 717.9091, 948.4889, 780.8344, 1270.505
175.7, 147.7241, 348.7279, 371.3251, 1542.792, 994.0977, 993.346, 1086.136, 1195.058, 1299.773, 427.4886, 5.416954, 682.0384, 1003.718, 734.4175, 1239.687
175.8, 139.2937, 331.7896, 352.7293, 1526.431, 1009.675, 982.7205, 1070.86, 1126.235, 1204.419, 394.7817, 5.049705, 647.96, 959.2495, 690.7598, 1271.588
175.9, 131.3445, 315.6741, 335.0648, 1525.924, 1135.251, 986.1353, 1089.776, 1061.376, 1116.062, 364.5772, 4.707353, 615.5844, 1035.036, 649.6974, 1333.681
176, 123.849, 300.3413, 318.2849, 1513.432, 1087.122, 929.8586, 1030.361, 1161.473, 1168.108, 336.6836, 4.388212, 584.8264, 989.1801, 611.0759, 1268.928
176.1, 116.7812, 285.7533, 302.3454, 1528.84, 1052.4, 975.6102, 1010.185, 1637.753, 1082.414, 310.9242, 4.090708, 555.6052, 1027.868, 574.7503, 1207.319
176.2, 110.1167, 271.8738, 287.2041, 1449.402, 996.3721, 919.9341, 955.1094, 1704.296, 1003.007, 287.1355, 3.813373, 527.8441, 982.3297, 540.5841, 1263.256
176.3, 103.8325, 258.6685, 272.8211, 1374.091, 943.3273, 867.4354, 903.0364, 1783.15, 929.4249, 265.167, 3.55484, 501.4701, 986.6639, 852.6465, 1201.923
176.4, 97.90703, 246.1046, 259.1584, 1631.513, 907.6596, 817.9326, 853.8024, 1959.134, 861.241, 244.8792, 3.313835, 476.4139, 1058.048, 801.9607, 1143.567
176.5, 92.31967, 234.1509, 246.1798, 1546.74, 893.7606, 771.2548, 807.2527, 1846.308, 862.6091, 226.1436, 3.08917, 452.6096, 1011.172, 754.2879, 1088.044
176.6, 87.05117, 222.7778, 233.8513, 1510.938, 846.1787, 727.2408, 818.7091, 1739.979, 799.3269, 208.8415, 2.879735, 429.9948, 966.3738, 709.449, 1035.217
176.7, 82.08334, 211.9572, 222.1401, 1685.868, 801.1299, 685.7386, 774.0728, 1639.774, 740.6872, 192.8632, 2.6845, 408.5099, 923.5601, 667.2756, 1134.889
176.8, 77.399, 201.6621, 211.0155, 1598.27, 830.2307, 646.6049, 791.7761, 1674.135, 752.9954, 178.1073, 2.502501, 388.0985, 1090.527, 627.6092, 1079.787
176.9, 72.98199, 191.8671, 200.4479, 1561.495, 834.2965, 609.7044, 804.9407, 1643.101, 710.9483, 164.4804, 2.33284, 368.7069, 1042.213, 590.3008, 1065.477
177, 68.81706, 182.5478, 263.1504, 1509.96, 789.8804, 574.9098, 761.055, 1570.211, 692.0281, 151.8961, 2.174683, 350.2843, 996.0394, 555.2101, 1013.746
177.1, 64.88981, 173.6812, 249.972, 1460.97, 904.6133, 542.1008, 719.562, 1654.315, 650.7083, 140.2746, 2.027247, 332.7822, 951.9114, 522.2055, 1164.915
177.2, 61.18668, 165.2452, 237.4535, 1604.081, 866.2075, 511.1642, 680.3311, 1559.043, 617.696, 129.5423, 1.889807, 316.1545, 1008.072, 491.1628, 1179.491
177.3, 57.69487, 157.219, 225.562, 1520.733, 955.2277, 481.9931, 767.673, 1469.258, 673.0042, 119.6311, 1.761685, 300.3577, 983.9705, 461.9655, 1122.225
177.4, 54.40234, 149.5826, 214.266, 1441.716, 904.3734, 454.4867, 753.9685, 1384.644, 623.6317, 110.4782, 1.64225, 285.3502, 984.1564, 434.5038, 1101.36
177.5, 51.29771, 142.3172, 203.5356, 1409.563, 856.2265, 428.5501, 712.8618, 1390.829, 577.8812, 102.0256, 1.530911, 271.0925, 968.8866, 408.6746, 1047.887
177.6, 48.37025, 135.4046, 193.3427, 1374.574, 810.6428, 404.0936, 673.9963, 1527.469, 607.3153, 94.21964, 1.427121, 257.5472, 1240.403, 384.3808, 1092.224
177.7, 45.60986, 128.8278, 183.6602, 1303.151, 786.1235, 381.0328, 662.1733, 1439.502, 562.7618, 87.01096, 1.330368, 244.6788, 1185.449, 361.5312, 1039.194
177.8, 43.007, 122.5704, 174.4626, 1324.47, 896.3104, 359.288, 699.4294, 1486.498, 521.4768, 80.3538, 1.240174, 232.4533, 1132.929, 340.0398, 988.739
177.9, 40.55267, 116.617, 165.7256, 1316.58, 890.2653, 338.7841, 661.2962, 1400.891, 483.2206, 74.20598, 1.156095, 220.8386, 1082.737, 319.826, 940.7336
178, 38.23841, 110.9527, 157.4261, 1258.734, 859.3755, 319.4504, 625.2421, 1459.82, 447.7708, 68.52852, 1.077716, 209.8043, 1034.767, 300.8139, 1014.858
178.1, 36.05622, 105.5636, 149.5423, 1259.148, 854.6509, 301.22, 591.1536, 1405.743, 414.9217, 63.28544, 1.00465, 199.3213, 1221.193, 282.9319, 1077.511
178.2, 33.99857, 100.4362, 186.2946, 1193.723, 1061.286, 413.807, 658.2165, 1410.184, 384.4825, 58.44351, 0.9365389, 189.3622, 1361.083, 266.1129, 1025.195
178.3, 32.05834, 95.55785, 176.9651, 1131.697, 1892.838, 560.0217, 622.3303, 1328.972, 356.2763, 53.97203, 0.873045, 179.9006, 1300.782, 250.2937, 975.4199
178.4, 30.22883, 90.91646, 168.1028, 1196.904, 2289.916, 528.0624, 588.4006, 1252.437, 330.1394, 49.84267, 0.8138558, 170.9118, 1243.153, 235.4149, 928.0612
178.5, 28.50373, 86.5005, 159.6843, 1158.866, 2344.382, 497.9269, 556.3207, 1180.309, 305.9199, 46.02923, 0.7586794, 162.3721, 1249.327, 221.4206, 883.0019
178.6, 26.87708, 82.29904, 151.6874, 1098.652, 2219.572, 469.5112, 689.555, 1235.991, 283.4772, 42.50756, 0.7072438, 154.2591, 1248.294, 208.2582, 840.1303
178.7, 25.34326, 78.30165, 144.091, 1239.778, 2167.494, 442.7172, 803.246, 1164.81, 262.6809, 39.25533, 0.6592953, 146.5514, 1351.324, 195.8782, 799.3402
178.8, 23.89697, 74.49842, 136.875, 1307.708, 2221.047, 417.4522, 795.69, 1097.729, 394.031, 179.9986, 0.6145976, 139.2289, 1291.455, 184.2342, 760.5306
178.9, 22.53322, 70.87992, 172.2381, 1239.76, 2127.276, 393.629, 752.3087, 1143.547, 1238.827, 1032.621, 0.5729301, 132.2723, 1234.239, 553.8725, 884.6334
179, 21.2473, 67.43717, 179.5358, 1175.342, 2248.039, 371.1654, 711.2925, 1161.348, 2104.23, 1583.844, 0.5340875, 125.6632, 1179.558, 520.9474, 841.6826
179.1, 20.03476, 64.16164, 170.5448, 1211.932, 2128.358, 349.9837, 672.5125, 1094.466, 2167.321, 1462.665, 0.4978784, 119.3844, 1127.3, 489.9795, 800.8171
179.2, 18.89141, 61.04522, 162.004, 1148.96, 2049.856, 330.0109, 781.7133, 1031.436, 2249.641, 1488.917, 0.4641241, 113.4193, 1129.719, 460.8525, 862.3704
179.3, 17.81332, 58.08015, 153.8909, 1108.062, 1940.726, 311.1778, 840.5694, 972.0359, 2123.139, 1375.001, 0.4326582, 107.7523, 1228.723, 433.457, 820.5005
179.4, 16.79675, 55.25911, 146.1841, 1153.594, 1880.337, 293.4195, 1119.126, 1051.14, 1967.382, 1269.801, 0.4033256, 102.3684, 1299.433, 407.69, 780.6635
179.5, 15.83819, 52.57509, 156.582, 1182.859, 1786.777, 276.6746, 1204.458, 990.6046, 1987.028, 1312.956, 0.3759816, 97.25347, 1241.864, 383.4547, 848.5093
179.6, 14.93434, 50.02144, 148.7405, 1121.398, 1780.595, 260.8853, 1191.7, 933.5559, 1931.431, 1212.502, 0.3504914, 92.39415, 1349.433, 360.6601, 844.9049
179.7, 14.08206, 47.59182, 141.2916, 1063.13, 1685.8, 245.9971, 1126.728, 879.7927, 1878.807, 1157.05, 0.3267294, 87.77763, 1475.618, 339.2206, 839.9696
179.8, 13.27843, 45.28021, 134.2158, 1106.636, 1596.052, 231.9586, 1137.147, 829.1256, 1786.239, 1161.697, 0.3045783, 83.39177, 1410.243, 319.0555, 799.1873
179.9, 12.52066, 43.08088, 127.4944, 1049.135, 1744.26, 218.7212, 1091.704, 781.3765, 1754.26, 1072.816, 0.283929, 79.22506, 1465.617, 300.0891, 760.3851
180, 11.80613, 40.98838, 126.4404, 994.6221, 1817.512, 206.2392, 1032.184, 736.3772, 1667.408, 990.7355, 0.2646797, 75.26654, 1400.685, 282.2502, 914.6248
180.1, 11.13237, 38.99751, 127.5427, 1122.098, 1755.745, 194.4695, 1046.324, 1125.348, 1611.94, 999.1187, 0.2467354, 71.50581, 1714.701, 265.4718, 918.3409
180.2, 10.49707, 37.10334, 121.1554, 1104.855, 1662.273, 183.3716, 989.278, 2009.546, 1587.557, 1047.781, 0.2300076, 67.93299, 1691.952, 249.6908, 873.7535
180.3, 9.898026, 35.30118, 115.088, 1047.447, 1815.83, 172.9069, 935.3421, 2213.44, 1549.453, 1615.49, 0.214414, 64.53869, 1616.992, 648.8085, 869.0945
180.4, 9.333165, 33.58654, 109.3245, 999.5032, 1719.159, 163.0395, 951.928, 2136.816, 1543.953, 2144.92, 0.1998775, 61.31398, 1568.481, 1153.727, 826.8981
180.5, 8.80054, 31.95519, 103.8496, 947.5692, 1627.634, 153.7351, 900.0284, 2400.429, 1518.495, 2399.676, 0.1863266, 58.2504, 1638.055, 1666.506, 1208.698
180.6, 8.298311, 30.40308, 98.64883, 1031.246, 1540.983, 144.9618, 904.1608, 2510.181, 1407.096, 2654.334, 0.1736943, 55.33989, 1565.484, 1727.135, 1150.014
180.7, 7.824743, 28.92636, 93.70855, 1060.128, 1599.899, 136.6891, 854.8655, 2365.62, 1335.761, 2465.652, 0.1619185, 52.5748, 1565.184, 1674.477, 1094.178
180.8, 7.378201, 27.52136, 118.2157, 1005.044, 1514.724, 128.8885, 808.2579, 2229.385, 1291.468, 2326.257, 0.150941, 49.94788, 1495.841, 1658.925, 1041.053
180.9, 6.957142, 26.18461, 112.2955, 952.8222, 1528.913, 121.5331, 764.1913, 2278.579, 1196.724, 2357.184, 0.1407078, 47.45221, 1429.57, 1560.309, 990.5081
181, 6.560112, 24.91278, 106.6718, 977.6245, 1511.092, 114.5975, 722.5273, 2259.527, 1172.444, 2295.891, 0.1311683, 45.08123, 1520.127, 1722.597, 942.4169
181.1, 6.18574, 23.70273, 101.3298, 926.8272, 1430.645, 108.0576, 781.7245, 2129.401, 1086.432, 2143.956, 0.1222756, 42.82873, 1452.78, 1620.197, 896.6606
181.2, 5.832732, 22.55145, 110.59, 966.0788, 1378.24, 101.891, 1002.541, 2006.769, 1006.73, 2061.412, 0.1139857, 40.68877, 1435.233, 1523.884, 853.1259
181.3, 5.499869, 21.45609, 105.0517, 915.8815, 1414.135, 96.07626, 1615.782, 1891.2, 950.9006, 2004.141, 0.1062579, 38.65574, 1371.647, 1433.296, 811.7048
181.4, 5.186003, 20.41394, 99.7908, 919.0715, 1338.849, 90.59338, 1527.689, 1782.286, 918.2474, 1952.43, 0.09905404, 36.72428, 1310.879, 1348.093, 772.2949
181.5, 4.890048, 19.4224, 94.79333, 910.0235, 1309.261, 85.4234, 1444.399, 1679.645, 850.8835, 1816.675, 0.09233854, 34.88934, 1394.516, 1267.955, 734.7983
181.6, 4.610983, 18.47902, 90.04613, 1031.458, 1280.04, 80.54846, 1496.111, 1671.401, 905.8383, 1677.682, 0.08607833, 33.14607, 1332.734, 1192.581, 699.1223
181.7, 4.347843, 17.58147, 85.53667, 977.8641, 1271.309, 75.95172, 1648.885, 1575.145, 839.3848, 1570.006, 0.08024254, 31.48991, 1273.689, 1462.941, 665.1785
181.8, 4.09972, 16.72751, 81.25304, 977.0495, 1226.453, 71.61731, 1631.161, 1484.433, 777.8063, 1504.683, 0.07480239, 29.9165, 1217.26, 1375.976, 632.8826
181.9, 3.865758, 15.91503, 77.18394, 1057.34, 1161.159, 67.53025, 1568.7, 1501.04, 720.7454, 1476.212, 0.06973106, 28.42171, 1163.332, 1294.18, 602.1548
182, 3.645147, 15.14201, 86.29629, 1002.4, 1219.577, 63.67643, 1483.173, 1504.161, 667.8705, 1375.505, 0.06500356, 27.0016, 1111.792, 1217.247, 572.9189
182.1, 3.437125, 14.40654, 81.97462, 950.3158, 1307.421, 60.04255, 1534.937, 1706.959, 618.8746, 1437.498, 448.0607, 25.65246, 1170.202, 1144.888, 545.1025
182.2, 3.240976, 13.7068, 77.86937, 1053.51, 1237.816, 56.61604, 1461.967, 1608.656, 573.4731, 1327.516, 417.6839, 24.37072, 1131.29, 1076.83, 518.6367
182.3, 3.05602, 13.04104, 73.96971, 998.7701, 1213.681, 53.38508, 1908.822, 1516.014, 645.3835, 1248.823, 389.3665, 23.15302, 1133.758, 1012.817, 493.4557
182.4, 2.881619, 12.40761, 70.26535, 961.3331, 1219.237, 50.3385, 2251.229, 1428.707, 716.1843, 1156.81, 362.9688, 21.99617, 1370.6, 952.6099, 469.4974
182.5, 2.71717, 11.80496, 66.7465, 1079.491, 1157.122, 47.46578, 2432.521, 1346.428, 663.644, 1068.304, 338.3609, 20.89712, 1309.878, 895.9818, 446.7024
182.6, 2.562107, 11.23157, 63.40387, 1068.915, 1095.519, 44.757, 2299.898, 1268.888, 614.9581, 1267.832, 315.4213, 19.85299, 1251.845, 842.7198, 425.014
182.7, 2.415893, 10.68604, 60.22864, 1013.374, 1239.901, 42.20281, 2289.411, 1195.813, 569.8439, 1170.831, 294.0369, 18.86102, 1465.514, 792.6241, 404.3787
182.8, 2.278023, 10.167, 57.21242, 960.7194, 1173.892, 39.79438, 2252.337, 1126.946, 528.0394, 1081.252, 274.1023, 17.91862, 1400.587, 745.5063, 384.7453
182.9, 2.148021, 9.673174, 54.34726, 918.1857, 1111.396, 37.5234, 2221.184, 1062.046, 489.3017, 1011.971, 255.5192, 17.02331, 1338.536, 701.1895, 366.0651
183, 2.025437, 9.203333, 51.62558, 974.0342, 1052.228, 35.38202, 2100.084, 1000.883, 453.4058, 934.5453, 238.1959, 16.17273, 1411.666, 659.507, 348.2919
183.1, 1.90985, 8.756313, 49.0402, 923.4235, 996.2095, 33.36283, 2127.364, 943.2419, 420.1433, 863.0438, 222.0471, 15.36465, 1349.124, 620.3024, 331.3816
183.2, 1.800858, 8.331006, 46.58429, 906.8196, 1038.831, 31.45889, 2011.379, 888.9208, 469.6967, 797.0128, 206.9931, 14.59695, 1485.699, 583.4283, 315.2923
183.3, 1.698087, 7.926356, 44.25137, 917.4109, 1101.003, 29.66359, 2106.692, 837.7281, 435.2391, 779.8663, 192.9598, 13.86761, 1641.518, 548.7463, 299.9842
183.4, 1.601181, 7.541361, 42.03529, 869.7424, 1073.711, 27.97075, 2043.724, 789.4835, 403.3093, 720.1992, 179.8778, 13.1747, 1568.793, 516.1259, 285.4194
183.5, 1.509804, 7.175066, 39.93018, 917.7662, 1039.367, 26.37451, 1932.3, 744.0173, 373.722, 717.8793, 167.6828, 12.51642, 1537.761, 485.4446, 271.5617
183.6, 1.423643, 6.826561, 37.9305, 982.9773, 1090.129, 24.86937, 1899.53, 701.1696, 484.2419, 662.9548, 156.3145, 11.89103, 1600.513, 456.5872, 258.3768
183.7, 1.342399, 6.494985, 36.03096, 931.9019, 1084.877, 23.45013, 1914.54, 660.7894, 448.7173, 612.2325, 145.7169, 11.29689, 1580.689, 429.4452, 245.8321
183.8, 1.265791, 6.179514, 34.22655, 883.4804, 1059.308, 22.11188, 1832.779, 622.7347, 415.7987, 589.4264, 135.8379, 10.73244, 1510.659, 403.9167, 233.8964
183.9, 1.193554, 5.879365, 32.5125, 913.6268, 1062.424, 20.85, 1732.855, 586.8715, 385.2952, 544.3297, 126.6286, 10.19619, 1492.41, 379.9057, 222.5402
184, 1.125441, 5.593796, 30.88429, 866.1548, 1005.862, 19.66013, 1638.379, 553.0737, 357.0294, 541.2559, 118.0436, 9.686728, 1706.002, 357.3221, 211.7354
184.1, 1.061214, 5.322096, 29.33762, 821.1495, 1056.512, 18.53817, 1735.964, 521.2224, 330.8372, 508.5018, 110.0407, 9.202726, 1675.539, 336.081, 201.4552
184.2, 1.000653, 5.063594, 27.86841, 778.4827, 1002.106, 17.48023, 1716.149, 491.2053, 306.5665, 469.5966, 102.5804, 8.742908, 1812.738, 316.1025, 191.6742
184.3, 0.9435474, 4.817647, 26.47278, 738.0328, 1017.899, 16.48267, 1709.408, 462.9169, 284.0764, 433.6681, 95.62579, 8.306064, 1744.704, 297.3117, 182.368
184.4, 0.8897011, 4.583647, 25.14703, 794.2565, 1001.463, 15.54204, 1698.051, 436.2576, 263.2361, 400.4884, 89.14272, 7.891047, 1667.407, 279.6379, 173.5136
184.5, 0.8389276, 4.361012, 23.88768, 752.9871, 1006.902, 14.65508, 1671.524, 411.1336, 243.9248, 383.2074, 83.09917, 7.496767, 1858.708, 263.0148, 165.0892
184.6, 0.7910517, 4.149191, 22.6914, 713.8619, 953.2964, 13.81875, 1615.129, 387.4565, 226.0301, 358.3526, 77.46535, 7.122187, 1836.744, 247.3798, 157.0738
184.7, 0.745908, 3.947658, 21.55503, 676.7698, 902.545, 13.03014, 1560.718, 365.143, 209.4482, 330.9353, 72.21349, 6.766324, 1755.37, 232.6742, 149.4475
184.8, 0.7033405, 3.755914, 20.47556, 662.58, 854.4954, 12.28653, 1516.843, 344.1145, 194.0828, 305.6156, 193.7424, 6.428241, 1677.601, 218.8428, 142.1915
184.9, 0.6632022, 3.573484, 19.45016, 843.8461, 880.3049, 11.58537, 1451.596, 324.297, 179.8446, 282.2331, 180.6074, 6.10705, 1910.557, 205.8336, 135.2878
185, 0.6253546, 3.399914, 18.4761, 800, 909.7846, 77.25529, 1421.398, 305.6208, 166.651, 260.6396, 168.3629, 5.801908, 1914.774, 193.5978, 128.7193
185.1, 0.5896668, 3.234775, 17.55083, 780.2654, 988.4935, 383.4309, 1440.74, 764.9971, 154.4252, 240.6982, 156.9485, 5.512013, 1829.942, 182.0893, 122.4697
185.2, 0.5560157, 3.077657, 16.67189, 739.723, 943.4825, 361.5493, 1362.19, 918.6313, 143.0964, 233.3099, 281.3029, 657.9714, 1748.87, 171.265, 116.5235
185.3, 0.524285, 2.928171, 15.83697, 701.287, 893.2535, 340.9164, 1307.736, 898.8795, 132.5986, 215.4595, 262.2316, 1441.856, 1731.837, 161.0841, 110.8661
185.4, 0.4943651, 2.785945, 15.04387, 699.4568, 882.7408, 321.461, 1286.773, 997.9806, 122.871, 198.9749, 244.4533, 1457.856, 1714.752, 151.5084, 105.4833
185.5, 0.4661527, 2.650627, 14.29048, 731.8525, 835.7456, 303.1158, 1232.114, 940.5071, 113.857, 183.7514, 227.8803, 1496.889, 1731.614, 142.5019, 100.3619
185.6, 0.4395503, 2.521882, 13.57482, 789.4728, 798.1195, 285.8176, 1164.938, 886.3436, 105.5043, 169.6927, 212.4308, 1471.402, 1712.514, 134.0308, 95.48907
185.7, 0.4144661, 2.399391, 12.895, 748.4519, 755.6293, 269.5066, 1133.435, 835.2993, 97.76436, 156.7096, 198.0288, 1397.883, 1821.205, 126.0633, 90.85288
185.8, 0.3908133, 2.282849, 12.24922, 709.5624, 793.4688, 254.1264, 1082.544, 787.1946, 90.59223, 144.7198, 184.6032, 1417.256, 1746.218, 118.5694, 86.44179
185.9, 0.3685104, 2.171967, 11.63579, 672.6937, 880.0601, 239.6239, 1070.375, 946.5728, 83.94626, 133.6474, 172.0878, 1346.442, 1668.854, 111.521, 82.24486
186, 0.3474802, 2.066472, 11.05307, 842.6723, 833.2075, 225.9491, 1065.79, 1026.196, 77.78784, 123.4221, 160.4209, 1279.167, 1679.887, 104.8916, 78.2517
186.1, 0.3276502, 1.9661, 10.49954, 798.8871, 788.8494, 213.0546, 1181.034, 1159.125, 72.08121, 113.9792, 149.5449, 1215.252, 1621.381, 98.65632, 74.45242
186.2, 0.3089519, 1.870603, 9.973732, 757.3771, 746.8527, 200.896, 1116.643, 1172.893, 66.79324, 105.2587, 139.4063, 1236.027, 1549.548, 92.79166, 70.83759
186.3, 0.2913207, 1.779745, 9.474253, 872.2749, 707.0919, 189.4313, 1098.371, 1595.037, 61.89319, 97.2054, 199.2555, 1174.268, 1599.037, 377.9174, 67.39828
186.4, 0.2746956, 1.6933, 8.999787, 826.9516, 669.4478, 178.6208, 1170.361, 1503.179, 57.35262, 89.76827, 185.7467, 1288.53, 1528.194, 355.452, 64.12595
186.5, 0.2590193, 1.611054, 8.549083, 783.9833, 656.8837, 168.4273, 1148.036, 1458.326, 53.14515, 82.90015, 173.1537, 1224.148, 1619.256, 334.322, 61.0125
186.6, 0.2442375, 1.532803, 8.120949, 928.9178, 699.1354, 158.8155, 1139.247, 2065.731, 49.24635, 76.55751, 328.5526, 1162.983, 1547.518, 314.4482, 58.05021
186.7, 0.2302994, 1.458352, 7.714256, 1179.101, 661.915, 149.7522, 1077.135, 2374.951, 45.63357, 70.70014, 826.9056, 1104.874, 1654.219, 295.7557, 55.23175
186.8, 0.2171567, 1.387518, 7.32793, 1117.835, 626.676, 141.2061, 1041.117, 2413.313, 42.28582, 65.29092, 770.8444, 1049.668, 1580.931, 408.6262, 52.55014
186.9, 0.204764, 1.320124, 6.960951, 1161.88, 631.3675, 133.1478, 1052.552, 2405.778, 39.18368, 60.29555, 718.584, 997.2208, 1552.862, 573.4683, 49.99872
187, 0.1930785, 1.256003, 6.61235, 1101.509, 597.7548, 125.5493, 995.1661, 2364.451, 36.30911, 55.68237, 669.8667, 947.3941, 1496.436, 712.1155, 47.57117
187.1, 0.1820599, 1.194998, 6.281208, 1105.861, 700.9388, 118.3845, 940.9092, 2228.283, 33.64542, 51.42214, 624.4522, 900.0571, 1430.139, 669.7836, 45.26149
187.2, 0.1716701, 1.136955, 5.966648, 1048.401, 728.3888, 111.6285, 1041.658, 2265.285, 31.17715, 47.48787, 582.1166, 981.2654, 1388.293, 629.9681, 43.06395
187.3, 0.1618732, 1.081731, 5.667841, 993.926, 1142.962, 105.2581, 1857.79, 2191.837, 28.88995, 43.8546, 542.6513, 932.236, 1446.875, 592.5194, 40.97311
187.4, 0.1526355, 1.02919, 5.383999, 953.7995, 1121.557, 99.25122, 2030.789, 2065.609, 26.77054, 40.49931, 505.8616, 934.3397, 1421.396, 557.2969, 38.98378
187.5, 0.1439249, 0.9792004, 5.114371, 1036.589, 1061.848, 93.58715, 2016.183, 2032.397, 24.80661, 37.40073, 471.566, 990.8319, 1449.671, 524.1682, 37.09103
187.6, 0.1357114, 0.9316391, 4.858246, 982.7281, 1018.508, 88.24632, 1974.949, 2253.597, 22.98677, 34.53922, 439.5956, 941.3245, 1434.259, 493.0089, 35.29019
187.7, 0.1279666, 0.886388, 4.614948, 1081.62, 1039.979, 83.21028, 1867.274, 2123.813, 21.30042, 31.89664, 409.7927, 894.2908, 1370.716, 463.7018, 33.57677
187.8, 0.1206638, 0.8433348, 4.383834, 1140.074, 1088.225, 78.46164, 1765.469, 2167.703, 19.73779, 29.45625, 382.0103, 963.0276, 1389.255, 436.1369, 31.94655
187.9, 0.1137777, 0.8023728, 4.164294, 1107.566, 1162.634, 73.98399, 1929.627, 2042.865, 18.2898, 27.20257, 356.1114, 914.9094, 1504.095, 410.2106, 30.39548
188, 0.1072847, 0.7634003, 3.955748, 1050.017, 1100.738, 69.76188, 1824.423, 1925.217, 16.94804, 25.12132, 397.2782, 869.1955, 1535.421, 385.8255, 28.91972
188.1, 0.1011622, 0.7263207, 3.757646, 1046.964, 1042.137, 65.78071, 1724.954, 1814.344, 15.7047, 23.1993, 391.19, 825.7657, 1467.396, 362.89, 27.5156
188.2, 0.09538903, 0.6910422, 3.569465, 992.5638, 1273.72, 62.02674, 1630.909, 1709.857, 14.55259, 21.42433, 441.1377, 784.5059, 1402.385, 341.3178, 26.17966
188.3, 0.08994537, 0.6574773, 3.390708, 940.9903, 1205.91, 58.487, 1541.991, 1611.386, 13.48499, 19.78517, 411.2302, 797.3947, 1529.099, 321.0281, 24.90858
188.4, 0.08481237, 0.6255426, 3.220904, 918.1854, 1236.702, 55.14926, 1457.921, 1774.89, 12.49571, 18.27142, 383.3503, 829.5057, 1518.411, 301.9445, 23.69922
188.5, 0.0799723, 0.595159, 3.059602, 921.9006, 1271.967, 52.002, 1577.709, 1701.828, 11.57901, 16.87348, 464.2039, 788.059, 1451.14, 413.4113, 22.54857
188.6, 0.07540844, 0.5662512, 2.906379, 909.413, 1204.25, 49.03435, 1491.691, 1653.516, 10.72956, 15.5825, 463.357, 748.6832, 1386.849, 541.8787, 21.45379
188.7, 0.07110503, 0.5387475, 2.760829, 872.9952, 1140.138, 46.23606, 1510.999, 1663.92, 9.94242, 14.39029, 882.3785, 763.8843, 1360.095, 801.7409, 20.41217
188.8, 0.0670472, 0.5125797, 2.622568, 987.8028, 1079.44, 43.59746, 1513.476, 1856.123, 9.21303, 13.2893, 822.5565, 783.9413, 1353.971, 754.0812, 19.42112
188.9, 0.06322096, 0.487683, 2.491231, 950.2544, 1021.973, 41.10944, 1509.364, 1749.229, 8.537149, 12.27254, 938.4962, 744.7712, 1395.405, 709.2546, 18.47818
189, 0.05961306, 0.4639955, 2.366472, 900.8793, 1057.182, 38.76341, 1581.372, 1648.492, 7.910852, 11.33358, 874.8696, 707.5583, 1579.189, 667.0927, 17.58103
189.1, 0.05621107, 0.4414585, 2.24796, 854.0697, 1000.9, 322.179, 1521.414, 1553.555, 7.330501, 10.46645, 815.5566, 672.2048, 1509.225, 627.4372, 16.72743
189.2, 0.05300321, 0.4200162, 2.135384, 841.2538, 947.6141, 366.4641, 1496.715, 1665.606, 6.792725, 9.665669, 853.9712, 638.6178, 1442.361, 590.139, 15.91528
189.3, 0.04997843, 0.3996153, 2.028445, 797.5424, 991.7182, 345.5507, 1415.114, 1569.684, 6.294401, 8.926155, 1199.899, 606.7089, 1378.46, 555.058, 15.14256
189.4, 0.04712626, 0.3802054, 1.926861, 771.9015, 949.3411, 325.8308, 1337.961, 1479.286, 5.832635, 8.24322, 1118.55, 679.2286, 1356.019, 522.0624, 14.40736
189.5, 0.04443686, 0.3617383, 1.830365, 731.7936, 1032.095, 307.2363, 1265.015, 1394.094, 5.404745, 7.612536, 1164.969, 645.2906, 1338.363, 491.0282, 13.70785
189.6, 0.04190094, 0.3441681, 1.738701, 832.4745, 977.1484, 289.703, 1196.046, 1313.809, 5.008245, 7.030106, 1085.988, 613.0483, 1488.191, 461.8389, 13.0423
189.7, 0.03950974, 0.3274513, 1.651628, 789.2192, 925.1271, 273.1702, 1261.007, 1238.147, 4.640833, 6.492236, 1012.362, 582.4171, 1552.318, 434.3847, 12.40907
189.8, 0.037255, 0.3115465, 1.568915, 845.2933, 1003.65, 257.5809, 1272.566, 1166.842, 4.300375, 5.995519, 943.7277, 684.8684, 1483.545, 408.5626, 11.80659
189.9, 0.03512893, 0.2964142, 1.490345, 831.6931, 1145.79, 242.8813, 1278.841, 1099.644, 3.984894, 5.536806, 879.7464, 742.2042, 1417.819, 384.2754, 11.23335
190, 0.03312419, 0.2820169, 1.415709, 1115.775, 1270.53, 229.0206, 1281.767, 1036.316, 3.692556, 5.113188, 820.1028, 705.1196, 1355.004, 361.432, 10.68795
190.1, 0.03123386, 0.268319, 1.344811, 1952.37, 1248.729, 215.9508, 1211.885, 1106.051, 3.421665, 4.721981, 965.8879, 669.8879, 1371.733, 339.9466, 10.16903
190.2, 0.02945141, 0.2552863, 1.277464, 1939.156, 1452.612, 203.6269, 1145.812, 1181.928, 3.170647, 4.360704, 900.4042, 636.4166, 1433.953, 319.7384, 9.675299
190.3, 0.02777067, 0.2428866, 1.213489, 2050.984, 1653.914, 300.7979, 1083.342, 1113.861, 2.938044, 4.02707, 839.3602, 604.6177, 1370.424, 300.7314, 9.205543
190.4, 0.02618586, 0.2310893, 1.152718, 1982.616, 1618.367, 400.5608, 1024.278, 1184.215, 2.722505, 3.718961, 782.4547, 574.4077, 1380.16, 282.8543, 8.758595
190.5, 0.02469148, 0.2198649, 1.094991, 1879.599, 1629.796, 377.7016, 1072.626, 1116.017, 2.522778, 3.434425, 729.4071, 545.7072, 1319.014, 266.04, 8.333346
190.6, 0.02328239, 0.2091857, 1.040154, 1859.979, 1543.029, 356.1469, 1177.718, 1051.746, 2.337704, 3.171659, 679.956, 518.4406, 1383.818, 250.2251, 7.928745
190.7, 0.02195371, 0.1990253, 11.6294, 1820.249, 1491.686, 335.8223, 1113.508, 991.1758, 2.166207, 2.928998, 837.8166, 492.5365, 1322.51, 235.3504, 7.543787
190.8, 0.02070086, 0.1893583, 11.047, 1746.956, 1531.127, 316.6576, 1052.799, 1294.285, 2.007291, 2.704902, 781.0157, 467.9266, 1336.033, 221.36, 7.177521
190.9, 0.0195195, 0.1801609, 93.73032, 1721.807, 1480.809, 298.5866, 995.3999, 1219.747, 1.860033, 2.497952, 728.0658, 444.5464, 1368.532, 208.2011, 6.829037
191, 0.01840556, 0.1714102, 89.03636, 1674.226, 1401.974, 281.5469, 995.0496, 1149.502, 1.723578, 2.306835, 678.7056, 422.3345, 1307.901, 195.8246, 6.497473
191.1, 0.01735519, 0.1630845, 84.57747, 1587.234, 1339.716, 265.4796, 940.7991, 1083.302, 1.597134, 2.13034, 905.2197, 509.1402, 1249.956, 184.1837, 6.182007
191.2, 0.01636477, 0.1551633, 142.8483, 1504.761, 1394.5, 250.3292, 981.03, 1020.915, 1.479966, 1.967349, 1143.526, 483.7007, 1194.579, 173.2348, 5.881858
191.3, 0.01543086, 0.1476267, 135.6945, 1599.712, 1363.135, 236.0434, 927.5438, 1178.499, 1.371394, 1.816828, 1280.699, 459.5324, 1288.001, 162.9368, 5.596282
191.4, 0.01455026, 0.1404563, 128.899, 1571.271, 1290.564, 222.5729, 941.2491, 1110.629, 416.4573, 1.677824, 1193.872, 436.5716, 1230.938, 153.251, 5.32457
191.5, 0.0137199, 0.1336341, 182.733, 1489.627, 1221.858, 209.8711, 1195.321, 1046.668, 490.6907, 1.549455, 1112.932, 414.7581, 1176.403, 144.1409, 5.066051
191.6, 0.01293693, 0.1271433, 173.5818, 1490.919, 1156.808, 197.8942, 1929.379, 986.3908, 454.693, 1.430907, 1037.479, 394.0345, 1124.284, 135.5724, 4.820084
191.7, 0.01219865, 0.1209678, 164.8889, 1512.909, 1116.65, 186.6007, 2043.111, 1255.423, 421.3361, 1.321429, 967.1421, 374.3464, 1074.474, 127.5133, 4.586059
191.8, 0.0115025, 0.1150922, 163.3299, 1539.069, 1163.479, 175.9518, 1931.72, 1299.646, 455.9878, 1.220327, 979.0092, 355.642, 1076.573, 119.9332, 4.363396
191.9, 0.01084607, 0.109502, 155.1505, 1467.746, 1101.538, 165.9106, 1924.119, 1265.921, 422.5359, 1.126961, 912.636, 407.0479, 1028.877, 112.8037, 4.151544
192, 0.01022711, 0.1041833, 171.1729, 1426.098, 1054.698, 156.4424, 1819.215, 1382.813, 391.538, 1.040737, 897.111, 562.043, 983.2943, 106.0981, 3.949977
192.1, 0.009643469, 0.09912294, 162.6006, 1530.578, 1045.225, 147.5146, 1720.031, 1303.177, 362.8142, 0.9611112, 994.973, 633.1468, 939.7309, 99.79105, 3.758198
192.2, 0.009093136, 0.09430839, 154.4577, 1466.178, 1076.868, 139.0962, 1721.953, 1228.128, 680.6735, 0.8875771, 927.5175, 683.0876, 898.0975, 93.85893, 416.2041
192.3, 0.008574208, 0.08972769, 248.1846, 1497.554, 1037.568, 131.1582, 1628.071, 1157.4, 1780.453, 0.8196691, 864.6352, 648.9568, 858.3086, 88.27946, 395.9966
192.4, 0.008084895, 0.08536948, 310.9052, 1443.609, 982.3303, 123.6733, 1539.308, 1090.746, 2618.918, 0.7569567, 806.0161, 616.5313, 820.2825, 83.03165, 447.4971
192.5, 0.007623506, 0.08122296, 295.3352, 1368.599, 930.0331, 116.6155, 1634.395, 1027.93, 2833.922, 0.6990424, 751.3712, 585.726, 822.9545, 78.09581, 484.4124
192.6, 19.83651, 0.07727784, 280.545, 1297.487, 999.8096, 109.9605, 1545.287, 968.7318, 2815.179, 0.6455591, 700.431, 924.2436, 786.4948, 73.45338, 581.5673
192.7, 231.8725, 0.07352433, 266.4954, 1378.515, 946.5819, 103.6853, 1461.037, 912.9427, 2904.455, 517.4256, 899.9701, 1774.006, 762.1257, 393.3361, 784.8429
192.8, 218.64, 0.06995314, 253.1495, 1334.115, 896.1879, 97.76817, 1381.381, 860.3666, 2970.521, 1321.319, 838.9554, 2461.027, 758.2369, 369.9541, 830.7036
192.9, 206.1626, 0.06655541, 240.4719, 1264.794, 871.1011, 92.18874, 1306.067, 810.8182, 2752.6, 1644.828, 782.0774, 2636.06, 724.6443, 389.6345, 790.3712
193, 226.8333, 0.06332272, 228.4292, 1216.147, 824.7255, 86.92772, 1234.86, 764.1234, 2550.665, 1615.5, 729.0554, 2775.261, 692.54, 366.4726, 882.9832
193.1, 213.8883, 0.06024703, 216.9896, 1184.69, 780.8189, 81.96693, 1330.494, 720.1177, 2490.831, 1496.704, 679.6282, 2771.035, 661.858, 470.4683, 840.1125
193.2, 201.6822, 0.05732074, 206.1228, 1204.948, 811.0403, 77.28924, 1257.955, 678.6463, 2371.982, 1487.269, 633.5519, 2632.579, 632.5354, 591.6292, 799.3232
193.3, 190.1726, 0.05453659, 195.8003, 1142.339, 803.0619, 72.87849, 1189.371, 894.0563, 2252.813, 1373.479, 590.5994, 2706.23, 604.5118, 704.3222, 760.5144
193.4, 1128.286, 0.05188766, 185.9948, 1130.795, 760.3086, 68.71947, 1257.95, 942.094, 2275.547, 1268.395, 550.559, 2680.341, 630.7646, 662.4536, 723.5898
193.5, 1450.233, 0.0493674, 176.6802, 1072.039, 791.0495, 64.79778, 1189.366, 887.839, 2108.61, 1275.705, 513.2331, 2569.527, 602.8195, 623.0738, 688.4581
193.6, 1584.075, 0.04696955, 167.8322, 1081.451, 831.0746, 61.0999, 1160.764, 836.7086, 1953.919, 1248.069, 478.4378, 2465.529, 576.1124, 722.7797, 655.032
193.7, 1493.675, 0.04468817, 159.4272, 1034.996, 786.83, 57.61306, 1097.479, 788.5227, 2077.045, 1152.58, 446.0015, 2533.636, 768.7778, 679.8138, 623.2288
193.8, 1444.922, 0.04251759, 151.4432, 981.2178, 744.9409, 54.3252, 1037.644, 743.1119, 1924.67, 1129.582, 415.7643, 2481.92, 734.7183, 639.402, 741.2658
193.9, 1362.463, 0.04045245, 143.859, 944.6782, 705.2818, 51.22496, 1162.659, 700.3162, 1864.136, 1043.158, 387.577, 2385.174, 702.1677, 601.3926, 705.2758
194, 1459.256, 0.03848761, 136.6546, 945.1826, 698.7335, 48.30166, 1099.27, 659.9852, 1854.865, 963.3469, 361.3007, 2466.127, 748.3278, 565.6426, 671.0332
194.1, 1618.828, 0.03661821, 129.811, 985.2735, 661.5344, 45.54518, 1039.338, 825.3591, 1778.277, 889.6418, 336.8058, 2342.906, 715.1742, 889.827, 899.9742
194.2, 1526.445, 0.03483961, 123.3102, 946.8465, 626.3157, 42.94601, 982.6725, 777.8268, 1691.281, 1091.099, 313.9716, 2563.643, 683.4894, 990.0595, 1097.507
194.3, 1513.828, 249.192, 117.1349, 928.4393, 592.972, 40.49517, 929.0967, 983.4435, 1607.755, 1097.236, 292.6855, 2592.857, 653.2084, 1371.838, 1208.977
194.4, 1512.444, 237.0884, 111.2688, 985.4359, 561.4034, 38.18419, 878.442, 1080.298, 1514.484, 1013.287, 272.8426, 2587.693, 624.269, 1852.574, 1571.274
194.5, 1640.922, 225.5726, 105.6965, 934.2327, 531.5155, 36.00509, 830.549, 1018.084, 1554.751, 939.7543, 254.3448, 2657.735, 596.6116, 1905.5, 1735.495
194.6, 1576.316, 231.9125, 100.4033, 885.6901, 503.2188, 33.95036, 785.2672, 959.4529, 1546.768, 944.585, 237.1012, 2524.94, 570.1796, 1792.227, 1730.523
194.7, 1486.358, 287.0617, 95.37515, 839.6698, 600.8186, 32.01288, 742.454, 904.1982, 1467.512, 960.5517, 221.0266, 2635.034, 558.705, 1776.505, 1820.541
194.8, 1508.395, 273.1187, 90.59882, 894.675, 568.8323, 30.18597, 701.9752, 998.4387, 2150.279, 1450.896, 206.0418, 2624.338, 533.9523, 1670.9, 1964.766
194.9, 1422.314, 259.8529, 86.06168, 848.1878, 538.549, 28.46332, 663.7032, 940.9388, 2625.524, 1386.218, 296.7547, 2493.211, 615.6148, 1682.441, 1869.372
195, 1418.799, 395.2364, 81.75175, 804.1161, 536.0223, 26.83897, 627.5178, 886.7503, 2514.587, 1280.159, 380.4755, 2530.984, 588.3409, 1662.746, 1833.6
195.1, 1546.729, 466.5524, 77.65767, 762.3343, 507.4856, 25.30733, 593.3053, 835.6826, 2527.873, 1182.215, 354.6807, 2431.528, 562.2753, 1563.904, 2040.604
195.2, 1478.189, 467.9463, 73.76862, 722.7235, 480.4681, 23.86309, 631.9579, 787.5558, 2342.425, 1095.669, 402.7066, 2338.998, 537.3646, 1601.112, 2221.72
195.3, 1510.061, 445.2174, 70.07433, 739.7773, 563.2354, 22.50127, 597.5033, 742.2006, 2316.818, 1042.106, 375.4046, 2469.768, 513.5574, 1689.397, 2170.507
195.4, 1423.885, 423.5925, 66.56504, 711.3742, 533.2499, 21.21717, 615.9776, 699.4575, 2181.765, 1023.515, 349.9536, 2434.656, 490.805, 1782.811, 2329.602
195.5, 1552.866, 403.018, 63.2315, 733.5467, 504.8609, 20.00635, 617.019, 846.3843, 2069.585, 945.2068, 326.228, 2429.16, 469.0606, 1913.67, 2216.495
195.6, 1548.593, 383.4428, 60.0649, 719.7823, 477.9832, 18.86462, 1282.519, 1014.857, 1954.97, 918.1945, 304.111, 2389.33, 448.2796, 1915.805, 2158.34
195.7, 1495.859, 364.8184, 57.05688, 708.7332, 452.5363, 17.78806, 1820.256, 1117.013, 2073.524, 930.5629, 283.4934, 2289.259, 510.7241, 2035.258, 2296.539
195.8, 1410.493, 347.0986, 54.1995, 671.9075, 428.4443, 16.77293, 1830.665, 1284.323, 1921.407, 979.6231, 264.2736, 2434.916, 531.6919, 2119.914, 2252.746
195.9, 1416.137, 358.486, 51.48522, 649.3305, 405.6348, 461.5197, 1774.606, 1502.762, 1888.177, 904.6727, 246.3568, 2313.254, 508.1361, 2196.574, 2297.088
196, 1335.321, 341.0738, 169.2864, 660.6572, 384.0397, 764.9609, 1677.853, 1534.613, 1768.531, 835.4567, 553.8762, 2197.671, 485.6238, 2208.839, 2235.552
196.1, 1272.226, 324.5074, 168.9066, 626.3296, 410.707, 935.8776, 1586.376, 1542.119, 1664.454, 907.5098, 658.2414, 2379.87, 464.109, 2077.534, 2375.878
196.2, 1406.245, 328.0603, 160.4478, 593.7856, 388.8418, 1078.975, 1588.983, 1488.599, 1542.347, 899.3842, 800.7205, 2260.959, 443.5473, 2031.365, 2300.666
196.3, 1536.429, 312.1259, 152.4127, 591.7117, 368.1407, 1017.4, 1631.762, 1402.871, 1577.648, 830.5729, 746.4346, 2336.891, 423.8966, 2142.345, 2383.167
196.4, 1448.748, 296.9655, 144.78, 560.9665, 348.5417, 959.3394, 1542.797, 1386.683, 2204.125, 767.0262, 819.754, 2269.083, 405.1165, 2126.111, 2460.26
196.5, 1402.06, 282.5414, 137.5294, 607.6661, 408.751, 931.4887, 1458.683, 1578.087, 2199.962, 708.3415, 764.1777, 2331.576, 387.1684, 2413.014, 2519.647
196.6, 1322.047, 268.8179, 130.642, 607.5201, 386.99, 933.663, 1552.681, 1953.628, 2193.243, 654.1467, 712.3693, 2341.157, 370.0154, 2415.094, 2397.313
196.7, 1323.651, 255.761, 124.0996, 575.9535, 366.3875, 918.8278, 1468.028, 1841.119, 2131.049, 605.9709, 664.0732, 2308.379, 366.2725, 2271.528, 2529.147
196.8, 1312.221, 243.3383, 117.8847, 585.5336, 346.8818, 866.3921, 1387.991, 1822.62, 2056.287, 559.6084, 619.0515, 2277.047, 350.0453, 2136.497, 2527.862
196.9, 1286.43, 231.519, 120.894, 555.1093, 328.4146, 847.7188, 1312.317, 1753.098, 1905.435, 516.7931, 577.0821, 2283.884, 352.9809, 2009.492, 2405.129
197, 1213.016, 220.2738, 114.8397, 526.2659, 310.9305, 862.5956, 1288.528, 1652.137, 1902.473, 513.0746, 537.9581, 2169.769, 389.3854, 1890.037, 2288.355
197.1, 1143.792, 333.4042, 109.0885, 498.9212, 294.3772, 1132.55, 1304.376, 1623.2, 1762.905, 594.8434, 501.4865, 2061.355, 372.1342, 1777.683, 2177.25
197.2, 1078.518, 317.2103, 103.6255, 472.9973, 278.7052, 1600.571, 1233.261, 1529.72, 1670.803, 549.3323, 681.1951, 2201.583, 394.2447, 1823.434, 2071.54
197.3, 1073.262, 301.8029, 121.6533, 547.4485, 263.8675, 1709.542, 1166.023, 1441.624, 1548.231, 559.8892, 789.8242, 2091.58, 376.7783, 1715.04, 2173.929
197.4, 1108.824, 287.1439, 115.561, 519.0032, 263.3496, 1817.952, 1102.451, 1402.223, 1559.712, 517.0524, 736.277, 2118.317, 360.0857, 1677.06, 2356.233
197.5, 1121.044, 273.1969, 109.7737, 541.351, 249.3295, 1732.039, 1042.345, 1507.675, 1445.289, 492.6611, 686.3602, 2167.497, 390.7151, 1761.906, 2333.473
197.6, 1057.068, 351.3854, 104.2763, 513.2225, 236.0557, 1669.766, 1028.049, 1479.383, 1381.333, 479.0872, 639.8275, 2059.197, 373.405, 1657.169, 2432.49
197.7, 996.7433, 334.3181, 99.05422, 486.5555, 223.4886, 1574.476, 1070.473, 1950.595, 1329.515, 442.4326, 596.4496, 2269.076, 356.8619, 1558.658, 2314.387
197.8, 939.8612, 318.0797, 94.09364, 461.2741, 211.5905, 1542.504, 1012.11, 1838.26, 1303.863, 408.5823, 750.9515, 2901.068, 341.0516, 1466.003, 2202.019
197.9, 886.2252, 302.6301, 89.38148, 437.3064, 200.3259, 1486.265, 984.663, 1732.395, 1285.463, 377.3219, 700.0398, 2915.958, 325.9418, 1378.856, 2095.106
198, 835.6501, 287.9309, 84.90531, 414.584, 233.3737, 1560.058, 965.5192, 1775.125, 1238.523, 348.4532, 834.6133, 2958.543, 311.5015, 1296.89, 1993.384
198.1, 787.9612, 273.9456, 90.36488, 393.0423, 220.9494, 1471.029, 912.8787, 1814.217, 1147.663, 321.7933, 869.3771, 2810.718, 297.7008, 1219.796, 2030.849
198.2, 751.6077, 301.7445, 85.83945, 372.6199, 209.1865, 1399.155, 863.1082, 1709.737, 1063.469, 297.1731, 825.8402, 2880.716, 284.5116, 1147.285, 2089.291
198.3, 708.715, 330.8943, 81.54066, 353.2586, 224.8686, 1319.308, 904.2292, 1611.273, 1043.551, 274.4365, 769.8513, 2736.779, 299.4002, 1079.084, 1987.851
198.4, 721.014, 321.8403, 82.0649, 334.9033, 212.8971, 1244.018, 981.259, 1518.48, 966.995, 253.4395, 918.9182, 2883.044, 286.1357, 1014.937, 1915.036
198.5, 679.8672, 364.9438, 77.95513, 317.5018, 241.5492, 1366.694, 927.7604, 1431.031, 896.0549, 234.049, 856.6189, 2738.991, 305.1093, 954.6041, 1931.233
198.6, 672.6193, 347.2179, 166.9386, 340.4817, 249.2003, 1288.699, 1023.601, 1348.619, 830.319, 216.1421, 798.5433, 2602.136, 291.5919, 897.8574, 1948.119
198.7, 634.2343, 330.353, 158.5784, 322.7903, 235.9334, 1215.156, 1042.716, 1270.952, 769.4056, 199.6052, 744.405, 2472.119, 289.5636, 844.4839, 1853.534
198.8, 602.3098, 314.3073, 150.6368, 306.0181, 223.3728, 1172.319, 985.8664, 1197.758, 805.7065, 184.3335, 693.9371, 2348.598, 387.0622, 794.2833, 1763.541
198.9, 710.0709, 406.8977, 143.093, 367.2929, 211.4809, 1125.662, 932.1165, 1230.706, 746.5988, 170.2303, 821.2827, 2520.221, 422.5076, 747.0669, 1865.477
199, 669.5485, 387.1341, 135.927, 348.2084, 200.2221, 1079.257, 906.4722, 1224.287, 725.2558, 157.206, 765.6028, 2456.976, 459.889, 702.6573, 1868.571
199.1, 631.3387, 368.3304, 129.1199, 375.9378, 189.5627, 1119.25, 892.0924, 1153.78, 687.5107, 145.1783, 713.6978, 2351.344, 439.5143, 660.8876, 1777.848
199.2, 595.3095, 350.44, 122.6536, 356.4041, 179.4708, 1144.625, 914.4797, 1087.334, 672.3911, 134.0708, 665.3117, 2233.858, 512.1776, 621.6009, 1691.529
199.3, 587.1542, 333.4186, 116.5112, 337.8854, 169.9162, 1079.304, 1065.94, 1024.715, 623.0635, 123.8131, 620.2061, 2329.187, 489.4863, 584.6496, 1851.763
199.4, 563.4899, 332.1431, 110.6764, 320.3289, 160.8702, 1113.56, 1007.824, 965.702, 896.9271, 114.3402, 657.4969, 2265.371, 467.8003, 549.8949, 1810.614
199.5, 531.3327, 501.3279, 105.1338, 303.6847, 152.3058, 1083.259, 1067.494, 1043.646, 1369.34, 176.6434, 612.9211, 2220.699, 493.844, 688.5819, 1817.482
199.6, 501.0106, 476.9776, 99.86871, 287.9053, 144.1974, 1052.168, 1009.294, 983.543, 1391.186, 180.884, 571.3673, 2324.536, 471.965, 647.6489, 1922.078
199.7, 586.1625, 453.8101, 94.86733, 272.9457, 136.5206, 992.1233, 954.2667, 926.901, 1356.451, 167.0447, 577.5205, 2359.01, 451.0552, 758.793, 1957.317
199.8, 552.7114, 431.7678, 90.11642, 439.8557, 129.2526, 971.9525, 902.2397, 1039.443, 1348.675, 154.2642, 538.3668, 2282.399, 431.0719, 713.6863, 1862.285
199.9, 521.1693, 410.7962, 85.60344, 417.0009, 307.0988, 1042.321, 853.0492, 979.5816, 1249.735, 142.4616, 501.8675, 2168.358, 411.9739, 748.2483, 1771.867
200, 491.4272, 405.0514, 220.907, 395.3336, 290.7495, 1065.898, 806.5406, 923.1677, 1190.66, 131.5619, 467.8427, 2060.015, 393.722, 703.7684, 1777.678
200.1, 463.3824, 385.3774, 246.679, 374.7921, 294.091, 1028.004, 762.5676, 870.0027, 1122.532, 121.4962, 679.0347, 2172.749, 402.3092, 661.9327, 1691.368
200.2, 508.4795, 366.6591, 234.3255, 355.3179, 1055.956, 1068.377, 720.9921, 819.8994, 1040.182, 112.2006, 632.9987, 2064.186, 384.4855, 684.3561, 1813.469
200.3, 479.4615, 348.8499, 222.5906, 357.7427, 999.7388, 1007.407, 1003.27, 772.6816, 1041.39, 103.6162, 590.0837, 2023.34, 367.4514, 643.6743, 1725.421
200.4, 452.0996, 331.9057, 211.4433, 339.1545, 1028.716, 987.5161, 1294.856, 728.183, 964.9923, 164.4696, 550.0782, 2082.967, 351.172, 756.4706, 1832.987
200.5, 426.2992, 315.7845, 200.8544, 321.532, 1007.555, 931.1605, 1408.548, 686.2471, 894.1991, 151.8862, 512.785, 1996.485, 335.6139, 1003.584, 1798.242
200.6, 401.9712, 300.4464, 190.7957, 475.3955, 1053.229, 878.0211, 1440.705, 825.3881, 928.4747, 140.2654, 572.6365, 2114.355, 320.745, 1038.728, 1779.264
200.7, 379.0315, 311.0498, 267.2791, 450.694, 1006.558, 1489.474, 1506.251, 833.7618, 964.7691, 168.9265, 773.3622, 2008.711, 306.5349, 976.9806, 1943.046
200.8, 375.278, 472.6896, 253.8939, 670.5311, 1025.106, 2218.966, 1471.785, 864.9373, 938.794, 298.9225, 831.9228, 1930.354, 292.9543, 918.9037, 2025.394
200.9, 353.8616, 500.8394, 266.5267, 635.6904, 970.5314, 2132.22, 1391.543, 966.5417, 898.4717, 289.0406, 1437.387, 2004.751, 279.9754, 864.2792, 2114.909
201, 333.6674, 476.5129, 253.1792, 602.66, 918.8624, 2679.556, 1391.242, 910.8788, 858.5207, 266.9263, 1731.482, 2003.4, 267.5715, 812.9018, 2012.226
201.1, 314.6257, 453.368, 240.5001, 673.7823, 869.9441, 2716.014, 1603.327, 858.4215, 902.6669, 350.0202, 1650.453, 1903.299, 255.7171, 764.5786, 1914.528
201.2, 296.6707, 431.3472, 228.456, 638.7726, 823.6301, 2674.24, 1515.913, 886.5203, 836.446, 323.2404, 1599.88, 1982.037, 244.3879, 719.128, 1821.574
201.3, 279.7403, 444.2271, 217.015, 605.5821, 779.7818, 2521.626, 1609.182, 835.4658, 793.076, 316.8226, 1674.064, 1883.004, 233.5607, 676.3792, 1733.132
201.4, 263.7761, 422.6504, 206.147, 626.8073, 738.2679, 2441.308, 2101.9, 787.3516, 734.8949, 292.5827, 1560.569, 1788.919, 223.2131, 636.1716, 1764.796
201.5, 248.7229, 923.2507, 195.8233, 594.2384, 771.7545, 2404.684, 2238.146, 742.0082, 1064.941, 581.1578, 1489.369, 1699.534, 213.324, 936.6324, 1822.065
201.6, 234.5288, 973.4246, 186.0166, 563.3619, 730.6679, 2267.453, 2254.45, 761.0744, 1497.567, 1412.625, 1388.396, 1614.616, 203.873, 1076.247, 1733.599
201.7, 283.9449, 926.1439, 176.701, 534.0897, 691.7687, 2145.659, 2131.536, 1212.364, 1575.444, 1686.504, 1387.653, 1609.876, 194.8407, 1012.269, 1649.43
201.8, 267.7407, 940.0081, 167.8519, 506.3384, 654.9404, 2198.607, 2096.9, 1142.544, 1527.612, 1557.471, 1319.71, 1619.651, 186.2086, 952.0947, 1569.346
201.9, 252.4613, 894.3504, 159.446, 480.0291, 620.0728, 2151.483, 2169.147, 1076.746, 1425.898, 1575.847, 1230.239, 1564.31, 271.6686, 1026.759, 1594.847
202, 265.1356, 850.9105, 151.461, 455.0869, 587.0615, 2107.938, 2050.885, 1014.736, 1458.854, 1561.519, 1303.178, 1524.779, 259.6327, 1291.415, 1767.579
202.1, 321.4649, 1629.939, 143.8759, 431.4406, 555.8076, 2111.831, 2024.18, 956.2977, 1351.83, 1442.048, 1274.281, 1603.918, 248.1301, 1214.646, 1965.441
202.2, 331.2466, 2263.695, 136.6707, 409.023, 526.2175, 1991.313, 1932.564, 901.2247, 1252.658, 1358.082, 1215.268, 1553.42, 237.137, 1142.441, 1956.339
202.3, 312.343, 2258.682, 129.8263, 387.7702, 498.2029, 1877.672, 2154.154, 849.3234, 1328.555, 1254.176, 1192.624, 1512.305, 226.631, 1074.529, 1909.277
202.4, 338.034, 2484.677, 123.3246, 367.6217, 471.6796, 1770.517, 2225.864, 800.4111, 1488.293, 1343.288, 1142.727, 1634.11, 216.5904, 1010.653, 1855.1
202.5, 318.7431, 2475.816, 117.1486, 348.5201, 446.5684, 1919.895, 2104.509, 754.3156, 1379.11, 1240.513, 1226.839, 1581.615, 243.7702, 950.5743, 1972.821
202.6, 376.5253, 2355.562, 111.2819, 330.4111, 422.794, 2414.399, 2019.615, 710.8748, 1316.401, 1145.602, 1143.664, 1517.844, 232.9703, 894.0671, 1877.036
202.7, 355.0378, 2391.742, 105.7089, 313.243, 400.2854, 2342.658, 1922.552, 669.9357, 1244.978, 1189.326, 1102.78, 1599.232, 222.6489, 840.9189, 1785.902
202.8, 334.7765, 2329.937, 100.4151, 296.9669, 378.9751, 2400.827, 1909.441, 631.3542, 1225.624, 1188.49, 1028.016, 1634.704, 212.7847, 790.9302, 2000.844
202.9, 315.6715, 2268.5, 95.38636, 281.5365, 431.704, 2263.817, 1805.338, 594.9947, 1214.132, 1097.559, 1108.927, 2104.082, 203.3576, 743.9131, 2113.305
203, 297.6567, 2158.316, 90.60946, 266.9079, 408.721, 2206.94, 1738.857, 560.7291, 1125.061, 1133.2, 1146.131, 2135.08, 194.3482, 699.691, 2010.7
203.1, 280.6701, 2053.483, 86.07178, 253.0394, 493.8398, 2106.624, 1763.044, 528.4368, 1042.525, 1046.5, 1068.428, 2296.484, 185.7379, 658.0976, 1976.615
203.2, 264.6528, 2085.988, 81.76135, 239.8915, 467.5488, 2174.924, 1666.922, 498.0043, 1043.645, 966.4327, 1155.732, 2224.374, 177.509, 618.9767, 1880.646
203.3, 249.5496, 2012.444, 77.66679, 227.4268, 445.7135, 2050.805, 1576.041, 469.3243, 1761.549, 892.4915, 1077.378, 2348.05, 169.6447, 582.1815, 2146.682
203.4, 235.3083, 1914.696, 73.77728, 322.5134, 435.6708, 1977.022, 1490.114, 442.296, 2136.858, 824.2075, 1004.335, 2230.729, 162.1289, 547.5735, 2042.456
203.5, 221.8797, 1916.944, 70.08255, 305.7557, 412.4766, 1864.197, 1610.839, 416.8243, 2389.036, 794.4848, 1029.023, 2119.269, 154.946, 515.0228, 2217.383
203.6, 209.2175, 1992.665, 66.57285, 341.264, 390.5172, 1796.687, 1618.282, 392.8195, 2213.773, 733.6992, 959.2592, 2013.379, 148.0813, 484.4071, 2194.737
203.7, 197.2779, 1914.29, 63.23892, 323.532, 400.46, 1861.034, 1530.053, 370.1971, 2154.062, 800.0569, 894.2249, 2090.309, 141.5208, 455.6114, 2088.178
203.8, 186.0196, 1821.31, 60.07195, 306.7213, 379.1404, 1939.744, 1446.634, 348.8775, 2038.464, 738.845, 833.5998, 1985.866, 135.2509, 428.5274, 1986.793
203.9, 175.4039, 1732.847, 57.06358, 290.7841, 401.7964, 1829.047, 1469.563, 328.7858, 1997.36, 682.3163, 777.0848, 1968.927, 129.2589, 403.0535, 2173.813
204, 165.3939, 1714.508, 54.20587, 311.3755, 380.4057, 1724.667, 1389.442, 309.8511, 1880.152, 630.1127, 724.4014, 1894.472, 123.5322, 379.0938, 2092.354
204.1, 155.9552, 1631.231, 51.49127, 295.1965, 360.1537, 1815.483, 1313.689, 292.0068, 1767.636, 683.5367, 675.2896, 2024.222, 118.0593, 356.5585, 2060.661
204.2, 147.0552, 1643.616, 48.91261, 316.519, 340.9799, 1711.877, 1669.507, 275.1902, 1744.932, 634.2185, 629.5075, 2018.274, 112.8289, 335.3627, 1960.612
204.3, 138.663, 1780.412, 46.4631, 431.7565, 322.8268, 1614.183, 2256.489, 259.3421, 1684.724, 585.6948, 586.8292, 1917.43, 107.8301, 315.427, 1967.525
204.4, 130.7498, 1693.934, 44.13625, 471.2984, 305.6402, 1648.832, 2133.464, 244.4066, 1561.131, 540.8837, 547.0444, 1994.329, 103.0529, 296.6763, 1871.998
204.5, 123.2882, 1654.125, 41.92593, 446.8098, 289.3686, 1554.736, 2139.596, 230.3313, 1446.604, 499.501, 509.9568, 2011.251, 98.48728, 279.0403, 2000.046
204.6, 116.2524, 1663.492, 39.8263, 423.5936, 273.9632, 1538.552, 2297.72, 217.0666, 1519.306, 461.2845, 475.3836, 1910.757, 94.12395, 262.4526, 1902.94
204.7, 109.6181, 1687.263, 37.83182, 401.5837, 259.378, 1509.21, 2538.618, 204.5658, 1407.848, 425.9919, 443.1544, 1881.977, 89.95393, 246.8511, 1810.548
204.8, 103.3624, 1605.31, 35.93723, 380.7175, 245.5693, 1447.221, 2400.211, 192.7849, 1304.566, 393.3995, 413.1101, 1787.943, 85.96865, 232.1769, 1722.642
204.9, 97.46371, 1600.485, 34.13751, 360.9355, 232.4957, 1442.799, 2520.496, 181.6824, 1271.557, 419.4676, 385.1028, 1698.608, 82.15993, 218.3751, 1639.004
205, 91.90165, 1573.979, 32.42792, 342.1813, 220.1181, 1547.045, 2447.641, 171.2194, 1295.947, 387.3744, 358.9943, 1724.589, 78.51996, 205.3937, 1559.427
205.1, 86.65701, 1497.528, 30.80395, 324.4016, 208.3995, 1458.758, 2314.195, 428.1013, 1200.874, 368.5841, 435.086, 2708.604, 75.04124, 193.184, 1483.714
205.2, 81.71166, 1424.791, 29.2613, 307.5457, 197.3048, 1375.509, 2188.024, 461.7199, 1112.776, 340.3839, 405.5888, 2805.007, 71.71665, 181.7001, 1411.676
205.3, 77.04854, 1355.587, 27.79591, 291.5657, 186.8007, 1297.012, 2068.732, 744.5744, 1031.141, 412.7694, 378.0914, 2907.649, 68.53935, 170.8989, 1343.136
205.4, 72.65154, 1289.744, 26.40391, 276.416, 176.8558, 1222.994, 1955.944, 1407.386, 955.4955, 387.4363, 528.2357, 2818.553, 65.50282, 160.7398, 1277.924
205.5, 68.50546, 1361.4, 25.08161, 262.0534, 167.4404, 1153.2, 1849.305, 1509.885, 885.399, 427.2376, 492.4233, 2910.564, 62.60081, 151.1845, 1215.879
205.6, 64.59599, 1295.275, 23.82554, 248.4372, 158.5262, 1087.389, 1748.48, 1760.295, 820.4449, 394.5499, 459.0388, 2911.2, 59.82737, 142.1973, 1156.845
205.7, 60.90962, 1232.361, 22.63237, 235.5284, 150.0866, 1025.334, 1653.152, 1888.068, 883.0799, 391.6256, 498.0998, 2804.388, 57.17681, 133.7444, 1100.678
205.8, 57.43363, 1336.548, 21.49895, 223.2904, 142.0963, 966.8204, 1563.021, 2059.474, 1239.115, 703.6303, 464.3304, 2735.308, 54.64367, 125.7939, 1047.238
205.9, 54.15601, 1495.886, 20.4223, 211.6882, 134.5314, 911.6459, 1477.805, 1940.869, 1459.707, 1515.039, 493.5093, 2740.469, 52.22277, 874.0792, 996.3921
206, 51.06543, 1423.229, 19.39956, 200.6889, 127.3693, 859.6201, 1397.234, 1829.095, 1352.621, 1669.691, 460.0512, 2670.96, 49.90911, 822.1193, 948.0151
206.1, 48.15123, 1354.1, 18.42804, 190.2612, 120.5884, 810.5634, 1321.057, 1723.758, 1253.391, 1547.877, 428.8615, 2607.564, 47.69796, 773.2481, 901.987
206.2, 45.40334, 1578.915, 17.50517, 180.3752, 114.1685, 902.7695, 1334.603, 1624.487, 1605.01, 1429.45, 766.304, 2477.276, 45.58477, 1160.137, 858.1937
206.3, 42.81226, 1611.691, 16.62852, 171.003, 108.0904, 879.2943, 1261.84, 1530.933, 1589.987, 1320.084, 714.3514, 2438.04, 43.56521, 1355.933, 816.5266
206.4, 40.36905, 1735.294, 15.79578, 162.1177, 102.3359, 956.1036, 1406.407, 1442.767, 1752.15, 1343.908, 1211.529, 2692.949, 41.63512, 1746.794, 1090.948
206.5, 116.5841, 1762.993, 15.00473, 153.6941, 96.8878, 901.5407, 1329.729, 1359.678, 2390.744, 1395.168, 1129.391, 2589.031, 39.79053, 1642.956, 1037.98
206.6, 323.4676, 1677.362, 14.2533, 145.7081, 91.72971, 850.0916, 1257.232, 1281.375, 3046.541, 1470.161, 1052.823, 2459.669, 38.02767, 1545.29, 1164.396
206.7, 305.0079, 1610.205, 13.53951, 138.1372, 86.84621, 821.2827, 1188.687, 1207.581, 3492.457, 1457.964, 1016.535, 2811.989, 36.34291, 1801.512, 1780.119
206.8, 367.6699, 1938.009, 12.86145, 130.9596, 82.22271, 881.1496, 1371.181, 1138.036, 3536.038, 1373.701, 1218.018, 2671.486, 34.73279, 2507.939, 2690.239
206.9, 346.6877, 2536.458, 12.21736, 124.1549, 77.84535, 958.1104, 1349.025, 1072.497, 3465.306, 1268.599, 1429.917, 2956.78, 33.19401, 2400.74, 2899.99
207, 326.903, 2784.002, 11.60552, 117.7039, 73.70103, 1063.367, 1275.475, 1010.732, 3211.086, 1307.84, 1809.631, 3028.126, 31.7234, 2590.216, 3160.472
207.1, 308.2473, 2962.451, 11.02432, 111.588, 69.77735, 1002.683, 1205.936, 952.5245, 3216.311, 1207.778, 1758.235, 2936.479, 30.31794, 2536.667, 3091.006
207.2, 343.7752, 2830.77, 10.47223, 105.7899, 66.06255, 945.4615, 1188.543, 897.6688, 3010.119, 1201.671, 1639.034, 3092.087, 28.97475, 2385.875, 3225.826
207.3, 467.1053, 2719.19, 9.947785, 100.2931, 62.54552, 891.506, 1123.743, 1179.805, 2890.553, 1142.06, 1527.913, 2937.589, 27.69106, 2244.045, 3112.679
207.4, 440.4485, 2587.115, 9.449606, 95.08186, 59.21574, 840.6295, 1514.915, 1568.254, 2678.498, 1125.931, 1424.326, 2853.88, 26.46425, 2110.647, 2961.552
207.5, 428.0831, 2545.189, 8.976375, 90.14142, 56.06322, 792.6565, 1910.672, 2306.944, 2595.13, 1122.638, 1327.762, 2823.05, 25.29179, 1985.179, 2817.762
207.6, 408.069, 2622.362, 8.526842, 85.45768, 53.07853, 835.9537, 1963.124, 2174.088, 2579.763, 1068.052, 1237.745, 2830.779, 24.17127, 2283.559, 3368.211
207.7, 492.1589, 2700.046, 8.099822, 81.01731, 130.8903, 788.2476, 2016.031, 2048.882, 2390.508, 986.3356, 1276.842, 2689.338, 23.1004, 2487.621, 3445.233
207.8, 464.0724, 2568.901, 7.694187, 76.80766, 123.922, 870.2651, 1906.116, 1930.888, 2300.577, 910.8716, 1331.362, 2659.03, 22.07697, 2560.979, 3277.96
207.9, 437.5887, 2729.613, 7.308867, 72.81675, 117.3247, 820.6008, 1802.193, 1819.688, 2272.077, 841.1814, 1411.187, 2663.783, 21.09888, 2509.986, 3572.989
208, 568.2891, 2597.031, 6.942842, 69.0332, 111.0785, 773.7708, 1703.937, 1714.893, 2105.394, 872.2566, 1315.514, 2530.686, 20.16413, 2360.779, 3399.513
208.1, 535.858, 2507.592, 6.595149, 65.44624, 131.9084, 729.6133, 1643.876, 1793.824, 1950.94, 805.673, 1226.327, 2642.38, 19.27078, 2220.442, 3590.169
208.2, 505.2777, 2385.795, 6.264867, 62.04567, 124.8858, 687.9757, 1636.197, 1890.998, 1862.45, 744.0314, 1143.186, 2593.486, 18.41702, 2088.447, 3415.858
208.3, 476.4425, 2498.304, 5.951126, 58.82178, 124.1325, 722.6816, 1695.669, 1782.096, 1870.499, 765.1616, 1160.557, 2533.154, 17.60108, 1964.299, 3250.011
208.4, 449.2529, 2511.037, 5.653096, 55.76541, 117.524, 681.4396, 1717.101, 1835.668, 1824.528, 706.6196, 1081.876, 2602.865, 16.82129, 1847.53, 3182.936
208.5, 423.6149, 2440.509, 5.369992, 52.86784, 111.2672, 642.5512, 1623.484, 1729.952, 1690.678, 691.5973, 1008.529, 2472.811, 16.07605, 1907.047, 3028.397
208.6, 399.4401, 2321.969, 5.101066, 50.12084, 105.3436, 650.155, 1663.944, 1663.42, 1595.138, 638.6836, 985.8602, 2349.256, 15.36382, 1793.682, 3124.531
208.7, 376.6448, 2209.188, 4.845607, 47.51657, 99.73534, 613.052, 1596.898, 1731.022, 1504.126, 589.8183, 919.0226, 2231.874, 14.68315, 1687.057, 3042.307
208.8, 355.1505, 2211.31, 4.602942, 45.04761, 118.4607, 578.0663, 1509.834, 1672.697, 1466.893, 556.1208, 856.7162, 2467.52, 14.03263, 1586.769, 3139.237
208.9, 478.4338, 2103.904, 4.372429, 42.70694, 112.1541, 545.0773, 1427.518, 1682.535, 1359.28, 552.1105, 798.6341, 2344.229, 13.41094, 1492.443, 3008.464
209, 451.1306, 2036.486, 4.15346, 40.4879, 108.6463, 513.9708, 1463.827, 1636.803, 1414.937, 540.2321, 744.4897, 2293.919, 12.81679, 1403.724, 3033.231
209.1, 425.7893, 2163.494, 3.945457, 38.38415, 134.2037, 484.6396, 1384.019, 1583.72, 1311.136, 498.8992, 694.0161, 2179.302, 12.24896, 1320.279, 2973.402
209.2, 401.4903, 2058.409, 3.747871, 36.38972, 197.0724, 456.9821, 1403.251, 1492.514, 1313.728, 570.6842, 687.9151, 2070.413, 11.70629, 1416.233, 2975.291
209.3, 400.2403, 2130.678, 3.560179, 34.49891, 186.5807, 471.0859, 1326.745, 1485.664, 1217.351, 527.0215, 641.277, 2092.956, 11.18766, 1375.347, 3000.252
209.4, 377.3994, 2039.747, 3.381887, 32.70635, 176.6475, 444.202, 1254.41, 1515.423, 1218.798, 676.9224, 684.5344, 2194.893, 10.692, 1361.004, 2854.583
209.5, 355.862, 1984.218, 3.212524, 31.00694, 167.2432, 434.8917, 1186.019, 1704.304, 1218.065, 761.0319, 685.0927, 2272.781, 10.21831, 1411.666, 2967.838
209.6, 335.5536, 1887.841, 3.051643, 29.39582, 158.3395, 506.0793, 1121.357, 2655.896, 1152.972, 737.1982, 700.0044, 3130.765, 9.765601, 1498.413, 3098.092
209.7, 316.4043, 1829.102, 2.898818, 27.86842, 149.9099, 673.725, 1060.22, 2610.049, 1130.027, 748.6913, 854.2388, 3255.595, 9.332951, 1491.632, 2947.673
209.8, 298.3477, 1859.867, 2.753647, 26.42038, 141.929, 1893.509, 1245.838, 2459.737, 1047.126, 691.4094, 851.5439, 3192.905, 8.919468, 1570.157, 2804.558
209.9, 281.3216, 1937.253, 2.615746, 25.04758, 134.373, 3122.347, 1177.914, 2437.372, 970.3077, 638.5101, 1143.042, 3196.041, 8.524304, 1476.818, 2668.39
210, 265.2672, 2032.699, 2.484751, 23.74611, 127.2193, 3338.739, 1113.694, 2297.004, 899.1246, 635.4506, 1065.548, 3108.97, 8.146647, 1389.028, 2671.599
210.1, 250.1289, 2006.679, 2.360316, 22.51226, 120.4464, 3299.222, 1238.177, 2164.72, 833.1635, 586.8326, 993.3074, 3149.811, 7.785722, 1340.292, 2605.637
210.2, 342.8759, 1909.211, 2.242112, 21.34253, 114.0341, 3224.874, 1170.672, 2040.054, 772.0415, 541.9344, 925.9649, 3039.491, 7.440787, 1301.961, 2639.246
210.3, 323.3087, 1942.213, 2.129829, 20.23357, 107.9631, 3149.766, 1106.846, 2019.915, 820.4319, 533.9704, 863.1879, 3315.721, 7.111134, 1224.565, 2641.494
210.4, 304.8581, 1912.387, 2.023168, 19.18224, 102.2154, 3006.165, 1071.178, 2030.7, 760.2439, 498.4556, 804.667, 3506.533, 6.796086, 1307.757, 2513.244
210.5, 289.6346, 1819.499, 1.921849, 18.18553, 96.77368, 2898.442, 1214.362, 1913.752, 704.4713, 460.3191, 750.1135, 3331.328, 6.494995, 1230.017, 2512.208
210.6, 361.4372, 1835.901, 1.825604, 17.24061, 91.62166, 2871.751, 1182.892, 1803.54, 652.7903, 483.9111, 699.2586, 3226.312, 6.207244, 1400.917, 2390.235
210.7, 340.8107, 1851.017, 1.734178, 16.34479, 86.74392, 2734.854, 1166.601, 1699.674, 604.9008, 497.2232, 651.8514, 3065.107, 5.932241, 1317.639, 2495.042
210.8, 321.3613, 1799.36, 1.647332, 15.49552, 82.12586, 2611.004, 1102.997, 1723.095, 560.5244, 459.181, 607.6583, 3196.89, 5.669422, 1239.311, 2516.842
210.9, 303.0219, 1711.963, 1.564834, 14.69037, 77.75365, 2461.999, 1104.903, 1623.862, 519.4036, 424.0493, 566.4614, 3192.111, 5.418246, 1165.64, 2596.899
211, 285.729, 1628.81, 1.486468, 13.92706, 73.61422, 2441.859, 1124.146, 1530.344, 481.2994, 391.6056, 528.0574, 3117.344, 5.178199, 1096.348, 2470.814
211.1, 269.4231, 1720.581, 1.412027, 13.20342, 69.69516, 2387.168, 1212.896, 1442.212, 445.9906, 361.644, 492.257, 3044.761, 4.948786, 1031.175, 2350.851
211.2, 254.0476, 1637.009, 1.341313, 12.51737, 65.98474, 2250.937, 1956.291, 1359.155, 413.2721, 333.9749, 458.8839, 2966.432, 4.729537, 1350.239, 2236.712
211.3, 325.9547, 1557.497, 1.274141, 11.86697, 62.47186, 2223.642, 2343.552, 1280.882, 382.9539, 325.2227, 427.7732, 2893.138, 4.520002, 1269.973, 2367.525
211.4, 307.3531, 1636.245, 1.210333, 11.25036, 59.14599, 2252.13, 2305.962, 1307.654, 354.8599, 321.5317, 398.7718, 2935.761, 4.31975, 1194.479, 2435.838
211.5, 289.8131, 1632.584, 1.14972, 10.66579, 55.99718, 2255.614, 2193.987, 1395.68, 328.8268, 313.1694, 371.7365, 2897.004, 4.12837, 1123.473, 2392.373
211.6, 300.6711, 1553.287, 1.092142, 10.1116, 53.01601, 2126.891, 2164.458, 1315.303, 304.7036, 289.209, 346.5342, 2858.054, 3.945469, 1056.688, 2276.218
211.7, 283.5124, 1477.841, 1.037448, 9.586204, 50.19355, 2005.513, 2322.576, 1239.555, 282.3502, 267.0818, 323.0404, 2767.231, 3.770671, 993.8726, 2165.703
211.8, 267.3329, 1406.06, 0.9854935, 9.088105, 47.52136, 2063.084, 2195.948, 1168.169, 261.6366, 246.6475, 301.1395, 2773.515, 3.603617, 934.7916, 2349.754
211.9, 252.0767, 1337.766, 0.9361405, 8.615889, 44.99142, 2123.555, 2256.776, 1100.895, 242.4425, 227.7766, 280.7234, 2794.226, 41.62357, 879.2226, 2235.668
212, 237.6912, 1272.788, 0.8892591, 8.168208, 42.59618, 2016.956, 2133.736, 1037.494, 224.6566, 210.3496, 261.6913, 2674.298, 100.1191, 826.9569, 2290.782
212.1, 224.1267, 1210.967, 0.8447255, 7.743789, 40.32845, 2116.69, 2139.156, 977.7453, 208.1755, 194.2559, 243.9496, 2678.332, 95.68352, 777.7982, 2207.161
212.2, 211.3362, 1235.693, 0.8024221, 7.341423, 38.18145, 1995.894, 2053.289, 921.4372, 192.9034, 179.3935, 394.7784, 2799.727, 91.4444, 731.5618, 2099.999
212.3, 199.2757, 1175.673, 0.7622373, 6.959964, 36.14875, 1968.308, 1968.523, 989.2769, 178.7518, 165.6682, 381.0344, 2750.605, 87.39309, 688.0739, 2201.396
212.4, 187.9034, 1125.454, 0.7240648, 6.598325, 34.22427, 1878.651, 1861.198, 932.3046, 165.6383, 152.993, 408.2675, 2750.587, 116.1605, 647.1711, 2312.748
212.5, 203.5312, 1233.233, 0.687804, 6.255476, 32.40224, 1965.255, 1856.304, 878.6134, 153.4868, 141.2876, 380.5885, 2613.153, 111.0142, 608.6998, 2295.425
212.6, 315.3764, 1173.333, 0.6533592, 5.930443, 30.67722, 1853.102, 1807.217, 901.5012, 142.2268, 192.0128, 395.4202, 2641.985, 106.0959, 572.5154, 2233.202
212.7, 371.4017, 1432.925, 0.6206393, 5.622298, 29.04403, 2393.115, 1998.184, 1039.804, 131.7929, 177.322, 617.2001, 2620.601, 336.4949, 538.4821, 2258.939
212.8, 842.0085, 1363.325, 17.94854, 5.330164, 27.49779, 2649.541, 2214.539, 979.9224, 245.3721, 163.7552, 575.3562, 2787.417, 430.0092, 506.4718, 2260.199
212.9, 1791.448, 1392.151, 38.85918, 5.053209, 26.03386, 2498.337, 2588.146, 988.7708, 264.7893, 151.2264, 536.3492, 2743.255, 410.9583, 476.3644, 2228.306
213, 1977.126, 1324.532, 36.91314, 4.790645, 24.64788, 2468.426, 2599.242, 931.8277, 245.364, 139.6562, 528.6234, 2618.196, 392.7513, 448.0468, 2187.084
213.1, 2161.711, 1290.558, 35.06454, 4.541724, 23.33568, 2327.557, 2477.129, 878.1639, 399.6607, 128.9711, 519.767, 2666.822, 375.3511, 421.4125, 2080.897
213.2, 2038.347, 1227.874, 33.30853, 4.305737, 22.09333, 2472.55, 2360.361, 827.5907, 370.3411, 217.8598, 592.4889, 2533.573, 358.7217, 696.1126, 2068.756
213.3, 2006.498, 1254.634, 31.64046, 4.082011, 20.91713, 2331.447, 2355.71, 894.7191, 410.545, 305.7804, 552.3203, 2588.275, 342.829, 1035.492, 1968.314
213.4, 1922.817, 1280.339, 30.05592, 3.86991, 19.80355, 2198.396, 2301.144, 884.0681, 952.5032, 587.3727, 514.8751, 2488.653, 327.6405, 1359.172, 1872.748
213.5, 1976.583, 1218.151, 28.55074, 3.66883, 18.74925, 2195.443, 2377.297, 833.1548, 1485.696, 1135.105, 479.9684, 2364.306, 313.1249, 1278.376, 1846.394
213.6, 1863.784, 1158.983, 27.12093, 3.478199, 17.75108, 2070.153, 2356.969, 943.1196, 2007.681, 1319.192, 447.4284, 2357.458, 299.2523, 1202.382, 1954.467
213.7, 1757.421, 1102.69, 25.76273, 3.297472, 16.80605, 1966.629, 2228.466, 1019.738, 2065.674, 1218.261, 462.1447, 2356.299, 285.9944, 1253.214, 1936.377
213.8, 1726.683, 1111.161, 24.47255, 3.126136, 15.91133, 1951.071, 2148.95, 961.0111, 2099.778, 1201.253, 581.3619, 2238.566, 273.3239, 1178.717, 1842.361
213.9, 1774.556, 1057.19, 23.24697, 2.963702, 15.06425, 1978.376, 2119.739, 905.6667, 1960.384, 1230.335, 541.9478, 2306.112, 261.2146, 1108.648, 1752.911
214, 1740.624, 1005.841, 22.08278, 2.809708, 14.26226, 1955.166, 2004.17, 853.5095, 1844.34, 1136.203, 505.2057, 2339.771, 249.6419, 1187.866, 1894.401
214.1, 1641.29, 1077.517, 20.97688, 2.663716, 13.50297, 1858.007, 1894.901, 952.1013, 1830.349, 1064.403, 470.9547, 2410.607, 238.5819, 1196.621, 1802.424
214.2, 1627.598, 1025.18, 19.92637, 2.52531, 12.7841, 1751.975, 2017.716, 1007.292, 1696.073, 1021.456, 439.0257, 2334.823, 228.0119, 1125.488, 1714.913
214.3, 1549.558, 1004.036, 18.92847, 2.394095, 12.1035, 1799.412, 1907.71, 1103.061, 1699.828, 970.1171, 409.2614, 2364.828, 217.9101, 1058.583, 1788.959
214.4, 1461.128, 1063.955, 17.98054, 2.269698, 11.45914, 1745.699, 1803.701, 1039.536, 1593.806, 1065.256, 381.515, 2333.742, 208.2559, 1229.606, 1919.352
214.5, 1396.903, 1012.277, 17.08009, 2.151765, 10.84908, 1646.076, 1782.237, 979.6689, 1476.882, 1629.226, 355.6497, 2427.473, 199.0295, 1320.391, 1927.344
214.6, 1317.184, 1046.22, 16.22473, 2.03996, 10.27149, 1611.733, 1703.042, 923.25, 1558.88, 1856.204, 331.5379, 2355.832, 190.2118, 1465.601, 1833.767
214.7, 1420.173, 995.4034, 15.4122, 1.933964, 9.724663, 1600.636, 1700.783, 870.0803, 1444.519, 1714.187, 309.0609, 2238.122, 181.7847, 1479.116, 1744.734
214.8, 1339.126, 1098.684, 14.64037, 1.833475, 9.206943, 1509.291, 1748.788, 819.9725, 1536.794, 1720.119, 288.1077, 2126.293, 173.731, 1445.508, 1848.488
214.9, 1323.497, 1045.319, 13.90718, 1.738208, 8.716784, 1480.115, 1653.444, 772.7505, 1522.229, 1588.514, 268.5751, 2312.364, 166.0341, 1359.579, 1934.535
215, 1315.238, 1037.539, 13.21072, 1.647891, 8.252722, 1442.578, 1563.297, 728.248, 1459.165, 1635.855, 250.3667, 2196.825, 158.6782, 1422.031, 1992.964
215.1, 1287.76, 987.1442, 12.54913, 1.562267, 7.813365, 1646.961, 1478.066, 686.3083, 1352.119, 1510.697, 233.3927, 2162.2, 151.6482, 1412.953, 1896.202
215.2, 1416.729, 1012.206, 11.92068, 1.481091, 7.397398, 1552.972, 1397.481, 646.784, 1252.925, 1488.554, 217.5696, 2131.49, 144.9297, 1328.959, 1804.137
215.3, 1335.879, 963.0415, 11.3237, 1.404134, 7.003576, 1545.061, 1972.325, 609.5358, 1217.109, 1374.665, 202.8192, 2024.989, 138.5088, 1249.959, 1781.243
215.4, 1259.643, 970.2454, 10.75661, 1.331176, 6.630721, 1456.887, 2331.491, 574.4328, 1167.991, 1483.472, 189.0688, 2059.123, 132.3723, 1316.829, 1766.553
215.5, 1187.758, 923.1191, 10.21793, 1.262008, 6.277715, 1373.745, 2204.377, 541.3513, 1149.972, 1447.263, 176.2506, 1985.109, 178.7515, 1288.568, 1773.323
215.6, 1216.809, 878.2819, 9.70622, 1.196434, 5.943503, 1365.173, 2084.194, 691.8718, 1065.608, 1381.534, 164.3015, 2100.481, 170.8322, 1419.948, 1892.015
215.7, 1147.368, 835.6224, 9.220138, 74.3924, 5.627084, 1325.56, 2211.595, 693.0207, 987.4337, 1283.599, 153.1624, 1995.53, 163.2637, 1796.253, 1859.481
215.8, 1081.89, 795.0349, 8.758398, 103.0478, 5.32751, 1341.881, 2135.627, 729.2661, 982.9489, 1262.174, 142.7786, 1895.822, 156.0305, 1769.298, 1813.334
215.9, 1084.502, 756.4188, 8.319782, 249.2254, 5.043885, 1265.302, 2063.599, 832.8448, 910.8384, 1165.606, 133.0987, 1801.096, 149.1178, 1933.396, 1942.191
216, 1116.154, 818.8951, 7.903132, 236.2756, 4.775359, 1217.315, 2203.506, 865.8256, 931.6594, 1130.541, 124.0751, 1921.114, 142.5114, 1818.465, 1920.696
216.1, 1067.719, 779.1201, 7.507347, 248.6171, 4.521129, 1147.846, 2216.412, 916.9571, 863.3116, 1213.183, 303.7307, 1825.124, 167.4791, 1710.366, 1930.63
216.2, 1006.786, 741.277, 59.85879, 235.699, 4.280434, 1215.039, 2150.116, 969.3627, 799.9778, 1177.976, 441.1295, 1821.43, 160.0592, 1706.847, 1836.894
216.3, 1104.306, 705.2721, 190.091, 223.4521, 4.052553, 1174.074, 2032.891, 913.5373, 741.2903, 1110.879, 444.3868, 1842.595, 204.3618, 1717.768, 1747.709
216.4, 1041.285, 671.0159, 180.5713, 211.8416, 3.836804, 1107.072, 1922.056, 860.9269, 742.868, 1025.887, 414.2591, 1786.511, 195.3078, 1696.943, 1662.854
216.5, 981.8611, 665.1785, 171.5284, 200.8343, 3.632541, 1043.894, 1957.341, 811.3463, 708.4556, 952.1862, 497.9422, 1697.247, 186.655, 1713.051, 1789.188
216.6, 977.402, 674.9736, 162.9384, 225.6234, 3.439152, 984.321, 1850.626, 764.6211, 732.6357, 879.335, 464.1836, 1656.677, 178.3855, 1667.37, 1702.319
216.7, 1070.145, 642.1891, 238.4077, 238.4989, 3.256059, 1001.1, 1795.527, 720.5867, 839.8583, 857.7527, 432.7137, 1650.389, 170.4824, 1638.514, 1759.442
216.8, 1009.074, 610.997, 271.0959, 226.1066, 3.082713, 943.9692, 1821.984, 772.7755, 1077.363, 925.9854, 403.3773, 1657.44, 162.9295, 1590.786, 1715.497
216.9, 951.4877, 581.3199, 257.5196, 214.3581, 2.918596, 890.0988, 1722.649, 728.2715, 1148.42, 855.1388, 376.0298, 1719.608, 155.7111, 1635.425, 1792.433
217, 977.6596, 553.0844, 244.6232, 203.2201, 2.763216, 839.3027, 1666.357, 1255.67, 1190.089, 895.1942, 350.5363, 1711.011, 204.2124, 1538.207, 1864.485
217.1, 921.8665, 526.2202, 232.3726, 192.6608, 2.616109, 791.4053, 1727.514, 1691.34, 1102.783, 826.7034, 326.7713, 1625.52, 206.2504, 1622.325, 1773.96
217.2, 869.2574, 500.6609, 220.7355, 182.6501, 2.476833, 746.2414, 1645.398, 1627.754, 1021.881, 763.4528, 304.6174, 1767.615, 197.1128, 1561.76, 1687.831
217.3, 963.3248, 476.343, 209.6812, 173.1597, 2.344972, 703.6549, 1646.853, 1572.583, 970.7546, 705.0415, 283.9655, 1679.295, 188.38, 1524.894, 1742.008
217.4, 908.3497, 453.2063, 199.1804, 164.1623, 2.22013, 663.4987, 1557.066, 1616.246, 899.5387, 720.215, 264.7137, 1756.309, 180.0341, 1434.246, 1794.369
217.5, 856.512, 431.1934, 193.9864, 155.6324, 2.101935, 760.7597, 1683.077, 1523.167, 933.5252, 689.8298, 246.7671, 1761.203, 172.0579, 1414.311, 1766.139
217.6, 807.6326, 410.2497, 207.3601, 147.5458, 1.990033, 717.3447, 1591.315, 1515.065, 865.0405, 637.0513, 230.0372, 1673.203, 164.4352, 1330.237, 1738.761
217.7, 829.6671, 472.1356, 196.9756, 139.8793, 1.884088, 753.9531, 1504.556, 1427.813, 820.4214, 588.3109, 214.4415, 1589.601, 157.1501, 1251.161, 1708.995
217.8, 782.3196, 449.2032, 187.1112, 132.6112, 1.783783, 710.9265, 1502.247, 1425.898, 1738.69, 543.2996, 271.0016, 1649.873, 150.1878, 1176.785, 1676.479
217.9, 877.7737, 487.2406, 177.7408, 166.1574, 1.688818, 702.4683, 1448.83, 1645.39, 2062.594, 541.0664, 252.6287, 1611.271, 143.5339, 1106.831, 1595.082
218, 827.681, 463.5746, 168.8396, 157.5239, 64.81196, 662.3799, 1369.839, 2322.893, 1942.845, 516.4546, 304.2956, 1530.763, 137.1749, 1185.25, 1681.927
218.1, 780.4469, 441.058, 160.3842, 149.339, 61.36151, 624.5792, 1295.155, 2304.854, 1800.315, 754.0605, 299.8213, 1485.793, 131.0975, 1370.026, 1600.266
218.2, 844.8781, 494.0477, 162.3591, 141.5794, 58.09475, 588.9357, 1296.832, 2293.75, 1841.756, 1442.28, 345.3991, 1411.555, 125.2895, 1288.585, 1522.569
218.3, 796.6626, 470.0511, 154.2282, 134.2229, 55.00191, 650.4654, 1226.128, 2236.863, 1804.461, 1994.778, 321.9823, 1341.026, 165.8558, 1211.984, 1448.645
218.4, 751.1987, 447.22, 146.5046, 127.2487, 52.07373, 678.9954, 1227.046, 2108.043, 1721.809, 1867.503, 300.1531, 1455.003, 175.3367, 1139.938, 1504.224
218.5, 710.7415, 477.0508, 139.1677, 120.6369, 77.13679, 640.2465, 1305.352, 1986.641, 1595.495, 1886.931, 326.3703, 1432.859, 183.5014, 1172.173, 1488.013
218.6, 670.1809, 462.313, 132.1983, 114.3686, 73.03019, 622.4327, 1413.927, 1872.231, 1508.873, 1844.664, 304.2436, 1361.266, 175.3717, 1174.378, 1497.076
218.7, 631.9351, 439.8578, 125.5778, 108.426, 69.14222, 586.9117, 1425.038, 1920.848, 1935.451, 2015.104, 283.617, 1386.944, 167.6021, 1222.281, 1499.302
218.8, 595.8718, 418.4932, 119.289, 102.7922, 65.46124, 553.4178, 1395.84, 2008.747, 2061.621, 1996.377, 264.3889, 1317.644, 167.7987, 1227.094, 1587.014
218.9, 690.9661, 398.1664, 113.315, 97.45116, 61.97622, 521.8354, 1445.683, 2038.195, 1987.36, 1913.966, 246.4643, 1378.607, 284.0544, 1321.965, 1509.961
219, 651.5341, 459.4014, 107.6403, 145.6653, 58.67674, 492.0553, 1366.864, 1920.815, 2044.778, 2034.488, 229.7549, 1437.54, 271.4698, 1243.381, 1492.207
219.1, 631.8182, 437.0876, 102.2497, 138.0966, 55.55291, 463.9747, 1292.342, 1810.196, 1913.018, 1911.427, 255.5929, 1474.027, 259.4427, 1273.723, 1419.757
219.2, 595.7617, 415.8576, 97.1291, 130.9211, 52.59539, 437.4966, 1221.883, 1705.947, 1772.677, 1765.185, 238.2647, 1418.425, 247.9485, 1198.006, 1409.591
219.3, 602.7885, 395.6587, 92.26493, 124.1184, 49.79533, 544.4979, 1155.265, 1732.861, 1728.262, 1755.302, 222.1112, 1347.552, 236.9635, 1126.79, 1341.153
219.4, 568.3885, 442.271, 87.64436, 117.6693, 176.5322, 554.2955, 1142.027, 1633.066, 1601.474, 1729.445, 255.5909, 1401.905, 226.4652, 1259.433, 1276.037
219.5, 685.8757, 420.7892, 83.25517, 111.5552, 632.3371, 574.3017, 1193.127, 1539.018, 1585.497, 1601.967, 308.0955, 1331.858, 263.5366, 1336.392, 1348.63
219.6, 685.5479, 400.3509, 221.5369, 105.7588, 598.6729, 636.1259, 1142.451, 1549.819, 1469.183, 1588.451, 337.5676, 1265.311, 257.3242, 1536.475, 1366.655
219.7, 646.425, 380.9052, 279.6909, 100.2636, 566.8008, 599.8235, 1160.247, 1460.566, 1444.413, 1512.556, 495.0397, 1405.185, 298.1891, 1445.139, 1314.469
219.8, 702.4898, 362.4041, 513.0327, 95.05389, 536.6255, 565.5928, 1096.99, 1376.452, 1338.449, 1396.831, 584.8044, 1334.974, 284.9783, 1359.232, 1280.699
219.9, 662.4001, 344.8015, 589.2463, 90.1149, 508.0568, 533.3156, 1170.655, 1297.182, 1279.984, 1313.481, 868.2855, 1268.271, 272.3528, 1278.432, 1249.181
220, 624.5983, 328.054, 584.3837, 85.43254, 481.0089, 502.8803, 1106.831, 1222.478, 1260.114, 1301.501, 865.4421, 1252.984, 260.2866, 1202.436, 1188.531
220.1, 588.9537, 312.1199, 555.1181, 80.99348, 455.401, 474.1819, 1159.003, 1223.227, 1283.768, 1268.945, 933.6931, 1190.379, 248.7549, 1130.956, 1130.825
220.2, 583.744, 296.9598, 527.3181, 234.2996, 431.1565, 447.1213, 1095.814, 1152.782, 1239.107, 1171.859, 870.3922, 1130.901, 237.7342, 1063.726, 1137.77
220.3, 550.4309, 282.536, 500.9103, 222.1254, 424.5135, 421.605, 1191.418, 1280.415, 1148.205, 1098.313, 811.3829, 1074.395, 616.697, 1000.493, 1082.529
220.4, 519.0189, 268.8128, 475.825, 226.1629, 417.8574, 397.5449, 1126.461, 1206.676, 1063.971, 1265.384, 821.0895, 1110.223, 589.3751, 941.0181, 1100.969
220.5, 489.3996, 255.7561, 498.4001, 214.4115, 395.6116, 374.8578, 1113.879, 1137.184, 985.9163, 1168.57, 765.4227, 1054.75, 608.207, 885.079, 1119.913
220.6, 461.4705, 243.3337, 473.4405, 237.7635, 374.5501, 353.4654, 1267.933, 1150.735, 1045.243, 1096.773, 713.5298, 1040.705, 600.144, 832.4651, 1065.539
220.7, 459.9392, 231.5146, 449.7308, 225.4093, 382.6777, 333.2938, 1322.76, 1084.464, 968.5621, 1038.888, 665.1552, 988.7057, 616.9096, 782.979, 1013.805
220.8, 433.6914, 324.9823, 427.2086, 213.6971, 362.3047, 314.2734, 1494.816, 1192.921, 897.507, 961.7283, 620.0601, 998.0964, 589.5783, 736.4346, 964.5825
220.9, 408.9415, 309.1974, 405.8142, 202.5934, 343.0164, 438.1022, 1434.822, 1124.221, 831.6647, 1028.819, 578.0223, 1013.889, 563.4579, 692.657, 917.7499
221, 385.604, 387.4641, 492.196, 192.0667, 382.653, 885.4848, 2240.321, 1059.477, 770.6526, 950.1047, 538.8346, 963.23, 538.4947, 651.4818, 1039.225
221.1, 363.5984, 378.3596, 467.5471, 182.0869, 362.2813, 901.772, 2568.774, 998.4619, 714.1165, 889.5758, 502.3036, 915.1017, 514.6375, 612.7542, 988.7684
221.2, 342.8485, 359.9821, 444.1326, 172.6257, 342.9943, 982.0425, 2529.653, 940.9607, 661.7278, 821.5149, 468.2493, 1348.57, 491.8372, 576.3289, 940.7617
221.3, 323.2829, 342.4973, 421.8907, 163.6561, 361.156, 1364.27, 2518.484, 886.771, 613.1826, 836.5839, 436.5037, 1564.913, 701.2433, 542.0688, 1001.473
221.4, 354.678, 412.7856, 400.7626, 155.1526, 400.5625, 2188.87, 2560.923, 835.7021, 568.1986, 772.5774, 570.1355, 1486.721, 670.1757, 509.8453, 1042.969
221.5, 334.4373, 527.9584, 380.6926, 147.0909, 1001.389, 2441.502, 2468.105, 787.5742, 526.5148, 837.3644, 531.4824, 1412.436, 640.4846, 479.5374, 1025.565
221.6, 315.3516, 562.26, 477.9927, 139.448, 1874.096, 2302.17, 2381.212, 742.218, 487.8889, 796.4485, 495.4499, 1341.863, 612.1088, 451.0312, 975.7715
221.7, 297.3551, 648.5901, 454.0551, 132.2023, 2211.656, 2217.65, 2251.387, 699.4739, 452.0967, 735.5127, 461.8602, 1517.812, 584.9902, 424.2195, 928.3958
221.8, 280.3857, 617.0871, 441.1224, 125.3331, 2228.389, 2091.093, 2128.641, 790.3085, 418.9303, 679.2391, 430.5478, 1441.974, 559.0731, 399.0016, 922.146
221.9, 264.3846, 587.1143, 419.0312, 118.8208, 2213.809, 1971.758, 2111.896, 744.7949, 388.197, 699.4542, 401.3583, 1569.364, 534.3042, 375.2828, 921.2886
222, 349.0718, 558.5972, 398.0464, 112.6469, 2095.95, 2130.684, 2032.512, 701.9023, 359.7183, 1356.031, 374.1477, 1515.138, 510.6326, 352.974, 984.2412
222.1, 329.1509, 703.1484, 378.1124, 106.7938, 1984.367, 2426.452, 2070.506, 731.3868, 333.3289, 1341.31, 635.7571, 1485.302, 747.329, 331.9913, 936.4542
222.2, 320.7982, 668.9954, 359.1767, 380.2739, 2040.594, 2850.89, 1957.621, 958.4882, 308.8754, 1481.465, 750.9534, 1411.088, 786.0171, 312.256, 890.9874
222.3, 302.4908, 636.5013, 341.1894, 800.1676, 1931.957, 2837.701, 1897.132, 1335.493, 286.2159, 1368.119, 700.0415, 1340.582, 751.1937, 293.6938, 847.7281
222.4, 330.8943, 624.8334, 324.1028, 758.591, 1837.919, 2785.464, 1882.639, 1258.582, 265.2187, 1304.338, 746.943, 1273.599, 717.9132, 276.2351, 806.5692
222.5, 312.0108, 671.1838, 307.8719, 719.1747, 1988.229, 2626.503, 1830.631, 1240.712, 245.7619, 1204.544, 791.8447, 1209.964, 686.1071, 259.8142, 767.4085
222.6, 294.205, 743.5473, 292.4538, 816.3959, 2002.239, 2633.908, 1730.824, 1169.26, 227.7324, 1185.542, 738.1606, 1149.507, 655.7101, 244.3695, 785.7945
222.7, 277.4153, 707.4321, 277.8079, 773.9761, 1895.644, 2592.752, 1636.459, 1101.922, 211.0257, 1161.47, 688.116, 1229.693, 626.6599, 229.8428, 747.6425
222.8, 276.3936, 673.071, 263.8954, 733.7604, 1876.826, 2505.896, 1630.788, 1388.83, 195.5445, 1072.606, 641.4643, 1255.856, 852.9309, 216.1798, 813.4648
222.9, 281.8634, 640.3789, 250.6797, 695.6343, 1811.803, 2362.89, 1629.276, 1308.847, 181.1991, 990.5419, 597.9754, 1193.107, 848.8792, 203.3289, 773.9694
223, 265.778, 609.2747, 238.1258, 659.4893, 1881.322, 2363.397, 1540.447, 1233.471, 295.5564, 969.2393, 606.5255, 1207.061, 811.2708, 191.2419, 885.6497
223.1, 264.016, 647.9296, 226.2005, 625.2223, 1963.691, 2228.523, 1591.78, 1162.436, 273.874, 895.0834, 565.4053, 1164.992, 775.3287, 179.8735, 962.952
223.2, 248.9491, 616.4587, 214.8725, 592.7358, 1859.149, 2275.995, 1504.996, 1095.491, 969.6649, 1397.914, 527.0729, 1177.031, 740.9789, 169.1809, 916.1986
223.3, 234.7421, 586.5164, 204.1118, 561.9374, 1778.195, 2170.205, 1592.862, 1032.402, 1563.683, 1702.358, 578.0459, 1248.148, 767.5909, 159.1239, 871.7153
223.4, 221.3458, 589.3386, 193.89, 532.7392, 1703.391, 2093.634, 1506.019, 972.9463, 1588.429, 1572.112, 538.8565, 1213.862, 733.5839, 149.6647, 829.3917
223.5, 208.7141, 560.7135, 184.1801, 505.0581, 1653.803, 1994.279, 1466.218, 916.9146, 1557.125, 1492.358, 502.324, 1237.929, 727.8815, 140.7678, 855.1349
223.6, 250.5882, 533.4788, 174.9565, 478.8154, 1658.708, 2045.43, 1386.279, 864.1097, 1579.332, 1388.966, 468.2683, 1200.105, 695.6338, 132.3998, 930.0671
223.7, 236.2877, 831.3213, 174.1089, 453.9362, 1570.402, 1928.701, 1310.698, 814.3458, 1463.47, 1554.737, 436.5215, 1200.488, 683.1459, 124.5293, 884.9104
223.8, 222.8032, 790.9427, 165.3896, 430.3497, 1548.898, 1871.122, 1297.458, 767.4478, 1488.923, 1666.479, 447.8994, 1226.703, 662.1667, 117.1266, 879.3226
223.9, 237.3428, 752.5255, 157.107, 407.9888, 1466.438, 1908.731, 1311.441, 723.2507, 1379.694, 1538.978, 622.9232, 1165.41, 732.5543, 110.164, 836.6297
224, 247.8759, 715.9741, 149.2392, 386.7898, 1422.015, 1858.474, 1260.246, 681.5988, 1278.478, 1538.647, 580.6913, 1235.328, 700.0995, 103.6152, 954.5886
224.1, 233.7302, 681.1982, 141.7653, 366.6922, 1346.31, 1799.071, 1191.537, 642.3457, 1278.121, 1471.575, 598.2534, 1173.604, 685.7506, 97.4558, 908.2413
224.2, 220.3916, 648.1113, 134.6658, 347.6389, 1449.013, 1803.894, 1199.366, 605.3531, 1184.356, 1358.985, 790.1135, 1152.59, 793.6071, 91.66251, 864.1442
224.3, 207.8143, 722.0791, 127.9218, 329.5757, 1371.871, 2418.473, 1133.976, 570.491, 1097.47, 1255.01, 928.749, 1095, 758.4474, 86.21361, 822.1882
224.4, 195.9548, 847.0855, 121.5156, 500.4948, 1370.007, 2783.573, 1214.66, 537.6366, 1073.478, 1314.58, 865.7833, 1040.288, 724.8455, 81.08862, 782.2693
224.5, 184.7721, 805.9413, 171.5159, 474.4892, 1297.07, 2624.72, 1148.436, 506.6742, 994.7264, 1214.002, 807.0864, 1059.594, 709.4215, 76.26828, 744.2885
224.6, 174.2275, 766.7955, 181.7988, 449.8348, 1228.017, 2559.762, 1085.823, 477.495, 921.7519, 1220.764, 852.2836, 1006.651, 677.9916, 71.73449, 708.1517
224.7, 164.2847, 729.551, 172.6944, 426.4615, 1216.862, 2706.454, 1026.623, 449.9962, 900.5383, 1127.364, 794.502, 956.353, 663.4821, 67.47021, 673.7694
224.8, 154.9093, 720.8014, 164.046, 404.3026, 1203.517, 2559.705, 970.6514, 424.081, 834.4735, 1041.11, 818.4922, 988.3481, 690.0958, 63.45942, 641.0565
224.9, 146.0689, 685.791, 155.8306, 383.2951, 1139.444, 2485.888, 917.731, 399.6583, 773.2554, 1055.163, 763.0015, 991.278, 800.8329, 59.68705, 609.9319
225, 137.7331, 652.481, 148.0267, 468.2976, 1095.684, 2449.672, 952.1568, 376.642, 770.5842, 974.4333, 711.2728, 941.7483, 765.3532, 56.13894, 580.3184
225.1, 129.8729, 620.789, 140.6136, 443.965, 1037.352, 2334.494, 1107.817, 354.9513, 851.8568, 1053.937, 663.0511, 894.6934, 842.5986, 52.80174, 552.1428
225.2, 122.4613, 590.6364, 133.5718, 516.7481, 1110.657, 2230.902, 1047.418, 334.5097, 789.3634, 973.3009, 618.0987, 915.3535, 805.2686, 49.66293, 525.3351
225.3, 115.4727, 576.0173, 135.6325, 577.724, 1199.459, 2103.589, 990.3126, 315.2454, 731.4546, 947.1313, 576.1939, 869.6174, 769.5923, 46.7107, 499.8289
225.4, 108.8829, 559.7668, 128.8401, 547.7055, 1165.552, 2148.442, 936.3204, 297.0905, 677.7941, 874.6668, 703.4349, 826.1666, 1021.284, 43.93396, 475.5612
225.5, 102.6692, 532.5781, 151.9365, 542.9172, 1181.587, 2098.332, 885.2718, 279.9811, 628.0701, 820.2577, 757.9628, 784.8867, 1285.222, 41.3223, 452.4717
225.6, 96.81005, 506.7099, 228.7333, 514.7073, 1206.697, 2144.375, 837.0064, 263.8571, 581.994, 865.5974, 737.0393, 917.2672, 1228.282, 38.86588, 430.5033
225.7, 91.28529, 482.0983, 217.2785, 487.9632, 1142.455, 2022, 885.8752, 248.6616, 539.2981, 799.371, 687.0708, 871.4354, 1173.865, 36.55548, 571.5062
225.8, 86.07583, 710.3429, 252.011, 468.3989, 1200.617, 1906.608, 980.5521, 234.3412, 499.7344, 738.2116, 640.4899, 827.8937, 1121.859, 34.38243, 543.7584
225.9, 81.16365, 675.8405, 239.3904, 486.4991, 1277.967, 1818.576, 1036.345, 220.8456, 463.0732, 681.7314, 694.8189, 786.5276, 1102.235, 32.33856, 517.3578
226, 76.53181, 643.0139, 227.4019, 461.2206, 1236.982, 1796.364, 1169.22, 208.1271, 429.1015, 629.5726, 682.8649, 852.6166, 1060.135, 30.41618, 492.239
226.1, 72.16429, 611.7817, 230.9436, 437.2556, 1239.452, 1779.299, 1105.473, 196.1411, 397.622, 581.4044, 710.5449, 810.0152, 1013.167, 464.5444, 621.2015
226.2, 188.3154, 582.0665, 219.3781, 414.5359, 1173.466, 1747.294, 1045.203, 486.3568, 368.4519, 536.9214, 662.3726, 769.5424, 968.2799, 679.804, 632.6808
226.3, 183.8363, 553.7947, 208.3917, 438.034, 1110.993, 1647.579, 988.2177, 564.1238, 341.4218, 495.8419, 617.4662, 731.0918, 925.3817, 639.3928, 601.9629
226.4, 237.9458, 526.896, 197.9556, 559.174, 1051.846, 1697.001, 934.3396, 531.636, 517.6661, 675.3719, 575.6042, 694.5624, 884.384, 835.642, 732.3769
226.5, 224.3667, 501.3039, 188.0421, 530.1193, 1085.517, 1600.156, 883.399, 645.6945, 1808.153, 1261.705, 536.5804, 827.5217, 845.2026, 1313.001, 865.1697
226.6, 211.5625, 476.9548, 187.2699, 502.5744, 1027.727, 1575.974, 835.2357, 608.509, 1929.975, 1420.482, 500.2023, 786.1742, 807.7571, 1234.949, 1013.239
226.7, 199.4891, 532.1777, 177.8916, 714.6606, 973.0128, 1560.057, 858.8039, 573.4651, 1788.389, 1391.435, 466.2904, 746.8926, 808.3825, 1226.092, 964.0441
226.8, 188.1046, 506.329, 209.1522, 677.5269, 921.2117, 1511.95, 811.9816, 540.4395, 1803.236, 1401.123, 434.6776, 709.5737, 772.5683, 1222.655, 917.2377
226.9, 177.3699, 513.8417, 198.678, 693.2105, 958.8229, 1462.806, 984.95, 509.3157, 1670.948, 1430.591, 405.2081, 674.1195, 738.3408, 1149.974, 981.3128
227, 167.2477, 488.8836, 239.1314, 657.1914, 907.7772, 1491.575, 931.2501, 479.9843, 1628.881, 1329.187, 489.3144, 696.1518, 756.7749, 1195.238, 933.668
227.1, 157.7032, 465.1378, 227.1559, 623.0438, 897.0641, 1614.12, 880.4779, 452.3421, 1637.828, 1244.065, 456.1407, 845.3289, 723.2471, 1124.186, 888.3365
227.2, 148.7034, 442.5453, 215.78, 590.6705, 944.8535, 1533.1, 897.4448, 426.2918, 1517.675, 1148.882, 425.216, 1286.265, 707.2375, 1057.359, 1005.526
227.3, 140.2172, 450.7887, 204.9739, 559.9794, 931.3552, 1445.609, 994.3318, 401.7418, 1406.336, 1141.918, 396.388, 1658.669, 757.6914, 1134.17, 956.7056
227.4, 132.2153, 428.8932, 218.3197, 530.8829, 881.7718, 1381.08, 1399.808, 378.6056, 1326.732, 1062.105, 369.5143, 1575.792, 724.123, 1066.749, 1009.944
227.5, 124.67, 408.0612, 231.4408, 503.2983, 834.8281, 1336.516, 1648.76, 722.5364, 1262.482, 1041.776, 344.4626, 1616.048, 692.0417, 1029.088, 960.9094
227.6, 117.5554, 388.241, 219.8504, 498.7424, 790.3837, 1287.172, 1801.399, 1168.994, 1275.336, 962.0704, 321.1093, 1696.196, 661.3818, 1139.049, 914.2552
227.7, 147.4346, 369.3836, 208.8404, 472.8278, 748.3054, 1213.715, 1766.658, 1101.672, 1181.776, 888.463, 402.672, 1611.445, 643.6641, 1071.338, 949.3309
227.8, 266.377, 415.9012, 267.8703, 448.2597, 708.4672, 1157.819, 1670.339, 1038.227, 1209.03, 910.4097, 375.3723, 1530.928, 615.1475, 1048.167, 903.239
227.9, 251.1754, 395.7003, 254.4555, 536.248, 781.3028, 1091.745, 1579.272, 978.4354, 1120.334, 840.7548, 349.9235, 1454.435, 629.2338, 1134.138, 961.8113
228, 244.4191, 376.4805, 244.89, 508.3846, 743.6079, 1175.743, 1493.169, 922.0875, 1288.385, 776.4291, 326.2, 1529.87, 601.3566, 1182.467, 972.108
228.1, 230.4706, 358.1943, 261.9433, 481.969, 704.0198, 1130.209, 1455.432, 868.9847, 1668.564, 751.799, 304.0848, 1537.954, 574.7144, 1112.175, 1040.177
228.2, 217.3181, 340.7962, 248.8253, 456.926, 666.5393, 1065.71, 1506.42, 818.9401, 1606.088, 822.7162, 283.469, 1503.838, 549.2525, 1046.061, 989.6741
228.3, 204.9162, 405.9383, 236.3643, 433.1841, 717.8125, 1056.192, 1424.29, 771.7775, 1488.263, 860.4875, 264.2509, 1518.593, 589.218, 983.8778, 941.6234
228.4, 193.2221, 386.2213, 224.5273, 410.676, 679.5977, 995.9172, 1502.57, 727.3311, 1437.665, 794.6522, 246.3356, 1442.716, 563.1136, 925.3909, 960.5968
228.5, 182.1953, 412.0604, 213.2831, 389.3373, 957.6572, 962.9545, 1420.649, 685.4442, 1391.004, 788.6807, 229.635, 1370.63, 538.1656, 870.3807, 929.0121
228.6, 171.7977, 392.046, 202.602, 369.1074, 1084.586, 1013.861, 1343.195, 645.9697, 1317.585, 728.3392, 214.0666, 1619.13, 514.323, 1000.016, 939.5443
228.7, 161.9936, 995.7211, 192.4558, 349.9286, 1108.766, 956.0016, 1342.471, 608.7684, 1237.67, 1060.597, 199.5537, 1538.23, 491.5367, 940.5695, 1179.652
228.8, 152.7489, 1597.498, 182.8177, 331.7463, 1146.565, 952.1931, 1269.279, 573.7096, 1227.439, 1186.781, 186.0247, 1461.371, 575.4203, 884.657, 1122.378
228.9, 144.0319, 1557.319, 173.6623, 314.5089, 1150.075, 991.2222, 1465.162, 540.6698, 1180.118, 1203.842, 287.5013, 1501.74, 549.9272, 832.0682, 1160.728
229, 135.8123, 1762.35, 164.9654, 298.167, 1184.909, 934.6552, 1385.281, 509.5327, 1177.862, 1254.347, 268.0098, 1497.318, 525.5635, 946.6667, 1104.372
229.1, 128.0617, 1700.746, 156.704, 282.6743, 1185.782, 989.851, 1309.755, 741.222, 1468.113, 1672.213, 249.8397, 1499.074, 502.2791, 1173.61, 1252.638
229.2, 120.7535, 1625.55, 148.8563, 267.9866, 1154.713, 933.3622, 1357.897, 698.5352, 1486.05, 2250.367, 281.0384, 1517.613, 480.0264, 1207.891, 1324.196
229.3, 113.8624, 1563.679, 141.4017, 254.0621, 1153.26, 880.0971, 1283.864, 658.3068, 1401.946, 2127.892, 261.985, 1495.129, 458.7595, 1136.087, 1259.903
229.4, 107.3645, 1487.729, 134.3204, 240.861, 1091.863, 845.7747, 1213.867, 620.395, 1299.097, 2138.454, 244.2234, 1420.424, 438.4348, 1068.552, 1309.409
229.5, 101.2374, 1565.799, 127.5937, 228.3459, 1033.734, 927.7346, 1214.589, 584.6666, 1326.108, 1974.842, 227.666, 1515.298, 690.8054, 1005.032, 1245.834
229.6, 95.45997, 1489.746, 121.2039, 216.4811, 978.7003, 874.7906, 1148.369, 749.0618, 1228.823, 1831.454, 212.2311, 1905.72, 660.2003, 945.2871, 1185.347
229.7, 90.01226, 1417.387, 115.134, 205.2328, 926.5964, 824.8681, 1085.759, 805.2702, 1182.416, 1691.331, 197.8426, 2316.764, 644.7054, 889.0942, 1127.796
229.8, 87.39441, 1348.542, 109.3682, 194.5689, 877.2664, 777.7946, 1026.563, 834.7733, 1095.672, 1746.423, 184.4296, 2329.334, 670.387, 927.2737, 1148.77
229.9, 82.40698, 1343.181, 103.8911, 184.4591, 952.1149, 733.4074, 1090.004, 786.6989, 1015.292, 1612.805, 324.7486, 2266.972, 815.674, 872.1517, 1163.649
230, 77.70418, 1277.941, 98.68827, 174.8746, 901.4264, 764.9108, 1158.205, 741.3931, 1033.66, 1541.622, 302.7318, 2276.04, 779.5367, 869.4918, 1107.151
230.1, 73.26976, 1428.493, 93.74602, 165.7882, 924.0662, 819.9047, 1151.72, 698.6965, 957.8292, 1529.976, 282.2077, 2216.088, 754.3974, 817.8046, 1053.396
230.2, 69.0884, 1552.206, 89.05127, 157.1738, 874.8709, 773.1144, 1088.927, 658.4587, 887.5615, 1416.214, 263.0751, 2252.557, 731.3685, 1000.368, 1002.252
230.3, 65.14567, 1508.129, 84.59163, 149.0071, 837.3479, 728.9943, 1029.559, 931.6415, 822.4487, 1513.275, 245.2396, 2228.395, 735.8608, 1507.967, 1098.945
230.4, 61.42794, 1434.876, 80.35532, 141.2647, 792.7693, 687.3921, 1038.203, 877.9885, 858.0592, 1417.849, 228.6132, 2275.013, 703.2595, 1526.824, 1240.077
230.5, 57.92237, 1365.182, 76.33117, 133.9246, 799.6005, 715.2476, 1049.634, 827.4254, 795.1108, 1399.776, 213.1141, 2258.217, 672.1027, 1436.062, 1179.869
230.6, 54.61686, 1298.873, 72.50854, 260.1697, 757.0314, 674.4299, 992.4078, 779.7741, 1266.365, 1339.64, 198.6658, 2258.785, 642.3261, 1453.503, 1122.584
230.7, 51.49998, 1235.785, 68.87736, 246.6514, 791.2147, 635.9415, 938.3013, 734.8671, 1415.62, 1341.983, 185.197, 2225.09, 613.8688, 1367.099, 1068.08
230.8, 87.95205, 1274.335, 65.42802, 233.8354, 829.7484, 599.6496, 887.1447, 692.5463, 1413.632, 1239.308, 172.6413, 2226.259, 586.6722, 1285.832, 1189.081
230.9, 82.9328, 1212.438, 62.15142, 221.6853, 785.5743, 565.4288, 838.7772, 652.6627, 1309.926, 1280.141, 160.9369, 2149.279, 653.1913, 1340.825, 1160.069
231, 135.8152, 1304.652, 59.03891, 210.1666, 771.646, 533.1609, 793.0467, 615.076, 1246.195, 1224.299, 150.0259, 2059.56, 624.2526, 1261.119, 1153.604
231.1, 128.0645, 1380.467, 56.08227, 199.2464, 730.5652, 502.7345, 800.5347, 579.654, 1154.773, 1152.649, 139.8547, 2194.739, 596.596, 1186.151, 1181.877
231.2, 120.7562, 1441.781, 53.2737, 188.8935, 758.5775, 474.0444, 756.8892, 546.2719, 1150.682, 1171.181, 130.3731, 2185.872, 570.1647, 1115.64, 1124.494
231.3, 165.2745, 1493.367, 63.55928, 179.0787, 720.0828, 446.9917, 715.6232, 514.8122, 1131.952, 1095.044, 352.4558, 2076.653, 544.9044, 1168.778, 1164.583
231.4, 243.4031, 1564.628, 60.37626, 169.7738, 681.7471, 421.4828, 736.7097, 485.1643, 1094.676, 1011.263, 328.5606, 2034.924, 520.7632, 1099.299, 1311.859
231.5, 229.5126, 1488.631, 57.35265, 198.0576, 698.8951, 397.4296, 696.544, 897.367, 1084.116, 1109.761, 306.2854, 2033.793, 497.6915, 1191.134, 1486.131
231.6, 216.4147, 1416.326, 54.48046, 187.7665, 685.3635, 374.7491, 745.0036, 1380.019, 1004.584, 1024.854, 285.5204, 2117.656, 514.7351, 1507.298, 1517.636
231.7, 253.7277, 1347.533, 51.75211, 276.8824, 648.8762, 353.3629, 704.3857, 1300.544, 930.8861, 995.893, 266.1632, 2190.253, 559.6631, 1528.727, 1443.952
231.8, 239.248, 1358.098, 51.10976, 262.4956, 646.4221, 333.1972, 665.9823, 1225.646, 1067.33, 919.6978, 248.1183, 2169.476, 534.8681, 1437.852, 1373.845
231.9, 1250.259, 1338.933, 60.66596, 248.8563, 612.008, 314.1823, 629.6727, 1155.061, 989.0289, 849.3323, 231.2968, 2061.077, 548.8829, 1352.378, 1307.142
232, 2525.334, 1315.687, 57.62784, 235.9258, 579.426, 296.2526, 595.3427, 1088.542, 916.4724, 784.3503, 215.6157, 2159.072, 524.5654, 1271.985, 1343.534
232.1, 2953.588, 1481.033, 82.0978, 223.6671, 609.5403, 279.346, 562.8843, 1025.853, 1048.466, 743.1124, 200.9978, 2249.299, 514.4539, 1196.372, 1278.302
232.2, 2814.988, 1409.097, 111.0615, 212.0454, 577.0897, 263.4043, 532.1956, 966.7742, 1127.812, 717.6518, 187.3709, 2285.594, 491.6617, 1236.842, 1350.084
232.3, 2911.398, 1340.655, 404.1683, 201.0276, 671.2684, 248.3724, 503.1801, 911.0978, 1213.312, 662.7447, 174.6678, 2291.424, 469.8794, 1163.318, 1403.113
232.4, 2840.477, 1283.225, 570.3157, 190.5822, 635.5315, 234.1983, 536.5464, 858.6279, 1124.302, 681.088, 162.826, 2661.995, 449.0621, 1094.164, 1334.989
232.5, 2678.376, 1220.897, 662.9593, 180.6796, 601.6971, 220.833, 507.2937, 809.1797, 1146.147, 670.0479, 151.787, 2946.486, 436.8815, 1029.121, 1270.173
232.6, 2550.4, 1193.507, 629.7587, 171.2915, 569.6641, 208.2305, 479.6358, 762.5793, 1062.064, 618.7829, 141.4964, 2959.687, 424.4531, 1023.009, 1208.503
232.7, 2404.854, 1135.537, 598.2207, 162.3912, 628.2127, 196.3472, 453.4859, 718.6625, 984.1494, 571.4402, 131.9035, 2889.903, 405.6483, 1033.87, 1149.828
232.8, 2440.809, 1099.818, 568.2621, 153.9534, 594.768, 185.1421, 428.7616, 677.2749, 911.9508, 527.7196, 122.9609, 3038.974, 387.6766, 1241.235, 1438.973
232.9, 2393.402, 1231.839, 539.8039, 145.954, 563.1038, 174.5764, 479.2736, 638.2708, 845.0488, 493.231, 114.6246, 2963.018, 370.5012, 1167.449, 1434.078
233, 2403.423, 1172.006, 512.7708, 138.3702, 533.1254, 164.6137, 468.4107, 601.5129, 819.9166, 455.4942, 106.8535, 2814.969, 354.0867, 1098.05, 1421.737
233.1, 2266.265, 1120.725, 487.0915, 131.1805, 544.9379, 155.2195, 574.0336, 566.8719, 788.8907, 432.464, 99.60923, 2722.998, 338.3994, 1032.776, 1494.705
233.2, 2249.271, 1071.761, 462.6982, 124.3644, 515.9265, 146.3615, 542.7371, 534.226, 731.0165, 399.3765, 92.85609, 2764.761, 323.4071, 971.3822, 1439.64
233.3, 2136.705, 1173.345, 439.5266, 117.9024, 488.4597, 138.0089, 551.5936, 503.46, 677.3881, 368.8204, 86.5608, 2626.619, 387.5731, 913.6381, 1426.937
233.4, 2169.292, 1116.354, 550.8814, 111.7762, 462.4551, 130.133, 521.5205, 474.4659, 677.7532, 340.6022, 80.6923, 2576.11, 384.3629, 859.3265, 1384.657
233.5, 2045.495, 1098.101, 523.2936, 105.9684, 502.3886, 122.7066, 493.087, 447.1415, 628.0322, 314.5429, 75.22166, 2447.393, 444.6368, 808.2436, 1349.805
233.6, 1928.763, 1044.765, 497.0873, 100.4622, 492.4138, 115.704, 628.2266, 421.3907, 661.1911, 290.4774, 70.12191, 2547.878, 579.1227, 760.1973, 1284.269
233.7, 1903.23, 1045.987, 472.1935, 95.24224, 466.1987, 109.101, 593.9754, 397.1229, 612.6852, 268.2532, 65.3679, 2469.31, 553.4656, 715.0071, 1419.986
233.8, 1812.274, 995.1819, 473.0949, 90.29346, 494.8047, 102.8748, 561.5916, 374.2527, 604.1334, 247.7293, 60.9362, 2567.445, 528.9451, 672.5032, 1500.175
233.9, 1918.099, 946.8444, 510.3685, 85.60183, 468.4623, 97.00395, 530.9734, 352.6996, 559.8133, 261.175, 56.80495, 2484.792, 505.5109, 632.5261, 1482.377
234, 1808.637, 1032.265, 484.8095, 81.15397, 521.6047, 91.46813, 502.0245, 332.3877, 518.7446, 241.1927, 52.95379, 2452.61, 483.115, 594.9254, 1615.26
234.1, 1977.295, 982.1262, 460.5305, 76.93722, 511.0992, 86.24823, 474.6539, 313.2456, 591.9153, 235.9188, 49.36372, 2511.002, 461.7113, 559.5598, 1771.897
234.2, 2038.3, 969.9982, 437.4674, 72.93957, 483.8893, 81.32622, 448.7756, 295.2058, 864.6385, 612.4528, 46.01704, 2447.41, 441.2558, 526.2966, 2281.791
234.3, 1998.356, 954.6136, 415.5593, 69.14964, 458.1281, 76.6851, 424.3081, 278.205, 1390.383, 982.5706, 42.89726, 2397.904, 443.7173, 495.0108, 2514.468
234.4, 1884.314, 908.2466, 473.6607, 65.55663, 539.1481, 72.30883, 483.5229, 262.1833, 1369.847, 924.5383, 39.98898, 2447.154, 484.602, 465.5847, 2520.648
234.5, 1776.78, 864.1317, 449.9401, 155.5295, 510.445, 68.18231, 457.161, 247.0842, 1363.633, 1019.82, 37.27788, 2345.679, 463.1324, 437.9079, 2608.699
234.6, 1675.383, 905.1889, 427.4073, 158.4886, 483.27, 64.29128, 432.2364, 232.8547, 1263.595, 941.7946, 34.75058, 2415.452, 442.614, 411.8763, 2683.403
234.7, 1579.772, 861.2225, 406.003, 150.2535, 457.5417, 60.62231, 408.6707, 219.4446, 1219.987, 869.7384, 32.39462, 2505.042, 440.9032, 387.3922, 2553.118
234.8, 1507.934, 819.3916, 385.6706, 142.4464, 471.356, 57.16271, 386.3897, 206.8068, 1130.487, 803.1953, 30.19838, 2438.929, 421.3696, 364.3635, 2770.541
234.9, 1649.328, 779.5925, 366.3564, 264.077, 457.9193, 53.90055, 365.3236, 194.8969, 1076.75, 830.636, 28.15104, 2427.016, 410.9198, 342.7038, 2636.026
235, 1555.204, 763.6067, 411.8009, 250.3556, 433.5406, 50.82455, 345.406, 183.6728, 1026.737, 835.111, 26.2425, 2305.749, 392.7146, 322.3317, 2538.902
235.1, 1660.345, 818.6249, 391.1781, 237.3472, 410.4599, 47.9241, 326.5743, 173.0951, 1063.177, 1297.101, 24.46336, 2274.507, 375.316, 303.1706, 2497.984
235.2, 1667.653, 778.8631, 371.5881, 225.0146, 388.6079, 45.18917, 360.6897, 163.1266, 985.181, 1425.758, 22.80483, 2266.621, 358.6881, 285.1485, 2376.702
235.3, 1572.483, 741.0325, 352.9792, 213.3229, 367.9192, 42.61031, 341.0247, 153.7322, 912.9067, 1387.761, 21.25875, 2258.115, 342.797, 268.1978, 2358.898
235.4, 1482.745, 705.0394, 392.0639, 202.2387, 348.332, 40.17863, 322.4319, 144.8788, 845.9346, 1283.418, 19.81749, 2145.287, 327.6099, 252.2547, 2562.227
235.5, 1475.4, 670.7946, 405.6719, 191.7304, 381.9128, 37.88571, 399.6307, 136.5353, 783.8757, 1248.827, 18.47393, 2072.324, 313.0956, 237.2593, 2437.825
235.6, 1391.202, 680.1832, 397.6647, 181.7681, 361.5805, 35.72365, 377.8427, 128.6722, 726.3694, 1153.28, 17.22147, 2161.983, 299.2243, 223.1553, 2413.393
235.7, 1388.535, 739.4731, 377.7499, 172.3235, 342.3307, 33.68497, 357.2425, 121.262, 718.7565, 1209.163, 16.05392, 2363.319, 285.9677, 209.8898, 2399.315
235.8, 1316.362, 703.5557, 401.7097, 163.3696, 347.6987, 31.76264, 337.7655, 114.2786, 666.0275, 1210.444, 14.96552, 2449.873, 311.829, 197.4128, 2282.823
235.9, 1241.24, 761.0541, 381.5923, 154.8809, 398.8622, 29.95001, 319.3504, 107.6973, 617.1667, 1222.093, 13.95092, 2483.682, 298.0139, 185.6776, 2194.684
236, 1175.799, 724.0886, 399.9924, 146.8333, 377.6277, 28.24082, 301.9392, 101.495, 571.8905, 1153.655, 13.0051, 2359.584, 297.5393, 174.6399, 2264.868
236.1, 1240.427, 688.9185, 454.873, 139.2039, 357.5236, 26.62918, 285.4774, 95.64996, 529.9358, 1067.736, 12.1234, 2241.686, 318.0749, 164.2584, 2215.917
236.2, 1276.411, 655.4567, 694.8476, 131.9708, 338.4898, 25.1095, 269.913, 90.14149, 574.0239, 986.0442, 11.30148, 2328.466, 303.983, 154.494, 2108.33
236.3, 1259.206, 692.2803, 826.8982, 125.1137, 320.4693, 23.67655, 255.1973, 84.95026, 1165.636, 918.4493, 10.53528, 2369.318, 290.5155, 145.31, 2121.112
236.4, 1260.616, 658.6552, 785.4875, 118.6128, 303.4082, 22.32538, 241.2838, 80.058, 2215.979, 848.1793, 9.821026, 2352.133, 277.6447, 136.672, 2018.128
236.5, 1188.675, 642.0327, 783.7611, 112.4497, 287.2554, 21.05132, 228.1289, 75.44748, 2548.093, 854.7952, 9.155197, 2234.607, 308.4504, 128.5475, 1981.5
236.6, 1120.84, 715.817, 744.5107, 106.6068, 398.9749, 19.84996, 215.6912, 71.10248, 2502.936, 789.3953, 8.534509, 2148.059, 294.785, 120.906, 1999.047
236.7, 1058.064, 811.2335, 732.6403, 101.0675, 377.7343, 18.71716, 284.3584, 67.00771, 2436.865, 763.8105, 7.955901, 2040.73, 360.07, 113.7187, 1919.758
236.8, 997.6821, 771.8307, 705.0112, 95.81606, 357.6245, 17.64901, 268.8551, 63.14875, 2368.3, 705.3718, 7.41652, 2022.405, 344.1176, 106.9586, 1935.071
236.9, 979.4908, 734.3417, 669.7047, 90.83746, 338.5854, 16.64182, 254.197, 59.51202, 2203.459, 660.5466, 6.913708, 2121.752, 328.872, 100.6005, 2041.584
237, 1066.192, 821.7428, 744.6659, 86.11756, 366.4186, 15.6921, 240.338, 56.08474, 2217.221, 633.7675, 6.444984, 2015.737, 314.3018, 94.62023, 2026.914
237.1, 1005.347, 781.8295, 707.3734, 81.64291, 346.9113, 14.79659, 255.8823, 52.85483, 2148.635, 585.2783, 6.008038, 1915.02, 300.3771, 88.9955, 1928.503
237.2, 947.9736, 743.8548, 1053.854, 77.40075, 328.4424, 13.95217, 314.8865, 49.81094, 1991.008, 604.3097, 5.600715, 1819.335, 287.0694, 83.70513, 1834.87
237.3, 929.9412, 707.7246, 1568.198, 73.37901, 310.9569, 13.15595, 297.7188, 46.94234, 1897.051, 558.0743, 5.221007, 1854.793, 274.3512, 78.72926, 1924.756
237.4, 876.8713, 673.3494, 2041.71, 69.56625, 294.4022, 12.40517, 350.2727, 44.23894, 1814.234, 515.3764, 4.867043, 1837.819, 262.1964, 74.04917, 1901.179
237.5, 826.83, 640.6437, 2120.015, 65.95159, 278.7289, 11.69723, 331.1757, 41.69123, 1776.138, 475.9453, 155.1988, 1878.732, 250.5802, 69.64729, 1808.873
237.6, 919.7483, 655.1612, 2089.251, 62.52475, 263.8899, 11.02969, 313.1198, 39.29024, 1730.419, 547.0131, 347.6684, 1784.86, 239.4786, 421.5812, 1881.595
237.7, 904.2537, 623.339, 2095.651, 59.27597, 249.841, 10.40025, 296.0484, 37.02752, 1749.89, 584.6501, 576.4951, 1768.991, 228.8689, 635.9927, 1916.77
237.8, 864.4253, 615.6227, 1990.702, 56.196, 236.54, 9.806728, 279.9077, 34.89511, 1621.515, 634.6449, 808.3088, 1680.602, 218.7292, 660.3328, 1842.87
237.9, 815.0943, 585.721, 1952.067, 53.27607, 223.9471, 9.247078, 327.2989, 32.88551, 1502.558, 641.0485, 964.9249, 1741.808, 316.8301, 718.5026, 1942.831
238, 887.1649, 557.2717, 1909.905, 50.50785, 212.0246, 8.719366, 309.4544, 30.99164, 1479.228, 592.0022, 1080.39, 1654.778, 477.1756, 675.791, 1848.503
238.1, 836.5361, 530.2041, 1995.735, 47.88346, 200.7369, 96.43424, 292.5829, 29.20684, 1393.398, 546.7084, 1172.159, 1572.096, 456.0351, 635.6183, 1758.754
238.2, 788.7967, 551.3577, 1895.789, 45.39545, 190.0501, 678.7859, 276.6311, 27.52483, 1339.321, 504.8801, 1092.691, 1612.876, 435.8311, 664.2614, 1788.807
238.3, 743.7817, 524.5775, 1822.445, 43.03671, 179.9323, 690.3343, 261.5491, 496.211, 1241.067, 466.252, 1018.611, 2172.133, 416.5222, 781.0993, 1875.994
238.4, 701.3356, 542.6885, 1744.276, 40.80052, 170.353, 1224.765, 247.2893, 902.0939, 1150.02, 430.5793, 1014.249, 2247.095, 436.1385, 734.6666, 1784.91
238.5, 661.3118, 637.6561, 1785.88, 38.68053, 161.2838, 1814.751, 341.3642, 850.1426, 1084.037, 397.636, 945.4866, 2225.686, 416.8161, 690.9941, 1698.249
238.6, 669.8992, 606.6841, 1790.139, 36.6707, 152.6974, 1739.637, 322.7529, 801.183, 1112.085, 367.2131, 1105.55, 2114.479, 398.3496, 649.9178, 1615.796
238.7, 685.8755, 577.2166, 1700.49, 34.76529, 144.5681, 1640.359, 305.1562, 755.0431, 1030.501, 339.1179, 1099.79, 2008.828, 453.5428, 611.2832, 1537.345
238.8, 646.734, 549.1802, 1615.33, 32.95889, 136.8716, 1575.182, 288.519, 711.5604, 954.9019, 313.1721, 1025.229, 2074.235, 433.4492, 671.5715, 1647.028
238.9, 660.0734, 543.0126, 1667.367, 31.24635, 177.0363, 1579.749, 272.7888, 670.5818, 884.8489, 345.5869, 955.7219, 2032.583, 427.7665, 631.6497, 1611.754
239, 634.5011, 516.6376, 1939.372, 29.6228, 167.6113, 1581.616, 298.6284, 631.9631, 819.9352, 388.5924, 1194.662, 1931.024, 491.2536, 594.1011, 1533.5
239.1, 684.0774, 591.8818, 2464.659, 28.0836, 158.688, 1567.902, 282.347, 595.5685, 759.7836, 374.2144, 1113.669, 2012.901, 469.4893, 558.7845, 1651.041
239.2, 653.9705, 563.1332, 3021.917, 26.62438, 150.2398, 1580.707, 266.9533, 561.2699, 704.0448, 345.5834, 1038.166, 1975.983, 630.5795, 525.5674, 1570.879
239.3, 616.6497, 632.8674, 3022.806, 25.24098, 220.9571, 1550.733, 313.838, 528.9465, 768.3643, 319.143, 1219.814, 2007.281, 602.6426, 680.0443, 1494.61
239.4, 581.4587, 602.1281, 3165.94, 23.92946, 209.1938, 1462.236, 296.7274, 498.4846, 711.996, 333.8005, 1206.076, 1934.087, 575.9434, 639.6188, 1461.055
239.5, 548.276, 684.3795, 3375.27, 135.9323, 474.44, 1644.232, 406.0258, 469.7769, 696.463, 308.2617, 1232.683, 2139.489, 550.427, 601.5964, 1503.544
239.6, 602.9148, 651.1382, 3404.947, 140.2367, 1093.096, 1550.399, 383.8891, 675.2931, 645.3695, 409.2275, 1253.203, 2100.146, 526.0411, 565.8344, 1479.71
239.7, 568.5076, 619.5114, 3298.317, 347.7597, 1791.385, 1461.921, 362.9593, 636.4031, 712.0486, 377.9178, 1269.416, 2117.361, 502.7357, 706.6804, 1603.822
239.8, 594.053, 589.4208, 3190.374, 329.6902, 2635.115, 1891.65, 515.3481, 599.7528, 681.2967, 441.1134, 1374.325, 2125.469, 480.4627, 664.6715, 1571.824
239.9, 574.4143, 764.9691, 3278.965, 339.377, 2567.982, 2092.417, 487.2511, 756.1794, 708.2755, 407.3641, 1281.151, 2053.854, 459.1765, 914.3286, 1550.467
240, 696.99, 781.8549, 3274.144, 463.0738, 3205.961, 2105.656, 460.686, 976.9721, 669.9561, 439.6988, 1194.294, 2037.491, 438.8333, 859.976, 1620.447
240.1, 657.9211, 824.6376, 3110.177, 445.1629, 3864.249, 2047.859, 435.5692, 1346.763, 678.1747, 478.7777, 1358.864, 2092.245, 419.3915, 808.8545, 1784.73
240.2, 620.3749, 862.469, 3152.197, 601.6334, 3806.486, 2010.173, 411.8218, 1269.204, 698.5582, 456.099, 1266.738, 2150.875, 437.9215, 760.7719, 1698.078
240.3, 584.9713, 820.5776, 3057.326, 1064.929, 3603.837, 1936.264, 389.3691, 1196.11, 647.311, 453.9313, 1282.813, 2043.406, 418.52, 715.5475, 1615.633
240.4, 551.5882, 780.7209, 3027.811, 1265.157, 3673.404, 1825.765, 368.1405, 1127.227, 599.8234, 419.2013, 1195.843, 2035.31, 484.3793, 673.0116, 1537.19
240.5, 520.1102, 742.8001, 2966.773, 1238.443, 3679.274, 1854.694, 348.0693, 1062.31, 555.8195, 387.1284, 1300.361, 1933.615, 649.7908, 633.0042, 1462.556
240.6, 490.4285, 784.6267, 2837.906, 1281.038, 3682.398, 1748.851, 329.0924, 1001.132, 515.0438, 357.5095, 1382.007, 2024.956, 621.0027, 595.3751, 1391.546
240.7, 462.4408, 927.3003, 2753.211, 1300.21, 3486.355, 1649.047, 311.1502, 943.4769, 537.712, 444.7858, 1434.615, 2105.287, 647.7579, 559.9828, 1642.543
240.8, 447.1815, 882.2599, 2615.332, 1232.651, 3522.578, 1671.406, 294.1861, 889.1423, 1440.122, 897.5502, 1368.59, 2026.268, 619.06, 526.6945, 1871.617
240.9, 452.9372, 839.4072, 2507.731, 1190.866, 3335.044, 1615.991, 278.147, 837.9368, 2266.171, 1422.619, 1300.95, 2010.882, 591.6334, 495.3849, 1780.746
241, 427.089, 798.6359, 2490.791, 1144.857, 3165.548, 1570.021, 262.9823, 789.6802, 2309.73, 1363.98, 1278.597, 1910.408, 794.821, 465.9366, 1745.316
241.1, 402.7159, 759.8449, 2366.053, 1085.37, 3102.928, 1480.423, 946.3695, 744.2028, 2318.141, 1259.623, 1191.913, 1814.953, 759.6077, 438.2389, 1698.954
241.2, 379.7337, 722.9381, 2264.576, 1143.389, 2974.968, 1395.938, 1102.059, 701.3443, 2193.668, 1250.83, 1111.106, 1838.704, 875.5958, 412.1877, 1633.954
241.3, 358.0631, 687.8239, 2307.318, 1083.979, 2952.937, 1459.781, 1041.975, 660.954, 2210.053, 1176.728, 1035.777, 1746.832, 962.1381, 387.685, 1642.048
241.4, 337.6292, 727.7053, 2206.044, 1027.655, 2992.779, 1439.354, 985.1658, 622.8898, 2078.814, 1208.651, 1010.599, 1776.151, 919.512, 364.639, 1562.323
241.5, 318.3613, 692.3596, 2186.585, 974.2583, 2956.343, 1546.556, 1154.864, 587.0178, 1926.309, 1116.178, 1057.26, 1711.431, 878.7744, 342.9629, 1486.469
241.6, 300.1931, 658.7306, 2114.469, 923.636, 2798.953, 1635.443, 1203.353, 553.2115, 1924.741, 1030.78, 1122.537, 1625.919, 968.4932, 322.5753, 1551.11
241.7, 587.7316, 626.735, 2199.499, 875.644, 2739.066, 1612.22, 1137.746, 521.3522, 1803.663, 1023.738, 1139.175, 1544.679, 925.5856, 303.3997, 1475.8
241.8, 554.191, 596.2936, 2175.688, 830.1456, 2756.138, 1677.227, 1075.716, 491.3277, 1743.955, 1220.559, 1242.506, 1567.492, 936.9938, 285.364, 1562.382
241.9, 522.5644, 696.7108, 2066.73, 787.0114, 2714.899, 1581.511, 1017.067, 463.0322, 1690.699, 1362.569, 1263.617, 1489.172, 895.4816, 268.4005, 1486.526
242, 492.7427, 662.8704, 1963.23, 775.9019, 2696.793, 1563.906, 961.6163, 436.3663, 1654.005, 1540.677, 1177.948, 1597.27, 907.3206, 252.4453, 1530.772
242.1, 496.7265, 630.6738, 1901.893, 735.5862, 2604.338, 1474.657, 909.1885, 411.2361, 1543.525, 1795.02, 1098.088, 1517.462, 1012.483, 237.4386, 1524.111
242.2, 468.3793, 600.041, 2073.374, 775.8168, 2510.854, 1390.501, 859.6192, 387.5531, 1618.722, 1657.684, 1023.641, 1441.641, 967.6265, 223.324, 1533.175
242.3, 475.7569, 570.8961, 1969.54, 841.6923, 2442.808, 1420.982, 812.7524, 365.234, 1773.526, 1720.909, 1038.744, 1542.803, 924.7572, 676.5756, 1568.058
242.4, 467.8583, 543.1667, 1870.907, 797.9581, 2537.618, 1360.247, 852.3573, 344.2002, 2256.385, 1589.243, 968.3212, 1531.152, 883.7872, 977.2723, 1659.956
242.5, 441.1585, 516.7843, 1841.51, 756.4963, 2402.521, 1334.642, 805.8864, 324.3778, 2511.135, 1467.651, 902.6726, 1526.721, 1069.646, 1041.305, 1692.8
242.6, 415.9825, 491.6833, 1786.611, 717.1888, 2405.026, 1258.477, 761.9492, 305.697, 2456.856, 1494.015, 892.1679, 1450.438, 1022.257, 1087.822, 1648.424
242.7, 418.1223, 467.8015, 1697.138, 679.9238, 2276.988, 1201.166, 720.4073, 288.0919, 2318.718, 1423.372, 920.6568, 1572.383, 976.967, 1023.156, 1616.172
242.8, 439.1597, 498.9242, 1612.147, 786.2271, 2445.018, 1217.026, 681.1304, 271.5008, 2148.614, 1328.853, 941.1483, 1493.818, 933.684, 1095.927, 2261.813
242.9, 488.0362, 474.6907, 1639.496, 745.3748, 2314.851, 1147.573, 643.9949, 255.8651, 2087.91, 1333.549, 908.0187, 1508.681, 892.3185, 1030.779, 2151.998
243, 460.1849, 451.6342, 1557.391, 753.6797, 2200.337, 1082.083, 608.884, 241.1299, 1934.738, 1231.52, 1020.084, 1433.299, 943.0768, 969.5041, 2047.514
243.1, 433.9231, 429.6977, 1640.887, 758.9295, 2112.394, 1020.331, 747.7645, 227.2433, 1792.803, 1137.297, 950.9258, 1480.745, 977.2612, 911.8716, 2200.046
243.2, 476.8578, 408.8266, 1558.712, 745.3561, 2098.989, 1074.579, 769.4444, 214.1564, 1688.908, 1057.865, 1359.559, 1406.758, 933.965, 857.6651, 2093.229
243.3, 449.6445, 412.6575, 1642.82, 706.6275, 2080.171, 1068.826, 727.494, 201.8232, 1608.172, 991.1034, 1267.386, 1360.99, 892.5871, 893.6232, 1991.598
243.4, 423.9842, 392.6141, 1737.529, 669.9113, 2019.353, 1039.127, 687.8307, 190.2002, 1574.644, 941.1193, 1262.776, 1292.987, 853.0424, 840.5015, 1894.902
243.5, 399.7882, 373.5442, 1765.508, 635.1027, 1911.847, 999.3929, 835.6152, 179.2467, 1550.755, 1018.47, 1177.164, 1401.139, 947.3773, 790.5377, 1873.448
243.6, 376.9731, 377.2558, 1768.027, 602.1028, 1942.95, 993.8282, 888.8306, 168.9239, 1511.897, 940.5472, 1242.934, 1391.863, 905.4051, 828.9792, 1872.356
243.7, 355.46, 358.9319, 1679.485, 677.1658, 1992.455, 937.1125, 840.3712, 159.1956, 1411.247, 871.1905, 1158.667, 1347.949, 865.2924, 779.7003, 1882.771
243.8, 335.1746, 341.4981, 1611.574, 641.9803, 1886.381, 909.3096, 794.5538, 150.0276, 1374.682, 805.6761, 1145.97, 1370.095, 826.9569, 733.3508, 1806.82
243.9, 424.4723, 324.911, 1555.577, 608.6231, 1883.016, 857.4171, 751.2344, 141.3875, 1273.833, 751.2915, 1068.277, 1301.638, 790.3198, 689.7565, 1742.733
244, 400.2485, 309.1295, 1592.699, 576.9991, 1782.768, 988.6351, 710.2767, 133.245, 1234.987, 693.8106, 995.852, 1236.601, 755.3058, 648.7537, 1658.12
244.1, 377.4071, 346.6768, 1572.413, 547.0184, 1745.59, 932.2156, 671.5521, 125.5715, 1144.387, 640.7275, 1118.657, 1174.813, 777.1271, 610.1883, 1722.059
244.2, 355.8692, 348.0079, 1570.075, 518.5953, 1765.588, 892.1729, 634.9388, 118.3399, 1060.433, 683.3005, 1088.558, 1189.022, 747.5552, 773.1392, 1638.45
244.3, 335.5605, 472.5757, 1491.447, 554.6575, 1709.696, 841.2584, 600.3217, 111.5247, 982.6379, 718.2509, 1014.758, 1236.016, 714.4359, 837.9413, 1941.842
244.4, 484.0749, 879.9226, 1416.756, 525.8375, 1618.675, 848.5563, 567.5919, 105.102, 967.913, 663.2979, 945.9612, 1174.258, 682.7839, 935.0371, 2038.829
244.5, 456.4497, 1054.555, 1500.921, 498.5151, 1599.135, 839.5457, 536.6465, 99.0492, 1130.597, 612.5494, 1292.498, 1292.035, 692.2272, 939.0328, 2454.816
244.6, 430.401, 1003.334, 1425.755, 572.0949, 1514, 830.6589, 507.3883, 93.34498, 1193.094, 565.6836, 1204.872, 1227.477, 661.5591, 1100.353, 2516.104
244.7, 405.8389, 954.6003, 1420.402, 542.369, 1507.92, 783.2549, 479.7253, 87.96926, 1105.567, 577.1667, 1123.186, 1335.972, 632.2498, 1034.942, 2624.681
244.8, 427.3769, 908.2339, 1349.269, 514.1876, 1427.642, 738.5561, 453.5705, 82.90313, 1024.461, 538.0994, 1122.154, 1269.22, 604.2388, 973.4196, 2558.628
244.9, 478.8744, 864.1196, 1351.885, 533.2221, 1414.964, 726.666, 428.8416, 78.12875, 1042.539, 496.9297, 1046.076, 1279.615, 577.4689, 915.5543, 2785.606
245, 484.1997, 852.8152, 1284.183, 550.9734, 1404.557, 685.1967, 504.425, 73.62933, 966.0569, 568.8124, 975.1558, 1282.522, 551.885, 861.1289, 2978.508
245.1, 519.5295, 835.9924, 1219.872, 625.1609, 1455.716, 646.0939, 476.9236, 69.38904, 895.1857, 525.2929, 909.0438, 1284.081, 527.4346, 809.9388, 3019.83
245.2, 506.0359, 835.7604, 1253.303, 638.0818, 1408.841, 609.2226, 465.9217, 65.39294, 829.5136, 485.1031, 847.414, 1388.145, 504.0674, 761.7917, 3061.729
245.3, 477.1575, 795.1663, 1244.481, 604.9272, 1466.146, 574.4555, 493.7351, 61.62697, 768.6594, 447.9881, 789.9625, 1318.786, 481.7354, 716.5068, 3325.779
245.4, 449.9271, 756.5438, 1199.114, 617.5737, 1388.092, 541.6725, 571.8452, 58.07789, 712.2694, 413.7128, 736.4059, 1252.892, 460.3928, 673.9138, 3188.852
245.5, 424.2506, 719.7974, 1143.271, 585.4846, 1314.193, 510.7603, 540.668, 54.7332, 660.0164, 382.0599, 686.4803, 1190.291, 439.9958, 633.8528, 3076.984
245.6, 400.0395, 857.4454, 1255.263, 555.0629, 1339.868, 562.2454, 511.1905, 51.58112, 611.5966, 352.8287, 639.9395, 1207.307, 420.5024, 596.1732, 2993.248
245.7, 441.1902, 815.798, 1296.707, 618.5492, 1403.289, 543.2089, 483.3202, 48.61058, 566.7291, 325.834, 747.5614, 1169.978, 401.8727, 560.7335, 3022.552
245.8, 416.0123, 776.1734, 1231.768, 586.4095, 1328.581, 512.209, 456.9694, 45.8111, 525.153, 300.9046, 808.6158, 1111.52, 384.0683, 527.4005, 3023.442
245.9, 407.9422, 765.6162, 1245.08, 555.9397, 1257.85, 618.174, 432.0552, 43.17285, 486.627, 277.8826, 833.8308, 1182.383, 367.0527, 496.049, 2934.088
246, 384.6617, 728.4291, 1224.215, 547.0273, 1190.885, 582.8961, 408.4994, 40.68654, 450.9274, 322.4106, 777.3002, 1201.323, 350.791, 466.5612, 2918.508
246.1, 362.7099, 693.0482, 1162.907, 518.6039, 1127.485, 549.6313, 386.2278, 38.34341, 417.8467, 297.7431, 724.6021, 1209.702, 335.2497, 438.8263, 2991.125
246.2, 342.0107, 659.3857, 1104.669, 491.6573, 1130.934, 518.265, 365.1705, 36.13522, 387.1929, 274.963, 675.4768, 1219.391, 320.3969, 412.7401, 2845.899
246.3, 363.4337, 627.3584, 1142.402, 466.1108, 1131.402, 488.6887, 345.2613, 34.0542, 358.7879, 253.9257, 800.4644, 1158.464, 306.2022, 388.2047, 2794.62
246.4, 342.6933, 673.2593, 1085.191, 441.8918, 1144.79, 460.8002, 326.4375, 32.09303, 332.4667, 234.498, 746.1959, 1148.101, 292.6364, 365.1277, 2658.935
246.5, 323.1365, 640.558, 1085.956, 518.1164, 1083.844, 434.5032, 381.0839, 30.2448, 308.0765, 217.306, 695.6066, 1090.736, 279.6716, 343.4226, 2789.842
246.6, 319.8969, 609.4452, 1031.572, 491.1951, 1052.142, 409.707, 360.3071, 28.50301, 285.4756, 200.68, 648.4471, 1036.237, 288.0483, 323.0077, 2654.389
246.7, 339.5922, 697.0463, 1142.281, 465.6727, 1043.338, 386.3258, 475.0244, 26.86153, 264.5327, 439.2869, 604.4848, 984.4608, 329.92, 303.8064, 2654.139
246.8, 320.2123, 663.1897, 1089.838, 441.4764, 1093.095, 364.279, 449.1258, 25.31458, 245.1262, 777.4961, 563.503, 1049.557, 315.3034, 285.7466, 2702.433
246.9, 301.9385, 630.9775, 1099.254, 418.5374, 1034.901, 343.4903, 552.8953, 23.85672, 227.1434, 730.9598, 525.2996, 1079.838, 301.3343, 268.7603, 2571.225
247, 284.7075, 600.33, 1161.258, 419.1029, 979.805, 323.888, 522.7512, 22.48281, 210.4798, 734.2585, 489.6862, 1039.501, 287.9841, 252.7837, 2681.748
247.1, 268.4598, 603.3236, 1103.103, 397.3264, 979.6889, 305.4044, 494.2506, 21.18803, 195.0387, 819.0092, 456.4873, 1205.419, 275.2254, 237.7569, 2551.543
247.2, 253.1393, 688.6326, 1047.86, 447.8153, 950.7314, 287.9756, 467.3039, 19.96782, 180.7304, 756.3473, 425.5391, 1280.51, 294.4835, 223.6234, 2427.66
247.3, 238.6932, 703.123, 995.384, 438.5929, 947.5837, 271.5414, 441.8263, 18.81788, 167.4718, 727.3821, 396.6891, 1862.316, 321.3944, 210.33, 2545.794
247.4, 225.0714, 668.9713, 1009.789, 415.8036, 897.1364, 256.0451, 417.7377, 17.73416, 405.9956, 671.7305, 369.7951, 2006.804, 307.1555, 604.5975, 2422.19
247.5, 212.2271, 636.4783, 977.759, 538.0471, 855.1685, 241.4331, 459.2771, 16.71285, 1280.948, 666.6006, 344.7244, 1934.064, 380.6714, 1280.957, 2349.701
247.6, 200.1157, 605.5636, 1003.299, 592.9343, 856.8795, 227.655, 759.4855, 15.75036, 1614.117, 819.4619, 321.3533, 1837.428, 363.8064, 1470.553, 2473.059
247.7, 188.6955, 576.1505, 953.0543, 670.5906, 811.261, 214.6632, 782.7477, 14.8433, 1707.586, 756.7653, 299.5668, 1901.906, 347.6884, 1383.135, 2352.987
247.8, 177.927, 548.166, 921.4296, 635.7468, 848.3691, 202.4128, 1001.852, 13.98848, 1949.044, 727.3965, 279.2573, 1887.79, 332.2846, 1541.741, 2361.346
247.9, 167.7731, 599.9183, 893.4932, 602.7134, 803.2038, 190.8615, 947.2304, 13.18289, 2578.197, 671.7438, 260.3246, 1793.465, 317.5632, 1450.091, 2246.698
248, 158.1986, 570.7793, 848.7476, 571.3965, 833.0671, 179.9694, 895.587, 12.42369, 2727.048, 700.8944, 242.6756, 1703.854, 303.494, 1363.89, 2137.616
248.1, 149.1705, 588.4941, 806.2427, 575.4122, 840.9527, 169.6989, 846.7592, 11.70821, 2583.161, 647.2694, 348.5477, 1829.526, 290.0482, 1282.813, 2074.698
248.2, 140.6577, 604.2432, 831.0959, 618.9942, 796.1822, 160.0146, 800.5936, 11.03394, 2575.419, 633.8726, 581.817, 1863.785, 277.198, 1438.203, 2160.751
248.3, 132.6306, 574.8942, 789.4751, 586.8314, 843.3727, 150.8828, 756.9449, 10.3985, 2476.91, 691.4139, 542.3719, 1868.55, 264.9172, 1352.708, 2211.949
248.4, 125.0616, 546.9708, 749.9386, 556.3397, 798.4733, 142.2723, 815.8961, 9.799649, 2355.933, 638.5143, 505.6011, 1775.187, 253.1804, 1298.984, 2196.811
248.5, 117.9246, 600.7958, 915.4753, 527.4323, 802.7607, 134.1531, 771.413, 9.23529, 2310.412, 589.6619, 471.3232, 1686.489, 307.1913, 1398.617, 2090.151
248.6, 111.1949, 571.6142, 1181.34, 500.027, 760.0234, 126.4972, 729.3553, 8.703431, 2181.904, 696.5322, 496.0575, 1842.763, 293.5816, 1451.803, 2137.334
248.7, 104.8492, 543.85, 1137.467, 474.0457, 774.0338, 119.2783, 689.5905, 8.202203, 2021.836, 1466.59, 462.4266, 1750.688, 280.5749, 1621.269, 2350.455
248.8, 98.86569, 517.4344, 1111.078, 449.4143, 732.8259, 112.4713, 695.5999, 7.72984, 1970.331, 1877.21, 574.9889, 1783.198, 268.1445, 1575.254, 2412.105
248.9, 93.22363, 546.9009, 1119.587, 493.1962, 739.4169, 344.52, 657.6755, 397.9963, 1856.241, 1941.391, 828.9741, 1840.082, 256.2647, 1481.612, 2294.992
249, 107.861, 813.4871, 1063.519, 467.5698, 716.447, 1557.01, 621.8187, 375.0758, 1720.065, 1792.857, 799.6038, 1748.141, 244.9113, 1393.537, 2248.63
249.1, 500.443, 773.9747, 1033.686, 477.9351, 714.2354, 1871.842, 1044.06, 353.4753, 1713.26, 1655.686, 813.9626, 1701.322, 234.0608, 1310.698, 2139.454
249.2, 826.4585, 736.3816, 1034.505, 581.8253, 676.211, 1790.232, 1321.87, 333.1187, 1699.316, 1667.746, 758.7789, 1758.416, 223.6911, 1232.783, 2087.059
249.3, 924.6447, 700.6144, 1000.876, 551.5937, 640.211, 1688.067, 1314.07, 400.6018, 1574.652, 1540.148, 895.5986, 1670.556, 213.7808, 1426.08, 1985.728
249.4, 903.2173, 666.5845, 1064.481, 522.9329, 606.1276, 1591.733, 1242.427, 907.0855, 1585.927, 1422.312, 834.8804, 1616.124, 204.3096, 1341.307, 2047.104
249.5, 891.8884, 634.2075, 1083.561, 570.2665, 573.8586, 1646.674, 1174.689, 1237.374, 1552.895, 1426.238, 778.2786, 1609.083, 195.2579, 1396.967, 1947.713
249.6, 840.9902, 603.4031, 1029.296, 540.6356, 543.3076, 1552.702, 1192.467, 1166.114, 1559.201, 1324.743, 725.5142, 1737.408, 186.6073, 1313.924, 1853.147
249.7, 792.9966, 574.0948, 987.0352, 512.5442, 514.3831, 1464.092, 1155.675, 1098.958, 1541.447, 1260.634, 676.327, 1650.598, 178.3399, 1359.353, 1908.893
249.8, 858.4332, 606.3137, 937.605, 506.2276, 552.7015, 1380.539, 1092.667, 1035.669, 1535.021, 1191.01, 630.4745, 1698.127, 170.4388, 1356.013, 1985.752
249.9, 809.4442, 591.3483, 956.434, 498.0786, 585.8036, 1301.755, 1152.682, 976.0249, 1422.41, 1099.887, 587.7307, 1613.279, 162.8878, 1275.404, 1889.34
250, 772.6937, 620.4791, 914.3077, 472.1985, 566.0464, 1323.321, 1147.137, 919.8159, 1379.266, 1118.09, 547.8847, 1532.671, 235.9994, 1199.587, 1858.955
250.1, 728.5977, 590.3415, 868.5197, 447.6631, 535.9114, 1346.439, 1226.829, 866.8439, 1288.081, 1110.283, 648.205, 1646.798, 550.0879, 1128.277, 1897.376
250.2, 691.6426, 625.1094, 904.4131, 424.4026, 1151.718, 1337.61, 1245.056, 816.9225, 1282.204, 1025.336, 657.0968, 1564.515, 525.717, 1061.207, 1805.254
250.3, 652.1719, 594.7469, 866.699, 402.3506, 1868.518, 1352.05, 1177.175, 769.8762, 1188.14, 958.306, 612.5481, 1486.343, 502.4259, 1095.069, 1819.821
250.4, 614.9538, 631.4978, 839.5764, 401.9612, 2153.969, 1316.123, 1112.995, 725.5392, 1100.976, 934.3677, 571.0196, 1412.078, 480.1667, 1029.973, 1750.531
250.5, 656.7979, 600.825, 828.3893, 409.1841, 2138.169, 1259.983, 1490.926, 683.7556, 1072.999, 897.0843, 532.3066, 1478.874, 555.0883, 1106.741, 1828.958
250.6, 735.8615, 571.642, 859.9605, 387.923, 2091.469, 1289.132, 1556.948, 644.3782, 994.2825, 828.4489, 496.2182, 1475.568, 530.4959, 1040.951, 2067.148
250.7, 693.8673, 543.8765, 888.2032, 367.7665, 2102.252, 1215.564, 1709.836, 607.2686, 921.3406, 822.2651, 462.5764, 1401.841, 701.3005, 979.0709, 2067.625
250.8, 654.2697, 523.0361, 843.7225, 348.6574, 1993.533, 1146.194, 1616.615, 572.2961, 891.3698, 759.3541, 431.2155, 1489.267, 670.2304, 920.8698, 2081.409
250.9, 648.9561, 609.6917, 801.4693, 330.5412, 1887.401, 1080.783, 1609.628, 539.3378, 825.9777, 701.2563, 630.3337, 1457.392, 640.5368, 866.1284, 1980.353
251, 611.9214, 678.6663, 902.6423, 313.3664, 1876.455, 1200.818, 1877.024, 508.2774, 834.0834, 681.5994, 609.0503, 1384.573, 682.7772, 814.6411, 1884.202
251.1, 600.5526, 775.8435, 857.4385, 297.0839, 1894.125, 1132.29, 1992.71, 479.0059, 772.8939, 629.4506, 882.3685, 1349.618, 868.0706, 766.2145, 1962.489
251.2, 606.5994, 738.1596, 828.1658, 281.6475, 1818.677, 1306.205, 2044.41, 451.42, 747.3256, 581.2917, 822.5472, 1330.9, 829.6119, 803.8268, 1867.206
251.3, 597.3724, 702.3061, 855.759, 267.0131, 1826.9, 1275.298, 2099.971, 425.4229, 692.5008, 536.8174, 766.7816, 1264.401, 792.8572, 756.043, 1855.898
251.4, 563.2816, 668.194, 812.9031, 253.1391, 1732.841, 1202.52, 2257.659, 400.9229, 738.157, 538.1747, 714.7966, 1264.938, 757.7308, 764.183, 1830.495
251.5, 531.1362, 635.7388, 822.6237, 322.8516, 1688.026, 1133.894, 2134.571, 705.7374, 684.0048, 496.9992, 704.4283, 1269.919, 724.1606, 718.7559, 1741.621
251.6, 500.8253, 604.86, 781.4271, 306.0762, 1598.159, 1181.868, 2018.193, 1029.323, 633.8252, 508.3954, 697.9319, 1639.582, 692.0778, 676.0292, 1858.937
251.7, 472.2443, 575.4811, 771.7437, 290.1725, 1543.804, 1114.421, 2126.625, 970.0445, 587.3269, 497.3625, 650.6147, 1774.879, 661.4163, 1020.977, 1768.682
251.8, 445.2942, 547.5291, 844.9861, 275.0952, 1610.888, 1412.157, 2547.324, 914.1799, 590.2324, 459.3096, 670.926, 1797.812, 827.5713, 1082.786, 1725.51
251.9, 430.142, 520.9348, 802.6697, 260.8013, 1602.585, 1752.279, 2710.232, 861.5325, 546.9321, 424.1681, 625.4398, 1707.984, 790.907, 1018.419, 1678.367
252, 525.2449, 544.8767, 770.3448, 247.2501, 1622.065, 1984.086, 2580.417, 811.917, 506.8084, 391.7152, 583.0373, 1622.644, 774.4681, 957.8788, 1596.879
252.1, 495.2703, 518.4112, 782.1578, 234.403, 1536.938, 1870.859, 2453.51, 765.1589, 469.6282, 361.7453, 543.5095, 1541.567, 740.1564, 900.9374, 1627.09
252.2, 467.0062, 493.2312, 783.3087, 222.2235, 1549.823, 1764.092, 2627.031, 721.0936, 435.1757, 351.8104, 506.6616, 1630.932, 718.4984, 950.723, 1548.092
252.3, 440.3551, 502.0983, 744.0811, 210.6768, 1467.314, 1772.311, 2545.472, 679.566, 403.2506, 324.8936, 472.3118, 1676.896, 765.1166, 894.207, 1527.172
252.4, 415.2249, 477.7106, 771.0957, 199.73, 1441.769, 1734.394, 2518.482, 640.4299, 373.6675, 300.0362, 440.2908, 1612.995, 811.5964, 841.0505, 1453.025
252.5, 391.5289, 454.5075, 732.4796, 227.4589, 1477.147, 1729.709, 2838.436, 603.5477, 424.3745, 520.4995, 410.4407, 1532.401, 775.6398, 791.054, 1630.588
252.6, 369.1851, 432.4314, 695.7974, 290.2201, 1424.406, 1630.998, 2800.102, 568.7896, 559.3158, 1168.561, 382.6144, 1495.721, 741.2762, 829.3529, 1551.419
252.7, 348.1164, 411.4275, 660.9523, 275.1403, 1348.574, 1537.92, 2912.429, 536.0331, 664.681, 1307.868, 356.6745, 1474.463, 808.9188, 1333.832, 1476.095
252.8, 328.2501, 391.4438, 627.8521, 260.8441, 1312.897, 1584.333, 2753.643, 899.8013, 615.9191, 1415.915, 591.412, 1400.791, 773.0808, 1406.045, 1516.326
252.9, 309.5175, 404.6497, 654.4219, 247.2906, 1320.648, 1646.515, 2658.947, 847.982, 570.7344, 1339.458, 646.5239, 1361.259, 738.8306, 1322.462, 1442.705
253, 291.854, 411.2015, 621.8068, 234.4415, 1250.34, 1659.768, 2629.254, 799.1469, 528.8646, 1236.977, 686.8572, 1437.711, 706.0978, 1243.848, 1372.658
253.1, 275.1985, 391.2288, 590.667, 222.2599, 1183.774, 1565.049, 2543.187, 753.1242, 490.0663, 1238.447, 640.2908, 1365.875, 674.8151, 1169.907, 1450.118
253.2, 259.4935, 372.2262, 606.9653, 210.7113, 1120.753, 1509.415, 2404.531, 709.752, 454.1144, 1143.694, 663.5048, 1436.351, 644.9185, 1100.362, 1379.712
253.3, 244.6847, 354.1466, 687.7175, 300.3479, 1061.086, 1423.276, 2553.631, 668.8775, 420.7999, 1056.191, 618.5216, 1364.583, 777.8551, 1034.95, 1312.724
253.4, 230.721, 336.9452, 653.277, 284.7419, 1004.596, 1386.682, 2414.406, 630.357, 389.9294, 1054.05, 624.3991, 1435.831, 743.3934, 1043.961, 1248.988
253.5, 217.5542, 388.9259, 620.5612, 269.9467, 1110.684, 1397.619, 2356.757, 594.0549, 361.3237, 973.4048, 582.0671, 1475.71, 858.9443, 1054.742, 1242.188
253.6, 205.1389, 370.0352, 591.5323, 255.9203, 1064.246, 1460.178, 2228.266, 559.8434, 334.8165, 898.9302, 542.6052, 1401.975, 820.89, 992.0425, 1257.965
253.7, 193.432, 352.062, 658.3847, 257.5403, 1007.587, 1376.848, 2219.791, 527.6021, 310.2539, 881.4177, 505.8185, 1331.925, 784.5217, 933.0702, 1196.888
253.8, 182.3932, 334.9619, 670.5743, 264.025, 1056.306, 1298.274, 2227.847, 497.2176, 287.4932, 851.819, 626.9865, 1265.374, 749.7646, 877.6035, 1189.869
253.9, 171.9844, 318.6922, 636.9923, 250.3063, 1152.095, 1224.184, 2106.384, 468.583, 266.4023, 811.7167, 852.7269, 1202.149, 772.1799, 908.6646, 1181.965
254, 162.1696, 303.2129, 643.1483, 237.3004, 1100.223, 1330.33, 2082.392, 441.5974, 322.3873, 819.198, 794.9152, 1180.754, 739.5021, 854.6487, 1124.578
254.1, 152.9149, 288.4854, 610.9398, 224.9703, 1105.153, 1254.411, 1968.859, 416.1659, 409.6309, 855.1089, 741.0229, 1210.719, 954.4307, 949.5886, 1204.745
254.2, 197.6395, 274.4732, 580.3443, 213.2809, 1046.317, 1267.659, 1861.516, 392.199, 1179.01, 1602.381, 690.7844, 1150.224, 938.1559, 893.14, 1146.252
254.3, 186.3606, 261.1416, 596.1981, 202.1988, 990.6132, 1195.316, 1875.891, 369.6124, 1339.383, 2093.124, 643.9517, 1164.428, 1004.986, 840.0469, 1190.749
254.4, 210.4553, 248.4576, 566.3408, 191.6926, 997.8016, 1239.277, 1794.358, 348.3265, 1250.319, 2033.242, 650.3431, 1130.639, 1087.964, 790.11, 1216.232
254.5, 203.3941, 236.3896, 537.9788, 181.7323, 944.6808, 1168.554, 1812.752, 556.7661, 1521.751, 1919.677, 606.2523, 1089.636, 1180.405, 743.1417, 1157.182
254.6, 191.7868, 224.9078, 511.0371, 172.2895, 894.388, 1120.056, 1875.701, 896.5864, 1518.85, 1933.526, 628.8589, 1035.192, 1347.66, 698.9655, 1225.194
254.7, 194.1375, 213.9837, 485.4446, 163.3374, 846.7727, 1064.433, 1869.633, 844.9522, 1407.425, 1785.593, 647.7408, 1121.96, 1287.954, 877.0939, 1165.708
254.8, 183.0585, 203.5902, 499.1205, 357.0881, 801.6923, 1003.688, 1799.434, 796.2916, 1304.175, 1648.978, 603.8264, 1065.9, 1239.687, 824.9548, 1200.241
254.9, 172.6117, 193.7015, 479.8941, 338.5339, 838.9968, 1039.399, 1820.903, 750.4333, 1208.499, 1522.816, 600.3377, 1048.149, 1184.765, 775.9151, 1172.803
255, 162.7611, 184.2931, 455.8612, 320.9437, 847.0244, 980.0824, 1825.702, 707.2161, 1119.842, 1406.306, 559.637, 1021.276, 1132.275, 729.7906, 1272.468
255.1, 153.4727, 175.3417, 433.032, 304.2675, 801.9307, 924.1511, 1752.538, 666.4877, 1037.688, 1490.264, 576.5546, 995.6071, 1236.51, 686.408, 1210.687
255.2, 144.7143, 166.8251, 411.3459, 388.5756, 759.2376, 871.4116, 1679.091, 628.1048, 961.5621, 1376.245, 537.4663, 973.3384, 1181.728, 645.6042, 1186.937
255.3, 136.4557, 158.7221, 493.7846, 419.2457, 718.8174, 936.4526, 1587.547, 591.9324, 891.0205, 1310.41, 501.0281, 924.705, 1129.374, 607.226, 1291.899
255.4, 128.6685, 151.0128, 469.0561, 397.4618, 680.5491, 883.0111, 1786.393, 557.8431, 825.654, 1284.867, 618.2072, 878.5016, 1079.338, 571.1293, 1229.175
255.5, 121.3256, 143.6778, 445.566, 376.8097, 644.3182, 901.2357, 1858.754, 525.7171, 765.0829, 1186.562, 576.295, 881.3889, 1031.52, 537.1783, 1169.496
255.6, 114.4018, 136.6992, 423.2523, 806.5233, 764.5239, 849.804, 1757.414, 495.4412, 708.9553, 1189.923, 537.2243, 854.3358, 985.8199, 505.2455, 1112.714
255.7, 107.8731, 130.0595, 402.0561, 764.6165, 723.8223, 801.3074, 1774.482, 705.2285, 656.9454, 1098.882, 550.3938, 881.6546, 942.1447, 475.2111, 1121.183
255.8, 101.717, 123.7423, 381.9213, 763.6218, 685.2875, 755.5784, 1707.772, 741.1564, 608.7509, 1014.808, 711.5359, 837.6023, 1186.555, 446.962, 1066.747
255.9, 95.91224, 117.732, 382.6958, 723.9441, 648.8043, 775.1113, 1805.248, 698.4733, 618.5032, 996.9461, 663.2964, 795.7511, 1133.986, 420.3922, 1014.954
256, 90.43872, 112.0135, 363.5306, 686.3281, 614.2634, 749.1573, 1706.825, 658.2484, 697.3185, 994.8167, 750.4124, 785.5923, 1083.747, 395.4018, 965.6759
256.1, 85.27757, 106.5729, 345.3252, 760.9944, 651.8604, 724.0367, 1659.754, 682.7487, 646.1622, 918.7038, 699.5372, 834.9561, 1095.8, 371.897, 1103.038
256.2, 80.41094, 101.3965, 482.7061, 721.4532, 617.1567, 788.8349, 2014.246, 643.4293, 598.7589, 921.3723, 652.1111, 793.2371, 1047.252, 349.7895, 1172.181
256.3, 75.82205, 96.47148, 458.5324, 683.9666, 584.3006, 829.2333, 2536.49, 917.7722, 554.8331, 850.8787, 718.952, 753.6026, 1000.855, 328.9962, 1115.269
256.4, 71.49504, 91.78571, 435.5693, 648.4278, 998.2005, 831.7955, 2524.467, 864.9179, 514.1298, 785.7784, 757.1175, 715.9485, 956.5134, 309.4389, 1061.121
256.5, 67.41496, 87.32754, 427.1069, 614.7356, 1470.175, 784.3266, 2545.756, 815.1075, 476.4125, 725.659, 705.7877, 726.9629, 1025.543, 291.0442, 1009.601
256.6, 63.56773, 83.08591, 452.1522, 716.8984, 1466.435, 798.3128, 2448.399, 768.1656, 441.4622, 712.0272, 657.9379, 690.6398, 980.1079, 273.743, 960.5828
256.7, 59.94004, 79.0503, 429.5086, 695.4643, 1388.365, 752.7547, 2314.911, 723.9272, 409.0759, 837.6235, 613.3322, 703.0967, 1104.344, 257.4702, 913.9445
256.8, 56.51939, 75.21071, 407.9991, 683.2285, 1457.332, 709.7965, 2207.729, 682.2364, 379.0655, 999.9535, 571.7505, 731.1959, 1055.417, 242.1648, 924.7964
256.9, 53.29394, 71.55761, 387.5667, 647.728, 1535.528, 669.2899, 2234.777, 642.9465, 351.2567, 923.4476, 588.9978, 694.6614, 1067.473, 227.7693, 1039.919
257, 50.25256, 68.08195, 368.1576, 614.0721, 1453.78, 648.9772, 2248.033, 605.9194, 325.4881, 983.1809, 549.0659, 659.9523, 1020.18, 501.2643, 1100.087
257.1, 104.9872, 64.7751, 349.7205, 582.165, 1433.639, 611.9414, 2125.469, 571.0246, 301.6098, 1179.486, 558.6234, 688.3991, 974.9824, 960.2023, 1046.676
257.2, 98.99581, 61.62888, 374.7429, 571.2256, 1420.613, 577.0192, 2174.836, 538.1394, 279.4833, 1089.244, 520.7507, 654.0029, 931.7872, 903.1228, 1128.192
257.3, 93.34632, 58.63547, 355.976, 674.3022, 1344.983, 599.6967, 2103.722, 507.1481, 258.98, 1101.494, 485.4458, 621.3253, 890.5057, 849.4364, 1073.416
257.4, 99.6904, 55.78745, 338.1489, 798.9938, 1346.234, 565.4731, 2485.127, 477.9415, 239.9809, 1023.955, 452.5344, 590.2805, 1001.193, 798.9414, 1021.299
257.5, 94.00127, 53.07777, 321.2146, 839.4987, 1411.628, 533.2028, 2567.444, 450.417, 222.3755, 945.6127, 421.8542, 560.7868, 960.6576, 751.4481, 971.7132
257.6, 88.6368, 50.4997, 349.5494, 826.6692, 1336.476, 502.774, 2427.466, 424.4776, 206.0617, 1075.404, 507.2266, 532.7668, 918.097, 706.778, 924.5345
257.7, 83.57848, 48.04686, 332.0442, 783.7156, 1275.061, 474.0817, 2339.622, 400.032, 190.9448, 993.1253, 497.4753, 561.4111, 877.4221, 664.7634, 879.6464
257.8, 86.88068, 45.71315, 315.4156, 742.9938, 1207.18, 447.0268, 2212.065, 376.9943, 176.9368, 952.0176, 510.8142, 533.3599, 838.5492, 625.2463, 836.9377
257.9, 81.92257, 43.49279, 335.6929, 737.4813, 1142.912, 421.5158, 2229.722, 355.2833, 163.9565, 967.1591, 476.1829, 557.0372, 1031.029, 588.0783, 796.3027
258, 77.24741, 41.38028, 319.4894, 699.1619, 1171.067, 397.4608, 2108.156, 334.8226, 151.9284, 893.1624, 499.2658, 769.7991, 985.3508, 553.1198, 757.6405
258.1, 72.83906, 39.37038, 336.1003, 662.8335, 1261.272, 427.2629, 1993.219, 315.5402, 140.7827, 830.7626, 465.4175, 731.3357, 941.6963, 520.2394, 720.8555
258.2, 162.2001, 37.4581, 322.0732, 628.3928, 1198.693, 402.8799, 1884.547, 297.3683, 130.4547, 767.2014, 433.8639, 694.7941, 1059.923, 489.3136, 685.8564
258.3, 152.9437, 35.6387, 305.944, 595.7416, 1210.81, 379.8884, 1969.967, 280.243, 120.8843, 708.5033, 404.4495, 660.0784, 1012.965, 460.2262, 652.5567
258.4, 144.2155, 33.90767, 290.6225, 763.9853, 1461.187, 358.2089, 1862.564, 264.1039, 112.0161, 657.8691, 377.0294, 627.0972, 1207.94, 432.8679, 620.8737
258.5, 135.9854, 32.26073, 276.0683, 724.2887, 1808.395, 337.7666, 1761.016, 248.8942, 103.7984, 607.5359, 351.4682, 595.764, 1168.381, 407.136, 590.729
258.6, 128.225, 30.69377, 262.2429, 686.6547, 1733.131, 318.491, 1665.005, 234.5604, 96.18364, 601.3152, 327.6399, 565.9963, 1173.57, 382.9336, 562.0479
258.7, 120.9074, 29.20293, 249.1099, 663.5876, 1881.859, 300.3153, 1684.892, 221.0521, 89.12747, 555.3089, 305.4272, 537.7161, 1121.577, 360.17, 678.7308
258.8, 119.3232, 27.7845, 236.6346, 697.7551, 1781.673, 283.1769, 1593.031, 208.3218, 82.58896, 588.6605, 423.3752, 510.8488, 1274.804, 338.7596, 668.1451
258.9, 112.5136, 26.43497, 224.7841, 688.2294, 1794.529, 267.0166, 1536.278, 196.3246, 76.53012, 543.6224, 394.6719, 485.324, 1466.97, 318.6219, 998.6469
259, 106.0927, 25.15098, 257.4287, 720.9183, 1754.475, 251.7785, 1654.166, 185.0183, 70.91576, 502.0302, 544.352, 461.0746, 1614.03, 299.6813, 950.1605
259.1, 100.0382, 23.92936, 248.4465, 683.4595, 1661.071, 237.41, 1563.98, 174.3631, 65.71329, 507.8727, 694.3665, 438.0367, 1590.852, 281.8667, 904.0283
259.2, 94.32922, 22.76707, 236.0044, 647.947, 1626.41, 223.8615, 1541.434, 164.3216, 60.89247, 469.0156, 647.291, 416.15, 1520.371, 265.111, 860.1358
259.3, 88.94604, 87.3632, 268.0606, 750.0899, 1640.969, 211.0862, 1466.88, 154.8583, 56.42531, 433.1315, 674.1162, 395.3569, 1503.497, 249.3514, 818.3744
259.4, 83.87006, 91.42668, 254.6362, 711.1154, 1553.607, 199.0399, 1614.567, 145.9401, 52.28587, 469.5492, 659.1097, 375.6027, 1436.887, 234.5286, 778.6406
259.5, 79.08377, 86.98595, 241.8842, 674.1659, 1556.392, 187.6811, 1559.887, 137.5354, 48.45011, 433.6243, 614.4245, 356.8355, 1373.228, 220.587, 740.836
259.6, 74.57062, 82.76091, 229.7708, 639.1363, 1597.432, 176.9705, 1474.841, 129.6148, 44.89574, 400.448, 572.7688, 339.006, 1312.389, 207.4741, 704.8669
259.7, 70.31503, 159.7168, 218.264, 798.0639, 1617.071, 166.8712, 1394.432, 122.1503, 667.7203, 385.5861, 533.9372, 322.0674, 1478.16, 195.1408, 670.6441
259.8, 66.30229, 184.5338, 232.591, 815.8019, 1670.824, 157.3482, 1432.991, 115.1157, 1248.272, 356.0851, 549.6381, 305.9752, 1412.672, 183.5406, 638.0829
259.9, 62.51855, 175.5707, 220.943, 828.639, 1581.873, 148.3686, 1422.379, 108.4862, 1288.059, 328.8412, 512.3746, 290.687, 1397.737, 172.6299, 607.1027
260, 58.95074, 167.043, 324.4783, 785.583, 1574.244, 139.9015, 1383.135, 102.2385, 1193.565, 303.6818, 477.6375, 276.1626, 1398.528, 162.3679, 577.6265
260.1, 55.58654, 276.7495, 341.4877, 744.7642, 1585.647, 131.9176, 1399.12, 96.35061, 1106.003, 280.4473, 445.2555, 262.364, 1336.569, 152.7159, 549.5815
260.2, 52.41433, 263.3073, 384.6384, 706.0663, 1620.096, 447.102, 1354.963, 90.8018, 1024.865, 303.9637, 599.3207, 249.2549, 1277.354, 143.6376, 522.8982
260.3, 49.42315, 501.0673, 370.5441, 669.3792, 2216.723, 1823.321, 1281.09, 85.57254, 1183.975, 343.0684, 737.3208, 236.8007, 1254.264, 135.099, 497.5104
260.4, 46.60267, 476.7297, 405.2641, 699.4455, 2360.435, 2403.818, 1294.299, 80.64444, 1147.543, 328.2119, 851.8842, 224.9689, 1198.696, 127.068, 473.3552
260.5, 43.94315, 478.3681, 384.9687, 1039.966, 2317.432, 2559.628, 1343.088, 76.00014, 1319.341, 391.1376, 1167.785, 213.7282, 1431.737, 119.5144, 450.3728
260.6, 41.43541, 455.133, 365.6897, 1111.053, 2210.643, 2783.018, 1269.862, 476.2046, 1222.552, 361.2119, 1088.614, 203.0491, 1368.306, 112.4099, 428.5063
260.7, 39.07077, 433.0265, 347.3762, 1154.391, 2234.671, 2634.664, 1276.074, 448.7801, 1132.864, 333.5758, 1014.81, 192.9037, 1307.685, 105.7276, 407.7014
260.8, 36.84108, 411.9938, 329.9797, 1353.411, 2115.702, 2611.23, 1924.31, 422.935, 1093.599, 350.6988, 946.0095, 183.2652, 1279.066, 99.4426, 387.9066
260.9, 34.73863, 391.9826, 313.4545, 2644.388, 2018.798, 2539.05, 1819.395, 398.5782, 1078.329, 323.867, 881.8735, 174.1082, 1555.957, 93.5312, 369.0729
261, 32.75617, 372.9434, 297.7569, 3165.403, 1978.266, 2436.956, 1851.073, 724.7167, 1107.879, 311.1646, 822.0858, 165.4088, 1487.023, 87.97121, 351.1537
261.1, 30.88684, 354.829, 282.8454, 3294.98, 1872.947, 2382.335, 1859.081, 826.024, 1026.604, 287.3576, 766.3514, 157.1441, 1464.646, 82.74174, 334.1044
261.2, 29.12419, 337.5944, 268.6807, 3123.773, 1828.957, 2259.12, 1757.723, 778.4534, 951.2905, 265.372, 793.2073, 149.2923, 1399.757, 77.82313, 317.883
261.3, 27.46213, 321.1969, 255.2253, 3029.78, 1856.58, 2130.197, 1697.625, 806.9647, 881.5024, 284.3212, 739.4308, 141.8328, 1347.806, 73.19691, 302.4491
261.4, 25.89492, 305.5959, 242.4437, 3019.059, 1757.74, 2008.63, 1689.226, 835.0717, 816.8342, 262.568, 689.3002, 134.7461, 1686.554, 68.8457, 287.7645
261.5, 24.41715, 290.7527, 230.3023, 2987.919, 1808.506, 2057.042, 1619.576, 1010.137, 756.9101, 242.479, 711.5731, 128.0134, 1718.102, 64.75314, 273.793
261.6, 23.02371, 276.6303, 218.7689, 2838.236, 1712.225, 1939.651, 1617.835, 951.9637, 701.3821, 223.9271, 663.3311, 121.6172, 1641.984, 60.90387, 260.4998
261.7, 21.70979, 263.194, 207.813, 2789.793, 1687.18, 1828.959, 1545.351, 897.1403, 649.9278, 206.7946, 618.3597, 115.5405, 1608.565, 57.28342, 247.8519
261.8, 20.47086, 250.4102, 197.4059, 2764.452, 1739.909, 1724.584, 1461.098, 845.4742, 602.2482, 190.9728, 576.4372, 109.7675, 1592.205, 53.87819, 235.8182
261.9, 19.30263, 238.2474, 187.5199, 2620.812, 1718.54, 1717.889, 1432.774, 796.7836, 558.0664, 176.3616, 537.3569, 104.2829, 1566.461, 50.67538, 224.3687
262, 18.20107, 226.6754, 178.129, 2484.635, 1667.56, 1809.721, 1354.659, 750.897, 517.1259, 162.8683, 500.9261, 99.07235, 1700.65, 47.66297, 213.4752
262.1, 17.16237, 215.6654, 169.2084, 2355.533, 1693.391, 1717.781, 1414.178, 707.653, 479.1888, 150.4073, 466.9651, 94.12215, 1625.305, 44.82963, 203.1105
262.2, 16.18295, 262.68, 160.7345, 2477.712, 1603.238, 1619.75, 1360.22, 666.8994, 444.0348, 138.8997, 435.3066, 89.41929, 1559.279, 42.16472, 193.2491
262.3, 15.25942, 249.9212, 152.685, 2382.246, 1563.641, 1651.118, 1316.918, 628.4929, 411.4598, 128.2726, 405.7944, 84.95141, 1566.503, 39.65822, 183.8664
262.4, 14.38859, 237.7822, 145.0387, 2318.465, 1564.711, 2476.26, 1391.528, 592.2981, 381.2745, 118.4585, 378.2831, 80.70677, 1497.102, 37.30073, 174.9393
262.5, 13.56747, 277.5184, 137.7752, 2256.696, 1481.41, 3136.985, 1315.661, 558.1878, 353.3037, 109.3954, 644.6378, 76.67422, 1430.775, 35.08337, 166.4457
262.6, 12.7932, 336.226, 130.8755, 2139.438, 1537.015, 3165.079, 1377.345, 526.0419, 327.3849, 101.0256, 600.9338, 72.84315, 1367.386, 32.99783, 158.3644
262.7, 12.06312, 366.8871, 124.3213, 2096.99, 1605.572, 2984.454, 1348.867, 495.7473, 303.3674, 93.29617, 560.1927, 69.20351, 1501.792, 31.03627, 150.6755
262.8, 11.3747, 349.0668, 118.0954, 2118.251, 1800.569, 3094.968, 1275.327, 467.1973, 281.112, 86.15813, 522.2137, 65.74572, 1626.044, 29.19131, 143.3598
262.9, 10.72557, 332.1121, 112.1812, 2008.187, 2298.589, 3021.911, 1205.795, 440.2915, 260.4892, 79.56622, 635.7442, 62.4607, 1554.005, 27.45602, 136.3994
263, 10.11348, 315.9809, 106.5632, 1997.39, 2307.016, 2977.406, 1283.847, 414.9352, 241.3793, 73.47866, 645.3926, 59.33982, 1691.708, 25.82389, 129.7769
263.1, 9.536325, 300.6332, 101.2266, 1893.605, 2233.666, 2902.933, 1213.851, 391.0392, 223.6714, 67.85685, 819.9083, 56.37488, 1616.759, 24.28878, 123.476
263.2, 8.992105, 286.031, 96.15723, 1800.86, 2357.807, 2807.205, 1370.856, 578.3997, 207.2626, 62.66516, 839.7021, 53.55808, 1545.131, 22.84492, 117.481
263.3, 8.478944, 272.138, 91.34173, 1834.136, 2232.283, 2885.214, 1296.116, 788.7781, 192.0575, 57.87069, 782.7734, 50.88202, 1551.094, 21.4869, 111.777
263.4, 7.995068, 258.9199, 86.76738, 1738.834, 2242.457, 2761.972, 1225.451, 980.7391, 177.9679, 53.44303, 729.7043, 48.33968, 1482.375, 20.2096, 106.35
263.5, 43.15305, 246.3437, 82.42212, 1812.03, 2123.073, 2702.071, 1158.639, 924.2585, 164.9119, 49.35414, 680.233, 45.92436, 1616.668, 19.00824, 101.1865
263.6, 40.6904, 234.3784, 78.29446, 1813.975, 2014.569, 2620.402, 1147.903, 871.0307, 152.8138, 45.57808, 634.1158, 43.62973, 1545.044, 17.87829, 96.2737
263.7, 38.36827, 222.9943, 74.37352, 1915.78, 1907.318, 2547.2, 1085.319, 820.8682, 141.6031, 42.09093, 591.1251, 41.44975, 1500.617, 16.81551, 91.5994
263.8, 36.17867, 212.1631, 70.64893, 1914.001, 1928.118, 2421.852, 1058.62, 909.7394, 131.2149, 38.87058, 551.049, 39.37869, 1612.991, 15.8159, 87.15206
263.9, 34.11403, 201.8581, 67.11087, 2598.825, 1825.469, 2532.179, 1000.904, 974.694, 121.5888, 35.89661, 513.6899, 37.41111, 1541.53, 14.87572, 82.92065
264, 32.16721, 192.0535, 63.74999, 3123.532, 1728.285, 2387.673, 1155.956, 1107.483, 112.6689, 33.15018, 478.8636, 35.54185, 1597.139, 13.99143, 78.89468
264.1, 30.33149, 182.7252, 106.4477, 3260.919, 1841.691, 2442.693, 1092.933, 1043.703, 104.4033, 30.61388, 678.1879, 33.76598, 1526.38, 13.1597, 75.06417
264.2, 28.60053, 173.8499, 101.1169, 3147.093, 1768.968, 2506.964, 1033.346, 983.5967, 96.74417, 28.27163, 755.0329, 32.07885, 1458.756, 12.37742, 71.41965
264.3, 26.96836, 165.4058, 96.05299, 2983.571, 1679.33, 2371.271, 977.0074, 926.9517, 89.64688, 26.10859, 730.1093, 30.47601, 1394.128, 11.64164, 67.95207
264.4, 62.57425, 157.3718, 91.24271, 3022.745, 1661.471, 2235.948, 1077.825, 873.5687, 83.07026, 24.11103, 680.6106, 28.95326, 1353.583, 10.9496, 64.65285
264.5, 59.00326, 149.728, 86.67332, 3045.997, 1600.963, 2268.592, 1019.061, 938.6651, 76.97611, 22.26631, 702.0109, 27.5066, 1347.483, 10.2987, 61.51382
264.6, 56.02168, 142.4555, 82.33277, 2887.727, 1644.469, 2139.128, 963.5017, 884.6076, 71.32904, 20.56273, 654.4171, 26.13222, 1287.785, 9.686488, 58.5272
264.7, 52.82463, 195.4372, 78.20959, 2805.524, 1659.252, 2115.964, 910.9712, 833.6633, 715.2199, 18.98949, 610.05, 24.82651, 1371.199, 9.110672, 55.68558
264.8, 49.81004, 185.9445, 74.29289, 2744.212, 1579.123, 1995.21, 936.5883, 785.6528, 723.5512, 17.53661, 568.6909, 23.58604, 1310.45, 8.569085, 52.98193
264.9, 125.9731, 176.9129, 70.57234, 2601.623, 1495.054, 1932.955, 960.7845, 958.7864, 711.9999, 16.1949, 530.1358, 22.40755, 1362.371, 8.059693, 50.40955
265, 118.7841, 168.32, 67.03812, 2670.678, 1415.46, 2002.599, 908.4021, 941.0639, 819.2828, 14.95583, 494.1945, 21.28795, 1324.049, 7.580582, 47.96206
265.1, 112.0053, 160.1444, 225.2604, 2615.226, 1470.298, 2006.503, 1035.242, 958.0739, 759.1791, 13.81157, 460.69, 20.22428, 1372.452, 7.129952, 45.6334
265.2, 105.6134, 332.9973, 263.2768, 2479.339, 1392.023, 2045.538, 1024.752, 1096.518, 743.3434, 16.14431, 429.4569, 19.21377, 1311.648, 6.70611, 43.4178
265.3, 99.58625, 421.0556, 355.9619, 2538.51, 1512.929, 2033.689, 1054.32, 1033.37, 796.762, 14.90911, 606.3471, 18.25374, 1253.537, 6.307463, 41.30978
265.4, 144.0104, 595.7254, 338.1355, 2505.752, 1592.505, 2245.341, 1133.296, 1397.68, 846.1673, 59.88705, 874.6403, 17.34168, 1232.043, 5.932514, 39.3041
265.5, 135.792, 716.459, 321.2018, 2375.553, 1604.356, 3827.117, 1071.508, 1317.188, 829.6697, 55.30513, 1063.244, 16.4752, 1177.459, 5.579854, 37.39581
265.6, 128.0426, 903.8751, 305.1162, 2462.829, 1737.374, 4994.865, 1186.53, 1241.332, 858.7611, 51.07376, 1170.451, 15.65201, 1593.214, 5.248158, 35.58016
265.7, 120.7355, 859.9725, 306.8199, 2334.861, 1644.88, 5064.681, 1356.127, 1169.844, 795.7612, 47.16614, 1105.098, 14.86994, 1522.629, 4.936179, 33.85267
265.8, 113.8454, 818.2023, 291.4545, 2359.917, 1557.31, 5157.666, 1844.446, 1102.473, 737.383, 43.55749, 1030.176, 14.12696, 1455.171, 4.642746, 32.20905
265.9, 107.3484, 860.257, 276.8586, 2361.75, 1704.039, 4863.328, 1743.886, 1038.981, 751.6394, 40.22493, 992.6195, 13.4211, 1390.701, 4.366757, 30.64523
266, 101.2223, 818.473, 262.9937, 2323.415, 1613.32, 4818.575, 1648.809, 979.1467, 696.4981, 37.14734, 925.3236, 12.75051, 1674.113, 4.107173, 29.15734
266.1, 95.44573, 778.7186, 249.8231, 2216.868, 1569.005, 4870.131, 1558.915, 922.7579, 769.2139, 34.30522, 966.1505, 12.11342, 1599.944, 3.863021, 27.74169
266.2, 89.99883, 749.0144, 237.3121, 2101.679, 1485.474, 4744.727, 1522.384, 869.6165, 1279.345, 552.6158, 900.6491, 11.50817, 1529.061, 3.633383, 26.39478
266.3, 84.86278, 744.3387, 225.4277, 2319.882, 1479.702, 4501.757, 1439.383, 819.5355, 1753.447, 997.2783, 839.5884, 10.93316, 1461.318, 3.417395, 25.11325
266.4, 80.01983, 764.2324, 214.1384, 2199.342, 1617.477, 4347.933, 1465.337, 772.3386, 1788.536, 956.222, 782.6675, 10.38688, 1566.289, 3.214247, 23.89395
266.5, 75.45325, 727.1125, 203.4144, 2285.642, 1547.768, 4218.705, 1385.446, 727.8598, 1734.594, 883.062, 818.9647, 9.86789, 1509.366, 3.023175, 22.73385
266.6, 71.14729, 691.7955, 193.2276, 2191.044, 1572.511, 4256.616, 1447.056, 685.9425, 1607.341, 921.0352, 763.442, 9.374836, 1592.28, 2.843461, 21.63008
266.7, 67.08705, 679.6866, 183.5508, 2103.568, 1488.794, 4214.622, 1368.161, 646.4392, 1489.425, 850.5673, 711.6834, 8.906418, 1544.004, 2.674431, 20.57989
266.8, 63.25853, 646.6732, 174.3587, 1994.267, 1459.1, 4070.1, 1338.636, 609.2109, 1380.158, 944.5564, 663.4339, 8.461404, 1475.599, 2.515448, 19.58069
266.9, 59.64849, 615.2633, 165.6269, 2089.257, 1398.586, 4008.367, 1265.653, 574.1266, 1278.908, 872.2889, 618.4556, 8.038626, 1410.225, 2.365917, 18.63001
267, 56.24447, 585.379, 157.3324, 1980.699, 1420.338, 4108.09, 1196.649, 541.0628, 1271.762, 805.5506, 576.5266, 7.636972, 1382.91, 2.225274, 17.72548
267.1, 53.03471, 556.9463, 149.4533, 1910.393, 1364.185, 3873.649, 1353.125, 509.9031, 1178.464, 743.9184, 537.4402, 7.255387, 1472.853, 2.092992, 16.86487
267.2, 50.00813, 529.8945, 141.9687, 1811.129, 1342.737, 3770.875, 1750.991, 480.5379, 1092.01, 687.0016, 501.0037, 6.892868, 1411.493, 1.968573, 16.04605
267.3, 47.15427, 504.1567, 134.859, 1854.339, 1305.162, 3572.404, 1775.051, 452.8639, 1057.759, 665.3359, 467.0375, 6.548462, 1370.344, 1.851551, 15.26698
267.4, 44.46327, 479.6691, 128.1054, 1912.637, 1235.678, 3575.632, 2113.931, 426.7835, 1666.505, 614.4314, 435.3741, 6.221265, 1436.69, 1.741485, 14.52574
267.5, 41.92584, 578.1199, 121.6899, 1813.257, 1169.893, 3515.092, 2476.551, 402.2052, 1633.782, 636.513, 405.8574, 5.910416, 1373.04, 1.637962, 13.82048
267.6, 39.53321, 550.0398, 115.5957, 1775.418, 1107.611, 3499.265, 2468.99, 379.0423, 1669.865, 631.2769, 378.3417, 5.615099, 1463.947, 1.540593, 13.14947
267.7, 37.27713, 523.3235, 109.8068, 1683.167, 1048.644, 3430.358, 2334.38, 357.2133, 1547.361, 730.5068, 352.6916, 5.334538, 1399.089, 1.449012, 12.51103
267.8, 35.1498, 497.9049, 104.3077, 1692.757, 1094.415, 3264.077, 2334.294, 336.6415, 1433.845, 768.9695, 328.7804, 242.3932, 1337.104, 1.362875, 11.9036
267.9, 33.14388, 473.7209, 99.08405, 1757.91, 1138.017, 3077.802, 2207.028, 317.2544, 1429.743, 779.7631, 306.4903, 452.5482, 1314.185, 1.281858, 11.32565
268, 31.25242, 532.2684, 94.12197, 1666.569, 1077.431, 3072.51, 2350.112, 298.9838, 1324.855, 758.402, 469.6658, 429.9365, 1255.962, 1.205658, 10.77577
268.1, 29.46891, 572.2969, 89.40839, 1724.414, 1092.495, 3122.1, 2221.983, 281.7654, 1278.639, 700.3771, 465.2191, 408.4545, 1200.318, 1.133987, 10.25258
268.2, 27.78718, 569.0748, 154.4718, 1671.449, 1034.333, 3076.185, 2178.931, 265.5385, 1243.457, 646.7917, 433.679, 388.0458, 1315.834, 1.066577, 9.754798
268.3, 26.20142, 541.434, 146.7359, 1584.601, 979.2673, 3041.714, 2060.135, 250.2462, 1152.235, 657.7892, 572.1805, 368.6569, 1257.538, 1.003174, 9.281182
268.4, 24.70616, 515.1357, 139.3875, 1502.266, 927.1332, 3018.041, 2107.998, 235.8346, 1145.095, 607.4622, 533.3888, 350.2368, 1201.825, 0.9435397, 8.830562
268.5, 23.29622, 490.1148, 167.6421, 1458.99, 946.157, 2845.807, 2081.661, 222.253, 1144.76, 560.9856, 497.227, 332.737, 1148.58, 0.8874507, 8.401819
268.6, 21.96676, 466.3092, 159.2467, 1464.661, 895.7856, 2746.539, 1968.168, 209.4535, 1105.817, 518.0649, 463.5169, 316.1117, 1162.587, 0.8346959, 7.993893
268.7, 20.71316, 443.6598, 151.2717, 1457.35, 848.0959, 2589.8, 1860.862, 197.3911, 1024.693, 478.4281, 432.0922, 300.317, 1111.08, 0.7850771, 7.605773
268.8, 19.5311, 422.1106, 143.6961, 1381.626, 802.9451, 2562.757, 1759.407, 186.0234, 949.52, 441.8239, 402.7979, 285.3115, 1061.855, 0.7384079, 7.236497
268.9, 18.4165, 401.608, 136.4998, 1404.889, 818.1571, 2427.554, 1663.484, 175.3103, 879.8619, 408.0202, 375.4897, 271.0558, 1062.344, 0.694513, 6.88515
269, 17.36551, 382.1013, 129.664, 1331.891, 824.1974, 2289.019, 1827.61, 165.2142, 815.314, 376.8028, 350.0329, 257.5123, 1015.279, 0.6532274, 6.550861
269.1, 16.37449, 363.5421, 123.1705, 1367.552, 838.0797, 2247.732, 1958.44, 155.6996, 806.5007, 347.9738, 326.302, 244.6456, 970.2981, 0.6143962, 6.232803
269.2, 15.44003, 345.8843, 117.0022, 1364.538, 793.4622, 2268.532, 2010.058, 146.7329, 747.3347, 423.8996, 304.1799, 232.4218, 995.0264, 0.5778732, 5.930188
269.3, 14.5589, 329.0841, 111.1428, 1293.637, 781.298, 2233.332, 1960.521, 138.2826, 1151.503, 391.4673, 283.5576, 220.8087, 950.9432, 0.5435213, 5.642265
269.4, 13.72805, 313.1, 105.5768, 1408.595, 903.9333, 2194.94, 1877.247, 130.3189, 2201.62, 361.5164, 264.3335, 209.7759, 908.8131, 0.5112115, 5.368321
269.5, 12.94462, 297.8923, 100.2896, 1387.267, 855.8099, 2162.52, 1850.366, 122.8139, 2759.296, 333.857, 246.4126, 199.2943, 868.5495, 0.4808224, 5.107678
269.6, 20.06409, 283.4232, 95.26712, 1315.185, 871.7729, 2039.109, 1749.484, 115.7411, 2771.747, 322.8979, 229.7068, 189.3365, 899.8796, 0.4522398, 4.859689
269.7, 18.91907, 269.6569, 90.49619, 1246.848, 844.546, 1965.258, 1726.235, 109.0756, 2773.721, 298.1932, 214.1335, 324.077, 860.0118, 0.4253562, 4.623741
269.8, 17.8394, 256.5592, 85.9642, 1207.021, 799.5842, 1972.996, 1632.12, 102.7939, 3101.238, 275.3786, 199.6161, 489.9354, 861.4479, 0.4000708, 377.4066
269.9, 26.33877, 929.658, 81.65916, 1144.304, 757.0161, 1860.401, 1586.767, 96.87404, 3237.215, 429.6551, 186.0828, 465.4555, 823.2827, 689.2448, 846.4565
270, 217.1444, 987.061, 77.56971, 1137.994, 716.7141, 1850.852, 1500.256, 91.29508, 3805.404, 1233.51, 173.4671, 648.6877, 824.5317, 973.5157, 904.4896
270.1, 204.7524, 1064.884, 73.68506, 1078.864, 739.7556, 1745.228, 1463.144, 86.03742, 4018.588, 1552.054, 161.7067, 889.0566, 788.002, 1117.89, 1302.804
270.2, 420.005, 1026.055, 69.99495, 1022.806, 700.3726, 1661.891, 1428.664, 81.08255, 3942.168, 1776.407, 150.7436, 1104.519, 753.0908, 1051.436, 1595.263
270.3, 396.0361, 1153.359, 66.48964, 969.6614, 663.0862, 1567.051, 1380.971, 76.41302, 3999.098, 1792.162, 140.5237, 1167.682, 719.7262, 1192.509, 1897.636
270.4, 432.8188, 1097.338, 63.15987, 919.2779, 651.2464, 1477.622, 1305.679, 72.01241, 3705.719, 1804.584, 130.9967, 1705.989, 687.8398, 1153.314, 1968.236
270.5, 408.1187, 1044.039, 59.99686, 995.1117, 616.5754, 1393.297, 1234.493, 67.86523, 3672.295, 1666.516, 122.1156, 1775.156, 657.366, 1138.674, 2103.515
270.6, 477.2397, 993.3284, 56.99225, 943.4058, 594.5052, 1459.202, 1167.188, 63.95689, 3583.737, 1700.892, 113.8366, 1735.779, 628.2424, 1340.074, 2184.761
270.7, 563.1117, 1021.742, 54.13811, 894.3866, 596.9745, 1375.928, 1240.71, 60.27363, 3474.621, 1898.992, 106.1189, 1709.01, 600.409, 1322.213, 2411.061
270.8, 530.976, 972.1144, 51.4269, 872.3723, 568.5307, 1297.407, 1173.066, 56.80248, 3473.879, 1823.318, 98.92447, 1724.173, 573.8088, 1445.485, 2424.665
270.9, 500.6743, 969.4209, 48.85147, 899.5028, 704.6284, 1245.819, 1109.11, 53.53124, 3258.841, 1683.817, 92.21776, 1638.024, 548.387, 1359.557, 2519.537
271, 472.1018, 989.713, 46.40501, 852.7648, 676.7413, 1196.479, 1114.467, 50.44839, 3095.997, 1554.989, 85.96574, 1804.427, 588.8363, 1278.738, 2498.026
271.1, 457.0606, 941.6411, 44.08107, 808.4552, 640.713, 1128.198, 1088.256, 47.54308, 3029.401, 1550.433, 80.13758, 1714.268, 562.7488, 1202.723, 2450.63
271.2, 430.9771, 982.6517, 41.87352, 766.448, 606.6028, 1110.384, 1590.931, 44.80508, 2807.16, 1431.811, 74.70455, 1628.613, 537.817, 1131.227, 2440.247
271.3, 406.382, 934.9228, 39.77651, 726.6235, 574.3086, 1056.47, 2832.552, 42.22477, 2857.98, 1322.264, 69.63986, 1605.333, 513.9898, 1220.311, 2357.135
271.4, 383.1906, 889.5121, 37.78453, 986.7126, 555.8528, 1011.345, 3714.022, 39.79306, 2735.843, 1221.098, 64.91854, 1564.659, 491.2182, 1147.769, 2409.744
271.5, 361.3227, 846.3072, 35.8923, 935.4432, 535.9736, 987.455, 3762.121, 37.50138, 2567.98, 1250.848, 60.5173, 1513.426, 469.4555, 1079.54, 2377.957
271.6, 340.7028, 941.8201, 43.6578, 886.8376, 507.4395, 931.103, 3626.237, 35.34169, 2445.835, 1155.147, 56.41446, 1437.807, 546.5901, 1015.366, 2262.502
271.7, 321.2596, 896.0744, 50.57048, 923.5384, 480.4245, 877.9668, 3560.6, 33.30637, 2389.1, 1066.767, 52.58976, 1365.966, 522.3743, 955.0074, 2152.653
271.8, 336.4584, 852.5507, 48.03794, 875.5515, 454.8477, 920.5925, 3624.347, 31.38826, 2374.628, 1032.856, 49.02437, 1297.715, 518.9464, 898.2367, 2048.137
271.9, 438.3885, 811.1411, 45.63223, 830.0579, 430.6326, 912.8088, 3426.746, 29.58062, 2200.422, 971.8565, 45.7007, 1387.257, 495.9553, 844.8407, 2160.084
272, 504.1939, 771.7427, 43.34699, 931.0032, 438.734, 860.7166, 3337.442, 27.87708, 2232.939, 1013.779, 42.60236, 1416.529, 473.9827, 794.6189, 2234.9
272.1, 500.2824, 734.2579, 41.17619, 882.6284, 415.3767, 833.6188, 3227.261, 26.27165, 2252.148, 936.2153, 39.71408, 1378.619, 452.9836, 747.3825, 2126.391
272.2, 471.7323, 772.4539, 39.11411, 836.7671, 393.2629, 786.0459, 3227.354, 24.75867, 2138.474, 864.586, 37.02161, 1309.736, 432.9148, 702.9541, 2158.247
272.3, 629.9266, 827.2308, 37.1553, 856.0806, 372.3265, 754.4119, 3233.179, 23.33282, 2038.886, 815.4074, 34.51168, 1244.294, 413.7351, 661.1667, 2113.093
272.4, 603.177, 787.051, 35.29458, 829.2119, 352.5046, 835.9077, 3056.905, 21.98909, 1937.356, 753.0211, 32.17192, 1182.123, 395.4052, 621.8635, 2263.962
272.5, 568.7549, 902.971, 33.52705, 786.1262, 333.738, 788.2041, 2978.028, 20.72274, 1795.229, 817.7357, 29.99078, 1246.372, 377.8874, 584.8966, 2214.247
272.6, 536.2972, 859.1123, 31.84803, 745.2792, 315.9705, 743.2229, 2848.458, 19.52933, 1873.743, 755.1712, 27.95752, 1276.755, 361.1456, 703.1436, 2136.968
272.7, 524.484, 817.3839, 30.2531, 786.2554, 299.1489, 700.8087, 2878.327, 18.40464, 1781.319, 735.4406, 26.0621, 1230.848, 345.1456, 796.0082, 2033.213
272.8, 530.482, 777.6823, 28.73804, 745.4017, 283.2229, 728.8492, 2721.399, 17.34472, 1668.438, 700.7969, 24.29519, 1253.499, 329.8544, 981.3787, 2016.605
272.9, 500.2085, 739.9091, 27.29886, 795.4946, 291.5935, 771.0559, 2709.597, 16.34584, 1605.168, 772.2795, 22.64807, 1190.867, 315.2407, 923.0403, 1989.677
273, 471.6626, 703.9706, 25.93175, 759.6542, 276.0697, 781.6232, 2584.013, 15.40449, 1552.574, 734.8091, 21.11261, 1256.966, 301.2744, 868.1699, 2085.516
273.1, 444.7457, 669.7776, 24.6331, 781.746, 288.6953, 832.4387, 2667.195, 14.51734, 1623.509, 678.5893, 19.68125, 1194.161, 287.9269, 858.3475, 1984.26
273.2, 419.365, 637.2455, 23.39948, 741.1266, 273.3258, 784.933, 2578.322, 431.3654, 1504.406, 626.6708, 18.34694, 1175.957, 275.1707, 1349.377, 1887.92
273.3, 536.7612, 606.2936, 22.22765, 809.5806, 258.7745, 740.1385, 2447.949, 484.8393, 1394.041, 578.7246, 17.10308, 1117.199, 262.9797, 1739.005, 1796.257
273.4, 511.1752, 576.845, 21.1145, 774.5353, 244.9979, 697.9003, 2370, 456.9175, 1291.772, 534.4467, 15.94356, 1138.634, 251.3288, 1714.808, 1777.927
273.5, 519.1586, 548.8267, 20.0571, 822.9207, 231.9547, 658.0725, 2278.061, 430.6037, 1355.837, 493.5565, 14.86264, 1101.263, 240.194, 1612.871, 1794.868
273.6, 501.6795, 522.1694, 19.05265, 780.1618, 219.606, 620.5176, 2180.286, 405.8054, 1312.271, 581.3854, 13.85501, 1239.232, 229.5526, 1516.993, 1961.174
273.7, 517.8287, 496.8068, 18.0985, 774.4327, 207.9146, 585.106, 2237.683, 382.4351, 1296.982, 536.904, 12.91569, 1177.313, 219.3826, 1492.665, 2067.282
273.8, 511.8972, 472.6761, 17.19214, 769.4081, 196.8457, 801.4789, 2151.43, 445.1535, 1201.833, 495.8258, 12.04006, 1118.488, 209.6631, 1403.933, 1966.911
273.9, 509.6196, 449.7176, 16.33117, 729.4298, 199.2002, 938.5076, 2182.095, 740.2751, 1113.665, 457.8904, 11.22379, 1138.425, 200.3743, 1515.028, 1871.413
274, 480.5366, 427.8741, 15.51331, 691.5287, 206.0035, 980.7205, 2063.126, 1058.277, 1031.965, 443.4207, 10.46285, 1123.409, 191.497, 1424.966, 1910.142
274.1, 457.6879, 407.0916, 14.73641, 691.7273, 211.7025, 924.7527, 1991.114, 997.3308, 956.2585, 409.4949, 9.753511, 1067.277, 183.013, 1340.259, 1883.16
274.2, 431.5685, 387.3185, 13.99842, 655.7852, 200.4319, 871.9789, 1912.325, 1074.039, 1002.775, 378.1647, 9.092259, 1127.991, 174.9049, 1260.587, 1874.57
274.3, 406.9398, 413.3279, 13.29739, 648.2071, 243.439, 897.3191, 2006.42, 1227.715, 929.2096, 349.2315, 8.475838, 1071.631, 167.156, 1185.651, 1950.066
274.4, 383.7166, 393.252, 12.63146, 667.9977, 230.4788, 952.6649, 2001.949, 1255.672, 861.0415, 322.512, 7.901207, 1114.414, 159.7504, 1115.169, 1855.386
274.5, 361.8186, 374.1511, 11.99889, 633.2886, 218.2086, 943.4695, 1924.373, 1183.358, 797.8743, 297.8368, 7.365535, 1155.771, 173.4881, 1048.878, 1765.304
274.6, 352.5386, 355.978, 11.39799, 663.1047, 206.5916, 889.6276, 1873.702, 1115.209, 739.3411, 275.0495, 6.866179, 1098.022, 261.6587, 986.5268, 1679.594
274.7, 332.4199, 338.6876, 10.82718, 628.6499, 195.5932, 901.8428, 1793.759, 1050.984, 685.1021, 254.0056, 6.400678, 1043.159, 308.2617, 1029.103, 1743.151
274.8, 313.4494, 337.3337, 10.28496, 595.9854, 185.1802, 947.9194, 1853.443, 1084.871, 634.842, 234.5718, 5.966735, 991.0369, 294.6046, 967.9272, 1836.904
274.9, 360.1806, 361.0683, 9.769897, 644.8641, 175.3216, 893.8235, 1752.393, 1022.394, 588.2691, 232.0027, 5.562213, 1011.647, 281.5526, 910.3884, 1805.18
275, 339.841, 471.3387, 9.280626, 611.357, 165.9879, 920.8063, 1700.08, 963.5144, 545.1129, 214.2523, 5.185115, 961.0995, 269.0788, 934.2069, 1717.535
275.1, 320.4469, 448.445, 8.815858, 642.5726, 157.151, 965.23, 1718.154, 1126.531, 505.1226, 244.7302, 4.833584, 953.9609, 257.1577, 1202.538, 1634.145
275.2, 331.1891, 426.6634, 8.374365, 609.1846, 148.7846, 910.1462, 1624.48, 1185.464, 468.0661, 227.8034, 4.505885, 906.2957, 245.7647, 1614.979, 1554.804
275.3, 364.6458, 405.9397, 7.954981, 577.5315, 188.4305, 858.206, 1535.912, 1334.154, 433.7281, 218.5269, 4.200402, 892.0101, 234.8764, 1831.438, 1517.323
275.4, 343.8362, 386.2226, 7.5566, 619.9708, 178.3989, 809.2299, 1548.261, 1500.411, 401.9092, 201.8076, 3.915631, 847.4404, 224.4706, 1722.567, 1555.976
275.5, 324.2141, 367.4631, 7.17817, 587.7571, 168.9013, 763.0488, 1463.849, 1414.003, 372.4246, 186.3674, 3.650165, 833.457, 214.5258, 1620.169, 1480.43
275.6, 375.2065, 349.6149, 6.818691, 623.7638, 159.9093, 719.5031, 1577.833, 1332.571, 345.103, 172.1085, 3.402698, 791.8129, 205.0215, 1523.857, 1483.97
275.7, 353.7943, 332.6336, 6.477214, 591.3531, 151.3961, 936.6192, 1491.809, 1255.828, 319.7858, 158.9406, 3.172007, 872.8605, 195.9383, 1433.271, 1411.92
275.8, 333.6039, 411.1402, 6.152839, 560.6265, 147.7772, 1608.032, 1410.475, 1183.506, 296.3259, 146.7802, 224.8019, 829.2476, 187.2576, 1550.854, 1529.81
275.9, 314.5658, 391.1705, 5.844708, 531.4964, 139.9099, 1661.527, 1467.329, 1115.348, 274.587, 135.5501, 209.5612, 787.8138, 178.9614, 1458.663, 1455.534
276, 296.6142, 372.1707, 5.552008, 530.6902, 189.8649, 1596.65, 1418.44, 1051.115, 254.4429, 125.1792, 195.3537, 748.4503, 171.0328, 1415.658, 1503.389
276.1, 279.687, 354.0938, 5.273967, 503.1156, 179.7569, 1667.581, 1341.106, 990.5817, 235.7766, 115.6018, 182.1095, 773.5745, 163.4554, 1532.9, 1430.397
276.2, 263.7258, 336.8949, 5.00985, 476.9738, 170.1871, 1572.416, 1295.227, 1130.173, 218.4797, 124.4516, 169.7631, 734.9224, 156.2138, 1441.776, 1453.445
276.3, 248.6755, 320.5314, 4.758959, 452.1903, 161.1267, 1573.388, 1341.071, 1065.087, 202.4517, 114.9298, 158.2538, 698.2017, 149.2929, 1356.069, 1382.877
276.4, 234.4841, 304.9627, 4.520633, 428.6945, 152.5486, 1613.829, 1267.955, 1003.749, 187.5996, 107.7241, 215.0949, 663.3157, 142.6787, 1314.305, 1315.736
276.5, 253.5034, 290.1502, 4.294242, 406.4196, 144.4273, 1521.731, 1324.216, 945.9432, 173.837, 99.48219, 200.5122, 682.3436, 136.3576, 1282.484, 1251.854
276.6, 239.0365, 334.1102, 4.079188, 512.9398, 136.7383, 1434.889, 1252.019, 891.4666, 161.0841, 91.87086, 222.7809, 724.7003, 130.3164, 1206.246, 1321.749
276.7, 240.0369, 317.8819, 3.874905, 486.2875, 151.4615, 1353.002, 1210.946, 840.1273, 149.2667, 84.84188, 207.6772, 688.4903, 124.543, 1264.129, 1482.033
276.8, 226.3385, 302.4419, 3.680852, 550.449, 143.398, 1394.817, 1144.925, 978.9256, 138.3163, 78.35068, 193.5974, 654.0895, 119.0253, 1188.982, 1429.036
276.9, 213.4218, 287.7519, 3.496517, 521.8477, 135.7638, 1411.819, 1303.456, 922.5495, 128.1692, 105.4403, 180.4722, 621.4077, 113.752, 1118.303, 1462.643
277, 207.4655, 413.374, 3.321413, 494.7326, 128.5361, 1756.216, 1232.391, 869.4201, 118.7666, 97.37313, 168.2369, 590.3587, 108.7124, 1051.825, 1391.629
277.1, 211.7207, 539.0941, 3.155078, 469.0263, 121.6931, 1913.88, 1165.201, 819.3504, 110.0537, 89.92317, 311.8775, 674.6523, 103.8961, 1215.528, 1324.062
277.2, 244.6083, 610.8965, 2.997074, 444.6558, 115.2144, 1832.038, 1101.674, 844.8173, 101.98, 83.04321, 290.7334, 640.943, 99.2931, 1286.635, 1519.043
277.3, 298.0951, 581.2244, 2.846982, 421.5515, 109.0806, 1816.86, 1041.61, 796.1644, 94.4986, 76.68962, 499.4059, 608.918, 94.89407, 1636.396, 1580.069
277.4, 281.0834, 552.9934, 2.704407, 399.6478, 103.2734, 1713.176, 984.821, 869.0773, 87.56605, 108.5903, 465.548, 717.2259, 90.68993, 1539.12, 1503.354
277.5, 265.0425, 615.1647, 2.568971, 378.8821, 97.77535, 1631.595, 931.1281, 819.0273, 81.14208, 100.2821, 685.2214, 681.3893, 86.67204, 1573.442, 1430.363
277.6, 249.9171, 719.0898, 2.440319, 359.1954, 92.57, 1550.1, 880.3626, 901.1321, 75.18938, 92.60959, 658.5926, 820.829, 82.83217, 1479.908, 1360.915
277.7, 329.1142, 684.1625, 2.318109, 371.1742, 87.64177, 1570.255, 832.3649, 849.2361, 69.67339, 284.6785, 651.0416, 779.8159, 79.16241, 1538.948, 1507.57
277.8, 310.3323, 650.9317, 2.202019, 382.4254, 82.97591, 1487.839, 786.984, 971.9713, 524.0234, 1171.874, 687.6792, 912.0894, 75.65524, 1586.264, 1913.34
277.9, 292.6223, 619.3149, 2.091743, 362.5546, 78.55845, 1469.242, 744.0773, 1054.253, 496.4469, 1564.334, 641.0571, 895.6409, 72.30344, 1491.968, 1820.444
278, 362.3086, 589.2339, 1.98699, 476.1929, 74.37617, 1385.395, 703.5099, 993.5388, 539.2574, 1652.301, 597.5958, 850.8897, 69.10014, 1403.277, 1872.004
278.1, 341.6324, 613.3843, 1.887483, 451.45, 70.41654, 1358.244, 665.1542, 989.2934, 499.6968, 1525.884, 842.3878, 808.3746, 66.03876, 1506.932, 1891.734
278.2, 334.3645, 583.5912, 1.792958, 427.9927, 66.66772, 1280.732, 628.8898, 1068.777, 498.7276, 1472.268, 880.9162, 871.067, 63.11301, 1417.352, 1889.917
278.3, 330.4014, 555.2453, 1.703168, 405.7543, 63.11847, 1207.643, 594.6024, 1007.227, 462.1402, 1414.838, 821.1934, 1001.587, 60.31688, 1439.196, 2011.794
278.4, 344.6931, 698.2683, 1.617874, 384.6714, 59.75818, 1138.725, 562.1844, 949.2207, 502.0008, 1428.176, 1037.698, 951.5425, 57.64463, 1372.903, 2131.833
278.5, 481.2961, 664.3524, 1.536852, 477.8513, 56.57678, 1101.025, 531.5339, 894.5553, 465.1733, 1399.384, 1098.502, 940.0443, 55.09077, 1543.545, 2289.217
278.6, 590.13, 632.0837, 1.459887, 462.3079, 53.56475, 1038.192, 502.5545, 843.0381, 431.0475, 1381.635, 1065.293, 893.0745, 52.65005, 1640.263, 2513.902
278.7, 890.1128, 601.3824, 1.386777, 463.0515, 50.71308, 1005.556, 475.155, 794.4877, 440.1877, 1305.495, 993.0702, 1057.223, 50.31747, 1640.945, 2615.302
278.8, 2324.115, 572.1724, 1.317328, 503.2527, 48.01323, 1008.918, 449.2494, 875.5178, 407.895, 1262.284, 954.2147, 1054.924, 48.08823, 1543.399, 2548.955
278.9, 2889.51, 564.2083, 1.251357, 477.1038, 45.4571, 951.3409, 424.7561, 1537.598, 434.1277, 1202.798, 889.5225, 1064.254, 45.95775, 1556.067, 2624.823
279, 3105.812, 570.3879, 1.18869, 488.8452, 43.03706, 1059.725, 401.5982, 1842.62, 402.2795, 1209.741, 924.515, 1202.543, 43.92166, 1645.677, 2560.375
279.1, 3052.426, 553.8226, 1.129161, 463.4449, 40.74586, 999.2482, 379.7029, 1797.395, 372.7677, 1222.162, 1170.047, 1142.458, 41.97578, 1931.83, 2597.793
279.2, 3064.308, 526.9226, 1.072613, 439.3643, 38.57664, 1022.278, 359.0013, 1898.361, 345.4209, 1128.655, 1090.723, 1217.814, 40.1161, 1918.261, 2594.723
279.3, 3008.591, 520.2623, 1.018897, 416.535, 36.5229, 963.9385, 339.4284, 2662.998, 320.0804, 1172.53, 1101.599, 1169.424, 38.33881, 2025.301, 2739.54
279.4, 2836.897, 494.9924, 0.9678712, 494.2334, 34.5785, 960.4764, 320.9226, 2644.883, 296.5988, 1173.887, 1026.915, 1248.899, 36.64027, 1924.138, 2830.095
279.5, 2716.457, 470.9499, 0.9194008, 468.5531, 32.73761, 905.6639, 303.4258, 2741.427, 274.8399, 1085.736, 1202.476, 1186.497, 35.01698, 1924.308, 2889.884
279.6, 2675.137, 448.0751, 0.8733577, 444.2072, 30.99473, 919.4706, 286.8829, 2583.549, 254.6773, 1008.16, 1120.952, 1127.213, 33.4656, 1859.124, 2845.356
279.7, 2646.127, 426.3114, 0.8296204, 421.1262, 29.34464, 976.2674, 271.2419, 2434.763, 235.9938, 1059.992, 1114.999, 1070.891, 31.98295, 1843.353, 2707.208
279.8, 2635.37, 405.6048, 0.7880734, 399.2446, 27.78239, 927.1694, 256.4537, 2393.522, 218.6809, 978.8928, 1039.406, 1017.384, 30.566, 1733.775, 2575.768
279.9, 2614.74, 521.554, 57.75353, 378.4999, 114.8306, 874.2577, 242.4717, 2255.68, 202.6382, 991.1564, 968.9384, 966.5496, 29.21181, 1630.71, 2663.5
280, 2465.522, 820.7067, 58.25311, 358.8331, 115.7016, 864.1328, 229.252, 2125.776, 187.7724, 1230.4, 903.2479, 1068.01, 27.91763, 1704.219, 2612.58
280.1, 2529.14, 1694.401, 202.7296, 340.1881, 203.9927, 814.8184, 216.7531, 2072.697, 920.9937, 1940.907, 842.011, 1014.646, 26.68078, 1652.439, 2609.865
280.2, 2539.565, 1679.148, 192.577, 322.512, 193.1326, 911.5544, 204.9357, 2107.769, 1146.404, 2206.279, 876.676, 1017.839, 25.49873, 1554.21, 2644.074
280.3, 2577.552, 1974.592, 182.9329, 305.7543, 182.8506, 859.5338, 193.7625, 1986.383, 1102.124, 2289.005, 817.2407, 1141.182, 24.36904, 1573.623, 2574.679
280.4, 2431.757, 1878.683, 217.6761, 289.8673, 173.1161, 897.6629, 183.1985, 1871.987, 1021.271, 2140.392, 761.8348, 1170.341, 23.28941, 1480.078, 2574.909
280.5, 2298.332, 1787.433, 206.775, 345.1844, 163.8997, 858.9359, 173.2104, 1826.665, 1016.844, 2105.907, 710.1852, 1239.894, 22.2576, 1392.095, 2714.616
280.6, 2167.17, 1893.356, 196.4198, 327.2487, 155.1741, 882.1235, 163.7669, 1721.468, 942.2467, 2123.712, 662.0372, 1264.742, 21.27151, 1309.341, 2582.816
280.7, 2043.494, 1926.125, 186.5832, 310.2449, 146.9129, 1106.67, 154.8383, 1622.329, 873.1222, 2030.253, 617.1536, 1373.244, 20.32911, 1231.507, 2457.415
280.8, 2178.58, 1832.57, 177.2392, 294.1246, 139.0916, 1076.52, 146.3964, 1650.727, 809.0687, 1931.172, 575.3129, 1304.629, 19.42846, 1158.3, 2338.102
280.9, 2086.347, 1743.56, 168.3632, 278.8419, 131.6866, 1015.085, 138.4148, 1555.662, 749.7143, 1846.332, 536.3088, 1239.442, 18.56771, 1089.444, 2224.582
281, 1967.283, 1658.872, 159.9317, 264.3533, 124.6759, 957.1565, 130.8684, 1647.278, 734.8619, 1705.07, 499.949, 1323.85, 17.74509, 1024.682, 2116.574
281.1, 1944.375, 1578.298, 151.9224, 448.0782, 118.0385, 902.5335, 123.7334, 1715.321, 680.9514, 1679.959, 466.0544, 1257.703, 16.95892, 963.7692, 2013.81
281.2, 1833.413, 1501.638, 144.3142, 513.2513, 111.7543, 851.0277, 116.9874, 1973.555, 630.9958, 1671.503, 434.4576, 1194.862, 16.20758, 906.4777, 1916.035
281.3, 1728.784, 1516.03, 137.087, 504.1447, 105.8048, 802.4612, 110.6092, 2165.085, 641.1762, 1565.651, 567.4418, 1135.16, 15.48953, 852.5918, 1823.008
281.4, 1739.334, 1461.137, 130.2218, 532.9715, 100.172, 756.6664, 104.5787, 2801.751, 610.0988, 1460.936, 676.9404, 1078.441, 14.80329, 1081.668, 1734.497
281.5, 1682.965, 1616.228, 123.7003, 505.2784, 94.83902, 713.4849, 98.87705, 2878.4, 1420.799, 1561.053, 662.341, 1116.07, 14.14745, 1306.206, 1650.283
281.6, 1586.922, 1537.725, 117.5055, 505.6875, 89.78999, 672.7678, 93.48624, 2712.634, 1750.797, 1764.941, 617.4368, 1596.451, 13.52067, 1275.675, 2408.203
281.7, 1496.359, 1463.035, 111.6209, 479.4121, 85.00977, 634.3743, 88.38933, 2556.414, 1692.434, 1732.478, 575.5768, 1576.834, 12.92165, 1199.842, 2638.463
281.8, 1637.685, 1391.974, 106.0309, 454.5019, 80.48403, 598.1718, 83.5703, 2409.19, 1744.766, 1618.799, 536.5549, 1498.047, 12.34918, 1247.762, 2510.36
281.9, 1544.226, 1386.589, 100.721, 430.886, 76.19923, 643.3148, 79.01402, 2270.446, 1616.767, 1582.961, 596.415, 1423.196, 11.80207, 1344.186, 2495.673
282, 1666.92, 1837.598, 95.67692, 408.4972, 72.14255, 771.7292, 74.70614, 2139.691, 1565.443, 1507.556, 886.5652, 1352.086, 11.27919, 1517.993, 2374.503
282.1, 1765.832, 2838.993, 90.88547, 387.2718, 68.30183, 822.4319, 70.63313, 2016.467, 1532.336, 1392.214, 1184.586, 1284.528, 10.77948, 1832.987, 2259.216
282.2, 1860.144, 3638.507, 86.33397, 367.1492, 64.66559, 827.295, 66.78218, 1900.339, 1470.274, 1285.697, 1104.276, 1220.346, 10.30192, 1865.476, 2149.526
282.3, 1774.954, 3580.793, 82.01041, 348.0721, 61.22293, 780.0829, 63.14119, 1790.899, 1362.413, 1187.329, 1029.41, 1159.371, 9.845504, 1754.582, 2045.162
282.4, 1804.103, 3417.651, 77.90337, 329.9864, 57.96355, 735.5652, 59.6987, 1687.761, 1287.38, 1096.487, 959.6196, 1229.945, 9.409313, 1650.28, 1945.865
282.5, 1701.146, 3251.651, 74.00201, 312.8403, 54.8777, 693.588, 56.4439, 1590.564, 1192.936, 1012.595, 894.561, 1168.491, 8.992447, 1552.179, 1851.389
282.6, 1604.065, 3093.713, 70.29603, 415.5029, 51.95613, 654.0063, 53.36656, 2272.63, 1171.944, 1076.614, 833.9131, 1271.308, 8.594049, 1459.909, 2023.851
282.7, 1648.605, 3166.29, 66.77564, 393.9135, 49.1901, 616.6835, 50.45699, 2141.75, 1085.968, 1197.935, 777.3769, 1338.035, 8.213303, 1373.124, 1925.589
282.8, 1554.523, 3129.537, 63.43155, 373.4458, 46.57132, 581.4906, 47.70605, 2330.232, 1056.477, 1167.333, 862.1508, 1271.179, 7.849424, 1291.499, 2386.21
282.9, 1674.095, 2977.531, 60.25494, 354.0416, 44.09196, 548.3061, 45.10509, 2443.171, 1071.546, 1078.021, 803.7002, 1289.283, 7.501667, 1214.725, 2270.354
283, 1578.558, 2832.907, 57.2374, 335.6456, 41.7446, 517.0154, 42.64595, 2432.339, 1031.785, 995.5422, 749.2123, 1475.902, 7.169317, 1142.515, 2160.124
283.1, 1517.904, 3030.324, 54.37098, 318.2055, 67.28423, 558.0068, 40.32087, 2292.261, 956.0915, 959.0425, 698.4185, 1624.326, 6.851691, 1300.688, 2091.365
283.2, 1540.934, 2939.471, 51.64811, 301.6716, 63.70216, 526.1625, 38.12256, 2160.25, 885.9513, 1380.04, 687.8946, 1761.128, 6.548137, 1355.727, 2072.628
283.3, 1581.409, 2968.417, 49.0616, 285.9968, 60.3108, 496.1355, 36.0441, 2035.842, 923.2233, 1516.027, 750.82, 1712.317, 6.258031, 1275.135, 2144.752
283.4, 1491.161, 2903.642, 46.60463, 271.1364, 99.06338, 467.8221, 34.07896, 2164.055, 855.4943, 1400.037, 699.9172, 1626.76, 5.980778, 1199.335, 2189.102
283.5, 1406.064, 2928.147, 44.27069, 257.0482, 93.78946, 441.1244, 32.22096, 2039.428, 792.7341, 1396.617, 652.4654, 1600.643, 5.715808, 1128.04, 2082.816
283.6, 1325.823, 2888.193, 42.05364, 341.7856, 88.79631, 415.9503, 30.46426, 2069.177, 734.578, 1326.21, 608.2307, 1817.239, 5.462578, 1060.983, 2252.649
283.7, 1250.161, 2747.909, 39.94762, 324.0265, 84.06898, 392.2129, 28.80334, 2601.483, 736.076, 1484.777, 566.9949, 2128.786, 5.220566, 997.9127, 2143.278
283.8, 1287.558, 2921.816, 37.94706, 307.1901, 79.59333, 369.83, 27.23297, 2451.664, 682.0765, 1390.815, 528.5547, 3152.353, 4.989277, 1179.764, 2039.218
283.9, 1214.08, 3444.951, 36.04669, 291.2286, 88.86826, 348.7246, 25.74821, 2310.474, 632.0384, 1284.404, 492.7207, 3695.54, 4.768234, 1163.594, 1940.209
284, 1207.987, 3508.01, 34.24149, 276.0964, 84.13711, 405.5805, 24.34441, 2268.691, 585.6711, 1326.964, 511.1788, 3783.624, 4.556984, 1392.261, 1910.594
284.1, 1164.274, 3577.063, 32.5267, 261.7504, 79.65783, 459.2456, 23.01714, 2252.609, 629.8575, 1225.439, 549.49, 3694.997, 4.355094, 1309.497, 1937.564
284.2, 1097.831, 3507.253, 30.89778, 248.1499, 75.41702, 433.0374, 21.76224, 2344.723, 583.6503, 1191.872, 586.3318, 3627.592, 4.162148, 1274.741, 1959.67
284.3, 1062.828, 3379.213, 29.35044, 235.2561, 71.40198, 418.2332, 20.57575, 2209.691, 540.8329, 1100.682, 546.5807, 3625.821, 3.97775, 1286.471, 2109.466
284.4, 1002.174, 3369.5, 27.88058, 223.0322, 67.60069, 413.6118, 19.45395, 2082.436, 501.1567, 1016.47, 524.5369, 3642.787, 3.801522, 1397.419, 2151.29
284.5, 944.982, 3411.101, 26.48434, 240.9127, 89.53705, 390.0078, 18.39331, 2024.8, 464.3911, 1010.585, 547.135, 3490.606, 3.633101, 1314.349, 2046.84
284.6, 1066.071, 3282.468, 25.15802, 228.3949, 84.77029, 367.7509, 17.3905, 2035.276, 430.3227, 955.6046, 628.2548, 3434.783, 3.472142, 1353.773, 1947.462
284.7, 1005.232, 3247.582, 23.89812, 216.5276, 80.2573, 346.764, 16.44237, 1949.125, 398.7537, 1035.122, 613.0758, 3481.777, 3.318314, 1384.7, 2037.588
284.8, 972.4819, 3255.918, 22.70131, 278.6463, 75.98457, 337.8233, 15.54592, 2009.101, 369.5005, 955.9257, 571.5115, 3457.876, 3.171301, 1368.894, 1938.659
284.9, 1054.151, 3097.773, 21.56444, 264.1678, 71.93932, 455.0226, 14.69835, 2152.178, 342.3935, 921.4154, 607.036, 3285.102, 3.030801, 1287.519, 1844.533
285, 993.993, 3017.521, 20.48451, 250.4417, 68.10942, 488.9014, 13.89699, 2054.008, 317.275, 850.9185, 601.035, 3352.032, 2.896526, 1210.982, 2044.349
285.1, 937.2678, 2986.417, 19.45865, 237.4288, 64.48342, 461.0008, 13.13932, 1965.456, 293.9993, 785.8152, 560.2871, 3367.014, 2.768199, 1138.995, 1979.096
285.2, 953.2008, 2850.016, 18.48417, 225.092, 61.05046, 434.6924, 12.42296, 2084.684, 272.4311, 725.6929, 581.9855, 3244.296, 2.645558, 1071.287, 2039.634
285.3, 899.9865, 2914.14, 17.5585, 213.3963, 57.80027, 409.8854, 11.74565, 2029.528, 252.4451, 670.1706, 570.2234, 3127.589, 2.528351, 1150.292, 2116.045
285.4, 848.6261, 2821.896, 16.67918, 202.3082, 54.7231, 415.784, 11.10528, 1912.648, 233.9254, 618.8962, 531.5643, 3104.108, 2.416336, 1180.759, 2013.307
285.5, 829.6207, 3014.338, 15.84389, 191.7963, 51.80976, 392.056, 10.49981, 1855.42, 216.7643, 571.5449, 495.5262, 3090.466, 2.309283, 1110.568, 1915.557
285.6, 782.2759, 2895.921, 15.05044, 181.8306, 49.05152, 439.4442, 9.927358, 2071.489, 200.8622, 527.8163, 574.5972, 3120.119, 2.206974, 1044.55, 1952.485
285.7, 737.633, 3009.58, 14.29672, 172.3827, 46.44012, 442.1096, 9.386114, 1952.193, 186.1266, 487.4334, 535.6416, 3041.872, 2.109197, 982.4568, 1904.826
285.8, 717.0626, 3007.225, 13.58075, 163.4257, 43.96775, 416.8792, 8.874379, 1839.766, 172.4721, 478.9753, 499.3271, 2916.756, 2.015753, 1058.224, 1830.108
285.9, 911.5437, 3220.207, 12.90063, 154.9341, 41.627, 467.8646, 8.390544, 1733.815, 836.9462, 442.3292, 560.2874, 2795.776, 1.926448, 1291.785, 1906.951
286, 859.5237, 3063.797, 12.25457, 146.8838, 39.41087, 441.1645, 7.933088, 1791.496, 1049.214, 429.5598, 538.6753, 2794.405, 1.841099, 1214.994, 1887.621
286.1, 810.4725, 2968.388, 11.64087, 139.2517, 37.31272, 523.5878, 7.500573, 1736.345, 972.2418, 396.6945, 502.1551, 2698.849, 1.759532, 1204.398, 1795.973
286.2, 936.348, 2960.361, 11.0579, 132.0162, 35.32627, 521.4702, 7.091638, 1715.012, 1122.556, 376.4824, 490.1104, 2639.816, 1.681579, 1356.179, 1799.82
286.3, 882.9125, 2816.572, 10.50413, 125.1567, 33.44558, 491.711, 6.704999, 1690.566, 2171.987, 817.188, 658.3954, 2614.791, 1.607079, 1886.937, 1712.435
286.4, 832.5264, 2767.699, 9.978088, 118.6535, 31.665, 463.65, 6.339439, 1696.972, 2627.006, 754.6655, 613.7587, 2513.991, 1.535879, 2221.188, 1629.293
286.5, 785.0158, 2784.162, 19.3984, 112.4883, 29.97923, 437.1905, 5.993811, 1752.296, 2708.063, 696.9265, 572.1481, 2492.746, 1.467834, 2089.149, 1752.989
286.6, 740.2166, 2734.32, 38.39277, 106.6434, 28.3832, 412.2409, 5.667026, 1753.134, 2509.396, 643.605, 533.3586, 2425.97, 1.402804, 2133.04, 1667.877
286.7, 697.9739, 2601.51, 36.47008, 101.1023, 26.87214, 388.7151, 5.358057, 1811.613, 2474.918, 630.7913, 497.1989, 2411.964, 1.340655, 2098.871, 1687.481
286.8, 658.1419, 2808.428, 34.64368, 95.84901, 25.44152, 366.5319, 5.065933, 1707.282, 2770.775, 582.5298, 518.8956, 2561.83, 1.281259, 2016.321, 1977.013
286.9, 620.5831, 2787.83, 32.90874, 90.86871, 24.08707, 345.6147, 4.789736, 1733.108, 3030.468, 595.2645, 631.7222, 2449.115, 1.224495, 1896.46, 1881.025
287, 585.1677, 2652.421, 31.26069, 86.14718, 22.80473, 325.8911, 4.528598, 1722.551, 2948.236, 549.7212, 588.8937, 2423.705, 1.170246, 1878.815, 1901.472
287.1, 698.6097, 2559.385, 29.69517, 81.67098, 21.59065, 623.8842, 4.281697, 1623.349, 2882.894, 542.7194, 548.9689, 2495.463, 1.1184, 1953.409, 1809.152
287.2, 683.506, 2499.04, 28.20805, 77.42737, 20.44121, 605.4683, 4.048257, 1529.861, 2671.4, 501.1963, 671.0519, 2370.776, 1.06885, 1874.276, 1814.735
287.3, 644.4997, 2405.088, 26.79541, 73.40425, 19.35296, 664.4238, 3.827544, 1545.458, 2626.079, 462.8501, 625.5571, 2390.201, 1.021497, 1762.859, 1875.428
287.4, 607.7194, 2470.568, 25.45351, 69.59017, 18.32265, 626.5064, 3.618865, 1521.529, 2536.278, 427.4377, 583.1467, 2331.958, 0.9762406, 1692.299, 1939.883
287.5, 573.0381, 2417.085, 24.17881, 65.97427, 17.3472, 590.7529, 3.421563, 1433.904, 2391.746, 394.7347, 543.6115, 2295.981, 0.9329897, 1591.7, 1845.698
287.6, 579.0453, 2299.683, 22.96795, 133.4166, 16.42367, 572.7812, 3.235018, 1467.611, 2381.396, 364.5338, 506.7567, 2181.261, 0.891655, 1523.344, 1866.005
287.7, 635.9426, 2199.273, 21.81773, 126.4843, 15.54931, 540.0937, 3.058643, 1561.583, 2283.309, 336.6435, 472.4004, 2311.036, 0.8521515, 1473.607, 1960.405
287.8, 599.6506, 2257.509, 20.72511, 191.6885, 14.7215, 509.2716, 2.891885, 1471.652, 2130.697, 310.8871, 440.3734, 2217.733, 0.8143982, 1450.801, 1893.922
287.9, 565.4297, 2147.858, 92.20438, 181.7284, 13.93776, 480.2085, 2.734218, 1386.9, 1974.386, 287.1013, 410.5177, 2256.846, 0.7783175, 1461.773, 1916.424
288, 545.3724, 2080.503, 87.58684, 172.2858, 13.19574, 509.2792, 2.585147, 1307.029, 1955.37, 265.1353, 382.6862, 2144.082, 0.7438352, 1374.878, 1823.378
288.1, 514.2491, 1979.45, 83.20054, 163.3339, 12.49323, 480.2156, 2.444204, 1231.757, 1811.922, 244.85, 356.7415, 2036.951, 0.7108807, 1293.148, 1734.849
288.2, 543.6318, 1967.095, 79.0339, 154.8471, 11.82811, 452.8107, 2.310945, 1160.821, 1802.083, 226.1167, 332.5557, 2112.449, 0.6793861, 1596.572, 1703.599
288.3, 512.6078, 1995.787, 75.07592, 146.8012, 11.19841, 512.1492, 2.184951, 1093.969, 1730.373, 208.8166, 310.0096, 2006.9, 0.6492869, 1501.664, 1641.486
288.4, 483.3543, 1904.515, 71.31615, 139.1735, 10.60223, 482.9219, 2.065827, 1180.208, 1634.019, 192.8402, 288.9921, 2023.643, 0.6205212, 1412.397, 1788.552
288.5, 455.7703, 1812.01, 67.74468, 131.942, 10.03779, 455.3625, 1.953197, 1112.24, 1514.145, 178.0861, 269.3995, 2076.433, 0.59303, 1407.506, 1727.789
288.6, 429.7604, 1723.998, 64.35207, 125.0863, 9.503402, 429.3759, 1.846708, 1048.187, 1505.711, 164.4608, 251.1353, 1972.683, 40.38493, 1365.649, 1777.327
288.7, 405.2348, 1688.752, 61.12935, 118.5869, 8.997461, 404.8723, 1.746024, 1093.167, 1496.935, 151.878, 234.1092, 2049.116, 120.9912, 1439.319, 1826.277
288.8, 382.1089, 1629.359, 58.06802, 112.4251, 8.518456, 423.8172, 1.65083, 1030.212, 1387.118, 140.2579, 218.2375, 1999.125, 115.6309, 1353.758, 1737.608
288.9, 360.3027, 1801.21, 55.16001, 106.5835, 8.064951, 399.6308, 1.560826, 970.8823, 1449.101, 129.5269, 203.4418, 1899.238, 110.508, 1382.125, 1743.041
289, 417.5454, 1756.1, 52.39762, 101.0455, 7.63559, 376.8247, 1.475729, 1154.336, 1360.381, 119.6168, 189.6492, 2074.384, 105.6122, 1299.964, 1735.868
289.1, 498.6512, 1670.804, 49.77358, 95.79515, 232.6895, 355.3201, 1.395272, 1087.858, 1288.55, 110.465, 176.7917, 1970.736, 100.9332, 1331.626, 1716.451
289.2, 470.1942, 1589.651, 47.28094, 90.81765, 270.3689, 335.0427, 1.319201, 1025.209, 1194.02, 102.0134, 164.8059, 1872.268, 96.46146, 1517.491, 1633.114
289.3, 443.3612, 1590.708, 44.91314, 86.09878, 338.6363, 398.8376, 1.247278, 966.1671, 1106.425, 94.20843, 153.6326, 2011.716, 92.18788, 1427.284, 1822.769
289.4, 418.0594, 1513.445, 42.66391, 81.6251, 320.6081, 376.0768, 1.179276, 910.5258, 1171.564, 87.0006, 143.2169, 1911.2, 88.10363, 1368.29, 1845.285
289.5, 550.3919, 1593.885, 40.52733, 77.38387, 303.5396, 354.6148, 1.114981, 858.0888, 1085.616, 80.34423, 133.5073, 1815.706, 84.20033, 1353.511, 1755.692
289.6, 518.9821, 1516.468, 38.49774, 73.36301, 287.3798, 397.7328, 1.054192, 1050.117, 1005.974, 74.19714, 124.456, 1724.983, 80.46996, 1321.938, 1742.748
289.7, 632.0179, 1782.516, 36.56979, 69.55108, 288.026, 375.035, 0.996717, 989.6414, 1149.089, 68.52036, 116.0184, 1715.828, 76.90485, 1416.986, 1658.134
289.8, 595.9499, 1766.381, 34.7384, 65.93721, 272.6921, 353.6325, 311.8145, 932.6482, 1064.79, 63.27791, 108.1527, 1630.096, 73.4977, 1332.753, 1737.364
289.9, 561.9402, 1764.207, 32.99872, 62.51112, 258.1745, 333.4514, 294.8142, 878.9372, 986.6754, 58.43655, 100.8204, 1737.317, 70.24149, 1253.527, 1653.011
290, 529.8715, 1678.517, 31.34616, 59.26305, 244.4299, 314.422, 425.942, 828.3194, 914.2915, 53.96561, 93.98515, 1667.464, 67.12954, 1179.011, 1572.754
290.1, 499.6328, 1596.989, 29.77636, 56.18375, 231.4169, 296.4786, 652.0535, 780.6167, 847.2178, 49.83673, 87.6133, 1602.29, 64.15546, 1108.924, 1568.407
290.2, 471.1197, 1644.012, 28.28518, 53.26445, 219.0968, 279.5592, 616.5033, 735.6612, 785.0647, 46.02375, 81.67345, 1573.366, 61.31315, 1043.004, 1536.24
290.3, 444.2339, 1564.16, 26.86867, 50.49684, 207.4326, 263.6053, 582.8913, 792.1733, 727.4713, 42.5025, 76.13629, 1549.609, 58.59676, 1153.276, 1485.945
290.4, 418.8823, 1488.186, 25.5231, 47.87303, 196.3893, 248.5619, 551.1118, 845.3885, 674.103, 39.25066, 70.97453, 1495.992, 56.00072, 1148.585, 1474.387
290.5, 492.6553, 1415.903, 24.24492, 45.38555, 185.934, 234.3769, 521.0649, 1032.027, 624.6498, 654.1421, 66.16272, 1700.162, 53.51969, 1606.973, 1790.18
290.6, 464.5405, 1347.13, 23.03075, 43.02732, 176.0352, 221.0015, 492.6562, 972.5924, 578.8246, 856.4543, 61.67713, 1650.76, 51.14857, 2098.118, 1760.373
290.7, 477.539, 1392.176, 21.87738, 40.79163, 166.6635, 208.3894, 465.7964, 1072.818, 536.3613, 1063.671, 57.49565, 1568.279, 48.88251, 1973.395, 1674.903
290.8, 450.2868, 1324.556, 20.78177, 38.6721, 157.7907, 196.497, 440.401, 1011.035, 497.0131, 982.2902, 53.59766, 1489.919, 46.71684, 1856.086, 1593.583
290.9, 424.5898, 1350.05, 19.74103, 36.6627, 149.3903, 185.2834, 416.3901, 952.8095, 460.5515, 914.3706, 49.96394, 1553.605, 44.64712, 1948.16, 1671.021
291, 400.3593, 1284.476, 18.75241, 34.75771, 141.437, 174.7096, 393.6884, 1058.749, 426.7648, 865.1637, 46.57656, 1552.989, 42.6691, 1832.351, 1750.506
291.1, 412.322, 1222.087, 17.8133, 32.95171, 133.9072, 164.7393, 372.2243, 997.7761, 395.4567, 798.9705, 43.41885, 1475.393, 40.77871, 1908.061, 1665.516
291.2, 411.3017, 1401.826, 16.92122, 31.23954, 126.7783, 155.338, 351.9305, 940.3145, 366.4455, 905.9536, 40.47521, 1401.674, 38.97206, 1923.313, 1747.91
291.3, 387.8296, 1333.738, 16.07381, 29.61634, 120.0289, 146.4731, 332.7431, 886.162, 339.5625, 836.6396, 37.73114, 1331.639, 37.24546, 1855.364, 1663.045
291.4, 365.6969, 1273.319, 15.26885, 28.07748, 113.6388, 138.1142, 314.6018, 835.1281, 314.6517, 772.6288, 35.17311, 1265.103, 65.1492, 1745.072, 1708.913
291.5, 344.8273, 1211.472, 14.50419, 26.61857, 107.5889, 130.2323, 297.4496, 901.9324, 291.5685, 725.7322, 32.7885, 1334.309, 62.26286, 1641.335, 1758.226
291.6, 325.1487, 1188.099, 13.77783, 25.23548, 101.8611, 122.8002, 281.2325, 849.9903, 270.1786, 748.1534, 30.56556, 1284.13, 100.001, 1595.548, 1672.86
291.7, 306.5931, 1130.391, 13.08784, 23.92424, 96.43826, 115.7922, 265.8996, 1313.948, 250.3579, 690.9126, 28.49333, 1381.115, 95.57061, 1758.823, 1591.639
291.8, 289.0965, 1075.486, 12.43241, 22.68114, 119.1282, 109.1842, 251.4026, 2128.308, 231.9913, 692.1879, 26.56159, 1385.624, 91.33649, 1917.193, 1548.132
291.9, 272.5983, 1023.248, 11.8098, 21.50263, 200.8167, 102.9533, 237.696, 2174.546, 214.9721, 666.6197, 24.76081, 1461.538, 97.14289, 1803.225, 1580.941
292, 257.0417, 1058.68, 11.21837, 20.38536, 591.7855, 97.07795, 224.7367, 2049.315, 199.2014, 615.617, 23.08212, 1388.512, 92.83912, 1845.487, 1602.67
292.1, 294.6016, 1069.601, 10.65656, 19.32614, 1306.869, 91.5379, 212.484, 2038.841, 184.5877, 568.5165, 21.51724, 1319.134, 88.72602, 1735.782, 1524.857
292.2, 277.7893, 1017.649, 10.12289, 18.32196, 1366.316, 86.31402, 200.8993, 2049.768, 171.0461, 557.7557, 20.05845, 1398.165, 84.79514, 1632.598, 1450.822
292.3, 261.9364, 968.22, 9.615939, 17.36995, 1347.99, 81.38825, 189.9462, 1977.015, 158.4979, 515.0821, 18.69856, 1426.51, 81.03842, 1535.547, 1419.852
292.4, 246.9883, 921.1921, 9.134378, 16.46741, 1276.226, 76.74359, 447.293, 1863.159, 146.8703, 475.6735, 17.43087, 1355.234, 77.44814, 1444.266, 1432.922
292.5, 232.8931, 907.4949, 8.676933, 15.61176, 1208.282, 72.36399, 1182.368, 1936.705, 136.0957, 439.28, 16.24912, 1287.519, 209.3595, 1358.411, 1452.302
292.6, 219.6024, 877.369, 8.242397, 14.80058, 1143.956, 68.23432, 1510.288, 1825.17, 126.1115, 405.6709, 15.14749, 1223.187, 205.066, 1277.66, 1381.789
292.7, 207.0701, 834.7538, 7.829622, 14.03154, 1083.054, 64.34032, 1427.946, 1720.059, 116.8598, 374.6333, 14.12055, 1162.07, 195.9809, 1201.709, 1314.7
292.8, 232.2414, 910.9648, 7.437519, 13.30247, 1090.506, 60.66855, 1443.935, 1621.001, 108.2868, 345.9703, 13.16323, 1104.006, 187.2982, 1130.273, 1367.215
292.9, 218.9878, 866.7178, 7.065052, 12.61127, 1032.45, 57.20632, 1365.211, 1727.147, 100.3428, 319.5003, 12.27081, 1048.844, 247.5427, 1063.084, 1396.2
293, 206.4906, 824.6201, 6.711238, 11.95599, 992.4094, 136.6974, 1290.78, 1627.681, 92.98147, 295.0555, 11.43889, 1136.248, 271.3609, 1210.868, 1328.412
293.1, 223.5127, 784.567, 6.375143, 11.33476, 971.0863, 464.2169, 1425.473, 1590.831, 86.16022, 272.481, 10.66338, 1153.007, 366.9471, 1138.887, 1263.915
293.2, 270.6288, 746.4594, 6.055879, 10.74581, 1063.146, 437.725, 1347.755, 1537.959, 79.83939, 251.6336, 9.940441, 1095.397, 350.6901, 1071.186, 1202.549
293.3, 255.1845, 862.1874, 5.752604, 10.18746, 1041.873, 412.7449, 1321.865, 1449.388, 73.98225, 232.3813, 9.266516, 1092.122, 335.1533, 1007.509, 1144.163
293.4, 240.6217, 820.3096, 5.464516, 9.658117, 986.4056, 389.1904, 1322.162, 1426.26, 68.55481, 214.6019, 8.63828, 1047.985, 320.3048, 1054.219, 1210.136
293.5, 226.8899, 780.4659, 5.190856, 82.94694, 937.4662, 366.9801, 1250.077, 1514.582, 63.52553, 198.1829, 8.052636, 1175.894, 306.1142, 991.5504, 1245.842
293.6, 213.9417, 742.5575, 4.930901, 78.63702, 970.6631, 346.0373, 1181.922, 1427.357, 58.86521, 183.02, 7.506697, 1117.14, 388.835, 1001.74, 1347.671
293.7, 201.7325, 706.4904, 4.683964, 74.55106, 970.3364, 326.2896, 1117.483, 1345.156, 54.54678, 169.0173, 6.997771, 1061.321, 371.6082, 942.1909, 1282.238
293.8, 214.7844, 719.8422, 4.449393, 70.67739, 918.6778, 307.6689, 1148.271, 1267.689, 50.54515, 156.0858, 6.523348, 1008.292, 366.5216, 992.5377, 1254.457
293.9, 202.5271, 684.8784, 4.22657, 67.005, 869.7693, 290.1109, 1085.666, 1370.964, 46.83709, 144.1438, 6.081089, 957.9119, 350.2834, 933.536, 1193.551
294, 221.9182, 755.5654, 4.014906, 63.52343, 866.5621, 273.5548, 1059.895, 1337.187, 43.40105, 133.1154, 5.668814, 910.0494, 334.7646, 878.0417, 1256.177
294.1, 221.7141, 718.8664, 3.813842, 60.22276, 927.0847, 257.9436, 1002.109, 1260.178, 40.21709, 122.9309, 5.284489, 864.5783, 319.9334, 825.8462, 1195.187
294.2, 209.0613, 683.95, 3.622846, 57.0936, 877.7286, 243.2233, 1006.617, 1187.605, 37.26671, 113.5255, 4.92622, 821.3792, 305.7592, 864.4235, 1198.908
294.3, 201.5548, 650.7294, 3.441416, 54.12702, 831.0002, 229.343, 951.7354, 1166.797, 34.53277, 104.8397, 4.592241, 901.6765, 292.213, 1062.054, 1140.699
294.4, 190.0525, 660.7951, 3.269072, 51.31459, 786.7596, 216.2549, 946.5176, 1215.205, 31.9994, 96.8185, 4.280904, 856.6238, 279.2669, 998.9196, 1194.732
294.5, 179.2065, 681.4043, 3.105359, 48.64829, 866.102, 203.9136, 1001.043, 1347.475, 29.65188, 89.41098, 3.990674, 866.2579, 266.8944, 939.5385, 1136.725
294.6, 296.0218, 648.3074, 2.949844, 102.8883, 824.3494, 192.2767, 946.4656, 1269.874, 27.47658, 82.5702, 3.720122, 822.9749, 255.07, 883.6873, 1081.535
294.7, 279.1284, 623.7042, 2.802117, 97.5422, 815.7083, 181.3038, 894.8639, 1196.743, 25.46086, 76.2528, 3.467911, 781.8545, 243.7695, 831.1562, 1157.543
294.8, 263.1991, 753.0097, 2.661789, 92.47392, 804.4442, 170.9572, 846.0755, 1127.822, 23.59301, 70.41874, 3.2328, 742.7888, 232.9697, 781.7479, 1101.342
294.9, 248.1789, 716.4349, 2.528488, 87.66898, 788.9907, 161.201, 799.9471, 1062.871, 21.8622, 65.03104, 3.013628, 705.6749, 380.2827, 829.7402, 1047.87
295, 234.0158, 681.6365, 2.401862, 83.11372, 746.9865, 152.0016, 756.3336, 1001.661, 20.25835, 60.05556, 2.809315, 814.3658, 363.4348, 809.9295, 1161.341
295.1, 220.661, 648.5284, 2.281578, 88.86206, 707.2186, 143.3272, 832.0909, 943.9754, 18.77217, 55.46074, 2.618854, 927.7102, 419.0061, 874.3199, 1155.355
295.2, 208.0683, 617.0284, 2.167318, 104.3156, 757.2306, 135.1478, 876.8314, 889.6121, 17.39502, 51.21747, 2.441305, 881.3567, 400.4427, 822.3457, 1099.26
295.3, 196.1943, 587.0583, 2.05878, 126.6414, 785.9858, 127.4352, 829.0261, 838.3795, 16.1189, 47.29885, 2.275794, 837.3193, 506.9251, 773.4611, 1137.566
295.4, 184.9979, 621.5257, 1.955677, 120.0611, 829.1796, 120.1627, 783.8273, 790.0974, 14.93639, 43.68005, 2.121504, 795.4822, 484.4666, 727.4825, 1142.199
295.5, 174.4404, 591.3372, 1.857738, 113.8228, 785.0358, 113.3053, 780.0375, 744.5959, 13.84064, 40.33811, 1.977674, 755.7355, 514.4576, 684.2371, 1086.743
295.6, 164.4854, 562.6151, 1.764704, 107.9085, 958.6437, 106.8391, 737.5095, 701.7148, 12.82527, 37.25187, 1.843595, 717.9749, 491.6653, 643.5624, 1099.943
295.7, 155.0986, 535.288, 1.676328, 102.3016, 1019.926, 100.7421, 1481.611, 661.3032, 11.88439, 34.40175, 1.718606, 682.1009, 469.8828, 605.3056, 1089.642
295.8, 146.2474, 520.0321, 1.592379, 96.98605, 1661.208, 94.9929, 1734.545, 623.2189, 11.01253, 31.76969, 1.602091, 648.0193, 449.0654, 569.323, 1036.737
295.9, 137.9014, 494.7733, 1.512633, 91.94666, 1911.12, 89.57185, 1639.977, 587.3278, 10.20464, 29.33901, 1.493475, 615.6407, 429.1702, 535.4794, 986.4014
296, 130.0316, 476.6481, 1.436881, 87.16913, 2015.366, 84.46017, 1550.565, 553.5037, 9.456012, 27.0943, 1.392223, 584.8799, 410.1564, 645.3171, 938.5096
296.1, 122.611, 453.4966, 1.364923, 82.63983, 1938.796, 79.6402, 1532.338, 521.6276, 8.762305, 25.02133, 1.297835, 555.6561, 413.1078, 710.6506, 974.8569
296.2, 115.6138, 431.4695, 1.296568, 78.34588, 1835.579, 75.09529, 1491.277, 491.5872, 596.1108, 23.10696, 1.209847, 527.8925, 394.8056, 824.6494, 1089.89
296.3, 109.016, 472.9467, 1.231637, 74.27504, 1782.032, 70.80975, 1409.972, 463.2768, 1330.653, 21.33906, 1.127824, 501.5161, 377.3144, 775.6279, 1036.973
296.4, 102.7947, 503.3906, 1.169957, 113.2849, 1831.046, 66.76878, 1333.1, 436.5968, 1434.642, 19.70642, 1.051361, 476.4576, 360.598, 797.3575, 986.626
296.5, 96.92837, 478.9402, 1.111366, 107.3987, 1770.242, 62.95842, 1336.327, 1339.264, 1410.116, 18.1987, 0.980083, 452.6512, 397.2247, 749.9584, 938.7233
296.6, 91.39686, 455.6773, 1.05571, 207.3721, 1782.867, 59.36551, 1263.469, 1262.136, 1374.277, 16.80632, 0.913637, 430.0342, 483.948, 923.304, 1008.246
296.7, 86.18102, 483.1409, 1.00284, 251.5685, 1770.361, 55.97764, 1371.691, 1189.45, 1302.881, 15.52048, 0.8516958, 408.5473, 462.5074, 868.4179, 959.2935
296.8, 81.26285, 459.674, 0.9526187, 238.497, 1726.521, 52.78311, 1296.906, 1388.971, 1207.3, 14.33302, 388.7855, 388.1341, 523.9187, 816.7946, 912.7178
296.9, 76.62534, 437.3469, 0.9049121, 226.1048, 1725.856, 49.77089, 1226.198, 1308.98, 1224.257, 13.23641, 424.2043, 368.7408, 500.7072, 768.2399, 907.7424
297, 95.98006, 416.1043, 0.8595945, 214.3564, 1673.96, 46.93056, 1296.155, 1233.596, 1134.444, 12.2237, 745.9731, 350.3164, 478.5241, 722.5717, 863.6696
297.1, 90.50268, 395.8935, 0.8165465, 203.2185, 1665.559, 44.25233, 1225.488, 1162.554, 1051.219, 11.28847, 987.7964, 332.8127, 457.3238, 679.6182, 908.9247
297.2, 85.33788, 376.6643, 0.7756543, 192.6593, 1576.888, 41.72694, 1158.674, 1095.603, 1002.563, 10.4248, 920.8275, 316.1836, 571.7574, 639.218, 864.7945
297.3, 80.46781, 400.0481, 0.73681, 206.3824, 1731.129, 39.34566, 1131.922, 1032.507, 1229.652, 9.627201, 943.7937, 300.3853, 546.4265, 601.2195, 822.8069
297.4, 75.87568, 380.6171, 0.6999109, 195.6588, 1677.872, 37.10029, 1070.209, 973.0452, 2040.465, 8.89063, 919.0885, 285.3764, 533.0912, 565.4798, 929.9918
297.5, 71.54561, 589.589, 0.6648598, 234.3402, 1652.027, 34.98305, 1102.606, 917.0078, 2358.86, 8.210413, 856.7777, 271.1174, 509.4734, 531.8647, 884.8387
297.6, 67.46265, 645.8949, 0.631564, 222.1639, 1564.077, 32.98664, 1042.492, 864.1975, 2274.56, 7.582239, 852.9454, 257.5709, 735.2504, 500.2478, 841.878
297.7, 63.61269, 663.3015, 0.5999356, 210.6203, 1523.318, 31.10416, 985.6545, 814.4286, 2260.824, 7.002127, 795.1189, 244.7012, 794.3636, 470.5104, 801.0031
297.8, 59.98244, 631.0839, 0.5698912, 199.6765, 1452.897, 29.32911, 931.9162, 767.5258, 2094.967, 6.466398, 741.2128, 232.4746, 835.7293, 442.5408, 762.1127
297.9, 56.55936, 600.4312, 0.5413513, 189.3014, 1437.838, 27.65535, 982.8903, 723.3242, 2008.269, 5.971658, 690.9613, 220.8589, 798.7036, 416.2338, 725.1105
298, 53.33163, 571.2673, 0.5142407, 179.4653, 1410.346, 26.07712, 1029.903, 681.6681, 2041.998, 327.7858, 644.1167, 209.8236, 763.3182, 391.4906, 774.6801
298.1, 50.28811, 543.52, 0.4884878, 170.1403, 1438.915, 24.58895, 973.7526, 642.411, 1914.151, 958.7122, 767.0991, 199.3396, 729.5005, 368.2184, 909.8528
298.2, 47.41826, 558.9305, 0.4640246, 161.2998, 1362.311, 23.18571, 949.7557, 605.4147, 1961.178, 1102.515, 969.8236, 189.3795, 697.181, 346.3295, 865.6776
298.3, 44.7122, 531.7824, 0.4407865, 152.9187, 1289.784, 123.4042, 1177.504, 570.549, 1817.303, 1051.879, 939.0424, 179.9171, 666.2935, 325.7418, 823.6471
298.4, 42.16056, 505.9529, 0.4187122, 144.9731, 1307.837, 116.3617, 1113.306, 537.6912, 1707.735, 971.4005, 1099.014, 170.9274, 636.7743, 306.378, 783.6573
298.5, 39.75454, 481.378, 0.3977433, 197.5116, 1238.21, 173.2626, 1052.608, 506.7257, 1670.005, 897.0792, 1024.505, 162.3869, 608.5629, 288.1653, 745.6091
298.6, 37.48583, 457.9967, 0.3778245, 187.2489, 1233.891, 163.3749, 995.2197, 692.1343, 2248.632, 1250.635, 955.0469, 154.2732, 581.6014, 271.0352, 861.337
298.7, 35.34659, 435.7511, 0.3589033, 177.5195, 1168.202, 154.0514, 940.9599, 652.2745, 3012.71, 1643.268, 890.2983, 435.8774, 555.8344, 495.923, 967.6526
298.8, 33.32943, 448.0578, 0.3409296, 168.2956, 1121.473, 145.26, 889.6584, 614.7101, 3397.829, 1642.92, 953.2205, 1039.897, 531.209, 466.4427, 1248.984
298.9, 31.42739, 426.295, 0.323856, 159.5509, 1138.892, 136.9703, 841.1538, 579.3091, 3444.439, 1682.877, 888.5957, 1637.341, 507.6746, 586.3701, 1376.339
299, 29.63389, 405.5891, 0.3076375, 151.2607, 1107.879, 238.4269, 795.2938, 649.0036, 3755.97, 1590.649, 862.5745, 1690.281, 485.1828, 724.0793, 1597.321
299.1, 124.0941, 385.8891, 0.2922312, 143.4012, 1048.898, 224.8203, 751.934, 715.3539, 3520.51, 1672.313, 993.1753, 1703.262, 463.6875, 848.8362, 1898.05
299.2, 240.4956, 576.0336, 0.2775964, 135.9501, 993.0565, 211.9903, 710.9382, 674.1569, 3871.683, 1826.325, 1293.444, 1841.712, 443.1445, 1385.218, 2276.115
299.3, 226.771, 584.2298, 0.2636945, 128.8862, 1007.66, 199.8924, 672.1776, 1013.981, 3698.971, 1838.786, 1205.754, 1986.265, 423.5116, 1720.135, 2351.873
299.4, 213.8296, 555.8528, 0.2504888, 122.1892, 997.6487, 188.485, 635.5302, 1081.878, 3667.38, 1698.102, 1399.002, 1887.02, 404.7485, 2390.684, 2455.531
299.5, 378.0141, 627.959, 0.2379445, 115.8403, 1059.984, 177.7285, 600.8808, 1019.573, 3656.611, 1578.175, 1565.196, 1832.857, 386.8167, 2648.025, 2609.229
299.6, 389.8471, 597.4581, 0.2260283, 109.8213, 1033.286, 167.5859, 568.1205, 1197.837, 3474.647, 1623.098, 1476.86, 1882.015, 369.6794, 3022.351, 2948.235
299.7, 367.5993, 568.4387, 0.214709, 104.115, 1013.539, 158.0221, 537.1464, 1359.342, 3605.54, 1565.099, 1493.713, 1894.376, 353.3013, 2876.574, 3082.452
299.8, 346.6212, 583.8854, 0.2039564, 98.70516, 973.2708, 149.0041, 507.8609, 1879.45, 3341.032, 1509.652, 1465.721, 1799.722, 337.6488, 2948.738, 2932.792
299.9, 326.8402, 576.6249, 0.1937424, 93.57645, 921.4559, 140.5007, 480.1721, 1794.248, 3248.115, 1487.714, 1544.401, 1948.044, 322.6897, 2877.613, 3099.333
300, 397.8976, 548.6173, 0.1840399, 88.71423, 872.3996, 132.4826, 453.9929, 1800.065, 3077.84, 1373.944, 1439.697, 1960.784, 308.3934, 2912.707, 3384.815
300.1, 375.1904, 532.3812, 0.1748233, 84.10465, 831.6663, 124.9221, 429.241, 1914.051, 2995.936, 1268.825, 1386.407, 2073.231, 294.7305, 2773.674, 3367.101
300.2, 353.7791, 506.5226, 0.1660682, 79.73459, 883.2139, 117.7931, 405.8386, 1803.821, 2829.478, 1367.872, 1463.38, 2079.808, 281.6729, 2608.792, 3449.51
300.3, 333.5896, 481.92, 0.1577516, 75.59159, 836.1935, 111.0709, 383.7121, 1699.939, 2730.487, 1494.094, 1364.169, 2052.721, 269.1938, 2594.642, 3411.979
300.4, 338.3214, 527.567, 0.1498515, 71.66386, 884.442, 104.7323, 362.792, 1602.04, 2666.016, 1488.981, 1561.061, 2094.36, 257.2675, 2633.663, 3587.067
300.5, 343.0084, 755.941, 0.142347, 67.94022, 837.3562, 98.7554, 343.0124, 1509.779, 2626.344, 1424.316, 1455.227, 2100.054, 245.8697, 2613.741, 3551.861
300.6, 448.4098, 959.8562, 0.1352184, 64.41005, 916.3466, 93.11963, 324.3112, 1422.831, 2548.969, 1315.343, 1480.778, 2037.388, 234.9768, 2458.367, 3536.927
300.7, 422.8199, 915.905, 0.1284467, 61.06331, 887.9509, 87.80548, 306.6297, 1340.891, 2430.004, 1337.555, 1380.386, 1935.589, 224.5665, 2471.695, 3728.886
300.8, 398.9471, 1059.176, 0.1220141, 57.89047, 840.6783, 82.7946, 289.9121, 1263.669, 2289.171, 1236.284, 1286.801, 1838.876, 214.6174, 2453.321, 3579.606
300.9, 376.18, 1007.73, 0.1159037, 54.88249, 795.9224, 78.06968, 274.106, 1190.895, 2121.235, 1213.248, 1350.444, 1932.457, 205.1091, 2370.234, 3405.808
301, 354.7121, 958.7829, 0.1100993, 52.0308, 776.1455, 73.6144, 259.1616, 1122.311, 2239.357, 1120.423, 1258.889, 1835.901, 196.022, 2229.334, 3604.503
301.1, 334.4694, 912.2134, 0.1045856, 49.32729, 734.8252, 69.41338, 245.032, 1057.678, 2075.074, 1034.7, 1173.541, 1798.993, 187.3376, 2252.173, 3429.497
301.2, 315.3819, 867.9058, 0.09934804, 46.76425, 695.7047, 65.4521, 231.6727, 996.7662, 1993.331, 994.6233, 1093.979, 1709.106, 179.0378, 2118.292, 3363.04
301.3, 297.3837, 870.7787, 0.09437274, 44.33439, 743.8226, 61.71688, 219.0418, 939.3626, 1847.098, 918.5253, 1102.479, 1761.557, 209.8591, 2148.466, 3459.74
301.4, 280.4126, 828.4837, 0.08964661, 42.03078, 704.223, 58.19482, 207.0996, 885.265, 1833.127, 848.2495, 1027.735, 1728.134, 200.5616, 2020.75, 3319.872
301.5, 357.3284, 788.243, 0.08515716, 39.84687, 681.5816, 54.87376, 195.8084, 834.2828, 1698.646, 783.3504, 958.0585, 1704.723, 191.6761, 1900.626, 3290.158
301.6, 336.9364, 841.5853, 0.08089253, 37.77643, 733.1129, 51.74223, 185.1329, 1246.614, 1607.769, 723.4167, 893.1057, 1667.196, 183.1841, 1841.084, 3192.332
301.7, 317.7081, 800.7083, 0.07684148, 35.81357, 694.0835, 48.7894, 175.0394, 2033.314, 1510.053, 668.0685, 832.5564, 1583.894, 175.0684, 1996.41, 3335.974
301.8, 299.5772, 761.8167, 0.0729933, 33.9527, 657.132, 46.00509, 165.4961, 1916.216, 1624.391, 692.2629, 822.7645, 1601.894, 167.3123, 1896.409, 3225.099
301.9, 293.9262, 724.814, 0.06933784, 32.18852, 659.3452, 43.37967, 156.4732, 2013.158, 1505.224, 639.2983, 766.9841, 1521.854, 159.8997, 1862.915, 3237.609
302, 310.8505, 689.6087, 0.06586543, 30.51601, 624.2431, 40.90408, 147.9422, 1897.221, 1446.371, 590.3859, 821.1262, 1544.554, 214.195, 1923.656, 3138.373
302.1, 293.1109, 656.1133, 0.06256693, 28.9304, 591.0098, 38.56977, 139.8764, 1787.96, 1356.076, 598.796, 765.4568, 1467.38, 272.2728, 1809.304, 2985.998
302.2, 276.3836, 624.2449, 0.05943361, 27.42718, 615.6486, 36.36867, 132.2502, 1684.992, 1303.693, 552.9825, 713.5617, 1394.061, 260.2101, 1776.664, 3093.086
302.3, 271.0494, 593.9244, 0.05645721, 26.00207, 591.7839, 34.29318, 125.0399, 1587.954, 1235.989, 510.6741, 831.5325, 1394.629, 248.6819, 1671.049, 2990.161
302.4, 255.5812, 659.5284, 0.05362986, 24.651, 560.2786, 32.33614, 118.2227, 1496.504, 1187.641, 471.6027, 927.8345, 1324.946, 237.6644, 1746.775, 3167.387
302.5, 240.9957, 627.4941, 0.0509441, 23.37014, 530.4506, 30.49078, 111.7771, 1410.321, 1166.844, 573.4565, 864.9307, 1258.744, 227.1351, 1702.722, 3108.979
302.6, 227.2425, 597.0158, 0.04839285, 87.44885, 502.2105, 28.75073, 105.683, 1329.1, 1081.242, 529.5817, 876.9252, 1363.839, 217.0722, 1731.614, 2958.031
302.7, 214.2743, 714.3101, 0.04596936, 82.90502, 475.4739, 27.10999, 99.9211, 1252.558, 1061.249, 489.0638, 817.4729, 1375.546, 294.7411, 1628.678, 2850.542
302.8, 202.0461, 724.0488, 0.04366724, 106.3733, 450.1607, 25.56287, 94.47337, 1452.215, 983.3943, 451.6458, 762.0513, 1359.735, 281.683, 1560.381, 2970.997
302.9, 190.5157, 696.1381, 0.04148041, 100.8461, 503.5209, 24.10405, 89.32264, 1866.895, 911.2511, 448.9321, 710.387, 1767.8, 269.2035, 1572.648, 2826.749
303, 179.6434, 662.3256, 0.0394031, 95.60618, 547.3568, 22.72848, 84.45273, 1986.344, 844.4005, 414.5846, 662.2254, 1925.327, 257.2768, 1479.162, 2689.505
303.1, 169.3915, 630.1555, 0.03742981, 90.6385, 518.2167, 21.43141, 79.84833, 1930.798, 782.454, 470.1782, 617.329, 1829.127, 245.8785, 1391.232, 2639.625
303.2, 159.7246, 599.5479, 0.03555534, 118.2088, 490.628, 20.20836, 75.49496, 1819.604, 768.7527, 434.2051, 575.4764, 1925.061, 234.9852, 1308.53, 2589.085
303.3, 150.6095, 642.0126, 0.03377475, 112.0667, 464.508, 19.05511, 71.37894, 1714.814, 712.3559, 400.9843, 697.4531, 1828.875, 286.356, 1230.744, 2530.603
303.4, 142.0145, 610.829, 0.03208333, 106.2437, 473.1224, 17.96768, 67.48734, 1728.162, 681.7056, 370.3053, 650.1684, 1804.923, 284.2831, 1423.905, 2587.31
303.5, 133.91, 641.2856, 0.03047661, 100.7233, 447.9344, 16.9423, 63.8079, 1749.54, 631.6948, 341.9734, 606.0894, 1864.623, 286.5026, 1339.26, 2461.691
303.6, 126.268, 610.1374, 0.02895036, 150.2645, 424.0873, 15.97543, 60.32906, 1729.556, 585.3528, 315.8092, 564.9988, 1771.457, 294.394, 1259.648, 2633.898
303.7, 119.0622, 580.5021, 0.02750054, 142.4567, 401.5098, 15.06375, 57.0399, 1629.951, 610.2685, 291.6469, 526.694, 1781.419, 281.3513, 1184.767, 2506.017
303.8, 122.8261, 552.3062, 0.02612333, 154.2331, 380.1343, 14.20409, 53.93006, 1536.083, 607.5662, 269.3331, 647.8295, 1692.41, 308.1029, 1114.339, 2477.771
303.9, 115.8167, 525.4799, 0.02481509, 146.2192, 359.8968, 13.39349, 50.98977, 1517.215, 562.9943, 248.7266, 603.9091, 1607.848, 294.4528, 1182.14, 2400.693
304, 109.2073, 499.9565, 0.02357236, 181.4586, 359.0328, 12.62915, 48.20979, 1429.839, 521.6922, 229.6967, 601.6321, 1578.996, 281.4075, 1111.867, 2468.974
304.1, 122.098, 499.5889, 0.02239187, 172.03, 339.9186, 11.90843, 45.58137, 1347.495, 483.4201, 212.1227, 560.8437, 1604.648, 268.9402, 1045.772, 2384.379
304.2, 115.1301, 602.8826, 0.0212705, 163.0913, 354.6722, 11.22884, 43.09625, 1358.924, 447.9557, 195.8933, 522.8206, 1524.471, 257.0252, 983.6056, 2407.854
304.3, 108.5598, 573.5997, 0.02020528, 154.6171, 335.7902, 10.58803, 40.74663, 1280.664, 415.0931, 180.9057, 487.3753, 1553.744, 289.0368, 925.1348, 2333.253
304.4, 104.3621, 545.7391, 0.01919341, 146.5832, 380.0389, 9.983796, 38.5251, 1335.736, 384.6413, 167.0647, 454.333, 1506.176, 343.5149, 870.1399, 2219.969
304.5, 140.3307, 519.2317, 0.01823222, 160.6347, 359.8065, 9.414041, 36.4247, 1301.2, 397.7011, 154.2827, 629.2218, 1430.919, 328.2959, 818.4141, 2372.167
304.6, 147.6182, 494.0118, 0.01731916, 152.2882, 340.6512, 8.876801, 34.43881, 1226.265, 397.2926, 142.4786, 586.5629, 1435.24, 313.7513, 769.7632, 2436.134
304.7, 139.194, 551.5408, 0.01645182, 144.3753, 322.5156, 8.370219, 32.56119, 1206.138, 368.1467, 131.5776, 546.7961, 1528.074, 299.851, 724.0044, 2317.855
304.8, 131.2504, 524.7516, 0.01562793, 180.5623, 305.3456, 7.892548, 30.78594, 1136.677, 376.277, 121.5107, 509.7254, 1451.723, 325.1962, 680.9657, 2205.318
304.9, 123.7602, 532.471, 0.01484529, 171.1803, 289.0896, 7.442136, 29.10748, 1071.216, 407.741, 112.214, 595.8376, 1479.684, 310.7889, 835.05, 2098.245
305, 116.6975, 506.6081, 0.01410184, 162.2858, 317.7318, 7.017428, 27.52053, 1217.191, 654.975, 103.6286, 555.442, 1502.428, 297.0198, 908.1143, 2316.511
305.1, 110.0378, 826.5063, 0.01339563, 153.8535, 325.0845, 6.616957, 26.0201, 1675.294, 845.6345, 127.3487, 517.7851, 1681.783, 283.8608, 1122.932, 2259.66
305.2, 103.7582, 1041.713, 0.01272479, 145.8593, 307.7777, 6.239341, 24.60147, 1889.539, 905.3394, 117.6053, 482.6812, 1639.476, 271.2848, 1219.591, 2149.949
305.3, 97.8369, 1058.075, 0.01208754, 158.7426, 291.3923, 5.883274, 23.26019, 1891.431, 838.9224, 108.6074, 449.9572, 1557.558, 259.2659, 1147.092, 2045.564
305.4, 130.6985, 1100.596, 0.0114822, 150.4943, 275.8792, 5.547527, 21.99203, 1889.214, 861.5592, 100.2979, 419.4518, 1541.397, 313.8728, 1078.902, 1946.248
305.5, 123.2398, 1189.97, 0.01090718, 222.1447, 261.192, 5.230941, 20.79302, 1780.415, 798.354, 92.62419, 391.0145, 1509.9, 323.5954, 1014.767, 1993.831
305.6, 116.2067, 1137.435, 0.01036095, 210.6021, 247.2867, 4.932422, 19.65937, 1788.69, 739.7856, 85.53757, 364.5051, 1434.457, 309.2589, 954.4437, 1897.027
305.7, 109.5751, 1115.917, 0.00984208, 199.6592, 234.1216, 4.650939, 18.58754, 1834.936, 709.7073, 78.99314, 339.793, 1420.854, 295.5577, 897.7065, 1859.756
305.8, 103.3218, 1061.715, 0.009349194, 223.4156, 221.6575, 4.385519, 17.57413, 1729.262, 657.6422, 72.94942, 488.4171, 1425.886, 282.4634, 947.4094, 1769.461
305.9, 155.6275, 1087.387, 0.008880991, 239.4086, 209.8569, 4.135246, 16.61599, 1629.675, 654.5424, 67.36811, 455.3042, 1558.287, 269.9493, 891.0904, 1941.651
306, 205.5389, 1034.571, 0.008436237, 226.9689, 198.6846, 3.899256, 15.71008, 1535.822, 671.2816, 62.21382, 424.4362, 1587.676, 348.9886, 1025.331, 2027.675
306.1, 193.8092, 1018.005, 0.008013754, 304.4822, 188.1071, 3.676733, 14.85356, 1447.375, 666.8464, 57.45388, 395.661, 1617.574, 439.1331, 964.3799, 1976.491
306.2, 199.0045, 968.559, 0.00761243, 288.6614, 178.0927, 3.466909, 14.04373, 1364.021, 617.9257, 53.05811, 368.8367, 1553.518, 427.1013, 907.0521, 1934.756
306.3, 202.8559, 935.1935, 0.007231203, 273.6626, 168.6114, 3.26906, 287.9753, 1285.467, 598.5464, 48.99867, 343.8309, 1529.603, 408.1793, 853.1321, 1840.82
306.4, 191.2793, 889.7697, 0.006869068, 259.4431, 159.6349, 3.082501, 1194.224, 1211.437, 554.6362, 45.24981, 320.5205, 1453.176, 434.6794, 802.4174, 1944.723
306.5, 180.3634, 846.5522, 0.006525069, 303.539, 151.1363, 2.906589, 1798.862, 1141.671, 513.9473, 41.78777, 298.7904, 1415.005, 415.4215, 754.7174, 1850.302
306.6, 170.0704, 805.4339, 0.006198297, 287.7671, 143.0901, 2.740716, 1821.605, 1309.088, 561.8593, 38.59061, 278.5335, 1344.304, 397.0169, 709.853, 1760.466
306.7, 160.3648, 766.3127, 0.00588789, 272.8148, 135.4723, 2.584309, 1794.061, 1233.698, 520.6405, 35.63807, 259.65, 1384.986, 414.8148, 667.6555, 1674.992
306.8, 151.2131, 729.0917, 0.005593027, 258.6394, 128.26, 2.436827, 1714.058, 1162.649, 482.4456, 32.91142, 242.0467, 1315.784, 667.2535, 627.9665, 1775.764
306.9, 142.5837, 693.6786, 0.005312932, 245.2005, 121.4317, 2.297763, 1761.93, 1095.693, 447.0527, 30.39339, 225.6368, 1250.041, 637.6918, 590.6368, 1689.547
307, 134.4467, 793.62, 0.005046863, 232.4599, 114.967, 2.166634, 1715.377, 1102.601, 636.6129, 28.06801, 210.3395, 1356.481, 675.1888, 555.5262, 1827.082
307.1, 126.7741, 755.0726, 0.004794119, 220.3813, 108.8464, 2.042988, 1621.854, 1039.103, 589.9101, 25.92054, 196.0792, 1288.703, 645.2756, 522.5028, 1738.374
307.2, 119.5394, 718.3976, 0.004554032, 208.9303, 103.0516, 1.926399, 1632.978, 1087.088, 546.6335, 23.93738, 182.7858, 1224.313, 699.0725, 491.4425, 1653.972
307.3, 112.7175, 683.5039, 0.004325968, 198.0744, 97.56538, 1.816463, 1569.127, 1024.483, 506.5317, 22.10594, 170.3936, 1185.711, 668.1011, 615.397, 1573.668
307.4, 106.285, 715.2689, 0.004109326, 187.7824, 92.37122, 1.712801, 1483.578, 965.4834, 469.3718, 20.41463, 258.476, 1248.755, 638.5019, 647.8859, 1711.193
307.5, 100.2195, 680.5272, 0.003903533, 178.0253, 87.45357, 1.615055, 1521.555, 1157.956, 434.938, 18.85272, 303.1952, 1314.751, 610.214, 767.8149, 1628.111
307.6, 94.50016, 647.473, 0.003708046, 282.4979, 82.79773, 1.522887, 1457.172, 2104.296, 403.0304, 17.41031, 282.6396, 1249.059, 583.1793, 912.8057, 1549.063
307.7, 89.10722, 616.0242, 0.003522349, 289.9927, 78.38976, 1.435979, 1561.157, 2394.134, 373.4635, 16.07825, 263.4777, 1186.649, 557.3424, 858.5436, 1721.828
307.8, 84.02206, 586.103, 0.003345952, 274.9247, 74.21645, 1.354031, 1503.646, 2290.691, 346.0657, 14.84812, 245.6149, 1127.358, 532.6501, 807.5073, 1638.23
307.9, 79.22709, 557.6351, 0.003178388, 260.6396, 70.26533, 1.276759, 1421.667, 2340.802, 320.6778, 13.7121, 228.9631, 1071.029, 509.0518, 759.5048, 1617.706
308, 74.70576, 563.336, 0.003019216, 247.0968, 66.52455, 1.203897, 1393.827, 2245.622, 297.1525, 12.66299, 213.4403, 1017.514, 553.1223, 714.3558, 1539.163
308.1, 70.44245, 535.9739, 0.002868016, 234.2577, 122.8286, 1.135193, 1354.419, 2116.297, 275.3529, 11.69415, 198.9698, 966.6736, 528.6171, 671.8907, 1515.568
308.2, 66.42244, 509.9409, 0.002724387, 249.7969, 116.2895, 1.07041, 1395.804, 1994.42, 255.1527, 10.79944, 185.4804, 996.1396, 702.0746, 631.95, 1525.59
308.3, 62.63184, 485.1722, 0.002587951, 287.1043, 112.1559, 1.009324, 1319.704, 1971.355, 236.4343, 9.973183, 172.9055, 946.367, 670.9702, 594.3835, 1528.981
308.4, 59.05757, 461.6067, 0.002458348, 272.1864, 192.1616, 0.9517235, 1247.754, 1985.102, 219.0892, 9.21014, 161.1832, 1004.998, 641.2438, 667.377, 1454.746
308.5, 55.68727, 453.3338, 0.002335235, 258.0436, 369.9652, 0.8974106, 1179.725, 1870.781, 203.0165, 8.505478, 150.2555, 984.2922, 821.0706, 655.3644, 1384.115
308.6, 52.50932, 431.3147, 0.002218288, 244.6357, 367.2997, 0.8461971, 1115.406, 1933.52, 320.1111, 7.854729, 140.0688, 985.0358, 784.6943, 616.406, 1393.631
308.7, 57.44597, 455.9878, 0.002107197, 231.9245, 347.7455, 0.7979063, 1054.594, 1822.169, 1019.286, 7.253768, 130.5726, 935.818, 749.9296, 643.7401, 1384.994
308.8, 54.16764, 433.8398, 13.5013, 219.8737, 329.2322, 0.7523714, 997.0971, 1823.383, 1098.426, 6.698786, 348.0466, 889.0594, 716.705, 605.4727, 1317.75
308.9, 51.0764, 412.7675, 12.82516, 208.4491, 392.4819, 0.7094351, 1013.728, 1718.375, 1240.656, 6.186266, 324.4503, 987.6207, 909.4036, 569.4802, 1452.605
309, 48.16158, 521.2413, 12.18288, 197.6181, 371.587, 0.6689491, 1208.407, 1860.006, 1179.952, 5.712958, 469.0336, 938.2737, 869.1138, 535.6273, 1413.874
309.1, 63.47239, 495.9239, 123.8384, 187.3499, 969.168, 0.6307735, 1142.525, 1934.653, 1260.148, 5.275863, 476.5511, 1077.936, 830.609, 632.2375, 1579.224
309.2, 59.85015, 471.8361, 117.6366, 177.6152, 1771.506, 0.5947765, 1080.234, 1898.85, 1327.803, 4.87221, 493.5361, 1024.077, 793.8101, 594.654, 1502.549
309.3, 56.43462, 448.9183, 111.7454, 248.6541, 2025.656, 0.5608338, 1021.339, 1789.495, 1342.132, 4.49944, 552.0235, 1023.395, 758.6415, 559.3046, 1552.774
309.4, 53.21401, 427.1136, 106.1493, 367.8188, 1965.574, 0.5288281, 965.655, 1775.384, 1402.928, 4.15519, 613.8099, 972.2606, 911.4429, 526.0565, 1477.384
309.5, 50.17719, 406.3681, 100.8334, 1001.418, 2416.172, 0.498649, 913.0071, 2001.413, 1300.007, 3.837279, 572.1959, 923.6811, 871.0628, 1168.098, 1405.654
309.6, 47.31368, 386.6302, 95.78371, 2497.931, 2655.37, 0.4701921, 863.2296, 2999.134, 1204.637, 3.543691, 533.4031, 877.5289, 832.4716, 1349.96, 1337.406
309.7, 44.61359, 367.851, 90.98691, 3180.007, 2596.603, 0.4433592, 816.1659, 3418.924, 1116.263, 3.272566, 497.2403, 833.6827, 795.5902, 1269.712, 1272.472
309.8, 42.06758, 349.9839, 86.43034, 3177.931, 2458.365, 0.4180576, 771.6682, 3282.582, 1034.372, 3.022183, 463.5293, 910.3774, 760.3428, 1194.233, 1210.691
309.9, 39.66687, 332.9846, 82.10195, 3301.114, 2360.614, 0.3941998, 729.5965, 3246.323, 958.4893, 2.790958, 432.1037, 864.89, 768.434, 1123.242, 1151.909
310, 37.40316, 316.811, 77.99033, 3210.739, 2347.662, 0.3717037, 791.6514, 3271.257, 888.1732, 2.577423, 527.8818, 821.6753, 828.4224, 1056.47, 1095.982
310.1, 35.26863, 301.423, 74.08462, 3043.909, 2299.021, 0.3504913, 748.4902, 3272.195, 823.0156, 2.380226, 543.7939, 780.6199, 857.2656, 993.668, 1042.77
310.2, 33.25592, 286.7825, 70.3745, 2992.031, 2420.123, 0.3304895, 707.6822, 3083.75, 762.638, 2.198117, 506.9267, 741.6158, 819.2856, 934.5991, 992.141
310.3, 31.35808, 272.853, 66.85018, 2933.788, 2291.281, 0.3116291, 776.9794, 2906.157, 706.6898, 2.02994, 472.559, 704.5606, 782.9884, 879.0416, 943.9705
310.4, 29.56853, 259.6001, 63.50236, 2781.349, 2169.298, 0.293845, 734.6182, 2738.792, 654.8461, 1.87463, 468.2199, 669.3569, 829.1135, 826.7867, 1055.5
310.5, 27.88112, 246.9909, 60.3222, 2764.367, 2053.809, 0.2770759, 694.5665, 2964.961, 606.8057, 1.731203, 436.4763, 635.9121, 801.0984, 777.6381, 1004.253
310.6, 26.29, 234.9942, 57.30129, 2620.73, 2118.799, 0.2612637, 706.7334, 3196.046, 562.2896, 1.59875, 443.5244, 604.1384, 873.4645, 731.4111, 955.4942
310.7, 24.78968, 223.5802, 54.43167, 2644.094, 2026.018, 0.2463539, 668.202, 3011.986, 521.0392, 1.476431, 413.4551, 573.9523, 834.7669, 687.9322, 909.103
310.8, 23.37498, 268.3568, 51.70576, 2506.707, 1918.157, 0.232295, 700.6378, 2838.527, 482.815, 1.36347, 385.4244, 545.2745, 837.4448, 647.0378, 864.9641
310.9, 22.04102, 255.3223, 49.11637, 2461.652, 2024.087, 0.2190384, 1196.628, 2675.056, 447.3951, 1.259152, 379.9516, 518.0296, 871.1961, 608.5745, 822.9683
311, 20.78318, 242.9209, 46.65665, 2333.745, 1977.128, 0.2065383, 1555.528, 2697.368, 414.5735, 1.162815, 558.3633, 492.146, 832.5991, 572.3976, 855.4896
311.1, 19.59713, 231.1219, 44.32011, 2424.157, 1942.026, 0.1947516, 1470.72, 2573.397, 384.1598, 1.073848, 566.8622, 467.5557, 795.712, 538.3712, 905.7352
311.2, 18.47876, 219.896, 42.10058, 2298.198, 1960.715, 0.1836375, 1390.536, 2495.325, 355.9773, 0.9916888, 592.1362, 444.194, 760.4591, 506.3676, 861.7598
311.3, 17.42421, 209.2153, 75.6719, 2178.784, 1889.889, 0.1731577, 1314.723, 2351.62, 329.8623, 0.9158153, 551.9915, 421.9996, 904.3732, 476.2664, 819.9196
311.4, 16.42985, 199.0534, 450.4676, 2156.236, 1887.26, 0.1632759, 1290.446, 2306.922, 305.6632, 0.8457468, 514.5685, 400.9142, 864.3063, 447.9546, 853.4711
311.5, 15.49223, 189.3851, 862.6135, 2136.242, 1870.381, 0.1539581, 1252.917, 2174.067, 283.2393, 0.7810392, 479.6827, 380.8823, 826.0145, 421.3257, 812.0333
311.6, 14.60812, 264.1236, 831.8123, 2030.215, 1770.806, 0.145172, 1380.396, 2219.195, 262.4604, 0.7212824, 447.162, 679.3541, 789.4191, 396.2799, 772.6074
311.7, 13.77446, 251.2947, 845.4964, 2021.519, 1752.026, 0.1368874, 1513.752, 2091.392, 243.206, 0.6660975, 502.5301, 645.4099, 1076.032, 372.7229, 735.0957
311.8, 12.98838, 350.8131, 1052.112, 2086.19, 1851.764, 245.6339, 1444.889, 2191.001, 225.364, 0.6151347, 622.5433, 613.1616, 1152.07, 350.5663, 839.8175
311.9, 12.24716, 410.3579, 1164.461, 1977.792, 2640.181, 415.8513, 1449.799, 2064.822, 907.8022, 0.5680711, 580.3372, 582.5247, 1101.03, 329.7267, 799.0426
312, 11.54824, 428.1793, 1106.145, 2031.111, 3314.309, 392.1195, 1422.984, 1984.873, 841.2046, 0.5246083, 540.9925, 553.4186, 1052.25, 310.126, 904.9569
312.1, 10.8892, 407.382, 1050.75, 1925.575, 3513.781, 369.742, 1345.402, 2014.996, 779.4927, 0.4844708, 549.8162, 525.7667, 1122.5, 291.6905, 861.0193
312.2, 10.26778, 387.5948, 998.1289, 1894.835, 3671.287, 348.6416, 1313.206, 1898.953, 722.308, 0.4474043, 512.5407, 499.4965, 1072.769, 274.3509, 819.215
312.3, 9.681819, 368.7687, 948.1431, 2005.775, 3577.912, 328.7453, 1241.61, 1937.309, 669.3185, 0.4131736, 477.7924, 474.5389, 1245.012, 258.042, 779.4404
312.4, 9.129297, 350.8571, 930.1124, 1966.926, 3581.327, 309.9845, 1299.048, 1825.74, 620.2164, 0.3815619, 445.3998, 450.8284, 1207.269, 242.7026, 741.597
312.5, 8.608307, 333.8154, 987.6863, 2001.435, 3482.506, 292.2943, 1253.955, 1720.596, 574.7164, 0.3523689, 692.0613, 428.3025, 1153.783, 228.2751, 705.5909
312.6, 8.117048, 371.3867, 938.2235, 1897.441, 3309.065, 275.6136, 1298.683, 1892.548, 532.5544, 0.3254093, 952.7508, 406.9021, 1293.507, 214.7052, 671.3329
312.7, 7.653825, 353.3478, 1000.675, 1798.85, 3451.566, 313.2644, 1297.03, 1783.556, 493.4855, 0.3005124, 1100.111, 386.5711, 1236.2, 201.942, 638.7383
312.8, 7.217036, 399.4276, 950.5622, 1705.382, 3687.243, 295.387, 1226.315, 1680.842, 457.2827, 0.2775204, 1025.528, 367.2559, 1268.447, 189.9375, 775.0091
312.9, 6.805174, 456.1852, 902.9586, 1772.527, 3564.112, 319.5007, 1159.456, 1666.995, 423.7358, 0.2562875, 1119.612, 348.9057, 1212.251, 178.6466, 737.3808
313, 6.416817, 583.9469, 857.7389, 1680.427, 3447.078, 663.6626, 1214.666, 1570.993, 392.65, 0.236679, 1131.816, 331.4725, 1300.757, 168.0269, 701.5794
313.1, 6.050622, 601.0403, 814.7838, 1742.569, 3373.051, 1628.734, 1224.43, 1480.52, 363.8446, 0.2185709, 1055.083, 314.9103, 1243.129, 158.0385, 667.5162
313.2, 5.705325, 571.8469, 773.9799, 1652.025, 3406.796, 1780.463, 1157.674, 1505.311, 337.1525, 0.2018481, 1021.145, 299.1756, 1201.139, 148.6438, 683.5357
313.3, 5.379734, 544.0715, 735.2194, 1697.174, 3295.132, 1678.855, 1094.557, 1418.62, 312.4185, 0.1864049, 951.9148, 284.2272, 1161.003, 139.8076, 650.3486
313.4, 5.072723, 545.2905, 698.4, 1719.659, 3174.245, 1599.436, 1034.881, 1336.922, 289.499, 0.1721431, 918.6855, 270.0256, 1283.254, 131.4967, 618.7728
313.5, 4.783233, 518.8049, 666.4847, 1759.606, 3198.202, 1508.16, 1160.009, 1259.929, 268.261, 0.1589726, 920.4407, 256.5337, 1235.579, 123.6798, 646.5381
313.6, 4.510263, 493.6057, 650.1735, 1796.019, 3027.937, 1522.097, 1096.764, 1187.37, 248.581, 0.1468097, 858.0383, 243.7158, 1223.907, 116.3277, 615.1473
313.7, 4.252872, 469.6305, 742.3615, 1797.183, 3017.147, 1457.556, 1036.968, 1118.99, 230.3447, 0.1355774, 799.8665, 231.5385, 1455.105, 109.4125, 647.5115
313.8, 4.010169, 446.8199, 734.1259, 1703.802, 3089.523, 1374.376, 980.4324, 1054.547, 213.4463, 0.1252044, 745.6385, 219.9695, 1390.639, 102.9085, 616.0735
313.9, 3.781317, 425.1171, 697.3613, 1615.272, 3065.562, 1315.265, 926.9788, 1198.055, 197.7876, 0.1156251, 803.4183, 208.9786, 1329.028, 558.7081, 586.1618
314, 3.565525, 434.0233, 662.4378, 1531.343, 2902.358, 1941.06, 979.7321, 1129.059, 183.2776, 0.1067787, 978.7098, 198.5369, 1270.148, 525.4955, 592.4702
314.1, 3.362047, 687.578, 629.2632, 1571.353, 2899.91, 3241.765, 926.3167, 1064.037, 169.8321, 0.09860911, 1109.48, 188.6169, 1213.876, 494.2573, 563.7045
314.2, 3.170182, 654.1813, 649.2154, 1556.32, 2812.964, 3790.056, 991.3697, 1062.853, 157.373, 0.09106459, 1034.261, 179.1926, 1261.15, 464.876, 639.8746
314.3, 2.989266, 684.517, 616.7031, 1702.172, 2757.477, 3748.95, 1158.881, 1106.768, 145.8279, 0.08409729, 964.142, 170.2391, 1348.786, 437.2413, 608.8074
314.4, 2.818675, 848.5428, 585.8189, 1613.727, 2610.675, 3624, 1449.192, 1290.912, 135.1297, 0.07766306, 898.7768, 161.733, 1289.03, 411.2494, 579.2485
314.5, 2.657819, 807.3278, 627.3913, 1690.805, 2565.627, 3582.587, 1493.519, 1268.28, 125.2164, 0.0717211, 837.8431, 153.652, 1231.921, 386.8025, 720.8962
314.6, 2.506142, 768.1146, 595.9719, 1602.951, 2516.074, 3464.85, 1471.99, 1311.776, 116.0304, 0.06623376, 781.0404, 145.9747, 1205.351, 363.8089, 685.8952
314.7, 2.363122, 810.5771, 566.1259, 1734.989, 2458.708, 3419.139, 1506.185, 1236.231, 107.5182, 0.06116626, 798.5494, 138.681, 1151.95, 342.1822, 652.5936
314.8, 2.228263, 771.2062, 537.7747, 1663.274, 2388.315, 3317.688, 1424.067, 1165.037, 99.63055, 0.05648646, 1206.408, 131.7517, 1100.915, 321.8411, 620.9088
314.9, 2.101101, 830.2021, 584.3384, 1576.85, 2391.84, 3545.165, 1346.427, 1097.942, 92.32151, 0.05216471, 1368.736, 125.1687, 1112.91, 302.7091, 590.7623
315, 1.981195, 827.6763, 608.7605, 1494.917, 2264.504, 4639.09, 1273.019, 1136.36, 85.54868, 0.04817362, 1551.269, 118.9146, 1063.604, 284.7145, 562.0796
315.1, 1.868132, 959.5749, 578.2741, 1417.242, 2360.899, 5245.762, 1203.613, 1173.939, 79.27271, 0.04448789, 1536.765, 112.9729, 1037.195, 267.7895, 534.7894
315.2, 1.761522, 912.9669, 549.3145, 1523.437, 2347.487, 5239.486, 1269.746, 1106.332, 73.45715, 0.04108414, 1759.666, 107.3282, 991.2439, 251.8707, 508.8243
315.3, 1.660995, 868.6227, 521.8051, 1444.28, 2283.182, 5269.998, 1200.519, 1042.619, 68.06823, 0.03794082, 1748.817, 101.9655, 987.3148, 236.8981, 484.1198
315.4, 1.566206, 826.4324, 495.6733, 1369.235, 2161.63, 5174.644, 1194.062, 982.5747, 63.07465, 215.4393, 1630.253, 96.87071, 943.5732, 222.8157, 460.6147
315.5, 1.476825, 786.2913, 470.8503, 1360.268, 2062.765, 4975.773, 1153.181, 925.9885, 58.44741, 259.1942, 1519.728, 92.03052, 901.7696, 209.5703, 438.2509
315.6, 1.392546, 748.1, 447.2704, 1343.695, 2082.5, 4921.319, 1128.239, 872.661, 54.15962, 239.3634, 1416.696, 87.43217, 1105.196, 197.1123, 416.9729
315.7, 1.313076, 711.7636, 445.9999, 1273.877, 2125.344, 4696.128, 1182.936, 822.4047, 50.1864, 221.0498, 1320.649, 83.06358, 1059.764, 185.3949, 396.728
315.8, 1.238142, 677.1921, 433.6086, 1207.686, 2099.4, 4561.995, 1118.441, 775.0425, 46.50465, 204.1374, 1231.114, 78.91326, 1057.836, 174.3741, 377.4661
315.9, 1.167483, 644.2999, 445.5081, 1144.935, 2051.883, 4501.815, 1057.464, 730.408, 43.09301, 188.519, 1322.812, 74.97032, 1010.97, 164.0083, 359.1393
316, 1.100857, 613.0052, 423.1973, 1116.187, 1998.164, 4300.179, 999.8101, 825.4417, 39.93164, 174.0955, 1233.13, 71.2244, 966.1804, 684.7612, 341.7023
316.1, 1.038034, 583.2307, 402.0038, 1221.428, 1891.786, 4182.937, 945.3, 929.3817, 37.0022, 160.7756, 1149.529, 67.66563, 923.3752, 882.461, 531.8334
316.2, 0.9787952, 554.9022, 381.8717, 1157.963, 1919.913, 4016.272, 954.1205, 978.588, 34.28767, 169.046, 1071.595, 64.28468, 928.0511, 830.0028, 506.0117
316.3, 0.9229373, 527.9498, 362.7477, 1370.081, 1817.701, 3787.072, 925.7039, 922.2314, 31.77228, 156.1124, 998.9447, 61.07267, 886.9351, 844.6876, 481.4438
316.4, 0.8702672, 502.3064, 344.5815, 1345.572, 1720.931, 3725.584, 1021.755, 869.1203, 29.44142, 258.9167, 978.1747, 58.02114, 977.0423, 1059.433, 721.1691
316.5, 0.8206028, 477.9086, 411.0967, 1275.657, 1639.786, 3801.273, 966.0486, 819.0679, 27.28156, 458.6221, 911.8581, 55.12209, 933.7559, 1076.432, 686.1548
316.6, 0.7737726, 454.6959, 390.5092, 1209.374, 1560.092, 3608.539, 948.044, 843.7548, 25.28014, 456.7974, 1040.675, 52.36788, 1056.005, 1012.443, 652.8406
316.7, 0.729615, 432.6106, 370.9528, 1146.535, 1522.821, 3595.528, 896.3563, 834.903, 23.42556, 421.8481, 970.1214, 49.75129, 1009.22, 952.2582, 621.1438
316.8, 0.6879773, 411.5981, 352.3756, 1086.961, 1583.07, 3492.311, 900.5446, 1023.915, 21.70703, 389.5728, 904.3508, 47.26545, 1032.288, 1018.718, 590.986
316.9, 0.6487159, 391.6061, 334.7289, 1047.942, 1594.89, 3431.081, 862.3906, 964.948, 20.11457, 359.7668, 843.0391, 44.9038, 986.5538, 958.1601, 562.2924
317, 0.6116949, 372.5852, 317.9658, 993.4911, 1509.981, 3252.318, 880.9394, 909.3769, 18.63894, 332.2412, 785.8842, 42.66016, 942.846, 901.202, 534.9919
317.1, 0.5767868, 354.4882, 332.3982, 1015.895, 1429.593, 3239.663, 1456.836, 857.0061, 17.27156, 306.8217, 732.6042, 40.52863, 901.0746, 847.6297, 509.0169
317.2, 0.5438707, 337.2701, 315.7518, 1174.977, 1353.485, 3062.848, 1633.986, 807.6513, 16.00449, 283.3469, 682.9363, 38.5036, 861.1538, 797.2421, 484.3031
317.3, 108.7155, 320.8884, 299.9391, 1308.21, 1397.518, 2974.856, 1622.693, 761.1389, 14.83038, 261.6682, 636.6358, 36.57975, 823.0016, 749.8497, 460.7892
317.4, 267.9571, 305.3024, 284.9184, 1240.236, 1392.304, 2805.087, 1644.801, 717.3051, 13.7424, 241.6481, 593.4742, 34.75202, 993.0764, 705.2747, 438.4169
317.5, 252.6653, 290.4734, 374.2626, 1327.795, 1361.499, 2824.755, 1555.125, 675.9956, 12.73424, 223.1598, 553.2389, 33.01562, 949.0796, 663.3494, 417.1308
317.6, 238.2462, 276.3647, 355.5197, 1258.803, 1289.016, 2805.812, 1657.462, 637.0652, 11.80004, 206.086, 515.7313, 31.36598, 913.0095, 623.9163, 396.8782
317.7, 224.6499, 262.9412, 337.7155, 1193.395, 1278.427, 2692.915, 1567.097, 600.3768, 10.93437, 190.3184, 480.7667, 29.79876, 872.5599, 798.4668, 377.609
317.8, 211.8296, 250.1697, 320.8029, 1131.387, 1307.549, 2569.688, 1481.658, 565.8012, 10.13221, 175.7573, 448.1725, 28.30985, 1119.808, 831.6315, 359.2753
317.9, 199.7409, 238.0186, 304.7373, 1072.6, 1364.721, 2423.041, 1400.877, 533.2169, 9.388898, 410.8593, 417.788, 26.89533, 1093.492, 841.2031, 341.8317
318, 188.3421, 226.4577, 289.4762, 1016.868, 1413.737, 2422.308, 1396.25, 502.509, 8.700115, 482.8265, 389.4636, 25.55149, 1045.047, 1236.016, 325.235
318.1, 177.5938, 215.4583, 274.9794, 1154.971, 1338.473, 2445.976, 1363.572, 473.5696, 8.061863, 548.6849, 782.6608, 24.2748, 1108.651, 1162.541, 309.4442
318.2, 167.4589, 204.9932, 261.2086, 1100.614, 1317.041, 2469.025, 1598.595, 446.2969, 7.470433, 506.7053, 800.433, 23.0619, 1059.534, 1093.433, 294.42
318.3, 157.9023, 195.0363, 248.1274, 1078.137, 1246.925, 2333.185, 2273.986, 420.5947, 6.922392, 467.9376, 746.1666, 21.9096, 1163.513, 1028.434, 280.1253
318.4, 148.8912, 185.5631, 235.7013, 1093.063, 1244.452, 2432.532, 2342.317, 674.3126, 6.414556, 432.136, 695.5793, 20.81487, 1111.965, 1238.823, 266.5247
318.5, 140.3943, 176.55, 223.8975, 1072.653, 1178.2, 2293.713, 2329.712, 864.0529, 5.943975, 399.0735, 698.4011, 19.77485, 1062.701, 1165.18, 253.5843
318.6, 132.3822, 167.9747, 212.6848, 1189.258, 1322.073, 2162.815, 2202.695, 814.2922, 5.507916, 368.5406, 789.7774, 18.78679, 1156.157, 1095.916, 241.2723
318.7, 124.8274, 159.816, 211.7867, 1127.464, 1314.731, 2120.689, 2082.603, 767.3973, 5.103848, 340.3438, 1006.052, 17.8481, 1158.621, 1030.769, 229.558
318.8, 117.7038, 152.0535, 201.1806, 1087.125, 1244.738, 2078.166, 2017.53, 723.2031, 4.729423, 390.9851, 1081.25, 16.95631, 1107.29, 969.4944, 218.4125
318.9, 110.9867, 144.668, 191.1055, 1030.639, 1178.47, 2118.139, 2034.624, 681.554, 4.382465, 409.1622, 1184.83, 16.10908, 1058.233, 911.8625, 207.8081
319, 163.3446, 137.6412, 415.0556, 1039.273, 1115.731, 2150.851, 1923.695, 642.3035, 4.060962, 377.8575, 1233.469, 15.30418, 1251.124, 857.6566, 197.7186
319.1, 154.0228, 130.9558, 394.2698, 985.2727, 1056.332, 2028.106, 1818.815, 605.3134, 3.763044, 348.9478, 1560.394, 14.5395, 1195.695, 806.6729, 188.1189
319.2, 187.5186, 124.5951, 382.6987, 934.0781, 1311.594, 2048.762, 1855.287, 570.4535, 3.486982, 322.25, 1454.605, 13.81303, 1267.682, 758.72, 178.9853
319.3, 176.8173, 118.5433, 415.8559, 885.5435, 1864.758, 2012.118, 1754.136, 537.6012, 3.231172, 297.5948, 1445.432, 13.12285, 1217.007, 883.4243, 170.2952
319.4, 166.7267, 112.7855, 435.6869, 993.2661, 1765.482, 1985.068, 1919.534, 506.6409, 2.994128, 274.826, 1488.272, 12.46716, 1181.31, 936.1306, 162.027
319.5, 157.2119, 107.3073, 413.868, 941.6561, 1918.999, 1929.609, 1814.88, 477.4635, 2.774475, 253.7993, 1680.769, 11.84423, 1137.258, 880.4821, 154.1603
319.6, 148.2402, 102.0952, 393.1417, 1027.873, 1816.835, 1871.279, 1715.932, 449.9665, 2.570936, 234.3812, 1613.42, 11.25243, 1123.652, 828.1415, 146.6755
319.7, 139.7804, 97.1363, 373.4533, 974.4653, 1828.775, 1922.335, 1622.379, 846.9338, 2.382328, 216.4489, 1564.189, 10.6902, 1231.84, 778.9124, 139.5541
319.8, 131.8034, 92.41824, 354.751, 1015.276, 1771.829, 1819.332, 1598.952, 1385.767, 2.207557, 199.8885, 1458.142, 10.15606, 1236.379, 732.6097, 132.7784
319.9, 124.2816, 87.92935, 336.9853, 1005.135, 1918.48, 1801.827, 1619.262, 1502.405, 2.045608, 184.5951, 1359.286, 9.648604, 1181.603, 689.0595, 126.3318
320, 117.1891, 83.65849, 320.1092, 993.9302, 1816.344, 1825.033, 1530.979, 1607.76, 1.895539, 170.4719, 1413.513, 9.166507, 1147.284, 648.0981, 120.1981
320.1, 110.5014, 79.59506, 304.0783, 1057.211, 1809.33, 1720.882, 1479.563, 1515.169, 1.75648, 157.4292, 1349.819, 8.708498, 1108.91, 609.5717, 114.3622
320.2, 104.1953, 75.72901, 305.1324, 1002.278, 1713.006, 1622.674, 1398.897, 1427.911, 1.627622, 145.3844, 1258.306, 8.273374, 1391.611, 573.3355, 108.8097
320.3, 98.24908, 72.05074, 316.9637, 950.2, 1621.809, 1591.056, 1352.403, 1345.678, 1.508217, 134.2611, 1242.919, 7.85999, 1360.549, 539.2534, 103.5268
320.4, 92.6422, 68.55112, 301.0904, 900.8278, 1535.467, 1500.258, 1505.819, 1268.181, 1.397573, 123.9888, 1158.654, 7.467262, 1332.225, 507.1973, 98.50032
320.5, 87.3553, 65.22149, 286.0119, 854.0209, 1548.209, 1488.425, 1448.933, 1195.147, 1.295045, 114.5025, 1080.102, 7.094156, 1307.345, 591.1283, 93.71793
320.6, 104.0902, 62.05358, 309.4422, 809.6461, 1667.191, 1407.436, 1369.936, 1126.318, 1.200038, 105.742, 1212.005, 6.739693, 1249.425, 843.0671, 89.16772
320.7, 98.15001, 149.1031, 293.9455, 767.577, 1680.383, 1369.513, 1295.247, 1257.054, 200.6294, 763.8605, 1129.835, 6.402941, 1258.194, 1178.347, 84.83845
320.8, 92.54878, 198.4326, 344.3884, 727.6938, 1603.326, 1321.49, 1224.629, 1329.221, 717.7672, 1376.349, 1053.236, 627.462, 1202.451, 1756.221, 80.71936
320.9, 87.26721, 372.5391, 330.5928, 689.8829, 1627.681, 1246.076, 1241.057, 1252.671, 665.1108, 1518.194, 981.8309, 1159.61, 1149.179, 2311.512, 76.80026
321, 82.28705, 864.5685, 314.0369, 718.7656, 1563.057, 1174.964, 1786.87, 1180.53, 616.3173, 1488.327, 915.2664, 1276.118, 1113.891, 2650.729, 73.07145
321.1, 77.59109, 2011.787, 388.0209, 700.2482, 1479.843, 1107.912, 2645.709, 1112.544, 571.1034, 1374.456, 853.2147, 1318.184, 1064.541, 2642.479, 69.52367
321.2, 73.16312, 2595.536, 448.273, 694.5834, 1401.06, 1044.685, 3589.288, 1048.473, 529.2064, 1304.111, 795.3699, 1293.931, 1017.378, 2512.223, 66.14816
321.3, 68.98785, 2469.467, 440.9698, 891.0121, 1326.47, 985.0672, 4004.491, 988.0914, 490.3831, 1204.335, 741.4468, 1229.279, 972.3049, 2441.931, 62.93652
321.4, 65.05086, 2407.935, 418.8863, 844.7153, 1255.852, 928.8514, 4050.578, 931.1874, 454.4079, 1112.192, 691.1794, 1300.385, 1088.672, 2383.533, 59.88083
321.5, 61.33854, 2342.98, 397.9087, 800.824, 1188.993, 875.8437, 3829.739, 877.5605, 421.0719, 1173.771, 644.3201, 1235.411, 1081.75, 2338.553, 56.97348
321.6, 57.83807, 2277.537, 406.1856, 783.4176, 1200.866, 825.861, 3895.714, 827.022, 390.1815, 1083.966, 600.6376, 1237.561, 1047.631, 2199.537, 337.9998
321.7, 54.53737, 2232.972, 411.005, 742.7113, 1243.847, 778.7308, 3759.323, 894.2913, 361.5572, 1001.033, 559.9166, 1175.726, 1120.028, 2136.813, 393.701
321.8, 51.42503, 2124.513, 390.4221, 717.1935, 1287.234, 734.2902, 3646.637, 883.5033, 335.0329, 924.4443, 521.9563, 1150.851, 1070.407, 2009.79, 374.586
321.9, 48.49031, 2021.323, 374.9895, 679.9283, 1330.836, 792.5522, 3502.191, 832.6226, 310.4544, 853.7156, 486.5696, 1175.838, 1051.593, 1976.91, 356.399
322, 45.72306, 1923.144, 386.5245, 644.5993, 1289.16, 747.3228, 3478.688, 784.672, 287.679, 788.3984, 453.582, 1252.63, 1005.004, 1859.392, 339.0951
322.1, 43.11374, 1934.409, 380.7619, 621.2469, 1220.527, 777.3586, 3374.294, 818.6115, 266.5745, 806.274, 422.8308, 1190.041, 960.4786, 1748.86, 322.6313
322.2, 40.65332, 1840.452, 361.6935, 676.0788, 1326.257, 769.6982, 3190.326, 818.3095, 247.0182, 784.377, 394.1645, 1130.58, 917.926, 1740.305, 306.9669
322.3, 38.33332, 1905.145, 343.5801, 723.6635, 1255.65, 753.9709, 3236.305, 793.3812, 228.8966, 724.3648, 367.4416, 1074.09, 877.2587, 1698.823, 292.063
322.4, 36.14571, 1812.609, 342.9686, 686.0621, 1200.24, 710.9433, 3179.128, 921.1265, 212.1044, 696.253, 342.5304, 1020.423, 838.393, 1597.836, 277.8828
322.5, 34.08295, 1724.568, 385.2122, 650.4144, 1139.358, 777.06, 3042.104, 868.079, 196.5442, 642.9831, 319.3081, 1129.162, 801.2492, 1636.465, 264.391
322.6, 32.13791, 1716.331, 365.9209, 616.6189, 1078.701, 732.7147, 3030.372, 818.0865, 182.1254, 664.495, 297.6602, 1215.907, 765.751, 1539.185, 401.8304
322.7, 30.30386, 1807.306, 379.6278, 584.5795, 1021.274, 690.9001, 3028.675, 770.9731, 168.7644, 613.6548, 277.4799, 1155.154, 731.8256, 1447.687, 382.3207
322.8, 28.57448, 1719.522, 360.6162, 554.2048, 966.9031, 702.3882, 2998.974, 726.5729, 156.3836, 631.8746, 258.6678, 1097.436, 699.4031, 1361.629, 363.7582
322.9, 26.94379, 1636.002, 342.5568, 525.4084, 1001.221, 662.3043, 2870.135, 684.7298, 144.9111, 583.5302, 241.1311, 1153.214, 668.4171, 1351.881, 346.097
323, 25.40616, 1596.859, 325.4017, 498.1082, 947.9178, 661.5167, 2833.489, 645.2964, 134.2802, 538.8846, 224.7833, 1095.593, 752.1187, 1271.518, 329.2932
323.1, 30.21416, 1519.298, 309.1058, 472.2266, 948.7408, 702.2032, 2679.006, 608.1339, 124.4293, 497.6549, 209.5438, 1158.225, 718.7972, 1195.932, 313.3054
323.2, 28.48989, 1575.518, 293.6259, 447.6898, 898.2319, 662.1299, 2752.169, 573.1116, 115.301, 459.5796, 195.3375, 1100.354, 686.9519, 1124.84, 469.432
323.3, 79.95591, 1671.228, 278.9213, 424.4279, 996.0694, 624.3435, 2719.155, 540.1063, 106.8423, 424.4174, 182.0944, 1100.36, 656.5175, 1215.904, 630.748
323.4, 75.39299, 1590.054, 264.9531, 402.3746, 943.0408, 588.7135, 2603.744, 509.0017, 99.00421, 491.474, 169.7491, 1137.894, 627.4315, 1213.386, 796.4962
323.5, 71.09046, 1512.823, 251.6844, 381.4673, 892.8353, 634.6407, 2559.999, 479.6884, 91.74113, 453.8716, 158.2407, 1081.039, 599.634, 1141.256, 978.5717
323.6, 67.03347, 1636.855, 250.1451, 361.6463, 901.3989, 706.144, 2451.967, 452.0632, 85.01087, 419.1461, 147.5126, 1027.024, 717.6087, 1073.414, 991.5771
323.7, 63.208, 1557.35, 245.1524, 342.8552, 973.4556, 675.6541, 2491.991, 426.029, 78.77435, 387.0775, 137.5117, 975.7082, 685.8161, 1009.604, 943.434
323.8, 59.60085, 1552.759, 232.8753, 325.0405, 921.6309, 637.0958, 2356.126, 401.4941, 72.99535, 357.4624, 128.189, 1093.022, 655.432, 1041.891, 897.6283
323.9, 88.34644, 1546.553, 221.2131, 308.1514, 881.2802, 600.738, 2318.109, 378.3722, 218.4096, 330.1132, 119.4982, 1038.408, 626.394, 979.9551, 941.4722
324, 83.30469, 1471.435, 210.1348, 292.1399, 874.6898, 566.4551, 2240.616, 356.5818, 349.864, 304.8564, 111.3967, 986.5236, 598.6426, 1011.806, 1101.447
324.1, 113.7954, 1399.965, 199.6114, 276.9604, 828.1232, 568.4846, 2118.457, 616.3102, 563.8238, 311.7902, 103.8444, 1327.303, 572.1206, 951.6588, 1106.699
324.2, 129.3666, 1350.728, 189.615, 262.5695, 784.0356, 536.0423, 2148.366, 580.8171, 774.4459, 287.9353, 96.80414, 1260.984, 546.7736, 1171.266, 1440.447
324.3, 291.6895, 1285.121, 180.1191, 248.9264, 776.5654, 505.4514, 2031.236, 547.368, 883.7225, 265.9055, 228.4784, 1197.978, 539.017, 1486.017, 1737.514
324.4, 275.0434, 1312.445, 171.0989, 235.9922, 808.2844, 503.0832, 1920.492, 515.8452, 1176.512, 319.6723, 212.9884, 1333.996, 515.1366, 1626.232, 2088.266
324.5, 423.3362, 1285.98, 162.5303, 223.7301, 818.3012, 474.3732, 2000.581, 486.1378, 1421.993, 295.2143, 241.5231, 1323.268, 492.3142, 1910.271, 2323.262
324.6, 400.8332, 1238.024, 154.3909, 212.1051, 823.3239, 484.419, 1891.508, 458.1413, 1317.673, 272.6277, 225.1487, 1278.704, 470.503, 1846.017, 2424.952
324.7, 390.6553, 1177.891, 146.6591, 201.0842, 786.619, 456.7742, 1788.382, 431.757, 1311.099, 251.7691, 209.8845, 1341.937, 449.658, 1736.28, 2611.835
324.8, 389.3394, 1282.779, 139.3145, 190.6359, 744.741, 430.707, 1722.159, 406.8922, 1214.915, 263.1047, 195.6551, 1274.887, 429.7366, 1878.55, 2936.749
324.9, 367.1206, 1231.203, 132.3377, 180.7305, 705.0926, 406.1274, 1770.848, 383.4594, 1204.713, 246.4164, 182.3904, 1343.645, 503.0644, 1890.267, 2794.164
325, 346.1698, 1195.113, 125.7103, 171.3397, 667.555, 382.9506, 1674.301, 361.3761, 1324.408, 524.2382, 170.025, 1469.572, 480.7769, 2025.542, 3150.333
325.1, 415.7209, 1318.544, 119.4148, 162.437, 700.8616, 361.0963, 1583.017, 607.191, 1958.712, 1422.215, 158.4979, 1396.144, 459.4768, 2438.559, 3119.946
325.2, 439.0116, 1254.5, 113.4346, 153.9967, 663.5493, 340.4893, 1496.711, 572.223, 1939.618, 1663.43, 311.9586, 1362.925, 439.1203, 2476.539, 3119.905
325.3, 413.9581, 1193.567, 113.4677, 145.9951, 720.6824, 321.0583, 1415.109, 539.2688, 1999.666, 1771.198, 290.809, 1494.151, 508.6807, 2452.449, 3076.559
325.4, 390.3344, 1237.721, 107.7853, 138.4092, 682.3148, 302.7361, 1471.75, 508.2124, 1852.968, 1635.685, 271.0932, 1461.474, 486.1443, 2306.662, 3008.585
325.5, 368.0587, 1274.876, 102.3875, 181.3491, 645.9899, 319.0491, 1391.509, 478.9446, 1774.964, 1510.54, 252.7141, 1435.881, 464.6064, 2248.259, 3264.728
325.6, 347.0544, 1278.19, 97.25998, 171.9263, 722.1572, 300.8416, 1480.785, 451.3623, 1856.118, 1519.954, 235.581, 1364.136, 654.8625, 2288.368, 3106.219
325.7, 327.2487, 1244.953, 92.38925, 162.993, 732.6437, 297.8953, 1400.052, 425.3684, 1719.95, 1535.826, 219.6095, 1329.974, 625.8498, 2234.781, 2955.405
325.8, 338.6364, 1184.484, 103.7669, 154.5239, 693.6393, 280.895, 1401.776, 400.8716, 1593.772, 1418.321, 204.7208, 1263.521, 598.1224, 2214.492, 3055.638
325.9, 319.3112, 1126.952, 98.5703, 146.4948, 656.7114, 264.8649, 1404.229, 377.7855, 1525.952, 1309.806, 190.8415, 1229.283, 571.6235, 2217.329, 3002.458
326, 301.0887, 1072.214, 93.63396, 138.883, 660.9281, 335.6787, 1421.596, 356.0289, 1414.006, 1257.566, 177.9032, 1167.861, 546.2985, 2085.52, 2856.682
326.1, 283.9062, 1020.135, 88.94482, 166.0048, 671.7593, 367.6845, 1344.09, 335.5253, 1436.031, 1161.35, 165.842, 1205.99, 522.0956, 1961.545, 2994.549
326.2, 267.7042, 970.5854, 84.49051, 157.3792, 684.569, 346.7015, 1402.856, 316.2025, 1330.682, 1149.649, 154.5985, 1145.733, 498.9649, 1937.391, 2872.07
326.3, 252.4269, 923.4426, 80.25927, 149.2018, 759.882, 326.916, 1326.372, 297.9924, 1363.75, 1101.29, 144.1173, 1179.249, 476.859, 1997.586, 2974.284
326.4, 238.0214, 928.4496, 76.23993, 141.4493, 719.4276, 308.2595, 1280.882, 280.8311, 1289.425, 1027.792, 134.3467, 1190.218, 455.7325, 1878.839, 2854.849
326.5, 224.438, 1021.57, 72.42188, 134.0996, 681.1268, 449.5473, 1211.047, 264.6581, 1194.831, 949.156, 125.2385, 1271.532, 435.5419, 1767.151, 2901.463
326.6, 211.6297, 971.9512, 68.79503, 127.1318, 644.8651, 423.8926, 1231.705, 249.4165, 1107.177, 876.5366, 116.7478, 1208, 491.3196, 1875.227, 2760.591
326.7, 199.5525, 1033.882, 65.34981, 120.5261, 642.6376, 399.7019, 1164.552, 235.0527, 1197.005, 910.6166, 108.8327, 1147.641, 469.5524, 1763.754, 2626.559
326.8, 188.1644, 983.6651, 62.07713, 114.2636, 656.1404, 376.8917, 1133.68, 221.516, 1109.191, 840.9459, 101.4543, 1090.299, 448.7496, 1658.907, 2613.153
326.9, 278.0396, 935.887, 58.96834, 108.3264, 637.5001, 355.3832, 1123.797, 208.759, 1027.819, 776.6056, 94.57603, 1035.822, 428.8684, 1787.537, 2524.472
327, 262.1724, 890.4295, 56.01524, 102.6978, 639.6686, 335.1022, 1147.857, 526.7612, 952.4166, 717.1879, 88.16413, 984.0663, 409.868, 1681.276, 2401.903
327.1, 425.8068, 847.18, 53.21002, 97.36164, 605.614, 315.9786, 1085.275, 1262.241, 882.546, 662.3163, 82.18693, 934.8969, 391.7094, 1581.332, 2391.158
327.2, 401.5069, 829.9938, 50.54529, 92.30274, 573.3724, 297.9464, 1026.105, 1189.549, 817.8012, 611.6428, 76.61496, 983.6367, 374.3553, 1487.329, 2275.062
327.3, 378.5937, 789.6797, 48.01401, 181.5349, 568.3925, 280.9432, 970.1617, 1121.043, 757.8062, 564.8464, 71.42075, 934.4888, 357.77, 1398.914, 2383.2
327.4, 375.9016, 840.8592, 191.6087, 172.1024, 538.1325, 264.9103, 917.2681, 1056.482, 702.2125, 551.4454, 66.57869, 887.7966, 341.9195, 1854.32, 2341.953
327.5, 464.193, 800.0174, 182.013, 193.8139, 527.5448, 249.7924, 943.1501, 995.6397, 650.6972, 546.7069, 62.0649, 843.4374, 326.7713, 1744.089, 2417.539
327.6, 437.7025, 761.1593, 172.8979, 304.3686, 591.0638, 235.5372, 946.4389, 938.301, 602.9611, 533.4296, 57.85713, 801.2946, 312.2942, 1640.411, 2383.919
327.7, 413.4198, 724.1887, 164.2393, 288.5537, 559.5969, 222.0956, 894.8386, 1032.927, 558.7271, 546.4143, 53.93463, 761.2575, 298.4584, 1542.897, 2599.506
327.8, 481.984, 832.1048, 156.0142, 273.5605, 529.8051, 209.4211, 846.0516, 973.4413, 517.738, 588.9865, 50.27806, 841.8682, 285.2357, 1451.179, 2511.263
327.9, 454.4782, 791.6882, 148.2011, 259.3463, 501.5994, 197.4698, 822.1451, 986.9097, 573.6359, 543.9235, 46.8694, 799.8038, 272.5987, 1364.913, 2389.336
328, 428.542, 753.2347, 140.7793, 245.8707, 575.8244, 186.2006, 973.8222, 1016.859, 531.5532, 502.3083, 43.69183, 847.4804, 260.5216, 1359.455, 2273.328
328.1, 404.086, 716.6489, 133.7291, 233.0953, 545.1688, 175.5745, 920.729, 958.2979, 492.5577, 463.877, 40.72969, 805.1356, 445.3493, 1278.641, 2162.954
328.2, 381.0256, 753.403, 127.0321, 220.9837, 516.1451, 165.5548, 870.5305, 943.3943, 456.423, 454.5845, 37.96836, 764.9066, 425.6187, 1202.632, 2397.458
328.3, 359.2813, 716.809, 120.6704, 209.5014, 488.6667, 156.107, 895.6024, 889.0645, 422.9391, 464.3428, 35.39425, 726.6877, 406.7623, 1250.313, 2281.057
328.4, 338.7778, 681.9925, 114.6273, 198.6157, 469.3302, 147.1983, 846.7737, 897.3444, 391.9117, 428.8162, 32.99465, 690.3784, 433.5665, 1258.213, 2170.307
328.5, 333.6136, 648.8671, 108.8868, 188.2957, 444.3441, 138.7979, 800.6073, 845.6666, 363.1606, 413.2116, 30.75774, 719.952, 414.358, 1183.418, 2064.934
328.6, 314.5749, 617.3506, 103.4338, 178.5119, 420.6882, 130.877, 756.9578, 796.9648, 336.5186, 381.597, 28.67248, 743.5107, 455.7475, 1113.069, 2082.448
328.7, 296.6227, 587.3649, 98.25388, 243.7681, 398.2916, 123.4081, 790.6937, 901.9008, 311.8311, 352.4013, 26.72859, 736.7948, 716.454, 1046.903, 2087.439
328.8, 297.3372, 558.8357, 93.33338, 231.102, 377.0874, 116.3655, 868.9527, 849.9606, 360.7247, 380.306, 24.91649, 805.1548, 801.4792, 984.6691, 2073.421
328.9, 280.3688, 531.6922, 88.65929, 238.2206, 431.8577, 257.3277, 979.9928, 801.0115, 334.2614, 351.209, 23.22724, 800.6745, 765.9709, 926.1351, 2241.683
329, 465.819, 505.8671, 95.97739, 319.8138, 408.8665, 443.3435, 926.5632, 754.8815, 309.7396, 429.2164, 182.1148, 771.8576, 732.0356, 871.0807, 2132.845
329.1, 439.2357, 901.1535, 91.17089, 303.1963, 862.7968, 1623.949, 948.7942, 778.5132, 355.6528, 396.3773, 310.3089, 763.254, 699.6039, 819.2991, 2029.291
329.2, 414.1694, 1139.18, 86.6051, 424.7601, 1516.085, 3380.165, 1096.102, 733.6788, 329.5616, 366.0507, 498.4436, 725.1177, 668.6089, 876.5975, 1930.765
329.3, 390.5336, 1083.849, 82.26797, 402.6896, 1609.971, 4197.368, 1102.051, 766.9309, 381.0724, 338.0444, 464.6509, 688.8868, 638.9872, 824.4879, 2166.911
329.4, 368.2466, 1031.204, 78.14803, 381.7659, 1762.224, 4225.42, 1041.967, 722.7635, 353.1164, 349.8797, 433.1493, 763.7128, 610.6778, 775.4759, 2061.703
329.5, 367.1491, 981.1172, 74.23442, 361.9294, 1678.851, 4075.797, 985.1582, 681.1398, 344.021, 323.1106, 403.7834, 725.5535, 583.6226, 893.6827, 2152.665
329.6, 346.1966, 933.4628, 70.5168, 343.1236, 1589.473, 3915.174, 931.447, 778.5908, 988.2103, 328.9055, 376.4084, 689.3008, 557.7661, 1007.405, 2048.148
329.7, 326.4399, 888.1231, 66.98536, 325.2949, 1504.853, 3773.445, 880.6641, 733.752, 1430.956, 545.0023, 586.1486, 654.8596, 573.3283, 1490.565, 2097.723
329.8, 307.8106, 844.9856, 63.63077, 308.3926, 1506.19, 3672.791, 832.6499, 691.4954, 1504.471, 512.6881, 546.4099, 622.1392, 547.9279, 1991.741, 1995.874
329.9, 290.2445, 803.9434, 60.44417, 292.3686, 1426.004, 3635.65, 787.2535, 651.6723, 1430.966, 473.4626, 638.0197, 591.0536, 523.6527, 1907.989, 1898.97
330, 273.6808, 764.8946, 57.41716, 277.1772, 1350.087, 3645.941, 744.3321, 614.1426, 1514.606, 527.4567, 594.7643, 561.5214, 585.1149, 1904.226, 2044.012
330.1, 258.0624, 727.7425, 54.54174, 262.7751, 1288.992, 3437.875, 943.9092, 659.5921, 1936.804, 487.1013, 554.4415, 533.4647, 559.1923, 1791.029, 1944.771
330.2, 243.3353, 692.395, 51.81032, 249.1213, 1269.384, 3385.467, 892.4469, 621.6063, 1989.663, 449.8335, 516.8524, 506.8098, 549.8115, 1922.478, 1850.348
330.3, 229.4487, 658.7643, 49.21569, 236.177, 1284.082, 3226.897, 843.7903, 642.1501, 1843.698, 415.417, 481.8117, 481.4868, 525.4529, 1973.153, 1760.51
330.4, 216.3545, 626.7671, 46.75099, 223.9053, 1215.72, 3416.448, 797.7865, 605.1688, 1866.2, 383.6337, 449.1467, 531.179, 502.1735, 1988.58, 1816.004
330.5, 204.0076, 703.1197, 44.40973, 212.2712, 1150.998, 3475.539, 754.2908, 652.574, 1881.718, 486.777, 528.9424, 574.47, 479.9254, 2014.285, 2133.316
330.6, 192.3653, 716.744, 42.18571, 201.2416, 1167.533, 3520.531, 713.1666, 614.9924, 1743.673, 449.534, 493.0821, 682.8652, 458.663, 2000.819, 2103.029
330.7, 261.0467, 681.9307, 40.07308, 190.7851, 1105.376, 3426.935, 717.6835, 579.5751, 1615.755, 423.9448, 459.6529, 648.7455, 438.3426, 1928.605, 2000.923
330.8, 246.1493, 648.8082, 38.06624, 180.8719, 1046.528, 3296.42, 678.5551, 546.1974, 1497.22, 391.5091, 624.2639, 687.414, 418.9225, 1923.577, 1903.774
330.9, 232.102, 617.2946, 36.1599, 171.4738, 1080.825, 3108.3, 641.5599, 999.0289, 1387.382, 361.5549, 581.9412, 727.5155, 475.1971, 1975.719, 1905.996
331, 218.8564, 587.3116, 34.34903, 162.5641, 1023.284, 2930.916, 682.6794, 1422.592, 1406.921, 333.8926, 574.6779, 691.1649, 454.1442, 1944.937, 1837.496
331.1, 206.3667, 571.8276, 32.62885, 154.1173, 968.8069, 3022.8, 645.4595, 1340.665, 1377.905, 366.611, 615.3774, 656.6304, 523.2836, 1879.695, 1788.235
331.2, 194.5898, 554.9882, 30.99482, 186.0026, 917.2297, 3050.64, 682.666, 1263.456, 1378.788, 384.4039, 573.6571, 623.8216, 500.1003, 1767.956, 1841.18
331.3, 256.5598, 528.0316, 29.44261, 224.3691, 974.6652, 3006.739, 645.4467, 1190.694, 1373.921, 354.9934, 534.7653, 592.652, 510.8539, 1704.219, 1751.786
331.4, 241.9185, 537.9193, 27.96814, 212.711, 922.7761, 2925.102, 610.2567, 1122.122, 1273.129, 327.8331, 498.5102, 563.0399, 488.2213, 1757.844, 1738.247
331.5, 228.1127, 511.7917, 26.56751, 201.6585, 940.0848, 2758.172, 576.9852, 1057.5, 1179.73, 302.7508, 464.713, 534.9073, 466.5913, 1653.348, 1799.148
331.6, 215.0948, 486.9332, 25.23703, 191.1804, 893.2397, 2801.727, 812.3904, 996.5984, 1093.183, 279.5875, 433.2072, 508.1804, 445.9197, 1555.064, 1711.795
331.7, 220.6891, 463.2821, 23.97317, 181.2467, 845.6856, 2728.754, 1427.139, 939.2046, 1012.986, 258.1964, 403.8373, 482.7889, 426.1638, 1506.141, 1728.994
331.8, 236.0534, 470.1773, 22.77261, 308.0174, 846.5159, 2614.129, 1349.331, 885.116, 1078.138, 238.442, 376.4587, 458.6661, 407.2833, 1652.292, 1645.048
331.9, 222.5823, 447.3401, 21.63217, 318.2803, 907.5527, 2679.423, 1355.586, 1128.343, 999.044, 220.1989, 350.9362, 435.7486, 389.2392, 1632.481, 1639.994
332, 209.88, 485.1927, 20.54884, 307.699, 859.2365, 2630.719, 1281.679, 1063.362, 925.7527, 203.3516, 327.144, 520.9189, 393.6599, 1572.052, 1560.368
332.1, 197.9025, 461.6261, 19.51976, 291.711, 859.0007, 2480.589, 1303.463, 1002.123, 857.8383, 187.7933, 304.9649, 494.8909, 640.0811, 1478.6, 1614.681
332.2, 186.6086, 439.2043, 18.54222, 326.0948, 912.0423, 2339.026, 1630.33, 944.411, 794.9061, 173.4253, 284.2894, 470.1634, 611.7233, 1472.893, 1579.849
332.3, 175.9592, 417.8714, 17.61364, 371.7152, 946.3168, 2316.291, 2116.323, 890.0226, 736.5906, 160.1567, 265.0156, 446.6715, 749.6956, 1385.336, 1564.554
332.4, 165.9176, 397.5748, 16.73156, 467.5393, 928.8541, 2324.536, 2000.94, 838.7664, 682.5533, 147.9032, 247.0486, 424.3533, 716.4814, 1302.984, 1548.901
332.5, 156.449, 378.2639, 15.89365, 443.246, 879.4039, 2198.668, 1891.848, 790.462, 632.4803, 136.5872, 416.7963, 403.1503, 799.0436, 1300.298, 1473.699
332.6, 147.5208, 359.8911, 15.0977, 420.215, 844.105, 2220.511, 1911.544, 744.9395, 586.0806, 126.137, 449.5211, 383.0067, 763.6432, 1332.912, 1611.259
332.7, 139.1021, 379.1802, 14.34162, 398.3807, 799.1667, 2173.933, 1984.638, 702.0386, 543.085, 116.4863, 609.5551, 669.9686, 749.8198, 1253.676, 1600.873
332.8, 131.1638, 360.7628, 13.6234, 377.6809, 775.8103, 2192.623, 1876.435, 661.6083, 503.2435, 107.574, 768.7764, 636.4933, 716.6002, 1179.151, 1644.512
332.9, 123.6785, 343.24, 12.94115, 358.0567, 734.5078, 2067.494, 1791.16, 623.5065, 466.3249, 99.3436, 716.6562, 604.6906, 762.4894, 1109.056, 1596.856
333, 116.6205, 326.5683, 12.29306, 339.4521, 695.4042, 1956.216, 1733.579, 587.5989, 432.1146, 91.74287, 668.0696, 574.4769, 757.868, 1043.128, 1519.325
333.1, 109.9652, 322.1784, 11.67743, 321.8142, 658.3823, 1895.043, 1762.685, 553.7592, 400.4141, 84.72368, 622.777, 545.7728, 724.2917, 1036.741, 1445.559
333.2, 103.6897, 306.5297, 11.09263, 523.967, 623.3315, 1786.897, 1691.208, 521.8683, 371.0392, 78.24152, 580.555, 518.503, 692.2031, 1071.464, 1441.495
333.3, 97.77231, 291.6411, 10.53712, 496.7418, 703.486, 1926.548, 1795.315, 491.8141, 343.8192, 72.2553, 717.8797, 492.5957, 704.1609, 1007.771, 1519.13
333.4, 92.19264, 277.4756, 10.00942, 470.9312, 688.3469, 1842.227, 1717.202, 463.4906, 318.5962, 66.72709, 669.2101, 467.9829, 872.0374, 1081.244, 1445.373
333.5, 86.9314, 263.9982, 9.508158, 446.4616, 651.7008, 1918.367, 1623.579, 637.6127, 295.2235, 61.62184, 623.8401, 444.5999, 833.403, 1016.969, 1413.006
333.6, 81.9704, 251.1754, 9.031994, 423.2635, 1371.123, 1824.319, 1692.05, 693.2042, 273.5655, 56.90719, 581.5461, 422.3853, 834.8647, 956.515, 1529.088
333.7, 77.29251, 331.424, 8.579677, 401.2708, 1452.105, 1982.691, 1730.382, 678.4813, 253.4963, 52.55325, 652.7238, 401.2806, 949.6344, 998.1902, 1499.792
333.8, 127.704, 330.1677, 8.150011, 380.4209, 1469.942, 1920.202, 1636.041, 759.991, 234.8995, 48.53243, 733.849, 381.2304, 1062.281, 938.8525, 1454.588
333.9, 120.4162, 365.2871, 7.741863, 451.3449, 1626.829, 1810.62, 1720.073, 716.2233, 217.6669, 44.81924, 684.0967, 362.182, 1040.951, 883.0421, 1416.174
334, 113.5443, 479.164, 7.354155, 427.8931, 1540.22, 1984.612, 1626.294, 720.7752, 201.6986, 41.39015, 670.9444, 344.0854, 1037.663, 830.5494, 1347.416
334.1, 107.0646, 591.4199, 41.78242, 457.5466, 1472.925, 2179.857, 1575.515, 778.7321, 186.9017, 38.22342, 834.1866, 326.893, 1163.06, 781.1771, 1382.452
334.2, 100.9546, 578.2579, 39.68998, 674.9878, 1593.23, 3060.303, 1696.051, 1082.141, 173.1903, 35.29897, 909.0096, 310.5596, 1111.533, 815.4149, 1357.529
334.3, 95.19334, 723.488, 37.70233, 639.9155, 1516.323, 4090.424, 1698.213, 1019.821, 160.4848, 32.59826, 847.3821, 295.0424, 1062.288, 1059.295, 1291.618
334.4, 89.76084, 688.3471, 35.81422, 606.6656, 1446.957, 3856.991, 1605.626, 961.0898, 148.7114, 30.10419, 789.9328, 280.3004, 1015.225, 996.3253, 1228.907
334.5, 84.63837, 654.913, 34.02066, 606.82, 1412.513, 3911.762, 1518.087, 905.7409, 137.8018, 27.80094, 736.3783, 266.2951, 1128.936, 937.0984, 1169.241
334.6, 79.80824, 623.1029, 32.31693, 575.2897, 1395.096, 3762.078, 1435.32, 853.5795, 127.6924, 25.6739, 686.4546, 252.9895, 1078.92, 881.3923, 1336.363
334.7, 75.25374, 592.8378, 30.69851, 545.3978, 1320.824, 3612.524, 1414.181, 804.422, 118.3247, 23.70961, 639.9155, 240.3488, 1155.17, 828.9976, 1271.48
334.8, 70.95916, 564.0428, 29.16115, 517.059, 1356.278, 3409.821, 1337.079, 758.0955, 109.6443, 21.8956, 596.5316, 228.3396, 1284.958, 779.7176, 1209.747
334.9, 66.90966, 536.6464, 27.70078, 490.1927, 1387.875, 3315.72, 1442.842, 714.437, 101.6006, 20.22038, 556.089, 216.9305, 1295.892, 733.367, 1151.011
335, 63.09126, 510.5806, 26.31354, 540.8879, 1326.153, 3281.678, 1364.177, 673.2927, 94.14705, 18.67333, 518.3882, 206.0915, 1276.805, 689.7718, 1095.127
335.1, 59.49077, 485.7809, 24.99577, 512.7834, 1356.769, 3187.987, 1289.802, 634.5179, 87.24029, 17.24464, 483.2434, 195.794, 1503.418, 648.7681, 1128.317
335.2, 56.09575, 462.1858, 23.74399, 486.1393, 1284.537, 3193.406, 1283.291, 597.9761, 80.84022, 15.92527, 450.4813, 186.0111, 1442.956, 610.2018, 1073.535
335.3, 55.23798, 439.7368, 22.55491, 476.5888, 1216.151, 3080.537, 1213.325, 563.5388, 74.90967, 14.70683, 419.9404, 176.7169, 1481.61, 573.9282, 1152.442
335.4, 52.08566, 418.3781, 21.42537, 451.8253, 1181.148, 2943.804, 1147.174, 531.0848, 69.41419, 13.58162, 391.47, 167.8872, 1574.384, 539.8109, 1136.583
335.5, 49.11323, 398.0568, 20.3524, 452.6998, 1118.267, 2917.558, 1340.975, 500.4997, 64.32187, 12.5425, 364.9297, 159.4986, 1504.634, 507.7216, 1081.399
335.6, 46.31044, 378.7226, 19.33316, 429.1776, 1058.733, 2893.836, 1267.864, 471.6761, 59.60313, 11.58288, 340.1889, 151.5292, 1437.973, 477.5399, 1231.621
335.7, 43.66759, 360.3275, 18.36497, 406.8776, 1002.368, 2728.691, 1198.74, 444.5123, 55.23056, 10.69668, 317.1253, 143.958, 1702.586, 449.1524, 1273.963
335.8, 41.17557, 342.8258, 17.44526, 385.7363, 1031.539, 2613.222, 1133.384, 418.913, 51.17876, 9.878285, 295.6254, 136.765, 1627.156, 422.4524, 1212.109
335.9, 38.82576, 326.1742, 16.57161, 365.6935, 1030.437, 2486.221, 1190.725, 394.7879, 47.42422, 9.122503, 275.5831, 129.9315, 1555.067, 397.3396, 1230.499
336, 36.61005, 401.2927, 15.74171, 440.7302, 975.5786, 2504.055, 1125.806, 372.0521, 43.94511, 8.424546, 256.8996, 123.4394, 1603.323, 373.7196, 1170.756
336.1, 34.52079, 381.8013, 157.3373, 417.8299, 1490.595, 2455.195, 1064.427, 350.6257, 40.72124, 7.779989, 474.1423, 117.2717, 1532.291, 351.5037, 1113.913
336.2, 32.55076, 363.2566, 806.6336, 396.1195, 1423.964, 2474.708, 1097.824, 330.4333, 37.73387, 7.184747, 622.897, 111.4122, 1464.405, 330.6085, 1059.83
336.3, 30.69315, 352.6948, 797.8196, 375.5372, 1381.82, 2333.481, 1037.97, 311.4037, 34.96566, 6.635046, 649.1792, 105.8454, 1670.809, 310.9553, 1008.373
336.4, 28.94156, 343.4165, 757.8652, 356.0244, 1308.255, 2478.029, 1093.885, 293.4701, 32.40053, 6.127402, 605.1672, 100.5568, 1596.787, 292.4705, 959.4149
336.5, 27.28992, 326.7362, 845.8294, 337.5254, 1391.018, 2367.604, 1090.494, 276.5692, 30.02358, 5.658598, 657.4167, 95.5324, 1549.243, 275.0845, 912.8333
336.6, 25.73254, 372.4832, 820.7466, 408.2454, 1459.047, 2423.017, 1031.039, 260.6416, 27.82101, 5.225662, 664.9747, 90.75908, 1480.606, 258.732, 956.7908
336.7, 24.26403, 354.3912, 887.2721, 387.033, 1581.943, 2304.289, 974.8267, 245.6313, 25.78002, 4.82585, 752.9648, 86.22426, 1415.01, 243.3516, 910.3366
336.8, 22.87934, 337.1779, 842.838, 366.9228, 2249.746, 2172.788, 1086.159, 231.4855, 23.88877, 4.456627, 701.9166, 81.91602, 1454.482, 228.8855, 866.1379
336.9, 21.57366, 320.8006, 800.6292, 609.0524, 2682.882, 2048.791, 1026.941, 218.1543, 22.13625, 4.115653, 654.3293, 77.82305, 1427.319, 215.2793, 878.8174
337, 20.34249, 305.2188, 760.5341, 737.9501, 2721.18, 2097.762, 970.9518, 205.5908, 20.5123, 3.800767, 609.9682, 73.93459, 1369.91, 202.482, 836.149
337.1, 19.18159, 290.3939, 722.4469, 790.1445, 2580.853, 1978.047, 918.0151, 193.7509, 19.00749, 3.509973, 568.6146, 70.24041, 1309.218, 190.4454, 795.5522
337.2, 18.08693, 276.289, 874.918, 749.0887, 2578.668, 2032.701, 867.9645, 182.5928, 17.61308, 3.241427, 530.0646, 66.73081, 1251.215, 179.1243, 756.9265
337.3, 17.05475, 262.8692, 831.1025, 710.1662, 2527.851, 2014.857, 876.066, 172.0774, 16.32096, 2.993427, 494.1282, 63.39657, 1302.164, 168.4762, 855.311
337.4, 16.08147, 250.1013, 824.435, 792.8124, 2393.274, 1995.312, 839.3026, 162.1675, 15.12363, 2.764402, 529.7359, 60.22893, 1250.981, 158.461, 813.7839
337.5, 15.16373, 237.9535, 783.1477, 751.6179, 2454.515, 1881.444, 833.5958, 152.8283, 14.01414, 2.552899, 552.6007, 57.21956, 1335.922, 149.0413, 846.5017
337.6, 14.29837, 226.3957, 743.9281, 712.564, 2323.842, 1774.074, 839.3483, 144.0269, 12.98604, 2.357578, 533.2408, 54.36056, 1371.864, 140.1815, 805.4023
337.7, 13.48239, 215.3993, 762.5206, 675.5392, 2257.222, 1823.814, 793.5867, 135.7325, 12.03337, 2.177201, 759.6813, 51.64441, 1311.085, 131.8483, 866.5009
337.8, 12.71298, 253.7144, 724.334, 640.4383, 2317.116, 1850.727, 777.0436, 127.9156, 11.15058, 2.010625, 708.1777, 49.06397, 1252.999, 124.0106, 824.4304
337.9, 11.98747, 241.3911, 688.0598, 607.1612, 2307.057, 1745.109, 783.8832, 120.549, 10.33256, 1.856793, 660.1658, 46.61246, 1372.723, 116.6387, 784.4026
338, 11.30337, 229.6664, 653.6021, 575.6132, 2340.145, 2213.9, 857.5837, 113.6066, 9.574549, 1.714731, 615.4091, 44.28345, 1311.906, 109.7051, 746.3182
338.1, 10.65831, 240.1386, 620.8701, 545.7043, 2256.333, 2778.298, 896.6743, 107.064, 8.872147, 1.583538, 719.3622, 42.0708, 1313.363, 103.1836, 710.0829
338.2, 10.05006, 272.3701, 589.7772, 517.3496, 2307.145, 2851.034, 902.5703, 100.8983, 8.221273, 1.462382, 670.5921, 39.96871, 1267.136, 97.04987, 675.6069
338.3, 9.476524, 259.1407, 602.334, 490.4682, 2184.318, 2891.386, 931.9164, 95.08755, 7.618149, 1.350496, 951.1222, 37.97166, 1496.547, 91.28071, 642.8047
338.4, 8.935719, 246.5538, 572.1695, 464.9835, 2141.004, 2726.381, 881.108, 89.61148, 7.059271, 87.22942, 1218.844, 36.07438, 1550.087, 85.8545, 754.9679
338.5, 8.425775, 234.5783, 575.2228, 440.823, 2150.119, 2657.397, 833.0696, 84.45078, 6.541393, 628.8713, 1160.921, 34.27191, 1481.413, 80.75085, 718.3126
338.6, 7.944932, 223.1845, 586.164, 417.9179, 2069.112, 2631.446, 787.6503, 79.58727, 6.061508, 628.845, 1082.215, 32.55949, 1415.781, 75.95059, 760.9219
338.7, 7.491531, 212.3441, 610.5994, 396.2029, 2168.517, 2504.106, 787.4849, 75.00386, 5.616827, 580.7324, 1086.525, 30.93264, 1353.057, 71.43568, 723.9776
338.8, 7.064004, 202.0302, 580.0209, 375.6163, 2093.525, 2361.201, 744.5508, 70.6844, 5.204769, 536.3009, 1012.862, 29.38708, 1391.288, 67.18916, 688.827
338.9, 6.660876, 192.2173, 550.9738, 356.0993, 2011.589, 2323.902, 703.9576, 66.6137, 4.822939, 495.2688, 944.1941, 27.91874, 1329.649, 63.19508, 655.383
339, 6.280753, 182.881, 523.3813, 376.7545, 1950.277, 2395.149, 753.6091, 62.77743, 4.469122, 457.3761, 880.1812, 26.52376, 1409.734, 59.43843, 745.2426
339.1, 5.922323, 173.9982, 627.635, 357.1784, 1852.578, 2278.886, 712.522, 59.16209, 215.5829, 422.3825, 820.5082, 25.19849, 1433.414, 55.90509, 709.0595
339.2, 5.584348, 165.5468, 596.2034, 338.6195, 1860.635, 2148.834, 673.675, 55.75496, 433.9035, 390.0663, 764.8808, 23.93943, 1369.909, 52.5818, 724.7408
339.3, 5.265661, 157.506, 566.3458, 321.0248, 1838.044, 2157.492, 674.5232, 52.54405, 1011.476, 360.2225, 713.0247, 22.74329, 1309.217, 49.45606, 689.5532
339.4, 4.96516, 149.8557, 537.9835, 304.3444, 1867.135, 2090.089, 637.7479, 49.51805, 1907.894, 332.6621, 664.6843, 21.60691, 1251.214, 46.51613, 656.0739
339.5, 4.681808, 142.577, 511.0416, 288.5307, 1767.733, 1970.812, 602.9777, 46.66631, 2135.464, 307.2103, 619.6212, 20.52731, 1195.781, 43.75096, 771.0334
339.6, 4.414627, 135.6518, 485.4489, 273.5387, 1726.726, 2078.174, 570.1031, 43.97881, 2073.234, 283.7058, 758.8899, 19.50165, 1142.803, 332.0318, 733.5981
339.7, 4.162693, 129.063, 461.1379, 259.3257, 1756.579, 2092.003, 658.9787, 41.44608, 1979.54, 261.9996, 871.3063, 18.52724, 1092.173, 312.2941, 697.9803
339.8, 3.925136, 122.7942, 438.0443, 411.0245, 1738.181, 1988.291, 623.0509, 39.05921, 1834.318, 241.9542, 812.235, 17.60152, 1088.031, 596.5962, 664.0919
339.9, 3.701136, 116.8299, 437.5398, 389.6677, 1661.318, 1874.823, 589.0819, 36.8098, 1866.349, 223.4424, 757.1685, 16.72205, 1039.827, 690.027, 631.8489
340, 3.48992, 111.1553, 478.9035, 431.9399, 1572.873, 1877.878, 556.9649, 34.68993, 1794.772, 206.347, 705.8353, 15.88653, 993.759, 649.0082, 601.1713
340.1, 3.290757, 105.7563, 454.9203, 409.4964, 1563.646, 1790.16, 632.4709, 32.69214, 1663.105, 190.5595, 657.9822, 15.09275, 949.732, 610.4277, 709.0914
340.2, 3.10296, 100.6195, 483.7095, 388.219, 1551.407, 1748.602, 631.4448, 30.80941, 1541.097, 199.869, 613.3735, 14.33863, 907.6555, 574.1406, 674.6635
340.3, 2.925881, 95.7323, 510.134, 368.0472, 1503.336, 1648.813, 644.2394, 29.0351, 1470.723, 184.5772, 571.789, 13.62219, 867.4432, 540.0107, 641.9072
340.4, 2.758907, 91.08244, 484.5868, 348.9235, 1447.414, 1603.275, 609.1152, 27.36298, 1382.338, 170.4553, 533.0238, 12.94155, 948.0715, 507.9096, 610.7412
340.5, 2.601461, 86.65842, 460.3189, 489.954, 1409.984, 1707.345, 575.9059, 25.78715, 1423.477, 157.4138, 496.8868, 12.29492, 906.0686, 477.7167, 581.0884
340.6, 2.453001, 82.4493, 437.2664, 464.4961, 1457.544, 1609.91, 664.3264, 24.30207, 1319.049, 145.3702, 463.1997, 11.6806, 865.9266, 449.3187, 552.8754
340.7, 2.313013, 78.44461, 446.0898, 440.3609, 1379.947, 1529.538, 684.4308, 22.90252, 1222.282, 134.248, 431.7965, 11.09697, 827.563, 537.2393, 526.0321
340.8, 2.181014, 211.5876, 423.7498, 417.4798, 1467.615, 1538.714, 647.1154, 21.58357, 1132.613, 123.9768, 402.5223, 10.54251, 947.9429, 505.3029, 500.4922
340.9, 2.056548, 201.3105, 416.6368, 395.7876, 1389.482, 1450.903, 611.8344, 20.34058, 1355.515, 321.3546, 375.2328, 10.01575, 905.9457, 576.925, 572.659
341, 1.939185, 191.5325, 395.7719, 375.2226, 1315.509, 1483.289, 578.4769, 19.16917, 1647.088, 692.6905, 349.7934, 9.515305, 912.7366, 611.0255, 983.8217
341.1, 1.82852, 182.2295, 386.6576, 355.726, 1275.265, 1424.235, 609.3166, 18.06522, 1603.606, 697.1595, 326.0787, 9.039867, 872.2992, 574.7028, 936.0551
341.2, 1.72417, 173.3784, 382.9278, 337.2426, 1303.141, 1491.883, 576.0964, 17.02485, 1485.963, 643.8202, 303.9717, 8.588186, 845.0771, 540.5394, 890.6076
341.3, 1.625775, 164.9571, 420.2826, 319.7195, 1236.979, 1499.074, 544.6874, 16.04439, 1376.951, 594.5619, 283.3636, 8.159073, 807.6372, 508.4069, 847.3668
341.4, 1.532995, 156.9449, 425.6194, 303.1069, 1345.937, 1413.525, 514.9908, 15.1204, 1401.034, 605.2337, 264.1526, 218.3111, 787.6373, 604.7377, 806.2253
341.5, 1.44551, 149.3218, 404.3046, 287.3575, 1373.742, 1332.858, 521.6076, 14.24962, 1494.287, 558.9276, 246.244, 261.4023, 752.7422, 568.7889, 767.0814
341.6, 1.363018, 142.069, 384.0573, 272.4265, 1348.593, 1256.794, 568.7319, 13.42899, 1384.664, 516.1644, 229.5496, 248.3412, 719.3931, 534.9771, 729.838
341.7, 1.285233, 135.1685, 364.8239, 337.6028, 1276.797, 1222.589, 537.7244, 12.65561, 1283.083, 533.6884, 213.987, 235.9328, 840.152, 503.1752, 694.4028
341.8, 1.211887, 128.6032, 346.5537, 320.061, 1208.823, 1152.818, 508.4074, 11.92678, 1188.954, 499.7589, 199.4795, 224.1443, 802.9304, 473.2638, 660.6881
341.9, 1.142727, 122.3567, 349.2526, 303.4306, 1144.468, 1145.206, 480.6888, 1127.74, 1101.731, 461.5227, 185.9555, 966.6901, 767.3577, 445.1304, 628.6103
342, 1.077514, 717.5182, 345.5887, 287.6644, 1083.539, 1228.84, 454.4814, 1758.372, 1020.906, 449.024, 173.3484, 1168.218, 733.3611, 535.7324, 598.09
342.1, 1.016023, 1613.508, 377.465, 272.7174, 1106.376, 1158.713, 429.7029, 1803.479, 946.0113, 426.0483, 161.596, 1242.683, 724.6728, 503.8857, 569.0515
342.2, 0.9580402, 1602.784, 358.5617, 318.4302, 1144.065, 1153.011, 507.5066, 1804.101, 876.6106, 393.4516, 150.6404, 1192.762, 825.0297, 785.5768, 541.4228
342.3, 0.9033667, 1524.934, 340.6052, 301.8846, 1171.203, 1181.756, 479.8371, 2238.677, 812.3012, 369.5806, 140.4276, 1325.687, 788.4779, 738.8779, 515.1356
342.4, 0.8518134, 1450.866, 359.3277, 286.1987, 1180.642, 1239.446, 453.6762, 2235.641, 752.7097, 341.3042, 130.9071, 1259.449, 753.5455, 694.9551, 490.1246
342.5, 0.8032022, 1380.395, 409.2875, 271.3279, 1162.171, 1168.713, 428.9416, 2237.04, 697.4898, 429.4932, 122.0321, 1196.52, 720.1608, 653.6432, 466.3281
342.6, 0.757365, 1313.347, 388.7906, 294.6787, 1105.307, 1102.017, 405.5555, 2282.901, 646.321, 396.6329, 113.7588, 1701.262, 709.8303, 614.7872, 443.6869
342.7, 0.7141438, 1249.556, 369.3202, 279.3672, 1046.463, 1168.445, 455.0315, 2416.866, 598.9059, 366.2868, 106.0463, 2207.851, 678.3823, 578.241, 422.1449
342.8, 0.673389, 1188.863, 350.8248, 264.8513, 1057.564, 1109.984, 430.223, 2542.935, 554.9694, 338.2624, 98.85679, 2220.982, 648.3275, 543.8673, 401.6489
342.9, 0.6349601, 1131.118, 355.7551, 251.0897, 1050.381, 1046.639, 406.767, 2396.488, 514.256, 312.3821, 92.15466, 2194.823, 619.6043, 511.537, 382.148
343, 0.5987242, 1076.178, 346.7177, 238.0431, 1001.173, 1004.212, 521.8517, 2258.474, 476.5295, 288.482, 85.90692, 2109.833, 756.1633, 481.1285, 363.5939
343.1, 0.5645562, 1051.174, 346.7401, 271.4033, 1089.228, 946.9038, 493.4002, 2128.409, 441.5706, 266.4104, 80.08275, 2168.708, 725.827, 452.5276, 345.9407
343.2, 1.540217, 1000.117, 329.3755, 257.3012, 1031.24, 892.8659, 515.1982, 2199.885, 409.1764, 246.0275, 74.65343, 2145.174, 831.6592, 425.627, 329.1445
343.3, 11.50143, 951.5396, 312.8806, 243.9319, 1096.092, 955.6414, 487.1094, 2073.194, 379.1587, 227.204, 69.59221, 2093.886, 877.0552, 400.3254, 313.1639
343.4, 10.84507, 944.6776, 368.6841, 231.2572, 1249.242, 901.1048, 460.552, 2278.341, 351.343, 209.8208, 64.87411, 2079.295, 964.6418, 376.528, 297.9591
343.5, 10.22616, 1032.333, 350.2206, 219.2411, 1182.735, 905.0274, 435.4425, 2371.844, 325.568, 193.7675, 60.47589, 1975.402, 921.9047, 354.1451, 283.4926
343.6, 9.642578, 982.1909, 332.6817, 207.8494, 1119.769, 915.5682, 411.702, 2235.25, 301.6839, 178.9425, 56.37585, 2014.919, 1020.4, 333.0929, 269.7284
343.7, 39.70714, 934.4844, 316.0212, 197.0496, 1167.682, 896.7033, 418.0255, 2154.401, 279.5519, 165.2517, 52.55378, 2037.57, 975.1927, 313.2921, 256.6325
343.8, 37.44113, 1043.722, 300.195, 214.7972, 1133.914, 845.5303, 451.4641, 2065.287, 259.0436, 152.6084, 48.99083, 1935.762, 1065.555, 294.6683, 244.1725
343.9, 35.30444, 993.0267, 300.9186, 252.3028, 1073.547, 797.2776, 426.8501, 1980.527, 240.0398, 140.9324, 45.66943, 1970.457, 1018.347, 277.1516, 232.3174
344, 33.28969, 1019.696, 285.8488, 239.1932, 1342.07, 881.4571, 403.578, 2035.545, 222.4302, 130.1497, 42.57321, 1872.002, 986.088, 260.6763, 221.0379
344.1, 31.38991, 970.1679, 271.5336, 226.7647, 1993.197, 831.1541, 381.5748, 1962.439, 206.1124, 120.1921, 39.6869, 1805.696, 1059.854, 245.1803, 210.306
344.2, 29.59855, 923.0453, 279.1245, 214.982, 2085.368, 783.7218, 360.7712, 1882.557, 190.9917, 110.9962, 36.99628, 1802.003, 1012.898, 230.6055, 200.0952
344.3, 27.90942, 878.2116, 265.1461, 203.8116, 1998.283, 738.9964, 341.1018, 1774.141, 176.9803, 102.504, 34.48807, 1711.965, 968.0234, 216.897, 190.3802
344.4, 26.31669, 835.5555, 331.7729, 193.2216, 1891.899, 696.8234, 373.0099, 1927.912, 163.9967, 94.66147, 32.14991, 1626.425, 999.7988, 204.0035, 181.1368
344.5, 24.81485, 794.9713, 318.1349, 243.4159, 1815.028, 657.0571, 352.6732, 1816.884, 151.9657, 87.41898, 29.97026, 1730.775, 1071.413, 191.8765, 172.3422
344.6, 23.39871, 756.3583, 338.4781, 230.768, 1940.584, 828.9752, 333.4453, 1712.25, 140.8173, 80.7306, 197.9136, 1644.296, 1299.622, 180.4703, 163.9747
344.7, 22.06339, 719.6208, 321.5273, 218.7773, 1837.272, 781.6673, 315.2657, 1613.642, 130.4867, 74.55395, 184.4958, 1562.138, 1348.3, 169.7422, 156.0133
344.8, 20.80428, 684.6678, 305.4254, 276.0287, 1754.558, 821.0758, 782.7964, 1520.713, 120.914, 68.84987, 171.9876, 1526.961, 1288.565, 159.6518, 148.4386
344.9, 19.61702, 679.4224, 346.922, 326.7065, 1661.149, 774.2187, 937.7964, 1509.572, 112.0436, 63.58221, 160.3275, 1601.602, 1231.477, 150.1613, 141.2316
345, 18.49752, 646.4218, 329.5483, 316.1268, 1572.713, 730.0356, 886.6674, 1462.753, 103.8239, 58.71757, 464.9101, 1521.577, 1328.552, 141.2349, 134.3745
345.1, 17.4419, 684.2515, 313.0447, 299.7009, 1488.985, 688.3739, 998.294, 1524.56, 96.20728, 54.22512, 558.3065, 1501.859, 1401.191, 132.8391, 127.8503
345.2, 16.44653, 684.6134, 297.3676, 400.9446, 1409.715, 649.0898, 1188.234, 1480.076, 89.14938, 50.07639, 545.8594, 1426.818, 1339.114, 124.9425, 121.6429
345.3, 15.50796, 651.3607, 282.4756, 441.6003, 1334.665, 612.0475, 1143.013, 1394.839, 82.60925, 46.24508, 508.8522, 1426.037, 1279.786, 117.5152, 115.7369
345.4, 14.62295, 619.7231, 268.3294, 493.1977, 1375.827, 577.1192, 1080.696, 1314.51, 76.54892, 42.70689, 474.3539, 1427.24, 1223.087, 110.5295, 110.1176
345.5, 13.78845, 589.6222, 254.8916, 467.5712, 1325.729, 544.1841, 1069.137, 1365.243, 70.93318, 39.43941, 442.1945, 1491.151, 1552.887, 103.959, 104.7712
345.6, 13.00157, 584.7822, 242.1268, 443.2762, 1435.79, 513.1287, 1010.847, 1286.619, 65.72942, 36.42192, 440.6176, 1416.645, 1585.441, 97.77914, 99.68433
345.7, 12.25959, 556.3784, 230.0012, 516.2777, 1359.352, 519.2432, 955.735, 1212.523, 60.90742, 33.6353, 523.1566, 1345.862, 1515.2, 91.96663, 94.84444
345.8, 18.36, 529.3542, 303.4839, 489.452, 1286.983, 568.5865, 1054.167, 1142.694, 56.43917, 31.06189, 674.1475, 1336.276, 1492.122, 86.49964, 90.23955
345.9, 17.31224, 503.6427, 288.2856, 479.4509, 1223.885, 581.3913, 1075.193, 1076.887, 52.29871, 28.68536, 628.4428, 1316.161, 1426.016, 81.35764, 85.85823
346, 16.32426, 515.7557, 273.8484, 463.0964, 1158.728, 548.2125, 1052.644, 1092.433, 48.462, 26.49066, 645.6546, 1371.328, 1498.992, 76.52131, 81.68964
346.1, 15.39267, 490.7047, 260.1342, 439.034, 1180.455, 529.6383, 995.2538, 1226.775, 44.90676, 24.46387, 601.8816, 1302.809, 1432.581, 71.97247, 77.72343
346.2, 14.51424, 559.774, 247.1068, 416.2218, 1310.133, 564.7151, 940.9921, 1156.125, 41.61234, 22.59216, 561.0762, 1237.713, 1581.911, 67.69405, 73.9498
346.3, 13.68594, 532.585, 234.7318, 422.2415, 1272.495, 532.488, 889.6888, 1089.544, 38.5596, 20.86364, 523.0374, 1207.513, 1653.52, 63.66995, 70.35938
346.4, 12.90491, 506.7165, 222.9766, 400.3019, 1204.75, 605.9625, 967.3909, 1026.798, 35.73082, 19.26738, 531.8377, 1147.179, 1598.264, 59.88507, 66.94329
346.5, 12.16846, 537.5453, 211.81, 379.5023, 1140.611, 611.8422, 991.4269, 967.6648, 33.10955, 17.79324, 555.7985, 1089.86, 1549.87, 56.32518, 63.69305
346.6, 11.47403, 529.1526, 201.2027, 359.7834, 1126.527, 642.4672, 937.3739, 911.9372, 30.68059, 16.43189, 560.6689, 1162.408, 1667.76, 52.97691, 60.60062
346.7, 10.81923, 531.6618, 229.3938, 436.8594, 1079.982, 605.8029, 886.2679, 859.4189, 28.42982, 15.1747, 522.6576, 1104.328, 1730.706, 49.82768, 57.65834
346.8, 10.20179, 561.1752, 217.9058, 531.9573, 1047.038, 647.747, 911.9836, 809.9252, 26.34417, 14.01369, 487.2234, 1049.149, 1776.015, 46.86566, 54.8589
346.9, 9.619598, 581.8345, 206.9932, 504.3168, 991.2961, 652.9293, 912.8043, 763.2818, 24.41152, 12.94151, 454.1914, 996.728, 1697.332, 44.07972, 52.19539
347, 9.070627, 623.6108, 196.6271, 478.1126, 1032.663, 615.668, 863.0378, 719.3246, 22.62066, 11.95136, 516.6997, 984.2919, 1712.686, 41.45938, 49.66119
347.1, 8.552985, 665.4554, 186.7801, 465.9464, 977.6863, 713.7709, 815.9846, 677.8989, 20.96118, 11.03697, 481.6694, 935.1112, 1636.808, 38.99482, 47.25004
347.2, 8.064883, 633.1332, 177.4263, 441.7358, 925.6364, 673.0375, 771.4968, 638.8588, 19.42344, 10.19254, 566.5411, 979.5579, 1568.677, 36.67676, 44.95595
347.3, 7.604637, 755.9793, 168.5409, 418.7833, 964.8333, 634.6286, 876.803, 761.1649, 17.99851, 9.412714, 615.6288, 930.6138, 1543.672, 34.49649, 42.77324
347.4, 7.170655, 719.2603, 160.1004, 520.56, 972.3623, 732.7081, 828.9994, 876.1597, 16.67811, 730.5627, 935.399, 968.7743, 1822.427, 32.44584, 40.69651
347.5, 6.76144, 684.3247, 152.0827, 531.888, 1029.221, 817.8296, 861.9614, 825.7019, 15.45458, 930.1047, 995.5457, 920.369, 1765.155, 30.51709, 38.72061
347.6, 6.375578, 693.7461, 144.4665, 504.2512, 974.4272, 771.1577, 825.1879, 778.1499, 14.32081, 885.724, 928.0514, 914.9468, 1711.302, 28.70299, 36.84064
347.7, 6.011737, 660.0498, 165.8524, 478.0503, 927.5133, 727.1493, 806.2079, 733.3364, 13.27022, 990.2291, 865.1329, 884.5037, 1674.662, 26.99673, 35.05196
347.8, 5.668659, 751.0796, 157.5466, 482.2089, 920.4741, 685.6523, 762.2531, 691.1038, 12.29669, 914.4672, 806.4801, 894.2004, 1940.754, 25.3919, 33.35011
347.9, 5.34516, 749.1479, 149.6567, 457.1534, 892.1902, 730.0212, 720.6948, 651.3033, 11.39459, 876.8154, 798.8134, 849.5212, 1861.185, 23.88247, 31.73089
348, 46.29589, 712.7606, 142.162, 433.3997, 997.2726, 688.3604, 681.4022, 613.7949, 10.55867, 809.7307, 744.6568, 807.0744, 1792.775, 22.46277, 30.19029
348.1, 43.65388, 678.1407, 135.0426, 410.8803, 987.2949, 649.0771, 687.7362, 578.4465, 9.78407, 823.5387, 905.4514, 766.7485, 1877.729, 21.12746, 28.72449
348.2, 48.07976, 645.2024, 128.2797, 389.531, 934.7334, 680.0795, 650.2405, 545.1339, 9.066297, 781.5808, 844.0652, 728.4376, 2022.257, 19.87153, 27.32985
348.3, 45.33594, 629.8773, 121.8555, 369.291, 884.9702, 690.3287, 637.4086, 513.7397, 8.40118, 721.7825, 1024.179, 692.0408, 1936.344, 18.69026, 26.00293
348.4, 42.74871, 599.2831, 115.7531, 350.1027, 902.9775, 730.0204, 849.0112, 484.1536, 7.784858, 666.5594, 1214.584, 657.4626, 2171.511, 17.57921, 24.74044
348.5, 40.30913, 580.8215, 150.0926, 358.5117, 916.9435, 813.9662, 802.7227, 456.2713, 7.21375, 615.5613, 1132.24, 705.0766, 2075.305, 16.53421, 23.53924
348.6, 38.00877, 552.6102, 146.5708, 339.8835, 868.1274, 767.5148, 758.9579, 646.7941, 6.684539, 568.4651, 1055.478, 669.8471, 2025.792, 15.55133, 22.39636
348.7, 35.83968, 548.5913, 139.2306, 382.4081, 821.9102, 723.7143, 717.5792, 631.4783, 6.194152, 558.8643, 1110.956, 636.3779, 1979.592, 14.62688, 21.30897
348.8, 77.09039, 572.9873, 132.258, 362.5382, 778.1534, 682.4134, 678.4565, 635.5244, 5.739741, 642.2919, 1144.562, 738.6585, 1891.889, 13.75738, 20.27437
348.9, 123.8633, 545.1564, 125.6346, 343.7008, 736.7262, 643.4694, 641.4667, 713.1418, 5.318666, 1068.79, 1066.965, 701.751, 2014.602, 12.93957, 19.29001
349, 144.2943, 518.6774, 119.3429, 325.8421, 697.5045, 606.7479, 606.4937, 708.7825, 4.928481, 1088.277, 994.6287, 935.7955, 1925.348, 12.17037, 18.35344
349.1, 136.0598, 493.4844, 113.3663, 308.9114, 660.3708, 572.1221, 573.4274, 808.0801, 4.56692, 1100.794, 1009.561, 889.038, 1947.102, 11.4469, 17.46234
349.2, 128.2951, 469.5151, 107.6889, 292.8604, 688.2337, 539.4722, 542.1639, 923.5355, 4.231884, 1016.573, 1097.264, 844.6168, 2100.707, 359.4369, 16.6145
349.3, 120.9735, 446.7101, 102.2959, 277.6434, 659.2302, 508.6856, 512.6049, 950.2834, 3.921427, 938.7952, 1022.873, 802.415, 2007.638, 338.07, 15.80783
349.4, 114.0698, 425.0127, 97.173, 359.4422, 715.118, 479.656, 484.6575, 917.8209, 3.633746, 866.9685, 953.5262, 762.322, 2001.141, 317.9734, 15.04033
349.5, 107.5601, 404.3691, 92.30663, 340.7656, 751.4203, 452.283, 458.2337, 1101.86, 3.367169, 800.6373, 939.7771, 724.2322, 1912.483, 545.1024, 14.31009
349.6, 101.4219, 384.7283, 87.68397, 428.7085, 832.0165, 426.4721, 433.2506, 1167.527, 3.120149, 739.381, 876.0637, 688.0455, 2109.605, 512.6986, 13.61531
349.7, 95.63392, 366.0415, 83.2928, 406.4329, 803.922, 402.1342, 409.6296, 1213.876, 2.891251, 724.2858, 816.6699, 653.667, 2201.67, 482.2211, 12.95425
349.8, 99.4481, 348.2623, 79.12154, 385.3147, 761.1229, 379.1852, 387.2964, 1143.969, 2.679144, 668.8712, 817.5674, 621.0062, 2104.128, 453.5553, 12.3253
349.9, 93.7728, 331.3466, 75.15918, 395.3436, 720.6024, 357.5459, 366.1809, 1078.088, 2.482599, 648.4474, 762.1393, 589.9773, 2010.908, 426.5936, 11.72688
350, 88.42138, 315.2526, 71.39525, 374.8016, 732.3761, 337.1414, 346.2166, 1016.001, 2.300472, 653.2555, 710.4691, 560.4988, 2211.476, 401.2346, 11.15751
350.1, 117.9644, 299.9403, 67.81981, 355.3269, 693.386, 317.9015, 327.3407, 957.4901, 2.131706, 603.2753, 830.5074, 532.4932, 2136.238, 377.3831, 10.61579
350.2, 111.2324, 285.3718, 64.42343, 336.8642, 656.4716, 299.7595, 309.4939, 902.3484, 1.975321, 557.119, 853.1924, 505.8869, 2154.262, 354.9494, 10.10038
350.3, 104.8846, 271.5108, 61.19714, 371.2396, 621.5225, 282.6528, 292.6202, 1518.897, 1.830409, 572.0233, 795.3492, 480.61, 2220.753, 333.8493, 9.609981
350.4, 171.0112, 258.3232, 58.13242, 351.95, 588.434, 266.5224, 276.6664, 1923.275, 1.696127, 528.2581, 741.4274, 456.5961, 2265.531, 314.0035, 9.143395
350.5, 161.2519, 245.776, 55.22118, 333.6627, 585.7213, 251.3125, 261.5824, 1812.514, 1.571697, 487.8414, 691.1614, 433.782, 2165.16, 295.3375, 8.699465
350.6, 152.0496, 233.8383, 52.45573, 356.7193, 587.0438, 236.9706, 247.3208, 1765.573, 1.456395, 450.5169, 644.3032, 412.1079, 2145.224, 277.7811, 8.277087
350.7, 143.3724, 222.4804, 49.82878, 338.1842, 575.2067, 223.4471, 233.8368, 1703.823, 1.349552, 416.0482, 600.6218, 391.5167, 2165.06, 261.2683, 7.875217
350.8, 135.1904, 211.6742, 47.33338, 320.6122, 592.2163, 210.6954, 221.0879, 1676.479, 1.250547, 384.2166, 559.9019, 371.9544, 2069.14, 245.7371, 7.492859
350.9, 127.4754, 201.3929, 44.96295, 303.9532, 560.688, 198.6715, 209.0341, 1579.931, 1.158805, 354.8204, 521.9426, 353.3695, 2049.417, 231.1292, 7.129066
351, 120.2006, 191.6109, 42.71123, 288.1599, 659.5878, 187.3337, 197.6375, 1488.943, 1.073793, 327.6733, 486.5569, 335.7132, 1958.62, 217.3896, 6.782935
351.1, 113.341, 182.3041, 40.57227, 477.9354, 624.4727, 176.6429, 186.8622, 1403.195, 0.9950184, 302.6032, 525.5161, 318.9391, 1951.638, 204.4668, 6.453609
351.2, 106.8729, 173.4493, 38.54044, 1006.704, 591.2271, 166.5623, 176.6744, 1322.386, 0.9220225, 279.4512, 489.8881, 303.0032, 1865.173, 192.3122, 6.140273
351.3, 100.7738, 165.0246, 36.61035, 1325.63, 559.7515, 157.0569, 167.042, 1405.627, 323.2921, 283.0453, 456.6755, 287.8635, 2104.986, 598.239, 5.84215
351.4, 95.02288, 157.0091, 34.77692, 1256.751, 529.9515, 148.094, 306.8506, 1357.485, 905.799, 261.3896, 425.7146, 273.4802, 2011.727, 1076.406, 5.558501
351.5, 89.60011, 149.3829, 33.03531, 1217.363, 501.738, 139.6426, 411.6461, 1421.349, 1416.864, 241.3909, 396.8527, 259.8156, 1922.601, 1012.418, 5.288624
351.6, 84.48682, 142.1272, 31.38092, 1220.611, 504.0092, 131.6734, 389.2029, 1550.98, 1564.561, 222.9222, 369.9475, 246.8338, 2102.861, 952.2348, 5.03185
351.7, 79.66532, 135.2238, 29.80938, 1157.188, 477.1768, 124.1591, 367.9834, 1461.66, 1628.752, 205.8666, 434.2825, 234.5007, 2009.697, 895.6289, 4.787543
351.8, 75.11898, 128.6558, 28.31655, 1134.02, 493.4133, 344.7324, 347.9208, 1377.483, 1593.828, 190.1158, 505.0274, 222.7837, 1920.66, 842.3879, 4.555098
351.9, 70.83209, 122.4068, 26.89847, 1086.909, 467.145, 325.0592, 328.952, 1298.154, 1498.658, 175.5702, 675.7076, 211.6522, 1893.29, 792.3119, 4.333939
352, 66.78985, 116.4613, 25.55141, 1030.433, 555.4699, 306.5087, 311.0174, 1223.394, 1472.066, 162.1374, 629.8972, 201.0769, 1884.627, 745.2126, 4.123517
352.1, 62.97829, 110.8046, 24.27181, 976.892, 525.8979, 289.0169, 294.0606, 1152.939, 1566.156, 149.7324, 587.1924, 191.03, 1911.197, 700.9133, 3.923311
352.2, 115.7685, 105.4226, 23.05629, 1014.477, 518.7229, 272.5233, 278.0283, 1086.541, 1487.619, 138.2764, 547.383, 181.4851, 1985.717, 659.2473, 3.732826
352.3, 109.1619, 100.3021, 21.90164, 961.7653, 949.6561, 256.9709, 262.8701, 1023.968, 1378.485, 127.697, 510.2725, 172.4171, 2013.242, 620.0581, 3.55159
352.4, 102.9322, 95.43028, 20.80482, 1002.938, 1541.249, 242.3061, 248.5383, 964.9976, 1324.67, 117.927, 475.6779, 163.8022, 1936.284, 583.1985, 3.379153
352.5, 97.05808, 90.79509, 19.76292, 950.8251, 2059.013, 228.4781, 234.9879, 1039.284, 1287.069, 108.9044, 443.4287, 155.6177, 1850.5, 548.5302, 3.215088
352.6, 91.51917, 86.38503, 18.77321, 977.4504, 2048.794, 215.4394, 222.1762, 1074.921, 1192.648, 100.5722, 413.3659, 147.8422, 1768.516, 515.9226, 3.058988
352.7, 86.29636, 82.18918, 17.83306, 932.4313, 2051.409, 203.1447, 724.6954, 1013.016, 1208.286, 92.87749, 385.3412, 140.4552, 1960.898, 485.2534, 2.910468
352.8, 81.3716, 78.19713, 16.93999, 1047.209, 2121.76, 191.5516, 1010.874, 954.677, 1119.645, 85.77149, 359.2165, 133.4373, 1874.023, 456.4074, 2.769159
352.9, 76.72788, 74.39897, 16.09164, 1015.22, 2024.581, 180.6201, 990.2295, 899.6974, 1105.715, 79.20917, 334.863, 126.77, 1876.221, 429.2761, 2.63471
353, 72.34917, 70.7853, 15.28578, 962.4692, 1967.474, 170.3125, 936.2418, 847.884, 1154.413, 73.14892, 312.1605, 120.4359, 1850.17, 403.7576, 2.50679
353.1, 68.22035, 67.34715, 14.52028, 930.9379, 1862.73, 160.5931, 962.9166, 799.0546, 1069.724, 67.55234, 290.9972, 114.4183, 1768.201, 379.7561, 2.38508
353.2, 64.32716, 64.076, 13.79311, 967.7413, 1911.089, 151.4284, 910.418, 753.0372, 991.2471, 62.38395, 271.2687, 108.7013, 1928.129, 357.1814, 2.269279
353.3, 77.73431, 60.96373, 13.10236, 917.4576, 1936.708, 142.7867, 860.7816, 794.3312, 978.901, 57.61099, 682.3234, 103.27, 1956.195, 335.9486, 2.159101
353.4, 73.29817, 58.00262, 12.4462, 885.3533, 1898.44, 134.6381, 813.8514, 810.5927, 907.0875, 53.20321, 959.7974, 98.11005, 1880.217, 315.9781, 2.054272
353.5, 69.1152, 55.18535, 11.8229, 953.2552, 1895.575, 228.2679, 769.4799, 874.051, 930.3925, 49.13266, 1152.731, 93.20793, 2020.067, 297.1946, 1.954533
353.6, 65.17093, 52.50491, 11.23081, 903.7242, 1840.523, 215.2411, 727.5275, 823.7146, 862.1376, 45.37355, 1286.633, 88.55075, 1930.571, 279.5278, 1.859636
353.7, 61.45176, 49.95467, 10.66838, 962.1493, 1798.899, 202.9578, 687.8624, 776.277, 798.89, 41.90205, 1209.011, 84.12627, 1845.04, 262.9112, 1.769347
353.8, 57.94483, 47.52829, 10.13411, 912.1561, 1707.747, 191.3754, 650.3599, 731.5714, 832.996, 38.69614, 1318.076, 79.92286, 1906.555, 247.2823, 1.683442
353.9, 54.63803, 45.21977, 9.626603, 1049.894, 1906.651, 209.9961, 614.902, 689.4404, 771.8862, 35.73552, 1228.715, 75.92947, 1822.088, 232.5826, 1.601707
354, 51.51995, 43.02338, 9.144508, 1026.273, 1805.145, 198.012, 581.3773, 746.1625, 715.2596, 33.00142, 1145.413, 72.13562, 1832.901, 218.7566, 1.523941
354.1, 48.57981, 40.93367, 8.686556, 972.9483, 1709.043, 186.7119, 549.6803, 783.4727, 662.7872, 30.4765, 1067.758, 68.53133, 1757.81, 205.7526, 1.44995
354.2, 45.80746, 38.94546, 8.251537, 922.394, 1761.636, 234.4196, 519.7115, 738.3527, 614.1642, 28.14476, 995.368, 65.10712, 1679.933, 193.5215, 1.379552
354.3, 43.19332, 37.05382, 7.838305, 958.6497, 1810.236, 221.0417, 620.4259, 756.007, 569.1082, 25.99142, 1333.94, 61.85402, 1928.087, 182.0176, 1.312572
354.4, 40.72837, 35.25406, 7.445766, 1003.727, 1785.071, 208.4273, 586.6, 1028.963, 597.3732, 24.00283, 1355.531, 58.76345, 1951.296, 386.8384, 1.248844
354.5, 38.40408, 33.54171, 7.072886, 951.5731, 1773.273, 266.174, 645.9875, 1313.05, 553.5491, 22.16639, 1618.666, 55.8273, 1930.006, 482.3128, 1.18821
354.6, 36.21244, 31.91254, 6.71868, 902.1295, 1753.19, 250.984, 610.7679, 1237.431, 512.9399, 20.47045, 1526.236, 53.03786, 1844.5, 453.6415, 1.13052
354.7, 34.14587, 30.3625, 139.9547, 1047.282, 1659.854, 236.6608, 577.4686, 1315.438, 475.3099, 18.90427, 1466.809, 50.3878, 1940.42, 426.6747, 1.075631
354.8, 54.83004, 28.88775, 349.9359, 1127.89, 1606.286, 223.1551, 545.9848, 1239.682, 440.4405, 17.45791, 1438.428, 47.87015, 1854.453, 401.3109, 1.023407
354.9, 51.701, 27.48463, 332.4113, 1069.285, 1565.862, 210.4201, 574.7143, 1168.289, 453.5219, 16.12222, 1340.908, 45.47829, 1829.462, 377.4548, 0.9737181
355, 48.75053, 26.14966, 404.2229, 1013.725, 1614.408, 198.4118, 543.3806, 1101.008, 547.4884, 14.88872, 1454.511, 43.20594, 1748.41, 355.0169, 0.926442
355.1, 45.96844, 24.87953, 383.9796, 1017.481, 1528.46, 187.0889, 513.7552, 1037.601, 507.3239, 13.74959, 1355.9, 41.04714, 1681.409, 333.9128, 0.8814613
355.2, 43.34511, 23.67109, 364.7502, 1026.046, 1657.513, 176.4121, 694.8887, 1062.983, 470.1059, 12.69762, 1263.975, 38.9962, 1821.489, 314.0633, 0.8386645
355.3, 40.87149, 22.52135, 348.2008, 1197.078, 1569.271, 166.3446, 657.0031, 1032.978, 435.6183, 11.72613, 1357.289, 37.04773, 1811.21, 295.3937, 0.7979456
355.4, 38.53904, 21.42745, 383.9481, 1170.67, 1580.626, 156.8516, 621.183, 1054.94, 403.6607, 10.82897, 1306.393, 35.19662, 1764.125, 277.8339, 0.7592037
355.5, 36.33969, 20.38669, 364.7202, 1109.842, 1537.081, 147.9004, 587.3159, 994.186, 374.0476, 10.00045, 1295.843, 33.43801, 1874.998, 261.318, 0.7223427
355.6, 34.26586, 19.39648, 434.1426, 1052.175, 1683.239, 139.4601, 555.2952, 936.931, 346.607, 9.235324, 1220.622, 31.76726, 1929.21, 245.7838, 0.6872715
355.7, 131.8616, 18.45436, 507.203, 1048.376, 1921.427, 131.5013, 525.0203, 882.9734, 321.1794, 8.528734, 1170.338, 30.17999, 1843.739, 231.1731, 0.653903
355.8, 130.8923, 17.558, 481.8025, 1269.424, 1912.338, 123.9968, 496.3959, 832.1232, 297.6172, 7.876206, 1171.244, 28.67204, 1762.055, 384.2863, 0.6221547
355.9, 221.9015, 16.70518, 457.6741, 1375.031, 1810.529, 116.9206, 469.3322, 1031.604, 275.7836, 7.273602, 1192.465, 27.23942, 1880.637, 361.4423, 0.5919477
356, 209.2381, 15.89379, 434.754, 1303.584, 1960.412, 110.2482, 443.744, 972.1939, 255.5517, 6.717103, 1111.62, 25.87839, 2038.447, 339.9562, 0.5632074
356.1, 197.2973, 15.1218, 459.9358, 1301.377, 1868.027, 103.9565, 419.5509, 1091.099, 236.8041, 6.203181, 1149.364, 24.58537, 2300.683, 319.7474, 0.5358626
356.2, 186.0379, 14.38731, 453.9657, 1233.758, 1768.578, 98.02393, 396.6768, 1199.394, 219.4318, 5.72858, 1071.441, 23.35695, 2198.754, 441.4751, 0.5098453
356.3, 175.4211, 13.6885, 470.1183, 1229.181, 1850.854, 92.4299, 467.675, 2181.294, 203.334, 5.290289, 998.8016, 22.1899, 2101.342, 855.0847, 0.4850913
356.4, 165.4102, 13.02363, 446.575, 1165.313, 1752.318, 87.15511, 617.0945, 2835.979, 188.4171, 4.885532, 931.0866, 21.08117, 2008.245, 804.2539, 0.4615391
356.5, 155.9706, 12.39105, 453.2477, 1104.763, 1659.029, 82.18134, 1491.084, 2918.531, 174.5946, 4.511743, 867.9624, 20.02784, 1973.616, 756.4448, 0.4391304
356.6, 147.0696, 11.7892, 430.5493, 1131.226, 1570.706, 77.49142, 1449.145, 2750.454, 161.7861, 4.166552, 809.1178, 19.02714, 1886.178, 711.4777, 0.4178097
356.7, 138.6767, 11.21658, 408.9876, 1115.342, 1621.699, 73.06914, 1602.651, 2592.056, 149.9172, 3.847772, 754.2626, 18.07644, 2053.736, 669.1837, 0.3975241
356.8, 130.7626, 10.67177, 388.5057, 1091.247, 1535.364, 68.89923, 2441.059, 2442.78, 138.9191, 3.553381, 703.1264, 17.17324, 1962.748, 629.4038, 0.3782235
356.9, 123.3003, 10.15343, 369.0496, 1034.546, 1569.881, 64.96729, 2462.153, 2302.101, 128.7278, 3.281514, 655.457, 16.31517, 1902.118, 591.9887, 0.3598599
357, 116.2638, 9.66026, 350.5677, 980.7906, 1563.254, 61.25974, 2455.051, 2169.523, 119.2841, 3.030447, 611.0195, 15.49997, 1865.894, 556.7977, 0.342388
357.1, 109.6288, 9.191047, 333.0115, 929.8289, 1503.539, 57.76377, 2427.301, 2044.581, 110.5333, 2.798589, 569.5946, 14.72551, 1931.718, 523.6987, 0.3257643
357.2, 147.0767, 8.744623, 316.3345, 881.5151, 1451.46, 54.4673, 2397.242, 1926.834, 102.4244, 2.584471, 530.9782, 13.98974, 1846.136, 492.5673, 0.3099478
357.3, 138.6833, 8.319883, 300.4926, 942.5402, 1408.888, 51.35896, 2266.543, 2146.835, 94.9104, 2.386735, 494.9799, 13.29074, 1797.893, 463.2865, 0.2948992
357.4, 130.769, 7.915774, 309.4116, 1020.974, 1516.116, 48.42801, 2353.404, 2089.027, 87.94764, 2.204127, 461.4221, 12.62666, 1718.24, 435.7462, 0.2805812
357.5, 124.904, 7.531292, 355.1108, 1276.159, 1462.014, 45.66432, 2321.79, 2431.448, 81.49567, 2.035491, 430.1393, 11.99576, 1642.115, 409.8432, 0.2669584
357.6, 117.776, 7.165486, 358.1295, 1342.746, 1470.418, 43.05835, 2195.205, 2435.88, 75.51704, 1.879756, 400.9775, 11.39639, 1569.364, 385.4799, 0.253997
357.7, 156.3134, 6.817447, 497.8758, 1276.345, 1498.777, 40.60109, 2075.522, 2295.598, 69.977, 1.735937, 476.1286, 10.82696, 1505.199, 362.5649, 0.2416649
357.8, 184.6797, 6.486313, 519.6933, 1310.093, 1418.985, 38.28407, 2095.541, 2163.395, 64.84338, 1.603122, 443.8489, 10.28599, 1567.095, 341.0121, 0.2299316
357.9, 174.1404, 6.171263, 522.8016, 1254.772, 1343.441, 36.09927, 1995.663, 2131.094, 60.08638, 1.480468, 566.9094, 9.772042, 1655.536, 320.7406, 0.2187679
358, 164.2025, 5.871516, 496.62, 1189.574, 1365.631, 34.03916, 1981.337, 2008.364, 55.67836, 1.367198, 644.6592, 9.283777, 1582.19, 301.674, 0.2081463
358.1, 154.8318, 5.586327, 503.7197, 1221.196, 1292.928, 32.09661, 1910.429, 2000.138, 51.59372, 1.262595, 600.9537, 8.819909, 1734.84, 283.7409, 0.1980403
358.2, 145.9959, 5.314991, 530.5112, 1157.743, 1251.552, 30.26493, 2033.931, 1884.95, 47.80873, 1.165994, 560.2112, 8.379218, 1657.981, 266.8739, 0.1884251
358.3, 137.6642, 5.056833, 511.0974, 1187.294, 1194.609, 28.53777, 1923.04, 1872.189, 44.30141, 1.076785, 522.231, 7.960546, 1684.865, 251.0095, 0.1792766
358.4, 129.808, 4.811215, 485.502, 1125.602, 1131.01, 26.90917, 1818.195, 1764.37, 41.0514, 0.9944004, 486.8257, 7.562794, 1640.933, 236.0881, 0.1705724
358.5, 122.4001, 4.577527, 461.1883, 1067.116, 1086.514, 25.37352, 1782.561, 1752.074, 38.03981, 0.9183195, 453.8207, 7.184915, 1568.234, 222.0538, 0.1622907
358.6, 115.415, 4.35519, 438.0922, 1011.669, 1028.671, 23.92551, 1685.375, 1736.898, 35.24916, 0.8480594, 423.0533, 6.825917, 1810.43, 208.8537, 0.1544112
358.7, 108.8285, 4.143651, 416.1528, 959.1025, 973.9064, 22.56013, 1593.488, 1636.87, 32.66323, 0.7831748, 394.3719, 6.484857, 1730.222, 196.4384, 0.1469142
358.8, 102.6178, 3.942388, 395.3121, 909.2676, 1126.211, 21.27267, 1662.771, 1542.604, 30.26701, 0.7232546, 367.6349, 6.160838, 1704.396, 184.761, 0.1397812
358.9, 96.76163, 3.7509, 375.515, 862.0222, 1083.432, 20.05868, 1696.503, 1453.765, 28.04658, 0.6679188, 342.7107, 5.853009, 1628.885, 173.7778, 0.1329945
359, 91.23964, 3.568713, 356.7094, 851.874, 1037.629, 18.91397, 1604.009, 1370.043, 25.98904, 0.6168167, 319.4762, 5.56056, 1556.719, 163.4476, 0.1265374
359.1, 86.03278, 3.395375, 338.8456, 807.6108, 1041.435, 17.83459, 1716.132, 1291.143, 24.08245, 0.5696244, 297.8169, 5.282724, 1487.751, 153.7314, 0.1203937
359.2, 81.12305, 3.230457, 321.8764, 867.2382, 985.9913, 16.8168, 1718.418, 1351.429, 22.31573, 0.5260428, 277.626, 5.01877, 1421.839, 144.5928, 0.1145483
359.3, 76.49352, 3.073549, 305.757, 915.8572, 933.4992, 15.8571, 1624.729, 1273.6, 20.67861, 0.4857956, 258.804, 4.768004, 1606.487, 135.9974, 0.1089868
359.4, 72.12819, 2.924262, 290.4449, 868.2693, 940.4161, 14.95217, 1633.414, 1277.036, 19.1616, 0.4486277, 241.258, 4.529768, 1537.218, 127.913, 0.1036952
359.5, 68.01198, 2.782226, 293.041, 823.1542, 943.2585, 14.09888, 1544.359, 1576.549, 17.75588, 0.4143034, 224.9016, 4.303436, 1535.387, 120.3092, 0.09866062
359.6, 64.13067, 2.647089, 278.3656, 780.3832, 1028.979, 13.29428, 1460.16, 1485.756, 16.45328, 0.3826053, 301.5592, 4.088413, 1467.364, 113.1573, 0.09387044
359.7, 60.47086, 2.518516, 264.4252, 739.8346, 1048.786, 12.5356, 1495.522, 1400.192, 15.24625, 0.3533324, 360.7648, 3.884133, 1497.878, 106.4307, 0.08931283
359.8, 57.01991, 2.396188, 251.183, 701.3929, 992.9507, 11.82022, 1529.602, 1319.555, 14.12776, 0.3262991, 416.6952, 3.69006, 1515.959, 100.1039, 0.0849765
359.9, 53.7659, 2.279801, 310.7, 877.6912, 940.0881, 11.14567, 1520.749, 1243.562, 13.09133, 0.3013342, 388.4448, 3.505685, 1448.797, 94.15314, 0.08085071
360, 50.69759, 2.169068, 295.1404, 832.0865, 890.0399, 10.50961, 1514.691, 1171.946, 12.13093, 0.2782793, 362.1097, 3.330521, 1569.695, 88.55618, 0.07692524
360.1, 47.80438, 2.063713, 280.3599, 788.8514, 898.1549, 9.909843, 1432.109, 1104.454, 11.24099, 0.2569883, 337.56, 3.16411, 1500.152, 83.29193, 0.07319036
360.2, 45.07628, 1.963475, 266.3196, 868.9551, 850.3391, 9.344309, 1354.03, 1040.849, 10.41633, 0.2373263, 314.6747, 3.006014, 1681.172, 78.34061, 0.06963681
360.3, 42.50386, 1.868106, 252.9825, 971.2357, 891.3735, 8.811048, 1280.208, 980.9063, 9.652177, 0.2191686, 293.3409, 2.855817, 1606.69, 73.68363, 0.0662558
360.4, 40.07825, 1.777369, 264.6031, 1012.362, 969.2336, 8.308219, 1288.107, 924.4161, 8.944079, 0.2024001, 273.4535, 2.713125, 1545.279, 69.30348, 0.06303895
360.5, 37.79107, 1.69104, 251.352, 959.7597, 917.6337, 7.834085, 1257.771, 871.1792, 8.28793, 0.1869146, 311.4687, 2.577562, 1628.871, 65.18372, 0.05997827
360.6, 35.63441, 1.608903, 357.1655, 909.8907, 882.868, 7.38701, 1285.311, 821.0082, 7.679915, 0.1726139, 290.3522, 2.448773, 1645.085, 61.30885, 0.0570662
360.7, 33.60082, 1.530756, 342.9882, 946.0711, 875.316, 6.965448, 1296.516, 773.7265, 7.116506, 0.1594073, 326.6107, 2.326418, 1608.153, 57.66433, 0.05429552
360.8, 31.68329, 1.456405, 325.8115, 949.593, 839.1356, 6.567944, 1338.503, 729.1678, 6.594429, 0.1472111, 304.4677, 2.210178, 1536.906, 54.23645, 0.05165936
360.9, 29.87519, 1.385665, 309.495, 946.8364, 794.4619, 6.193125, 1265.527, 687.1752, 6.110653, 0.1359481, 283.826, 2.099745, 1641.668, 51.01235, 0.04915119
361, 46.35923, 1.318361, 293.9957, 897.6389, 752.1664, 5.839695, 1255.879, 647.6009, 5.662367, 0.1255468, 342.272, 1.99483, 1568.936, 47.9799, 0.04676479
361.1, 43.7136, 1.254326, 279.2725, 850.9977, 888.1806, 5.506436, 1236.745, 610.3057, 5.246968, 0.1159413, 391.197, 1.895158, 1851.011, 45.12772, 0.04449426
361.2, 41.21895, 1.193402, 265.2867, 843.1271, 941.9985, 5.192194, 1169.317, 575.1584, 4.862043, 0.1070707, 945.0814, 1.800465, 1817.501, 42.44509, 0.04233398
361.3, 38.86667, 1.135437, 252.0013, 799.3184, 891.8486, 4.895886, 1294.254, 542.0352, 4.505357, 0.09887876, 1338.63, 1.710504, 1934.973, 39.92193, 0.04027857
361.4, 36.64862, 1.080287, 239.3812, 775.6108, 934.5031, 4.616488, 1223.691, 510.8195, 4.174838, 0.0913136, 1247.876, 1.625038, 1849.246, 37.54876, 0.03832296
361.5, 34.55716, 1.027815, 227.3931, 783.3937, 908.1682, 4.353034, 1156.975, 481.4015, 3.868566, 0.08432725, 1375.843, 1.543842, 1813.226, 35.31666, 0.0364623
361.6, 32.58505, 0.9778929, 216.0054, 875.7045, 1097.894, 4.104616, 1093.896, 453.6777, 3.584762, 0.07787542, 1311.965, 1.466703, 1785.841, 33.21725, 0.03469198
361.7, 30.72549, 0.9303951, 205.188, 830.203, 1545.098, 3.870373, 1128.017, 427.5505, 3.321779, 0.07191722, 1241.978, 1.393419, 1706.722, 31.24264, 0.03300761
361.8, 28.97205, 0.8852044, 194.9123, 787.0657, 1462.84, 3.649499, 1066.517, 402.928, 3.078089, 667.0514, 1179.673, 1.323796, 1645.342, 29.38541, 0.03140502
361.9, 27.31867, 0.8422087, 185.1512, 746.1699, 1522.622, 3.441229, 1008.37, 379.7234, 2.852276, 675.8013, 1099.696, 1.257652, 1691.817, 27.63858, 0.02988024
362, 25.75965, 0.8013013, 175.8789, 707.399, 1479.091, 3.244845, 953.3934, 357.8553, 2.643029, 624.0962, 1075.373, 1.194813, 1616.863, 25.9956, 0.0284295
362.1, 24.2896, 0.7623809, 167.071, 670.6427, 1455.393, 3.059669, 901.414, 337.2465, 2.449133, 646.3173, 1028.702, 1.135113, 1616.601, 24.45028, 0.02704918
362.2, 22.90344, 0.7253509, 158.7041, 672.6735, 1427.545, 2.885059, 852.2685, 317.8245, 2.269461, 596.8679, 1258.051, 1.078397, 1544.98, 22.99683, 0.02573589
362.3, 21.59639, 0.6901195, 150.7563, 637.7214, 1367.598, 2.720415, 968.5051, 299.5211, 396.7928, 551.2019, 1172.759, 1.024514, 1941.169, 21.62977, 0.02448636
362.4, 20.36393, 0.6565993, 143.2065, 604.5855, 1396.762, 2.565166, 950.0124, 282.2717, 367.6835, 509.0298, 1093.251, 0.9733237, 1871.207, 20.34398, 0.02329749
362.5, 19.2018, 0.6247073, 136.0348, 573.1713, 1388.49, 2.418777, 932.2156, 266.0158, 460.9917, 470.0842, 1019.132, 0.9246911, 1895.642, 19.13463, 0.02216635
362.6, 18.10599, 0.5943643, 129.2223, 583.815, 1324.154, 2.280743, 881.3909, 250.696, 494.0145, 434.1183, 1286.24, 0.8784884, 1811.658, 17.99717, 0.02109013
362.7, 17.07272, 0.5654951, 423.0191, 581.582, 1253.659, 2.150585, 984.5227, 236.2585, 457.7729, 421.8688, 1358.829, 0.8345943, 1731.396, 16.92732, 0.02006616
362.8, 16.09841, 0.5380282, 1105.218, 588.9141, 1373.532, 2.027856, 930.8461, 222.6524, 424.19, 389.5918, 1266.706, 0.7928934, 1654.689, 15.92107, 0.0190919
362.9, 15.17971, 0.5118954, 1463.006, 564.2596, 1300.408, 1.91213, 915.1115, 209.8299, 393.0709, 359.7844, 1352.44, 0.7532761, 1592.693, 14.97464, 0.01816495
363, 14.31343, 0.4870318, 2087.675, 550.4323, 1441.59, 1.803009, 879.6823, 197.7458, 364.2346, 471.8277, 1260.749, 0.7156383, 1522.131, 14.08446, 0.01728301
363.1, 13.49659, 0.4633759, 2064.351, 579.1021, 1368.229, 1.700114, 831.7217, 186.3577, 512.0453, 490.9934, 1220.237, 0.679881, 1454.695, 13.24721, 0.01644388
363.2, 12.72637, 0.4408691, 2176.39, 657.2231, 1306.67, 1.603092, 904.8174, 175.6254, 1430.927, 838.4892, 1514.894, 0.6459104, 1390.247, 12.45972, 0.01564549
363.3, 12.0001, 0.4194554, 2067.398, 623.0739, 1237.106, 1.511607, 855.4864, 165.5112, 2637.769, 1011.885, 1412.189, 0.6136372, 1328.654, 420.8987, 0.01488587
363.4, 11.31528, 0.3990818, 1963.864, 590.699, 1171.245, 1.425343, 808.8449, 155.9794, 3101.563, 1113.797, 1316.448, 0.5829765, 1514.236, 664.5471, 0.01416313
363.5, 10.66954, 0.3796978, 1865.515, 560.0064, 1173.515, 1.344001, 764.7463, 146.9966, 2975.519, 1028.581, 1429.161, 0.5538478, 1447.15, 625.0429, 0.01347548
363.6, 10.06065, 0.3612553, 1917.193, 530.9086, 1111.04, 1.267302, 773.8433, 138.5311, 3004.112, 949.8853, 1530.545, 0.5261745, 1609.328, 587.887, 0.01282122
363.7, 9.486508, 0.3437085, 1950.307, 503.3226, 1087.692, 1.194979, 731.653, 130.5531, 2865.418, 877.2101, 1594.731, 0.4998839, 1538.029, 552.9399, 0.01219872
363.8, 8.945132, 0.3270141, 1852.637, 477.17, 1467.629, 1.126784, 767.0264, 123.0346, 2873.042, 810.0953, 1486.615, 0.474907, 1469.889, 520.0702, 0.01160645
363.9, 8.434651, 0.3111305, 1759.858, 574.9172, 1800.173, 1.062481, 725.2078, 115.9491, 2781.715, 748.1154, 1385.828, 0.451178, 1485.401, 489.1544, 0.01104293
364, 7.953303, 0.2960185, 1854.389, 545.0446, 1825.094, 1.001847, 685.6692, 109.2716, 2588.395, 751.7396, 1355.197, 0.4286347, 1419.593, 460.0765, 0.01050677
364.1, 7.499424, 0.2816404, 1761.522, 516.7241, 1808.257, 0.944674, 648.2862, 102.9787, 2470.944, 694.2245, 1263.319, 0.4072177, 1356.7, 432.7271, 0.009996648
364.2, 7.071447, 0.2679607, 1695.058, 489.8752, 1852.941, 0.8907633, 834.5944, 97.04813, 2392.887, 734.5509, 1177.671, 0.3868709, 1338.163, 407.0035, 0.00951129
364.3, 21.13272, 0.2549454, 1610.171, 464.4214, 1754.295, 0.8399292, 789.092, 91.45915, 2349.16, 692.1014, 1235.508, 0.3675407, 1278.877, 382.8091, 0.009049497
364.4, 19.92672, 0.2425623, 1649.566, 440.2901, 1664.903, 0.7919961, 746.0704, 86.19204, 2229.72, 639.1491, 1151.745, 0.3491763, 1345.675, 360.0529, 0.008610125
364.5, 18.78954, 0.2307807, 1650.956, 417.4127, 1773.62, 0.7467985, 705.3943, 81.22826, 2192.338, 590.2482, 1073.661, 0.3317296, 1490.666, 338.6494, 0.008192085
364.6, 17.71726, 0.2195713, 1614.221, 395.7239, 1679.196, 0.7041802, 666.9359, 76.55034, 2081.867, 547.8734, 1000.871, 0.3151546, 1550.963, 318.5182, 0.007794342
364.7, 45.22099, 0.2089064, 1533.381, 375.1622, 1697.352, 0.6639941, 630.5743, 72.14182, 2069.934, 505.9559, 933.0157, 0.2994077, 1520.07, 299.5838, 0.00741591
364.8, 42.64032, 0.1987595, 1622.399, 355.6688, 1606.988, 0.6261013, 596.1951, 67.98719, 1918.081, 601.5715, 869.7607, 0.2844476, 1452.726, 281.775, 0.007055852
364.9, 40.20692, 125.0162, 1541.15, 337.1883, 1521.436, 0.5903709, 563.6903, 64.07182, 1820.501, 1091.898, 810.7941, 0.2702351, 1388.365, 265.0247, 0.006713276
365, 37.91239, 1494.719, 1612.798, 319.668, 1440.438, 0.5566796, 532.9576, 60.38194, 1752.157, 1213, 844.6997, 0.2567326, 1326.855, 249.2703, 0.006387332
365.1, 168.8921, 2500.928, 1532.03, 303.0581, 1425.404, 0.524911, 503.9006, 56.90456, 2060.986, 1251.709, 787.4322, 0.2439049, 1268.071, 525.2001, 0.006077214
365.2, 159.2537, 2996.656, 1514.576, 287.3112, 1423.678, 0.4949554, 476.4277, 53.62744, 2790.097, 1243.045, 961.3942, 0.231718, 1283.62, 1334.852, 0.005782152
365.3, 150.1654, 3057.378, 1525.697, 272.3826, 1454.75, 0.4667093, 450.4527, 50.53905, 3213.535, 1152.981, 896.2153, 0.2201401, 1226.751, 1714.305, 0.005501417
365.4, 222.4552, 2908.876, 1502.711, 258.2296, 1377.302, 0.4400752, 425.8938, 47.62852, 3216.887, 1161.982, 835.4552, 0.2091407, 1172.401, 1612.397, 0.005234311
365.5, 209.7601, 2913.492, 1528.058, 244.8121, 1472.78, 0.414961, 402.6739, 44.8856, 2980.891, 1073.079, 778.8145, 0.1986909, 1120.46, 1542.74, 0.004980174
365.6, 197.7895, 2771.979, 1482.02, 232.0917, 1394.372, 0.39128, 380.7199, 42.30065, 3006.332, 1070.301, 726.0137, 0.1887632, 1070.82, 1724.397, 0.004738376
365.7, 186.5021, 2747.18, 1407.801, 220.0322, 1320.139, 0.3689504, 359.9629, 39.86456, 2850.754, 1003.317, 676.7927, 0.1793316, 1068.267, 1621.889, 0.004508318
365.8, 175.8588, 2741.374, 1433.051, 208.5994, 1290.761, 0.3478951, 340.3376, 37.56877, 2706.567, 926.5536, 630.9087, 0.1703712, 1020.939, 1525.476, 0.00428943
365.9, 183.2208, 2608.221, 1361.284, 197.7606, 1237.182, 0.3280415, 321.7822, 35.40519, 2630.229, 876.3585, 588.1354, 346.876, 1005.739, 1434.793, 348.4977
366, 283.4818, 2481.536, 1333.344, 187.485, 1178.385, 0.3093208, 304.2385, 33.36621, 2559.934, 886.3075, 618.2189, 810.3609, 961.1812, 1970.88, 479.2347
366.1, 869.8176, 2427.078, 1315.075, 177.7433, 1115.65, 0.2916685, 287.6513, 31.44466, 2372.134, 818.4966, 724.2499, 1746.343, 918.5975, 1853.72, 455.9668
366.2, 1588.335, 2309.191, 1249.217, 168.5078, 1056.256, 0.2750236, 271.9684, 29.63377, 2433.03, 955.0059, 919.869, 1926.272, 923.3584, 2010.166, 573.5366
366.3, 1513.885, 2220.509, 1394.115, 159.7521, 1019.521, 0.2593285, 257.1406, 27.92717, 2371.284, 940.0056, 857.5053, 2089.791, 882.4504, 1890.671, 955.5756
366.4, 1427.49, 2335.533, 1404.192, 151.4514, 1204.158, 0.2445292, 243.1212, 26.31885, 2230.964, 907.2509, 799.3696, 2167.644, 843.3547, 1778.279, 909.1804
366.5, 1444.493, 2222.092, 1410.596, 143.582, 1140.051, 0.2305744, 229.8661, 24.80315, 2067.297, 837.8377, 745.1754, 2059.337, 805.9911, 1743.82, 1166.28
366.6, 1588.249, 2199.744, 1339.954, 136.1215, 1096.192, 0.217416, 217.3337, 23.37475, 2119.168, 773.7352, 721.3376, 1956.441, 770.2829, 1753.06, 1109.654
366.7, 1497.61, 2120.341, 1272.85, 129.0486, 1037.833, 0.2050085, 205.4846, 22.0286, 2023.542, 714.5372, 707.1821, 1858.686, 736.1566, 1648.848, 1105.681
366.8, 1530.156, 2090.908, 1259.988, 122.3433, 982.5809, 0.1933091, 194.2815, 20.75998, 1901.605, 694.1282, 659.2377, 2017.164, 703.5423, 1550.832, 1051.998
366.9, 1442.833, 1989.35, 1196.888, 115.9864, 930.2704, 0.1822773, 183.6892, 19.56442, 1922.953, 1261.237, 614.5439, 2514.363, 672.3729, 1859.74, 1164.855
367, 1514.01, 2057.093, 1136.949, 109.9597, 975.7983, 0.1718751, 173.6744, 18.43771, 1781.882, 1928.569, 882.2941, 3165.275, 642.5844, 1952.427, 1256.487
367.1, 1427.608, 2090.485, 1198.917, 104.2462, 923.8489, 0.1620665, 164.2056, 17.37588, 1736.122, 2232.615, 822.4778, 3493.813, 614.1156, 1865.182, 1466.824
367.2, 1346.137, 2088.02, 1160.476, 98.82961, 874.6652, 0.1528177, 155.253, 16.37521, 1676.356, 2268.453, 945.1798, 3444.787, 586.9081, 1836.166, 1395.607
367.3, 1393.556, 1986.602, 1170.569, 93.69444, 874.029, 0.1440967, 146.7885, 15.43217, 1553.376, 2198.962, 881.1001, 3336.237, 560.906, 1727.015, 1327.847
367.4, 1385.882, 1890.11, 1111.948, 88.82609, 827.4976, 0.1358734, 138.7856, 14.54343, 1439.418, 2105.752, 821.3648, 3304.3, 536.0559, 1731.778, 1440.377
367.5, 1310.23, 1842.08, 1125.214, 84.21069, 783.4434, 0.1281194, 131.2189, 13.70588, 1333.82, 2005.771, 1027.307, 3358.468, 512.3068, 1766.005, 1482.914
367.6, 1235.458, 1881.729, 1100.969, 79.83511, 791.6993, 0.1208079, 124.0648, 12.91656, 1317.448, 1876.927, 957.6597, 3489.615, 489.6098, 1661.024, 1570.25
367.7, 1381.557, 1790.33, 1045.833, 75.68689, 749.5509, 0.1139136, 117.3007, 12.1727, 1322.53, 1733.324, 892.7339, 3430.228, 467.9183, 1726.329, 2110.399
367.8, 1302.715, 1765.999, 1124.826, 71.75421, 835.3498, 0.1074128, 110.9054, 11.47167, 1274.2, 1600.709, 832.2099, 3348.803, 447.1879, 1623.706, 2268.643
367.9, 1228.372, 1680.222, 1068.496, 68.02587, 790.8776, 0.101283, 104.8588, 10.81102, 1211.112, 1665.444, 981.6757, 3228.598, 427.3759, 1591.485, 2286.941
368, 1394.474, 1706.685, 1040.489, 64.49126, 822.147, 0.09550295, 99.14188, 10.18842, 1703.191, 1641.943, 915.1218, 3259.263, 408.4416, 1697.222, 2529.95
368.1, 1359.346, 1634.598, 1024.454, 61.1403, 833.3479, 0.09005279, 93.73663, 9.60167, 1771.323, 1516.319, 853.0799, 3337.603, 390.3462, 1653.758, 2407.115
368.2, 1358.103, 1683.459, 997.6085, 57.96346, 788.9822, 0.08491366, 88.62607, 9.048713, 1641.376, 1468.415, 795.2443, 3360.881, 373.0525, 1555.45, 2290.245
368.3, 1280.598, 1601.691, 957.6707, 54.95169, 746.9785, 0.08006781, 83.79414, 8.527599, 1651.052, 1356.067, 741.3297, 3192.953, 356.5249, 1462.986, 2329.945
368.4, 1261.799, 1574.339, 909.711, 52.09641, 822.8505, 0.0754985, 79.22565, 8.036497, 1529.929, 1252.315, 691.0703, 3230.06, 340.7296, 1486.867, 2330.129
368.5, 1193.775, 1594.676, 945.3824, 49.38948, 817.8206, 0.07118995, 74.90623, 7.573677, 1570.255, 1322.905, 644.2183, 3417.242, 325.6341, 1446.234, 2564.547
368.6, 1243.945, 1951.584, 953.5248, 46.82321, 793.2084, 0.06712729, 70.8223, 7.137511, 2028.856, 1336.131, 761.9154, 3319.002, 311.2074, 1750.344, 2440.033
368.7, 1172.955, 2868.459, 905.7728, 44.39028, 750.9797, 0.06329647, 66.96104, 6.726463, 2265.221, 1233.904, 817.2706, 3153.167, 297.4198, 1646.294, 2321.564
368.8, 1106.017, 3936.287, 860.4122, 42.08377, 710.9991, 0.05968427, 63.3103, 6.339088, 2205.328, 1213.069, 761.8627, 2995.617, 284.243, 1548.43, 2416.216
368.9, 1237.517, 4180.033, 927.1113, 39.8971, 679.6702, 0.0562782, 59.85859, 5.974021, 2171.108, 1125.536, 710.2112, 3003.009, 271.6501, 1456.383, 2422.02
369, 1166.895, 4810.244, 880.6821, 37.82405, 695.3962, 0.05306652, 56.59508, 5.629979, 2151.265, 1113.763, 662.0615, 2979.964, 259.615, 1369.808, 2342.08
369.1, 1205.178, 4665.012, 836.578, 35.85872, 658.3748, 0.05003812, 53.50949, 5.30575, 2089.283, 1028.55, 617.1762, 3000.222, 248.1131, 1288.379, 2313.283
369.2, 1136.401, 4827.16, 807.6237, 33.99551, 682.4296, 0.04718254, 50.59213, 5.000193, 1990.21, 1139.501, 689.793, 2939.562, 237.1208, 1380.484, 2495.708
369.3, 1235.065, 4715.959, 870.2444, 32.2291, 732.5856, 0.04448993, 47.83382, 4.712233, 2566.982, 1052.319, 678.0656, 2847.488, 226.6155, 1633.216, 2374.536
369.4, 1263.042, 4846.636, 826.6631, 30.55448, 693.5844, 0.04195098, 45.2259, 4.440856, 2689.491, 971.8063, 632.0952, 2913.703, 216.5757, 1536.129, 2340.261
369.5, 1376.2, 5308.26, 785.2642, 28.96688, 656.6594, 0.03955692, 42.76017, 4.185109, 2705.988, 1207.95, 589.2415, 2858.754, 206.9806, 1579.245, 2413.667
369.6, 1297.663, 5121.842, 745.9386, 27.46176, 621.7003, 0.03729949, 40.42886, 3.944089, 3153.614, 1115.531, 549.2932, 2715.915, 197.8106, 1935.999, 2370.501
369.7, 1266.568, 5083.558, 760.0294, 26.03485, 674.7913, 0.03517088, 38.22466, 3.71695, 3197.559, 1139.871, 512.0531, 2628.885, 189.0469, 1820.913, 2280.276
369.8, 1301.83, 5063.99, 721.9675, 24.68208, 638.8669, 0.03316375, 36.14064, 3.502892, 3105.037, 1052.66, 505.0592, 2677.47, 180.6715, 1852.099, 2311.938
369.9, 1227.537, 5109.474, 783.9568, 23.3996, 604.855, 0.03127116, 34.17023, 3.301161, 3050.552, 1078.133, 815.306, 2629.861, 172.6671, 1852.931, 2264.567
370, 1266.026, 4926.918, 744.6967, 22.18376, 572.6538, 0.02948658, 32.30726, 3.111048, 2847.23, 995.6456, 926.5371, 2618.837, 165.0173, 1832.016, 2299.587
370.1, 1193.777, 4984.16, 755.5835, 21.0311, 542.1669, 0.02780384, 30.54585, 2.931883, 2820.975, 919.4694, 934.0704, 2741.913, 157.7065, 1723.112, 2218.927
370.2, 1175.587, 5113.967, 717.7443, 19.93832, 629.8405, 0.02621713, 28.88048, 2.763037, 2711.847, 1087.639, 1004.943, 2604.912, 150.7195, 1913.903, 2220.473
370.3, 1232.969, 4895.301, 681.8, 18.90233, 596.3091, 0.02472097, 27.3059, 2.603914, 2512.902, 1845.561, 1172.416, 2698.816, 144.0421, 2210.997, 2176.423
370.4, 1162.606, 4856.005, 647.6558, 17.92017, 564.5629, 0.02331019, 25.81717, 2.453955, 2410.516, 2257.056, 1172.887, 2563.969, 137.6605, 2205.424, 2194.498
370.5, 1096.258, 4620.142, 615.2216, 16.98904, 534.5068, 0.02197993, 24.40961, 691.7645, 2379.275, 2218.695, 1093.369, 2499.993, 131.5617, 2285.052, 2240.6
370.6, 1187.637, 4676.832, 584.4116, 16.10629, 506.0508, 0.02072558, 23.07879, 801.4642, 2204.728, 2189.375, 1176.667, 2681.159, 125.733, 2822.332, 2163.669
370.7, 1119.861, 4627.209, 555.1446, 15.26941, 479.1097, 0.01954281, 21.82052, 1148.874, 2251.917, 2130.591, 1131.468, 2641.568, 120.1626, 2873.366, 2058.618
370.8, 1091.619, 4457.269, 527.3433, 14.47601, 453.6029, 0.01842754, 20.63086, 1082.711, 2112.029, 1967.581, 1100.518, 2522.886, 114.839, 2928.925, 2121.618
370.9, 1207.81, 4240.772, 500.9342, 13.72384, 429.4541, 0.01737592, 19.50606, 1020.358, 2098.591, 1976.665, 1025.907, 2472.021, 109.7512, 2754.814, 2018.609
371, 1138.883, 4280.671, 475.8477, 13.01075, 406.5909, 0.01638431, 18.44258, 1059.343, 1989.814, 1838.564, 956.3546, 2492.328, 104.8888, 2591.053, 1920.602
371.1, 1073.889, 4072.752, 452.0175, 12.33472, 384.9449, 0.01544929, 17.43708, 1256.204, 1930.24, 1755.562, 891.5173, 2704.547, 100.2419, 2437.027, 1827.352
371.2, 1012.604, 3874.932, 429.3807, 11.69381, 364.4512, 0.01456763, 16.4864, 1423.001, 2128.823, 1849.873, 831.0757, 2686.089, 95.80083, 2292.157, 1738.631
371.3, 954.817, 3851.728, 407.8776, 11.0862, 345.0486, 0.01373629, 15.58756, 1421.307, 2891.485, 1926.444, 774.7318, 3033.565, 91.55651, 2155.899, 1654.216
371.4, 900.3275, 3831.171, 387.4513, 10.51016, 326.679, 0.01295238, 14.73772, 1721.36, 3072.856, 1837.321, 722.2079, 3222.723, 87.50024, 2027.741, 1573.901
371.5, 900.6082, 3787.436, 368.0479, 9.964053, 309.2873, 0.01221322, 13.93421, 1622.227, 3012.275, 1696.748, 673.2449, 3061.698, 83.62366, 1907.202, 1497.485
371.6, 966.2181, 3769.713, 349.6163, 9.446322, 292.8215, 0.01151623, 13.17451, 1528.803, 2930.88, 1602.88, 627.6014, 3174.024, 79.91884, 1891.907, 1424.779
371.7, 916.231, 3659.377, 332.1077, 8.955493, 277.2323, 0.01085902, 12.45623, 1579.134, 3196.699, 1585.309, 637.8517, 3087.424, 76.37815, 2016.006, 1355.603
371.8, 907.775, 3481.635, 315.4759, 8.490167, 262.4731, 0.01023932, 11.77711, 1488.192, 3330.393, 1674.58, 786.209, 2933.159, 72.99433, 2255.338, 1289.785
371.9, 855.9701, 3622.573, 299.677, 8.049019, 248.4996, 0.009654984, 11.13502, 1402.487, 3728.129, 1546.459, 1069.024, 3382.023, 69.76042, 2449.92, 1344.26
372, 807.1216, 3779.738, 284.6694, 7.630793, 235.27, 0.009103993, 10.52793, 1321.719, 3801.344, 1428.14, 1470.188, 3213.038, 66.66979, 2526.414, 1278.993
372.1, 799.6625, 3795.248, 270.4133, 7.234298, 222.7447, 0.008584446, 9.953945, 1245.601, 4139.373, 1421.537, 1798.52, 3418.106, 63.71608, 2467.078, 1349.062
372.2, 820.2823, 3813.374, 256.8711, 6.858405, 210.8863, 0.008094549, 9.411252, 1173.867, 3965.306, 1372.994, 2308.168, 3247.319, 60.89323, 2320.421, 1455.244
372.3, 773.4705, 3817.133, 244.0072, 6.502043, 199.6591, 0.007632609, 8.898147, 1492.487, 3917.916, 1267.947, 2340.232, 3278.519, 58.19545, 2182.483, 1598.411
372.4, 729.3301, 3631.729, 231.7874, 6.164198, 189.0297, 0.007197032, 8.413016, 1627.301, 3797.408, 1170.937, 2246.807, 3157.213, 55.61719, 2052.745, 1520.805
372.5, 714.5096, 3918.548, 220.1796, 5.843907, 178.9662, 0.006786312, 7.954335, 1533.585, 3765.905, 1081.349, 2094.482, 3059.111, 53.15315, 1930.719, 1446.967
372.6, 673.734, 4127.179, 209.1532, 5.540258, 169.4384, 0.00639903, 7.520661, 1814.642, 3489.633, 1027.166, 1952.484, 3132.299, 50.79827, 2295.574, 1376.714
372.7, 635.2853, 4029.007, 198.6789, 5.252388, 160.4179, 0.00603385, 7.110631, 2507.983, 3505.189, 948.5779, 1820.113, 3001.061, 48.54773, 2159.113, 1309.871
372.8, 599.0309, 4017.451, 188.7291, 4.979474, 151.8776, 0.005689511, 6.722957, 2363.549, 3248.044, 1143.785, 1696.716, 3372.201, 46.3969, 2479.753, 1246.274
372.9, 564.8454, 3822.317, 217.9324, 4.720741, 143.7919, 0.005364822, 6.356418, 2227.432, 3159.233, 1057.401, 1581.685, 3697.273, 44.34135, 2332.344, 1185.765
373, 582.0585, 3986.499, 207.0185, 4.475452, 136.1368, 0.005058662, 6.009863, 2206.82, 3062.061, 976.4995, 1474.453, 3565.074, 42.37687, 2568.088, 1128.193
373.1, 548.8416, 3826.965, 196.6511, 4.242908, 128.8891, 0.004769974, 5.682203, 2079.729, 3053.799, 920.0371, 1374.49, 3679.925, 40.49943, 2415.427, 1500.075
373.2, 517.5203, 3744.501, 186.8029, 4.022447, 122.0274, 0.004497761, 5.372406, 1959.958, 2829.768, 880.423, 1899.018, 3726.123, 38.70516, 2271.841, 1695.471
373.3, 487.9864, 3975.449, 177.448, 3.813441, 115.5309, 0.004241083, 5.079501, 2569.71, 2691.379, 813.0623, 2005.44, 3711.661, 36.99038, 2136.791, 1613.153
373.4, 460.138, 3864.037, 168.5614, 3.615295, 109.3803, 0.003999053, 4.802564, 2421.721, 2675.036, 750.8554, 1869.479, 3583.729, 35.35158, 2009.769, 1534.831
373.5, 433.8788, 3684.021, 160.12, 3.427445, 103.5571, 0.003770835, 4.540726, 2282.255, 2548.057, 693.4079, 1742.735, 3599.492, 33.78538, 1890.297, 1514.577
373.6, 409.7587, 3505.082, 243.1105, 3.249356, 98.04392, 0.003555641, 4.293164, 2150.82, 2361.128, 830.1729, 1624.584, 3524.789, 32.28857, 1903.783, 1643.118
373.7, 594.8344, 3427.435, 252.724, 3.080519, 126.4905, 0.003352728, 4.059099, 2026.955, 2187.912, 896.5122, 1514.443, 3348.671, 30.85807, 2330.132, 1897.145
373.8, 744.1075, 4237.139, 240.0677, 2.920456, 230.7106, 0.003161394, 3.837795, 1910.223, 2027.404, 915.705, 1411.77, 3181.353, 29.49095, 2402.724, 2093.189
373.9, 701.6428, 4651.73, 228.0453, 2.768709, 218.428, 0.00298098, 3.628557, 1800.214, 1878.671, 845.645, 1316.057, 3054.829, 28.18439, 2259.893, 1991.56
374, 673.739, 5341.749, 216.6249, 2.624848, 206.7994, 0.002810861, 3.430726, 1696.54, 1808.733, 780.9451, 1226.833, 2952.968, 26.93573, 2477.822, 1894.866
374.1, 635.29, 5864.718, 205.7764, 2.488461, 195.7898, 0.002650451, 3.243682, 1598.836, 1888.266, 734.625, 1322.122, 2917.782, 25.74238, 2751.408, 1802.866
374.2, 599.0353, 5913.168, 195.4713, 2.359161, 185.3664, 0.002499195, 3.066835, 1687.215, 1749.74, 678.4193, 1537.876, 3451.61, 24.6019, 2985.109, 1715.333
374.3, 564.8496, 5851.057, 185.6822, 2.236579, 175.4979, 0.002356571, 2.89963, 1650.3, 1859.605, 626.5138, 1433.614, 3345.605, 23.51195, 2917.136, 1632.05
374.4, 532.6148, 6223.025, 176.3833, 2.120367, 166.1548, 0.002222086, 2.74154, 2040.357, 1845.276, 608.0762, 1336.42, 3343.043, 22.47029, 2743.726, 1552.811
374.5, 502.2195, 6323.376, 167.5501, 2.010193, 157.309, 0.002095276, 2.592071, 1922.854, 1709.904, 561.5526, 1282.02, 3299.647, 21.47477, 2580.625, 1477.418
374.6, 473.5589, 6432.338, 159.1593, 1.905743, 148.9342, 0.001975703, 2.45075, 1812.117, 1610.047, 551.4046, 1345.849, 3278.438, 20.52337, 2484.099, 1542.752
374.7, 566.3397, 6704.58, 151.1887, 1.806721, 141.0053, 0.001862953, 2.317134, 1707.758, 1580.289, 538.1487, 1483.778, 3114.629, 19.61411, 2783.249, 1592.887
374.8, 539.7451, 6651.509, 143.6172, 1.712844, 133.4985, 0.001756638, 2.190803, 1609.408, 1539.005, 496.9753, 1383.184, 3115.911, 18.74513, 2675.829, 1567.172
374.9, 578.5782, 6513.968, 136.425, 1.623845, 126.3913, 0.001656391, 2.071359, 1516.723, 1631.632, 458.952, 1599.447, 3213.559, 17.91466, 2548.35, 1699.833
375, 545.5599, 6497.172, 129.5929, 1.53947, 119.6625, 0.001561864, 1.958428, 1429.375, 1511.933, 442.2479, 1491.01, 3324.502, 17.12098, 2512.968, 1799.281
375.1, 545.4302, 7033.171, 123.1029, 1.45948, 113.2919, 0.001472731, 1.851654, 1672.149, 1495.198, 408.4118, 1629.816, 3561.338, 16.36246, 2363.584, 1858.486
375.2, 542.9568, 7160.708, 116.938, 1.383645, 146.4573, 0.001388685, 1.750701, 1575.85, 1432.766, 462.3313, 1519.32, 3383.394, 15.63754, 2429.414, 2000.775
375.3, 538.3611, 7025.921, 111.0818, 1.311751, 138.6602, 0.001309436, 1.655252, 1485.098, 1352.888, 426.9586, 1416.316, 3214.341, 14.94474, 2284.996, 1903.633
375.4, 540.4357, 6862.278, 105.5189, 1.243593, 131.2783, 0.001234709, 1.565007, 1399.571, 1376.055, 394.2923, 1493.005, 3277.053, 14.28264, 2665.493, 2108.866
375.5, 557.684, 6657.845, 100.2346, 1.178976, 124.2893, 0.001164247, 1.479682, 1380.875, 1417.045, 367.6801, 1465.592, 3113.313, 13.64987, 2765.517, 2006.476
375.6, 612.5682, 6428.368, 95.21487, 1.117717, 117.6724, 0.001097805, 1.399009, 1800.188, 1394.616, 507.5405, 1366.23, 2957.755, 13.04513, 2747.854, 1909.057
375.7, 668.1976, 6370.103, 90.44656, 259.391, 111.4078, 0.001035156, 1.322734, 1886.24, 1352.486, 526.7858, 1273.604, 2809.969, 12.46718, 2666.242, 1974.286
375.8, 630.0649, 6216.069, 85.91704, 245.913, 105.4767, 0.0009760816, 1.250618, 1777.612, 1270.325, 486.4818, 1236.431, 2977.602, 11.91484, 2730.521, 2110.696
375.9, 638.8184, 6217.173, 81.61436, 270.0938, 122.898, 0.0009203785, 1.182434, 1675.239, 1309.568, 449.2613, 1152.606, 3223.909, 11.38697, 2672.651, 2382.272
376, 602.3623, 6130.183, 77.52715, 256.0598, 116.3552, 0.0008678544, 1.117967, 1578.763, 1286.855, 414.8886, 1319.085, 3156.624, 10.88249, 2698.908, 2266.608
376.1, 576.4712, 6036.019, 73.64464, 284.3073, 110.1607, 0.0008183277, 1.057015, 1487.842, 1192.449, 383.1457, 1229.656, 3180.076, 10.40036, 2538.47, 2356.246
376.2, 552.4324, 6090.702, 69.95655, 295.8634, 104.296, 0.0007716274, 0.9993864, 1402.158, 1145.484, 353.8315, 1217.567, 3151.009, 9.939585, 2501.641, 2367.948
376.3, 520.9062, 5860.002, 66.45316, 540.7785, 98.74348, 0.0007275922, 0.9448994, 1321.408, 1081.132, 326.76, 1135.02, 3171.876, 9.499226, 2665.724, 2310.781
376.4, 578.9055, 5933.604, 79.65832, 576.2341, 113.183, 0.00068607, 0.8933831, 1245.308, 1152.531, 379.8408, 1058.07, 3013.392, 9.078377, 2507.259, 2224.207
376.5, 556.0211, 5852.86, 107.7523, 546.293, 152.7357, 0.0006469174, 0.8446755, 1173.591, 1067.98, 428.1066, 986.3367, 3017.119, 8.676172, 2467.58, 2227.084
376.6, 661.808, 5572.575, 102.3561, 517.9077, 144.6044, 0.0006099991, 0.7986234, 1352.391, 1007.804, 400.8077, 1050.935, 3027.752, 8.291787, 2320.894, 2118.955
376.7, 714.079, 5735.389, 97.23015, 490.9973, 193.7323, 0.0005751877, 0.7550821, 1274.507, 933.8698, 413.2175, 1237.076, 2876.469, 7.924432, 2327.444, 2308.021
376.8, 673.328, 5521.088, 92.36092, 465.4851, 183.4184, 0.0005423629, 0.7139147, 1201.109, 973.464, 381.6025, 1153.207, 2933.846, 7.573351, 2189.088, 2224.288
376.9, 634.9025, 5442.903, 87.73553, 441.2986, 173.6536, 0.0005114113, 0.6749918, 1131.937, 902.0493, 352.4063, 1260.682, 2991.496, 7.237825, 2058.957, 2221.46
377, 598.6699, 5313.183, 83.34179, 418.3688, 164.4086, 0.0004822261, 0.6381909, 1066.749, 835.8737, 325.4439, 1175.213, 2936.584, 6.917164, 2108.842, 2113.603
377.1, 564.505, 5208.399, 79.16808, 396.6304, 155.6559, 0.0004547064, 0.6033965, 1005.315, 774.5529, 300.5443, 1095.538, 2789.856, 6.610709, 2129.343, 2072.474
377.2, 645.6539, 5013.066, 76.71319, 376.0215, 178.5548, 0.0004287572, 0.5704991, 947.4196, 717.7306, 277.5499, 1047.783, 2650.46, 6.317832, 2082.44, 2075.077
377.3, 696.0756, 5231.616, 72.87143, 356.4835, 169.049, 0.0004042889, 0.5393952, 892.8579, 665.0768, 256.3147, 998.4468, 2539.512, 6.037929, 2229.225, 2124.33
377.4, 656.352, 4993.173, 80.93082, 381.5718, 160.0492, 0.000381217, 0.5099872, 1258.176, 616.2859, 261.0158, 930.7558, 2445.665, 5.770427, 2211.907, 2194.783
377.5, 639.1577, 5081.802, 76.87785, 361.7454, 151.5285, 0.0003594617, 0.4821824, 1185.718, 571.0743, 241.0456, 921.4927, 2323.466, 5.514777, 2434.226, 2088.222
377.6, 602.6823, 4834.971, 73.02785, 342.9492, 143.4614, 0.0003389479, 0.4558936, 1117.433, 615.9419, 222.6033, 859.0189, 2521.309, 5.270452, 2363.49, 2058.587
377.7, 568.2884, 4934.926, 69.37066, 325.1296, 135.8239, 0.0003196048, 0.4310381, 1053.08, 570.7556, 205.5721, 800.7806, 2505.367, 5.036953, 2252.044, 2006.585
377.8, 620.0149, 4771.735, 65.89661, 308.2359, 128.5929, 0.0003013657, 0.4075377, 1204.275, 528.8842, 257.0605, 746.4907, 2380.185, 4.813798, 2118.17, 2049.205
377.9, 584.6319, 4555.584, 62.59655, 292.22, 121.7469, 0.0002841673, 0.3853186, 1134.922, 490.0845, 450.6181, 799.2703, 2261.258, 4.60053, 2336.404, 1949.711
378, 551.2681, 4601.407, 59.46175, 409.5544, 115.2653, 0.0002679505, 0.3643109, 1069.562, 511.1502, 804.8737, 745.0827, 2370.943, 4.39671, 2197.516, 1855.049
378.1, 553.0645, 4700.06, 56.48393, 388.274, 109.1289, 0.0002526591, 0.3444485, 1007.966, 516.6514, 743.2933, 694.5688, 2403.504, 4.20192, 2363.347, 1813.728
378.2, 521.5022, 4471.771, 53.65525, 368.0993, 138.3389, 0.0002382403, 0.325669, 949.9173, 533.7542, 686.4243, 983.0895, 2573.253, 4.01576, 2434.402, 2021.061
378.3, 495.7959, 4478.456, 50.96822, 348.9729, 130.974, 0.0002246444, 0.3079134, 1240.419, 494.5972, 740.9517, 916.4396, 2523.417, 3.837847, 2549.729, 2074.264
378.4, 467.5018, 4260.931, 48.41576, 330.8403, 124.0012, 0.0002118244, 0.2911258, 1642.3, 600.7933, 684.262, 1051.615, 2492.906, 3.667817, 2697.803, 2133.247
378.5, 449.0044, 4282.63, 45.99112, 313.6499, 117.3997, 0.000199736, 0.2752535, 1697.97, 614.1566, 656.4916, 1170.631, 2522.569, 3.50532, 2608.004, 2029.674
378.6, 473.3537, 4074.616, 43.68791, 297.3527, 135.1449, 0.0001883375, 0.2602466, 1600.184, 569.1013, 606.2639, 1149.583, 2396.527, 3.350022, 2600.939, 1978.945
378.7, 471.4522, 4082.257, 41.50005, 281.9023, 127.9501, 0.0001775895, 0.2460578, 1617.831, 527.3512, 669.7387, 1071.646, 2276.784, 3.201604, 2535.614, 1938.201
378.8, 444.5474, 3921.109, 39.42175, 267.2547, 121.1383, 0.0001674548, 0.2326427, 1524.661, 920.5327, 883.7041, 1105.735, 2343.461, 3.059762, 2455.161, 2078.532
378.9, 424.4073, 4091.481, 37.44753, 253.3681, 114.6891, 0.0001578985, 0.2199589, 1527.586, 2095.821, 1522.655, 1224.687, 2559.353, 2.924204, 2454.167, 2129.25
379, 509.7366, 4633.033, 35.57217, 240.2032, 108.5833, 0.0001488875, 0.2079666, 1439.613, 2957.794, 1700.362, 1141.658, 2431.474, 2.794651, 2744.274, 2396.641
379.1, 480.647, 4520.31, 33.79074, 227.7222, 102.8026, 0.0001403908, 0.1966282, 1508.152, 3169.602, 1610.916, 1225.739, 2516.863, 2.670838, 2774.971, 2630.19
379.2, 475.8736, 4300.751, 32.09851, 215.8898, 130.7057, 0.000132379, 0.1859079, 1421.298, 3151.333, 1591.639, 1187.823, 2391.107, 2.55251, 2690.117, 2502.489
379.3, 448.7165, 4352.248, 30.49104, 204.6722, 123.7472, 870.1441, 0.1757722, 1339.446, 2940.492, 1644.223, 1107.293, 2293.077, 2.439425, 2717.049, 2380.988
379.4, 720.6504, 4523.326, 28.96406, 194.0375, 117.1592, 1195.32, 0.166189, 1387.426, 2835.809, 1612.21, 1032.223, 2178.502, 2.33135, 2555.533, 2384.546
379.5, 679.5243, 4406.269, 27.51356, 183.9553, 110.9219, 1266.097, 0.1571283, 1307.524, 2723.969, 1548.475, 962.242, 2222.48, 2.228063, 2535.129, 2299.167
379.6, 813.2438, 4252.671, 26.13569, 174.397, 105.0167, 1193.843, 0.1485616, 1308.136, 2524.135, 1482.973, 897.0056, 2111.433, 2.129352, 2450.551, 2307.923
379.7, 954.7111, 4231.987, 24.82683, 165.3354, 99.4258, 1125.713, 0.1404619, 1440.691, 2434.021, 1430.2, 836.1919, 2005.934, 2.035014, 2361.112, 2357.106
379.8, 900.2277, 4026.433, 50.50222, 156.7446, 94.13258, 1061.471, 0.1328039, 1357.722, 2405.913, 1320.776, 877.4562, 1905.707, 1.944856, 2436.725, 2242.663
379.9, 848.8535, 4121.384, 47.97309, 148.6002, 89.12117, 1000.895, 0.1255634, 1279.531, 2229.412, 1219.724, 817.9679, 1891.026, 1.858692, 2291.874, 2370.111
380, 800.4111, 3921.202, 45.57063, 140.8789, 84.37655, 943.7756, 0.1187176, 1205.843, 2279.461, 1126.404, 844.6252, 2116.535, 1.776345, 2305.697, 2255.037
380.1, 754.7332, 3933.98, 43.28848, 133.5589, 132.9088, 889.9163, 0.1122451, 1136.399, 2161.481, 1040.223, 787.3627, 2010.781, 1.697647, 2354.058, 2191.134
380.2, 711.6621, 3933.298, 73.54622, 126.6192, 160.3224, 928.1736, 0.1061254, 1070.954, 2091.291, 1164.222, 733.9825, 1910.312, 1.622435, 2214.12, 2119.156
380.3, 781.6984, 3872.359, 69.86306, 120.04, 151.7872, 932.9186, 0.1003394, 1009.278, 1937.871, 1075.148, 777.7343, 1814.862, 1.550555, 2182.738, 2161.859
380.4, 737.0884, 3714.402, 66.36436, 113.8028, 143.7064, 879.6788, 0.09486887, 951.1538, 1854.871, 1036.853, 848.8445, 1929.174, 1.48186, 2052.984, 2056.896
380.5, 796.3651, 3656.935, 63.04087, 107.8896, 136.0558, 845.8769, 0.08969658, 896.3771, 1816.48, 957.5239, 791.296, 1832.782, 1.416209, 2010.76, 1957.03
380.6, 818.7356, 3645.41, 59.88382, 102.2837, 128.8124, 843.9946, 0.08480629, 844.7549, 1781.745, 941.9503, 737.649, 1890.854, 1.353466, 1938.74, 2008.207
380.7, 772.012, 3606.589, 56.88486, 96.96902, 121.9547, 795.8295, 0.08018261, 796.1057, 1709.256, 869.8822, 687.6392, 1822.386, 1.293502, 1823.491, 2021.576
380.8, 727.9548, 3445.781, 54.0361, 91.93053, 115.4621, 750.4131, 0.07581102, 750.2582, 1602.026, 803.328, 641.0198, 1823.618, 1.236195, 1821.647, 2063.241
380.9, 686.4119, 3516.411, 51.33, 222.0301, 109.3152, 707.5885, 0.07167777, 707.051, 1484.5, 769.1432, 597.561, 1732.5, 1.181428, 1923.457, 2047.994
381, 774.694, 3525.952, 48.75942, 210.4935, 103.4955, 667.2078, 0.06776987, 666.3321, 1512.643, 762.7711, 557.0486, 1816.106, 1.129086, 1809.117, 2099.915
381.1, 730.4838, 3523.014, 46.31758, 199.5563, 151.8803, 713.5303, 0.06407503, 627.9582, 1401.673, 704.4119, 519.2828, 1725.364, 1.079064, 1758.85, 2085.66
381.2, 688.7966, 3559.791, 43.99802, 189.1874, 143.7945, 672.8105, 0.06058163, 591.7943, 1298.844, 706.9247, 484.0773, 1778.928, 1.031257, 1884.12, 2181.647
381.3, 679.7822, 3393.999, 41.79462, 179.3572, 136.1392, 634.4146, 0.0572787, 557.713, 1397.918, 705.3953, 451.2587, 1746.106, 0.9855689, 1895.652, 2118.968
381.4, 738.0629, 3229.147, 39.70157, 170.0378, 128.8915, 598.2098, 0.05415584, 525.5944, 1366.403, 651.426, 420.665, 1658.861, 0.9419047, 1826.706, 2171.585
381.5, 777.6492, 3072.302, 37.71334, 161.2027, 122.0296, 564.0712, 0.05120324, 495.3256, 1266.161, 607.5649, 392.1455, 1628.528, 0.900175, 1884.12, 2214.708
381.6, 733.2703, 2923.076, 35.82467, 152.8266, 115.533, 531.8808, 0.04841162, 466.7999, 1173.274, 561.0805, 365.5595, 1547.158, 0.8602941, 1772.117, 2107.18
381.7, 691.4241, 2960.776, 34.03059, 144.8858, 109.3822, 501.5274, 0.0457722, 439.917, 1161.561, 568.3016, 340.7759, 1606.21, 0.82218, 1666.773, 2037.107
381.8, 683.3434, 2985.284, 32.32636, 137.3575, 128.4442, 472.9063, 0.04327668, 414.5822, 1178.8, 573.2952, 317.6726, 1634.976, 0.7857546, 1920.954, 2315.885
381.9, 644.3464, 2868.406, 30.70747, 130.2204, 121.6061, 445.9185, 0.04091721, 654.7739, 1092.322, 621.7994, 296.1356, 1646.322, 0.7509428, 1965.521, 2298.432
382, 691.6957, 2864.865, 29.16966, 123.4542, 115.132, 420.4708, 0.03868639, 617.0656, 1033.368, 574.226, 276.0587, 1583.495, 0.7176734, 2047.5, 2186.838
382.1, 794.0933, 2845.359, 27.70886, 117.0395, 109.0027, 396.4754, 0.03657719, 581.5289, 1025.931, 568.9121, 257.3429, 1605.072, 0.685878, 2086.217, 2298.914
382.2, 748.776, 2754.312, 26.32121, 110.9582, 103.1996, 373.8493, 0.03458299, 548.0388, 950.6669, 525.3849, 239.896, 1524.874, 0.6554912, 1962.201, 2319.374
382.3, 732.7643, 2793.529, 25.00306, 105.1928, 97.70546, 352.5145, 0.03269751, 516.4774, 952.8557, 485.188, 223.632, 1509.715, 0.6264506, 1906.314, 2286.13
382.4, 775.5849, 2824.166, 23.75092, 99.72699, 92.50383, 332.3972, 0.03091483, 486.7336, 882.9528, 448.0666, 208.4706, 1545.048, 0.5986966, 1825.027, 2307.202
382.5, 777.3569, 2714.812, 22.56149, 94.54519, 87.57912, 313.428, 0.02922934, 573.5562, 818.1782, 421.1916, 194.337, 1467.849, 0.5721723, 1944.624, 2195.183
382.6, 732.9947, 2582.949, 21.43162, 89.63263, 82.9166, 295.5413, 0.02763574, 1037.826, 829.6758, 388.9664, 181.1617, 1509.853, 0.546823, 1881.834, 2345.344
382.7, 749.6154, 2622.864, 20.35834, 84.97533, 78.5023, 278.6753, 0.02612903, 1400.135, 768.8096, 415.4393, 168.8796, 1466.377, 0.5225968, 1984.177, 2275.161
382.8, 706.8364, 2504.56, 19.3388, 80.56002, 74.32301, 262.7719, 0.02470447, 1412.064, 784.9202, 443.3988, 157.4302, 1393.109, 0.4994439, 1972.851, 2164.698
382.9, 797.7965, 2427.563, 18.37032, 76.37413, 70.36622, 247.776, 0.02335757, 1372.385, 727.3374, 409.4746, 146.757, 1394.151, 0.4773168, 1888.577, 2153.901
383, 752.2679, 2479.95, 17.45035, 72.40574, 66.62007, 233.6359, 0.0220841, 1293.35, 673.9789, 378.8421, 136.8074, 1324.492, 0.45617, 1776.31, 2049.325
383.1, 714.4249, 2388.594, 16.57644, 68.64355, 63.07336, 220.3028, 0.02088007, 1218.866, 624.5349, 349.8571, 268.3923, 1258.313, 0.4359601, 1897.452, 1949.826
383.2, 673.6541, 2333.635, 15.74631, 65.07684, 59.71547, 207.7306, 0.01974168, 1256.037, 981.9025, 323.0898, 334.8127, 1279.557, 0.4166455, 2071.604, 1855.158
383.3, 656.4818, 2401.294, 14.95774, 61.69545, 56.53635, 195.8758, 0.01866535, 1183.702, 1004.106, 298.3703, 312.1136, 1377.556, 0.3981866, 2113.435, 2071.443
383.4, 701.3035, 2313.306, 14.20866, 58.48976, 53.52647, 184.6976, 0.01764771, 1182.782, 1051.763, 645.5837, 431.3294, 1378.916, 0.3805456, 2450.666, 1970.87
383.5, 661.2816, 2259.538, 13.4971, 55.45064, 50.67684, 174.1573, 0.01668555, 1342.876, 1005.308, 596.1904, 492.4332, 1377.117, 0.3636861, 2407.056, 2008.444
383.6, 766.5939, 2193.185, 12.82117, 52.56944, 47.97891, 164.2184, 0.01577585, 1402.386, 1375.6, 672.261, 459.0481, 1308.308, 0.3475735, 2410.993, 1910.93
383.7, 791.812, 2173.563, 12.1791, 49.83793, 45.42462, 154.8468, 0.01491574, 1799.308, 2316.594, 1074.689, 427.9263, 1280.777, 0.3321747, 2267.67, 2286.551
383.8, 746.6249, 2142.132, 11.56917, 47.24836, 43.00631, 146.01, 0.01410253, 1695.686, 2697.594, 1170.659, 432.2804, 1377.091, 0.3174582, 2132.868, 2334.411
383.9, 704.0165, 2094.098, 10.9898, 44.79334, 76.6847, 137.6775, 0.01333365, 1598.032, 2716.181, 1143.501, 402.9734, 1371.776, 0.3033937, 2071.666, 2453.759
384, 687.6097, 1992.385, 10.43943, 42.46589, 72.60217, 129.8206, 0.0126067, 1506.002, 2632.449, 1084.297, 479.5049, 1303.235, 0.2899523, 2053.595, 2334.624
384.1, 648.3693, 2046.905, 9.916631, 40.25937, 68.73699, 122.412, 0.01191937, 1419.271, 2578.347, 1001.338, 446.9963, 1274.059, 0.2771064, 2097.589, 2221.273
384.2, 611.3681, 2019.767, 9.420012, 38.16749, 65.07758, 115.4262, 0.01126953, 1337.536, 2412.805, 1070.714, 416.6916, 1210.4, 0.2648296, 2048.088, 2158.494
384.3, 651.0565, 1997.005, 8.948262, 36.18431, 61.61299, 108.839, 0.01065511, 1260.508, 2360.521, 988.7946, 388.4414, 1224.156, 0.2530967, 1926.338, 2126.855
384.4, 613.902, 1900.008, 8.500138, 34.30418, 58.33285, 102.6278, 0.01007419, 1187.915, 2187.349, 913.1425, 362.1065, 1293.222, 0.2418837, 1910.589, 2084.125
384.5, 624.8379, 2009.254, 8.074456, 32.52174, 55.22733, 96.77103, 0.009524936, 1119.504, 2118.326, 845.5945, 337.5571, 1228.606, 0.2311673, 1797.013, 2083.852
384.6, 620.2175, 1911.661, 7.670092, 30.83192, 52.28715, 91.2485, 0.009005632, 1055.032, 2030.847, 780.8986, 314.6719, 1167.218, 0.2209258, 1899.979, 2112.057
384.7, 584.8229, 1818.809, 7.285977, 29.2299, 49.50349, 86.04114, 0.008514642, 994.2726, 1881.861, 786.1333, 293.3383, 1287.282, 0.211138, 1787.034, 2126.347
384.8, 551.4482, 1966.617, 6.9211, 27.71111, 64.75005, 81.13094, 0.00805042, 937.0126, 1927.244, 741.913, 273.4511, 1222.963, 0.2017839, 1721.149, 2023.108
384.9, 519.9781, 2019.357, 6.574495, 26.27125, 110.1468, 76.50096, 0.007611508, 883.0503, 1785.859, 749.4241, 254.9121, 1200.537, 0.1928441, 1618.835, 2015.947
385, 605.3741, 1978.788, 6.245248, 24.9062, 130.9472, 72.13521, 0.007196525, 832.1956, 1720.39, 783.8786, 237.63, 1140.551, 0.1843004, 1616.648, 1918.069
385.1, 570.8266, 2133.561, 5.932489, 23.61208, 123.9758, 68.0186, 0.006804167, 784.2697, 1660.113, 723.9045, 221.5196, 1122.872, 0.1761353, 1520.546, 2028.965
385.2, 540.9844, 2098.399, 22.59985, 22.38519, 117.3756, 64.13692, 0.006433201, 739.1038, 1591.874, 700.9836, 206.5014, 1218.002, 0.1683319, 1566.924, 2057.457
385.3, 510.1115, 2071.971, 21.46806, 21.22206, 153.5231, 60.47675, 0.00608246, 696.5389, 1475.091, 647.3518, 192.5014, 1191.634, 0.1608742, 1500.031, 1957.563
385.4, 539.6765, 1971.332, 20.39295, 20.11937, 145.3499, 57.02547, 0.005750842, 656.4254, 1366.877, 637.7459, 179.4505, 1132.093, 0.1537469, 1656.691, 1862.519
385.5, 590.6714, 1875.581, 19.37168, 19.07397, 137.6118, 53.77114, 0.005437303, 618.622, 1469.752, 588.9523, 167.2844, 1075.528, 0.1469353, 1645.745, 1832.312
385.6, 556.963, 1784.481, 18.40156, 18.08289, 130.2856, 50.70253, 0.005140859, 582.9957, 1408.904, 720.6541, 155.9432, 1111.051, 0.1404256, 2084.637, 1987.225
385.7, 525.1782, 1697.806, 17.48002, 17.1433, 123.3495, 47.80904, 0.004860577, 549.4211, 1332.584, 679.2023, 145.3708, 1055.537, 0.1342042, 2614.269, 1890.741
385.8, 495.2074, 1615.341, 16.60463, 16.25254, 116.7826, 45.08067, 0.004595576, 517.7801, 1282.887, 720.8851, 135.5152, 1002.796, 0.1282585, 2671.156, 1862.204
385.9, 467.8461, 1544.886, 15.77308, 15.40806, 110.5654, 42.50801, 0.004345024, 487.9612, 1251.654, 665.7306, 126.3278, 952.691, 0.1225762, 2566.69, 1771.79
386, 515.0811, 1508.304, 75.40815, 14.60746, 104.6791, 40.08216, 0.004108131, 459.8597, 1159.831, 614.796, 117.7632, 905.0893, 0.1171456, 2613.048, 1753.354
386.1, 485.6864, 1506.371, 71.63175, 13.84845, 99.10623, 37.79475, 0.003884154, 433.3765, 1108.434, 567.7583, 109.7793, 1012.929, 0.1119557, 2457.715, 1931.132
386.2, 470.6109, 1579.493, 68.04447, 13.12889, 93.83002, 35.63788, 0.003672388, 408.4184, 1421.554, 524.3195, 102.3367, 962.317, 0.1069956, 2311.615, 1837.372
386.3, 443.7541, 1592.842, 64.63684, 12.44672, 88.83472, 33.6041, 0.003472168, 384.8977, 1553.343, 484.2041, 95.39862, 914.2344, 0.1022554, 2275.916, 1828.779
386.4, 418.4299, 1543.247, 61.39986, 11.79999, 84.10535, 31.68638, 0.003282864, 362.7315, 1476.525, 447.1579, 88.93095, 868.5542, 0.09772509, 2296.393, 1830.145
386.5, 394.5509, 1497.201, 58.32499, 11.18686, 97.60406, 29.8781, 0.003103881, 341.8419, 1495.278, 412.9461, 240.3769, 945.2247, 0.09339552, 2159.884, 1741.288
386.6, 387.2665, 1498.801, 55.40411, 10.60559, 92.40783, 231.4623, 0.002934656, 322.1553, 1385.582, 395.2454, 309.3474, 897.9961, 0.08925776, 2031.489, 1656.745
386.7, 373.0788, 1525.183, 52.6295, 10.05453, 87.48824, 1316.271, 0.002774657, 303.6025, 1283.934, 399.1691, 546.5665, 853.1273, 0.08530333, 1910.726, 1699.496
386.8, 351.7879, 1691.951, 49.99384, 9.532095, 82.83055, 1760.105, 0.002623382, 286.1181, 1226.248, 368.6289, 671.7367, 937.5455, 0.08152409, 1952.803, 1771.847
386.9, 344.3563, 1831.131, 47.49018, 9.036809, 78.42083, 1911.412, 0.002480354, 269.6406, 1147.989, 340.4253, 782.7317, 890.7006, 0.07791229, 1836.718, 1704.422
387, 324.7046, 1742.19, 117.9997, 8.567258, 74.24587, 1802.331, 0.002345124, 254.1121, 1160.458, 314.3796, 900.9448, 869.6046, 0.0744605, 1772.265, 1644.175
387.1, 306.1743, 1657.569, 112.0904, 8.122105, 70.29318, 1894.738, 0.002217267, 239.4778, 1099.411, 290.3266, 839.8641, 826.1544, 0.07116164, 1896.63, 1564.347
387.2, 288.7016, 1620.109, 106.4769, 7.700081, 66.55093, 1821.974, 0.002096381, 225.6863, 1018.757, 309.4764, 933.2813, 892.912, 0.06800892, 1877.247, 1561.131
387.3, 358.2065, 1541.418, 101.1446, 130.189, 63.0079, 1867.436, 0.001982085, 212.6891, 963.3017, 285.7986, 912.4761, 848.2972, 0.06499588, 1765.653, 1807.227
387.4, 337.7644, 1720.568, 96.07935, 123.4244, 59.65349, 1836.779, 0.001874021, 200.4404, 933.1737, 263.9323, 850.6136, 805.9116, 0.06211634, 1731.074, 1719.482
387.5, 318.4888, 1636.997, 91.26775, 117.0113, 56.47767, 1745.96, 0.001771848, 188.8971, 864.7148, 243.739, 835.7757, 813.4118, 0.05936436, 1628.17, 1635.998
387.6, 368.0852, 1557.486, 86.69711, 110.9314, 63.94594, 1646.322, 0.001675247, 178.0185, 834.915, 225.0907, 779.1132, 916.78, 0.05673431, 1566.248, 1657.468
387.7, 347.0793, 1658.638, 82.35537, 105.1674, 60.5416, 1611.02, 0.001583911, 167.7665, 773.6644, 226.7514, 726.2922, 870.9726, 0.05422078, 1593.108, 1820.763
387.8, 398.2973, 1631.522, 78.23106, 99.70296, 57.31849, 1519.082, 0.001497556, 158.1048, 716.9073, 209.4028, 677.0523, 827.454, 0.05181861, 1498.405, 1732.362
387.9, 408.4931, 1552.277, 74.31329, 94.52241, 54.26698, 1579.241, 0.001415908, 148.9996, 664.314, 208.6556, 631.1507, 786.1099, 0.04952286, 1409.332, 1648.252
388, 407.5227, 1476.88, 70.59171, 89.61104, 68.05756, 1489.117, 0.001338713, 140.4188, 642.8535, 219.5139, 697.515, 788.0826, 0.04732882, 1396.454, 1568.226
388.1, 384.2662, 1405.146, 67.05652, 84.95486, 64.43433, 1404.136, 0.001265725, 132.3321, 701.218, 202.7191, 650.226, 882.8858, 0.04523199, 1313.442, 1705.221
388.2, 405.3842, 1395.573, 63.69836, 80.54061, 61.00398, 1324.005, 0.001196717, 124.7111, 649.7757, 187.2091, 606.1431, 861.8, 0.04322805, 1400.025, 1663.143
388.3, 442.0918, 1378.79, 60.50838, 76.35573, 57.75626, 1248.446, 0.001131472, 117.529, 650.4216, 172.8859, 649.4572, 863.4332, 0.04131289, 1342.326, 1582.394
388.4, 416.8625, 1380.657, 57.47816, 72.3883, 54.68144, 1300.953, 0.001069784, 110.7606, 779.3397, 473.5626, 605.4264, 820.2914, 0.03948259, 1262.531, 1612.883
388.5, 393.073, 1313.596, 54.59968, 68.62701, 51.77032, 1226.71, 0.001011459, 104.3819, 792.6438, 1422.534, 564.3807, 840.2902, 0.03773337, 1258.682, 1559.288
388.6, 404.8904, 1249.793, 210.3772, 65.06116, 49.01418, 1298.565, 0.0009563134, 98.37054, 734.4943, 1442.65, 526.1178, 798.3046, 0.03606165, 1247.499, 1603.791
388.7, 381.7841, 1275.705, 200.6399, 61.6806, 46.40477, 1224.459, 0.0009041748, 92.70541, 680.6108, 1515.226, 490.449, 860.5558, 0.03446399, 1328.548, 1525.924
388.8, 388.927, 1285.612, 190.5919, 58.47568, 43.93428, 1167.36, 349.2336, 87.36652, 630.6802, 1587.207, 457.1984, 859.6951, 0.03293711, 1249.572, 1483.303
388.9, 366.7317, 1396.743, 307.356, 55.43729, 41.59531, 1180.048, 330.1933, 82.33511, 584.4127, 1465.77, 593.5356, 816.7401, 0.03147788, 1175.291, 1589.455
389, 345.803, 1328.901, 362.6143, 52.55678, 53.43572, 1112.705, 312.191, 77.59344, 541.5393, 1428.276, 553.2961, 775.9312, 0.0300833, 1105.425, 1549.146
389.1, 326.0688, 1264.354, 344.4547, 49.82594, 50.59092, 1132.062, 295.1702, 73.12486, 501.8112, 1359.1, 515.7847, 737.1614, 0.02875051, 1173.529, 1473.931
389.2, 344.3777, 1202.943, 327.2046, 47.23698, 47.89756, 1136.024, 279.0774, 68.91361, 464.9977, 1255.116, 480.8164, 700.3288, 0.02747676, 1103.769, 1507.23
389.3, 324.7247, 1212.991, 310.8184, 44.78256, 45.3476, 1071.193, 263.862, 64.94489, 430.8848, 1336.248, 448.2188, 790.3873, 0.02625944, 1038.155, 1541.844
389.4, 329.3331, 1267.675, 295.2528, 42.45566, 42.93339, 1095.044, 249.4761, 61.20473, 399.2744, 1234.013, 417.8312, 750.8952, 0.02509605, 1116.423, 1466.984
389.5, 310.5387, 1206.102, 280.4667, 40.24967, 40.64771, 1058.756, 235.8746, 57.67997, 369.9831, 1159.937, 389.5038, 713.3763, 0.02398421, 1050.057, 1395.759
389.6, 292.8169, 1165.345, 324.5832, 38.1583, 38.48371, 1085.003, 223.0146, 54.35819, 342.8406, 1106.215, 363.0969, 736.4283, 0.02292162, 987.6362, 1438.709
389.7, 276.1064, 1258.819, 308.3282, 36.1756, 36.43492, 1097.675, 210.8557, 51.22771, 317.6894, 1021.579, 338.4803, 699.6323, 0.02190612, 928.9258, 1368.857
389.8, 260.3496, 1286.038, 292.8873, 34.29592, 59.93187, 1122.081, 199.3598, 48.27752, 294.3832, 943.4187, 315.5326, 664.6748, 0.0209356, 873.7056, 1302.396
389.9, 245.492, 1223.573, 278.2197, 32.51391, 56.74123, 1058.046, 188.4906, 45.49723, 272.7869, 871.2383, 513.4193, 631.464, 0.02000808, 1063.235, 1239.162
390, 231.4822, 1164.142, 303.3445, 30.82449, 53.72044, 1069.387, 178.214, 838.9742, 252.7748, 804.5803, 478.6114, 651.2521, 0.01912165, 1087.388, 1263.638
390.1, 218.272, 1262.116, 288.1531, 29.22285, 50.86048, 1008.359, 168.4977, 1063.235, 234.2309, 828.4149, 471.6472, 762.6359, 0.01827449, 1134.041, 1330.754
390.2, 205.8157, 1200.813, 273.7226, 27.70444, 48.15278, 963.5659, 159.3111, 1466.312, 858.5754, 1231.365, 538.7329, 807.6293, 0.01746486, 1066.627, 1336.592
390.3, 194.0702, 1173.826, 260.0147, 26.26492, 45.58923, 908.5771, 150.6254, 1507.224, 1571.683, 1258.241, 502.2088, 829.2755, 0.01669111, 1003.221, 1307.976
390.4, 182.995, 1116.812, 302.6135, 24.9002, 43.16216, 856.7264, 142.4133, 1420.423, 1610.3, 1196.018, 857.3171, 787.8403, 0.01595163, 1073.015, 1335.376
390.5, 172.5518, 1062.566, 287.4588, 23.60638, 40.8643, 807.8348, 134.6488, 1338.622, 1492.166, 1104.511, 835.6781, 748.4755, 0.01524492, 1247.113, 1333.434
390.6, 162.7046, 1149.62, 273.063, 22.3798, 38.68877, 790.8116, 127.3077, 1261.531, 1473.937, 1160.092, 779.0222, 817.7084, 0.01456952, 1265.452, 1376.904
390.7, 153.4194, 1093.781, 259.3882, 21.21695, 36.62906, 792.0906, 120.3669, 1188.879, 1365.807, 1094.192, 726.2074, 803.6495, 0.01392404, 1320.159, 1310.052
390.8, 144.6641, 1075.08, 246.3982, 20.11452, 34.67901, 774.7343, 113.8044, 1120.412, 1463.129, 1031.163, 676.9732, 945.8577, 0.01330715, 1287.855, 1272.735
390.9, 136.4084, 1022.862, 234.0587, 19.06937, 32.83277, 730.5217, 238.3511, 1055.888, 1376.626, 1043.305, 920.959, 898.5975, 0.0127176, 1275.588, 1283.843
391, 165.1093, 973.1801, 222.3371, 18.07853, 31.08483, 712.1595, 833.6572, 995.0795, 1275.634, 984.3036, 900.0596, 853.6986, 0.01215416, 1199.76, 1236.743
391.1, 155.6869, 925.9112, 211.2026, 17.13917, 29.42994, 671.5179, 788.2058, 937.7731, 1182.052, 950.5694, 981.836, 858.5529, 0.01161569, 1128.44, 1338.866
391.2, 146.8021, 880.9383, 200.6257, 16.24862, 27.86315, 633.1957, 768.4935, 883.7669, 1095.335, 877.8419, 1088.865, 815.6548, 0.01110107, 1061.359, 1273.861
391.3, 138.4244, 838.1498, 190.5785, 15.40434, 26.37978, 597.0605, 954.3594, 832.871, 1063.4, 810.6787, 1061.651, 774.9003, 0.01060926, 998.2664, 1212.013
391.4, 130.5248, 797.4396, 181.0344, 14.60394, 24.97537, 580.1037, 902.3273, 784.9061, 985.3876, 814.6006, 1159.582, 866.1523, 0.01013923, 1017.311, 1153.167
391.5, 123.076, 758.7067, 171.9683, 13.84512, 23.64574, 596.9808, 853.1321, 1045.801, 1588.573, 885.1021, 1205.166, 822.8746, 0.009690027, 1416.551, 1255.535
391.6, 116.0523, 721.8552, 163.3562, 13.12573, 22.38689, 700.3644, 806.619, 985.5736, 1872.088, 817.3835, 1123.46, 781.7592, 0.009260724, 2034.203, 1311.151
391.7, 109.4295, 686.7936, 179.47, 12.44372, 21.19506, 660.3961, 762.6417, 928.8146, 1734.749, 784.7177, 1047.294, 742.6982, 0.008850441, 1913.28, 1247.492
391.8, 103.1846, 653.4349, 170.4822, 11.79714, 20.06668, 673.355, 721.0622, 875.3244, 1607.485, 724.6794, 1109.801, 705.5889, 0.008458336, 1799.544, 1186.923
391.9, 97.29602, 621.6966, 161.9445, 11.18416, 18.99837, 634.928, 681.7496, 824.9147, 1552.499, 669.2346, 1034.561, 670.3338, 0.008083601, 2042.94, 1347.274
392, 411.5032, 591.4998, 153.8345, 10.60304, 17.98694, 598.694, 644.5803, 777.408, 1486.623, 618.0318, 1046.88, 636.8402, 0.007725469, 2024.317, 1281.861
392.1, 486.8804, 562.7698, 146.1305, 10.0521, 17.02935, 564.5277, 609.4375, 732.6373, 1475.812, 570.7465, 1017.38, 605.0201, 0.007383204, 1903.981, 1219.624
392.2, 459.0951, 565.1099, 154.2577, 9.529798, 16.12275, 532.3112, 576.2107, 986.4199, 1470.258, 527.079, 999.8484, 574.79, 0.007056102, 1790.798, 1160.408
392.3, 484.6803, 620.5005, 146.5325, 9.034631, 15.26441, 501.9333, 544.7954, 1183.032, 1362.397, 486.7525, 932.0624, 546.0703, 0.006743492, 1773.922, 1240.139
392.4, 511.3274, 590.3618, 139.1942, 8.565192, 14.45176, 473.289, 515.093, 1272.85, 1869.91, 449.5114, 910.946, 518.7856, 0.006444731, 1668.471, 1179.927
392.5, 482.147, 571.2711, 138.5783, 8.120146, 13.68238, 446.2793, 487.0099, 1298.666, 2260.273, 415.1195, 878.1458, 492.8643, 0.006159207, 1694.746, 1122.639
392.6, 482.925, 543.5236, 131.6384, 7.698224, 12.95396, 420.8111, 460.4579, 1223.876, 2256.208, 450.588, 847.5598, 468.238, 0.005886332, 1661.653, 1068.133
392.7, 455.3654, 517.1238, 125.046, 7.298225, 12.26432, 396.7962, 435.3535, 1153.394, 2152.209, 416.1138, 987.3162, 444.8423, 0.005625547, 1686.994, 1016.273
392.8, 429.3786, 587.8916, 118.7838, 6.919011, 11.61139, 374.1519, 411.6179, 1086.97, 1994.32, 384.2772, 920.3798, 422.6155, 0.005376315, 1586.71, 966.9307
392.9, 527.5135, 559.3368, 112.8352, 6.5595, 10.99323, 352.7998, 389.1763, 1024.372, 2026.715, 354.8764, 857.9814, 401.4993, 0.005138125, 1588.496, 919.9841
393, 497.4094, 545.0784, 107.1844, 6.218669, 10.40797, 332.6662, 367.9582, 1160.633, 2539.82, 357.011, 799.8135, 381.4382, 0.004910488, 1494.067, 875.317
393.1, 567.0092, 518.6031, 101.8167, 5.895548, 9.853875, 313.6816, 347.897, 1093.793, 2857.117, 329.6963, 798.2217, 362.3795, 0.004692936, 1405.252, 832.8185
393.2, 534.6511, 493.4138, 96.71777, 5.589216, 9.329276, 295.7804, 328.9295, 1030.801, 2876.511, 430.0425, 807.3078, 344.273, 0.004485023, 1614.191, 792.3834
393.3, 552.4285, 487.7564, 91.87419, 5.298801, 8.832605, 278.9008, 310.9961, 1041.942, 2703.55, 526.7447, 752.5753, 452.4607, 0.00428632, 1518.235, 753.9116
393.4, 668.5422, 464.0653, 87.27318, 5.023476, 8.362376, 262.9845, 294.0405, 1134.446, 2627.191, 773.4512, 701.5535, 429.8533, 0.004096421, 2063.235, 717.3076
393.5, 630.3899, 441.5249, 82.90258, 4.762457, 7.917181, 247.9765, 278.0092, 1196.936, 2596.329, 714.2749, 715.8491, 456.4991, 0.003914936, 2236.108, 682.4808
393.6, 594.4148, 420.0794, 78.75086, 4.515, 7.495687, 233.825, 262.8521, 1491.588, 2527.721, 842.6639, 667.3171, 562.3958, 0.00374149, 2103.182, 649.3449
393.7, 560.4927, 580.2671, 74.80706, 4.280402, 7.096633, 220.4811, 248.5212, 1405.688, 2447.636, 815.349, 664.1516, 600.5389, 0.003575729, 2065.868, 617.8179
393.8, 572.2948, 751.3506, 71.06076, 4.057992, 6.718823, 207.8987, 234.9718, 1324.735, 2557.098, 778.9962, 674.3446, 717.2393, 0.003417311, 2182.106, 587.8215
393.9, 707.8723, 722.516, 67.50208, 3.84714, 6.361128, 196.0343, 222.161, 1248.443, 3594.586, 878.8555, 760.7343, 681.4021, 0.003265912, 2333.48, 775.1517
394, 667.4754, 687.4223, 64.1216, 3.647243, 6.022475, 184.847, 210.0487, 1176.546, 4056.044, 811.6147, 895.0222, 647.3555, 0.003121221, 2194.766, 737.5164
394.1, 689.9076, 727.0333, 60.91043, 3.457732, 5.701851, 174.2982, 198.5967, 1108.789, 4333.598, 785.1434, 1042.696, 615.0101, 0.00298294, 2458.099, 952.1691
394.2, 696.893, 691.7202, 57.86007, 3.278069, 5.398297, 164.3513, 187.7691, 1044.934, 4127.473, 743.8448, 1117.159, 584.2808, 0.002850785, 2522.958, 1487.126
394.3, 657.1227, 658.1223, 54.96247, 3.107741, 5.110903, 297.6434, 177.5319, 984.7566, 3929.504, 686.9337, 1041.42, 668.0292, 0.002724485, 2664.028, 1858.524
394.4, 619.6221, 696.3962, 52.20998, 2.946263, 4.83881, 280.6575, 167.8528, 928.0447, 3916.925, 634.3768, 1040.776, 652.0139, 0.002603781, 2667.345, 1768.289
394.5, 729.0869, 675.9886, 49.59533, 2.793176, 4.581202, 264.641, 158.7014, 874.5988, 3778.804, 585.841, 1046.682, 619.4357, 0.002488424, 2696.877, 1682.435
394.6, 687.4793, 882.6132, 47.11162, 2.648043, 4.337309, 249.5384, 150.0489, 824.2309, 3501.586, 541.0187, 1034.628, 623.4076, 0.002378178, 2649.779, 1600.749
394.7, 789.1605, 898.1638, 44.7523, 2.510451, 4.1064, 235.2978, 141.8682, 776.7636, 3364.846, 499.6256, 964.4836, 782.2897, 0.002272816, 2632.494, 1523.029
394.8, 800.4348, 881.8462, 42.51112, 2.380008, 3.887784, 221.8698, 134.1335, 732.03, 3188.2, 461.3996, 899.0952, 743.2021, 0.002172122, 2575.742, 1449.083
394.9, 754.7556, 839.0135, 40.38219, 2.256343, 3.680807, 209.2081, 126.8205, 689.8726, 3179.593, 426.0981, 870.6746, 706.0677, 0.00207589, 2520.747, 1439.424
395, 711.6832, 798.2614, 38.35987, 2.139104, 3.484848, 197.269, 119.9062, 650.1429, 3076.292, 393.4976, 983.2552, 841.739, 0.001983921, 2423.569, 1460.017
395.1, 844.1654, 840.2727, 36.43883, 2.027956, 3.299323, 186.0113, 113.3688, 612.7014, 2892.753, 363.3914, 1008.141, 799.6811, 0.001896026, 2466.252, 1741.45
395.2, 795.9906, 808.3716, 34.61399, 1.922584, 72.6171, 175.396, 107.1879, 577.416, 2738.694, 335.5885, 939.7932, 794.9071, 0.001812025, 2399.476, 1875.2
395.3, 750.565, 769.1077, 32.88054, 1.822687, 68.75112, 165.3865, 101.344, 544.1628, 2610.819, 353.8888, 876.0787, 848.1796, 0.001731746, 2389.639, 1903.704
395.4, 707.7318, 796.2876, 31.2339, 1.72798, 65.09096, 155.9482, 95.81865, 512.8246, 2603.405, 356.2912, 816.6838, 805.7999, 0.001655024, 2457.87, 1989.646
395.5, 667.3429, 764.1946, 29.66972, 1.638195, 61.62566, 147.0486, 90.59457, 483.2911, 2562.94, 329.0316, 761.3157, 1007.692, 65.84045, 2520.647, 2238.041
395.6, 629.259, 741.1264, 28.18388, 1.553074, 58.34484, 238.9587, 85.65532, 455.4585, 2541.623, 342.703, 799.113, 1090.615, 62.92348, 2370.807, 2567.543
395.7, 593.3484, 705.1288, 26.77245, 1.472377, 55.23868, 313.5346, 80.98535, 429.2288, 2355.166, 316.483, 744.9362, 1070.773, 60.13575, 2532.261, 2442.883
395.8, 559.4872, 670.8796, 25.4317, 1.395872, 52.29789, 403.1144, 76.56999, 404.5096, 2323.23, 292.269, 694.4323, 1074.127, 61.14323, 2381.73, 2403.324
395.9, 641.3247, 672.2814, 24.15809, 1.323343, 49.51366, 380.1095, 72.39536, 381.214, 2246.107, 269.9077, 722.2076, 1041.855, 213.384, 2240.147, 2403.592
396, 670.4482, 639.6277, 22.94827, 1.254582, 46.87766, 384.5289, 68.44833, 359.2599, 2163.594, 249.2572, 673.2446, 989.7986, 203.9304, 2342.686, 2322.063
396.1, 769.0143, 608.56, 21.79903, 1.189394, 44.382, 362.5846, 64.7165, 338.5703, 2004.87, 230.1867, 700.9026, 977.5501, 228.8333, 2267.232, 2306.002
396.2, 725.1282, 579.0013, 20.70735, 1.127593, 42.0192, 432.4167, 61.18813, 319.0721, 1912.708, 212.5753, 653.384, 928.7063, 218.6952, 2132.455, 2532.564
396.3, 724.7269, 550.8783, 19.67033, 155.4729, 39.78218, 407.7396, 57.85213, 300.6968, 1935.853, 196.3112, 609.087, 882.303, 209.0062, 2005.691, 2493.375
396.4, 683.3682, 524.1213, 18.68525, 172.4727, 37.66426, 400.8857, 54.69801, 283.3798, 1793.836, 181.2916, 567.7932, 985.9059, 199.7465, 1886.462, 2372.316
396.5, 644.3698, 498.6639, 17.74951, 207.4385, 35.6591, 378.008, 51.71585, 267.06, 1769.71, 167.4211, 631.9991, 936.6447, 288.1916, 2026.399, 2257.135
396.6, 617.9929, 474.4431, 16.86062, 196.66, 33.76068, 369.8511, 48.89628, 251.6801, 1711.489, 154.6118, 667.8923, 889.8447, 275.4237, 2020.382, 2396.451
396.7, 582.7253, 550.9004, 16.01625, 186.4416, 31.96334, 348.7444, 46.23043, 237.1859, 1649.372, 142.7825, 622.6116, 845.3832, 366.5381, 2217.572, 2318.023
396.8, 549.4703, 577.2986, 15.21416, 176.7541, 30.26168, 328.8423, 43.70993, 223.5264, 1528.372, 131.8583, 580.4009, 927.8975, 350.2991, 2278.896, 2270.459
396.9, 592.5931, 693.5825, 14.45225, 167.57, 28.65061, 310.076, 41.32684, 210.6535, 1572.824, 121.7699, 541.0519, 944.5551, 334.7796, 2143.426, 2304.112
397, 558.775, 739.68, 13.72849, 158.8631, 27.12531, 393.9156, 39.07368, 198.5221, 1457.439, 112.4534, 504.3706, 897.3599, 319.9477, 2105.267, 2192.243
397.1, 526.8868, 703.7526, 13.04097, 150.6086, 25.68122, 716.1086, 378.7875, 187.0892, 1350.519, 103.8496, 531.7154, 852.5228, 305.7729, 1980.119, 2232.958
397.2, 496.8184, 968.0969, 12.38789, 142.783, 24.31401, 2125.125, 476.3083, 176.3148, 1251.443, 95.90416, 495.6671, 809.9261, 292.2261, 2006.369, 2124.543
397.3, 563.7401, 999.3477, 11.76751, 135.364, 23.01958, 3528.262, 578.2249, 166.1609, 1159.636, 88.56659, 489.352, 769.4577, 279.2794, 2023.988, 2162.881
397.4, 590.2242, 1118.835, 11.1782, 128.3305, 21.79407, 4028.145, 546.6998, 156.5917, 1133.193, 81.79041, 456.1758, 731.0114, 266.9064, 1903.671, 2342.839
397.5, 556.5413, 1126.707, 10.6184, 121.6625, 20.6338, 3986.584, 516.8934, 147.5736, 1134.09, 75.53268, 579.3391, 694.486, 255.0815, 1834.528, 2251.899
397.6, 524.7806, 1071.981, 10.08663, 115.3409, 19.5353, 4033.281, 488.7122, 139.0749, 1050.892, 69.75372, 540.062, 782.3323, 243.7805, 1764.299, 2142.564
397.7, 499.9139, 1019.914, 9.581501, 109.3478, 18.49528, 3835.459, 462.0674, 131.0656, 973.7968, 64.4169, 503.4478, 743.2427, 232.9801, 1727.684, 2129.145
397.8, 471.3848, 970.3748, 9.101665, 103.6661, 17.51063, 3805.802, 436.8753, 123.5175, 980.0268, 59.4884, 469.3159, 706.1063, 222.6583, 1624.982, 2025.771
397.9, 444.4839, 948.6849, 8.645858, 98.27962, 16.57841, 3737.998, 413.0566, 116.4042, 908.1307, 54.93698, 437.498, 825.7642, 212.7937, 1743.868, 2200.76
398, 429.3245, 920.2977, 8.212878, 93.17303, 15.69581, 3574.4, 390.5366, 109.7005, 841.5089, 445.535, 407.8373, 892.0939, 203.3662, 1640.203, 2093.909
398.1, 404.8238, 875.5974, 7.801582, 88.33177, 14.8602, 3547.99, 369.2444, 103.3829, 779.7747, 411.4474, 380.1875, 896.7202, 194.3564, 2024.517, 1992.245
398.2, 381.7213, 833.0683, 7.410883, 83.74207, 14.06907, 3488.522, 349.113, 97.42908, 750.2076, 410.8499, 354.4122, 938.5758, 185.7457, 2428.389, 2009.396
398.3, 359.9373, 913.3544, 7.03975, 79.39084, 13.32006, 3467.208, 330.0793, 91.81817, 695.1714, 379.416, 330.3843, 891.6794, 268.0691, 2284.032, 2012.798
398.4, 339.3964, 868.9914, 6.687203, 75.2657, 12.61093, 3269.342, 312.0832, 86.53038, 783.373, 350.3871, 476.9475, 847.1262, 256.1927, 2148.257, 2006.655
398.5, 327.6636, 826.7831, 6.352312, 71.3549, 11.93955, 3176.922, 295.0683, 81.54712, 725.9037, 323.5792, 592.6929, 804.7991, 244.8425, 2348.093, 1909.228
398.6, 308.9645, 861.2046, 6.034191, 67.64732, 11.30392, 3248.311, 278.981, 76.85084, 672.6504, 298.8223, 552.5106, 926.5001, 233.9951, 2323.781, 1972.164
398.7, 330.8123, 819.3746, 5.732002, 64.13237, 10.70212, 3062.936, 263.7708, 72.42502, 623.3038, 275.9596, 515.0524, 1026.755, 223.6283, 2228.748, 1876.411
398.8, 356.5296, 779.5763, 5.444947, 60.80006, 10.13236, 3061.807, 356.7268, 68.25408, 577.5774, 254.8461, 480.1337, 975.4525, 213.7208, 2096.26, 1806.506
398.9, 336.1831, 741.7111, 5.172267, 57.6409, 9.592937, 3161, 337.2779, 64.32334, 535.2055, 243.6734, 447.5824, 926.7135, 204.2522, 1971.647, 1789.273
399, 316.9978, 756.0518, 4.913243, 54.64588, 9.08223, 3007.266, 318.8894, 60.61898, 495.9421, 225.03, 417.238, 880.4098, 195.2031, 2394.941, 1908.921
399.1, 298.9074, 719.3292, 4.66719, 102.1134, 8.598711, 2835.647, 341.2698, 57.12794, 459.5591, 207.8131, 442.1801, 836.4197, 221.769, 2252.573, 1816.239
399.2, 281.8494, 684.3903, 4.43346, 96.80762, 8.140934, 2868.359, 322.6636, 53.83796, 425.8452, 191.9135, 412.2019, 794.6276, 211.9439, 2246.731, 1828.223
399.3, 265.7648, 744.9873, 4.211434, 91.7775, 7.707528, 2743.712, 350.4038, 50.73744, 394.6046, 177.2303, 425.8647, 754.9236, 202.554, 2113.174, 1739.459
399.4, 250.5981, 708.8021, 4.000528, 87.00876, 7.297196, 2675.767, 331.2997, 47.81548, 365.6559, 163.6705, 410.4678, 717.2034, 193.5801, 2355.164, 1968.545
399.5, 236.297, 687.7347, 3.800184, 202.2884, 6.908709, 2792.383, 392.7915, 45.0618, 338.8308, 151.1482, 645.3021, 681.368, 185.0039, 2284.873, 1872.968
399.6, 256.3611, 679.5229, 3.609872, 409.6404, 6.540904, 2732.941, 503.5433, 42.4667, 313.9737, 139.5839, 814.0335, 647.3231, 176.8075, 2206.835, 1782.031
399.7, 241.731, 797.212, 3.429092, 444.6465, 6.19268, 2576.978, 476.0899, 40.02105, 290.9402, 128.9044, 783.5502, 614.9792, 168.9743, 2117.734, 1695.51
399.8, 343.6853, 758.4902, 3.257365, 421.5428, 5.862995, 2462.503, 450.1333, 37.71625, 269.5964, 119.042, 827.6439, 584.2515, 161.4882, 2131.661, 1613.189
399.9, 327.9722, 721.6492, 3.094238, 399.6394, 5.550862, 2487.407, 425.5918, 35.54418, 249.8184, 109.9342, 771.5327, 555.0591, 290.172, 2004.944, 1673.535
400, 309.2555, 699.8018, 2.93928, 378.8742, 5.255346, 2381.348, 402.3883, 33.4972, 231.4914, 101.5232, 719.2256, 527.3253, 306.3501, 1923.755, 1707.161
400.1, 291.6069, 665.8114, 2.792082, 359.188, 4.975563, 2401.207, 380.45, 31.5681, 214.5089, 93.7557, 699.6033, 500.9772, 459.4845, 1993.11, 1666.725
400.2, 274.9655, 710.1847, 2.652256, 340.5246, 4.710674, 2355.087, 359.7077, 29.7501, 198.7722, 86.5825, 694.1398, 475.9456, 439.1277, 1874.629, 1646.734
400.3, 259.2737, 675.6899, 2.519433, 322.831, 4.459888, 2321.144, 340.0963, 28.0368, 184.19, 79.95813, 824.4501, 452.1647, 419.6728, 1794.479, 1697.301
400.4, 244.4775, 642.8707, 2.393261, 306.0567, 4.222453, 2258.616, 321.554, 26.42217, 170.6776, 73.84058, 847.5966, 429.5721, 401.0798, 1878.133, 1614.893
400.5, 230.5257, 611.6454, 2.273408, 290.1541, 3.997659, 2129.721, 304.0228, 24.90052, 158.1564, 68.19109, 790.1326, 408.1083, 383.3106, 1872.803, 1536.487
400.6, 217.37, 581.9369, 2.159557, 275.0777, 3.784832, 2008.182, 287.4474, 23.46651, 146.5538, 62.97383, 736.5646, 387.717, 499.3755, 1983.531, 1709.969
400.7, 204.9651, 553.6713, 2.051407, 260.7847, 3.583336, 2012.256, 271.7756, 22.11508, 135.8025, 58.15574, 686.6282, 368.3445, 477.2514, 1984.602, 1626.946
400.8, 193.2682, 526.7787, 1.948674, 247.2344, 62.40622, 1909.861, 256.9583, 20.84147, 125.8398, 53.70627, 640.0774, 349.94, 456.1075, 1907.459, 1623.465
400.9, 260.7804, 501.1922, 1.851085, 330.8221, 59.08385, 1811.565, 242.9488, 19.64122, 116.608, 49.59724, 596.6825, 332.4551, 435.9003, 1794.07, 1544.642
401, 245.8982, 476.8486, 1.758384, 313.6326, 55.93835, 1775.057, 312.4341, 18.51008, 108.0535, 45.80258, 556.2296, 315.8438, 416.5883, 1869.478, 1469.646
401.1, 231.8653, 453.6873, 1.670325, 297.3363, 52.96032, 1673.758, 295.4001, 17.44409, 100.1265, 42.29825, 518.5193, 300.0625, 398.132, 1852.202, 1398.292
401.2, 218.6332, 431.651, 1.586676, 281.8867, 50.14082, 1578.24, 279.2947, 16.43949, 92.78111, 39.06204, 483.3656, 285.0697, 380.4934, 1762.399, 1330.402
401.3, 271.3752, 410.6851, 1.507216, 267.2399, 47.47143, 1581.134, 264.0674, 15.49274, 85.97456, 36.07343, 450.5952, 270.8261, 363.6362, 1716.697, 1476.793
401.4, 255.8884, 390.7375, 1.431736, 253.3542, 44.94415, 1591.258, 435.8583, 14.60052, 79.66735, 33.31347, 420.0465, 257.2941, 347.5258, 1755.772, 1405.092
401.5, 246.5626, 371.7588, 1.360035, 240.1899, 42.55142, 1546.164, 464.8762, 13.75968, 73.82285, 30.76468, 391.5689, 244.4383, 332.1292, 1711.222, 1482.259
401.6, 232.4917, 353.7019, 1.291925, 227.7097, 40.28608, 1531.76, 439.531, 12.96726, 68.4071, 28.41089, 462.3223, 232.2248, 317.4147, 1700.255, 1498.151
401.7, 219.2239, 336.522, 1.227226, 215.8779, 38.14133, 1444.346, 415.5676, 12.22048, 63.38866, 26.23719, 430.9786, 406.6015, 303.3521, 1599.182, 1425.413
401.8, 206.7132, 320.1766, 1.165767, 204.6609, 36.11077, 1576.243, 417.4052, 11.51671, 58.73838, 24.2298, 499.1201, 386.2855, 333.9522, 1504.118, 1356.206
401.9, 194.9165, 304.6252, 29.05115, 194.0268, 34.18831, 1486.29, 735.0049, 10.85346, 54.42925, 22.37599, 596.4753, 366.9845, 319.157, 1513.727, 1290.359
402, 183.793, 289.829, 27.59628, 183.9452, 32.36819, 1502.097, 1262.273, 10.22842, 50.43624, 20.66401, 556.0365, 348.6479, 305.0172, 1423.743, 1279.556
402.1, 173.3043, 275.7516, 26.21427, 174.3874, 30.64498, 1544.725, 1193.453, 9.639363, 46.73617, 19.08302, 518.3393, 331.2276, 291.5039, 1339.108, 1217.431
402.2, 285.9634, 262.3579, 24.90147, 165.3262, 29.01351, 1670.715, 1169.21, 9.084234, 43.30754, 17.62299, 483.1978, 548.5371, 278.5892, 1443.279, 1259.387
402.3, 291.6048, 284.2361, 23.65442, 156.7359, 27.46889, 1996.649, 1331.831, 8.561075, 40.13044, 16.27467, 450.4388, 521.1292, 266.2467, 1357.483, 1198.241
402.4, 274.9635, 451.773, 32.67389, 148.5919, 26.00651, 2229.577, 1259.219, 8.068045, 37.18641, 15.0295, 419.9007, 495.0907, 254.4511, 1276.786, 1140.064
402.5, 295.8538, 429.8297, 31.0376, 140.8711, 24.62197, 3504.29, 1483.483, 7.603408, 34.45837, 13.8796, 578.0219, 470.3532, 243.178, 1200.888, 1084.711
402.6, 304.1062, 688.5798, 29.48325, 133.5515, 23.31115, 5023.194, 1586.72, 7.165529, 31.93045, 12.81768, 896.6947, 446.8518, 232.4043, 1129.5, 1087.408
402.7, 286.7514, 655.1345, 78.3722, 126.6122, 22.07012, 6039.706, 1523.695, 6.752868, 29.58799, 11.83701, 977.5789, 424.5246, 222.108, 1062.357, 1154.887
402.8, 270.3871, 887.7416, 74.44736, 120.0334, 95.01556, 6304.785, 1476.489, 6.363972, 27.41737, 10.93137, 1060.099, 403.313, 212.2678, 1155.98, 1138.01
402.9, 254.9567, 844.6227, 70.71908, 113.7965, 231.498, 6176.951, 1566.586, 5.997472, 25.406, 10.09501, 988.2279, 383.1613, 202.8636, 1087.263, 1253.068
403, 253.442, 903.8915, 131.8125, 107.8836, 586.9109, 6078.448, 1734.531, 5.652079, 23.54218, 9.32265, 921.2297, 364.0164, 193.876, 1273.256, 1261.397
403.1, 340.6688, 859.9882, 535.959, 102.278, 1007.054, 6227.811, 1683.986, 5.326577, 21.81509, 8.60938, 858.7738, 345.8282, 185.2866, 1452.979, 1200.153
403.2, 321.2275, 818.2172, 776.8044, 96.96365, 997.6234, 5986.299, 2824.633, 5.019821, 20.2147, 7.950681, 800.5521, 328.5487, 177.0778, 1435.382, 1141.883
403.3, 394.3528, 822.0957, 737.9024, 91.92544, 948.2138, 5869.375, 3784.447, 4.730731, 18.73173, 7.342379, 746.2776, 312.1326, 237.6799, 1350.056, 1086.443
403.4, 371.8479, 782.1653, 764.856, 87.149, 998.2935, 5717.14, 4222.345, 4.458289, 17.35754, 6.780618, 695.6828, 296.5367, 227.1498, 1588.93, 1033.693
403.5, 350.6273, 744.1743, 726.5524, 82.62075, 945.1465, 5497.25, 4193.573, 4.201537, 16.08417, 6.261837, 648.5181, 281.7201, 306.5008, 1835.168, 983.5055
403.6, 330.6177, 708.0286, 690.167, 78.32779, 894.8289, 5197.299, 3995.272, 3.959571, 14.90421, 5.782748, 604.551, 267.6438, 292.9217, 1772.52, 1081.744
403.7, 311.7501, 673.6386, 655.6038, 74.25789, 887.4603, 5092.856, 3889.752, 3.73154, 13.81082, 5.340313, 563.5646, 254.2709, 279.9442, 1823.412, 1029.223
403.8, 293.9591, 678.4552, 623.0743, 70.39946, 900.9413, 4920.071, 3774.598, 3.516642, 12.79764, 4.931729, 525.3571, 241.5661, 267.5417, 1715.019, 979.2522
403.9, 277.1834, 737.3398, 591.8711, 66.74152, 852.9772, 4819.791, 3760.992, 3.314119, 11.85878, 4.554405, 489.7398, 229.4961, 301.716, 2268.292, 931.7075
404, 261.3651, 928.2664, 562.2305, 63.27364, 807.5665, 4591.21, 3555.941, 3.12326, 10.98881, 4.20595, 456.5373, 218.0292, 396.8161, 2361.695, 886.4711
404.1, 246.4496, 883.179, 534.0743, 59.98595, 764.5734, 4683.998, 3481.039, 2.943392, 10.18265, 3.884156, 425.5857, 207.1353, 379.2357, 2318.111, 1094.487
404.2, 232.3852, 840.2817, 507.3282, 56.86908, 787.1345, 4515.299, 3544.383, 2.773883, 9.435638, 3.586981, 396.7326, 196.7857, 362.4342, 2270.116, 1041.348
404.3, 219.1234, 799.4679, 481.9214, 53.91417, 745.2292, 4480.379, 3558.961, 2.614136, 8.743427, 3.312543, 369.8356, 186.9532, 502.8227, 2210.167, 1295.985
404.4, 206.6185, 760.6365, 457.7871, 51.1128, 705.5548, 4268.398, 3364.925, 2.463588, 8.101997, 3.059102, 344.7621, 177.612, 480.5458, 2078.783, 1233.062
404.5, 194.8272, 723.6913, 434.8614, 48.45699, 667.9926, 4032.66, 3317.253, 2.321711, 7.507624, 2.825052, 321.3885, 168.7375, 459.256, 1955.209, 1173.194
404.6, 183.7088, 688.5405, 413.0837, 45.93917, 776.6449, 3993.323, 3210.657, 2.188004, 6.956854, 2.608909, 299.5996, 160.3064, 438.9093, 1838.981, 1116.233
404.7, 173.2249, 655.097, 423.6682, 43.55217, 1407.704, 3834.156, 3255.273, 2.061997, 6.446489, 2.409303, 279.2878, 152.2966, 419.4641, 1729.663, 1062.038
404.8, 163.3393, 623.278, 408.4059, 908.5046, 1670.609, 3737.367, 3101.377, 1.943247, 5.973566, 2.224969, 260.3531, 144.6871, 400.8803, 1626.842, 1010.474
404.9, 154.0179, 593.0044, 435.2135, 1904.468, 1777.566, 3873.456, 3003.639, 1.831336, 5.535337, 2.054738, 242.7022, 137.4577, 431.6469, 1530.134, 961.4131
405, 145.2284, 564.2013, 413.4182, 2102.496, 1682.932, 3729.138, 2990.195, 1.72587, 5.129257, 1.897531, 226.2479, 130.5896, 412.5234, 1439.175, 914.7344
405.1, 136.9405, 536.7972, 392.7144, 1993.25, 1593.336, 3546.782, 3034.426, 1.626478, 4.752967, 1.752352, 210.9091, 124.0646, 401.8179, 1433.581, 870.3221
405.2, 129.1256, 510.7241, 373.0475, 1889.681, 1654.879, 3378.725, 2969.4, 1.532809, 4.404283, 1.61828, 196.6103, 117.8656, 390.4114, 1415.935, 828.0662
405.3, 121.7566, 485.9175, 354.3655, 1791.494, 1650.061, 3282.979, 2970.674, 1.444535, 4.081179, 1.494467, 183.2808, 111.9764, 373.1148, 1331.764, 787.8618
405.4, 114.8082, 462.3157, 336.6191, 1793.014, 1562.215, 3214.594, 2833.218, 1.361345, 3.781778, 1.380126, 170.855, 106.3815, 356.5845, 1252.597, 749.6095
405.5, 108.2564, 439.8604, 319.7614, 1872.39, 1479.046, 3051.086, 2734.429, 1.282945, 3.504341, 1.274533, 159.2717, 101.0661, 398.3535, 1247.045, 713.2144
405.6, 102.0784, 418.4957, 303.7479, 1825.755, 1400.305, 2876.967, 2786.793, 1.209061, 3.247258, 1.177019, 148.4737, 96.01625, 380.705, 1382.75, 678.5863
405.7, 96.25298, 398.1687, 323.04, 1730.889, 1405.008, 2932.738, 2751.821, 1.139431, 3.009034, 1.086966, 138.4077, 91.21875, 363.8384, 1326.629, 645.6395
405.8, 90.76001, 378.829, 306.8623, 1774.335, 1330.208, 2920.177, 2779.158, 1.073811, 2.788287, 1.003803, 129.0242, 86.66096, 570.3383, 1247.767, 614.2924
405.9, 85.58052, 360.4287, 291.4948, 1682.141, 1259.391, 2753.529, 2877.62, 1.011971, 2.583735, 0.9270028, 120.2768, 82.3309, 579.408, 1250.068, 584.4672
406, 97.93755, 342.9222, 338.7208, 1642.029, 1287.532, 2655.403, 3393.527, 0.9536917, 2.394188, 0.8560784, 112.1225, 78.21719, 615.7028, 1229.874, 556.09
406.1, 92.34846, 326.2659, 321.7578, 1659.593, 1339.973, 2702.41, 3382.645, 0.8987688, 2.218547, 0.7905803, 104.521, 74.30903, 588.425, 1204.041, 529.0907
406.2, 87.07832, 310.4187, 328.58, 1727.838, 1268.635, 2548.189, 3404.689, 0.8470089, 2.055792, 0.7300935, 97.43487, 70.59614, 562.3557, 1310.374, 503.4022
406.3, 112.1774, 295.3412, 350.6031, 1649.256, 1250.843, 2712.623, 3272.5, 0.7982299, 1.904976, 0.6742344, 372.5514, 67.06876, 627.4819, 1312.108, 478.961
406.4, 105.7756, 280.996, 404.2096, 1581.728, 1184.251, 2610.359, 3300.235, 0.75226, 1.765224, 0.6226492, 476.2506, 63.71764, 638.8074, 1319.597, 455.7065
406.5, 99.73923, 267.3476, 383.967, 1621.173, 1126.467, 2461.391, 3335.207, 0.7089375, 1.635725, 0.5750107, 650.2353, 60.53395, 610.506, 1241.153, 433.581
406.6, 94.04731, 254.3621, 462.67, 1536.938, 1275.437, 2447.418, 3192.837, 0.6681099, 1.515726, 0.5310169, 606.1517, 57.50935, 671.9631, 1313.905, 412.5297
406.7, 88.68022, 242.0074, 439.4998, 1469.11, 1427.527, 2307.749, 3018.762, 0.6296336, 1.40453, 0.4903891, 565.0569, 54.63586, 642.1927, 1235.8, 392.5005
406.8, 83.61942, 230.2527, 417.4899, 1408.603, 1351.528, 2324.823, 3094.794, 0.5933732, 1.301492, 0.4528697, 526.7481, 51.90596, 613.7413, 1162.337, 373.4438
406.9, 78.84743, 219.069, 416.9591, 1415.724, 2094.966, 2459.471, 2989.604, 0.5592009, 1.206012, 0.4182209, 928.5853, 49.31245, 586.5504, 1093.242, 355.3123
407, 74.34776, 208.4285, 396.078, 1541.297, 2225.05, 2473.859, 2914.398, 0.5269967, 1.117538, 0.3862231, 1192.476, 46.84853, 560.5641, 1239.047, 338.0612
407.1, 223.4713, 198.3048, 376.2426, 1472.034, 2231.25, 2368.271, 2786.812, 0.4966471, 1.035554, 0.3566734, 1213.936, 44.50772, 535.7292, 1207.402, 321.6476
407.2, 210.7182, 188.6728, 357.4006, 1406.847, 2228.668, 2233.118, 2634.873, 0.4680453, 0.9595839, 0.3293845, 1131.636, 42.28387, 511.9945, 1273.506, 306.0309
407.3, 198.693, 179.5087, 339.5021, 1333.747, 2110.018, 2264.496, 2865.261, 0.4410906, 292.584, 29.59209, 1054.915, 40.17113, 537.6879, 1197.802, 291.1725
407.4, 187.354, 170.7897, 322.5001, 1282.526, 1997.685, 2277.395, 2709.046, 0.4156883, 1233.631, 278.86, 983.3956, 38.16396, 513.8664, 1126.599, 277.0355
407.5, 176.662, 162.4942, 306.3494, 1425.067, 1891.333, 2305.739, 2561.348, 0.3917489, 1499.311, 257.5246, 1090.295, 36.25708, 491.1003, 1059.628, 263.5848
407.6, 166.5803, 154.6016, 291.0076, 1388.651, 1806.668, 2334.919, 2494.883, 0.3691882, 1516.88, 237.8216, 1251.469, 34.44548, 469.3428, 996.6378, 250.7872
407.7, 157.0739, 147.0923, 296.6781, 1335.097, 1975.757, 2293.533, 2477.968, 952.0798, 1473.039, 219.626, 1205.594, 32.72439, 448.5493, 1116.016, 238.611
407.8, 148.11, 139.9478, 281.8206, 1265.726, 1870.572, 2162.646, 2458.836, 1148.085, 1364.974, 202.8225, 1342.709, 31.0893, 436.8611, 1103.325, 227.0259
407.9, 139.6577, 133.1503, 267.7072, 1296.326, 1935.984, 2235.614, 2426.272, 1081.967, 1264.838, 187.3047, 1273.76, 29.53591, 417.5066, 1037.737, 216.0033
408, 131.6877, 126.683, 303.2004, 1228.969, 1832.916, 2108.032, 2293.991, 1144.853, 1283.546, 172.9741, 1212.663, 28.06013, 574.9901, 976.0485, 205.5159
408.1, 169.8909, 120.5298, 288.1129, 1165.112, 1933.068, 1996.361, 2168.921, 1078.921, 1189.384, 159.74, 1130.449, 26.65809, 549.5159, 1078.422, 195.5377
408.2, 192.2708, 114.6755, 273.6844, 1182.925, 2004.586, 1882.433, 2131.319, 1016.786, 1150.542, 147.5184, 1127.972, 25.32611, 532.4768, 1079.866, 186.0439
408.3, 213.4122, 109.1056, 654.4754, 1121.461, 2330.646, 1798.139, 2015.119, 958.2299, 1066.136, 136.2318, 1051.5, 24.06068, 508.8862, 1075.277, 177.0111
408.4, 201.2332, 103.8061, 1128.733, 1153.887, 2361.838, 1806.63, 2058.281, 903.0457, 987.923, 125.8088, 980.212, 22.85847, 629.0016, 1031.024, 168.4169
408.5, 189.7492, 98.76411, 1101.003, 1093.931, 2658.453, 1790.169, 2197.453, 1347.356, 915.4476, 116.1832, 980.6876, 21.71634, 730.6491, 1035.591, 160.2399
408.6, 178.9206, 93.96699, 1045.865, 1061.826, 3319.379, 1688.008, 2125.765, 2067.444, 848.2891, 107.2941, 1188.832, 20.63127, 698.2787, 1236.754, 152.4599
408.7, 168.71, 89.40287, 993.4888, 1069.933, 3468.499, 1621.906, 2114.546, 1948.381, 786.0574, 99.08511, 1130.719, 19.60042, 667.3425, 1163.235, 145.0576
408.8, 159.082, 85.06044, 943.7354, 1139.869, 3529.317, 1619.92, 2096.747, 2018.767, 728.3911, 91.50417, 1259.041, 18.62107, 781.9031, 1094.086, 138.0148
408.9, 150.0035, 80.92892, 1003.783, 1080.642, 3341.424, 1595.22, 2014.35, 1902.507, 674.9553, 84.50323, 1370.246, 17.69066, 805.154, 1029.048, 131.3139
409, 141.4431, 76.99809, 953.5141, 1221.683, 3182.211, 1504.184, 1959.395, 1792.942, 625.4396, 78.03794, 1342.207, 16.80674, 883.4221, 967.8755, 124.9383
409.1, 133.3713, 73.25817, 905.7626, 1158.205, 3130.678, 1479.784, 2062.441, 1689.687, 725.4282, 72.06731, 1251.211, 15.96698, 881.2708, 910.3399, 118.8723
409.2, 144.5334, 69.69991, 946.8763, 1098.024, 3369.969, 1478.724, 2006.064, 1592.378, 672.2097, 66.55348, 1166.383, 15.16918, 844.1785, 856.2244, 113.1008
409.3, 243.3881, 66.31448, 899.4572, 1079.82, 3190.559, 1394.337, 1948.879, 1592.664, 622.8954, 61.46151, 1142.911, 14.41125, 963.6335, 805.3259, 107.6095
409.4, 229.4984, 63.09349, 854.4129, 1023.713, 3141.217, 1362.062, 1991.612, 1523.367, 577.199, 56.75913, 1065.426, 13.69118, 974.4997, 936.4016, 102.3848
409.5, 216.4014, 60.02894, 917.856, 1162.115, 3146.012, 1407.872, 2039.258, 1583.534, 534.8549, 52.41652, 1007.337, 13.0071, 931.3259, 880.7369, 97.41384
409.6, 204.0518, 57.11324, 871.8902, 1101.732, 2978.525, 1427.21, 2168.1, 1492.339, 495.6172, 48.40616, 1028.766, 12.35719, 890.0649, 828.3812, 92.6842
409.7, 192.407, 54.33916, 828.2264, 1044.486, 2946.746, 1424.125, 2049.895, 1457.332, 459.258, 44.70264, 1106.941, 11.73976, 850.6318, 779.1378, 88.18418
409.8, 181.4267, 51.69983, 786.7493, 1197.643, 2989.027, 1342.853, 2076.569, 1559.722, 425.5662, 41.28246, 1031.894, 11.15317, 1054.693, 732.8217, 83.90266
409.9, 171.073, 49.18869, 747.3493, 1135.414, 2943.676, 1266.219, 2094.97, 1469.898, 394.3461, 38.12397, 961.9355, 10.5959, 1007.966, 689.2589, 79.82901
410, 161.3102, 46.79952, 740.6401, 1095.443, 2798.052, 1391.997, 1980.752, 1385.247, 365.4163, 35.20712, 896.7199, 10.06647, 963.3099, 648.2856, 75.95315
410.1, 152.1046, 44.52639, 703.5492, 1038.524, 2823.802, 1312.558, 1897.002, 1305.471, 338.6088, 32.51345, 835.9256, 9.563495, 920.6318, 609.7481, 72.26546
410.2, 156.0112, 42.36368, 668.3159, 984.5626, 2744.307, 1237.653, 1950.86, 1230.289, 313.768, 30.02586, 880.7426, 9.085649, 1210.905, 573.5015, 68.75683
410.3, 211.754, 40.30601, 634.847, 933.4048, 2655.196, 1201.552, 1844.499, 1159.437, 290.7495, 27.7286, 821.0316, 8.63168, 1157.257, 539.4095, 65.41854
410.4, 199.6696, 38.34829, 705.8477, 1053.076, 2591.539, 1132.982, 1849.529, 1092.665, 269.4197, 25.6071, 765.3687, 8.200395, 1196.699, 507.3441, 62.24233
410.5, 188.2749, 36.48565, 671.6757, 1007.356, 2600.519, 1068.325, 1748.692, 1029.739, 249.6547, 23.64792, 827.813, 7.790658, 1143.681, 477.1849, 59.22034
410.6, 183.1839, 34.71349, 638.0385, 955.0143, 2621.798, 1007.358, 1653.353, 970.4363, 396.6824, 21.83863, 771.6904, 7.401394, 1168.121, 448.8185, 56.34507
410.7, 172.73, 33.0274, 606.0859, 1030.941, 2482.219, 949.8698, 1563.211, 914.5491, 367.5813, 20.16777, 719.3726, 7.031579, 1116.369, 603.9213, 53.60939
410.8, 162.8726, 31.42321, 646.2387, 977.373, 2379.638, 935.1157, 1677.157, 861.8804, 340.615, 18.62474, 670.6018, 6.680243, 1138.333, 568.0211, 51.00655
410.9, 153.5778, 29.89693, 629.7511, 1037.812, 2330.361, 966.4752, 1585.718, 812.2449, 315.627, 17.19978, 625.1375, 6.346461, 1151.169, 715.2811, 48.53007
411, 144.8134, 28.44479, 598.2135, 983.8875, 2206.297, 911.3204, 1567.799, 765.468, 292.4721, 15.88383, 582.7555, 6.029357, 1100.168, 672.7609, 46.17384
411.1, 136.5492, 27.06319, 633.2945, 932.7648, 2388.313, 912.1794, 1482.322, 721.3848, 271.016, 14.66857, 741.0554, 5.728097, 1319.044, 632.7684, 43.932
411.2, 128.7566, 25.74869, 601.5795, 884.2985, 2261.164, 938.2648, 1525.617, 679.8405, 251.1339, 13.54628, 707.9796, 5.44189, 1260.606, 595.1533, 41.79901
411.3, 121.4088, 24.49803, 636.9314, 838.3504, 2140.785, 884.72, 1508.367, 640.6886, 232.7103, 12.50987, 694.6135, 5.169983, 1204.757, 559.7742, 39.76958
411.4, 114.4802, 23.30813, 605.0342, 879.3279, 2026.814, 1152.757, 1426.13, 813.824, 215.6384, 11.55274, 772.0237, 4.911662, 1238.194, 618.1495, 37.83868
411.5, 107.947, 22.17602, 574.7344, 833.6382, 1992.309, 2173.577, 1471.348, 887.301, 199.8188, 10.66885, 919.4557, 4.666248, 1183.338, 623.6693, 36.00153
411.6, 101.7867, 21.09889, 582.2712, 790.3224, 2062.759, 2272.172, 1391.13, 836.2015, 185.1599, 9.852583, 857.12, 4.433097, 1193.489, 759.8002, 34.25358
411.7, 95.97796, 20.07409, 553.1113, 749.2574, 2649.154, 2223.785, 1315.285, 788.0449, 171.5763, 9.098767, 799.0104, 4.211595, 1237.03, 714.6336, 32.5905
411.8, 90.50069, 19.09906, 525.4118, 710.326, 2749.012, 2150.579, 1318.987, 742.6616, 158.9892, 8.402626, 744.8405, 4.001161, 1251.222, 672.152, 31.00816
411.9, 85.33599, 18.17139, 582.3105, 694.4119, 2642.64, 2305.678, 1247.075, 699.8918, 147.3255, 7.759746, 766.0988, 3.801241, 1195.788, 632.1957, 29.50265
412, 156.5538, 17.28878, 553.1487, 833.7292, 2703.482, 2397.961, 1390.889, 886.487, 136.5175, 7.166052, 1038.429, 3.61131, 1169.909, 759.6592, 28.07024
412.1, 157.2923, 16.44903, 525.4473, 878.847, 2678.559, 2261.114, 1394.427, 891.9915, 126.5024, 6.617782, 1184.918, 3.430869, 1144.436, 854.6337, 26.70737
412.2, 148.3159, 15.65008, 499.1332, 833.1823, 2610.622, 2132.077, 1453.784, 997.8965, 117.222, 6.111459, 1148.84, 3.259444, 1200.415, 885.0093, 25.41067
412.3, 176.707, 14.88993, 484.732, 820.4833, 2542.923, 2103.389, 1386.664, 940.4279, 108.6224, 5.643875, 1243.269, 3.096584, 1208.587, 832.3997, 24.17693
412.4, 219.6756, 14.1667, 460.4568, 777.8511, 2407.543, 2164.579, 1513.255, 886.2689, 100.6537, 5.212066, 1558.881, 2.941862, 1329.03, 782.9174, 23.00309
412.5, 207.1392, 13.47861, 437.3974, 737.434, 2279.371, 2041.051, 1430.752, 835.2288, 93.26964, 4.813293, 1733.562, 2.79487, 1270.149, 736.3766, 21.88624
412.6, 195.3182, 12.82393, 415.4928, 792.8783, 2454.865, 1924.572, 1352.747, 787.1282, 86.42725, 4.445031, 1670.404, 2.655223, 1213.877, 692.6025, 20.82362
412.7, 184.1718, 12.20105, 425.7676, 751.6804, 2919.581, 1814.741, 1278.994, 741.7977, 80.08682, 4.104944, 1557.157, 2.522554, 1160.098, 735.1329, 19.81259
412.8, 173.6614, 11.60843, 472.0694, 712.6232, 2970.154, 1925.559, 1286.563, 1375.682, 74.21154, 3.790877, 1506.384, 2.396513, 1149.083, 996.7308, 18.85064
412.9, 222.1397, 11.04459, 462.8159, 675.5955, 3029.36, 1815.672, 1308.478, 1296.457, 68.76728, 3.500839, 1443.183, 2.27677, 1337.081, 937.4798, 17.93541
413, 251.0914, 10.50814, 450.8632, 640.4916, 3527.34, 1769.808, 1237.139, 1221.794, 63.72242, 3.232992, 1389.267, 2.16301, 1277.843, 881.751, 17.0646
413.1, 236.7622, 9.99774, 445.471, 607.2117, 4523.233, 1668.808, 1169.69, 1151.432, 59.04765, 2.985638, 1325.566, 2.054934, 1221.23, 829.3351, 16.23608
413.2, 223.2506, 9.512135, 423.1621, 575.6611, 5000.547, 1673.022, 1308.681, 1085.121, 54.71583, 2.757209, 1430.515, 1.952258, 1167.125, 934.6409, 15.44779
413.3, 248.0822, 9.050116, 414.2546, 545.7498, 4932.091, 1577.546, 1237.331, 1022.629, 50.7018, 2.546256, 1391.384, 1.854713, 1115.418, 1194.838, 14.69776
413.4, 243.3932, 8.610538, 393.5089, 517.3927, 4985.833, 1487.519, 1169.872, 963.736, 46.98225, 2.351444, 1391.89, 1.762041, 1066.001, 1544.75, 13.98416
413.5, 251.9058, 8.19231, 456.3022, 490.5091, 4903.821, 1402.629, 1106.09, 908.2347, 43.53556, 2.171536, 1297.525, 1.674, 1018.773, 1508.786, 13.3052
413.6, 269.7977, 7.794397, 510.0198, 465.0222, 4830.885, 1322.584, 1045.785, 855.9296, 40.34174, 2.005393, 1209.557, 1.590358, 973.6379, 1547.362, 12.6592
413.7, 254.4009, 7.415812, 484.4783, 440.8597, 4836.814, 1387.741, 988.7686, 806.6368, 37.38221, 1.851962, 1127.554, 1.510895, 930.5023, 1455.378, 12.04457
413.8, 239.8827, 7.055614, 460.2159, 417.9527, 4851.679, 1308.546, 934.8605, 760.1828, 34.6398, 1.710269, 1051.11, 1.435402, 889.2778, 1732.571, 11.45978
413.9, 226.1931, 6.712913, 437.1685, 396.236, 4905.696, 1337.267, 883.8915, 831.5851, 32.09857, 1.579417, 979.8485, 1.363681, 849.8796, 2456.681, 10.90339
414, 213.2847, 6.386856, 415.2753, 375.6476, 4830.317, 1260.952, 835.7014, 970.3097, 140.569, 1.458577, 969.6882, 1.295544, 812.227, 2807.626, 10.374
414.1, 201.113, 6.076637, 394.4786, 356.129, 4573.162, 1188.992, 790.1386, 914.4298, 130.2567, 1.346982, 1025.522, 1.230812, 776.2424, 2970.97, 292.4422
414.2, 189.6359, 5.781485, 789.1192, 337.6246, 4451.556, 1121.138, 747.0599, 861.768, 120.7009, 1.243925, 1118.198, 1.169314, 741.8522, 3082.745, 298.7369
414.3, 253.8117, 5.500669, 969.6503, 320.0816, 4284.505, 1224.943, 706.3299, 982.9229, 462.1734, 21.05987, 1118.456, 1.110888, 708.9855, 2983.722, 306.646
414.4, 239.3272, 5.233493, 930.6699, 303.4502, 4163.262, 1165.464, 667.8205, 1089.554, 986.1401, 749.9724, 1089.924, 1.055382, 677.575, 2939.017, 584.9896
414.5, 278.042, 4.979295, 884.0624, 287.683, 4087.185, 1098.954, 631.4106, 1026.807, 1158.033, 1399.154, 1031.191, 1.00265, 647.556, 3365.469, 792.0203
414.6, 447.3053, 4.737443, 839.7891, 272.735, 3887.769, 1268.888, 596.9859, 967.6733, 1173.122, 1556.014, 1002.905, 0.9525517, 618.867, 3314.06, 820.3273
414.7, 425.8753, 552.5394, 797.7328, 258.5638, 3996.998, 1196.475, 564.4379, 911.9453, 1087.061, 1582.786, 934.9119, 0.9049569, 591.449, 3117.054, 1187.075
414.8, 401.5715, 1115.221, 757.7828, 245.1288, 3888.714, 1128.195, 533.6646, 938.6231, 1413.746, 1640.102, 871.5284, 361.3699, 565.2457, 2931.76, 1129.44
414.9, 378.6546, 1061.053, 719.8335, 232.3919, 3684.665, 1063.811, 504.569, 1160.407, 1748.049, 1612.653, 812.442, 1284.837, 540.2033, 2757.481, 1074.603
415, 357.0455, 1009.516, 683.7846, 220.3169, 3488.501, 1003.102, 477.0596, 1387.73, 1988.641, 1489.27, 757.3615, 1623.436, 516.2704, 2593.561, 1022.429
415.1, 397.4158, 1074.304, 649.541, 208.8692, 3302.781, 945.8567, 451.0501, 1307.811, 2687.737, 1414.784, 706.0151, 1542.32, 493.3978, 2439.386, 972.7878
415.2, 374.7361, 1022.123, 617.0123, 198.0164, 3228.88, 959.9341, 426.4587, 1232.495, 2844.454, 1350.403, 658.1499, 1465.257, 471.5385, 2294.376, 925.5569
415.3, 398.0097, 1256.9, 586.1127, 187.7275, 3099.961, 919.4003, 403.208, 1161.516, 3014.923, 1247.085, 1342.292, 1501.277, 450.6477, 2642.606, 1225.065
415.4, 481.0984, 1195.85, 556.7604, 177.9732, 3199.101, 866.932, 381.2249, 1094.624, 2970.123, 1151.671, 1251.289, 1426.265, 430.6824, 2485.515, 1287.891
415.5, 515.0728, 1176.731, 637.3343, 168.7258, 3092.331, 817.4579, 360.4404, 1031.585, 2752.23, 1068.466, 1194.188, 1430.28, 411.6017, 2337.763, 1450.133
415.6, 495.6646, 1119.575, 605.4169, 159.9588, 3109.399, 794.4921, 340.789, 972.1763, 2567.645, 986.7183, 1151.654, 1465.7, 393.3662, 2437.999, 1379.726
415.7, 467.378, 1065.196, 575.098, 151.6474, 3051.786, 814.6369, 322.2091, 916.1889, 2649.361, 911.2251, 1299.611, 1590.606, 375.9387, 2293.071, 1312.737
415.8, 441.5077, 1068.94, 546.2974, 143.7678, 2889.316, 768.1472, 304.6421, 863.4258, 2503.024, 865.2681, 1298.57, 1607.316, 359.2833, 2291.975, 1560.932
415.9, 416.3117, 1017.02, 518.9391, 136.2976, 2858.519, 724.3106, 288.0329, 813.7013, 2645.009, 1029.755, 1210.531, 1527.006, 343.3658, 2404.013, 1485.146
416, 688.0345, 1222.768, 569.5278, 129.2156, 2716.693, 718.4905, 272.3292, 906.3697, 2761.493, 976.4656, 1159.588, 1544.133, 328.1534, 2397.056, 1797.385
416.1, 648.7698, 1310.284, 547.9776, 122.5016, 2572.062, 779.2703, 257.4817, 1020.616, 2558.906, 1021.282, 1357.203, 1521.469, 313.6151, 2673.98, 1987.15
416.2, 611.7458, 1246.641, 520.5352, 116.1364, 2490.333, 734.799, 243.4437, 961.8394, 2759.919, 1115.306, 1597.653, 1999.569, 299.7208, 3190.243, 2496.381
416.3, 576.8347, 1186.09, 494.467, 110.102, 2515.845, 692.8655, 230.171, 906.4473, 2677.063, 1029.974, 1582.234, 1899.66, 286.4421, 3381.145, 2375.176
416.4, 604.017, 1339.826, 469.7044, 104.3811, 2381.906, 685.4611, 217.622, 1177.43, 2480.67, 951.1714, 1827.297, 2082.735, 273.7517, 3417.961, 2456.411
416.5, 569.5469, 1398.706, 446.1819, 98.95747, 2323.451, 646.3432, 205.7572, 1109.622, 2321.289, 954.5792, 1868.219, 2529.508, 261.6236, 3406.505, 2855.407
416.6, 655.7411, 1337.833, 423.8373, 93.81566, 2368.253, 658.6201, 194.5392, 1045.719, 2357.12, 973.3584, 1813.204, 2618.192, 250.0327, 3204.005, 2716.771
416.7, 684.182, 1384.736, 402.6118, 88.94101, 2353.818, 716.2883, 183.9328, 985.4968, 2227.326, 918.8007, 1872.379, 2628.253, 238.9554, 3142.337, 2584.866
416.8, 645.1371, 1767.561, 382.4492, 84.31965, 2323.137, 675.4111, 173.9047, 928.7422, 2063.926, 848.5038, 1807.339, 2496.931, 228.3688, 3148.375, 2968.52
416.9, 608.3204, 1775.616, 444.2223, 79.93842, 2226.209, 636.8668, 164.4234, 875.2562, 2491.361, 1162.768, 1827.536, 2554.623, 218.2513, 3086.517, 2896.443
417, 573.6048, 1765.518, 421.9759, 75.78482, 2226.781, 600.522, 155.4589, 824.8504, 2773.504, 1309.749, 2000.057, 2584.675, 208.5819, 2903.038, 2884.676
417.1, 540.8703, 2144.33, 400.8436, 71.84705, 2277.63, 716.5746, 146.9832, 777.3475, 2679.459, 1246.934, 2118.634, 2903.824, 199.341, 2961.2, 2891.155
417.2, 600.6748, 2404.075, 380.7695, 68.11389, 2180.816, 686.7388, 138.9697, 732.5802, 2576.256, 1151.532, 2213.775, 2901.279, 190.5095, 2993.541, 2865.983
417.3, 647.2285, 2497.952, 361.7008, 64.5747, 2121.034, 647.548, 131.393, 690.3911, 2506.478, 1164.774, 2063.69, 2756.315, 182.0693, 3132.445, 2726.834
417.4, 610.2925, 2465.927, 343.587, 61.21941, 2039.876, 610.5938, 124.2294, 650.6316, 2491.537, 1102.464, 2193.551, 2915.155, 174.0029, 2946.236, 2844.032
417.5, 575.4643, 2532.639, 326.3804, 58.03845, 2029.222, 647.9313, 117.4563, 613.1619, 2308.755, 1018.115, 2133.154, 2796.873, 166.294, 3201.95, 2732.272
417.6, 542.6237, 2409.625, 310.0354, 55.02278, 2107.939, 610.9552, 111.0526, 577.85, 2230.647, 948.7825, 1988.534, 2841.895, 158.9266, 3080.14, 2735.603
417.7, 511.6573, 2501.92, 294.509, 52.1638, 2083.971, 576.0892, 104.9979, 544.5718, 2145.729, 930.3455, 1886.336, 2699.898, 151.8856, 2972.946, 2602.783
417.8, 650.8179, 2427.751, 279.7602, 49.45338, 2024.727, 594.8806, 99.27339, 513.21, 1988.316, 1012.4, 1982.299, 2564.996, 145.1565, 2796.218, 2476.413
417.9, 613.6771, 2358.257, 265.7499, 46.88379, 1916.935, 724.8632, 93.86097, 483.6544, 1998.441, 958.848, 2149.513, 2696.823, 138.7256, 2859.088, 2552.03
418, 578.6558, 2243.713, 339.1775, 44.44772, 1953.901, 1381.468, 88.74363, 1353.388, 1991.458, 903.5799, 2003.784, 2609.75, 132.5795, 2752.945, 2428.124
418.1, 646.6277, 2156.424, 322.1917, 42.13822, 1849.88, 1411.452, 83.90528, 1317.305, 1845.362, 909.7317, 1963.635, 2479.352, 126.7058, 2728.256, 2395.927
418.2, 609.726, 2302.43, 306.0565, 39.94872, 1884.749, 1376.162, 79.33073, 1241.442, 1800.128, 840.1287, 2104.719, 2574.812, 121.0923, 2730.215, 2487.638
418.3, 613.9985, 2348.526, 290.7293, 37.87299, 1786.061, 1331.116, 75.00558, 1363.916, 1668.068, 775.8509, 2033.613, 2446.161, 115.7275, 2567.917, 2366.858
418.4, 578.9589, 2438.773, 276.1698, 35.90512, 1723.455, 1255.152, 70.91624, 1285.369, 1762.555, 782.3587, 2095.417, 2698.959, 110.6003, 2672.27, 2515.063
418.5, 592.6926, 2385.399, 262.3393, 34.03949, 1749.73, 1250.53, 67.04987, 1211.344, 1674.316, 734.6442, 1953.355, 2626.963, 105.7003, 2599.698, 2392.952
418.6, 558.8688, 2330.678, 249.2015, 32.2708, 1656.578, 1179.165, 63.39427, 1141.583, 1551.486, 678.437, 1944.793, 2495.706, 101.0174, 2445.158, 2276.769
418.7, 526.9753, 2217.474, 267.666, 30.59402, 1650.136, 1194.415, 59.93799, 1330.516, 1611.119, 735.944, 1812.943, 2544.55, 96.54201, 2687.076, 2166.227
418.8, 637.5602, 2254.465, 254.2614, 29.00435, 1608.357, 1245.206, 56.67015, 1253.892, 1518.344, 1077.778, 1869.042, 2692.592, 92.26485, 2648.783, 2330.778
418.9, 601.1759, 2144.962, 292.2303, 27.49729, 1522.732, 1174.145, 53.58047, 1181.681, 1527.633, 1623.527, 1912.04, 2668.058, 88.17719, 2491.326, 2217.614
419, 566.868, 2265.332, 277.5955, 26.06854, 1562.431, 1149.152, 50.65924, 1113.628, 1415.564, 1840.037, 1782.411, 2623.223, 84.27064, 2483.472, 2109.944
419.1, 534.5179, 2271.278, 323.1363, 24.71402, 1479.25, 1136.549, 47.89728, 1049.495, 1311.716, 1721.377, 1814.488, 2682.328, 80.53715, 2516.171, 2242.454
419.2, 545.8284, 2199.773, 306.9538, 23.42988, 1596.747, 1257.679, 45.2859, 989.0544, 1215.487, 1699.999, 1928.485, 2548.304, 76.96907, 2366.596, 2133.578
419.3, 515.4526, 2366.26, 291.5817, 22.21247, 1590.654, 1192.651, 42.81689, 932.095, 1206.179, 1611.626, 1879.683, 2508.055, 73.55907, 2391.588, 2029.989
419.4, 486.0367, 2449.656, 276.9795, 21.05831, 1617.979, 1172.632, 40.48249, 878.4158, 1221.457, 1538.402, 1752.247, 2634.327, 70.30014, 2249.42, 2141.318
419.5, 525.7009, 2330.673, 263.1085, 19.96412, 1531.841, 1105.712, 38.27537, 827.8281, 1147.826, 1521.187, 1633.451, 2502.702, 67.18559, 2115.702, 2037.353
419.6, 495.7002, 2427.37, 249.9322, 18.92679, 1467.581, 1124.945, 36.18858, 780.1536, 1063.62, 1532.505, 1600.39, 2601.336, 64.20904, 2232.02, 1938.435
419.7, 467.4116, 2309.469, 237.4157, 17.94336, 1389.45, 1060.746, 34.21556, 735.2247, 1154.593, 1446.802, 1612.525, 2618.837, 61.36435, 2163.544, 2140.399
419.8, 440.7373, 2424.62, 225.526, 17.01102, 1384.339, 1000.212, 32.35012, 692.8833, 1085.07, 1336.108, 1540.732, 2517.459, 58.64569, 2218.583, 2036.478
419.9, 455.9339, 2353.278, 214.2318, 16.12713, 1433.64, 943.1317, 30.58637, 652.9803, 1005.468, 1404.429, 1436.276, 2391.673, 56.04748, 2466.84, 1937.603
420, 455.5358, 2242.883, 203.5032, 15.28917, 1404.585, 924.1315, 28.91879, 615.3753, 1078.148, 1296.977, 1524.589, 2467.188, 53.56438, 2527.894, 1843.528
420.1, 433.3572, 2231.363, 221.3398, 14.49475, 1329.808, 871.3931, 27.34213, 579.936, 1035.538, 1197.746, 1565.005, 2482.075, 51.19129, 2769.766, 1754.021
420.2, 410.4759, 2194.106, 210.2552, 13.7416, 1406.637, 821.6645, 25.85142, 546.5376, 959.5693, 1275.945, 1458.904, 2476.777, 48.92334, 2795.799, 1845.387
420.3, 437.8341, 2142.811, 199.7258, 13.02759, 1456.252, 774.7737, 24.44199, 515.0626, 983.4446, 1195.346, 1545.801, 2592.977, 46.75586, 2629.602, 1755.79
420.4, 435.1779, 2243.903, 205.8659, 12.35068, 1378.724, 814.8047, 23.1094, 485.4003, 911.2977, 1103.891, 1441.002, 2463.417, 44.68441, 2761.57, 1942.461
420.5, 455.3489, 2164.913, 195.5562, 11.70894, 1408.77, 772.9416, 21.84947, 727.2128, 1135.57, 1126.819, 1576.143, 2340.331, 42.70473, 2706.338, 1848.151
420.6, 525.4537, 2144.597, 185.7629, 11.10054, 1333.77, 812.6725, 20.65823, 786.3118, 1067.455, 1040.607, 1469.286, 2223.396, 40.81276, 2670.355, 1758.419
420.7, 495.4671, 2155.318, 176.46, 10.52376, 1290.51, 813.7714, 19.53193, 741.0283, 1031.541, 1039.335, 1491.33, 2112.302, 39.00461, 2621.6, 1779.096
420.8, 503.659, 2050.631, 167.6229, 9.976947, 1221.806, 767.3311, 18.46704, 698.3527, 955.8655, 1020.808, 1422.995, 2006.76, 37.27657, 2465.758, 1692.717
420.9, 474.9162, 2222.737, 159.2285, 9.458547, 1156.76, 739.9125, 17.46021, 658.1347, 946.9892, 942.7062, 1326.522, 1906.491, 35.62508, 2564.861, 1651.125
421, 447.8137, 2114.775, 151.2544, 8.967081, 1095.177, 770.3417, 16.50827, 620.2328, 877.5167, 870.5803, 1236.589, 2077.078, 34.04677, 2412.392, 1570.96
421.1, 422.2579, 2012.057, 143.6797, 8.501153, 1149.781, 726.3799, 15.60823, 849.1757, 913.3698, 813.865, 1152.752, 2096.73, 32.53838, 2307.896, 1683.194
421.2, 398.1605, 1914.329, 186.3767, 8.059434, 1113.825, 684.9268, 14.75727, 800.2719, 891.0576, 803.3366, 1211.158, 2030.385, 31.09681, 2414.609, 1601.471
421.3, 511.8893, 1927.661, 177.043, 7.640667, 1054.528, 645.8394, 13.95269, 754.1844, 825.6884, 741.8738, 1129.046, 1928.935, 29.71911, 2271.072, 1576.635
421.4, 482.6768, 1834.031, 168.1768, 7.243659, 1074.251, 678.9846, 13.19199, 710.7511, 853.6401, 685.1135, 1124.385, 2082.952, 28.40245, 2218.87, 1500.086
421.5, 455.1314, 1744.95, 169.8242, 6.867279, 1098.726, 640.2363, 12.47275, 669.8191, 791.0159, 632.6959, 1128.275, 1978.876, 27.14412, 2086.969, 1610.045
421.6, 429.158, 2012.755, 161.3195, 6.510457, 1104.309, 603.6993, 11.79274, 631.2444, 732.9858, 616.8848, 1051.782, 1951.107, 25.94154, 2297.49, 1615.773
421.7, 404.6668, 1914.993, 153.2407, 6.172174, 1045.518, 569.2474, 11.14979, 594.8911, 750.5922, 633.1627, 980.4752, 1881.314, 24.79224, 2244.549, 1537.324
421.8, 381.5733, 1950.085, 145.5665, 5.851469, 989.8573, 559.0176, 10.5419, 560.6315, 695.5277, 584.7197, 943.5057, 1967.908, 23.69386, 2139.181, 1626.802
421.9, 503.6005, 1917.665, 138.2766, 5.547427, 937.1594, 527.1156, 9.967151, 528.3448, 644.5028, 539.9832, 992.0281, 1926.926, 22.64413, 2117.482, 1754.748
422, 474.861, 1892.702, 131.3518, 5.259183, 933.4903, 544.5151, 9.423738, 497.9176, 597.2212, 508.491, 924.7723, 1830.646, 21.64092, 2052.387, 1669.551
422.1, 447.7616, 1866.907, 124.7738, 4.985917, 928.0192, 513.4407, 8.909951, 469.2426, 553.4082, 526.025, 862.0762, 1739.177, 20.68215, 2102.662, 1588.491
422.2, 422.2088, 1776.228, 118.5252, 4.726849, 916.2785, 583.1748, 8.424176, 442.2191, 512.8094, 485.7791, 874.8679, 1927.285, 19.76586, 1977.669, 1648.74
422.3, 398.1142, 1826.112, 112.5895, 4.481243, 937.0079, 576.8251, 7.964886, 416.7518, 475.1891, 448.6124, 914.422, 1830.987, 18.89016, 1860.106, 1568.69
422.4, 391.1027, 1741.159, 106.9511, 4.248398, 887.1237, 1237.244, 7.530637, 392.7512, 440.3285, 418.2389, 926.5266, 1739.501, 18.05326, 1810.984, 1492.527
422.5, 368.7833, 1822.899, 101.595, 4.027652, 846.2891, 1711.583, 7.120063, 370.1327, 408.0254, 386.2397, 908.8154, 1652.586, 17.25344, 1703.329, 1420.061
422.6, 347.7375, 1953.705, 96.50719, 3.818375, 961.3457, 1912.92, 6.731874, 348.8169, 378.0921, 367.2626, 847.2011, 1612.811, 16.48905, 1719.723, 1436.376
422.7, 327.8929, 1858.81, 91.67416, 3.619973, 933.6447, 1870.693, 6.36485, 328.7286, 350.3547, 339.1635, 854.342, 1532.226, 15.75852, 1997.16, 1523.74
422.8, 309.1807, 1768.525, 87.08316, 3.43188, 883.9394, 1776.219, 6.017835, 309.7972, 324.6522, 313.2144, 796.4208, 1455.668, 15.06036, 2101.681, 1449.759
422.9, 291.5363, 1967.786, 82.72208, 3.253559, 836.8804, 1732.323, 5.68974, 291.956, 300.8353, 289.2505, 911.4102, 1382.935, 14.39314, 1976.746, 1379.371
423, 324.5581, 1900.806, 78.57941, 3.084505, 792.3267, 1802.265, 5.379533, 275.1424, 278.7656, 267.1201, 849.62, 1556.216, 13.75547, 1917.226, 1312.399
423.1, 306.0363, 1808.481, 74.6442, 2.924234, 750.1449, 1797.841, 5.086239, 259.297, 258.3149, 246.6829, 792.0189, 1478.459, 13.14605, 1803.256, 1248.68
423.2, 288.5714, 1720.64, 70.90605, 2.772292, 710.2088, 1695.242, 4.808935, 244.3641, 239.3646, 227.8094, 1071.377, 1404.587, 12.56364, 1942.583, 1188.053
423.3, 272.1032, 1637.066, 67.35512, 2.628244, 672.3988, 1598.498, 4.54675, 230.2912, 221.8045, 210.3798, 1153.43, 1334.406, 12.00702, 1827.105, 1130.371
423.4, 256.5748, 1557.551, 63.98201, 2.49168, 636.6017, 1507.275, 4.298859, 217.0288, 205.5326, 194.2838, 1075.232, 1267.732, 11.47507, 1718.492, 1075.489
