 , C01, C02, C04, C05, C10, C12, C13, C43, C52, C55, C62
Time(s)/Cell Status, accepted, accepted, accepted, accepted, accepted, accepted, accepted, accepted, accepted, accepted, accepted
0, 0, 0, 0, 0, 0, 0, 0, 0, 0, 0, 0
0.1, 0, 37.79272, 0, 0, 0, 15.13464, 0, 0, 14.65125, 147.1882, 218.1704
0.2, 0, 192.4813, 0, 0, 0, 80.95563, 36.05554, 17.45248, 126.7028, 295.489, 206.778
0.3, 1.68056, 347.1367, 0, 0, 204.445, 181.1193, 125.4854, 16.53296, 199.1262, 458.771, 253.4836
0.4, 21.2693, 532.3245, 24.84249, 0, 237.0275, 170.7048, 205.1143, 96.59839, 214.1472, 428.8308, 388.0317
0.5, 52.40537, 604.3292, 712.6935, 0, 320.6206, 300.5977, 364.3099, 91.50894, 888.8033, 457.9927, 367.7694
0.6, 49.5269, 1269.617, 889.353, 0, 433.7892, 283.3131, 440.3162, 86.68765, 1136.488, 649.1165, 348.5652
0.7, 46.80654, 1206.365, 837.6736, 323.4982, 451.7837, 280.0701, 417.7471, 144.3517, 1109.985, 606.7539, 443.7456
0.8, 44.2356, 1146.264, 843.2903, 1224.926, 485.0661, 315.8649, 396.3348, 162.643, 1337.76, 567.1562, 420.5741
0.9, 41.80587, 1207.327, 794.2876, 1401.505, 463.4817, 309.7299, 746.1732, 299.1883, 1270.902, 820.3564, 398.6124
1, 269.6187, 1179.174, 811.6467, 1532.374, 721.5578, 291.9203, 707.927, 346.9933, 1207.385, 766.8187, 541.9393
1.1, 254.8094, 1343.075, 901.0869, 1506.3, 689.4501, 275.1346, 1084.468, 328.7114, 1279.643, 860.9392, 830.3701
1.2, 240.8135, 1435.813, 848.7257, 1678.025, 678.9189, 371.5973, 1642.166, 358.2717, 1358.633, 1120.346, 787.0096
1.3, 227.5863, 1411.785, 799.4072, 1649.505, 648.7085, 350.2302, 1792.341, 339.3955, 1554.558, 1227.218, 1036.062
1.4, 215.0857, 1522.075, 768.4307, 1566.261, 844.2606, 330.0917, 1763.696, 321.5139, 1610.744, 1399.029, 981.9602
1.5, 206.3299, 1518.184, 723.778, 1493.309, 834.6832, 311.1113, 1673.295, 337.4269, 1692.562, 1307.726, 1111.668
1.6, 194.9968, 1442.548, 681.72, 1404.149, 798.7957, 293.2222, 1587.528, 331.4005, 1607.972, 1310.398, 1053.618
1.7, 184.2863, 1511.906, 1020.283, 1399.082, 763.251, 276.3618, 1506.157, 313.9401, 1527.609, 1274.902, 1064.809
1.8, 174.164, 1456.474, 1445.979, 1362.198, 729.2881, 260.4708, 1428.957, 383.2897, 1546.629, 1423.115, 1310.971
1.9, 164.5977, 1383.912, 1361.955, 1280.866, 696.8364, 245.4936, 1566.112, 363.0955, 1469.333, 1428.334, 1242.514
2, 155.5568, 1314.966, 1342.333, 1204.389, 665.8289, 231.3775, 1485.838, 713.8464, 1395.899, 1494.88, 1177.632
2.1, 147.0126, 1249.455, 1318.828, 1238.096, 636.2009, 218.0732, 1409.679, 808.8309, 1326.135, 1464.885, 1227.468
2.2, 138.9376, 1187.207, 1242.192, 1164.173, 607.8915, 211.404, 1457.453, 766.2162, 1259.858, 1427.769, 1163.372
2.3, 131.3062, 1128.061, 1305.625, 1117.863, 580.8417, 374.1046, 1382.749, 725.8469, 1196.893, 1731.327, 1281.096
2.4, 124.0939, 1146.975, 1229.756, 1072.522, 554.9955, 1801.66, 1311.874, 687.6044, 1189.332, 1681.676, 1214.199
2.5, 117.2778, 1103.05, 1158.296, 1008.485, 530.2994, 2351.536, 1480.095, 651.3768, 1282.026, 1571.927, 1150.796
2.6, 110.8361, 1135.079, 1166.491, 981.7565, 506.7023, 2216.321, 1404.231, 636.7173, 1261.181, 1469.34, 1289.865
2.7, 104.7482, 1143.559, 1495.25, 988.829, 484.1552, 2260.5, 1489.276, 623.2633, 1198.15, 1652.455, 1268.561
2.8, 98.99471, 1113.529, 2212.533, 929.7891, 462.6115, 2130.52, 1412.941, 1081.512, 1138.269, 1544.613, 1349.173
2.9, 93.55722, 1131.554, 2296.597, 874.2743, 442.0263, 2077.507, 1386.153, 1197.486, 1134.667, 1443.808, 1342.458
3, 88.4184, 1075.18, 2267.161, 822.074, 422.3571, 2062.233, 1533.719, 1312.524, 1265.977, 1349.583, 1272.357
3.1, 83.56184, 1095.851, 2200.002, 772.9905, 403.5632, 2022.292, 1455.106, 1281.865, 1202.706, 1344.198, 1205.917
3.2, 78.97205, 1182.586, 2309.657, 726.8376, 385.6055, 1932.594, 1380.522, 1287.257, 1142.598, 1295.4, 1142.946
3.3, 74.63435, 1123.67, 2208.626, 683.4404, 368.447, 2001.961, 1346.954, 1302.661, 1085.494, 1397.801, 1083.263
3.4, 70.5349, 1172.621, 2310.287, 642.6343, 352.0519, 1900.993, 1353.108, 1234.028, 1031.243, 1306.577, 1182.52
3.5, 66.66064, 1192.528, 2267.757, 604.2646, 336.3864, 1791.685, 1406.282, 1312.7, 979.7041, 1310.356, 1203.537
3.6, 62.99917, 1133.117, 2135.98, 568.1858, 321.418, 1732.841, 1334.201, 2017.903, 930.7408, 1279.206, 1297.96
3.7, 59.53881, 1076.665, 2011.861, 618.3051, 307.1156, 1633.201, 1298.094, 2525.106, 884.2247, 1347.604, 1230.182
3.8, 56.26853, 1023.026, 1947.281, 581.3879, 293.4497, 1539.291, 1282.344, 2415.327, 840.0332, 1324.036, 1249.766
3.9, 53.17787, 972.0588, 1834.127, 546.675, 280.3918, 1450.781, 1246.164, 2399.259, 798.0504, 1335.128, 1184.506
4, 50.25697, 974.3254, 1798.365, 536.4935, 267.915, 1367.361, 1266.085, 2375.959, 758.1658, 1247.995, 1122.653
4.1, 47.49651, 1046.095, 1693.864, 504.4612, 255.9934, 1376.202, 1201.19, 2336.47, 720.2745, 1166.549, 1241.542
4.2, 44.88766, 1051.175, 1656.233, 474.3413, 244.6023, 1397.997, 1369.813, 2252.803, 914.4374, 1236.452, 1176.711
4.3, 42.42212, 998.8053, 1559.991, 446.0199, 233.718, 1317.611, 1340.371, 2134.111, 868.736, 1939.627, 1465.512
4.4, 40.092, 1096.6, 1573.12, 419.3894, 223.3181, 1245.445, 1475.792, 2074.944, 825.3187, 3246.573, 1692.076
4.5, 37.88987, 1041.967, 1481.707, 394.3489, 213.381, 1199.573, 1486.364, 2119.25, 784.0712, 3819.092, 1896.139
4.6, 35.80869, 990.0568, 1559.404, 370.8036, 203.886, 1139.276, 1410.178, 2007.593, 827.8853, 3850.971, 1875.791
4.7, 33.84183, 944.2351, 1711.159, 357.3597, 194.8135, 1082.148, 1420.871, 1974.732, 853.6548, 3655.055, 1850.019
4.8, 31.983, 933.124, 1611.725, 350.9083, 186.1448, 1084.664, 1381.378, 2095.711, 879.7542, 3638.979, 2079.993
4.9, 30.22627, 886.6359, 1518.069, 371.8065, 177.8618, 1045.612, 1394.91, 2062.863, 835.7861, 3873.819, 2432.602
5, 28.56603, 972.5657, 1592.542, 349.6071, 169.9473, 985.4888, 1444.315, 2038.433, 965.1474, 3745.92, 2305.575
5.1, 26.99698, 924.1127, 1554.661, 378.1234, 162.385, 961.1404, 1370.285, 1979.594, 916.9116, 3852.812, 2340.299
5.2, 25.51412, 878.0735, 1464.321, 355.5468, 155.1593, 968.7507, 1300.049, 1935.237, 871.0865, 3601.371, 2360.536
5.3, 24.11271, 834.3281, 1379.231, 364.6099, 148.255, 913.0469, 1306.832, 1841.073, 907.3401, 3504.64, 2237.273
5.4, 22.78827, 792.762, 1360.281, 354.2626, 141.658, 894.276, 1400.353, 1856.992, 1091.742, 3275.92, 2120.446
5.5, 21.53658, 753.2667, 1316.477, 333.1107, 135.3546, 842.8546, 1401.012, 1759.153, 1037.179, 3309.738, 2009.72
5.6, 40.32539, 715.7391, 1239.978, 353.5702, 165.9317, 794.39, 1329.201, 1785.865, 985.3435, 3093.738, 2145.069
5.7, 38.11044, 680.0811, 1167.924, 430.0337, 158.5481, 803.3123, 1261.071, 1726.366, 936.0984, 3121.377, 2033.057
5.8, 36.01715, 754.3898, 1335.178, 404.3577, 151.4931, 818.6613, 1196.433, 1652.678, 889.3145, 3189.474, 1926.895
5.9, 38.7264, 716.8063, 1296.107, 380.2148, 144.752, 871.8182, 1135.108, 1581.075, 844.8686, 2981.323, 1941.996
6, 121.049, 681.0952, 1364.53, 357.5133, 157.4864, 872.2354, 1197.684, 1650.725, 802.6441, 3095.392, 1840.589
6.1, 114.4001, 740.0406, 1285.239, 336.1673, 162.164, 822.0814, 1136.295, 1619.826, 876.8714, 3060.973, 1744.476
6.2, 108.1164, 703.1719, 1210.555, 316.0958, 154.948, 774.8113, 1078.052, 1534.483, 833.0475, 2861.208, 1708.833
6.3, 102.1779, 723.628, 1157.754, 297.2227, 148.0532, 765.7914, 1259.518, 1453.636, 791.4138, 2715.104, 1691.857
6.4, 96.56561, 727.485, 1163.368, 279.4765, 141.4652, 721.758, 1194.96, 1481.41, 849.2136, 2639.106, 1682.263
6.5, 91.26154, 691.2418, 1095.766, 262.7898, 135.1703, 680.2565, 1196.862, 1403.36, 844.5721, 2527.204, 1594.418
6.6, 86.24883, 714.4545, 1130.52, 247.0994, 129.1555, 641.1414, 1196.147, 1329.421, 802.3624, 2573.461, 1568.079
6.7, 81.51144, 678.8605, 1138.523, 232.3459, 123.4084, 604.2755, 1264.172, 1443.423, 819.808, 2405.512, 1606.356
6.8, 80.97043, 645.0397, 1207.1, 218.4732, 117.917, 569.5292, 1199.375, 1367.374, 865.5852, 2248.523, 1522.474
6.9, 76.52296, 666.2155, 1136.957, 205.4289, 112.67, 554.8619, 1142.31, 1336.61, 822.3253, 2101.781, 1442.973
7, 72.31979, 633.0247, 1164.691, 193.1633, 107.6564, 522.9571, 1083.759, 1289.103, 781.2275, 2187.635, 1367.624
7.1, 68.34748, 666.9237, 1097.012, 181.6301, 145.1961, 492.8868, 1199.063, 1221.184, 742.1837, 2146.078, 1296.209
7.2, 64.59336, 633.6977, 1038.858, 170.7856, 138.7352, 464.5455, 1137.603, 1259.956, 705.0911, 2103.09, 1418.437
7.3, 61.04544, 602.127, 1009.305, 160.5885, 132.5618, 437.8339, 1079.294, 1213.708, 669.8524, 1965.839, 1380.523
7.4, 57.6924, 657.5021, 950.6551, 151.0002, 126.6631, 412.6582, 1023.973, 1175.176, 700.3632, 1837.544, 1419.828
7.5, 54.52353, 879.4749, 895.4136, 141.9845, 149.7409, 388.9301, 971.4877, 1344.135, 665.3608, 1717.623, 1345.687
7.6, 51.52872, 1207.188, 897.7928, 133.507, 143.0778, 489.1718, 955.9838, 1340.709, 918.0348, 1871.21, 1353.204
7.7, 48.6984, 1167.625, 866.8749, 125.5357, 136.7111, 461.0441, 991.9113, 1270.071, 872.1536, 1749.091, 1282.542
7.8, 46.02354, 1169.621, 816.5018, 118.0404, 130.6278, 437.6151, 941.0695, 1203.155, 864.1845, 1634.942, 1283.915
7.9, 43.49561, 1184.354, 769.0557, 110.9925, 126.3901, 435.5379, 892.8335, 1139.765, 820.9946, 1788.78, 1216.872
8, 41.10652, 1172.412, 832.4487, 104.3655, 120.766, 410.4942, 847.07, 1079.715, 978.1663, 1672.041, 1218.605
8.1, 38.84866, 1114.003, 784.076, 98.13418, 115.3922, 386.8906, 950.3261, 1022.828, 945.0726, 1819.576, 1154.972
8.199999999999999, 36.71482, 1058.503, 738.5142, 92.27489, 110.2575, 364.6442, 1109.516, 1136.532, 956.0101, 2880.498, 1401.209
8.300000000000001, 34.69819, 1125.517, 695.5999, 86.76543, 105.3513, 343.6769, 1052.646, 1076.652, 908.231, 3087.255, 1598.295
8.4, 32.79232, 1115.758, 655.1793, 81.58494, 100.6634, 323.9153, 1079.75, 1019.927, 962.713, 3164.448, 1514.835
8.5, 30.99114, 1060.171, 816.2783, 76.71375, 344.8514, 305.29, 1225.714, 966.1904, 914.5989, 3027.62, 1668.737
8.6, 29.28889, 1007.354, 853.4343, 72.13341, 329.5063, 287.7357, 1162.888, 963.8464, 868.8894, 3033.366, 1581.599
8.699999999999999, 102.9982, 1000.371, 856.4343, 67.82655, 365.7561, 377.4225, 1234.986, 945.0367, 992.3531, 3071.161, 1598.013
8.800000000000001, 97.34085, 1001.516, 827.8021, 63.77683, 481.314, 421.6462, 1231.689, 1027.552, 1111.155, 2917.826, 1514.567
8.9, 223.1628, 951.6202, 779.6994, 59.96891, 705.79, 424.0723, 1398.405, 973.4135, 1183.774, 2902.22, 1578.018
9, 361.9592, 904.2107, 860.9459, 56.38836, 674.384, 459.6707, 1415.874, 1027.048, 1124.612, 2943.011, 1629.102
9.1, 342.0779, 996.3862, 854.6205, 53.02158, 644.3755, 433.2501, 2316.75, 972.9367, 1358.205, 3133.968, 1629.615
9.199999999999999, 323.2886, 955.0316, 822.3597, 49.85582, 615.7023, 408.338, 2898.867, 981.873, 1467.071, 3139.081, 1544.52
9.300000000000001, 305.5313, 907.4521, 774.5732, 46.87909, 588.3049, 384.8583, 2750.281, 1026.268, 1393.75, 2934.218, 1463.867
9.4, 288.7494, 881.3769, 729.5636, 44.08008, 562.1266, 381.4943, 3055.789, 972.1971, 1324.094, 2789.07, 1387.427
9.5, 272.8893, 837.4668, 687.1694, 41.44819, 537.1133, 448.9677, 2899.16, 952.2232, 1257.919, 2936.486, 1314.978
9.6, 257.9003, 795.7443, 722.8763, 38.97345, 513.213, 423.1518, 2786.288, 902.0537, 1195.051, 2945.653, 1246.312
9.699999999999999, 243.7346, 756.1005, 751.6616, 36.64647, 490.3762, 398.8203, 2715.714, 854.5275, 1135.325, 2753.414, 1181.231
9.800000000000001, 230.347, 718.4317, 707.9834, 34.45842, 468.5555, 375.8879, 2576.516, 809.5052, 1161.872, 2743.957, 1251.876
9.9, 217.6947, 682.6395, 668.059, 32.40101, 447.7059, 354.2742, 2757.504, 929.7729, 1140.494, 3199.8, 1420.349
10, 205.7374, 764.8232, 678.6998, 30.46644, 427.784, 333.9032, 2679.956, 887.9133, 1141.011, 3277.781, 1346.181
10.1, 194.4369, 846.0637, 655.8553, 28.64739, 408.7486, 314.7036, 2639.478, 1252.006, 1083.986, 3341.108, 1510.001
10.2, 183.757, 803.9129, 617.7443, 26.93694, 390.5602, 296.608, 2724.276, 1334.309, 1029.811, 3668.874, 1431.151
10.3, 173.6638, 763.8621, 581.8478, 25.32862, 373.1811, 279.5529, 2584.64, 1324.54, 978.3433, 3817.068, 1502.389
10.4, 164.125, 725.8066, 567.1282, 23.81632, 356.5754, 263.4784, 2452.16, 1424.303, 1159.747, 3721.318, 1423.937
10.5, 155.1101, 689.647, 534.173, 22.39432, 340.7086, 248.3283, 2326.471, 1523.159, 1101.786, 3654.629, 1349.582
10.6, 146.5904, 655.2889, 503.1328, 21.05723, 325.5479, 238.8753, 2207.224, 1442.908, 1046.721, 3416.121, 1279.109
10.7, 138.5386, 622.6425, 473.8962, 19.79996, 311.0617, 225.1399, 2094.09, 1366.886, 994.4085, 3193.178, 1212.316
10.8, 130.9291, 591.6226, 446.3586, 18.61777, 297.2202, 212.1942, 2073.443, 1294.87, 1071.021, 3288.22, 1149.011
10.9, 123.7375, 562.1481, 420.4212, 17.50616, 283.9946, 261.7202, 2230.765, 1226.647, 1017.494, 3205.981, 1236.441
11, 116.941, 742.8193, 395.991, 16.46092, 271.3575, 329.3372, 2124.142, 1162.019, 966.6417, 3195.838, 1171.876
11.1, 110.5178, 705.8121, 372.9804, 15.47809, 259.2827, 310.4001, 2015.266, 1100.796, 1000.913, 3172.43, 1110.683
11.2, 104.4474, 670.6487, 376.4359, 14.55394, 247.7452, 292.5519, 2052.308, 1042.799, 950.8898, 2965.391, 1052.685
11.3, 98.7104, 665.0911, 354.5616, 13.68497, 236.7211, 275.73, 1947.114, 1078.812, 903.3666, 2915.549, 1324.274
11.4, 93.28853, 631.9564, 415.137, 12.86788, 226.1875, 259.8754, 1955.841, 1665.458, 952.2089, 3090.774, 2013.651
11.5, 88.16447, 600.4724, 391.0138, 12.09958, 216.1227, 244.9324, 1967.808, 1700.702, 904.6198, 3177.166, 2797.73
11.6, 83.32186, 570.5569, 368.2924, 11.37715, 206.5057, 230.8486, 2069.561, 1622.639, 859.4091, 3489.79, 3410.591
11.7, 78.74524, 542.1319, 346.8913, 10.69786, 197.3167, 217.5747, 1963.482, 1537.147, 816.4579, 3517.671, 3335.317
11.8, 74.42, 597.0699, 326.7339, 10.05912, 188.5365, 205.0641, 1992.002, 1579.047, 775.6533, 3288.101, 3407.507
11.9, 70.33233, 567.324, 356.5675, 9.458521, 180.1471, 193.2728, 1975.277, 1510.204, 736.888, 3368.839, 3292.312
12, 73.31963, 539.06, 427.0134, 8.893782, 172.1309, 182.1595, 1874.031, 1633.548, 815.8317, 3233.668, 3120.393
12.1, 105.9793, 512.2042, 489.9674, 8.362761, 164.4715, 171.6852, 1987.376, 1547.482, 775.0584, 3200.515, 3139.359
12.2, 100.1582, 489.8075, 461.4959, 7.863447, 157.1529, 161.8132, 1885.51, 1465.95, 736.3229, 3094.567, 3108.594
12.3, 94.65677, 465.4054, 602.6423, 7.393944, 150.1599, 152.5089, 1788.865, 1473.902, 699.5232, 3082.059, 3079.915
12.4, 89.45756, 442.219, 694.9328, 6.952475, 143.4781, 143.7395, 1723.809, 1504.274, 752.4939, 2880.918, 2949.942
12.5, 84.54392, 420.1877, 706.7613, 6.537364, 137.0937, 135.4744, 1635.452, 1425.019, 787.5071, 2803.48, 3031.652
12.6, 79.90018, 399.254, 665.6921, 6.147038, 130.9933, 127.6846, 1556.497, 1448.609, 905.4624, 2698.777, 3013.297
12.7, 75.5115, 379.3633, 627.0095, 5.780017, 125.1645, 120.3427, 1476.717, 1372.286, 946.9247, 2774.604, 2855.948
12.8, 71.36388, 390.2458, 628.2116, 5.43491, 119.5949, 113.4229, 1589.611, 1327.337, 899.5997, 2593.528, 3109.453
12.9, 67.44408, 370.8038, 591.7069, 5.110408, 114.2732, 106.901, 1508.133, 1375.174, 854.6399, 2539.743, 2947.083
13, 63.73957, 352.3304, 557.3235, 4.805281, 109.1883, 100.7541, 1430.832, 1311.221, 890.7848, 2485.635, 2793.191
13.1, 60.23855, 334.7774, 524.938, 4.518373, 104.3297, 94.96072, 1357.492, 1354.941, 931.6611, 2564.314, 2647.336
13.2, 56.92983, 355.0778, 535.3484, 4.248594, 99.68725, 89.50043, 1292.27, 1283.554, 885.0989, 2396.962, 2509.096
13.3, 53.80285, 337.3879, 518.7226, 3.994924, 95.25139, 84.3541, 1412.769, 1215.927, 840.8638, 2419.03, 2450.714
13.4, 50.84762, 320.5793, 587.4365, 3.756399, 91.01292, 79.50369, 1420.144, 1151.864, 798.8395, 2261.159, 2631.381
13.5, 48.05471, 304.6081, 553.3012, 3.532116, 86.96304, 74.93219, 1447.504, 1170.959, 939.9846, 3273.527, 2933.467
13.6, 45.41521, 289.4326, 521.1495, 3.321224, 83.09338, 70.62355, 1373.31, 1151.195, 893.0063, 4399.962, 3008.062
13.7, 42.92069, 275.0131, 528.8839, 3.122924, 79.39592, 66.56266, 1379.512, 1090.542, 875.3174, 4710.239, 3149.131
13.8, 40.56318, 261.312, 503.5488, 2.936464, 75.86298, 62.73527, 1572.907, 1142.441, 831.5711, 5062.907, 3108.45
13.9, 67.59203, 248.2935, 474.2881, 2.761137, 72.48725, 59.12796, 1545.909, 1130.079, 815.9251, 5209.825, 3200.54
14, 96.69649, 235.9235, 446.7277, 2.596278, 69.26173, 55.72807, 1466.671, 1139.882, 817.3426, 5274.461, 3185.975
14.1, 91.38524, 224.1699, 485.3793, 2.441262, 66.17974, 52.52367, 1491.103, 1114.051, 991.2538, 5198.417, 3243.158
14.2, 86.36572, 213.0018, 457.1744, 2.295502, 63.23489, 49.50353, 1414.674, 1055.355, 1455.083, 5031.623, 3073.806
14.3, 81.62191, 263.6981, 430.6085, 2.158444, 60.42108, 46.65705, 1342.163, 1041.404, 1382.361, 5019.093, 2913.297
14.4, 77.13866, 310.3552, 405.5863, 2.02957, 57.73248, 308.4601, 1449.811, 986.5362, 1313.274, 4769.23, 2892.951
14.5, 72.90167, 294.8933, 406.5244, 1.908391, 55.16352, 432.7384, 1538.085, 1418.974, 1247.64, 4750.59, 3036.429
14.6, 68.8974, 280.2018, 807.9288, 1.794447, 52.70887, 461.6481, 1503.512, 2091.341, 1308.738, 4536.486, 3097.362
14.7, 65.11308, 271.9189, 931.788, 1.687306, 50.36344, 435.1031, 1737.732, 2140.986, 1539.043, 4635.674, 3014.439
14.8, 61.53661, 408.6922, 932.9969, 1.586562, 48.12239, 421.2741, 1648.661, 2416.471, 1462.125, 4380.259, 3006.728
14.9, 78.04741, 388.3312, 967.0504, 484.9695, 45.98105, 512.8443, 1582.242, 2348.269, 1389.051, 4360.103, 2937.736
15, 73.7605, 368.9846, 964.0773, 879.118, 43.935, 483.3555, 1501.142, 2252.325, 1401.569, 4284.781, 2784.333
15.1, 108.1217, 350.6019, 917.3937, 826.6285, 41.97999, 455.5623, 1489.622, 2774.467, 1331.522, 4354.243, 2776.95
15.2, 102.1829, 333.1349, 864.0849, 904.5825, 40.11198, 429.3672, 1521.45, 2970.914, 1288.579, 4216.192, 2828.265
15.3, 96.57026, 316.5382, 813.8738, 850.5727, 38.32709, 404.6784, 1443.466, 2885.925, 1224.179, 4147.366, 2680.578
15.4, 91.26595, 300.7683, 766.5805, 799.7876, 36.62162, 381.4091, 1510.021, 2834.466, 1434.542, 3951.447, 2747.875
15.5, 86.25298, 398.301, 822.3175, 752.0347, 34.99204, 359.4779, 1563.965, 2779.703, 1362.847, 3943.42, 2702.489
15.6, 81.51537, 556.8565, 774.5335, 738.033, 33.43497, 338.8077, 1549.308, 2782.127, 1294.735, 3686.065, 2761.946
15.7, 77.03797, 776.1786, 729.5262, 693.9673, 31.94719, 319.3261, 1469.896, 2635.546, 1346.78, 3557.2, 3212.475
15.8, 72.80651, 752.75, 743.7149, 655.9527, 30.52562, 300.9647, 1395.871, 2739.477, 1279.472, 3519.354, 3044.725
15.9, 68.80746, 715.2481, 700.4984, 740.9769, 29.16729, 283.659, 1324.747, 2595.143, 1215.527, 3475.635, 2994.754
16, 65.02808, 679.6146, 659.7932, 696.7354, 27.86942, 267.3485, 1294.624, 2576.311, 1154.777, 3432.671, 2838.373
16.1, 61.45628, 780.9362, 678.733, 724.4487, 26.62929, 251.9758, 1344.149, 2440.574, 1287.432, 3434.56, 2860.655
16.2, 58.08067, 930.3062, 951.279, 697.5931, 25.44435, 237.487, 1275.253, 2429.62, 1294.707, 3210.414, 2830.346
16.3, 54.89047, 883.9585, 896.0012, 655.942, 24.31213, 223.8314, 1238.001, 2534.442, 1397.106, 3258.187, 2787.898
16.4, 51.8755, 839.9199, 850.6121, 616.7777, 23.2303, 210.961, 1211.724, 2417.716, 1367.075, 3045.551, 2871.642
16.5, 70.22723, 883.7184, 975.3446, 579.9518, 22.1966, 198.8306, 1196.071, 2401.878, 1298.752, 2963.815, 2805.576
16.6, 66.36986, 839.6917, 918.6684, 612.696, 21.2089, 245.939, 1134.765, 2393.755, 1407.399, 2909.77, 2659.073
16.7, 62.72436, 797.8584, 865.2856, 576.1138, 20.26515, 231.7974, 1201.647, 2267.636, 1372.035, 2895.37, 2520.221
16.8, 59.2791, 779.7094, 815.0048, 541.7158, 19.3634, 219.3279, 1143.674, 2148.162, 1303.464, 2984.63, 2388.619
16.9, 56.02308, 740.8644, 767.6457, 509.3716, 18.50177, 218.3239, 1085.053, 2608.357, 1289.445, 2789.847, 2330.572
17, 52.9459, 703.9547, 723.0386, 481.2737, 17.67849, 205.7702, 1029.437, 2857.813, 1247.9, 2727.985, 2341.022
17.1, 50.03774, 669.8641, 775.5604, 452.5383, 16.89183, 193.9383, 976.6719, 3000.76, 1185.533, 2549.952, 2218.778
17.2, 47.28932, 636.4916, 789.8788, 425.5186, 16.14019, 182.7867, 926.6111, 2930.861, 1126.282, 2447.052, 2196.265
17.3, 44.69186, 604.7817, 743.9799, 461.5935, 15.42198, 172.2764, 879.1163, 2929.455, 1200.208, 2287.353, 2321.954
17.4, 42.23707, 574.6516, 700.748, 453.235, 14.73574, 162.3704, 834.0558, 2775.112, 1140.225, 2400.873, 2200.706
17.5, 39.91711, 568.9138, 660.0283, 426.1737, 14.08004, 153.034, 791.3051, 2906.818, 1171.422, 2244.187, 2244.952
17.6, 37.72459, 540.5705, 621.6747, 400.7282, 13.45351, 144.2345, 750.7456, 2753.667, 1112.877, 2194.821, 2127.724
17.7, 35.65249, 634.2776, 585.5499, 400.8062, 12.85485, 135.9409, 914.5037, 3416.041, 1057.259, 2476.999, 2462.912
17.8, 33.69421, 692.2514, 575.2606, 376.8753, 12.28284, 128.1242, 867.6295, 3390.007, 1004.419, 2487.168, 2704.369
17.9, 31.84348, 657.7636, 692.453, 364.131, 11.73628, 120.757, 823.1578, 3279.941, 954.2208, 2324.85, 2563.151
18, 30.09442, 742.902, 652.2153, 342.3898, 11.21405, 113.8134, 866.1653, 3234.417, 906.5311, 2367.519, 2650.194
18.1, 28.44142, 705.8907, 629.1807, 321.9467, 10.71505, 107.2691, 821.7687, 3510.253, 918.6694, 2456.156, 2511.805
18.2, 26.87922, 670.7234, 592.6197, 302.7243, 10.23825, 101.1011, 779.6478, 3821.769, 921.0823, 2295.863, 2593.52
18.3, 25.40282, 637.3081, 569.3868, 284.6496, 9.782672, 95.2877, 806.8336, 3674.249, 875.0488, 2146.03, 2458.09
18.4, 24.00752, 605.5575, 651.4834, 267.654, 9.347365, 89.8086, 779.6868, 3572.684, 873.2866, 2005.976, 2436.936
18.5, 22.68886, 575.3887, 613.6264, 251.6732, 8.931429, 84.64456, 739.7227, 3403.444, 866.9139, 2100.06, 2345.496
18.6, 21.44263, 552.7764, 1335.4, 236.6466, 8.534001, 79.77744, 701.8071, 3387.882, 943.834, 2094.005, 2494.774
18.7, 54.89784, 528.8214, 2053.485, 222.5171, 8.154257, 75.1902, 778.5986, 3270.524, 954.8495, 2069.798, 2435.041
18.8, 51.88247, 502.4756, 2037.808, 244.8579, 7.791411, 70.86671, 901.7703, 3206.354, 966.1738, 1934.719, 2352.303
18.9, 49.03272, 532.4197, 2172.584, 230.2382, 7.444711, 66.79184, 924.3569, 3211.536, 1161.207, 1808.455, 2291.561
19, 46.3395, 505.8947, 2106.642, 216.4914, 7.113438, 62.95127, 876.9777, 3121.975, 1103.172, 1690.432, 2369.688
19.1, 43.79422, 480.6911, 2019.852, 203.5653, 6.796906, 59.33154, 832.0269, 3103.917, 1048.039, 1717.108, 2300.897
19.2, 41.38873, 456.7432, 1990.176, 191.4111, 6.494459, 55.91994, 789.3801, 3004.549, 1102.446, 1656.395, 2257.286
19.3, 39.11538, 433.9883, 1874.529, 179.9825, 6.20547, 52.70451, 748.9193, 2883.882, 1082.369, 1607.352, 2242.875
19.4, 36.96688, 446.1718, 1858.057, 265.0717, 5.929341, 49.67398, 710.5323, 2833.759, 1028.275, 1549.148, 2125.756
19.5, 34.93641, 423.9436, 1796.291, 269.1566, 5.665499, 46.8177, 674.1129, 2839.808, 976.8842, 1555.378, 2115.69
19.6, 33.01745, 402.8228, 1718.811, 312.8258, 5.413397, 44.12566, 639.5602, 2753.841, 928.0619, 1499.306, 2039.323
19.7, 31.2039, 382.7543, 1618.932, 294.148, 5.172513, 41.58841, 606.7786, 2744.86, 881.6796, 1401.458, 1932.833
19.8, 29.48997, 363.6855, 1524.858, 276.5853, 4.942348, 39.19705, 575.6773, 2616.082, 1016.127, 1434.068, 1978.882
19.9, 27.87017, 345.5668, 1514.464, 322.8661, 4.722425, 36.9432, 546.1701, 2661.125, 1095.017, 1340.478, 1875.548
20, 26.33935, 328.3507, 1426.46, 303.5887, 4.512288, 34.81894, 605.6357, 2520.919, 1040.291, 1252.996, 2011.663
20.1, 24.89261, 314.3001, 1492.259, 285.4624, 4.311502, 32.81683, 574.5929, 2531.807, 988.2998, 1258.003, 1906.617
20.2, 23.52533, 298.6417, 1409.166, 268.4183, 4.119649, 30.92985, 584.1646, 2442.321, 938.9069, 1232.913, 1862.989
20.3, 22.23316, 299.3132, 1423.453, 252.3919, 3.936335, 29.15137, 554.2223, 2428.554, 891.9826, 1152.45, 1848.915
20.4, 21.01196, 284.4015, 1460.583, 237.3223, 3.761177, 27.47515, 525.8149, 2462.92, 928.1743, 1254.102, 1808.978
20.5, 19.85783, 366.3409, 1375.71, 223.1525, 3.593813, 25.89531, 577.2555, 2367.304, 1007.534, 1269.057, 1714.516
20.6, 18.7671, 443.0204, 1295.769, 209.8288, 3.433896, 24.40632, 581.1217, 2263.201, 957.1799, 1186.236, 1706.773
20.7, 17.73628, 420.9492, 1280.152, 197.3006, 3.281096, 23.00294, 594.3168, 2282.799, 909.3424, 1170.134, 1712.796
20.8, 16.76208, 408.3182, 1262.388, 185.5204, 3.135094, 21.68026, 585.991, 2346.939, 932.9648, 1185.867, 1745.31
20.9, 15.84139, 387.9759, 1257.795, 174.4435, 2.99559, 20.43363, 558.8162, 2223.287, 1046.917, 1108.475, 1948.444
21, 14.97127, 378.1134, 1296.998, 164.028, 2.862293, 19.25869, 530.1732, 2187.072, 1096.804, 1180.55, 1870.735
21.1, 14.14894, 417.5631, 1222.574, 154.2344, 2.734927, 18.1513, 502.9984, 2220.065, 1041.988, 1226.158, 2097.147
21.2, 13.37178, 428.1972, 1151.532, 145.0256, 2.613229, 17.10759, 523.3229, 2209.668, 1016.218, 1146.137, 1987.637
21.3, 12.63731, 406.8645, 1132.478, 136.3665, 2.496946, 16.1239, 529.735, 2219.941, 1107.672, 1237.443, 1963.643
21.4, 11.94318, 386.5946, 1110.326, 128.2245, 2.385838, 15.19677, 506.7383, 2102.979, 1052.313, 1275.55, 1882.362
21.5, 11.28718, 384.725, 1193.611, 120.5686, 2.279674, 14.32294, 480.7647, 1992.18, 999.7211, 1192.305, 1909.337
21.6, 10.66721, 365.558, 1145.805, 113.3698, 2.178233, 13.49937, 497.2002, 1887.219, 1110.09, 1460.188, 2505.679
21.7, 10.08129, 375.5547, 1079.223, 106.6009, 2.081307, 12.72315, 471.7155, 1894.033, 1054.61, 1681.445, 3164.483
21.8, 9.527555, 356.8446, 1016.511, 100.2361, 1.988693, 11.99156, 632.3842, 1873.288, 1110.122, 1640.531, 3136.86
21.9, 9.004235, 339.0667, 959.0835, 94.25127, 1.900201, 11.30204, 599.9704, 1982.235, 1054.64, 1533.467, 3035.468
22, 8.50966, 322.1744, 903.3522, 88.62381, 1.815646, 10.65216, 798.0663, 2071.293, 1001.932, 1490.552, 2996.187
22.1, 69.36478, 341.5275, 850.8594, 83.33235, 15.96114, 10.03966, 757.1602, 2162.13, 951.8578, 1512.791, 3161.039
22.2, 65.55478, 324.5126, 801.4169, 79.03294, 15.2509, 9.462373, 718.3508, 2213.059, 1009.062, 1493.679, 3132.975
22.3, 61.95405, 308.3454, 774.2799, 74.31413, 14.57227, 8.918282, 761.6034, 2096.46, 958.6317, 1513.228, 3120.8
22.4, 58.5511, 376.7639, 729.2874, 69.87707, 13.92384, 8.405476, 722.5663, 2053.087, 910.7215, 1414.472, 2957.837
22.5, 55.33506, 357.9936, 888.2459, 65.70493, 13.30426, 7.922156, 685.5301, 2085.678, 865.2058, 1413.86, 2896.234
22.6, 132.5658, 340.1584, 879.8257, 61.78189, 16.89566, 7.466628, 650.3922, 2030.895, 821.9649, 1425.518, 2879.277
22.7, 125.2843, 323.2118, 895.339, 58.09308, 16.14384, 7.037292, 617.0554, 1923.894, 942.4421, 1442.573, 2728.927
22.8, 118.4028, 307.1094, 855.5049, 54.62452, 15.42548, 6.632644, 633.5176, 1901.315, 895.3411, 1471.825, 2586.427
22.9, 125.3575, 291.8093, 818.6187, 51.36306, 14.73908, 6.251264, 601.0458, 1910.933, 850.5941, 1375.771, 2661.119
23, 118.472, 310.4246, 771.0497, 76.35976, 14.08322, 5.891812, 570.2382, 2348.26, 808.0834, 1285.986, 2726.608
23.1, 111.9647, 294.9593, 764.4573, 71.80055, 13.45655, 5.55303, 541.0099, 2271.32, 767.6974, 1304.838, 2584.229
23.2, 105.8148, 393.0678, 720.0355, 67.51357, 12.85777, 5.233727, 513.2796, 2151.652, 729.3297, 1331.285, 2506.38
23.3, 100.0027, 373.4853, 678.1949, 63.48254, 12.28562, 4.932786, 498.3302, 2172.413, 692.8796, 1293.25, 2375.501
23.4, 94.50985, 354.8783, 638.7858, 62.5743, 11.73894, 4.649148, 547.612, 2283.049, 658.251, 1349.233, 2360.349
23.5, 89.31871, 337.1983, 601.6666, 58.83818, 11.21659, 4.381819, 570.8032, 2285.713, 625.3533, 1323.618, 2281.562
23.6, 84.4127, 342.4102, 566.7044, 55.32514, 10.71747, 4.129862, 718.6043, 2173.385, 594.0996, 1267.218, 2256.018
23.7, 79.77617, 325.3513, 533.7738, 52.02184, 10.24057, 3.892393, 744.3975, 2106.674, 564.408, 1425.78, 2220.647
23.8, 75.3943, 309.1424, 510.3332, 48.91578, 9.784886, 3.668578, 706.2423, 1995.68, 536.2002, 1332.73, 2381.86
23.9, 71.25312, 293.741, 480.6783, 45.99517, 9.349482, 3.457633, 733.9107, 1922.703, 509.4022, 1288.879, 2257.483
24, 67.3394, 279.1069, 452.7466, 43.24894, 8.933451, 3.258817, 827.8942, 1935.551, 483.9435, 1281.211, 2139.601
24.1, 63.64065, 265.2018, 426.438, 78.22035, 8.535933, 3.071433, 785.4592, 1833.573, 459.7571, 1242.044, 2126.662
24.2, 60.14506, 251.9895, 401.6581, 168.5663, 8.156103, 2.894824, 745.1993, 1986.826, 436.7796, 1223.98, 2015.611
24.3, 56.84147, 239.4354, 378.3182, 158.5017, 7.793175, 2.72837, 707.0031, 2137.251, 516.0736, 1144.101, 2102.943
24.4, 53.71934, 227.5068, 356.3345, 149.038, 7.446396, 2.571487, 670.7646, 2157.563, 574.1388, 1329.999, 1993.13
24.5, 50.7687, 216.1724, 335.6283, 140.1394, 7.115048, 2.423625, 636.3835, 2232.277, 545.4447, 1243.2, 1889.052
24.6, 47.98013, 205.4028, 316.1253, 131.7721, 6.798445, 2.284266, 603.7647, 2114.666, 518.1847, 1162.067, 1863.334
24.7, 45.34473, 249.5008, 297.7556, 123.9044, 6.49593, 2.152919, 572.8179, 2003.251, 492.287, 1086.228, 1766.034
24.8, 42.85408, 237.0707, 378.315, 116.5065, 6.206876, 2.029125, 543.4572, 1986.393, 467.6837, 1015.339, 1796.165
24.9, 40.50023, 225.2599, 356.3315, 109.5502, 5.930684, 1.912449, 515.6015, 1881.737, 444.31, 1161.867, 1702.372
25, 38.27568, 214.0375, 335.6255, 164.9874, 5.666782, 1.802482, 489.1736, 1799.134, 422.1045, 1086.042, 1613.477
25.1, 36.17331, 203.3742, 316.1226, 155.1365, 5.414623, 1.698839, 464.1003, 2028.294, 498.2533, 1015.165, 1529.224
25.2, 34.18642, 193.2421, 308.5444, 145.8738, 5.173685, 1.601155, 440.3121, 1950.127, 572.0922, 948.9131, 1784.126
25.3, 32.30866, 183.6148, 312.3917, 137.1641, 4.943468, 1.509087, 425.3039, 1997.484, 543.5003, 886.9853, 1927.379
25.4, 30.53404, 174.4671, 294.2389, 128.9745, 4.723495, 1.422314, 427.3743, 1892.244, 516.3375, 1033.076, 1826.735
25.5, 28.8569, 203.7608, 277.141, 121.2738, 4.51331, 1.34053, 405.4685, 2168.737, 490.5322, 1024.418, 1863.696
25.6, 27.27188, 193.6094, 265.4647, 114.0329, 4.312478, 1.263449, 384.6857, 2531.737, 466.0166, 957.5623, 1865.296
25.7, 25.77391, 183.9639, 250.0388, 107.2244, 4.120583, 1.1908, 364.968, 2398.348, 442.7262, 1016.656, 1767.893
25.8, 24.35823, 174.7988, 259.2463, 100.8223, 79.8478, 1.122328, 469.1979, 2572.953, 420.5998, 1082.273, 1871.162
25.9, 156.8672, 310.9827, 244.1818, 94.80254, 76.29475, 1.057794, 445.1485, 3471.861, 399.5792, 1011.642, 1936.441
26, 148.251, 448.959, 229.9926, 89.14217, 72.89982, 0.9969701, 648.8264, 4252.884, 379.6092, 994.0023, 1894.964
26.1, 148.9734, 987.277, 259.7684, 83.81977, 69.65594, 0.9396437, 615.5698, 4770.561, 360.6372, 1013.839, 1796.012
26.2, 140.7908, 986.7142, 244.6736, 138.0166, 66.5564, 0.8856137, 719.9518, 4879.157, 426.7773, 947.6738, 1838.614
26.3, 133.0575, 1126.876, 230.4559, 181.6124, 63.5948, 0.8346905, 683.0497, 4694.24, 405.4481, 946.8499, 1869.867
26.4, 125.7491, 1216.555, 217.0643, 170.7689, 60.76497, 0.7866952, 677.2557, 4567.27, 385.1847, 885.0566, 1772.226
26.5, 178.5073, 1155.946, 204.4509, 160.5728, 58.06107, 0.7414599, 642.5419, 4567.613, 621.8806, 981.4252, 1828.742
26.6, 168.7024, 1098.357, 192.5705, 150.9855, 55.47749, 0.6988255, 609.6075, 4510.068, 590.8005, 917.3755, 1733.248
26.7, 159.4361, 1043.637, 270.5282, 141.9706, 53.00887, 0.6586427, 578.3613, 4272.448, 561.2737, 857.5058, 1642.741
26.8, 171.3815, 991.6435, 254.8081, 133.494, 50.65009, 0.6207704, 548.7165, 4119.013, 533.2226, 801.5433, 1729.451
26.9, 184.4378, 942.24, 240.0014, 125.5235, 48.39628, 0.5850758, 520.5912, 4107.064, 506.5734, 749.2331, 1682.071
27, 174.3072, 895.2977, 226.0552, 118.0288, 46.24275, 0.5514336, 493.9076, 3900.756, 481.2561, 700.3367, 1633.046
27.1, 231.3832, 1044.754, 212.9194, 110.9817, 44.18506, 0.5197259, 644.3581, 3695.238, 586.3087, 654.6314, 1635.259
27.2, 218.674, 992.7046, 200.5469, 104.3553, 42.21892, 0.4898414, 611.3306, 3606.752, 657.511, 611.9089, 1685.232
27.3, 206.6629, 943.2482, 188.8933, 98.12459, 40.34027, 0.4616752, 593.609, 3576.394, 682.7575, 713.3992, 1672.882
27.4, 195.3115, 896.2557, 221.8392, 92.26587, 38.54523, 0.4351286, 563.1827, 3551.15, 678.1312, 666.8414, 1653.369
27.5, 184.5837, 851.6044, 208.9484, 86.75696, 36.83006, 0.4101085, 593.8036, 3567.48, 714.0018, 737.4771, 1567.032
27.6, 174.445, 854.6351, 196.8066, 81.57697, 35.1912, 0.386527, 655.1536, 3512.14, 698.2213, 801.3729, 1485.204
27.7, 164.8633, 970.4218, 185.3704, 76.70625, 33.62527, 0.3643015, 718.7046, 3327.097, 663.3259, 749.0739, 1490.135
27.8, 155.8078, 992.6586, 174.5987, 178.201, 32.12902, 0.343354, 714.1125, 3332.356, 806.4528, 700.1879, 1484.347
27.9, 147.2498, 1155.875, 164.453, 167.5612, 30.69936, 0.3236109, 677.5096, 3376.252, 823.2209, 654.4922, 1406.837
28, 139.1618, 1178.747, 154.8968, 157.5566, 29.3333, 0.3050031, 642.7829, 3198.369, 782.0783, 611.7789, 1333.375
28.1, 131.5181, 1121.092, 145.8959, 148.1494, 28.02804, 0.2874653, 609.8361, 3133.891, 742.9919, 571.853, 1401.289
28.2, 124.2942, 1065.24, 137.4181, 139.3038, 26.78086, 0.2709359, 684.6057, 3058.087, 705.8589, 534.5328, 1328.116
28.3, 117.4671, 1012.17, 129.4328, 163.3667, 25.58917, 0.2553569, 762.284, 3067.936, 796.4616, 633.9706, 1258.764
28.4, 111.015, 1040.87, 121.9116, 154.7287, 24.45051, 0.2406737, 723.212, 2958.432, 756.6564, 658.7623, 1371.417
28.5, 104.9172, 993.7159, 135.1562, 145.4903, 23.36252, 0.2268349, 686.1427, 2857.246, 718.8405, 615.7703, 1299.804
28.6, 99.15446, 944.2092, 178.7056, 136.8035, 22.32294, 0.2137917, 650.9734, 2924.723, 765.7338, 575.5839, 1231.93
28.7, 93.7082, 954.5386, 256.5138, 128.6354, 21.32962, 0.2014986, 617.6068, 2839.196, 727.4642, 538.0202, 1167.601
28.8, 88.56109, 906.9836, 251.373, 120.955, 20.3805, 0.1899123, 585.9505, 2855.739, 691.1073, 675.6925, 1637.21
28.9, 83.69669, 861.7979, 236.766, 113.7331, 19.47361, 0.1789923, 555.9167, 2705.279, 656.5674, 783.4657, 2068.701
29, 79.09949, 818.8633, 223.0078, 106.9425, 18.60708, 0.1687001, 631.9269, 2562.747, 623.7538, 774.4802, 1960.677
29.1, 74.75479, 778.0676, 210.049, 100.5573, 17.77911, 0.1589998, 633.3043, 2551.315, 592.58, 787.9962, 1858.293
29.2, 70.64874, 739.3044, 197.8433, 94.55328, 16.98798, 0.1498572, 600.8433, 2571.256, 562.9643, 941.1246, 1761.257
29.3, 66.76821, 702.4724, 186.3468, 88.9078, 16.23205, 0.1412403, 570.0462, 2435.785, 534.8287, 955.1177, 1839.76
29.4, 63.10083, 671.1242, 175.5184, 114.5567, 15.50976, 0.1331189, 540.8276, 2469.756, 508.0993, 892.7849, 1839.662
29.5, 59.6349, 637.689, 165.3192, 107.7169, 14.81961, 0.1254645, 513.1068, 2452.086, 651.9689, 834.5201, 1743.598
29.6, 56.35933, 681.5611, 155.7127, 101.2854, 14.16017, 0.1182503, 486.8067, 2381.835, 700.0053, 949.2549, 1692.218
29.7, 53.26368, 647.6058, 197.8526, 95.238, 13.53008, 0.1114508, 461.8547, 2415.84, 665.0207, 1180.381, 1814.78
29.8, 50.33807, 680.4793, 186.3556, 89.55163, 12.92802, 0.1050423, 438.1816, 2356.189, 834.2493, 1103.347, 1798.124
29.9, 70.50094, 646.578, 178.0757, 84.20477, 12.35275, 0.09900232, 640.6982, 2493.834, 792.5555, 1031.341, 1704.229
30, 223.6266, 1206.345, 191.2685, 79.17716, 11.80308, 0.09330963, 663.5135, 3027.187, 1020.853, 964.0333, 1750.351
30.1, 211.3434, 1630.922, 180.1541, 139.1493, 11.27787, 0.08794428, 645.1429, 3056.614, 1018.247, 901.1187, 1658.951
30.2, 199.735, 1734.646, 225.3321, 130.8411, 10.77603, 0.08288743, 612.0753, 3070.57, 1186.225, 842.3099, 1572.323
30.3, 200.1655, 2040.583, 212.2383, 123.029, 10.29652, 0.07812136, 891.491, 3187.613, 1150.804, 787.3392, 1590.595
30.4, 194.7773, 2904.446, 199.9054, 115.6833, 9.838352, 0.07362934, 845.7963, 3124.706, 1093.289, 735.9559, 1529.012
30.5, 184.0787, 3450.927, 248.9124, 108.7762, 9.400568, 0.06939562, 802.4437, 3034.395, 1128.192, 687.926, 1592.488
30.6, 173.9678, 3279.002, 234.4484, 102.2815, 8.982264, 0.06540533, 761.3133, 2998.167, 1071.807, 643.0306, 1509.331
30.7, 164.4123, 3241.844, 265.5629, 96.17459, 8.582574, 0.06164449, 782.7403, 2840.204, 1018.241, 601.0652, 1430.516
30.8, 155.3817, 3215.564, 250.1313, 90.4323, 8.200668, 0.0580999, 742.6198, 2827.88, 1147.829, 561.8386, 1355.817
30.9, 146.847, 3395.185, 310.1529, 85.03287, 7.835758, 0.05475912, 704.5557, 2678.888, 1107.461, 525.1719, 1285.019
31, 138.7811, 3226.037, 292.1302, 79.95582, 7.487084, 0.05161044, 668.4426, 2749.828, 1168.474, 490.8982, 1361.969
31.1, 131.1583, 3125.312, 275.1549, 75.1819, 7.153926, 0.04864282, 634.1806, 2839.628, 1110.076, 458.8613, 1337.576
31.2, 123.9542, 3197.598, 259.1659, 70.69302, 6.835593, 0.04584583, 601.6747, 2710.176, 1054.597, 428.9151, 1330.673
31.3, 117.1457, 3038.294, 280.4587, 66.47215, 6.531425, 0.04320966, 570.835, 2691.768, 1001.891, 400.9233, 1307.264
31.4, 110.7113, 2947.783, 264.1616, 62.5033, 6.240791, 0.04072509, 541.5761, 2792.208, 951.819, 374.7583, 1239
31.5, 104.6302, 2800.925, 248.8114, 58.77142, 5.96309, 0.03838338, 513.8168, 2645.096, 904.2494, 350.3008, 1174.302
31.6, 98.88322, 2834.925, 234.3533, 55.26236, 5.697746, 0.03617631, 487.4804, 2563.537, 859.0572, 327.4395, 1233.199
31.7, 93.45186, 2695.962, 220.7353, 51.96282, 5.44421, 0.03409616, 462.4938, 2456.035, 816.1236, 306.0702, 1168.804
31.8, 88.31883, 2708.429, 207.9086, 48.86028, 5.201954, 0.03213561, 438.788, 2421.373, 775.3357, 286.0955, 1107.771
31.9, 83.46774, 2619.001, 195.8272, 45.94298, 4.970479, 0.03028779, 416.2973, 2359.849, 736.5862, 267.4243, 1049.925
32, 78.88311, 2488.522, 184.4479, 43.19987, 4.749304, 0.02854623, 394.9594, 2373.589, 801.041, 249.9717, 995.0997
32.1, 74.5503, 2478.657, 233.072, 40.62054, 4.537971, 0.0269048, 439.6546, 2248.532, 854.1147, 233.6581, 1197.983
32.2, 70.45547, 2428.828, 219.5284, 38.19521, 4.336041, 0.02535776, 417.1194, 2345.021, 811.4282, 218.4091, 1135.427
32.3, 66.58557, 2361.814, 206.7719, 35.91469, 4.143097, 0.02389968, 395.7393, 2313.527, 770.8749, 204.1553, 1076.137
32.4, 62.92823, 2452.718, 194.7566, 33.77034, 3.958739, 0.02252544, 389.9179, 2191.635, 732.3484, 569.9608, 1168.063
32.5, 59.47177, 2537.333, 183.4395, 31.75401, 3.782584, 0.02123021, 428.883, 2284.166, 842.376, 654.53, 1417.535
32.6, 56.20516, 3258.889, 172.78, 29.85808, 3.614268, 0.02000946, 451.1988, 2386.718, 931.9043, 611.8141, 1488.302
32.7, 53.11798, 3671.65, 162.74, 28.07534, 3.453441, 0.01885891, 428.072, 2372.732, 885.33, 571.886, 1410.586
32.8, 50.20037, 3605.183, 153.2833, 26.39905, 3.299771, 0.01777451, 406.1305, 2263.738, 841.0833, 631.3108, 1515.915
32.9, 51.9475, 3718.158, 144.3762, 24.82285, 3.152938, 0.01675246, 385.3137, 2212.019, 799.048, 704.7751, 1436.756
33, 49.09418, 3646.989, 135.9866, 23.34075, 3.01264, 0.01578919, 365.5638, 2189.408, 846.1808, 658.7802, 1361.731
33.1, 46.39758, 3493.118, 128.0846, 21.94715, 2.878584, 0.0148813, 346.8263, 2074.055, 1065.932, 615.7869, 1431.496
33.2, 43.8491, 3403.469, 120.6418, 20.63675, 2.750494, 0.01402562, 329.0492, 1964.78, 1012.66, 575.5995, 1438.727
33.3, 104.6013, 3233.908, 113.6314, 19.40459, 2.628103, 0.01321914, 312.1833, 1876.071, 962.0493, 538.0348, 1363.599
33.4, 98.8559, 3301.445, 107.0284, 18.246, 2.511158, 0.01245903, 296.1819, 1881.728, 913.9683, 633.7496, 1292.395
33.5, 93.42604, 3136.967, 100.8091, 17.15659, 2.399418, 0.01174263, 281.0006, 1790.678, 868.2904, 623.4688, 1317.896
33.6, 88.29443, 3129.921, 94.95118, 16.13222, 2.292649, 0.01106742, 266.5975, 1710.832, 893.1581, 736.345, 1382.862
33.7, 113.1366, 2973.989, 89.43367, 15.16902, 2.190631, 0.01043104, 252.9327, 1655.136, 869.3422, 688.2897, 1436.466
33.8, 153.1591, 2975.153, 84.23678, 14.26332, 2.093153, 0.009831251, 239.9682, 1711.321, 928.7585, 696.6317, 1518.728
33.9, 144.7466, 2849.218, 79.34187, 13.4117, 2.000012, 0.009265948, 261.5082, 1683.735, 882.3414, 651.1682, 1439.423
34, 136.7961, 2919.744, 74.7314, 12.61093, 1.911016, 0.008733151, 248.1042, 1606.766, 838.2441, 749.7812, 1364.259
34.1, 129.2823, 2775.027, 70.38884, 11.85797, 1.825981, 0.008230991, 235.3873, 1610.186, 796.3506, 700.8491, 1293.019
34.2, 135.2842, 2636.776, 66.29862, 11.14997, 1.744729, 0.007757704, 300.8699, 1525.35, 756.551, 1351.685, 1365.099
34.3, 127.8535, 2505.412, 62.44608, 10.48424, 1.667092, 0.007311632, 367.2732, 1512.432, 826.0332, 2226.175, 1748.27
34.4, 120.8308, 2587.671, 58.81741, 9.858257, 1.59291, 0.006891209, 348.4481, 1577.601, 784.7501, 2461.01, 1746.016
34.5, 114.194, 2604.916, 55.39959, 9.269651, 1.522029, 0.006494961, 330.5878, 1562.141, 745.5302, 2300.4, 1776.443
34.6, 107.9216, 2475.14, 52.18038, 8.716189, 1.454302, 0.006121497, 362.0025, 1629.763, 739.8509, 2429.105, 1683.68
34.7, 101.9938, 2351.829, 49.14823, 8.195772, 1.389589, 0.005769507, 467.4826, 1713.884, 794.0441, 2411.745, 1595.761
34.8, 96.39162, 2415.996, 46.29228, 7.706428, 1.327756, 0.005437758, 443.5211, 1623.585, 754.3597, 2456.711, 1630.678
34.9, 91.09712, 2380.331, 43.60229, 7.246301, 1.268674, 0.005125084, 420.7878, 1611.885, 716.6586, 2336.214, 1545.527
35, 86.09343, 2433.291, 41.0686, 6.813646, 1.21222, 0.004830389, 443.1693, 1526.96, 680.8417, 2183.748, 1464.822
35.1, 81.36458, 2312.065, 38.68215, 6.406825, 1.158279, 0.004552639, 446.5056, 1446.509, 742.1401, 2309.158, 1388.331
35.2, 76.89547, 2362.277, 36.88894, 6.024293, 1.106739, 0.00429086, 447.21, 1370.297, 705.0497, 2200.324, 1315.835
35.3, 72.67183, 2286.887, 82.08651, 5.664601, 1.057491, 0.004044133, 424.2876, 1427.84, 808.0698, 2056.726, 1399.209
35.4, 68.68018, 2247.901, 100.5811, 5.326385, 1.010435, 0.003811593, 402.5401, 1453.603, 767.6844, 2189.937, 1326.145
35.5, 64.90779, 2153.441, 100.4774, 5.008363, 0.9654732, 0.003592424, 385.8351, 1390.563, 729.3174, 2274.992, 1256.896
35.6, 61.3426, 2189.547, 94.63878, 4.709329, 0.9225118, 0.003385858, 366.0585, 1368.709, 716.1722, 2240.785, 1332.379
35.7, 57.97324, 2080.464, 106.6966, 4.428149, 0.8814622, 0.003191169, 347.2957, 1462.42, 869.0459, 2094.548, 1296.104
35.8, 54.78894, 2142.856, 100.4966, 4.163758, 0.8422391, 0.003007675, 329.4945, 1385.37, 825.6131, 2111.059, 1277.164
35.9, 54.94484, 2046.779, 94.65681, 3.915153, 0.8047614, 0.002834732, 312.6058, 1355.63, 784.351, 1973.287, 1393.032
36, 51.92688, 2132.974, 89.15641, 3.681391, 0.7689513, 0.002671734, 296.5827, 1284.206, 745.151, 1844.507, 1498.012
36.1, 49.07469, 2026.71, 83.97562, 3.461587, 0.7347347, 0.002518108, 368.2881, 1409.06, 707.9102, 1932.255, 1535.372
36.2, 46.37917, 1963.119, 79.09589, 3.254906, 0.7020407, 0.002373315, 427.2265, 1548.471, 672.5305, 2046.154, 1684.678
36.3, 43.8317, 1969.296, 90.21342, 3.060565, 0.6708015, 0.002236848, 405.3283, 2157.202, 638.9191, 1995.638, 1859.391
36.4, 41.42416, 1871.186, 84.97121, 2.877829, 0.6409523, 0.002108228, 486.9176, 2355.466, 606.9874, 1912.974, 2028.912
36.5, 39.14885, 1834.391, 80.03363, 2.706002, 0.6124314, 0.001987004, 507.7666, 2570.593, 576.6517, 1903.345, 1983.284
36.6, 36.99852, 1743.002, 75.38297, 2.544435, 0.5851796, 0.00187275, 481.7403, 2723.673, 547.832, 1866.287, 2030.268
36.7, 34.9663, 1874.586, 71.00254, 2.392515, 0.5591404, 0.001765066, 457.0479, 2580.172, 520.4527, 1744.49, 1924.251
36.8, 33.04571, 2101.049, 66.87666, 2.249665, 0.53426, 0.001663574, 433.6213, 2738.212, 494.4417, 1788.399, 1823.77
36.9, 31.23061, 2584.39, 62.99052, 2.115345, 0.5104867, 0.001567917, 453.5914, 2593.945, 469.7307, 1671.684, 1728.536
37, 29.51521, 2624.768, 59.33021, 1.989044, 0.4877712, 0.001477761, 430.3419, 2708.528, 446.2547, 2191.678, 1767.927
37.1, 27.89403, 2494.003, 55.8826, 1.870284, 0.4660664, 0.001392789, 1136.327, 2565.825, 423.952, 3337.756, 2043.765
37.2, 26.36189, 2538.935, 88.88072, 1.758615, 0.4453276, 0.001312703, 1280.85, 2513.393, 560.1228, 4006.942, 2052.76
37.3, 24.91391, 2433.717, 83.71596, 1.653614, 0.4255115, 0.001237222, 1215.198, 2520.122, 532.1292, 3916.438, 2207.013
37.4, 135.4473, 2431.936, 177.1951, 1.554882, 0.4065772, 0.001166081, 1152.911, 2480.734, 505.5347, 3857.379, 2255.196
37.5, 250.9709, 2408.217, 371.5358, 1.462044, 0.3884854, 0.001099031, 1380.91, 2448.781, 480.2693, 4268.434, 2296.683
37.6, 237.1859, 2447.183, 758.2637, 1.37475, 0.3711987, 0.001035836, 1371.36, 2319.763, 456.2665, 4969.091, 2615.219
37.7, 290.7517, 2420.498, 765.7503, 1.292668, 0.3546812, 0.0009762747, 1693.855, 2293.829, 433.4634, 5391.856, 2861.051
37.8, 338.4926, 2320.738, 721.2534, 1.215487, 0.3388987, 0.0009201384, 1669.318, 2261.061, 411.8, 5480.129, 2711.652
37.9, 319.9003, 2205.119, 679.3421, 1.142914, 0.3238185, 0.0008672299, 1583.754, 2253.441, 391.2192, 5236.248, 2906.94
38, 302.4967, 2743.811, 742.9191, 1.074674, 0.3094093, 0.0008173637, 1502.577, 2274.784, 452.5981, 5082.031, 3032.866
38.1, 285.8815, 2803.246, 701.1494, 1.010508, 0.2956413, 0.0007703649, 1500.575, 2244.487, 666.3989, 5079.438, 2874.495
38.2, 270.1789, 2663.589, 660.4063, 0.9501741, 0.282486, 0.0007260685, 1423.661, 2182.233, 633.0939, 4973.153, 2724.394
38.3, 255.3388, 2775.168, 622.0308, 0.8934421, 0.269916, 0.0006843191, 1482.179, 2184.481, 601.4534, 4765.831, 2749.23
38.4, 241.3138, 2764.567, 612.6817, 0.8400974, 0.2579053, 0.0006449704, 1406.208, 2069.388, 649.938, 4634.919, 2823.044
38.5, 228.0591, 2626.837, 594.8873, 0.7899378, 0.2464291, 0.0006078843, 1349.577, 1960.359, 617.4557, 4516.071, 2675.63
38.6, 215.5325, 2673.215, 560.319, 0.7427731, 0.2354636, 0.0005729306, 1775.602, 1980.912, 586.5967, 4328.908, 2535.913
38.7, 203.694, 2540.036, 612.2065, 0.6984243, 0.224986, 0.0005399868, 1684.591, 1876.544, 557.28, 4046.395, 2403.492
38.8, 192.5057, 2460.504, 576.6318, 0.6567236, 0.2149746, 0.0005089372, 1743.822, 1859.055, 911.5337, 4170.369, 2277.986
38.9, 181.9319, 2558.922, 543.1244, 0.6175126, 0.2054088, 0.0004796731, 1664.945, 1875.104, 1115.627, 4026.239, 2405.168
39, 171.939, 2739.425, 511.564, 0.5806429, 0.1962685, 0.0004520916, 1579.606, 1776.311, 1361.373, 4004.594, 2279.574
39.1, 162.4949, 2691.133, 583.5719, 0.5459745, 0.187535, 0.0004260961, 1516.385, 1800.757, 1395.222, 3812.722, 2247.233
39.2, 153.5695, 2557.061, 549.6611, 0.5133761, 0.1791901, 0.0004015953, 1565.462, 1705.881, 1402.243, 3626.047, 2172.021
39.3, 145.1344, 2429.669, 517.7209, 0.482724, 0.1712166, 0.0003785034, 1485.222, 1969.722, 1411.587, 3569.071, 2165.363
39.4, 137.1626, 2389.843, 487.6367, 0.453902, 0.1635979, 0.0003567392, 1476.754, 1865.943, 1341.039, 3336.146, 2140.737
39.5, 129.6287, 2409.182, 459.3007, 0.4268009, 0.1563181, 0.0003362266, 1472.463, 1843.167, 1316.176, 3292.61, 2028.951
39.6, 122.5086, 2296.697, 432.6112, 0.4013179, 0.1493623, 0.0003168934, 1396.99, 1746.057, 1250.397, 3385.04, 1923.003
39.7, 115.7795, 2330.673, 440.2516, 0.3773564, 0.142716, 0.0002986718, 1325.385, 1654.063, 1187.905, 3164.126, 2105.071
39.8, 109.4201, 2214.56, 414.6691, 0.3548256, 0.1363655, 0.000281498, 1257.451, 1607.094, 1128.536, 2957.629, 1995.147
39.9, 103.41, 2104.231, 390.5731, 0.3336401, 0.1302975, 0.0002653117, 1192.998, 1522.421, 1175.635, 2764.609, 1890.964
40, 97.73, 2067.68, 367.8773, 0.3137195, 0.1244996, 0.0002500562, 1131.849, 1649.601, 1116.88, 2897.36, 1792.221
40.1, 92.36199, 2151.953, 346.5004, 0.2949882, 0.1189597, 0.0002356778, 1073.835, 1595.999, 1061.061, 2846.824, 1836.306
40.2, 87.28883, 2044.743, 445.7146, 0.2773754, 0.1136662, 0.0002221262, 1018.794, 1631.703, 1008.031, 2756.847, 1836.409
40.3, 82.49432, 1942.874, 419.8146, 0.2608142, 0.1086083, 0.0002093538, 1031.005, 1545.734, 957.6523, 2576.93, 1740.514
40.4, 77.96315, 1916.871, 470.1761, 0.2452417, 0.1037755, 0.0001973159, 1058.282, 1464.295, 909.7912, 2507.266, 1753.576
40.5, 73.68087, 1821.373, 442.8546, 0.2305991, 0.09915774, 0.0001859701, 1004.038, 1527.406, 864.322, 2402.417, 1771.469
40.6, 69.6338, 1865.682, 417.1208, 35.12606, 0.09474544, 0.0001752767, 952.5744, 1446.932, 961.6072, 2491.364, 1678.966
40.7, 65.80903, 1880.918, 410.6112, 33.02879, 0.09052948, 0.0001651982, 1072.075, 1370.698, 913.5484, 2328.773, 1710.439
40.8, 115.8204, 1874.105, 386.751, 376.2491, 0.08650113, 0.0001556992, 1017.124, 1574.134, 928.7664, 2322.234, 1621.123
40.9, 792.2856, 1780.738, 364.2773, 943.7408, 0.08265202, 0.0001467464, 964.9902, 1739.095, 1030.936, 2170.681, 1576.654
41, 1044.469, 1692.022, 343.1096, 955.074, 0.07897419, 0.0001383084, 915.5282, 1808.744, 1045.643, 2029.018, 1517.413
41.1, 1145.146, 1732.871, 323.1718, 1064.232, 0.07546002, 0.0001303556, 868.6014, 1713.447, 1334.063, 1985.616, 1572.381
41.2, 1082.246, 2271.332, 304.3927, 1000.69, 0.07210223, 0.0001228601, 824.08, 1781.182, 1485.54, 1906.629, 1490.274
41.3, 1085.147, 3657.788, 286.7047, 940.942, 0.06889384, 0.0001157956, 887.5046, 1893.7, 1411.296, 1903.035, 1412.455
41.4, 1025.543, 3675.475, 270.0446, 884.7612, 0.06582822, 0.0001091373, 877.0313, 1874.49, 1340.763, 1778.84, 1504.854
41.5, 1001.281, 3492.364, 254.3526, 860.3005, 0.06289901, 0.0001028618, 832.0778, 1830.235, 1423.549, 1790.357, 1426.273
41.6, 946.2841, 3557.972, 239.5725, 841.5433, 0.06010015, 9.694722e-05, 789.4284, 1881.838, 1504.356, 1704.706, 1351.796
41.7, 894.3076, 3581.759, 225.6512, 791.2973, 0.05742583, 9.137271e-05, 748.9651, 1782.69, 1429.172, 1646.912, 1358.869
41.8, 845.1859, 3474.782, 212.5388, 762.3275, 0.0548705, 8.611872e-05, 710.5758, 1810.589, 1433.802, 1539.432, 1287.911
41.9, 821.6462, 3389.734, 200.1884, 716.8112, 0.05242889, 8.116685e-05, 743.1362, 1785.104, 1445.3, 1438.965, 1340.174
42, 776.5156, 3240.796, 188.5557, 674.0126, 0.05009592, 7.649972e-05, 787.42, 1691.052, 1412.555, 1857.181, 1270.193
42.1, 733.864, 3224.128, 177.5989, 633.7694, 0.04786677, 7.210094e-05, 839.5791, 1601.957, 1341.958, 2187.65, 1387.484
42.2, 693.555, 3125.052, 167.2788, 595.929, 0.04573681, 6.795509e-05, 942.293, 1517.555, 1274.891, 2378.492, 1315.032
42.3, 684.1838, 3231.682, 157.5584, 568.0415, 0.04370163, 6.404764e-05, 893.9943, 1614.559, 1381.155, 2288.589, 1496.175
42.4, 661.6522, 3070.68, 305.4315, 534.1255, 0.041757, 6.036487e-05, 1105.54, 1578.221, 1329.103, 2403.761, 1557.715
42.5, 868.0886, 3086.213, 287.6832, 595.1182, 73.17002, 5.689385e-05, 1048.874, 1516.551, 1333.528, 2704.035, 1576.395
42.6, 820.4071, 3215.014, 395.201, 595.4344, 69.91412, 5.362243e-05, 1503.304, 1436.649, 1266.881, 2527.565, 1494.079
42.7, 798.2797, 3179.522, 538.1224, 559.8828, 66.8031, 5.053911e-05, 2206.842, 1440.466, 1342.384, 2675.25, 1416.06
42.8, 974.1387, 3021.119, 954.8692, 526.4539, 63.83051, 4.763308e-05, 2459.785, 1450.142, 1419.518, 2500.658, 1342.116
42.9, 1013.869, 3191.032, 1119.774, 495.021, 60.9902, 4.489415e-05, 2437.096, 1373.739, 1612.978, 2577.7, 1272.033
43, 986.8241, 3032.056, 1217.48, 586.8636, 58.27628, 4.231271e-05, 2312.179, 1542.073, 1532.365, 2409.475, 1205.609
43.1, 932.6208, 3101.936, 1148.289, 551.8239, 55.68311, 3.987971e-05, 2433.187, 1460.826, 1547.261, 2252.228, 1142.655
43.2, 893.2902, 2994.71, 1081.563, 528.2432, 53.20534, 3.758661e-05, 2399.244, 1488.815, 1559.732, 2492.982, 1455.197
43.3, 927.1631, 3186.432, 1018.715, 554.9583, 50.83783, 3.542535e-05, 2338.921, 1410.375, 1603.976, 2937.211, 1476.289
43.4, 912.8096, 3089.818, 959.5184, 521.8234, 48.57566, 3.338838e-05, 2219.037, 1336.067, 1523.813, 2745.523, 1399.2
43.5, 862.6718, 3210.182, 949.5018, 490.667, 46.41415, 3.146853e-05, 2105.297, 1265.674, 1498.981, 2796.698, 1326.136
43.6, 815.2878, 3050.251, 966.4991, 461.3708, 44.34883, 2.965907e-05, 1997.387, 1239.639, 1545.766, 2670.4, 1337.136
43.7, 770.5065, 3025.717, 935.6085, 433.8237, 42.3754, 2.795365e-05, 2158.539, 1248.78, 1468.512, 2496.125, 1357.84
43.8, 728.1849, 2940.548, 881.2413, 407.9214, 40.4898, 2.63463e-05, 2047.9, 1182.986, 1526.703, 2610.39, 1286.936
43.9, 688.1879, 2851.24, 830.0333, 383.5657, 38.68809, 2.483138e-05, 1946.594, 1120.658, 1580.236, 2440.031, 1303.686
44, 650.3878, 2800.664, 840.1319, 360.6642, 36.96656, 2.340356e-05, 1846.818, 1061.615, 1528.427, 2595.358, 1235.609
44.1, 614.6639, 2738.325, 791.3127, 339.13, 35.32163, 2.205784e-05, 1752.157, 1040.923, 1452.04, 2487.383, 1367.819
44.2, 580.9023, 2601.902, 891.0594, 318.8816, 33.7499, 2.07895e-05, 2377.363, 986.0801, 1423.536, 2363.934, 1296.393
44.3, 616.1246, 2687.054, 839.2809, 312.8058, 32.24811, 1.95941e-05, 2481.669, 934.1268, 1518.71, 2344.079, 1344.907
44.4, 582.2827, 2589.253, 790.5112, 305.9343, 30.81314, 1.846742e-05, 2522.999, 884.9107, 1442.808, 2269.866, 1320.443
44.5, 550.2997, 2540.116, 801.9166, 287.6679, 29.44203, 1.740554e-05, 2393.679, 1001.14, 1370.7, 2280.051, 1251.492
44.6, 520.0734, 2414.489, 768.8273, 270.4922, 28.13192, 1.640471e-05, 2506.49, 948.3931, 1302.196, 2131.25, 1250.759
44.7, 491.5073, 2525.381, 724.1516, 341.6584, 26.88012, 1.546143e-05, 2378.016, 898.4254, 1283.355, 2185.36, 1185.447
44.8, 491.6581, 2495.079, 709.6276, 321.259, 25.68401, 1.457239e-05, 2382.973, 979.77, 1342.957, 2208.129, 1306.067
44.9, 480.4431, 2430.806, 668.3919, 306.2361, 24.54113, 1.373447e-05, 2336.302, 1023.772, 1334.02, 2233.602, 1237.866
45, 454.0538, 2309.704, 629.5524, 287.9517, 23.44911, 1.294473e-05, 2350.173, 969.8326, 1267.349, 2087.833, 1173.227
45.1, 516.0123, 2352.061, 654.707, 270.759, 22.40568, 1.22004e-05, 2291.876, 991.4486, 1204.01, 1951.577, 1111.963
45.2, 487.6693, 2266.459, 616.6627, 254.5928, 21.40868, 1.149887e-05, 2174.403, 1108.409, 1143.836, 2045.619, 1053.898
45.3, 460.8831, 2153.545, 580.829, 239.3919, 20.45604, 1.083768e-05, 2062.951, 1100.015, 1396.091, 1912.118, 1194.725
45.4, 435.5682, 2254.216, 630.0913, 225.0985, 19.54579, 1.021451e-05, 2109.113, 1255.09, 1588.546, 1787.329, 1132.338
45.5, 411.6437, 2177.691, 593.4774, 211.6586, 18.67605, 9.627169e-06, 2318.738, 1229.404, 1600.702, 1670.685, 1073.21
45.6, 389.0334, 2069.199, 558.991, 199.0211, 17.84501, 9.073601e-06, 2300.438, 1278.593, 1728.874, 1828.097, 1240.47
45.7, 367.6649, 2123.37, 526.5087, 187.1382, 17.05095, 8.551864e-06, 2396.146, 1211.228, 1791.65, 1835.081, 1175.695
45.8, 427.7065, 2060.503, 526.665, 175.9647, 16.29222, 8.060128e-06, 2273.328, 1193.266, 1702.108, 1859.915, 1187.147
45.9, 404.2138, 1957.849, 550.9404, 165.4584, 15.56725, 7.596666e-06, 2191.844, 1245.639, 1734.37, 1802.749, 1125.157
46, 382.0116, 1961.462, 579.1292, 155.5794, 14.87454, 7.159854e-06, 2331.264, 1180.01, 1753.593, 1685.098, 1066.403
46.1, 361.0288, 1863.742, 545.4766, 146.2902, 14.21266, 6.748158e-06, 2240.533, 1172.317, 1784.543, 1726.582, 1213.658
46.2, 419.0757, 1957.652, 513.7795, 137.5557, 13.58023, 6.360136e-06, 2183.933, 1110.551, 1695.356, 2236.167, 1175.152
46.3, 411.1021, 2155.381, 483.9244, 129.3426, 12.97594, 5.994425e-06, 2167.674, 1111.278, 1610.626, 2282.4, 1257.477
46.4, 494.636, 2132.126, 455.804, 170.737, 12.39854, 5.649742e-06, 2074.339, 1206.041, 1745.501, 2133.446, 1377.398
46.5, 467.4671, 2195.634, 429.3177, 160.5428, 11.84683, 5.324879e-06, 2222.667, 1193.832, 1782.692, 2172.89, 1448.983
46.6, 441.7906, 2200.245, 404.3705, 150.9573, 11.31968, 5.018695e-06, 2108.741, 1130.933, 1789.57, 2123.418, 1666.152
46.7, 417.5243, 2112.576, 433.9788, 141.9441, 10.81598, 4.730118e-06, 2085.954, 1071.348, 1700.132, 1984.839, 1745.569
46.8, 394.591, 2007.328, 473.8922, 133.469, 10.33469, 4.458133e-06, 2092.614, 1159.945, 1615.163, 2083.026, 1699.943
46.9, 376.5173, 1918.449, 494.8848, 158.76, 9.874819, 4.201788e-06, 2089.319, 1324.482, 1742.4, 1947.084, 1739.83
47, 355.8364, 1822.872, 466.1275, 158.0991, 9.435411, 3.960184e-06, 1982.228, 1738.177, 1675.237, 2084.69, 1691.842
47.1, 346.7768, 1743.394, 439.0414, 148.6595, 9.015557, 3.732471e-06, 2095.816, 1805.794, 1614.934, 1948.639, 1667.679
47.2, 327.7294, 1775.931, 413.5291, 139.7835, 8.614386, 3.517852e-06, 2082.225, 1817.635, 1534.223, 1821.467, 1580.596
47.3, 309.7282, 1768.279, 389.4994, 131.4375, 8.231065, 3.315574e-06, 1999.983, 1843.238, 1488.266, 1702.595, 1574.289
47.4, 375.5242, 1680.183, 366.866, 123.5897, 7.864801, 3.124926e-06, 1897.471, 1821.452, 1500.431, 1914.095, 1492.082
47.5, 389.6701, 1596.477, 345.5479, 116.2106, 7.514835, 2.945241e-06, 1916.795, 1725.486, 1425.443, 1789.178, 1414.168
47.6, 368.2667, 1516.941, 325.4684, 109.272, 7.180442, 2.775888e-06, 2129.326, 1634.575, 1458.59, 1672.413, 1451.361
47.7, 348.0389, 1552.23, 306.5558, 102.7477, 6.860929, 2.616273e-06, 2020.184, 1582.379, 1475.652, 1563.268, 1527.871
47.8, 328.9222, 1474.898, 288.7422, 96.61295, 6.555633, 2.465836e-06, 1916.636, 1657.773, 1424.678, 1461.246, 1448.089
47.9, 310.8555, 1414.543, 271.9637, 484.6059, 6.263922, 2.324049e-06, 1842.712, 1715.037, 1353.476, 1365.882, 1372.472
48, 293.7811, 1389.502, 259.2171, 799.9265, 5.985192, 2.190415e-06, 1748.261, 1624.678, 1445.075, 1276.742, 1300.804
48.1, 277.6446, 1320.917, 244.1543, 904.34, 5.718864, 2.064465e-06, 1760.859, 1539.079, 1484.105, 1193.42, 1232.878
48.2, 348.6483, 1410.491, 319.8564, 1020.77, 5.464388, 1.945757e-06, 1682.016, 1505.156, 1409.933, 1115.535, 1168.499
48.3, 329.4981, 1340.221, 456.8359, 1020.79, 5.221235, 1.833875e-06, 1623.11, 1568.299, 1393.432, 1042.733, 1107.482
48.4, 311.3997, 1418.763, 715.8864, 959.8422, 4.988902, 1.728426e-06, 1579.99, 1485.67, 1346.632, 974.6821, 1223.659
48.5, 294.2955, 1348.08, 1742.666, 902.533, 4.766907, 1.629041e-06, 1707.193, 1407.395, 1279.33, 911.0724, 1159.762
48.6, 278.1307, 1310.469, 2329.405, 874.2018, 4.55479, 1.53537e-06, 1619.688, 1395.629, 1304.085, 851.6141, 1147.308
48.7, 262.8539, 1245.182, 2465.414, 875.7901, 4.352113, 1.447085e-06, 1536.669, 1373.999, 1238.91, 796.0362, 1277.674
48.8, 248.4161, 1259.279, 2370.369, 869.4296, 4.158453, 1.363877e-06, 1600.025, 1496.841, 1176.992, 744.0854, 1328.111
48.9, 234.7713, 1196.542, 2306.991, 817.5187, 3.973412, 1.285453e-06, 1530.523, 1417.977, 1118.169, 695.525, 1490.348
49, 221.8761, 1136.93, 2298.169, 768.7072, 3.796604, 1.211539e-06, 1459.839, 1461.346, 1194.355, 650.1337, 1604.051
49.1, 209.6891, 1080.289, 2209.379, 722.81, 3.627664, 1.141875e-06, 1480.359, 1384.353, 1207.133, 607.7047, 1520.291
49.2, 198.1715, 1103.906, 2285.748, 679.6533, 3.466241, 1.076217e-06, 1634.814, 1477.033, 1146.803, 568.0447, 1440.904
49.3, 187.2865, 1172.303, 2170.793, 639.0732, 3.312001, 1.014334e-06, 1551.019, 1399.213, 1223.957, 846.3401, 1438.16
49.4, 176.9994, 1113.899, 2269.959, 600.9161, 3.164624, 9.560088e-07, 1489.288, 1325.493, 1162.786, 1230.624, 1498.53
49.5, 167.2774, 1058.405, 2159.341, 666.9099, 3.023806, 9.010378e-07, 1412.952, 1370.018, 1162.519, 1150.311, 1472.523
49.6, 158.0893, 1028.233, 2151.141, 627.0907, 2.889253, 8.492277e-07, 1340.529, 1297.836, 1104.419, 1245.675, 1395.63
49.7, 149.406, 1131.367, 2051.12, 589.649, 2.760688, 8.003965e-07, 1387.494, 1229.457, 1271.688, 1249.699, 1527.931
49.8, 141.1996, 1075.003, 1931.931, 554.4429, 2.637844, 7.543733e-07, 1346.394, 1191.161, 1208.132, 1168.141, 1538.248
49.9, 133.4439, 1021.446, 2006.182, 623.8836, 2.520466, 7.109965e-07, 1277.382, 1241.622, 1147.752, 1091.906, 1457.923
50, 126.1142, 1107.808, 1889.604, 586.6334, 2.408311, 6.701138e-07, 1334.027, 1176.205, 1090.39, 1193.697, 1381.793
50.1, 142.7662, 1062.518, 1779.802, 551.6074, 2.301146, 6.315818e-07, 1265.649, 1208.999, 1294.128, 1115.794, 1309.638
50.2, 134.9245, 1082.217, 1676.379, 518.6726, 2.19875, 5.952656e-07, 1261.042, 1145.301, 1229.451, 1204.706, 1241.251
50.3, 180.8951, 1028.301, 1841.033, 487.7043, 2.100911, 5.610375e-07, 1249.773, 1084.959, 1168.006, 1126.084, 1341.718
50.4, 170.9591, 1084.883, 1765.327, 458.5849, 2.007425, 5.287775e-07, 1190.039, 1027.796, 1109.631, 1169.987, 1347.459
50.5, 161.5688, 1030.835, 1707.881, 431.2042, 1.918099, 4.983726e-07, 1129.042, 1057.491, 1054.175, 1093.632, 1277.097
50.6, 175.7248, 986.4536, 1704.1, 405.4583, 1.832748, 4.697159e-07, 1310.154, 1001.776, 1001.49, 1246.58, 1459.989
50.7, 166.0727, 1004.746, 1624.05, 381.2497, 1.751195, 4.427069e-07, 1243, 948.9954, 951.4376, 1165.226, 1531.533
50.8, 159.5146, 1081.778, 1529.679, 358.4864, 1.673271, 4.17251e-07, 1190.88, 1099.513, 903.887, 1265.943, 1451.559
50.9, 245.3542, 1027.884, 1440.791, 337.0823, 1.598814, 3.932589e-07, 1244.369, 1102.578, 858.7129, 1288.162, 1375.761
51, 236.0816, 1045.842, 1357.068, 316.9561, 1.527671, 3.706463e-07, 1180.587, 1138.632, 900.0336, 1204.095, 1439.901
51.1, 223.1143, 993.7383, 1278.21, 362.192, 1.459693, 3.493339e-07, 1120.074, 1078.641, 987.383, 1293.252, 1442.897
51.2, 210.8593, 972.5242, 1203.935, 340.5666, 1.39474, 3.292471e-07, 1062.663, 1021.811, 1013.118, 1208.852, 1442.277
51.3, 224.8392, 924.0732, 1277.253, 320.2324, 1.332677, 3.103152e-07, 1147.229, 1043.736, 962.4852, 1129.96, 1366.964
51.4, 212.4895, 894.2291, 1416.704, 301.1123, 1.273376, 2.924719e-07, 1110.558, 1021.459, 914.3824, 1124.226, 1295.583
51.5, 262.3441, 911.7952, 1334.381, 283.1338, 1.216713, 2.756546e-07, 1053.635, 967.6417, 920.2798, 1050.857, 1227.93
51.6, 325.3927, 866.3698, 1288.676, 386.6721, 1.162573, 2.598043e-07, 999.6295, 1013.187, 874.2864, 1100.06, 1163.81
51.7, 307.5199, 823.2073, 1295.35, 412.2756, 1.110841, 2.448654e-07, 948.392, 959.8054, 898.9692, 1106.986, 1103.037
51.8, 290.6288, 782.1953, 1290.1, 387.6599, 1.061411, 2.307855e-07, 899.7808, 1091.862, 854.0409, 1102.539, 1123.153
51.9, 274.6654, 743.2265, 1215.134, 364.5139, 1.01418, 2.175152e-07, 938.4208, 1055.395, 811.358, 1030.585, 1165.123
52, 299.7703, 706.1991, 1189.554, 342.7499, 0.9690517, 2.05008e-07, 890.3206, 1176.112, 903.5997, 963.3274, 1104.282
52.1, 283.3048, 671.0164, 1456.093, 322.2854, 0.9259311, 1.932199e-07, 927.6783, 1114.147, 858.4399, 900.4588, 1211.242
52.2, 317.0423, 637.5864, 1436.437, 303.0427, 0.8847293, 1.821096e-07, 880.1288, 1055.446, 815.5372, 1684.486, 1484.015
52.3, 299.6281, 645.5799, 1508.836, 284.9489, 0.8453608, 1.716382e-07, 968.8814, 999.8381, 811.1586, 1965.61, 1703.804
52.4, 428.5805, 613.4172, 1616.187, 267.9355, 0.8077442, 56.51317, 1054.06, 1016.992, 885.6311, 2116.632, 1753.412
52.5, 405.0398, 748.163, 1713.775, 296.3831, 0.7718014, 53.26363, 1020.155, 1122.582, 841.3694, 2073.582, 1661.852
52.6, 500.4512, 888.3782, 1758.569, 316.2372, 13.46524, 144.407, 1181.559, 1113.337, 928.9919, 1938.256, 1724.394
52.7, 497.451, 844.1193, 1656.38, 351.0854, 218.0335, 290.0105, 1169.398, 1103.673, 1494.616, 1934.529, 1662.511
52.8, 535.4894, 1045.059, 1861.538, 330.1232, 323.645, 273.3348, 1212.614, 1045.524, 1983.543, 1854.658, 1697.52
52.9, 559.6597, 1124.184, 2368.898, 310.4126, 392.2092, 257.6179, 1150.459, 990.4387, 1971.216, 2006.223, 1688.365
53, 528.9193, 1105.847, 2242.92, 291.8788, 392.144, 242.8047, 1094.733, 982.6621, 2032.65, 1875.293, 1957.468
53.1, 499.8674, 1052.452, 2112.586, 274.4516, 374.6945, 228.8433, 1414.891, 930.8889, 2341.664, 1919.144, 1855.252
53.2, 472.4112, 1033, 1989.826, 258.0649, 358.0215, 215.6847, 1401.053, 881.8434, 2390.839, 2161.407, 1758.374
53.3, 446.463, 990.3813, 1874.199, 242.6567, 342.0903, 203.2827, 1749.314, 870.2382, 2574.722, 2020.349, 1666.555
53.4, 421.9402, 941.0407, 1765.292, 228.1684, 326.8681, 191.5938, 1659.65, 824.3882, 2752.883, 1888.498, 1579.53
53.5, 427.6899, 979.6265, 1662.712, 214.5452, 312.3232, 180.5771, 1820.965, 780.954, 2615.3, 1765.251, 1497.05
53.6, 423.4649, 1295.404, 1692.275, 201.7353, 298.4255, 170.1938, 1921.239, 1086.618, 2632, 1650.047, 1418.876
53.7, 400.2053, 1781.311, 1898.29, 189.6903, 285.1462, 160.4076, 1822.763, 1524.199, 2579.908, 1542.362, 1344.785
53.8, 378.2232, 1909.933, 1834.225, 178.3645, 272.4579, 151.184, 1729.334, 1486.454, 2600.901, 1441.704, 1274.562
53.9, 357.4485, 1955.663, 1934.785, 199.2425, 308.1431, 142.4909, 1802.274, 1550.946, 2548.981, 1347.616, 1208.007
54, 449.5074, 1858.232, 1822.356, 187.3464, 294.4314, 134.2976, 1760.424, 1643.73, 2727.516, 1259.668, 1144.927
54.1, 438.4933, 1765.656, 1716.461, 176.1605, 281.3299, 126.5754, 1670.191, 1594.538, 2591.202, 1177.46, 1085.141
54.2, 414.4081, 1826.476, 1616.719, 191.5107, 268.8113, 119.2972, 1584.583, 1570.006, 2461.7, 1100.616, 1028.477
54.3, 391.6459, 1926.519, 1522.774, 250.9309, 292.2648, 112.4376, 1519.454, 1665.335, 2338.67, 1028.788, 974.7712
54.4, 429.8977, 1864.646, 1449.977, 235.9486, 316.6522, 105.9724, 1644.173, 1615.898, 2403.178, 961.6474, 923.8703
54.5, 412.116, 1890.414, 1466.29, 313.5696, 302.5619, 99.87889, 1559.899, 1670.553, 2283.073, 898.8885, 875.6273
54.6, 451.0814, 1796.234, 1381.085, 294.8473, 289.0986, 94.1358, 1606.991, 2441.878, 2294.357, 840.2253, 829.9035
54.7, 426.3048, 1841.906, 1307.092, 277.2429, 276.2343, 88.72295, 1524.622, 2776.888, 2179.691, 785.3906, 786.5673
54.8, 498.12, 1750.142, 1260.758, 260.6895, 334.7211, 83.62133, 1456.455, 2892.254, 2220.784, 734.1345, 745.4941
54.9, 481.4962, 1901.969, 1441.845, 245.1246, 319.8268, 91.94349, 1381.802, 2819.546, 2142.668, 686.2235, 706.5656
55, 497.3934, 1980.358, 1358.061, 230.4889, 305.5952, 86.65669, 1363.889, 2755.39, 2153.511, 641.4393, 669.6699
55.1, 511.8514, 2018.785, 1388.67, 216.7272, 291.9969, 81.67389, 1339.972, 2700.853, 2045.884, 599.5777, 634.7009
55.2, 494.45, 2022.518, 1307.976, 203.787, 279.0037, 76.9776, 1353.845, 2695.088, 2014.685, 560.4481, 601.5579
55.3, 493.8847, 1921.757, 1258.735, 191.6196, 266.5887, 72.55135, 1291.453, 2620.233, 1979.46, 523.8722, 570.1455
55.4, 466.7571, 2080.16, 1185.591, 180.1785, 254.7261, 68.3796, 1287.397, 2615.705, 1898.565, 489.6833, 540.3735
55.5, 441.1196, 1976.526, 1116.698, 169.4206, 243.3914, 68.42627, 1356.005, 2477.892, 1853.699, 457.7256, 777.2964
55.6, 464.4764, 1934.723, 1051.807, 271.1271, 232.561, 64.49172, 1286.501, 2347.34, 1868.796, 427.8536, 736.7073
55.7, 438.9641, 1838.336, 990.688, 254.939, 222.2126, 60.78341, 1307.714, 2523.517, 1817.578, 399.931, 698.2377
55.8, 414.8531, 1755.863, 1036.297, 239.7173, 212.3246, 57.28833, 1248.716, 2390.562, 1820.593, 373.8308, 760.2908
55.9, 392.0665, 1668.386, 976.0791, 225.4046, 202.8766, 53.99422, 1350.198, 2264.611, 1793.377, 1379.767, 1019.489
56, 370.5315, 1585.267, 1219.381, 211.9464, 193.8491, 50.88953, 1364.597, 2185.109, 1703.749, 2259.697, 1252.509
56.1, 350.1793, 1554.466, 1260.195, 199.2917, 185.2233, 47.96335, 1346.275, 2219.33, 1618.599, 2356.991, 1290.865
56.2, 330.945, 1477.023, 1377.521, 187.3926, 176.9812, 45.20543, 1380.696, 2136.811, 1590.738, 2395.118, 1262.983
56.3, 312.7672, 1554.871, 1297.474, 176.204, 169.106, 42.60609, 1309.926, 2106.901, 1511.237, 2337.821, 1347.031
56.4, 295.5878, 1503.615, 1350.304, 171.2453, 161.5811, 40.15622, 1417.179, 2217.662, 1474.839, 2185.251, 1371.782
56.5, 279.3521, 1576.621, 1415.246, 161.0208, 154.3912, 37.84721, 1379.413, 2375.14, 1401.13, 2142.696, 1395.323
56.6, 395.5483, 1498.074, 1333.008, 151.4067, 147.5211, 35.67098, 1417.681, 2632.763, 1438.845, 2289.245, 1446.971
56.7, 533.5975, 1530.788, 1255.548, 142.3667, 140.9567, 33.61988, 1474.87, 2581.314, 1366.935, 2592.486, 1371.413
56.8, 504.2886, 1454.524, 1182.59, 133.8664, 134.6845, 31.68672, 1479.906, 2445.313, 1444.264, 2631.322, 1299.8
56.9, 497.145, 1392.414, 1231.364, 125.8737, 128.6913, 29.86471, 1404.051, 2391.472, 1372.083, 2770.541, 1323.336
57, 532.0334, 1363.46, 1322.593, 118.3582, 122.9649, 28.14748, 1333.126, 2381, 1303.51, 2589.73, 1416.194
57.1, 572.4031, 1393.908, 1245.739, 111.2914, 117.4932, 26.52898, 1344.733, 2271.338, 1238.363, 2420.719, 1386.096
57.2, 540.9628, 1347.843, 1173.35, 104.6465, 112.265, 25.00355, 1297.705, 2151.669, 1176.473, 2262.739, 1313.716
57.3, 530.5251, 1473.716, 1105.168, 98.39836, 107.2695, 23.56583, 1264.912, 2243.103, 1281.997, 2352.282, 1309.157
57.4, 548.0954, 1400.296, 1040.948, 92.5233, 102.4963, 22.21078, 1200.077, 2173.513, 1217.926, 2198.768, 1334.33
57.5, 517.9902, 1378.246, 980.4597, 86.99902, 97.9354, 20.93365, 1289.222, 2058.998, 1157.057, 2055.272, 1264.654
57.6, 489.5385, 1318.432, 1056.302, 81.80457, 93.5775, 19.72996, 1223.141, 2025.869, 1099.23, 2337.483, 1356.135
57.7, 462.6497, 1252.748, 1394.12, 76.92027, 89.41351, 18.59547, 1398.295, 1968.105, 1044.293, 3246.96, 1708.464
57.8, 437.2377, 1190.336, 2212.813, 72.3276, 85.43481, 17.52622, 1402.922, 1864.412, 1041.917, 3502.396, 1823.496
57.9, 413.2216, 1131.034, 3256.619, 68.00914, 81.63316, 16.51846, 1331.013, 1766.182, 989.8446, 3393.549, 1758.242
58, 390.5245, 1190.646, 3370.494, 63.94852, 78.00066, 15.56863, 1262.79, 1746.764, 1163.398, 3213.863, 1802.931
58.1, 378.0397, 1196.156, 3225.811, 60.13036, 74.52981, 14.67343, 1198.064, 1654.733, 1105.254, 3141.219, 1771.765
58.2, 357.2751, 1136.564, 3082.739, 56.54016, 71.2134, 13.8297, 1136.655, 1656.157, 1050.016, 3165.891, 1731.445
58.3, 372.9577, 1134.627, 3119.874, 53.16432, 68.04457, 13.03448, 1078.394, 1638.345, 997.5389, 2959.279, 1905.037
58.4, 354.7773, 1106.221, 3160.461, 93.37406, 65.01674, 12.285, 1071.01, 1552.026, 947.6843, 2766.151, 1864.283
58.5, 335.2905, 1089.64, 3311.538, 87.79898, 62.12364, 11.5786, 1016.114, 1591.16, 900.3214, 2824.972, 1766.933
58.6, 363.2411, 1035.355, 3211.641, 82.55677, 59.35928, 10.91282, 964.0314, 1702.459, 1098.79, 2640.609, 1722.793
58.7, 343.2894, 983.7734, 3188.965, 77.62756, 56.71793, 10.28533, 914.6186, 1612.762, 1043.875, 2562.917, 1723.865
58.8, 324.4335, 934.762, 3116.175, 72.99265, 54.19411, 9.693919, 960.3848, 1527.791, 1061.662, 2395.656, 1633.847
58.9, 306.6134, 888.1923, 3083.231, 68.63448, 51.78259, 9.136514, 1140.88, 2102.492, 1008.603, 2339.928, 1733.428
59, 307.0079, 843.9427, 2904.068, 64.53653, 49.47839, 8.611159, 1082.402, 2050.112, 1085.81, 2354.973, 1845.707
59.1, 345.3597, 817.8253, 2919.085, 60.68325, 47.27671, 8.116013, 1026.922, 2123.354, 1031.544, 2603.345, 1880.223
59.2, 326.3902, 885.1863, 2797.019, 104.6135, 45.173, 7.649337, 1055.866, 2011.481, 1017.581, 2433.446, 1976.587
59.3, 314.7505, 841.0864, 2704.244, 98.36739, 43.16291, 7.209496, 1009.912, 1971.62, 1036.741, 2363.922, 1925.57
59.4, 297.4622, 799.1837, 2704.011, 92.49418, 41.24226, 6.794946, 958.1479, 1867.742, 984.9269, 2360.915, 1857.476
59.5, 283.8215, 759.3685, 2546.884, 86.97163, 39.40707, 6.404233, 989.0575, 1769.337, 935.7026, 2313.63, 1809.434
59.6, 268.232, 776.2153, 2398.887, 81.77882, 37.65355, 6.035986, 1087.62, 1871.774, 888.9384, 2356.648, 1887.645
59.7, 253.4988, 737.5444, 2569.657, 76.89606, 35.97805, 5.688913, 1320.48, 2166.346, 844.5114, 2202.849, 1876.648
59.8, 239.5749, 700.8001, 2686.953, 72.30484, 34.37711, 5.361798, 1276.936, 2052.208, 802.3047, 2221.73, 1830.786
59.9, 226.4158, 665.8864, 2530.817, 67.98774, 32.8474, 5.053492, 1224.726, 2137.159, 762.2075, 2374.204, 1886.633
60, 213.9794, 663.1492, 2383.754, 63.9284, 31.38577, 4.762913, 1303.85, 2097.512, 724.1141, 2219.259, 2116.951
60.1, 202.2262, 631.788, 2245.237, 60.11143, 29.98917, 4.489043, 1788.121, 2036.103, 758.9336, 2074.426, 2047.986
60.2, 286.2995, 600.3124, 2167.206, 56.52237, 28.65472, 4.230921, 1979.858, 1983.049, 721.0039, 2283.838, 2003.32
60.3, 270.5739, 684.0652, 2258.69, 53.14759, 27.37965, 3.987641, 2088.592, 1878.569, 826.731, 2244.9, 1898.71
60.4, 255.7121, 649.9852, 2175.117, 49.97431, 26.16132, 3.758349, 2226.984, 1795.867, 785.413, 2142.156, 1799.563
60.5, 246.0085, 617.603, 2257.944, 46.9905, 24.9972, 3.542242, 2213.934, 1701.249, 746.1599, 2002.355, 1864.731
60.6, 251.4609, 586.8342, 2126.737, 44.18484, 23.88488, 3.338561, 2202.489, 1740.314, 831.6076, 1997.689, 1904.739
60.7, 268.3385, 557.5982, 2003.155, 41.5467, 22.82206, 3.146592, 2089.597, 1726.62, 870.8994, 1949.835, 1805.276
60.8, 253.5995, 529.8188, 1886.754, 39.06607, 21.80653, 2.965661, 1982.492, 1635.65, 827.374, 1945.9, 1711.008
60.9, 250.9415, 503.4233, 2083.767, 36.73356, 20.83619, 2.795134, 1913.053, 1689.916, 913.397, 1818.906, 1683.179
61, 237.1581, 495.7357, 1962.682, 34.54031, 19.90903, 2.634412, 1941.733, 1600.88, 867.7476, 1888.889, 1595.286
61.1, 224.1317, 471.0383, 2060.313, 32.47802, 19.02312, 2.482932, 1842.207, 1652.662, 824.3797, 1765.617, 1664.375
61.2, 211.8208, 447.5712, 2042.981, 30.53885, 18.17664, 2.340162, 1753.531, 1607.29, 832.2743, 2353.469, 1949.503
61.3, 200.1861, 428.9281, 2019.215, 28.71547, 17.36782, 2.205601, 1899.244, 1551.735, 790.6792, 2283.552, 1890.496
61.4, 189.1905, 407.559, 1978.275, 27.00096, 16.59499, 2.078778, 1937.521, 1538.356, 819.0338, 2450.495, 1791.778
61.5, 178.7988, 387.2545, 1941.785, 25.38881, 15.85655, 1.959247, 1838.211, 1457.305, 778.1005, 2345.862, 1800.595
61.6, 168.978, 367.9615, 1828.95, 23.87293, 15.15097, 1.84659, 1764.69, 1537.196, 739.2129, 2192.766, 1706.571
61.7, 159.6965, 349.6297, 1905.668, 22.44755, 14.47678, 1.74041, 1939.37, 1598.486, 702.2688, 2967.865, 1977.491
61.8, 150.9249, 332.2112, 1794.932, 21.10727, 13.8326, 1.640335, 1909.788, 1514.267, 667.1711, 3369.339, 2234.011
61.9, 142.635, 329.2103, 1805.515, 19.84702, 13.21708, 1.546015, 1813.015, 1434.486, 633.8275, 3405.76, 2117.355
62, 134.8005, 321.09, 1709.669, 18.66202, 12.62895, 1.457118, 1984.478, 1358.907, 602.1503, 3432.429, 2124.919
62.1, 127.3963, 305.0933, 1667.384, 17.54777, 12.06699, 1.373333, 1882.76, 1287.311, 572.0562, 3404.82, 2108.411
62.2, 120.3988, 289.8936, 1570.495, 19.16609, 11.53004, 1.294366, 1824.364, 1273.598, 598.9, 3182.615, 2063.94
62.3, 147.9561, 275.4512, 1479.235, 18.02174, 11.01698, 1.219939, 1987.48, 1206.496, 659.966, 3212.946, 2161.039
62.4, 139.8293, 261.7282, 1393.278, 16.94572, 10.52675, 1.149792, 2000.224, 1168.928, 626.9825, 3003.263, 2048.193
62.5, 183.9139, 284.5692, 1370.394, 15.93394, 10.05833, 1.083678, 1897.699, 1150.917, 595.6474, 3133.306, 1941.24
62.6, 173.8121, 270.3921, 1295.392, 37.40527, 9.610757, 1.021366, 1800.43, 1150.194, 625.9764, 3064.401, 1955.094
62.7, 164.2651, 256.9212, 1338.45, 35.17192, 9.1831, 0.9626369, 1830.266, 1125.615, 594.6916, 2864.413, 1939.875
62.8, 182.0089, 264.6151, 1260.674, 33.07191, 8.774472, 25.63152, 2354.136, 1150.336, 626.012, 2677.476, 1838.578
62.9, 172.0117, 251.4321, 1296.042, 31.09729, 8.384028, 29.0134, 3314.246, 1217.12, 668.978, 2688.91, 1742.57
63, 170.2119, 238.9058, 1306.324, 29.24056, 8.010959, 27.34512, 3292.092, 1152.994, 821.3465, 2692.818, 1651.576
63.1, 184.3133, 246.7318, 1230.415, 27.4947, 7.654489, 117.9022, 3291.836, 1092.247, 780.2975, 2517.079, 1701.362
63.2, 174.1895, 234.4396, 1206.62, 25.85308, 7.313882, 137.7556, 3148.264, 1034.7, 741.3002, 2352.81, 1612.52
63.3, 164.6218, 341.6524, 1189.238, 24.30947, 6.988431, 137.4445, 3033.526, 980.1851, 824.1785, 2382.356, 1696.441
63.4, 155.5797, 324.6314, 1301.868, 188.1453, 6.677462, 129.5414, 3103.93, 986.4796, 1067.853, 2226.879, 1607.856
63.5, 163.6659, 308.4583, 1226.218, 377.2519, 6.38033, 234.6884, 3189.68, 960.9866, 1186.042, 2248.408, 1523.896
63.6, 154.6763, 317.573, 1154.964, 409.9288, 6.096419, 255.5284, 3070.583, 977.1841, 1148.16, 2215.182, 1619.017
63.7, 146.1804, 338.5533, 1276.528, 385.4532, 5.825142, 240.8353, 2913.195, 976.5485, 1218.958, 2314.008, 1572.276
63.8, 138.1511, 385.0045, 1239.422, 447.6716, 5.565937, 226.9872, 3118.666, 925.0974, 1187.075, 2365.56, 1490.174
63.9, 130.5629, 447.7036, 1167.4, 501.7817, 5.318265, 293.6035, 3002.88, 912.6114, 1211.9, 2211.179, 1739.773
64, 123.3915, 434.5886, 1203.524, 471.8219, 5.081614, 276.7211, 2886.607, 968.3134, 1151.332, 2368.792, 1648.925
64.09999999999999, 116.6139, 412.9375, 1152.328, 472.6458, 4.855494, 292.503, 2964.302, 983.6138, 1276.554, 2375.569, 1562.821
64.2, 110.2087, 401.1122, 1085.368, 463.2603, 4.639435, 330.8791, 2943.914, 931.7905, 1212.755, 2220.535, 1481.213
64.3, 186.8742, 381.1288, 1022.298, 435.6005, 4.432991, 311.8534, 3017.841, 955.2738, 1188.943, 2075.619, 1403.867
64.40000000000001, 176.6098, 439.4812, 962.8934, 409.5921, 4.235733, 293.9217, 2906.853, 904.9436, 1186.86, 2053.393, 1330.559
64.5, 214.6082, 417.5863, 906.9407, 385.1366, 4.047253, 277.021, 2946.874, 898.1079, 1188.718, 1919.385, 1261.079
64.59999999999999, 208.5978, 396.7823, 854.2394, 362.1413, 3.867159, 324.718, 2896.632, 893.8925, 1129.309, 1794.122, 1195.228
64.7, 197.1401, 406.7117, 995.1577, 419.9185, 3.695079, 306.0466, 2921.812, 846.7962, 1072.869, 1677.034, 1132.815
64.8, 186.3118, 386.4494, 937.3301, 394.8464, 3.530657, 288.4487, 2817.402, 880.3038, 1168.109, 1687.964, 1073.661
64.90000000000001, 199.9481, 367.1965, 981.236, 371.2713, 3.37355, 271.8628, 2755.598, 833.9235, 1155.621, 1691.556, 1017.597
65, 188.9656, 466.5961, 924.2175, 349.1039, 3.223435, 256.2305, 2775.522, 803.7798, 1097.866, 1581.162, 964.4595
65.09999999999999, 178.5863, 521.1188, 1030.279, 328.2599, 3.08, 241.4971, 2671.113, 761.4313, 1157.94, 1477.972, 1158.401
65.2, 168.7771, 495.1568, 970.4102, 308.6605, 2.942947, 227.6109, 2599.631, 795.5966, 1100.069, 1456.006, 1176.719
65.3, 159.5066, 470.4882, 914.0207, 290.2314, 2.811992, 214.5231, 2831.876, 753.6793, 1045.09, 1851.261, 1115.272
65.40000000000001, 150.7454, 447.0485, 860.908, 272.9025, 2.686865, 202.1879, 2980.902, 770.8036, 1053.89, 1730.444, 1331.815
65.5, 142.4654, 435.4024, 810.8815, 256.6084, 2.567306, 190.562, 2917.877, 730.1926, 1001.219, 1617.512, 1262.27
65.59999999999999, 170.8771, 413.7107, 893.1563, 241.2871, 2.453066, 179.6046, 2864.471, 735.604, 1011.624, 1680.613, 1196.356
65.7, 161.4913, 393.0997, 1001.363, 270.7151, 2.34391, 169.2773, 2724.468, 696.8475, 1115.049, 1634.623, 1198.871
65.8, 152.6211, 401.9824, 962.6565, 283.3394, 2.239612, 159.5437, 2608.603, 660.1329, 1059.322, 1619.847, 1136.268
65.90000000000001, 160.2421, 381.9557, 906.7175, 266.4221, 2.139954, 150.3699, 2611.69, 625.3527, 1045.906, 1514.133, 1193.704
66, 151.4404, 362.9267, 905.1873, 250.5148, 2.044731, 141.7235, 2624.119, 592.4049, 993.6346, 1639.265, 1450.603
66.09999999999999, 143.1223, 344.8458, 852.5878, 235.5573, 1.953745, 133.5743, 2594.526, 686.9651, 1033.916, 1597.667, 1564.038
66.2, 135.261, 327.6656, 803.0449, 221.4929, 1.866808, 125.8937, 2461.54, 650.7712, 982.2437, 1536.181, 1973.087
66.3, 127.8315, 311.3414, 825.9501, 208.2683, 1.783739, 118.6548, 2549.553, 616.4842, 933.1535, 1586.189, 1927.636
66.40000000000001, 120.8101, 295.8304, 840.5897, 195.8332, 1.704367, 144.9794, 2480.6, 584.0037, 1056.419, 1482.672, 1952.205
66.5, 114.1744, 281.0922, 844.5834, 184.1406, 1.628526, 136.643, 2353.453, 605.3799, 1003.622, 1549.098, 1880.247
66.59999999999999, 107.9031, 267.0882, 856.5887, 173.1461, 1.556061, 128.786, 2356.791, 573.4844, 953.4633, 1448.001, 1980.719
66.7, 101.9763, 253.7819, 806.8133, 162.8081, 1.48682, 163.8661, 2297.645, 543.2694, 1054.773, 1516.133, 1877.289
66.8, 96.37507, 241.1386, 759.9302, 153.0873, 1.420659, 154.4438, 2222.19, 514.6464, 1094.843, 1417.188, 1779.26
66.90000000000001, 91.08147, 248.8313, 715.7715, 143.947, 1.357443, 145.5632, 2270.52, 540.0413, 1040.125, 1324.699, 2035.348
67, 86.07864, 258.3253, 674.1788, 207.4113, 1.29704, 137.1932, 2258.241, 511.5883, 1161.442, 1238.247, 2071.854
67.09999999999999, 215.639, 245.4556, 635.003, 195.0274, 1.239325, 129.3045, 2283.941, 559.5707, 1281.958, 1312.235, 2058.069
67.2, 616.7751, 233.227, 598.1036, 183.3829, 1.184178, 143.9935, 2166.874, 591.5916, 1217.889, 1226.596, 1950.6
67.3, 1257.608, 221.6077, 582.2913, 208.2075, 1.131485, 135.7137, 2083.242, 560.4226, 1157.021, 1146.546, 1848.743
67.40000000000001, 1326.386, 295.8676, 582.3245, 195.7761, 1.081136, 127.9101, 1976.462, 571.2797, 1172.312, 1071.72, 1826.242
67.5, 1328.173, 302.7521, 548.4862, 184.0869, 1.033028, 120.5552, 1960.926, 541.1809, 1311.554, 1113.088, 1730.878
67.59999999999999, 1378.05, 287.669, 655.9829, 173.0956, 0.9870605, 113.6232, 2045.74, 512.6678, 1339.077, 1215.386, 2149.758
67.7, 1309.577, 273.3374, 630.552, 162.7606, 0.9431385, 107.0898, 1940.883, 511.9572, 1272.153, 1192.964, 2328.463
67.8, 1253.442, 259.7198, 706.0262, 153.0427, 0.901171, 100.9321, 1931.645, 623.4565, 1208.574, 1115.109, 2339.455
67.90000000000001, 1184.594, 246.7806, 664.9998, 143.905, 0.861071, 95.12847, 1832.636, 590.6086, 1148.172, 1042.334, 2248.456
68, 1206.923, 234.486, 626.3574, 135.3129, 0.8227553, 89.65853, 1945.371, 653.3829, 1090.789, 1122.99, 2238.68
68.09999999999999, 1248.244, 222.804, 589.9604, 127.2337, 0.7861446, 84.50312, 1845.658, 618.9583, 1252.782, 1163.621, 2166.406
68.2, 1253.692, 211.7039, 555.6784, 119.637, 0.7511629, 79.64414, 1849.943, 609.3815, 1282.194, 1087.681, 2144.685
68.3, 1274.158, 201.1569, 523.3885, 112.4938, 0.7177379, 75.06456, 2268.406, 667.3301, 1273.092, 1016.697, 2118.166
68.40000000000001, 1204.172, 191.1353, 492.975, 105.7772, 0.6858001, 70.74831, 3123.606, 632.1707, 1411.691, 1125.851, 2007.559
68.5, 1138.031, 181.6129, 515.2203, 99.46156, 0.6552836, 86.68443, 3213.561, 598.8636, 1341.138, 1200.913, 1902.728
68.59999999999999, 1129.471, 172.565, 485.2814, 136.7603, 0.6261249, 81.70003, 3314.749, 606.5845, 1274.111, 1313.749, 1913.24
68.7, 1160.09, 163.9678, 457.0822, 128.5948, 0.5982638, 77.00224, 3594.794, 779.4528, 1210.434, 2418.334, 2086.223
68.8, 1118.528, 155.799, 430.5216, 120.9168, 0.5716424, 72.57456, 3707.596, 738.386, 1204.876, 2753.968, 2354.27
68.90000000000001, 1057.091, 148.0371, 405.5045, 148.3465, 0.5462056, 68.40149, 3733.458, 981.9208, 1144.659, 2676.494, 2315.535
69, 1214.228, 140.6619, 381.9411, 139.4892, 0.5219007, 64.61642, 3542.094, 930.1867, 1443.518, 2724.874, 2194.622
69.09999999999999, 1147.534, 133.6542, 407.4288, 138.5889, 0.4986773, 60.90094, 3360.539, 881.1782, 1371.374, 2547.043, 2161.321
69.2, 1084.503, 126.9955, 383.7535, 130.3142, 0.4764873, 57.3991, 3386.061, 958.1203, 1335.942, 2380.819, 2240.223
69.3, 1026.064, 120.6686, 376.4286, 122.5335, 0.4552847, 54.09862, 3470.969, 907.6401, 1269.175, 2426.645, 2311.739
69.40000000000001, 969.7054, 114.657, 354.5547, 115.2174, 0.4350256, 50.98792, 3352.662, 859.8196, 1205.745, 2268.277, 2191.024
69.5, 916.4424, 108.9448, 337.5432, 108.3382, 0.4156679, 48.05609, 3242.338, 814.5186, 1204.662, 2310.599, 2076.612
69.59999999999999, 866.105, 103.5172, 317.9289, 101.8696, 0.3971716, 45.29284, 3152.49, 895.1743, 1256.405, 2334.089, 1968.175
69.7, 862.548, 98.35995, 457.0854, 95.78731, 0.3794984, 42.68847, 3145.048, 848.0106, 1234.547, 2181.761, 1970.903
69.8, 815.1708, 93.45968, 430.5247, 90.06815, 0.3626116, 40.23386, 3053.246, 841.7407, 1293.832, 2039.376, 1867.986
69.90000000000001, 770.3959, 88.80354, 405.5074, 84.69045, 0.3464762, 37.92039, 3086.079, 815.0657, 1229.17, 2123.08, 1770.443
70, 918.7949, 84.37936, 381.9438, 79.63384, 0.3310588, 35.73995, 3115.75, 772.1226, 1342.935, 1984.524, 1796.321
70.09999999999999, 868.3283, 80.17559, 359.7495, 74.87915, 0.3163274, 33.68489, 3097.155, 731.442, 1438.472, 1978.961, 1766.337
70.2, 820.6337, 76.18126, 338.8448, 102.1921, 0.3022516, 230.3872, 2938.406, 784.9763, 1452.045, 1912.538, 1674.102
70.3, 807.6047, 72.38593, 319.1549, 96.09052, 0.2888021, 217.1398, 2791.15, 743.6185, 1427.415, 1787.722, 1706.272
70.40000000000001, 763.2454, 68.77967, 300.6091, 105.8142, 0.275951, 266.3884, 2840.123, 704.4398, 1379.551, 1760.175, 1701.896
70.5, 721.3226, 65.35308, 287.4826, 99.49638, 0.2636718, 251.0709, 2710.402, 704.1502, 1310.605, 1712.875, 1613.026
70.59999999999999, 681.7026, 62.0972, 459.2779, 93.55576, 0.2519391, 236.6342, 2724.174, 667.0508, 1298.134, 1601.089, 1711.843
70.7, 751.6699, 59.00353, 432.5898, 87.96983, 0.2407283, 223.0276, 2764.771, 631.9061, 1433.244, 1496.599, 1763.941
70.8, 710.3829, 56.06398, 407.4525, 82.71742, 0.2300165, 210.2034, 2685.736, 668.8442, 1361.614, 1636.664, 1671.831
70.90000000000001, 671.3637, 53.27089, 383.7758, 77.77862, 0.2197813, 198.1166, 2601.731, 633.605, 1424.927, 1639.502, 1584.531
71, 634.4877, 50.61694, 361.475, 73.1347, 0.2100015, 186.7248, 2649.925, 600.2224, 1353.713, 1532.505, 1501.789
71.09999999999999, 666.717, 48.09521, 340.4701, 68.76805, 0.2006569, 175.988, 2650.658, 568.5987, 1435.557, 1432.491, 1593.577
71.2, 636.7335, 45.69912, 382.0636, 64.66212, 0.1917281, 165.8686, 2514.795, 655.283, 1363.811, 1339.004, 1510.363
71.3, 680.9435, 43.42239, 359.8623, 60.80135, 0.1831967, 156.3311, 2549.568, 649.3198, 1366.953, 1488.411, 1533.984
71.40000000000001, 643.5414, 41.2591, 338.9511, 57.17109, 0.1750448, 147.342, 2567.53, 615.1093, 1298.635, 1491.26, 1550.605
71.5, 608.1936, 39.20358, 319.255, 53.75758, 0.1672557, 138.8697, 2623.785, 630.2151, 1374.863, 1393.937, 1469.635
71.59999999999999, 574.7874, 37.25046, 300.7035, 50.54788, 0.1598132, 130.8846, 2982.794, 597.0112, 1369.542, 1589.235, 1392.893
71.7, 543.216, 35.39465, 283.2299, 47.52982, 0.1527019, 123.3587, 3360.668, 663.7757, 1301.096, 1485.518, 1468.446
71.8, 513.3788, 33.63129, 266.7717, 44.69196, 0.145907, 116.2655, 3556.346, 628.8035, 1236.07, 1388.571, 1391.767
71.90000000000001, 487.9777, 31.95579, 251.2699, 42.02354, 0.1394145, 109.5802, 3507.269, 595.674, 1174.294, 1448.568, 1319.091
72, 467.0786, 30.36376, 236.6689, 39.51444, 0.1332109, 103.2793, 3346.292, 762.6065, 1115.606, 1354.032, 1406.898
72.09999999999999, 641.4372, 28.85104, 222.9163, 37.15516, 0.1272833, 97.34064, 3174.773, 1188.865, 1059.851, 1265.665, 1399.203
72.2, 606.205, 27.41369, 209.9629, 34.93673, 0.1216195, 91.74351, 3238.875, 1126.228, 1006.882, 1270.725, 1326.139
72.3, 622.2629, 26.04794, 311.308, 71.87215, 0.1162077, 86.46821, 3100.842, 1140.179, 956.5602, 1187.795, 1256.89
72.40000000000001, 1160.329, 24.75024, 293.2183, 67.58089, 0.1110367, 81.49624, 3095.931, 1191.151, 908.7537, 1302.229, 1191.257
72.5, 1323.055, 23.51719, 323.9477, 63.54584, 0.1060958, 76.81016, 2937.245, 1128.393, 863.3364, 1217.244, 1275.757
72.59999999999999, 1250.383, 22.34556, 305.1235, 59.75171, 0.1013748, 72.39353, 3017.315, 1068.942, 1052.705, 1269.655, 1209.139
72.7, 1239.979, 21.23231, 287.3931, 56.18412, 0.09686387, 132.1619, 2862.658, 1050.285, 1000.094, 1186.795, 1146
72.8, 1287.574, 20.17452, 270.693, 52.82954, 0.09255365, 1100.883, 2715.929, 1019.933, 1004.017, 1109.343, 1240.158
72.90000000000001, 1216.851, 19.16943, 254.9633, 68.9268, 0.08843522, 1120.756, 2686.552, 1020.317, 1000.545, 1036.945, 1175.399
73, 1150.013, 18.21441, 240.1476, 64.81139, 0.08450005, 1274.411, 2672.023, 966.5599, 950.54, 969.272, 1114.022
73.09999999999999, 1142.904, 17.30697, 226.1929, 60.9417, 0.08073999, 1309.211, 2708.697, 915.6351, 903.0342, 906.0154, 1055.85
73.2, 1080.128, 16.44474, 287.047, 57.30305, 0.07714725, 1233.93, 2712.523, 867.3933, 857.9028, 1007.21, 1138.075
73.3, 1178.324, 15.62547, 369.3415, 53.88166, 0.07371437, 1162.979, 2688.191, 889.2701, 815.0269, 941.4775, 1280.57
73.40000000000001, 1209.156, 14.84701, 347.8795, 50.66455, 0.07043424, 1096.107, 2589.172, 902.0609, 774.2938, 1737.815, 1768.06
73.5, 1181.369, 14.10734, 327.6646, 47.63953, 0.06730008, 1033.08, 2994.965, 975.6851, 735.5964, 3136.63, 2195.998
73.59999999999999, 1116.48, 13.40451, 392.0172, 44.79512, 0.06430538, 973.6773, 2892.406, 924.2794, 770.3476, 3776.59, 2314.782
73.7, 1055.155, 12.7367, 369.2375, 42.12054, 0.06144394, 929.7415, 2885.091, 875.5822, 754.8951, 3755.111, 2320.049
73.8, 997.1987, 12.10216, 347.7815, 56.71833, 0.05870982, 974.5728, 2922.079, 829.4507, 717.1673, 3841.522, 2411.365
73.90000000000001, 949.9357, 11.49923, 327.5723, 53.33185, 0.05609737, 937.1761, 3133.429, 785.7497, 797.3881, 3831.829, 2457.061
74, 897.7586, 10.92634, 308.5374, 50.14757, 0.05360116, 903.7258, 2972.821, 744.3511, 757.5366, 3725.982, 2439.151
74.09999999999999, 848.4474, 10.38199, 290.6086, 47.15341, 0.05121603, 976.4176, 2933.748, 857.6332, 719.6767, 3526.877, 2401.063
74.2, 801.8448, 9.864765, 273.7217, 44.33803, 0.04893703, 920.2731, 2985.719, 812.4473, 805.7594, 3505.828, 2275.683
74.3, 757.8019, 9.373304, 257.816, 41.69074, 0.04675945, 867.3569, 2939.828, 769.6422, 765.4895, 3543.357, 2203.241
74.40000000000001, 716.1781, 8.906328, 339.9477, 39.20151, 0.04467876, 817.4834, 3082.647, 729.0922, 727.2322, 3659.951, 2351.939
74.5, 676.8406, 8.462617, 320.1937, 36.86091, 0.04269065, 770.4777, 2983.103, 690.6788, 690.8868, 3513.123, 2387.997
74.59999999999999, 683.569, 8.041011, 301.5876, 34.66006, 0.04079102, 793.323, 2987.123, 654.2892, 656.358, 3471.568, 2263.3
74.7, 646.0226, 7.640409, 293.4025, 32.59061, 0.03897591, 768.4216, 2834.014, 619.8168, 666.0695, 3523.649, 2145.114
74.8, 610.5385, 7.259765, 290.8015, 30.64473, 0.03724157, 724.2369, 2782.196, 688.7235, 632.7809, 3293.689, 2192.415
74.90000000000001, 577.0035, 6.898085, 273.9034, 28.81502, 0.03558441, 760.1102, 2873.064, 731.8515, 677.9134, 3265.152, 2077.931
75, 545.3104, 6.554424, 556.3367, 84.00186, 0.03400098, 716.4034, 2769.807, 716.783, 765.2588, 3052.062, 2103.236
75.09999999999999, 515.3582, 6.227883, 1080.817, 78.98637, 0.03248801, 675.2098, 2627.837, 702.1364, 727.013, 2852.879, 2139.366
75.2, 632.2227, 5.917611, 1125.699, 74.27033, 0.03104237, 652.986, 2577.165, 665.1431, 690.6786, 2745.873, 2127.854
75.3, 597.4966, 5.622797, 1094.586, 69.83588, 0.02966106, 615.439, 2613.918, 630.0989, 656.1602, 2609.869, 2143.854
75.40000000000001, 564.6779, 5.34267, 1030.981, 65.66619, 0.02834121, 580.0509, 2512.859, 596.9011, 678.8794, 2726.222, 2031.906
75.5, 533.6619, 5.076499, 986.8257, 61.74546, 0.02708009, 650.9257, 2613.757, 593.9924, 644.9506, 2791.684, 2077.906
75.59999999999999, 504.3494, 4.823589, 1004.079, 58.05883, 0.02587508, 682.9501, 2479.785, 562.6969, 842.5543, 2682.562, 2064.071
75.7, 679.347, 4.583279, 945.7328, 54.59232, 0.0247237, 643.6801, 2500.255, 608.0521, 893.5294, 2507.492, 2061.355
75.8, 642.0325, 4.35494, 1050.125, 54.17249, 0.02362355, 760.1572, 2389.131, 576.0159, 848.8729, 2454.49, 2136.704
75.90000000000001, 646.2117, 4.137978, 1011.661, 50.93801, 0.02257236, 716.4477, 2492.284, 545.6675, 943.03, 2422.984, 2058.462
76, 626.3203, 3.931825, 952.8745, 81.17555, 0.02156794, 675.2516, 2364.539, 516.9181, 907.4741, 2505.48, 2023.461
76.09999999999999, 598.5719, 3.735942, 955.3752, 142.5726, 0.02060821, 636.4243, 2327.136, 520.5638, 1059.805, 2416.972, 2034.637
76.2, 565.6942, 3.549818, 940.1564, 134.06, 0.0196912, 599.8295, 2344.15, 572.3495, 1006.839, 2355.839, 2094.767
76.3, 534.6223, 3.372967, 891.085, 126.0557, 0.01881498, 565.339, 2223.998, 542.1943, 956.5193, 2313.444, 2019.41
76.40000000000001, 564.5589, 3.204926, 1066.958, 118.5293, 0.01797776, 532.8317, 2146.011, 696.4226, 908.7147, 2718.413, 2110.066
76.5, 533.5494, 3.045257, 1004.958, 111.4523, 0.01717779, 502.1935, 2208.925, 659.7304, 1020.112, 2717.181, 2088.91
76.59999999999999, 504.2431, 2.893543, 1010.086, 104.7978, 0.01641342, 473.3171, 2095.703, 624.9714, 969.1292, 2703.562, 2190.374
76.7, 626.0567, 2.749387, 1000.15, 98.54066, 0.01568306, 446.1011, 2141.085, 592.0437, 962.9655, 2527.123, 2075.996
76.8, 591.6693, 2.612413, 1039.439, 92.6571, 0.0149852, 429.8067, 2034.535, 560.8509, 914.8388, 2362.198, 2085.281
76.90000000000001, 605.3195, 2.482263, 979.038, 87.12482, 0.01431839, 405.0926, 1946.5, 531.3015, 1317.497, 2352.678, 1976.392
77, 629.247, 2.358597, 922.1472, 81.92287, 0.01368125, 434.6653, 2239.62, 526.7366, 1331.663, 2407.912, 1873.188
77.09999999999999, 594.6844, 2.241092, 945.0568, 77.0315, 0.01307247, 409.6718, 2463.018, 511.173, 1386.135, 2422.338, 1912.732
77.2, 562.0201, 2.129441, 890.1405, 72.43219, 0.01249077, 386.1155, 2698.012, 484.241, 1316.86, 2305.51, 2117.338
77.3, 531.1501, 2.023353, 838.4154, 68.10748, 0.01193496, 363.9136, 2678.668, 471.6148, 1350.968, 2342.893, 2672.046
77.40000000000001, 501.9756, 1.92255, 844.2095, 64.04099, 0.01140388, 342.9884, 2559.007, 506.8867, 1305.236, 2527.453, 3332.612
77.5, 474.4036, 1.826769, 828.6283, 60.2173, 0.01089644, 323.2664, 2711.349, 480.1806, 1280.116, 2615.518, 3363.003
77.59999999999999, 448.346, 1.73576, 833.3349, 56.62191, 0.01041157, 382.9674, 2627.35, 527.8724, 1549.055, 2677.561, 3225.039
77.7, 496.1156, 1.649284, 784.9107, 53.24119, 0.009948279, 360.9466, 2634.359, 500.0606, 1471.637, 2502.818, 3309.534
77.8, 468.8654, 1.567117, 739.3004, 50.06232, 0.009505603, 340.192, 2499.331, 473.7141, 1398.088, 2339.479, 3308.77
77.90000000000001, 443.1121, 1.489044, 715.4233, 47.07325, 0.009082625, 355.0893, 2371.224, 485.2335, 1328.215, 2416.561, 3135.992
78, 418.7733, 1.41486, 810.2137, 44.26265, 0.008678469, 403.817, 2477.6, 459.6681, 1535.849, 2528.645, 3139.021
78.09999999999999, 395.7713, 1.344372, 763.1331, 41.61987, 0.008292297, 380.5973, 2442.801, 435.4497, 1476.582, 2363.62, 3374.72
78.2, 374.0328, 1.277395, 718.7882, 39.13487, 0.007923309, 396.0194, 2317.592, 412.5073, 1454.298, 2517.214, 3198.498
78.3, 414.5228, 1.213756, 789.2141, 36.79825, 0.007570739, 373.2481, 2397.894, 538.4384, 1381.615, 2413.688, 3133.02
78.40000000000001, 391.7543, 1.153287, 945.7803, 34.60114, 0.007233859, 451.9823, 2274.986, 510.0699, 1369.691, 2285.424, 3263.156
78.5, 371.9274, 20.48852, 1430.693, 32.53521, 0.006911968, 425.993, 2254.972, 571.1285, 1301.237, 2252.982, 3142.617
78.59999999999999, 351.4985, 19.46778, 1867.996, 30.59263, 0.006604401, 430.9987, 2264.831, 541.0376, 1270.663, 2105.948, 3069.319
78.7, 441.8085, 80.68355, 1869.347, 28.76604, 0.006310521, 406.216, 2230.856, 512.5321, 1352.01, 2086.2, 3044.002
78.8, 417.5413, 76.66391, 1781.005, 27.04851, 0.006029717, 382.8584, 2121.621, 485.5285, 1319.158, 1950.051, 2885.05
78.90000000000001, 397.0362, 92.06128, 1889.43, 25.43353, 0.005761408, 360.8438, 2022.699, 459.9476, 1253.23, 2035.165, 2734.397
79, 375.2282, 87.4748, 1779.637, 23.91497, 0.005505038, 368.6956, 1919.022, 435.7144, 1322.364, 1902.346, 2802.849
79.09999999999999, 354.618, 83.11682, 1676.224, 22.48708, 0.005260077, 347.4954, 1997.124, 412.7581, 1256.276, 1778.195, 2656.489
79.2, 335.1399, 78.97595, 1700.06, 54.32771, 0.005026015, 540.244, 1894.759, 391.0112, 1193.49, 1662.147, 2644.467
79.3, 334.5138, 75.04138, 1622.561, 74.23965, 0.004802369, 517.0699, 1900.883, 370.4102, 1133.842, 1631.716, 2506.378
79.40000000000001, 316.1399, 71.30283, 1528.275, 69.80703, 0.004588675, 502.8191, 1803.45, 350.8945, 1077.175, 1608.251, 2423.775
79.5, 353.2549, 67.75054, 1684.119, 65.63907, 0.004384489, 532.8596, 1740.241, 332.407, 1264.848, 1503.293, 2427.935
79.59999999999999, 333.8516, 64.37522, 2099.511, 61.71996, 0.004189389, 502.2198, 1651.042, 314.8936, 1201.634, 1606.139, 2301.153
79.7, 315.5142, 61.16806, 2875.379, 58.03485, 0.004002971, 473.3419, 1674.053, 298.3029, 1141.579, 1501.319, 2404.565
79.8, 298.1839, 58.12068, 3657.824, 54.56977, 0.003824848, 446.1245, 1591.17, 282.5863, 1084.525, 1403.34, 2342.378
79.90000000000001, 281.8056, 55.22512, 3781.743, 51.31158, 0.003654651, 420.4721, 1664.968, 267.6978, 1030.323, 1311.756, 2273.698
80, 272.4536, 52.47381, 3561.99, 48.24792, 0.003492027, 425.2189, 1711.289, 420.6062, 1094.291, 1226.148, 2188.336
80.09999999999999, 292.0859, 49.85958, 3355.007, 45.36719, 0.00333664, 425.1233, 1664.756, 536.0298, 1098.698, 1146.127, 2297.057
80.2, 294.4144, 47.37558, 3352.775, 42.65845, 15.88446, 400.6785, 1633.594, 558.1403, 1043.787, 1300.309, 2177.108
80.3, 278.2431, 45.01534, 3246.804, 40.11145, 15.17764, 392.5875, 1686.009, 528.7338, 991.6213, 1348.351, 2212.055
80.40000000000001, 262.96, 42.77268, 3064.761, 37.71651, 14.50227, 370.0135, 1599.59, 527.5579, 942.0624, 1260.355, 2096.545
80.5, 248.5164, 40.64175, 3146.917, 35.46458, 13.85695, 348.7375, 1517.6, 499.7626, 1129.469, 1178.101, 2308.898
80.59999999999999, 234.8662, 38.61699, 3141.609, 33.3471, 13.24035, 328.6849, 1547.675, 533.9886, 1073.021, 1101.216, 2483.884
80.7, 221.9657, 36.69309, 3040.544, 31.35604, 12.65118, 350.7216, 1622.093, 505.8545, 1019.394, 1029.349, 2559.732
80.8, 226.7547, 34.86505, 3075.705, 29.48387, 12.08823, 362.5247, 1687.881, 479.2027, 968.4474, 1070.235, 2493.816
80.90000000000001, 214.2997, 53.84329, 2896.979, 27.72348, 11.55033, 341.6794, 1730.866, 453.9551, 920.0468, 1000.389, 2414.325
81, 202.5289, 51.16083, 2838.969, 26.0682, 11.03637, 357.7559, 1642.152, 430.0377, 874.065, 1065.801, 2321.559
81.09999999999999, 257.5085, 48.612, 2811.554, 24.51174, 10.54528, 337.1847, 1557.981, 437.4013, 924.7616, 1108.835, 2244.12
81.2, 243.3643, 53.5604, 2723.501, 23.04822, 10.07604, 317.7964, 1478.124, 478.4594, 878.5443, 1324.775, 2314.471
81.3, 229.997, 214.6725, 2718.292, 21.67208, 9.627676, 299.5229, 1402.361, 453.251, 996.6844, 1238.318, 2426.732
81.40000000000001, 217.364, 203.9776, 2625.209, 20.37811, 9.199266, 282.3002, 1547.157, 458.5244, 1421.727, 1157.503, 2300.012
81.5, 222.1746, 193.8155, 2595.09, 19.1614, 8.78992, 266.0678, 1467.855, 434.3663, 1350.673, 1143.518, 2410.784
81.59999999999999, 266.1862, 184.1596, 2647.648, 18.01733, 8.398788, 250.7688, 1392.618, 557.0798, 1283.169, 1137.651, 2349.792
81.7, 332.4274, 174.9848, 2643.304, 16.94157, 51.7703, 268.0927, 1344.521, 527.7291, 1331.724, 1214.13, 2227.089
81.8, 315.441, 166.2671, 2566.407, 15.93004, 49.46664, 315.8092, 1548.117, 518.915, 1394.659, 1134.894, 2201.478
81.90000000000001, 298.1147, 157.9837, 2417.276, 14.97891, 47.26548, 305.6585, 1468.766, 537.3644, 1324.958, 1060.829, 2086.521
82, 281.7402, 150.113, 2598.122, 14.08456, 45.16228, 288.0829, 1607.445, 576.1943, 1320.298, 991.5969, 2288.637
82.09999999999999, 286.8313, 142.6344, 2483.238, 13.24362, 43.15266, 271.518, 1634.442, 545.8365, 1254.313, 926.8834, 2169.128
82.2, 271.0765, 135.5283, 2338.939, 12.45288, 41.23246, 255.9056, 1550.666, 517.0782, 1333.732, 866.3932, 2055.86
82.3, 268.6475, 128.7763, 2291.252, 11.70936, 39.39771, 398.92, 1471.185, 589.7497, 1267.076, 1149.065, 2052.112
82.40000000000001, 277.4734, 122.3607, 2158.11, 11.01023, 37.6446, 375.9819, 1395.777, 558.6777, 1203.75, 1074.075, 2036.094
82.5, 262.2327, 116.2647, 2183.604, 10.35284, 36.28108, 354.3628, 1324.234, 529.2429, 1143.59, 1003.979, 1988.55
82.59999999999999, 247.829, 110.4724, 2056.717, 9.734703, 34.66666, 333.9867, 1256.359, 501.3588, 1161.117, 938.4571, 2028.664
82.7, 234.2165, 104.9687, 2002.217, 9.153474, 54.54688, 314.7823, 1382.789, 474.9438, 1103.087, 877.2116, 1922.731
82.8, 221.3517, 99.7392, 2133.937, 8.606948, 52.11967, 298.0802, 1311.912, 449.9206, 1221.999, 819.9631, 1887.278
82.90000000000001, 257.3339, 94.77022, 2123.888, 8.093054, 49.80046, 280.9405, 1307.762, 426.2158, 1160.926, 766.4508, 1881.646
83, 243.1993, 90.04878, 2077.636, 7.609842, 47.58446, 283.5808, 1691.546, 403.7599, 1129.087, 716.4308, 1783.39
83.09999999999999, 229.8411, 85.56257, 2062.862, 7.155482, 45.46706, 317.4421, 1604.844, 382.4871, 1101.832, 669.6752, 1880.202
83.2, 274.1066, 81.29986, 1942.992, 6.72825, 43.44387, 299.1891, 1651.076, 362.3351, 1046.765, 625.9709, 1782.021
83.3, 259.0508, 77.24951, 1830.086, 6.326527, 41.51072, 287.4738, 1588.478, 343.2449, 1199.921, 585.1188, 1688.967
83.40000000000001, 244.8219, 73.40096, 1723.742, 5.94879, 39.66359, 270.9439, 1630.862, 376.4917, 1139.952, 546.9329, 1600.772
83.5, 231.3745, 69.74413, 1637.064, 5.593606, 37.89865, 255.3645, 1738.178, 376.5663, 1082.98, 511.239, 1517.182
83.59999999999999, 218.6658, 66.26949, 1782.75, 5.259628, 36.21224, 240.6809, 1711.398, 356.7262, 1028.855, 477.8745, 1511.67
83.7, 206.6552, 62.96796, 1751.803, 4.945592, 42.89492, 226.8416, 1668.442, 337.9315, 1118.569, 446.6875, 1513.449
83.8, 310.4859, 59.8309, 1766.188, 4.650306, 40.9862, 213.7981, 1720.16, 320.127, 1163.578, 417.5359, 1434.419
83.90000000000001, 293.4319, 56.85014, 1663.556, 4.37265, 59.60701, 201.5046, 1663.267, 353.5189, 1105.425, 390.2867, 1359.516
84, 277.3145, 54.01787, 1664.878, 4.111573, 56.95464, 189.9179, 1606.342, 334.8932, 1085.166, 364.8158, 1288.525
84.09999999999999, 361.1547, 51.32671, 1683.021, 3.866083, 54.42028, 178.9976, 1524.006, 317.2487, 1030.932, 341.0073, 1333.349
84.2, 341.3176, 48.76962, 1642.274, 3.635252, 51.99871, 168.7051, 1627.669, 300.534, 979.4083, 1573.195, 1541.899
84.3, 355.3172, 46.33993, 1650.101, 3.418202, 49.68488, 159.0045, 1727.607, 284.6998, 930.4598, 1998.519, 1999.624
84.40000000000001, 389.3751, 44.03128, 1572.594, 3.214112, 47.47402, 149.8616, 1639.056, 269.7, 919.7314, 2327.836, 1990.03
84.5, 369.5362, 41.83765, 1481.212, 3.022207, 45.36153, 141.2445, 1757.713, 255.4904, 972.8949, 2253.693, 1886.114
84.59999999999999, 351.1294, 39.75331, 1395.141, 2.84176, 43.34304, 133.1229, 1667.619, 242.0294, 924.272, 2274.451, 1787.624
84.7, 331.8429, 37.7728, 1331.15, 2.672087, 41.41438, 125.4682, 1719.398, 229.2777, 988.0897, 2126.016, 1694.278
84.8, 313.6158, 35.89097, 1528.289, 2.512545, 42.3171, 118.2537, 1789.307, 217.1978, 1088.24, 1987.268, 1812.019
84.90000000000001, 296.3898, 34.10289, 1439.482, 2.362529, 40.43408, 111.4541, 1697.594, 245.8704, 1033.853, 1967.047, 1717.398
85, 280.11, 68.06368, 1487.894, 2.22147, 38.63486, 105.0454, 1700.98, 232.9163, 982.1833, 2209.982, 1676.654
85.09999999999999, 416.4151, 64.67276, 1469.69, 2.088833, 36.9157, 99.00524, 1613.794, 244.9781, 933.0961, 2065.755, 1715.993
85.2, 393.5427, 65.65012, 1384.288, 1.964115, 35.27303, 93.31239, 1680.479, 272.6743, 886.4622, 1930.94, 1626.387
85.3, 499.9502, 62.37944, 1441.744, 1.846843, 33.70346, 87.94688, 1786.721, 258.308, 896.229, 1804.923, 1636.796
85.40000000000001, 472.4894, 59.27171, 1357.966, 1.736574, 85.5306, 82.88988, 1740.987, 244.6986, 851.4376, 1925.468, 1551.325
85.5, 469.5857, 56.3188, 1379.818, 1.632889, 81.72469, 78.12367, 1651.75, 231.8062, 931.773, 1799.808, 1507.28
85.59999999999999, 443.7928, 53.51301, 1299.638, 1.535394, 78.08812, 73.63152, 1567.087, 219.5931, 1138.495, 1682.349, 1489.734
85.7, 419.4166, 50.847, 1307.386, 1.44372, 148.3188, 69.39767, 1527.297, 208.0235, 1235.32, 1668.16, 1496.185
85.8, 396.3793, 48.31381, 1356.135, 1.35752, 141.719, 65.40726, 1449.013, 197.0634, 1173.582, 1559.292, 1466.528
85.90000000000001, 412.2023, 45.90683, 1433.687, 1.276467, 140.2025, 61.64631, 1508.694, 237.8809, 1159.005, 1648.68, 1389.948
86, 425.4409, 77.85877, 1350.377, 1.200253, 133.9638, 58.10162, 1496.376, 225.3477, 1181.674, 1541.084, 1660.56
86.09999999999999, 414.7931, 92.59098, 1271.908, 1.12859, 128.0027, 54.76074, 1419.677, 213.4749, 1122.617, 1440.51, 1573.849
86.2, 392.0097, 108.8396, 1206.721, 1.061205, 122.3069, 51.61197, 1346.909, 240.3418, 1151.163, 1346.499, 1613.997
86.3, 370.4778, 103.4172, 1170.441, 0.9978436, 164.6539, 48.64425, 1277.871, 227.679, 1199.481, 1258.624, 1529.717
86.40000000000001, 424.9578, 124.6322, 1257.229, 0.9382654, 157.3272, 45.84718, 1409.265, 215.6833, 1139.534, 1176.484, 1449.838
86.5, 446.8765, 118.423, 1247.264, 0.8822445, 235.6883, 164.0621, 1337.031, 204.3197, 1233.948, 1438.37, 1589.51
86.59999999999999, 422.3309, 112.5232, 1174.787, 0.8295684, 234.7659, 154.6284, 1512.308, 193.5548, 1172.278, 1344.5, 1506.508
86.7, 399.1335, 106.9173, 1106.521, 0.7800374, 224.3193, 171.2708, 1478.992, 183.357, 1113.691, 1352.816, 1462.757
86.8, 377.2103, 101.5907, 1042.223, 0.7334638, 214.3376, 161.4226, 1549.503, 173.6965, 1250.315, 1314.575, 1590.002
86.90000000000001, 480.9626, 96.52949, 1164.54, 0.6896709, 204.8001, 152.1407, 1495.666, 164.545, 1229.974, 1341.933, 1506.975
87, 454.5448, 91.72041, 1096.87, 0.6484928, 195.6869, 143.3926, 1419.003, 191.6726, 1168.503, 1343.212, 1527.612
87.09999999999999, 429.578, 87.15091, 1033.132, 0.6097733, 186.9793, 166.3152, 1560.874, 192.6662, 1110.104, 1255.552, 1488.996
87.2, 405.9826, 82.80907, 973.0977, 0.5733656, 178.6591, 156.752, 1569.81, 225.3335, 1054.624, 1173.612, 1541.447
87.3, 404.3634, 78.68353, 975.0236, 0.5391317, 170.7092, 147.7387, 1489.347, 213.4614, 1184.71, 1298.76, 1460.955
87.40000000000001, 382.153, 74.76353, 984.9289, 0.5069418, 169.457, 139.2436, 1413.009, 213.5545, 1159.632, 1214, 1498.602
87.5, 375.7124, 78.81512, 927.6957, 0.4766739, 161.9166, 131.237, 1408.507, 493.4992, 1179.879, 1134.772, 1569.858
87.59999999999999, 355.0757, 74.88857, 873.7883, 0.4482131, 278.1311, 123.6908, 1572.975, 680.227, 1120.911, 1060.715, 1487.883
87.7, 423.3712, 71.15763, 823.0134, 78.55088, 265.7549, 116.5786, 1510.513, 694.3201, 1158.132, 991.4906, 1604.18
87.8, 413.946, 67.61257, 775.189, 73.86085, 253.9294, 109.8752, 1542.421, 657.7386, 1213.883, 1039.961, 1583.657
87.90000000000001, 391.2092, 64.24413, 730.1436, 69.45084, 242.6301, 103.5573, 1523.919, 623.0846, 1232.409, 972.0914, 1500.962
88, 369.7212, 61.0435, 687.7158, 65.30415, 231.8336, 97.60273, 1445.808, 590.2563, 1363.926, 1264.014, 1490.082
88.09999999999999, 349.4135, 58.00232, 647.7534, 61.40504, 221.5176, 143.9352, 1371.701, 595.3016, 1362.191, 1295.382, 1412.273
88.2, 342.9098, 55.11266, 1141.97, 57.73873, 211.6606, 135.6589, 1301.392, 610.0728, 1294.112, 1210.843, 1844.292
88.3, 324.0748, 52.36695, 1867.453, 54.29133, 202.2421, 127.8584, 1438.358, 577.9301, 1229.436, 1131.821, 1849.229
88.40000000000001, 306.2744, 49.75804, 2885.643, 51.04976, 193.2428, 120.5065, 1516.774, 547.4809, 1167.991, 1302.853, 1880.629
88.5, 291.9211, 47.2791, 3436.949, 48.00174, 184.644, 127.3792, 1443.876, 518.6359, 1109.618, 1369.993, 1994.561
88.59999999999999, 275.8867, 44.92366, 3763.715, 45.1357, 176.4277, 120.0549, 1629.079, 491.3107, 1281.449, 1458.003, 1942.564
88.7, 260.7331, 42.68557, 3897.579, 42.44078, 168.5771, 113.1516, 1545.578, 465.4252, 1217.406, 1483.7, 1915.256
88.8, 246.4118, 40.55899, 3671.095, 39.90678, 161.0758, 106.6454, 1466.357, 635.9525, 1156.563, 1386.871, 2062.179
88.90000000000001, 232.8772, 38.53835, 3469.384, 37.52407, 153.9083, 100.5132, 1391.197, 696.5215, 1149.734, 1296.361, 2273.027
89, 220.0859, 36.61837, 3377.627, 35.28362, 147.0597, 94.73364, 1319.889, 659.8241, 1133.987, 1413.456, 2154.333
89.09999999999999, 207.9973, 34.79405, 3459.647, 33.17694, 140.5159, 89.28641, 1269.024, 625.0601, 1077.313, 1321.212, 2105.98
89.2, 267.7868, 33.06062, 3272.677, 31.19605, 134.2633, 84.15239, 1203.978, 609.5558, 1023.471, 1234.987, 2028.927
89.3, 253.0781, 31.41354, 3082.505, 29.33343, 128.2888, 79.31358, 1142.266, 577.4404, 1008.334, 1154.389, 2159.529
89.40000000000001, 248.8963, 29.84852, 2904.088, 27.58202, 122.5803, 74.75301, 1164.586, 608.7754, 1013.535, 1168.247, 2046.762
89.5, 235.2252, 28.36147, 2964.307, 25.93518, 117.1257, 70.45467, 1258.08, 576.701, 962.881, 1092.005, 2123.229
89.59999999999999, 340.7737, 26.94851, 2792.054, 24.38667, 111.9139, 66.40349, 1220.227, 567.8232, 914.7585, 1157.326, 2012.357
89.7, 322.056, 25.60594, 2888.921, 22.93062, 106.934, 62.58525, 1157.682, 658.998, 869.0411, 1158.9, 2067.163
89.8, 304.3665, 24.33026, 2721.049, 21.5615, 102.1757, 58.98656, 1167.828, 624.2776, 825.6085, 1083.268, 1959.219
89.90000000000001, 287.6485, 23.11813, 2791.392, 20.27413, 97.62909, 55.59481, 1107.969, 591.3865, 828.1766, 1012.572, 2008.601
90, 292.5309, 21.96639, 2733.209, 19.06363, 93.28481, 52.39808, 1124.55, 560.2283, 786.7863, 1121.656, 2033.991
90.09999999999999, 305.4469, 20.87202, 2700.348, 293.5145, 89.13385, 49.38516, 1066.909, 530.7117, 916.509, 1048.455, 1927.779
90.2, 288.6696, 19.83218, 2772.376, 437.5001, 85.16759, 46.54549, 1284.635, 502.7503, 870.704, 980.0308, 1827.114
90.3, 312.1653, 18.84415, 2611.276, 577.3597, 81.37783, 43.86909, 1218.789, 476.262, 941.5909, 916.0721, 1818.29
90.40000000000001, 310.4612, 17.90534, 2580.554, 546.4925, 77.7567, 83.61118, 1279.602, 451.1693, 894.5324, 970.2896, 1891.173
90.5, 293.4084, 17.0133, 2486.883, 550.86, 74.2967, 78.80349, 1214.014, 427.3987, 849.8258, 906.9666, 1792.419
90.59999999999999, 329.79, 16.1657, 2499.826, 590.3823, 70.99066, 74.27225, 1151.788, 404.8805, 807.3536, 847.7762, 1698.822
90.7, 311.6756, 15.36032, 2452.221, 585.9502, 67.83174, 159.8179, 1221.206, 383.5487, 767.004, 792.4487, 1610.112
90.8, 345.0691, 14.59508, 2357.007, 550.9649, 64.81339, 183.9442, 1275.805, 363.3408, 728.671, 1128.684, 1526.035
90.90000000000001, 326.1155, 13.86795, 2223.393, 518.0685, 61.92934, 173.3673, 1267.608, 344.1975, 915.6376, 1576.675, 1731.73
91, 332.5423, 13.17705, 2238.684, 498.1926, 59.17362, 163.3986, 1202.635, 326.0629, 869.8763, 1673.698, 1769.641
91.09999999999999, 405.522, 12.52057, 2258.857, 468.4471, 56.54053, 154.0031, 1147.112, 308.8837, 826.402, 1801.222, 1809.264
91.2, 383.2479, 11.8968, 2335.079, 440.4775, 54.0246, 145.1478, 1164.448, 292.6097, 875.3648, 2068.546, 1867.918
91.3, 362.1972, 11.30411, 2275.099, 480.0255, 51.62063, 136.8017, 1104.762, 277.1931, 881.8169, 3023.347, 2263.01
91.40000000000001, 418.0172, 10.74094, 2205.548, 451.3646, 49.32363, 128.9355, 1268.861, 262.5887, 837.7458, 3144.383, 2331.677
91.5, 395.0568, 10.20583, 2333.73, 424.415, 47.12884, 128.2425, 1203.823, 248.7538, 795.8773, 3058.312, 2472.122
91.59999999999999, 373.3575, 9.697373, 2198.12, 399.0745, 45.03172, 120.8685, 1145.946, 235.6477, 798.6007, 3143.067, 2343.031
91.7, 352.8501, 9.214252, 2070.389, 391.9336, 43.0279, 113.9185, 1137.536, 223.2322, 758.6885, 2992.764, 2220.682
91.8, 374.698, 8.755199, 1950.081, 434.1692, 41.11326, 107.3681, 1079.23, 211.4709, 792.251, 2797.451, 2339.625
91.90000000000001, 354.1169, 8.319016, 2112.596, 408.2462, 39.28382, 101.1944, 1023.913, 200.3292, 1079.237, 2866.197, 2217.453
92, 430.4501, 7.904564, 2039.928, 383.8711, 37.53578, 121.6052, 1099.828, 189.7745, 1025.299, 2760.328, 2206.464
92.09999999999999, 469.3067, 7.51076, 2061.211, 360.9514, 35.86552, 114.6129, 1154.42, 179.7759, 974.0574, 3248.837, 2442.902
92.2, 443.5291, 7.136576, 1941.436, 412.0424, 34.26958, 108.0226, 1095.249, 170.3041, 1108.044, 3770.286, 2760.145
92.3, 419.1674, 6.781033, 2042.057, 387.4407, 32.74467, 101.8112, 1039.11, 161.3313, 1052.667, 3764.768, 2659.404
92.40000000000001, 396.1438, 6.443202, 2012.002, 364.3078, 31.2876, 109.9437, 1219.565, 152.8313, 1228.277, 3614.785, 2663.706
92.5, 456.957, 6.122203, 1936.592, 342.5561, 29.89538, 147.8246, 1157.054, 144.7791, 1166.891, 3378.877, 2851.551
92.59999999999999, 431.8578, 5.817196, 1824.058, 352.5313, 28.5651, 197.9514, 1155.517, 137.1512, 1108.572, 3455.417, 2702.647
92.7, 427.7346, 50.70084, 1732.925, 382.9508, 27.29402, 186.569, 1110.784, 129.9252, 1053.169, 3388.032, 2679.884
92.8, 466.3358, 86.53947, 1650.901, 393.2553, 26.0795, 268.7897, 1053.849, 123.0798, 1000.534, 3352.891, 2539.945
92.90000000000001, 476.8375, 82.22809, 1593.406, 369.7752, 24.91902, 289.3047, 1331.812, 116.5952, 1083.803, 3297.554, 2407.313
93, 489.5215, 91.64716, 1775.854, 366.4951, 23.81018, 272.6695, 1419.059, 110.4522, 1112.859, 3246.514, 2418.005
93.09999999999999, 475.9349, 87.08131, 1851.923, 360.8484, 22.75068, 256.9908, 1474.69, 104.6328, 1098.9, 3034.641, 2291.74
93.2, 540.9657, 82.74294, 1744.31, 339.3032, 67.18634, 242.2137, 1399.103, 99.12004, 1043.98, 3047.628, 2334.715
93.3, 511.2521, 78.6207, 1642.95, 319.0445, 64.1967, 233.4951, 1845.934, 93.89774, 1080.447, 2848.734, 2631.145
93.40000000000001, 483.1705, 74.70383, 1547.48, 299.9953, 61.3401, 301.6936, 2008.388, 88.95058, 1099.132, 2724.309, 2493.751
93.5, 545.7807, 70.98209, 1707.376, 282.53, 58.6106, 284.3461, 2952.49, 84.26407, 1118.56, 2766.568, 2363.531
93.59999999999999, 515.8026, 67.44578, 1608.162, 265.661, 56.00256, 297.8939, 3925.071, 79.82447, 1085.466, 2837.325, 2240.112
93.7, 594.9001, 64.08564, 1521.623, 293.7393, 93.34329, 397.5115, 4487.752, 75.61878, 1093.708, 2697.05, 2123.137
93.8, 562.224, 60.89291, 1510.173, 276.2011, 417.2243, 442.4974, 5065.426, 71.63468, 1061.06, 2691.511, 2167.124
93.90000000000001, 531.3427, 57.85923, 1428.45, 264.5714, 1006.312, 484.469, 5283.958, 67.86049, 1162.389, 2515.858, 2090.704
94, 502.1577, 54.9767, 1545.754, 323.8157, 1380.579, 456.6118, 5305.673, 64.28514, 1104.296, 2351.668, 2052.837
94.09999999999999, 474.5757, 52.23777, 1650.839, 304.4817, 1724.926, 430.3563, 5149.453, 60.89817, 1251.317, 2198.194, 1993.671
94.2, 448.5086, 49.63529, 1554.91, 286.302, 2074.192, 409.9929, 4964.154, 57.68965, 1318.872, 2054.736, 2013.757
94.3, 447.3974, 47.16247, 1464.556, 269.2078, 2083.029, 386.4181, 4996.067, 54.65017, 1252.958, 1920.64, 1997.372
94.40000000000001, 490.4529, 121.4342, 1606.456, 253.1342, 1990.339, 364.1989, 5062.567, 51.77083, 1190.338, 1795.295, 1893.073
94.5, 463.5138, 118.8243, 1513.107, 238.0204, 1901.773, 343.2572, 4985.54, 49.0432, 1169.979, 1813.794, 1794.22
94.59999999999999, 462.1432, 112.9045, 1425.182, 270.5191, 2041.036, 323.5197, 4827.551, 46.45927, 1216.482, 1797.664, 1772.292
94.7, 824.0021, 107.2796, 1359.558, 254.3672, 1950.215, 304.9172, 4834.187, 44.01149, 1155.686, 1803.149, 1861.896
94.8, 1852.833, 101.9349, 1337.106, 321.2515, 1863.435, 287.3843, 4586.404, 41.69267, 1375.114, 1685.472, 1764.671
94.90000000000001, 1751.062, 96.85655, 1362.36, 429.6212, 1811.086, 1199.228, 4493.42, 39.49602, 1306.389, 1575.475, 1672.523
95, 1727.175, 92.03117, 1453.132, 403.9698, 1824.419, 2243.336, 4400.098, 37.41511, 1241.099, 1599.962, 1585.187
95.09999999999999, 1632.306, 87.4462, 1368.692, 420.4829, 1743.236, 2481.378, 4379.279, 35.44383, 1179.071, 1495.545, 1502.411
95.2, 1686.173, 83.08965, 1289.159, 395.3772, 1800.806, 2579.229, 4312.36, 33.57641, 1120.144, 1490.37, 1423.958
95.3, 1593.556, 78.95013, 1248.585, 371.7704, 1895.458, 2430.922, 4354.628, 31.80738, 1196.576, 1491.227, 1349.601
95.40000000000001, 1635.487, 75.01685, 1278.891, 349.5732, 1811.114, 2391.505, 4131.425, 30.13156, 1136.774, 1393.907, 1279.127
95.5, 1769.065, 71.27953, 1204.576, 346.3327, 1730.524, 2295.813, 4063.764, 28.54403, 1079.96, 1302.938, 1479.788
95.59999999999999, 1682.954, 67.72839, 1134.58, 363.0041, 1717.941, 2175.892, 3876.131, 27.04013, 1025.987, 1416.28, 1402.516
95.7, 1607.151, 64.35418, 1068.65, 341.3302, 1641.496, 2237.611, 3893.329, 25.61548, 974.7102, 1383.716, 1329.279
95.8, 1518.875, 61.14806, 1157.317, 320.9504, 1568.454, 2236.958, 3791.708, 24.26588, 971.3453, 1441.663, 1259.867
95.90000000000001, 1556.583, 58.10168, 1211.709, 338.9619, 1808.687, 2217.099, 3597.359, 22.98739, 978.2769, 1395.54, 1248.137
96, 1502.968, 55.20706, 1178.393, 318.7236, 1728.204, 2089.857, 3590.586, 21.77626, 929.385, 1304.464, 1234.288
96.09999999999999, 1420.415, 52.45665, 1226.13, 299.6936, 1651.303, 1983.289, 3565.15, 20.62894, 882.9366, 1265.857, 1169.836
96.2, 1420.15, 49.84327, 1176.798, 281.7998, 1577.824, 1974.908, 3383.827, 19.54207, 988.7917, 1273.241, 1156.982
96.3, 1392.208, 47.36009, 1153.205, 264.9744, 1588.864, 1973.526, 3298.975, 18.51247, 939.3743, 1190.146, 1276.674
96.40000000000001, 1317.845, 45.00062, 1086.193, 249.1536, 1518.163, 1860.047, 3338.865, 17.53711, 1002.221, 1206.356, 1247.313
96.5, 1343.555, 42.75869, 1023.076, 302.5992, 1450.609, 1850.037, 3214.638, 211.8247, 952.1321, 1329.953, 1882.264
96.59999999999999, 1296.866, 40.62846, 1041.551, 385.3806, 1530.751, 1855.765, 3309.567, 403.7387, 1017.463, 1329.955, 2341.756
96.7, 2073.436, 38.60436, 981.028, 384.2056, 1462.636, 2633.975, 3139.931, 382.467, 983.7944, 1243.159, 2518.411
96.8, 2740.476, 36.6811, 1052.84, 361.2659, 1397.552, 2992.262, 3054.513, 419.4747, 1053.224, 1431.873, 2417.87
96.90000000000001, 2751.335, 34.85365, 991.6603, 344.3364, 1432.931, 2820.205, 2897.95, 397.374, 1000.586, 1338.426, 2446.813
97, 2728.966, 33.11725, 951.6215, 323.7772, 1369.169, 2822.252, 2999.767, 376.4377, 950.579, 1654.85, 2438.954
97.09999999999999, 2738.836, 31.46735, 896.3237, 317.0832, 1358.412, 2659.971, 3045.77, 356.6044, 903.0714, 1858.76, 2561.669
97.2, 2616.385, 29.89966, 987.7009, 298.1511, 1351.36, 2565.089, 2923.665, 337.8161, 946.6138, 1865.039, 2471.092
97.3, 2508.471, 28.41006, 941.254, 336.6438, 1328.482, 2536.659, 3006.79, 320.0177, 899.3043, 1743.323, 2495.281
97.40000000000001, 2370.688, 26.99468, 886.5588, 346.7404, 1473.301, 2612.623, 2910.414, 303.157, 941.7156, 1629.55, 2451.364
97.5, 2285.206, 25.64981, 836.3559, 326.0376, 1848.939, 2502.063, 2761.236, 287.1847, 1001.668, 1523.203, 2461.327
97.59999999999999, 2315.224, 24.37194, 879.705, 306.5709, 1777.436, 2358.193, 2769.636, 352.4948, 951.6067, 1709.985, 2442.48
97.7, 2296.468, 23.15773, 828.5863, 288.2665, 1698.344, 2251.918, 2627.674, 333.923, 904.0477, 1671.632, 2440.988
97.8, 2205.215, 22.00402, 780.438, 271.055, 1666.11, 2122.431, 2631.361, 316.3297, 930.7253, 1738.128, 2313.523
97.90000000000001, 2084.089, 20.90778, 833.6772, 254.8711, 1781.815, 2049.764, 2546.327, 299.6634, 884.2098, 1674.344, 2244.814
98, 2095.475, 19.86616, 785.2332, 239.6535, 1702.528, 2025.367, 2668.904, 283.8751, 840.0192, 1623.438, 2127.594
98.09999999999999, 1998.119, 18.87643, 739.6041, 225.3446, 1635.17, 1983.221, 2610.782, 268.9186, 798.037, 1698.05, 2099.882
98.2, 1936.549, 17.93601, 820.9983, 211.8899, 1683.975, 1921.444, 2567.402, 254.7502, 789.2048, 1587.232, 2184.845
98.3, 1962.941, 17.04244, 1027.328, 208.1163, 1609.042, 1983.111, 2578.122, 420.6516, 819.9662, 1483.646, 2294.79
98.40000000000001, 1855.122, 16.19339, 1014.342, 218.6978, 1537.443, 1869.081, 2445.976, 398.4888, 799.6588, 1386.821, 2216.546
98.5, 1753.226, 15.38664, 1067.472, 205.6401, 1610.91, 1765.662, 2437.757, 377.4938, 790.0982, 1512.531, 2145.914
98.59999999999999, 1935.557, 14.62008, 1014.323, 206.514, 1606.221, 1698.576, 2342.028, 357.6049, 795.4741, 1413.821, 2183.576
98.7, 1829.243, 13.89171, 1045.739, 194.1837, 1534.748, 1760.259, 2339.671, 338.7639, 800.278, 1321.552, 2138.932
98.8, 1866.612, 13.19963, 1100.218, 272.5744, 1489.058, 1662.266, 2350.146, 320.9155, 760.282, 1235.305, 2306.774
98.90000000000001, 1764.085, 12.54202, 1036.285, 256.2999, 1422.799, 1566.685, 2403.436, 304.0075, 722.2849, 1291.749, 2186.318
99, 1787.27, 11.91718, 976.0676, 240.997, 1582.173, 1476.6, 2283.526, 287.9904, 686.1868, 1352.294, 2072.152
99.09999999999999, 1716.43, 11.32347, 935.9166, 226.6078, 1511.77, 1391.694, 2166.48, 272.8171, 815.9707, 1264.041, 1963.948
99.2, 1622.152, 10.75934, 1022.644, 213.0777, 1454.565, 1474.372, 2055.434, 258.4433, 775.1904, 1181.547, 1861.394
99.3, 1631.259, 10.22331, 1064.357, 245.0934, 1526.172, 1389.594, 1950.258, 244.8268, 950.2736, 1104.437, 1906.064
99.40000000000001, 1704.946, 9.713984, 1002.508, 230.4596, 1469.798, 1375.103, 1905.175, 231.9277, 937.0555, 1032.36, 1897.375
99.5, 1611.298, 9.230036, 944.2537, 216.6995, 1406.918, 1389.281, 1874.28, 219.7082, 890.2238, 964.986, 1891.307
99.59999999999999, 1522.794, 8.770197, 952.5414, 292.799, 1344.313, 1453.224, 1898.218, 208.1325, 845.7325, 902.0092, 1982.165
99.7, 1626.018, 8.333267, 897.1903, 275.3169, 1393.999, 1482.108, 1865.588, 197.1667, 882.0067, 843.1423, 1878.66
99.8, 1613.485, 7.918105, 845.0555, 258.8786, 1331.969, 1470.081, 1769.965, 186.7786, 837.9261, 946.5568, 1780.56
99.90000000000001, 1555.958, 7.523626, 795.9503, 243.4217, 1272.7, 1508.402, 1855.773, 176.9379, 846.7803, 982.0383, 1857.261
100, 1545.366, 7.1488, 770.9021, 279.6409, 1248.964, 1421.668, 1898.859, 167.6156, 804.4603, 917.9487, 2067.24
100.1, 1460.484, 6.792648, 798.9178, 262.9444, 1340.978, 1339.922, 1841.94, 158.7845, 764.2552, 858.0416, 1959.292
100.2, 1390.277, 6.45424, 752.4935, 247.2448, 1281.307, 1262.875, 1895.601, 150.4187, 726.0596, 1070.349, 1856.981
100.3, 1440.876, 6.132691, 738.0022, 232.4826, 1264.364, 1190.259, 1798.439, 142.4936, 877.1043, 1000.496, 1901.494
100.4, 1361.733, 5.827161, 695.1177, 218.6018, 1226.399, 1251.987, 1988.611, 134.9861, 833.2687, 1058.751, 1802.201
100.5, 1393.536, 5.536853, 654.7252, 228.7148, 1171.827, 1179.997, 1886.681, 127.8741, 791.624, 989.6547, 1708.093
100.6, 1316.993, 5.261008, 616.6798, 215.0589, 1119.683, 1112.147, 1789.977, 121.1368, 795.6141, 925.0679, 1735.603
100.7, 1244.655, 4.998906, 580.8452, 202.2184, 1147.053, 1194.437, 1748.282, 114.7545, 755.8513, 864.6962, 1702.36
100.8, 1274.888, 4.749861, 547.0929, 190.1446, 1176.107, 1125.756, 1658.672, 108.7085, 718.0756, 808.2645, 1613.466
100.9, 1251.305, 4.513224, 534.0655, 200.6971, 1201.218, 1145.245, 1672.903, 102.981, 682.1879, 755.5156, 1740.441
101, 1183.864, 4.288376, 503.0315, 188.7141, 1235.696, 1079.393, 1809.079, 97.55527, 728.8651, 706.2092, 1649.558
101.1, 1188.52, 4.07473, 482.9829, 177.4465, 1180.71, 1017.327, 1716.352, 92.41541, 765.0026, 810.1107, 1563.421
101.2, 1166.511, 3.871727, 454.9173, 166.8517, 1128.171, 958.8305, 1628.378, 87.54635, 726.7697, 757.2413, 1535.862
101.3, 1102.438, 3.678839, 428.4826, 156.8895, 1148.242, 987.407, 1544.913, 82.93382, 690.4474, 707.8223, 1635.156
101.4, 1041.885, 3.49556, 403.5839, 147.5221, 1097.147, 930.6306, 1554.229, 78.56432, 655.9406, 933.5801, 1549.771
101.5, 1053.676, 3.321412, 496.7953, 138.7141, 1101.575, 929.6138, 1474.564, 74.42502, 623.1582, 1392.03, 1603.745
101.6, 995.8007, 3.155939, 475.6674, 130.4319, 1059.807, 876.1605, 1553.844, 70.50381, 592.0142, 1499.431, 1520
101.7, 991.0917, 2.998711, 448.0268, 122.6442, 1020.229, 825.7808, 1529.949, 66.78919, 811.2941, 1401.575, 1803.302
101.8, 1022.744, 2.849316, 421.9925, 115.3215, 974.8309, 778.298, 1585.196, 63.27029, 959.3076, 1310.106, 1709.137
101.9, 1157.686, 2.707363, 397.4709, 268.8042, 931.4532, 881.5844, 1503.944, 59.93679, 965.4664, 1224.606, 1619.889
102, 1094.098, 2.572483, 374.3743, 949.6528, 1151.785, 1077.177, 1586.78, 56.77892, 998.1163, 1144.686, 1535.301
102.1, 1034.003, 2.444322, 352.6198, 2054.362, 1161.19, 1067.14, 1505.447, 53.78742, 948.2328, 1069.981, 1455.13
102.2, 1086.06, 2.322546, 332.1295, 2502.381, 1109.519, 1005.779, 1558.25, 50.95354, 900.8425, 1254.618, 1379.146
102.3, 1026.406, 2.206838, 312.8298, 2613.616, 1060.148, 967.6301, 1706.541, 48.26897, 855.8205, 1894.26, 1703.928
102.4, 1067.042, 2.096893, 294.6516, 2480.47, 1012.974, 942.2627, 1619.07, 45.72583, 813.0486, 2189.705, 2124.759
102.5, 1092.301, 1.992426, 277.5297, 2373.358, 988.5256, 888.0821, 1612.88, 43.31669, 839.4879, 2794.345, 2174.009
102.6, 1170.528, 1.893164, 261.4028, 2231.652, 944.5385, 837.0169, 1530.209, 41.03448, 825.2138, 2969.328, 2109.797
102.7, 1106.235, 1.798847, 412.0929, 2277.988, 910.6669, 788.888, 1586.976, 38.87251, 915.9047, 2775.544, 2083.45
102.8, 1217.605, 1.709229, 484.2263, 2230.513, 870.1443, 743.5265, 1598.235, 36.82444, 913.9868, 2650.062, 2058.284
102.9, 1150.725, 1.624075, 456.0884, 2181.956, 938.0021, 785.6707, 1516.316, 34.88428, 868.3079, 2548.87, 2078.219
103, 1089.787, 1.543164, 429.5856, 2208.531, 943.6811, 753.1393, 1438.595, 33.04635, 824.912, 2465.134, 1969.698
103.1, 1029.928, 1.466284, 404.6228, 2076.667, 953.8986, 744.3975, 1609.391, 31.30525, 783.6849, 2304.255, 1866.844
103.2, 973.3572, 1.393234, 381.1106, 1998.872, 911.4523, 701.5942, 1526.899, 29.65588, 872.1105, 2290.896, 1915.257
103.3, 1055.67, 1.323823, 411.8224, 2024.402, 870.8947, 661.2521, 1448.636, 28.09341, 949.1263, 2141.387, 1919.91
103.4, 1052.538, 1.257871, 387.8918, 1903.531, 832.1419, 646.8842, 1374.384, 26.61326, 901.6913, 2090.764, 1926.159
103.5, 994.7249, 1.195204, 365.3518, 1789.877, 802.4381, 728.2347, 1471.134, 25.21109, 856.6269, 2288.182, 1825.578
103.6, 940.0876, 1.135659, 417.8107, 1683.009, 848.4279, 686.3608, 1569.824, 23.8828, 813.8148, 2138.851, 1812.611
103.7, 981.1799, 1.079081, 393.5322, 1667.415, 810.6747, 700.9124, 1489.36, 22.6245, 773.1423, 2127.392, 1917.839
103.8, 927.2866, 1.025321, 370.6644, 1668.019, 951.4791, 690.9098, 1413.021, 21.43249, 734.5025, 1988.555, 1948.738
103.9, 876.3536, 86.69053, 349.1255, 1568.426, 909.1404, 651.1821, 1340.594, 20.30328, 697.7938, 1858.778, 1846.978
104, 903.5118, 132.4193, 328.8382, 1474.781, 872.9404, 707.5321, 1271.88, 19.23357, 662.9197, 1906.022, 1750.532
104.1, 891.5493, 345.188, 404.5375, 1500.685, 972.7386, 666.8486, 1206.688, 18.22021, 629.7886, 1781.632, 1705.491
104.2, 887.2029, 327.9908, 381.0303, 1518.805, 929.454, 628.5045, 1341.183, 17.26025, 795.3564, 1713.202, 1814.395
104.3, 884.0485, 311.6503, 358.889, 1428.122, 920.0805, 674.2733, 1364.497, 16.35086, 755.6064, 2182.247, 1719.65
104.4, 835.4904, 296.1239, 741.4423, 1448.414, 879.139, 635.5022, 1366.203, 15.48939, 717.843, 2496.641, 1947.804
104.5, 867.7913, 304.5901, 720.9882, 1438.632, 840.0193, 703.5544, 1385.546, 14.67331, 681.9669, 2385.785, 1846.093
104.6, 820.1261, 289.4155, 679.0923, 1512.225, 814.1465, 714.5333, 1314.528, 13.90022, 647.8839, 2497.798, 1749.693
104.7, 787.8231, 274.9969, 713.2355, 1421.935, 777.9189, 673.4473, 1469.027, 13.16786, 859.6185, 2509.655, 1808.105
104.8, 744.5503, 510.3064, 671.7902, 1337.035, 807.7207, 634.7237, 1419.038, 12.47409, 816.6568, 3140.131, 1849.688
104.9, 830.7351, 484.883, 632.7532, 1257.205, 880.5974, 598.2267, 1346.303, 11.81687, 775.8422, 3223.184, 1840.101
105, 845.2682, 460.7262, 595.9846, 1182.141, 841.4128, 563.8284, 1378.165, 11.19428, 797.6667, 3012.833, 1924.409
105.1, 812.9534, 437.7729, 564.1608, 1210.358, 867.3848, 559.1682, 1307.526, 10.60449, 865.7775, 2816.209, 1931.865
105.2, 858.7849, 415.9631, 623.1015, 1214.447, 828.7881, 579.1831, 1383.204, 10.04578, 1049.568, 2719.866, 2008.938
105.3, 889.9463, 395.2399, 645.8526, 1141.936, 791.9089, 545.8798, 1347.426, 9.516497, 997.1126, 2813.315, 2043.173
105.4, 862.0523, 375.5491, 741.0364, 1085.093, 756.6707, 514.4914, 1390.033, 9.015104, 947.2793, 2629.713, 2183.221
105.5, 898.8633, 356.8393, 697.9755, 1020.306, 870.9572, 484.9079, 1398.954, 8.540129, 899.9365, 3022.461, 2140.428
105.6, 887.4097, 339.0616, 657.4169, 1116.753, 832.2016, 457.0254, 1586.463, 8.090178, 854.9598, 3268.487, 2294.072
105.7, 838.6669, 359.6891, 619.2151, 1103.652, 795.1705, 498.5837, 1534.2, 7.663933, 812.231, 3116.803, 2266.828
105.8, 841.0884, 390.3464, 684.9011, 1132.702, 842.28, 469.9149, 1455.563, 7.260146, 771.6376, 3051.335, 2255.438
105.9, 794.89, 377.2599, 645.1022, 1104.091, 804.8005, 442.8945, 1380.956, 6.877633, 733.0731, 3020.458, 2137.663
106, 751.2291, 358.4649, 701.5417, 1038.169, 814.5902, 474.162, 1310.173, 6.515273, 864.27, 2906.694, 2065.91
106.1, 718.455, 340.6062, 686.0078, 976.1833, 977.5726, 446.8974, 1319.082, 6.172005, 892.9913, 2744.62, 2064.401
106.2, 686.1379, 323.6373, 646.1447, 917.8984, 934.0729, 421.2006, 1251.47, 5.846822, 848.3618, 2725.098, 2018.572
106.3, 752.7366, 307.5137, 608.5979, 863.0935, 892.5087, 396.9813, 1187.324, 5.538773, 805.9626, 2547.253, 2002.087
106.4, 711.3911, 292.1935, 573.2329, 946.9337, 852.7941, 374.1547, 1180.432, 5.246953, 765.6826, 2510.86, 1897.541
106.5, 740.0983, 277.6364, 915.4402, 890.3952, 815.0946, 483.7154, 1258.995, 4.970509, 727.4156, 2346.997, 1798.455
106.6, 699.4469, 309.334, 1288.994, 837.2324, 865.9408, 505.59, 1194.463, 4.708629, 691.0611, 2273.896, 2232.707
106.7, 676.0067, 293.9231, 1214.092, 787.2438, 827.4084, 530.4285, 1133.239, 4.460547, 656.5235, 2282.374, 2508.356
106.8, 638.8757, 279.2799, 1382.227, 740.2399, 790.5906, 630.9036, 1158.219, 4.225535, 623.712, 2249.092, 2535.819
106.9, 714.5874, 265.3662, 1301.907, 696.0425, 755.4111, 594.6263, 1098.853, 4.002906, 812.7617, 2102.312, 2521.851
107, 675.3373, 252.1457, 1469.265, 709.9001, 762.4222, 560.4349, 1042.529, 3.792006, 772.1418, 2192.872, 2604.112
107.1, 1247.293, 239.5838, 1441.289, 667.5142, 747.671, 528.2096, 1050.78, 3.592218, 794.0814, 2049.761, 2597.112
107.2, 2068.171, 230.8701, 1388.245, 735.4125, 766.6859, 497.8372, 996.9203, 3.402956, 754.3951, 1915.99, 2561.412
107.3, 2806.114, 219.3682, 1307.576, 702.1265, 732.5701, 469.2113, 1039.601, 3.223665, 716.6922, 1982.7, 2427.659
107.4, 2775.188, 208.4393, 1348.81, 660.2047, 699.9724, 442.2314, 1130.256, 3.053821, 680.8737, 2068.773, 2343.947
107.5, 2887.741, 221.7383, 1451.531, 722.5815, 668.8253, 416.8029, 1072.323, 2.892925, 646.8452, 1933.761, 2290.96
107.6, 2854.445, 210.6913, 1367.184, 679.4384, 663.0418, 392.8365, 1022.975, 2.740506, 614.5175, 1807.56, 2270.57
107.7, 2798.315, 200.1947, 1287.739, 638.8712, 633.538, 370.2481, 970.5412, 2.596118, 583.8054, 1689.595, 2152.004
107.8, 2644.612, 190.2211, 1212.909, 607.555, 605.347, 348.9587, 920.7947, 2.459337, 606.4697, 1579.329, 2166.642
107.9, 2745.557, 180.7443, 1189.928, 571.2797, 620.6926, 328.8934, 923.1299, 2.329763, 735.1678, 1476.259, 2150.55
108, 2631.361, 174.0696, 1228.887, 537.1703, 593.0732, 309.9818, 910.3787, 2.207016, 1141.105, 1583.714, 2179.067
108.1, 2539.256, 229.8001, 1157.478, 505.0976, 595.2988, 292.1577, 863.7159, 2.090735, 1084.076, 1604.209, 2065.28
108.2, 2421.985, 218.3515, 1116.56, 491.8746, 568.8093, 324.0067, 934.3067, 1.980581, 1029.896, 1499.515, 1957.435
108.3, 2345.847, 207.4733, 1197.669, 462.5063, 543.4986, 325.4915, 927.6161, 1.876231, 978.4245, 1401.654, 1927.136
108.4, 2299.004, 197.137, 1128.073, 434.8914, 519.3141, 306.7755, 880.0698, 1.777379, 929.5252, 1310.179, 2044.49
108.5, 2172.727, 187.3156, 1117.048, 438.1641, 496.2058, 289.1357, 893.9966, 1.683734, 883.0698, 1224.674, 1937.731
108.6, 2104.354, 177.9836, 1185.494, 418.8894, 474.1258, 272.5103, 848.1735, 1.595024, 838.936, 1300.526, 1836.546
108.7, 2116.95, 169.1165, 1144.527, 446.2355, 453.0283, 256.8408, 804.6991, 1.510987, 797.008, 1331.892, 1859.695
108.8, 2105.741, 187.2139, 1121.188, 419.5922, 432.8695, 242.0723, 910.8253, 1.431378, 915.9256, 1361.584, 1919.751
108.9, 2030.663, 177.8869, 1092.993, 435.8905, 413.6078, 254.6998, 864.1396, 1.355964, 980.5082, 2280.563, 2170.449
109, 1993.572, 196.0765, 1036.921, 456.8833, 395.2032, 240.0545, 1046.292, 1.284523, 931.5048, 2480.923, 2147.732
109.1, 2018.092, 198.9116, 1063.296, 558.7507, 377.6176, 244.2682, 1254.778, 1.216845, 884.9504, 2374.649, 2035.581
109.2, 1907.648, 189.0019, 1050.885, 558.1351, 360.8145, 230.2227, 1547.532, 1.152734, 961.8456, 2264.948, 1929.286
109.3, 2069.189, 179.5858, 989.8191, 524.8106, 344.759, 216.9847, 1468.211, 1.092, 913.7749, 2350.015, 1937.206
109.4, 2085.338, 185.7463, 932.3018, 493.4758, 329.418, 264.9649, 1392.956, 1.034466, 1045.292, 2292.812, 2019.774
109.5, 2011.128, 176.4925, 975.7003, 464.0118, 314.7597, 249.7292, 1321.558, 0.9799637, 993.0507, 3221.923, 2154.709
109.6, 2009.211, 167.6996, 919.0034, 749.933, 300.7536, 542.6399, 1630.048, 0.9283326, 943.4204, 3702.583, 2361.793
109.7, 1995.512, 159.3449, 1081.075, 1512.045, 287.3707, 1627.627, 1546.498, 0.8794218, 1112.637, 3819.548, 2394.733
109.8, 1885.904, 151.4063, 1018.255, 1422.547, 274.5834, 1860.978, 1625.7, 0.833088, 1170.565, 3685.655, 2320.06
109.9, 1906.707, 143.8633, 1094.78, 1464.197, 305.6789, 1986.077, 1566.341, 0.7891954, 1417.507, 3511.887, 2394.165
110, 1873.929, 136.696, 1031.164, 1376.774, 312.5816, 1871.876, 1555.731, 0.7476153, 1465.842, 3339.269, 2269.145
110.1, 1771, 145.0324, 971.244, 1334.723, 302.4529, 2149.586, 1475.99, 0.7082259, 1392.583, 3630.874, 2150.654
110.2, 2325.791, 137.8069, 914.8061, 1255.031, 427.4516, 2649.185, 1400.336, 0.6709118, 1322.985, 3393.917, 2107.371
110.3, 3001.497, 130.9414, 861.6477, 1414.956, 671.5027, 3263.568, 1328.56, 0.6355637, 1256.865, 3172.423, 1997.328
110.4, 3753.262, 286.4898, 880.9106, 1943.682, 641.6224, 3778.667, 1260.462, 0.602078, 1194.05, 2965.385, 1893.031
110.5, 3923.242, 273.7319, 974.0439, 2861.915, 663.2988, 3851.307, 1195.856, 0.5703565, 1134.374, 2771.858, 1846.653
110.6, 3863.128, 260.0947, 1032.948, 3252.518, 1038.366, 3823.168, 1134.56, 0.5403063, 1077.681, 2590.961, 1793.745
110.7, 3890.239, 247.1368, 972.9243, 3244.744, 1498.189, 4030.28, 1076.407, 0.5118393, 1023.821, 2421.87, 1700.078
110.8, 3886.497, 324.6012, 916.3887, 3616.934, 1745.045, 3798.553, 1021.234, 0.4848722, 972.6529, 2263.814, 1888.106
110.9, 3947.799, 361.7338, 863.1383, 3575.368, 2082.341, 3677.955, 968.8891, 0.4593259, 1070.076, 2116.074, 1959.684
111, 4007.211, 472.2065, 850.5845, 3629.812, 2235.627, 3619.617, 919.2272, 0.4351256, 1405.084, 1977.975, 1907.075
111.1, 3830.388, 602.3157, 1026.576, 3582.724, 2623.598, 3617.389, 1093.87, 0.4122002, 1334.861, 2043.069, 1982.859
111.2, 3786.526, 619.9951, 1028.109, 3438.554, 2803.974, 3523.182, 1496.869, 0.3904828, 1459.391, 1909.734, 1879.317
111.3, 3724.064, 651.5728, 968.3666, 3233.249, 2988.634, 3679.138, 2183.228, 0.3699095, 1509.902, 1828.197, 1781.182
111.4, 3519.512, 619.1115, 912.0958, 3040.201, 3089.146, 3578.783, 2071.323, 0.3504202, 1584.931, 1923.892, 1688.172
111.5, 3326.196, 588.2675, 859.0949, 2858.68, 2951.686, 3373.001, 1965.154, 300.6405, 1505.72, 2019.306, 1600.018
111.6, 3295.315, 558.9601, 809.1738, 2687.997, 2879.925, 3365.938, 1866.943, 459.078, 1430.468, 1952.716, 1516.468
111.7, 3425.701, 531.1128, 766.7223, 2986.926, 3596.073, 3402.696, 2143.089, 465.2541, 1358.977, 1825.278, 1437.281
111.8, 3534.207, 504.6528, 722.1689, 2923.96, 3752.191, 3207.039, 2033.242, 440.7414, 1291.058, 1871.81, 1362.228
111.9, 3386.9, 479.5111, 680.2044, 2877.728, 3643.505, 3317.662, 1932.731, 417.5202, 1226.534, 2539.462, 1489.524
112, 3311.451, 455.6219, 640.6785, 2873.941, 3583.917, 3126.895, 1970.463, 395.5224, 1165.235, 2460.74, 1527.059
112.1, 3129.563, 432.9229, 603.4493, 2738.356, 4080.844, 2964.188, 1869.464, 374.6837, 1106.999, 2300.148, 1936.886
112.2, 2971.009, 411.3548, 571.9237, 2613.534, 4211.514, 2835.209, 1773.642, 354.9428, 1051.674, 2221.369, 1835.745
112.3, 2844.041, 390.8612, 538.6898, 2457.488, 4024.111, 2815.62, 1682.732, 336.242, 999.114, 2292.514, 1739.885
112.4, 2953.789, 391.6048, 507.3871, 2630.029, 4295.202, 2698.412, 1898.143, 713.6662, 949.1807, 2269.323, 1649.032
112.5, 2943.524, 372.0951, 477.9034, 2585.414, 4104.075, 2778.629, 1800.851, 713.1451, 901.7429, 2435.993, 1562.922
112.6, 2781.845, 353.5574, 450.133, 2500.676, 4168.274, 2877.961, 1786.072, 811.3346, 856.676, 2277.015, 1575.245
112.7, 2775.079, 335.9432, 449.7889, 2590.881, 3982.795, 2712.477, 1694.524, 915.4556, 813.8613, 2128.413, 1664.391
112.8, 2660.613, 319.2066, 423.6522, 2436.187, 3805.57, 2702.664, 1618.123, 867.2233, 773.1865, 2184.354, 1577.479
112.9, 2642.934, 303.3038, 399.0342, 2431.439, 3636.231, 2618.741, 1535.183, 821.5322, 734.5444, 2135.162, 1495.106
113, 2497.765, 288.1932, 375.8468, 2426.625, 3474.427, 2468.162, 1456.495, 778.2484, 697.8337, 2192.327, 1417.034
113.1, 2411.415, 273.8355, 408.45, 2394.316, 3723.492, 2326.32, 1381.841, 828.1302, 662.9576, 2049.252, 1510.337
113.2, 2339.038, 260.1931, 411.2308, 2394.766, 3673.867, 2531.944, 1311.012, 784.4987, 629.8246, 1915.514, 1431.469
113.3, 2311.738, 247.2303, 388.5984, 2251.782, 4385.223, 2386.355, 1582.037, 743.1661, 778.0234, 1790.504, 1574.858
113.4, 2184.761, 234.9133, 366.0174, 2260.579, 4190.091, 2310.257, 1500.947, 704.0111, 739.1397, 1790.518, 1492.622
113.5, 2317.323, 266.4163, 344.7485, 2273.328, 4770.635, 2310.283, 1521.746, 666.9191, 702.1993, 1866.589, 1414.679
113.6, 2190.039, 253.6247, 324.7156, 2305.923, 4862.591, 2297.991, 1525.179, 631.7813, 667.105, 1744.772, 1340.807
113.7, 2099.612, 240.9891, 333.291, 2168.244, 4646.217, 2165.855, 1447.004, 598.4949, 734.8565, 1630.905, 1270.793
113.8, 1984.287, 228.9831, 313.9239, 2061.344, 4764.047, 2163.177, 1372.836, 771.9826, 698.1301, 1524.469, 1522.235
113.9, 1875.296, 217.5752, 295.6821, 2086.167, 5017.906, 2170.536, 1302.469, 751.7139, 663.2393, 1424.979, 1442.746
114, 1905.706, 206.7356, 364.4761, 2230.266, 5152.361, 2170.74, 1321.753, 911.8215, 630.0922, 1331.983, 1367.409
114.1, 2005.792, 269.8837, 344.7702, 2108.626, 4923.093, 2227.457, 1254.005, 863.7806, 598.6017, 1245.055, 1296.005
114.2, 1956.697, 256.4381, 362.0706, 2084.691, 4827.105, 2099.377, 1329.656, 818.2709, 568.685, 1163.8, 1228.33
114.3, 1887.302, 243.6624, 465.8018, 2311.547, 4848.903, 2047.371, 1261.502, 939.2313, 540.2635, 1087.848, 1164.188
114.4, 1875.316, 231.5232, 438.7345, 2484.092, 4699.863, 1930.272, 1196.842, 889.7463, 513.2624, 1016.853, 1103.396
114.5, 1772.311, 338.2103, 470.2807, 2434.977, 4490.729, 1880.904, 1135.496, 842.8685, 487.6108, 1370.454, 1045.779
114.6, 1674.963, 321.3607, 442.9532, 2428.597, 4323.264, 1974.18, 1077.294, 798.4606, 961.8069, 1281.015, 991.1699
114.7, 1582.962, 468.3131, 417.2136, 2283.593, 4370.345, 1963.658, 1085.31, 756.3923, 913.7382, 1197.414, 939.4127
114.8, 1529.455, 444.9818, 392.9698, 2147.247, 4309.038, 1881.139, 1029.681, 716.5405, 868.0717, 1119.268, 890.3581
114.9, 1607.988, 595.5028, 370.1347, 2216.193, 4703.77, 1962.56, 1146.752, 678.7884, 824.6876, 1046.223, 843.8651
115, 1519.666, 565.835, 348.6266, 2246.224, 4919.889, 1849.712, 1097.636, 643.0253, 783.4717, 977.9444, 799.7999
115.1, 1502.454, 607.8375, 328.3683, 2157.932, 4700.965, 1743.353, 1190.679, 888.1964, 744.3157, 914.1219, 758.0356
115.2, 1443.669, 677.2463, 364.4438, 2096.663, 4538.851, 1724.573, 1168.651, 1008.493, 707.1166, 854.4645, 718.4523
115.3, 1467.025, 727.509, 343.2664, 2165.472, 4638.029, 1625.41, 1108.75, 1104.955, 671.7766, 798.7006, 680.9359
115.4, 1434.67, 691.2646, 323.3196, 2036.178, 4696.907, 1745.547, 1159.86, 1069.557, 638.2028, 746.5759, 645.3786
115.5, 1513.954, 656.826, 304.5318, 2063.752, 4526.712, 1665.1, 1100.409, 1013.205, 606.3069, 697.8529, 611.678
115.6, 1430.797, 624.103, 286.8358, 1951.531, 4535.47, 1609.612, 1044.006, 959.8227, 576.0052, 652.3097, 579.7372
115.7, 1352.207, 593.0103, 270.1681, 1908.615, 4452.05, 1517.058, 1016.27, 909.2528, 547.2178, 609.7387, 549.4644
115.8, 1277.935, 569.5933, 254.4689, 1794.658, 4253.944, 1456.237, 964.1795, 919.8569, 519.8692, 569.946, 520.7723
115.9, 1212.53, 541.2162, 239.682, 1687.504, 4184.763, 1372.503, 914.759, 871.3926, 493.8874, 532.7502, 493.5784
116, 1239.481, 514.2529, 225.7543, 1613.961, 4110.121, 1396.315, 867.8717, 825.4819, 469.2041, 698.1522, 467.8046
116.1, 1258.776, 488.6329, 212.636, 1646.583, 4165.068, 1341.331, 870.1014, 781.99, 445.7544, 794.1044, 443.3766
116.2, 1264.608, 464.2893, 200.28, 1548.27, 3979.732, 1411.09, 868.2808, 740.7896, 423.4766, 1483.042, 1041.965
116.3, 1218.62, 441.1585, 188.6419, 1654.642, 4031.83, 1329.951, 1008.996, 701.7598, 402.3123, 2404.402, 987.5551
116.4, 1151.684, 419.1801, 177.6801, 1555.849, 3925.773, 1341.618, 1109.573, 735.1853, 382.2057, 2637.917, 935.9866
116.5, 1088.426, 398.2966, 192.5225, 1520.235, 3924.833, 1301.765, 1059.368, 696.4508, 363.104, 2501.311, 887.1109
116.6, 1028.642, 378.4535, 234.3331, 1546.587, 3852.998, 1329.749, 1005.069, 659.7571, 344.9569, 2434.262, 840.7875
116.7, 1150.118, 472.7173, 245.6766, 1454.245, 3811.127, 1261.411, 993.6262, 672.6974, 327.7168, 2340.311, 796.883
116.8, 1086.946, 483.793, 231.4006, 1367.417, 3947.164, 1253.542, 942.6964, 695.3002, 311.3383, 2280.425, 755.2711
116.9, 1097.79, 459.6905, 217.9541, 1472.946, 3827.175, 1181.462, 894.3771, 658.6671, 295.7784, 2232.338, 715.8322
117, 1097.8, 436.7888, 220.94, 1551.565, 3825.506, 1220.297, 848.5345, 623.9641, 280.9961, 2152.374, 678.4526
117.1, 1065.631, 415.0281, 208.1014, 1458.926, 3667.769, 1283.918, 805.0416, 591.0895, 266.9525, 2241.97, 643.0249
117.2, 1063.96, 394.3514, 196.0088, 1371.818, 3504.562, 1223.573, 763.778, 559.9469, 253.6109, 2095.655, 609.4472
117.3, 1005.52, 374.7049, 184.619, 1372.05, 3669.48, 1270.797, 724.6295, 633.1618, 240.936, 1958.889, 577.6229
117.4, 1045.835, 356.0372, 173.891, 1450.204, 3737.306, 1249.216, 687.4875, 599.8026, 228.8946, 1831.048, 547.4604
117.5, 1108.378, 367.6299, 215.1986, 1363.617, 3571.004, 1193.638, 652.2493, 568.201, 217.455, 2096.636, 518.873
117.6, 1108.834, 349.3146, 202.6937, 1373.039, 3412.103, 1247.807, 618.8173, 563.0212, 206.5871, 1959.806, 491.7783
117.7, 1121.107, 331.9118, 190.9154, 1396.879, 3481.609, 1176.058, 587.0989, 533.3575, 196.2624, 1831.905, 466.0985
117.8, 1059.528, 315.376, 179.8215, 1313.476, 3326.686, 1108.434, 557.0063, 549.7568, 186.4537, 1712.352, 441.7596
117.9, 1001.331, 486.1719, 207.3138, 1263.214, 3323.214, 1063.038, 579.5305, 571.8823, 177.1352, 1600.6, 418.6917
118, 946.3312, 461.9509, 195.267, 1195.447, 3359.058, 1054.586, 549.8258, 541.7517, 168.2824, 1496.142, 396.8283
118.1, 902.2384, 438.9366, 183.9203, 1124.071, 3209.587, 993.947, 521.6437, 513.2086, 159.872, 1398.501, 376.1066
118.2, 980.1245, 417.0689, 173.2329, 1188.911, 3068.613, 1136.109, 494.9061, 486.1693, 151.882, 1307.232, 356.4669
118.3, 1077.035, 396.2906, 163.1665, 1157.109, 3155.347, 1081.042, 469.5389, 516.1041, 144.2913, 1221.92, 337.8528
118.4, 1106.625, 439.6653, 153.6851, 1163.756, 3017.627, 1109.226, 445.472, 488.9123, 137.08, 1142.175, 320.2107
118.5, 1182.876, 456.3817, 185.7114, 1191.475, 3227.699, 1131.695, 422.6387, 463.1531, 130.229, 1067.635, 303.4899
118.6, 1155.887, 433.6449, 196.0906, 1162.179, 3184.885, 1120.249, 400.9757, 515.0023, 123.7205, 997.9587, 287.6422
118.7, 1148.733, 412.0408, 184.696, 1163.26, 3234.924, 1293.359, 380.4231, 501.865, 117.5373, 932.83, 272.6219
118.8, 1085.637, 401.9746, 173.9635, 1249.215, 3090.977, 1240.688, 360.924, 519.4936, 111.663, 871.9518, 258.3861
118.9, 1026.006, 381.9483, 163.8547, 1186.699, 3136.267, 1266.989, 342.4243, 540.3383, 106.0824, 815.0466, 244.8936
119, 969.6508, 420.5785, 276.6593, 1115.845, 3030.57, 1230.522, 324.8728, 570.4319, 100.7806, 761.8551, 232.1057
119.1, 1019.395, 480.2787, 260.5829, 1088.848, 3120.596, 1258.193, 308.221, 540.3777, 95.74386, 712.135, 219.9855
119.2, 1087.19, 456.3513, 245.4407, 1023.836, 3130.449, 1265.798, 292.4227, 511.907, 90.95881, 665.6597, 208.4982
119.3, 1082.142, 433.616, 241.2067, 962.7064, 3046.296, 1226.772, 321.9628, 484.9363, 86.4129, 622.2175, 197.6108
119.4, 1022.703, 412.0133, 227.1905, 1204.703, 2918.419, 1224.279, 305.4601, 520.7972, 82.09419, 581.6104, 187.2919
119.5, 966.6942, 391.4869, 213.9887, 1132.774, 2788.556, 1191.127, 289.8033, 493.3581, 77.99133, 543.6534, 177.5118
119.6, 913.5966, 371.9831, 201.554, 1065.14, 2823.449, 1779.644, 274.949, 467.3647, 74.09351, 508.1735, 168.2425
119.7, 863.4155, 357.0314, 189.8419, 1026.665, 2832.415, 2817.598, 260.8561, 824.9501, 70.39049, 475.0092, 159.4571
119.8, 815.9907, 434.0861, 178.8104, 1005.748, 2880.232, 2748.065, 247.4855, 982.2156, 66.87254, 444.0092, 151.1305
119.9, 878.5998, 412.46, 168.4199, 945.6979, 2752.069, 2804.837, 234.8003, 987.2071, 63.53041, 415.0323, 143.2388
120, 830.3409, 391.9113, 158.6332, 986.6354, 2705.836, 2817.089, 222.7653, 1047.118, 60.35532, 387.9465, 135.7591
120.1, 792.0795, 372.3863, 149.4152, 939.2839, 2786.727, 2725.688, 211.3471, 991.9486, 57.3389, 362.6284, 128.67
120.2, 753.9262, 353.8341, 140.7329, 883.2021, 2662.724, 2568.959, 200.5142, 939.6861, 54.47324, 338.9626, 121.951
120.3, 712.5153, 343.4872, 132.555, 830.4689, 2560.659, 2733.926, 190.2366, 1009.774, 51.7508, 316.8412, 115.5829
120.4, 673.379, 326.3748, 141.662, 902.7337, 2630.844, 2576.724, 280.7429, 969.8762, 49.16442, 605.3718, 109.5474
120.5, 636.3923, 310.1148, 133.4302, 859.194, 2513.777, 2502.833, 416.8529, 918.7767, 46.7073, 858.7742, 103.827
120.6, 601.4371, 294.6649, 173.3743, 807.8942, 2600.715, 2552.201, 395.4865, 870.3694, 44.37298, 1606.287, 98.40535
120.7, 593.6529, 279.9848, 182.5564, 759.6573, 2484.989, 2416.269, 393.6581, 1335.854, 42.15532, 1576.253, 93.26678
120.8, 561.0453, 266.036, 171.9482, 740.8808, 2374.412, 2300.175, 373.4806, 1660.525, 40.0485, 1505.403, 88.39655
120.9, 530.2288, 289.6639, 161.9565, 733.0705, 2402.899, 2414.755, 354.3373, 1689.715, 38.04697, 1547.396, 83.78063
121, 501.1049, 275.2329, 152.5454, 689.3011, 2332.892, 2275.906, 336.1752, 1627.304, 36.14547, 1446.41, 79.40575
121.1, 473.5807, 261.5208, 143.6811, 732.8217, 2229.084, 2319.731, 318.9441, 1748.483, 34.33901, 1352.014, 75.25932
121.2, 447.5684, 248.4919, 135.332, 689.0671, 2304.843, 2186.345, 302.5961, 1656.362, 32.62283, 1381.721, 71.3294
121.3, 422.9848, 236.1121, 131.4965, 647.925, 2202.282, 2060.629, 287.0861, 1793.232, 30.99241, 1291.547, 67.6047
121.4, 399.7515, 224.349, 123.8554, 615.9216, 2280.498, 2067.801, 272.3711, 1753.567, 29.44349, 1207.258, 64.07449
121.5, 440.1726, 213.172, 116.6583, 579.1468, 2208.19, 1948.901, 258.4103, 1825.957, 27.97197, 1128.47, 60.72863
121.6, 415.9953, 202.5518, 109.8794, 594.0512, 2305.201, 1930.624, 245.1651, 1813.658, 26.574, 1054.824, 57.55748
121.7, 393.1459, 227.5103, 103.4944, 743.7255, 2447.774, 1985.716, 272.1636, 1718.102, 25.2459, 985.9845, 54.55193
121.8, 408.4205, 325.321, 237.4798, 699.3199, 2358.111, 1871.536, 331.11, 1627.581, 23.98417, 1081.358, 51.70332
121.9, 562.1426, 384.8602, 1028.177, 782.9471, 2476.284, 1893.445, 423.788, 1541.829, 22.78549, 1424.81, 49.00346
122, 532.0444, 395.8831, 1426.164, 849.7226, 2366.095, 1887.528, 402.0661, 1547.95, 21.64673, 1801.455, 46.44458
122.1, 502.8208, 551.2672, 1343.291, 842.8575, 2391.016, 1844.614, 381.4576, 1612.944, 20.56488, 1683.888, 44.01932
122.2, 480.4482, 523.8032, 1312.646, 792.5331, 2560.865, 1738.548, 375.158, 2238.596, 19.5371, 1573.994, 41.72071
122.3, 454.0586, 549.4343, 1358.775, 847.3865, 2600.146, 1793.331, 355.9287, 2289.459, 18.56068, 1471.272, 39.54212
122.4, 555.9485, 711.4717, 1279.818, 877.0098, 2929.696, 1794.171, 567.3392, 2285.01, 17.63306, 1375.254, 37.4773
122.5, 806.7868, 676.0263, 1205.449, 890.5811, 3961.003, 1851.184, 922.7754, 2211.899, 16.7518, 1285.503, 35.5203
122.6, 782.3319, 887.2418, 1135.402, 837.4072, 3832.432, 1811.475, 1566.577, 2136, 15.91459, 1201.608, 33.66549
122.7, 780.9806, 843.0396, 1069.425, 787.4082, 4879.45, 1826.622, 1799.387, 2092.02, 15.11922, 1123.189, 31.90753
122.8, 738.0837, 801.0395, 1064.117, 836.0081, 4741.733, 1773.3, 2165.283, 1999.794, 14.36359, 1049.888, 30.24137
122.9, 790.7948, 911.4868, 1024.613, 859.8716, 4530.736, 1834.977, 2054.298, 2150.035, 13.64573, 981.3699, 28.66222
123, 908.51, 867.5515, 1042.595, 993.9812, 4329.129, 1834.518, 1949.002, 2036.757, 12.96375, 917.3239, 27.16553
123.1, 858.6083, 875.163, 982.0114, 934.6337, 5136.718, 1866.645, 1930.329, 1941.784, 12.31586, 857.4576, 25.74699
123.2, 811.4475, 888.2943, 924.9478, 910.287, 4965.542, 1780.317, 1831.387, 1977.6, 11.70034, 801.4983, 24.40252
123.3, 779.2104, 911.9926, 874.3032, 855.9366, 4744.586, 1677.948, 1737.516, 1964.396, 11.11558, 749.191, 23.12827
123.4, 736.4107, 958.7347, 823.4984, 887.2186, 4533.463, 1746.982, 1648.458, 1860.898, 10.56005, 700.2974, 21.92055
123.5, 695.9619, 993.0818, 823.023, 834.2455, 4331.734, 1772.003, 1563.963, 1864.782, 10.03229, 654.5946, 20.77589
123.6, 690.0721, 943.6066, 782.9528, 784.4353, 4378, 1670.112, 1563.683, 1858.295, 9.530898, 611.8745, 19.69101
123.7, 655.1465, 896.5963, 737.4562, 737.5991, 4183.189, 1574.08, 1483.535, 1837.057, 9.054566, 571.9424, 18.66278
123.8, 727.7402, 876.5642, 695.8725, 693.5593, 3997.047, 1483.569, 1407.494, 1740.269, 8.602041, 534.6164, 17.68824
123.9, 687.7676, 848.9777, 784.6182, 652.149, 3819.188, 1540.418, 1335.351, 1648.58, 8.172132, 499.7263, 16.76459
124, 649.9906, 836.7461, 739.0249, 662.711, 3661.338, 1451.843, 1266.905, 1704.401, 7.763708, 467.1132, 15.88917
124.1, 614.2886, 795.0596, 696.0809, 667.1414, 3846.03, 1368.361, 1279.018, 1614.602, 7.375697, 436.6285, 15.05946
124.2, 619.0096, 755.4498, 655.6324, 824.6044, 3675.505, 1527.076, 1213.46, 1529.534, 7.007077, 408.1333, 14.27308
124.3, 647.3734, 717.8135, 676.2634, 775.3698, 3822.651, 1462.157, 1209.036, 1571.429, 6.65688, 381.4977, 13.52777
124.4, 611.8151, 682.0521, 636.9665, 769.7189, 3652.551, 1378.083, 1147.066, 1488.636, 6.324185, 356.6005, 12.82137
124.5, 578.2099, 660.2888, 674.8359, 723.7614, 3490.021, 1298.842, 1088.271, 1410.204, 230.8862, 333.328, 12.15186
124.6, 546.4506, 693.3525, 635.6219, 713.3699, 3402.377, 1404.106, 1032.49, 1372.578, 513.2337, 311.5744, 11.51731
124.7, 516.4357, 658.8098, 666.1447, 783.9672, 3325.606, 1323.37, 979.5683, 1300.261, 487.5835, 291.2405, 10.9159
124.8, 488.0694, 625.988, 627.4358, 741.5682, 3425.784, 1335.023, 1006.069, 1231.755, 463.2153, 272.2336, 10.34589
124.9, 522.4083, 617.5995, 590.9762, 735.525, 3369.876, 1426.443, 954.5014, 1166.858, 440.0649, 254.4671, 9.805641
125, 550.8931, 601.8892, 610.5854, 691.6091, 3219.924, 1399.757, 905.577, 1218.233, 418.0715, 237.8601, 9.293607
125.1, 520.6342, 594.0607, 575.1049, 682.533, 3150.796, 1319.27, 864.2056, 1237.733, 397.1773, 222.3369, 8.808311
125.2, 536.2314, 564.4647, 541.6862, 641.7811, 3273.134, 1251.348, 883.5457, 1209.535, 377.3273, 207.8268, 8.348355
125.3, 506.7779, 536.3431, 548.2902, 632.3222, 3226.018, 1185.209, 856.095, 1145.808, 358.4694, 194.2636, 7.912418
125.4, 478.9421, 509.6226, 592.8515, 594.5682, 3083.009, 1161.106, 812.2146, 1085.439, 340.554, 181.5856, 7.499245
125.5, 452.6352, 484.2333, 558.4016, 700.5563, 3058.181, 1130.407, 770.5833, 1028.251, 323.5339, 169.735, 7.107647
125.6, 436.0833, 513.6401, 525.9534, 668.9534, 3084.49, 1126.343, 731.0859, 1046.659, 307.3645, 158.6577, 6.736498
125.7, 485.4407, 505.5616, 495.3908, 629.0122, 3062.62, 1375.712, 751.7758, 991.5143, 292.0031, 148.3034, 6.384729
125.8, 622.0173, 507.9944, 466.6042, 663.2422, 3097.461, 1296.607, 805.7448, 1013.326, 373.0859, 138.6249, 6.05133
125.9, 626.5007, 556.8442, 447.8632, 650.717, 2959.631, 1222.052, 764.4451, 1044.765, 354.44, 129.5779, 5.735339
126, 592.0889, 529.1023, 421.8384, 651.6187, 3014.288, 1268.689, 739.5836, 1058.687, 336.7259, 121.1214, 5.435849
126.1, 559.5673, 529.9072, 397.3258, 649.6071, 3002.781, 1328.178, 717.2305, 1002.908, 319.8972, 113.2168, 5.151999
126.2, 605.808, 503.5073, 374.2376, 610.821, 2878.109, 1251.807, 680.4678, 972.0967, 303.9095, 105.8281, 4.88297
126.3, 588.199, 478.4226, 352.4911, 574.3508, 2874.044, 1249.808, 664.1783, 971.3797, 391.0564, 98.92153, 4.627989
126.4, 613.9502, 454.5877, 338.534, 551.8141, 2967.225, 1198.771, 630.1349, 1069.019, 371.5124, 92.46572, 4.386323
126.5, 580.2278, 431.9402, 318.8622, 736.5657, 2922.833, 1129.841, 597.8364, 1012.696, 352.9451, 86.43123, 4.157277
126.6, 607.634, 410.421, 300.3334, 727.3725, 2809.45, 1231.785, 567.1934, 1001.646, 335.3057, 80.79057, 3.940191
126.7, 582.3293, 389.9739, 284.1048, 683.9433, 2786.604, 1160.957, 538.121, 985.1005, 318.5479, 75.51802, 3.734441
126.8, 550.3437, 415.0412, 309.6896, 643.1071, 2862.965, 1133.639, 510.5388, 933.1989, 302.6277, 70.58957, 3.539435
126.9, 520.115, 394.9614, 295.8012, 604.7092, 2782.881, 1203.154, 599.6849, 884.0317, 287.5031, 65.98276, 3.354611
127, 491.5466, 426.2557, 278.6125, 568.6038, 2763.586, 1184.06, 568.9471, 837.455, 273.1344, 61.6766, 3.179439
127.1, 464.5475, 405.0197, 262.4227, 657.7345, 2830.126, 1115.976, 539.7849, 854.2791, 336.3978, 57.65147, 3.013414
127.2, 483.3918, 384.8417, 318.4533, 618.4632, 2704.192, 1051.807, 557.8002, 809.27, 356.4838, 53.88902, 2.856059
127.3, 456.8406, 365.6689, 299.9483, 646.0875, 2583.862, 1239.435, 675.1282, 766.6322, 402.2752, 50.37212, 2.70692
127.4, 431.7477, 347.4514, 282.5186, 607.5116, 2736.614, 1168.167, 640.5235, 759.1955, 382.1704, 47.08474, 2.565569
127.5, 408.0331, 468.7189, 266.1018, 571.239, 2614.841, 1100.997, 607.6925, 800.4973, 363.0705, 44.0119, 2.4316
127.6, 385.6211, 472.8842, 284.0465, 567.9779, 2579.044, 1037.689, 576.5443, 758.3217, 344.9251, 41.1396, 2.304626
127.7, 364.4401, 449.3252, 273.9016, 534.0657, 2464.283, 978.0214, 593.5369, 718.3682, 327.6866, 38.45475, 2.184282
127.8, 393.9453, 426.9399, 257.9855, 502.1783, 2363.748, 921.7847, 563.1143, 722.867, 414.3209, 35.94512, 2.070222
127.9, 372.3071, 454.8883, 242.9942, 558.8563, 2413.986, 883.0089, 534.251, 695.1525, 531.761, 33.59927, 1.962119
128, 434.0125, 432.6093, 228.8741, 525.4886, 2432.68, 870.4971, 654.6012, 780.2944, 505.1848, 1321.584, 1.85966
128.1, 416.4856, 411.0568, 215.5745, 494.1133, 2381.961, 820.4431, 814.6459, 1537.167, 479.9369, 1440.55, 1.762552
128.2, 393.6093, 468.3766, 203.0477, 464.6114, 2474.396, 773.2672, 772.89, 1690.087, 455.9508, 1619.064, 1.670514
128.3, 399.3839, 445.0421, 191.2488, 436.8708, 2405.427, 907.9326, 733.2744, 1601.042, 433.1635, 1513.401, 1.583283
128.4, 377.929, 422.8702, 180.1355, 410.7866, 2458.945, 910.2789, 740.9148, 1605.022, 467.311, 1414.634, 1.500607
128.5, 357.1704, 401.8029, 184.4199, 443.9435, 2480.338, 861.5227, 702.9381, 1579.902, 498.388, 1322.312, 1.422248
128.6, 337.5522, 381.7851, 173.7035, 417.437, 2369.969, 811.9847, 775.2903, 1606.395, 505.2706, 1535.676, 1.34798
128.7, 319.0114, 482.9427, 163.6098, 392.5131, 2389.728, 765.2951, 765.1447, 1543.417, 500.477, 1435.455, 1.277591
128.8, 302.3058, 458.8826, 173.6714, 369.0773, 2300.053, 760.3344, 774.3868, 1462.099, 636.3312, 1341.774, 1.210877
128.9, 285.7011, 436.0211, 203.0204, 347.0408, 2260.284, 743.8787, 753.3826, 1618.434, 604.5289, 1254.208, 1.147647
129, 270.0084, 414.2986, 191.2231, 386.929, 2291.491, 701.1053, 714.7668, 1562.27, 753.9728, 1172.356, 1.087719
129.1, 258.9494, 427.0522, 180.1113, 372.4182, 2198.84, 660.7914, 781.9755, 1479.959, 755.3478, 1095.845, 1.03092
129.2, 353.8167, 405.7765, 169.6452, 741.1207, 2299.991, 725.7139, 741.8942, 1401.985, 854.3532, 1024.328, 0.9770873
129.3, 724.8478, 385.5608, 159.7873, 1183.581, 2731.676, 773.7026, 767.9517, 1381.92, 811.6547, 957.4789, 0.9260654
129.4, 1175.894, 366.3522, 150.5023, 1112.913, 3697.666, 729.2143, 769.0781, 1348.807, 973.5887, 894.992, 0.8777078
129.5, 1281.248, 348.1006, 147.3653, 1046.464, 4199.792, 687.2841, 908.1087, 1277.743, 924.9311, 836.5831, 0.8318754
129.6, 1210.872, 330.7583, 138.8021, 992.7137, 4012.911, 647.7648, 934.1243, 1210.423, 878.7053, 781.9861, 0.7884362
129.7, 1144.363, 432.9061, 130.7364, 975.1541, 4055.41, 610.518, 886.2443, 1300.759, 834.7897, 730.9523, 0.7472654
129.8, 1081.506, 489.7315, 123.1395, 958.3076, 4039.784, 622.743, 846.3377, 1232.227, 793.0689, 683.249, 0.7082444
129.9, 1022.103, 522.6887, 142.0579, 901.09, 3969.921, 586.935, 802.9574, 1167.305, 1017.42, 638.6588, 0.6712611
130, 965.9616, 496.6485, 133.8031, 847.2887, 3930.331, 553.1859, 761.8007, 1211.695, 1018.347, 596.9787, 0.636209
130.1, 912.9042, 471.9055, 126.0279, 838.7565, 3898.873, 543.6306, 733.5589, 1147.854, 967.4528, 773.9144, 461.3069
130.2, 871.1705, 492.4657, 118.7046, 793.8036, 3815.737, 512.3715, 755.0161, 1202.386, 919.1019, 806.8116, 437.2182
130.3, 823.3197, 467.9312, 111.8068, 746.408, 3650.585, 482.9099, 716.3167, 1169.342, 924.5696, 754.1575, 500.8152
130.4, 878.2542, 444.6189, 138.203, 701.8423, 3625.337, 494.943, 887.1279, 1107.734, 878.3619, 1499.538, 728.9504
130.5, 830.0143, 422.4681, 130.1721, 820.647, 3733.056, 548.9584, 862.847, 1049.371, 834.4634, 1760.598, 690.8859
130.6, 946.1738, 401.4208, 122.608, 797.4702, 3566.944, 517.3929, 818.6205, 994.0829, 792.759, 1807.592, 654.809
130.7, 894.2033, 381.4221, 115.4834, 794.4886, 3537.397, 506.6076, 893.4973, 941.7079, 881.0711, 1715.808, 952.5381
130.8, 952.7936, 362.4197, 108.7727, 747.0521, 3379.991, 482.9633, 881.6982, 892.0925, 837.0373, 1665.12, 902.7982
130.9, 900.4595, 351.9485, 102.4521, 821.9009, 3342.341, 548.9971, 855.9752, 882.8853, 795.2042, 1642.175, 855.6556
131, 919.3583, 334.4145, 96.4987, 781.2374, 3318.647, 615.7838, 812.1009, 863.8756, 891.1229, 1605.576, 810.9747
131.1, 870.3542, 317.7541, 90.89126, 734.5922, 3429.333, 580.3759, 774.9516, 818.3608, 1008.304, 1618.42, 768.627
131.2, 822.5483, 301.9236, 85.60966, 761.1411, 3276.735, 558.8981, 824.3795, 775.2441, 957.9111, 1512.799, 728.4905
131.3, 777.3682, 286.8818, 80.63498, 715.6957, 3130.928, 526.7612, 811.1387, 828.1297, 966.6917, 1586.947, 690.45
131.4, 734.6697, 272.5894, 75.94936, 672.9637, 3237.344, 496.4721, 805.7992, 784.4983, 943.2502, 1592.186, 654.3959
131.5, 694.3165, 334.0996, 137.8216, 632.7831, 3247.193, 584.7399, 787.1355, 743.1656, 992.9914, 1602.151, 620.2244
131.6, 656.1797, 330.9772, 189.3643, 595.0016, 3277.076, 551.1171, 746.7897, 717.0798, 943.3641, 1639.565, 587.8373
131.7, 620.1378, 314.4879, 178.3605, 628.6028, 3131.253, 519.4276, 708.5119, 733.5373, 982.7036, 1532.564, 557.1415
131.8, 586.0754, 298.8202, 167.9962, 591.0709, 3064.144, 489.5602, 680.5978, 694.8896, 1141.805, 1432.546, 528.0485
131.9, 553.8841, 283.933, 158.2341, 555.7799, 3103.82, 461.4102, 645.7127, 749.5146, 1084.74, 1339.056, 500.4747
132, 523.4609, 269.7875, 154.4778, 522.596, 3097.434, 610.2838, 688.9218, 710.0251, 1030.527, 1251.666, 474.3407
132.1, 499.9008, 256.3468, 145.5013, 542.1672, 3035.119, 575.1921, 653.61, 672.6163, 1020.471, 1169.98, 449.5714
132.2, 472.4427, 887.6858, 137.0464, 509.7961, 2926.965, 542.1183, 620.1083, 637.1783, 1180.181, 1093.625, 426.0956
132.3, 451.1591, 849.5436, 129.0827, 479.3577, 3033.973, 510.9462, 588.3237, 603.6075, 1146.112, 1369.734, 403.8456
132.4, 426.3783, 937.8843, 121.5819, 450.7367, 2898.969, 481.5665, 558.1683, 571.8055, 1294.792, 1425.961, 382.7574
132.5, 404.7908, 891.1591, 114.5169, 423.8246, 2816.761, 453.8762, 616.8849, 541.679, 1230.082, 1332.9, 362.7705
132.6, 382.5569, 913.9086, 107.8624, 398.5193, 2856.609, 427.7781, 585.2656, 513.1397, 1168.605, 1423.394, 343.8272
132.7, 372.2378, 868.3778, 101.5947, 374.725, 2887.902, 480.3054, 555.2669, 486.1041, 1110.201, 1372.972, 325.8732
132.8, 391.9754, 825.1154, 95.6911, 407.6799, 2810.059, 468.771, 526.8059, 460.4929, 1141.119, 1370.203, 308.8566
132.9, 370.4453, 784.0082, 97.97439, 383.3386, 2685.018, 441.8164, 499.8037, 436.231, 1084.088, 1280.781, 292.7287
133, 350.0979, 744.9491, 92.2812, 393.0182, 2631.129, 416.4117, 478.5623, 413.2474, 1029.908, 1303.2, 277.4429
133.1, 330.8681, 707.8359, 86.91885, 369.5523, 2651.116, 554.6393, 484.225, 391.4748, 1068.041, 1218.151, 262.9553
133.2, 312.6945, 672.5716, 81.86809, 829.1928, 2533.147, 825.5797, 459.4053, 370.8493, 1014.663, 1218.847, 249.2242
133.3, 295.5191, 715.2842, 77.11082, 1058.447, 2596.849, 911.8867, 565.2194, 351.3105, 963.9523, 1139.303, 236.2101
133.4, 279.9088, 719.7915, 72.63, 1081.013, 2481.295, 931.9529, 536.2482, 332.8011, 915.7762, 1064.95, 223.8756
133.5, 347.2822, 688.2308, 68.40955, 1047.124, 2470.381, 904.5739, 508.762, 315.2669, 918.2433, 995.4492, 212.1852
133.6, 328.207, 675.0048, 64.43434, 984.6037, 2447.555, 852.5604, 514.6572, 298.6565, 925.8065, 1652.2, 201.1053
133.7, 344.9762, 641.3762, 119.9174, 925.816, 2466.951, 803.5377, 614.6537, 282.9213, 958.1683, 2385.815, 821.0251
133.8, 331.443, 609.4229, 112.9492, 977.4551, 2430.629, 757.3338, 771.2457, 268.0151, 1064.944, 2837.523, 1055.464
133.9, 313.2378, 579.0616, 106.3858, 919.0942, 2322.471, 808.2817, 1185.63, 253.8942, 1030.038, 2972.52, 1000.35
134, 296.0326, 550.2128, 100.2038, 913.2814, 2312.358, 914.817, 1421.161, 240.5174, 1261.977, 3764.178, 1229.534
134.1, 279.7724, 627.8365, 94.3811, 858.7521, 2310.556, 1859.671, 1479.36, 227.8453, 1443.001, 4073.585, 1165.33
134.2, 264.4054, 596.5579, 88.89672, 807.4787, 2207.741, 3147.502, 1403.533, 215.8409, 1685.346, 3993.212, 1104.478
134.3, 249.8824, 694.4089, 83.73103, 759.2666, 2203.704, 3688.21, 1335.197, 204.469, 1763.621, 3937.059, 1150.413
134.4, 236.1571, 659.8136, 78.86551, 713.9331, 2110.681, 3678.236, 1426.424, 310.9096, 1707.507, 3706.69, 1207.229
134.5, 223.1857, 626.9418, 74.28272, 671.3063, 2016.76, 3748.312, 1353.31, 294.5288, 1690.889, 3593.924, 1412.613
134.6, 216.5897, 624.1452, 75.17151, 672.9455, 2113.935, 3594.35, 1304.112, 279.011, 1606.382, 3654.763, 1338.849
134.7, 204.6931, 593.0504, 70.80338, 786.1854, 2019.869, 3505.878, 1305.197, 264.3109, 1583.577, 3528.577, 1268.936
134.8, 204.1455, 563.5048, 250.1221, 739.2446, 1962.128, 3316.544, 1292.344, 250.3852, 1504.433, 3473.854, 1202.674
134.9, 244.8985, 602.062, 905.2758, 695.1066, 2064.418, 3332.874, 1329.995, 282.0983, 1542.542, 3549.576, 1139.873
135, 231.4469, 572.0673, 1002.368, 732.6136, 2033.324, 3206.384, 1261.825, 267.2355, 1465.449, 3518.409, 1080.35
135.1, 255.9969, 543.567, 944.1213, 688.8715, 1942.845, 3124.484, 1197.148, 338.047, 1392.209, 3361.192, 1023.936
135.2, 241.9358, 594.4909, 1044.227, 679.2823, 1856.393, 3031.345, 1135.786, 347.0124, 1322.63, 3269.685, 970.4681
135.3, 256.0941, 564.8735, 983.5485, 728.1761, 1939.842, 2988.103, 1077.57, 364.1468, 1465.793, 3056.299, 919.7919
135.4, 242.0277, 696.382, 926.3955, 684.699, 1853.523, 2919.085, 1022.338, 359.7375, 1392.536, 2939.053, 871.762
135.5, 228.7338, 772.5423, 902.722, 643.8177, 1771.046, 2868.672, 969.9361, 555.1805, 1545.615, 2918.489, 826.24
135.6, 216.1702, 734.0544, 937.951, 605.3773, 1890.062, 2748.353, 920.2206, 924.6003, 1468.369, 2878.867, 783.0952
135.7, 204.2966, 765.8665, 935.6771, 569.2321, 1805.958, 2652.103, 873.0533, 875.8862, 1394.984, 2730.23, 742.2032
135.8, 193.0752, 741.4691, 881.3058, 535.245, 1801.774, 2573.871, 828.3037, 875.0949, 1325.266, 2673.52, 703.4467
135.9, 182.4701, 704.5292, 830.0941, 503.2872, 1721.599, 2494.27, 785.8478, 879.7996, 1326.919, 2850.838, 666.7139
136, 172.4476, 671.5058, 838.3144, 473.2374, 1673.478, 2350.848, 866.8534, 833.4459, 1260.603, 2700.712, 631.8992
136.1, 162.9756, 681.81, 831.1647, 490.9657, 1679.658, 2395.758, 1216.096, 789.5344, 1453.448, 3761.489, 1290.683
136.2, 154.0238, 647.8423, 782.8666, 531.6895, 1604.917, 2317.351, 1162.354, 747.9364, 1380.808, 4276.675, 1223.286
136.3, 152.945, 615.567, 832.9857, 499.944, 1640.295, 2184.102, 1149.28, 737.464, 1573.969, 4173.787, 1159.408
136.4, 144.5442, 593.6993, 784.5817, 470.0938, 1635.096, 2058.515, 1093.151, 698.6094, 1495.306, 4096.639, 1098.866
136.5, 136.6048, 564.1213, 817.183, 442.026, 1629.842, 1940.149, 1037.12, 777.4218, 1420.574, 3829.284, 1041.485
136.6, 129.1015, 646.9194, 769.6974, 415.634, 1557.318, 1884.531, 983.9604, 736.462, 1349.577, 3868.848, 987.1003
136.7, 122.0104, 657.2444, 724.9711, 390.8177, 1611.276, 1776.169, 1034.544, 697.6602, 1469.046, 3722.081, 935.5555
136.8, 165.0069, 624.5007, 754.6261, 367.4832, 1694.873, 1689.003, 981.5172, 660.9028, 1395.627, 3596.643, 886.7024
136.9, 158.5332, 593.3882, 736.2335, 356.3501, 1699.812, 1833.492, 957.5717, 626.082, 1413.966, 3581.884, 840.4003
137, 149.8254, 563.8257, 812.813, 373.3416, 1624.175, 1728.065, 908.4899, 593.0958, 1343.299, 3413.731, 796.516
137.1, 161.6474, 535.736, 765.5814, 431.6096, 1606.253, 1743.308, 903.0591, 700.5938, 1276.165, 3373.403, 754.9233
137.2, 152.7686, 509.0457, 850.9547, 405.8395, 1548.121, 1643.067, 1113.936, 685.7497, 1212.385, 3153.248, 715.5024
137.3, 144.3775, 483.6851, 806.7127, 402.3013, 1479.233, 1548.59, 1567.681, 762.7639, 1218.872, 3010.873, 678.1401
137.4, 158.2596, 484.6047, 759.8355, 378.2811, 1413.411, 1468.96, 1769.591, 971.2623, 1157.956, 2814.377, 642.7288
137.5, 149.5669, 488.1362, 715.6823, 371.3545, 1435.907, 1472.066, 1722.398, 920.0897, 1100.084, 2768.213, 609.1666
137.6, 141.3516, 774.4916, 674.0948, 349.182, 1541.286, 1387.421, 1634.114, 871.6132, 1245.621, 2737.687, 577.357
137.7, 135.6409, 765.2573, 761.4307, 328.3335, 1472.703, 1307.644, 1826.386, 825.6907, 1183.368, 2674.924, 547.2084
137.8, 128.1906, 736.5353, 717.1848, 308.7297, 1407.171, 1367.396, 1732.772, 782.1878, 1156.696, 2611.025, 518.6341
137.9, 121.1495, 760.4885, 675.5099, 290.2964, 1410.582, 1288.77, 1689.174, 861.4492, 1098.887, 2633.921, 491.5519
138, 114.4951, 817.8972, 636.2567, 272.9637, 1347.814, 1215.389, 1672.966, 816.0623, 1043.967, 2462.027, 465.8839
138.1, 108.2062, 777.1497, 599.2845, 258.5816, 1447.652, 1309.615, 1973.023, 773.0667, 1080.024, 2355.714, 441.5562
138.2, 151.6894, 741.4146, 564.4608, 298.4491, 1383.235, 1234.312, 2630.168, 732.3364, 1122.962, 2469.304, 418.4989
138.3, 146.6043, 704.4775, 576.4258, 280.6296, 1321.684, 1261.443, 3414.313, 722.204, 1066.839, 2744.43, 396.6456
138.4, 138.5517, 669.3806, 542.9304, 263.8741, 2063.021, 1189.399, 4905.092, 740.1082, 1013.521, 2739.5, 1342.981
138.5, 130.9415, 636.0321, 511.3813, 270.5106, 2197.746, 1168.197, 4977.024, 971.8977, 1000.155, 2702.351, 1272.853
138.6, 123.7493, 604.3451, 513.3031, 307.9059, 2099.951, 1116.966, 4791.588, 1422.873, 1111.928, 2625.604, 1206.386
138.7, 116.9521, 574.2367, 483.4756, 315.324, 2143.046, 1052.74, 4942.996, 1412.13, 1078.38, 2454.252, 1143.391
138.8, 110.5283, 667.936, 455.3814, 317.6013, 2229.071, 1000.339, 4808.388, 1364.814, 1056.247, 2294.083, 1083.685
138.9, 104.4573, 678.2809, 428.9196, 327.0275, 2129.882, 942.8194, 4561.927, 1292.906, 1003.458, 2144.366, 1027.097
139, 98.71976, 670.2487, 403.9956, 307.5016, 2035.107, 1019.897, 4445.55, 1254.789, 1047.844, 2004.421, 973.4636
139.1, 126.5998, 636.8571, 437.4203, 959.7817, 1944.55, 1006.556, 4404.401, 1218.122, 995.4755, 2009.853, 922.6309
139.2, 119.646, 605.129, 474.1266, 1433.161, 1858.021, 1150.3, 4184.357, 1296.867, 988.6981, 1938.887, 874.4527
139.3, 113.0742, 602.5729, 446.5756, 1363.112, 1775.344, 1084.157, 3995.653, 1326.062, 939.2853, 2003.586, 828.7902
139.4, 106.8634, 572.5529, 420.6255, 1281.725, 1696.345, 1021.817, 3790.85, 1256.196, 967.5692, 2099.005, 785.5122
139.5, 100.9937, 544.0284, 396.1834, 1410.918, 1620.861, 963.0622, 3596.544, 1498.62, 1056.467, 2290.797, 744.4941
139.6, 95.44645, 516.925, 400.0295, 1495.024, 1548.737, 907.6856, 3412.198, 1495.242, 1003.667, 2671.646, 900.16
139.7, 90.20387, 491.1719, 376.7842, 1405.761, 1479.822, 855.4932, 3463.985, 1416.463, 953.506, 2717.663, 1131.693
139.8, 85.24924, 466.7018, 425.8011, 1321.827, 1413.973, 806.3018, 3286.434, 1414.303, 996.782, 2569.614, 1072.598
139.9, 80.56675, 443.4508, 401.0583, 1313.155, 1351.054, 904.0208, 3276.655, 1339.788, 946.9653, 2493.84, 1016.588
140, 76.14146, 433.4156, 377.7532, 1234.751, 1290.935, 852.0391, 3138.931, 1296.248, 899.6382, 2331.087, 963.5039
140.1, 71.95924, 411.8229, 355.8024, 1312.853, 1233.492, 803.0463, 3071.319, 1348.173, 973.6182, 2178.956, 913.1913
140.2, 68.00673, 410.0115, 335.1271, 1234.467, 1178.604, 839.6971, 2977.139, 1277.142, 961.4463, 2036.753, 865.506
140.3, 64.27132, 517.1753, 315.6532, 1160.761, 1231.872, 791.4141, 2867.129, 1391.254, 913.3955, 2195.246, 820.3108
140.4, 60.74109, 579.2408, 297.3109, 1091.455, 1273.617, 772.8273, 3057.169, 1317.953, 867.7462, 2126.069, 777.4755
140.5, 57.40477, 561.3151, 324.7676, 1026.288, 1216.944, 728.3893, 2900.469, 1294.755, 1006.309, 1987.318, 736.8771
140.6, 54.25169, 533.3505, 307.8983, 965.0114, 1328.5, 686.5065, 2814.933, 1226.539, 1071.319, 1900.699, 698.3986
140.7, 51.27181, 511.3651, 296.4698, 909.1087, 1304.076, 698.3485, 2823.577, 1241.996, 1017.777, 1912.75, 661.9294
140.8, 48.4556, 526.5287, 279.2423, 854.8286, 1246.312, 658.1931, 2752.049, 1244.235, 966.9108, 1787.92, 627.3646
140.9, 45.79408, 500.2972, 299.8251, 897.6178, 1190.854, 620.3467, 2610.989, 1240.282, 972.8046, 1671.237, 594.6047
141, 43.27875, 475.3725, 338.4875, 844.0238, 1184.964, 584.6764, 2477.158, 1207.024, 961.7775, 1767.323, 563.5554
141.1, 40.90158, 451.6895, 318.8184, 793.6298, 1141.827, 551.0572, 2350.188, 1143.43, 913.7101, 1869.866, 941.3542
141.2, 38.65498, 429.1864, 353.5857, 746.2446, 1154.613, 519.3711, 2252.113, 1130.203, 868.0451, 1747.835, 892.1982
141.3, 36.53178, 407.8044, 333.0392, 757.0966, 1103.236, 489.507, 2344.118, 1101.641, 864.9456, 1720.506, 845.6091
141.4, 34.5252, 387.4877, 313.6866, 711.8926, 1184.606, 555.6918, 2223.967, 1043.599, 1048.674, 1727.536, 801.4528
141.5, 32.62883, 368.1831, 295.4586, 758.1334, 1171.228, 641.586, 2109.974, 988.6154, 996.264, 1901.838, 759.6023
141.6, 30.83663, 455.5594, 278.2899, 712.8676, 1119.111, 651.817, 2051.466, 1034.797, 946.4731, 1777.72, 719.9371
141.7, 29.14286, 432.8635, 652.0798, 699.5296, 1086.059, 617.5109, 2018.887, 988.882, 899.1707, 1661.703, 682.3432
141.8, 27.54213, 462.3593, 859.6714, 657.7628, 1037.732, 582.0037, 1966.819, 984.8476, 854.2322, 1553.257, 646.7124
141.9, 26.02933, 467.4761, 809.7168, 917.7033, 1087.179, 566.0311, 1988.2, 2006.65, 811.5397, 1451.888, 612.9421
142, 24.59962, 483.3405, 762.665, 862.91, 1058.849, 533.484, 2014.913, 2781.922, 770.9809, 1357.135, 580.9353
142.1, 23.24843, 459.2606, 718.3474, 811.3883, 1229.179, 502.8084, 1911.635, 3050.37, 732.4491, 1268.566, 550.5999
142.2, 21.97147, 581.0611, 676.605, 762.9428, 1174.484, 473.8966, 1813.652, 3175.2, 695.8431, 1185.777, 521.8484
142.3, 20.76464, 552.1127, 637.2883, 754.0427, 1170, 452.5965, 1720.69, 3256.582, 661.0665, 1108.391, 494.5984
142.4, 19.6241, 549.0914, 600.2561, 760.0674, 1117.937, 426.5719, 1695.917, 3102.533, 628.028, 1036.055, 468.7713
142.5, 18.54621, 521.7357, 565.3759, 726.824, 1068.192, 402.0438, 1608.99, 3025.997, 596.6407, 968.4404, 444.2928
142.6, 17.52752, 495.7429, 532.5225, 685.0997, 1082.291, 378.9261, 1760.769, 3068.72, 566.822, 1150.025, 421.0926
142.7, 16.56479, 471.0451, 542.9266, 644.1945, 1034.131, 357.1376, 1670.518, 3052.735, 538.4936, 1074.973, 399.1039
142.8, 15.65493, 447.5777, 616.9266, 605.7316, 1251.063, 336.602, 1584.894, 2951.493, 511.581, 1004.818, 378.2633
142.9, 40.27151, 463.6682, 727.7667, 696.1386, 1442.717, 317.2472, 1549.606, 2949.013, 486.0134, 996.5709, 358.511
143, 38.05951, 669.3951, 685.477, 654.5743, 1698.906, 501.5527, 1767.093, 3069.334, 595.2326, 1016.03, 818.1008
143.1, 35.96902, 1082.799, 645.6447, 615.4917, 1623.309, 472.7132, 2431.392, 3052.068, 709.2208, 1411.275, 1279.329
143.2, 147.5759, 1428.161, 653.462, 578.7426, 1551.075, 463.3362, 3432.384, 2891.264, 750.9485, 1411.707, 1750.359
143.3, 139.47, 2330.305, 683.7283, 544.1876, 1514.935, 436.6942, 3795.402, 3009.734, 973.2397, 1319.576, 1941.58
143.4, 131.8093, 2965.777, 643.9976, 511.6959, 1618.876, 411.584, 3831.246, 2983.042, 964.8801, 1233.458, 1840.194
143.5, 124.5694, 2919.764, 606.5756, 481.1441, 1571.971, 387.9177, 3696.113, 2925.277, 981.067, 1275.012, 1744.103
143.6, 117.7272, 2774.302, 571.3281, 452.4164, 1601.593, 365.6122, 3506.664, 2778.844, 932.0356, 1191.803, 1653.028
143.7, 111.2608, 2915.186, 538.1288, 425.4041, 1530.325, 344.5894, 3693.422, 2687.82, 885.4547, 1317.097, 1566.71
143.8, 105.1496, 2769.952, 506.8588, 400.0045, 1462.229, 324.7753, 3504.111, 2546.208, 841.2018, 1231.141, 1599.228
143.9, 99.37404, 2821.449, 477.4057, 376.1215, 1397.163, 306.1005, 3330.103, 2464.965, 923.6695, 1150.794, 1515.719
144, 93.91572, 2681.998, 449.6642, 353.6644, 1334.993, 288.4996, 3268.7, 2542.405, 877.5067, 1215.133, 1554.656
144.1, 88.75721, 2644.794, 461.7065, 332.5482, 1275.589, 271.9107, 3185.031, 2408.454, 833.6511, 1135.831, 1570.358
144.2, 83.88204, 2713.042, 434.8772, 312.6927, 1218.828, 256.2757, 3141.947, 2281.56, 865.3925, 1219.381, 1510.822
144.3, 79.27465, 2577.878, 482.2359, 294.0228, 1257.218, 241.5397, 3163.846, 2254.411, 822.1423, 1139.802, 1496.729
144.4, 74.92033, 2449.449, 519.2287, 276.4676, 1265.573, 227.651, 3040.287, 2184.289, 846.3234, 1065.417, 1480.972
144.5, 70.80518, 2530.038, 521.0833, 315.8019, 1277.266, 214.561, 2972.428, 2179.696, 835.7296, 995.8855, 1403.638
144.6, 66.91607, 2545.647, 490.8036, 296.9464, 1240.228, 202.2236, 2889.714, 2224.304, 793.9618, 1149.711, 1330.342
144.7, 63.24057, 2465.295, 462.2836, 279.2166, 1185.04, 190.5957, 3040.81, 2303.226, 754.2815, 1306.838, 1361.771
144.8, 59.76696, 2372.727, 435.4208, 262.5454, 1217.277, 179.6363, 2969.155, 2181.877, 716.5843, 1327.387, 1355.947
144.9, 56.48414, 2279.74, 410.119, 246.8697, 1188.086, 169.3071, 2846.72, 2066.921, 779.9975, 1326.051, 1310.413
145, 53.38163, 2360.377, 386.2874, 232.1298, 1163.109, 159.5719, 2986.435, 2003.198, 741.0151, 1239.51, 1302.534
145.1, 50.44954, 2350.698, 363.8406, 218.2701, 1111.353, 150.3964, 2833.361, 2018.253, 703.9809, 1158.617, 1234.518
145.2, 47.6785, 2276.237, 384.4166, 205.2378, 1061.9, 141.7485, 2688.133, 2029.249, 668.7976, 1083.004, 1170.053
145.3, 45.05967, 2200.088, 382.0132, 192.9837, 1014.648, 133.5979, 2550.349, 1922.334, 635.3727, 1012.325, 1160.009
145.4, 125.0226, 2090.48, 359.8148, 181.4613, 969.4987, 125.916, 2496.329, 1982.578, 695.7045, 1135.917, 1216.577
145.5, 118.1555, 1986.332, 366.7202, 170.6268, 926.3582, 118.6757, 2368.375, 1878.122, 660.9348, 1310.861, 1175.673
145.6, 111.6656, 1888.839, 345.4105, 1265.617, 885.1374, 171.2526, 2322.096, 1853.402, 627.9029, 1352.003, 1233.944
145.7, 144.9246, 1894.274, 325.3391, 1653.113, 872.2383, 161.4055, 2403.013, 1755.753, 596.5218, 1263.768, 1169.509
145.8, 136.9644, 1930.982, 306.434, 1655.063, 833.4257, 220.8624, 2492.894, 1696.104, 809.5304, 1181.292, 1108.44
145.9, 129.4413, 1834.781, 288.6274, 1692.427, 796.3401, 208.1627, 2365.117, 1864.355, 833.4066, 1171.481, 1050.559
146, 122.3315, 1743.372, 271.8556, 1660.842, 843.0861, 196.1933, 2257.384, 1766.128, 864.9139, 1095.028, 995.7003
146.1, 115.6122, 1844.8, 410.205, 1570.374, 805.5707, 198.5309, 2141.678, 1673.077, 884.1625, 1142.702, 943.7065
146.2, 109.262, 1831.594, 386.3684, 1600.009, 769.7246, 187.1152, 2031.903, 1715.794, 910.5284, 1111.896, 894.4278
146.3, 103.2605, 1775.52, 363.9169, 1635.334, 735.4736, 176.356, 2051.408, 1625.395, 1018.483, 1039.332, 847.7223
146.4, 97.58874, 1836.826, 348.8419, 1537.693, 710.3958, 166.2154, 2091.456, 1652.796, 967.5815, 1234.721, 803.4556
146.5, 92.22849, 1938.406, 355.6939, 1445.882, 678.7847, 156.658, 2066.034, 1679.121, 919.2241, 1154.141, 761.5005
146.6, 87.16265, 1898.369, 335.0249, 1468.15, 648.5803, 231.0685, 1973.14, 1659.649, 1049.012, 1078.82, 900.5389
146.7, 82.37507, 1888.881, 315.557, 1436.583, 619.72, 217.7819, 1872.003, 1572.208, 1021.565, 1008.414, 946.6807
146.8, 77.85046, 1840.072, 297.2203, 2229.506, 592.1439, 205.2593, 1901.87, 1672.908, 1024.244, 942.6028, 897.2466
146.9, 73.57436, 1748.4, 279.9492, 2796.434, 565.7948, 193.4568, 1867.308, 1584.768, 973.0546, 881.0868, 850.3939
147, 69.53314, 1661.295, 310.6034, 3053.76, 540.6182, 182.3329, 1931.053, 1557.421, 982.0504, 823.5854, 955.8181
147.1, 156.8821, 1578.529, 292.5546, 3020.433, 516.562, 171.8487, 1832.074, 1503.403, 932.9698, 769.8367, 905.9069
147.2, 148.265, 1499.887, 275.5546, 2886.552, 501.8895, 161.9673, 1738.168, 1424.194, 906.8922, 719.5956, 858.6019
147.3, 140.1213, 1530.848, 259.5424, 2974.434, 479.5566, 168.3025, 1815.38, 1499.204, 1376.408, 672.6335, 813.7672
147.4, 132.4249, 1553.817, 331.3458, 3256.132, 749.4478, 158.625, 1871.151, 1484.428, 1307.619, 628.7361, 771.2736
147.5, 125.1512, 1592.55, 312.0917, 3098.214, 716.0991, 149.504, 1836.194, 1406.219, 1242.267, 587.7036, 816.2269
147.6, 118.277, 1771.219, 293.9564, 3001.054, 803.1834, 140.9075, 1938.235, 1332.13, 1468.21, 549.3489, 838.6138
147.7, 111.7804, 1810.791, 291.3103, 3031.091, 767.4436, 132.8052, 1838.888, 1390.53, 1828.845, 513.4974, 794.8228
147.8, 105.6406, 1720.578, 285.8306, 2850.114, 733.2941, 125.1688, 1844.675, 1317.267, 1856.526, 479.9856, 753.3185
147.9, 99.8381, 1634.859, 269.2213, 2729.658, 700.6642, 117.9716, 1750.124, 1247.865, 1819.585, 448.6608, 888.0037
148, 94.35429, 1561.908, 253.5771, 2712.411, 669.4862, 111.1881, 1980.873, 1223.443, 1898.734, 822.4454, 1023.339
148.1, 89.1717, 1556.127, 238.842, 2550.461, 639.6956, 104.7948, 1879.34, 1232.336, 1803.839, 768.7711, 1438.638
148.2, 84.27377, 1478.601, 224.9632, 2552.211, 665.5777, 251.0852, 1783.012, 1167.408, 1713.688, 861.9387, 1363.515
148.3, 120.7878, 1404.938, 211.8908, 2399.826, 635.961, 236.6477, 1788.485, 1251.351, 1628.042, 805.687, 1292.314
148.4, 124.1408, 1334.944, 237.4609, 2399.573, 620.3147, 223.0403, 1696.813, 1227.659, 1546.676, 916.0632, 1397.467
148.5, 117.3221, 1474.852, 223.6623, 2256.302, 592.7121, 210.2154, 1609.841, 1204.698, 1821.011, 900.9452, 1324.494
148.6, 110.8779, 1401.375, 210.6655, 2121.585, 609.2899, 198.1279, 1527.326, 1243.531, 1767.565, 918.5779, 1361.166
148.7, 104.7878, 1432.754, 198.424, 2096.682, 602.5095, 186.7354, 1567.638, 1178.013, 1679.226, 858.6298, 1351.13
148.8, 99.03207, 1435.731, 186.8938, 2143.459, 614.0848, 175.998, 1487.286, 1183.69, 1740.467, 876.5774, 1280.577
148.9, 93.59254, 1461.725, 176.0336, 2015.479, 586.7595, 165.8781, 1733.501, 1198.295, 1860.545, 819.3703, 1256.36
149, 88.45178, 1388.902, 239.8115, 1895.141, 560.65, 156.34, 1644.648, 1135.16, 1767.56, 874.3094, 1213.976
149.1, 83.59339, 1319.707, 225.8763, 1781.988, 625.6192, 147.3503, 1560.349, 1142.119, 1679.221, 817.2503, 1388.575
149.2, 79.00186, 1376.334, 212.7509, 1816.546, 597.7806, 217.5182, 1480.371, 1081.945, 1595.298, 763.915, 1441.804
149.3, 74.66253, 1322.154, 200.3882, 1708.085, 704.4111, 205.0108, 1425.883, 1024.941, 1577.01, 714.0604, 1512.342
149.4, 70.56154, 1286.303, 188.7438, 1663.9, 673.0665, 193.2225, 1546.166, 1031.573, 1637.156, 872.3377, 1498.213
149.5, 66.68581, 1237.229, 178.8269, 1625.762, 709.5645, 182.1121, 1466.915, 1003.018, 1901.868, 815.4073, 1419.979
149.6, 63.02296, 1286.354, 168.4354, 1609.392, 677.9904, 219.182, 1537.56, 1039.517, 1872.599, 860.8999, 1414.405
149.7, 59.56129, 1447.02, 158.6478, 1513.3, 647.8214, 206.5789, 1458.75, 984.7482, 1857.311, 908.6205, 1630.424
149.8, 56.28977, 1374.929, 149.429, 1489.651, 618.9948, 194.7005, 1383.98, 1095.79, 1764.487, 892.9663, 1668.915
149.9, 53.19794, 1306.431, 140.7458, 1400.709, 591.4509, 183.5051, 1501.731, 1038.057, 2101.969, 879.168, 2034.438
150, 50.27594, 1348.904, 132.5672, 1317.077, 565.1327, 172.9535, 1427.62, 1007.362, 2034.155, 1002.817, 2307.951
150.1, 47.51443, 1281.702, 124.8639, 1238.438, 539.9856, 163.0086, 1354.445, 954.287, 2037.55, 1191.748, 2342.905
150.2, 44.90461, 1349.204, 117.6082, 1208.738, 515.9575, 153.6355, 1332.271, 904.0089, 1935.718, 1113.973, 2220.562
150.3, 42.43813, 1281.987, 261.7869, 1156.673, 492.9985, 144.8014, 1316.048, 856.3796, 1943.242, 1041.273, 2364.706
150.4, 40.10714, 1218.119, 611.9597, 1123.232, 471.0612, 136.4752, 1385.041, 875.7858, 1868.161, 973.3173, 2241.225
150.5, 37.90417, 1157.432, 736.4183, 1129.906, 450.1001, 128.6278, 1314.048, 1004.102, 1801.493, 909.7968, 2230.601
150.6, 35.82221, 1099.769, 693.6259, 1138.823, 430.0716, 121.2317, 1368.053, 951.1989, 1711.458, 850.4217, 2145.167
150.7, 33.8546, 1044.979, 658.597, 1164.555, 410.9344, 114.2608, 1297.931, 901.0833, 1685.735, 794.9216, 2125.073
150.8, 31.99507, 992.9183, 620.3266, 1107.368, 392.6488, 107.6907, 1231.404, 853.6082, 1817.874, 743.0435, 2014.106
150.9, 30.23768, 943.4513, 584.2801, 1041.25, 375.1768, 1346.06, 1168.286, 808.6344, 1727.021, 694.551, 1908.932
151, 28.57681, 1043.807, 567.0872, 979.0804, 358.4823, 2440.78, 1108.404, 766.0302, 1822.814, 649.2233, 1809.251
151.1, 27.00718, 1279.936, 534.1344, 920.6225, 342.5306, 2635.32, 1271.172, 725.6705, 1731.714, 606.8538, 1714.775
151.2, 25.52375, 1498.053, 533.1943, 898.0922, 327.2888, 2566.18, 1206.016, 687.4374, 2054.293, 1751.885, 1917.313
151.3, 24.12181, 1545.985, 583.2341, 844.4699, 312.7252, 2418.624, 1458.463, 651.2186, 2109.833, 3009.49, 2160.301
151.4, 22.79687, 1622.261, 555.9335, 794.0492, 298.8096, 2279.551, 1461.697, 616.908, 2004.388, 3189.018, 2234.547
151.5, 21.54471, 1607.557, 614.8443, 937.2812, 285.5133, 2560.256, 1386.775, 584.4052, 2016.624, 3247.294, 2284.375
151.6, 20.36132, 1527.469, 632.7662, 881.3191, 272.8086, 2413.04, 1456.602, 553.6148, 2140.444, 3112.214, 2243.807
151.7, 19.24294, 1455.166, 643.2867, 830.5771, 260.6692, 2274.491, 1381.941, 524.4467, 2075.68, 3349.596, 2126.639
151.8, 18.18598, 1420.252, 605.9061, 907.8037, 249.07, 2248.866, 1311.108, 496.8153, 2162.328, 3130.995, 2179.958
151.9, 17.18708, 1415.531, 666.0031, 853.6016, 237.987, 2558.878, 1389.276, 470.6397, 2390.512, 3061.242, 2161.406
152, 16.24304, 1551.513, 1180.863, 802.6356, 227.3971, 2411.741, 1318.067, 445.8433, 2449.404, 3009.053, 2088.104
152.1, 87.71934, 1474.217, 1333.929, 754.7127, 224.1944, 2273.064, 1396.128, 422.3533, 2602.864, 3006.755, 2078.76
152.2, 82.90118, 1522.61, 1446.851, 709.6511, 445.404, 2379.881, 1324.568, 659.329, 2520.608, 2908.29, 2109.983
152.3, 78.34766, 1632.081, 2267.468, 667.28, 425.5846, 2332.219, 1389.487, 731.8214, 2498.851, 3003.716, 2099.21
152.4, 84.58469, 1550.771, 3214.007, 751.761, 428.638, 2198.115, 1643.707, 826.3227, 2373.965, 3058.842, 2985.092
152.5, 79.93871, 1473.511, 3457.25, 706.8757, 529.3028, 2221.105, 1559.456, 874.6036, 2255.32, 3104.711, 2868.991
152.6, 75.54791, 1442.367, 3584.976, 664.6703, 505.75, 2104.466, 1557.499, 873.5975, 2142.604, 3117.821, 2849.587
152.7, 71.39829, 1370.509, 3662.339, 624.9849, 483.2453, 2494.128, 2023.841, 1017.84, 2035.522, 2914.346, 2700.787
152.8, 67.4766, 1557.162, 3449.525, 587.6689, 461.742, 2688.288, 2079.354, 964.2133, 2061.858, 2835.886, 2684.571
152.9, 63.77031, 1479.585, 3446.396, 552.5811, 480.8214, 2579.882, 2386.897, 913.4121, 2075.103, 2719.945, 2759.972
153, 60.2676, 1405.872, 3246.129, 519.5881, 1018.415, 2606.783, 2309.513, 865.2875, 2056.961, 2888.367, 2615.851
153.1, 56.95728, 1335.832, 3211.528, 488.5651, 973.098, 2456.892, 2191.136, 819.6984, 2011.114, 2699.867, 2645.289
153.2, 53.82879, 1269.281, 3179.815, 521.5345, 929.7974, 2436.043, 2317.444, 776.5112, 1967.718, 2623.053, 2507.156
153.3, 50.87214, 1332.098, 3033.436, 490.3953, 888.4235, 2295.969, 2198.66, 735.5994, 1869.376, 2680.904, 2376.237
153.4, 48.07788, 1303.776, 3125.594, 577.6682, 848.8907, 2223.319, 2269.625, 696.8431, 1775.949, 2505.943, 2252.154
153.5, 45.43711, 1238.822, 2943.969, 543.1774, 811.117, 2246.713, 2271.876, 660.1287, 1961.471, 2783.456, 2195.265
153.6, 42.94139, 1177.104, 2912.375, 510.7459, 775.0242, 2117.525, 2379.962, 625.3488, 1863.441, 2601.803, 2203.731
153.7, 40.58274, 1118.461, 2955.637, 480.5299, 740.5374, 1995.766, 2257.973, 592.4012, 1804.836, 2432.004, 2608.062
153.8, 38.35366, 1062.739, 2783.888, 451.8389, 707.5851, 2034.409, 2317.571, 561.1895, 1795.998, 2273.287, 2471.873
153.9, 36.24701, 1009.794, 2622.119, 424.861, 676.0992, 1917.429, 2215.059, 531.6223, 1706.238, 2124.928, 2342.796
154, 34.25607, 998.9233, 2469.751, 448.9026, 646.0143, 1886.142, 2101.523, 503.6129, 1620.964, 1986.251, 2220.459
154.1, 32.37448, 1027.02, 2428.272, 422.1, 635.8506, 1777.688, 1993.806, 477.0792, 1579.375, 1856.624, 2104.51
154.2, 30.59625, 975.8544, 2475.004, 396.8977, 1117.855, 1866.239, 1891.611, 451.9435, 1580.385, 1735.458, 1994.616
154.3, 78.22417, 927.2375, 2331.184, 440.5743, 1469.826, 1776.63, 1887.202, 428.1321, 1501.401, 1622.198, 1890.461
154.4, 174.4453, 881.0427, 2291.004, 427.3947, 2032.227, 1738.213, 1790.47, 405.5752, 1520.622, 1516.33, 1791.744
154.5, 164.8636, 837.1494, 2208.638, 486.3543, 2228.641, 1702.161, 1698.697, 384.2068, 1444.625, 1417.372, 1698.182
154.6, 191.6667, 795.4427, 2205.586, 564.8265, 2237.688, 1785.606, 1611.628, 363.9642, 1372.426, 1324.871, 1609.506
154.7, 366.2887, 783.7308, 2204.309, 531.1024, 2566.597, 1693.661, 1529.022, 344.7881, 1303.836, 1238.408, 1525.46
154.8, 346.1695, 841.2147, 2208.607, 499.3919, 3282.744, 1846.61, 1686.249, 326.6224, 1238.673, 1157.587, 1445.803
154.9, 586.3306, 855.0289, 2160.641, 561.8304, 3484.76, 1834.032, 1599.818, 309.4138, 1176.767, 1082.041, 1370.306
155, 652.4485, 812.4315, 2067.861, 528.2852, 3716.182, 1734.735, 1643.401, 293.1118, 1117.955, 1011.425, 1298.751
155.1, 635.2181, 797.2793, 2127.984, 581.0148, 4430.347, 1841.556, 1559.167, 277.6687, 1062.083, 945.4171, 1230.932
155.2, 600.3275, 757.559, 2082.099, 546.3242, 4562.743, 1735.666, 1479.249, 263.0392, 1009.002, 883.7174, 1166.655
155.3, 567.3533, 719.8175, 1961.111, 519.3896, 4751.232, 1808.577, 1450.711, 249.1805, 1041.535, 826.0443, 1105.734
155.4, 591.5787, 683.9563, 1847.153, 525.2549, 4644.898, 1891.098, 1499.129, 236.052, 1040.364, 772.1351, 1047.995
155.5, 580.6959, 872.3751, 1862.266, 520.8011, 4438.21, 1966.238, 1422.288, 223.6152, 988.369, 721.7441, 993.27
155.6, 548.8, 828.9136, 1782.329, 489.7057, 4359.371, 1976.144, 1470.624, 211.8337, 938.9727, 674.6417, 941.4031
155.7, 811.8674, 823.2327, 1751.414, 460.4668, 4463.171, 1920.963, 1395.245, 200.6729, 892.0451, 630.6133, 892.2446
155.8, 1083.844, 782.2194, 1714.035, 544.5126, 4439.732, 1857.718, 1323.729, 190.1001, 1024.458, 589.4583, 845.6531
155.9, 2029.548, 743.2494, 1614.434, 586.332, 4765.895, 1963.899, 1258.641, 180.0844, 973.2578, 550.9891, 801.4946
156, 2614.61, 706.2208, 1744.453, 551.3239, 4553.823, 1910.217, 1200.134, 170.5963, 924.6167, 515.0305, 759.6418
156.1, 2536.1, 781.0688, 1786.659, 655.6984, 4665.849, 1800.378, 1211.089, 161.6081, 878.4066, 481.4186, 719.9746
156.2, 2662.055, 742.1561, 1695.677, 810.2055, 4591.818, 1875.333, 1229.659, 153.0935, 834.5059, 450.0003, 682.3787
156.3, 2600.197, 705.1821, 1597.143, 1173.924, 4455.843, 1789.891, 1181.07, 145.0275, 792.7993, 420.6324, 646.746
156.4, 2466.75, 782.0498, 1543.664, 1132.227, 4448.732, 2039, 1120.533, 137.3865, 753.1771, 393.1812, 612.9741
156.5, 2610.543, 743.0882, 1453.963, 1106.654, 4453.068, 2225.009, 1063.098, 130.1481, 715.5352, 367.5214, 580.9656
156.6, 2498.77, 706.0677, 1512.314, 1108.547, 4382.407, 2271.742, 1008.608, 123.291, 679.7744, 343.5363, 550.6285
156.7, 2571.629, 700.8765, 1424.435, 1042.359, 4362.577, 2273.826, 956.91, 116.7952, 645.8009, 321.1164, 521.8757
156.8, 2430.377, 697.1109, 1433.622, 1190.444, 4551.568, 2206.623, 907.8622, 110.6417, 613.5253, 300.1598, 494.6242
156.9, 2456.575, 662.381, 1350.315, 1166.345, 4349.033, 2369.644, 931.8524, 104.8123, 582.8628, 280.5708, 468.7958
157, 2321.643, 629.3813, 1356.412, 1096.706, 4394.617, 2252.56, 888.0301, 99.2901, 553.7327, 262.2602, 444.316
157.1, 2220.538, 643.3334, 1346.379, 1121.491, 4459.017, 2262.435, 842.5128, 94.05883, 526.0585, 245.1446, 421.1146
157.2, 2213.099, 617.3132, 1341.228, 1065.88, 4482.808, 2132.343, 799.3286, 89.10318, 499.7673, 229.146, 399.1247
157.3, 2101.199, 760.9077, 1263.291, 1095.141, 4625.136, 2099.745, 787.2455, 84.40863, 474.7902, 214.1915, 378.2831
157.4, 2050.392, 768.2524, 1189.882, 1029.754, 4920.66, 2113.907, 851.6915, 79.96142, 451.0613, 200.213, 358.5298
157.5, 2027.642, 729.9782, 1187.157, 988.9925, 4816.362, 2160.571, 808.0368, 75.74851, 428.5183, 187.1467, 339.808
157.6, 2116.573, 764.1912, 1125.561, 929.9428, 4761.161, 2183.41, 855.3281, 71.75758, 407.102, 174.9331, 322.0638
157.7, 2075.846, 726.1193, 1147.643, 1053.368, 4948.789, 2123.188, 830.3795, 67.97691, 386.756, 163.5166, 305.2461
157.8, 2089.21, 689.9442, 1106.045, 990.4747, 5103.725, 2156.552, 787.8172, 64.39542, 367.4269, 152.8452, 289.3067
157.9, 1994.939, 681.9219, 1140.51, 1065.692, 5012.77, 2158.284, 747.4365, 61.00264, 724.9253, 142.8703, 274.1996
158, 2013.791, 647.9487, 1074.236, 1092.565, 5038.224, 2615.228, 709.1255, 57.78862, 688.6953, 133.5463, 259.8813
158.1, 2157.01, 687.6996, 1011.813, 1113.348, 5165.117, 2924.834, 700.2047, 54.74393, 654.2759, 124.8308, 246.3107
158.2, 2155.55, 653.4386, 1104.244, 1171.594, 4935.281, 2985.79, 833.2629, 51.85965, 621.5768, 116.6841, 233.4488
158.3, 2113.534, 620.8844, 1040.078, 1151.89, 4866.974, 2997.848, 790.5528, 49.12733, 590.5118, 109.0691, 221.2585
158.4, 2221.647, 589.952, 979.64, 1083.114, 5139.639, 2992.482, 750.0319, 46.53898, 560.9995, 101.951, 209.7048
158.5, 2099.618, 588.3869, 1036.034, 1312.024, 4965.408, 2896.22, 765.9174, 44.08699, 532.962, 95.29749, 198.7543
158.6, 1984.293, 570.6003, 987.7709, 1264.845, 4744.459, 2833.055, 726.6591, 41.76419, 506.3259, 89.0782, 188.3757
158.7, 1980.297, 542.1732, 930.3726, 1295.932, 4912.449, 2833.725, 689.4131, 39.56378, 481.0209, 83.26479, 178.539
158.8, 1972.768, 521.7466, 876.3096, 1252.402, 4842.779, 2720.635, 654.0762, 37.47929, 456.9806, 77.83076, 169.216
158.9, 1864.409, 495.7533, 838.5012, 1205.039, 4779.369, 2767.529, 620.5506, 35.50463, 434.1418, 72.75138, 160.3799
159, 1891.998, 471.055, 856.0124, 1133.09, 4664.558, 2608.394, 618.2897, 33.63401, 412.4445, 68.00349, 152.0051
159.1, 1827.351, 447.5871, 806.2704, 1175.012, 4584.954, 2659.716, 586.5984, 31.86195, 391.8315, 63.56545, 144.0676
159.2, 1726.98, 477.1838, 773.3066, 1123.851, 4466.898, 2528.994, 556.5314, 30.18325, 372.2487, 59.41705, 136.5447
159.3, 1748.671, 453.4106, 840.7872, 1255.505, 4502.951, 2596.078, 569.3306, 28.59299, 353.6446, 55.53938, 129.4145
159.4, 1652.622, 430.8217, 791.9299, 1180.543, 4535.099, 2446.802, 540.1487, 27.08652, 335.9703, 51.91477, 122.6567
159.5, 1681.797, 409.3583, 745.9117, 1110.056, 4724.74, 2375.514, 512.4626, 25.65942, 319.1793, 48.52671, 116.2518
159.6, 1617.038, 388.9641, 715.8599, 1073.438, 5004.646, 2472.953, 495.2804, 24.30751, 303.2275, 45.35976, 110.1813
159.7, 1681.665, 369.586, 674.262, 1058.331, 4884.565, 2330.757, 614.3212, 23.02683, 288.0729, 42.3995, 104.4278
159.8, 1699.518, 351.1733, 635.0814, 1271.576, 5137.847, 2455.402, 671.326, 21.81363, 273.6757, 39.63243, 98.97478
159.9, 1666.301, 351.6859, 677.31, 1448.166, 5182.242, 2320.851, 725.015, 20.66434, 259.9981, 37.04594, 93.80649
160, 1635.424, 334.1649, 727.8962, 1361.701, 4951.644, 2234.149, 687.8533, 19.5756, 247.004, 34.62825, 88.90807
160.1, 1603.523, 317.5169, 685.5989, 1408.928, 5248.554, 2259.179, 652.5963, 18.54423, 234.6593, 32.36834, 84.26544
160.2, 1574.76, 301.6982, 645.7595, 1948.781, 5339.108, 2262.811, 661.1071, 17.56719, 222.9316, 30.25592, 79.86524
160.3, 1593.596, 286.6677, 608.2351, 2398.294, 5343.863, 2201.189, 627.221, 16.64164, 211.79, 28.28136, 75.69482
160.4, 1506.064, 319.6171, 602.8013, 2532.582, 5209.609, 2204.671, 595.0718, 15.76484, 201.2053, 26.43567, 71.74216
160.5, 1587.522, 303.6938, 613.7408, 2381.37, 5083.363, 2261.461, 651.1109, 14.93425, 191.1495, 24.71043, 67.9959
160.6, 1500.325, 288.5639, 646.9409, 2420.868, 5021.97, 2159.427, 617.7372, 14.14741, 181.5963, 23.09778, 64.44527
160.7, 1417.916, 274.1877, 624.0029, 2420.228, 5063.51, 2153.03, 586.0742, 13.40203, 172.5206, 21.59037, 61.08005
160.8, 1415.5, 260.5277, 698.6926, 2410.502, 5093.596, 2078.092, 556.0341, 12.69592, 163.8984, 20.18134, 57.89055
160.9, 1337.75, 303.1086, 658.0923, 2335.048, 4904.558, 2092.321, 527.5338, 12.02701, 155.7072, 18.86427, 54.86761
161, 1444.646, 360.4165, 619.8513, 2240.58, 4877.304, 1972.011, 500.4942, 11.39335, 147.9253, 17.63315, 52.00251
161.1, 1415.513, 342.4606, 583.8324, 2310.888, 4757.392, 2107.917, 474.8407, 10.79307, 140.5323, 16.48238, 49.28703
161.2, 1403.734, 325.3993, 549.9065, 2271.281, 4857.284, 2008.202, 450.502, 10.22442, 133.5089, 15.40671, 46.71334
161.3, 1326.631, 309.1879, 517.952, 2404.583, 4728.332, 1945.427, 482.4222, 9.685732, 126.8364, 14.40124, 44.27405
161.4, 1398.97, 293.7842, 487.8544, 2261.012, 5109.709, 1969.876, 457.6949, 9.175423, 120.4974, 13.46139, 41.96214
161.5, 1322.129, 279.1479, 459.5057, 2266.301, 5366.297, 1873.751, 434.2351, 8.692, 114.4753, 12.58287, 39.77094
161.6, 1306.962, 265.2408, 453.7013, 2217.139, 5210.193, 1886.207, 411.9777, 8.234048, 108.7541, 11.76169, 37.69417
161.7, 1337.267, 252.0266, 505.4004, 2221.316, 4978.351, 1777.749, 390.8612, 7.800223, 103.3188, 10.9941, 35.72585
161.8, 1288.797, 247.8157, 492.0751, 2089.377, 4756.826, 1895.233, 370.827, 7.389256, 98.15518, 10.2766, 33.8603
161.9, 1218.007, 301.1177, 499.9048, 2025.884, 4545.158, 1788.758, 351.8197, 6.99994, 93.24962, 9.605931, 32.09217
162, 1151.105, 286.1161, 486.7869, 2042.646, 4548.226, 1747.324, 333.7867, 6.631136, 88.58923, 8.97903, 30.41637
162.1, 1093.786, 271.8618, 488.4116, 2021.375, 4472.094, 1729.92, 316.6779, 6.281764, 84.16175, 8.393041, 28.82808
162.2, 1195.003, 258.3177, 466.9798, 2015.823, 4475.55, 1875.457, 300.4462, 5.950798, 79.95555, 7.845295, 27.32273
162.3, 1171.977, 273.2034, 439.8441, 2140.34, 4367.08, 1767.617, 285.0464, 5.63727, 75.95956, 7.333296, 25.89598
162.4, 1107.604, 259.5924, 414.2853, 2012.547, 4469.073, 1787.69, 270.4359, 5.340261, 72.16328, 6.854712, 24.54374
162.5, 1046.767, 246.6596, 390.2116, 1892.384, 4515.052, 1802.981, 256.5743, 5.0589, 68.55674, 6.40736, 23.2621
162.6, 1038.105, 234.371, 367.5368, 1779.395, 4886.811, 1699.308, 336.8929, 4.792364, 65.13044, 5.989203, 22.0474
162.7, 1068.56, 222.6947, 346.1797, 1878.759, 4748.723, 1661.199, 319.6249, 4.53987, 61.87538, 5.598337, 20.89612
162.8, 1009.867, 211.6001, 383.2073, 1877.18, 4555.137, 1607.763, 366.5701, 4.300679, 58.78299, 5.232979, 19.80496
162.9, 992.9153, 201.0582, 387.2281, 1798.298, 4513.53, 1576.579, 347.781, 4.07409, 55.84516, 4.891465, 18.77078
163, 960.8728, 191.0415, 398.6814, 1708.817, 4418.199, 1625.158, 329.955, 3.85944, 53.05415, 4.572238, 17.7906
163.1, 908.095, 181.5239, 375.5145, 1762.812, 4545.232, 1672.298, 348.1105, 3.656099, 50.40263, 4.273846, 16.8616
163.2, 858.2161, 172.4804, 353.6937, 1673.306, 4762.47, 1643.599, 330.2675, 3.463471, 47.88363, 3.994926, 15.98112
163.3, 894.7245, 163.8875, 335.5, 1573.398, 4550.551, 1580.775, 313.3392, 3.280992, 45.49052, 3.73421, 15.14661
163.4, 904.2281, 155.7226, 346.9371, 1598.139, 4348.062, 1545.932, 297.2785, 3.108128, 43.21702, 3.490508, 14.35568
163.5, 913.1638, 147.9645, 326.7769, 1603.096, 4254.28, 1518.817, 282.0411, 2.944371, 41.05714, 3.262711, 13.60605
163.6, 863.0064, 140.593, 307.7883, 1507.38, 4064.974, 1609.269, 267.5847, 2.789242, 39.0052, 3.04978, 12.89557
163.7, 815.6041, 133.5887, 289.903, 1522.595, 4113.439, 1516.735, 253.8692, 2.642286, 37.05581, 2.850746, 12.22218
163.8, 770.8054, 126.9333, 273.0571, 1457.503, 4173.197, 1447.063, 245.4657, 2.503072, 35.20385, 2.664701, 11.58396
163.9, 741.8754, 120.6095, 271.413, 1457.242, 4040.868, 1454.954, 232.884, 2.371194, 33.44445, 2.490797, 10.97906
164, 794.7341, 114.6008, 273.6541, 1493.295, 3952.642, 1392.849, 220.9472, 2.246263, 31.77298, 2.328243, 10.40576
164.1, 801.7112, 108.8914, 257.7523, 1626.999, 3776.759, 1379.107, 209.6222, 2.127915, 30.18504, 2.176297, 9.862386
164.2, 757.6756, 103.4664, 242.7746, 1627.569, 3659.263, 1539.083, 198.8777, 2.015802, 28.67647, 2.034268, 9.347388
164.3, 716.0588, 98.31174, 228.6672, 1530.392, 3629.093, 1453.079, 188.6839, 1.909596, 27.24328, 1.901508, 8.859283
164.4, 697.6988, 93.41386, 215.3796, 1490.63, 3523.954, 1507.182, 179.0127, 1.808986, 25.88173, 1.777412, 8.396667
164.5, 659.3763, 88.76, 210.577, 1437.896, 3551.063, 1558.851, 169.8371, 1.713677, 24.58822, 1.661415, 7.958207
164.6, 655.4083, 84.338, 198.3406, 1381.893, 3610.311, 1510.957, 161.1319, 1.623389, 23.35936, 1.552988, 7.542643
164.7, 710.3204, 80.13629, 200.4858, 1523.543, 3449.66, 1424.076, 152.8728, 1.537858, 22.19192, 1.451637, 7.148778
164.8, 707.3912, 76.14391, 188.8358, 1586.072, 3296.158, 1342.191, 145.0371, 1.456833, 21.08282, 1.3569, 6.775481
164.9, 693.5075, 72.35043, 177.8627, 2026.938, 3404.594, 1444.587, 137.603, 1.380077, 20.02915, 1.268346, 6.421677
165, 678.1743, 77.28617, 167.5273, 2101.424, 3448.592, 1415.093, 130.55, 1.307366, 19.02814, 1.185572, 6.086348
165.1, 720.3809, 91.0807, 157.7925, 2066.906, 3376.784, 1369.649, 123.8584, 1.238485, 18.07716, 1.108199, 5.768529
165.2, 680.8126, 246.5116, 148.6233, 1966.509, 3374.828, 1377.995, 117.5099, 1.173233, 17.17371, 1.035876, 5.467307
165.3, 643.4176, 237.7066, 179.2128, 1856.223, 3239.87, 1298.759, 111.4867, 1.111419, 16.31541, 0.9682724, 5.181813
165.4, 632.0797, 225.8642, 168.799, 1879.825, 3176.513, 1224.08, 105.7723, 1.052862, 15.5, 0.9050812, 4.911228
165.5, 597.3614, 214.6116, 158.9902, 1767.587, 3069.435, 1238.779, 100.3508, 0.9973904, 14.72535, 0.8460138, 4.654772
165.6, 564.5501, 203.9197, 190.9539, 1662.049, 3046.947, 1197.681, 95.20718, 0.9448413, 13.98941, 0.7908013, 4.411707
165.7, 533.5411, 193.7605, 254.6149, 1707.203, 2965.609, 1128.814, 90.32719, 0.8950607, 13.29025, 0.7391921, 4.181335
165.8, 504.2353, 184.1074, 239.8195, 1605.271, 3058.947, 1171.791, 85.69734, 0.847903, 12.62604, 0.690951, 3.962993
165.9, 476.5391, 174.9352, 225.8839, 1509.426, 2922.831, 1104.412, 81.30479, 0.8032297, 11.99502, 0.6458583, 3.756052
166, 450.3643, 166.2199, 234.5802, 1584.016, 2966.181, 1071.101, 77.1374, 0.7609102, 11.39554, 0.6037083, 3.559917
166.1, 425.6271, 157.9389, 220.949, 1489.44, 2834.193, 1009.512, 73.18361, 0.7208204, 10.82602, 0.5643092, 3.374025
166.2, 402.2487, 150.0704, 208.1099, 1409.774, 2874.136, 1040.634, 69.43247, 0.6828427, 10.28496, 0.5274813, 3.197839
166.3, 386.3423, 142.5939, 196.0169, 1325.601, 2746.244, 980.7967, 65.87361, 0.646866, 9.77094, 0.4930569, 3.030853
166.4, 365.1217, 135.4899, 184.6265, 1296.87, 2852.366, 924.4003, 62.49716, 0.6127848, 9.282612, 0.4608791, 2.872587
166.5, 345.0667, 128.7398, 173.8981, 1279.336, 2867.315, 871.2468, 59.29378, 0.5804992, 8.818689, 0.4308012, 2.722585
166.6, 326.1132, 122.326, 170.7422, 1202.95, 2739.726, 821.1497, 56.25459, 0.5499146, 8.377953, 0.4026863, 2.580416
166.7, 308.2008, 116.2318, 160.8205, 1131.126, 2691.944, 798.9913, 53.37118, 0.5209414, 7.959243, 0.3764062, 2.445671
166.8, 291.2723, 110.4411, 151.4754, 1072.256, 2663.855, 805.479, 50.63556, 0.4934947, 7.561459, 0.3518412, 2.317962
166.9, 275.2736, 104.939, 566.0146, 1047.656, 2545.32, 759.1635, 48.04016, 0.4674941, 7.183556, 0.3288794, 2.196922
167, 260.1536, 99.71091, 669.632, 985.1038, 2521.47, 715.5112, 45.57779, 0.4428634, 6.824539, 0.3074161, 2.082203
167.1, 245.8642, 94.74333, 630.7203, 959.0963, 2567.345, 674.369, 43.24163, 0.4195304, 6.483465, 0.2873535, 1.973474
167.2, 248.9297, 90.02324, 594.0699, 901.8315, 2507.933, 635.5924, 41.02522, 0.3974267, 6.159437, 0.2686003, 1.870422
167.3, 235.2567, 85.5383, 559.5491, 874.0656, 2412.108, 599.0455, 38.92241, 0.3764876, 5.851603, 0.2510709, 1.772752
167.4, 222.3348, 81.27679, 527.0344, 875.7483, 2304.774, 564.6, 36.92738, 0.3566517, 5.559154, 0.2346856, 1.680182
167.5, 210.1226, 77.2276, 496.409, 823.46, 2326.847, 588.576, 35.03461, 0.3378609, 5.281321, 0.2193696, 1.592445
167.6, 199.9508, 73.38013, 537.0975, 774.2938, 2360.009, 647.5347, 33.23886, 0.3200601, 5.017373, 0.2050531, 1.509291
167.7, 223.7887, 69.72435, 505.8873, 728.063, 2277.545, 610.3011, 69.30063, 0.3031972, 4.766617, 0.1916709, 1.430478
167.8, 211.4966, 66.25069, 476.4908, 684.5927, 2327.026, 575.2085, 65.74852, 0.2872228, 4.528393, 0.1791621, 1.355781
167.9, 231.8305, 62.9501, 478.5224, 656.7856, 2223.479, 542.1337, 62.37848, 0.27209, 4.302074, 0.1674697, 1.284984
168, 256.621, 59.81393, 454.7453, 747.4013, 2124.539, 510.9607, 104.4594, 0.2577544, 4.087067, 0.1565403, 1.217885
168.1, 295.4346, 56.83401, 457.121, 702.7762, 2152.97, 564.8113, 99.10521, 0.2441742, 3.882805, 0.1463242, 1.154289
168.2, 279.2072, 54.00256, 430.5582, 721.5353, 2158.319, 769.4879, 94.02543, 0.2313095, 3.688752, 0.1367748, 1.094014
168.3, 283.4035, 51.31216, 532.0004, 678.4547, 2062.279, 725.2419, 89.20602, 0.2191225, 435.141, 0.1278486, 1.036886
168.4, 267.837, 48.75579, 531.3028, 757.3181, 2081.9, 683.5402, 84.63363, 0.2075777, 413.3937, 0.1195049, 0.9827418
168.5, 253.1255, 46.32679, 500.4294, 712.5901, 1989.26, 644.2362, 80.29561, 0.1966411, 392.7332, 0.1117058, 0.9314247
168.6, 239.2221, 44.0188, 471.3499, 670.0435, 2035.835, 607.1923, 76.17994, 0.1862807, 373.1054, 0.1044157, 0.8827872
168.7, 259.3548, 41.82579, 602.4222, 643.6959, 1949.359, 572.2784, 72.27522, 0.1764662, 354.4585, 0.09760132, 0.8366896
168.8, 245.1092, 39.74203, 567.4161, 605.2628, 1862.617, 539.3721, 68.57065, 0.1671688, 336.7435, 0.09123167, 0.7929991
168.9, 231.6461, 37.76209, 534.4442, 625.8223, 1882.361, 548.914, 65.05596, 0.1583612, 319.9138, 0.08527771, 0.75159
169, 218.9225, 35.88079, 504.4795, 624.6055, 2049.154, 631.0923, 61.72142, 0.1500177, 303.9253, 0.07971233, 0.7123433
169.1, 223.8936, 34.09322, 535.8981, 587.3122, 1957.971, 628.6752, 58.5578, 0.1421138, 288.7359, 0.07451015, 0.6751459
169.2, 235.8767, 32.3947, 504.7576, 552.2456, 1870.846, 592.5261, 55.55633, 0.1346263, 274.3055, 0.06964748, 0.639891
169.3, 222.9207, 30.7808, 475.4267, 530.3013, 1830.464, 558.4555, 52.70871, 0.1275333, 260.5964, 0.06510215, 0.606477
169.4, 210.6764, 29.2473, 447.8001, 498.6387, 1939.393, 526.344, 50.00705, 0.120814, 247.5724, 0.06085346, 0.5748078
169.5, 199.1046, 27.79021, 421.779, 531.6569, 1891.809, 544.4423, 47.44386, 0.1144487, 235.1993, 0.05688205, 0.5447923
169.6, 188.1683, 26.4057, 423.9817, 499.9133, 1834.941, 513.1365, 45.01205, 0.1084187, 223.4446, 0.05316982, 0.5163441
169.7, 177.8328, 25.09018, 399.8534, 596.1854, 1780.103, 483.6309, 42.7049, 0.1027065, 212.2774, 0.04969986, 0.4893815
169.8, 168.065, 23.84019, 486.288, 560.589, 1746.248, 455.8219, 40.51599, 0.09729525, 201.6683, 0.04645635, 0.4638268
169.9, 158.8337, 22.65248, 458.0303, 527.1179, 1668.544, 429.6119, 105.8644, 0.09216909, 191.5894, 0.04342452, 0.4396066
170, 150.1094, 21.52393, 431.4147, 495.6453, 1697.213, 464.8727, 100.4382, 0.087313, 182.0142, 0.04059055, 0.4166511
170.1, 141.8644, 20.45161, 406.3456, 560.4959, 1755.161, 522.295, 95.29005, 0.08271277, 172.9176, 0.03794154, 0.3948942
170.2, 134.0722, 19.43272, 382.7333, 527.0304, 1677.06, 492.2628, 90.40582, 0.07835491, 164.2756, 0.0354654, 0.3742735
170.3, 126.708, 18.46458, 360.4931, 495.563, 1602.435, 463.9574, 229.1328, 0.07422665, 156.0655, 936.5385, 0.3547296
170.4, 119.7483, 17.54468, 339.5452, 465.9745, 1592.125, 451.6106, 274.9131, 0.07031589, 148.2657, 1912.871, 0.3362062
170.5, 113.1709, 16.67061, 319.8146, 438.1526, 1680.559, 516.6716, 260.8221, 0.06661118, 140.8557, 1880.023, 0.3186501
170.6, 106.9548, 15.84008, 317.5031, 467.5505, 1605.778, 517.9916, 292.6738, 0.06310166, 133.8161, 1869.334, 0.3020107
170.7, 101.0801, 15.05093, 345.6383, 439.6345, 1601.338, 506.7745, 277.6724, 0.05977704, 127.1283, 1747.338, 0.2862402
170.8, 95.52804, 14.3011, 325.5536, 413.3852, 1558.62, 494.2349, 281.9862, 0.05662759, 120.7747, 1633.303, 0.2712932
170.9, 90.28097, 13.58862, 306.6361, 414.2393, 1654.175, 465.8162, 267.5326, 0.05364406, 114.7387, 1835.706, 0.2571267
171, 85.32211, 12.91164, 288.8178, 389.5063, 1584.402, 513.1455, 253.8198, 0.05081774, 109.0043, 1715.904, 0.2437
171.1, 80.63562, 12.26838, 284.2702, 366.2501, 1514.923, 483.6394, 240.8099, 0.04814032, 103.5566, 1603.921, 0.2309744
171.2, 76.20655, 11.65717, 267.7515, 344.3824, 1645.114, 537.6041, 228.4669, 0.04560396, 98.38106, 1499.246, 0.2189133
171.3, 72.02075, 11.07641, 303.1929, 323.8204, 1571.91, 506.6915, 216.7565, 0.04320124, 93.46421, 1401.402, 0.207482
171.4, 68.67316, 10.52459, 348.7496, 304.4861, 1520.692, 477.5565, 205.6463, 0.04092511, 88.79309, 1309.944, 0.1966477
171.5, 64.90115, 10.00026, 328.4841, 286.3062, 1592.348, 482.4944, 195.1056, 0.0387689, 84.35542, 1483.204, 0.1863791
171.6, 61.33632, 9.502045, 309.3963, 269.2117, 1521.492, 457.4348, 564.9965, 0.0367263, 303.7158, 1441.841, 0.1766467
171.7, 139.6592, 9.028654, 342.9576, 253.1379, 1511.348, 525.0777, 1153.46, 0.03479131, 340.4398, 1505.8, 0.1674225
171.8, 131.9882, 8.578848, 442.9634, 238.0238, 1684.759, 584.001, 2114.837, 0.03295827, 323.4254, 1502.124, 0.1586799
171.9, 124.7385, 8.151451, 437.388, 223.8121, 1628.696, 550.4206, 2273.4, 0.03122181, 307.2614, 1511.432, 0.1503939
172, 117.887, 7.745347, 411.9719, 210.449, 1556.223, 518.7711, 2209.246, 0.02957683, 291.9052, 1412.794, 0.1425406
172.1, 111.4118, 7.359475, 388.0327, 199.0821, 1600.607, 488.9415, 2214.183, 0.02801853, 277.3165, 1455.96, 0.1350974
172.2, 105.2923, 6.992827, 400.796, 198.2903, 1559.411, 499.9555, 2259.586, 0.02654232, 439.4478, 1783.949, 0.1280428
172.3, 99.50888, 6.644446, 377.5061, 212.2554, 1522.109, 471.2078, 2194.164, 0.0251439, 417.4853, 1667.526, 0.1213567
172.4, 94.04316, 6.313421, 355.5697, 199.5822, 1454.379, 444.1131, 2093.164, 0.02381915, 396.6204, 1558.7, 0.1150196
172.5, 88.87766, 5.998887, 334.9079, 216.1532, 1538.6, 418.5764, 1985.876, 0.0225642, 449.769, 1456.976, 0.1090135
172.6, 83.99587, 5.700024, 315.4467, 203.2473, 1617.836, 394.508, 1890.53, 0.02137536, 427.2906, 1361.891, 0.103321
172.7, 79.38223, 5.416049, 297.1165, 209.6714, 1545.846, 371.8236, 1898.324, 0.02024917, 405.9356, 1273.011, 0.09792574
172.8, 75.022, 5.146223, 279.8514, 197.1525, 1514.087, 350.4435, 1808.946, 0.0191823, 385.6479, 1189.932, 0.09281223
172.9, 70.90127, 4.889839, 295.4492, 185.3811, 1505.43, 330.2928, 1716.226, 0.01817165, 366.3742, 1112.275, 0.08796573
173, 67.00687, 4.646228, 278.281, 174.3126, 1438.442, 311.3008, 1628.258, 0.01721425, 348.0637, 1039.686, 0.0833723
173.1, 63.32639, 4.414754, 264.5143, 163.9049, 1491.745, 340.0154, 1758.98, 0.01630729, 437.6245, 971.8338, 0.07901874
173.2, 59.84806, 4.194812, 249.1437, 170.6625, 1425.366, 320.4643, 1844.079, 0.01544811, 586.0488, 908.4101, 0.07489251
173.3, 60.96022, 3.985827, 234.6662, 160.4728, 1422.267, 302.0374, 1749.558, 0.0146342, 556.7595, 849.1255, 0.07098176
173.4, 58.05937, 3.787254, 221.03, 150.8914, 1394.483, 284.6701, 1698.356, 0.01386317, 528.934, 793.71, 0.06727521
173.5, 54.87035, 3.598573, 258.2873, 141.8822, 1689.112, 363.3406, 1676.007, 0.01313277, 502.4991, 741.911, 0.06376221
173.6, 51.85648, 3.419293, 243.2785, 152.7233, 1723.866, 342.4484, 1633.823, 0.01244085, 477.3854, 693.4925, 0.06043265
173.7, 59.46866, 3.248945, 229.1419, 213.6742, 1779.007, 415.3151, 1600.45, 0.01178538, 453.5268, 648.2338, 0.05727696
173.8, 56.20223, 3.087083, 282.5294, 200.9164, 1699.845, 448.7213, 1572.422, 0.01116445, 430.8607, 605.9288, 0.05428606
173.9, 95.05084, 2.933285, 266.1119, 347.4314, 1734.686, 422.9196, 1491.825, 0.01057623, 409.3273, 566.3848, 0.05145133
174, 89.82999, 2.787149, 250.6485, 1112.939, 2264.295, 509.0674, 1501.889, 0.010019, 388.8701, 529.4214, 0.04876463
174.1, 132.0034, 2.648294, 258.9902, 1386.87, 2524.57, 547.316, 1541.12, 0.009491134, 369.4353, 494.8704, 0.04621822
174.2, 124.7529, 2.516356, 243.9406, 1328.704, 2622.826, 515.845, 1462.128, 0.008991078, 350.9718, 462.5742, 0.04380479
174.3, 117.9006, 2.390992, 290.083, 1298.412, 2506.116, 486.1837, 1419.567, 0.008517368, 333.4311, 432.3857, 0.04151737
174.4, 111.4247, 2.271873, 273.2266, 1220.888, 2623.318, 479.1933, 1346.805, 0.008068616, 316.767, 404.1674, 0.03934941
174.5, 105.3044, 2.158689, 257.3497, 1289.545, 2506.586, 689.1881, 1277.772, 0.007643507, 300.9357, 377.7907, 0.03729465
174.6, 99.52038, 2.051143, 301.016, 1212.551, 2669.469, 649.5594, 1261.597, 0.007240796, 285.8957, 353.1353, 0.03534719
174.7, 125.4649, 1.948956, 283.5243, 1140.153, 2921.039, 632.5429, 1235.468, 0.006859303, 271.6073, 330.0891, 0.03350142
174.8, 118.5735, 1.851859, 267.049, 1169.678, 2990.479, 688.3626, 1172.142, 0.006497908, 258.033, 308.5468, 0.03175203
174.9, 112.0606, 1.7596, 264.9198, 1099.84, 2880.351, 648.7814, 1233.151, 0.006155555, 245.1371, 288.4105, 0.03009399
175, 105.9054, 1.671937, 257.4802, 1034.172, 2767.667, 611.4761, 1169.944, 0.005831239, 232.8858, 269.5883, 0.02852253
175.1, 184.4873, 1.588641, 261.8112, 1046.077, 2793.613, 576.3159, 1173.263, 0.00552401, 221.2467, 251.9944, 0.02703313
175.2, 174.354, 1.509495, 246.5976, 983.6192, 2750.509, 570.7576, 1113.125, 0.005232968, 428.5717, 235.5488, 0.02562151
175.3, 207.1609, 1.434292, 239.7887, 924.8903, 2628.118, 569.1141, 1111.578, 0.004957261, 407.1527, 220.1764, 0.0242836
175.4, 195.7822, 1.362836, 225.8548, 869.668, 2511.172, 569.1691, 1054.603, 0.004696079, 386.8042, 205.8073, 0.02301555
175.5, 185.0285, 1.29494, 212.7307, 895.6009, 2445.95, 536.4415, 1000.548, 0.004448658, 367.4727, 192.3759, 0.02181372
175.6, 176.2569, 1.230426, 200.3691, 842.1273, 2378.183, 505.5959, 949.2631, 0.004214273, 349.1073, 179.8211, 0.02067464
175.7, 222.6461, 1.169127, 191.2592, 791.8465, 2451.07, 574.8937, 900.6072, 0.003992237, 331.6597, 168.0856, 0.01959505
175.8, 210.4168, 1.110881, 180.1454, 849.3403, 2538.479, 612.7811, 1001.198, 0.003781899, 315.0842, 157.116, 0.01857183
175.9, 198.8593, 1.055537, 221.0711, 838.5458, 2425.523, 660.0723, 949.8804, 0.003582644, 299.337, 146.8623, 0.01760204
176, 187.9365, 1.00295, 208.2249, 860.9399, 2552.31, 741.9492, 937.5095, 0.003393886, 449.5612, 137.2778, 0.01668289
176.1, 177.6137, 0.9529836, 196.1252, 882.834, 2461.614, 754.9305, 941.6194, 0.003215073, 427.0933, 128.3188, 0.01581174
176.2, 177.8843, 0.9055061, 194.282, 900.3842, 2352.078, 711.5216, 924.155, 0.003045682, 405.7482, 119.9445, 0.01498607
176.3, 295.7943, 0.860394, 182.9924, 888.6031, 2296.438, 670.6087, 876.786, 0.002885215, 420.6141, 112.1167, 0.01420353
176.4, 279.5471, 0.8175293, 172.3589, 863.2877, 2345.973, 634.1522, 831.845, 0.002733203, 466.7919, 104.7997, 0.01346184
176.5, 264.1925, 0.7768002, 162.3433, 811.7434, 2241.582, 597.6881, 869.2715, 0.002589199, 526.3186, 97.96029, 0.01275889
176.6, 249.6812, 65.05265, 152.9097, 763.2767, 2141.837, 563.3207, 824.7158, 0.002452783, 500.0145, 91.56721, 0.01209264
176.7, 235.9669, 141.6024, 144.0243, 717.7038, 2046.53, 638.632, 782.4437, 0.002323554, 505.7551, 85.59136, 0.01146118
176.8, 246.804, 145.9492, 135.6552, 674.8519, 2114.32, 601.9103, 742.3384, 0.002201134, 539.0373, 80.00551, 0.0108627
176.9, 233.2478, 138.6781, 127.7724, 760.845, 2198.595, 567.3002, 704.2888, 0.002085163, 512.0975, 74.78419, 0.01029547
177, 220.4362, 131.7692, 120.3477, 715.4172, 2256.843, 655.7401, 695.9919, 0.001975303, 486.5041, 69.90363, 0.009757855
177.1, 208.3283, 125.2044, 165.6535, 698.5817, 2193.061, 618.0347, 733.8203, 0.001871231, 462.1898, 65.34159, 0.009248316
177.2, 196.8854, 118.9668, 156.0276, 656.8716, 2095.475, 632.8916, 776.8835, 0.001772642, 439.0906, 61.07727, 0.008765385
177.3, 186.0711, 113.0399, 146.961, 617.6518, 2040.314, 596.5, 737.0632, 0.001679247, 533.7636, 57.09126, 0.008307671
177.4, 187.2818, 107.4082, 138.4212, 630.1494, 2077.296, 645.6881, 699.2839, 0.001590773, 569.3781, 53.36537, 0.007873858
177.5, 270.3743, 102.0572, 130.3777, 592.5251, 1984.861, 670.925, 663.4411, 0.00150696, 540.9219, 49.88264, 0.007462699
177.6, 255.5235, 96.97272, 122.8016, 557.1473, 1901.58, 632.3464, 629.4354, 0.001427564, 513.8879, 46.62721, 0.007073009
177.7, 252.1589, 92.14156, 115.6657, 523.8817, 1992.484, 808.3783, 597.1728, 0.00135235, 488.205, 43.58423, 0.006703668
177.8, 238.3086, 87.55108, 108.9445, 507.1356, 1903.823, 858.0247, 578.0207, 0.001281099, 463.8057, 40.73984, 0.006353614
177.9, 225.219, 83.1893, 102.6139, 663.7031, 1930.413, 812.8527, 548.3934, 0.001213602, 440.6258, 38.08108, 0.006021839
178, 212.8484, 79.04482, 96.6511, 624.0754, 1844.514, 807.2421, 655.2564, 0.001149662, 418.6043, 35.59583, 0.005707389
178.1, 201.1573, 76.34486, 91.03481, 613.5605, 2063.017, 760.8252, 645.5872, 0.00108909, 397.6835, 33.27278, 0.005409359
178.2, 190.1083, 78.94346, 85.74487, 576.9267, 1984.944, 717.0773, 664.2872, 0.001031709, 651.3217, 31.10134, 0.005126891
178.3, 179.6663, 105.8842, 80.76233, 542.4802, 1903.866, 675.845, 630.2382, 0.000977352, 764.6534, 29.0716, 0.004859173
178.4, 169.7977, 100.609, 76.06932, 553.6056, 1819.148, 732.4758, 770.7157, 0.0009258586, 766.3204, 27.17434, 0.004605435
178.5, 160.4713, 95.59672, 71.64902, 520.5515, 1747.394, 690.358, 828.1653, 0.0008770782, 794.5784, 25.40089, 0.004364947
178.6, 151.657, 90.83411, 67.48557, 489.471, 1695.367, 650.662, 785.7164, 0.0008308678, 943.4289, 699.3063, 0.004137017
178.7, 143.327, 86.30877, 63.56406, 477.9127, 1765.609, 613.2487, 774.6526, 0.0007870921, 896.2786, 653.6682, 0.003920989
178.8, 135.4545, 82.00888, 59.87042, 449.378, 1687.044, 591.002, 788.5368, 0.0007456228, 851.4847, 611.0086, 0.003716242
178.9, 128.0144, 77.92321, 56.39141, 422.547, 1742.475, 557.019, 748.1192, 668.0441, 808.9296, 571.133, 0.003522186
179, 120.9829, 74.04109, 53.11457, 407.312, 1664.938, 524.9902, 770.2402, 632.847, 768.5012, 533.8597, 0.003338263
179.1, 114.3377, 70.35238, 50.02814, 382.9927, 1590.853, 494.8029, 730.7604, 599.5045, 730.0934, 499.019, 0.003163944
179.2, 108.0575, 66.84743, 47.12106, 360.1254, 1633.018, 556.6597, 693.3042, 567.9186, 693.605, 466.4521, 0.002998729
179.3, 102.1222, 63.51711, 44.3829, 338.6234, 1560.352, 524.6514, 657.7679, 537.9968, 658.9403, 436.0106, 0.00284214
179.4, 96.51292, 60.3527, 41.80386, 445.3059, 1572.611, 494.4837, 662.8147, 509.6516, 626.0081, 407.5557, 0.002693728
179.5, 91.21176, 57.34594, 39.37468, 418.718, 1502.633, 466.0506, 635.0269, 482.7997, 594.7217, 380.9578, 0.002553066
179.6, 86.20177, 54.48898, 37.08666, 393.7177, 1626.915, 540.3951, 602.4777, 457.3626, 564.9989, 356.0958, 0.00241975
179.7, 81.46697, 51.77435, 34.93159, 370.21, 1554.521, 572.6983, 588.9375, 433.2657, 536.7616, 332.8563, 0.002293394
179.8, 76.99223, 49.19496, 32.90176, 348.1059, 1570.596, 539.7678, 558.7506, 410.4383, 509.9355, 311.1335, 0.002173637
179.9, 72.76328, 46.74407, 30.98987, 327.3216, 1500.708, 508.7309, 530.111, 388.8137, 484.4502, 290.8283, 0.002060133
180, 68.76662, 44.41529, 29.18908, 307.7782, 1620.673, 479.4786, 502.9394, 368.3284, 460.2385, 271.8483, 0.001952557
180.1, 64.98947, 42.20253, 27.49294, 289.4017, 1548.557, 451.9083, 477.1605, 348.9224, 437.2369, 254.107, 0.001850597
180.2, 61.4198, 40.10001, 25.89535, 272.1224, 1479.65, 425.9233, 497.8402, 330.5388, 415.3849, 237.5235, 0.001753962
180.3, 58.04619, 38.10223, 24.3906, 255.8748, 1418, 401.4325, 472.3227, 313.1238, 394.6249, 222.0222, 0.001662373
180.4, 54.85789, 36.20398, 22.97329, 240.5973, 1354.903, 378.3499, 448.1131, 296.6263, 374.9025, 207.5326, 0.001575567
180.5, 51.84471, 34.40031, 21.63833, 226.232, 1382.14, 356.5946, 425.1444, 280.998, 356.1658, 193.9887, 0.001493293
180.6, 48.99704, 32.68649, 20.38095, 212.7244, 1320.638, 336.0902, 403.353, 266.1932, 338.3654, 181.3286, 0.001415316
180.7, 46.30577, 31.05805, 19.19664, 200.0233, 1509.054, 316.7648, 400.2074, 252.1683, 321.4547, 169.4948, 0.001341411
180.8, 43.76234, 29.51075, 18.08114, 188.0805, 1441.905, 298.5507, 444.2941, 238.8824, 305.3892, 158.4332, 0.001271365
180.9, 41.3586, 28.04053, 17.03047, 176.8508, 1377.743, 281.3839, 455.3591, 226.2965, 290.1266, 148.0936, 0.001204976
181, 39.0869, 26.64355, 16.04085, 166.2915, 1316.437, 265.2041, 446.6619, 214.3737, 275.6268, 543.1768, 0.001142054
181.1, 36.93998, 25.31618, 15.10873, 156.3628, 1257.858, 249.9548, 579.0891, 203.079, 261.8516, 2100.387, 0.001082418
181.2, 34.91097, 24.05493, 14.23078, 147.0269, 1207.58, 235.5822, 549.407, 192.3795, 248.7649, 2623.003, 0.001025896
181.3, 32.99342, 22.85652, 13.40384, 138.2483, 1153.846, 266.4781, 672.4476, 182.2436, 236.3322, 2844.974, 0.0009723254
181.4, 31.18119, 21.71781, 12.62496, 129.994, 1216.584, 252.4097, 637.9803, 172.6418, 224.5209, 2659.306, 0.0009215522
181.5, 29.4685, 20.63583, 11.89134, 122.2324, 1162.449, 237.896, 605.2797, 163.5459, 213.2999, 2609.984, 0.0008734303
181.6, 27.84989, 19.60776, 11.20034, 114.9343, 1137.769, 290.3225, 574.2552, 154.9292, 202.6397, 2486.945, 0.0008278212
181.7, 26.32018, 18.6309, 10.5495, 108.0719, 1243.774, 273.6288, 686.6376, 146.7665, 192.5122, 2324.642, 0.0007845938
181.8, 24.87449, 17.70271, 9.936484, 101.6193, 1188.429, 257.895, 651.4429, 139.0339, 182.8909, 2347.09, 0.0007436236
181.9, 23.50821, 16.82077, 9.359086, 95.5519, 1139.102, 243.0659, 618.0522, 131.7086, 173.7505, 2467.631, 0.0007047928
182, 22.21697, 15.98276, 8.81524, 89.84679, 1112.086, 229.0895, 586.373, 124.7693, 349.6042, 2370.238, 0.0006679897
182.1, 20.99666, 15.1865, 8.302996, 84.48232, 1164.668, 215.9167, 556.3176, 118.1956, 371.3537, 2215.552, 0.0006331084
182.2, 19.84337, 14.42991, 7.820518, 79.43813, 1153.074, 203.5014, 547.1967, 111.9683, 352.7944, 2202.509, 0.0006000486
182.3, 18.75344, 13.71102, 7.366076, 74.69513, 1101.765, 191.7999, 519.1494, 106.0691, 377.8987, 2058.769, 0.000568715
182.4, 17.72337, 13.02794, 6.938041, 70.23531, 1115.014, 255.7479, 492.5396, 100.4806, 359.0122, 1924.41, 0.0005390177
182.5, 16.74988, 12.37889, 6.534879, 66.04178, 1106.954, 241.0422, 467.2937, 95.18665, 438.4506, 1798.819, 0.0005108711
182.6, 15.82986, 11.76217, 6.155144, 62.09863, 1079.461, 261.091, 466.5111, 90.17158, 416.5379, 1998.388, 0.0004841943
182.7, 14.96037, 11.17618, 5.797475, 58.39091, 1036.255, 246.0782, 831.449, 85.42074, 395.7203, 1867.969, 0.0004589105
182.8, 14.13864, 10.61939, 5.46059, 54.90456, 990.1438, 265.7231, 1530.456, 80.9202, 375.9432, 2269.166, 0.0004349469
182.9, 13.36205, 10.09033, 5.143281, 162.0585, 946.0847, 328.7101, 1623.31, 76.65678, 511.0773, 3129.474, 569.1808
183, 12.62811, 9.587633, 4.84441, 509.1822, 1298.954, 309.8091, 2063.391, 72.61799, 546.4664, 3173.684, 539.4591
183.1, 11.93449, 9.109979, 4.562907, 543.6882, 2131.704, 456.6745, 2762.152, 68.79198, 519.1553, 2966.563, 615.2656
183.2, 11.27896, 8.656121, 4.297761, 511.2263, 2225.058, 430.4155, 2798.418, 65.16756, 590.1721, 2916.068, 583.1375
183.3, 10.65944, 12.77558, 4.048023, 557.0698, 2365.969, 548.6622, 2826.303, 61.7341, 680.6088, 2725.76, 552.687
183.4, 10.07395, 12.1391, 3.812797, 693.54, 2414.573, 517.1138, 2938.767, 58.48153, 646.5936, 2830.346, 523.8266
183.5, 9.520619, 11.53433, 101.8064, 2014.474, 2703.373, 487.3795, 2952.343, 55.40033, 732.9343, 2765.726, 817.3523
183.6, 8.997681, 10.9597, 95.89054, 2318.474, 3412.165, 459.3549, 2921.43, 52.48147, 696.304, 2737.479, 774.6715
183.7, 8.503465, 73.25737, 90.31844, 2445.678, 3616.077, 432.9417, 2816.103, 49.7164, 661.5043, 2626.128, 734.2195
183.8, 8.036395, 69.6077, 85.07014, 2319.205, 3612.569, 408.0473, 2901.042, 47.097, 628.4439, 2597.255, 695.8798
183.9, 7.59498, 66.13986, 80.1268, 2379.027, 3489.864, 384.5844, 2752.345, 44.61562, 597.0358, 2655.523, 659.5421
184, 7.177811, 62.84478, 75.47072, 2273.987, 3467.121, 362.4706, 2907.614, 42.26497, 567.1973, 2482.219, 625.1019
184.1, 6.783555, 59.71387, 143.3931, 2143.442, 3399.086, 351.4007, 2758.58, 40.03817, 538.8502, 2462.717, 592.4601
184.2, 6.410955, 56.73893, 145.126, 2196.966, 3247.834, 331.195, 2617.185, 37.92869, 511.9197, 2363.163, 561.5229
184.3, 6.05882, 53.91221, 136.6929, 2133.776, 3276.011, 312.1511, 2509.427, 35.93035, 486.3352, 2359.301, 532.2011
184.4, 5.726027, 51.22631, 128.7498, 2010.154, 3210.409, 294.2023, 2380.803, 34.0373, 462.0293, 2205.329, 504.4105
184.5, 5.411514, 48.67422, 121.2683, 1890.134, 3372.831, 277.2855, 2332.474, 32.24399, 438.9382, 2145.584, 478.071
184.6, 5.114275, 46.24928, 119.5098, 1815.747, 3222.748, 261.3414, 2334.636, 30.54516, 417.0011, 2005.56, 453.1069
184.7, 4.833364, 529.3074, 112.5652, 1722.629, 3124.14, 246.3142, 2214.971, 28.93583, 486.0914, 2056.99, 429.4464
184.8, 4.567882, 905.9926, 106.0242, 1808.085, 3187.018, 232.151, 2272.792, 27.4113, 461.7977, 2000.553, 407.0215
184.9, 4.316982, 1008.146, 99.86321, 1700.13, 3167.988, 232.1644, 2257.857, 25.96709, 438.7182, 1937.449, 385.7675
185, 4.079863, 957.9199, 94.06027, 1654.881, 3249.022, 218.8148, 2175.958, 24.59897, 416.7921, 1961.526, 365.6234
185.1, 37.5884, 1562.313, 88.59453, 1562.852, 3139.252, 206.2329, 2290.418, 23.30293, 690.0765, 1833.513, 346.5312
185.2, 124.0263, 2094.717, 83.4464, 1556.727, 3284.198, 339.7192, 2436.602, 479.1853, 681.9484, 1713.855, 630.935
185.3, 250.7006, 2293.779, 78.59741, 1693.989, 3138.059, 320.1852, 3243.962, 1006.942, 647.8662, 1907.602, 803.9542
185.4, 236.9303, 2327.88, 74.0302, 1592.846, 2998.422, 301.7744, 3450.628, 1017.755, 615.4874, 2047.117, 1533.984
185.5, 223.9165, 2211.906, 69.72838, 1531.143, 2864.999, 284.4221, 3523.327, 983.8609, 631.7381, 2196.133, 1536.086
185.6, 211.6174, 2101.709, 65.67654, 1439.724, 2747.677, 268.0677, 3342.734, 932.0245, 600.1653, 2052.809, 1594.099
185.7, 199.9939, 1997.002, 61.86014, 1353.762, 2716.171, 252.6537, 3190.009, 963.3999, 570.1705, 1918.839, 1670.948
185.8, 189.0088, 1897.512, 58.26551, 1272.933, 2595.307, 238.126, 3026.5, 912.6415, 541.6748, 2010.393, 1583.694
185.9, 178.6272, 1815.778, 54.87977, 1256.761, 2562.127, 224.4336, 2902.94, 864.5575, 514.6032, 1879.191, 1500.996
186, 168.8157, 1867.8, 51.69077, 1181.724, 2625.928, 211.5285, 2875.899, 849.0344, 538.4954, 1918.371, 1422.617
186.1, 159.5432, 1912.172, 48.68707, 1111.166, 2541.8, 199.3655, 3073.995, 804.3016, 683.3551, 1793.175, 1348.33
186.2, 150.7799, 1816.908, 45.85791, 1109.271, 2596.821, 187.9019, 2916.433, 841.0556, 1008.263, 1676.149, 1277.923
186.3, 142.498, 1726.39, 43.19316, 1144.448, 2481.268, 177.0974, 2766.947, 1222.821, 1074.817, 1566.76, 1211.192
186.4, 134.6711, 1904.157, 40.68325, 1183.214, 2490.366, 166.9142, 2915.503, 1793.489, 1021.1, 1464.51, 1147.945
186.5, 127.274, 1809.292, 38.31919, 1112.568, 2395.095, 157.3166, 2766.064, 2064.476, 970.0682, 1368.933, 1226.067
186.6, 120.2832, 1719.153, 36.09251, 1046.14, 2319.809, 148.2708, 2624.285, 1955.706, 1168.359, 1440.206, 1292.744
186.7, 113.6764, 1691.896, 33.99521, 1001.284, 2373.346, 139.7451, 2602.891, 2076.517, 1142.926, 1346.216, 1225.239
186.8, 107.4325, 1607.606, 32.01978, 954.5936, 2283.641, 131.7097, 2610.125, 2046.824, 1104.279, 1258.359, 1223.304
186.9, 101.5316, 1583.122, 30.15915, 897.5978, 2376.297, 124.1364, 2476.339, 1938.984, 1089.022, 1176.236, 1159.426
187, 95.95473, 1623.744, 28.40663, 862.1012, 2341.89, 116.9984, 2583.691, 1951.728, 1050.344, 1234.167, 1209.692
187.1, 90.68423, 1654.788, 26.75595, 810.6278, 2303.405, 110.271, 2588.968, 1848.898, 1215.152, 1153.622, 1277.208
187.2, 85.70322, 1643.174, 25.20119, 762.2277, 2316.33, 103.9303, 2456.267, 1891.099, 1212.034, 1078.335, 1210.514
187.3, 80.9958, 1633.406, 23.73678, 716.7175, 2361.945, 97.95428, 2402.302, 1791.464, 1151.459, 1007.961, 1147.303
187.4, 76.54694, 1642.144, 212.0181, 673.9245, 2256.844, 92.32186, 2373.398, 1777.575, 1093.912, 942.1792, 1208.255
187.5, 72.34245, 1591.432, 408.561, 633.6865, 2156.42, 87.01331, 2251.746, 1683.92, 1104.662, 880.6908, 1145.162
187.6, 68.3689, 1512.147, 384.82, 595.8511, 2060.464, 82.00999, 2136.33, 1722.589, 1309.48, 991.27, 1191.204
187.7, 64.6136, 1436.812, 362.4585, 581.6954, 1968.778, 77.29437, 2327.302, 1641.672, 1278.234, 926.5778, 1300.729
187.8, 61.06457, 1495.906, 341.3964, 628.242, 1881.172, 72.84991, 2409.56, 1686.207, 1214.351, 866.1076, 1672.352
187.9, 57.71048, 1433.032, 321.5583, 590.7316, 1904.098, 68.661, 2286.054, 1597.366, 1153.66, 1008.36, 1585.025
188, 54.54062, 1404.109, 302.8729, 555.4609, 1914.802, 64.71295, 2168.879, 1513.206, 1241.694, 942.5524, 1502.257
188.1, 51.54486, 1433.252, 285.2733, 522.296, 1978.203, 60.99192, 2116.867, 1468.382, 1352.291, 1100.997, 1614.679
188.2, 48.71366, 1361.847, 268.6963, 491.1113, 1890.177, 57.48485, 2008.364, 1432.938, 1409.476, 1029.144, 1530.363
188.3, 46.03797, 1346.756, 253.0827, 461.7886, 1806.069, 54.17944, 1983.802, 1402.089, 1339.034, 961.98, 1450.45
188.4, 43.50924, 1279.661, 238.3763, 434.2166, 1867.324, 51.06409, 1918.365, 1328.217, 1302.542, 899.1994, 1374.71
188.5, 41.11941, 1215.909, 275.4906, 408.2908, 1784.232, 48.12788, 1846.247, 1353.154, 1237.444, 957.9374, 1302.925
188.6, 38.86084, 1175.684, 259.4822, 383.9131, 1704.838, 45.3605, 1751.615, 1318.079, 1261.497, 1264.213, 1234.889
188.7, 36.72633, 1344.021, 244.4039, 360.9908, 1743.523, 42.75225, 1720.102, 1320.579, 1198.451, 1181.708, 1170.405
188.8, 34.70907, 1277.062, 230.2019, 339.4371, 1704.457, 40.29397, 1631.936, 1251.003, 1138.555, 1104.588, 1109.288
188.9, 32.8026, 1213.439, 216.8251, 319.1704, 1806.969, 37.97704, 1758.056, 1251.577, 1081.653, 1032.5, 1051.363
189, 31.00086, 1227.845, 204.2256, 335.6878, 1739.109, 35.79334, 1722.677, 1284.004, 1104.875, 965.1171, 996.4628
189.1, 29.29807, 1166.674, 192.3583, 337.9846, 1661.723, 33.73521, 1636.96, 1216.354, 1049.656, 902.1317, 944.4291
189.2, 27.68882, 1108.55, 193.8921, 317.8046, 1683.382, 31.79541, 1553.056, 1152.268, 997.1962, 843.2569, 895.1126
189.3, 26.16796, 1097.411, 182.6252, 298.8295, 1608.475, 29.96716, 1616.886, 1139.415, 1138.222, 788.2244, 848.3713
189.4, 24.73063, 1100.177, 172.013, 351.675, 1623.191, 28.24403, 1534.01, 1079.383, 1254.431, 736.7833, 804.0708
189.5, 23.37225, 1045.367, 294.3545, 369.23, 1582.635, 26.61999, 1455.382, 1022.514, 1568.279, 688.6995, 1046.271
189.6, 22.08848, 1020.979, 277.2499, 352.8096, 1585.778, 25.08932, 1380.784, 1150.087, 1908.897, 643.7536, 991.6364
189.7, 20.87523, 970.7697, 261.1392, 331.7444, 1646.617, 23.64667, 1431.357, 1158.658, 1813.495, 601.741, 939.8548
189.8, 19.72861, 1107.202, 514.1874, 311.937, 1620.432, 22.28698, 1488.721, 1097.612, 1885.125, 562.4703, 890.7772
189.9, 18.64498, 1052.042, 1386.343, 293.3122, 1548.327, 21.00546, 1412.414, 1039.782, 1825.581, 525.7624, 844.2623
190, 17.62087, 1198.673, 1796.86, 275.7994, 1479.43, 19.79764, 1340.019, 1021.015, 1734.343, 491.4501, 1087.664
190.1, 16.65301, 1138.955, 1951.337, 259.3323, 1582.596, 18.65926, 1454.761, 1007.354, 1647.665, 459.3772, 1030.868
190.2, 15.73831, 1177.096, 1913.749, 243.8483, 1512.174, 17.58635, 1380.195, 954.2796, 1651.14, 429.3973, 977.0374
190.3, 14.87385, 1127.837, 1859.379, 229.2889, 1525.417, 16.57512, 1361.416, 1053.082, 1607.326, 401.3741, 926.0181
190.4, 14.05687, 1071.648, 1751.333, 215.5988, 1467.103, 15.62204, 1291.634, 1013.719, 1793.851, 375.1796, 877.663
190.5, 13.28477, 1018.259, 1690.982, 202.726, 1401.82, 14.72377, 1225.43, 1036.86, 1704.198, 350.6947, 831.8329
190.6, 12.55508, 967.5295, 1647.011, 190.6219, 1339.443, 13.87714, 1267.915, 1041.745, 1963.768, 327.8077, 788.3961
190.7, 11.86547, 961.924, 1662.25, 179.2404, 1353.209, 13.0792, 1263.752, 1011.334, 1865.623, 306.4144, 747.2274
190.8, 11.21373, 914.001, 1616.148, 168.5385, 1428.714, 12.32714, 1239.908, 958.0498, 1772.384, 286.4172, 708.2084
190.9, 10.5978, 868.4656, 1522.235, 158.4756, 1366.23, 11.61832, 1176.355, 907.5733, 1683.804, 267.725, 671.2269
191, 10.01569, 894.6731, 1501.306, 149.0135, 1305.436, 10.95026, 1116.059, 916.0934, 1599.652, 250.2528, 636.1766
191.1, 9.465561, 850.1006, 1443.096, 140.1164, 1247.347, 10.32061, 1058.854, 956.9631, 1744.669, 233.9208, 602.9565
191.2, 8.945646, 876.0493, 1359.24, 276.9328, 1300.7, 9.727174, 1010.822, 906.5439, 1657.475, 218.6547, 571.4711
191.3, 8.454288, 836.2528, 1436.49, 716.179, 1242.822, 9.167856, 959.0106, 858.7811, 1574.638, 204.3849, 541.6299
191.4, 7.98992, 794.5908, 1370.05, 1109.175, 1364.172, 8.640699, 945.1719, 813.5347, 1617.139, 191.0463, 513.3469
191.5, 7.551057, 885.3683, 1465.649, 1172.217, 1303.469, 8.143854, 1020.414, 770.6723, 1536.319, 178.5783, 486.5407
191.6, 7.136301, 841.2594, 1396.92, 1113.874, 1245.468, 7.675578, 1057.88, 774.0575, 1570.418, 166.9239, 461.1344
191.7, 6.744325, 942.8929, 1386.157, 1108.069, 1226.415, 7.234228, 1003.657, 733.275, 1491.932, 156.0302, 437.0547
191.8, 6.373879, 1148.923, 1305.609, 1041.91, 1171.842, 6.818256, 987.8954, 694.6411, 1491.641, 145.8473, 414.2325
191.9, 6.023781, 1381.767, 1364.37, 979.7004, 1259.148, 6.426202, 1026.282, 732.4626, 1589.001, 136.3291, 392.602
192, 5.692913, 1503.968, 1322.131, 921.2056, 1203.119, 6.056692, 973.6784, 693.8716, 1580.584, 127.432, 605.1068
192.1, 5.380219, 1429.04, 1245.303, 866.2032, 1149.583, 5.708429, 925.864, 657.3138, 2069.519, 119.1155, 573.5091
192.2, 5.084699, 1393.905, 1299.156, 865.6612, 1189.538, 5.380191, 972.928, 622.6821, 2124.337, 472.7225, 543.5614
192.3, 4.805412, 1370.432, 1223.664, 813.9752, 1136.606, 5.070827, 1039.935, 589.875, 2237.963, 441.8717, 949.1407
192.4, 4.541465, 1415.863, 1152.558, 765.3752, 1086.03, 4.779252, 1097.993, 558.7964, 2253.083, 465.4051, 1279.398
192.5, 4.292016, 1345.325, 1085.584, 752.1164, 1037.704, 4.504443, 1041.714, 617.3492, 2275.009, 1397.981, 1350.678
192.6, 4.056269, 1278.301, 1022.502, 707.2098, 991.5286, 4.245435, 1104.503, 600.803, 2393.188, 2254.137, 1543.384
192.7, 3.83347, 1254.914, 1076.788, 743.9179, 947.4078, 4.00132, 1047.891, 649.605, 2445.511, 2378.282, 1462.791
192.8, 3.622909, 1192.975, 1014.217, 699.5009, 963.2017, 3.771242, 994.1793, 641.3577, 2415.98, 2277.398, 1442.668
192.9, 3.423913, 1218.342, 955.2816, 657.7358, 992.6693, 3.554394, 1094.482, 607.5667, 2333.148, 2202.092, 1559.877
193, 3.235848, 1265.616, 918.0294, 618.4644, 948.4978, 3.350014, 1150.291, 575.556, 2304.994, 2131.765, 1478.423
193.1, 3.058113, 1205.809, 981.4675, 581.5378, 906.2918, 3.157386, 1129.712, 600.5778, 2255.446, 2125.871, 1401.222
193.2, 2.89014, 1224.174, 954.3646, 559.4939, 908.1553, 2.975835, 1071.807, 675.8974, 2328.552, 2137.088, 1419.22
193.3, 2.731393, 1237.294, 898.9075, 526.0883, 921.4039, 2.804723, 1016.87, 1289.408, 2212.177, 2068.811, 1345.111
193.4, 2.581366, 1244.59, 846.6729, 494.6772, 880.4035, 2.64345, 964.7486, 1641.345, 2101.617, 2069.186, 1274.871
193.5, 2.439579, 1260.982, 797.4736, 465.1415, 841.2275, 2.49145, 915.299, 1554.868, 2127.412, 1934.147, 1208.3
193.6, 2.305581, 1198.161, 751.1333, 437.3694, 806.8412, 2.34819, 888.8804, 1472.947, 2074.3, 1807.921, 1145.204
193.7, 2.178942, 1190.113, 846.9037, 499.7451, 798.6717, 2.213168, 955.0444, 1395.343, 2035.505, 1763.887, 1216.468
193.8, 2.059259, 1144.49, 797.6911, 469.9068, 802.2712, 2.08591, 906.0922, 1367.118, 1933.775, 1648.772, 1239.942
193.9, 1.94615, 1087.472, 805.45, 441.8501, 766.572, 1.965969, 869.1161, 1322.549, 1895.517, 1618.859, 1283.345
194, 1.839254, 1033.294, 758.7961, 415.4686, 768.1128, 1.852925, 942.4029, 1282.59, 1900.389, 1743.253, 1216.331
194.1, 1.738229, 981.8154, 714.7033, 390.6623, 733.9335, 1.74638, 958.8653, 1215.014, 1805.412, 1629.485, 1336.639
194.2, 1.642754, 932.9016, 673.1727, 367.337, 701.2751, 1.645963, 909.7172, 1357.279, 1715.182, 1878.415, 1821.601
194.3, 1.552522, 927.6754, 634.0553, 345.4044, 670.07, 1.551319, 863.0883, 2292.1, 1629.461, 2188.758, 2484.277
194.4, 1.467247, 881.4588, 597.211, 324.7814, 640.2534, 1.462117, 960.3044, 2856.975, 1548.025, 2045.915, 2897.864
194.5, 1.386655, 882.1245, 562.5077, 305.3897, 657.2648, 1.378045, 968.223, 2921.139, 1470.658, 1912.395, 2789.396
194.6, 1.31049, 852.8525, 529.821, 291.4211, 628.0181, 1.298806, 998.932, 2798.134, 1397.158, 2118.658, 2643.738
194.7, 1.238509, 927.5634, 559.4595, 274.0212, 600.0727, 1.224124, 947.7303, 2757.258, 1454.291, 1980.391, 2739.222
194.8, 1.170482, 881.3523, 601.7077, 257.6602, 573.3708, 1.153736, 899.153, 2749.707, 1381.609, 2006.292, 2706.08
194.9, 1.106191, 837.4435, 610.4706, 242.2762, 547.8572, 1.087396, 853.0656, 2621.842, 1390.935, 2232.554, 2564.773
195, 1.045431, 868.4021, 587.687, 227.8106, 523.4788, 1.02487, 809.3404, 2585.565, 1321.419, 2086.854, 2430.845
195.1, 0.9880085, 942.7394, 553.5371, 214.2087, 506.3241, 0.9659396, 884.9051, 2611.811, 1255.378, 1950.661, 2486.426
195.2, 0.9337401, 895.7723, 521.3716, 201.419, 610.0024, 0.9103975, 839.548, 2619.203, 1306.697, 1823.358, 2516.62
195.3, 0.8824526, 901.699, 491.0753, 189.3929, 586.6951, 0.8580492, 796.5157, 2619.94, 1241.391, 1925.281, 2385.206
195.4, 0.8339822, 856.7766, 462.5394, 178.0848, 560.5885, 0.8087109, 787.2349, 2481.904, 1179.349, 1799.633, 2302.059
195.5, 0.788174, 883.9586, 435.6618, 167.4519, 535.6436, 0.7622095, 746.884, 2438.233, 1236.883, 2014.457, 2314.463
195.6, 0.744882, 839.9199, 410.3459, 157.4539, 511.8087, 0.7183821, 818.9709, 2492.763, 1175.066, 1882.99, 2273.493
195.7, 0.7039679, 798.0753, 386.5012, 148.0528, 489.0344, 0.6770747, 776.9933, 2992.628, 1116.339, 1760.102, 2154.775
195.8, 0.665301, 772.1776, 474.4554, 160.0379, 467.2734, 0.6381426, 737.1674, 3278.785, 1060.547, 1645.235, 2110.614
195.9, 0.628758, 733.7079, 446.8853, 150.4825, 672.615, 0.601449, 699.3828, 3354.455, 1204.735, 1770.814, 2035
196, 0.5942222, 697.1547, 420.9173, 141.4977, 685.1545, 0.5668654, 663.5349, 3373.925, 1144.525, 1684.144, 2177.312
196.1, 0.5615834, 831.7178, 396.4582, 133.0493, 681.2756, 0.5342703, 629.5245, 3424.629, 1087.324, 1690.67, 2063.616
196.2, 0.5307373, 814.5754, 373.4205, 125.1053, 650.9604, 0.5035495, 703.046, 3640.431, 1032.982, 1747.753, 1955.858
196.3, 0.5015855, 985.94, 415.0978, 117.6357, 621.9941, 0.4745952, 667.0103, 3647.479, 981.3564, 1750.177, 1971.117
196.4, 0.474035, 936.8206, 390.9769, 110.612, 607.8855, 0.4473057, 632.8217, 3641.077, 932.3106, 1635.957, 1868.189
196.5, 0.4479977, 890.1484, 416.9244, 104.0077, 580.836, 0.4215854, 600.3855, 3593.922, 885.7159, 1529.192, 1959.423
196.6, 0.4233905, 888.9265, 479.7898, 97.79772, 560.2194, 0.397344, 569.6119, 3442.812, 841.45, 1605.049, 1974.075
196.7, 0.400135, 844.6403, 554.1215, 91.95852, 572.1851, 54.65184, 667.5913, 3303.578, 853.5572, 1500.3, 1965.324
196.8, 0.3781568, 802.5605, 998.8672, 86.46796, 546.7241, 328.9732, 715.1116, 3374.133, 1123.419, 1566.436, 1862.698
196.9, 0.3573857, 859.2986, 1934.306, 81.30522, 522.3961, 328.1541, 785.3673, 3363.179, 1067.274, 1510.282, 2012.176
197, 0.3377556, 816.5955, 2129.988, 76.45074, 499.1507, 309.2851, 842.0128, 3185.985, 1013.934, 2282.401, 1991.798
197.1, 0.3192037, 775.9129, 2023.872, 71.8861, 476.9396, 291.501, 898.2529, 3018.126, 1196.772, 2347.482, 2012.403
197.2, 0.3016708, 797.6495, 1979.007, 67.594, 455.7169, 274.7395, 852.2117, 2938.406, 1136.96, 2520.665, 1907.318
197.3, 0.2851009, 757.9107, 2086.732, 63.55817, 435.4385, 258.9419, 845.7413, 2858.091, 1080.138, 2416.833, 1929.318
197.4, 0.2694412, 720.1517, 2004.932, 59.76331, 416.0625, 244.0526, 802.3916, 2863.701, 1114.619, 2465.052, 1863.235
197.5, 0.2546416, 684.2739, 1903.558, 56.19502, 397.5486, 230.0194, 761.2639, 2838.822, 1130.738, 2411.305, 1846.174
197.6, 0.2406549, 650.1835, 1842.686, 74.62193, 379.8586, 216.7932, 722.2441, 2689.254, 1074.226, 2446.573, 1749.77
197.7, 0.2274365, 617.7915, 1781.99, 70.16648, 362.9558, 204.3274, 685.2244, 2642.007, 1284.578, 2286.905, 1828.005
197.8, 37.3881, 587.0132, 1678.441, 65.97706, 346.8051, 192.5785, 700.4827, 2550.341, 1286.584, 2137.657, 1732.55
197.9, 35.33448, 560.7958, 1580.908, 62.03777, 331.3731, 181.5051, 666.5163, 2477.707, 1364.743, 2120.995, 1642.079
198, 33.39367, 546.0253, 1602.571, 58.33368, 316.6277, 171.0685, 632.353, 2542.224, 1296.537, 1982.575, 1829.15
198.1, 31.55945, 518.8224, 1509.447, 54.85076, 302.5385, 161.232, 599.9409, 2518.586, 1231.739, 1952.821, 1800.67
198.2, 78.36465, 492.9748, 1588.705, 51.57579, 289.0762, 151.961, 569.19, 2385.89, 1628.616, 1825.376, 1766.156
198.3, 74.06032, 504.0835, 1496.387, 48.49635, 276.213, 143.2232, 635.152, 2613.403, 1547.221, 1706.249, 1788.976
198.4, 69.99241, 478.9702, 1409.434, 45.60078, 263.9221, 134.9878, 668.1006, 3072.052, 1469.895, 1594.896, 1739.928
198.5, 66.14793, 455.108, 1439.797, 42.8781, 270.9088, 127.2259, 638.6783, 2992.901, 1425.421, 1759.761, 1757.2
198.6, 62.51463, 432.4346, 1356.132, 40.31798, 279.2323, 119.9104, 605.9419, 2945.135, 1414.336, 1772.095, 1665.442
198.7, 59.08089, 410.8907, 1363.671, 37.91072, 266.8071, 113.0154, 574.8834, 2934.96, 1343.651, 1775.203, 1680.691
198.8, 55.83575, 390.4202, 1374.084, 35.64719, 254.9348, 106.517, 615.6732, 2881.225, 1326.747, 2343.741, 1592.928
198.9, 52.76886, 370.9696, 1318.329, 33.51881, 243.5907, 100.3922, 651.0582, 2729.422, 1260.44, 2739.244, 1735.185
199, 49.87043, 362.1034, 1258.729, 31.5175, 232.7515, 94.61961, 617.6872, 2585.618, 1239.227, 2651.432, 1699.195
199.1, 47.1312, 493.437, 1185.586, 29.63569, 222.3946, 89.17892, 798.4337, 2640.05, 1177.294, 3142.202, 1853.37
199.2, 44.54242, 988.3981, 1116.693, 27.86623, 286.7046, 84.05109, 757.5087, 2676.208, 1318.185, 3403.88, 1756.59
199.3, 42.09584, 1323.334, 1070.942, 26.20243, 273.9469, 79.2181, 831.8168, 2672.4, 1252.305, 3627.25, 1879.751
199.4, 39.78364, 1271.917, 1010.516, 24.63796, 261.7569, 74.66302, 851.0087, 2557.332, 1189.718, 4093.775, 1781.594
199.5, 37.59844, 1208.55, 951.7957, 23.1669, 250.1093, 70.36985, 807.389, 2422.594, 1420.979, 3940.601, 1786.603
199.6, 35.53327, 1323.874, 1102.878, 21.78368, 238.98, 66.32355, 766.0051, 2294.956, 1349.961, 3785.649, 1771.526
199.7, 33.58154, 1333.029, 1039.307, 20.48304, 228.3459, 62.50991, 726.7424, 2273.952, 1282.494, 3978.287, 1679.02
199.8, 34.50426, 1269.646, 978.9135, 19.26006, 218.1851, 58.91555, 689.4922, 2180.24, 1382.936, 3718.656, 1634.915
199.9, 32.60905, 1297.762, 922.0299, 18.1101, 208.4763, 55.52788, 654.1512, 2168.305, 1442.798, 3611.839, 1549.542
200, 30.81793, 1324.711, 868.4517, 17.0288, 199.1996, 52.335, 620.6218, 2205.773, 1370.691, 3577.732, 1631.385
200.1, 29.1252, 1258.714, 962.9653, 16.01207, 221.2905, 49.32571, 588.8109, 2272.164, 1472.142, 3416.382, 1546.196
200.2, 27.52544, 1257.198, 935.238, 15.05604, 211.4436, 46.48945, 558.6305, 2152.451, 1398.568, 3247.951, 1520.822
200.3, 26.01355, 1194.565, 1043.27, 14.15709, 202.0348, 43.81628, 529.9971, 2096.989, 1328.671, 3192.308, 1441.407
200.4, 24.5847, 1233.664, 982.6464, 13.31181, 238.7354, 41.29683, 502.8313, 1986.505, 1262.267, 3230.429, 1434.23
200.5, 23.23434, 1188.478, 962.0286, 12.517, 228.1122, 38.92224, 477.0579, 2207.317, 1415.771, 3080.792, 1418.921
200.6, 21.95815, 1231.792, 906.1262, 11.76965, 217.9618, 36.68419, 452.6056, 2091.021, 1345.014, 2963.232, 1572.089
200.7, 20.75205, 1170.424, 976.8879, 11.06692, 208.263, 34.57483, 478.8696, 2052.531, 1277.793, 2769.845, 1489.997
200.8, 19.6122, 1112.114, 920.1219, 10.40615, 198.9957, 32.58676, 489.8387, 1979.684, 1213.932, 2859.403, 1656.589
200.9, 18.53496, 1056.708, 1011.862, 9.78483, 190.1409, 30.713, 464.7313, 1875.381, 1332.829, 2777.057, 1871.871
201, 17.51689, 1004.063, 953.0636, 9.200608, 181.68, 28.94699, 440.9108, 1921.176, 1266.218, 2787.42, 1886.752
201.1, 16.55474, 954.041, 989.8212, 8.651268, 173.5957, 27.28252, 418.3112, 1819.956, 1202.935, 2605.508, 1877.341
201.2, 15.64544, 908.0625, 932.3037, 8.134727, 165.8711, 25.71376, 396.8701, 1724.068, 1142.815, 2435.468, 1779.309
201.3, 14.78608, 862.823, 878.1285, 7.649028, 158.4902, 24.2352, 396.459, 1718.311, 1085.7, 2488.957, 1686.397
201.4, 13.97393, 819.8373, 827.1014, 7.192328, 151.4377, 22.84167, 376.1379, 1675.209, 1031.439, 2326.523, 1792.626
201.5, 13.20638, 895.8311, 1241.426, 6.762896, 144.6991, 21.52826, 640.2914, 1647.63, 1490.497, 2549.584, 1985.934
201.6, 12.481, 851.2009, 1287.195, 6.359104, 138.2603, 20.29037, 645.8558, 1568.212, 1799.011, 2882.37, 1960.659
201.7, 11.79545, 987.6328, 1249.809, 5.979422, 132.108, 19.12366, 612.7515, 1593.729, 1844.646, 2773.467, 1948.172
201.8, 11.14756, 938.4291, 1177.184, 5.622409, 126.2295, 18.02404, 581.344, 1929.637, 1981.933, 2805.604, 2246.057
201.9, 10.53526, 932.1669, 1108.779, 5.286712, 120.6126, 16.98765, 638.726, 2346.39, 1882.881, 2768.797, 2227.734
202, 9.956592, 889.1676, 1134.526, 4.971059, 290.244, 16.01085, 641.9897, 2623.238, 1788.779, 2640.397, 2204.9
202.1, 9.409706, 844.8694, 1068.6, 4.674252, 561.4671, 15.09022, 808.56, 2507.523, 1699.38, 2734.355, 2168.54
202.2, 8.892859, 802.7782, 1006.505, 4.395167, 673.0197, 14.22252, 789.6165, 2489.697, 1614.449, 2713.955, 2097.914
202.3, 8.404402, 801.1757, 986.59, 4.132745, 658.6478, 13.40472, 749.1435, 2358.523, 1617.844, 2536.837, 1988.365
202.4, 7.942773, 761.2612, 1016.197, 3.885991, 629.3395, 12.63394, 710.7451, 2396.828, 1593.44, 2371.279, 1981.634
202.5, 7.506501, 734.8072, 976.7034, 3.653971, 736.3793, 11.90749, 674.3148, 2354.799, 1513.803, 2459.983, 1923.115
202.6, 7.094191, 698.1992, 1004.78, 3.435803, 703.6121, 11.2228, 834.8401, 2230.733, 1469.933, 2698.114, 2030.692
202.7, 6.704528, 792.9697, 946.3935, 3.230662, 672.303, 10.57748, 824.7249, 2194.41, 1396.469, 2769.427, 1924.653
202.8, 6.336269, 852.9037, 1254.23, 3.037769, 945.684, 9.969271, 782.4524, 2207.869, 1477.767, 2588.689, 2104.622
202.9, 96.81048, 810.4122, 2018.875, 2.856393, 917.2856, 9.396032, 742.3466, 2234.996, 1428.917, 2684.466, 2049.036
203, 136.7105, 770.0376, 2134.527, 2.685847, 985.1926, 8.855756, 966.1282, 2155.025, 1888.319, 2509.273, 2073.765
203.1, 141.279, 731.6744, 2234.571, 2.525483, 941.3538, 8.346545, 916.6079, 2182.285, 1793.946, 2345.513, 2274.323
203.2, 133.5189, 695.2225, 2531.058, 2.374694, 899.4657, 7.866614, 869.6258, 2141.187, 1766.78, 2520.889, 2218.728
203.3, 126.1851, 660.5867, 2469.779, 2.232909, 859.4415, 7.41428, 825.0518, 2028.375, 1678.48, 2356.371, 2242.743
203.4, 119.2542, 627.6763, 2352.964, 2.099589, 821.1983, 6.987955, 782.7626, 1921.507, 1712.828, 2367.021, 2125.631
203.5, 112.7039, 596.4056, 2625.821, 1.974229, 784.6569, 6.586143, 871.2115, 1877.942, 1627.225, 2212.545, 2197.429
203.6, 106.5134, 566.6927, 2500.466, 1.856354, 749.7414, 6.207437, 826.5563, 1843.633, 1545.9, 2268.361, 2082.683
203.7, 100.663, 538.4602, 2587.931, 1.745516, 716.3796, 5.850506, 1002.321, 1788.756, 1468.64, 2453.195, 1973.929
203.8, 95.13384, 513.4907, 2437.55, 1.641297, 684.5023, 5.514099, 987.8887, 1774.393, 1516.608, 2293.095, 1967.24
203.9, 89.90842, 487.9087, 2462.719, 1.5433, 654.0435, 5.197035, 937.253, 1807.394, 1646.293, 2143.443, 1988.76
204, 84.97002, 463.6011, 2319.613, 1.451154, 662.6697, 4.898202, 889.2127, 1942.666, 1564.016, 2179.119, 1884.911
204.1, 80.30288, 440.5046, 2202.231, 1.36451, 633.1824, 4.616553, 843.6348, 2236.549, 1485.85, 2036.906, 1855.284
204.2, 75.89208, 451.4554, 2286.743, 1.28304, 605.0072, 4.351099, 800.393, 2118.713, 1545.923, 1903.974, 1758.404
204.3, 71.72356, 469.5493, 2153.863, 1.206433, 578.0858, 4.100908, 759.3677, 2075.83, 1468.662, 1779.717, 1666.583
204.4, 67.784, 463.8026, 2170.066, 1.134401, 552.3622, 3.865104, 720.4452, 2670.367, 1395.262, 1663.569, 1753.842
204.5, 64.06083, 440.696, 2088.14, 1.066669, 527.7834, 3.642858, 683.5177, 2960.817, 1325.53, 1833.415, 1662.259
204.6, 60.54216, 418.7406, 2058.721, 1.002982, 504.2982, 3.433392, 648.483, 2918.783, 1259.283, 1713.763, 1645.021
204.7, 57.21676, 397.879, 1965.74, 0.9430967, 481.8581, 3.23597, 615.244, 2888.54, 1196.347, 1601.92, 1559.121
204.8, 54.07402, 378.0568, 1944.887, 0.8867873, 490.2241, 3.0499, 583.7088, 2919.847, 1194.118, 1497.375, 1477.706
204.9, 51.10389, 359.222, 1874.13, 0.83384, 468.4102, 2.874529, 553.7899, 2766.01, 1134.439, 1399.654, 1400.543
205, 48.29691, 341.3257, 1806.052, 0.7840539, 523.8748, 2.709242, 525.4046, 2635.105, 1267.595, 1308.31, 1481.815
205.1, 45.6441, 324.3209, 1701.105, 0.7372405, 500.5635, 2.553459, 498.4742, 2736.508, 1204.244, 1222.927, 1404.437
205.2, 43.13701, 308.1632, 1693.767, 0.6932221, 478.2896, 2.406634, 472.9242, 2592.33, 1144.058, 1143.116, 1331.1
205.3, 40.76763, 379.0875, 1630.088, 0.6518319, 457.0068, 2.268251, 448.6838, 2551.976, 1178.373, 1068.514, 1261.592
205.4, 38.52839, 402.8626, 1535.365, 432.3797, 436.671, 2.137826, 425.6858, 2424.767, 1153.089, 1266.891, 1195.714
205.5, 36.41214, 410.6527, 1614.722, 1163.534, 432.3837, 2.014899, 549.2425, 2382.124, 1095.46, 1184.212, 1133.276
205.6, 34.41213, 390.194, 1652.142, 1149.885, 413.1436, 1.899042, 521.0903, 2256.618, 1040.712, 1153.313, 1074.098
205.7, 32.52197, 451.8457, 1556.138, 1081.229, 394.7597, 1.789846, 541.1772, 2293.343, 1031.126, 2229.698, 1356.688
205.8, 30.73564, 429.3348, 1550.369, 1155.077, 377.1938, 1.686929, 513.4384, 2172.514, 1098.134, 2662.135, 1495.924
205.9, 29.04742, 457.4653, 1462.89, 1086.11, 360.4095, 1.589929, 517.6408, 2107.528, 1106.076, 2822.924, 1417.81
206, 27.45193, 434.6745, 1467.435, 1021.262, 344.3721, 1.498507, 555.8875, 2062.587, 1108.607, 2735.853, 1462.141
206.1, 25.94408, 413.0191, 1453.239, 960.2857, 329.0483, 1.412343, 527.3947, 1953.916, 1123.44, 2606.147, 1385.791
206.2, 24.51905, 392.4426, 1430.489, 902.95, 314.4064, 1.331132, 500.3623, 2030.281, 1084.721, 2595.799, 1404.924
206.3, 23.17229, 372.8911, 1412.509, 849.0377, 300.416, 1.254591, 474.7155, 1923.312, 1180.035, 2565.792, 1331.561
206.4, 21.89951, 460.7553, 1528.361, 798.3442, 287.0482, 1.182452, 450.3832, 1884.97, 1121.059, 2564.588, 1319.394
206.5, 20.69664, 437.8006, 1439.549, 780.0909, 274.2752, 1.11446, 427.2982, 1785.657, 1201.551, 2551.628, 1250.498
206.6, 19.55983, 415.9894, 1355.899, 740.311, 262.0706, 1.050378, 411.1093, 1691.577, 1141.5, 2385.104, 1549.415
206.7, 18.48547, 439.715, 1277.109, 857.5829, 250.4091, 0.9899806, 390.9978, 1662.526, 1292.052, 2547.03, 2126.031
206.8, 17.47012, 417.8085, 1287.821, 806.3793, 239.2664, 0.9330562, 370.9567, 1713.367, 1227.478, 2472.957, 2482.553
206.9, 16.51054, 483.2067, 1212.988, 758.2329, 228.6196, 0.879405, 382.7432, 1623.095, 1166.132, 2447.97, 2395.975
207, 15.60366, 465.3827, 1142.502, 712.9612, 218.4466, 0.8288388, 370.0565, 1629.452, 1107.851, 2288.21, 2385.437
207.1, 14.7466, 442.1974, 1076.113, 670.3925, 208.7262, 0.7811801, 351.0887, 1562.524, 1052.484, 2707.735, 2310.698
207.2, 13.93661, 420.1672, 1161.702, 655.5699, 199.4383, 0.7362618, 333.0932, 1480.2, 999.8831, 2531.023, 2278.542
207.3, 13.17112, 399.2346, 1168.64, 719.1824, 190.5638, 0.6939263, 316.02, 1402.213, 1002.883, 2365.844, 2159.56
207.4, 12.44767, 379.3448, 1100.731, 738.3992, 182.0841, 0.6540252, 299.8219, 1494.758, 952.7612, 2211.444, 2201.101
207.5, 11.76396, 360.4459, 1036.769, 694.3116, 203.0773, 0.6164184, 284.4541, 1446.103, 1116.274, 2067.121, 2086.163
207.6, 11.1178, 342.4885, 976.5236, 652.8564, 243.1663, 0.580974, 269.874, 1528.658, 1060.486, 1932.217, 2045.921
207.7, 10.50713, 325.4258, 919.7789, 642.5939, 232.3459, 0.5475677, 256.0412, 1531.045, 1007.485, 1806.117, 1939.086
207.8, 9.930005, 309.2132, 979.7302, 626.6629, 222.0071, 0.5160823, 242.9174, 1450.38, 957.1334, 1688.246, 1994.2
207.9, 9.38458, 360.405, 922.7991, 589.2468, 212.1283, 0.4864073, 230.4663, 1428.868, 1177.934, 1578.068, 1936.173
208, 8.869113, 418.088, 869.1762, 554.0646, 202.689, 2.218192, 218.6534, 1393.823, 1119.063, 1475.08, 1835.069
208.1, 8.381959, 397.2589, 818.6693, 520.9832, 193.6698, 91.25463, 207.446, 1332.744, 1063.135, 1378.814, 1841.725
208.2, 7.921563, 377.4675, 771.0973, 562.205, 185.052, 109.1646, 196.8131, 1454.403, 1010.002, 1288.83, 1770.087
208.3, 7.486455, 358.6622, 760.0663, 528.6375, 176.8176, 102.8876, 186.7251, 1414.075, 959.5248, 1204.718, 1705.999
208.4, 7.075247, 340.7937, 715.8997, 497.0741, 205.7286, 96.9715, 177.1543, 1339.572, 911.5701, 1126.096, 1695.731
208.5, 6.686625, 323.8154, 741.7658, 467.3954, 196.5742, 145.6714, 168.0739, 1328.608, 866.012, 1052.605, 1638.719
208.6, 6.319349, 307.683, 850.184, 439.4886, 215.3589, 139.6864, 159.4591, 1258.608, 822.7308, 983.9099, 1659.304
208.7, 5.972246, 292.3543, 989.5964, 413.2481, 432.7896, 243.8608, 151.2858, 1192.296, 781.6127, 919.698, 1636.035
208.8, 5.644208, 277.7892, 1634.011, 406.5204, 829.6155, 229.8387, 143.5314, 1129.478, 742.5496, 859.6768, 1550.604
208.9, 5.334189, 263.9498, 1862.518, 382.2483, 1164.823, 338.4763, 136.1745, 1086.775, 705.4387, 803.5726, 1469.634
209, 5.041198, 256.0999, 1846.597, 359.4254, 1264.657, 368.8104, 129.1946, 1049.566, 670.1826, 751.1299, 1623.503
209.1, 4.7643, 243.341, 2074.405, 524.0334, 1506.04, 869.6315, 122.5726, 994.268, 636.6884, 702.1098, 1538.726
209.2, 85.52258, 231.2178, 2009.032, 756.7261, 1714.677, 1630.651, 116.2899, 941.8833, 604.8683, 656.2888, 1458.376
209.3, 142.6739, 219.6986, 1916.234, 711.5444, 2351.678, 1567.221, 110.3293, 892.2586, 574.6384, 613.4581, 1382.223
209.4, 151.8363, 208.7532, 1807.221, 711.7711, 2517.188, 1601.222, 104.6742, 845.2485, 545.9194, 573.4227, 1310.045
209.5, 242.4967, 198.3532, 1702.205, 824.9203, 2687.007, 1618.539, 99.30899, 884.1546, 518.6356, 536, 1241.637
209.6, 244.2051, 210.308, 1815.08, 943.2651, 2813.394, 1680.885, 94.21876, 933.2382, 492.7155, 501.0196, 1176.801
209.7, 322.0767, 199.8305, 1734.83, 1003.971, 2735.487, 1799.972, 89.38943, 884.0689, 468.0907, 468.3221, 1115.35
209.8, 304.386, 189.875, 1634.021, 999.9835, 2613.764, 1827.937, 84.80765, 865.3126, 444.6967, 437.7585, 1183.105
209.9, 526.891, 180.4154, 1643.529, 1041.417, 2690.117, 1846.476, 80.46071, 819.7222, 422.4718, 409.1896, 1121.325
210, 497.9504, 171.4272, 1548.025, 1048.258, 2802.004, 1883.116, 76.33658, 870.2626, 401.3577, 382.4851, 1262.138
210.1, 470.5995, 178.4521, 1625.807, 985.6697, 2677.321, 1781.24, 72.42384, 824.4114, 381.2988, 357.5234, 1196.231
210.2, 444.7509, 169.5616, 1597.843, 926.8184, 2802.152, 1678.818, 68.71165, 780.9759, 362.2424, 334.1907, 1133.766
210.3, 521.7149, 171.7301, 1545.293, 901.1749, 3583.826, 1622.364, 65.18973, 759.4624, 344.1384, 312.3808, 1074.563
210.4, 493.0587, 253.0596, 1473.63, 847.3685, 3803.192, 1529.077, 61.84833, 731.9786, 326.9391, 291.9942, 1018.451
210.5, 465.9764, 240.4522, 1406.986, 841.4296, 3736.056, 1441.154, 58.6782, 693.413, 310.5995, 272.9381, 965.2691
210.6, 440.3817, 228.4729, 1325.228, 890.045, 3569.81, 1358.287, 55.67057, 701.1969, 295.0765, 255.1257, 914.8644
210.7, 514.4762, 217.0904, 1264.626, 836.9031, 3679.259, 1462.81, 52.81709, 689.3229, 280.3293, 238.4757, 867.0917
210.8, 567.085, 206.275, 1363.275, 786.9342, 3515.54, 1378.698, 50.10987, 778.351, 266.3191, 222.9123, 821.8136
210.9, 535.9368, 195.9984, 1357.269, 812.2215, 3359.106, 1366.775, 47.54142, 737.3423, 253.0091, 208.3646, 778.8999
211, 506.4994, 186.2338, 1280.402, 763.7263, 3209.634, 1356.25, 45.10461, 698.4941, 240.3643, 194.7664, 738.2271
211.1, 631.5605, 176.9557, 1229.453, 821.08, 3726.126, 1576.019, 42.79271, 661.6928, 228.3515, 182.0555, 699.6781
211.2, 604.1508, 168.1398, 1181.657, 965.7065, 3959.831, 1521.096, 40.5993, 626.8304, 216.939, 170.1743, 663.1421
211.3, 570.9666, 159.7631, 1242.409, 908.0471, 3783.627, 1503.973, 38.51832, 593.8047, 206.0969, 159.0684, 628.5139
211.4, 539.6051, 151.8037, 1170.214, 876.3951, 3657.84, 1417.494, 36.54401, 562.5192, 195.7967, 148.6873, 595.694
211.5, 556.215, 144.2409, 1102.214, 824.0682, 3495.075, 1425.345, 34.67089, 532.8819, 186.0113, 138.9836, 564.5878
211.6, 537.0441, 137.0548, 1038.165, 867.9897, 3339.552, 1343.387, 32.89379, 504.8061, 176.7149, 129.9133, 535.106
211.7, 708.1819, 130.2268, 977.8386, 816.1647, 3416.969, 1614.941, 31.20777, 478.2096, 167.8831, 121.4349, 759.3143
211.8, 709.4156, 123.7389, 921.0175, 767.434, 3537.693, 1628.096, 29.60817, 453.0143, 159.4927, 113.5098, 747.2355
211.9, 670.4496, 117.5743, 867.4981, 721.6129, 3613.834, 1659.355, 28.09056, 429.1465, 151.5216, 106.102, 768.3307
212, 633.6238, 111.7167, 817.0887, 1002.188, 4277.232, 1622.428, 26.65073, 406.5361, 143.9489, 99.17756, 788.6038
212.1, 649.0394, 106.151, 769.6086, 942.3505, 4656.65, 1529.138, 25.28471, 385.1171, 136.7547, 92.70504, 747.4243
212.2, 723.4921, 100.8626, 724.8875, 886.0856, 4617.257, 1718.049, 23.98871, 364.8265, 129.92, 86.65493, 708.395
212.3, 683.7528, 95.83764, 682.765, 1120.086, 4411.799, 1735.019, 22.75913, 345.605, 123.4269, 80.99966, 1181.998
212.4, 761.36, 91.06303, 643.0903, 1620.236, 4746.805, 1810.255, 21.59258, 327.3962, 117.2584, 75.71347, 1120.276
212.5, 820.3389, 86.52628, 605.721, 1712.636, 4889.966, 1928.627, 20.48582, 310.1468, 111.3981, 70.77226, 1061.777
212.6, 784.1111, 82.21556, 570.5232, 1791.067, 5242.387, 1939.402, 19.43579, 293.8062, 105.8307, 66.15353, 1006.333
212.7, 756.3066, 78.1196, 537.3707, 1826.377, 5174.911, 1897.29, 18.43958, 278.3265, 100.5415, 61.83623, 953.7841
212.8, 895.0899, 74.22769, 555.4227, 1854.054, 5398.387, 1788.195, 17.49443, 263.6624, 95.51668, 57.80068, 903.9791
212.9, 953.1668, 70.52968, 533.6268, 1758.481, 5254.326, 1781.584, 16.59772, 249.771, 90.74298, 54.0285, 856.7748
213, 1079.294, 67.0159, 542.8068, 1732.884, 5121.458, 1830.335, 15.74698, 236.6113, 86.20786, 50.50249, 812.0355
213.1, 1055.446, 63.67718, 511.2648, 1810.008, 5216.156, 1882.192, 14.93985, 224.1451, 81.8994, 47.20661, 769.6324
213.2, 1169.697, 60.50479, 542.4429, 1701.938, 5151.196, 1831.473, 14.17408, 212.3356, 77.80627, 44.12582, 729.4435
213.3, 1105.449, 57.49045, 510.9221, 1815.358, 4921.98, 1832.926, 13.44757, 201.1484, 73.91769, 41.24608, 691.3531
213.4, 1044.73, 54.62629, 481.233, 1706.969, 4914.284, 1761.774, 12.7583, 190.5505, 70.22346, 38.55428, 655.2518
213.5, 987.3461, 51.90481, 707.6375, 2014.983, 4706.242, 1911.48, 12.10435, 180.511, 66.71387, 36.03816, 621.0357
213.6, 973.1465, 49.31892, 666.5175, 2065.874, 4496.825, 1874.081, 11.48392, 171.0005, 63.37967, 33.68624, 588.6063
213.7, 941.5345, 46.86186, 659.4437, 1942.527, 4460.011, 2017.885, 10.8953, 161.9911, 60.2121, 31.48781, 557.8702
213.8, 935.3591, 60.11135, 693.3732, 1911.568, 4443.352, 1902.077, 10.33684, 153.4563, 57.20285, 29.43286, 528.7392
213.9, 923.1409, 57.11662, 653.082, 1877.103, 4445.887, 1848.435, 9.807014, 145.3712, 54.34399, 27.51201, 501.1293
214, 888.2152, 79.0694, 615.1321, 1964.417, 4722.618, 1877.804, 9.304341, 137.7121, 51.62801, 25.71653, 474.9612
214.1, 958.6347, 75.13017, 579.3875, 1847.128, 4512.472, 1955.309, 8.827434, 130.4565, 49.04776, 24.03822, 450.1595
214.2, 905.9798, 71.3872, 545.7198, 1915.734, 4323.258, 1906.543, 8.37497, 123.5831, 46.59647, 22.46944, 426.653
214.3, 856.217, 85.25999, 543.3923, 1801.352, 4130.883, 1820.33, 7.945699, 117.072, 44.26769, 21.00304, 404.3739
214.4, 858.0124, 81.01236, 609.0992, 1731.104, 3947.068, 1826.381, 7.53843, 110.9038, 42.0553, 19.63234, 383.2581
214.5, 911.8103, 76.97634, 585.2535, 1748.422, 4386.782, 1753.945, 7.152037, 105.0607, 39.95348, 18.3511, 363.2451
214.6, 887.8123, 73.1414, 552.9383, 1707.293, 5194.189, 1676.219, 6.785449, 99.52537, 37.9567, 17.15347, 344.277
214.7, 839.0474, 69.49751, 520.8076, 1719.145, 4963.06, 1730.424, 6.43765, 94.28171, 36.05971, 16.034, 326.2994
214.8, 853.7932, 66.03515, 618.2311, 1735.987, 4742.215, 1695.808, 6.107679, 89.31432, 34.25753, 14.98759, 309.2606
214.9, 806.8969, 62.74529, 582.3064, 1689.953, 4697.161, 1638.055, 5.794621, 84.60864, 32.54543, 14.00947, 293.1115
215, 762.5764, 59.61933, 548.4692, 1632.315, 4753.877, 1594.49, 5.497609, 80.15089, 30.91888, 13.09519, 277.8058
215.1, 720.6904, 56.6491, 576.7535, 1555.934, 4542.341, 1509.975, 5.215821, 75.92801, 29.37363, 12.24057, 263.2992
215.2, 775.8593, 53.82685, 543.239, 1463.034, 4403.109, 1566.481, 4.948477, 71.92761, 27.90561, 11.44173, 249.5502
215.3, 733.2437, 51.14521, 511.6719, 1471.785, 4360.022, 1615.659, 4.694835, 68.13799, 26.51095, 10.69502, 236.5191
215.4, 692.9688, 48.59716, 481.9392, 1416.537, 4174.531, 1522.758, 4.454195, 64.54802, 25.186, 9.997042, 224.1684
215.5, 654.9061, 46.17606, 453.9342, 1331.96, 4025.251, 1435.199, 4.225888, 61.1472, 23.92726, 9.344616, 212.4627
215.6, 618.9341, 43.87558, 481.312, 1252.433, 3940.399, 1352.674, 4.009284, 57.92555, 22.73144, 8.734769, 201.3683
215.7, 584.9379, 41.6897, 453.3435, 1220.495, 3928.489, 1432.598, 3.803782, 54.87365, 21.59537, 8.164721, 190.8532
215.8, 602.0845, 39.61273, 474.9623, 1262.103, 4033.214, 1518.667, 3.608814, 51.98254, 20.51609, 7.631876, 180.8871
215.9, 569.0138, 37.63923, 447.3627, 1186.746, 3859.323, 1431.343, 3.423839, 49.24375, 19.49074, 7.133806, 171.4415
216, 537.7596, 35.76405, 421.367, 1309.712, 3687.591, 1349.04, 3.248345, 46.64926, 18.51664, 6.66824, 162.4891
216.1, 508.2221, 33.9823, 434.9226, 1231.513, 3527.007, 1327.108, 3.081846, 44.19146, 17.59123, 6.233058, 154.0042
216.2, 480.307, 32.2893, 524.8381, 1224.442, 3544.328, 1330.413, 2.923882, 41.86316, 16.71206, 5.826277, 145.9624
216.3, 561.6122, 30.68065, 543.971, 1151.335, 3623.229, 1330.264, 2.774014, 39.65753, 15.87683, 5.446043, 138.3405
216.4, 530.7646, 29.15215, 527.8623, 1186.866, 3582.201, 1339.973, 2.631828, 37.56811, 15.08334, 5.090624, 131.1166
216.5, 540.4628, 27.69979, 497.1888, 1135.068, 3535.351, 1262.924, 2.496929, 35.58877, 14.32952, 4.7584, 124.2699
216.6, 510.7768, 26.3198, 468.2977, 1067.297, 3455.866, 1190.305, 2.368946, 33.71371, 13.61336, 4.447858, 117.7807
216.7, 482.7213, 25.00855, 441.0854, 1080.289, 3392.008, 1121.862, 2.247522, 31.93745, 12.933, 4.157582, 111.6304
216.8, 549.2952, 23.76263, 415.4544, 1146.923, 3241.071, 1274.418, 2.132322, 30.25477, 12.28664, 3.88625, 105.8012
216.9, 529.85, 22.57878, 391.3128, 1096.284, 3307.271, 1201.138, 2.023026, 28.66075, 11.67258, 3.632626, 100.2765
217, 500.747, 21.45391, 368.574, 1102.298, 3427.86, 1132.072, 1.919333, 27.15071, 11.08921, 463.3342, 95.04021
217.1, 473.2425, 20.38508, 386.6828, 1036.484, 3319.104, 1137.123, 1.820955, 25.72023, 10.535, 1144.403, 582.7621
217.2, 447.2487, 19.3695, 364.213, 974.5984, 3212.33, 1071.738, 17.3666, 24.36511, 10.00849, 1127.075, 552.3313
217.3, 422.6826, 18.40451, 343.049, 916.4081, 3069.389, 1010.113, 16.47645, 23.0814, 9.508286, 1179.731, 523.4895
217.4, 399.466, 17.4876, 456.6519, 861.6922, 2932.808, 980.2455, 85.31951, 21.86531, 9.033085, 1438.974, 997.4908
217.5, 377.5245, 16.61637, 430.1163, 876.2173, 2880.184, 923.8809, 137.6754, 20.7133, 8.581633, 2151.872, 945.4036
217.6, 356.7882, 15.78855, 405.1227, 823.9011, 2804.604, 870.7572, 130.6187, 19.62199, 8.152743, 2314.34, 896.0362
217.7, 337.1909, 15.00196, 383.5893, 836.5491, 2707.798, 957.5479, 123.9236, 18.58817, 7.745289, 2163.302, 849.2467
217.8, 318.67, 14.25457, 361.2993, 786.6014, 2799.578, 1020.327, 117.5717, 17.60882, 7.358198, 2022.12, 804.9005
217.9, 301.1664, 13.54441, 340.3046, 754.9327, 2675.003, 961.6576, 111.5454, 16.68107, 6.990453, 1890.153, 762.8699
218, 284.6243, 12.86963, 406.8265, 769.2723, 2636.103, 906.3618, 105.828, 15.8022, 6.641087, 2209.433, 723.0342
218.1, 268.9907, 12.22847, 406.3316, 723.3414, 2813.398, 854.2455, 100.4036, 14.96964, 6.309181, 2065.241, 685.2786
218.2, 254.2159, 11.61925, 382.7201, 745.6613, 2812.946, 928.3147, 95.25728, 14.18093, 5.993864, 1930.46, 649.4944
218.3, 240.2525, 11.04038, 360.4807, 708.4017, 2687.776, 874.9361, 90.37473, 13.43379, 5.694304, 1804.474, 615.5789
218.4, 279.709, 10.49035, 383.8377, 672.6318, 2656.266, 888.0196, 85.74243, 12.72601, 5.409717, 1686.711, 583.4344
218.5, 323.779, 9.96772, 361.5333, 632.471, 2574.846, 836.958, 81.34758, 12.05552, 5.139352, 1576.633, 552.9685
218.6, 305.9948, 9.47113, 378.2826, 594.7081, 2627.381, 819.6343, 77.17799, 11.42035, 4.882499, 1473.739, 524.0934
218.7, 289.1874, 8.99928, 382.7893, 559.2, 2553.071, 772.5049, 73.22211, 10.81865, 4.638484, 1377.56, 496.7262
218.8, 273.3033, 8.550938, 363.9397, 525.8118, 2633.561, 855.2559, 69.46901, 10.24865, 4.406663, 1287.657, 470.788
218.9, 258.2915, 8.124931, 377.1215, 538.5749, 2577.259, 806.0782, 65.90827, 9.708683, 4.186429, 1203.622, 446.2042
219, 244.1044, 7.720149, 355.2074, 506.4182, 2587.71, 759.7283, 62.53004, 9.197165, 3.977201, 1125.072, 422.9042
219.1, 230.6964, 7.335532, 334.5667, 548.9205, 2479.165, 735.7227, 59.32497, 8.712596, 3.77843, 1051.647, 400.8208
219.2, 265.7688, 6.970077, 315.1253, 556.2409, 2557.084, 721.4083, 56.28418, 8.253558, 3.589594, 983.015, 379.8907
219.3, 258.5127, 6.622829, 363.8214, 578.3563, 2512.561, 679.9269, 111.9808, 7.818706, 3.410194, 918.8615, 360.0534
219.4, 390.6075, 6.292881, 410.6408, 1585.544, 2466.769, 640.8307, 106.2411, 599.3524, 3.239761, 858.8948, 341.252
219.5, 423.5844, 44.10834, 535.3898, 1865.235, 2613.78, 686.7214, 100.7955, 1180.123, 3.077846, 802.8417, 323.4324
219.6, 412.9938, 41.91087, 504.2788, 2041.056, 2497.473, 647.2345, 95.6291, 1892.838, 2.924022, 750.4468, 306.5433
219.7, 449.4194, 45.08591, 474.9757, 2044.29, 2386.341, 610.0182, 90.72749, 1992.456, 2.777887, 701.4712, 290.5361
219.8, 437.0066, 49.02674, 453.0267, 2088.393, 2550.493, 774.413, 86.07712, 1976.163, 2.639055, 655.6918, 275.3648
219.9, 420.6475, 46.58424, 479.2188, 1963.702, 2545.183, 802.166, 81.66511, 1872.046, 2.507161, 612.9001, 260.9857
220, 707.2549, 44.26342, 451.3719, 1983.364, 2431.928, 756.041, 77.47924, 1773.414, 2.381859, 572.9011, 247.3575
220.1, 963.4175, 42.05822, 425.1432, 2101.247, 2323.713, 906.3427, 73.50793, 1679.979, 2.26282, 535.5125, 234.4409
220.2, 1058.407, 39.96289, 400.4385, 2017.059, 2413.615, 976.9933, 69.74017, 1813.105, 2.149729, 500.5639, 222.1988
220.3, 1066.603, 37.97194, 514.7281, 1905.742, 2465.6, 920.8157, 66.16553, 1795.169, 2.042291, 467.8962, 210.596
220.4, 1047.833, 36.08019, 484.8178, 1865.753, 2444.525, 867.8683, 62.77412, 1700.587, 1.940222, 437.3604, 199.599
220.5, 990.2791, 34.28268, 464.6237, 1880.796, 2359.934, 817.9654, 59.55654, 1665.969, 1.843254, 408.8174, 189.1763
220.6, 1070.487, 32.57472, 437.6249, 1768.499, 2457.899, 899.6418, 56.50388, 1701.279, 1.751133, 382.1372, 179.2978
220.7, 1190.411, 30.95185, 412.195, 1662.907, 2460.66, 991.4985, 53.60769, 1619.787, 1.663616, 357.1982, 169.9352
220.8, 1125.026, 29.40984, 388.2428, 1690.539, 2381.53, 1048.641, 50.85995, 1644.023, 1.580472, 333.8868, 161.0614
220.9, 1063.231, 27.94464, 386.0096, 1589.602, 2315.808, 988.3438, 48.25304, 1557.405, 1.501484, 312.0967, 152.6511
221, 1134.786, 26.55245, 363.579, 1685.755, 2216.148, 931.5135, 45.77976, 1508.991, 1.426443, 291.7287, 144.6799
221.1, 1118.359, 25.22961, 342.4518, 1585.104, 2117.535, 882.1335, 43.43325, 1429.487, 1.355153, 272.6899, 137.125
221.2, 1120.314, 23.97268, 322.5523, 1533.876, 2023.309, 895.3899, 41.20702, 1382.514, 1.287426, 254.8936, 129.9645
221.3, 1058.779, 70.34257, 303.8092, 1442.293, 2087.372, 854.6245, 39.09489, 1549.974, 1.223083, 238.2588, 123.178
221.4, 1051.363, 89.79957, 286.1552, 1356.178, 2188.922, 805.4831, 37.09103, 1468.311, 1.161957, 222.7096, 116.7459
221.5, 1035.32, 119.066, 289.7356, 1445.267, 2091.52, 811.6441, 35.18987, 1390.951, 1.103885, 208.1751, 110.6496
221.6, 1019.575, 113.1342, 291.9604, 1358.975, 2153.797, 801.1016, 33.38617, 1317.666, 1.048715, 194.5892, 104.8716
221.7, 963.5725, 107.4979, 309.5001, 1277.834, 2057.958, 755.0378, 31.67491, 1343.95, 0.996303, 181.89, 99.39542
221.8, 910.6464, 102.1423, 302.3259, 1201.539, 2016.882, 711.6227, 30.05136, 1294.196, 0.9465101, 170.0195, 94.20516
221.9, 865.3615, 97.05363, 314.3129, 1129.799, 1927.135, 785.4635, 28.51104, 1233.597, 0.8992058, 158.9237, 89.28593
222, 817.8298, 92.21843, 413.1419, 1147.548, 2062.171, 756.8584, 27.04966, 1261.913, 0.8542656, 148.552, 84.62357
222.1, 857.4047, 87.62412, 404.9769, 1079.032, 1970.409, 713.3386, 25.66319, 1195.427, 0.8115715, 138.8572, 80.20467
222.2, 810.3101, 83.25871, 381.4442, 1154.985, 2010.638, 672.3213, 24.34778, 1132.444, 0.7710111, 129.7951, 76.01651
222.3, 819.0618, 79.11077, 445.3703, 1086.024, 2016.227, 779.0356, 23.0998, 1110.728, 0.7324778, 121.3245, 72.04706
222.4, 774.0732, 75.16949, 419.4903, 1021.181, 2135.993, 734.2406, 21.91579, 1052.208, 0.6958703, 113.4066, 68.28488
222.5, 731.5557, 71.42455, 437.4892, 1094.372, 2134.929, 720.293, 20.79246, 1173.281, 0.6610923, 106.0055, 64.71916
222.6, 691.3736, 67.8662, 412.0671, 1092.049, 2080.713, 678.8757, 19.72671, 1131.81, 0.6280525, 99.08734, 61.33964
222.7, 759.77, 64.48512, 388.1223, 1026.846, 1988.126, 639.84, 18.71559, 1130.279, 0.596664, 92.62071, 58.13659
222.8, 727.3745, 61.27248, 553.4271, 965.5364, 1899.659, 603.0489, 17.7563, 1185.265, 0.5668441, 86.57611, 55.10079
222.9, 687.422, 58.21989, 521.268, 942.4666, 1905.891, 653.915, 16.84617, 1195.057, 0.5385146, 80.92599, 52.22352
223, 649.664, 55.31939, 717.3993, 905.8994, 1821.083, 616.3146, 15.98269, 1132.094, 0.511601, 75.6446, 49.4965
223.1, 613.9799, 52.56339, 675.712, 938.4553, 1740.049, 580.8762, 15.16348, 1072.448, 0.4860324, 70.70789, 46.91187
223.2, 580.2559, 49.94469, 668.4416, 882.423, 1917.319, 547.4755, 14.38625, 1015.944, 0.4617417, 66.09336, 44.46222
223.3, 548.3842, 47.45645, 715.3298, 901.093, 1853.451, 652.6662, 13.64886, 986.0766, 0.4386649, 61.77998, 42.14047
223.4, 518.2631, 45.09218, 673.7628, 847.2914, 1781.789, 721.8867, 12.94927, 976.5399, 0.4167415, 57.7481, 39.93997
223.5, 604.1156, 42.8457, 729.0989, 798.1324, 1944.159, 732.7014, 12.28554, 925.0892, 0.3959137, 53.97935, 37.85437
223.6, 596.8989, 40.71113, 686.7318, 816.209, 2507.683, 694.1954, 11.65582, 876.3494, 0.3761269, 50.45656, 35.87768
223.7, 579.8901, 38.68291, 646.8265, 837.3289, 2556.479, 1077.526, 11.05839, 830.1774, 0.357329, 47.16367, 34.00421
223.8, 679.2899, 36.75573, 613.2567, 787.3346, 2610.004, 1437.304, 10.49157, 786.4381, 0.3394706, 44.08567, 32.22857
223.9, 641.9785, 34.92457, 577.621, 906.813, 2580.511, 1510.894, 9.953812, 745.0033, 0.3225046, 41.20856, 30.54564
224, 606.7166, 33.18463, 604.2045, 870.8148, 2621.746, 1478.584, 9.443614, 705.7515, 0.3063866, 38.51921, 28.9506
224.1, 573.3914, 31.53138, 569.0948, 818.8212, 2505.084, 1505.563, 8.959568, 818.8593, 0.2910742, 36.00537, 27.43885
224.2, 541.8967, 29.96049, 590.0974, 769.9319, 2559.376, 1464.897, 8.500332, 775.7162, 0.276527, 33.65559, 26.00604
224.3, 534.638, 28.46786, 555.8074, 801.7264, 2551.768, 1472.389, 8.064635, 734.8463, 0.2627068, 31.45917, 24.64805
224.4, 505.2719, 29.41569, 523.5101, 753.8578, 2438.22, 1560.03, 7.65127, 696.1297, 0.2495774, 29.40608, 23.36097
224.5, 477.5189, 54.22368, 493.0895, 719.1399, 2474.756, 1515.625, 7.259093, 659.4529, 0.2371041, 27.48698, 22.1411
224.6, 564.8534, 51.52226, 486.8761, 676.2023, 2364.635, 1428.476, 6.887018, 718.0757, 0.2252542, 25.69313, 20.98493
224.7, 533.8277, 114.4949, 458.5843, 777.2529, 2259.414, 1509.204, 6.534013, 680.2427, 0.2139965, 24.01635, 19.88913
224.8, 504.5061, 108.7908, 431.9364, 730.8455, 2469.462, 1518.758, 6.199103, 644.403, 0.2033015, 22.449, 18.85055
224.9, 666.7548, 103.3709, 406.8371, 839.829, 2433.387, 1501.008, 5.881359, 742.0984, 0.193141, 20.98393, 17.86621
225, 724.1326, 98.22095, 383.1962, 789.6854, 2605.138, 1547.628, 5.579901, 702.9998, 0.1834882, 19.61448, 16.93327
225.1, 776.075, 93.3276, 360.9291, 742.5357, 2597.831, 1565.84, 5.293895, 665.961, 0.1743179, 18.3344, 16.04904
225.2, 982.085, 88.67803, 339.9559, 781.3393, 2689.556, 1475.804, 5.022548, 749.4597, 0.1656059, 17.13786, 15.21099
225.3, 1051.477, 84.26011, 366.2317, 795.586, 2569.877, 1500.386, 4.76511, 728.6487, 0.1573294, 16.01941, 14.41669
225.4, 1100.554, 133.0122, 344.9503, 875.9128, 2626.912, 1522.157, 4.520867, 690.2586, 0.1494664, 14.97396, 13.66388
225.5, 1137.249, 126.3856, 324.9056, 838.4376, 2629.142, 1614.81, 4.289144, 653.8912, 0.1419965, 13.99673, 12.95037
225.6, 1102.089, 120.0891, 306.0257, 791.7903, 2648.898, 1558.418, 4.069297, 681.3785, 0.1348998, 13.08327, 12.27413
225.7, 1041.554, 114.1062, 288.2429, 892.8318, 2725.882, 1544.159, 3.860719, 645.4789, 0.1281578, 12.22943, 11.63319
225.8, 1028.662, 108.4215, 271.4934, 893.3632, 2698.351, 1455.369, 3.662832, 611.4708, 0.1217528, 11.43132, 11.02573
225.9, 972.1606, 103.0199, 255.7172, 840.0232, 2586.626, 1443.531, 3.475089, 605.0826, 0.1156679, 10.68529, 10.44998
226, 995.6829, 97.8875, 245.8911, 841.9051, 2556.027, 1445.401, 3.296968, 573.2028, 0.1098871, 9.987947, 9.904303
226.1, 940.993, 306.9294, 231.6026, 936.3095, 2649.839, 1450.497, 3.127977, 644.1471, 0.1043952, 9.336115, 9.387116
226.2, 938.9423, 291.6382, 218.1444, 880.4053, 2579.87, 1367.092, 2.967648, 640.6678, 0.09917779, 8.726822, 8.896937
226.3, 953.5088, 357.055, 277.4013, 859.7744, 2617.555, 1330.384, 2.815536, 606.9131, 0.09422112, 8.157293, 8.432354
226.4, 901.1354, 339.2665, 287.4868, 808.4399, 2657.108, 1311.979, 2.671222, 574.9369, 0.08951217, 7.624933, 7.992031
226.5, 851.6388, 322.3643, 287.3811, 760.1704, 2538.872, 1308.353, 2.534305, 584.8173, 0.08503857, 7.127315, 7.5747
226.6, 833.2241, 306.3042, 273.3699, 714.783, 2425.898, 1311.497, 2.404405, 637.8401, 0.08078855, 6.662173, 7.179162
226.7, 928.3284, 291.0442, 257.4847, 697.6266, 2442.741, 1236.086, 2.281164, 640.3657, 0.07675093, 6.227387, 6.804278
226.8, 877.3381, 287.7243, 331.1441, 668.1786, 2334.044, 1185.564, 2.164239, 606.6269, 0.0729151, 5.820976, 6.44897
226.9, 829.1486, 273.3899, 362.0717, 852.8801, 2686.039, 1287.067, 2.053308, 574.6657, 421.3953, 5.441088, 6.112216
227, 813.9795, 259.7697, 341.0321, 801.9572, 3085.804, 1318.809, 1.948063, 544.3885, 400.335, 5.085992, 5.793046
227.1, 877.6939, 246.828, 321.2151, 754.0748, 2960.322, 1290.403, 1.848212, 515.7065, 380.3272, 4.75407, 5.490543
227.2, 829.4848, 234.5311, 302.5496, 709.0513, 2896.06, 1216.204, 1.753479, 488.5356, 361.3194, 4.44381, 5.203836
227.3, 783.9237, 222.8468, 284.9688, 682.264, 2825.063, 1165.306, 1.663602, 462.7963, 343.2615, 4.153799, 4.932101
227.4, 740.8651, 211.7446, 339.0472, 641.5281, 2838.849, 1109.922, 1.578331, 438.4131, 326.1061, 3.882714, 4.674555
227.5, 700.1716, 201.1955, 319.3456, 603.2244, 2712.527, 1182.888, 1.497432, 415.3145, 309.8081, 3.629321, 4.430458
227.6, 661.7133, 191.172, 478.8329, 625.6887, 2758.114, 1184.591, 1.420679, 393.433, 294.3246, 3.392464, 4.199107
227.7, 625.3674, 181.6478, 451.0084, 607.8436, 2635.384, 1241.417, 1.34786, 556.2803, 279.615, 3.171066, 3.979836
227.8, 591.0178, 172.5982, 424.8008, 571.5511, 2583.832, 1170.035, 1.278773, 526.9717, 265.6405, 2.964116, 3.772016
227.9, 608.9503, 163.9993, 400.1161, 583.9878, 2468.857, 1128.802, 1.213228, 597.3076, 252.3645, 2.770672, 3.575048
228, 659.1409, 155.8289, 376.8658, 549.1197, 2445.783, 1063.896, 1.151042, 565.8375, 239.7519, 2.589853, 3.388365
228.1, 622.9362, 148.0656, 354.9665, 516.3334, 2568.43, 1159.838, 1.092044, 536.0253, 227.7697, 2.420834, 3.21143
228.2, 588.7202, 140.6889, 334.3398, 582.5511, 2590.647, 1093.147, 1.036069, 507.7839, 216.3863, 2.262846, 3.043735
228.3, 556.3836, 141.2185, 400.4097, 547.7687, 2475.369, 1614.954, 0.982964, 481.0305, 205.5718, 2.115168, 2.884796
228.4, 525.8231, 134.183, 377.1423, 515.0632, 2381.066, 1898.114, 0.9325808, 605.4732, 195.2978, 1.977128, 2.734157
228.5, 551.4974, 127.4981, 355.227, 484.3103, 2503.108, 2042.742, 0.88478, 573.5728, 185.5373, 1.848097, 2.591383
228.6, 523.8163, 121.1461, 334.5851, 620.1807, 2459.839, 1931.144, 0.8394293, 543.3531, 176.2646, 1.727487, 2.456066
228.7, 500.8092, 136.3908, 315.1428, 583.1516, 2350.382, 1916.652, 0.7964031, 514.7256, 167.4553, 1.614748, 2.327814
228.8, 524.0589, 129.5958, 322.9521, 548.3334, 2567.779, 1806.444, 0.7555822, 487.6064, 159.0863, 1.509366, 2.206259
228.9, 561.3202, 123.1394, 304.1857, 552.9378, 2529.771, 1859.311, 0.7168537, 461.9161, 151.1356, 1.410862, 2.091052
229, 542.8669, 117.0046, 317.0775, 519.9236, 2433.919, 1857.203, 0.6801103, 437.5793, 143.5822, 1.318787, 1.981861
229.1, 624.1652, 111.1754, 298.6525, 681.8694, 2325.67, 1905.505, 0.6452503, 414.5247, 136.4063, 1.23272, 1.878372
229.2, 589.8817, 105.6367, 281.2981, 661.8509, 2440.08, 1941.643, 0.612177, 392.6847, 129.589, 1.15227, 1.780286
229.3, 557.4813, 100.3739, 264.9522, 622.3338, 2473.86, 1862.09, 0.580799, 371.9955, 123.1125, 1.077071, 1.687323
229.4, 559.9935, 95.37327, 249.5561, 660.4596, 2367.854, 1869.632, 0.5510293, 352.3962, 116.9596, 1.006779, 1.599214
229.5, 558.3164, 90.62179, 235.0547, 621.0256, 2424.599, 1799.326, 0.5227854, 333.8297, 111.1143, 0.941075, 1.515705
229.6, 534.933, 126.2599, 221.3959, 583.946, 2428.603, 1695.864, 0.4959893, 316.2413, 105.561, 0.8796586, 1.436558
229.7, 505.5507, 119.9697, 208.5308, 603.7224, 2320.535, 1598.351, 0.4705666, 299.5796, 100.2853, 0.8222504, 1.361543
229.8, 509.1116, 113.9928, 196.4133, 642.085, 2248.168, 1670.102, 0.446447, 283.7957, 95.27332, 0.7685888, 1.290446
229.9, 481.1476, 116.8022, 185, 603.7481, 2148.13, 1574.07, 0.4235637, 268.8434, 90.51179, 0.7184292, 1.223061
230, 476.9753, 110.9832, 174.2498, 567.7001, 2052.543, 1568.548, 0.4018534, 254.679, 258.936, 0.6715432, 1.159195
230.1, 450.7765, 194.2961, 164.1243, 533.8045, 2093.377, 1478.355, 0.3812558, 241.2608, 245.995, 0.627717, 1.098663
230.2, 426.0167, 184.6163, 154.5872, 501.9327, 2000.227, 1459.077, 0.3617139, 295.6111, 233.7008, 418.1885, 1.041293
230.3, 497.2757, 731.2328, 145.6043, 471.9638, 2035.184, 1375.18, 0.3431738, 559.0931, 222.021, 390.8967, 0.9869186
230.4, 469.9619, 840.3896, 137.1434, 443.7843, 1944.623, 1339.275, 0.3255839, 598.6814, 425.2334, 442.8364, 414.3886
230.5, 444.1483, 798.5216, 129.1742, 417.2873, 1858.092, 1282.058, 0.3088956, 567.1389, 403.9813, 634.9847, 962.1295
230.6, 424.0412, 758.7394, 158.5883, 475.1702, 1775.411, 1208.339, 102.6022, 537.2582, 383.7913, 706.3608, 1823.486
230.7, 400.7499, 756.2886, 152.3065, 446.7993, 1696.409, 1138.859, 130.8619, 508.9518, 364.6103, 836.5275, 2025.635
230.8, 444.5397, 718.6105, 143.4561, 444.2299, 1620.923, 1199.346, 150.9113, 570.7338, 346.3879, 1743.253, 2192.38
230.9, 420.1225, 682.8094, 135.1201, 417.7063, 1585.704, 1246.694, 143.1761, 540.6638, 329.0763, 2194.635, 2275.252
231, 397.0464, 648.792, 148.2914, 392.7663, 1515.144, 1221.926, 135.8374, 512.178, 312.6299, 2109.196, 2210.547
231.1, 375.2379, 624.3587, 139.6744, 369.3155, 1642.082, 1151.665, 128.8749, 485.193, 297.0054, 2232.485, 2095.116
231.2, 354.6272, 646.088, 131.558, 347.2648, 1605.576, 1085.443, 122.2692, 459.6298, 282.1617, 2141.611, 2046.684
231.3, 420.8532, 632.3603, 123.9133, 326.5307, 1534.131, 1049.469, 116.0021, 435.4135, 268.06, 2001.845, 1962.077
231.4, 397.737, 673.6674, 126.6692, 341.1231, 1563.205, 1122.583, 110.0563, 412.473, 254.663, 1975.033, 1946.788
231.5, 375.8905, 640.1054, 147.7658, 320.7557, 1518.857, 1058.034, 104.4152, 390.7411, 241.9355, 1846.138, 1920.335
231.6, 355.2439, 609.8171, 139.1793, 301.6043, 1451.271, 1074.517, 99.06322, 370.1543, 229.8442, 1725.656, 1820.058
231.7, 335.7314, 659.7658, 175.0143, 301.1798, 1554.407, 1012.732, 93.98559, 350.6521, 218.3571, 1613.036, 1725.018
231.8, 317.2907, 630.5815, 164.8445, 347.003, 1485.24, 976.9586, 89.16822, 332.1774, 207.4442, 1919.934, 1634.941
231.9, 299.8629, 599.166, 155.2655, 367.2994, 1419.15, 920.7829, 153.755, 314.6761, 197.0766, 2557.924, 1898.675
232, 283.3923, 569.3157, 146.2432, 345.3691, 1385.954, 867.8374, 148.7841, 298.0968, 187.2272, 2942.806, 1862.698
232.1, 267.8264, 540.9525, 137.7452, 324.7482, 1386.043, 817.9363, 176.0159, 282.3911, 177.87, 2924.845, 1765.431
232.2, 253.1155, 514.0023, 129.741, 305.3585, 1324.367, 775.1295, 166.994, 267.5128, 168.9805, 2770.737, 1834.723
232.3, 239.2127, 528.1277, 122.2018, 287.1264, 1265.436, 730.5591, 158.4345, 483.6344, 160.5353, 2662.811, 1888.006
232.4, 226.0734, 501.8165, 115.1008, 269.983, 1379.558, 712.7815, 150.3137, 458.1533, 152.5121, 2641.293, 1789.418
232.5, 213.6559, 476.8161, 108.4124, 253.8631, 1318.171, 721.7167, 142.6091, 434.0147, 144.8899, 2628.566, 1695.977
232.6, 201.9204, 453.0612, 102.1127, 238.7057, 1294.102, 680.2176, 135.2995, 411.1479, 137.6487, 2753.849, 1607.416
232.7, 190.8295, 430.4897, 130.3762, 224.4534, 1304.476, 641.1047, 128.3645, 389.4859, 130.7693, 2635.6, 1591.791
232.8, 180.3479, 441.4171, 138.5748, 211.0519, 1265.076, 604.2408, 121.785, 368.9652, 124.2338, 2463.596, 1508.67
232.9, 170.4419, 419.4258, 130.5224, 241.6651, 1253.383, 610.9816, 115.5427, 349.5256, 118.0249, 2431.44, 1624.609
233, 161.08, 398.53, 152.5764, 262.7709, 1197.61, 575.8498, 109.6204, 331.1103, 112.1263, 2395.959, 1539.775
233.1, 152.2324, 378.6753, 143.7103, 247.0816, 1198.047, 542.7381, 161.1402, 313.6652, 106.5225, 2315.081, 1653.126
233.2, 143.8707, 359.8098, 681.4312, 232.3291, 1206.925, 598.8267, 152.8808, 297.1392, 101.1987, 2374.365, 1566.802
233.3, 169.3974, 404.3416, 704.3082, 218.4575, 1153.219, 603.3975, 193.5429, 281.4839, 96.14106, 2251.777, 1484.987
233.4, 179.736, 436.937, 663.3816, 205.4141, 1123.388, 568.7018, 334.7861, 266.6535, 91.33616, 2297.789, 1710.644
233.5, 169.8636, 415.1689, 624.8332, 193.1494, 1073.4, 536.0012, 341.0175, 252.6044, 86.7714, 2264.975, 1826.854
233.6, 160.5335, 424.4712, 617.496, 181.6171, 1144.355, 505.1808, 323.5381, 239.2955, 361.0157, 2283.25, 1731.459
233.7, 151.7159, 403.3241, 581.614, 170.7733, 1093.434, 476.1327, 306.9547, 226.6878, 467.8446, 2168.33, 1641.045
233.8, 202.6831, 383.2306, 547.817, 160.5769, 1263.125, 521.2426, 291.2213, 214.7444, 444.4629, 2126.518, 1555.353
233.9, 191.5504, 397.4818, 606.6789, 150.9893, 1280.399, 491.2709, 276.2943, 203.4302, 422.2497, 1987.737, 1474.135
234, 181.0291, 380.159, 571.4254, 141.9742, 1223.424, 497.369, 262.1324, 192.7122, 401.1467, 2077.501, 1397.158
234.1, 171.0857, 361.2195, 551.5082, 133.4974, 1168.984, 468.77, 248.6965, 182.5588, 381.0983, 1941.92, 1433.017
234.2, 161.6885, 343.2236, 519.4607, 154.8161, 1116.967, 452.3216, 235.9492, 172.9404, 362.0519, 1815.186, 1442.514
234.3, 152.8074, 326.1243, 489.2754, 145.5725, 1188.984, 430.7514, 223.8552, 163.8287, 343.9575, 1868.988, 1395.864
234.4, 144.4142, 309.8768, 460.8441, 136.8808, 1145.069, 500.6397, 295.4579, 155.1971, 326.7673, 2431.85, 1467.336
234.5, 136.4819, 294.4388, 434.065, 128.7081, 1094.116, 471.8527, 280.3138, 147.0203, 310.4362, 2939.108, 1641.707
234.6, 128.9854, 279.7699, 408.8419, 121.0233, 1058.528, 444.7209, 265.9459, 139.2743, 294.9214, 3006.77, 1555.98
234.7, 121.9006, 265.8318, 385.0846, 113.7974, 1011.426, 419.1492, 252.3144, 131.9364, 280.1819, 2924.956, 1630.473
234.8, 115.205, 252.5882, 362.7077, 107.0029, 967.8451, 445.733, 744.8951, 124.9851, 266.1791, 3225.219, 1746.619
234.9, 108.8771, 240.0043, 405.3188, 100.6141, 924.7782, 420.1031, 1910.705, 118.4, 252.8761, 4516.249, 1807.294
235, 102.8968, 228.0473, 451.5789, 112.5228, 946.4631, 454.6107, 2155.686, 112.1619, 240.238, 4952.343, 1848.019
235.1, 97.24502, 216.686, 445.7643, 105.8045, 923.2696, 428.4703, 2100.49, 106.2525, 228.2315, 4832.953, 1894.941
235.2, 91.90364, 205.8907, 419.8615, 99.48719, 882.1862, 403.8331, 2047.475, 100.6544, 216.825, 4697.151, 1795.99
235.3, 86.85565, 195.6333, 395.4637, 93.54712, 924.6094, 416.8547, 1942.529, 95.35126, 205.9886, 4589.823, 1702.207
235.4, 82.08493, 185.8869, 372.4838, 87.96171, 883.4664, 392.8853, 1889.657, 90.32751, 195.6938, 4290.283, 1747.077
235.5, 77.57626, 176.626, 350.8391, 82.70979, 848.4004, 370.2942, 1866.01, 85.56846, 185.9135, 4120.462, 1655.848
235.6, 73.31522, 167.8266, 373.9839, 77.77144, 810.6485, 349.0021, 1863.375, 81.06014, 176.622, 4195.237, 1569.382
235.7, 69.28824, 159.4655, 352.2521, 73.12794, 774.5765, 328.9343, 1857.128, 76.78935, 167.7948, 3992.672, 1487.432
235.8, 65.48244, 151.5209, 331.7831, 68.7617, 828.1559, 310.0204, 1765.424, 72.74358, 281.0456, 3979.511, 1560.116
235.9, 61.88569, 143.9722, 312.5035, 64.65615, 791.3049, 292.194, 1674.935, 68.91096, 266.9996, 3773.859, 1478.649
236, 58.4865, 186.2774, 294.3443, 60.79573, 756.0936, 275.3927, 1589.084, 65.28027, 276.7079, 3527.57, 1523.395
236.1, 55.27401, 182.7418, 277.2402, 57.35284, 722.4492, 259.5575, 1507.633, 190.0087, 281.1718, 3498.228, 1443.846
236.2, 52.23798, 303.2981, 306.0537, 53.92848, 816.1962, 244.6328, 1474.362, 179.9977, 306.2233, 3378.791, 1412.584
236.3, 49.3687, 288.8245, 288.2692, 50.70858, 779.8773, 289.7907, 1433.548, 170.5142, 290.919, 3278.569, 1338.821
236.4, 113.514, 274.4353, 271.5182, 47.68092, 830.4064, 273.1276, 1360.673, 284.9194, 276.3796, 3064.603, 1369.074
236.5, 128.0971, 260.7629, 262.9694, 44.83404, 804.6924, 257.4226, 1308.78, 269.908, 262.5668, 3199.688, 1297.583
236.6, 121.0611, 274.0937, 247.6886, 42.15714, 768.8854, 242.6207, 1241.697, 255.6874, 293.9177, 3147.086, 1229.825
236.7, 114.4116, 260.4384, 233.2956, 39.64006, 734.6718, 228.6699, 1283.03, 242.2161, 279.2284, 3170.345, 1255.744
236.8, 108.1273, 247.4634, 219.7391, 37.27328, 757.1088, 215.5212, 1490.15, 229.4545, 265.2733, 2963.442, 1335.188
236.9, 102.1882, 259.3661, 206.9703, 35.04781, 723.4192, 203.1286, 1413.77, 217.3653, 412.9307, 2920.116, 1265.466
237, 114.8917, 246.4446, 194.9435, 32.95521, 691.2287, 191.4486, 1403.098, 205.9131, 392.2934, 2780.812, 1199.386
237.1, 108.5811, 234.1667, 207.3614, 30.98755, 753.7584, 180.4402, 1331.18, 195.0642, 372.6875, 2675.363, 1241.83
237.2, 102.617, 222.5006, 195.3118, 29.13738, 778.7692, 170.0648, 1262.948, 184.7869, 354.0615, 2702.283, 1176.984
237.3, 96.98059, 221.7786, 183.9624, 27.39768, 792.0905, 160.286, 1198.214, 175.0511, 534.57, 2689.402, 1115.524
237.4, 91.65374, 310.7934, 173.2726, 25.76185, 840.136, 151.0695, 1136.798, 165.8282, 507.8535, 2729.576, 1188.885
237.5, 553.0127, 295.3098, 218.8158, 24.22369, 802.7519, 142.3829, 1078.53, 157.0913, 607.3688, 2551.439, 1126.804
237.6, 1457.191, 321.046, 212.7654, 22.77736, 767.0312, 134.1958, 1023.248, 148.8147, 577.0139, 2593.932, 1128.868
237.7, 1871.301, 364.0113, 200.4018, 21.4174, 732.9001, 126.4795, 1099.268, 140.9741, 548.1761, 2424.647, 1262.554
237.8, 1847.341, 369.9662, 188.7567, 20.13863, 700.2877, 119.2068, 1042.923, 133.5466, 634.2968, 2560.205, 1196.626
237.9, 1745.873, 351.5346, 177.7882, 18.93622, 669.1265, 112.3524, 989.4667, 126.5105, 602.5962, 2668.715, 1341.955
238, 1815.727, 334.0212, 167.4572, 17.80559, 643.4568, 105.8921, 938.7501, 119.8451, 572.4799, 2494.55, 1271.881
238.1, 1715.995, 317.3803, 157.7264, 16.74248, 645.5698, 99.80321, 892.0646, 113.5309, 543.8687, 2331.751, 1205.465
238.2, 1621.74, 301.5685, 148.5611, 15.74283, 678.44, 94.06447, 846.3405, 107.5493, 516.6874, 2295.551, 1142.518
238.3, 1549.222, 301.2579, 139.9284, 14.80288, 648.251, 88.65571, 802.9601, 101.8829, 594.9131, 2222.071, 1082.857
238.4, 1484.505, 286.2493, 131.7973, 13.91904, 619.4053, 83.55796, 761.8032, 96.515, 565.1808, 2207.04, 1026.312
238.5, 1402.966, 271.9884, 124.1387, 13.08798, 591.8431, 78.75333, 722.7558, 91.42995, 636.671, 2063.004, 972.72
238.6, 1377.4, 258.438, 269.9718, 12.30654, 565.5074, 74.22498, 685.7099, 86.61281, 604.8517, 1928.368, 921.9261
238.7, 1337.085, 245.5627, 282.5971, 11.57175, 540.3436, 69.957, 650.5628, 82.04947, 574.6227, 1802.519, 873.7847
238.8, 1414.371, 233.3288, 266.1757, 10.88084, 612.1849, 65.93443, 617.2172, 77.72655, 545.9044, 1765.12, 828.1572
238.9, 1336.684, 221.7044, 250.7085, 10.23118, 628.4708, 62.14317, 585.5809, 73.6314, 518.6214, 1802.901, 784.9122
239, 1263.264, 210.6591, 236.1401, 9.620305, 600.5053, 58.5699, 600.3326, 69.75201, 492.7019, 1685.241, 743.9254
239.1, 1213.141, 200.1641, 222.4183, 9.045906, 633.1017, 55.2021, 569.5617, 66.077, 468.0779, 1575.259, 705.0788
239.2, 1146.506, 198.9377, 209.4938, 8.505803, 682.5519, 52.02795, 540.368, 213.3027, 444.6845, 1703.698, 668.2607
239.3, 1138.342, 207.2291, 197.3203, 7.997948, 668.3308, 49.03631, 548.7173, 877.9982, 422.4602, 1592.511, 633.3653
239.4, 1150.482, 196.905, 185.8542, 7.520415, 638.5916, 46.2167, 594.3749, 1142.056, 401.3466, 1585.672, 600.2921
239.5, 1087.29, 234.1578, 175.0545, 7.071394, 610.1757, 43.55921, 563.9093, 1122.509, 451.9215, 1482.188, 839.208
239.6, 1042.947, 222.4921, 164.8822, 6.649183, 583.0243, 41.05453, 535.0053, 1119.467, 429.3356, 1385.458, 795.386
239.7, 985.6606, 211.4076, 155.3011, 6.252181, 606.752, 38.69388, 549.655, 1089.49, 432.8549, 1295.04, 753.8523
239.8, 931.5212, 200.8753, 146.2767, 5.878882, 579.7529, 36.46896, 521.4816, 1147.283, 441.4359, 1210.523, 714.4874
239.9, 880.3556, 190.8677, 137.7767, 5.527872, 559.4106, 34.37197, 494.7523, 1148.72, 574.9952, 1396.453, 677.178
240, 832.0003, 475.0815, 129.7707, 5.19782, 534.5181, 32.39557, 595.4446, 1088.197, 546.2583, 1305.318, 641.817
240.1, 786.301, 723.5136, 122.2298, 4.887474, 510.7333, 30.53281, 564.9243, 1057.389, 518.9576, 1220.13, 608.3024
240.2, 743.1119, 687.4683, 115.1272, 4.595658, 672.5068, 28.77715, 547.0133, 1161.287, 493.0214, 1140.502, 576.5378
240.3, 702.295, 653.2187, 108.4373, 4.321265, 650.2415, 27.12245, 576.7255, 1759.117, 468.3814, 1167.17, 546.432
240.4, 713.7037, 620.6755, 102.1361, 4.063256, 621.3072, 25.5629, 693.2438, 2098.756, 444.9728, 1159.232, 694.3356
240.5, 690.6306, 589.7535, 96.20109, 3.820651, 593.6605, 24.09302, 774.3379, 2104.537, 422.7341, 1151.448, 923.453
240.6, 652.6963, 560.3721, 90.61095, 3.592532, 567.2439, 22.70765, 742.1569, 2187.009, 401.6069, 1076.302, 875.2318
240.7, 616.8456, 532.4545, 85.34564, 3.378033, 542.0028, 21.40195, 716.5869, 2071.783, 381.5356, 1152.297, 829.5287
240.8, 665.2714, 505.9277, 80.3863, 3.176341, 517.8849, 20.17133, 679.8571, 2057.722, 362.4673, 1077.096, 786.2121
240.9, 628.73, 480.7224, 75.71514, 2.986691, 494.8402, 19.01147, 645.01, 1949.308, 344.3521, 1071.059, 745.1574
241, 594.1958, 456.7729, 71.31541, 2.808365, 484.3653, 17.9183, 611.9491, 1846.605, 327.1422, 1099.221, 706.2465
241.1, 561.5584, 434.0166, 67.17135, 2.640687, 462.8121, 16.88799, 580.5828, 1749.314, 310.7924, 1173.396, 669.3675
241.2, 530.7137, 412.394, 63.26809, 2.483019, 442.218, 15.91692, 550.8242, 1657.148, 438.4718, 1096.818, 634.4142
241.3, 501.5632, 391.8485, 59.59165, 2.334766, 446.2487, 15.00169, 636.4584, 1656.022, 416.5581, 1025.238, 601.2862
241.4, 474.0138, 372.3267, 56.12885, 2.195364, 426.3917, 14.13908, 603.8358, 1568.772, 435.0829, 958.3286, 569.8881
241.5, 447.9777, 353.7775, 52.86726, 2.064286, 407.4182, 13.32608, 572.8853, 1486.118, 413.3385, 895.7863, 540.1295
241.6, 423.3716, 336.1523, 49.7952, 1.941034, 389.289, 12.55982, 543.5212, 1554.305, 392.6808, 837.3256, 511.9248
241.7, 418.3632, 319.4053, 46.90165, 1.82514, 371.9666, 11.83762, 515.6622, 1472.414, 373.0556, 782.6801, 485.193
241.8, 395.3837, 303.4926, 44.17625, 1.716167, 355.4149, 11.15695, 489.2311, 1394.837, 531.891, 883.9234, 459.857
241.9, 373.6665, 288.3727, 41.60921, 1.6137, 339.5997, 10.51542, 492.0426, 1321.348, 505.3083, 826.2369, 435.844
242, 353.1421, 274.006, 39.19135, 1.517351, 351.4267, 9.910779, 466.8223, 1326.423, 480.0543, 772.3151, 413.085
242.1, 342.5021, 260.355, 36.91398, 1.426754, 335.789, 9.340904, 442.8946, 1263.2, 456.0623, 721.9123, 391.5144
242.2, 323.6895, 247.3842, 34.76895, 1.341567, 320.8472, 8.803797, 447.2515, 1394.604, 433.2694, 957.5409, 371.0702
242.3, 305.9102, 235.0596, 32.74857, 1.261467, 306.5702, 8.297574, 465.5252, 1321.127, 411.6156, 895.0499, 351.6935
242.4, 289.1075, 223.3489, 30.84558, 1.186148, 292.9285, 7.820459, 441.664, 1251.521, 391.044, 836.6373, 333.3287
242.5, 273.2277, 212.2217, 29.05318, 1.115327, 279.8939, 7.370778, 419.0258, 1185.583, 371.5006, 782.0367, 315.9228
242.6, 300.0258, 201.6489, 130.7283, 1.048734, 267.4392, 6.946954, 404.5016, 1229.102, 352.9339, 730.9995, 299.4259
242.7, 328.2503, 191.6028, 193.6217, 0.9861175, 255.5388, 6.547501, 425.6422, 1361.443, 335.2951, 683.2931, 283.7903
242.8, 310.2205, 223.1201, 182.3706, 0.9272394, 244.1679, 6.171016, 403.8253, 1690.595, 318.5378, 638.7001, 268.9713
242.9, 293.181, 212.0043, 171.7732, 0.8718768, 233.303, 5.816179, 383.1266, 1601.523, 302.6181, 597.0173, 254.9261
243, 277.0775, 201.4423, 161.7917, 0.8198197, 222.9215, 5.481745, 363.4889, 1779.802, 287.494, 558.0548, 241.6142
243.1, 261.8585, 244.975, 158.1797, 0.7708708, 213.002, 5.166542, 344.8577, 1741.289, 273.1257, 521.6351, 516.0496
243.2, 247.4754, 445.7602, 178.0047, 0.7248445, 203.5239, 4.869463, 327.1815, 1649.547, 259.4755, 797.8936, 489.1024
243.3, 233.8823, 423.5525, 167.6611, 0.6815662, 194.4676, 4.589466, 476.6749, 1737.276, 246.5076, 1938.786, 862.1736
243.4, 221.0358, 402.4511, 157.9185, 0.640872, 185.8142, 4.325569, 476.1851, 1670.409, 234.1877, 2555.996, 939.1632
243.5, 208.895, 382.4011, 148.742, 0.6026075, 177.5459, 4.076847, 549.4481, 2159.301, 222.4836, 2435.853, 890.1217
243.6, 197.421, 363.3499, 140.0988, 0.5666276, 169.6455, 3.842426, 521.2853, 2703.178, 211.3644, 2365.625, 843.6411
243.7, 186.5773, 346.0706, 131.9578, 0.532796, 162.0966, 733.7396, 494.5661, 2716.003, 200.8009, 2325.747, 908.3876
243.8, 176.3291, 328.8294, 124.2899, 0.5009844, 154.8837, 809.4212, 469.7103, 2572.906, 190.7653, 2846.756, 1023.399
243.9, 166.6439, 312.4472, 117.0675, 0.4710722, 147.9917, 921.0639, 468.695, 2437.348, 181.2313, 2992.235, 1091.863
244, 157.4907, 296.8811, 110.2649, 0.4429459, 141.4064, 912.2048, 455.6589, 2934.38, 172.1738, 2906.63, 1034.847
244.1, 148.8402, 282.0905, 103.8575, 0.416499, 135.1142, 859.7526, 432.3034, 3115.714, 163.569, 2820.529, 980.8094
244.2, 140.6649, 268.0368, 97.82243, 0.3916311, 129.1019, 1032.034, 410.1451, 3002.94, 155.3942, 2636.456, 929.5932
244.3, 132.9386, 254.6833, 92.13808, 0.368248, 123.3572, 972.6919, 389.1225, 2844.725, 147.628, 2655.236, 971.3385
244.4, 125.6366, 241.995, 86.78403, 0.3462611, 117.8681, 916.7616, 369.1774, 2805.298, 140.2499, 2619.78, 920.6168
244.5, 118.7358, 229.9389, 81.7411, 0.3255869, 112.6232, 864.0473, 380.8849, 2788.278, 133.2405, 2514.797, 1024.343
244.6, 112.214, 218.4833, 76.99122, 0.3061471, 107.6117, 814.3641, 383.0806, 2834.386, 126.5815, 2584.588, 970.8531
244.7, 106.0504, 207.5985, 72.51734, 0.287868, 102.8232, 767.5378, 398.464, 2800.135, 120.2552, 2537.918, 952.1588
244.8, 100.2254, 276.3982, 68.30344, 0.2706803, 98.24785, 780.1295, 378.0402, 2695.781, 114.2452, 2429.103, 1076.569
244.9, 94.72031, 293.455, 64.3344, 0.2545188, 93.87605, 783.6828, 358.6631, 2718.503, 490.3803, 2321.53, 1020.352
245, 89.51761, 308.1711, 60.59599, 0.2393222, 91.88946, 738.6206, 400.1183, 2698.632, 465.8723, 2280.572, 1021.618
245.1, 84.60068, 361.9391, 57.07483, 0.225033, 87.80058, 760.6144, 387.814, 2556.45, 624.1743, 2282.405, 968.2704
245.2, 79.95382, 343.9074, 53.75827, 0.211597, 249.2805, 716.8787, 452.162, 2613.424, 592.9796, 2133.451, 1074.552
245.3, 75.56219, 326.774, 50.63443, 0.1989632, 238.1881, 694.5588, 457.2066, 2498.264, 563.3439, 2086.72, 1018.44
245.4, 71.41179, 446.4741, 47.69212, 0.1870837, 232.0655, 654.6213, 433.7718, 2491.381, 651.1867, 2099.574, 965.259
245.5, 81.01128, 424.2308, 44.92078, 0.1759135, 221.7391, 616.9803, 411.5382, 2466.725, 778.6308, 2078.448, 1101.708
245.6, 87.75072, 490.4263, 42.31048, 0.1654103, 211.8722, 581.5036, 469.025, 2336.761, 739.7167, 1942.805, 1044.179
245.7, 168.0638, 526.3676, 39.85186, 0.1555341, 328.3837, 548.0668, 444.9844, 2626.274, 750.1868, 1906.561, 989.6534
245.8, 243.9026, 500.1441, 37.53611, 0.1462477, 428.1358, 516.5527, 422.1761, 2585.631, 889.3362, 1782.135, 937.9754
245.9, 245.3126, 729.0442, 45.29924, 0.1375157, 409.0847, 486.8506, 427.2404, 2449.403, 844.8893, 1665.83, 1001.089
246, 231.8383, 739.4938, 42.66695, 0.129305, 390.8814, 489.0416, 439.4774, 2425.577, 871.0082, 1673.574, 1022.051
246.1, 219.1041, 702.6524, 40.18762, 0.1215846, 373.488, 460.9214, 622.3202, 2367.612, 875.5599, 1627.765, 1072
246.2, 207.0694, 667.6464, 37.85236, 0.1143252, 356.8687, 434.4182, 590.4222, 2295.466, 883.6551, 1521.534, 1245.379
246.3, 195.6957, 799.1323, 35.6528, 0.1074992, 340.9888, 409.4389, 576.0598, 2403.019, 839.4921, 1574.01, 1384.918
246.4, 184.9467, 766.4948, 33.58105, 0.1010807, 325.8156, 385.896, 546.533, 2322.499, 942.4595, 1471.287, 1312.6
246.5, 174.7881, 728.3082, 31.6297, 0.09504551, 311.3176, 363.7067, 518.5196, 2267.253, 895.3576, 1752.646, 1244.058
246.6, 165.1875, 692.024, 29.79173, 0.08937063, 297.4646, 342.7934, 491.9421, 2147.799, 850.6098, 1638.265, 1179.095
246.7, 156.1143, 657.5475, 28.06056, 0.08403458, 284.2281, 323.0826, 466.7269, 2138.6, 808.0984, 1531.349, 1117.525
246.8, 147.5394, 624.7886, 26.42999, 0.07901714, 271.5806, 304.5052, 442.8041, 2121.601, 767.7115, 1431.41, 1059.17
246.9, 139.4355, 593.6617, 24.89418, 0.07429927, 259.4959, 286.9959, 420.1075, 2009.821, 729.3431, 1337.994, 1003.862
247, 131.7767, 564.0856, 23.4476, 0.06986309, 247.9489, 270.4935, 398.5743, 1903.93, 775.2369, 1250.674, 951.4418
247.1, 124.5386, 535.983, 22.08509, 0.06569178, 236.9158, 254.94, 378.1448, 1864.022, 736.4924, 1169.052, 901.7591
247.2, 117.6981, 509.2804, 20.80175, 0.06176952, 226.3736, 480.5194, 358.7624, 1765.812, 699.6843, 1092.758, 854.6708
247.3, 111.2333, 483.9081, 19.59298, 0.05808146, 216.3004, 668.5439, 340.3735, 1774.505, 664.7157, 1021.443, 810.0413
247.4, 105.1236, 459.7999, 18.45445, 0.05461359, 206.6756, 630.1023, 322.9272, 2058.364, 631.4948, 954.7812, 767.7423
247.5, 99.34946, 436.8928, 17.38209, 0.05135278, 197.479, 675.615, 306.3751, 1949.915, 599.9342, 892.4704, 727.6521
247.6, 93.89249, 415.1268, 16.37203, 0.04828667, 188.6916, 636.7668, 290.6714, 1934.824, 666.0956, 834.2261, 689.6553
247.7, 88.73526, 432.8347, 15.42067, 0.04540362, 180.2953, 639.7214, 275.7726, 1922.844, 632.8058, 779.7829, 653.6427
247.8, 83.8613, 411.2709, 14.52459, 0.04269271, 172.2725, 602.9371, 261.6374, 1821.536, 601.1797, 728.8928, 619.5106
247.9, 79.25505, 390.7815, 13.68058, 0.04014366, 164.6068, 568.2679, 248.2268, 1725.565, 571.1342, 904.5576, 587.1608
248, 74.90181, 393.0768, 12.88562, 0.0377468, 157.2822, 642.189, 282.7028, 1634.651, 542.5903, 956.7384, 556.5002
248.1, 70.78768, 474.1146, 12.13685, 0.03549306, 150.2834, 605.2628, 399.1467, 1808.711, 747.9524, 1253.183, 756.0696
248.2, 66.89953, 478.9184, 11.43159, 0.03337388, 143.5962, 570.4599, 408.8825, 1713.416, 755.8889, 1285.034, 982.4304
248.3, 63.22494, 517.6554, 10.76731, 0.03138123, 137.2065, 537.6581, 387.9247, 1770.901, 867.1684, 1362.879, 1113.582
248.4, 59.75218, 491.8659, 10.14164, 0.02950755, 131.1011, 506.7425, 368.041, 1749.86, 823.8294, 1273.935, 1055.432
248.5, 56.47017, 521.6727, 9.552317, 0.02774575, 125.2674, 477.6045, 471.0371, 1657.665, 782.6564, 1190.795, 1114.262
248.6, 53.36843, 495.683, 17.62225, 0.02608913, 119.6933, 450.142, 446.8934, 1570.328, 743.5411, 1533.627, 1203.045
248.7, 50.43707, 470.9882, 16.59824, 0.02453143, 114.3672, 424.2586, 423.9872, 1581.091, 774.6219, 2532.581, 1557.134
248.8, 47.66671, 498.6953, 15.63374, 0.02306673, 109.2781, 399.8635, 694.3584, 1626.895, 1155.876, 2793.899, 1918.655
248.9, 45.04852, 473.8503, 14.72528, 0.02168949, 104.4155, 376.8711, 658.768, 1541.179, 1098.108, 2926.637, 2324.183
249, 42.57414, 450.2432, 13.86961, 0.02039448, 99.76923, 355.2008, 625.0019, 1459.98, 1043.227, 3028.832, 2202.818
249.1, 40.23567, 427.8122, 13.06366, 0.01917679, 95.32973, 334.7766, 609.1318, 1491.075, 991.0892, 2904.537, 2159.67
249.2, 38.02565, 448.1891, 12.30454, 0.0180318, 91.08777, 315.5267, 825.0526, 1412.515, 1038.523, 2714.981, 2299.917
249.3, 35.93701, 425.8604, 11.58954, 0.01695518, 87.03457, 297.3838, 918.1624, 1413.952, 986.6199, 3421.413, 2309.807
249.4, 33.9631, 404.6441, 10.91608, 0.01594283, 83.16173, 280.2841, 871.1006, 1339.456, 937.311, 3844.401, 2543.6
249.5, 32.09761, 415.3351, 10.28176, 0.01499094, 79.46122, 264.1676, 833.5114, 1346.151, 1032.862, 3826.329, 2492.962
249.6, 30.33459, 394.6432, 9.684299, 0.01409587, 75.92538, 248.9778, 822.3362, 1275.227, 981.2418, 3697.016, 2814.013
249.7, 28.6684, 374.9821, 9.121555, 0.01325425, 72.54687, 234.6614, 780.1861, 1282.402, 932.2017, 3667.335, 2667.07
249.8, 27.09373, 356.3006, 8.591512, 0.01246288, 69.3187, 221.1683, 795.6093, 1276.488, 885.6125, 4009.832, 2757.339
249.9, 25.60555, 338.5498, 8.092268, 0.01171876, 66.23417, 208.451, 791.7411, 1209.234, 841.3517, 4251.275, 2907.7
250, 24.19912, 321.6833, 7.622035, 0.01101907, 63.2869, 196.4649, 769.1729, 1172.499, 799.3029, 4361.214, 2755.865
250.1, 22.86993, 305.6571, 7.179127, 0.01036116, 60.47078, 185.1681, 729.7477, 1222.51, 759.3557, 4166.348, 2611.958
250.2, 21.61375, 290.4293, 6.761955, 0.009742523, 57.77996, 174.5208, 793.2118, 1158.1, 721.4049, 3894.444, 2675.391
250.3, 20.42658, 275.9601, 6.369025, 0.009160827, 55.20889, 164.4858, 918.9955, 1278.375, 685.3508, 3720.591, 2535.687
250.4, 19.30461, 262.2119, 5.998928, 0.008613862, 52.75222, 155.0278, 978.2183, 1211.022, 651.0986, 3642.706, 2403.277
250.5, 18.24426, 249.1485, 5.650337, 0.008099555, 50.40487, 173.8891, 1042.3, 1275.978, 618.5583, 3525.188, 2277.782
250.6, 17.24216, 236.736, 5.322002, 0.007615956, 48.16196, 163.8904, 991.0007, 1208.75, 587.6442, 3295.127, 2158.84
250.7, 16.2951, 224.9418, 5.012746, 0.00716123, 46.01887, 312.7536, 940.2055, 1145.065, 558.2752, 3230.047, 2268.036
250.8, 15.40006, 213.7464, 4.721461, 0.006733655, 43.97113, 294.7701, 892.0139, 1084.736, 854.506, 3056.09, 2149.603
250.9, 14.55418, 203.0976, 4.447102, 0.00633161, 42.01452, 277.8206, 846.2924, 1558.543, 811.7999, 3248.106, 2294.411
251, 13.75476, 192.9793, 4.188685, 0.005953568, 40.14497, 261.8458, 936.6294, 2369.244, 771.228, 3147.694, 2943.51
251.1, 12.99926, 183.3651, 3.945285, 0.005598099, 38.35861, 246.7896, 888.6211, 2734.821, 732.6839, 3304.343, 2996.843
251.2, 12.28524, 229.8732, 3.716029, 0.005263854, 36.65174, 232.599, 843.0735, 2674.071, 696.0661, 3156.601, 3002.422
251.3, 11.61045, 218.421, 3.500094, 0.004949566, 35.02082, 219.2244, 799.8605, 2844.643, 661.2784, 3052.87, 2845.641
251.4, 10.97273, 280.3935, 3.296708, 0.004654042, 33.46247, 242.4848, 780.3356, 2863.199, 692.5818, 2995.34, 2873.48
251.5, 10.37003, 320.9688, 3.105139, 0.004376163, 31.97347, 228.5418, 740.3383, 2726.398, 657.9683, 2799.858, 2955.073
251.6, 9.800432, 304.9782, 2.924703, 0.004114876, 30.55072, 215.4005, 702.3912, 2601.344, 784.5983, 2867.648, 2800.764
251.7, 9.262124, 289.7842, 2.754752, 0.003869189, 29.19128, 307.8155, 666.3891, 2498.169, 790.5812, 2680.5, 2686.582
251.8, 8.753384, 275.3472, 2.594676, 0.003638172, 27.89234, 290.1159, 632.8771, 2536.031, 751.0699, 2583.469, 2669.858
251.9, 8.272587, 261.6295, 2.443902, 0.003420948, 26.65119, 394.1159, 660.7793, 2424.434, 713.5332, 2414.866, 2530.442
252, 7.818199, 248.5951, 2.30189, 0.003216694, 25.46527, 1195.32, 626.9101, 2454.281, 677.8725, 2380.45, 2496.501
252.1, 7.388769, 236.2102, 2.168129, 0.003024635, 24.33213, 2119.891, 594.7769, 2377.217, 904.9731, 2507.186, 2527.818
252.2, 6.982926, 280.8363, 2.042141, 0.002844043, 23.2494, 2531.205, 564.2908, 2251.969, 859.7448, 2823.359, 2520.236
252.3, 6.599375, 266.8451, 1.923475, 0.002674234, 22.21486, 3093.659, 535.3672, 2301.399, 816.7768, 2883.391, 2492.059
252.4, 6.236891, 253.5509, 1.811704, 0.002514564, 21.22635, 2980.563, 507.9261, 2180.146, 775.9562, 2991.02, 2624.591
252.5, 5.894317, 240.9191, 1.706428, 0.002364427, 20.28182, 3090.153, 481.8916, 2141.165, 737.1758, 2795.82, 2810.637
252.6, 5.57056, 228.9165, 1.607269, 0.002223254, 19.37933, 3170.185, 457.1916, 2113.195, 700.3335, 2821.433, 2712.095
252.7, 59.45308, 217.5119, 1.513872, 0.00209051, 18.51699, 3175.271, 433.7575, 2078.657, 665.3325, 2846.308, 2570.474
252.8, 171.3765, 206.6755, 1.425903, 0.001965692, 81.66574, 2992.691, 411.5247, 1969.139, 632.0808, 2660.553, 2496.832
252.9, 187.2586, 196.379, 1.343045, 0.001848327, 236.8107, 2852.164, 390.4314, 1951.198, 600.4909, 2669.232, 2615.966
253, 176.9731, 186.5954, 1.265002, 0.001737969, 226.2731, 2964.856, 370.4192, 1848.396, 570.4798, 2680.78, 2479.364
253.1, 253.1281, 177.2992, 1.191494, 0.0016342, 375.5376, 2878.345, 351.4328, 1898.508, 541.9686, 2505.827, 2511.404
253.2, 404.6265, 168.4662, 1.122258, 0.001536627, 410.7606, 2908.027, 333.4196, 1964.207, 514.8823, 2342.292, 2424.298
253.3, 475.7107, 160.0733, 1.057045, 0.00144488, 392.4827, 2759.118, 316.3297, 1860.719, 489.1497, 2395.75, 2297.706
253.4, 1444.78, 152.0984, 0.9956209, 0.001358611, 395.4648, 2639.699, 300.1158, 1839.128, 464.7032, 2346.332, 2177.723
253.5, 2458.005, 144.5209, 0.9377664, 0.001277492, 410.89, 2647.845, 284.7329, 1813.953, 441.4784, 2337.708, 2164.255
253.6, 2445.204, 137.3209, 0.8832738, 77.01242, 392.6064, 2649.078, 270.1385, 1718.382, 419.4144, 2185.145, 2051.241
253.7, 2518.719, 130.4796, 0.8319477, 72.41425, 440.6599, 2567.365, 256.2921, 1696.217, 398.453, 2192.54, 1944.129
253.8, 2380.373, 123.9791, 0.7836041, 68.09061, 421.0515, 2460.597, 243.1555, 1606.849, 378.5393, 2049.45, 1842.609
253.9, 2249.626, 117.8025, 0.7380698, 64.02513, 407.9969, 2419.235, 230.6922, 1571.68, 359.6208, 2011.953, 2009.884
254, 2126.061, 111.9336, 0.6951813, 60.20239, 389.842, 2280.128, 218.8678, 1488.873, 341.6478, 1880.649, 1904.931
254.1, 2025.187, 106.3571, 0.6547851, 56.60789, 372.4949, 2253.365, 207.6494, 1518.9, 324.5731, 1830.318, 1805.459
254.2, 2204.135, 101.0584, 0.6167362, 53.228, 355.9198, 2244.908, 197.006, 1468.335, 308.3517, 1710.868, 1863.469
254.3, 2147.723, 96.02368, 0.5808983, 50.04992, 340.0822, 2124.867, 186.9082, 1390.973, 292.941, 1978.487, 2327.774
254.4, 2124.598, 91.2398, 0.547143, 47.0616, 324.9493, 2131.67, 177.3279, 1339.486, 278.3005, 1849.367, 2384.759
254.5, 2052.939, 86.69425, 0.5153491, 44.25169, 310.4898, 2045.419, 168.2387, 1268.912, 264.3918, 1892.223, 2392.425
254.6, 2134.699, 82.37516, 0.4854027, 41.60956, 296.6737, 2075.83, 159.6154, 1202.058, 251.1781, 1768.733, 2267.497
254.7, 2131.038, 78.27124, 0.4571965, 91.31535, 297.5125, 2161.098, 151.4341, 1328.868, 238.6248, 1800.26, 2149.092
254.8, 2013.986, 74.37178, 0.4306293, 216.2892, 284.2739, 2087.016, 143.6721, 1258.855, 226.6989, 1682.771, 2211.992
254.9, 1903.364, 70.66659, 0.4056059, 203.3753, 271.6244, 1967.012, 136.308, 1222.954, 215.369, 1806.755, 2212.714
255, 1798.818, 67.14599, 0.3820366, 244.976, 354.9799, 1853.907, 129.3213, 1158.521, 204.6054, 1827.725, 2134.259
255.1, 1866.562, 63.80079, 0.3598368, 230.3492, 444.633, 1752.905, 122.6927, 1152.646, 194.3797, 1708.444, 2120.748
255.2, 1764.037, 60.62224, 0.3389271, 216.5958, 502.673, 1890.624, 116.4039, 1091.917, 184.6651, 1596.948, 2010.006
255.3, 1667.144, 57.60205, 0.3192324, 218.3832, 682.4059, 1781.912, 110.4375, 1034.387, 175.436, 1492.728, 1905.047
255.4, 1575.573, 54.73233, 0.3006822, 205.3442, 1084.745, 1742.556, 104.7768, 979.889, 166.6681, 1395.31, 1876.655
255.5, 1656.882, 52.00557, 0.2832099, 193.0837, 1422.313, 1694.664, 99.40636, 928.2618, 523.6738, 1304.249, 1835.737
255.6, 1651.237, 49.41467, 0.2667528, 186.8409, 1416.148, 1631.408, 94.31113, 910.0751, 497.5018, 1219.131, 1865.14
255.7, 1560.539, 46.95284, 0.2512521, 175.6852, 1416.292, 1760.104, 89.47708, 930.6694, 472.6378, 1139.568, 1871.744
255.8, 1529.928, 44.61365, 0.2366521, 165.1956, 1416.175, 1658.897, 84.8908, 1001.925, 717.1514, 1065.198, 1774.005
255.9, 1445.893, 42.39101, 0.2229005, 155.3322, 1353.158, 1744.209, 80.5396, 949.1369, 681.3099, 1131.208, 1719.152
256, 1366.475, 40.27909, 0.209948, 185.4211, 1436.702, 1712.445, 76.41142, 899.13, 647.2596, 1099.871, 1660.258
256.1, 1399.083, 38.2724, 0.1977482, 185.605, 1425.486, 1613.979, 72.49484, 976.5905, 614.9111, 1138.861, 1677.209
256.2, 1452.062, 36.36567, 0.1862572, 250.7523, 1467.994, 1521.174, 68.77901, 925.1372, 584.1793, 1064.537, 1716.545
256.3, 1372.304, 34.55394, 0.175434, 235.7806, 1402.672, 1433.706, 65.25365, 876.3948, 554.9835, 995.0632, 1626.91
256.4, 1408.105, 32.83247, 0.1652397, 350.8198, 1671.949, 1588.279, 61.90897, 853.3444, 527.2467, 930.1235, 1728.108
256.5, 1410.397, 31.19676, 0.1556378, 329.8734, 1597.552, 1626.807, 58.73574, 808.3845, 500.8962, 950.2408, 1637.869
256.6, 1332.928, 29.64255, 0.1465939, 310.1776, 1526.464, 1552.986, 55.72515, 1132.962, 475.8626, 1238.59, 1709.811
256.7, 1331.062, 28.16576, 0.1380755, 291.6579, 1458.54, 1690.078, 52.86888, 1073.27, 452.0801, 1157.758, 1704.511
256.8, 1427.93, 26.76255, 0.1300521, 454.3399, 1620.072, 1649.317, 50.159, 1151.601, 429.4862, 1082.2, 1615.505
256.9, 1349.498, 25.42924, 0.1224949, 427.2127, 1547.982, 1671.818, 47.58803, 1090.927, 408.0215, 1011.574, 1531.146
257, 1300.234, 24.16236, 0.1153768, 467.363, 1575.623, 1650.929, 45.14884, 1033.449, 387.6296, 945.5565, 1650.036
257.1, 1284.749, 22.9586, 0.1086724, 466.4202, 1646.248, 1680.919, 42.83467, 1031.838, 368.2568, 883.8477, 1563.874
257.2, 1375.411, 21.8148, 0.1023576, 438.5717, 1572.993, 1584.265, 40.63911, 977.4739, 349.8522, 826.1661, 1482.211
257.3, 1299.863, 79.28944, 0.09640968, 412.3859, 1502.999, 1591.614, 38.5561, 1037.695, 332.3674, 772.2489, 1404.812
257.4, 1332.436, 75.33926, 0.09080742, 394.1123, 1495.018, 1500.096, 36.57985, 1004.95, 315.7565, 721.8505, 1331.455
257.5, 1322.184, 71.58587, 0.08553069, 408.7537, 1451.643, 1450.045, 34.70489, 1031.665, 299.9757, 674.7411, 1394.192
257.6, 1276.041, 153.3285, 0.08056059, 433.3957, 1387.048, 1370.33, 32.92604, 1125.929, 284.9837, 630.7062, 1359.628
257.7, 1205.952, 145.6897, 0.07587931, 407.519, 1326.677, 1406.077, 31.23837, 1273.314, 270.7409, 589.5452, 1334.208
257.8, 1246.753, 224.3828, 0.07147004, 383.1873, 1285.516, 1392.786, 29.6372, 1267.402, 471.0299, 551.0703, 1380.532
257.9, 1219.596, 213.2041, 0.06731699, 360.3083, 1228.314, 1312.7, 28.1181, 1281.762, 447.489, 515.1064, 1308.443
258, 1152.607, 202.5823, 0.06340527, 385.0646, 1270.407, 1272.627, 26.67686, 1214.23, 425.1245, 481.4896, 1240.118
258.1, 1089.298, 192.4897, 0.05972086, 362.0735, 1279.805, 1383.612, 25.3095, 1177.767, 403.8778, 450.0667, 1295.948
258.2, 1029.466, 182.8999, 0.05625054, 340.4553, 1222.856, 1304.053, 24.01223, 1150.298, 383.693, 420.6945, 1228.276
258.3, 1026.191, 173.7879, 0.05298188, 320.1277, 1168.442, 1321.607, 22.78144, 1172.021, 364.5169, 393.2392, 1230.823
258.4, 1017.19, 165.1298, 0.04990316, 370.7514, 1116.449, 1290.397, 21.61375, 1110.271, 346.2993, 367.5756, 1166.552
258.5, 961.3188, 156.9031, 0.04700334, 348.615, 1126.69, 1276.789, 20.5059, 1092.958, 328.992, 343.5869, 1260.909
258.6, 908.5165, 149.0862, 0.04427203, 327.8003, 1096.796, 1287.428, 19.45484, 1035.374, 312.5498, 321.1638, 1195.067
258.7, 858.6144, 141.6587, 0.04169943, 308.2283, 1086.854, 1310.006, 18.45766, 1011.402, 296.9293, 300.2041, 1132.662
258.8, 811.4532, 134.6013, 0.03927632, 289.825, 1088.004, 1234.68, 17.51158, 1021.132, 282.0895, 280.6122, 1073.517
258.9, 796.7255, 127.8955, 0.03699401, 272.5204, 1047.242, 1163.685, 16.614, 967.332, 267.9914, 262.2989, 1017.459
259, 808.294, 121.5238, 0.03484433, 256.249, 1259.844, 1096.773, 15.76243, 916.3665, 254.5978, 245.1808, 1182.493
259.1, 763.8969, 115.4695, 0.03281957, 240.9492, 1203.783, 1053.331, 14.9545, 902.298, 241.8736, 229.1798, 1120.745
259.2, 736.8311, 109.7168, 0.03091246, 226.5629, 1161.678, 992.7635, 14.18798, 916.6232, 356.3026, 214.2231, 1062.221
259.3, 696.3591, 104.2507, 0.02911616, 213.0355, 1153.69, 935.6791, 13.46076, 894.3154, 338.4955, 200.2425, 1006.754
259.4, 759.6038, 99.05698, 0.02742426, 200.3158, 1108.755, 963.6883, 12.77081, 847.1968, 321.5783, 187.1743, 1061.974
259.5, 717.881, 94.12197, 0.02583066, 220.4364, 1059.418, 908.2757, 12.11622, 802.5609, 368.4136, 174.9589, 1006.519
259.6, 683.0791, 89.43283, 0.02432967, 207.2748, 1053.844, 947.5846, 11.49519, 760.2766, 364.6631, 163.5408, 953.9606
259.7, 645.5596, 84.9773, 0.0229159, 194.899, 1006.951, 1003.567, 10.90598, 720.2201, 463.891, 152.8678, 993.0543
259.8, 651.7075, 80.74375, 0.02158428, 183.2622, 1048.841, 1533.948, 10.34698, 682.2741, 440.7068, 142.8914, 941.1986
259.9, 615.9111, 76.72112, 0.02033004, 172.3202, 1002.17, 1640.396, 9.816631, 724.874, 418.6813, 571.8481, 945.6974
260, 582.081, 72.89888, 0.01914868, 162.0315, 957.5759, 1668.017, 9.313465, 686.6828, 397.7567, 1540.347, 1057.458
260.1, 550.109, 69.26707, 0.01803597, 152.3571, 944.1221, 1581.241, 8.83609, 650.5038, 377.8777, 1747.052, 1262.258
260.2, 712.2363, 65.81619, 0.01698792, 143.2603, 927.6281, 1671.938, 8.383183, 616.2309, 358.9923, 1712.048, 1196.345
260.3, 726.7609, 62.53724, 0.01600077, 134.7067, 956.2241, 1575.801, 7.953491, 632.7828, 341.0507, 1732.379, 1133.874
260.4, 1476.762, 59.42165, 0.01507099, 126.6638, 913.6743, 1485.192, 7.545823, 983.4277, 324.0058, 1743.116, 1074.665
260.5, 2012, 56.46127, 0.01419523, 153.3321, 873.0178, 1399.792, 7.159051, 1148.671, 307.8128, 1629.357, 1018.548
260.6, 2373.129, 53.64838, 0.01337036, 197.9364, 834.1705, 1362.764, 6.792103, 1263.835, 368.6414, 1523.022, 965.361
260.7, 2505.666, 50.97563, 0.01259342, 186.1183, 839.5891, 1309.013, 6.443964, 1197.248, 420.6179, 1591.123, 914.9515
260.8, 2499.118, 48.43604, 0.01186163, 175.0057, 855.5964, 1233.744, 6.113669, 1241.089, 399.5964, 1487.283, 1012.345
260.9, 2437.552, 46.02296, 0.01117236, 216.949, 858.9119, 1162.803, 5.800304, 1203.649, 379.6255, 1390.22, 959.4823
261, 2363.235, 43.73011, 0.01052315, 203.9957, 853.6345, 1137.6, 5.503001, 1140.233, 434.3659, 1299.492, 909.3798
261.1, 2270.068, 41.55148, 0.009911661, 191.8157, 838.4663, 1072.188, 5.220936, 1124.813, 412.6574, 1214.685, 861.8935
261.2, 2332.227, 39.48139, 0.009335705, 180.363, 814.955, 1155.921, 4.95333, 1065.551, 392.0338, 1135.412, 898.733
261.3, 2204.125, 37.51443, 0.008793217, 213.552, 1241.377, 1111.437, 4.69944, 1009.41, 372.4409, 1273.032, 851.8027
261.4, 2271.001, 35.64547, 0.008282253, 200.8014, 1308.092, 1084.737, 4.458563, 956.2278, 353.8271, 1189.951, 1077.461
261.5, 2184.459, 33.86962, 0.00780098, 212.6038, 1260.688, 1297.322, 4.230032, 905.8474, 336.1437, 1112.293, 1021.198
261.6, 2071.646, 32.18224, 0.007347674, 199.9099, 1369.18, 1256.477, 4.013216, 885.1925, 319.3441, 1039.702, 967.8725
261.7, 2041.337, 30.57893, 0.006920708, 187.9739, 1308.255, 1184.229, 3.807513, 838.5546, 354.2779, 971.8494, 917.3318
261.8, 2084.024, 29.05549, 0.006518553, 176.7505, 1304.273, 1116.135, 3.612353, 823.5037, 580.6101, 908.4247, 869.4303
261.9, 2155.573, 27.60795, 0.006139767, 484.7434, 1376.118, 1180.377, 3.427197, 780.116, 551.5926, 970.3002, 824.0301
262, 2037.173, 26.23253, 0.005782992, 543.7436, 1314.884, 1321.129, 3.25153, 739.0142, 524.0253, 1098.557, 781.0006
262.1, 2017.372, 24.92563, 0.005446949, 613.5541, 1256.375, 1245.163, 3.084868, 774.7793, 497.8358, 1026.863, 740.2181
262.2, 2033.746, 23.68384, 0.005130432, 623.0485, 1200.469, 1173.566, 2.926749, 733.9587, 472.9552, 959.8479, 701.5651
262.3, 1946.89, 22.50391, 0.004832308, 585.8482, 1147.051, 1176.057, 212.5849, 782.2421, 449.318, 897.2064, 664.9306
262.4, 1923.776, 21.38277, 0.004551508, 550.869, 1096.01, 1108.434, 201.6886, 741.0284, 426.8622, 838.653, 630.209
262.5, 1818.109, 20.31749, 0.004287025, 517.9783, 1047.24, 1044.698, 271.7849, 701.986, 405.5286, 783.9209, 597.3006
262.6, 1718.246, 19.30527, 0.004037911, 487.0515, 1006.26, 1002.277, 257.8542, 665.0007, 385.2613, 732.7607, 566.1106
262.7, 1718.869, 18.34349, 0.003803272, 505.1587, 961.4841, 1011.683, 244.6375, 721.6245, 366.0068, 684.9394, 536.5493
262.8, 1689.926, 17.42962, 19.52615, 474.9973, 918.7002, 953.5109, 234.2851, 683.6044, 347.7147, 640.239, 508.5316
262.9, 1597.103, 16.56128, 344.5094, 446.6366, 945.4102, 905.9117, 242.8697, 677.574, 330.3367, 598.4557, 481.9769
263, 1528.155, 15.7362, 1463.841, 419.9693, 945.4185, 897.1304, 230.421, 641.8748, 313.8273, 559.3994, 456.8089
263.1, 1537.208, 14.95222, 2184.34, 550.0112, 903.3495, 956.0298, 218.6104, 608.0566, 298.143, 522.892, 432.9551
263.2, 1557.467, 14.2073, 2230.942, 693.8527, 889.016, 945.2263, 207.4052, 576.0201, 283.2425, 759.6777, 410.3469
263.3, 1471.92, 13.4995, 2101.304, 652.4249, 849.4568, 890.8753, 196.7744, 843.9594, 269.0867, 710.0997, 388.9193
263.4, 1391.071, 12.82696, 2104.826, 613.4706, 811.6579, 839.6495, 186.6884, 1385.55, 255.6384, 663.7572, 368.6106
263.5, 1314.664, 12.18792, 1986.328, 665.6243, 819.8726, 807.2651, 184.1927, 1424.125, 242.8622, 751.8508, 349.3623
263.6, 1303.543, 11.58072, 1883.069, 704.9228, 783.3901, 760.8469, 420.7695, 1459.704, 230.7245, 1946.154, 735.3157
263.7, 1336.796, 11.00377, 1975.12, 666.1164, 748.5311, 717.0978, 477.6357, 1382.797, 219.1935, 2495.006, 1208.913
263.8, 1297.931, 10.45556, 1860.348, 626.3446, 782.4898, 856.7344, 453.1538, 1309.942, 208.2387, 2595.635, 1145.786
263.9, 1226.639, 9.934669, 1782.357, 588.9475, 747.6708, 834.4641, 429.9267, 1310.13, 197.8315, 2426.24, 1085.955
264, 1159.264, 9.439726, 1809.459, 553.7833, 738.5367, 786.482, 407.8902, 1241.104, 187.9443, 2416.791, 1029.248
264.1, 1116.962, 8.96944, 1732.709, 520.7186, 803.6013, 829.0308, 386.9832, 1245.942, 178.5513, 2391.323, 975.5023
264.2, 1055.61, 8.522585, 1828.953, 489.6281, 767.8428, 789.3708, 367.1478, 1180.297, 169.6277, 2235.261, 924.5632
264.3, 997.6288, 8.097991, 1759.158, 460.3939, 733.6756, 743.9816, 348.3291, 1118.111, 161.1501, 2144.635, 876.2841
264.4, 992.7254, 7.694551, 1731.307, 432.9052, 701.0287, 724.3882, 356.8112, 1059.202, 153.0963, 2004.672, 830.5261
264.5, 1000.248, 7.311209, 1630.703, 407.0577, 691.306, 699.2047, 338.5223, 1003.396, 145.4449, 2230.394, 787.1574
264.6, 965.3071, 6.946966, 1535.944, 382.7535, 660.5445, 659, 321.1708, 950.5301, 138.1759, 2084.834, 746.0533
264.7, 969.0505, 6.60087, 1488.161, 361.8026, 631.1518, 621.1071, 304.7087, 900.4498, 131.2702, 1948.774, 707.0957
264.8, 915.8234, 6.272016, 1401.685, 340.2004, 603.067, 585.3931, 289.0905, 1009.982, 124.7096, 1821.593, 670.1724
264.9, 865.52, 5.959545, 1361.888, 319.8881, 576.2319, 551.7327, 274.2727, 956.7692, 118.4769, 1702.713, 635.1771
265, 817.9796, 5.662641, 1309.311, 300.7886, 550.5909, 520.0078, 260.2144, 906.3602, 112.5557, 1836.512, 602.0092
265.1, 773.0505, 5.380529, 1282.088, 282.8294, 526.0908, 490.1071, 246.8768, 858.6071, 106.9305, 1716.658, 570.5732
265.2, 730.5891, 5.112473, 1360.932, 265.9425, 502.681, 461.9257, 234.2227, 813.3699, 101.5863, 1679.257, 540.7789
265.3, 690.46, 4.85777, 1281.849, 250.0639, 499.5312, 435.3647, 222.2173, 958.7515, 96.50929, 1569.666, 512.5403
265.4, 652.5352, 4.615757, 1207.362, 235.1334, 477.3032, 483.5269, 210.8272, 908.238, 91.68599, 1595.074, 485.7763
265.5, 616.6934, 4.3858, 1171.946, 221.0943, 474.2869, 455.7239, 200.021, 860.386, 87.10374, 1636.103, 460.4099
265.6, 582.8203, 4.167301, 1168.178, 207.8934, 487.4536, 429.5195, 189.7686, 1222.033, 82.75051, 1529.328, 436.368
265.7, 550.8077, 3.959687, 1100.296, 195.4807, 465.763, 404.8219, 259.5724, 1365.357, 78.61484, 1555.746, 413.5816
265.8, 520.5535, 3.762416, 1036.359, 183.8092, 445.0376, 381.5444, 246.2677, 1328.949, 74.68586, 1454.215, 391.9851
265.9, 491.961, 3.574973, 976.1374, 172.8345, 425.2344, 359.6054, 233.6449, 1387.731, 70.95324, 1359.31, 371.5163
266, 464.9391, 3.396868, 980.1806, 162.5151, 468.111, 338.9279, 221.6691, 1314.616, 67.40717, 1270.599, 352.1163
266.1, 442.8611, 3.227637, 1016.396, 152.8118, 473.1322, 319.4394, 238.349, 1300.041, 64.03831, 1624.053, 333.7294
266.2, 418.536, 3.066837, 957.3339, 143.6879, 452.0789, 301.0714, 226.1321, 1375.597, 60.83783, 1518.064, 316.3026
266.3, 395.5471, 2.914047, 901.7042, 135.1087, 431.9624, 283.7596, 214.5414, 1346.48, 57.79731, 1418.992, 299.7858
266.4, 373.8209, 2.76887, 923.7003, 127.0418, 498.6018, 267.4433, 203.5447, 1275.539, 54.90874, 1326.386, 284.1315
266.5, 353.288, 2.630925, 996.5545, 119.4565, 493.3647, 252.0652, 193.1117, 1318.694, 52.16453, 1239.824, 269.2946
266.6, 333.883, 2.499853, 938.6458, 112.3242, 471.4111, 237.5713, 183.2135, 1275.335, 49.55747, 1158.911, 255.2325
266.7, 315.5438, 2.375311, 884.1021, 105.6176, 450.4344, 223.9108, 173.8226, 1208.142, 47.08071, 1083.278, 241.9047
266.8, 298.2119, 2.256973, 921.4186, 99.31152, 430.3911, 211.0358, 164.9131, 1226.234, 44.72773, 1012.581, 229.2729
266.9, 281.832, 2.144531, 968.9464, 93.38193, 506.3135, 198.9011, 156.4602, 1161.628, 42.49234, 946.4981, 217.3006
267, 266.3518, 2.037691, 912.6419, 87.80638, 483.7837, 187.4642, 296.7478, 1126.859, 40.36868, 884.7278, 205.9535
267.1, 251.7219, 153.4532, 919.6971, 82.56373, 462.2564, 176.6849, 281.5375, 1067.489, 38.35115, 826.9888, 195.199
267.2, 237.8956, 145.8082, 866.2545, 77.6341, 441.687, 166.5254, 267.1069, 1011.246, 317.0082, 773.0179, 185.006
267.3, 224.8287, 181.6267, 815.9174, 72.99881, 430.9037, 156.9501, 253.4159, 1010.96, 301.1649, 722.5693, 175.3453
267.4, 212.4796, 172.578, 768.5053, 68.64027, 478.8594, 147.9254, 240.4267, 996.5084, 286.1134, 675.4131, 166.1891
267.5, 200.8087, 163.9802, 752.2533, 64.54198, 505.572, 139.4196, 238.8499, 944.0056, 271.8141, 631.3344, 157.511
267.6, 189.7789, 155.8108, 888.0468, 60.68837, 483.0752, 131.4029, 226.6073, 1003.556, 258.2295, 590.1323, 149.286
267.7, 179.3549, 148.0483, 836.4434, 57.06486, 461.5795, 123.8472, 236.1289, 1073.223, 245.3238, 551.6191, 141.4905
267.8, 169.5035, 140.6726, 787.8386, 53.65769, 441.0402, 116.7259, 224.0258, 1016.678, 306.708, 515.6194, 134.1021
267.9, 160.1931, 133.6643, 742.0581, 50.45396, 421.4149, 132.7096, 212.543, 963.1128, 291.3795, 481.9691, 127.0996
268, 151.3942, 127.0051, 785.4833, 47.44151, 402.6629, 125.0788, 201.6488, 912.3696, 302.1312, 450.5149, 120.4626
268.1, 143.0786, 120.6778, 739.8397, 44.60892, 384.7454, 123.3982, 191.313, 864.2998, 329.6274, 421.1135, 114.1723
268.2, 135.2197, 114.6656, 696.8484, 41.94546, 367.6251, 116.3027, 181.507, 818.7627, 313.1534, 393.6308, 108.2104
268.3, 127.7925, 108.953, 686.232, 39.44102, 351.2666, 123.6752, 172.2036, 775.6248, 297.5028, 367.9417, 102.5598
268.4, 120.7732, 103.525, 713.6481, 37.08612, 370.6956, 149.6597, 163.377, 809.3617, 282.6343, 343.9291, 97.20432
268.5, 156.0063, 98.36739, 735.7348, 34.87182, 428.3733, 141.0542, 155.0029, 766.7191, 268.5089, 321.4837, 92.12848
268.6, 147.6949, 93.46674, 708.9589, 32.78973, 409.3116, 132.9435, 147.058, 813.5449, 255.0895, 300.5031, 87.31769
268.7, 165.9173, 88.81025, 695.5008, 30.83196, 450.3794, 125.2992, 139.5203, 812.9068, 387.4444, 280.8917, 82.7581
268.8, 249.2775, 84.38573, 655.086, 28.99108, 430.3385, 118.0944, 132.369, 770.0775, 368.0808, 262.5602, 78.43661
268.9, 235.5854, 80.18165, 617.0197, 27.26011, 411.1894, 111.3039, 127.2237, 729.5046, 349.6851, 245.425, 74.34079
269, 233.0515, 76.18701, 581.1653, 25.63249, 392.8924, 104.9039, 174.8524, 734.8348, 425.9557, 229.4081, 70.45884
269.1, 302.1693, 72.39139, 654.9609, 24.10205, 375.4096, 98.87183, 184.9738, 728.8475, 404.6674, 214.4365, 66.77959
269.2, 332.4908, 68.78486, 616.9019, 22.66299, 358.7047, 93.18665, 175.4927, 690.447, 384.4431, 200.4419, 63.29248
269.3, 314.2281, 65.35801, 581.0543, 21.30986, 342.7432, 87.82837, 166.4976, 732.7789, 365.2296, 187.3607, 59.98745
269.4, 424.3522, 62.10188, 547.2899, 20.03751, 327.4919, 227.5511, 157.9635, 694.1712, 346.9763, 175.1332, 56.85501
269.5, 775.3829, 59.00798, 515.4874, 18.84113, 312.9193, 1301.259, 149.8669, 657.5976, 329.6353, 163.7037, 53.88614
269.6, 788.4271, 56.06821, 485.533, 17.71618, 298.9951, 1441.556, 142.1852, 622.9509, 313.1609, 153.0201, 51.07229
269.7, 745.1212, 53.2749, 457.3192, 16.65841, 285.6905, 1506.571, 134.8973, 590.1297, 297.5099, 143.0337, 48.40538
269.8, 771.3669, 50.62075, 430.7449, 15.66378, 272.9779, 1440.929, 187.0527, 559.0377, 282.641, 1563.587, 559.4861
269.9, 728.9981, 48.09884, 405.7148, 14.72855, 260.831, 1398.257, 293.9534, 595.2769, 348.8516, 2832.673, 688.2994
270, 702.3852, 45.70256, 388.1131, 13.84915, 249.2246, 1391.622, 381.5476, 596.9545, 506.5622, 2930.282, 930.2704
270.1, 663.8053, 43.42567, 403.2327, 13.02226, 238.1347, 1468.012, 361.9908, 658.7722, 481.2454, 2897.517, 881.6932
270.2, 659.8931, 41.26221, 379.8013, 12.24474, 227.5382, 2173.07, 343.4365, 726.7265, 496.7121, 2860.147, 835.6527
270.3, 659.5254, 39.20654, 357.7314, 11.51365, 217.4133, 2114.546, 325.8331, 808.881, 537.9573, 2959.242, 792.0164
270.4, 623.2996, 37.25327, 336.944, 10.8262, 207.7389, 2094.788, 347.9296, 766.2637, 511.0715, 2766.117, 848.1691
270.5, 604.9918, 35.39732, 503.033, 10.1798, 198.495, 2079.986, 330.096, 725.8918, 485.5294, 2816.046, 803.8791
270.6, 571.7614, 33.63383, 473.8023, 9.571997, 189.6624, 2046.673, 318.7535, 687.647, 461.2638, 2632.266, 761.9019
270.7, 540.3562, 31.9582, 446.2701, 9.000483, 181.2229, 1928.988, 390.3654, 651.4172, 697.4025, 2612.658, 722.1166
270.8, 510.6761, 30.36605, 420.3379, 8.463092, 173.1588, 1818.07, 370.3566, 705.606, 662.548, 2510.491, 863.4307
270.9, 482.6262, 28.85322, 395.9125, 7.957787, 165.4537, 1713.53, 351.3734, 869.978, 629.4355, 2346.652, 1249.812
271, 497.5114, 27.41575, 372.9064, 7.482652, 158.0914, 1785.796, 350.2451, 824.1418, 597.9778, 2364.644, 1184.549
271.1, 537.6785, 26.04991, 413.569, 7.035886, 191.1919, 1862.474, 332.2927, 780.7205, 568.0923, 2397.227, 1122.694
271.2, 508.1454, 24.7521, 442.2263, 6.615795, 208.4718, 1780.31, 343.0049, 739.5869, 539.7004, 2508.584, 1376.613
271.3, 480.2345, 23.51896, 416.529, 6.220786, 411.5151, 1677.941, 609.6578, 700.6205, 512.7275, 2577.68, 1950.789
271.4, 453.8567, 22.34725, 392.3249, 5.849362, 393.2036, 1606.79, 695.2169, 663.7071, 487.1026, 2841.271, 2650.38
271.5, 428.9277, 21.23391, 369.5273, 5.500114, 375.707, 1514.399, 701.7271, 628.7386, 462.7584, 2937.253, 3008.83
271.6, 500.6747, 20.17604, 348.0545, 5.17172, 399.0571, 1550.045, 665.759, 595.6124, 439.6308, 2774.628, 3017.023
271.7, 500.0259, 19.17088, 360.4461, 4.862932, 384.0488, 1460.917, 631.6345, 564.2316, 417.6591, 2711.407, 2896.569
271.8, 478.2304, 18.21579, 339.501, 4.572581, 366.9595, 1424.999, 599.2592, 664.8978, 396.7856, 2575.103, 2899.337
271.9, 451.9627, 17.30828, 319.7729, 4.299567, 373.0415, 1343.061, 568.5432, 629.8666, 376.9552, 2447.661, 2787.7
272, 427.1377, 16.44598, 301.1913, 4.042853, 542.2454, 1295.251, 539.4017, 596.681, 358.1158, 2287.922, 2691.327
272.1, 446.1755, 15.62665, 283.6894, 3.801466, 605.1471, 1220.773, 511.7538, 1242.47, 340.2181, 2430.914, 2623.445
272.2, 421.6684, 14.84813, 267.2045, 3.574493, 578.2194, 1150.578, 485.5231, 1951.647, 323.2148, 2357.046, 2486.453
272.3, 398.5074, 14.1084, 251.6775, 3.361071, 552.49, 1084.419, 460.6369, 1848.821, 307.0613, 2203.22, 2356.615
272.4, 376.6186, 13.40552, 237.0528, 3.160391, 530.1785, 1073.922, 437.0263, 1751.413, 291.7151, 2258.753, 2233.557
272.5, 355.9321, 12.73766, 223.2779, 2.971694, 506.5868, 1064.131, 414.6259, 1762.006, 277.1359, 2111.343, 2235.359
272.6, 336.3818, 12.10307, 210.3035, 2.794263, 484.0448, 1002.943, 393.3736, 1742.367, 263.2853, 2090.92, 2240.742
272.7, 317.9054, 11.5001, 198.083, 2.627426, 462.5059, 1035.779, 373.2107, 1862.48, 250.1269, 2033.471, 2170.865
272.8, 300.4438, 10.92717, 186.5726, 2.470551, 441.9254, 976.2213, 354.0812, 1764.352, 237.6262, 1900.762, 2057.507
272.9, 283.9413, 10.38278, 175.7311, 2.323042, 422.2608, 920.0881, 335.9323, 1671.394, 225.7502, 1865.06, 2031.831
273, 268.3453, 9.865508, 165.5195, 2.18434, 403.4711, 867.1825, 318.7136, 1583.334, 214.4677, 1871.521, 1925.733
273.1, 253.6059, 9.37401, 155.9014, 2.05392, 385.5176, 817.319, 302.3774, 1499.913, 203.7491, 1749.382, 1870.129
273.2, 239.6761, 8.906999, 146.8421, 1.931287, 368.3629, 770.3228, 286.8786, 1420.888, 193.5662, 1635.214, 1881.069
273.3, 226.5114, 8.463254, 213.166, 1.815975, 351.9716, 726.0288, 272.1743, 1424.436, 183.8923, 1648.322, 1782.843
273.4, 214.0698, 8.041616, 200.7791, 1.707549, 367.0053, 688.6597, 258.2236, 1356.878, 174.7018, 1585.455, 1856.089
273.5, 202.3116, 7.640985, 189.1121, 1.605597, 350.6744, 693.9482, 244.9879, 1317.4, 165.9706, 1481.985, 1931.282
273.6, 191.1992, 7.260312, 178.123, 1.509731, 335.0702, 770.2397, 232.4307, 1282.25, 314.9859, 1625.132, 1830.434
273.7, 180.6972, 6.898604, 167.7724, 1.41959, 320.1604, 725.9505, 237.5829, 1230.437, 299.2437, 1567.397, 1734.852
273.8, 170.7721, 6.554917, 158.0234, 1.334831, 305.914, 684.2079, 225.4052, 1165.609, 342.4196, 1620.523, 1716.071
273.9, 161.3921, 6.228353, 172.8456, 1.255132, 292.3015, 644.8656, 320.7575, 1187.174, 325.3063, 1774.004, 1740.868
274, 152.5273, 5.918057, 162.8017, 1.180192, 279.2947, 607.7855, 304.3166, 1124.626, 309.0482, 2062.007, 1889.427
274.1, 144.1494, 5.62322, 245.9429, 1.109726, 266.8668, 572.8375, 288.7184, 1065.373, 293.6028, 2454.661, 2249.019
274.2, 136.2317, 5.343072, 231.6514, 1.043468, 254.9918, 539.899, 273.9197, 1009.242, 278.9292, 2361.765, 2474.112
274.3, 128.7489, 5.076881, 287.3149, 0.9811656, 243.6452, 508.8545, 259.8796, 1112.555, 264.989, 2438.912, 2344.918
274.4, 121.6771, 4.823952, 270.6194, 0.9225833, 232.8036, 479.5951, 246.5591, 1053.938, 346.0205, 2279.744, 2431.228
274.5, 114.9938, 4.583624, 296.1112, 0.8674987, 254.5407, 461.7308, 233.9213, 1032.686, 328.7272, 2130.964, 2423.29
274.6, 108.6775, 4.355268, 278.9045, 0.815703, 243.2142, 435.181, 221.9313, 978.2772, 483.1284, 2282.225, 2345.23
274.7, 102.7082, 4.13829, 284.0638, 0.7669999, 232.3917, 410.1579, 210.5559, 1113.86, 458.9828, 2133.282, 2269.458
274.8, 97.06674, 3.932121, 274.0783, 0.7212047, 222.0508, 386.5736, 199.7636, 1055.175, 436.044, 1994.06, 2210.25
274.9, 91.73516, 3.736223, 258.1519, 0.6781438, 212.1701, 364.3454, 189.5244, 1084.289, 414.2516, 1916.787, 2177.679
275, 86.69643, 3.550086, 243.151, 0.6376539, 202.729, 343.3954, 179.81, 1027.162, 393.5482, 1839.46, 2277.316
275.1, 81.93446, 3.373221, 229.0218, 0.5995816, 193.708, 323.6499, 170.5936, 1032.098, 373.8796, 1719.413, 2158.398
275.2, 77.43404, 3.205168, 215.7136, 0.5637825, 189.6131, 305.0399, 161.8496, 977.7205, 355.194, 1685.101, 2152.465
275.3, 73.18082, 3.045487, 203.1787, 0.5301207, 181.1758, 287.4999, 153.5537, 926.2076, 337.4423, 1850.391, 2107.231
275.4, 69.16122, 2.893761, 191.3722, 0.4984688, 173.1138, 270.9685, 145.6831, 877.4088, 320.5777, 1768.87, 1997.195
275.5, 65.3624, 2.749594, 180.2518, 0.4687068, 173.9348, 255.3877, 138.2159, 831.181, 304.556, 1709.833, 1989.409
275.6, 61.77224, 2.61261, 169.7775, 0.4407218, 166.1951, 240.7028, 131.1314, 787.3889, 289.3351, 1668.635, 2009.085
275.7, 58.37928, 2.48245, 159.9119, 0.4144076, 158.7998, 226.8622, 124.4101, 950.6388, 274.8748, 1602.036, 1904.174
275.8, 55.17268, 2.358775, 150.6196, 0.3896646, 151.7336, 240.38, 118.0333, 1274.904, 485.4019, 1559.143, 1804.742
275.9, 52.14222, 2.241261, 141.8673, 0.3663989, 144.9818, 226.558, 111.9833, 1229.04, 461.1427, 1457.39, 1710.501
276, 49.2782, 2.129602, 133.6235, 0.3445224, 138.5304, 232.6554, 106.2434, 1164.286, 438.0959, 1362.278, 1790.47
276.1, 46.5715, 2.023505, 125.8588, 0.323952, 132.3661, 254.0522, 100.7978, 1102.944, 416.2009, 1596.669, 2015.219
276.2, 44.01347, 1.922695, 118.5453, 0.3046098, 126.4761, 239.4441, 95.63123, 1696.403, 395.4002, 1492.467, 2161.181
276.3, 41.59594, 1.826906, 111.6567, 0.2864225, 120.8482, 225.6759, 90.72952, 1783.843, 375.6391, 1474.905, 2048.328
276.4, 39.3112, 1.73589, 165.3467, 0.2693211, 115.4708, 212.6994, 86.07904, 1753.315, 555.9719, 1378.65, 1941.368
276.5, 37.15195, 1.649408, 276.3336, 0.2532408, 110.3326, 200.4691, 81.66693, 1684.086, 528.1858, 1288.677, 2088.122
276.6, 35.11131, 1.567235, 260.2762, 0.2381205, 105.423, 188.942, 77.48097, 1609.849, 501.7883, 1454.162, 2022.997
276.7, 33.18275, 1.489156, 245.1518, 0.2239031, 100.732, 178.0777, 139.6123, 1588.805, 476.7101, 1554.3, 1917.36
276.8, 31.36012, 1.414966, 230.9063, 0.2105345, 96.24961, 167.8382, 132.4562, 1573.611, 452.8853, 1505.729, 2010.75
276.9, 29.63761, 1.344473, 217.4886, 0.1979642, 91.96672, 158.1874, 125.667, 1553.13, 430.2512, 1468.789, 2117.387
277, 28.0097, 1.277492, 204.8506, 0.1861443, 87.87441, 149.0915, 119.2258, 1541.038, 408.7483, 1465.264, 2006.821
277.1, 26.47121, 1.213847, 192.9469, 0.1750302, 83.9642, 140.5187, 113.1147, 1459.846, 388.32, 1469.717, 1986.273
277.2, 25.01723, 1.153373, 181.735, 0.1645797, 80.22799, 145.9985, 107.3168, 1455.892, 368.9127, 1534.409, 1882.553
277.3, 23.64311, 1.095913, 171.1745, 0.1547532, 76.65803, 137.6035, 101.8161, 1439.787, 350.4753, 2225.709, 2075.679
277.4, 22.34446, 1.041314, 161.2278, 0.1455133, 73.24692, 129.6912, 281.7003, 1406.61, 332.9594, 2497.492, 1967.291
277.5, 21.11715, 0.9894363, 151.859, 0.1368252, 69.98759, 122.2339, 267.2614, 1416.777, 316.3189, 2450.747, 2062.227
277.6, 19.95725, 0.9401428, 143.0346, 0.1286558, 66.87331, 115.2054, 256.7728, 1342.132, 300.51, 2423.976, 1954.541
277.7, 18.86106, 0.893305, 134.7231, 0.1209741, 63.89759, 108.581, 243.6116, 1427.59, 285.4913, 2321.376, 1932.018
277.8, 17.82508, 0.8488007, 126.8944, 0.1137511, 61.0543, 102.3375, 231.1249, 1352.375, 376.6091, 2169.879, 2059.898
277.9, 16.846, 0.8065136, 119.5207, 0.1069594, 58.33752, 96.45306, 219.2782, 1281.123, 357.7871, 2071.689, 2026.422
278, 15.9207, 0.7663332, 112.5755, 0.1005732, 55.74163, 90.90696, 208.0388, 1320.761, 411.9681, 2121.543, 1967.463
278.1, 15.04622, 0.7281547, 106.0339, 0.09456827, 53.26126, 85.67976, 217.724, 1278.424, 391.379, 2149.084, 1864.725
278.2, 14.21978, 0.6918781, 99.87236, 0.08892189, 50.89125, 80.75313, 206.5642, 1274.185, 478.666, 2008.831, 1930.994
278.3, 13.43873, 0.6574089, 94.06889, 0.08361264, 48.62671, 76.10978, 195.9765, 1356.413, 476.446, 1947.13, 1870.552
278.4, 12.70058, 0.6246569, 122.8368, 0.07862038, 46.46293, 71.73343, 185.9314, 1284.948, 568.2037, 1922.21, 1945.971
278.5, 12.00298, 0.5935366, 115.6989, 0.0739262, 44.39544, 67.60872, 218.855, 1217.248, 539.8063, 1968.251, 1884.57
278.6, 11.34369, 86.71127, 108.9758, 0.0695123, 42.41994, 97.45385, 373.5404, 1270.54, 638.7177, 2881.989, 2069.608
278.7, 10.72061, 82.39133, 102.6433, 0.06536193, 40.53235, 178.5939, 354.394, 1258.151, 632.6078, 3001.939, 2007.684
278.8, 10.13176, 78.28661, 96.67883, 303.4981, 38.72875, 345.1285, 336.229, 1191.863, 600.9916, 3103.33, 1995.197
278.9, 9.575255, 74.38639, 91.06092, 428.6396, 37.00541, 325.2834, 318.9951, 1129.068, 677.8714, 2972.407, 1991.156
279, 9.049315, 70.68047, 85.76947, 447.5049, 35.35875, 306.5795, 302.6446, 1251.703, 643.993, 2836.978, 1887.182
279.1, 8.552264, 67.91331, 80.7855, 463.0117, 33.78537, 288.951, 293.7955, 1337.051, 611.8078, 2759.354, 1887.276
279.2, 8.082514, 109.32, 76.09114, 435.3667, 32.282, 272.3362, 278.7366, 1423.438, 635.7249, 2579.274, 1856.501
279.3, 7.638566, 103.8737, 71.66956, 409.3723, 30.84552, 256.6767, 264.4496, 1348.442, 766.756, 2531.623, 1759.558
279.4, 7.219002, 98.69874, 70.11896, 384.9299, 171.3008, 241.9176, 250.8948, 1315.499, 804.29, 2366.405, 1733.831
279.5, 6.822484, 93.78159, 66.04442, 361.9469, 163.6783, 228.0072, 238.0348, 1246.19, 854.9519, 2476.577, 1643.294
279.6, 52.20702, 89.10941, 147.3909, 340.3362, 156.395, 214.8967, 225.834, 1180.532, 812.2234, 2314.951, 1713.472
279.7, 84.80502, 84.66999, 326.8328, 330.9449, 149.4358, 202.54, 214.2585, 1311.984, 771.6305, 2278.186, 1660.409
279.8, 80.14693, 80.45174, 442.0592, 311.1852, 142.7862, 190.8938, 203.2764, 1362.221, 733.0662, 2222.319, 1573.705
279.9, 148.75, 76.44365, 416.3716, 292.6053, 162.9371, 179.9173, 192.8572, 1290.45, 832.1594, 2077.286, 1633.037
280, 140.5797, 72.63524, 402.3983, 275.1347, 155.6868, 169.572, 182.972, 1222.461, 790.57, 1941.719, 1647.606
280.1, 132.858, 69.01656, 379.0154, 319.2211, 148.7591, 159.8215, 173.5935, 1268.629, 874.0231, 1981.472, 1561.57
280.2, 125.5605, 65.57817, 356.9912, 300.1614, 142.1396, 150.6317, 164.6957, 1201.789, 830.3415, 1883.888, 1480.028
280.3, 118.6639, 62.31108, 397.8404, 321.0255, 506.2252, 141.9703, 156.254, 1138.471, 788.843, 1799.011, 1402.743
280.4, 112.146, 59.20675, 374.7224, 311.4761, 536.8478, 133.8069, 166.8501, 1078.489, 749.4185, 1758.722, 1329.494
280.5, 105.9862, 56.25708, 352.9476, 292.8788, 512.9594, 126.1129, 158.2979, 1021.667, 711.9644, 1826.668, 1260.07
280.6, 100.1647, 53.45436, 332.4382, 275.3919, 490.1338, 118.8614, 189.7758, 967.8383, 676.3821, 1959.583, 1194.272
280.7, 94.66293, 50.79128, 313.1206, 258.9491, 468.324, 124.6768, 633.8582, 916.8461, 642.5781, 2551.257, 1662.222
280.8, 90.54955, 48.26086, 294.9255, 243.488, 447.4846, 244.2734, 1359.964, 918.8862, 610.4636, 2725.549, 1575.423
280.9, 94.4934, 45.85652, 312.5475, 228.9501, 427.5726, 236.2986, 2111.259, 870.4731, 579.9541, 2657.045, 1493.157
281, 101.6452, 43.57195, 314.3455, 215.2802, 408.5466, 222.7113, 2058.274, 970.331, 550.9694, 2743.727, 1415.187
281.1, 96.06217, 41.40121, 323.0755, 202.4265, 467.0116, 226.3693, 2025.06, 931.7659, 523.4332, 2564.666, 1341.289
281.2, 118.413, 39.33861, 307.9139, 190.3402, 446.2307, 265.504, 1921.262, 882.6742, 497.2733, 2397.291, 1271.249
281.3, 194.3874, 37.37877, 311.5177, 293.1233, 472.8681, 250.2374, 1822.785, 894.3237, 472.4207, 2425.925, 1204.866
281.4, 191.2266, 35.51656, 293.4157, 275.6218, 451.8265, 270.8675, 1729.356, 847.2048, 554.3525, 2267.605, 1141.95
281.5, 180.7231, 33.74713, 385.8386, 298.1029, 431.7213, 255.2925, 1786.259, 802.5684, 629.5649, 2234.301, 1082.319
281.6, 170.7965, 32.06586, 363.4179, 339.3278, 412.5107, 240.613, 1694.702, 760.2837, 686.3387, 2224.427, 1025.803
281.7, 161.4152, 30.46834, 363.0099, 319.0676, 394.1549, 226.7777, 1675.005, 1007.165, 794.2961, 2079.257, 972.2369
281.8, 152.5491, 28.95041, 341.9157, 302.4044, 376.6159, 213.7378, 1594.535, 1380.488, 754.5991, 2046.844, 921.4684
281.9, 161.6326, 27.50811, 322.0474, 284.3488, 359.8573, 201.4478, 1512.804, 1501.001, 840.7498, 2011.037, 873.3508
282, 172.0648, 26.13766, 330.9556, 267.3712, 343.8445, 189.8644, 1435.263, 1491.554, 858.6481, 1879.793, 827.7459
282.1, 175.455, 24.83549, 311.7241, 251.4073, 328.5442, 178.9471, 1361.697, 1436.041, 868.8012, 1841.711, 784.5224
282.2, 165.8178, 23.59819, 293.6101, 236.3965, 313.9247, 168.6576, 1375.656, 1360.381, 851.3355, 1752.518, 743.556
282.3, 163.8261, 22.42253, 276.5488, 222.282, 299.9558, 158.9597, 1305.145, 1288.707, 808.7878, 1781.836, 704.7287
282.4, 154.8276, 21.30544, 260.4788, 209.0102, 286.6084, 149.8194, 1256.824, 1248.588, 768.3665, 1788.627, 667.929
282.5, 146.3234, 20.24401, 245.3427, 196.5309, 293.1229, 141.2047, 1192.404, 1182.804, 768.0728, 2052.661, 633.0508
282.6, 138.2863, 19.23546, 231.0861, 184.7966, 280.0796, 133.0854, 1221.664, 1232.518, 753.1936, 1918.701, 599.994
282.7, 179.3857, 18.27715, 217.6579, 173.763, 274.8409, 125.4329, 1159.045, 1167.58, 715.5508, 1793.483, 568.6633
282.8, 176.749, 17.36659, 205.01, 163.3881, 300.8433, 118.2204, 1176.317, 1124.057, 679.7892, 1676.437, 538.9687
282.9, 167.0407, 16.50139, 193.0971, 153.6327, 287.4565, 128.3293, 1116.023, 1226.543, 682.5193, 1567.029, 510.8246
283, 157.8656, 15.67929, 181.8764, 230.9485, 274.6653, 274.4563, 1082.657, 1161.921, 659.9473, 1464.762, 484.1502
283.1, 200.7407, 14.89815, 171.3078, 224.8702, 308.6496, 294.7134, 1027.163, 1100.703, 709.4927, 1369.169, 458.8687
283.2, 227.0052, 14.15593, 167.7701, 211.4439, 294.9154, 277.7672, 974.5146, 1093.013, 789.1868, 1279.814, 434.9073
283.3, 214.5365, 13.45068, 158.0211, 198.8192, 281.7923, 261.7955, 930.521, 1102.143, 749.7451, 1196.291, 412.1972
283.4, 202.7526, 12.78057, 148.8387, 258.3875, 269.2532, 248.9542, 952.2136, 1091.359, 871.7949, 1118.219, 390.673
283.5, 191.616, 12.14385, 140.1898, 242.96, 289.0554, 234.6392, 903.4064, 1033.859, 828.2247, 1045.242, 370.2727
283.6, 181.0911, 11.53884, 132.0436, 228.4536, 276.1931, 282.0036, 857.101, 1043.832, 786.832, 977.0273, 350.9377
283.7, 182.4801, 10.96398, 137.3229, 220.5171, 336.9885, 265.7882, 856.0692, 988.8358, 747.5081, 913.2647, 332.6123
283.8, 172.457, 10.41775, 129.3432, 243.3254, 321.9933, 250.5053, 812.1901, 936.7372, 710.1494, 853.6633, 315.2438
283.9, 162.9845, 9.898744, 145.7948, 325.9626, 307.6653, 236.1011, 770.5601, 887.3837, 674.6578, 797.9517, 298.7823
284, 154.0322, 9.40559, 137.3228, 306.5004, 356.6315, 222.5251, 731.0638, 840.6304, 640.9401, 745.8758, 283.1804
284.1, 145.5717, 8.937005, 129.3431, 288.2002, 428.1464, 386.4295, 716.4873, 841.1122, 608.9074, 697.1985, 268.3932
284.2, 137.5759, 8.491765, 124.8216, 328.6817, 423.1407, 364.2096, 679.7627, 981.764, 578.4757, 651.6981, 254.3782
284.3, 130.0193, 8.068707, 117.5683, 427.2437, 404.312, 430.7817, 693.4374, 930.0381, 549.5649, 609.167, 241.095
284.4, 122.8777, 7.666725, 110.7365, 401.7343, 386.321, 506.7254, 657.8942, 881.0375, 522.0989, 569.4116, 228.5054
284.5, 116.1284, 7.28477, 104.3018, 377.7479, 545.9543, 483.4984, 624.1729, 834.6185, 496.0057, 532.2507, 216.5732
284.6, 109.7498, 6.921844, 98.2409, 417.4353, 891.7591, 623.1049, 592.18, 790.6453, 471.2165, 497.515, 205.2641
284.7, 152.297, 6.576999, 92.53223, 409.055, 884.9251, 587.2761, 609.0051, 748.9888, 447.6662, 465.0463, 194.5456
284.8, 154.927, 6.249334, 87.15528, 384.6316, 877.9244, 662.922, 577.7896, 709.527, 425.2929, 434.6965, 184.3867
284.9, 146.4173, 5.937993, 82.09078, 591.8765, 990.2421, 668.236, 634.0868, 672.1444, 404.0378, 406.3274, 174.7584
285, 257.6765, 5.642163, 77.32057, 556.5374, 946.1786, 642.2456, 601.5858, 636.7313, 383.845, 379.8097, 165.6328
285.1, 514.1907, 5.361072, 72.82755, 523.3082, 904.0758, 738.2726, 570.7506, 603.1841, 364.6613, 355.0226, 156.9837
285.2, 574.4212, 5.093984, 68.59562, 492.0631, 1033.857, 695.8215, 541.496, 571.4043, 346.4364, 331.8531, 148.7863
285.3, 542.87, 4.840203, 64.6096, 484.1977, 1089.746, 656.4791, 513.7408, 541.2989, 329.1224, 310.1957, 141.0169
285.4, 513.0518, 4.599065, 60.85521, 499.7985, 1132.93, 633.4926, 487.4082, 512.7797, 467.0725, 289.9518, 133.6533
285.5, 490.9185, 4.36994, 57.31898, 469.9571, 1134.821, 733.5766, 462.4254, 485.763, 443.7293, 271.029, 126.6741
285.6, 463.9539, 4.152231, 53.98823, 441.8974, 1084.324, 760.4316, 484.7067, 460.1698, 421.5528, 253.3411, 120.0594
285.7, 602.7375, 3.945367, 50.85103, 415.5131, 1050.444, 751.7711, 459.8624, 435.925, 400.4846, 236.8076, 113.7901
285.8, 649.9427, 3.74881, 47.89613, 443.4449, 1188.477, 841.4925, 436.2914, 412.9575, 428.6271, 221.3531, 107.8482
285.9, 684.8166, 3.562045, 45.11294, 442.1387, 1135.592, 793.1062, 413.9287, 391.2002, 407.2054, 206.9072, 102.2165
286, 647.2017, 3.384584, 42.49148, 415.74, 1085.061, 990.771, 392.7122, 370.5891, 487.6078, 193.404, 96.87896
286.1, 624.0054, 3.215965, 40.02234, 426.508, 1162.917, 1145.518, 372.5831, 351.064, 463.2383, 180.7821, 91.82011
286.2, 589.7307, 3.055746, 37.69669, 443.7145, 1111.169, 1515.638, 353.4858, 332.5676, 440.0867, 168.9839, 87.02541
286.3, 557.3385, 2.90351, 35.50617, 417.2217, 1061.725, 1802.483, 400.5812, 315.0457, 418.0923, 157.9557, 82.48109
286.4, 526.7256, 2.758857, 33.44295, 392.3107, 1014.481, 1826.708, 380.0488, 298.447, 397.197, 147.6472, 78.17407
286.5, 533.141, 2.621412, 31.49961, 368.887, 969.3384, 1828.084, 479.4609, 282.7228, 377.3461, 1384.333, 74.09196
286.6, 503.8571, 2.490813, 29.6692, 346.8619, 926.2051, 1752.233, 497.9196, 267.8271, 358.4872, 1889.332, 70.223
286.7, 476.1818, 2.366721, 27.94516, 326.1519, 896.3416, 1760.412, 554.291, 253.7162, 340.5709, 2372.806, 575.6542
286.8, 475.3419, 2.248812, 26.3213, 306.6783, 856.4564, 1702.25, 525.8799, 240.3487, 323.55, 2497.742, 736.6431
286.9, 449.2328, 2.136776, 24.79179, 290.1075, 818.3461, 1604.37, 573.028, 227.6855, 395.9468, 2493.542, 793.8609
287, 424.5578, 2.030322, 23.35117, 349.7704, 781.9315, 1541.812, 543.6566, 215.6895, 395.1315, 2420.004, 832.0863
287.1, 401.2381, 1.929172, 21.99426, 328.8866, 747.1373, 1453.157, 515.7906, 204.3256, 375.3838, 2307.811, 788.6362
287.2, 379.1993, 1.833061, 20.7162, 309.2498, 713.8914, 1369.6, 489.353, 193.5603, 403.8498, 2247.281, 747.4549
287.3, 358.371, 1.741738, 19.5124, 449.8105, 682.1249, 1290.847, 464.2705, 183.3623, 383.6664, 2211.551, 708.4241
287.4, 338.6868, 1.654965, 18.37856, 422.9537, 651.7719, 1328.949, 440.4736, 173.7015, 364.4916, 2157.833, 727.9561
287.5, 320.0837, 1.572515, 17.3106, 406.7526, 791.887, 1252.534, 417.8965, 164.5497, 346.2752, 2073.421, 808.6724
287.6, 302.5025, 1.494173, 16.3047, 446.9915, 756.6498, 1214.674, 431.4334, 155.8802, 328.9692, 1938.105, 766.4448
287.7, 285.887, 1.419733, 15.35725, 427.6075, 722.9806, 1205.744, 474.9642, 147.6673, 312.5281, 1896.576, 726.4224
287.8, 270.1841, 1.349002, 14.46486, 402.0763, 690.8096, 1136.413, 450.6192, 139.8872, 428.8549, 1869.251, 688.4898
287.9, 255.3437, 1.281795, 13.62432, 378.0696, 693.3393, 1071.069, 427.522, 132.517, 407.4217, 1747.26, 652.538
288, 241.3184, 1.217936, 12.83262, 355.4962, 662.4872, 1009.482, 451.0455, 125.5352, 387.0598, 1743.677, 618.4636
288.1, 228.0635, 1.157259, 12.08693, 334.2706, 633.0081, 951.4363, 427.9265, 118.9211, 367.7154, 1725.757, 586.1685
288.2, 215.5367, 1.099604, 11.38457, 331.9106, 604.8406, 941.3199, 475.9503, 112.6556, 349.3379, 1655.239, 555.5598
288.3, 203.6979, 1.044822, 10.72303, 352.0156, 577.9266, 890.4908, 535.6741, 106.7201, 331.8788, 1729.962, 641.6442
288.4, 192.5094, 0.9927695, 10.09993, 330.9978, 552.2101, 839.2871, 508.2173, 101.0974, 315.2923, 1965.782, 917.9833
288.5, 181.9354, 0.9433099, 9.513029, 314.2625, 527.6381, 807.4913, 515.2638, 95.7709, 299.5348, 1955.43, 870.0477
288.6, 171.9423, 0.8963144, 8.960238, 295.4988, 523.0292, 761.0601, 518.2283, 90.72505, 284.5647, 1827.815, 824.6153
288.7, 162.498, 0.8516601, 8.439568, 277.8555, 602.1542, 717.2988, 491.6658, 85.94505, 270.3429, 1708.529, 781.5553
288.8, 153.5725, 0.8092306, 7.949153, 261.2656, 575.3597, 684.5905, 466.4647, 81.41689, 256.8318, 1597.027, 904.5465
288.9, 145.1372, 0.7689148, 7.487236, 245.6662, 549.7576, 674.2767, 442.5554, 77.1273, 243.996, 1657.65, 857.3126
289, 137.1652, 0.7306076, 7.052161, 230.9983, 525.2946, 635.5054, 460.8929, 73.06371, 231.8016, 1549.469, 812.5452
289.1, 129.6312, 0.6942089, 6.642368, 217.2061, 552.6829, 598.9635, 437.2692, 350.5362, 220.2167, 1642.439, 907.7819
289.2, 122.5109, 0.6596235, 6.256387, 204.2374, 528.0898, 564.5228, 418.4208, 560.3723, 209.2108, 1535.25, 1192.233
289.3, 115.7818, 0.6267612, 5.892835, 192.043, 504.591, 532.0624, 396.974, 640.1408, 198.755, 1738.696, 1263.228
289.4, 118.1632, 0.5955361, 5.550408, 180.5767, 510.1896, 554.3877, 376.6265, 606.4139, 350.6095, 1656.417, 1197.264
289.5, 111.6729, 0.5658665, 5.22788, 169.795, 487.4873, 600.8192, 357.322, 574.4639, 333.0869, 1690.327, 1134.745
289.6, 105.539, 0.5376751, 4.924094, 226.5893, 495.1411, 570.0896, 339.0069, 544.1973, 316.44, 1580.013, 1075.491
289.7, 99.74207, 0.5108883, 4.63796, 217.2311, 473.1084, 537.3091, 385.3994, 580.5603, 495.2542, 1476.899, 1019.33
289.8, 94.26353, 0.4854359, 4.368453, 204.2609, 568.2552, 550.9414, 365.6452, 549.9725, 470.5026, 1380.514, 1153.786
289.9, 89.08592, 0.4612516, 4.114607, 192.0651, 542.9692, 519.262, 346.9035, 520.9962, 489.3775, 1634.743, 1093.537
290, 84.1927, 0.4382721, 3.875511, 287.9997, 518.8083, 542.1481, 329.1225, 529.0518, 509.5185, 1528.057, 1036.435
290.1, 79.56825, 0.4164374, 3.65031, 270.8041, 495.7225, 652.9591, 312.2528, 501.1778, 484.054, 1428.333, 982.3139
290.2, 75.19781, 0.3956906, 3.438194, 301.225, 493.4862, 615.4136, 296.2478, 474.7724, 459.8621, 1335.117, 1009.629
290.3, 71.06742, 0.3759774, 3.238404, 294.5263, 471.5272, 630.4866, 281.0632, 449.7582, 512.3659, 1247.985, 956.9077
290.4, 67.1639, 0.3572462, 3.050224, 277.0445, 515.4073, 651.2618, 266.6569, 426.0619, 486.7591, 1166.539, 941.0084
290.5, 63.47479, 0.3394483, 2.872979, 260.503, 492.4729, 613.8139, 252.989, 403.6141, 462.432, 1090.408, 984.6978
290.6, 59.98831, 0.322537, 2.706033, 244.9492, 520.0798, 578.5193, 240.0217, 471.7898, 439.3208, 1019.246, 933.2785
290.7, 56.69333, 0.3064683, 2.548789, 230.324, 496.9375, 545.2541, 255.1575, 446.9327, 417.3646, 952.7284, 884.5443
290.8, 53.57934, 0.2912001, 2.400681, 216.5721, 489.8864, 513.9017, 242.079, 423.3853, 396.5057, 890.5515, 838.3549
290.9, 50.63639, 0.2766926, 2.26118, 203.6412, 468.0876, 539.3091, 229.6709, 401.0786, 376.6893, 1051.035, 794.5774
291, 47.85508, 0.2629078, 2.129785, 191.4824, 447.2588, 672.8228, 251.0576, 379.9471, 357.8633, 1013.675, 855.183
291.1, 45.22655, 0.2498098, 2.006026, 610.6475, 427.3568, 634.1351, 243.0615, 359.9289, 339.9781, 1960.941, 961.9991
291.2, 42.74239, 0.2373643, 1.889458, 1488.99, 408.3404, 597.6719, 287.6101, 340.9654, 486.5493, 2209.85, 911.7652
291.3, 40.39468, 0.2255389, 1.779663, 1599.728, 390.1701, 699.8309, 272.8683, 323.0011, 580.6525, 2144.435, 1023.518
291.4, 38.17592, 0.2143026, 1.676249, 1677.567, 372.8084, 659.5903, 258.882, 305.9832, 551.6329, 2154.356, 970.0715
291.5, 36.07903, 0.203626, 1.578844, 1821.622, 356.2193, 704.4225, 247.7678, 289.862, 825.7352, 2207.613, 1009.118
291.6, 34.09732, 0.1934814, 1.487099, 2328.522, 340.3683, 1153.653, 235.0681, 274.5901, 849.4935, 2063.54, 1058.967
291.7, 32.22446, 0.1838422, 1.400685, 2265.767, 331.927, 1654.819, 311.2964, 260.1229, 807.0379, 1928.869, 1045.45
291.8, 30.45446, 0.1746832, 1.319293, 2409.384, 317.157, 1624.68, 352.8595, 246.4178, 766.7041, 1874.038, 1040.635
291.9, 28.78169, 0.1659805, 1.24263, 2265.527, 303.0443, 1551.818, 422.5609, 233.4349, 728.386, 1931.761, 1062.806
292, 27.2008, 0.1577114, 1.170423, 2309.857, 298.989, 1503.984, 505.9424, 221.136, 691.983, 1805.69, 1007.308
292.1, 25.70674, 0.1498543, 1.102411, 2171.942, 317.3662, 1684.867, 480.0096, 209.4851, 657.3994, 1779.234, 954.7081
292.2, 24.29475, 0.1423885, 1.038351, 2146.736, 303.2441, 1588.875, 581.4089, 198.448, 624.5441, 1663.118, 904.8548
292.3, 22.96031, 0.1352948, 0.9780133, 2143.222, 289.7505, 1497.514, 551.608, 187.9924, 736.8257, 1554.579, 857.6048
292.4, 21.69917, 0.1285544, 0.921182, 2015.256, 276.8572, 1411.406, 523.3345, 253.7284, 805.0414, 1453.125, 956.2812
292.5, 20.5073, 0.1221498, 0.8676531, 1964.186, 279.9318, 1370.789, 548.469, 249.9978, 863.0148, 1449.45, 906.3458
292.6, 19.3809, 0.1160644, 0.8172347, 1846.91, 267.4754, 1291.968, 520.3564, 301.3503, 819.8834, 1576.797, 859.0179
292.7, 18.31636, 0.1102821, 0.7697461, 1833.302, 255.5734, 1217.679, 727.4394, 285.4731, 1049.728, 1912.035, 971.5292
292.8, 17.3103, 0.1047878, 0.725017, 1751.84, 244.2009, 1260.696, 715.1871, 287.9943, 997.2648, 2965.397, 1072.893
292.9, 16.3595, 0.09956732, 0.682887, 1671.38, 233.3345, 1188.206, 709.0771, 272.8208, 947.4239, 3103.069, 1319.732
293, 15.46092, 0.09460689, 0.6432052, 1571.587, 222.9517, 1119.883, 672.7323, 289.7342, 900.0739, 3076.148, 1668.486
293.1, 14.6117, 0.08989359, 0.6058292, 1477.752, 213.0309, 1055.489, 638.2504, 290.1216, 855.0904, 3210.362, 1821.936
293.2, 13.80912, 0.08541511, 0.5706251, 1545.177, 203.5515, 1027.063, 605.5359, 274.8361, 812.355, 3000.848, 1726.797
293.3, 13.05063, 0.08115974, 0.5374666, 1452.92, 194.4939, 1017.771, 574.4983, 291.9164, 771.7555, 2922.459, 1770.182
293.4, 12.3338, 0.07711638, 0.5062351, 1412.48, 185.8394, 1179.155, 607.8731, 276.5363, 733.185, 2896.781, 1677.746
293.5, 11.65634, 0.07327446, 0.4768183, 1409.417, 177.5699, 1258.007, 576.7157, 372.4533, 696.5422, 2819.539, 1590.137
293.6, 11.01609, 0.06962393, 0.4491109, 1418.608, 242.0462, 1242.873, 547.1553, 783.7737, 661.7307, 2635.531, 1507.103
293.7, 10.41101, 0.06615528, 0.4230135, 1357.481, 231.2757, 1171.407, 519.11, 1072.709, 833.0892, 2723.372, 1428.405
293.8, 9.839165, 0.06285943, 0.3984327, 1276.43, 220.9845, 1119.323, 492.5023, 1061.846, 791.4534, 2661.018, 1476.121
293.9, 9.298729, 0.05972778, 0.3752802, 1229.266, 245.3575, 1146.136, 482.3727, 1005.901, 751.8985, 2487.354, 1493.84
294, 8.787978, 0.05675216, 0.353473, 1155.87, 234.4397, 1095.923, 457.6479, 1096.413, 804.8607, 2448.895, 1464.981
294.1, 8.305281, 0.05392477, 0.3329331, 1181.263, 224.0077, 1108.836, 434.1905, 1038.646, 855.5402, 2289.075, 1388.482
294.2, 7.849097, 0.05123825, 0.3135867, 1110.733, 214.0398, 1198.429, 492.9893, 1001.627, 926.6169, 2139.686, 1408.117
294.3, 7.41797, 0.04868557, 0.2953645, 1044.415, 204.5155, 1129.519, 529.8802, 1029.804, 993.1221, 2091.182, 1334.587
294.4, 7.010523, 0.04626006, 0.2782012, 1106.899, 195.4151, 1064.571, 502.7204, 1125.531, 943.4882, 2058.46, 1430.599
294.5, 9.342437, 0.04395539, 0.2620353, 1040.809, 186.7195, 1003.357, 476.9527, 1066.231, 962.6202, 2086.398, 1355.896
294.6, 8.829285, 0.04176554, 0.2468087, 996.7386, 178.4109, 961.3212, 496.5515, 1010.055, 914.5108, 1950.236, 1285.093
294.7, 8.344318, 0.03968479, 0.2324669, 1009.822, 170.472, 906.0447, 471.1001, 956.8383, 868.8057, 1822.959, 1217.988
294.8, 7.88599, 0.0377077, 0.2189585, 961.7755, 162.8864, 987.4481, 446.9531, 906.4256, 825.3849, 1900.708, 1314.062
294.9, 33.11556, 0.03582911, 0.206235, 904.3508, 155.6384, 954.6918, 424.0439, 858.669, 904.0065, 1856.247, 1245.444
295, 54.16066, 0.03404411, 0.1942509, 850.3547, 148.7128, 899.7965, 402.3089, 813.4286, 1008.192, 1735.105, 1323.218
295.1, 51.18578, 0.03234804, 0.1829632, 831.8861, 142.0954, 1044.268, 381.688, 770.5717, 991.3843, 2019.78, 1254.122
295.2, 48.3743, 0.03073647, 0.1723314, 782.2167, 135.7725, 984.2223, 362.124, 729.9728, 1115.952, 2234.806, 1417.798
295.3, 45.71724, 0.02920518, 0.1623174, 787.5969, 129.7309, 1036.145, 343.5628, 691.513, 1060.179, 2295.059, 1434.552
295.4, 43.20613, 0.02775018, 0.1528853, 740.572, 123.9582, 1053.648, 495.5608, 809.8279, 1007.194, 3099.978, 1620.802
295.5, 40.83295, 0.02636767, 0.1440013, 748.1899, 118.4423, 993.0631, 470.1601, 767.1607, 1025.738, 3132.357, 1562.217
295.6, 38.59011, 0.02505404, 0.1356336, 703.5178, 113.1719, 935.9614, 534.5453, 726.7415, 974.4742, 3045.344, 1570.855
295.7, 36.47047, 0.02380585, 0.1277521, 661.5129, 108.136, 882.1431, 507.1464, 688.4519, 1116.371, 3087.224, 1827.92
295.8, 34.46726, 0.02261985, 0.1203285, 819.7248, 103.3242, 842.5657, 694.2089, 652.1796, 1130.752, 2951.759, 1920.713
295.9, 32.57408, 0.02149293, 359.8175, 770.7816, 98.72652, 794.1177, 658.6262, 617.8184, 1074.24, 4064.217, 1998.49
296, 30.78488, 0.02042216, 1067.737, 828.0957, 94.33342, 748.4555, 738.7543, 585.2676, 1020.552, 3913.783, 2238.859
296.1, 29.09396, 0.01940473, 1465.581, 778.6526, 90.1358, 705.4189, 701.269, 554.4318, 969.5471, 4153.742, 2334.979
296.2, 27.49592, 0.01843799, 1429.59, 732.1617, 86.12495, 707.6089, 665.3244, 952.0762, 921.0914, 4151.59, 3003.299
296.3, 25.98565, 0.01751941, 1440.651, 688.4465, 82.29259, 671.0316, 716.2219, 1011.787, 875.0575, 4008.055, 3143.446
296.4, 24.55834, 0.0166466, 1517.864, 652.0152, 78.63075, 632.447, 679.5109, 958.4795, 831.3242, 3930.987, 3037.351
296.5, 23.20942, 0.01581727, 1429.662, 613.0854, 75.13187, 596.0809, 644.6816, 1016.972, 789.7766, 4021.105, 2909.807
296.6, 62.38623, 0.01502925, 1354.008, 576.4799, 71.78867, 561.806, 611.6375, 976.141, 883.0219, 3803.165, 2957.616
296.7, 58.95954, 0.0142805, 1330.469, 542.0601, 68.59423, 529.5018, 580.287, 1067.117, 838.8906, 3757.12, 2843.372
296.8, 55.72107, 0.01356905, 1323.274, 644.7119, 65.54195, 499.0552, 550.5436, 1010.894, 825.7314, 3583.93, 2805.647
296.9, 52.66048, 0.01289304, 1265.188, 1145.126, 62.62548, 470.3592, 522.3246, 957.6337, 844.8198, 3514.322, 2776.273
297, 49.768, 0.01225071, 1264.694, 1712.365, 59.83879, 478.6556, 495.5521, 907.1792, 802.5977, 3354.513, 2754.484
297.1, 47.03439, 0.01164038, 1225.275, 1837.629, 57.1761, 529.0817, 470.1519, 859.3829, 875.0493, 3234.097, 2648.866
297.2, 44.45093, 0.01106046, 1154.076, 1794.454, 54.63189, 541.9377, 446.0535, 814.1049, 831.3165, 3288.559, 2549.874
297.3, 42.00938, 0.01050943, 1087.014, 1735.428, 52.2009, 510.776, 423.1904, 771.2124, 789.7693, 3140.97, 2635.674
297.4, 39.70193, 0.009985852, 1166.805, 1631.811, 49.87807, 481.4061, 401.4991, 730.5798, 750.2985, 2935.984, 2556.393
297.5, 37.52122, 0.009488359, 1099.003, 1534.38, 47.65862, 453.7249, 380.9197, 692.088, 712.8004, 2889.901, 2422.902
297.6, 35.46029, 0.00901565, 1035.141, 1573.337, 45.53791, 427.6355, 361.3951, 1061.5, 677.1763, 2876.677, 2465.651
297.7, 33.51257, 0.008566492, 974.9902, 1479.398, 43.51158, 403.0463, 342.8713, 1755.989, 643.3327, 2688.939, 2384.11
297.8, 31.67182, 0.008139711, 918.3345, 1421.979, 41.57542, 379.8709, 325.2969, 2180.358, 770.3267, 2622.678, 2259.616
297.9, 29.93218, 96.72178, 864.9711, 1337.077, 39.72541, 358.0281, 308.6233, 2065.482, 731.8276, 2685.821, 2276.817
298, 28.2881, 520.1075, 857.9609, 1295.963, 37.95772, 337.4413, 292.8044, 2203.971, 885.449, 2562.762, 2157.926
298.1, 26.73432, 686.3647, 808.1058, 1218.585, 36.26868, 368.3128, 277.7963, 2124.156, 841.1964, 2395.511, 2200.368
298.2, 25.26588, 784.037, 815.0966, 1275.12, 34.65481, 347.1346, 327.9726, 2012.241, 1168.54, 2486.215, 2085.469
298.3, 23.87811, 744.9764, 818.7328, 1198.986, 33.11275, 327.1742, 317.5737, 1970.452, 1295.302, 2515.802, 2232.253
298.4, 22.56655, 707.8618, 787.0701, 1127.398, 31.63931, 308.3615, 301.296, 1992.288, 1230.566, 2442.703, 2193.421
298.5, 21.32704, 672.5962, 757.3402, 1125.988, 30.23143, 290.6305, 285.8526, 1894.229, 1169.065, 2323.093, 2274.883
298.6, 20.15561, 639.0876, 732.2621, 1058.759, 28.8862, 273.9191, 271.2008, 2466.988, 1110.638, 2414.163, 2534.114
298.7, 19.04852, 607.2484, 689.7112, 1027.061, 27.60083, 258.1686, 257.3, 2449.121, 1055.131, 2365.525, 2679.234
298.8, 18.00224, 576.9954, 731.7103, 965.7386, 26.37266, 243.3238, 244.1118, 2410.312, 1002.398, 2431.329, 2634.456
298.9, 17.01344, 548.2496, 716.0983, 908.0773, 25.19913, 229.3325, 231.5994, 2283.321, 952.3006, 2272.656, 2496.889
299, 16.07894, 520.9359, 674.4866, 853.8588, 24.07783, 216.1458, 219.7285, 2163.021, 904.7069, 2203.193, 2366.506
299.1, 15.19577, 494.9829, 635.293, 844.4807, 23.00642, 203.7173, 208.466, 2134.187, 859.4918, 2059.408, 2293.207
299.2, 14.36111, 470.3229, 619.9684, 849.3121, 21.98269, 192.0034, 197.7807, 2034.349, 1003.072, 1925.008, 2216.338
299.3, 13.5723, 446.8915, 700.364, 798.6022, 21.00451, 180.9631, 187.6432, 2027.303, 1164.027, 1799.378, 2217.439
299.4, 12.82682, 424.6275, 659.6666, 750.9202, 20.06986, 170.5577, 178.0253, 2092.562, 1105.852, 1855.115, 2172.636
299.5, 12.12228, 403.4726, 621.334, 706.085, 19.17679, 160.7505, 168.9003, 2000.693, 1050.584, 1781.953, 2059.185
299.6, 11.45644, 383.3717, 600.2155, 663.9269, 18.32347, 151.5073, 160.2431, 1918.044, 998.0784, 1738.507, 2143.593
299.7, 10.82717, 364.2722, 565.3376, 624.2858, 17.50812, 142.7955, 152.0296, 1999.86, 1202.676, 1625.049, 2031.658
299.8, 10.23247, 346.1242, 561.4074, 587.0117, 16.72905, 134.5847, 144.2371, 1894.494, 1142.569, 1687.866, 1998.762
299.9, 9.670427, 328.8803, 623.6302, 553.5458, 15.98464, 126.846, 136.844, 1794.679, 1228.706, 1577.713, 1958.488
300, 9.13926, 312.4956, 587.3917, 520.4953, 15.27336, 119.5523, 129.8298, 1700.123, 1167.298, 1474.748, 1925.955
300.1, 8.637268, 296.9271, 553.259, 489.4181, 14.59373, 112.678, 123.1752, 1610.55, 1230.837, 1378.503, 1825.385
300.2, 8.162848, 282.1342, 521.1097, 460.1965, 13.94434, 106.1989, 116.8617, 1648.803, 1199.266, 1288.54, 1913.455
300.3, 7.714488, 268.0784, 565.4211, 432.7195, 13.32385, 100.0924, 110.8718, 1561.933, 1139.33, 1352.374, 2115.044
300.4, 7.290754, 254.7227, 579.313, 406.8832, 12.73097, 94.33706, 105.1889, 1479.64, 1082.389, 1385.587, 2148.472
300.5, 6.890295, 242.0325, 545.6498, 382.5894, 12.16447, 88.91263, 99.79726, 1401.682, 1028.294, 1451.437, 2036.283
300.6, 6.511831, 229.9745, 513.9427, 359.7462, 11.62318, 83.8001, 94.682, 1327.832, 1160.286, 1356.713, 2156.606
300.7, 6.154156, 218.5172, 484.078, 338.2669, 11.10597, 78.98155, 89.82893, 1315.86, 1102.297, 1268.172, 2043.992
300.8, 5.816127, 207.6307, 455.9488, 336.1246, 10.61178, 74.44007, 174.3579, 1288.894, 1162.971, 1566.029, 2233.894
300.9, 5.496665, 197.2866, 429.4541, 316.0557, 10.13958, 70.15973, 250.9166, 1331.733, 1104.849, 2744.54, 2728.235
301, 5.194749, 187.4578, 823.9993, 421.9066, 9.688396, 66.1255, 238.0555, 1261.568, 1049.631, 3304.481, 2790.621
301.1, 4.909418, 178.1187, 1143.568, 631.3007, 9.257284, 62.32325, 225.8536, 1870.663, 997.1729, 3088.824, 2905.152
301.2, 4.639758, 169.2448, 1212.07, 1572.173, 8.845356, 58.73963, 214.2771, 1994.873, 1215.971, 2887.241, 2792.612
301.3, 4.38491, 160.8131, 1141.638, 1956.707, 8.451757, 55.36207, 203.294, 1968.106, 1396.508, 2936.233, 2695.984
301.4, 4.14406, 152.8014, 1075.299, 2061.342, 8.075673, 52.17872, 192.8739, 2091.387, 1326.714, 2783.692, 2707.87
301.5, 3.916439, 145.1889, 1096.861, 2061.101, 7.716324, 49.17841, 182.9879, 1981.199, 1382.214, 2633.478, 2710.22
301.6, 3.701321, 137.9556, 1033.124, 1977.61, 7.372965, 46.35063, 173.6086, 1999.437, 1379.278, 2680.619, 2568.697
301.7, 3.498019, 131.0827, 1118.799, 1928.929, 7.044885, 43.68544, 164.71, 1894.093, 1329.317, 2572.323, 2518.974
301.8, 3.305883, 124.5522, 1053.786, 1905.741, 6.731403, 41.1735, 164.8785, 1794.3, 1534.591, 2557.624, 2519.399
301.9, 3.124301, 118.347, 992.5521, 1794.268, 6.431871, 38.806, 156.4274, 1784.875, 1457.896, 2537.274, 2435.338
302, 2.952693, 112.451, 1029.567, 1768.635, 6.145668, 36.57464, 148.4095, 1690.836, 1555.338, 2371.687, 2518.414
302.1, 2.79051, 106.8487, 1018.427, 1663.035, 5.8722, 34.47158, 140.8026, 1601.751, 1955.693, 2216.906, 2386.906
302.2, 2.637236, 101.5255, 959.2471, 1707.109, 5.6109, 32.48944, 133.5855, 1517.36, 1857.952, 2258.435, 2262.266
302.3, 2.49238, 96.46751, 903.5063, 1605.182, 5.361228, 30.62128, 126.7384, 1437.416, 1830.579, 2111.045, 2344.803
302.4, 2.355481, 91.66151, 928.2615, 1639.578, 5.122665, 28.86054, 120.2422, 1401.796, 1828.047, 2070.089, 2371.154
302.5, 2.226102, 93.74705, 874.3212, 1567.241, 4.894718, 27.20104, 114.079, 1363.279, 1799.296, 2134.734, 2247.336
302.6, 2.103829, 146.0496, 852.9558, 1473.666, 4.676914, 25.63697, 108.2317, 1291.453, 1709.371, 2040.761, 2129.984
302.7, 1.988272, 138.7734, 803.3915, 1385.678, 4.468802, 24.16283, 102.6842, 1223.41, 1951.426, 2755.855, 2424.959
302.8, 1.879062, 131.8597, 756.7073, 1302.943, 4.26995, 22.77345, 119.9464, 1286.392, 1853.899, 3026.93, 2386.669
302.9, 1.775851, 125.2905, 900.1077, 1225.148, 4.079947, 21.46397, 138.6618, 1218.617, 1761.245, 3014.387, 2336.858
303, 1.678309, 119.0486, 847.8034, 1151.999, 3.898399, 20.22978, 131.5545, 1154.412, 1838.792, 2927.827, 2419.989
303.1, 1.586124, 113.1176, 798.5385, 1140.865, 3.724929, 19.06655, 124.8115, 1116.014, 1768.538, 2857.743, 2380.782
303.2, 1.499003, 107.4821, 752.1362, 1072.747, 3.559178, 17.97022, 118.4141, 1171.295, 1680.151, 2671.241, 2316.308
303.3, 1.416667, 102.1273, 779.9229, 1008.697, 3.400803, 16.93692, 112.3446, 1152.69, 1754.706, 2625.12, 2195.355
303.4, 1.338854, 97.03938, 812.4526, 948.4706, 3.249475, 15.96304, 106.5862, 1190.352, 1667.01, 2453.8, 2268.96
303.5, 1.265315, 92.2049, 765.2419, 891.8403, 3.104881, 15.04516, 101.123, 1127.636, 1674.305, 2474.951, 2150.479
303.6, 1.195815, 87.61126, 720.7745, 841.7693, 2.96672, 14.18005, 95.93975, 1094.201, 1784.855, 2440.441, 2038.184
303.7, 1.130132, 83.24648, 678.8911, 908.9048, 2.834708, 13.36469, 91.02222, 1036.551, 2010.363, 2281.173, 2075.701
303.8, 1.068058, 79.09916, 639.4414, 854.6369, 2.70857, 12.59621, 86.35674, 981.9384, 1930.943, 2367.043, 1967.312
303.9, 1.009392, 75.15845, 602.2842, 803.6091, 2.588045, 11.87192, 81.93039, 930.2032, 1949.951, 2324.734, 2004.758
304, 0.9539496, 71.41407, 617.325, 827.9503, 2.472883, 11.18928, 77.73093, 881.1939, 1951.105, 2265.539, 1900.073
304.1, 0.901552, 75.11921, 581.4529, 778.5159, 2.362845, 51.1335, 73.74671, 866.4957, 1853.593, 2165.578, 2027.554
304.2, 0.8520325, 71.37679, 547.6653, 758.7292, 2.257704, 48.19329, 69.96671, 1027.26, 1835.619, 2157.119, 1921.678
304.3, 0.8052329, 67.82081, 515.8411, 713.4278, 2.157241, 45.42215, 66.38046, 1678.228, 1743.879, 2016.341, 1821.331
304.4, 0.7610039, 64.44199, 485.8661, 670.8312, 2.061249, 42.81036, 62.97803, 1936.649, 1656.724, 1884.751, 1823.326
304.5, 0.7192042, 61.2315, 496.837, 703.2366, 1.969528, 40.34874, 59.75, 1911.776, 1573.925, 1761.749, 1728.115
304.6, 0.6797005, 58.18096, 467.9664, 661.2485, 1.881889, 38.02866, 56.68743, 1811.051, 1733.472, 1646.773, 1780.362
304.7, 0.6423666, 55.28239, 516.1371, 621.7674, 1.798149, 35.84199, 53.78183, 1861.177, 1831.171, 1764.824, 1687.394
304.8, 0.6070833, 52.52824, 486.145, 584.6436, 1.718135, 33.78106, 51.02516, 1790.36, 1739.653, 1649.648, 1599.281
304.9, 0.573738, 93.54139, 493.4172, 549.7363, 1.641682, 31.83863, 48.40979, 1696.032, 1652.71, 1541.989, 1787.084
305, 0.5422243, 278.8936, 485.8942, 516.9132, 1.568631, 30.00789, 45.92847, 1669.674, 1570.111, 1566.81, 1918.942
305.1, 0.5124416, 286.5652, 457.6594, 486.0499, 1.498831, 28.28242, 43.57434, 1886.638, 1491.641, 1618.807, 2129.526
305.2, 0.4842947, 272.2886, 431.0653, 457.0294, 1.432136, 26.65617, 41.34087, 1812.467, 1629.819, 1661.165, 2018.326
305.3, 0.4576939, 322.803, 406.0166, 429.7415, 1.368409, 25.12342, 39.22189, 1782.95, 1737.802, 1664.53, 1912.932
305.4, 0.4325541, 745.8933, 410.1001, 404.083, 1.307518, 23.67881, 37.21151, 1798.171, 1650.951, 1555.9, 1813.042
305.5, 0.4087952, 713.5753, 412.5833, 399.5426, 1.249336, 22.31727, 35.30418, 1792.407, 1568.44, 1454.359, 1956.509
305.6, 0.3863413, 800.4774, 388.6085, 375.6871, 1.193744, 21.03401, 33.49461, 1725.84, 1543.479, 1359.445, 1854.343
305.7, 0.3651208, 760.5977, 366.0269, 353.256, 1.140625, 19.82455, 31.7778, 1750.99, 1466.339, 1270.725, 1757.512
305.8, 0.3450658, 827.5074, 344.7574, 332.1642, 1.08987, 18.68462, 30.14898, 1742.822, 1393.055, 1578.833, 1665.738
305.9, 0.3261124, 912.6149, 381.5838, 312.3317, 1.041373, 17.61025, 28.60365, 1702.088, 1323.434, 1475.796, 1731.147
306, 0.3082, 867.1486, 549.9272, 314.7846, 0.9950342, 16.59765, 27.13753, 1722.955, 1335.825, 1379.482, 1640.75
306.1, 0.2912715, 1188.97, 697.6637, 295.9897, 0.9507574, 15.64328, 25.74655, 1632.178, 1269.064, 1289.455, 1796.959
306.2, 0.2752728, 1136.963, 690.741, 278.3171, 0.9084508, 14.74378, 24.42688, 1682.839, 1360.4, 1205.302, 1703.125
306.3, 0.2601529, 1234.084, 650.6028, 261.6996, 0.8680269, 13.896, 23.17484, 1594.175, 1292.41, 1126.642, 1696.141
306.4, 0.2458635, 1172.602, 612.7969, 246.0744, 0.8294016, 13.09698, 21.98698, 1658.358, 1227.819, 1053.115, 1607.571
306.5, 0.232359, 1114.183, 577.188, 231.382, 0.7924951, 12.34389, 20.86, 1570.984, 1234.506, 984.387, 1716.819
306.6, 0.2195962, 1143.997, 588.6288, 217.5669, 0.7572309, 11.63411, 19.79079, 1515.357, 1251.983, 920.144, 1627.169
306.7, 0.2075344, 1089.157, 688.2366, 204.5767, 0.7235358, 10.96514, 18.77639, 1488.236, 1189.412, 860.0937, 1542.201
306.8, 0.1961352, 1050.049, 648.2439, 192.362, 0.6913401, 10.33464, 17.81398, 1409.826, 1129.968, 803.9623, 1530.988
306.9, 0.1853621, 997.7356, 650.9982, 180.8767, 0.6605771, 9.740395, 16.90089, 1405.515, 1073.495, 751.4942, 1555.653
307, 0.1751807, 1062.771, 613.1694, 200.6044, 0.6311829, 9.180317, 16.03461, 1331.463, 1019.844, 702.4503, 1474.419
307.1, 0.1655585, 1009.824, 621.8128, 188.627, 0.6030967, 8.652444, 15.21274, 1387.778, 1077.676, 656.607, 1397.428
307.2, 0.1564649, 959.5151, 585.6799, 177.3646, 0.5762603, 8.154923, 14.43299, 1314.661, 1298.499, 613.7556, 1324.456
307.3, 0.1478708, 911.7123, 551.6467, 166.7747, 0.550618, 7.686011, 13.6932, 1304.537, 1233.603, 573.7007, 1255.295
307.4, 0.1397487, 951.7079, 519.5911, 156.8171, 0.5261167, 7.244061, 12.99134, 1235.806, 1171.95, 536.2599, 1189.746
307.5, 0.1320727, 904.2939, 521.1264, 147.4541, 0.5027058, 6.827524, 12.32545, 1241.92, 1113.379, 501.2625, 1127.619
307.6, 0.1248183, 1018.782, 509.2356, 178.1673, 0.4803365, 6.434937, 11.69369, 1266.056, 1195.071, 468.5492, 1181.812
307.7, 0.1179624, 968.0269, 479.6444, 167.5295, 0.4589626, 6.064925, 11.09431, 1199.351, 1236.392, 437.9708, 1175.451
307.8, 0.1114831, 919.8, 486.0539, 157.5268, 0.4385398, 5.716189, 10.52565, 1169.029, 1236.983, 409.388, 1114.071
307.9, 0.1053597, 981.4208, 538.3007, 148.1214, 0.4190258, 5.387505, 9.986147, 1282.957, 1240.89, 382.6706, 1214.872
308, 0.09957259, 1015.429, 507.0206, 139.2775, 0.4003801, 5.077721, 9.474292, 1215.362, 1178.873, 357.6967, 1299.942
308.1, 0.09410337, 989.7041, 508.526, 142.1769, 0.3825641, 4.785749, 8.988673, 1216.607, 1119.956, 334.3528, 1232.061
308.2, 0.08893455, 954.4143, 490.662, 133.688, 0.3655409, 4.510566, 8.527946, 1259.793, 1159.635, 312.5323, 1311.422
308.3, 0.08404964, 906.8655, 462.1502, 125.7059, 0.3492751, 4.251206, 8.090833, 1193.419, 1206.297, 292.1358, 1242.942
308.4, 0.07943305, 861.6857, 435.2952, 118.2004, 0.3337332, 4.006759, 7.676125, 1130.542, 1238.098, 273.0705, 1178.038
308.5, 0.07507003, 818.7567, 425.5829, 111.143, 0.3188828, 3.776368, 7.282674, 1070.977, 1225.584, 255.2494, 1116.523
308.6, 0.07094666, 777.9663, 400.8527, 104.507, 0.3046932, 3.559225, 6.909389, 1096.321, 1314.141, 238.5913, 1058.22
308.7, 0.06704978, 876.0123, 377.5596, 98.26718, 0.2911351, 3.354568, 6.555239, 1058.402, 1493.738, 223.0204, 1002.961
308.8, 0.06336693, 899.8494, 355.62, 92.39995, 0.2781802, 3.161678, 6.21924, 1077.047, 1419.085, 208.4657, 1106.017
308.9, 0.05988638, 855.019, 630.9831, 86.88303, 0.2658018, 2.97988, 5.900464, 1039.3, 1348.162, 791.0924, 1048.263
309, 0.056597, 812.4221, 1080.768, 81.69552, 0.2539742, 2.808535, 16.41162, 1088.29, 1280.784, 1537.001, 1332.68
309.1, 0.0534883, 787.2572, 1111.006, 76.81773, 0.242673, 341.6035, 15.57042, 1074.565, 1349.751, 1606.167, 1263.09
309.2, 0.05055035, 748.0362, 1151.508, 72.23119, 0.2318746, 1930.377, 14.77233, 1017.949, 1338.137, 1501.346, 1197.133
309.3, 0.04777377, 710.7692, 1124.472, 67.91849, 0.2215567, 2803.777, 14.01516, 964.317, 1271.26, 1477.247, 1288.561
309.4, 0.0451497, 757.415, 1059.13, 63.86329, 0.2116979, 2895.523, 13.29679, 913.5103, 1282.965, 1380.839, 1328.574
309.5, 0.04266977, 719.6807, 997.5852, 60.05021, 0.2022778, 2970.767, 12.61524, 904.451, 1407.404, 1370.608, 1426.966
309.6, 0.04032604, 683.8264, 939.6166, 56.46479, 0.1932769, 2961.055, 11.96863, 856.7985, 1337.065, 1456.208, 1352.453
309.7, 0.03811106, 649.7582, 885.0165, 53.09345, 0.1846765, 2790.793, 11.35516, 811.6566, 1270.242, 1361.174, 1360.2
309.8, 0.03601773, 617.3874, 833.5891, 49.9234, 0.1764588, 2630.321, 10.77313, 938.3703, 1346.678, 1425.481, 1471.601
309.9, 0.03403939, 620.4601, 785.1501, 46.94263, 0.1686068, 2479.076, 24.98266, 1134.256, 1313.074, 1428.476, 1449.38
310, 0.0321697, 611.3354, 753.6478, 44.13983, 0.1611042, 2470.78, 63.4313, 1299.549, 1299.97, 1335.251, 1445.558
310.1, 0.03040272, 674.7009, 709.8542, 41.50438, 0.1539354, 2354.287, 60.18003, 1231.08, 1235.001, 1327.509, 1370.073
310.2, 0.02873279, 679.604, 668.6053, 39.02628, 0.1470857, 2473.85, 57.09542, 1260.606, 1239.615, 1709.437, 1487.742
310.3, 0.02715458, 648.1344, 629.7534, 131.6304, 0.1405407, 2331.603, 56.93478, 1273.315, 1177.662, 1858.196, 1410.054
310.4, 0.02566306, 696.9688, 674.2901, 133.2867, 0.1342869, 2312.802, 54.0165, 1206.228, 1118.806, 1813.665, 1568.012
310.5, 0.02425347, 724.8726, 650.0112, 125.3285, 0.1283115, 2179.815, 164.0872, 1142.676, 1317.131, 2138.397, 1613.646
310.6, 0.0229213, 745.2846, 612.2397, 117.8456, 0.1226019, 2054.475, 155.6766, 1106.028, 1289.14, 2961.082, 1970.986
310.7, 0.0216623, 788.4211, 576.6631, 110.8094, 0.1171464, 2049.343, 378.1684, 1185.763, 1224.712, 3439.859, 1921.317
310.8, 0.02047246, 761.4246, 607.2585, 104.1933, 0.1119336, 2033.999, 413.1544, 1123.289, 1273.188, 3314.276, 1902.744
310.9, 0.01934797, 723.4906, 657.9683, 97.97221, 0.1069529, 1927.58, 450.9212, 1064.107, 1209.557, 3546.995, 1830.112
311, 0.01828524, 687.4464, 619.7344, 92.12259, 0.1021937, 1816.743, 506.4849, 1055.884, 1168.003, 3740.141, 2017.315
311.1, 0.01728089, 653.1979, 596.5135, 86.62223, 0.0976463, 1899.889, 480.5242, 1000.253, 1266.968, 4079.969, 2164.217
311.2, 0.0163317, 620.6557, 561.8508, 81.45029, 0.09330127, 1813.062, 512.658, 947.5533, 1203.648, 4437.977, 2296.051
311.3, 0.01543465, 589.7347, 599.9758, 76.58714, 0.08914957, 1720.536, 506.3093, 897.6299, 1235.715, 4243.783, 2176.155
311.4, 58.95006, 671.1846, 565.1119, 78.37319, 0.08518262, 1769.037, 480.3577, 1080.411, 1198.943, 4221.389, 2311.292
311.5, 55.71211, 637.7463, 532.2738, 73.69377, 0.08139219, 1765.381, 455.7362, 1023.488, 1257.932, 4170.754, 2238.547
311.6, 52.65201, 636.4082, 501.3439, 69.29374, 0.07777043, 1689.793, 432.3768, 1122.84, 1195.063, 4117.879, 2121.654
311.7, 49.75999, 694.3572, 472.2114, 65.15643, 0.07430982, 1592.629, 410.2147, 1172.506, 1209.721, 3924.931, 2121.653
311.8, 47.02683, 705.965, 444.7717, 61.26614, 0.0710032, 1501.052, 389.1885, 1110.73, 1149.262, 3668.782, 2010.864
311.9, 44.44379, 670.7939, 418.9265, 57.60812, 0.06784372, 1428.097, 369.2401, 1111.792, 1091.825, 3429.351, 1905.86
312, 42.00262, 690.2514, 394.5831, 54.16852, 0.06482483, 1345.981, 350.3142, 1053.215, 1423.95, 3281.961, 1806.339
312.1, 39.69555, 655.8632, 371.6543, 50.93428, 0.06194027, 1268.586, 332.3583, 997.7247, 1481.669, 3214.332, 1712.015
312.2, 37.51519, 670.9941, 350.0579, 47.89315, 0.05918407, 1195.642, 315.3228, 945.1578, 1407.619, 3149.416, 1898.871
312.3, 35.45459, 637.5652, 329.7164, 45.0336, 0.05655051, 1126.892, 299.1605, 895.3606, 1337.269, 3049.042, 1799.715
312.4, 33.50718, 605.8019, 361.7762, 42.34478, 0.05403414, 1065.471, 283.8265, 891.3649, 1404.592, 2850.056, 1705.737
312.5, 31.66673, 575.6209, 409.141, 39.81651, 0.05162974, 1027.091, 269.2786, 862.5949, 1334.393, 2802.187, 1616.666
312.6, 29.92737, 546.9436, 385.3662, 37.43919, 0.04933234, 991.9501, 255.4763, 989.1384, 1333.814, 2651.209, 1532.246
312.7, 28.28355, 519.6949, 362.973, 35.20381, 0.04713716, 934.9125, 242.3815, 954.7616, 1389.75, 2588.499, 1650.793
312.8, 26.73002, 493.8038, 341.881, 33.1019, 0.04503967, 881.1545, 326.0421, 925.7676, 1320.294, 2419.569, 1615.857
312.9, 25.26182, 469.2026, 337.7229, 31.12549, 0.04303551, 946.7104, 309.3304, 876.992, 1254.309, 2605.581, 1531.48
313, 23.87427, 591.7637, 318.0982, 29.26708, 0.04112053, 966.4878, 293.4752, 830.7862, 1342.796, 2544.868, 1451.509
313.1, 22.56293, 742.3145, 299.6138, 27.51963, 0.03929076, 910.9142, 278.4326, 787.0148, 1275.686, 2604.295, 1625.968
313.2, 21.32361, 705.3325, 282.2036, 25.87652, 0.03754241, 858.5362, 358.2033, 1084.311, 1264.607, 2602.898, 1541.063
313.3, 20.15237, 670.193, 265.805, 24.33151, 0.03587186, 809.1699, 339.8431, 1027.182, 1274.31, 2500.625, 1460.591
313.4, 19.04546, 636.8041, 250.3594, 22.87875, 0.03427564, 762.6422, 322.4239, 973.0633, 1453.635, 2481.135, 1384.321
313.5, 17.99935, 619.8873, 235.8113, 21.51273, 0.03275045, 718.7899, 305.8976, 921.7958, 1380.985, 2387.023, 1312.034
313.6, 17.0107, 589.0046, 222.1085, 20.22827, 0.03129313, 677.459, 290.2184, 873.2295, 1311.967, 2231.241, 1367.785
313.7, 16.07635, 559.6605, 209.202, 19.02051, 0.02990066, 638.5048, 275.3428, 827.2219, 1246.398, 2140.505, 1429.326
313.8, 15.19333, 531.7783, 197.0455, 17.88485, 0.02857014, 601.7904, 261.2297, 783.6384, 1184.106, 2158.076, 1354.689
313.9, 14.3588, 505.2852, 223.4991, 16.817, 0.02729884, 567.1871, 247.84, 742.3511, 1242.133, 2218.019, 1355.465
314, 15.6928, 480.1119, 210.5119, 15.81291, 0.0260841, 534.5735, 235.1366, 703.2391, 1248.487, 2073.267, 1407.511
314.1, 14.83084, 456.1928, 198.2792, 14.86877, 0.02492342, 503.8353, 223.0843, 666.1877, 1258.65, 1937.962, 1334.014
314.2, 14.01623, 433.4654, 186.7574, 13.981, 0.02381438, 474.8645, 211.6498, 631.0885, 1195.746, 1811.487, 1367.354
314.3, 13.24636, 423.1371, 175.9052, 13.14624, 0.0227547, 447.5595, 200.8014, 597.8386, 1135.985, 1773.218, 1336.528
314.4, 12.51877, 402.0565, 165.6835, 12.36131, 0.02174216, 421.8246, 275.0045, 566.3405, 1079.211, 2130.708, 1512.231
314.5, 11.83116, 382.0261, 156.0558, 11.62326, 0.02077469, 397.5695, 260.9088, 536.5018, 1025.275, 2480.207, 1555.124
314.6, 11.18131, 430.2667, 146.9876, 10.92927, 0.01985026, 374.709, 247.5355, 508.2353, 1065.12, 2318.344, 1535.836
314.7, 10.56715, 408.8309, 138.4463, 10.27672, 0.01896697, 353.163, 234.8477, 481.4581, 1011.888, 2167.044, 1455.637
314.8, 9.98673, 388.463, 130.4013, 9.663125, 0.01812298, 332.856, 222.8102, 456.0916, 961.3163, 2242.756, 1379.626
314.9, 9.438189, 369.1099, 185.0639, 9.086169, 0.01731655, 313.7166, 211.3898, 432.0617, 1101.018, 2096.389, 1307.584
315, 8.919777, 484.7417, 174.3101, 8.543662, 0.016546, 325.6399, 218.3719, 409.2978, 1045.992, 2040.417, 1451.918
315.1, 8.42984, 460.5919, 164.1811, 8.033546, 0.01580974, 431.6123, 207.1789, 387.7332, 993.716, 1987.622, 1376.101
315.2, 7.966815, 459.4446, 154.6407, 7.553888, 0.01510625, 709.8898, 196.5596, 367.3049, 944.0525, 1857.906, 1466.828
315.3, 107.3996, 436.5551, 153.5973, 7.102869, 0.01443405, 672.9735, 186.4847, 347.9528, 946.5847, 1815.075, 1390.232
315.4, 151.3132, 414.806, 144.6719, 6.678778, 0.01379177, 818.2316, 176.9261, 329.6203, 919.014, 1696.619, 1317.637
315.5, 143.002, 394.1405, 136.2652, 6.280009, 0.01317807, 878.4087, 167.8575, 312.2537, 994.4814, 1816.58, 1248.832
315.6, 170.7931, 374.5045, 128.347, 5.905049, 0.01259167, 827.8997, 159.2537, 295.8021, 1087.658, 1698.026, 1183.62
315.7, 180.6775, 355.8467, 120.8889, 5.552476, 0.01203137, 780.295, 151.091, 280.2173, 1033.299, 1640.691, 1121.813
315.8, 170.7534, 338.1185, 113.8641, 5.220955, 0.011496, 783.5197, 143.3466, 265.4535, 981.6575, 1659.584, 1063.234
315.9, 161.3744, 358.2886, 107.2476, 4.909228, 0.01098446, 783.3666, 135.9991, 251.4677, 983.1402, 1551.276, 1007.714
316, 152.5106, 340.4388, 146.8945, 4.616113, 0.01049568, 738.3226, 129.0283, 238.2187, 934.0052, 1496.886, 955.0927
316.1, 144.1337, 323.4781, 138.3586, 54.42913, 0.01002864, 695.8687, 122.4148, 225.6677, 887.3259, 1499.684, 905.2194
316.2, 136.2168, 307.3625, 130.3187, 51.17933, 0.00958239, 655.8558, 116.1402, 213.778, 842.9794, 1401.812, 857.9503
316.3, 128.7349, 292.0498, 122.746, 48.12357, 0.009155995, 618.1438, 110.1873, 202.5148, 975.0178, 1310.327, 977.8443
316.4, 121.6638, 376.7579, 142.418, 45.25026, 0.008748574, 592.7103, 104.5395, 191.8449, 926.2887, 1224.812, 983.9731
316.5, 114.9812, 357.9879, 134.1423, 42.54851, 0.008359282, 558.6291, 99.18114, 181.7373, 926.0367, 1144.879, 932.5917
316.6, 108.6656, 340.153, 126.3474, 40.00807, 0.007987313, 526.5076, 94.09746, 172.1621, 879.7557, 1221.665, 883.8934
316.7, 102.697, 333.0967, 158.7451, 37.61931, 0.007631896, 496.2332, 89.27435, 163.0915, 835.7876, 1141.937, 971.7109
316.8, 97.05612, 316.5019, 149.5206, 35.37318, 0.007292293, 538.6338, 84.69846, 154.4987, 902.508, 1163.051, 920.9698
316.9, 91.72512, 300.7339, 182.9887, 33.26115, 0.006967803, 507.662, 80.35712, 146.3587, 933.5299, 1087.148, 992.4798
317, 86.68694, 285.7513, 172.3554, 31.27523, 0.006657752, 478.4712, 76.2383, 138.6476, 886.8743, 2134.429, 1329.751
317.1, 81.92548, 271.5153, 162.34, 29.40788, 0.006361497, 504.3338, 72.33059, 131.3427, 842.5505, 2498.302, 1329.144
317.2, 77.42556, 257.9884, 187.999, 27.65203, 0.006078425, 475.3344, 68.62318, 124.4227, 862.5676, 2430.897, 1259.739
317.3, 73.17281, 245.1355, 177.0746, 26.00101, 0.005807949, 448.0024, 65.1058, 117.8672, 819.4586, 2307.295, 1383.08
317.4, 69.15364, 232.9229, 166.785, 24.44857, 0.005549508, 422.242, 61.7687, 111.6572, 826.1915, 2385.298, 1310.858
317.5, 65.35524, 221.3187, 157.0933, 22.98882, 0.005302568, 397.9629, 58.60266, 105.7743, 886.5573, 2458.474, 1242.407
317.6, 61.76547, 210.2926, 147.9647, 21.61623, 0.005066615, 451.4188, 55.59889, 100.2014, 982.2263, 2402.959, 1476.573
317.7, 58.37288, 199.8159, 158.719, 20.32559, 0.004841162, 431.1865, 52.74909, 94.92216, 933.137, 2424.122, 1855.046
317.8, 55.16663, 189.8611, 149.496, 19.11201, 0.004625742, 406.393, 50.04536, 89.92103, 927.1625, 2535.667, 1878.194
317.9, 52.1365, 180.4023, 140.809, 17.9709, 0.004419907, 383.0252, 47.48021, 85.18339, 880.8252, 2412.253, 1780.118
318, 49.2728, 171.4146, 175.5554, 16.89791, 0.004223231, 363.3436, 45.04654, 80.69536, 881.2329, 2254.825, 1850.587
318.1, 46.56639, 162.8748, 238.7092, 15.88899, 0.004035307, 342.4512, 42.73761, 76.44379, 837.191, 2225.499, 1753.953
318.2, 44.00864, 154.7604, 236.9036, 14.9403, 0.003855745, 322.76, 40.54704, 72.41621, 880.1419, 2145.128, 1733.72
318.3, 41.59138, 147.0503, 223.1374, 14.04826, 0.003684173, 304.2012, 38.46874, 68.60085, 998.7808, 2034.829, 1643.188
318.4, 39.30689, 139.7242, 210.1711, 13.20949, 0.003520236, 286.7094, 36.49697, 64.9865, 948.8641, 1930.519, 1616.708
318.5, 37.14788, 132.7632, 197.9583, 12.42079, 0.003363593, 270.2235, 34.62626, 61.56257, 901.4422, 1846.039, 1532.286
318.6, 35.10746, 126.149, 192.8883, 11.67918, 0.003213921, 295.4758, 32.85144, 58.31905, 856.3903, 2132.098, 1662.127
318.7, 33.17911, 119.8642, 181.6798, 10.98185, 0.003070909, 340.2429, 31.16759, 55.24641, 813.5899, 1992.953, 1575.334
318.8, 31.35668, 113.8926, 189.8326, 10.32616, 0.00293426, 350.8411, 29.57005, 52.33566, 772.9286, 1862.889, 1493.073
318.9, 29.63435, 108.2185, 178.8016, 9.709617, 0.002803692, 330.6675, 28.0544, 49.57826, 968.8467, 1741.313, 1415.107
319, 28.00663, 102.8271, 168.4117, 9.129886, 0.002678934, 311.654, 26.61643, 46.96615, 920.426, 1627.672, 1341.213
319.1, 26.46831, 97.70425, 158.6254, 8.584768, 59.69058, 293.7337, 25.25216, 44.49166, 874.4254, 1521.447, 1271.177
319.2, 81.34866, 92.83665, 149.4079, 8.072198, 215.8591, 401.9557, 23.95783, 42.14754, 830.7237, 1422.155, 1204.798
319.3, 648.8021, 88.21154, 165.7034, 7.590232, 282.1428, 378.843, 22.72983, 39.92692, 789.2061, 1329.342, 1141.885
319.4, 1157.32, 83.81686, 156.0746, 7.137043, 478.6523, 461.3567, 21.56478, 37.8233, 749.7635, 1242.587, 1082.258
319.5, 1295.187, 79.64111, 147.0053, 439.861, 553.5776, 609.5313, 20.45945, 35.83052, 712.2921, 1161.493, 1025.745
319.6, 1538.618, 75.67341, 138.463, 579.3369, 528.9447, 647.3218, 19.41077, 33.94273, 676.6935, 1085.692, 972.1818
319.7, 1533.476, 71.90337, 130.417, 583.596, 739.7687, 1061.357, 18.41584, 32.1544, 642.874, 1014.837, 921.4161
319.8, 1711.003, 68.32116, 122.8386, 723.2392, 706.8506, 1228.013, 17.47191, 30.46029, 610.7447, 948.6072, 873.3013
319.9, 1707.106, 64.91741, 160.1279, 759.7711, 712.3773, 1347.903, 16.57636, 28.85543, 580.2211, 886.6993, 827.699
320, 1924.896, 61.68324, 150.823, 754.5931, 782.5311, 1271.849, 15.72672, 27.33514, 551.2231, 828.8317, 784.4779
320.1, 2109.288, 58.61019, 142.0588, 749.8885, 747.7102, 1198.717, 14.92062, 25.89494, 523.6743, 774.7405, 905.1907
320.2, 2880.648, 55.69024, 133.804, 838.8073, 815.0484, 1339.681, 14.15584, 24.53062, 497.5023, 724.1795, 905.8895
320.3, 2766.952, 52.91576, 126.0287, 810.5692, 778.7806, 1262.649, 13.43026, 23.23818, 472.6383, 676.9182, 858.5854
320.4, 2769.261, 50.27951, 118.7054, 762.1725, 744.1266, 1203.748, 12.74187, 22.01384, 449.0169, 632.7412, 813.7516
320.5, 2685.576, 47.77459, 111.8075, 716.6656, 775.1439, 1134.532, 12.08877, 20.85401, 426.5761, 591.4473, 849.8155
320.6, 2606.033, 45.39447, 105.3105, 717.0511, 942.4205, 1196.175, 11.46914, 19.75528, 405.2569, 552.8483, 1117.793
320.7, 2462.892, 43.13293, 99.19102, 674.2382, 1100.706, 1127.395, 10.88128, 18.71444, 518.8144, 516.7684, 1059.424
320.8, 2419.375, 40.98405, 93.42713, 633.9814, 1051.728, 1144.478, 10.32354, 17.72844, 741.1904, 483.0431, 1004.103
320.9, 2365.198, 38.94223, 87.99818, 596.1284, 1404.53, 1078.669, 9.794392, 16.79438, 704.1475, 451.5188, 951.6703
321, 2312.681, 37.00214, 82.8847, 560.5353, 2102.68, 1016.645, 9.292366, 15.90954, 668.9559, 422.0518, 901.9756
321.1, 2246.806, 35.1587, 78.06837, 527.0675, 2236.734, 958.1877, 8.816072, 15.07132, 635.5231, 394.5079, 854.876
321.2, 2145.665, 33.4071, 73.5319, 495.5979, 2157.958, 921.0555, 8.364192, 14.27726, 603.7612, 368.7615, 810.2358
321.3, 2230.511, 31.74276, 69.25904, 536.296, 2128.878, 905.3326, 7.935473, 13.52504, 573.5867, 344.6955, 767.9266
321.4, 2151.459, 30.16134, 65.23447, 614.0566, 2173.09, 963.7649, 7.528728, 12.81245, 544.9202, 322.2, 727.8268
321.5, 2059.53, 28.65871, 61.44377, 604.9847, 2076.393, 991.2582, 7.142832, 12.13741, 517.6863, 301.1726, 689.8209
321.6, 1948.587, 27.23094, 57.87334, 568.863, 1983.998, 934.2604, 6.776716, 11.49793, 491.8136, 281.5175, 653.7996
321.7, 1958.769, 25.8743, 54.51038, 534.8979, 1895.715, 1007.626, 6.429365, 10.89214, 467.234, 263.1451, 619.6592
321.8, 1851.179, 24.58525, 51.34284, 526.6252, 1816.541, 949.6869, 6.099819, 10.31827, 443.8828, 245.9718, 587.3017
321.9, 1828.439, 23.36041, 48.35936, 500.706, 1911.064, 895.0794, 5.787163, 9.774632, 421.6985, 229.9192, 556.6338
322, 1728.008, 22.1966, 53.00395, 470.8104, 1826.026, 848.1818, 5.490534, 9.25964, 400.6231, 214.9142, 527.5673
322.1, 1692.677, 21.09077, 49.92395, 525.4621, 1769.22, 799.4108, 5.209108, 8.77178, 380.6009, 200.8885, 500.0186
322.2, 1679.408, 20.04003, 47.02292, 494.0884, 1690.494, 952.5267, 4.942108, 8.309624, 361.5794, 187.7782, 473.9085
322.3, 1635.215, 19.04164, 44.29047, 464.5879, 1676.149, 948.1072, 4.688793, 7.871817, 343.5085, 175.5234, 449.1618
322.4, 1545.398, 18.09299, 41.7168, 436.8488, 1741.307, 893.5905, 4.448462, 7.457077, 326.3408, 164.0684, 425.7073
322.5, 1460.514, 17.1916, 39.29268, 410.7659, 1684.557, 842.2086, 4.220449, 7.064188, 310.0311, 153.361, 403.4776
322.6, 1416.922, 16.33512, 37.00942, 386.2403, 1609.599, 801.7258, 4.004124, 6.692, 294.5365, 143.3524, 382.4087
322.7, 1418.261, 15.52131, 34.85884, 363.1791, 1580.404, 755.6262, 3.798886, 6.339421, 279.8163, 133.9969, 362.44
322.8, 1380.833, 14.74804, 32.83323, 341.4948, 1510.08, 712.1772, 3.604169, 6.005418, 265.8317, 125.252, 343.514
322.9, 1304.988, 14.01329, 30.92533, 321.1052, 1639.39, 671.2267, 3.419432, 5.689012, 252.5461, 117.0778, 325.5763
323, 1233.309, 13.31515, 29.12829, 419.1434, 1566.441, 686.1425, 3.244164, 5.389277, 239.9244, 109.4371, 308.5752
323.1, 1190.045, 12.65179, 27.43568, 394.1177, 1496.738, 646.689, 3.077879, 5.105334, 227.9336, 102.295, 292.4619
323.2, 1124.679, 12.02148, 25.84142, 370.5861, 1731.375, 609.504, 2.920118, 4.83635, 216.542, 95.61906, 277.1901
323.3, 1064.03, 11.42257, 24.3398, 363.571, 1654.333, 601.6618, 2.770443, 4.581539, 346.2621, 89.37878, 262.7157
323.4, 1057.098, 10.8535, 22.92544, 341.8633, 1580.719, 567.0659, 2.62844, 4.340153, 668.7718, 83.54575, 248.9971
323.5, 999.0346, 10.31278, 21.59327, 339.2124, 1510.38, 632.3293, 2.493716, 4.111485, 635.3482, 78.0934, 235.9949
323.6, 944.1606, 9.799002, 20.33851, 322.2424, 1554.004, 668.2629, 2.365896, 3.894865, 635.0469, 72.99687, 223.6716
323.7, 1017.791, 9.310817, 19.15666, 303.0023, 1528.495, 698.4957, 2.244629, 3.689657, 603.3088, 68.23296, 211.9919
323.8, 969.6848, 8.846953, 18.04349, 284.911, 1540.867, 709.1213, 2.129577, 3.495261, 689.3888, 63.77995, 200.922
323.9, 916.423, 8.406199, 16.995, 267.8998, 1472.302, 668.3464, 2.020422, 3.311107, 681.0379, 59.61755, 190.4302
324, 866.0866, 7.987404, 16.00744, 251.9043, 1518.682, 629.9161, 1.916863, 3.136656, 670.0045, 931.5677, 586.1435
324.1, 854.1995, 22.44075, 15.07726, 236.8639, 1451.104, 593.6956, 1.818611, 2.971396, 700.5875, 1469.815, 694.2902
324.2, 807.2809, 21.32276, 14.20114, 222.7215, 1386.533, 559.5578, 1.725396, 2.814843, 665.5739, 1532.676, 768.3284
324.3, 762.9394, 20.26046, 13.37593, 209.4235, 1324.836, 527.3829, 1.636958, 2.666538, 632.3101, 1590.397, 728.2076
324.4, 721.0334, 77.79093, 12.59867, 196.9194, 1265.884, 497.0581, 1.553053, 2.526047, 600.7087, 1486.604, 690.1818
324.5, 681.4293, 136.8856, 11.86657, 185.162, 1209.555, 468.477, 1.473449, 2.392958, 570.6868, 1474.377, 654.1417
324.6, 674.7203, 471.298, 11.17702, 174.1065, 1155.732, 441.5393, 1.397925, 2.266881, 712.2404, 1445.326, 619.9835
324.7, 637.6599, 447.8181, 10.52753, 163.7112, 1230.278, 416.1506, 1.326272, 2.147447, 676.6443, 1533.596, 587.6089
324.8, 602.6352, 425.5078, 9.91579, 153.9365, 1252.565, 392.2217, 1.258292, 2.034305, 642.8272, 1433.511, 556.925
324.9, 569.5342, 404.3091, 9.339594, 144.7454, 1196.829, 369.6687, 1.193797, 1.927124, 610.7003, 1339.957, 690.7194
325, 538.2515, 384.1665, 8.79688, 136.1031, 1143.573, 355.7656, 1.132607, 1.82559, 580.1789, 1252.509, 654.6512
325.1, 508.6869, 365.0274, 8.285703, 127.9768, 1092.686, 359.4512, 1.074553, 1.729406, 551.1829, 1170.768, 620.4664
325.2, 480.7463, 346.8418, 7.804229, 120.3357, 1165.042, 378.818, 1.019476, 1.638289, 523.6361, 1094.362, 588.0667
325.3, 489.9023, 329.5622, 7.350734, 113.1508, 1148.466, 357.0357, 0.967221, 1.551973, 497.466, 1022.941, 557.3589
325.4, 495.6571, 313.1435, 6.923591, 106.3949, 1098.979, 336.506, 0.9176446, 746.8927, 472.6039, 956.1824, 832.5016
325.5, 468.4321, 297.5427, 6.521268, 100.0424, 1068.764, 317.1567, 0.8706094, 947.2665, 448.9843, 893.7801, 942.3992
325.6, 453.1922, 282.7192, 6.142324, 94.0692, 1021.207, 298.92, 0.825985, 897.3582, 426.5451, 835.4503, 893.1887
325.7, 428.2997, 268.6342, 5.7854, 88.45261, 1123.892, 281.732, 0.783648, 850.0794, 405.2274, 1007.571, 846.5479
325.8, 404.7745, 255.2509, 5.449217, 83.17138, 1073.881, 265.5322, 0.7434809, 805.2916, 384.9752, 941.8147, 871.9648
325.9, 420.2334, 242.5343, 5.132569, 102.6099, 1094.908, 250.264, 0.7053727, 762.8634, 365.735, 953.5537, 826.4323
326, 423.762, 230.4513, 4.834321, 177.9333, 1046.187, 239.2291, 0.6692178, 722.6707, 347.4565, 1068.15, 783.2774
326.1, 400.4861, 218.9702, 4.553403, 278.6629, 1193.982, 360.4121, 0.634916, 684.5955, 330.0914, 998.4402, 1097.242
326.2, 378.4886, 208.0612, 4.28881, 415.4655, 1140.853, 405.1893, 0.6023725, 648.5264, 313.5942, 1100.369, 1039.946
326.3, 357.6993, 197.6956, 4.039592, 420.3526, 1258.864, 381.8907, 0.571497, 692.3632, 297.9215, 1028.557, 985.642
326.4, 338.052, 187.8465, 3.804855, 395.2546, 1202.848, 360.9447, 0.542204, 655.8848, 283.0321, 961.4312, 934.1735
326.5, 323.8558, 178.488, 3.583759, 371.6552, 1149.324, 372.1698, 0.5144126, 621.3284, 268.8869, 1226.977, 885.3925
326.6, 306.0674, 169.5957, 3.375511, 349.4648, 1098.181, 350.7698, 0.4880456, 588.5927, 255.4485, 1146.902, 839.1588
326.7, 289.256, 161.1465, 3.179364, 328.5993, 1053.959, 330.6004, 0.4630301, 604.2725, 242.6818, 1072.053, 795.3394
326.8, 273.368, 153.1182, 2.994614, 308.9797, 1120.615, 311.5907, 0.4392968, 572.4354, 230.5532, 1002.089, 753.808
326.9, 258.3528, 159.4668, 2.820601, 290.9454, 1070.75, 293.674, 0.41678, 542.2756, 219.0307, 936.6904, 714.4454
327, 244.1622, 151.5222, 2.656698, 273.574, 1023.104, 276.7876, 0.3954173, 513.705, 345.7556, 875.5602, 677.1383
327.1, 230.7511, 143.9733, 2.502321, 257.2397, 977.5781, 312.4438, 0.3751496, 486.6395, 328.4756, 818.4194, 641.7793
327.2, 218.0766, 136.8006, 2.356913, 284.5781, 934.0781, 294.4781, 0.3559208, 541.0979, 516.5005, 765.0078, 608.2667
327.3, 206.0984, 164.2882, 2.219956, 267.5869, 898.2707, 277.5454, 0.3376775, 512.5892, 490.687, 715.082, 576.504
327.4, 194.778, 165.0223, 2.090956, 251.6101, 858.2997, 261.5864, 0.3203694, 518.7012, 466.1637, 842.4608, 546.4
327.5, 184.0794, 255.7787, 1.969453, 236.5872, 945.0958, 246.5451, 0.3039483, 529.1523, 442.866, 1047.825, 517.8679
327.6, 173.9685, 243.0359, 1.85501, 222.4613, 958.067, 232.3686, 0.288369, 663.8729, 420.7326, 979.4417, 490.8257
327.7, 164.4129, 230.9279, 1.747218, 209.1788, 978.7084, 219.0073, 0.2735882, 688.4432, 399.7054, 915.5214, 465.1956
327.8, 155.3822, 219.4231, 1.645689, 196.6894, 935.1581, 206.4142, 0.2595651, 652.1714, 379.7291, 855.7728, 440.9039
327.9, 146.8475, 238.2659, 1.55006, 184.9457, 893.5457, 194.5453, 0.2462607, 617.8107, 360.7511, 799.9234, 417.8806
328, 138.7817, 227.8622, 1.459987, 173.9031, 853.785, 183.3589, 0.2336382, 585.2603, 342.7216, 747.7189, 396.0596
328.1, 131.1588, 240.3414, 1.375149, 163.5199, 853.3878, 172.8156, 0.2216628, 587.1296, 325.5932, 698.9213, 375.378
328.2, 123.9546, 228.8432, 1.295241, 153.7566, 815.4139, 162.8786, 0.2103011, 556.1957, 309.3209, 653.3084, 355.7764
328.3, 117.1462, 217.4423, 1.219975, 144.5763, 917.4683, 153.513, 0.1995218, 526.8915, 293.8618, 610.6722, 337.1984
328.4, 110.7117, 206.6094, 1.149084, 135.9441, 876.643, 144.6859, 0.189295, 499.1314, 279.1753, 570.8186, 319.5904
328.5, 104.6306, 196.3161, 1.082312, 127.8273, 837.6344, 136.3664, 0.1795924, 531.0483, 265.2227, 533.5659, 302.9019
328.6, 98.88359, 186.5357, 1.01942, 120.1951, 800.3616, 128.5253, 0.1703871, 503.0692, 251.9675, 498.7444, 287.0849
328.7, 93.45221, 177.2425, 0.9601826, 113.0186, 886.7912, 121.135, 0.1616537, 476.5641, 239.3748, 466.1954, 272.0938
328.8, 88.31916, 168.4123, 0.9043874, 106.2706, 847.331, 114.1697, 0.1533679, 451.4555, 227.4114, 435.7706, 257.8856
328.9, 83.46806, 160.022, 0.8518344, 138.674, 809.6267, 107.6049, 0.1455068, 427.6698, 216.046, 407.3314, 244.4192
329, 78.88341, 152.0498, 12.39419, 130.3941, 830.7299, 101.4175, 0.1380486, 429.6423, 205.2485, 380.7481, 231.6561
329.1, 74.55058, 144.4747, 44.10794, 122.6087, 794.1407, 95.58595, 0.1309727, 407.0059, 194.9907, 355.8998, 219.5594
329.2, 70.45574, 325.0217, 95.25436, 115.2881, 758.8033, 90.08971, 0.1242595, 487.2758, 185.2455, 332.6731, 208.0943
329.3, 66.58582, 554.3148, 98.26733, 108.4046, 762.4388, 84.9095, 0.1178904, 461.6028, 175.9874, 310.9622, 197.228
329.4, 103.5031, 709.5962, 92.92172, 138.9696, 728.512, 80.02716, 0.1118478, 517.6667, 167.192, 290.6682, 186.9291
329.5, 148.1673, 674.2442, 87.52214, 130.6722, 696.0949, 221.0956, 0.1061149, 490.3925, 158.8361, 271.6987, 177.168
329.6, 188.7898, 640.6534, 82.43633, 185.2073, 665.1202, 208.3824, 0.1006758, 464.5554, 150.8979, 253.9671, 167.9165
329.7, 178.4201, 608.7362, 77.64604, 174.1491, 635.5239, 196.4003, 0.0955155, 440.0795, 143.3563, 665.1061, 969.3157
329.8, 168.62, 578.4091, 73.13412, 163.7512, 607.2446, 185.1072, 0.09061971, 416.8932, 136.1917, 680.8978, 1641.501
329.9, 159.3582, 549.5928, 68.88437, 183.0602, 580.2236, 174.4635, 0.08597486, 394.9284, 129.3852, 693.1727, 1804.48
330, 281.5362, 528.6573, 64.88157, 178.3566, 554.405, 164.4317, 0.08156809, 374.121, 122.9188, 647.9349, 1710.253
330.1, 266.0723, 502.3197, 61.11137, 167.7075, 606.9517, 262.2856, 0.0773872, 354.4098, 116.7756, 740.6656, 1707.519
330.2, 426.7189, 477.2942, 82.00558, 161.9036, 579.9437, 346.6723, 0.07342061, 335.7371, 110.9395, 692.3284, 1644.879
330.3, 907.664, 453.5155, 79.55503, 152.2369, 554.1376, 456.0978, 0.06965733, 469.0963, 105.395, 647.1458, 1599.683
330.4, 857.8088, 430.9214, 74.93217, 143.1473, 529.4797, 430.8997, 0.06608693, 444.3812, 100.1276, 604.9118, 1516.151
330.5, 859.9119, 409.453, 106.7205, 134.6004, 540.8467, 490.7484, 0.06269955, 420.9682, 95.12347, 565.4341, 1520.068
330.6, 812.6796, 591.7925, 110.0923, 126.5638, 587.8699, 462.5301, 0.05948579, 398.7888, 90.36942, 528.5328, 1516.419
330.7, 768.0415, 562.3095, 112.5848, 119.0071, 564.6198, 441.2652, 0.05643676, 421.7885, 258.57, 494.0397, 1437.234
330.8, 725.8553, 690.5298, 106.0426, 111.9015, 548.6756, 415.8922, 0.05354401, 490.9812, 393.635, 461.7978, 1408.382
330.9, 685.9863, 656.1277, 99.88059, 105.2202, 524.2608, 391.9782, 0.05079953, 465.1131, 373.9621, 1452.002, 1723.615
331, 648.3071, 623.4396, 238.4014, 98.93785, 500.9324, 394.5571, 0.04819572, 440.6078, 355.2724, 1630.545, 1753.43
331.1, 697.3503, 592.3799, 224.5482, 93.03058, 540.3845, 387.1906, 0.04572538, 417.3936, 337.5167, 1524.132, 1810.961
331.2, 732.0389, 622.5034, 270.64, 87.47601, 573.7375, 364.927, 0.04338166, 395.4025, 510.5243, 1592.675, 1750.019
331.3, 739.421, 591.4904, 689.3379, 113.5769, 548.2075, 343.9435, 0.04115807, 374.5701, 485.0096, 1488.734, 1658.635
331.4, 698.8068, 562.0224, 1166.613, 106.7956, 546.9865, 324.1665, 0.03904845, 354.8352, 496.7177, 1391.577, 1625.91
331.5, 660.4234, 751.3206, 1376.499, 138.0164, 522.6469, 305.5268, 0.03704696, 336.1401, 471.893, 1300.76, 1541.008
331.6, 720.9139, 783.442, 1296.512, 129.7759, 528.1763, 287.9588, 0.03514807, 377.1479, 572.3828, 1215.87, 1589.146
331.7, 681.3162, 744.411, 1221.173, 122.0274, 504.6736, 271.401, 0.0333465, 390.1045, 543.7765, 1136.52, 1506.163
331.8, 648.2411, 707.3246, 1347.318, 146.8472, 482.2168, 255.7953, 0.03163728, 369.5512, 516.5999, 1202.965, 1427.514
331.9, 665.4777, 672.0858, 1435.172, 138.0794, 460.7592, 241.0869, 0.03001566, 432.0129, 650.7346, 1124.457, 1352.972
332, 635.7939, 638.6026, 1351.776, 129.8351, 440.2565, 227.2243, 0.02847717, 432.3161, 786.1272, 1051.073, 1525.755
332.1, 611.7092, 606.7875, 1273.225, 122.083, 420.6661, 214.1588, 0.02701753, 409.5388, 811.5862, 982.4777, 1446.083
332.2, 578.1099, 576.5575, 1199.24, 114.7938, 401.9474, 201.8446, 0.0256327, 387.9615, 834.5363, 999.3918, 1617.493
332.3, 546.356, 547.8335, 1130.335, 107.9398, 384.0616, 190.2384, 0.02431886, 367.5211, 792.8281, 1732.467, 1558.844
332.4, 526.3854, 520.5405, 1064.653, 101.4951, 366.9718, 179.2996, 0.02307236, 939.2153, 753.2045, 2200.105, 1525.985
332.5, 497.4727, 494.6073, 1002.787, 95.43511, 350.6424, 168.9897, 0.02188975, 967.7954, 874.4365, 2261.74, 1826.239
332.6, 470.148, 469.9661, 948.105, 89.73698, 335.0396, 159.2728, 0.02076776, 952.2307, 899.9037, 2360.473, 2208.632
332.7, 444.3242, 446.5524, 893.0117, 84.37906, 320.1311, 150.1145, 0.01970328, 972.0375, 938.8647, 2306.498, 2255.049
332.8, 419.9188, 451.7454, 841.1197, 79.34104, 305.886, 141.4828, 0.01869336, 990.0809, 971.1808, 2213.463, 2308.184
332.9, 396.8539, 468.7364, 867.8631, 74.60383, 292.2747, 133.3475, 0.0177352, 972.8141, 1003.309, 2069.009, 2510.702
333, 379.6098, 500.8068, 824.3901, 70.14946, 279.2692, 125.6799, 0.01682616, 921.5598, 1031.883, 2157.088, 2379.597
333.1, 358.759, 475.8567, 876.7659, 65.96105, 266.8423, 118.4533, 0.01596371, 873.0059, 1025.239, 2016.313, 2255.339
333.2, 339.0534, 452.1496, 852.5776, 62.02272, 254.9684, 111.6421, 0.01514547, 827.0101, 973.9996, 2113.431, 2137.569
333.3, 320.4302, 504.4775, 803.0353, 58.31953, 243.6229, 105.2226, 0.01436916, 783.4376, 982.0511, 1975.505, 2173.716
333.4, 302.83, 516.1671, 771.2902, 54.83746, 232.7823, 99.17229, 0.01363265, 861.4526, 1128.632, 1846.58, 2060.208
333.5, 286.1964, 542.3026, 813.6983, 51.56328, 222.424, 93.46983, 0.01293389, 816.0656, 1072.226, 1808.72, 1952.627
333.6, 270.4765, 520.8572, 823.4732, 48.48459, 216.0543, 88.09526, 0.01227094, 773.0698, 1018.639, 1845.647, 2017.129
333.7, 255.62, 494.9082, 853.5422, 45.58973, 234.8455, 83.56451, 0.01164198, 784.2739, 967.7296, 1725.196, 2011.785
333.8, 241.5796, 470.2519, 855.2751, 42.8677, 224.3954, 134.3488, 0.01104525, 888.2625, 919.3647, 1612.607, 2061.015
333.9, 228.3104, 475.4284, 838.8897, 40.3082, 214.4103, 150.6988, 0.01047911, 1006.744, 873.4171, 1507.365, 1953.393
334, 313.5608, 451.7426, 790.1427, 37.90153, 236.8747, 142.0335, 0.009941988, 953.702, 829.7658, 1408.991, 2049.152
334.1, 296.3378, 429.2369, 792.3798, 35.63854, 226.3343, 133.8665, 0.009432397, 1263.254, 910.0422, 1603.678, 1942.149
334.2, 280.0609, 407.8524, 746.3355, 33.51067, 216.2629, 126.1691, 0.008948925, 1396.045, 864.5604, 1499.019, 1840.733
334.3, 264.6779, 387.5333, 702.9667, 31.50985, 254.1797, 118.9143, 0.008490235, 1376.019, 821.3517, 1401.191, 1801.319
334.4, 250.14, 368.2264, 662.1181, 29.6285, 242.8693, 112.0767, 0.008055056, 1424.266, 780.3026, 1309.746, 1751.531
334.5, 236.4005, 349.8814, 623.6431, 27.85947, 232.0622, 105.6322, 0.007642182, 1349.226, 741.3049, 1449.099, 1660.069
334.6, 223.4158, 332.4504, 587.4039, 26.19607, 221.736, 99.55831, 0.00725047, 1309.755, 704.2563, 1354.528, 1573.383
334.7, 211.1442, 315.8878, 679.018, 24.63198, 217.0831, 93.83366, 0.006878837, 1283.634, 669.0593, 1353.911, 1602.052
334.8, 199.5467, 300.1503, 639.561, 23.16128, 207.4234, 88.43817, 0.006526252, 1253.826, 845.989, 1307.344, 1709.36
334.9, 188.5862, 285.1969, 602.3968, 21.77839, 198.1935, 83.35293, 0.006191739, 1308.66, 803.7084, 1291.712, 1620.1
335, 208.4214, 345.5733, 719.8397, 20.47807, 223.6087, 78.56009, 0.005874372, 1239.711, 834.1382, 1267.801, 1651.811
335.1, 196.9734, 421.024, 729.8694, 113.3826, 251.8909, 74.04284, 0.005573272, 1190.321, 883.642, 1228.517, 1565.556
335.2, 186.1543, 409.3866, 687.4575, 106.6129, 240.6824, 69.78534, 0.005287606, 1193.06, 904.1848, 1323.556, 1632.278
335.3, 175.9294, 414.2244, 647.5101, 337.6479, 229.9725, 275.9486, 0.005016582, 1130.202, 858.9958, 1453.894, 1547.043
335.4, 166.2661, 393.5878, 609.884, 1458.593, 234.7804, 260.0815, 0.00475945, 1300.393, 816.0653, 1359.01, 1606.738
335.5, 157.1336, 378.4651, 708.867, 1966.622, 224.3332, 245.1266, 73.0263, 1231.88, 775.2803, 1708.41, 1522.837
335.6, 148.5027, 380.9171, 764.8999, 1863.325, 214.3509, 241.0549, 69.28323, 1288.37, 736.5337, 1596.916, 1643.27
335.7, 140.3459, 361.9398, 768.4596, 1809.544, 218.7083, 227.1942, 68.72495, 1220.49, 699.7235, 1492.698, 1557.461
335.8, 132.6371, 343.9081, 723.8052, 1701.502, 208.9763, 214.1304, 65.20235, 1243.401, 664.753, 1395.282, 1591.091
335.9, 125.3518, 340.6103, 683.1337, 1643.091, 199.6774, 201.8178, 61.86031, 1924.127, 631.5302, 1304.223, 1604.332
336, 118.4666, 323.6411, 680.2347, 1657.012, 190.7922, 190.2131, 58.68957, 2328.448, 668.6586, 1219.107, 1520.557
336.1, 111.9596, 307.5174, 640.707, 1567.255, 182.3023, 179.2758, 55.68135, 2317.737, 799.1873, 1139.546, 1441.156
336.2, 255.9156, 292.1969, 603.4763, 1576.751, 174.1903, 168.9673, 52.82732, 2300.185, 815.5087, 1065.177, 1365.901
336.3, 241.8589, 277.6397, 568.4089, 1542.627, 166.4392, 159.2516, 50.11958, 2293.773, 856.1654, 995.6613, 1294.576
336.4, 228.5743, 263.8078, 535.3793, 1482.461, 159.0331, 191.4525, 47.55062, 2208.693, 813.3763, 930.6826, 1226.975
336.5, 216.0194, 250.6649, 504.269, 1414.434, 151.9564, 180.4439, 45.11334, 2092.324, 772.7258, 869.9445, 1321.085
336.6, 204.1541, 238.1768, 594.2584, 1419.384, 145.1947, 170.0683, 42.80099, 2086.638, 734.1068, 987.13, 1252.1
336.7, 192.9405, 226.3109, 559.7267, 1350.872, 138.7339, 160.2892, 40.60716, 1976.7, 895.0488, 1119.473, 1186.717
336.8, 182.3429, 215.0361, 527.2015, 1270.216, 132.5605, 151.0725, 38.52578, 1872.555, 929.1379, 1170.124, 1244.657
336.9, 172.3273, 204.3231, 496.5664, 1194.375, 126.6619, 142.3858, 36.55109, 1819.823, 882.7018, 1093.759, 1179.663
337, 162.8619, 194.1437, 467.7115, 1123.062, 121.0257, 178.264, 34.6776, 1723.943, 838.5865, 1022.378, 1118.063
337.1, 153.9164, 184.4715, 440.5333, 1081.174, 115.6404, 168.0137, 32.90015, 1633.114, 796.676, 955.6561, 1059.679
337.2, 145.4622, 175.2812, 414.9344, 1034.1, 110.4946, 199.144, 31.21381, 1547.071, 991.8812, 893.2882, 1071.69
337.3, 137.4724, 192.2514, 429.9458, 972.3568, 105.5779, 187.6931, 29.6139, 1589.485, 942.3094, 834.9905, 1424.512
337.4, 129.9215, 257.8567, 404.9621, 973.2388, 100.8799, 176.9007, 28.09599, 1635.594, 1107.925, 1250.646, 1350.127
337.5, 122.7853, 250.5693, 381.4302, 966.6869, 96.39096, 179.4104, 26.65589, 1549.42, 1052.553, 1169.026, 1279.625
337.6, 116.0411, 238.086, 378.9102, 908.969, 124.4552, 169.0942, 25.2896, 1932.929, 999.9493, 1092.733, 1212.806
337.7, 109.6673, 254.2582, 356.8922, 854.6973, 118.9172, 159.3712, 24.94735, 2171.024, 949.9742, 1021.419, 1149.475
337.8, 103.6436, 241.5911, 336.1535, 812.1176, 113.6257, 150.2073, 23.66864, 2186.114, 902.4968, 954.7595, 1089.451
337.9, 97.95075, 229.5551, 316.62, 763.6285, 108.5696, 141.5703, 22.45547, 2281.019, 857.3922, 892.4501, 1032.562
338, 92.57061, 218.1187, 756.4105, 718.0346, 124.0208, 291.7932, 69.11572, 2232.86, 814.5418, 834.2071, 978.6432
338.1, 87.48598, 348.4821, 1489.365, 675.163, 118.5022, 1720.075, 779.4317, 2322.034, 773.8329, 779.7651, 927.5402
338.2, 82.68064, 341.7617, 1424.128, 634.8511, 113.2291, 2374.165, 800.0601, 2206.489, 735.1586, 728.8762, 879.1056
338.3, 78.13924, 401.6384, 1467.688, 724.7076, 179.4634, 2457.244, 759.0519, 2265.11, 698.4172, 681.3083, 833.2002
338.4, 73.84729, 418.2309, 1426.602, 681.4376, 171.4777, 2334.482, 720.1456, 2202.644, 663.512, 636.8448, 789.6919
338.5, 69.79108, 472.839, 1343.703, 640.751, 188.2497, 2344.355, 683.2335, 2086.594, 630.3513, 595.2831, 748.4555
338.6, 65.95767, 481.5556, 1373.91, 749.9969, 282.7646, 2259.324, 648.2133, 2023.536, 598.8478, 556.4338, 709.3724
338.7, 62.33482, 457.5645, 1333.413, 705.2169, 270.1822, 2310.585, 692.6884, 2226.14, 568.9189, 520.1199, 672.3302
338.8, 58.91095, 434.7688, 1255.93, 663.1106, 258.1597, 2190.107, 657.1837, 2108.852, 540.4857, 486.1759, 637.2222
338.9, 55.67515, 413.1087, 1325.93, 623.5183, 246.6722, 2080.509, 623.4987, 2077.458, 645.3713, 454.4471, 603.9476
339, 52.61708, 392.5277, 1248.882, 586.29, 235.6958, 2057.996, 591.5403, 2109.739, 625.3596, 424.789, 572.4105
339.1, 49.72699, 372.972, 1176.311, 551.2844, 225.2079, 1939.66, 617.3018, 2006.943, 731.2258, 397.0665, 542.5201
339.2, 46.99563, 386.9872, 1173.638, 518.3689, 219.9731, 1887.724, 585.6611, 2032.867, 694.6808, 371.1532, 514.1907
339.3, 44.4143, 490.3764, 1222.024, 487.4187, 210.1848, 1779.178, 561.2195, 2036.841, 659.9623, 346.931, 487.3405
339.4, 41.97476, 465.946, 1290.456, 458.3164, 200.832, 1712.29, 554.6077, 1983.584, 626.979, 324.2896, 461.8924
339.5, 39.66921, 442.7326, 1215.469, 464.9753, 191.8955, 1613.832, 526.1805, 1879.076, 595.6441, 303.1259, 437.7732
339.6, 37.4903, 444.2408, 1213.661, 444.7802, 183.3566, 1522.206, 499.2103, 1780.073, 565.8752, 283.3433, 414.9134
339.7, 35.43107, 429.6034, 1143.136, 418.2237, 195.6745, 1508.114, 473.6226, 1767.258, 537.5942, 264.8518, 393.2473
339.8, 33.48495, 408.2006, 1076.71, 393.2529, 186.9674, 1421.397, 449.3463, 1674.147, 607.1398, 247.5671, 372.7126
339.9, 31.64572, 387.8641, 1041.412, 369.7729, 178.6478, 1479.44, 432.7745, 1646.026, 631.911, 231.4104, 353.2502
340, 29.90752, 368.5408, 1087.847, 427.4174, 170.6984, 1488.914, 410.592, 1559.302, 600.3296, 216.3081, 334.804
340.1, 28.26479, 354.5782, 1024.633, 461.9885, 163.1027, 2046.086, 389.5465, 1477.148, 570.3265, 202.1914, 317.3211
340.2, 26.71229, 366.0213, 1071.911, 434.4046, 155.845, 2149.084, 389.925, 1461.24, 541.823, 188.996, 300.7512
340.3, 79.54218, 347.7862, 1009.624, 408.4676, 148.9102, 2082.471, 369.9388, 1528.017, 616.6859, 176.6618, 285.0464
340.4, 75.17316, 330.4596, 950.9554, 415.3234, 142.2841, 2044.114, 350.9771, 1447.511, 585.8654, 165.1325, 270.1618
340.5, 71.04413, 313.9961, 1017.673, 435.9357, 231.704, 1938.828, 332.9872, 1371.247, 556.5853, 154.3557, 256.0544
340.6, 67.14189, 298.3529, 971.4095, 409.9073, 256.9311, 1827.344, 315.9195, 1299, 528.7685, 144.2821, 242.6837
340.7, 63.45399, 283.489, 914.9619, 385.433, 470.2628, 1796.358, 393.882, 1390.662, 502.3419, 134.866, 230.0112
340.8, 59.96865, 269.3656, 861.7944, 362.42, 449.3372, 1693.203, 373.693, 1317.393, 477.2361, 126.0644, 218.0004
340.9, 56.67476, 255.9459, 811.7165, 405.6506, 442.9254, 1609.459, 354.5388, 1355.143, 453.385, 117.8372, 206.6168
341, 53.56178, 243.1947, 889.3353, 381.4304, 423.2162, 1516.915, 336.3664, 1283.745, 430.7259, 110.1469, 195.8276
341.1, 50.6198, 231.0788, 837.6569, 358.6564, 404.384, 1450.164, 319.1254, 1216.109, 409.1992, 102.9585, 185.6018
341.2, 47.83941, 219.5665, 788.9816, 337.2421, 386.3899, 1366.778, 302.7682, 1260.975, 388.7484, 96.23923, 175.91
341.3, 45.21173, 208.6277, 743.1347, 409.2898, 369.1964, 1288.188, 287.2494, 1194.538, 369.3197, 89.95847, 166.7242
341.4, 44.9366, 198.2339, 775.124, 384.8524, 596.0719, 1364.912, 272.526, 1131.602, 478.8721, 84.08762, 158.0182
341.5, 75.41198, 188.3579, 730.0824, 361.874, 582.0451, 1406.355, 258.5573, 1113.199, 454.9392, 78.5999, 149.7667
341.6, 117.8329, 178.974, 707.345, 340.2676, 698.766, 1325.489, 245.3045, 1149.954, 432.2025, 73.47032, 141.9462
341.7, 125.2819, 234.5743, 704.6848, 327.2822, 667.6725, 1249.273, 232.7311, 1089.367, 456.9471, 68.67551, 134.534
341.8, 118.4005, 445.2699, 758.1633, 307.7411, 728.0154, 1245.412, 220.8021, 1090.664, 521.0845, 64.19361, 127.5088
341.9, 111.8971, 518.5491, 714.1073, 289.3669, 695.6204, 1173.8, 209.4846, 1087.082, 495.0419, 60.00422, 120.8505
342, 105.7509, 592.2104, 672.6113, 272.0897, 664.6669, 1106.306, 503.7269, 1029.807, 470.3009, 56.08823, 114.5399
342.1, 99.94237, 562.7066, 633.5266, 255.844, 647.6489, 1042.693, 1370.845, 1302.735, 446.7964, 52.4278, 108.5589
342.2, 94.45284, 534.6727, 596.713, 240.5684, 634.6052, 1123.653, 1364.553, 1840.721, 424.4666, 49.00626, 102.8901
342.3, 89.26482, 508.0354, 659.3261, 226.2048, 606.3667, 1059.042, 1294.611, 1846.341, 403.2528, 45.80802, 97.51734
342.4, 84.36178, 482.7251, 621.0134, 212.6988, 579.3848, 998.1469, 1228.254, 1857.581, 383.0992, 42.8185, 92.42515
342.5, 79.72804, 458.6758, 619.0021, 199.9992, 553.6035, 940.7529, 1165.298, 1784.957, 415.1747, 40.02409, 87.59886
342.6, 75.34882, 435.8247, 649.7033, 188.0578, 528.9694, 887.1296, 1297.252, 1831.595, 394.4253, 37.41204, 83.0246
342.7, 71.21014, 414.112, 679.2712, 176.8295, 505.4314, 836.1192, 1230.759, 1747.696, 404.4349, 34.97046, 78.68919
342.8, 67.29877, 393.481, 639.7995, 166.2715, 482.9409, 833.856, 1320.1, 1841.507, 384.2222, 1546.166, 727.3329
342.9, 63.60226, 373.8778, 643.4445, 156.344, 461.4511, 785.9088, 1352.865, 1744.484, 365.0197, 1558.665, 775.2836
343, 60.10878, 355.2513, 679.7996, 147.0092, 440.9176, 740.7186, 1283.522, 1652.573, 385.2489, 1614.95, 849.4786
343.1, 56.80718, 337.5528, 710.4347, 138.2317, 421.2977, 698.1269, 1325.077, 1565.504, 385.4696, 1676.206, 805.1203
343.2, 53.68694, 320.7359, 669.1521, 170.112, 446.6992, 657.9842, 1450.441, 1567.958, 412.834, 1566.813, 763.0782
343.3, 50.73808, 304.7569, 630.2684, 159.9551, 489.175, 620.1497, 1376.096, 1599.126, 392.2016, 1464.56, 723.2316
343.4, 47.95119, 289.574, 593.6442, 150.4047, 467.4078, 584.4908, 1477.969, 1514.874, 372.6003, 1368.98, 685.4656
343.5, 45.31737, 275.1475, 563.7012, 186.7676, 446.6092, 550.8823, 1409.318, 1435.06, 353.9786, 1279.638, 649.6718
343.6, 42.82822, 261.4397, 530.9451, 175.6163, 426.7361, 519.2062, 1337.081, 1359.452, 418.8414, 1452.804, 615.747
343.7, 40.4758, 248.4148, 500.0925, 165.1308, 407.7473, 527.6047, 1268.547, 1287.827, 472.7326, 1357.992, 785.6545
343.8, 38.25259, 236.0388, 471.0326, 155.2713, 389.6035, 516.5792, 1203.526, 1304.986, 449.1066, 1314.149, 744.629
343.9, 36.15149, 230.1438, 443.6614, 146.0006, 372.267, 486.8756, 1290.684, 1271.929, 426.6613, 1355.013, 705.7457
344, 34.16579, 218.6781, 417.8807, 137.2833, 355.702, 458.88, 1234.391, 1275.171, 405.3378, 1422.161, 668.8928
344.1, 32.28917, 207.7836, 476.1487, 129.0866, 339.874, 450.9931, 1171.12, 1227.363, 430.8729, 1443.291, 633.9644
344.2, 30.51562, 216.8707, 448.4803, 121.3792, 324.7504, 425.0608, 1111.093, 1189.482, 442.2787, 1349.099, 716.6642
344.3, 28.83949, 213.6151, 425.5999, 114.132, 310.2997, 400.6196, 1054.142, 1126.812, 482.7543, 1261.054, 679.2413
344.4, 27.25542, 222.6268, 522.8234, 107.3176, 318.1949, 377.5837, 1000.11, 1185.029, 458.6274, 1178.755, 721.2022
344.5, 25.75837, 211.5356, 532.2863, 100.91, 304.036, 355.8725, 1184.253, 1122.594, 435.7063, 1388.09, 683.5422
344.6, 24.34354, 200.9969, 516.8934, 94.88493, 290.5071, 335.4096, 1160.599, 1118.617, 502.2568, 1297.501, 647.8488
344.7, 23.00642, 566.5747, 505.588, 89.21964, 277.5802, 316.1234, 1123.017, 1129.499, 477.1552, 1212.824, 753.0953
344.8, 21.74274, 603.477, 476.2088, 83.89261, 265.2285, 297.9461, 1198.017, 1069.989, 607.1921, 1445.037, 766.0016
344.9, 20.54848, 573.4119, 448.5368, 78.88364, 253.4264, 280.8141, 1422.199, 1095.805, 576.8461, 1611.888, 963.6816
345, 19.41982, 544.8446, 468.0842, 74.17374, 242.1495, 264.6671, 1349.302, 1084.684, 548.0167, 1506.693, 913.3598
345.1, 18.35314, 554.0175, 480.3746, 69.74505, 231.3744, 249.4486, 1280.141, 1035.056, 685.3076, 1694.273, 865.6657
345.2, 17.34506, 526.4164, 452.4605, 65.58079, 221.0788, 235.1051, 1282.116, 1115.857, 651.0576, 1583.702, 820.4621
345.3, 16.39235, 500.1905, 426.1685, 61.66516, 211.2413, 221.5865, 1216.399, 1089.468, 618.5193, 1480.347, 777.619
345.4, 15.49197, 533.2898, 401.4043, 57.98332, 201.8415, 208.8451, 1154.051, 1086.907, 666.5106, 1383.736, 737.013
345.5, 14.64104, 622.5562, 378.0792, 54.52132, 192.86, 196.8364, 1122.632, 1029.641, 710.5851, 1293.431, 698.5274
345.6, 13.83685, 591.5405, 359.6589, 51.26602, 184.2782, 185.5182, 1065.089, 1011.544, 675.0717, 1209.019, 662.0515
345.7, 13.07683, 562.0701, 338.7596, 48.20508, 176.0782, 174.8508, 1115.326, 1113.901, 641.3333, 1130.116, 627.4802
345.8, 12.35856, 534.0678, 319.0746, 45.3269, 168.2431, 164.7968, 1058.159, 1055.213, 609.2809, 1056.363, 594.7142
345.9, 11.67974, 507.4606, 323.0947, 42.62057, 160.7567, 155.3209, 1003.921, 999.6177, 578.8306, 987.4225, 563.6592
346, 11.03821, 482.179, 304.32, 40.07583, 153.6034, 146.3898, 952.4636, 946.9511, 549.902, 922.9814, 534.2259
346.1, 10.43192, 458.157, 389.1157, 37.68303, 146.7684, 137.9724, 903.6437, 897.0594, 522.4192, 862.7459, 506.3295
346.2, 9.858922, 435.3317, 401.6455, 35.43309, 140.2375, 130.0389, 857.3261, 995.8806, 496.3099, 806.4415, 479.8899
346.3, 9.317401, 413.6435, 383.6589, 33.31749, 133.9973, 122.5616, 813.3826, 943.4109, 471.5056, 753.8116, 454.8308
346.4, 8.805624, 393.0359, 361.3649, 31.32821, 128.0347, 115.5142, 771.6915, 893.7057, 447.9408, 704.6164, 431.0803
346.5, 8.321958, 373.4549, 340.3664, 29.4577, 122.3375, 108.8721, 732.1373, 846.6193, 425.5538, 658.6318, 408.57
346.6, 7.864858, 354.8494, 320.588, 27.69887, 116.8937, 102.6119, 694.6105, 802.0137, 404.2857, 615.6482, 692.7051
346.7, 7.432865, 337.1709, 301.959, 26.04505, 111.6922, 96.71164, 659.0072, 759.7582, 384.0804, 575.4698, 656.5332
346.8, 7.0246, 320.3731, 284.4125, 24.48998, 106.7222, 91.15067, 625.2288, 719.7291, 492.1039, 836.7408, 622.2501
346.9, 6.63876, 304.4122, 267.8856, 23.02776, 101.9733, 85.90945, 985.4362, 681.8089, 467.5098, 1659.428, 1038.324
347, 6.274113, 340.0352, 252.319, 21.65284, 97.4357, 80.96961, 934.9262, 1453.149, 444.1447, 2038.487, 984.1041
347.1, 5.929494, 323.0947, 237.6571, 20.36002, 93.10003, 76.31381, 887.2061, 1947.248, 421.9474, 1905.451, 1052.356
347.2, 5.603805, 306.9982, 223.8471, 19.14439, 88.95729, 71.92573, 841.7311, 1981.776, 400.8595, 1781.098, 1069.25
347.3, 5.296005, 291.7036, 210.8396, 18.00133, 84.99889, 67.78996, 802.019, 1947.298, 380.8255, 1892.941, 1013.416
347.4, 5.005111, 277.171, 198.5879, 16.92653, 81.21664, 63.892, 760.9103, 1844.701, 361.7928, 1769.404, 1024.669
347.5, 4.730196, 263.3623, 187.0482, 15.9159, 77.60268, 60.21818, 721.9088, 1805.62, 481.1166, 1791.562, 971.1628
347.6, 4.47038, 258.7797, 176.179, 14.96561, 74.14954, 56.7556, 684.9062, 1888.777, 457.0715, 1674.641, 920.4503
347.7, 4.224836, 321.1127, 165.9414, 14.07206, 70.85006, 53.49212, 649.8004, 1789.263, 434.2282, 1565.351, 872.3859
347.8, 3.992778, 406.4792, 156.2987, 13.23186, 67.6974, 50.4163, 735.4492, 1816.499, 412.5265, 1463.193, 917.2141
347.9, 3.773467, 523.7836, 147.2164, 12.44182, 64.68501, 88.68212, 697.7527, 1720.794, 391.9094, 1367.702, 980.916
348, 3.566202, 844.421, 138.6618, 11.69896, 116.3151, 83.58285, 661.9883, 1866.792, 549.9268, 1278.443, 929.6942
348.1, 34.46328, 1142.342, 130.6043, 439.6917, 111.1394, 208.2232, 759.9713, 2250.042, 522.4428, 1379.685, 917.6337
348.2, 35.44227, 1085.431, 123.015, 1605.234, 106.1939, 196.2503, 760.3058, 2150.408, 496.3324, 1289.644, 1191.712
348.3, 33.49553, 1031.355, 115.8668, 1737.814, 101.4685, 184.9658, 1019.409, 2196.605, 471.5269, 1401.51, 1751.166
348.4, 31.65572, 979.973, 109.1339, 1713.121, 96.95341, 232.6685, 1026.673, 2080.873, 840.4933, 1310.044, 2091.155
348.5, 29.91697, 1022.828, 102.7922, 1692.18, 92.6392, 219.2899, 1242.215, 1971.239, 798.4875, 1467.275, 2037.082
348.6, 28.27372, 971.8707, 96.81907, 1591.145, 88.51697, 206.6806, 1274.555, 1867.381, 758.581, 1438.7, 2086.088
348.7, 26.72073, 1048.116, 91.19302, 1511.925, 84.57816, 194.7964, 1223.14, 2235.789, 720.6689, 1547.229, 2312.588
348.8, 25.25304, 995.899, 85.89389, 1450.105, 80.81463, 277.2519, 1160.446, 2240.187, 684.6516, 1591.812, 2292.388
348.9, 23.86597, 962.661, 80.90269, 1578.113, 77.21856, 261.3098, 1218.029, 2303.269, 650.4344, 1724.826, 2205.816
349, 22.55508, 914.7014, 76.20152, 1483.889, 73.78251, 506.318, 1155.597, 2181.917, 617.9272, 2329.958, 2481.274
349.1, 21.3162, 897.3557, 71.77353, 1395.291, 70.49935, 1469.5, 1096.365, 2066.959, 587.0447, 2245.744, 2455.405
349.2, 20.14536, 852.6495, 67.60284, 1473.169, 67.36229, 1606.226, 1040.169, 1958.058, 557.7056, 2130.288, 2327.188
349.3, 19.03884, 810.1707, 63.67451, 1385.211, 287.7201, 1630.385, 986.8538, 1854.894, 529.8328, 2060.272, 2305.297
349.4, 17.99309, 863.818, 59.97446, 1851.325, 274.9172, 1692.069, 936.2711, 1757.166, 503.3531, 1925.815, 2348.285
349.5, 115.9431, 820.7827, 56.48941, 2861.047, 613.0342, 1692.925, 940.1771, 1765.577, 478.1967, 1889.125, 2225.662
349.6, 1092.619, 779.8915, 95.70107, 2831.032, 723.2513, 1656.238, 935.6463, 1748.958, 454.2976, 2235.024, 2109.441
349.7, 1223.818, 763.8298, 90.13998, 2870.325, 766.1232, 1747.593, 887.6884, 1656.811, 431.5929, 2089.162, 2392.068
349.8, 1305.512, 738.336, 84.90205, 2816.778, 732.0325, 1647.106, 842.1886, 1569.519, 410.0229, 1952.819, 2722.356
349.9, 1285.37, 810.7562, 79.96848, 2648.597, 699.4587, 1668.305, 799.021, 1486.826, 389.5309, 1825.375, 2832.691
350, 1214.769, 770.3644, 103.576, 2672.992, 668.3344, 1572.376, 777.9717, 1479.61, 370.0631, 1706.247, 2684.773
350.1, 1689.292, 731.985, 97.55734, 2607.658, 1528.871, 1481.964, 738.0956, 1469.438, 351.5682, 1594.894, 2726.164
350.2, 1891.96, 695.5177, 91.88839, 2451.963, 2001.753, 1396.75, 700.2634, 1392.019, 333.9977, 1490.808, 2583.808
350.3, 1823.868, 660.8671, 86.54885, 2375.101, 2155.863, 1329.927, 685.3343, 1404.971, 317.3053, 1393.515, 2549.319
350.4, 1746.417, 627.9428, 81.51959, 2233.291, 2189.457, 1253.455, 650.2065, 1368.868, 301.4471, 1302.572, 2416.198
350.5, 1890.812, 596.6588, 76.78258, 2315.829, 2567.876, 1255.635, 616.8792, 1353.159, 286.3815, 1217.564, 2428.653
350.6, 1800.258, 566.9333, 85.04668, 2325.474, 2807.072, 1244.84, 585.2601, 1281.866, 272.0688, 1138.103, 2344.664
350.7, 1877.09, 538.6888, 88.48026, 2326.559, 3092.316, 1183.048, 559.5056, 1214.328, 258.4715, 1063.828, 2248.369
350.8, 1946.776, 511.8515, 83.33876, 2187.647, 3745.227, 1218.088, 530.8273, 1150.349, 245.5537, 994.4008, 2340.026
350.9, 1931.943, 536.2831, 78.49603, 2141.98, 3777.447, 1148.047, 561.9014, 1089.741, 233.2815, 929.5043, 2217.833
351, 1912.821, 509.5656, 73.93472, 2180.134, 3909.215, 1354.562, 533.1003, 1172.644, 221.6227, 868.8431, 2188.164
351.1, 1969.395, 484.1791, 69.63845, 2128.759, 3888.878, 1665.52, 505.7755, 1250.938, 210.5465, 812.1408, 2110.55
351.2, 2425.81, 460.0574, 65.59184, 2076.973, 4162.397, 1860.837, 479.8512, 1185.03, 200.0239, 759.139, 2032.129
351.3, 2434.318, 437.1374, 61.78036, 1952.963, 4993.5, 1868.09, 488.4583, 1157.312, 190.0272, 709.5961, 2029.017
351.4, 2569.088, 415.3593, 58.19037, 2159.802, 5731.179, 1963.497, 470.9387, 1164.681, 180.5301, 663.2866, 1923.065
351.5, 2513.157, 500.0908, 54.80899, 2037.849, 6056.344, 1943.699, 446.8, 1130.422, 171.5076, 619.9992, 1822.646
351.6, 2461.22, 475.1763, 51.6241, 1944.826, 5851.216, 1928.03, 423.8986, 1070.864, 162.9361, 1095.539, 1924.729
351.7, 2447.88, 451.5031, 48.62428, 1828.706, 5592.437, 1817.168, 402.1711, 1014.444, 154.7929, 1721.065, 2117.71
351.8, 2313.426, 469.9753, 45.79878, 1869.612, 5776.492, 1886.303, 452.5642, 960.9962, 147.0567, 1608.745, 2042.866
351.9, 2302.201, 516.5931, 96.05077, 1757.983, 5519.451, 1877.775, 429.3674, 910.3644, 139.7072, 1554.894, 2043.585
352, 2198.225, 561.8738, 90.46937, 1690.18, 5564.19, 1780.445, 407.3595, 915.2676, 132.725, 1775.207, 2635.548
352.1, 2180.657, 533.8813, 85.21229, 1692.7, 5452.557, 1854.51, 386.4797, 867.0452, 126.0917, 1811.498, 2620.487
352.2, 2077.004, 526.0175, 150.0182, 1591.635, 5378.802, 1781.116, 366.6701, 920.5572, 119.7899, 1693.276, 2726.844
352.3, 1962.92, 499.8114, 141.3008, 1613.238, 5186.363, 1873.814, 347.8759, 872.0561, 113.8031, 1636.691, 2584.453
352.4, 1855.103, 490.4338, 133.09, 1613.005, 5030.86, 1817.938, 330.045, 826.1104, 108.1155, 1579.675, 2449.497
352.5, 1913.305, 510.4603, 125.3562, 1516.697, 4806.999, 1808.564, 313.1281, 782.5853, 102.7122, 1986.631, 2321.588
352.6, 1808.213, 487.635, 118.0719, 1505.675, 4925.601, 1836.599, 297.0782, 741.3535, 97.57886, 2380.015, 2307.762
352.7, 1734.2, 463.3411, 111.2109, 1415.776, 4896.085, 1954.888, 281.851, 702.2941, 92.7021, 2224.69, 2254.842
352.8, 1887.005, 440.2575, 104.7485, 1361.685, 4839.576, 2048.824, 267.4044, 665.2925, 88.06908, 2079.503, 2390.635
352.9, 1783.357, 418.324, 98.66172, 1525.086, 5163.774, 2135.873, 253.6982, 630.2405, 83.66759, 1943.791, 2298.78
353, 1856.901, 457.5673, 92.9286, 1570.655, 5064.331, 2306.905, 240.6945, 597.0352, 79.48609, 1816.935, 2257.967
353.1, 2359.651, 434.7714, 133.3431, 1535.258, 4838.98, 2942.839, 228.3573, 565.5794, 75.51357, 1698.359, 2140.059
353.2, 2833.969, 413.1111, 125.5947, 1443.593, 4644.12, 3474.763, 216.6525, 535.7809, 71.73958, 1587.52, 2221.437
353.3, 2871.15, 392.53, 118.2965, 1859.884, 5235.104, 3491.213, 205.5477, 593.4544, 68.15421, 1483.916, 2357.83
353.4, 3065.182, 394.3999, 111.4225, 1823.179, 5089.687, 3682.063, 195.012, 562.1873, 64.74802, 1387.073, 2234.708
353.5, 2931.302, 374.7509, 104.9478, 1953.03, 5037.674, 3591.208, 185.0164, 532.5674, 61.51207, 1296.55, 2118.015
353.6, 2954.949, 356.0809, 98.84941, 1836.421, 4813.509, 3538.156, 175.5331, 504.5082, 58.43785, 1211.934, 2094.045
353.7, 2913.834, 338.341, 93.10538, 1827.784, 4913.826, 3362.771, 166.5359, 477.9274, 55.51727, 1132.841, 2229.8
353.8, 2838.365, 321.485, 87.69512, 1836.179, 5007.332, 3363.752, 157.9999, 452.7469, 52.74265, 1058.91, 2113.364
353.9, 2729.566, 305.4686, 82.59925, 1763.579, 5104.236, 3242.819, 149.9014, 428.8932, 50.10669, 989.8033, 2003.007
354, 2692.224, 290.2502, 77.7995, 1944.857, 5445.029, 3232.455, 142.2179, 406.2963, 47.60248, 925.2069, 1997.381
354.1, 2714.606, 275.79, 73.27866, 1828.735, 5272.66, 3141.806, 134.9283, 384.8899, 45.22342, 864.8262, 1983.854
354.2, 2641.422, 262.0502, 185.6172, 1719.547, 5038.039, 3071.786, 128.0124, 797.3456, 42.96326, 808.386, 1880.26
354.3, 2496.336, 248.9949, 174.8312, 1616.878, 4813.857, 3110.436, 121.4509, 975.167, 40.81606, 755.6292, 1782.076
354.4, 2359.22, 236.59, 164.6719, 1520.339, 4599.652, 2931.584, 115.2258, 986.9689, 38.77617, 706.3154, 1689.019
354.5, 2389.923, 224.8032, 155.103, 1429.565, 4518.982, 2784.257, 109.3197, 1043.149, 36.83823, 969.4016, 1600.821
354.6, 2258.652, 213.6035, 146.0901, 1458.22, 4395.298, 2624.16, 103.7164, 1201.398, 34.99715, 906.1365, 1517.229
354.7, 2134.591, 202.9618, 137.601, 1478.985, 4199.718, 2626.223, 98.40024, 1278.047, 33.24807, 847.0004, 1595.045
354.8, 2086.992, 192.8503, 129.6051, 1450.632, 4369.275, 2523.677, 93.35659, 1331.611, 31.58641, 791.7235, 1719.951
354.9, 1972.36, 183.2425, 122.0739, 1413.037, 4268.869, 2378.564, 88.57146, 1378.113, 30.0078, 1195.624, 2267.297
355, 1864.024, 174.1134, 114.9803, 1328.669, 4335.544, 2325.45, 84.03159, 1305.505, 28.50808, 1117.595, 2379.12
355.1, 1761.639, 165.4391, 108.299, 1365.855, 4142.622, 2376.617, 79.72443, 1331.52, 27.08332, 1044.658, 2254.887
355.2, 1832.886, 157.197, 102.0058, 1284.304, 4165.625, 2266.26, 75.63803, 1261.366, 25.72976, 976.4821, 2172.447
355.3, 1846.494, 172.7451, 96.07838, 1230.103, 4051.808, 2135.949, 71.76109, 1271.38, 24.44385, 912.755, 2165.586
355.4, 1745.072, 164.139, 90.49537, 1156.657, 4150.393, 2013.13, 68.08287, 1204.395, 23.2222, 853.1869, 2089.468
355.5, 1699.003, 187.7527, 85.23678, 1195.592, 3969.82, 2032.042, 64.59319, 1140.94, 22.06161, 797.5063, 2141.037
355.6, 1675.785, 178.3989, 80.28376, 1124.206, 3879.426, 1915.198, 61.28237, 1219.526, 20.95902, 745.4595, 2168.602
355.7, 1692.759, 169.5111, 75.61856, 1057.083, 3893.459, 1855.021, 58.14125, 1240.843, 19.91154, 696.8094, 2055.362
355.8, 1599.781, 161.0661, 71.22445, 993.9683, 3720.209, 1748.356, 55.16114, 1191.789, 18.91641, 651.3344, 2004.08
355.9, 1578.441, 153.0418, 67.08567, 1063.011, 4080.99, 1740.939, 52.33377, 1128.998, 17.97102, 608.827, 1899.431
356, 1508.738, 145.4173, 63.18739, 1046.516, 3922.55, 1662.985, 49.65133, 1069.514, 17.07287, 569.0938, 1929.335
356.1, 1425.868, 138.1726, 59.51564, 1018.637, 3859.339, 1598.46, 47.10637, 1013.165, 16.21961, 531.9537, 1828.588
356.2, 1347.549, 131.2889, 56.05725, 957.8172, 3880.973, 1623.371, 44.69187, 1125.972, 15.40899, 497.2374, 1800.148
356.3, 1273.532, 124.7481, 52.79982, 900.6289, 3781.024, 1667.602, 42.40112, 1066.648, 14.63888, 464.7867, 1805.159
356.4, 1203.581, 118.5332, 124.5705, 882.455, 3885.693, 1611.515, 40.22779, 1010.45, 13.90727, 434.4539, 1758.893
356.5, 1242.366, 112.6279, 117.3319, 941.8549, 3774.805, 1594.503, 38.16585, 957.2126, 13.21222, 406.1006, 1667.046
356.6, 1174.127, 107.0168, 110.5139, 929.4084, 3606.835, 1560.123, 36.20961, 906.7803, 12.5519, 379.5977, 1614.012
356.7, 1123.818, 101.6852, 104.092, 943.4185, 3559.819, 1514.978, 34.35363, 859.005, 11.92459, 354.8244, 1574.95
356.8, 1137.297, 96.61928, 98.04333, 887.0899, 3746.147, 1636.372, 32.59278, 871.3582, 11.32863, 331.6679, 1492.708
356.9, 1119.816, 91.80573, 92.34615, 834.1245, 3669.541, 1560.586, 30.92219, 825.4492, 10.76245, 310.0226, 1683.571
357, 1058.307, 87.23198, 86.98001, 817.1758, 3508.408, 1470.852, 29.33723, 781.959, 10.22457, 289.79, 1595.657
357.1, 1017.682, 82.8861, 81.9257, 911.4222, 3362.928, 1414.367, 27.83351, 763.8292, 9.713568, 270.8777, 1512.335
357.2, 984.5997, 78.75673, 77.16508, 857.004, 3470.895, 1401.357, 26.40686, 723.5856, 9.228106, 253.1998, 1433.363
357.3, 1057.66, 74.83308, 72.68111, 889.4385, 3476.097, 1320.778, 25.05334, 685.4622, 8.766908, 236.6755, 1358.516
357.4, 999.5659, 71.10491, 68.45769, 836.3329, 3453.808, 1252.134, 23.76919, 696.9337, 8.328758, 221.2296, 1287.576
357.5, 944.6627, 67.56248, 64.47968, 800.7133, 3394.242, 1354.323, 22.55087, 660.2145, 7.912507, 206.7917, 1220.341
357.6, 892.7753, 64.19653, 60.73284, 752.9052, 3520.188, 1276.448, 21.39499, 642.1729, 7.517059, 193.2961, 1156.617
357.7, 893.9903, 60.99826, 57.20372, 707.9515, 3427.537, 1263.308, 20.29836, 732.508, 7.141374, 180.6812, 1096.22
357.8, 844.8861, 57.95934, 53.87967, 738.3183, 3290.928, 1190.667, 19.25793, 787.2907, 6.784465, 168.8896, 1038.978
357.9, 798.4791, 220.726, 50.74878, 694.2356, 3286.694, 1122.203, 18.27084, 745.811, 6.445394, 157.8676, 984.7239
358, 775.4041, 209.7295, 47.79982, 652.7849, 3343.448, 1148.361, 17.33434, 706.5167, 6.123269, 147.5648, 933.3032
358.1, 732.8134, 199.2808, 45.02223, 805.8975, 3232.317, 1082.33, 16.44584, 805.3777, 5.817242, 137.9345, 884.5677
358.2, 789.0312, 189.3526, 42.40604, 1747.689, 3340.646, 1134.202, 15.60289, 1388.506, 5.52651, 128.9326, 838.3771
358.3, 745.6921, 179.9191, 39.94187, 2112.347, 3241.511, 1138.924, 14.80314, 1466.871, 5.250309, 120.5182, 794.5984
358.4, 717.7831, 170.9556, 37.62089, 2270.743, 3132.09, 1083.709, 14.04438, 1412.363, 4.987911, 112.653, 753.1058
358.5, 679.0903, 162.4386, 35.43478, 2233.133, 3113.163, 1021.395, 13.32452, 1366.536, 4.738627, 105.301, 713.7799
358.6, 655.2999, 154.3459, 33.3757, 2193.796, 3213.402, 1071.195, 12.64155, 1342.847, 4.501802, 98.42888, 676.5075
358.7, 619.3063, 146.6564, 31.43628, 2152.195, 3070.413, 1009.601, 11.99359, 1272.097, 4.276813, 92.00523, 641.1814
358.8, 585.2897, 139.3501, 29.60955, 2047.693, 2933.787, 1029.524, 11.37884, 1300.438, 4.063068, 86.00079, 607.7
358.9, 586.5977, 132.4077, 27.88897, 2001.476, 2955.818, 1007.32, 10.7956, 1231.922, 3.860006, 80.38822, 575.9669
359, 554.3777, 125.8111, 26.26837, 2004.848, 2879.412, 949.3983, 10.24225, 1167.016, 3.667092, 75.14194, 545.8909
359.1, 523.9274, 119.5432, 24.74194, 2000.781, 2751.285, 894.8073, 9.717272, 1105.53, 3.483819, 70.23803, 517.3854
359.2, 495.1496, 113.5876, 23.30422, 1881.32, 2892.972, 843.3554, 9.219198, 1047.283, 3.309706, 65.65416, 490.3684
359.3, 501.6977, 107.9287, 21.95003, 1791.603, 2806.811, 858.1185, 8.746655, 1075.395, 3.144295, 61.36945, 464.7622
359.4, 523.1274, 102.5517, 20.67454, 1844.067, 2681.915, 872.8054, 8.298332, 1018.736, 2.987151, 57.36436, 440.4931
359.5, 494.3936, 97.4426, 19.47316, 1733.964, 2562.575, 822.6187, 7.872989, 994.0164, 2.83786, 53.62066, 966.1092
359.6, 467.238, 92.58803, 18.3416, 1636.883, 2498.681, 822.4816, 7.469447, 970.3475, 2.696031, 50.12127, 1010.544
359.7, 441.574, 87.97531, 17.27579, 1650.492, 2440.732, 978.6379, 7.08659, 994.46, 2.56129, 46.85026, 957.7748
359.8, 417.3197, 83.5924, 16.27191, 1601.982, 2615.396, 985.175, 6.723356, 990.7863, 2.433283, 43.79272, 1095.057
359.9, 451.632, 79.42784, 15.32637, 1545.935, 2499.017, 928.5269, 6.378741, 969.3544, 2.311673, 40.93473, 1037.875
360, 426.8253, 75.47076, 14.43577, 1534.144, 2430.94, 875.1361, 6.051789, 918.2823, 2.196141, 38.26325, 983.6789
360.1, 403.381, 71.71082, 13.59692, 1578.613, 2408.009, 824.8153, 5.741595, 869.9011, 2.086383, 35.76612, 932.3129
360.2, 403.2171, 68.13819, 12.80682, 1484.359, 2300.858, 777.388, 5.447301, 921.7, 1.982111, 33.43195, 883.629
360.3, 391.0336, 64.74356, 12.06263, 1402.838, 2373.314, 915.923, 5.168092, 873.1386, 1.88305, 31.25012, 837.4874
360.4, 467.5085, 61.51805, 11.36168, 1397.333, 2359.31, 934.3557, 4.903193, 863.4705, 1.788939, 29.21068, 793.7552
360.5, 509.4868, 58.45323, 10.70147, 1332.433, 2254.326, 880.6297, 4.651873, 875.5852, 1.699533, 27.30433, 752.3067
360.6, 523.8856, 55.5411, 10.07962, 1266.37, 2259.708, 830.5214, 4.413435, 829.4535, 1.614594, 25.5224, 831.2332
360.7, 495.1101, 52.77405, 9.4939, 1324.888, 2268.264, 814.9307, 4.187217, 904.8943, 1.5339, 23.85676, 787.8276
360.8, 467.9152, 50.14486, 8.94222, 1245.783, 2167.332, 808.2475, 3.972595, 857.2184, 1.45724, 22.29982, 746.6886
360.9, 442.214, 47.64665, 8.422597, 1186.66, 2167.007, 856.5611, 3.768974, 838.034, 1.384411, 20.8445, 863.1892
361, 417.9245, 45.2729, 7.933169, 1271.48, 2070.58, 807.3083, 3.57579, 793.8807, 1.315221, 19.48414, 818.1149
361.1, 466.2129, 43.01741, 7.472181, 1268.389, 2150.409, 760.8877, 3.392507, 752.0538, 1.249489, 18.21257, 775.3943
361.2, 441.2022, 40.87429, 7.037981, 1263.464, 2301.549, 717.1362, 3.218619, 758.2493, 1.187043, 17.02398, 734.9045
361.3, 421.0079, 38.83794, 6.629011, 1188.027, 2225.147, 774.0372, 3.053644, 718.2997, 1.127717, 15.91297, 696.5291
361.4, 397.8832, 36.90305, 6.243806, 1162.65, 2164.29, 729.5297, 2.897125, 680.4548, 1.071357, 14.87446, 660.1575
361.5, 417.8535, 35.06454, 5.880985, 1248.471, 2143.478, 707.7473, 2.748629, 707.8833, 1.017813, 13.90372, 625.6852
361.6, 394.9021, 33.31763, 5.539248, 1173.929, 2089.319, 669.0132, 2.607744, 670.5873, 0.966945, 12.99634, 593.0129
361.7, 415.7181, 31.65775, 5.217368, 1111.354, 2097.644, 630.5446, 2.47408, 718.8746, 0.9186194, 12.14817, 833.2996
361.8, 431.1011, 30.08057, 4.914192, 1164.652, 2004.303, 623.5416, 2.347267, 727.0396, 0.872709, 11.35536, 789.7861
361.9, 407.422, 28.58196, 4.628634, 1095.114, 1915.116, 698.504, 2.226955, 688.7343, 0.8290931, 10.61429, 748.5448
362, 385.0435, 27.15801, 4.359669, 1095.518, 1980.454, 658.3397, 2.112809, 652.4472, 0.787657, 9.921578, 709.457
362.1, 363.8943, 25.805, 4.106334, 1030.108, 2058.931, 642.7288, 2.004514, 691.1416, 0.7482918, 9.274077, 672.4104
362.2, 343.9066, 24.5194, 3.867719, 968.6033, 1967.314, 689.0613, 1.901769, 654.7277, 0.710894, 8.668834, 637.2983
362.3, 325.0169, 23.29785, 3.64297, 910.771, 1920.522, 649.4399, 1.804291, 620.2322, 0.6753652, 8.103089, 604.0197
362.4, 307.1647, 22.13716, 3.431281, 925.6171, 1849.484, 612.0968, 1.71181, 682.2503, 0.6416121, 7.574266, 572.4788
362.5, 290.293, 21.03429, 3.231893, 924.6786, 1964.037, 597.7678, 1.624068, 646.3048, 0.6095458, 7.079956, 542.5849
362.6, 274.3481, 19.98636, 3.044091, 869.4689, 1876.642, 563.3959, 1.540824, 612.2532, 0.5790822, 6.617904, 514.252
362.7, 259.279, 18.99064, 2.867202, 817.5555, 1793.135, 575.3725, 1.461847, 579.9956, 0.550141, 6.186007, 487.3987
362.8, 245.0376, 18.04453, 2.700592, 768.7418, 1781.934, 723.5089, 1.386918, 549.4376, 0.5226463, 5.782297, 461.9475
362.9, 231.5784, 17.14556, 2.543664, 722.8426, 1702.642, 878.3912, 1.31583, 520.4895, 0.4965257, 5.404933, 437.8254
363, 218.8585, 16.29137, 2.395854, 679.6839, 1626.879, 849.4874, 1.248385, 493.0666, 0.4717105, 5.052197, 414.9629
363.1, 206.8372, 15.47974, 2.256634, 639.1021, 1683.673, 800.6414, 1.184397, 467.0886, 0.4481356, 4.722481, 393.2942
363.2, 195.4763, 14.70854, 2.125503, 600.9432, 1608.753, 754.6041, 1.123689, 476.2578, 0.4257388, 4.414283, 372.757
363.3, 184.7394, 13.97576, 2.001993, 565.0627, 1604.293, 711.214, 1.066092, 451.1654, 0.4044614, 4.126198, 353.2923
363.4, 174.5922, 13.27949, 1.885659, 531.3246, 1599.811, 670.3188, 1.011448, 606.8106, 0.3842474, 3.856915, 334.8439
363.5, 165.0024, 12.61791, 1.776085, 499.6008, 1629.576, 631.7751, 0.9596051, 624.5522, 0.3650437, 3.605205, 555.3728
363.6, 155.9393, 35.39618, 1.672879, 469.7712, 1592.419, 595.4477, 0.9104191, 653.2507, 0.3467997, 796.1069, 772.869
363.7, 147.374, 33.63275, 1.57567, 441.7226, 1521.56, 561.2091, 0.8637542, 618.8331, 0.3294674, 2089.542, 1064.464
363.8, 139.2792, 31.95717, 1.484109, 415.3487, 1453.854, 528.9393, 38.98468, 586.2288, 0.3130015, 2262.353, 1008.879
363.9, 131.629, 30.36507, 1.397869, 402.9815, 1531.812, 498.525, 36.98646, 555.3423, 0.2973584, 2352.781, 1030.004
364, 124.399, 28.85229, 1.316641, 393.7715, 1463.65, 525.7173, 35.09067, 546.4693, 0.2824971, 2366.447, 1153.026
364.1, 117.5662, 27.41488, 1.240132, 370.2607, 1398.521, 495.4883, 33.29205, 517.6776, 0.2683786, 2389.859, 1092.817
364.2, 111.1086, 26.04907, 1.168069, 348.1535, 1359.343, 466.9974, 31.58561, 587.1866, 0.2549657, 2233.892, 1220.395
364.3, 105.0057, 24.75131, 1.100194, 380.0632, 1460.028, 494.4706, 29.96665, 556.2497, 0.2422231, 2196.916, 1156.668
364.4, 99.2381, 23.5182, 1.036263, 357.3708, 1550.862, 468.4791, 28.43066, 526.9427, 0.2301174, 2053.541, 1096.269
364.5, 93.78725, 22.34653, 0.9760469, 383.2514, 1545.596, 441.5413, 26.97341, 499.1799, 0.2186167, 1996.831, 1039.024
364.6, 88.6358, 21.23323, 0.9193298, 404.8535, 1476.82, 429.1102, 25.59084, 472.8797, 0.2076907, 1866.514, 984.7675
364.7, 83.7673, 20.17539, 0.8659086, 380.681, 1488.94, 404.4362, 24.27915, 447.9653, 0.1973109, 1893.337, 933.3446
364.8, 79.16621, 19.17026, 0.8155916, 357.9517, 1422.685, 387.9133, 23.03468, 424.3635, 0.1874497, 1831.344, 884.6069
364.9, 74.81786, 18.2152, 0.7681984, 378.1523, 1359.379, 365.6081, 21.85401, 572.1955, 0.1780814, 1774.621, 838.4142
365, 70.70834, 17.30772, 0.7235593, 355.574, 1298.89, 344.5854, 20.73385, 890.2543, 0.1691814, 1658.806, 794.6337
365.1, 66.82454, 16.44545, 0.681514, 334.3438, 1241.092, 324.7715, 19.6711, 927.5515, 0.1607261, 1550.549, 753.1392
365.2, 63.15407, 15.62614, 0.641912, 314.3811, 1185.866, 306.097, 18.66283, 878.6819, 0.1526934, 1619.881, 713.8116
365.3, 59.6852, 14.84765, 0.6046112, 295.6104, 1133.098, 288.4963, 17.70624, 832.387, 0.1450621, 1674.09, 676.5375
365.4, 56.40688, 14.10794, 0.5694779, 277.9604, 1097.653, 271.9076, 16.79868, 788.5313, 0.1378123, 1564.835, 641.2099
365.5, 53.30862, 13.40509, 0.5363861, 261.3642, 1048.81, 256.2728, 15.93764, 746.9862, 0.1309247, 1462.711, 607.727
365.6, 50.38054, 12.73725, 0.5052173, 245.759, 1002.14, 241.5369, 15.12073, 766.3443, 0.1243814, 1367.252, 575.9925
365.7, 47.61329, 12.10268, 0.4758597, 231.0855, 972.0037, 227.6484, 14.3457, 742.1165, 0.1181652, 2087.199, 816.0865
365.8, 44.99803, 11.49973, 0.448208, 217.2881, 928.7518, 214.5585, 13.61039, 785.5143, 0.1122595, 2883.21, 1125.888
365.9, 42.52642, 10.92682, 0.4221631, 204.3145, 887.4244, 202.2213, 85.42966, 804.4174, 0.1066491, 3089.409, 1609.572
366, 40.19057, 10.38244, 0.3976316, 192.1155, 847.9361, 190.5935, 81.05084, 762.0353, 0.101319, 3184.919, 2355.622
366.1, 37.98303, 9.865191, 0.3745257, 180.6448, 810.2049, 209.7561, 76.89646, 721.8862, 0.09625533, 3239.761, 2475.858
366.2, 35.89674, 9.37371, 0.3527624, 169.8591, 822.7788, 197.695, 72.95502, 683.8524, 0.09144472, 3197.124, 2346.573
366.3, 33.92504, 8.906713, 0.3322638, 159.7173, 795.9998, 186.3274, 69.2156, 647.8224, 0.08687454, 3110.33, 2325.243
366.4, 32.06164, 8.462982, 0.3129563, 150.1811, 839.3522, 277.1656, 65.66785, 613.6909, 0.08253276, 3232.738, 2308.646
366.5, 30.30059, 8.041358, 0.2947707, 141.2142, 827.3608, 289.5444, 62.30195, 581.3575, 0.07840797, 3104.852, 2309.621
366.6, 28.63627, 7.640739, 0.2776419, 132.7828, 790.5451, 320.0359, 59.10857, 629.1533, 0.07448933, 2987.812, 2297.319
366.7, 27.06336, 10.27826, 0.2615084, 124.8547, 797.0204, 301.6336, 56.07888, 638.0174, 0.07076653, 2922.765, 2177.357
366.8, 25.57685, 9.766204, 0.2463125, 117.4, 778.3654, 284.2896, 53.20447, 604.4023, 0.06722979, 2961.78, 2063.659
366.9, 24.172, 9.279654, 0.2319995, 110.3904, 845.0039, 267.9427, 50.4774, 659.8088, 0.06386981, 2823.278, 2094.948
367, 22.8443, 29.98392, 0.2185183, 103.7994, 906.3717, 261.9414, 47.8901, 625.0457, 314.14, 2805.09, 2119.214
367.1, 21.58953, 28.49012, 0.2058204, 97.60181, 866.0402, 246.8797, 45.43542, 592.1141, 339.8389, 2622.024, 2089.918
367.2, 20.40368, 27.07075, 0.1938604, 91.77431, 859.5182, 232.684, 43.10656, 560.9175, 322.8545, 2591.231, 1980.786
367.3, 19.28297, 46.74686, 0.1825954, 86.29475, 821.2716, 360.4457, 40.89707, 531.3646, 306.719, 2504.652, 1963.877
367.4, 18.22381, 131.7565, 0.171985, 81.14235, 960.0519, 339.7199, 38.80083, 503.3688, 291.39, 2341.193, 1904.563
367.5, 17.22284, 543.7758, 0.1619911, 76.29759, 1230.998, 320.1858, 36.81204, 837.9362, 447.7008, 2188.403, 1900.446
367.6, 16.27684, 1423.812, 0.152578, 71.7421, 1398.565, 415.4464, 34.92518, 1411.82, 425.3258, 2214.53, 1801.208
367.7, 15.3828, 1494.131, 0.1437118, 154.9088, 1336.332, 479.7668, 33.13504, 1619.65, 404.069, 2070.005, 1940.785
367.8, 75.10707, 1507.776, 0.1353609, 164.4901, 1276.868, 452.1799, 31.43666, 1872.184, 383.8746, 2155, 1965.476
367.9, 70.98167, 1485.891, 0.1274952, 154.6689, 1220.051, 461.108, 29.82532, 1803.997, 364.6895, 2063.998, 1862.842
368, 70.52276, 1559.349, 0.1200866, 145.4341, 1305.804, 434.5941, 28.29658, 1838.764, 346.4632, 1987.424, 1810.016
368.1, 66.64915, 1508.919, 0.1131085, 136.7507, 1419.472, 478.6322, 26.8462, 1814.508, 329.1478, 1857.721, 1759.495
368.2, 132.9651, 1578.053, 0.1065359, 128.5857, 1356.309, 544.8104, 25.47016, 1718.908, 312.6978, 1736.483, 1667.617
368.3, 186.276, 1499.435, 0.1003452, 120.9082, 1295.956, 513.4835, 24.16465, 1722.56, 297.0699, 1870.162, 1580.537
368.4, 509.5597, 1424.733, 0.09451424, 113.6892, 1238.289, 483.9579, 22.92605, 1631.804, 282.2231, 1748.112, 1646.056
368.5, 931.7843, 1407.379, 0.08902211, 130.8058, 1191.288, 533.2492, 21.75094, 1545.83, 268.1182, 1634.027, 1560.102
368.6, 1001.277, 1371.724, 0.08384913, 122.9958, 1138.278, 502.5871, 20.63607, 1595.72, 254.7183, 1527.387, 1478.636
368.7, 1129.358, 1370.796, 0.07897675, 115.6521, 1128.541, 523.9568, 19.57833, 1529.587, 241.9881, 1427.707, 1580.172
368.8, 1067.325, 1341.882, 0.0743875, 108.7469, 1157.696, 493.829, 18.57482, 1720.886, 229.8941, 1334.532, 1497.658
368.9, 1008.7, 1275.03, 0.07006492, 102.2539, 1236.899, 465.4336, 17.62274, 1873.403, 218.4046, 1247.438, 1475.428
369, 974.5964, 1354.172, 0.06599352, 96.14866, 1181.86, 438.6709, 16.71946, 1774.699, 207.4892, 1166.028, 1521.497
369.1, 921.0647, 1291.018, 0.0621587, 90.40792, 1129.27, 413.4471, 15.86248, 1681.196, 197.1194, 1295.413, 1491.518
369.2, 870.4734, 1226.699, 0.05854673, 85.00994, 1079.02, 389.6736, 15.04942, 1633.799, 187.2679, 1300.882, 1413.634
369.3, 822.6609, 1165.585, 0.05514464, 79.93426, 1031.006, 367.2672, 14.27804, 1547.72, 177.9087, 1215.984, 1408.069
369.4, 851.3705, 1135.556, 0.05194025, 75.16163, 985.1284, 400.3368, 13.5462, 1509.158, 169.0172, 1136.626, 1434.667
369.5, 853.8242, 1101.339, 0.04892205, 70.67396, 947.9047, 377.3172, 12.85187, 1467.847, 275.2081, 1062.448, 1359.751
369.6, 806.9262, 1292.291, 0.04607925, 66.45423, 905.7251, 355.6212, 44.11309, 1390.511, 273.6005, 1861.492, 1555.223
369.7, 762.6042, 1227.91, 0.04340163, 62.48645, 865.4224, 374.128, 149.2069, 1461.475, 405.1098, 2752.842, 1689.609
369.8, 787.8895, 1166.735, 0.04087961, 58.75558, 930.6373, 352.6154, 217.4674, 1508.244, 384.8634, 2864.723, 1705.284
369.9, 744.6131, 1121.287, 0.03850414, 61.8972, 889.226, 332.3399, 336.3238, 1463.283, 365.6288, 2707.128, 1674.085
370, 703.7137, 1247.676, 0.03626671, 729.3646, 849.6575, 313.2302, 319.085, 1468.574, 347.3556, 2697.253, 1586.667
370.1, 665.0609, 2250.583, 0.03415929, 685.8165, 811.8497, 295.2193, 302.7298, 1553.48, 400.6912, 2521.225, 1631.354
370.2, 628.5311, 2498.368, 0.03217433, 708.9794, 775.7242, 278.244, 287.213, 1723.613, 487.5563, 2396.78, 1546.167
370.3, 645.5309, 2391.781, 0.03030471, 666.6484, 830.7502, 262.2448, 272.4914, 1829.891, 463.1894, 2349.083, 1537.372
370.4, 610.0739, 2711.974, 0.02854374, 626.8449, 797.3796, 247.1656, 258.5245, 1789.295, 486.079, 2195.778, 1580.935
370.5, 576.5643, 3465.357, 0.02688509, 589.4179, 968.4349, 232.9534, 245.2734, 1801.857, 530.2252, 2254.395, 1498.381
370.6, 544.8954, 3474.858, 0.02532283, 554.2256, 930.9982, 219.5585, 232.7016, 1817.91, 503.7258, 2150.722, 1628.431
370.7, 514.9659, 3499.328, 0.02385134, 521.1345, 1369.325, 298.4205, 346.2604, 1722.13, 617.3949, 2215.772, 1574.045
370.8, 486.6804, 3387.392, 0.02246537, 490.0191, 1308.393, 281.2611, 328.5124, 1631.397, 586.539, 2249.927, 1591.077
370.9, 459.9485, 3218.633, 0.02115993, 460.7616, 1268, 265.0885, 311.674, 1653.132, 557.2252, 2103.093, 1576.429
371, 434.6849, 3201.614, 0.01993035, 433.2509, 1334.606, 249.8457, 295.6987, 1566.034, 529.3765, 2134.676, 1494.111
371.1, 410.809, 3042.11, 0.01877222, 407.3829, 1275.219, 235.4795, 280.5422, 1483.525, 502.9195, 1995.363, 1416.091
371.2, 388.2445, 3170.513, 0.01768138, 383.0593, 1228.336, 221.9393, 267.3411, 1405.363, 477.7848, 1865.142, 1342.145
371.3, 366.9194, 3012.558, 0.01665394, 360.188, 1243.129, 209.1776, 253.6381, 1487.835, 665.1982, 1976.312, 1272.06
371.4, 346.7656, 2909.09, 0.0156862, 338.6823, 1187.813, 197.1498, 240.6375, 1559.479, 631.9532, 2684.324, 1568.694
371.5, 327.7188, 3044.702, 0.01477469, 318.4606, 1134.958, 185.8136, 296.0048, 1619.242, 600.3697, 2852.761, 1544.323
371.6, 424.0581, 2954.67, 0.01391615, 299.4463, 1084.455, 194.7255, 280.8327, 2656.16, 570.3646, 2817.718, 1692.116
371.7, 400.7659, 2807.469, 0.01310749, 374.8493, 1070.567, 183.5287, 266.4382, 3170.989, 541.8592, 2723.458, 1603.757
371.8, 378.753, 2667.601, 0.01234583, 352.4682, 1139.946, 172.9757, 252.7815, 3003.92, 514.7784, 2545.72, 1520.011
371.9, 357.9492, 2660.765, 0.01162843, 331.4234, 1096.622, 163.0295, 239.8248, 3055.33, 489.051, 2441.663, 1440.639
372, 338.2881, 2538.105, 0.01095271, 311.6352, 1047.825, 155.1983, 227.5322, 2935.963, 464.6094, 2348.728, 1365.411
372.1, 319.707, 2524.343, 0.01031626, 293.0284, 1001.199, 146.2744, 215.8697, 2905.847, 441.3893, 2235.777, 1294.112
372.2, 302.1465, 2644.165, 0.009716795, 275.5326, 956.6481, 137.8635, 204.805, 2910.627, 419.3298, 2125.166, 1226.535
372.3, 309.6122, 2545.643, 0.009152162, 259.0814, 914.0795, 1275.544, 194.3074, 2890.834, 398.3727, 2176.447, 1162.488
372.4, 292.6061, 2420.604, 0.008620339, 245.0767, 873.405, 2740.636, 184.3479, 2738.526, 378.463, 2034.408, 1101.785
372.5, 276.5342, 2428.82, 0.008119421, 230.4439, 834.8737, 3182.661, 174.8989, 2814.284, 359.5483, 1901.639, 1044.251
372.6, 261.345, 2307.816, 0.00764761, 216.6848, 924.3649, 3194.347, 165.9342, 2666.009, 341.5789, 1777.534, 989.7222
372.7, 246.9901, 2237.963, 0.007203216, 203.7472, 883.2328, 3186.84, 157.429, 2573.435, 324.5077, 1661.529, 938.0405
372.8, 233.4237, 2302.16, 0.006784644, 191.5821, 843.9309, 3223.838, 149.3597, 2678.085, 308.2896, 1553.094, 889.0576
372.9, 220.6024, 2187.467, 0.006390396, 180.1433, 806.3779, 3038.466, 141.704, 2536.986, 292.882, 1451.737, 842.6325
373, 208.4854, 2181.227, 0.006019057, 169.3875, 851.5037, 2863.752, 134.4408, 2427.647, 278.2444, 1356.994, 798.6317
373.1, 197.0339, 2072.558, 0.005669296, 159.2739, 813.6137, 2851.022, 127.5498, 2498.034, 264.3385, 1575.12, 756.9285
373.2, 186.2114, 2100.045, 0.005339859, 149.7642, 898.4689, 2801.892, 121.0121, 2392.835, 251.1275, 1472.324, 717.403
373.3, 175.9834, 2131.872, 0.005029566, 140.8222, 858.4891, 2680.851, 114.8094, 2333.79, 238.5767, 1376.238, 679.9414
373.4, 166.3172, 2025.663, 0.004737303, 132.4142, 969.9416, 2657.051, 108.9247, 2210.83, 363.7093, 1286.422, 644.436
373.5, 157.1819, 2064.682, 0.004462024, 124.5081, 926.7814, 2504.269, 103.3416, 2140.958, 623.4966, 1202.467, 610.7847
373.6, 148.5483, 1961.82, 0.00420274, 117.0741, 940.8246, 2535.622, 98.04467, 2028.158, 592.3358, 1123.992, 936.9391
373.7, 140.389, 1899.877, 0.003958524, 110.084, 898.9601, 2389.822, 93.01925, 2128.69, 585.0638, 1050.638, 888.0137
373.8, 132.6779, 1805.225, 0.003728498, 103.5112, 858.9584, 2252.406, 88.25141, 2016.537, 576.739, 982.0714, 841.6431
373.9, 125.3903, 1758.972, 0.003511839, 97.33086, 820.7367, 2250.044, 83.72796, 1991.579, 683.7543, 917.9796, 797.6939
374, 118.503, 1671.34, 0.00330777, 91.51954, 845.0462, 2129.193, 79.43636, 1928.084, 649.5818, 858.0704, 756.0397
374.1, 111.9939, 1784.52, 0.003115559, 86.05519, 807.4435, 2121.498, 75.36473, 1826.5, 617.1173, 802.0711, 716.5605
374.2, 105.8425, 1695.616, 0.002934517, 80.9171, 771.5142, 2035.758, 71.5018, 1760.818, 586.2753, 935.4575, 679.1429
374.3, 100.0289, 1674.818, 0.002763995, 76.08578, 765.03, 1918.701, 67.83687, 1824.021, 556.9746, 916.9055, 983.7355
374.4, 94.53457, 1591.379, 0.002603383, 71.54294, 730.9879, 1808.375, 64.35979, 1755.143, 529.1384, 923.1645, 1014.651
374.5, 89.34207, 1579.59, 0.002452103, 67.27133, 698.4606, 1834.787, 61.06093, 1732.771, 502.6933, 862.917, 1156.944
374.6, 84.43478, 1685.966, 0.002309614, 63.25477, 783.3749, 1785.779, 57.93116, 1641.477, 477.5699, 806.6014, 1148.399
374.7, 79.79704, 1601.971, 0.002175404, 59.47802, 748.5165, 1692.974, 54.96181, 1678.887, 584.9575, 865.6526, 1088.432
374.8, 75.41402, 1522.161, 0.002048994, 55.92677, 715.2092, 1631.021, 52.14466, 1674.626, 594.0515, 893.5627, 1083.306
374.9, 71.27176, 1446.328, 0.001929929, 52.58755, 683.384, 1565.26, 49.47191, 1607.602, 564.3622, 991.6224, 1089.727
375, 67.35702, 1520.896, 0.001817783, 49.44771, 652.975, 1568.995, 46.93616, 1613.994, 536.1568, 1021.838, 1032.823
375.1, 63.6573, 1445.126, 0.001712154, 46.49534, 623.9191, 1478.776, 88.39629, 1528.958, 619.0114, 1324.718, 1258.453
375.2, 60.16079, 1373.13, 0.001612662, 43.71925, 596.1561, 1415.107, 166.216, 1448.402, 664.2567, 2233.918, 1526.908
375.3, 56.85634, 1304.721, 0.001518952, 41.10891, 569.6285, 1350.754, 157.6964, 1372.091, 631.0587, 2330.809, 1484.248
375.4, 53.73339, 1239.72, 0.001430687, 38.65442, 611.53, 1304.717, 149.6134, 1407.211, 599.5199, 2445.017, 1451.066
375.5, 50.78198, 1276.868, 0.001347552, 36.34649, 615.7603, 1252.855, 141.9448, 1333.07, 569.5573, 2285.45, 1375.293
375.6, 47.99268, 1213.255, 0.001269247, 34.17635, 588.3604, 1242.742, 134.6692, 1326.438, 541.0922, 2136.297, 1431.802
375.7, 45.35659, 1152.811, 0.001195492, 32.13578, 562.1796, 1171.283, 127.7665, 1397.606, 514.0497, 1996.879, 1357.036
375.8, 42.86528, 1241.961, 0.001126024, 30.21705, 603.3998, 1160.163, 139.8605, 1350.294, 488.3588, 1866.558, 1286.174
375.9, 40.51082, 1219.072, 0.001060592, 28.41289, 576.5499, 1130.691, 132.6917, 1325.864, 463.9518, 1963.216, 1219.012
376, 38.28569, 1158.338, 0.0009989617, 26.71644, 550.8948, 1065.675, 125.8904, 1396.681, 440.7646, 1835.093, 1224.421
376.1, 36.18277, 1100.63, 0.0009409132, 25.12129, 555.7838, 1004.398, 122.9509, 1323.094, 418.7362, 1827.047, 1160.484
376.2, 34.19536, 1045.797, 0.0008862377, 23.62137, 547.4033, 999.8337, 116.6489, 1275.837, 397.8088, 1707.811, 1208.291
376.3, 32.31711, 997.6482, 0.0008347394, 22.21101, 566.0292, 942.3428, 110.6699, 1253.861, 568.1633, 1596.356, 1145.196
376.4, 30.54203, 947.9456, 0.0007862336, 20.88486, 540.8422, 925.0435, 104.9973, 1187.8, 539.7679, 1492.175, 1183.196
376.5, 28.86445, 1012.387, 0.0007405464, 19.63789, 516.7759, 871.853, 99.61552, 1248.674, 531.6643, 1553.197, 1121.412
376.6, 27.27901, 1005.317, 0.0006975141, 18.46537, 501.448, 908.3244, 94.50957, 1182.885, 631.5487, 1552.55, 1062.854
376.7, 25.78066, 961.5975, 0.0006569823, 17.36286, 517.3918, 856.0953, 89.66534, 1120.563, 599.9854, 1530.693, 1007.353
376.8, 24.3646, 913.6909, 0.0006188058, 16.32618, 494.369, 832.6765, 85.06941, 1095.062, 688.0639, 1430.797, 954.7508
376.9, 23.02633, 993.5122, 0.0005828476, 15.35139, 472.3707, 805.3207, 80.70905, 1213.379, 653.6761, 1337.421, 1001.852
377, 21.76156, 944.0156, 0.000548979, 14.43481, 451.3513, 759.0143, 76.57219, 1149.45, 621.007, 1463.423, 949.537
377.1, 20.56627, 948.6811, 0.0005170784, 13.57295, 431.2672, 715.3705, 72.64737, 1189.795, 589.9705, 1404.255, 1272.083
377.2, 19.43662, 901.418, 0.0004870315, 12.76255, 412.0768, 674.2363, 68.92372, 1180.521, 560.4852, 1563.423, 1456.311
377.3, 18.36903, 856.5095, 0.0004587306, 12.00054, 393.7403, 635.4673, 65.39094, 1164.543, 532.4735, 1461.391, 1509.208
377.4, 17.36007, 879.3847, 0.0004320743, 11.28402, 376.2198, 598.9276, 62.03923, 1173.991, 505.8618, 1366.018, 1430.399
377.5, 16.40654, 842.575, 0.0004069669, 10.61029, 359.4789, 564.489, 58.85932, 1112.138, 480.58, 1276.869, 1355.706
377.6, 15.50537, 800.598, 0.0003833185, 9.97678, 343.4828, 532.0305, 55.8424, 1053.543, 456.5617, 1193.538, 1349.794
377.7, 14.65371, 760.7123, 0.0003610443, 9.381097, 328.1986, 501.4385, 52.98011, 998.035, 433.7439, 1115.645, 1350.729
377.8, 13.84883, 722.8138, 0.0003400643, 8.82098, 313.5945, 472.6055, 50.26454, 945.4518, 412.0664, 1042.836, 1938.52
377.9, 13.08815, 686.8033, 0.0003203036, 8.294307, 299.6403, 445.4304, 47.68816, 895.6391, 493.2422, 974.7787, 2019.585
378, 12.36926, 652.5869, 0.0003016911, 536.3238, 286.307, 419.8179, 45.24383, 933.7922, 468.5911, 911.1628, 2160.799
378.1, 11.68985, 620.0751, 0.0002841601, 1937.814, 273.567, 475.2648, 42.92479, 884.5938, 492.8496, 1010.965, 2047.965
378.2, 11.04776, 589.1831, 0.0002676479, 2202.54, 261.3939, 447.9368, 40.72462, 837.9875, 468.2181, 981.1646, 2044.455
378.3, 10.44094, 559.8301, 0.0002520951, 2446.493, 249.7624, 429.7304, 38.63722, 793.8367, 629.1177, 1171.166, 2046.133
378.4, 9.867455, 626.0032, 0.0002374462, 2300.42, 238.6486, 440.3899, 36.65681, 752.012, 597.6759, 1094.734, 1939.288
378.5, 9.325465, 594.8158, 0.0002236484, 2245.293, 228.0292, 415.0672, 34.77791, 712.391, 567.8055, 1023.289, 1912.993
378.6, 8.813246, 565.1822, 0.0002106524, 2240.361, 217.8824, 451.2389, 32.99532, 712.2945, 539.4279, 1052.329, 1837.013
378.7, 8.329161, 537.0249, 0.0001984117, 2119.218, 237.644, 488.2854, 31.3041, 746.4511, 512.4686, 1173.115, 1774.175
378.8, 7.871665, 543.2473, 0.0001868822, 2167.791, 235.4974, 460.2087, 29.69956, 795.3066, 486.8567, 1096.555, 1796.355
378.9, 7.439298, 621.656, 0.0001760226, 2083.334, 225.0183, 433.7465, 28.17726, 753.4045, 462.5247, 1024.992, 1702.552
379, 7.03068, 590.6852, 0.0001657942, 2032.073, 215.0055, 408.8058, 26.733, 776.3845, 439.4089, 1075.655, 1896.795
379.1, 6.644506, 610.0477, 0.00015616, 1973.317, 205.4382, 385.2993, 25.36276, 735.4794, 594.5038, 1138.45, 1797.748
379.2, 6.279543, 579.6553, 0.0001470857, 1974.608, 196.2967, 363.1443, 24.06275, 696.7294, 564.7919, 1120.797, 1929.782
379.3, 5.934627, 550.777, 0.0001385387, 1894.861, 187.5619, 342.2634, 22.82938, 660.021, 536.565, 1278.877, 1854.306
379.4, 5.608655, 523.3373, 0.0001304884, 1781.725, 179.2159, 322.583, 21.65923, 710.9919, 509.7488, 1195.415, 1857.926
379.5, 5.300589, 635.528, 0.0001229059, 1675.343, 171.2411, 311.6128, 20.54905, 686.7216, 794.407, 1117.4, 1850.898
379.6, 5.009444, 603.8661, 0.0001157639, 1731.915, 163.6213, 303.4352, 19.49578, 673.1154, 826.702, 1044.477, 1786.008
379.7, 4.73429, 677.4925, 0.000109037, 1628.508, 156.3405, 285.9875, 18.49649, 786.3327, 872.4031, 1199.763, 1817.398
379.8, 4.47425, 643.7399, 0.000102701, 1592.169, 149.3837, 291.0493, 17.54843, 744.9034, 1182.584, 1121.464, 1748.577
379.9, 4.228493, 611.6689, 9.673315e-05, 1497.105, 142.7365, 274.3138, 16.64896, 805.1156, 1274.196, 1048.275, 1702.834
380, 3.996234, 581.1957, 9.111209e-05, 1505.706, 136.385, 258.5406, 15.79559, 762.6967, 1252.39, 979.8625, 1747.173
380.1, 3.776733, 552.2406, 8.581766e-05, 1572.353, 130.3162, 243.6744, 14.98596, 722.5128, 1189.798, 915.9148, 1655.939
380.2, 3.569289, 524.7281, 8.083089e-05, 1478.638, 124.5174, 229.663, 14.21784, 684.4459, 1169.632, 856.1404, 2037.595
380.3, 3.373238, 498.5862, 7.61339e-05, 1556.368, 118.9767, 224.7936, 13.48908, 648.3847, 1247.35, 951.1987, 2472.521
380.4, 3.187957, 473.7467, 7.170984e-05, 1474.101, 113.6825, 211.8679, 12.79768, 639.5406, 1185.01, 1161.431, 2538.402
380.5, 3.012852, 450.1447, 6.754285e-05, 1386.087, 108.6239, 199.6853, 12.14172, 660.245, 1125.786, 1135.044, 2405.851
380.6, 2.847365, 485.6977, 6.361801e-05, 1303.328, 103.7904, 188.2033, 11.51937, 666.018, 1069.522, 1060.969, 2512.929
380.7, 2.690968, 480.8618, 5.992124e-05, 1365.31, 99.17194, 177.3815, 10.92893, 1046.556, 1086.32, 1249.136, 2630.783
380.8, 2.543161, 520.8007, 5.643928e-05, 1283.792, 94.75902, 167.182, 24.62789, 1280.745, 1082.271, 1167.615, 2695.677
380.9, 2.403473, 537.5532, 5.315965e-05, 1297.87, 90.54246, 157.569, 23.36555, 1317.611, 1028.182, 1091.414, 2655.367
381, 2.271457, 510.7724, 5.00706e-05, 1220.378, 86.51353, 148.5087, 22.16791, 1248.19, 976.7958, 1020.187, 2516.708
381.1, 2.146693, 491.2754, 4.716105e-05, 1147.513, 82.66387, 139.9693, 21.03166, 1182.427, 1068.519, 953.6072, 2601.188
381.2, 2.028782, 466.8001, 4.442057e-05, 1121.428, 78.98552, 213.627, 19.95366, 1246.449, 1015.117, 1009.648, 2465.358
381.3, 1.917347, 443.5443, 4.183934e-05, 1054.471, 75.47084, 201.3433, 18.9309, 1180.777, 1039.144, 1047.726, 2336.621
381.4, 1.812033, 421.447, 3.94081e-05, 1029.891, 72.11256, 189.766, 64.17903, 1118.566, 987.2101, 979.3496, 2214.607
381.5, 1.712503, 400.4505, 3.711813e-05, 1097.757, 68.90371, 178.8543, 60.88944, 1059.633, 937.8718, 915.4354, 2098.964
381.6, 1.618441, 380.5002, 3.496124e-05, 1032.214, 65.83765, 188.5293, 57.76846, 1080.694, 935.6451, 855.6923, 2078.382
381.7, 1.529544, 361.5437, 3.292968e-05, 970.5833, 62.90803, 196.6816, 54.80745, 1094.425, 954.2628, 1001.297, 1993.151
381.8, 1.445531, 347.2411, 3.101617e-05, 1607.833, 60.10876, 185.3723, 109.022, 1141.166, 1009.225, 935.9503, 2034.147
381.9, 1.366133, 334.9629, 2.921385e-05, 2563.611, 57.43406, 174.7133, 103.4339, 1252.717, 958.7861, 1086.409, 2464.343
382, 1.291095, 369.4686, 2.751627e-05, 3136.569, 54.87838, 164.6672, 106.0408, 1426.717, 910.8682, 1489.972, 3260.723
382.1, 1.220179, 351.0617, 2.591733e-05, 3352.871, 52.43641, 174.4329, 110.6236, 1351.548, 928.4044, 1477.456, 3523.867
382.2, 1.153158, 380.7252, 2.44113e-05, 3334.322, 50.10311, 164.4029, 104.9535, 1280.339, 882.0049, 1493.006, 3547.623
382.3, 1.089819, 361.7575, 2.299278e-05, 3135.24, 47.87364, 154.9496, 473.3586, 1212.882, 957.7798, 1597.866, 3362.372
382.4, 1.029958, 343.7348, 2.16567e-05, 3207.962, 45.74337, 146.04, 890.1138, 1260.096, 909.9122, 1718.287, 3421.275
382.5, 0.9733859, 448.4549, 2.039825e-05, 3062.402, 43.70789, 137.6426, 844.4897, 1193.706, 1102.4, 1748.393, 3242.622
382.6, 0.9199207, 1543.186, 1.921293e-05, 2879.555, 41.76299, 129.7281, 801.2042, 1222.819, 1211.339, 1721.726, 3168.403
382.7, 0.8693923, 1901.51, 1.809649e-05, 2923.244, 85.16461, 207.4523, 760.1373, 1192.339, 1305.359, 1748.956, 3119.123
382.8, 0.8216392, 1863.82, 1.704492e-05, 2766.535, 81.37498, 195.5237, 721.1753, 1129.519, 1261.927, 1634.816, 3121.79
382.9, 0.776509, 1770.965, 1.605446e-05, 2629.925, 77.75397, 184.2809, 684.2104, 1093.797, 1380.703, 1528.125, 3037.395
383, 0.7338577, 2030.756, 1.512155e-05, 2472.9, 74.2941, 173.6847, 649.1402, 1052.421, 1311.698, 1602.579, 3192.836
383.1, 0.6935491, 2041.943, 1.424285e-05, 2325.251, 70.98818, 163.6977, 615.8676, 1087.313, 1316.306, 1651.126, 3026.112
383.2, 0.6554545, 2259.423, 1.341522e-05, 2289.358, 67.82937, 154.285, 584.3004, 1030.026, 1421.632, 1543.37, 2992.198
383.3, 0.6194524, 2153.831, 1.263567e-05, 2225.703, 64.81112, 145.4135, 554.3512, 975.7573, 1560.953, 1442.647, 2892.817
383.4, 0.5854277, 2046.527, 1.190143e-05, 2202.238, 61.92717, 137.0522, 525.9371, 1034.765, 1482.94, 1348.497, 2763.527
383.5, 0.5532719, 1954.651, 1.120985e-05, 2277.5, 59.17155, 129.1716, 498.9795, 980.2469, 1408.826, 1343.258, 2729.579
383.6, 0.5228823, 1918.927, 1.055846e-05, 2162.865, 56.53855, 121.7442, 473.4035, 928.601, 1426.573, 1340.191, 2748.509
383.7, 0.494162, 1885.161, 9.944917e-06, 2050.273, 54.02271, 114.7438, 449.1385, 879.676, 1355.276, 1252.727, 2604.987
383.8, 0.4670192, 1848.615, 9.367029e-06, 1992.97, 51.61882, 108.146, 426.1173, 833.3288, 1364.411, 1170.972, 2624.657
383.9, 0.4413672, 1903.295, 8.822721e-06, 1873.976, 49.3219, 101.9275, 404.276, 895.0581, 1296.221, 1278.769, 2487.602
384, 0.4171242, 1808.473, 8.310042e-06, 1805.937, 74.40395, 96.06665, 383.5542, 847.9005, 1231.439, 1261.007, 2435.98
384.1, 0.3942129, 1718.375, 7.827154e-06, 1780.35, 71.09315, 90.54276, 363.8946, 898.7903, 1250.245, 1293.025, 2420.89
384.2, 0.3725599, 1632.766, 7.372327e-06, 1719.91, 67.92966, 85.3365, 345.2426, 851.436, 1187.761, 1208.64, 2294.475
384.3, 0.3520963, 1646.045, 6.943929e-06, 1636.691, 64.90695, 80.4296, 385.1134, 806.5767, 1197.611, 1129.762, 2237.914
384.4, 0.3327568, 1613.752, 6.540425e-06, 1611.537, 62.01874, 75.80486, 365.3738, 764.0808, 1137.757, 1056.031, 2189.03
384.5, 0.3144794, 1626.903, 6.160368e-06, 1515.317, 59.25905, 71.44604, 346.6461, 723.8239, 1207.896, 1359.096, 2202.115
384.6, 0.297206, 1545.851, 5.802395e-06, 1570.655, 56.62215, 67.33785, 391.1901, 729.7177, 1185.298, 1770.43, 2452.772
384.7, 0.2808814, 1569.106, 5.465224e-06, 1486.763, 54.1026, 63.46589, 514.6304, 691.2713, 1126.06, 1654.888, 2324.693
384.8, 0.2654534, 1564.754, 5.147646e-06, 1397.993, 51.69515, 59.81657, 488.2523, 688.7961, 1163.033, 1707.817, 2299.577
384.9, 0.2508729, 1595.537, 4.848522e-06, 1322.321, 49.39484, 56.37708, 463.2262, 652.5057, 1104.907, 1870.288, 2249.537
385, 0.2370932, 1558.488, 4.566779e-06, 1250.883, 47.19688, 53.13537, 487.8241, 618.1274, 1049.687, 1789.668, 2290.398
385.1, 0.2240704, 1480.844, 4.301409e-06, 1176.197, 45.09672, 50.08006, 462.8199, 629.8961, 1050.192, 1672.87, 2275.712
385.2, 0.2117629, 1416.558, 4.051459e-06, 1146.713, 43.09002, 47.20042, 439.0974, 596.7089, 997.7058, 1732.376, 2360.28
385.3, 0.2001314, 1403.564, 3.816033e-06, 1078.246, 41.17261, 44.48637, 424.6362, 625.5986, 1080.949, 1935.595, 3085.018
385.4, 0.1891387, 1398.254, 3.594287e-06, 1130.241, 39.34052, 41.92838, 402.8708, 681.5508, 1187.453, 2141.726, 3834.332
385.5, 31.51747, 1347.338, 3.385427e-06, 1244.643, 281.4543, 39.51748, 579.4637, 645.6422, 1269.098, 2041.359, 4497.406
385.6, 69.75489, 1280.214, 3.188704e-06, 1170.329, 310.0488, 37.2452, 639.6423, 611.6254, 1342.004, 2034.027, 4687.902
385.7, 65.92346, 1286.218, 3.003412e-06, 1367.812, 452.1823, 35.10358, 623.9574, 646.9321, 1345.282, 2134.366, 4760.304
385.8, 62.30248, 1623.53, 2.828887e-06, 1286.144, 540.1538, 33.08511, 736.9426, 661.3606, 1436.388, 2152.424, 4662.877
385.9, 58.88039, 1861.857, 2.664503e-06, 1250.202, 595.442, 75.54479, 699.1695, 848.1323, 1433.712, 2085.544, 4766.516
386, 55.64627, 2169.431, 2.509672e-06, 1199.842, 968.3654, 234.4825, 1600.566, 803.447, 1362.058, 1949.437, 4682.373
386.1, 263.3414, 3297.494, 2.363837e-06, 1128.203, 1188.825, 220.9996, 2374.011, 761.116, 1476.538, 2097.679, 4594.512
386.2, 324.309, 4376.546, 243.6531, 1096.65, 1525.293, 208.292, 3078.858, 871.2549, 1516.661, 1960.78, 4525.805
386.3, 371.6187, 4324.09, 229.4947, 1083.05, 1457.421, 295.1364, 3003.656, 1123.242, 1440.862, 1989.845, 4613.253
386.4, 441.7906, 4169.534, 558.6439, 1018.384, 1654.144, 278.1659, 3087.746, 1261.511, 1368.851, 1990.038, 4493.979
386.5, 417.5244, 4340.337, 1037.911, 1013.759, 1580.538, 262.1712, 3295.705, 1195.046, 1449.821, 1860.164, 4379.255
386.6, 496.1588, 4124.103, 1357.989, 953.2309, 1526.443, 247.0963, 3193.757, 1198.094, 1377.363, 1738.766, 4212.558
386.7, 473.7866, 3998.686, 1279.078, 896.3164, 1458.52, 232.8881, 3118.867, 1134.97, 1449.587, 1782.131, 3992.585
386.8, 480.0252, 4139.814, 1204.752, 943.3286, 1393.619, 219.4969, 3227.39, 1075.172, 1377.14, 1665.825, 4016.408
386.9, 1286.974, 3933.57, 1134.745, 887.0054, 1331.606, 206.8757, 3061.966, 1018.525, 1308.314, 1557.11, 4054.22
387, 1476.128, 4031.585, 1101.716, 834.045, 1272.353, 194.9802, 3028.173, 964.8622, 1242.928, 1531.644, 3842.515
387.1, 1395.049, 3838.565, 1037.697, 785.162, 1215.736, 183.7688, 3145.441, 914.0269, 1180.809, 1497.302, 3813.442
387.2, 1330.962, 3719.816, 977.3975, 738.2823, 1191.252, 173.202, 2984.217, 941.5081, 1121.795, 1497.466, 3614.31
387.3, 1257.857, 3568.342, 936.2392, 694.2018, 1141.453, 163.2428, 2831.257, 891.9031, 1065.731, 1549.006, 3425.577
387.4, 1207.012, 3484.16, 881.8353, 652.7531, 1090.661, 153.8562, 2686.136, 906.3092, 1117.198, 1447.915, 3482.462
387.5, 1140.715, 3452.509, 830.5928, 613.7792, 1042.129, 145.0094, 2720.215, 858.5588, 1217.132, 1353.422, 3300.613
387.6, 1191.984, 3500.213, 782.328, 577.1324, 1038.328, 136.6713, 2599.801, 813.3242, 1694.316, 1336.713, 3194.643
387.7, 1301.678, 3422.308, 740.7404, 542.6736, 1042.686, 128.8126, 2466.544, 823.6772, 1609.638, 1295.809, 3061.444
387.8, 1932.484, 3515.839, 708.2468, 510.2722, 996.2885, 121.4058, 2340.118, 801.6295, 1617.041, 1211.242, 2999.851
387.9, 2058.26, 3675.689, 667.0913, 505.8454, 992.0995, 114.4249, 2318.351, 785.3487, 1536.225, 1215.035, 3030.781
388, 2047.102, 3566.871, 759.1586, 475.6429, 952.3619, 107.8454, 2295.377, 743.9713, 1525.57, 2036.58, 3140.365
388.1, 2043.064, 3570.732, 720.0092, 461.13, 909.9839, 101.6442, 2341.948, 704.7739, 1472.967, 3099.126, 3268.473
388.2, 1930.845, 3414.731, 678.1702, 433.5974, 880.1605, 95.79964, 2681.756, 667.6417, 1492.837, 3345.426, 3378.352
388.3, 1824.789, 3244.61, 638.7625, 407.7086, 840.9953, 90.29111, 2649.03, 632.4658, 1544.596, 4246.871, 3520.216
388.4, 1856.475, 3279.987, 601.6447, 383.3656, 825.5373, 85.09933, 2755.832, 599.1433, 1498.587, 4398.924, 3489.657
388.5, 1808.579, 3231.115, 566.6838, 409.3997, 788.8027, 80.20607, 2767.326, 685.8465, 1423.691, 4282.23, 3709.453
388.6, 1709.239, 3070.141, 541.1872, 384.9557, 753.7028, 75.59418, 2793.378, 649.7115, 1450.973, 4038.299, 3515.751
388.7, 1823.294, 3137.807, 534.4213, 361.9712, 720.1647, 71.24747, 2650.199, 615.4803, 1410.188, 4072.28, 3791.311
388.8, 1737.75, 3036.547, 503.3666, 340.359, 688.119, 67.1507, 2630.018, 900.9062, 1339.711, 4340.189, 4308.095
388.9, 1654.529, 3247.632, 528.9172, 320.0373, 657.4993, 63.2895, 2523.543, 1263.532, 1272.755, 4056.94, 4332.441
389, 1563.651, 3085.835, 498.1824, 300.9288, 628.2421, 196.8177, 2394.195, 1342.316, 1284.373, 3923.5, 4216.021
389.1, 1477.764, 2932.099, 469.2336, 282.9613, 600.2867, 805.3142, 2361.651, 1271.594, 1287.083, 3778.632, 4179.167
389.2, 1434.228, 2786.023, 441.9669, 266.0666, 573.5753, 1382.264, 2240.601, 1204.598, 1400.429, 3810.53, 3960.938
389.3, 1358.352, 2865.718, 416.2847, 250.1805, 548.0525, 1377.778, 2125.756, 1141.132, 1330.439, 3729.45, 4077.396
389.4, 1283.742, 2722.948, 392.0948, 235.243, 523.6654, 1311.763, 2127.623, 1218.718, 1263.947, 3543.549, 3938.573
389.5, 1213.229, 2752.36, 369.3106, 221.1974, 500.3635, 1236.336, 2021.526, 1154.508, 1330.968, 3605.791, 3732.907
389.6, 1146.59, 2770.039, 347.8504, 207.9904, 518.6287, 1263.436, 1917.909, 1160.089, 1322.881, 3370.47, 3763.413
389.7, 1083.612, 2632.036, 327.6372, 195.5719, 1042.178, 1196.818, 1944.692, 1098.967, 1342.73, 3150.507, 3566.894
389.8, 1064.106, 2540.449, 308.5985, 183.8949, 995.8033, 1128, 1845.014, 1041.066, 1275.623, 3099.622, 3380.637
389.9, 1005.658, 2463.764, 290.6662, 172.9151, 951.4923, 1063.14, 1917.357, 1097.917, 1321.164, 3015.029, 3382.316
390, 950.42, 2415.605, 273.7759, 162.5909, 945.4591, 1123.849, 1910.281, 1563.682, 1255.135, 2886.213, 3396.797
390.1, 979.0513, 2451.932, 257.8671, 152.8831, 911.8356, 1059.227, 1812.367, 1537.466, 1420.472, 2780.762, 3270.819
390.2, 1010.316, 2329.777, 242.8827, 175.3721, 1023.019, 998.3204, 1742.053, 1697.498, 1386.235, 2761.441, 3259.608
390.3, 954.8228, 2268.99, 228.7691, 164.9012, 1033.54, 1001.363, 1759.512, 1702.523, 1316.954, 2663.848, 3320.792
390.4, 916.3776, 2259.423, 215.4756, 158.143, 987.5499, 1003.504, 1829.488, 1612.823, 1251.136, 2490, 3323.818
390.5, 866.0438, 2146.859, 202.9545, 148.7008, 943.6061, 1001.107, 1735.715, 1527.849, 1284.771, 2638.351, 3294.795
390.6, 818.4746, 2466.914, 191.161, 139.8223, 901.6178, 943.5428, 1718.668, 1543.49, 1265.418, 2524.378, 3182.275
390.7, 773.5182, 2855.035, 180.0529, 131.474, 961.1006, 889.2886, 1630.576, 1580.321, 1202.176, 2455.784, 3249.437
390.8, 766.9752, 3058.894, 169.5902, 123.6241, 1027.202, 838.1541, 1549.977, 1581.699, 1227.745, 2323.621, 3079.756
390.9, 735.6413, 2945.377, 159.7355, 116.2429, 981.4941, 789.9597, 1518.483, 1498.365, 1297.203, 2367.016, 2918.937
391, 695.2347, 3036.137, 150.4534, 109.3023, 937.8198, 910.3162, 1440.651, 1511.607, 1250.964, 2295.021, 2766.515
391.1, 677.1306, 2884.877, 141.7107, 102.7762, 896.089, 948.3124, 1399.072, 1476.887, 1188.444, 2145.244, 2860.661
391.2, 709.6923, 3322.254, 133.4761, 96.63979, 856.2151, 893.7839, 1327.36, 1501.417, 1201.305, 2005.241, 2761.284
391.3, 670.711, 3281.921, 125.7199, 90.86972, 918.503, 842.3908, 1318.974, 1422.312, 1228.151, 2059.394, 2745.607
391.4, 633.8708, 3253.614, 118.4145, 85.44417, 877.6317, 793.9529, 1303.628, 1383.332, 1166.771, 2024.307, 2602.236
391.5, 599.0543, 3098.993, 111.5335, 80.34256, 838.5791, 748.3002, 1236.809, 1310.449, 1297.743, 2020.142, 2572.479
391.6, 566.15, 2976.373, 105.0524, 75.54556, 828.5718, 705.2725, 1173.414, 1502.133, 1232.885, 1888.304, 2489.912
391.7, 535.0531, 2893.107, 98.94796, 71.03497, 791.7022, 715.8959, 1113.269, 1484.683, 1171.268, 1860.93, 2693.04
391.8, 505.6642, 3071.617, 93.1982, 66.79369, 756.4733, 674.7315, 1056.207, 1406.46, 1178.041, 1833.266, 2608.676
391.9, 507.3008, 2932.454, 87.78255, 62.80564, 722.812, 635.9341, 1002.07, 1505.017, 1119.165, 1713.624, 2545.077
392, 479.4363, 2946.402, 82.6816, 59.05571, 699.7544, 599.3676, 1063.188, 1425.722, 1136.466, 1601.79, 2447.536
392.1, 453.1023, 3031.407, 77.87706, 55.52967, 709.9209, 564.9036, 1121.684, 1350.606, 1201.955, 1643.341, 2369.732
392.2, 481.9724, 2941.293, 73.35171, 52.21417, 713.6143, 532.4214, 1151.446, 1383.193, 1234.964, 2168.988, 2586.782
392.3, 455.4991, 2812.598, 69.08932, 49.09662, 681.8601, 574.8219, 1092.427, 1310.317, 1173.244, 2912.892, 2822.254
392.4, 487.5771, 2735.014, 65.07461, 46.16521, 745.3618, 708.1794, 1090.525, 1275.815, 1114.608, 3030.085, 2674.881
392.5, 460.796, 2656.706, 61.29319, 43.40883, 712.1948, 690.0593, 1166.711, 1787.641, 1058.902, 2832.336, 2684.016
392.6, 449.2468, 2605.031, 57.73151, 40.81702, 680.5038, 650.3805, 1106.909, 2538.619, 1005.981, 2767.792, 2657.753
392.7, 424.571, 2709.19, 54.3768, 38.37997, 650.2229, 612.9833, 1110.906, 2668.404, 955.7045, 2810.807, 3316.231
392.8, 401.2506, 2574.218, 51.21702, 36.08842, 621.2894, 577.7364, 1168.306, 2795.7, 907.9407, 2957.732, 3333.882
392.9, 379.2111, 2514.239, 48.24085, 33.93369, 593.6434, 544.5162, 1154.016, 2785.628, 862.564, 2881.315, 3346.395
393, 358.3822, 2388.98, 45.43763, 31.90761, 567.2277, 513.2062, 1115.862, 2931.561, 819.4551, 2875.08, 3363.949
393.1, 458.2967, 2399.434, 42.7973, 30.00251, 541.9873, 483.6966, 1058.667, 2799.241, 778.5007, 2836.235, 3330.818
393.2, 433.1238, 2312.657, 40.31039, 28.21115, 549.282, 535.4109, 1004.403, 2840.258, 739.5931, 2832.754, 3156.888
393.3, 409.3336, 2417.562, 37.968, 26.52675, 524.8402, 504.6245, 1070.628, 2690.614, 702.6301, 2647.883, 2992.041
393.4, 412.1897, 2303.551, 35.76172, 24.94292, 520.9439, 475.6084, 1015.751, 2608.473, 667.5143, 2695.673, 2835.801
393.5, 389.5493, 2188.789, 33.68365, 23.45366, 497.7631, 448.2606, 1050.906, 2534.107, 808.0106, 2614.817, 2828.211
393.6, 368.1526, 2226.009, 31.72633, 22.05331, 475.6138, 541.7603, 997.0399, 2553.877, 767.6282, 2444.169, 2968.035
393.7, 357.9745, 2115.11, 29.88274, 20.73657, 460.9389, 510.6088, 998.8102, 2600.948, 906.1719, 2396.924, 2813.05
393.8, 338.3121, 2100.686, 28.14629, 19.49846, 440.4281, 481.2485, 1006.405, 2586.146, 860.8837, 2498.949, 2666.157
393.9, 319.7296, 2028.091, 26.51074, 18.33426, 428.5181, 453.5764, 954.8201, 2492.667, 817.8588, 2445.521, 2636.114
394, 302.1678, 2148.492, 24.97023, 17.23958, 434.9927, 427.4955, 905.8793, 2440.103, 776.9841, 2285.922, 2627.857
394.1, 287.4312, 2041.455, 23.51924, 16.21026, 415.6365, 402.9143, 859.4471, 2378.446, 738.1523, 2339.559, 2574.933
394.2, 271.6434, 1939.75, 22.15256, 15.2424, 397.1416, 379.7465, 815.3949, 2268.911, 701.2612, 2245.986, 2656.921
394.3, 256.7229, 1843.112, 20.8653, 14.33232, 379.4697, 357.9109, 773.6006, 2293.208, 666.2139, 2147.155, 2653.782
394.4, 242.6219, 1825.129, 19.65284, 13.47658, 362.5842, 337.3308, 733.9486, 2320.043, 632.9181, 2227.596, 2679.333
394.5, 229.2954, 1734.201, 18.51083, 12.67194, 346.45, 317.9341, 889.866, 2197.808, 601.2864, 2239.432, 3110.761
394.6, 230.2777, 1647.804, 17.43519, 11.91533, 331.0338, 299.6527, 854.28, 2203.558, 571.2355, 2332.669, 2948.323
394.7, 217.6293, 1628.576, 16.42205, 11.20391, 316.3035, 317.0966, 810.4926, 2229.426, 542.6865, 2180.434, 3065.551
394.8, 205.6756, 1869.862, 15.46778, 10.53495, 302.2287, 298.8633, 804.0726, 2149.49, 515.5643, 2210.999, 3023.103
394.9, 194.3784, 1776.706, 14.56896, 9.905944, 288.7802, 281.6785, 764.7234, 2036.241, 489.7977, 2540.707, 2865.241
395, 183.7018, 1688.19, 13.72238, 9.31449, 275.9301, 265.4819, 914.0101, 1928.958, 465.3188, 3654.921, 3284.158
395.1, 173.6116, 1621.307, 12.92498, 8.75835, 263.6519, 250.2165, 998.7759, 2021.01, 442.0632, 4241.704, 3419.599
395.2, 248.5363, 1540.533, 12.17393, 8.235416, 251.92, 235.8289, 947.5822, 1914.53, 419.97, 4079.594, 3364.421
395.3, 234.8849, 1463.784, 11.46651, 7.743705, 240.7101, 243.1213, 1067.059, 1857.588, 507.002, 4005.204, 3322.811
395.4, 261.1367, 1422.547, 10.80021, 7.281352, 300.1252, 248.4521, 1012.365, 1759.717, 481.6632, 3928.842, 3202.939
395.5, 246.7932, 1515.864, 10.17262, 6.846605, 286.7704, 250.3191, 1047.854, 1803.991, 457.5909, 3838.259, 3152.07
395.6, 233.2376, 1544.655, 9.581498, 6.437815, 274.0097, 235.9256, 994.1447, 1708.945, 611.6055, 3710.834, 3129.933
395.7, 220.4266, 1467.701, 9.024728, 6.053433, 261.8169, 271.7827, 943.1884, 1745.499, 581.0389, 3636.521, 3229.831
395.8, 212.3181, 1394.58, 8.500311, 5.692001, 265.9263, 256.155, 894.8438, 1653.535, 552, 3496.198, 3061.175
395.9, 200.6561, 1412.393, 8.006367, 5.352149, 254.0932, 241.4259, 962.0803, 1799.619, 524.4124, 3409.112, 2986.253
396, 189.6346, 1404.705, 7.541125, 5.032588, 242.7867, 227.5438, 912.7674, 1761.375, 498.2035, 3307.937, 3045.349
396.1, 179.2186, 1386.129, 7.102919, 4.732108, 231.9832, 214.4599, 865.9822, 1668.574, 473.3045, 3345.384, 3009.229
396.2, 169.3746, 1443.353, 6.690176, 4.449568, 221.6605, 202.1284, 821.595, 1580.663, 449.6498, 3333.401, 2852.092
396.3, 160.0714, 1371.445, 6.301416, 4.183898, 211.7971, 190.5059, 830.757, 1497.383, 427.1774, 3291.362, 2832.89
396.4, 157.5234, 1368.429, 5.935248, 3.934091, 202.3726, 179.5517, 993.1785, 1418.491, 405.8281, 3419.02, 3047.593
396.5, 149.0204, 1313.874, 5.590357, 3.699198, 659.9313, 179.4387, 1030.365, 1343.755, 385.5458, 3563.433, 2962.154
396.6, 140.8352, 1248.417, 5.265507, 3.47833, 1066.912, 169.1208, 977.7945, 1272.957, 366.2772, 3330.877, 2917.765
396.7, 133.0995, 1186.221, 4.959534, 3.27065, 1203.472, 159.3963, 927.6762, 1205.889, 347.9715, 3207.751, 2765.404
396.8, 125.7887, 1127.124, 4.671341, 3.075369, 1242.141, 150.2309, 880.1268, 1142.355, 330.5807, 3131.221, 2620.999
396.9, 119.7375, 1070.971, 4.399894, 2.891748, 1232.78, 141.5926, 835.0146, 1082.168, 314.0591, 3037.772, 2594.543
397, 113.1607, 1017.615, 4.144221, 2.719091, 1177.924, 185.8492, 792.2147, 1025.152, 298.3632, 2839.521, 2598.018
397.1, 644.1533, 966.918, 3.903405, 2.556742, 1593.834, 175.1628, 846.7845, 971.1403, 283.4517, 2730.232, 2462.354
397.2, 959.9165, 932.7424, 3.676582, 2.404087, 1854.404, 234.0847, 803.3813, 919.9741, 269.2855, 2586.157, 2394.327
397.3, 1009.104, 896.2378, 3.46294, 2.260547, 2386.415, 220.6247, 832.9125, 871.5037, 255.8272, 2485.642, 2490.925
397.4, 998.1566, 851.5874, 3.261712, 2.125576, 2617.293, 363.6382, 790.2203, 825.5871, 243.0416, 2372.823, 2360.853
397.5, 1030.618, 883.4395, 3.072178, 1.998665, 2557.28, 342.7288, 761.7072, 890.4207, 230.895, 2550.521, 2237.573
397.6, 974.0092, 839.4266, 2.893657, 1.879331, 2537.423, 426.789, 722.6647, 873.7707, 219.3554, 3031.185, 2494.925
397.7, 920.5098, 797.6066, 2.725509, 1.767122, 2565.672, 402.2484, 685.6235, 849.0029, 208.3925, 3370.026, 2456.333
397.8, 941.7255, 818.2737, 2.567133, 1.661612, 2591.916, 438.7317, 650.4808, 804.2717, 197.9776, 3150.091, 2443.197
397.9, 889.9993, 777.5075, 2.41796, 1.562402, 2750.429, 413.5044, 617.1395, 761.8973, 188.0831, 3255.622, 2315.617
398, 913.0035, 813.2738, 2.277455, 1.469116, 2664.935, 389.7277, 585.5071, 748.4686, 178.6832, 3122.789, 2291.401
398.1, 917.7543, 772.7567, 2.145114, 1.3814, 2546.352, 367.3181, 555.496, 709.0342, 169.753, 3114.369, 2171.748
398.2, 867.3448, 734.2581, 2.020464, 1.298921, 2433.045, 346.1971, 527.0233, 871.4415, 161.2692, 3008.527, 2058.343
398.3, 1017.41, 697.6774, 1.903057, 41.28542, 2747.589, 735.3815, 500.0099, 825.5281, 153.2093, 2812.184, 2061.705
398.4, 1031.57, 662.9193, 1.792472, 126.0027, 2653.689, 832.1993, 474.3811, 782.0338, 145.5523, 2628.656, 2039.455
398.5, 1047.022, 629.8927, 1.688314, 118.4794, 2579.716, 784.3474, 450.066, 740.8311, 567.9216, 2457.105, 1993.696
398.6, 989.5123, 598.5115, 1.590208, 150.7622, 2589.795, 869.1502, 426.9973, 701.7991, 539.5382, 2466.521, 1934.015
398.7, 1013.156, 574.7724, 1.497802, 141.7607, 2474.555, 861.7065, 405.1109, 664.8237, 512.5734, 2305.551, 2005.083
398.8, 1012.887, 554.7881, 1.410767, 133.2966, 2495.048, 947.4526, 384.3463, 629.7963, 486.9562, 2594.146, 1900.38
398.9, 1141.837, 527.1487, 1.328789, 125.3378, 2545.883, 974.6429, 364.6461, 596.6144, 462.6193, 2424.847, 1801.146
399, 1079.119, 500.8862, 1.251574, 117.8543, 2432.597, 1004.141, 345.9556, 565.1808, 439.4987, 2266.597, 1707.093
399.1, 1019.846, 503.2284, 1.178846, 110.8176, 2731.52, 1093.664, 328.2232, 535.4033, 417.5336, 2118.674, 1617.952
399.2, 963.8293, 478.1577, 1.110345, 104.201, 2673.447, 1273.975, 311.3996, 507.1946, 396.6662, 1980.406, 1633.059
399.3, 910.889, 454.3359, 1.045824, 97.97948, 2765.17, 1200.721, 295.4384, 480.4722, 376.8418, 1851.161, 1547.784
399.4, 1061.298, 493.5436, 0.9850523, 92.12943, 3359.079, 1220.943, 280.2952, 455.1577, 358.0081, 1730.35, 1466.961
399.5, 1077.145, 468.9554, 0.927812, 86.62866, 3466.872, 1150.738, 265.9283, 431.177, 340.1158, 1617.424, 1390.359
399.6, 1143.375, 458.6387, 0.8738979, 94.13457, 3428.182, 1120.959, 252.2977, 408.4597, 323.1176, 1511.868, 1404.226
399.7, 1080.573, 435.7894, 0.8231166, 88.51409, 3652.893, 1175.087, 239.3658, 386.9393, 306.9689, 1413.201, 1330.9
399.8, 1143.115, 414.0785, 0.7752862, 190.5632, 3721.815, 1412.779, 227.0968, 366.5528, 291.6273, 1320.973, 1652.557
399.9, 1080.328, 430.0008, 0.7302352, 179.1853, 3556.203, 2159.85, 215.4566, 347.2403, 277.0525, 1234.764, 1566.264
400, 1020.988, 408.5782, 0.687802, 171.594, 3426.851, 2259.329, 204.4131, 328.9454, 263.2061, 1154.181, 1484.476
400.1, 1133.366, 388.2229, 0.6478345, 161.3486, 3680.585, 2527.537, 193.9356, 311.6143, 250.0517, 1078.857, 1406.959
400.2, 1071.114, 486.6156, 0.6101896, 163.9122, 3630.406, 2389.996, 183.9951, 295.1964, 237.5547, 1008.448, 1333.49
400.3, 1012.281, 506.8354, 0.5747321, 154.1255, 3575.198, 2550.566, 174.5642, 279.6435, 225.6823, 942.6351, 1263.858
400.4, 956.6794, 481.5849, 0.541335, 144.9232, 3638.429, 2403.907, 165.6166, 264.91, 214.4032, 881.1169, 1197.861
400.5, 1042.935, 457.5924, 0.5098786, 136.2702, 3555.285, 2466.961, 157.1277, 250.9527, 203.6879, 823.6136, 1135.311
400.6, 1032.916, 449.824, 0.4802501, 203.8015, 3526.655, 2325.109, 149.0739, 237.7309, 193.5081, 769.863, 1076.027
400.7, 1010.808, 427.4138, 0.4523433, 224.3453, 3546.08, 2229.217, 141.4329, 225.2056, 183.837, 719.6202, 1019.838
400.8, 955.287, 406.1202, 0.4260581, 210.9504, 3388.287, 2231.958, 134.1835, 213.3403, 174.6493, 672.6564, 966.5842
400.9, 954.9962, 385.8873, 0.4013004, 198.3552, 3433.358, 2103.619, 127.3058, 202.1001, 165.9207, 628.7576, 916.1108
401, 902.5411, 366.6625, 0.3779812, 186.512, 3545.935, 1982.66, 120.7805, 191.4521, 157.6284, 587.7236, 868.273
401.1, 892.5526, 348.3954, 0.3560172, 208.2761, 4234.463, 2072.721, 114.5897, 181.3651, 149.7505, 549.3677, 822.9332
401.2, 843.5273, 331.0384, 0.3353294, 282.6856, 4545.793, 2015.578, 108.7163, 171.8096, 142.2663, 513.5149, 779.9611
401.3, 797.1949, 314.5461, 0.3158438, 327.3351, 4463.779, 1954.228, 103.1439, 162.7575, 135.1562, 480.0019, 739.2328
401.4, 876.986, 329.8636, 0.2974904, 307.791, 4269.953, 1841.859, 97.85706, 154.1824, 128.4014, 448.6761, 700.6313
401.5, 828.8158, 313.4298, 0.2802036, 289.4137, 4379.212, 1830.901, 92.84126, 146.059, 121.9842, 419.3946, 664.0455
401.6, 783.2914, 339.0259, 0.2639213, 330.7962, 4247.998, 1816.941, 88.08254, 138.3636, 359.1307, 392.0241, 629.3701
401.7, 740.2676, 322.1357, 0.2485851, 311.0454, 4318.256, 1712.466, 83.56774, 131.0737, 341.1823, 366.4399, 596.5055
401.8, 738.678, 306.087, 0.2341401, 292.4738, 4252.686, 1613.999, 79.28436, 124.1679, 773.767, 342.5254, 565.357
401.9, 698.1046, 290.8378, 0.2205344, 275.0111, 4063.451, 1636.854, 75.22052, 117.6259, 735.096, 320.1715, 535.835
402, 659.7598, 276.3483, 0.2077194, 258.591, 3929.43, 1542.734, 71.36498, 111.4286, 698.3577, 299.2765, 507.8546
402.1, 623.5212, 299.7581, 0.1956491, 243.1514, 3992.688, 1487.298, 67.70706, 105.5578, 663.4554, 279.7452, 481.3353
402.2, 589.273, 284.8242, 0.1842801, 228.6335, 4093.843, 1496.426, 64.23663, 99.99628, 630.2975, 261.4885, 456.2008
402.3, 556.906, 270.6343, 0.1735718, 214.9825, 3971.663, 1410.38, 60.94409, 94.72781, 598.7968, 244.4232, 432.3787
402.4, 580.3218, 257.1514, 0.1634857, 250.2093, 3852.069, 1519.195, 57.82031, 89.73692, 568.8704, 228.4717, 409.8006
402.5, 631.521, 244.3401, 0.1539857, 253.1493, 3831.299, 1572.93, 54.85664, 85.00897, 540.4396, 213.5612, 388.4015
402.6, 779.0219, 232.1671, 0.1450378, 238.0346, 3777.636, 1482.486, 52.04488, 80.53013, 513.4297, 199.6238, 368.1198
402.7, 736.2326, 220.6006, 0.1366098, 223.8223, 3653.143, 1397.242, 49.37725, 76.28726, 487.7697, 186.596, 348.8972
402.8, 695.7936, 209.6103, 0.1286716, 210.4585, 3694.815, 1332.556, 46.84634, 72.26794, 463.3922, 174.4184, 330.6784
402.9, 657.5757, 199.1676, 0.1211946, 197.8927, 3814.375, 1255.933, 44.44516, 68.46038, 440.2329, 163.0355, 313.4109
403, 621.4571, 189.2451, 0.1141521, 186.0771, 3690.989, 1237.966, 42.16706, 64.85343, 418.2311, 152.3955, 297.0452
403.1, 587.3223, 179.8169, 0.1075188, 174.967, 3533.219, 1166.782, 40.00573, 61.43652, 397.3289, 142.4499, 281.534
403.2, 577.3097, 170.8585, 0.101271, 164.5203, 3481.711, 1099.704, 37.95517, 58.19963, 377.4714, 133.1533, 266.8327
403.3, 545.5998, 162.3463, 0.09538629, 154.6973, 3484.924, 1134.821, 36.00972, 55.13329, 358.6063, 124.4635, 252.8992
403.4, 577.1333, 154.2583, 0.0898435, 145.4608, 3375.692, 1080.148, 34.16399, 52.2285, 340.684, 116.3408, 239.6932
403.5, 545.4331, 146.5732, 0.08462279, 136.7758, 3415.04, 1153.317, 32.41287, 49.47675, 323.6574, 108.7481, 227.1768
403.6, 515.4741, 139.2709, 0.07970545, 128.6093, 3263.079, 1087, 30.7515, 46.86999, 307.4818, 101.651, 215.314
403.7, 567.9256, 132.3325, 0.07507385, 120.9305, 3366.616, 1142.721, 29.17529, 44.40056, 292.1146, 95.01708, 204.0707
403.8, 536.7311, 125.7397, 0.07071138, 122.446, 3374.157, 1077.014, 27.67986, 42.06124, 277.5154, 88.81609, 193.4145
403.9, 507.2501, 119.4753, 0.06660242, 115.1351, 3375.595, 1150.927, 26.26109, 39.84518, 263.6458, 83.01978, 183.3147
404, 479.3884, 113.5231, 0.06273222, 191.664, 3382.43, 1084.749, 24.91504, 37.74586, 250.4695, 77.60175, 173.7423
404.1, 789.972, 107.8674, 0.05908692, 180.2204, 3296.87, 1112.341, 23.63798, 35.75716, 237.9516, 72.53732, 164.6698
404.2, 793.4888, 102.4935, 0.05565344, 169.46, 3308.736, 1048.381, 22.42638, 33.87323, 226.0593, 67.80339, 156.071
404.3, 919.521, 97.38727, 0.05241948, 159.342, 3311.014, 1093.339, 21.27689, 32.08857, 214.7614, 63.37841, 147.9212
404.4, 869.0145, 92.53545, 0.04937344, 149.8282, 3226.638, 1149.08, 20.18631, 30.39793, 204.0282, 59.24222, 140.197
404.5, 866.3708, 87.92535, 0.0465044, 140.8824, 3188.007, 1083.008, 19.15163, 28.79636, 193.8313, 55.37596, 132.8762
404.6, 818.7836, 83.54493, 0.04380208, 132.4708, 3046.148, 1072.414, 18.16998, 27.27917, 184.1441, 51.76202, 125.9376
404.7, 773.8103, 79.38274, 0.04125679, 124.5614, 3035.875, 1069.799, 17.23865, 25.84192, 174.941, 48.38393, 119.3614
404.8, 731.3073, 75.4279, 0.0388594, 117.1242, 2900.785, 1008.285, 16.35506, 24.4804, 166.1979, 613.0183, 725.7042
404.9, 691.1387, 71.6701, 0.03660132, 110.1311, 2870.03, 990.8436, 15.51676, 23.19061, 157.8917, 1480.615, 687.8091
405, 718.7184, 68.0995, 0.03447446, 103.5555, 2980.427, 1119.737, 14.72142, 21.96877, 150.0007, 1383.988, 651.8928
405.1, 691.2975, 64.70679, 0.03247118, 97.3725, 2847.805, 1080.15, 13.96686, 20.81131, 142.504, 1293.666, 617.8521
405.2, 694.6057, 61.48311, 0.03058432, 91.55869, 2836.203, 1163.359, 13.25096, 19.71483, 135.382, 1209.239, 585.5889
405.3, 656.4531, 58.42003, 0.0288071, 86.092, 2828.139, 1096.465, 12.57177, 18.67612, 128.6159, 1130.322, 555.0104
405.4, 620.3961, 55.50956, 0.02713315, 114.3223, 2796.961, 1342.256, 11.92738, 17.69214, 122.188, 1056.555, 526.0287
405.5, 586.3196, 52.74408, 0.02555647, 133.7808, 2802.987, 1286.719, 11.31603, 16.76, 116.0814, 987.6018, 498.5604
405.6, 643.9567, 50.11638, 0.02407141, 131.1725, 2678.26, 1247.22, 10.73601, 15.87697, 110.2799, 923.149, 472.5264
405.7, 608.5861, 47.61959, 0.02267264, 123.3406, 2729.633, 1175.504, 10.18572, 15.04046, 104.7684, 862.9026, 447.8518
405.8, 590.8891, 45.24719, 0.02135516, 115.9763, 2694.963, 1170.543, 9.663631, 14.24803, 99.5323, 806.588, 424.4658
405.9, 617.6659, 42.99298, 0.02011424, 163.0716, 2654.817, 1182.481, 9.168307, 13.49735, 94.55791, 753.9485, 402.3009
406, 583.7394, 40.85108, 0.01894542, 165.9624, 2596.728, 1201.593, 8.698372, 12.78622, 89.83213, 704.7444, 381.2934
406.1, 551.6763, 38.81589, 0.01784452, 156.0533, 2481.179, 1210.406, 8.252524, 12.11256, 85.34254, 658.7514, 361.3829
406.2, 521.3744, 36.88209, 0.0168076, 146.7359, 2370.773, 1152.506, 7.829529, 11.47439, 81.07732, 615.76, 342.5121
406.3, 492.7369, 35.04463, 0.01583092, 204.795, 2476.033, 1086.236, 7.428215, 10.86984, 77.02528, 575.5743, 324.6267
406.4, 468.4261, 33.29871, 29.5167, 192.5673, 2665.007, 1181.979, 7.047471, 10.29714, 73.17574, 538.0113, 307.6752
406.5, 442.6968, 31.63977, 27.80151, 181.0697, 2546.42, 1114.014, 6.686242, 9.754621, 313.2168, 502.8997, 291.6089
406.6, 418.3808, 30.06349, 26.186, 170.2586, 2449.011, 1049.958, 6.343529, 9.240682, 395.6049, 470.0795, 276.3816
406.7, 422.6779, 28.56573, 24.66435, 272.6308, 2992.535, 989.5846, 6.018382, 8.75382, 526.332, 439.4012, 261.9494
406.8, 436.7714, 27.14259, 86.89346, 327.748, 2989.115, 1065.44, 5.7099, 8.29261, 500.0272, 410.725, 248.2709
406.9, 412.7808, 34.65173, 671.1785, 308.1792, 3045.549, 1028.495, 5.417231, 7.8557, 475.037, 383.9203, 542.6462
407, 390.108, 32.92538, 757.8299, 355.7005, 2910.029, 1089.437, 5.139563, 7.441809, 451.2958, 358.865, 514.3101
407.1, 368.6805, 31.28505, 766.2056, 357.9015, 2974.707, 1026.794, 4.876127, 7.049725, 428.7411, 335.4448, 487.4537
407.2, 369.3018, 31.66596, 796.2103, 336.5323, 2842.339, 1050.51, 4.626194, 6.678298, 407.3137, 313.553, 461.9997
407.3, 349.0172, 30.08837, 812.1205, 346.4318, 2929.304, 990.105, 4.389071, 6.326441, 386.9571, 293.09, 437.8748
407.4, 329.8467, 28.58937, 764.9291, 325.7474, 2798.957, 935.7429, 4.164103, 5.993122, 367.6179, 273.9624, 415.0098
407.5, 311.7292, 27.16505, 720.4799, 306.298, 2706.055, 948.2936, 3.950666, 5.677364, 349.2453, 256.0831, 393.3387
407.6, 294.6068, 38.5702, 753.5931, 288.0099, 2667.909, 893.7662, 3.748168, 5.378242, 331.7908, 239.3706, 372.7992
407.7, 278.425, 36.64864, 716.3231, 270.8137, 2727.499, 842.3741, 3.556051, 5.094881, 315.2087, 223.7488, 663.5155
407.8, 263.1319, 151.1597, 674.6984, 302.4597, 2606.131, 793.9372, 3.37378, 4.826448, 299.4553, 209.1465, 628.8679
407.9, 248.6789, 143.6289, 635.4924, 284.4008, 2490.164, 748.2854, 3.200852, 4.572158, 284.4893, 195.4972, 596.0294
408, 235.0197, 136.4733, 598.5646, 267.4201, 2397.229, 705.2586, 3.036788, 4.331266, 270.2712, 182.7387, 564.9058
408.1, 264.0687, 129.6743, 637.812, 251.4533, 2431.428, 664.7059, 2.881132, 4.103066, 256.7637, 170.8129, 535.4073
408.2, 249.5642, 123.2139, 600.7494, 236.4398, 2418.4, 635.2712, 2.733456, 3.886889, 370.4457, 159.6653, 507.4493
408.3, 237.3812, 183.4002, 565.8405, 272.5595, 2452.038, 746.9271, 2.593348, 3.682102, 370.4949, 149.2452, 480.9511
408.4, 224.3426, 174.2633, 532.9601, 256.2858, 2526.699, 703.9784, 2.460422, 3.488104, 562.748, 139.5052, 455.8367
408.5, 212.0201, 173.2206, 600.8117, 240.9838, 2487.315, 663.4993, 2.33431, 3.304328, 896.2283, 130.4008, 432.0337
408.6, 200.3745, 164.5908, 565.8992, 226.5954, 2398.854, 625.3477, 2.214661, 3.130234, 939.4194, 121.8906, 409.4736
408.7, 189.3685, 156.3909, 574.7917, 213.0661, 2302.986, 589.3899, 2.101146, 2.965312, 961.4046, 113.9358, 388.0916
408.8, 178.9671, 247.442, 709.7792, 200.3446, 2260.258, 555.4996, 1.993448, 2.809079, 991.8138, 106.5001, 826.0911
408.9, 169.1369, 235.1145, 919.0399, 188.3826, 2159.682, 523.5581, 1.891271, 2.661078, 942.2454, 99.54974, 782.954
409, 159.8468, 223.4011, 1221.557, 177.1349, 2244.561, 493.4532, 1.794331, 2.520875, 895.1542, 93.05294, 742.0695
409.1, 198.0848, 212.2713, 1420.544, 166.5587, 2315.983, 465.0794, 1.70236, 2.388058, 1012.66, 86.98013, 703.3199
409.2, 187.2046, 201.696, 1337.998, 156.614, 2212.927, 438.3371, 1.615103, 2.262239, 1058.357, 81.30363, 666.5937
409.3, 176.922, 191.6476, 1332.416, 147.263, 2241.608, 413.1324, 1.532318, 2.143049, 1005.463, 75.9976, 631.7853
409.4, 168.446, 182.0997, 1288.354, 138.4704, 2286.69, 389.3771, 1.453777, 2.030139, 1007.416, 71.03786, 598.7945
409.5, 159.1937, 173.0275, 1213.489, 130.2028, 2184.938, 366.9877, 1.379262, 1.923178, 957.0681, 66.40179, 567.5264
409.6, 150.4497, 164.4073, 1142.974, 122.4288, 2087.713, 345.8857, 1.308566, 1.821852, 909.2361, 62.06829, 537.8912
409.7, 142.186, 156.2166, 1126.966, 115.1189, 2192.209, 325.9971, 1.241493, 1.725865, 863.7947, 58.01759, 509.8034
409.8, 135.9807, 148.4339, 1061.479, 108.2455, 2099.413, 307.2521, 1.177859, 1.634934, 820.6243, 54.23125, 483.1823
409.9, 198.5627, 141.0389, 1066.127, 101.7825, 2006.513, 289.5849, 1.117486, 1.548795, 884.02, 50.69202, 457.9514
410, 187.6563, 134.0124, 1004.175, 95.70541, 2037.328, 272.9337, 1.060207, 1.467194, 839.8388, 47.38376, 434.0379
410.1, 177.3489, 127.3359, 945.8238, 89.99113, 2120.938, 257.2398, 1.005865, 1.389893, 797.8657, 44.29141, 411.3732
410.2, 167.6077, 120.9921, 993.3994, 84.61803, 2026.561, 286.9219, 0.9543078, 1.316664, 757.9902, 41.40087, 389.892
410.3, 158.4015, 114.9643, 935.674, 79.56575, 1936.383, 270.4237, 0.9053934, 1.247293, 720.1077, 38.69897, 369.5325
410.4, 149.701, 109.2368, 923.1328, 100.504, 1850.219, 278.8643, 0.8589861, 1.181577, 782.054, 36.1734, 350.2361
410.5, 141.4783, 103.7946, 869.4905, 94.50317, 2035.33, 262.8295, 0.8149575, 1.119324, 775.9297, 33.81265, 331.9474
410.6, 133.7074, 166.5217, 818.9653, 88.86067, 1993.942, 260.1376, 0.7731857, 1.060351, 737.1506, 31.60597, 314.6136
410.7, 126.3632, 158.2256, 825.571, 83.55508, 1908.841, 245.1795, 0.7335549, 1.004484, 851.71, 29.54331, 298.1851
410.8, 143.5812, 150.3428, 850.813, 78.56626, 1823.902, 432.5756, 0.6959555, 0.9515612, 809.1436, 27.61526, 282.6143
410.9, 277.2034, 142.8528, 801.3732, 73.87531, 1945.322, 463.28, 0.6602832, 0.9014266, 789.6119, 25.81303, 267.8567
411, 265.8144, 135.7359, 754.8063, 69.46444, 1881.195, 436.6412, 0.6264394, 0.8539335, 809.5969, 24.12842, 253.8697
411.1, 251.214, 144.5766, 740.5965, 65.31693, 1797.486, 411.5341, 0.5943303, 0.8089425, 769.1352, 22.55376, 240.613
411.2, 252.32, 137.3738, 697.5612, 61.41706, 1810.229, 387.8706, 0.563867, 0.766322, 761.6896, 21.08186, 228.0486
411.3, 386.2882, 130.5299, 674.0349, 57.75003, 1888.773, 493.9695, 0.5349652, 0.725947, 723.6221, 19.70601, 216.1403
411.4, 365.0706, 124.0269, 634.8675, 54.30196, 1967.496, 489.5109, 0.5075448, 0.6876993, 823.0222, 18.41996, 204.8538
411.5, 345.0183, 117.8479, 597.976, 51.05975, 1879.947, 461.3638, 0.4815298, 0.6514667, 781.8895, 17.21784, 194.1567
411.6, 326.0675, 111.9768, 632.5801, 48.01113, 1796.294, 465.1685, 0.4568483, 0.617143, 788.6133, 16.09417, 184.0181
411.7, 308.1576, 106.3981, 624.6401, 45.14454, 1733.461, 439.0583, 0.4334319, 0.5846278, 817.912, 15.04384, 174.409
411.8, 291.2314, 101.0974, 598.716, 42.4491, 1762.887, 413.8122, 0.4112157, 0.5538257, 777.0348, 14.06205, 165.3017
411.9, 275.235, 159.715, 563.9252, 39.91459, 1684.443, 390.0178, 0.3901382, 0.5246465, 738.2004, 13.14433, 156.6699
412, 260.1172, 151.758, 531.1561, 37.53141, 1609.489, 367.5915, 0.3701411, 0.4970046, 909.3973, 12.28651, 148.4889
412.1, 245.8297, 144.1974, 500.2912, 35.29053, 1553.486, 346.4548, 0.351169, 0.4708191, 863.9478, 11.48466, 140.735
412.2, 236.3059, 226.4558, 528.5226, 33.18344, 1556.887, 326.5335, 0.3331693, 0.4460132, 900.3217, 10.73515, 133.3861
412.3, 286.7059, 215.1738, 497.8107, 31.20216, 1546.599, 307.7576, 0.3160922, 0.4225142, 971.4489, 10.03456, 126.4209
412.4, 270.958, 204.4539, 468.8835, 29.33917, 1577.626, 290.0614, 0.2998904, 0.4002533, 922.8982, 9.379683, 528.202
412.5, 256.0751, 194.2681, 482.963, 27.58742, 1507.426, 284.4253, 0.2845191, 0.3791653, 997.9046, 8.767548, 500.6201
412.6, 242.0097, 184.5896, 472.9425, 25.94026, 1550.793, 276.3875, 0.2699357, 0.3591883, 948.0317, 8.195361, 474.4786
412.7, 228.7168, 175.3934, 445.4603, 24.39145, 1481.786, 260.4951, 0.2560997, 0.3402639, 900.6514, 416.6777, 537.9416
412.8, 264.6728, 188.932, 419.5751, 22.93511, 1415.85, 282.7642, 0.242973, 0.3223365, 855.639, 996.9464, 783.4399
412.9, 289.6991, 179.5194, 395.194, 21.56572, 1352.848, 266.5051, 0.230519, 0.3053536, 812.8762, 931.8837, 742.53
413, 273.7868, 170.5758, 372.2297, 20.2781, 1292.65, 251.1809, 0.2187034, 0.2892656, 860.9913, 871.0672, 703.7563
413.1, 258.7485, 162.0777, 606.0051, 19.06736, 1235.13, 236.7379, 0.2074935, 0.2740251, 817.961, 814.2197, 667.0073
413.2, 244.5362, 154.0031, 980.2014, 17.9289, 1315.098, 225.3104, 0.1968581, 0.2595876, 777.0813, 761.0822, 632.1773
413.3, 257.5786, 146.3306, 1004.024, 16.85842, 1256.579, 333.2732, 0.1867678, 161.1023, 738.2446, 711.4125, 599.1661
413.4, 243.4305, 139.0405, 1086.006, 15.85186, 1362.828, 314.9898, 0.1771948, 165.3994, 701.3489, 664.9844, 567.8787
413.5, 230.0596, 208.7292, 1110.78, 14.90539, 1302.185, 311.6908, 0.1681124, 247.3883, 712.834, 621.5862, 538.225
413.6, 241.8085, 343.8532, 1046.234, 14.01544, 1244.241, 293.7684, 0.1594955, 234.3542, 810.1403, 581.0203, 510.1198
413.7, 228.5267, 339.0793, 996.3489, 13.17862, 1217.489, 276.8766, 0.1513204, 222.0069, 962.7406, 543.1018, 483.4822
413.8, 215.9744, 322.1864, 990.8777, 12.39176, 1349.658, 307.1263, 0.1435642, 210.3101, 941.7828, 507.658, 458.2356
413.9, 204.1116, 306.1351, 1070.666, 11.65189, 1289.601, 355.4746, 0.1362056, 199.2296, 957.5051, 474.5272, 434.3073
414, 192.9003, 290.8835, 1057.099, 10.95619, 1232.217, 335.0347, 0.1292242, 188.7328, 949.4453, 443.5587, 411.6285
414.1, 209.4294, 276.3918, 995.6718, 10.30203, 1357.78, 336.0437, 0.1226006, 178.7891, 901.9943, 414.6112, 390.1339
414.2, 197.926, 289.9372, 937.8143, 9.686928, 1297.361, 316.721, 0.1163165, 169.3693, 934.9706, 387.5529, 369.7618
414.3, 276.2517, 367.8935, 883.319, 9.108551, 1270.341, 298.5093, 0.1103546, 256.6453, 1195.639, 362.2604, 350.4535
414.4, 261.078, 378.4131, 831.9902, 8.564708, 1384.529, 281.3449, 0.1046982, 568.7094, 1177.605, 338.6186, 332.1534
414.5, 282.4393, 359.5606, 783.6442, 8.053335, 1395.767, 265.1674, 0.09933173, 1421.407, 1694.872, 316.5197, 314.8089
414.6, 266.9257, 341.6474, 738.1074, 7.572495, 1333.658, 249.9201, 0.09424034, 2202.017, 2028.846, 295.863, 298.3701
414.7, 252.2643, 404.1977, 695.2168, 7.120365, 1274.314, 235.5496, 0.08940991, 2099.296, 2588.777, 276.5544, 282.7897
414.8, 238.4082, 420.3447, 654.8185, 6.69523, 1217.61, 222.0053, 0.08482707, 2084.805, 2741.979, 258.506, 476.3943
414.9, 225.3131, 399.4032, 683.7682, 6.295478, 1163.999, 209.2399, 0.08047914, 2073.305, 3020.928, 241.6354, 627.4405
415, 212.9373, 438.8347, 709.2162, 5.919594, 1186.761, 197.2085, 0.07635406, 2015.38, 3057.047, 225.8658, 633.0646
415.1, 201.2413, 416.972, 668.0045, 5.566154, 1165.809, 185.8689, 0.07244042, 2032.363, 2904.263, 211.1254, 704.916
415.2, 190.1878, 396.1985, 629.1874, 5.233815, 1113.933, 175.1814, 0.06872738, 1991.306, 2759.115, 197.3469, 841.085
415.3, 179.7413, 462.7129, 592.626, 4.92132, 1064.366, 165.1083, 0.06520466, 2012.561, 2698.598, 184.4677, 1025.497
415.4, 169.8687, 439.6606, 562.6964, 4.627484, 1017.004, 155.6145, 0.06186249, 2309.722, 2563.729, 172.429, 971.9477
415.5, 160.5383, 417.7568, 529.9987, 4.351191, 1065.113, 146.6666, 0.05869164, 2370.545, 2651.846, 161.1759, 1063.112
415.6, 151.7204, 396.9442, 527.0919, 4.091395, 1017.718, 138.2332, 0.05568331, 2339.978, 2519.313, 150.6573, 1007.598
415.7, 143.3869, 377.1685, 499.9297, 3.84711, 1054.836, 130.2847, 0.05282918, 2236.037, 2442.731, 140.8251, 1093.703
415.8, 135.5111, 358.3781, 529.2472, 3.617411, 1007.899, 122.7932, 0.05012134, 2136.626, 2377.874, 131.6346, 1036.592
415.9, 128.0678, 343.7514, 498.4932, 3.401427, 963.0494, 115.7326, 136.369, 2187.527, 2422.466, 595.7822, 982.4626
416, 121.0335, 326.6258, 469.5263, 3.198338, 945.176, 109.0779, 203.4569, 2099.38, 2301.397, 628.1973, 931.16
416.1, 114.3855, 310.3534, 491.983, 3.007375, 903.1178, 102.8058, 384.1759, 2098.907, 2186.379, 1398.789, 1249.072
416.2, 108.1026, 294.8916, 463.3944, 2.827814, 862.9311, 96.89445, 364.4844, 1988.323, 2077.109, 1654.786, 1281.245
416.3, 102.1649, 280.2002, 436.4671, 2.658974, 824.5326, 91.32298, 414.3552, 1996.392, 2064.258, 2111.264, 1433.601
416.4, 96.55325, 266.2406, 411.1044, 2.500214, 787.8428, 86.07185, 393.1168, 1891.208, 2041.898, 2263.145, 1417.664
416.5, 91.24986, 252.9766, 397.3385, 2.350934, 752.7856, 81.12267, 372.967, 1875.981, 1939.849, 2298.582, 1413.762
416.6, 86.23779, 240.3733, 521.8721, 2.210567, 774.5479, 76.45808, 353.85, 1777.142, 2077.409, 2311.865, 1453.769
416.7, 81.501, 263.5776, 491.5467, 2.078581, 740.0823, 72.0617, 335.7129, 1683.51, 2075.406, 2160.989, 1470.985
416.8, 77.02439, 311.3482, 462.9834, 1.954476, 713.6937, 67.91811, 318.5055, 1781.737, 2045.205, 2019.958, 1394.172
416.9, 72.79367, 295.8369, 436.08, 1.83778, 855.6019, 64.01279, 349.2333, 1755.482, 1942.991, 1888.132, 1368.606
417, 68.79533, 554.179, 410.7398, 1.728052, 979.0096, 60.33202, 331.3329, 1899.595, 2093.509, 1893.632, 1346.849
417.1, 73.26987, 565.0952, 386.8722, 1.624875, 935.4459, 144.3467, 537.312, 1868.349, 1988.881, 1861.52, 1322.38
417.2, 69.24538, 565.0706, 443.544, 1.527859, 896.6158, 170.2146, 1667.025, 1895.978, 1889.481, 1961.387, 1253.328
417.3, 65.44193, 536.9189, 540.4435, 1.436635, 905.7271, 160.4272, 2434.275, 1796.086, 2007.77, 1919.177, 1187.881
417.4, 61.8474, 510.1697, 509.0389, 1.350858, 865.4243, 151.2025, 2780.461, 1737.386, 1907.426, 1793.928, 1178.867
417.5, 58.45031, 484.7531, 568.0983, 1.270202, 826.9149, 142.5083, 2741.685, 1772.274, 1877.224, 1731.951, 1438.401
417.6, 55.23981, 466.3606, 1306.022, 1.194362, 790.1191, 134.314, 2659.007, 1736.139, 1803.922, 1772.057, 1738.225
417.7, 52.20566, 494.8237, 2126.067, 1.123051, 754.9606, 126.5909, 2571.937, 1644.667, 1772.27, 1656.41, 1647.458
417.8, 49.33816, 470.1717, 2302.854, 1.055997, 721.3665, 119.3118, 2617.772, 1558.015, 1874.643, 1789.945, 1561.43
417.9, 46.62816, 446.7478, 2205.161, 0.9929464, 689.2673, 112.4513, 3285.405, 1668.513, 1819.052, 1673.13, 1479.895
418, 44.06702, 424.4909, 2247.717, 0.9336607, 658.5965, 105.9853, 4133.278, 1580.605, 1728.141, 1563.938, 1402.617
418.1, 41.64655, 403.3428, 2175.76, 0.8779147, 629.2905, 99.89111, 4383.816, 1497.328, 1641.772, 1461.873, 1329.375
418.2, 39.35903, 383.2484, 2049.329, 0.8254972, 721.1538, 94.14732, 4399.389, 1418.439, 1696.243, 1573.512, 1259.957
418.3, 37.19715, 364.155, 1930.245, 0.7762092, 698.7203, 88.7338, 4173.892, 1428.84, 1742.383, 1552, 1194.164
418.4, 35.15403, 407.6359, 1919.246, 0.7298642, 667.6288, 83.63156, 4123.926, 1353.559, 1702.795, 1486.113, 1131.807
418.5, 33.22312, 406.9871, 1807.721, 0.6862862, 764.2579, 78.8227, 4179.88, 1331.514, 1617.694, 1429.402, 1072.706
418.6, 31.39828, 386.711, 1768.341, 0.6453102, 730.2502, 74.29035, 3965.635, 1261.361, 1579.941, 1451.001, 1016.691
418.7, 29.67366, 367.4452, 1846.651, 0.6067807, 697.7557, 70.01862, 3884.622, 1194.904, 1610.039, 1432.381, 963.6013
418.8, 28.04378, 349.1391, 1776.139, 0.5705517, 666.7072, 65.99251, 3777.213, 1295.838, 1627.701, 1338.901, 913.2836
418.9, 26.50342, 346.8873, 1937.605, 0.5364858, 686.7229, 62.1979, 3870.623, 1408.237, 1546.352, 1343.549, 865.5935
419, 25.04766, 329.6054, 1966.594, 0.5044539, 656.1653, 58.62149, 3732.644, 1343.548, 1469.069, 1255.867, 820.3937
419.1, 23.67187, 454.2708, 2061.033, 0.4743345, 626.9674, 55.25072, 3682.855, 1322.806, 1505.206, 1173.906, 777.5541
419.2, 22.37165, 449.9861, 2064.919, 0.4460135, 599.0688, 52.07378, 3646.483, 1253.111, 1530.014, 1097.295, 736.9515
419.3, 21.14284, 427.5679, 1986.179, 0.4193834, 641.8013, 49.07951, 3495.886, 1261.711, 1577.296, 1218.92, 698.4692
419.4, 19.98153, 425.6544, 1878.786, 0.3943433, 613.2426, 46.25741, 3532.274, 1195.236, 1548.814, 1139.371, 661.9963
419.5, 18.884, 474.4753, 1975.766, 0.3707982, 585.9547, 43.59759, 3351.222, 1132.263, 1471.408, 1065.013, 627.4279
419.6, 17.84676, 450.837, 1877.656, 0.348659, 559.881, 41.0907, 3294.651, 1145.552, 1397.871, 995.5083, 594.6647
419.7, 16.86649, 428.3764, 1799.235, 0.3278417, 534.9675, 38.72797, 3163.473, 1135.099, 1328.009, 1023.102, 821.0432
419.8, 15.94007, 407.0348, 1828.792, 0.3082672, 511.1627, 36.50109, 3240.413, 1155.173, 1414.577, 1635.511, 1237.14
419.9, 360.7031, 386.7563, 1732.908, 0.2898616, 488.4171, 34.40226, 3139.986, 1191.903, 1343.879, 1795.675, 1565.678
420, 1154.834, 367.4882, 1632.21, 0.2725548, 478.083, 32.42411, 2979.041, 1129.106, 1276.716, 1849.525, 1483.921
420.1, 1366.471, 349.18, 1537.365, 0.2562814, 456.8094, 30.5597, 2937.752, 1069.617, 1212.908, 1728.821, 1406.433
420.2, 1317.234, 416.4211, 1448.03, 0.2409796, 436.4824, 28.8025, 2944.394, 1051.536, 1435.186, 1615.995, 1332.991
420.3, 1246.373, 395.675, 1475.182, 0.2265915, 473.0269, 27.14634, 2898.01, 996.1345, 1454.867, 1510.532, 1331.24
420.4, 1177.914, 375.9626, 1407.224, 0.2130624, 462.8308, 25.58541, 2749.469, 943.6515, 1410.52, 1411.952, 1362.677
420.5, 1228.832, 362.91, 1433.633, 0.2003411, 442.2359, 24.11424, 2647.036, 893.9336, 1352.079, 1319.805, 1291.521
420.6, 1221.035, 344.8299, 1395.026, 0.1883793, 422.5574, 22.72766, 2550.443, 993.4922, 1371.028, 1233.672, 1295.545
420.7, 1156.875, 327.6505, 1416.23, 0.1771318, 474.3135, 21.4208, 2419.716, 941.1484, 1302.507, 1335.024, 1227.894
420.8, 1174.818, 311.327, 1460.433, 0.1665558, 453.2076, 20.1891, 2532.002, 891.5624, 1237.411, 1247.898, 1163.776
420.9, 1141.777, 295.8168, 1384.901, 0.1566112, 433.0409, 19.02821, 2411.484, 844.5889, 1175.568, 1288.617, 1103.005
421, 1079.062, 281.0792, 1304.426, 0.1472605, 413.7715, 17.93408, 2318.372, 800.0903, 1195.696, 1312.52, 1114.08
421.1, 1043.294, 267.0759, 1228.627, 0.138468, 395.3596, 16.90286, 2247.392, 757.9362, 1135.938, 1309.118, 1173.542
421.2, 998.0326, 253.7702, 1331.779, 0.1302005, 377.767, 15.93093, 2412.508, 718.0031, 1079.167, 2130.515, 1368.325
421.3, 1031.525, 241.1274, 1254.391, 0.1224266, 360.9572, 15.0149, 2288.851, 680.1738, 1048.123, 2782.957, 1595.734
421.4, 974.866, 266.435, 1190.349, 0.1151169, 344.8955, 14.15153, 2210.671, 644.3377, 1024.528, 2718.558, 1561.152
421.5, 1038.559, 253.1612, 1121.179, 0.1082436, 329.5484, 13.33781, 2113.959, 610.3897, 1169.762, 2936.31, 1479.631
421.6, 981.5145, 361.8182, 1113.18, 0.1017807, 314.8842, 12.57088, 2196.465, 578.2303, 1111.3, 2773.769, 1514.134
421.7, 927.6029, 343.7924, 1048.495, 0.09570371, 300.8726, 11.84805, 2083.882, 547.7653, 1125.267, 2644.92, 1511.352
421.8, 935.2278, 326.6648, 1018.532, 0.08998954, 341.3689, 11.16678, 2159.264, 518.9053, 1069.029, 2711.689, 1432.432
421.9, 884.6403, 310.3904, 960.4197, 0.08461654, 422.3023, 10.52468, 2109.035, 491.5659, 1015.602, 2534.719, 1458.132
422, 836.0497, 294.9268, 916.6037, 0.07956435, 451.4399, 41.69237, 2000.933, 465.6669, 1038.372, 2551.411, 1479.636
422.1, 790.128, 446.455, 863.3408, 0.07481381, 431.3518, 39.75906, 2093.093, 515.0491, 1507.719, 2586.546, 1438.36
422.2, 826.3594, 424.2127, 1025.079, 0.0703469, 479.0683, 37.4729, 1985.808, 487.9128, 1449.113, 2593.123, 1363.252
422.3, 908.4866, 412.5329, 984.2836, 0.06614671, 457.7508, 98.80627, 2006.007, 462.2063, 1604.295, 2554.172, 1328.108
422.4, 858.5861, 431.571, 927.088, 0.06219729, 437.382, 93.12486, 1917.5, 437.8542, 1524.116, 2387.482, 1439.221
422.5, 811.4266, 410.0703, 873.2159, 0.05848368, 417.9195, 87.77013, 1918.35, 504.1175, 1447.944, 2231.671, 1364.067
422.6, 766.8574, 409.2679, 889.7213, 0.0549918, 399.323, 82.7233, 1936.426, 477.5573, 1375.58, 2206.662, 1292.838
422.7, 724.7362, 388.8782, 838.0205, 0.05170841, 386.0157, 77.96667, 1837.172, 593.5485, 1306.831, 2354.576, 1225.328
422.8, 720.5197, 566.1212, 815.4544, 0.04862106, 370.8904, 73.48354, 1743.005, 1041.815, 1241.519, 2200.912, 1161.343
422.9, 680.9437, 911.843, 768.0692, 0.04571804, 354.3866, 69.2582, 1790.853, 1549.728, 1179.471, 2057.277, 1100.7
423, 643.5414, 866.4151, 723.4376, 0.04298836, 338.6172, 65.27582, 1699.06, 1468.078, 1120.524, 1923.015, 1043.223
423.1, 608.1937, 823.2504, 681.3994, 0.04042166, 323.5495, 61.52242, 1611.973, 1390.73, 1064.523, 1797.515, 988.7479
423.2, 574.7874, 782.2362, 641.804, 0.03800821, 309.1523, 57.98485, 1529.349, 1317.457, 1011.32, 1680.206, 937.1171
