 , C000, C001, C002, C003, C004, C005, C006, C008, C009, C011, C012, C013, C015, C024, C025, C029, C037, C039, C111
Time(s)/Cell Status, accepted, accepted, accepted, accepted, accepted, accepted, accepted, accepted, accepted, accepted, accepted, accepted, accepted, accepted, accepted, accepted, accepted, accepted, accepted
0, 0, 0, 0, 0, 0, 0, 0, 0, 0, 0, 0, 0, 0, 0, 0, 0, 0, 0, 0
0.1, 0, 0, 41.48926, 0, 89.97087, 27.3123, 69.29913, 56.77881, 0, 0, 62.76831, 225.1533, 0, 0, 0, 126.7031, 206.6796, 201.6654, 124.2307
0.2, 0, 3.051758e-05, 122.7418, 0, 84.95274, 27.02919, 187.6063, 53.48749, 185.8368, 0, 59.65723, 212.2964, 91.38635, 0, 0, 357.0713, 260.5654, 265.2251, 410.1099
0.3, 0, 0, 225.3237, 0, 80.21451, 49.20346, 261.7596, 50.3869, 173.9142, 0, 216.9493, 200.1738, 87.11517, 0, 182.5428, 503.0657, 244.1449, 400.1497, 389.2224
0.4, 0, 0, 351.8544, 0, 364.3585, 45.08609, 244.7957, 47.46613, 162.7566, 81.35425, 360.3654, 188.7433, 83.04364, 0, 172.6584, 492.5959, 263.4517, 481.1909, 369.3986
0.5, -7.629395e-06, -1.525879e-05, 405.2698, 0, 392.5432, 41.31326, 228.9313, 44.7146, 152.3148, 76.79083, 420.3081, 177.9656, 79.16235, 0, 163.3094, 544.9617, 328.144, 454.3567, 398.8254
0.6, -3.814697e-06, 32.81921, 415.5983, 0, 370.6491, 37.85617, 274.326, 42.12256, 142.5428, 72.48343, 399.4761, 167.8033, 75.46252, 0, 192.7805, 514.2217, 458.5425, 429.019, 437.3507
0.7, 0, 30.86476, 397.4424, 0, 421.5543, 34.68835, 256.5478, 39.68082, 133.3978, 68.4176, 379.6764, 158.2212, 71.93561, 0, 373.3763, 645.3242, 429.6456, 405.0942, 415.0757
0.8, 3.814697e-06, 29.0267, 377.0196, 0, 398.0422, 31.78563, 239.9218, 37.38058, 124.8395, 64.57986, 389.7501, 149.1863, 68.57349, 0, 404.3861, 608.9229, 402.5698, 536.4738, 479.6739
0.9, 0, 27.2981, 357.6462, 0, 508.6538, 29.12579, 224.3732, 35.21371, 116.8303, 60.95738, 370.4326, 140.6674, 65.36859, -1.525879e-05, 616.7073, 656.8759, 377.2001, 506.5566, 455.2434
1, 0, 25.67244, 339.2684, 0, 480.2837, 26.68855, 209.8323, 33.17245, 109.3349, 57.53809, 416.4445, 132.6349, 62.31335, -1.525879e-05, 606.7312, 619.823, 353.4294, 478.3079, 432.0571
1.1, 0, 24.1436, 321.8348, 0, 500.5675, 24.45524, 196.2337, 31.24948, 102.3204, 54.31061, 395.804, 125.0611, 59.401, 0, 573.8779, 624.9779, 331.1567, 593.7278, 410.0517
1.2, 0, 64.91013, 305.2971, 0, 472.6484, 22.40881, 183.5165, 29.43802, 95.75589, 51.26418, 376.1863, 117.9197, 56.62476, 0, 542.8036, 657.8287, 310.2875, 599.6318, 389.1671
1.3, 3.814697e-06, 61.0446, 394.9574, 0, 446.2865, 26.04467, 171.6234, 27.73157, 89.61256, 48.3886, 357.541, 111.1862, 53.97827, 0, 513.4119, 645.8892, 370.0123, 566.1926, 369.3462
1.4, 7.629395e-06, 57.4093, 389.8885, 0, 421.3949, 23.86524, 266.4468, 26.12402, 83.86336, 146.4706, 339.8199, 104.8371, 173.3907, 0, 485.6117, 624.9038, 380.0657, 696.4173, 492.2035
1.5, 3.814697e-06, 53.99046, 488.6732, 0, 397.8917, 21.86819, 249.1793, 24.60968, 78.48299, 138.2547, 472.705, 217.3085, 165.2869, 0, 597.0978, 817.2247, 441.9578, 906.6035, 537.1809
1.6, 3.814697e-06, 50.77523, 528.8635, 0, 418.1746, 20.03825, 273.5168, 23.18311, 73.44781, 130.4995, 487.9444, 204.8995, 157.5619, 7.629395e-06, 564.7661, 1074.327, 414.106, 957.8544, 714.5138
1.7, 5.722046e-06, 47.75148, 501.6875, 0, 394.8509, 18.36144, 255.7911, 21.83926, 68.73569, 123.1794, 561.8089, 193.1992, 394.1574, 0, 534.1852, 1111.486, 388.0095, 904.4384, 744.5288
1.8, 5.722046e-06, 44.9078, 475.9079, 0, 372.8281, 22.89067, 239.2141, 20.57326, 64.32587, 142.8119, 533.9634, 343.16, 375.7355, -7.629395e-06, 843.6284, 1366.429, 465.6281, 854.0013, 706.6088
1.9, 5.722046e-06, 42.23346, 451.4531, 0, 352.0337, 20.97517, 223.7114, 19.38066, 60.19896, 134.8011, 507.4981, 535.3494, 358.1747, 0, 797.9476, 1289.352, 436.2847, 828.1976, 670.6201
2, 3.814697e-06, 39.71838, 428.2549, 0, 332.399, 19.21996, 209.2133, 18.2572, 56.33684, 127.2397, 572.6349, 504.7795, 438.4249, 7.629395e-06, 754.7405, 1216.623, 408.7905, 930.5866, 732.0609
2.1, 3.814697e-06, 37.35308, 406.2487, 0, 313.8595, 17.61163, 195.6549, 17.19887, 125.4456, 135.1093, 544.2529, 475.9552, 417.9341, 0, 713.8728, 1236.472, 545.2717, 985.4962, 694.7759
2.2, 3.814697e-06, 35.12864, 385.3734, 0, 296.354, 16.13788, 182.9751, 16.20187, 181.1176, 138.0657, 517.2775, 448.7769, 398.401, 0, 675.218, 1307.375, 616.3873, 998.9686, 947.6682
2.3, 1.907349e-06, 33.03667, 365.5707, 0, 317.818, 14.78745, 265.9261, 15.26268, 250.9902, 130.3211, 491.6392, 423.1505, 379.7808, 0, 752.8899, 1437.88, 577.5432, 943.26, 899.4019
2.4, 1.907349e-06, 31.06927, 425.1433, 0, 300.0917, 13.55003, 248.6922, 14.37794, 234.8876, 175.069, 467.2716, 398.9874, 529.3087, 0, 712.1224, 1442.32, 541.1469, 890.658, 853.5939
2.5, 3.814697e-06, 29.21904, 403.2971, 0, 283.3541, 12.41616, 232.5753, 13.54448, 219.8181, 189.9538, 444.1118, 376.2041, 563.5011, 0, 673.5624, 1360.962, 507.0443, 930.8954, 810.1189
2.6, 3.814697e-06, 27.47899, 394.4722, 0, 273.5317, 11.37718, 217.5028, 12.75935, 205.7155, 179.2987, 477.6821, 354.7219, 537.1646, 0, 637.0904, 1542.286, 736.5721, 878.9828, 768.8583
2.7, 4.768372e-06, 25.84258, 381.1183, 0, 265.96, 10.42513, 203.4071, 12.01971, 322.2305, 169.2413, 543.875, 334.4662, 512.059, -3.814697e-06, 666.1917, 1455.289, 690.154, 829.9652, 729.699
2.8, 4.768372e-06, 24.3036, 361.5344, 0, 251.1261, 9.552755, 190.225, 11.32295, 324.7198, 159.748, 624.5613, 315.3673, 488.1267, -3.814697e-06, 630.1188, 1440.977, 646.6611, 828.9781, 692.5342
2.9, 3.814697e-06, 22.85629, 342.9567, 0, 255.4571, 8.753376, 236.7548, 10.6666, 303.887, 150.7873, 593.6056, 297.3589, 465.313, -3.814697e-06, 595.9991, 1393.801, 605.9091, 855.4425, 657.2623
3, 3.814697e-06, 21.49516, 336.2477, 0, 303.4436, 8.020893, 221.4115, 10.04828, 284.3908, 177.3192, 564.1842, 280.379, 443.5655, -3.814697e-06, 563.7269, 1525.961, 567.7253, 807.7377, 623.7869
3.1, 3.814697e-06, 20.21508, 320.5827, 0, 287.4479, 7.349701, 207.0625, 9.465805, 345.2822, 247.9187, 536.2209, 264.3685, 496.4933, -3.814697e-06, 636.7115, 1571.428, 531.9478, 762.6932, 592.0164
3.2, 3.814697e-06, 19.01124, 304.1094, 0, 300.1118, 6.734676, 193.6435, 8.917084, 323.1302, 234.0122, 509.6437, 341.0784, 523.8469, -7.629395e-06, 667.151, 1546.525, 498.425, 847.1675, 561.864
3.3, 4.768372e-06, 17.87909, 288.4825, 0, 283.3731, 6.171115, 181.0941, 8.400185, 338.5268, 230.0599, 484.3838, 321.6019, 499.3637, -7.629395e-06, 631.0261, 1618.298, 467.0148, 799.9242, 533.2474
3.4, 4.768372e-06, 16.81435, 289.6709, 0, 326.9829, 5.654714, 169.3579, 7.913239, 377.4198, 217.1552, 460.3758, 303.2375, 476.0248, -7.629395e-06, 596.8574, 1661.262, 437.584, 755.3155, 506.0883
3.5, 3.814697e-06, 15.81303, 299.9007, 0, 308.7455, 5.181526, 158.3824, 7.454521, 353.206, 204.9743, 532.0836, 285.9219, 453.7767, -7.629395e-06, 817.0966, 1567.554, 410.0078, 713.1945, 480.3123
3.6, 3.814697e-06, 14.87134, 284.4901, 0, 291.5252, 4.747935, 148.1181, 7.0224, 330.5456, 193.4767, 534.5897, 269.5949, 432.5684, -7.629395e-06, 1185.323, 1479.132, 384.1696, 727.7075, 455.8492
3.7, 3.814697e-06, 13.98573, 269.8714, 0, 336.9079, 4.350627, 138.519, 6.615326, 309.3391, 182.624, 508.0934, 254.2003, 412.3513, -5.722046e-06, 1121.14, 1395.698, 359.9595, 687.126, 432.6321
3.8, 3.33786e-06, 13.15285, 256.0038, 0, 318.1169, 3.986566, 129.5421, 6.231857, 289.4931, 172.3801, 482.9103, 239.6848, 393.0791, -7.629395e-06, 1121.682, 1384.019, 337.2753, 648.8076, 410.5975
3.9, 3.33786e-06, 12.36957, 242.8489, 0, 300.3739, 3.652967, 121.1469, 5.870605, 355.8401, 162.7108, 458.9754, 225.9981, 414.9913, -5.722046e-06, 1073.763, 1339.851, 316.0205, 612.626, 389.6851
4, 3.33786e-06, 11.63294, 230.37, 0, 289.7301, 3.347286, 113.2957, 5.530296, 333.0107, 191.2262, 521.4326, 213.093, 470.8778, -5.722046e-06, 1015.621, 1395.368, 296.1052, 617.5778, 369.8378
4.1, 121.9203, 10.94018, 236.9468, 0, 273.5704, 3.067184, 105.9534, 5.209717, 311.646, 385.8678, 495.5883, 200.9248, 448.8702, -5.722046e-06, 960.6272, 1482.57, 277.4449, 583.1377, 351.0014
4.2, 114.469, 10.28868, 338.6647, 0, 258.312, 2.81052, 99.08687, 4.907722, 362.8675, 435.6135, 471.025, 189.4515, 427.8912, -5.722046e-06, 951.5257, 1398.942, 394.3818, 620.4782, 333.1243
4.3, 107.4732, 9.675968, 357.5472, 0, 243.9047, 2.575336, 92.66537, 4.623234, 339.5873, 411.1786, 512.2942, 178.6333, 596.4225, -5.722046e-06, 900.0024, 1361.394, 456.5308, 585.8765, 316.1577
4.4, 122.3541, 9.099747, 339.1744, 0, 230.3009, 2.35983, 86.66002, 4.355236, 445.7883, 388.1144, 598.2621, 264.0085, 630.9917, -5.722046e-06, 851.2692, 1398.21, 469.336, 627.4022, 300.0553
4.5, 114.8764, 8.557842, 405.5477, 0, 217.4559, 47.62004, 81.04386, 4.102776, 417.1882, 366.3439, 568.6099, 248.9329, 601.5009, -3.814697e-06, 805.1747, 1462.409, 439.7589, 592.4144, 284.773
4.6, 107.8556, 8.048206, 424.5165, 0, 205.3273, 43.63518, 75.79167, 3.864941, 477.6201, 345.7946, 593.9797, 234.7182, 709.1602, -3.814697e-06, 761.5761, 1414.198, 450.0462, 559.3777, 270.269
4.7, 101.2639, 7.568922, 402.7025, 0, 241.4858, 39.98377, 70.87985, 3.6409, 446.9778, 434.7361, 564.5397, 221.3151, 676.0159, -4.768372e-06, 804.9109, 1334.427, 497.8477, 580.967, 256.5038
4.8, 95.0751, 7.118177, 382.0094, 0, 228.017, 36.63792, 66.28635, 3.429848, 418.3015, 484.4441, 701.5419, 208.6774, 822.358, -4.768372e-06, 837.3093, 1455.672, 577.2755, 548.5687, 243.4396
4.9, 89.26451, 6.694279, 362.3796, 0, 215.2993, 33.57204, 71.59599, 3.231026, 391.4648, 457.2701, 666.7708, 233.8892, 783.9232, -3.814697e-06, 791.9707, 1373.561, 566.1486, 754.1277, 231.0408
5, 86.4177, 6.295623, 343.7585, 0, 211.7036, 30.76273, 66.95608, 3.043732, 366.3499, 431.6205, 633.723, 220.5335, 747.2848, -3.814697e-06, 749.0872, 1426.701, 575.3576, 766.4981, 219.2735
5.1, 81.13622, 5.920707, 326.0942, 0, 211.1573, 28.18849, 112.9637, 2.86729, 342.8463, 407.4096, 602.3132, 207.9404, 712.3587, -2.861023e-06, 711.1143, 1396.059, 644.7888, 723.7534, 208.1056
5.2, 76.17751, 5.568119, 309.3377, 0, 199.38, 25.82967, 105.6429, 2.70108, 320.8506, 505.1542, 572.4602, 238.6046, 679.065, -2.861023e-06, 672.6089, 1432.491, 604.1548, 683.3924, 197.5064
5.3, 71.52187, 5.236527, 293.4422, 0, 188.2596, 23.66823, 98.79649, 2.544506, 300.2661, 476.8186, 544.0868, 224.9796, 647.3273, -3.814697e-06, 829.1948, 1500.695, 566.0815, 645.2822, 187.4471
5.4, 67.15076, 4.924683, 292.5367, 0, 209.3924, 21.68767, 92.3938, 2.397007, 281.0021, 450.0724, 517.1198, 212.1326, 743.3887, -2.861023e-06, 784.2956, 1443.428, 530.4076, 609.2972, 177.9001
5.5, 63.04679, 4.63141, 277.5045, 0, 197.7136, 19.87284, 86.40605, 2.258059, 428.1937, 424.8265, 491.4893, 200.0193, 708.6447, -2.861023e-06, 741.8276, 1362.007, 496.9818, 575.319, 168.8394
5.6, 59.19364, 4.3556, 263.2448, 0, 186.6861, 18.20987, 80.80635, 2.127163, 459.4177, 400.9967, 467.1291, 252.5813, 675.5245, -2.861023e-06, 701.6591, 1410.54, 521.81, 543.2357, 160.2401
5.7, 55.57597, 4.096216, 249.7178, 0, 256.3426, 16.68606, 75.56954, 2.003859, 429.9432, 397.9702, 443.9763, 238.1582, 643.9523, -2.861023e-06, 663.6657, 1381.787, 549.8311, 512.9415, 152.0788
5.8, 52.17941, 3.85228, 236.8859, 0, 242.0451, 15.28977, 70.67212, 1.887699, 517.2565, 375.6469, 421.9711, 224.5587, 653.1653, -2.861023e-06, 627.7296, 1303.843, 515.1813, 616.1891, 144.3332
5.9, 48.99043, 3.622869, 224.7133, 0, 228.5451, 14.01031, 66.09209, 1.778275, 525.368, 426.8941, 401.0566, 211.7358, 730.1111, -2.861023e-06, 593.7393, 1308.108, 519.2267, 690.4358, 136.9821
6, 45.99634, 3.407121, 213.1663, 0, 215.798, 12.83793, 61.80886, 1.675192, 557.9327, 402.9483, 381.1786, 199.6451, 695.9877, -2.861023e-06, 561.5895, 1234.32, 506.7174, 651.9328, 130.0053
6.1, 43.18523, 3.20422, 202.2126, 0, 203.7619, 12.38605, 57.80323, 1.578085, 522.1379, 464.849, 362.2859, 188.2448, 759.0693, -2.384186e-06, 568.2515, 1259.157, 499.5212, 615.577, 123.3839
6.2, 40.54594, 3.013403, 191.8218, 0, 192.3971, 11.34958, 54.05718, 1.486605, 488.6396, 438.7743, 344.3296, 177.4955, 811.4332, -2.384186e-06, 537.4819, 1188.131, 468.0419, 581.2485, 117.0998
6.3, 38.06794, 2.83395, 181.9649, 0, 181.6661, 10.39984, 50.55391, 1.400431, 457.2903, 432.1393, 327.2633, 167.3601, 871.3797, -2.384186e-06, 508.3783, 1160.13, 516.2829, 548.8345, 111.1357
6.4, 35.74139, 2.665183, 172.6145, 0, 171.5337, 9.529578, 47.27767, 1.319252, 427.9523, 407.8993, 311.0428, 157.8033, 830.6537, -2.384186e-06, 480.8506, 1281.743, 517.5555, 518.2281, 105.4754
6.5, 33.55703, 2.506467, 163.7446, 0, 161.9664, 8.732141, 47.36666, 1.242778, 455.543, 385.019, 295.6263, 148.7923, 791.8312, -1.907349e-06, 454.8136, 1268.674, 484.9396, 619.2997, 100.1033
6.6, 31.50617, 2.357202, 155.3305, 0, 152.9328, 8.001431, 44.29698, 1.170736, 426.3171, 363.4221, 280.9739, 140.2959, 754.8232, -1.907349e-06, 510.1831, 1197.111, 565.0306, 584.7637, 95.00491
6.7, 29.58064, 2.216827, 147.3487, 0, 144.403, 7.331869, 41.42624, 31.97967, 592.5474, 403.4769, 267.0477, 132.2846, 719.5448, -1.430511e-06, 482.5577, 1201.85, 787.081, 613.3417, 90.16615
6.8, 27.7728, 2.084811, 139.7771, 0, 136.3489, 6.718336, 38.74154, 30.12588, 554.5318, 380.8447, 253.8118, 124.7308, 752.4712, -1.430511e-06, 522.0595, 1134.056, 1019.354, 643.8986, 85.57384
6.9, 26.07545, 1.960657, 132.5946, 0, 128.744, 6.156143, 124.4851, 28.37955, 518.9551, 359.482, 241.2319, 117.6083, 784.8911, -1.66893e-06, 540.1183, 1070.086, 993.5784, 671.53, 81.21542
7, 88.38064, 1.843896, 125.7811, 0, 121.5633, 5.640995, 116.4176, 26.73445, 551.6287, 339.3176, 229.2755, 110.8926, 792.3422, -1.192093e-06, 541.8964, 1009.725, 930.964, 703.8611, 77.07899
7.1, 84.15059, 1.734089, 119.3178, 0, 114.7832, 5.168955, 120.3617, 25.18472, 516.2383, 334.6723, 217.9117, 147.6279, 787.8036, -1.192093e-06, 528.7231, 952.769, 872.2955, 664.6094, 73.15323
7.2, 90.91413, 1.630821, 113.1866, 0, 108.3811, 4.736415, 126.5463, 23.72481, 621.6849, 355.3568, 207.1111, 320.3531, 823.8206, -1.192093e-06, 566.7871, 994.6464, 889.5591, 627.5466, 69.42741
7.3, 85.35785, 1.533702, 107.3704, 0, 102.3362, 4.34007, 139.36, 22.34954, 581.8, 378.67, 196.8459, 302.06, 842.5308, -1.192093e-06, 536.0968, 1116.563, 833.4999, 782.764, 65.89137
7.4, 80.14114, 1.442367, 101.8531, 0, 96.62839, 3.976892, 130.3285, 21.05399, 544.4739, 357.4293, 187.0894, 284.8116, 803.1531, -1.192093e-06, 507.0682, 1114.521, 890.2496, 739.1123, 420.3904
7.5, 75.24326, 1.356472, 96.61932, 0, 143.1189, 3.644104, 121.8823, 19.83353, 509.5425, 337.38, 177.8165, 300.1809, 765.6159, -1.192093e-06, 479.6115, 1051.653, 972.2171, 736.8996, 398.9792
7.6, 70.64471, 1.275692, 91.65447, 0, 186.4332, 3.339164, 113.9835, 18.68383, 476.8523, 318.4554, 169.0033, 283.0397, 769.8392, -9.536743e-07, 453.6415, 992.3317, 928.5366, 695.8055, 378.6585
7.7, 66.32721, 1.199722, 86.94476, 0, 176.0349, 3.059742, 106.5966, 17.60077, 446.2592, 327.2361, 160.6268, 266.8773, 756.6835, -9.536743e-07, 429.0778, 1058.649, 888.8766, 657.0031, 359.3728
7.8, 62.27357, 1.128276, 177.9367, 0, 166.2166, 2.803701, 99.68841, 16.58049, 417.6289, 379.4401, 152.6655, 251.6379, 771.8312, -7.152557e-07, 405.8441, 1049.923, 917.924, 620.3645, 341.0694
7.9, 91.08755, 1.061085, 168.7933, 0, 156.9458, 19.12744, 93.22791, 15.61935, 613.5729, 358.1562, 145.0988, 335.2278, 735.7579, -8.34465e-07, 493.4987, 1193.158, 1038.217, 608.2657, 323.6982
8, 85.52068, 45.51424, 160.1197, 0, 148.1922, 103.6037, 87.18611, 14.71394, 574.2084, 369.3884, 137.9071, 316.0854, 701.3705, -7.152557e-07, 488.2679, 1241.208, 972.7896, 574.345, 371.6857
8.1, 80.29401, 61.09251, 269.8711, 0, 139.9268, 98.07359, 81.53586, 72.44994, 635.1398, 348.6683, 131.0719, 298.036, 668.5903, -7.152557e-07, 461.8291, 1277.05, 911.4854, 634.9814, 587.1489
8.199999999999999, 75.38679, 57.45434, 322.1788, 0, 132.1224, 89.86676, 76.25178, 111.1202, 639.1647, 413.327, 124.5755, 281.0174, 730.2618, 20.79662, 436.822, 1205.014, 854.0444, 599.5709, 557.2444
8.300000000000001, 70.77946, 54.03283, 396.884, 0, 187.6049, 82.34668, 71.31014, 104.6788, 598.1583, 412.5039, 118.401, 264.9705, 696.1313, 38.76645, 413.169, 1220.335, 1126.603, 566.1351, 645.7776
8.4, 66.45373, 50.81508, 376.4898, 0, 177.1412, 75.45589, 66.68877, 98.61078, 559.7828, 389.3654, 112.5326, 249.84, 778.5713, 36.3007, 390.7968, 1427.459, 1215.653, 616.7938, 612.887
8.5, 62.39236, 110.5314, 357.1437, 0, 167.2612, 69.14172, 62.36687, 237.3322, 523.8693, 367.5247, 106.955, 235.5734, 742.183, 33.99179, 430.4867, 1346.939, 1139.044, 582.3975, 730.4751
8.6, 58.5792, 103.9491, 338.7916, 0, 278.2658, 63.35591, 58.32507, 223.5745, 490.2598, 346.9091, 101.6539, 222.1215, 707.4953, 31.82974, 459.7825, 1435.61, 1067.262, 549.9194, 693.2708
8.699999999999999, 54.99909, 141.3759, 321.3826, 0, 262.7456, 58.05427, 54.54521, 389.442, 458.8066, 327.45, 96.61554, 209.4378, 674.4289, 29.8052, 434.8862, 1421.869, 1000.004, 519.2524, 727.7377
8.800000000000001, 51.63778, 132.9567, 413.3745, 0, 248.091, 53.19627, 51.01031, 366.8669, 429.3713, 309.0823, 91.82689, 197.4783, 642.9079, 27.90944, 538.8882, 1341.664, 998.0861, 490.2957, 735.7271
8.9, 48.4819, 125.0389, 402.726, 0, 234.2537, 48.74479, 47.70449, 345.6005, 401.8245, 322.5039, 87.27558, 186.2018, 673.8637, 26.13425, 509.7086, 1265.984, 935.1877, 462.9537, 698.2552
9, 45.51889, 117.5926, 382.0317, 0, 221.1882, 44.66581, 44.61292, 325.5668, 376.045, 304.4137, 82.94986, 175.5691, 642.3691, 24.47198, 547.1882, 1194.573, 876.2531, 437.1366, 847.0943
9.1, 42.73697, 110.5898, 362.4008, 0, 208.8515, 40.92816, 41.72169, 314.807, 351.9194, 287.3382, 273.0644, 165.5436, 612.3466, 55.58336, 517.5591, 1294.03, 957.6899, 412.7591, 803.9504
9.199999999999999, 40.12507, 104.004, 395.0245, 0, 197.2028, 37.50328, 39.01785, 296.5583, 412.0404, 271.2206, 259.5302, 156.0906, 583.7271, 52.04797, 489.5343, 1221.037, 920.8155, 389.7411, 763.0039
9.300000000000001, 37.67279, 97.81036, 374.7259, 33.04034, 186.2038, 34.36499, 56.41449, 389.3704, 455.348, 256.007, 463.8197, 147.1774, 556.4453, 48.73745, 463.027, 1152.161, 933.1096, 368.0067, 806.8278
9.4, 35.57722, 91.98558, 355.4704, 81.8533, 325.42, 31.48932, 196.1992, 736.3036, 426.1346, 241.6468, 440.831, 138.7732, 581.5157, 45.63749, 437.9551, 1087.17, 874.3058, 347.4843, 765.7347
9.5, 33.4029, 86.50768, 337.2043, 127.4824, 307.2697, 28.85428, 183.4841, 693.6218, 398.7954, 242.1373, 418.9816, 130.8489, 554.3372, 42.73471, 414.2407, 1025.846, 819.2079, 328.1064, 726.7346
9.6, 31.36145, 81.35599, 354.6356, 121.6122, 290.1318, 26.43974, 171.5931, 960.6777, 373.2102, 228.5551, 398.2153, 123.377, 547.0594, 40.01656, 391.8104, 967.9799, 767.5823, 309.8092, 689.7208
9.699999999999999, 29.44477, 76.51109, 336.4124, 116.0122, 312.9856, 24.22726, 160.4727, 921.008, 349.2665, 446.0558, 378.4781, 116.3319, 606.8753, 37.4713, 370.5947, 913.3784, 719.21, 292.5323, 754.3928
9.800000000000001, 27.64524, 111.8897, 396.3936, 110.6702, 295.5288, 22.19991, 150.073, 948.2122, 375.7009, 421.0352, 359.7193, 109.689, 578.5116, 35.08793, 350.5278, 1025.211, 888.8197, 276.2189, 956.8166
9.9, 25.95568, 105.2265, 376.0247, 105.5741, 279.0457, 20.34222, 140.3472, 893.2464, 351.5974, 397.4181, 341.8902, 103.4255, 551.4735, 32.85616, 331.5474, 1006.52, 832.8071, 260.8152, 969.4074
10, 125.582, 98.96009, 375.4928, 100.7127, 264.8394, 74.8117, 131.2518, 841.4669, 586.7183, 421.4006, 324.9448, 97.51958, 525.6992, 30.76633, 483.929, 949.7448, 780.3245, 246.2705, 1076.68
10.1, 117.9069, 110.7228, 356.1978, 96.07514, 250.068, 68.55143, 122.7457, 792.6889, 549.0767, 397.763, 308.8392, 91.95095, 501.1294, 28.80944, 646.7094, 896.1718, 731.1492, 232.5369, 1222.124
10.2, 110.701, 104.129, 337.8944, 91.65113, 278.5678, 62.81503, 114.791, 793.3505, 526.0106, 375.4512, 293.5319, 86.7003, 477.7079, 26.97701, 611.6913, 932.3959, 685.0729, 219.5692, 1159.879
10.3, 103.9354, 97.92795, 320.5315, 87.43083, 263.0307, 57.55864, 107.3517, 747.3617, 518.1139, 354.3911, 278.9833, 81.74947, 455.3812, 25.26113, 695.4116, 879.8016, 641.9002, 334.3095, 1297.244
10.4, 100.3435, 92.09617, 304.0607, 83.40487, 248.3602, 52.74212, 100.3946, 704.0388, 511.4612, 334.5122, 265.1558, 77.08136, 434.0978, 23.65439, 657.7565, 962.1061, 601.4482, 369.5151, 1231.174
10.5, 94.2109, 86.61167, 288.4364, 79.56429, 234.5079, 65.3176, 93.88836, 663.2272, 571.3545, 315.7484, 252.0136, 72.6798, 413.8093, 22.14985, 622.1403, 907.8358, 563.5455, 348.9087, 1292.044
10.6, 144.3069, 81.4538, 273.6149, 75.90057, 367.7717, 107.712, 87.80376, 624.7814, 618.6569, 298.0372, 239.5228, 68.52958, 394.4689, 20.741, 588.4526, 915.9752, 528.0314, 329.4514, 1226.238
10.7, 135.4875, 76.60307, 259.555, 72.40554, 347.2592, 98.69866, 82.11348, 588.5642, 578.9663, 281.3194, 227.6511, 64.61636, 470.4282, 19.42177, 556.5891, 896.7812, 494.7554, 311.0791, 1247.383
10.8, 127.207, 72.04122, 246.2176, 69.07146, 331.7296, 90.43952, 76.79196, 554.4465, 541.822, 265.5393, 216.3678, 60.92658, 473.8282, 18.18644, 526.451, 846.1959, 463.5764, 293.7314, 1183.851
10.9, 119.4327, 135.2617, 233.5656, 65.8909, 313.2274, 95.0251, 71.81532, 522.3064, 608.2859, 250.6444, 205.6438, 57.44751, 451.6828, 17.02969, 570.4424, 940.8656, 434.3622, 277.351, 1123.556
11, 112.1335, 127.2066, 221.5637, 62.8568, 295.7572, 285.2363, 67.1612, 492.0295, 569.2607, 236.585, 195.4513, 54.1671, 430.5723, 15.94652, 539.5541, 887.7935, 406.9892, 261.8842, 1265.974
11.1, 105.2803, 119.6312, 210.1785, 59.96241, 279.2614, 619.4551, 62.8087, 463.5076, 532.7391, 223.3143, 185.7639, 51.07401, 410.4485, 14.93223, 586.5755, 837.715, 381.3411, 247.2799, 1201.496
11.2, 98.84605, 112.507, 199.3783, 57.20129, 263.6856, 682.9203, 58.73827, 436.6391, 498.5605, 210.7879, 176.5568, 48.15754, 435.3826, 13.98247, 590.0246, 790.4614, 357.3094, 233.4901, 1140.302
11.3, 92.80501, 105.807, 189.1331, 54.56732, 248.9786, 625.7733, 85.83054, 411.3281, 466.5748, 198.9642, 167.8059, 45.40761, 529.8982, 13.09311, 558.0759, 906.319, 334.7921, 220.4692, 1082.225
11.4, 94.909, 99.50599, 179.4144, 52.05464, 235.0918, 573.4083, 114.9406, 387.4843, 436.6412, 187.8037, 159.4888, 42.81471, 505.1322, 12.26032, 527.8572, 855.1956, 313.6938, 208.1745, 1189.341
11.5, 160.2518, 93.58023, 170.1951, 49.65766, 221.9796, 574.0782, 190.9344, 365.0227, 408.6279, 177.2692, 151.5839, 40.36988, 481.5237, 11.4805, 499.2749, 868.9064, 293.9251, 196.5654, 1128.766
11.6, 150.4579, 88.00736, 161.4495, 47.37105, 209.5987, 595.9987, 314.0161, 432.3114, 382.4119, 167.3257, 144.0708, 38.06465, 495.151, 10.75028, 472.2401, 930.5838, 275.4023, 278.6585, 1286.829
11.7, 203.5279, 82.76637, 153.1533, 45.18974, 197.9083, 546.1253, 311.3278, 407.2513, 357.8778, 157.9399, 136.9301, 35.89105, 703.4866, 10.06651, 446.6693, 1049.523, 258.0467, 306.5562, 1276.132
11.8, 253.3262, 77.83748, 145.2834, 43.10887, 186.87, 517.28, 649.2327, 383.6438, 334.9178, 149.0806, 130.1433, 33.84158, 777.6067, 9.426225, 422.4831, 1229.868, 241.7848, 524.8503, 1211.136
11.9, 258.7215, 100.0813, 137.8179, 41.12382, 197.9606, 595.861, 607.158, 517.8156, 313.4308, 166.6972, 123.6929, 214.5525, 741.2634, 8.826669, 399.6065, 1160.494, 226.5478, 681.6838, 1149.451
12, 242.9096, 94.12125, 130.7361, 39.23018, 186.9194, 766.0262, 567.81, 543.2025, 293.3222, 157.3466, 117.5622, 295.4032, 933.4669, 8.265246, 377.9686, 1388.01, 212.2709, 658.2473, 1371.726
12.1, 228.064, 96.91772, 124.0181, 37.42373, 176.4939, 751.5077, 531.012, 511.7143, 377.8039, 275.0485, 111.7353, 278.5349, 889.8392, 68.14673, 357.5023, 1369.534, 198.8938, 879.8918, 1563.28
12.2, 214.1257, 91.1461, 117.6454, 35.70046, 173.5791, 711.4589, 496.5988, 482.0513, 353.5654, 259.6201, 106.1973, 319.5506, 1018.685, 63.81224, 338.1443, 1349.892, 186.3597, 845.6044, 1483.659
12.3, 201.0392, 85.71819, 111.6001, 34.05655, 163.8977, 679.4139, 464.4159, 454.1079, 330.882, 309.473, 100.9337, 301.3034, 1039.637, 59.75345, 319.8345, 1500.143, 174.6155, 837.2978, 1408.094
12.4, 188.7526, 80.61351, 105.8654, 32.48833, 154.7563, 622.5604, 434.3185, 427.7843, 420.9712, 292.1137, 95.93105, 284.0981, 991.0476, 55.95282, 302.5161, 1600.907, 426.5018, 790.6049, 1336.378
12.5, 177.2168, 75.81284, 100.4255, 30.99233, 146.1248, 570.4643, 406.1717, 427.8151, 393.9633, 275.7282, 91.17633, 267.8754, 944.7287, 52.39393, 450.3899, 1596.834, 399.6241, 746.5158, 1268.314
12.6, 166.3861, 71.29805, 95.26505, 29.56522, 137.9747, 522.7277, 379.849, 495.5353, 402.5033, 260.2617, 86.65727, 328.3319, 900.5746, 49.06141, 426.0022, 1506.76, 374.4402, 704.8855, 1203.716
12.7, 156.2173, 67.05212, 90.36979, 28.20382, 130.2792, 478.9856, 355.2322, 466.8103, 376.6802, 245.6629, 82.3622, 309.5833, 858.4842, 45.94085, 402.935, 1421.767, 350.8433, 665.5767, 1142.409
12.8, 146.6699, 63.05905, 85.72608, 26.9051, 123.0129, 438.904, 332.2108, 501.2343, 413.8567, 231.8829, 78.28001, 291.9052, 818.3609, 43.01877, 381.1169, 1375.4, 328.7335, 628.46, 1084.224
12.9, 137.7061, 59.30378, 81.32099, 25.66619, 116.1518, 402.1763, 310.6812, 543.3442, 387.3053, 218.8759, 74.40014, 275.2367, 780.1129, 40.28255, 368.25, 1297.816, 410.3928, 593.4131, 1029.003
13, 129.2901, 55.77213, 77.14226, 24.48433, 109.6735, 368.5221, 290.547, 511.8478, 362.4572, 206.5985, 70.71258, 259.5199, 883.2868, 37.72038, 348.3101, 1292.107, 481.0196, 621.5575, 976.5942
13.1, 121.3884, 52.4508, 73.17825, 23.35689, 103.5564, 337.684, 271.7176, 482.1771, 339.2034, 195.0098, 67.20778, 244.7006, 842.0043, 35.32116, 511.0073, 1219.222, 450.7062, 586.8956, 926.8547
13.2, 113.9697, 49.32726, 69.41794, 22.28137, 97.7806, 309.4265, 254.1084, 468.824, 492.3302, 184.0711, 63.87669, 230.7275, 872.8206, 33.07456, 483.3373, 1331.436, 422.3032, 554.1667, 879.6484
13.3, 107.0043, 46.38974, 65.85085, 21.25537, 117.4227, 283.5336, 237.6405, 441.6473, 460.7441, 173.746, 60.71071, 217.5524, 874.3624, 30.97084, 459.2579, 1294.116, 395.69, 550.5012, 834.8465
13.4, 100.4647, 43.62714, 62.46706, 20.27662, 110.8735, 259.8074, 222.2397, 416.046, 431.1845, 330.1711, 57.70165, 205.1295, 833.497, 29.00094, 434.39, 1221.118, 370.754, 561.5118, 792.3264
13.5, 94.32472, 41.02907, 59.25715, 19.34293, 104.6895, 238.0667, 207.8371, 391.9287, 479.8723, 311.6508, 54.84173, 274.2229, 884.6572, 27.15633, 410.8687, 1178.793, 463.8181, 593.034, 751.972
13.6, 148.9932, 38.58572, 56.21218, 18.45224, 98.85046, 218.1452, 194.3678, 369.2095, 449.0855, 333.491, 52.12356, 258.5641, 843.3107, 25.42904, 388.621, 1335.818, 912.8385, 559.9627, 713.6728
13.7, 139.8873, 36.28787, 53.32369, 17.60256, 93.33708, 199.8907, 181.7715, 347.8073, 420.2739, 314.7845, 49.54011, 243.7993, 856.5383, 23.81162, 504.0053, 1260.467, 855.3123, 690.0428, 677.3243
13.8, 131.338, 60.05639, 50.58361, 57.28274, 88.13121, 262.8548, 169.9914, 327.6456, 393.3107, 297.1273, 47.08471, 283.6937, 1014.966, 22.29708, 476.7145, 1238.335, 801.4113, 726.8801, 642.827
13.9, 326.7725, 90.35274, 47.98434, 79.65121, 83.2157, 240.859, 158.9748, 308.6527, 506.2827, 332.2949, 44.751, 439.4914, 1112.757, 20.87887, 450.9014, 1373.267, 750.9072, 780.6375, 610.0868
14, 306.8015, 84.97207, 45.51863, 75.98347, 84.4474, 225.5271, 234.5538, 290.7608, 473.8016, 342.6064, 42.53296, 530.755, 1060.75, 19.55087, 426.486, 1387.605, 703.5858, 737.1043, 579.014
14.1, 288.0511, 79.91183, 86.74194, 72.48463, 79.73736, 206.6549, 219.3531, 273.9061, 489.9875, 388.5452, 40.42486, 622.5454, 1011.173, 40.52491, 403.3926, 1473.269, 659.2465, 723.9427, 743.1785
14.2, 337.9806, 75.15294, 139.5122, 69.1469, 75.29002, 189.362, 205.1376, 330.9962, 458.5517, 405.4374, 38.42125, 586.9964, 963.9136, 49.4017, 381.5497, 1583.236, 617.7014, 683.5712, 705.3271
14.3, 317.3247, 70.67744, 132.3433, 65.96287, 71.09072, 173.5161, 209.9656, 311.8091, 429.1328, 391.2588, 36.51694, 553.4773, 942.3873, 126.9632, 360.8896, 1522.576, 578.7744, 687.662, 841.0545
14.4, 297.9312, 66.46848, 125.5427, 62.92545, 67.12564, 358.1999, 196.3584, 293.7343, 401.6013, 462.4325, 34.70702, 521.8723, 915.7516, 118.8876, 341.3481, 1664.188, 542.3006, 891.1393, 798.2182
14.5, 279.7229, 62.51016, 119.0916, 60.0279, 63.38171, 328.2256, 183.633, 319.0568, 375.8361, 481.3935, 32.9868, 492.0719, 1153.763, 126.6442, 524.4488, 1698.015, 508.1253, 1080.646, 757.5636
14.6, 262.6274, 58.78757, 112.972, 57.26377, 59.8466, 300.7596, 191.3711, 536.0731, 351.7238, 454.3907, 31.35184, 698.0901, 1099.84, 118.589, 592.438, 1758.193, 476.1038, 1181.719, 718.9797
14.7, 328.9118, 55.28667, 225.3864, 54.62692, 56.50866, 275.5919, 374.972, 504.9982, 357.0342, 428.9025, 29.79792, 891.3539, 1097.035, 111.0461, 560.3586, 1948.254, 446.1002, 1468.584, 682.3608
14.8, 308.8101, 124.7728, 213.8048, 52.11149, 53.3569, 252.5303, 350.6712, 588.7115, 420.8689, 404.8441, 28.32102, 840.4551, 1045.762, 103.983, 530.0164, 1931.648, 417.9873, 1505.064, 784.3667
14.9, 330.7965, 117.3424, 231.2484, 80.23609, 50.38092, 231.3985, 358.0579, 588.5015, 393.8676, 382.1352, 26.91732, 991.2686, 996.8862, 97.36916, 650.8815, 1977.709, 391.6462, 1421.132, 744.4176
15, 422.1237, 124.1621, 297.174, 76.54143, 47.57093, 212.035, 398.9574, 554.3874, 368.5986, 360.7001, 25.58319, 1033.016, 950.2944, 91.17598, 635.3672, 2179.245, 366.965, 1363.213, 918.3901
15.1, 396.3252, 141.3861, 290.7353, 73.01689, 44.91766, 194.2918, 525.4927, 522.2508, 413.8786, 340.4673, 24.31519, 974.0277, 1074.63, 133.5579, 600.9634, 2056.319, 343.8392, 1287.191, 871.615
15.2, 372.1035, 132.9663, 275.7957, 69.65466, 42.41239, 178.0334, 499.894, 568.5059, 387.3258, 321.3695, 23.11003, 918.4081, 1024.405, 125.0629, 620.4406, 1940.326, 322.1708, 1324.718, 827.2222
15.3, 349.3621, 169.2234, 261.6237, 66.44724, 40.04684, 163.1355, 467.4974, 551.1899, 362.4764, 303.3429, 21.96461, 993.7972, 976.5267, 180.8616, 586.845, 1900.551, 301.8679, 1358.691, 785.0904
15.4, 328.0106, 325.2471, 248.18, 63.38752, 37.81323, 149.4843, 437.2004, 699.4631, 339.2213, 286.3275, 20.87595, 937.0488, 930.8865, 189.433, 555.0686, 1906.603, 282.8445, 1282.922, 911.1507
15.5, 307.964, 305.8781, 235.4272, 60.46869, 80.2119, 136.9754, 528.4618, 686.3964, 404.0853, 270.2665, 19.84126, 883.5407, 887.3793, 177.3841, 525.0128, 1867.557, 265.0199, 1211.378, 904.7629
15.6, 289.1425, 307.4072, 223.3296, 57.68427, 75.73808, 125.5132, 563.6578, 682.8738, 378.1608, 255.1065, 18.85785, 833.0881, 845.9056, 166.1016, 514.509, 1762.212, 442.0746, 1143.824, 878.8383
15.7, 271.4714, 289.1005, 211.8536, 55.02806, 71.51379, 115.0103, 527.129, 643.2892, 353.8994, 240.7968, 17.92318, 836.28, 806.3702, 155.5367, 486.6494, 1732.612, 414.2154, 1080.037, 953.4725
15.8, 254.8802, 277.3563, 263.1694, 52.49416, 67.52512, 105.3862, 522.0397, 605.9991, 331.1946, 227.2898, 17.03483, 788.5261, 768.6826, 145.6437, 460.2983, 1822.12, 388.112, 1019.808, 904.9106
15.9, 239.303, 260.8392, 249.6463, 50.07694, 63.75891, 96.56741, 488.208, 821.5731, 309.9464, 214.5404, 16.19052, 903.8554, 732.7565, 136.38, 504.5257, 1719.338, 449.94, 962.9368, 944.895
16, 224.6778, 245.3058, 293.7252, 47.77103, 60.20276, 88.48662, 456.5688, 773.9483, 290.0614, 202.5062, 15.38805, 852.2428, 698.5094, 127.7056, 477.2067, 1622.354, 522.9434, 909.2374, 896.7699
16.1, 210.9465, 230.6974, 278.6319, 45.5713, 56.84496, 81.08203, 430.8722, 729.0842, 271.4522, 191.147, 14.62536, 868.4302, 728.5461, 119.5828, 475.4221, 1617.555, 489.9881, 1028.714, 851.096
16.2, 198.0543, 216.9589, 264.3142, 43.47286, 53.67443, 74.29706, 402.9487, 700.6231, 254.0369, 180.425, 13.90047, 818.8405, 752.1583, 111.9767, 449.679, 1577.062, 459.1095, 971.3467, 807.7483
16.3, 185.9501, 204.0387, 250.7323, 41.47105, 50.68074, 68.07986, 376.8349, 660.0095, 237.7388, 170.3044, 13.21151, 772.0824, 717.0044, 104.8544, 425.3298, 1488.104, 430.1768, 917.1783, 766.6083
16.4, 174.5856, 191.8878, 237.8482, 39.56142, 47.85403, 62.38291, 384.0841, 621.7502, 222.4864, 160.7516, 12.55669, 727.9944, 683.4935, 98.18513, 402.2991, 1450.381, 403.0675, 988.5139, 727.5637
16.5, 163.9157, 180.4605, 225.6263, 37.73972, 45.18497, 114.6503, 359.1929, 585.7087, 208.2125, 151.7345, 11.93433, 708.178, 651.5489, 91.94005, 380.5154, 1368.569, 377.6666, 933.3882, 690.5078
16.6, 153.8979, 170.4797, 214.0323, 36.0019, 42.66479, 105.0563, 335.9147, 551.7565, 194.8544, 143.2233, 11.34282, 745.7369, 621.0972, 86.09219, 359.9113, 1342.254, 353.8664, 881.3367, 1024.669
16.7, 280.5604, 160.3273, 203.0341, 34.3441, 40.28516, 96.26518, 357.4279, 519.7724, 323.8214, 135.1895, 10.78063, 703.1533, 592.0688, 111.0434, 340.4228, 1377.417, 331.5661, 912.197, 972.4806
16.8, 263.4137, 150.7795, 192.6011, 32.76265, 38.03826, 88.20968, 334.2642, 489.6423, 303.0462, 127.6063, 10.2463, 663.0013, 686.1403, 231.019, 321.9896, 1587.34, 419.5536, 909.0789, 922.9506
16.9, 247.315, 189.509, 182.7041, 31.25401, 35.91668, 80.82827, 330.2693, 461.2589, 283.6039, 120.4485, 9.738449, 625.1422, 856.7242, 216.325, 304.5545, 1581.544, 393.1138, 858.3831, 959.6449
17, 232.2001, 178.2235, 173.3158, 29.81485, 33.91343, 142.108, 308.8656, 440.4923, 265.409, 157.5117, 9.255774, 792.5562, 816.6832, 332.8838, 307.9372, 1590.919, 688.0328, 903.3253, 985.0754
17.1, 218.009, 203.8623, 164.4098, 28.44195, 32.02191, 130.2163, 288.849, 511.2518, 248.3814, 148.6764, 8.79702, 747.2991, 778.5137, 468.4738, 291.263, 1640.415, 644.6736, 944.1913, 934.9039
17.2, 204.6853, 191.722, 155.9615, 27.13228, 30.23589, 119.3198, 270.1296, 481.6156, 232.4462, 181.9066, 8.361006, 704.6263, 742.128, 438.6764, 275.4917, 1821.104, 604.0469, 891.5373, 887.2878
17.3, 192.1758, 180.3046, 147.9473, 25.88291, 28.54948, 109.3351, 252.6234, 453.6974, 217.5333, 221.1451, 7.946601, 664.3901, 707.4429, 410.7743, 260.5744, 1718.38, 704.9422, 841.8196, 990.3205
17.4, 180.4308, 169.5671, 140.345, 24.69106, 26.95714, 100.1859, 236.2516, 462.7971, 203.5772, 208.7404, 7.552736, 626.4517, 674.3789, 395.0358, 246.4648, 1621.45, 660.5175, 879.0024, 1235.808
17.5, 169.4037, 159.4691, 133.1333, 23.55411, 25.45361, 91.80227, 220.9409, 610.1739, 190.5165, 197.0316, 7.178393, 590.6796, 642.8602, 389.2804, 233.1192, 1529.988, 743.1937, 829.9838, 1172.866
17.6, 159.0504, 149.9724, 126.2921, 22.4695, 24.03393, 84.12022, 206.6225, 574.8035, 178.2937, 185.9795, 6.822603, 556.9501, 612.8147, 364.5202, 220.4963, 1443.685, 696.3584, 783.6987, 1113.13
17.7, 149.3299, 141.0413, 119.8025, 21.43484, 22.69344, 77.08101, 193.2319, 541.4833, 166.855, 175.5474, 6.484448, 525.1468, 584.1733, 341.3348, 307.4561, 1362.25, 652.4745, 739.9948, 1056.437
17.8, 140.2035, 132.6421, 113.6464, 20.44782, 21.42772, 70.63084, 244.6284, 510.0948, 156.1503, 165.7004, 6.163053, 495.1595, 556.8707, 319.6241, 290.808, 1285.408, 701.9193, 698.7281, 1002.631
17.9, 131.6349, 124.743, 107.8066, 19.50625, 20.23259, 64.72043, 228.7748, 606.4376, 146.1322, 156.4057, 5.857588, 466.8845, 530.844, 299.2944, 275.0614, 1212.901, 779.9785, 659.7626, 951.5652
18, 123.5899, 117.3143, 102.2669, 18.60804, 19.10412, 59.3046, 259.4782, 594.6164, 136.757, 359.2471, 5.567263, 440.2241, 506.0338, 280.2578, 260.1674, 1144.484, 902.8674, 622.9702, 903.1005
18.1, 116.0366, 110.328, 97.01183, 17.75119, 18.03859, 54.34198, 269.2221, 560.1478, 127.9832, 339.0959, 5.291327, 415.0861, 482.3831, 262.4319, 369.2254, 1165.709, 845.9695, 588.2295, 857.1041
18.2, 108.945, 103.7578, 92.02681, 16.93379, 17.03249, 49.79462, 251.7747, 715.7079, 119.7722, 320.0749, 5.029068, 391.3835, 459.8378, 245.7399, 349.2326, 1099.954, 792.6573, 555.4261, 813.4504
18.3, 102.2867, 97.57886, 87.29795, 16.15404, 16.0825, 45.62779, 235.458, 674.2199, 112.0881, 302.121, 4.779808, 369.0345, 438.3463, 323.9526, 330.3224, 1060.359, 742.7048, 524.4521, 772.0201
18.4, 96.03539, 91.76786, 82.81209, 15.41018, 15.1855, 41.80965, 220.1987, 635.1368, 104.897, 285.1741, 4.542902, 347.9616, 417.8591, 303.3476, 312.4361, 1199.275, 695.9003, 495.2054, 732.6998
18.5, 90.16612, 86.30293, 78.55674, 14.70059, 14.33853, 38.311, 205.9283, 598.3194, 98.16719, 269.1778, 4.317738, 328.092, 398.3295, 351.6206, 341.8902, 1131.626, 652.0453, 467.5897, 695.3823
18.6, 84.65556, 81.16343, 74.52005, 14.02366, 13.5388, 35.10513, 192.5827, 563.6362, 190.7153, 367.1072, 4.103734, 309.3571, 379.7126, 329.2557, 323.3776, 1173.63, 610.9541, 441.5139, 659.9653
18.7, 79.48177, 76.33, 70.69079, 13.37791, 12.78368, 32.16751, 180.1021, 530.9634, 265.0208, 455.8457, 3.900337, 291.692, 361.9659, 308.3133, 305.8673, 1125.733, 572.4524, 503.6658, 626.3522
18.8, 74.62418, 71.78441, 67.0583, 12.76189, 12.07067, 29.47573, 168.4302, 500.1847, 282.8851, 864.8748, 3.70702, 275.0355, 466.8443, 313.2414, 289.3052, 1171.211, 536.377, 475.5783, 594.451
18.9, 70.06347, 67.50952, 73.81197, 12.17424, 11.39743, 27.00919, 157.5148, 471.1901, 318.216, 990.4872, 3.523286, 259.3302, 558.1321, 293.3176, 428.1423, 1105.146, 502.575, 504.9492, 564.1747
19, 65.78149, 63.48921, 115.9231, 11.61365, 10.76173, 24.74905, 147.3068, 443.8762, 420.9739, 967.4988, 3.348658, 244.5218, 532.0466, 274.6611, 404.9593, 1119.828, 470.9032, 476.7901, 535.4403
19.1, 61.7612, 59.70832, 128.2321, 11.07887, 10.1615, 22.67804, 137.7603, 418.1457, 393.9658, 973.086, 3.182685, 230.5589, 507.1802, 257.1913, 383.0316, 1112.632, 441.2274, 450.2014, 508.1695
19.2, 57.98663, 82.09442, 121.6428, 10.56872, 9.594743, 20.78034, 128.8325, 393.9067, 368.6905, 1109.8, 3.024939, 217.3934, 561.6862, 240.8326, 400.324, 1049.871, 560.2587, 425.0953, 482.2875
19.3, 54.44273, 77.20556, 131.8189, 10.08206, 9.059597, 19.04143, 120.4833, 450.9937, 381.5324, 1047.548, 2.875011, 204.9796, 726.0772, 225.5144, 513.3647, 1118.073, 524.9517, 401.3893, 457.7238
19.4, 51.11542, 107.9697, 125.0453, 9.617803, 26.29242, 17.44804, 112.6751, 468.7305, 439.387, 1116.898, 2.732514, 193.2747, 692.1423, 211.1705, 485.567, 1055.005, 491.8698, 379.0054, 434.4112
19.5, 47.99146, 101.5399, 118.6197, 9.174928, 35.27928, 15.98798, 105.373, 441.5593, 411.1976, 1054.248, 2.59708, 182.2382, 659.7935, 197.739, 528.1559, 1035.068, 534.9503, 357.8697, 412.2859
19.6, 45.05843, 95.49302, 112.5244, 8.752446, 33.31158, 14.6501, 98.54411, 415.963, 384.8167, 995.1121, 2.468359, 171.8319, 628.9565, 185.1617, 499.5574, 976.6822, 501.2382, 373.9134, 391.2875
19.7, 42.30465, 89.80624, 106.7422, 8.349419, 31.45363, 13.42418, 92.15778, 391.8506, 360.1284, 939.2933, 2.346017, 162.0198, 666.8558, 173.3845, 472.5074, 921.5897, 469.6507, 389.0573, 371.3586
19.8, 39.71917, 84.45812, 109.0904, 7.96495, 29.6993, 12.30084, 86.18533, 433.1736, 337.0239, 886.6055, 2.229739, 152.768, 635.6887, 162.3563, 446.9221, 869.605, 470.5439, 367.3611, 352.4447
19.9, 37.2917, 79.42849, 103.4847, 7.598185, 69.10963, 11.2715, 80.59993, 408.0635, 315.4017, 836.8732, 2.119224, 144.0446, 605.9784, 152.0296, 422.7221, 917.3052, 501.2826, 402.9125, 334.4941
20, 35.01259, 74.69838, 125.1814, 7.248308, 65.25504, 10.3283, 75.3765, 411.3842, 295.1668, 789.9305, 2.014187, 135.8192, 577.6566, 142.3598, 399.8326, 865.5621, 469.6922, 380.4436, 317.4578
20.1, 32.87277, 124.9664, 161.6602, 6.914543, 61.61545, 9.46402, 70.49159, 387.5372, 276.23, 745.6209, 1.914356, 128.0636, 550.6585, 133.3049, 378.1825, 858.8421, 484.8125, 382.221, 301.2892
20.2, 30.86373, 117.5245, 153.3532, 6.596146, 58.17886, 8.672068, 65.92326, 365.0725, 258.5081, 703.7968, 1.819473, 120.7508, 524.9222, 124.826, 357.7047, 810.3967, 565.6088, 434.8488, 285.944
20.3, 28.97747, 110.5257, 145.4731, 6.292411, 54.93393, 7.946386, 61.65098, 343.9101, 241.9232, 664.3188, 1.729293, 113.8556, 500.3888, 116.8865, 338.3357, 914.5975, 659.6387, 429.1916, 607.5861
20.4, 27.20649, 103.9437, 151.6699, 6.002662, 51.87, 7.28143, 57.65558, 323.9744, 226.4024, 764.9421, 1.643582, 107.3541, 477.0019, 175.1994, 320.0155, 863.0071, 618.0688, 457.1985, 664.5125
20.5, 25.54375, 148.9499, 143.8763, 5.726255, 48.97695, 6.672118, 53.9191, 323.3895, 211.8773, 722.0342, 1.56212, 101.2239, 454.7082, 164.0558, 302.6873, 814.3268, 579.1188, 431.7022, 630.6677
20.6, 23.98262, 204.4369, 220.1216, 5.462576, 46.24527, 6.113793, 50.42478, 335.0528, 198.284, 681.5331, 1.484695, 95.44376, 501.6518, 212.8476, 286.2975, 768.3925, 542.6233, 407.6278, 598.5468
20.7, 41.29985, 192.2623, 208.8105, 5.211039, 43.66594, 5.602189, 47.15691, 337.9669, 185.5629, 643.3039, 1.411108, 89.99366, 478.206, 199.3094, 270.795, 725.0492, 508.4277, 384.896, 568.0618
20.8, 38.77578, 180.8128, 198.0806, 4.971084, 41.23047, 5.133396, 44.10082, 318.3757, 173.6579, 607.2191, 1.341167, 84.85477, 572.003, 186.6323, 292.3326, 764.7855, 476.3871, 496.7774, 605.0239
20.9, 125.313, 170.045, 187.9021, 4.742178, 38.93085, 4.703831, 41.24279, 299.9202, 162.5166, 573.1583, 1.274694, 80.00933, 545.2691, 174.7616, 276.5034, 721.6457, 446.3656, 469.074, 574.2091
21, 167.2493, 159.9185, 178.2467, 4.523814, 36.75948, 4.310213, 38.56997, 306.7379, 152.0902, 541.0082, 1.211515, 75.44058, 519.7847, 163.6458, 261.5313, 680.9393, 418.2361, 521.3628, 544.9637
21.1, 157.0277, 150.3951, 169.0874, 4.315504, 34.70922, 3.949533, 36.07038, 288.9569, 142.3327, 510.6614, 1.151468, 71.13271, 495.4914, 197.1267, 247.3699, 642.529, 391.8792, 519.4362, 612.7513
21.2, 147.4308, 141.4388, 160.3987, 4.116786, 32.77332, 3.619035, 33.73277, 272.2067, 133.2012, 511.3952, 1.094396, 67.07084, 472.3334, 184.5884, 233.9753, 606.2854, 367.1834, 518.2308, 705.3678
21.3, 228.7649, 133.0159, 152.1565, 3.927219, 30.94539, 3.316193, 31.54666, 256.4275, 247.4908, 482.7095, 1.040154, 63.24091, 450.2578, 172.8477, 221.306, 572.0862, 344.0439, 658.6296, 669.4423
21.4, 214.7838, 125.0946, 212.5878, 3.746381, 29.21941, 3.038693, 29.50222, 241.563, 296.7073, 455.6329, 0.9885998, 59.62968, 702.2985, 216.9983, 209.3228, 757.1082, 322.3625, 621.9003, 635.3464
21.5, 201.6571, 117.645, 201.6639, 3.57387, 27.5897, 2.784414, 27.59027, 227.5601, 427.7032, 489.5748, 0.9396008, 56.22467, 787.6413, 203.1961, 197.9884, 854.6442, 400.4508, 648.496, 699.0719
21.6, 215.9508, 110.639, 271.641, 3.409302, 26.05089, 2.551413, 109.671, 214.3689, 400.2634, 462.1131, 0.8930305, 53.01408, 982.595, 311.8819, 187.2677, 1111.2, 432.417, 723.5247, 663.467
21.7, 202.7528, 104.0502, 284.8989, 3.252313, 24.5979, 131.4156, 194.9002, 201.9425, 585.9264, 575.6708, 0.8487684, 49.98683, 1237.914, 292.0446, 177.1275, 1504.902, 405.1664, 833.5851, 847.3134
21.8, 190.3614, 97.85387, 307.407, 104.5031, 23.22596, 120.4187, 182.2694, 190.2363, 548.3356, 543.3798, 0.8067001, 47.13245, 1819.391, 308.9343, 167.5364, 1795.245, 477.5194, 848.8499, 916.2673
21.9, 245.9116, 92.02649, 513.6352, 99.69102, 21.93053, 237.5971, 170.4571, 179.2087, 513.1564, 576.2595, 0.7667168, 44.44106, 2111.649, 375.6461, 158.4647, 2022.174, 447.4266, 1277.394, 869.6003
22, 285.0597, 86.54615, 519.3208, 95.10051, 20.70736, 217.7149, 159.4103, 168.8204, 480.2343, 685.9418, 245.4902, 41.90335, 2310.621, 351.753, 149.8842, 2294.875, 419.2302, 1277.849, 986.2722
22.1, 291.7085, 81.39217, 590.7273, 90.72138, 19.55241, 199.4964, 352.2297, 159.0343, 449.4243, 647.4653, 339.2807, 39.51056, 3114.41, 329.3797, 141.7682, 2531.093, 392.8107, 1420.441, 1047.989
22.2, 273.8806, 108.2605, 560.3724, 161.9033, 18.46187, 182.8025, 329.4028, 149.8154, 583.7574, 621.9465, 496.9611, 37.25439, 3062.656, 424.285, 134.0918, 2752.728, 439.033, 1341.229, 994.613
22.3, 257.1422, 101.8134, 531.5773, 154.448, 17.43216, 226.4546, 465.8649, 141.1309, 546.3058, 631.2847, 472.3297, 35.12706, 2919.516, 487.1967, 126.831, 2671.366, 411.3655, 1574.928, 1137.909
22.4, 241.4267, 95.75024, 504.2619, 147.3361, 16.45989, 207.5048, 449.1269, 132.9499, 511.2569, 764.9054, 448.9192, 33.12121, 2783.066, 456.2084, 119.9633, 2668.458, 385.4417, 1487.1, 1079.953
22.5, 240.984, 90.04815, 478.3501, 140.5517, 15.54184, 263.9535, 420.0204, 125.2431, 596.0355, 721.9996, 426.669, 31.2299, 3040.87, 583.2834, 113.4676, 2795.683, 511.7294, 1500.858, 1024.95
22.6, 226.2561, 84.68562, 453.7698, 134.0797, 46.16085, 241.8658, 551.637, 117.983, 572.4062, 681.5004, 405.5216, 29.44659, 3191.435, 599.6922, 107.3235, 2897.692, 548.1705, 1417.161, 1131.777
22.7, 212.4283, 79.64244, 430.4525, 127.9056, 43.58624, 221.6264, 515.8871, 111.1438, 535.6828, 643.2731, 385.4224, 27.76511, 3074.446, 561.5486, 101.5122, 2853.271, 702.3247, 1376.471, 1149.986
22.8, 199.4456, 74.89959, 408.3334, 205.2993, 41.15522, 203.0806, 482.4542, 104.701, 501.3155, 607.19, 366.3193, 26.17964, 2930.754, 525.8312, 96.0155, 2746.853, 856.5058, 1336.595, 1245.165
22.9, 187.2563, 70.43919, 387.351, 195.8458, 38.85979, 186.0868, 451.1878, 98.63175, 500.3055, 573.1309, 348.1631, 24.68471, 2840.147, 492.3857, 90.81645, 2715.201, 802.5297, 1262.058, 1181.747
23, 175.812, 66.24441, 367.4467, 186.8276, 36.69239, 170.515, 502.0144, 92.91428, 589.2502, 540.9822, 330.9068, 23.27515, 3057.051, 473.2468, 85.89893, 2681.974, 751.955, 1204.817, 1121.558
23.1, 165.0671, 62.29943, 348.5652, 178.2247, 34.64587, 191.2227, 469.4804, 87.52825, 551.4462, 510.6369, 314.5057, 21.94607, 3081.771, 443.1459, 81.24768, 2627.647, 704.5675, 1234.44, 1064.436
23.2, 154.9789, 58.58939, 330.654, 209.2478, 32.7135, 175.2211, 439.0549, 82.45444, 516.0675, 481.9938, 298.9176, 20.69289, 2937.737, 414.9595, 76.84828, 2674.523, 660.1664, 1165.6, 1010.222
23.3, 145.5073, 55.10029, 313.6631, 218.6831, 30.88891, 160.5586, 410.6012, 77.67474, 482.9586, 454.9573, 284.1021, 19.51127, 2800.435, 450.11, 72.6871, 2523.659, 618.5633, 1100.599, 958.77
23.4, 136.6145, 51.81897, 297.5453, 208.6133, 130.2339, 147.123, 383.9914, 73.1721, 451.9738, 429.4374, 270.0208, 18.39713, 2669.551, 421.4807, 68.75124, 2513.755, 579.582, 1039.222, 983.85
23.5, 128.2652, 48.73306, 282.2557, 199.0072, 122.9701, 134.8117, 359.1061, 68.93047, 422.9769, 405.349, 256.6375, 17.3466, 2641.545, 394.6724, 65.0285, 2408.94, 543.0574, 981.2689, 1076.198
23.6, 120.4262, 45.83092, 267.7519, 289.0194, 116.1115, 196.3383, 335.8336, 64.93473, 395.8403, 382.6118, 243.9176, 16.35606, 2822.449, 369.5692, 61.50734, 2319.921, 508.8344, 956.7984, 1021.386
23.7, 113.0662, 43.10161, 253.9932, 275.7108, 109.6354, 179.9087, 314.0693, 61.17061, 370.4447, 361.15, 231.8281, 15.42208, 2748.618, 361.827, 58.17685, 2189.059, 476.7682, 903.4413, 1128.689
23.8, 106.1561, 40.53483, 240.9416, 263.015, 103.5204, 200.3688, 293.7155, 57.62468, 346.6784, 340.892, 220.3377, 14.54144, 2640.134, 381.9151, 55.02669, 2065.579, 446.7227, 853.0598, 1071.203
23.9, 99.66832, 38.12091, 228.5607, 250.9039, 97.7466, 183.6019, 274.6807, 54.28431, 324.4369, 321.7703, 209.4169, 13.71108, 2516.741, 357.6233, 52.04711, 1949.064, 418.5707, 858.942, 1016.645
24, 93.57702, 35.85074, 216.816, 239.3504, 92.29479, 168.238, 256.8795, 51.13757, 303.6222, 303.7213, 199.0374, 12.92814, 2399.116, 334.8766, 49.22886, 1839.122, 392.1927, 811.0421, 1238.418
24.1, 87.85799, 33.71577, 205.6747, 228.3289, 87.14706, 154.1598, 242.0809, 48.17323, 284.143, 286.6846, 189.1723, 12.18991, 2533.079, 313.5767, 46.56322, 1735.381, 367.4771, 765.8134, 1175.343
24.2, 82.48848, 31.70793, 195.106, 217.815, 82.28643, 141.2596, 226.3924, 45.38074, 265.9135, 270.6036, 179.7962, 11.49383, 2466.436, 441.8729, 89.68999, 1765.457, 344.3191, 723.1069, 1115.481
24.3, 122.7007, 29.81967, 185.0804, 207.7852, 141.8685, 129.439, 211.7207, 42.75012, 248.8535, 255.4247, 170.8848, 10.8375, 2468.477, 428.504, 84.83347, 1681.594, 322.6204, 682.7819, 1058.668
24.4, 115.2018, 62.3663, 175.5699, 198.2172, 228.8253, 118.6075, 197.9997, 40.27199, 310.2063, 241.0971, 162.4151, 10.21865, 2353.107, 401.2489, 80.2399, 1678.347, 302.2892, 748.0886, 1247.777
24.5, 108.1611, 58.65228, 166.5481, 189.0898, 216.0625, 108.6824, 185.168, 37.93751, 290.3047, 227.5733, 154.3651, 9.635139, 2243.129, 375.7274, 75.89507, 1611.679, 283.2392, 706.3706, 1184.226
24.6, 116.5453, 55.15943, 157.9899, 297.1721, 204.0117, 99.5878, 173.1678, 35.73836, 316.6773, 214.808, 146.7142, 9.084947, 2138.292, 487.2154, 71.78551, 1520.768, 265.3897, 720.5801, 1123.911
24.7, 109.4225, 51.87459, 149.8715, 361.8501, 245.0303, 91.25426, 161.9454, 33.66668, 296.3606, 202.7588, 139.4425, 8.566172, 2375.063, 456.226, 67.89847, 1620.113, 248.6651, 701.5917, 1274.131
24.8, 102.7351, 48.78537, 142.1703, 345.1879, 231.3638, 83.61807, 151.4502, 31.7151, 306.8631, 191.3855, 132.5311, 8.07702, 2296.726, 427.2076, 64.22191, 1528.726, 232.9945, 662.4666, 1370.633
24.9, 96.45635, 45.88011, 134.8648, 329.2929, 218.4595, 76.62089, 177.9508, 29.87665, 287.1759, 180.6501, 125.9624, 7.615799, 2300.843, 400.035, 71.91805, 1442.494, 218.3114, 625.5234, 1300.824
25, 90.56135, 43.14787, 127.9347, 314.1298, 500.5654, 70.20923, 166.4184, 28.14476, 268.7518, 170.5169, 119.7192, 7.180916, 2193.308, 374.5907, 68.02383, 1529.151, 204.5536, 590.6403, 1234.571
25.1, 85.02663, 40.57833, 121.3607, 308.3734, 715.0651, 290.5629, 155.6334, 26.51328, 295.1744, 160.9521, 113.7854, 6.770866, 2090.798, 408.1728, 93.61051, 1472.534, 191.6628, 635.0048, 1171.692
25.2, 79.83017, 38.16182, 115.1245, 294.1736, 800.2945, 266.2485, 145.5473, 24.97636, 336.8558, 151.9238, 108.1458, 6.384231, 2184.831, 527.506, 88.54169, 1389.472, 408.2859, 743.3173, 1356.209
25.3, 74.95129, 35.88922, 109.2087, 280.6276, 813.4131, 243.9688, 136.1148, 23.52854, 662.7983, 143.4019, 102.7856, 6.019673, 2222.084, 618.181, 92.55815, 1311.095, 397.5964, 733.502, 1351.333
25.4, 70.37058, 33.75195, 103.597, 267.7054, 880.3842, 223.5534, 142.1636, 22.16464, 767.8339, 135.3581, 97.69118, 5.675934, 2182.711, 631.2375, 87.54632, 1283.23, 522.0306, 692.5974, 1365.859
25.5, 66.06983, 31.74196, 98.27357, 255.3783, 831.2808, 204.8464, 266.69, 20.8798, 777.7409, 127.7655, 92.84923, 5.351822, 2411.099, 591.0876, 82.80587, 1410.935, 566.6439, 653.9738, 1296.294
25.6, 62.03193, 29.85167, 93.22372, 276.2814, 784.9163, 187.7047, 249.4067, 19.66945, 727.844, 120.5987, 88.24725, 5.046219, 2298.411, 553.4913, 78.3221, 1331.348, 530.9345, 642.6649, 1230.272
25.7, 58.2408, 28.07395, 88.43335, 441.1133, 741.1376, 171.9975, 233.2434, 18.52925, 681.1483, 113.834, 83.87337, 4.758066, 2190.989, 518.2864, 74.08112, 1256.249, 497.4756, 616.8229, 1274.844
25.8, 54.68137, 26.4021, 83.88915, 474.2788, 699.8007, 157.6047, 218.1277, 17.45515, 799.2293, 107.4487, 79.71628, 4.486367, 2088.588, 540.7739, 70.06978, 1185.387, 466.1251, 635.6385, 1209.914
25.9, 51.33948, 24.82981, 79.57845, 452.4395, 660.7694, 144.4163, 203.9915, 16.44332, 747.9538, 101.4216, 75.76522, 4.230183, 2014.444, 530.7272, 66.27564, 1118.522, 436.7504, 641.5845, 1148.291
26, 48.20183, 23.35115, 75.48927, 431.6059, 623.915, 132.3315, 190.7715, 45.32388, 699.968, 95.73254, 72.01, 3.988628, 1975.74, 595.412, 62.68695, 1055.429, 409.2268, 605.8057, 1089.807
26.1, 45.25594, 51.64147, 71.6102, 411.7316, 605.9602, 121.258, 178.4082, 77.30753, 655.0607, 90.36263, 68.4409, 3.760866, 1883.4, 648.6879, 59.29258, 995.8943, 383.4377, 736.1158, 1034.301
26.2, 42.49009, 48.56613, 67.93046, 429.833, 572.1628, 111.1111, 166.8461, 72.82618, 613.0345, 85.29391, 65.0487, 3.546111, 1849.514, 619.5866, 56.082, 939.7182, 359.2738, 695.0654, 1231.677
26.3, 39.89328, 45.67393, 64.43981, 410.0403, 540.2505, 101.8132, 156.0333, 68.60461, 573.7045, 80.50952, 61.82463, 3.343618, 1877.634, 587.0699, 53.04528, 886.7108, 469.648, 656.3043, 1168.945
26.4, 37.45517, 42.95396, 61.12853, 391.1591, 524.1481, 190.6817, 145.9213, 64.62775, 536.8978, 75.99351, 58.76036, 3.152688, 1789.878, 650.7147, 50.17298, 944.7148, 440.0512, 619.7047, 1109.409
26.5, 35.16607, 40.39598, 57.9874, 468.0477, 494.9138, 174.7254, 144.817, 60.88142, 502.4525, 71.7308, 55.84796, 2.972661, 1767.988, 609.3258, 47.45622, 1023.068, 541.4894, 585.1461, 1052.905
26.6, 33.01687, 37.99033, 55.00768, 555.5629, 467.31, 275.6219, 135.4319, 57.35226, 470.2171, 67.70721, 53.07992, 2.802914, 1951.53, 570.5695, 44.88656, 1068.361, 507.3652, 685.1608, 999.2787
26.7, 30.99902, 35.72794, 52.18108, 595.809, 441.2458, 252.5578, 126.655, 54.02768, 440.0497, 63.90931, 50.44907, 2.64286, 1996.817, 534.2783, 42.45605, 1008.098, 475.3916, 646.9519, 948.3838
26.8, 29.10449, 33.60027, 101.8484, 568.3735, 416.6354, 307.7142, 118.4469, 50.89581, 411.8178, 60.32444, 47.94862, 2.491946, 1936.902, 500.2954, 40.15714, 951.233, 445.4329, 634.9378, 900.0811
26.9, 27.32575, 31.59932, 179.5176, 542.2014, 393.3976, 363.4326, 110.7707, 47.9455, 385.3972, 56.94067, 45.57209, 2.349649, 2094.226, 472.5704, 37.98271, 943.202, 417.3622, 640.869, 854.2384
27, 25.65571, 29.71752, 259.55, 616.1482, 371.4558, 569.1886, 213.6997, 45.1662, 360.6716, 53.7467, 43.31336, 2.215477, 1996.347, 442.5125, 35.92603, 1002.938, 391.0604, 605.1301, 810.7307
27.1, 24.08775, 27.94779, 246.2129, 587.7762, 350.7379, 521.5587, 199.8505, 42.54802, 337.5323, 50.73188, 41.16658, 2.088967, 1903.043, 414.3664, 33.98071, 1033.065, 366.4161, 571.3843, 769.4388
27.2, 22.6156, 26.28345, 233.5611, 703.6724, 331.1755, 507.983, 204.1101, 40.0816, 315.8775, 47.88618, 39.1262, 1.969682, 1840.987, 388.0105, 32.14072, 974.7921, 502.1213, 539.5204, 911.2638
27.3, 21.23343, 24.71823, 221.5594, 671.2701, 312.7043, 465.4748, 197.0933, 37.75816, 295.612, 45.2001, 202.1989, 1.857208, 1855.804, 480.1527, 30.40036, 919.8063, 593.9483, 629.535, 864.8516
27.4, 19.93574, 23.24621, 374.2738, 640.3599, 295.2632, 426.5237, 199.5653, 35.56941, 276.6466, 42.66469, 220.013, 1.751156, 1829.382, 466.4951, 28.75425, 1030.588, 654.6348, 594.4282, 877.8232
27.5, 89.60585, 21.86186, 355.0415, 610.873, 278.7949, 390.8321, 199.6473, 33.50753, 258.898, 40.2715, 209.1083, 150.0795, 1743.882, 605.5097, 27.19726, 972.4548, 744.3195, 561.2791, 946.9978
27.6, 84.12952, 20.55995, 336.7975, 582.7439, 263.2451, 358.1271, 252.1863, 31.56517, 242.2881, 38.01256, 212.2726, 380.8907, 1662.378, 566.9962, 110.8312, 1029.33, 697.4131, 620.2427, 898.7657
27.7, 114.0314, 19.33556, 319.4909, 555.91, 248.5626, 328.1589, 302.7267, 29.73541, 226.7439, 35.88032, 347.8913, 734.0826, 1714.508, 606.1353, 114.463, 971.2678, 740.3331, 601.484, 929.3258
27.8, 107.0623, 18.1841, 303.0736, 530.3118, 234.6991, 300.6985, 283.1079, 28.01172, 212.1968, 33.86768, 371.703, 990.1243, 1811.758, 751.9564, 161.4737, 1039.509, 727.7029, 567.9415, 881.9938
27.9, 102.613, 17.1012, 287.5, 505.8924, 221.6087, 371.9529, 309.5987, 65.14993, 198.5831, 31.96794, 516.4866, 1079.367, 1727.081, 704.1281, 276.9604, 1012.031, 681.8438, 652.0787, 837.0724
28, 155.2734, 16.08279, 272.7267, 482.5974, 283.4795, 340.8277, 289.5345, 151.8607, 185.8428, 30.17477, 530.2009, 1017.732, 1646.362, 659.3419, 261.9635, 1082.065, 638.8747, 615.7147, 990.9149
28.1, 145.7838, 105.0534, 258.7124, 460.375, 267.6685, 312.3072, 288.0261, 222.8221, 173.9198, 28.48217, 503.9221, 1355.91, 1638.917, 617.4043, 247.7787, 1021.029, 700.5286, 638.1624, 940.446
28.2, 310.3812, 139.3965, 245.4183, 439.1759, 252.7393, 286.1732, 295.0226, 209.9056, 162.7618, 26.88452, 478.9457, 1569.116, 1680.844, 775.1088, 309.7655, 1137.508, 715.3971, 602.5746, 1100.865
28.3, 333.8055, 264.4615, 232.8073, 418.953, 238.6428, 262.2261, 393.1497, 222.2585, 152.3196, 25.37649, 612.3089, 1552.415, 1602.285, 725.8079, 292.9923, 1161.556, 836.8912, 588.0596, 1044.797
28.4, 313.4048, 354.9373, 220.8444, 399.6613, 225.3325, 240.283, 367.6709, 209.3747, 142.5474, 23.95305, 626.5167, 1560.885, 1630.921, 802.3295, 277.1274, 1249.499, 784.1511, 555.2657, 1256.478
28.5, 294.2508, 333.8001, 209.4962, 381.258, 212.7646, 220.176, 370.031, 197.2377, 133.4021, 22.60945, 595.4641, 1479.916, 1605.631, 956.4742, 262.1215, 1226.765, 734.7347, 716.9004, 1192.484
28.6, 521.6556, 439.6233, 198.7311, 363.7021, 200.8977, 477.5737, 346.0505, 277.9573, 124.8435, 21.34122, 610.8173, 1730.357, 1530.588, 996.7181, 247.9282, 1157.566, 829.8294, 676.9216, 1131.749
28.7, 571.0839, 413.4429, 188.5191, 346.9545, 189.6926, 437.6101, 399.5847, 309.2597, 116.834, 20.14413, 580.5428, 1631.549, 1639.707, 1091.46, 293.1229, 1187.667, 1115.969, 916.8055, 1500.481
28.8, 536.1816, 388.8217, 178.832, 330.9782, 179.1125, 443.2114, 373.6888, 296.464, 109.3384, 19.01418, 592.7582, 1609.488, 1563.072, 1022.038, 277.2509, 1313.5, 1178.552, 1091.765, 1888.568
28.9, 503.4125, 365.6666, 169.6426, 315.7375, 183.7249, 406.1234, 349.4713, 304.4867, 102.3237, 17.94762, 563.3787, 1537.51, 1490.018, 957.0308, 441.6853, 1439.898, 1104.281, 1030.882, 1792.38
29, 472.6461, 373.9439, 160.9254, 301.1986, 173.4777, 378.0689, 431.8349, 286.8363, 95.75897, 16.94089, 535.4554, 1449.714, 1420.379, 896.1586, 417.7689, 1358.677, 1168.32, 1040.463, 1701.092
29.1, 443.76, 351.6749, 152.6561, 287.3292, 163.802, 885.8947, 403.8491, 365.4491, 89.61544, 15.99062, 508.9161, 1394.522, 1353.994, 861.2338, 395.1476, 1408.312, 1172.279, 982.4401, 1614.452
29.2, 416.6393, 332.459, 144.8118, 274.0984, 154.6659, 912.5324, 377.6769, 344.2648, 83.86606, 15.09366, 483.6923, 1356.281, 1290.712, 806.4549, 373.7512, 1328.873, 1414.588, 972.2121, 1532.226
29.3, 391.176, 333.0453, 137.3705, 261.4769, 146.0394, 1040.108, 353.2009, 324.3085, 78.48553, 14.24701, 459.7186, 1335.595, 1230.387, 755.1602, 387.5509, 1253.914, 1387.415, 917.9955, 1603.363
29.4, 367.269, 313.2118, 130.3117, 249.4366, 137.8941, 1124.235, 338.3449, 358.4754, 73.4502, 13.44785, 496.9373, 1259.329, 1172.882, 760.178, 366.5658, 1183.184, 1299.981, 910.4038, 1642.092
29.5, 344.8231, 294.5595, 123.6155, 237.9507, 130.203, 1299.787, 355.4154, 396.0836, 68.73792, 12.69352, 549.5152, 1276.251, 1195.692, 711.8268, 350.1941, 1116.443, 1218.057, 900.4299, 1558.457
29.6, 323.749, 277.018, 117.2635, 226.9937, 122.941, 1306.695, 354.9814, 378.6221, 64.32796, 11.98151, 522.2791, 1226.714, 1188.766, 666.5509, 331.2318, 1053.467, 1500.585, 953.0533, 1572.341
29.7, 303.9628, 280.5325, 111.2378, 216.5412, 116.084, 1197.35, 331.9761, 388.1369, 60.20092, 11.30943, 648.1378, 1156.665, 1133.206, 624.1548, 313.2963, 994.0431, 1670.462, 899.9052, 1492.259
29.8, 285.3859, 266.8973, 105.5218, 206.57, 203.5813, 1176.813, 310.4618, 397.9682, 56.33866, 10.67505, 616.0135, 1090.616, 1080.243, 584.4553, 379.1465, 1016.078, 1565.191, 849.7208, 1416.256
29.9, 267.9443, 251.0031, 100.0995, 197.058, 213.3859, 1078.337, 491.2308, 506.6598, 52.72419, 64.35893, 585.4815, 1028.339, 1078.376, 569.3699, 358.6165, 958.7635, 1466.554, 911.7629, 1419.253
30, 251.5687, 236.0554, 94.9558, 372.0305, 201.4844, 988.1017, 459.3957, 489.8591, 49.34161, 291.7434, 556.4627, 1024.778, 1238.341, 533.155, 339.1982, 1284.473, 1509.112, 943.0196, 1488.895
30.1, 236.1939, 221.9979, 90.07643, 354.8994, 267.6441, 905.417, 465.1545, 461.463, 46.17604, 275.3787, 528.8823, 1132.497, 1189.959, 507.8854, 396.8676, 1294.214, 1765.284, 1043.625, 1413.063
30.2, 221.7588, 211.2053, 85.44779, 338.5573, 252.7163, 829.6514, 472.8571, 434.713, 293.916, 259.9319, 502.6688, 1290.683, 1534.584, 475.5813, 375.3781, 1221.211, 1654.038, 1044.232, 1341.094
30.3, 208.2058, 256.2912, 81.05701, 322.9676, 332.4775, 760.2259, 442.2128, 409.5137, 379.9591, 245.3515, 477.7545, 1255.963, 1462.862, 445.3318, 355.0521, 1263.94, 1549.802, 985.9987, 1272.79
30.4, 195.4812, 241.0286, 102.8066, 308.0957, 352.8733, 696.6099, 595.2978, 560.5217, 355.5824, 368.1578, 454.0751, 1184.244, 1394.491, 417.0064, 397.3631, 1210.902, 1452.135, 1132.229, 1207.964
30.5, 183.5342, 322.0347, 97.52379, 375.5539, 409.518, 638.3174, 556.7184, 528.0295, 533.8697, 611.1751, 431.5694, 1116.62, 1329.317, 390.4826, 375.8467, 1325.213, 1360.623, 1069.089, 1258.079
30.6, 172.3174, 302.857, 178.2691, 358.2606, 894.6113, 584.9028, 520.6393, 625.472, 499.6187, 576.8925, 410.1791, 1052.858, 1460.152, 365.6459, 552.1253, 1250.461, 1330.419, 1118.664, 1666.133
30.7, 161.7861, 419.5258, 207.6283, 410.9687, 926.3452, 535.9579, 597.2302, 720.2303, 467.565, 544.5328, 389.849, 992.7369, 1391.908, 342.3889, 604.4698, 1305.006, 1246.578, 1056.28, 1581.274
30.8, 151.8984, 560.108, 196.9592, 392.0447, 949.813, 491.1088, 558.5256, 1155.991, 437.5678, 513.9883, 370.5266, 1097.38, 1326.854, 320.6112, 995.601, 1271.938, 1316.556, 997.3752, 1816.819
30.9, 142.615, 526.7526, 251.8129, 373.992, 897.3308, 450.0126, 522.3293, 1177.481, 409.4951, 1198.959, 352.1618, 1034.717, 1264.84, 300.2187, 941.6912, 1367.084, 1376.336, 1002.236, 1757.145
31, 133.899, 495.3836, 238.8734, 356.7707, 847.2822, 412.3554, 488.4789, 1180.239, 383.2235, 1365.779, 334.7073, 975.6317, 1252.514, 281.1232, 927.3537, 1289.97, 1333.076, 946.3456, 1667.651
31.1, 125.7156, 465.8826, 226.5987, 340.3423, 849.3612, 377.8494, 505.0328, 1252.367, 409.8478, 1372.829, 318.1179, 919.9204, 1239.701, 263.2423, 877.1394, 1217.206, 1316.218, 908.3271, 1732.343
31.2, 118.0324, 496.8279, 214.9548, 324.6705, 801.9882, 346.2308, 584.6492, 1179.77, 383.5535, 1337.866, 302.3507, 988.1423, 1181.761, 246.4987, 829.6441, 1148.546, 1233.271, 885.4479, 1644.112
31.3, 110.8188, 467.2409, 203.9092, 309.7202, 757.2573, 317.2581, 546.7599, 1147.776, 358.9462, 1262.822, 287.365, 1080.978, 1126.529, 230.8201, 784.7206, 1083.759, 1155.552, 836.0698, 1612.859
31.4, 104.046, 476.0309, 193.4312, 295.4584, 774.4922, 290.7098, 572.154, 1118.546, 335.9176, 1191.986, 273.122, 1019.252, 1073.878, 216.1388, 742.2296, 1022.627, 1163.943, 789.4453, 1530.714
31.5, 97.68717, 447.6825, 206.1059, 281.8533, 733.7142, 266.3831, 617.0721, 1303.12, 341.3643, 1253.64, 259.5851, 961.0495, 1023.688, 202.3912, 739.2308, 1090.003, 1090.592, 745.4209, 1519.179
31.6, 91.71695, 465.6304, 195.515, 268.8747, 692.7913, 244.0921, 640.0953, 1227.581, 457.9724, 1223.436, 246.719, 1055.973, 975.8431, 189.5181, 699.2029, 1126.672, 1128.906, 703.8516, 1549.497
31.7, 86.1116, 460.8628, 185.4684, 256.4937, 654.1509, 317.8893, 598.6128, 1332.615, 523.3403, 1154.81, 234.4906, 995.674, 1007.131, 177.4638, 661.3425, 1092.07, 1719.602, 729.9891, 1544.936
31.8, 80.84883, 680.9416, 175.9379, 244.6829, 634.4058, 291.2882, 559.8186, 1288.957, 549.1286, 1090.033, 222.8683, 938.8182, 1011.407, 419.7883, 671.7601, 1030.468, 1821.431, 708.7621, 1466.25
31.9, 75.90769, 640.3903, 166.8973, 233.4159, 656.575, 266.9131, 523.5385, 1214.239, 521.9558, 1159.354, 211.8221, 1058.098, 1029.197, 489.7387, 635.3856, 1024.415, 1937.877, 669.2372, 1467.325
32, 71.26854, 602.254, 158.3211, 222.6677, 621.6553, 468.4622, 489.6096, 1424.86, 522.6122, 1142.085, 201.3234, 1070.751, 1093.13, 458.5888, 600.9808, 1174.311, 1925.584, 631.9164, 1678.762
32.1, 66.91291, 589.4105, 198.0253, 212.4144, 586.9825, 429.2611, 457.8796, 1488.023, 731.8401, 1185.694, 191.345, 1094.956, 1042.04, 429.4202, 581.6954, 1108.07, 1942.708, 706.1299, 1675.701
32.2, 62.82348, 554.3101, 187.8497, 202.6333, 554.2436, 393.3404, 428.2059, 1401.765, 749.861, 1119.185, 181.8612, 1032.431, 993.3381, 402.1068, 550.1978, 1180.889, 1820.28, 728.4362, 1639.567
32.3, 58.98397, 521.2999, 235.4338, 218.577, 523.3307, 360.4255, 400.4552, 1320.508, 757.9307, 1111.729, 172.8474, 973.4765, 946.9122, 376.5307, 520.4057, 1114.277, 1705.568, 687.814, 1556.061
32.4, 55.37912, 490.2556, 223.3359, 208.5121, 494.142, 330.265, 374.503, 1243.961, 709.3047, 1049.368, 164.2804, 917.8883, 902.6561, 352.5814, 634.524, 1051.424, 1598.085, 649.4572, 1662.65
32.5, 51.99459, 461.06, 211.8597, 198.9106, 466.5812, 302.6283, 352.7057, 1171.852, 663.7985, 990.5062, 156.138, 865.4744, 860.4683, 330.1554, 600.1658, 992.1152, 1497.375, 613.2394, 1577.968
32.6, 48.8169, 433.6031, 200.9731, 223.9951, 440.5577, 277.3043, 368.7722, 1103.922, 621.2117, 934.9458, 148.3992, 816.0534, 820.2523, 392.7519, 567.6681, 936.1522, 1403.012, 579.0414, 1497.6
32.7, 45.83342, 415.5161, 190.646, 277.6993, 415.9856, 254.0993, 344.8733, 1039.93, 581.3571, 882.5019, 141.044, 769.4545, 781.9159, 383.7345, 536.93, 883.3459, 1314.595, 546.7504, 1421.324
32.8, 43.03227, 390.7714, 180.8495, 433.4779, 392.7841, 232.8362, 420.9433, 979.6476, 544.0594, 832.9998, 134.0533, 725.5165, 745.3712, 359.327, 507.8563, 833.5184, 1231.751, 516.2602, 1552.289
32.9, 40.40232, 367.5003, 171.5565, 413.5174, 370.8766, 213.3524, 454.6213, 922.8596, 661.5204, 786.2743, 127.4091, 684.0876, 710.5345, 336.472, 480.3569, 786.5015, 1154.127, 487.4703, 1590.797
33, 37.93311, 345.615, 162.7409, 462.8029, 350.1909, 195.499, 425.1588, 869.3635, 619.0798, 742.1698, 121.0942, 645.0243, 677.3261, 315.0706, 454.3466, 742.1367, 1081.395, 460.2859, 1657.274
33.1, 35.6148, 325.033, 154.3784, 441.492, 330.6591, 179.1396, 397.6056, 818.9684, 579.3621, 700.5393, 115.0923, 608.1917, 645.6697, 295.0305, 429.7447, 700.2744, 1013.247, 434.6175, 1572.866
33.2, 33.43817, 305.6767, 146.4455, 438.0045, 312.2166, 164.1491, 371.838, 771.4946, 542.1924, 661.244, 109.3878, 573.4622, 615.4928, 276.265, 406.4749, 660.7735, 949.3927, 410.3806, 1492.758
33.3, 31.39457, 287.4731, 138.9203, 417.8355, 297.714, 150.4131, 347.7404, 726.7728, 507.4074, 667.9805, 103.9661, 540.7159, 586.7263, 258.6931, 394.3222, 623.5007, 889.5629, 387.4952, 1416.729
33.4, 29.47587, 270.3536, 131.7818, 398.5952, 281.109, 137.8265, 325.2045, 684.6434, 474.8541, 630.5115, 98.81316, 509.8396, 654.353, 242.2389, 391.3186, 588.3304, 833.5035, 365.886, 1506.9
33.5, 27.67443, 254.2535, 125.0101, 454.2145, 265.4302, 166.8357, 304.129, 644.9561, 444.3893, 747.7755, 93.9156, 540.1757, 623.7703, 284.9922, 370.1295, 816.8073, 1133.921, 345.482, 1612.611
33.6, 25.98309, 239.1123, 118.5864, 433.2991, 250.6259, 203.0699, 284.4194, 607.5695, 415.8789, 705.8305, 89.26077, 509.3301, 594.6169, 266.8653, 350.0877, 770.733, 1343.331, 326.2157, 1624.823
33.7, 24.39511, 224.8727, 112.4928, 413.3468, 236.6472, 186.0769, 265.9871, 757.6835, 389.1977, 760.3893, 84.83665, 480.246, 673.1282, 266.1338, 331.1312, 727.2577, 1406.433, 308.0239, 1832.854
33.8, 22.90419, 211.4812, 106.7123, 394.3132, 467.1849, 170.5059, 248.7493, 755.0707, 364.2283, 737.7555, 350.326, 452.8226, 718.2017, 323.1895, 313.2011, 686.2347, 1406.748, 460.1846, 1739.504
33.9, 21.50438, 198.8871, 101.2288, 376.1561, 441.1277, 233.5636, 232.6286, 711.301, 340.8608, 696.3726, 1235.016, 426.9652, 775.3066, 329.7037, 296.2419, 647.5258, 1426.152, 507.6675, 1650.908
34, 20.19012, 187.043, 96.02708, 358.8351, 525.0546, 214.019, 217.5527, 732.1539, 318.9925, 657.311, 1504.667, 451.5027, 767.309, 308.7328, 327.0392, 611.0003, 1336.277, 652.7122, 1566.825
34.1, 18.95619, 175.9042, 114.3316, 342.3117, 495.7697, 196.1098, 203.4538, 689.7126, 298.5271, 620.4405, 1430.09, 494.6278, 731.4471, 289.0958, 309.3307, 576.5352, 1252.066, 633.5505, 1487.024
34.2, 17.79767, 170.15, 108.4566, 326.5491, 468.1182, 179.6992, 190.2686, 694.0193, 279.3748, 585.6381, 1406.161, 466.3832, 742.6133, 270.7078, 333.3917, 544.0141, 1173.162, 657.5635, 1411.287
34.3, 16.70995, 171.7478, 102.8835, 311.5124, 442.0089, 164.662, 177.9379, 653.7885, 261.4512, 552.788, 1336.466, 439.7515, 802.7234, 253.4894, 315.3392, 513.3275, 1099.231, 651.6926, 1339.408
34.4, 15.68871, 161.5199, 97.59672, 323.8154, 431.2508, 150.883, 166.4063, 615.8898, 244.6775, 521.7805, 1405.136, 414.6404, 852.7918, 237.3661, 298.2642, 484.3719, 1029.958, 761.1362, 1570.997
34.5, 14.72988, 225.1766, 92.58165, 308.9046, 407.1978, 138.257, 155.6221, 580.188, 228.9799, 506.045, 1487.409, 390.9633, 812.9346, 341.0104, 282.1138, 457.0495, 965.0513, 718.6905, 1490.983
34.6, 13.82965, 240.4908, 87.82428, 294.6803, 384.4864, 126.6877, 145.5367, 546.5558, 214.2894, 477.6595, 1413.687, 368.6383, 774.9402, 319.3203, 266.838, 431.2684, 998.5196, 678.6118, 1415.045
34.7, 12.98444, 226.1691, 83.31137, 281.1111, 394.0175, 116.0864, 136.1049, 514.8732, 200.5414, 450.8661, 1396.81, 429.3566, 738.7216, 299.0099, 278.0367, 406.9415, 935.5939, 640.7682, 1342.974
34.8, 12.19089, 213.2515, 79.03036, 268.1666, 372.0413, 106.3722, 127.2844, 485.0272, 187.6755, 465.0381, 1381.461, 433.9692, 704.1957, 279.9913, 262.9815, 383.9869, 876.6337, 605.035, 1274.575
34.9, 11.44584, 200.552, 74.96934, 255.8183, 351.2907, 97.47098, 119.0355, 456.9112, 175.6349, 438.9528, 1339.171, 409.1884, 671.2835, 284.1122, 248.7416, 362.3271, 897.4451, 571.2944, 1209.658
35, 10.74631, 188.6088, 71.11699, 244.0385, 331.6975, 89.31458, 111.3212, 430.4251, 164.3669, 414.3306, 1272.797, 385.8226, 639.9095, 266.0412, 235.2728, 341.889, 1025.66, 539.4355, 1148.049
35.1, 10.08955, 177.3768, 67.46259, 232.8011, 313.1971, 81.8407, 104.1068, 405.4743, 153.8217, 428.9438, 1209.712, 410.3938, 610.0019, 249.1196, 222.5332, 322.6038, 1058.53, 509.3532, 1089.577
35.2, 9.472916, 166.8137, 63.99599, 222.0813, 295.7285, 74.99224, 97.35999, 381.9698, 143.9531, 404.8831, 1256.257, 455.9651, 581.4921, 233.2743, 210.4835, 304.4065, 991.822, 480.9485, 1034.083
35.3, 8.893971, 156.8797, 60.70751, 211.855, 279.2343, 68.71687, 91.05039, 359.8279, 134.7176, 382.172, 1256.073, 429.9283, 554.3147, 218.4369, 328.0764, 287.2356, 929.3184, 454.1278, 981.4151
35.4, 8.35041, 147.5372, 57.58802, 202.0996, 263.66, 62.96661, 85.1497, 338.9695, 126.0747, 360.7348, 1193.817, 405.3782, 528.4075, 204.5431, 310.3117, 271.0333, 937.3433, 428.8029, 931.4301
35.5, 7.840068, 138.7511, 54.62882, 192.7935, 279.5272, 57.69755, 79.63142, 319.3202, 117.9862, 352.2819, 1134.647, 382.23, 573.654, 191.5331, 334.9979, 255.7449, 1043.589, 404.8901, 883.9908
35.6, 7.360916, 130.4882, 51.82168, 254.9936, 263.9366, 52.8694, 74.47076, 300.8099, 110.4166, 332.5213, 1097.393, 360.4036, 546.843, 179.3506, 316.8584, 241.3189, 1194.563, 382.3109, 838.9677
35.7, 6.911048, 122.7174, 49.15879, 335.1284, 290.0286, 48.44527, 69.64455, 283.3726, 103.3327, 382.4535, 1130.296, 339.8236, 521.285, 167.943, 357.2556, 227.7066, 1456.273, 360.9909, 796.2377
35.8, 6.488675, 115.4094, 46.63274, 319.6966, 273.8523, 44.39135, 65.13111, 266.9461, 96.7033, 361.0005, 1074.274, 320.4187, 577.3941, 157.261, 343.1365, 214.8622, 1445.369, 463.6154, 755.684
35.9, 6.092114, 108.5365, 44.23648, 304.9754, 258.5782, 40.67667, 60.91017, 312.0994, 90.49918, 340.7509, 1131.494, 302.1219, 550.4083, 147.2583, 324.5564, 202.7423, 1473.971, 437.7613, 717.1958
36, 5.71979, 102.073, 41.96336, 290.932, 244.156, 37.27283, 56.96278, 294.0077, 84.6931, 321.6372, 1146.642, 419.4834, 524.6837, 137.892, 306.9823, 191.3061, 1647.514, 435.7579, 680.6678
36.1, 5.370221, 95.99435, 39.80705, 351.4082, 230.5382, 34.15383, 53.2712, 276.9647, 79.25951, 337.7629, 1101.936, 555.897, 500.1614, 129.1213, 290.3598, 180.5149, 1918.588, 411.4574, 646.0003
36.2, 5.042016, 113.9404, 37.76154, 335.2268, 217.68, 31.29582, 49.81886, 260.9097, 74.17453, 318.8168, 1143.081, 524.1538, 710.5116, 120.9085, 332.69, 170.3325, 2018.558, 523.9194, 613.0984
36.3, 4.73387, 282.1463, 35.82114, 339.7516, 241.6336, 28.67698, 46.59026, 245.7853, 69.41578, 318.4371, 1159.298, 494.2232, 729.6132, 113.2181, 334.2598, 160.7244, 1891.351, 494.7024, 581.8723
36.4, 4.444556, 388.14, 33.98045, 324.107, 334.0886, 26.27728, 43.57089, 231.5377, 64.96233, 300.575, 1156.933, 466.0017, 712.4421, 106.0169, 316.1603, 151.6583, 1772.16, 540.9183, 552.2366
36.5, 4.172924, 408.8866, 32.23434, 349.5865, 315.4548, 24.07839, 40.7472, 218.116, 60.79459, 293.5811, 1099.591, 503.6433, 679.1445, 99.27363, 299.0409, 143.1036, 1660.48, 510.7534, 524.1103
36.6, 3.917892, 393.8865, 30.57796, 333.489, 297.8604, 22.0635, 38.1065, 205.4723, 56.89424, 304.3779, 1058.818, 474.8839, 680.9879, 92.95931, 282.8484, 135.0315, 1555.838, 648.0847, 497.4165
36.7, 3.678447, 424.8568, 29.00669, 318.1327, 281.2472, 20.21722, 35.63694, 193.5615, 53.24413, 287.3045, 1126.714, 548.7238, 685.3112, 121.1555, 267.5327, 127.4146, 1457.791, 611.9434, 472.0823
36.8, 3.453636, 399.5558, 27.51616, 303.4836, 265.5607, 67.6031, 33.32742, 182.3412, 49.82819, 271.1887, 1145.475, 517.3901, 653.2816, 113.4494, 438.56, 120.2275, 1430.068, 577.8176, 633.249
36.9, 3.242565, 375.7616, 26.10222, 289.5089, 334.0211, 61.94604, 31.16758, 171.7712, 46.6314, 421.1195, 1088.701, 575.2518, 622.749, 106.2334, 414.8128, 113.4457, 1432.491, 545.5949, 925.114
37, 3.044393, 373.7982, 37.99926, 276.1778, 332.6084, 56.76238, 29.14771, 161.814, 43.63971, 453.8713, 1034.74, 592.6579, 593.6434, 99.47641, 392.3516, 461.8552, 1342.217, 515.1691, 877.9965
37.1, 2.858332, 351.5378, 36.04664, 263.4605, 391.6692, 65.15923, 27.25874, 152.434, 40.83995, 618.6276, 983.4544, 558.8155, 565.8981, 93.14919, 371.1065, 435.8029, 1257.632, 486.4401, 833.2787
37.2, 2.683643, 330.6031, 34.19437, 251.3289, 429.2124, 103.0986, 25.49219, 143.5978, 38.21982, 583.9269, 967.6729, 526.9056, 674.2261, 87.22442, 351.0119, 452.3411, 1178.377, 459.3132, 790.8384
37.3, 2.51963, 310.9151, 32.43727, 239.7558, 405.2731, 94.47126, 23.84012, 135.2737, 35.76778, 555.1304, 1044.943, 496.8178, 642.7146, 81.67649, 332.0053, 426.8256, 1104.117, 521.0908, 750.5598
37.4, 18.42823, 292.3996, 30.77046, 228.7157, 382.669, 86.56587, 22.29512, 127.4322, 33.47306, 523.9915, 993.1519, 468.4482, 674.0549, 76.48145, 314.0279, 402.7493, 1133.862, 492.0315, 712.3325
37.5, 30.71856, 274.9867, 29.1893, 218.1839, 361.3257, 79.32201, 20.85024, 120.0452, 31.32555, 588.1825, 978.057, 441.6985, 642.5514, 71.61683, 412.5329, 411.5974, 1062.407, 464.5927, 676.0522
37.6, 32.69761, 258.6107, 46.61516, 225.8056, 341.1728, 72.68432, 19.499, 113.0865, 378.2895, 555.1896, 1044.721, 556.4515, 612.5203, 67.06163, 469.0622, 721.2845, 1102.472, 438.6842, 641.6198
37.7, 52.70968, 243.21, 44.21981, 215.4078, 322.1439, 66.60207, 18.23534, 106.5311, 354.0199, 595.7592, 1112.75, 524.6766, 583.8927, 62.79616, 443.6634, 680.5984, 1116.278, 507.5515, 608.941
37.8, 49.48829, 228.7264, 41.94754, 205.4889, 304.1763, 61.02879, 17.05356, 100.3558, 331.3073, 744.6662, 1196.662, 494.7162, 556.6031, 58.802, 419.64, 642.2074, 1045.931, 479.2473, 577.9267
37.9, 46.46378, 215.1054, 148.0289, 196.0266, 287.2109, 55.92188, 15.94837, 94.53835, 310.0519, 702.8956, 1335.743, 466.4665, 530.589, 55.06189, 719.934, 605.9819, 1069.931, 452.5215, 548.4919
38, 43.62411, 202.2955, 140.4223, 187.0001, 274.0882, 51.24232, 14.91481, 89.05817, 290.1602, 663.4681, 1874.151, 439.83, 505.7907, 51.55967, 704.82, 571.7999, 1058.017, 427.286, 520.5563
38.1, 40.95799, 190.2484, 267.9704, 200.3485, 258.801, 46.95434, 13.94823, 83.89567, 271.5446, 626.2523, 3183.875, 414.7145, 482.1514, 48.2802, 666.6555, 539.5459, 1044.068, 403.4579, 494.0435
38.2, 38.45481, 178.9188, 254.2006, 191.123, 244.3664, 43.02519, 13.04429, 79.03242, 254.1233, 591.1239, 3888.33, 391.0332, 459.6169, 45.20933, 778.9147, 509.1113, 978.2714, 380.9586, 468.8811
38.3, 36.10462, 168.2638, 323.2028, 182.3223, 264.9151, 39.42483, 12.19893, 74.45109, 237.8197, 557.966, 3820.375, 368.7041, 438.1357, 42.33378, 736.7381, 480.3935, 1002.623, 359.714, 445.0002
38.4, 33.89806, 158.2434, 306.5948, 173.9268, 250.1395, 36.12574, 11.40836, 70.13532, 222.5621, 579.1694, 3929.55, 347.6501, 417.6584, 39.64113, 790.7646, 453.2956, 964.6655, 463.0189, 422.3356
38.5, 31.82635, 148.8197, 290.8403, 165.918, 236.188, 33.10273, 10.66902, 66.06973, 255.6584, 698.8583, 3734.786, 327.7983, 398.1382, 37.11975, 747.9463, 427.7262, 903.8732, 437.1981, 400.8254
38.6, 29.88126, 167.9275, 433.6874, 264.7449, 223.0146, 30.33268, 9.977592, 62.23982, 323.7993, 730.2319, 3595.729, 309.0801, 514.4127, 34.75874, 707.4465, 403.5991, 920.618, 412.8172, 380.4107
38.7, 67.99578, 157.9272, 411.4021, 252.5541, 210.576, 27.79443, 9.330976, 58.63192, 303.0256, 689.2711, 3706.213, 461.6038, 673.6884, 32.5479, 851.3323, 380.833, 862.6015, 389.7959, 361.0357
38.8, 88.07627, 148.5223, 420.6379, 240.9246, 198.8311, 25.46859, 8.726266, 55.23315, 283.5846, 654.738, 3732.991, 525.3839, 642.202, 30.47769, 805.2344, 359.351, 883.5283, 368.0585, 342.6476
38.9, 111.3176, 139.6775, 598.959, 309.413, 187.7413, 23.33737, 8.160745, 52.03141, 455.219, 671.0516, 3547.969, 559.8502, 612.1873, 28.53915, 761.6326, 339.0809, 994.8837, 347.5332, 325.196
39, 278.4754, 131.3595, 568.1811, 295.1653, 177.2701, 21.38449, 7.631873, 49.01527, 551.583, 633.4103, 3692.982, 527.8812, 760.6907, 26.72391, 815.9319, 319.9541, 932.1871, 328.1526, 308.6332
39.1, 261.4561, 123.5368, 538.9847, 281.5738, 167.3828, 19.59503, 7.137275, 46.17396, 516.1956, 597.8804, 3690.087, 497.7377, 777.7477, 25.02413, 771.7509, 301.9062, 873.4415, 378.0338, 292.914
39.2, 280.2521, 116.18, 511.2887, 339.2976, 158.0471, 17.95531, 6.674731, 43.49736, 515.2798, 564.3436, 3660.866, 736.1995, 773.8352, 23.43247, 866.4512, 284.8763, 928.769, 516.0806, 277.9954
39.3, 263.1243, 109.2612, 485.0158, 323.6738, 149.232, 16.4528, 6.242163, 40.97591, 482.2214, 778.9973, 3604.774, 694.1605, 817.1404, 21.94204, 819.5347, 268.8071, 870.2389, 487.3007, 263.8367
39.4, 247.0433, 102.7545, 460.0929, 308.7695, 140.9086, 15.07603, 5.837628, 38.60063, 484.4698, 735.301, 3459.647, 680.4653, 778.9495, 20.54641, 786.5206, 253.6443, 882.4552, 460.1258, 250.399
39.5, 231.9451, 96.63533, 436.4507, 300.9288, 133.0494, 13.81446, 5.45931, 36.36304, 526.514, 694.0558, 3384.467, 715.9877, 742.5435, 19.23955, 743.9321, 239.3368, 991.6068, 434.4663, 237.6458
39.6, 217.7696, 90.88052, 414.0234, 287.0718, 125.6286, 12.65846, 5.10551, 34.25515, 492.7349, 655.1241, 3231.731, 1177.714, 707.839, 18.01582, 880.2922, 225.8363, 981.3564, 410.2377, 225.5421
39.7, 204.4604, 85.46843, 392.7486, 273.8529, 118.6217, 11.5992, 4.774638, 32.26946, 523.8203, 618.3763, 3379.375, 1110.464, 753.8143, 16.86992, 832.6262, 213.0974, 1019.26, 387.3603, 214.0549
39.8, 191.9647, 80.37863, 412.9987, 261.2427, 175.9087, 10.62857, 4.465209, 30.39887, 490.214, 583.6897, 3249.636, 1047.053, 718.5831, 15.7969, 815.3478, 201.0771, 955.0276, 549.2295, 203.1527
39.9, 277.1607, 75.59194, 469.2723, 249.2131, 166.0974, 9.739168, 4.175833, 28.63671, 562.0286, 580.9285, 3131.656, 987.2634, 712.716, 14.79214, 771.1984, 189.7348, 894.8427, 518.601, 192.8058
40, 260.2219, 156.3939, 445.1585, 237.7375, 156.8333, 8.924191, 3.90521, 26.97671, 546.9476, 548.3425, 2998.347, 1051.417, 764.8301, 13.85128, 729.4396, 179.0323, 838.4505, 489.6806, 182.9859
40.1, 293.4301, 179.9758, 422.2837, 226.7903, 148.086, 8.177412, 3.652126, 25.41293, 549.1107, 517.5843, 3134.481, 991.3781, 764.2582, 12.97027, 689.9419, 168.9335, 785.6122, 462.373, 173.6661
40.2, 275.4969, 169.2579, 400.5844, 221.9901, 139.8265, 7.493124, 3.415443, 23.9398, 629.6392, 488.5515, 2979.124, 934.7677, 749.7609, 12.14529, 652.5829, 159.4043, 736.1036, 436.5882, 164.821
40.3, 258.6597, 159.1783, 380.0001, 211.768, 167.6794, 6.866096, 3.194099, 22.55206, 589.244, 461.1472, 2974.179, 881.3899, 714.7191, 11.37279, 617.2469, 150.4127, 689.7151, 412.2413, 156.4264
40.4, 242.8515, 149.6989, 383.179, 245.0538, 158.3271, 6.291539, 2.9871, 21.24477, 551.4403, 435.28, 2996.944, 831.0601, 765.1902, 10.64942, 608.624, 141.9282, 646.2499, 389.2522, 148.4594
40.5, 228.0095, 140.7841, 363.4891, 233.7697, 198.5684, 5.765061, 2.793515, 20.01325, 535.7533, 410.8639, 3074.828, 881.9984, 729.4273, 9.972061, 617.7504, 133.9224, 605.5238, 367.545, 140.8981
40.6, 396.7977, 132.4002, 344.811, 223.0052, 187.4932, 33.23621, 2.612477, 18.85313, 629.2017, 387.8173, 2922.427, 939.5927, 695.3358, 9.337787, 697.4816, 126.3681, 567.3643, 347.0484, 133.7219
40.7, 414.7539, 124.5155, 327.0927, 212.7364, 214.3838, 154.8847, 2.44317, 17.76026, 731.5812, 435.9106, 2777.58, 885.9393, 662.8377, 8.743855, 659.7144, 119.24, 531.6095, 327.6949, 126.9113
40.8, 460.2466, 117.1004, 310.2848, 247.0821, 202.4265, 141.9239, 2.284836, 16.73073, 698.6063, 411.459, 2695.94, 835.3498, 631.8585, 8.1877, 628.2159, 112.5139, 679.5596, 309.4206, 120.4475
40.9, 432.1183, 110.1268, 294.3406, 235.7046, 191.1362, 130.0477, 2.136763, 15.76089, 653.7864, 388.3791, 2865.421, 787.649, 602.3271, 7.66692, 594.1993, 106.1673, 636.7344, 292.1653, 114.3129
41, 405.709, 103.5686, 279.2157, 224.851, 180.4756, 119.1652, 1.998286, 14.84727, 801.9077, 366.5938, 2723.399, 742.6721, 574.176, 7.179264, 562.0247, 100.1786, 596.608, 275.8724, 108.4907
41.1, 380.9138, 97.4009, 264.868, 301.8192, 170.4096, 109.1935, 1.868784, 13.9866, 750.4603, 385.8689, 2729.551, 700.2635, 547.3405, 6.722626, 531.5922, 94.52776, 559.0103, 260.488, 102.9651
41.2, 357.634, 91.6005, 251.2576, 340.7451, 160.905, 100.0561, 1.747674, 13.17583, 773.4559, 364.2244, 2693.378, 729.621, 521.7593, 6.295032, 502.8075, 89.19566, 523.782, 245.9616, 97.72095
41.3, 398.0966, 86.14553, 238.3466, 325.0547, 151.9305, 92.70374, 1.634413, 12.41206, 723.8339, 343.7939, 2577.162, 687.9576, 497.3737, 5.894635, 475.5815, 84.16433, 544.8914, 232.2452, 92.74386
41.4, 373.7666, 81.01541, 226.099, 310.0867, 143.4566, 84.94626, 1.528492, 11.69256, 742.1034, 324.5095, 2593.808, 648.6734, 474.1277, 5.519706, 449.8297, 79.41681, 549.9759, 219.2938, 88.02026
41.5, 350.9236, 76.1908, 214.4808, 295.808, 135.4553, 77.83793, 19.33391, 11.01477, 694.4929, 306.3068, 2784.246, 611.6324, 451.9683, 171.9504, 442.238, 74.93709, 515.317, 207.0646, 83.53725
41.6, 329.4767, 71.6535, 203.4595, 282.1869, 127.9003, 71.32442, 18.08094, 10.37626, 649.9368, 289.1252, 2646.247, 576.7065, 430.8445, 222.2426, 418.2917, 70.71005, 482.8422, 195.5174, 79.28255
41.7, 309.3405, 157.2545, 193.0046, 269.1929, 120.7667, 65.35597, 16.90917, 9.774776, 608.2394, 358.941, 2647.229, 543.775, 410.708, 208.1068, 527.5556, 66.72146, 512.3382, 184.6141, 75.24457
41.8, 290.4349, 147.8897, 183.087, 256.7973, 114.0309, 59.88696, 15.81334, 9.208154, 702.0453, 338.8069, 2586.47, 512.7239, 391.5126, 207.0291, 498.9895, 62.95785, 480.0511, 174.3189, 71.41224
41.9, 272.6847, 139.0826, 173.6789, 290.8677, 107.6709, 54.8756, 14.78853, 8.674377, 695.9489, 319.8022, 2508.604, 483.446, 373.2144, 193.861, 540.705, 59.40654, 449.7988, 164.5978, 387.8951
42, 256.0194, 130.8, 164.7543, 277.474, 101.6655, 50.28359, 18.05593, 8.171543, 703.6835, 301.8636, 2469.96, 455.8399, 355.7713, 181.5304, 511.4269, 56.05555, 573.1661, 155.4188, 456.7658
42.1, 240.3726, 123.0106, 156.2883, 272.0681, 95.99516, 91.17033, 16.88579, 7.697857, 658.5379, 373.9102, 2508.1, 429.8102, 339.1435, 169.9841, 488.493, 52.89358, 537.0457, 146.7517, 629.2684
42.2, 225.682, 115.6851, 172.228, 288.0027, 90.64103, 83.54117, 15.79147, 7.251629, 616.2886, 398.6576, 2664.341, 405.2669, 459.7698, 159.1723, 496.2956, 49.90997, 503.2016, 138.5679, 597.2188
42.3, 211.8893, 108.7959, 163.3779, 274.7409, 85.58553, 76.55042, 14.76808, 6.831268, 576.7499, 376.2957, 2532.286, 529.269, 438.2814, 149.0481, 469.4222, 47.09467, 471.4903, 130.8405, 566.8015
42.4, 210.5653, 102.3169, 246.1701, 262.0898, 80.812, 70.14465, 13.81101, 6.435275, 594.0071, 355.1881, 2502.674, 499.0463, 417.7973, 139.5679, 444.004, 44.43816, 441.7775, 123.544, 537.9333
42.5, 207.4053, 96.22374, 233.5205, 250.0213, 76.30472, 64.27493, 12.91596, 6.062236, 555.8979, 405.8028, 2540.537, 470.5493, 398.2706, 130.6906, 419.9621, 41.9315, 413.9371, 116.6544, 510.5355
42.6, 266.0007, 90.49345, 221.5209, 238.5085, 72.04883, 58.89638, 83.74532, 5.710822, 520.2336, 383.0401, 2510.482, 443.6797, 379.6565, 122.378, 397.222, 39.56624, 387.8512, 110.149, 484.5331
42.7, 249.7439, 85.1044, 210.1379, 227.5258, 68.03031, 53.96791, 78.31805, 5.379778, 511.8187, 361.5542, 2596.632, 418.3444, 388.9854, 114.5941, 428.8974, 37.3344, 363.4091, 237.5145, 459.855
42.8, 234.4806, 80.03629, 291.0911, 217.0488, 64.23592, 49.45186, 73.24251, 5.067924, 478.9824, 341.2736, 2664.519, 756.4055, 452.6151, 107.3054, 507.3844, 35.22845, 340.5074, 224.2692, 436.4339
42.9, 220.1501, 75.26998, 276.1332, 207.0542, 60.65317, 45.31371, 68.4959, 4.774148, 524.8718, 363.6961, 2676.036, 780.9878, 431.4611, 132.5197, 479.9106, 479.4477, 319.049, 211.7625, 756.7905
43, 293.3915, 95.3196, 261.9439, 197.5199, 57.27024, 71.44509, 64.05689, 4.497401, 525.8915, 515.7234, 2686.634, 833.7802, 411.2957, 124.0907, 456.2419, 503.7224, 298.9428, 393.169, 765.7167
43.1, 307.7391, 89.64314, 248.4838, 188.4247, 54.076, 166.3636, 73.21818, 4.236696, 559.9249, 560.6273, 2624.558, 786.1691, 392.0729, 183.0049, 444.019, 697.4495, 280.1037, 371.2434, 726.7175
43.2, 288.9314, 153.9051, 235.7153, 179.7482, 51.05991, 152.4423, 87.69146, 3.991104, 524.0023, 529.1801, 2721.082, 741.2767, 541.2889, 171.3649, 419.9763, 877.4849, 262.4519, 460.7432, 740.8038
43.3, 297.649, 144.7398, 223.6029, 171.4713, 48.21205, 139.6859, 102.4163, 3.759749, 665.7991, 499.4968, 2628.675, 698.9478, 515.9905, 189.6775, 454.5935, 987.377, 245.9124, 435.0493, 703.0735
43.4, 292.7571, 140.9403, 212.1129, 163.5755, 45.52303, 127.9969, 95.77905, 3.541805, 623.0839, 471.4785, 2576.639, 687.8697, 510.9239, 177.613, 429.9782, 931.6812, 396.5258, 410.7883, 667.2648
43.5, 274.865, 132.547, 201.2134, 156.0432, 42.98399, 117.2861, 89.57191, 3.336494, 583.1093, 445.0319, 2543.13, 648.5905, 550.9739, 166.3159, 470.0772, 879.1272, 560.0757, 387.8802, 633.28
43.6, 258.0664, 124.6536, 190.8739, 148.8579, 40.58656, 107.4715, 83.76704, 3.143085, 545.6992, 420.0687, 2446.971, 651.2431, 525.2229, 155.7374, 444.6235, 829.5376, 524.7803, 366.2495, 746.1579
43.7, 242.2945, 117.2303, 181.0657, 171.0511, 38.32284, 144.3849, 78.33836, 2.960887, 510.6892, 396.5058, 2358.311, 666.1893, 500.6754, 347.9177, 420.548, 782.7452, 491.7092, 345.8252, 708.1548
43.8, 251.8425, 110.249, 171.7615, 163.1747, 36.18539, 132.3027, 73.26151, 2.789251, 477.9254, 554.7054, 2435.17, 628.1481, 589.9191, 356.423, 397.7762, 738.5923, 460.7222, 326.5398, 672.0873
43.9, 236.451, 103.6835, 162.9355, 155.6609, 34.16715, 121.2316, 68.51366, 2.627564, 447.2635, 523.5903, 2345.229, 592.2791, 562.3479, 333.7526, 528.9715, 696.93, 431.6879, 308.3299, 637.8568
44, 222.0001, 97.50893, 154.5629, 148.4931, 32.26148, 111.0869, 82.00938, 2.47525, 418.5688, 494.2206, 2322.307, 622.2419, 536.0652, 312.5242, 567.1895, 828.1385, 404.4833, 291.1355, 605.3698
44.1, 231.5576, 91.7021, 146.6206, 141.6554, 30.4621, 101.7911, 76.69461, 2.331765, 391.7151, 466.4983, 2246.146, 740.4584, 511.011, 292.6461, 536.4773, 806.2016, 378.9932, 274.9, 574.5373
44.2, 217.4058, 86.24108, 139.0864, 135.1325, 28.76308, 181.6425, 71.72427, 2.196598, 366.5841, 440.331, 2277.936, 806.1818, 487.1277, 274.0323, 507.4281, 776.3872, 355.1094, 259.5699, 545.2751
44.3, 270.8745, 81.10527, 131.9393, 233.0424, 27.15882, 181.8356, 67.07605, 2.069266, 343.0655, 415.6315, 2250.685, 863.2783, 464.3607, 256.6024, 500.0916, 852.0551, 332.7307, 379.5444, 587.2905
44.4, 254.3198, 76.27531, 125.1596, 222.3114, 25.64404, 166.6195, 62.72906, 1.949315, 321.0557, 392.3175, 2194.536, 827.8073, 442.6577, 240.2811, 473.0126, 991.2849, 311.7624, 415.492, 634.7002
44.5, 242.6779, 71.73298, 118.7282, 249.1449, 24.21374, 152.6767, 92.41979, 66.78831, 300.458, 370.3113, 2141.793, 780.5372, 421.9691, 224.998, 447.4, 978.1734, 292.1154, 409.1213, 602.3739
44.6, 227.8465, 104.5947, 112.6272, 237.6724, 22.86322, 139.9007, 93.91572, 62.91674, 281.1817, 349.5394, 2055.5, 796.0577, 402.2474, 293.6813, 423.1742, 922.9968, 485.5287, 386.3062, 638.431
44.7, 366.813, 98.36586, 106.8398, 226.7282, 21.58803, 128.1937, 183.9774, 59.26959, 263.1422, 329.9327, 1953.621, 808.8737, 383.4474, 275.0016, 428.4184, 955.7453, 454.9312, 364.7633, 682.2299
44.8, 344.3949, 92.508, 101.3498, 216.288, 20.38396, 239.7882, 172.0544, 70.1237, 246.26, 311.4258, 1930.926, 782.8263, 365.5261, 265.6662, 488.8316, 992.282, 460.1675, 460.313, 770.6369
44.9, 323.347, 86.99898, 96.14185, 223.9251, 19.24705, 243.9467, 160.9041, 293.2149, 230.4609, 293.957, 2041.401, 751.834, 348.4424, 322.3467, 462.3624, 1080.67, 593.1433, 579.5421, 763.1959
45, 307.0162, 123.2199, 91.20155, 213.6139, 18.17354, 455.5048, 150.4764, 326.4952, 215.6754, 277.4681, 2011.172, 747.1736, 570.5823, 301.8438, 437.3264, 1151.797, 555.764, 547.2232, 801.7997
45.1, 288.2527, 128.6323, 86.5151, 280.2058, 17.15991, 541.2618, 140.7245, 324.5532, 201.8385, 261.9041, 1911.49, 704.5079, 543.9148, 282.6449, 413.6461, 1234.339, 520.7403, 516.7066, 760.9628
45.2, 270.6359, 120.972, 82.06947, 267.3031, 16.20282, 495.9688, 131.6046, 305.7396, 188.8893, 247.2131, 1852.542, 664.2786, 518.4937, 264.6672, 391.248, 1164.713, 546.1151, 487.8918, 806.1277
45.3, 254.0958, 113.7679, 77.85227, 254.9945, 15.29911, 454.466, 123.0757, 303.6972, 176.7709, 233.3462, 1898.414, 626.3465, 494.2607, 261.5619, 370.0627, 1099.014, 644.2545, 460.6839, 765.0703
45.4, 238.5665, 106.9929, 73.85178, 341.5956, 14.4458, 416.4361, 115.0996, 286.0926, 165.4299, 220.2571, 1871.421, 590.5804, 471.1602, 253.9054, 350.0245, 1037.021, 603.6542, 434.9933, 973.7325
45.5, 223.9864, 100.721, 70.05686, 325.866, 13.64009, 381.5886, 107.6404, 384.3717, 154.8166, 207.9022, 1812.802, 556.8566, 666.7437, 237.7557, 331.0714, 978.5253, 565.6125, 410.7354, 924.1387
45.6, 210.2973, 199.6267, 117.9163, 351.1774, 12.87932, 349.6571, 100.6645, 471.0441, 144.8841, 196.2404, 1808.884, 525.0586, 635.5819, 222.6332, 521.8376, 1076.865, 529.9682, 387.8302, 877.0709
45.7, 197.4448, 187.7386, 111.8571, 339.2539, 70.46661, 320.3977, 118.8169, 651.8682, 135.5889, 185.2327, 1754.437, 495.0763, 605.8765, 208.4725, 493.5811, 1344.962, 496.5701, 419.4933, 832.4002
45.8, 185.3778, 545.3182, 106.1092, 323.6322, 66.53635, 293.5867, 305.7289, 659.2375, 126.8901, 174.8424, 1862.383, 466.8061, 577.5595, 195.2126, 466.8547, 1269.095, 536.7238, 672.8217, 926.1303
45.9, 174.0483, 654.7764, 153.4821, 308.7298, 62.82529, 269.0193, 346.9384, 825.9369, 118.7493, 165.035, 1900.817, 440.1502, 550.5659, 182.7961, 544.8381, 1373.483, 579.7632, 635.301, 901.4872
46, 163.4112, 756.349, 255.8339, 294.5136, 59.32121, 246.5077, 324.4544, 1253.809, 111.1308, 155.7777, 1967.045, 449.3942, 524.8339, 171.1693, 565.4211, 1296.008, 543.2271, 599.8726, 996.7428
46.1, 153.4242, 711.3071, 364.1319, 295.2052, 56.01258, 225.8798, 322.925, 1364.669, 104.0011, 147.0396, 1972.06, 520.7935, 500.3046, 160.282, 752.5017, 1327.661, 508.9935, 566.42, 1064.465
46.2, 144.0476, 668.9474, 345.4208, 281.6118, 52.88848, 206.9781, 337.1977, 1483.291, 97.32875, 138.7917, 1945.037, 587.5821, 476.9217, 150.0873, 855.7855, 1252.77, 476.9172, 534.8329, 1195.026
46.3, 135.244, 629.1104, 327.6711, 268.6443, 49.93863, 189.6581, 343.859, 1397.307, 91.08451, 131.0065, 2109.61, 554.0295, 454.6317, 140.5409, 809.4465, 1182.104, 446.8623, 505.0073, 1134.161
46.4, 126.9785, 602.1927, 310.8335, 256.2739, 47.15331, 173.7875, 321.5746, 1316.309, 85.24088, 123.6579, 2117.333, 522.3929, 433.3834, 131.6018, 833.2326, 1115.425, 418.7015, 536.8395, 1076.397
46.5, 119.2181, 810.3506, 294.8611, 322.2338, 44.52333, 159.2449, 309.1594, 1240.005, 79.77215, 116.7216, 2144.569, 492.5629, 413.1282, 123.2312, 986.7404, 1052.506, 494.4318, 534.8738, 1170.065
46.6, 111.932, 890.1517, 279.7095, 307.3958, 42.04005, 145.9192, 289.1238, 1168.125, 74.65427, 110.1743, 2159.824, 464.4362, 519.5098, 115.3931, 954.9424, 1166.579, 557.4435, 505.0459, 1110.472
46.7, 105.1961, 906.972, 265.3365, 293.241, 110.1405, 133.7086, 270.3866, 1100.411, 69.86474, 103.9943, 2186.068, 437.9156, 495.2293, 108.0535, 903.2342, 1378.87, 522.3139, 578.7646, 1214.398
46.8, 98.767, 852.9602, 251.702, 279.738, 118.8862, 122.5199, 252.8637, 1292.326, 65.38248, 98.16098, 2302.714, 531.4101, 580.1462, 101.1807, 888.1971, 1382.85, 530.1631, 546.4891, 1446.348
46.9, 92.73078, 898.5159, 238.7681, 266.8568, 112.2553, 112.2674, 273.1286, 1307.014, 61.18779, 92.65484, 2314.051, 501.0651, 553.0317, 94.74511, 853.1026, 1388.964, 569.2167, 516.0135, 1372.683
47, 87.06347, 932.9548, 226.4988, 254.5687, 114.2073, 102.8728, 255.428, 1231.249, 57.26222, 87.45755, 2340.002, 519.0279, 527.1844, 88.71883, 806.9088, 1310.616, 565.0787, 509.5485, 1302.77
47.1, 81.74252, 940.5883, 214.86, 242.8465, 107.8374, 94.26437, 270.2158, 1223.318, 53.58849, 82.5518, 2266.295, 517.357, 502.5453, 83.07585, 763.2164, 1236.687, 573.6155, 599.1087, 1473.659
47.2, 76.74677, 1167.687, 203.8193, 231.664, 101.8228, 86.37629, 321.2662, 1152.405, 50.15046, 77.92122, 2207.528, 487.8145, 479.0576, 77.79179, 721.8898, 1221.254, 537.4669, 565.6987, 1471.383
47.3, 72.05633, 1470.866, 193.3459, 281.0842, 96.14363, 83.82956, 300.4459, 1121.113, 46.933, 73.55038, 2149.941, 616.2164, 456.6678, 72.84383, 682.8009, 1229.185, 503.5962, 534.1518, 1441.391
47.4, 67.65255, 1471.583, 183.4107, 268.141, 90.78123, 137.4123, 280.975, 1056.125, 43.92196, 69.42472, 2260.974, 581.0288, 435.3244, 68.21059, 645.8286, 1159.85, 471.8601, 504.3642, 1405.484
47.5, 63.51791, 1629.385, 173.986, 295.8566, 85.71791, 125.9136, 266.8594, 1014.682, 41.10409, 65.53048, 2239.371, 547.8505, 414.9785, 63.87204, 610.8583, 1210.504, 517.0486, 476.2377, 1417.915
47.6, 59.63597, 2264.475, 165.0457, 282.2332, 80.937, 115.3771, 257.606, 955.8632, 38.46701, 61.85468, 2216.534, 516.5667, 395.5835, 59.80945, 577.7816, 1259.49, 484.4648, 449.6797, 1496.227
47.7, 55.99128, 2463.557, 156.5647, 379.9493, 111.7699, 105.7223, 240.9114, 1207.558, 35.99911, 58.38507, 2106.674, 487.0693, 377.095, 121.9862, 546.4959, 1188.445, 453.9343, 424.6028, 1494.677
47.8, 52.56933, 2475.374, 148.5195, 362.4536, 105.536, 96.87543, 260.1945, 1202.515, 33.68955, 55.11007, 2002.259, 459.2563, 359.4706, 114.2272, 516.9043, 1121.408, 622.1639, 464.639, 1418.551
47.9, 49.35651, 2350.79, 140.8877, 345.7636, 99.64972, 88.76886, 243.3321, 1132.808, 31.52816, 52.01878, 2067.486, 433.0316, 342.6699, 106.9618, 495.4416, 1058.151, 582.9557, 438.7279, 1346.302
48, 46.34005, 2310.179, 133.6481, 329.8421, 187.4544, 81.34065, 227.5626, 1067.141, 29.50543, 49.10089, 2036.101, 408.3043, 326.6544, 100.1584, 468.6144, 998.4636, 546.2184, 438.7121, 1277.732
48.1, 43.50795, 2172.604, 126.7805, 382.1063, 176.9992, 74.53404, 229.4483, 1100.683, 27.61247, 46.34668, 1935.183, 384.989, 311.3875, 93.78785, 464.8749, 942.1425, 511.7962, 441.7807, 1212.655
48.2, 40.84893, 2043.221, 120.2658, 364.5113, 167.127, 68.29701, 214.5785, 1036.879, 25.84096, 43.74696, 1949.988, 363.0051, 296.8341, 87.82246, 533.4748, 888.9983, 479.5433, 417.1442, 1150.893
48.3, 38.35241, 1921.544, 114.0859, 347.7265, 157.8055, 62.58189, 312.7292, 976.7734, 24.18311, 41.29306, 1853.339, 342.2765, 282.9608, 82.2365, 504.5882, 838.8519, 449.323, 422.1627, 1092.276
48.4, 36.00848, 1923.081, 108.2235, 331.7146, 149.004, 57.34502, 292.4622, 926.5396, 22.63161, 38.97681, 1818.55, 322.7316, 269.736, 77.00583, 477.2658, 791.5341, 421.0071, 398.6203, 1103.397
48.5, 33.80779, 1845.55, 102.6624, 394.5892, 140.6933, 52.54637, 273.5087, 872.8301, 21.17965, 36.79049, 1785.81, 304.3027, 257.1293, 72.10786, 504.8759, 746.8854, 394.4756, 376.3907, 1162.684
48.6, 31.7416, 1737.9, 97.387, 446.1675, 132.8461, 48.14927, 255.7835, 970.5579, 19.82085, 34.7268, 1731.064, 286.9262, 492.7675, 67.52142, 477.5379, 704.7553, 369.6161, 355.4008, 1253.547
48.7, 29.80169, 1647.263, 92.38271, 425.6227, 202.6797, 44.12012, 265.8098, 914.2968, 18.54922, 32.77887, 1645.266, 270.5419, 570.4935, 172.5106, 451.6802, 665.0016, 346.3233, 496.0109, 1314.136
48.8, 27.98034, 1616.222, 87.63556, 406.0238, 244.7713, 40.42814, 248.5835, 972.9694, 17.35917, 30.9402, 1636.274, 255.0932, 574.9617, 161.538, 427.2226, 627.4904, 324.4984, 468.3502, 1397.469
48.9, 26.2703, 1635.198, 83.13235, 387.3275, 295.8064, 188.377, 232.4736, 981.5224, 16.24547, 29.20468, 1579.853, 240.5267, 548.0895, 170.9012, 404.0894, 708.1864, 479.9966, 442.2321, 1457.402
49, 24.66477, 1553.773, 78.86053, 369.4921, 279.3078, 172.6136, 217.4077, 975.0344, 15.20323, 27.5665, 1534.088, 226.792, 768.4825, 160.031, 502.7826, 668.2392, 449.7477, 417.5705, 1410.441
49.1, 23.15737, 1461.243, 74.80824, 352.4779, 263.7294, 158.1692, 463.4075, 918.5139, 14.22785, 26.02021, 1578.215, 213.8415, 732.5657, 149.8522, 475.558, 630.5453, 421.405, 426.2796, 1338.605
49.2, 21.74209, 1392.944, 70.96416, 369.2108, 249.0199, 144.9335, 433.3755, 907.003, 163.874, 24.56066, 1538.867, 201.6306, 698.3275, 190.9286, 449.8075, 594.9777, 394.8484, 402.5076, 1391.884
49.3, 20.4133, 1309.992, 67.31763, 494.6326, 235.1309, 132.8055, 415.2091, 854.426, 175.7183, 23.18298, 1575.101, 190.1169, 665.6896, 178.7846, 425.4513, 561.4164, 369.9655, 380.0613, 1320.993
49.4, 19.16573, 1316.254, 63.85847, 566.2208, 222.0165, 127.8613, 388.3008, 804.8969, 274.5576, 21.88258, 1497.033, 179.2607, 690.5463, 167.4129, 402.414, 744.6364, 346.6506, 358.8667, 1253.713
49.5, 17.9944, 1237.869, 60.57706, 540.1478, 209.6335, 485.2891, 435.5658, 758.2388, 256.943, 20.65512, 1422.834, 169.0244, 658.272, 156.7646, 380.6241, 702.6331, 324.805, 427.4373, 1189.859
49.6, 16.89466, 1164.151, 57.46427, 515.2755, 197.9412, 444.68, 407.3381, 714.2853, 240.4585, 19.49651, 1352.313, 159.3727, 685.0011, 146.7936, 378.7526, 775.7781, 304.3361, 442.3686, 1314.46
49.7, 15.86213, 1094.824, 54.51143, 491.5484, 186.9011, 472.413, 380.9398, 696.0135, 225.0316, 18.40289, 1285.287, 150.2721, 652.986, 183.3562, 379.4324, 732.0182, 414.2624, 515.2482, 1247.512
49.8, 14.8927, 1029.625, 51.71032, 468.9138, 176.4767, 432.8813, 360.6136, 655.6672, 210.5945, 17.37062, 1464.235, 141.6911, 622.4672, 171.6938, 368.0496, 690.7267, 388.156, 539.5375, 1183.974
49.9, 13.98253, 968.3092, 49.05315, 447.3216, 166.6337, 503.3448, 339.2723, 617.6596, 197.0835, 16.39625, 1787.738, 133.6002, 593.3747, 160.7732, 388.3875, 651.7643, 363.6948, 509.4495, 1252.646
50, 13.12797, 910.6447, 46.53253, 426.7236, 157.3397, 461.2247, 317.2851, 655.1752, 184.4394, 15.47654, 1861.521, 125.9712, 565.642, 150.5472, 367.3571, 614.9998, 398.9021, 536.7614, 1309.769
50.1, 12.32565, 912.0898, 44.14142, 407.0741, 148.5641, 422.6293, 296.7229, 711.6804, 172.6065, 14.60841, 1932.59, 118.7779, 539.2054, 140.9716, 347.4655, 580.309, 373.7637, 506.8282, 1243.06
50.2, 11.57236, 869.8347, 41.87319, 388.3294, 140.278, 387.2635, 277.4932, 732.1599, 161.5327, 70.40527, 1855.538, 111.9954, 514.0044, 132.0051, 357.3638, 547.5751, 517.3085, 612.045, 1283.408
50.3, 10.8651, 868.3122, 39.72151, 370.4478, 226.6348, 354.8572, 259.5098, 856.6318, 193.2553, 66.45602, 1930.991, 105.6001, 489.9812, 242.1987, 346.4442, 516.6876, 484.7083, 667.8538, 1260.587
50.4, 10.20107, 895.7556, 37.68039, 353.3897, 213.9942, 325.1626, 242.6918, 1001.68, 568.6645, 70.91354, 1835.284, 99.57008, 555.0266, 245.4046, 711.0243, 558.5749, 922.5583, 630.61, 1350.052
50.5, 9.577627, 860.4487, 35.74416, 337.117, 495.1983, 297.9529, 318.1618, 997.0584, 610.5542, 129.1992, 1952.021, 93.88435, 590.6444, 375.1266, 739.1182, 560.8465, 1152.512, 595.4433, 1445.63
50.6, 8.992284, 809.2074, 155.5942, 321.5937, 467.5786, 273.0201, 354.0324, 939.2612, 571.3834, 209.9437, 1983.61, 88.5233, 563.0393, 351.2666, 1142.615, 529.2104, 1079.882, 562.2377, 1611.082
50.7, 8.442714, 761.0176, 218.2067, 306.7851, 441.4995, 250.1737, 331.0887, 1011.65, 643.824, 242.6805, 2002.431, 83.46838, 536.7244, 328.9242, 1523.095, 551.8519, 1011.829, 595.7956, 1686.669
50.8, 7.926731, 756.6827, 260.6586, 292.6584, 450.2927, 229.2391, 309.6319, 953.0067, 602.5187, 280.863, 1999.991, 78.7021, 511.6393, 308.0029, 1547.682, 520.7231, 948.0645, 562.5703, 1743.552
50.9, 7.442283, 711.6209, 247.2645, 279.1823, 461.6225, 210.0563, 335.4718, 897.763, 563.8635, 265.1086, 1900.864, 74.208, 487.7267, 288.4123, 1463.878, 491.3503, 1033.498, 531.1979, 1672.608
51, 6.987442, 669.2426, 244.2589, 266.3267, 435.8755, 192.4787, 313.7309, 845.7217, 527.6882, 250.2379, 2003.386, 69.97052, 464.9316, 270.0678, 1384.612, 580.5473, 1023.662, 741.8622, 1878.905
51.1, 6.5604, 690.408, 357.3045, 254.063, 454.9955, 176.372, 386.5919, 944.738, 493.8337, 236.2013, 2012.782, 65.97501, 443.202, 380.4439, 1486.406, 631.8531, 959.1522, 772.2142, 1783.209
51.2, 6.159456, 649.293, 348.6406, 242.3641, 816.7955, 161.6131, 361.5381, 1231.608, 462.1512, 222.952, 2003.331, 62.20766, 422.4879, 384.4616, 1405.92, 596.2117, 898.7073, 819.0728, 1692.388
51.3, 5.783016, 610.6264, 379.4071, 231.2038, 853.5191, 148.0893, 338.108, 1187.665, 432.5014, 210.446, 1944.071, 58.65543, 402.7419, 384.1722, 1357.494, 562.5807, 896.8978, 929.7531, 1606.192
51.4, 5.429583, 574.2625, 359.911, 220.5575, 916.3743, 135.6971, 316.1963, 1118.819, 404.7538, 198.6414, 1907.695, 55.30605, 383.9189, 462.0239, 1283.989, 530.8468, 896.681, 1003.787, 1837.15
51.5, 5.09775, 540.0641, 355.3366, 210.4014, 865.2636, 124.342, 295.7046, 1053.963, 378.7863, 187.4991, 2003.385, 52.14792, 365.9755, 539.1987, 1214.463, 500.9029, 840.173, 1136.36, 1743.581
51.6, 4.786197, 507.9024, 337.0774, 200.713, 817.0036, 113.937, 276.541, 992.8674, 354.4848, 176.9817, 1948.175, 49.17013, 348.8708, 614.2588, 1148.702, 731.4397, 787.2261, 1105.169, 1654.777
51.7, 4.493685, 477.6559, 319.7565, 191.4707, 771.4353, 104.4027, 258.6192, 935.313, 331.7424, 167.0542, 1928.047, 46.36238, 566.2795, 575.1887, 1209.889, 690.1808, 737.6158, 1181.812, 1570.497
51.8, 4.21905, 449.2106, 303.3256, 182.6539, 728.4086, 95.66625, 241.8589, 881.095, 310.4591, 157.6837, 1905.833, 43.71496, 539.8132, 647.6804, 1252.113, 651.2493, 691.132, 1311.877, 1490.509
51.9, 3.9612, 422.4594, 287.739, 174.2432, 687.7816, 87.66087, 226.1848, 928.3828, 290.5412, 148.8387, 1974.714, 41.21872, 514.5837, 606.4846, 1184.314, 614.5138, 647.5775, 1409.151, 1611.042
52, 3.719108, 397.3011, 272.9534, 166.2198, 649.4207, 80.32538, 257.6945, 981.5074, 271.9012, 140.4899, 1985.418, 38.86502, 490.5335, 750.188, 1183.904, 579.8505, 690.6556, 1330.568, 1528.989
52.1, 30.7062, 373.6411, 318.2621, 158.5658, 613.1993, 73.60372, 240.9941, 924.6116, 254.4571, 132.6094, 1974.375, 36.64572, 467.6073, 702.4722, 1119.798, 547.1424, 647.1312, 1469.966, 1563.783
52.2, 28.82957, 351.3901, 301.9081, 151.2642, 578.9981, 67.44453, 225.3761, 871.014, 238.1321, 125.171, 1990.334, 34.55315, 445.7526, 657.7913, 1152.745, 516.2793, 752.4442, 1551.473, 1588.996
52.3, 27.06763, 330.4642, 331.8917, 144.2989, 546.7045, 61.80075, 210.7702, 848.4022, 222.8544, 118.1498, 1891.685, 32.58007, 424.9193, 743.3007, 1117.2, 487.1571, 705.0259, 1519.465, 1862.318
52.4, 25.41337, 310.7845, 343.4907, 137.6543, 516.2121, 56.62925, 197.1108, 799.2222, 208.5569, 111.5224, 1797.926, 30.71966, 405.0597, 696.0229, 1056.706, 459.6777, 660.5958, 1461.552, 1767.467
52.5, 23.86021, 292.2767, 325.8402, 131.3157, 487.4204, 51.89049, 184.3367, 809.4084, 195.1767, 105.2668, 1780.664, 28.96548, 386.1283, 651.7523, 999.4877, 433.7483, 782.6541, 1380.047, 1677.447
52.6, 22.40198, 274.8711, 380.3853, 125.269, 460.2346, 47.54828, 232.5554, 798.5866, 182.6549, 99.36205, 1791.308, 27.31147, 368.0817, 704.8839, 945.3674, 409.2816, 733.332, 1353.482, 1592.012
52.7, 21.03286, 258.5021, 555.6146, 119.5006, 434.565, 43.56942, 217.4842, 930.7032, 170.9365, 93.78854, 1777.038, 25.75191, 350.8785, 660.0496, 1089.034, 386.1949, 687.1182, 1336.585, 1510.928
52.8, 19.74742, 243.1078, 604.3497, 113.998, 410.3272, 101.3205, 538.5442, 1035.349, 159.9699, 88.52766, 1904.737, 24.28141, 334.4794, 839.9486, 1382.775, 364.4105, 643.8167, 1262.049, 1433.974
52.9, 56.23573, 228.6303, 936.431, 108.7486, 387.4412, 144.0367, 503.6429, 975.3325, 149.7068, 114.1511, 1810.331, 22.89487, 318.8468, 786.5235, 1368.235, 343.8549, 704.4797, 1232.407, 1360.939
53, 52.79884, 215.015, 888.312, 103.7411, 365.8317, 131.9837, 501.1604, 996.8908, 299.9028, 167.3472, 1720.604, 21.58751, 303.9447, 736.4965, 1294.147, 324.4589, 759.2166, 1163.68, 1291.625
53.1, 49.57199, 202.2104, 842.6655, 98.96405, 345.4275, 120.9393, 468.6818, 939.1033, 280.6622, 157.9602, 1709.535, 20.3548, 289.7392, 689.6516, 1224.072, 306.1569, 1068.714, 1098.786, 1225.84
53.2, 46.54237, 190.1685, 799.3646, 111.112, 326.1613, 110.819, 438.308, 884.6655, 262.6559, 149.0998, 1624.804, 19.19249, 276.1975, 645.7861, 1162.239, 288.8872, 1001.365, 1098.898, 1163.406
53.3, 43.6979, 178.8436, 758.2887, 105.9956, 307.9697, 101.5457, 409.9027, 833.3834, 245.8049, 140.7363, 1544.272, 18.09655, 263.2888, 604.7108, 1099.306, 272.5918, 1034.646, 1109.509, 1104.152
53.4, 41.02727, 168.1931, 746.1606, 134.7635, 290.7927, 93.04828, 383.3382, 785.074, 230.035, 132.842, 1467.732, 17.06318, 250.9834, 566.248, 1206.964, 257.2155, 1027.451, 1047.636, 1047.916
53.5, 38.51986, 158.1769, 738.5834, 128.558, 274.5738, 85.26197, 358.4953, 739.5651, 215.2769, 125.3905, 1394.985, 16.08883, 239.2531, 530.2317, 1141.61, 242.7065, 1228.102, 1026.642, 994.5436
53.6, 36.16569, 148.7572, 700.6308, 122.6382, 259.2594, 78.12722, 335.2623, 780.3812, 271.9503, 264.5748, 1325.844, 15.17011, 228.0711, 496.5062, 1079.794, 229.016, 1618.126, 969.3901, 943.8898
53.7, 33.95539, 139.8985, 664.6284, 116.9911, 244.7993, 71.58951, 313.535, 735.1443, 309.7417, 249.734, 1449.151, 14.30386, 316.6781, 464.9258, 1170.733, 216.0977, 1516.153, 915.3309, 895.816
53.8, 31.88019, 131.5672, 684.2747, 111.6039, 231.1456, 65.59888, 293.2158, 692.5296, 289.8698, 235.7257, 1478.171, 13.48707, 301.8774, 435.3541, 1116.076, 203.9081, 1420.606, 864.2864, 850.1906
53.9, 29.9318, 123.7322, 649.1128, 106.4649, 218.2535, 60.10954, 274.2134, 652.3852, 381.1297, 322.4388, 1451.428, 12.71692, 361.6241, 407.6633, 1055.643, 192.4061, 1331.081, 816.0884, 806.889
54, 28.1025, 116.3637, 666.4271, 320.6271, 206.0804, 59.32484, 256.4425, 614.5679, 356.6779, 304.3522, 1379.489, 11.99075, 344.7228, 381.7338, 1081.893, 181.5529, 1247.198, 770.5782, 765.7928
54.1, 42.27883, 109.4341, 632.1823, 305.863, 194.5863, 54.36052, 239.8233, 578.9427, 333.7948, 287.2802, 1311.116, 11.30605, 371.3682, 357.4536, 1023.311, 171.312, 1168.6, 866.9272, 726.7898
54.2, 53.95174, 102.9171, 599.6972, 291.7788, 183.7332, 49.81161, 224.2811, 554.3007, 451.0245, 331.6282, 1435.844, 10.66044, 435.6054, 334.7177, 967.9006, 327.1928, 1094.956, 818.5819, 689.7732
54.3, 66.63039, 96.78817, 641.9771, 284.7329, 173.4855, 45.64336, 209.7462, 543.4701, 422.0885, 313.0262, 1364.678, 146.2489, 415.2464, 313.4279, 915.4908, 415.0466, 1025.953, 772.9327, 654.6419
54.4, 106.9174, 91.02426, 608.9886, 440.8426, 163.8094, 41.82391, 196.1532, 511.9663, 539.009, 299.0933, 1391.113, 137.8977, 512.6665, 293.4922, 875.0175, 439.4793, 961.2988, 834.467, 621.2999
54.5, 118.1588, 85.60361, 602.4628, 420.5429, 154.6729, 165.7144, 183.4411, 482.2888, 504.4283, 335.2608, 1430.533, 189.2317, 576.3327, 274.8246, 1037.873, 683.4219, 900.7186, 787.9319, 589.6561
54.6, 110.9375, 80.50576, 575.5798, 401.178, 146.046, 151.8474, 171.5529, 454.3316, 486.6457, 316.455, 1459.953, 178.426, 549.3965, 257.3443, 1096.153, 644.8716, 843.9562, 919.5866, 559.624
54.7, 104.1574, 75.7115, 546.0033, 382.7048, 137.9003, 139.1408, 160.4351, 427.995, 516.0797, 298.7041, 1387.592, 168.2374, 523.7192, 240.9759, 1036.798, 650.8819, 790.7709, 868.3047, 531.1214
54.8, 97.79178, 71.20275, 517.9466, 365.0823, 130.209, 127.4974, 150.0378, 403.1851, 622.1324, 304.4483, 1477.124, 158.6306, 499.2419, 225.6486, 1015.024, 614.1671, 740.9373, 819.8827, 504.0705
54.9, 91.81516, 66.9625, 491.3316, 348.2712, 122.9466, 116.8284, 140.3143, 379.8134, 582.2188, 287.3709, 1579.561, 149.5724, 475.9087, 211.2962, 960.0621, 579.5233, 694.2441, 774.1609, 478.3974
55, 86.20381, 62.97477, 470.0945, 332.2342, 116.0892, 123.9596, 131.221, 357.7964, 678.7809, 271.2514, 1501.271, 141.0314, 453.666, 197.8566, 908.0767, 617.3822, 650.4935, 730.9889, 454.0318
55.1, 80.9354, 59.22451, 456.5786, 316.9357, 109.6143, 113.5866, 122.717, 337.0558, 635.2329, 395.6271, 1426.862, 132.9781, 465.0934, 185.2719, 882.0643, 582.5571, 609.5, 690.2244, 430.9073
55.2, 75.98898, 55.69758, 433.117, 302.3416, 103.5006, 104.0816, 114.7641, 317.5174, 594.4788, 506.102, 1356.141, 125.3847, 498.5394, 173.4877, 871.3771, 549.6964, 571.0899, 758.6516, 408.9604
55.3, 71.34486, 52.38069, 410.8611, 288.4196, 97.72787, 95.37206, 107.3266, 299.1116, 628.6312, 477.7132, 1383.223, 118.2249, 475.239, 162.453, 824.1938, 518.6892, 535.1003, 716.3445, 388.1314
55.4, 66.98457, 49.26133, 389.7487, 275.1386, 92.27711, 87.39129, 100.3711, 281.7728, 588.3007, 450.9168, 1337.829, 228.25, 545.4656, 152.1201, 836.4097, 558.2121, 501.3788, 728.1165, 368.3633
55.5, 62.89075, 46.32773, 369.7212, 262.4692, 87.13036, 137.4283, 93.86637, 265.439, 550.5576, 425.6236, 1271.521, 215.2163, 533.0931, 142.4445, 791.1199, 582.2064, 469.7824, 687.5122, 349.6019
55.6, 59.04714, 43.56883, 350.7228, 250.3832, 82.27067, 125.9282, 87.78319, 250.0521, 515.2359, 401.7491, 1520.368, 325.6156, 543.106, 133.3843, 782.8674, 595.7132, 440.1772, 649.1722, 331.7961
55.7, 55.43843, 40.97423, 346.4275, 283.9391, 77.68203, 115.3905, 82.09424, 235.5571, 482.1803, 379.2138, 1500.724, 384.977, 593.9421, 124.9003, 740.4767, 562.1104, 412.4377, 612.9703, 314.8972
55.8, 52.05027, 38.53414, 328.6261, 484.0102, 73.34932, 105.7346, 76.77397, 221.9024, 451.2455, 357.9425, 1481.56, 362.9937, 637.9153, 116.956, 948.5233, 530.403, 386.4463, 578.7873, 298.859
55.9, 48.86917, 36.23936, 311.7394, 461.7228, 69.25827, 96.8867, 71.79849, 209.0392, 422.2953, 337.8645, 1408.128, 342.2658, 802.2141, 109.517, 1101.128, 500.4841, 362.0928, 546.5105, 283.6376
56, 86.6033, 34.08125, 295.7205, 440.4616, 65.39539, 88.77918, 67.14546, 196.9217, 395.2024, 318.9127, 1389.798, 424.268, 764.7208, 102.5512, 1243.294, 472.253, 339.274, 583.1263, 269.1915
56.1, 81.31048, 32.05165, 280.5247, 429.812, 61.74797, 112.0134, 62.79398, 185.5066, 474.9434, 342.1949, 1363.98, 751.8377, 728.9798, 96.02837, 1243.101, 630.1682, 317.8933, 550.6075, 255.4811
56.2, 76.34113, 30.14291, 266.1097, 410.0203, 58.30398, 102.6401, 58.7245, 174.7532, 444.4728, 323.0002, 1455.622, 910.2618, 754.2743, 114.1518, 1175.79, 656.7895, 297.86, 672.159, 242.469
56.3, 71.67548, 28.34785, 252.4355, 391.1399, 55.05208, 94.05111, 54.91875, 164.6231, 415.9571, 304.8821, 1383.476, 858.2834, 833.9208, 106.8911, 1136.524, 700.5849, 279.0891, 634.6752, 230.1197
56.4, 67.29498, 26.65968, 239.464, 384.438, 51.98156, 86.18088, 51.35965, 155.0803, 389.2709, 345.2486, 1382.942, 896.0485, 794.9456, 100.0923, 1144.578, 707.3162, 261.5012, 599.2818, 218.3993
56.5, 63.1822, 25.07205, 227.159, 366.7357, 49.08229, 99.12993, 48.03119, 146.0906, 364.2968, 351.3884, 1314.398, 948.6375, 757.7919, 93.72591, 1093.026, 818.0342, 245.0217, 565.8621, 545.0945
56.6, 59.32077, 23.57897, 215.4862, 421.3728, 46.34473, 130.5955, 44.91844, 137.6221, 340.9249, 331.678, 1307.842, 894.4677, 722.3748, 87.76445, 1033.841, 771.8907, 229.5806, 534.3062, 517.3319
56.7, 55.69534, 22.1748, 204.4133, 424.1554, 43.75985, 140.635, 42.00742, 129.6444, 319.0525, 345.5243, 1243.02, 843.3911, 688.6129, 82.18217, 977.8605, 773.9456, 215.1127, 504.5099, 490.9833
56.8, 69.10642, 20.85425, 193.9094, 404.6241, 41.31915, 128.8666, 39.28505, 122.1292, 298.5833, 326.1428, 1181.411, 795.2311, 656.429, 76.95496, 1035.962, 913.5967, 201.5565, 476.3753, 465.9767
56.9, 64.88293, 19.61234, 183.9453, 385.9922, 39.01458, 118.083, 36.73911, 115.0497, 279.4273, 307.8485, 1251.2, 749.8213, 625.7493, 72.06023, 979.8663, 862.0627, 188.8546, 565.7451, 442.2438
57, 60.91756, 18.44439, 174.4931, 368.2183, 36.83854, 108.2018, 34.35817, 108.3805, 261.5003, 355.1718, 1229.333, 707.0045, 596.5034, 67.47682, 926.8086, 1242.485, 176.9532, 609.9163, 534.2379
57.1, 57.19454, 17.34599, 165.5267, 351.2628, 34.78387, 99.14742, 32.13153, 102.0979, 244.7234, 335.2492, 1210.981, 666.6326, 568.6245, 63.18494, 876.6238, 1172.399, 165.8018, 639.5794, 579.8889
57.2, 111.6102, 16.31301, 157.021, 335.0881, 32.8438, 90.85073, 54.64015, 96.17954, 229.0229, 316.4441, 1332.884, 628.566, 652.3361, 59.16605, 854.5842, 1106.267, 155.3531, 778.0267, 577.2393
57.3, 104.7891, 15.34154, 148.9524, 319.6581, 31.01194, 83.24831, 51.0991, 90.60423, 214.3297, 298.6938, 1266.821, 592.6732, 621.8477, 55.40279, 885.5959, 1043.865, 145.5629, 734.6391, 564.749
57.4, 98.38482, 14.42792, 141.2984, 304.9387, 29.28225, 76.28207, 47.78753, 85.3521, 200.5791, 281.9391, 1251.548, 558.83, 592.7842, 51.87888, 837.6428, 984.9827, 136.3896, 693.671, 556.8589
57.5, 102.5238, 13.56872, 134.0377, 290.8971, 27.64904, 104.9258, 44.69057, 80.40443, 187.7107, 266.1243, 1233.927, 526.9193, 565.079, 48.57912, 792.2861, 929.422, 127.7945, 654.9876, 693.5664
57.6, 96.25794, 12.76067, 127.15, 277.502, 26.10691, 96.14561, 41.79432, 75.74356, 175.6679, 251.1966, 1217.787, 496.8307, 538.6688, 45.48923, 766.5049, 876.9954, 119.741, 618.4614, 658.2419
57.7, 175.2328, 12.00075, 120.6164, 264.7238, 24.6508, 88.10011, 39.08576, 71.35287, 164.3977, 237.1063, 1312.893, 587.3569, 513.4929, 42.59588, 725.0002, 827.5261, 112.195, 583.9722, 624.7166
57.8, 164.5233, 11.28609, 114.4184, 252.534, 23.27591, 80.72787, 36.55273, 67.21671, 153.8506, 223.8063, 1336.696, 591.4526, 489.4936, 39.88656, 685.7429, 780.8472, 105.1246, 551.4062, 592.8988
57.9, 154.6581, 10.61398, 108.5389, 240.9054, 21.97769, 73.97253, 34.18387, 63.3203, 143.9801, 211.2523, 1325.77, 640.0562, 606.9614, 37.34957, 648.6113, 736.8013, 98.49976, 520.6564, 562.7015
58, 145.206, 9.981899, 102.9616, 229.8124, 20.75189, 67.78249, 31.96852, 59.64977, 134.7429, 199.4025, 1273.709, 603.5072, 578.5936, 34.97394, 613.4904, 695.2401, 92.2924, 491.6214, 596.1053
58.1, 136.3317, 9.38746, 97.67085, 219.2301, 19.59446, 62.11042, 29.89674, 56.192, 126.0983, 188.2175, 1210.579, 631.1423, 551.5517, 32.74942, 580.2711, 656.0231, 86.47623, 464.2055, 648.5951
58.2, 127.9997, 8.82842, 92.65197, 209.1351, 18.50158, 56.913, 27.95923, 52.93468, 118.0083, 177.6598, 1214.756, 595.1024, 525.7737, 30.66638, 548.8506, 619.0184, 81.02658, 438.3185, 685.7729
58.3, 120.1769, 8.302671, 87.89099, 199.505, 17.46965, 52.1505, 26.14728, 49.86617, 110.4374, 167.6943, 1154.548, 561.1204, 501.2004, 28.71584, 519.1315, 584.101, 337.7902, 413.8752, 650.8454
58.4, 112.8322, 7.808233, 83.37466, 190.3183, 16.49528, 47.78653, 24.45276, 46.97554, 103.3521, 158.2878, 1183.335, 529.0789, 477.7757, 26.88937, 491.0216, 551.1531, 316.503, 390.7949, 617.6968
58.5, 105.9363, 7.343239, 79.09039, 181.5547, 15.57526, 43.78774, 22.86805, 44.25247, 96.72146, 149.409, 1124.684, 558.9397, 531.3097, 25.17906, 464.4338, 520.0638, 296.5573, 369.0018, 586.2365
58.6, 99.46197, 6.905936, 75.02628, 173.1945, 14.70655, 40.12357, 21.38605, 179.5111, 90.51618, 141.0282, 1068.94, 527.0227, 506.4777, 23.57755, 439.2856, 490.7282, 338.5323, 348.4239, 556.3785
58.7, 93.38328, 6.494675, 71.17101, 165.2194, 13.88629, 36.76601, 20.00009, 171.9883, 84.70901, 133.1175, 1015.959, 496.9283, 482.8063, 22.07789, 415.4992, 463.0473, 317.1983, 328.9936, 729.1777
58.8, 87.67609, 6.107906, 67.51385, 157.6115, 63.24379, 33.68942, 18.70394, 199.7465, 79.2744, 125.6506, 1007.014, 468.5523, 460.2412, 20.67362, 513.5215, 436.9279, 297.2088, 369.0441, 692.0396
58.9, 82.3177, 5.744169, 64.0446, 150.3539, 167.6924, 54.78629, 17.4918, 188.1676, 74.18845, 118.6024, 957.1028, 441.7967, 564.1293, 19.35867, 576.7625, 412.2818, 521.9957, 387.072, 656.7928
59, 77.28679, 5.402094, 60.75363, 143.4305, 302.9965, 50.20176, 16.35821, 177.26, 164.7752, 111.9497, 978.34, 416.5688, 537.7634, 18.12736, 545.5319, 389.0259, 489.1, 365.4865, 623.3413
59.1, 72.56335, 5.080389, 57.63176, 136.8259, 286.0969, 46.00085, 15.29809, 166.9846, 154.2038, 124.4059, 929.8495, 392.7816, 512.6298, 16.97437, 515.9925, 367.0818, 458.2774, 397.6271, 591.5935
59.2, 68.12859, 4.777843, 54.67032, 130.5254, 270.1398, 42.15149, 14.30667, 157.3049, 144.3107, 117.4276, 964.1569, 370.3527, 488.6708, 15.89471, 593.2488, 346.3755, 429.3972, 396.7202, 561.4627
59.3, 63.96486, 4.493314, 51.86105, 124.515, 271.2468, 38.62424, 13.3795, 148.1863, 135.0523, 110.8407, 989.7927, 349.2046, 465.8317, 14.88372, 561.1256, 326.8373, 507.5577, 413.66, 532.8665
59.4, 60.0556, 4.225729, 49.19614, 118.7814, 256.118, 35.39215, 12.51241, 179.8687, 126.3878, 104.6233, 1007.455, 329.264, 521.3023, 13.93704, 530.7418, 308.4011, 832.6534, 390.5917, 621.6832
59.5, 56.38525, 81.17495, 46.66816, 113.3119, 241.8331, 32.43052, 11.70152, 169.4421, 118.2793, 98.75471, 1158.22, 310.4621, 527.3658, 13.05057, 506.5421, 291.0049, 1250.379, 408.3054, 590.0198
59.6, 52.93923, 76.34084, 44.27009, 108.0941, 282.2318, 129.081, 10.94319, 159.6199, 110.6909, 181.6662, 1247.852, 333.8691, 502.7181, 12.22049, 479.1139, 481.2126, 1451.931, 385.5357, 559.9692
59.7, 49.70381, 98.1045, 41.99524, 103.1167, 266.4903, 118.2795, 10.23399, 209.1531, 184.9333, 171.476, 1288.875, 314.8043, 479.2224, 11.4432, 635.5892, 454.0685, 1518.304, 364.0358, 612.5649
59.8, 46.66612, 92.2622, 39.83729, 98.36844, 263.0333, 108.3818, 9.57076, 248.7157, 199.5073, 246.1805, 1296.256, 421.9781, 456.8248, 10.71536, 601.1734, 494.5998, 1651.065, 343.7349, 777.5627
59.9, 43.81409, 86.76782, 37.79023, 93.83883, 248.7234, 99.31237, 8.950509, 234.2982, 305.1037, 261.8959, 2037.829, 570.7679, 458.9108, 10.0338, 568.6211, 625.1921, 1936.007, 432.1162, 737.9602
60, 41.13636, 117.9322, 231.6823, 89.5178, 304.2006, 236.9525, 8.370455, 220.7165, 285.5294, 247.2054, 3096.365, 582.94, 552.8612, 9.395602, 537.8314, 750.4648, 2149.917, 514.2101, 745.4473
60.1, 38.62228, 125.9272, 219.7772, 85.39574, 287.2338, 217.1242, 7.827992, 207.922, 353.6411, 233.3389, 3323.108, 609.6072, 597.6177, 8.797993, 508.709, 764.7723, 2113.655, 587.1337, 842.8118
60.2, 36.26185, 118.428, 208.4838, 81.46349, 282.2596, 198.9552, 7.320685, 195.8693, 330.9528, 338.8579, 3274.058, 673.9506, 569.6866, 8.238395, 481.1634, 763.1961, 1980.455, 554.3914, 799.886
60.3, 34.04568, 111.3754, 197.7707, 77.7123, 266.5165, 182.3065, 6.846255, 184.5152, 309.7201, 319.8504, 3161.766, 635.4662, 543.061, 7.71439, 669.2092, 761.4185, 1855.648, 523.4751, 759.1465
60.4, 31.96495, 104.7428, 187.6081, 74.13386, 267.3044, 167.0511, 6.402571, 173.8192, 289.8497, 301.909, 3161.551, 599.1793, 517.6798, 7.223715, 637.0486, 771.2819, 1891.797, 568.2401, 720.482
60.5, 30.01139, 98.50517, 177.9678, 70.72018, 252.3955, 153.0722, 5.98764, 163.7433, 271.254, 284.9741, 3063.376, 564.9645, 493.4848, 6.764249, 630.6512, 763.0573, 1846.207, 536.5515, 683.7867
60.6, 28.17722, 92.63902, 168.8228, 67.46371, 238.3182, 140.2631, 5.5996, 154.2515, 253.8514, 297.9337, 2955.133, 532.7035, 470.4207, 6.334008, 596.5027, 720.015, 1729.86, 506.63, 648.9603
60.7, 26.45515, 87.1222, 160.1477, 64.35718, 225.026, 128.5258, 5.236708, 145.3098, 237.5653, 438.8442, 2996.6, 502.2847, 448.4345, 5.931132, 653.251, 679.4005, 1620.846, 478.3772, 615.9077
60.8, 24.83832, 81.93392, 151.9184, 61.3937, 212.4752, 117.7707, 4.897334, 136.8866, 266.1763, 414.2281, 2991.389, 473.6028, 427.4759, 5.553881, 617.8788, 695.8437, 1518.702, 451.6999, 584.5385
60.9, 23.32031, 77.05461, 144.112, 58.56668, 200.6244, 107.9156, 4.579953, 163.2136, 249.0994, 390.9928, 2843.124, 530.7377, 407.4968, 5.200625, 584.4219, 656.5927, 1637.114, 426.5103, 554.767
61, 21.89507, 72.46587, 136.7067, 55.86983, 224.8775, 98.88521, 4.283141, 153.7524, 233.1181, 369.0609, 2829.682, 500.4312, 388.4515, 4.869839, 552.7767, 619.5558, 1649.695, 491.2102, 526.5118
61.1, 20.55694, 68.15041, 167.5724, 53.29718, 212.3349, 90.61046, 4.005564, 168.9896, 218.1622, 348.3592, 2908.616, 471.8552, 555.5106, 4.560091, 522.845, 666.6965, 1611.693, 463.8173, 499.6957
61.2, 19.30059, 64.09193, 234.1767, 71.65457, 200.492, 109.9452, 3.745976, 159.1936, 278.4382, 328.8187, 3036.528, 444.9109, 645.2494, 4.270046, 494.534, 708.9036, 1543.544, 692.5069, 474.2454
61.3, 18.12102, 60.27514, 258.6801, 135.7118, 189.3095, 309.5767, 3.503212, 181.8009, 279.28, 446.4032, 3064.3, 491.9754, 845.6357, 101.5979, 467.756, 837.1751, 1598.218, 653.8884, 450.0913
61.4, 17.01354, 56.68565, 245.3877, 204.0614, 178.7508, 283.6712, 3.27618, 171.2623, 261.3625, 469.5494, 3031.229, 463.8823, 831.5084, 95.13573, 442.4279, 1022.159, 1497.5, 758.6232, 609.8256
61.5, 15.97374, 53.30991, 232.7783, 347.2925, 239.6233, 268.8662, 3.063861, 161.3346, 366.7812, 648.75, 3127.186, 437.3933, 915.396, 118.3574, 418.4714, 1184.594, 1403.129, 874.6473, 578.7662
61.6, 14.9975, 50.13521, 220.8168, 331.3006, 226.2583, 252.4117, 2.865302, 151.9824, 343.2499, 623.8564, 3066.599, 522.7275, 872.6129, 110.8293, 395.812, 1117.773, 1397.612, 825.8716, 549.2887
61.7, 28.47307, 47.14957, 209.47, 364.6781, 213.6387, 231.2898, 2.679611, 143.1723, 321.2283, 588.8624, 3041.802, 492.8783, 831.8293, 103.7799, 374.3796, 1054.722, 1309.536, 779.8159, 521.3125
61.8, 26.73292, 44.34173, 198.7063, 370.3548, 201.7231, 211.9354, 2.505954, 134.873, 300.6195, 555.8314, 2961.762, 464.7336, 814.5452, 97.17899, 463.4353, 995.2278, 1227.01, 904.0659, 598.4214
61.9, 25.09912, 43.29065, 188.4956, 353.3009, 190.472, 194.2006, 2.343551, 127.0547, 281.3329, 524.6531, 2948.034, 595.8759, 840.1503, 90.9979, 438.3412, 976.8408, 1149.685, 853.6495, 567.9429
62, 56.38638, 40.71262, 178.8096, 337.0323, 179.8484, 219.1388, 2.191673, 119.6896, 404.1591, 495.2238, 2801.918, 618.6702, 800.8839, 85.20996, 414.6059, 979.0756, 1136.957, 806.0447, 539.0166
62.1, 52.94029, 38.28811, 169.6214, 408.4742, 169.8174, 200.8012, 2.049638, 112.7515, 378.2299, 508.5945, 2700.827, 583.3425, 856.9946, 79.79017, 392.1559, 923.8481, 1065.307, 861.9379, 511.5636
62.2, 49.7048, 36.00799, 160.9053, 389.665, 160.3458, 183.9981, 1.916807, 106.2155, 353.9641, 480.0659, 2715.531, 550.032, 816.941, 74.7151, 370.9214, 871.7359, 1067.164, 813.8709, 485.5088
62.3, 46.66706, 42.48824, 152.6371, 371.722, 151.4025, 168.6011, 1.792585, 100.0584, 368.6418, 453.1376, 2760.651, 518.6237, 847.9416, 69.96284, 350.8368, 883.8587, 1040.866, 792.7989, 460.7811
62.4, 43.81496, 52.5266, 144.7937, 354.6052, 142.9581, 191.9231, 1.676413, 94.25827, 344.9911, 427.7197, 2736.323, 510.5856, 808.3111, 65.51284, 331.8397, 834.0022, 975.2715, 766.4943, 437.3127
62.5, 41.13718, 49.39854, 137.3534, 338.2765, 182.7162, 175.8629, 1.56777, 88.79433, 528.7111, 403.7277, 2600.7, 512.6229, 835.1512, 61.34588, 313.8712, 993.7362, 938.5822, 723.7498, 610.5061
62.6, 38.62305, 46.45677, 130.2954, 337.9965, 172.5252, 161.4065, 1.466168, 83.64712, 524.8487, 381.0814, 2579.845, 483.3507, 796.1185, 57.44397, 296.8758, 937.6818, 1000.362, 683.389, 579.412
62.7, 36.26257, 86.55858, 123.6001, 367.957, 162.9026, 199.6254, 1.37115, 78.79828, 503.9229, 475.0067, 2657.463, 455.7501, 758.91, 53.79023, 280.8005, 884.7892, 963.4181, 645.279, 549.9017
62.8, 34.04636, 81.40386, 117.2488, 374.8146, 153.8168, 182.9319, 1.28229, 74.23051, 471.5932, 448.3622, 2704.644, 429.7255, 877.6331, 50.36889, 265.5958, 834.8802, 1307.109, 845.7664, 521.8943
62.9, 73.43323, 76.55611, 111.2239, 357.5554, 145.2377, 167.6241, 1.199189, 69.92754, 478.5758, 423.2122, 2605.43, 405.187, 953.6246, 47.16517, 258.6533, 787.7866, 1444.024, 818.0028, 495.3134
63, 68.9453, 71.99706, 105.5086, 341.0909, 137.137, 153.5972, 1.121474, 65.87399, 447.8722, 399.473, 2476.295, 382.0497, 937.1154, 44.16522, 244.6477, 743.3493, 1353.023, 792.8885, 470.0862
63.1, 64.73166, 67.70951, 100.087, 325.3845, 129.4882, 140.7442, 1.048794, 62.05542, 419.1384, 377.0653, 2472.318, 523.9523, 907.5663, 41.35608, 251.2843, 701.4186, 1267.757, 802.1649, 446.144
63.2, 60.77554, 63.67729, 94.94394, 310.4014, 173.2464, 156.1515, 0.9808254, 58.45821, 392.2481, 355.9146, 2349.781, 606.7037, 865.1491, 38.72562, 237.6778, 661.8532, 1187.864, 757.4312, 423.4211
63.3, 57.0612, 59.88519, 90.06519, 340.6645, 163.5836, 143.0847, 0.9172612, 104.2831, 367.083, 335.9503, 2359.687, 572.0592, 995.7309, 36.26247, 224.808, 624.5195, 1113.006, 850.4828, 486.4106
63.4, 53.57386, 230.6795, 85.43713, 324.9778, 268.3743, 131.1113, 0.8578164, 161.4025, 450.1393, 317.1058, 2436.991, 539.3931, 949.1931, 33.95599, 252.6565, 589.2918, 1127.561, 803.0546, 543.505
63.5, 72.59603, 249.0708, 81.04688, 310.0134, 253.4057, 256.7725, 0.802224, 207.1098, 569.0118, 299.3184, 2401.775, 508.5923, 904.8304, 31.79621, 238.9757, 556.0512, 1056.503, 758.2712, 665.2296
63.6, 68.15927, 234.2382, 76.88224, 295.7381, 239.272, 235.2857, 0.7502344, 195.1041, 601.136, 282.5287, 2574.415, 515.1708, 911.6782, 157.2501, 226.0357, 524.6856, 1057.958, 770.5563, 631.3484
63.7, 63.99367, 220.2889, 72.93159, 282.1201, 225.9267, 365.1951, 0.7016141, 231.7077, 654.74, 266.6809, 2516.287, 555.6859, 869.0688, 147.2482, 213.7963, 495.0893, 991.2866, 727.5853, 708.8994
63.8, 60.08265, 207.1703, 69.18396, 269.1292, 213.3256, 334.6355, 0.6561447, 234.8814, 612.7344, 251.722, 2519.252, 819.8669, 828.4509, 137.8825, 218.3132, 467.1624, 928.8167, 687.0106, 672.794
63.9, 56.41065, 194.8329, 65.6289, 256.7365, 201.4274, 306.6331, 0.6136221, 236.8054, 573.4237, 237.6021, 2576.573, 773.0503, 789.7314, 129.1124, 321.7174, 440.8108, 870.2836, 648.6986, 638.5275
64, 52.96307, 183.2303, 62.25652, 244.9145, 190.1928, 280.9739, 0.5738552, 227.8277, 536.635, 224.2743, 2448.868, 728.907, 752.8215, 120.9002, 304.2971, 415.9456, 815.4391, 612.5231, 606.0063
64.09999999999999, 49.72619, 172.3186, 59.05742, 233.6368, 179.5848, 257.4619, 0.5366654, 214.621, 502.2066, 211.6941, 2465.25, 715.1926, 717.6366, 113.2103, 287.82, 392.4831, 946.3301, 578.3651, 575.1414
64.2, 46.68714, 162.0567, 56.02272, 222.8784, 169.5685, 235.9174, 0.5018858, 202.1799, 469.9869, 199.8195, 2343.063, 674.3531, 744.414, 106.0096, 272.2351, 370.344, 886.6932, 546.1118, 648.3236
64.3, 61.35575, 186.5056, 53.14396, 212.6155, 160.1108, 216.1758, 0.4693602, 224.6324, 439.8344, 188.6111, 2226.931, 635.8458, 738.9844, 99.2668, 302.5345, 349.4537, 830.8147, 571.2341, 655.9071
64.40000000000001, 57.60595, 175.3989, 50.41312, 202.8251, 151.1806, 198.0861, 0.4389425, 211.611, 411.6163, 178.0313, 2242.954, 599.5372, 704.4462, 92.95292, 288.2908, 329.7418, 778.4576, 566.8879, 684.11
64.5, 54.08532, 164.9536, 47.82261, 193.4855, 142.7486, 181.5102, 3.717118, 199.3443, 385.2086, 168.045, 2131.784, 764.4147, 671.5223, 87.04063, 272.6804, 311.1418, 729.4, 535.2747, 762.9316
64.59999999999999, 50.77986, 155.1303, 45.36522, 184.576, 134.7868, 166.3214, 61.84824, 286.3529, 408.0964, 158.6189, 2026.125, 720.7645, 640.1371, 81.50439, 257.9153, 293.591, 683.4339, 505.4245, 724.0742
64.7, 47.67641, 145.892, 43.0341, 176.0768, 127.269, 152.4035, 57.84006, 269.7537, 381.9145, 149.7215, 2159.261, 679.6069, 610.2189, 76.32029, 259.0357, 277.0302, 640.3646, 477.2389, 687.1959
64.8, 44.76263, 137.2039, 40.82276, 167.9689, 120.1706, 139.6504, 54.09163, 254.1166, 357.4123, 141.3231, 2150.623, 640.7994, 617.2565, 71.46592, 245.0094, 261.4035, 600.0094, 450.6251, 652.1959
64.90000000000001, 157.7927, 129.0332, 38.72506, 160.2344, 113.4681, 127.9644, 50.58612, 239.3861, 571.6157, 133.3959, 2102.429, 604.208, 674.2029, 66.92032, 231.7427, 246.6584, 562.1974, 425.4954, 737.2
65, 148.1491, 121.349, 36.73515, 152.856, 107.1394, 117.2563, 180.6306, 287.549, 534.943, 125.9133, 2078.656, 569.7061, 642.6924, 62.66384, 219.1943, 232.7449, 526.7682, 401.7671, 789.5253
65.09999999999999, 305.8322, 114.1225, 34.84749, 145.8174, 101.1637, 107.4442, 207.1924, 270.8804, 500.6231, 118.8505, 1995.923, 609.4004, 612.6547, 58.67809, 207.3254, 219.6163, 616.2385, 525.9628, 749.3135
65.2, 484.1446, 107.3263, 33.05683, 139.1029, 95.52134, 179.0517, 193.7649, 296.1564, 468.505, 112.1838, 2043.511, 574.6019, 584.0209, 54.94586, 196.0991, 207.2282, 929.7607, 496.6319, 711.1497
65.3, 799.2208, 188.4442, 31.35818, 132.6975, 90.19364, 193.544, 239.7121, 465.8281, 438.4475, 105.8911, 2079.583, 701.4116, 837.7614, 51.45102, 296.3864, 195.539, 1045.036, 468.9366, 765.4315
65.40000000000001, 1263.958, 177.4087, 29.74682, 126.5872, 85.1631, 177.3481, 224.1772, 467.0733, 481.6289, 99.95133, 2090.449, 661.359, 926.1518, 48.17847, 280.3377, 594.1993, 979.179, 442.7858, 894.6391
65.5, 1206.782, 166.8437, 28.21826, 120.7582, 80.41313, 162.5076, 384.7464, 439.9981, 450.7295, 94.34476, 2125.794, 623.5936, 882.866, 45.11407, 265.158, 626.9626, 1154.742, 583.5772, 849.0737
65.59999999999999, 1255.593, 156.9078, 26.76825, 115.1976, 75.92809, 148.9089, 382.6914, 420.6884, 465.2265, 121.8355, 2020.431, 587.9847, 841.6032, 77.15088, 350.6278, 591.5971, 1081.972, 551.0333, 805.829
65.7, 1178.856, 191.5623, 25.39274, 109.893, 91.01434, 201.3481, 357.8904, 396.302, 435.3794, 211.0003, 2032.318, 884.1331, 802.2689, 72.24368, 342.7047, 630.288, 1013.787, 573.7915, 1043.105
65.8, 1106.81, 180.1544, 24.08792, 104.8327, 85.93802, 255.3137, 334.6966, 398.8961, 719.158, 230.9712, 2064.808, 1092.805, 764.773, 67.64861, 333.8638, 905.8657, 1362.941, 648.6301, 1403.489
65.90000000000001, 1039.166, 169.4259, 22.85015, 100.0054, 367.2318, 233.949, 313.006, 510.7241, 1033.813, 354.8416, 2182.368, 1030.403, 729.0296, 63.34581, 417.4371, 854.7679, 1747.529, 834.7576, 1332.007
66, 975.6569, 179.6663, 21.67598, 95.40046, 505.2124, 339.6588, 292.7211, 679.7376, 1090.817, 334.9375, 2248.345, 1178.701, 694.9567, 59.31669, 511.2078, 806.5524, 1758.778, 788.2063, 1479.46
66.09999999999999, 916.0289, 168.9669, 20.56214, 91.00751, 631.258, 317.0311, 273.7508, 714.1973, 1484.388, 316.1499, 2219.847, 1111.394, 662.4763, 55.54384, 483.5269, 761.0566, 1964.161, 744.251, 1469.548
66.2, 860.0451, 158.9046, 19.50554, 86.81686, 651.0545, 290.5018, 256.0099, 672.7969, 1442.618, 298.4161, 2109.823, 1047.93, 631.514, 52.01096, 457.3449, 718.1271, 1840.382, 702.7469, 1530.758
66.3, 807.4828, 149.4415, 18.50324, 82.81917, 614.742, 266.1925, 239.4187, 675.8099, 1432.102, 281.6771, 2037.425, 988.0907, 601.9987, 48.7028, 432.5806, 677.6191, 1724.403, 663.5574, 1452.794
66.40000000000001, 758.1329, 140.542, 17.55244, 79.00556, 580.4548, 243.9174, 223.9027, 680.1104, 1451.11, 265.877, 2052.993, 931.668, 573.8629, 45.60505, 409.1573, 639.3962, 1615.733, 626.5533, 1427.992
66.5, 711.799, 132.1725, 16.6505, 94.9508, 548.08, 223.5064, 209.3923, 640.6859, 1430.836, 250.9631, 2011.823, 878.4672, 547.0421, 42.70433, 387.0022, 603.3293, 1563.189, 591.6129, 1355.262
66.59999999999999, 668.2969, 124.3014, 15.7949, 90.57856, 517.5109, 338.1321, 195.8222, 717.3791, 1339.039, 236.8858, 1912.109, 828.3043, 521.4749, 39.98811, 366.0468, 569.2968, 1464.678, 558.6208, 1544.668
66.7, 627.4534, 116.899, 14.98327, 128.7929, 562.2178, 309.8371, 183.1316, 709.1735, 1253.131, 223.5982, 1916.447, 781.0059, 497.1025, 37.44466, 346.2262, 537.1841, 1549.272, 527.4687, 1465.995
66.8, 589.1061, 109.9375, 14.21334, 154.7437, 550.3911, 283.9099, 171.2634, 668.0643, 1172.735, 211.0559, 1923.497, 736.4083, 473.8693, 35.06298, 327.4787, 506.8828, 1515.761, 498.0537, 1391.33
66.90000000000001, 553.1025, 103.3905, 13.48298, 147.6182, 519.6931, 260.1522, 160.1644, 629.3381, 1097.497, 199.2172, 1828.161, 694.3574, 451.7219, 32.8328, 309.7464, 478.2906, 1522.327, 470.2792, 1320.467
67, 519.2992, 97.23343, 12.79015, 164.4846, 533.6566, 334.1534, 149.7847, 592.8568, 1027.086, 188.0425, 1911.729, 654.7076, 430.6096, 30.74446, 292.9743, 451.3113, 1646.321, 444.0535, 1253.214
67.09999999999999, 487.5618, 91.44301, 12.13292, 172.633, 503.892, 306.1913, 140.0776, 558.4902, 961.1919, 177.4946, 1869.706, 617.322, 410.4841, 28.78895, 277.1104, 425.8539, 2155.733, 419.2903, 1189.385
67.2, 457.7641, 85.99741, 11.50946, 164.6837, 638.466, 280.5691, 130.9996, 526.1157, 899.5255, 167.5384, 1777.036, 582.0712, 391.2991, 26.95783, 393.0778, 401.8324, 2267.364, 395.9081, 1471.807
67.3, 429.7875, 80.87611, 10.91804, 157.1004, 607.4583, 257.091, 219.1374, 495.618, 841.8154, 158.1407, 1780.668, 548.8334, 373.0109, 25.24317, 702.8742, 379.166, 2270.407, 373.8297, 1396.846
67.40000000000001, 403.5208, 76.0598, 10.35701, 149.8664, 579.9359, 235.5775, 204.9358, 466.8881, 787.8077, 149.2701, 1692.411, 517.4935, 355.5773, 23.63757, 874.2958, 357.778, 2127.329, 352.9827, 1325.702
67.5, 378.8593, 71.5303, 9.824809, 142.9654, 547.59, 305.0824, 191.6545, 439.8236, 737.265, 140.8971, 1608.529, 487.9432, 338.9586, 22.1341, 971.9758, 337.5966, 2155.139, 333.2982, 1417.41
67.59999999999999, 355.705, 67.27055, 9.319955, 136.3822, 669.6212, 340.9885, 179.234, 414.328, 819.7387, 132.9938, 1617.258, 460.0803, 323.1166, 20.72626, 1036.658, 318.5535, 2253.075, 314.7114, 1460.036
67.7, 333.9659, 63.26447, 8.841043, 158.6256, 632.7144, 312.4545, 167.6184, 390.3104, 767.1474, 125.5337, 1602.726, 433.8084, 308.015, 19.40796, 1048.74, 300.5846, 2259.327, 297.1611, 1486.313
67.8, 313.5553, 59.49696, 8.386741, 151.3213, 597.4247, 378.7266, 156.7556, 367.6849, 760.3252, 118.4922, 1523.289, 409.0368, 293.6192, 18.17351, 991.9531, 283.6293, 2181.245, 280.5895, 1559.565
67.90000000000001, 294.3921, 55.95381, 7.955782, 144.3534, 564.1034, 409.332, 146.5968, 346.3711, 711.5457, 111.8456, 1447.789, 385.6797, 279.8962, 17.01758, 938.2408, 267.6304, 2096.709, 264.9421, 1480.134
68, 276.4001, 52.62166, 7.546969, 137.7063, 537.7119, 375.079, 137.0963, 344.9309, 665.8956, 105.5719, 1485.109, 363.6563, 266.8146, 15.93517, 887.437, 252.534, 1964.576, 250.1673, 1492.906
68.09999999999999, 259.5077, 49.48795, 7.159163, 148.9978, 610.4008, 343.6923, 128.2115, 486.1059, 623.1743, 99.65002, 1411.501, 342.8905, 254.3444, 14.92161, 839.3841, 238.2891, 1981.733, 236.2164, 1481.975
68.2, 243.6477, 64.18575, 6.791285, 223.4539, 576.3558, 605.7064, 209.1393, 457.9274, 583.1938, 94.06035, 1341.541, 323.3105, 242.4571, 13.97252, 827.1165, 224.8478, 1908.151, 223.0435, 1406.495
68.3, 228.757, 60.36338, 6.44231, 213.1644, 585.5718, 710.6301, 195.5856, 431.3824, 545.7784, 88.78423, 1412.115, 304.8486, 231.1253, 13.0838, 782.3298, 212.1646, 1787.901, 210.6052, 1334.86
68.40000000000001, 214.7763, 56.76863, 6.111268, 203.3487, 552.9116, 651.1643, 182.9103, 406.3761, 510.7633, 83.80405, 1342.125, 287.4409, 388.8781, 12.2516, 739.9683, 200.1969, 1827.989, 198.8605, 1266.874
68.5, 201.6501, 89.82613, 5.797236, 193.9851, 522.073, 596.6747, 171.0565, 382.8194, 477.9947, 79.10323, 1275.604, 271.0273, 370.703, 11.47233, 699.9005, 188.9042, 1712.791, 187.7708, 1202.35
68.59999999999999, 189.3261, 100.8754, 5.499342, 185.0526, 492.9544, 546.7448, 159.9709, 360.6282, 506.5105, 74.6661, 1212.38, 255.5509, 353.3773, 10.74263, 743.5315, 178.2486, 1660.397, 177.2996, 1141.112
68.7, 177.7553, 94.8681, 5.216755, 236.8119, 465.4599, 500.993, 149.6037, 339.7234, 549.7029, 70.47786, 1209.039, 240.9582, 336.8615, 10.05935, 703.2708, 168.194, 1642.318, 167.4122, 1223.861
68.8, 166.8917, 89.21853, 4.948689, 225.9073, 544.599, 600.2956, 206.1799, 362.4905, 600.3173, 66.52454, 1411.945, 227.1989, 521.5852, 100.1486, 685.4906, 158.7065, 1641.564, 158.0763, 1161.528
68.90000000000001, 156.692, 83.90541, 4.694397, 256.3928, 514.224, 550.0627, 294.0041, 568.7739, 822.307, 62.79298, 1387.185, 214.2252, 497.2077, 271.8738, 648.3727, 149.7543, 1538.114, 149.261, 1382.118
69, 147.1156, 78.90869, 27.60881, 244.5865, 511.9973, 701.8658, 274.9506, 637.6301, 769.551, 121.2905, 1318.43, 201.9923, 856.0786, 420.2521, 613.2646, 141.307, 1557.342, 140.9373, 1462.192
69.09999999999999, 138.1245, 117.5963, 26.19011, 358.7206, 588.2865, 1019.536, 257.132, 703.7427, 860.8269, 114.4869, 1321.367, 190.458, 1050.486, 393.5219, 606.1498, 340.9907, 1608.998, 133.0777, 1589.218
69.2, 155.4296, 110.5932, 118.3549, 342.2024, 555.4749, 982.9595, 240.468, 662.9483, 805.5995, 213.5575, 1337.497, 310.8208, 1313.638, 588.8496, 573.328, 539.051, 1677.727, 125.6565, 1508.277
69.3, 145.9304, 104.0072, 127.0965, 326.4449, 616.9088, 929.8392, 246.8966, 624.5187, 867.8814, 385.5415, 1478.155, 350.8852, 1759.578, 551.3957, 542.2834, 746.2173, 1684.332, 118.6491, 1511.581
69.40000000000001, 137.0117, 97.81337, 120.5656, 311.413, 622.0008, 900.387, 230.896, 588.3167, 812.2015, 614.8356, 1531.364, 330.8487, 1677.34, 516.324, 831.6443, 805.1237, 1680.512, 112.0325, 1713.132
69.5, 128.6382, 135.9071, 185.382, 297.0732, 668.3466, 825.0423, 215.9324, 641.4935, 760.0938, 840.17, 1455.464, 311.9564, 1598.945, 628.6799, 1041.539, 759.7085, 1602.476, 105.7848, 1656.363
69.59999999999999, 132.3601, 212.0192, 226.3906, 346.4343, 631.0696, 994.2891, 264.6217, 604.3076, 711.329, 818.785, 1383.325, 294.1428, 1836.249, 588.6926, 991.7446, 935.9391, 1732.635, 99.88562, 1778.474
69.7, 124.2708, 199.3931, 214.7574, 330.4819, 595.8717, 990.2606, 247.4724, 622.6147, 665.6929, 772.8569, 1374.789, 277.3464, 1981.755, 587.6323, 938.0436, 1031.971, 1714.478, 94.31538, 1749.48
69.8, 116.6759, 187.5189, 246.0327, 315.2641, 562.637, 1213.029, 316.5382, 586.5231, 622.9846, 791.9918, 1306.649, 261.5092, 2039.528, 550.2558, 975.656, 973.7599, 1606.433, 89.05576, 1660.376
69.90000000000001, 109.5451, 263.9203, 368.9986, 470.2969, 590.5988, 1318.097, 479.5968, 898.3808, 583.0162, 747.5667, 1270.275, 246.5763, 1944.206, 515.2567, 922.8262, 918.8323, 1578.165, 84.08946, 1637.69
70, 102.8502, 404.9847, 350.0373, 448.6409, 557.6582, 1207.798, 647.8043, 1793.674, 649.2862, 705.6334, 1308.047, 232.4961, 1853.339, 751.4166, 940.4131, 867.003, 1565.129, 79.40011, 1751.483
70.09999999999999, 96.56445, 380.8671, 332.0504, 427.9822, 526.5549, 1106.729, 701.2351, 2249.421, 607.6305, 666.0524, 1243.215, 219.2199, 1766.719, 723.4519, 889.4916, 818.0973, 1509.442, 74.97227, 1662.277
70.2, 90.66283, 400.2153, 314.9878, 408.2747, 497.1863, 1014.118, 655.7903, 2427.886, 596.4736, 628.6915, 1181.596, 206.7019, 1684.147, 677.4366, 841.3275, 771.9503, 1465.697, 70.79134, 1635.791
70.3, 85.12191, 376.3818, 298.802, 389.4747, 469.4558, 929.2559, 614.8863, 2360.36, 558.2062, 593.4263, 1179.356, 237.0833, 1605.434, 638.7545, 926.1615, 728.4062, 1373.33, 66.84357, 1593.206
70.40000000000001, 79.91962, 353.9676, 283.4478, 481.3837, 443.2719, 880.9539, 616.8394, 2223.535, 630.5926, 560.1393, 1120.903, 292.8889, 1530.401, 642.2241, 876.0117, 687.3185, 1343.069, 63.11596, 1512.061
70.5, 75.03528, 332.8882, 268.8827, 459.2173, 418.5485, 807.2354, 576.864, 2094.642, 590.1362, 528.7194, 1065.346, 276.1642, 1653.297, 679.4489, 985.0608, 648.5484, 1393.076, 59.59622, 1685.738
70.59999999999999, 70.44944, 313.0641, 278.8188, 438.0715, 395.2039, 793.2442, 574.591, 2055.649, 552.2753, 499.062, 1097.755, 319.4605, 1596.423, 636.2324, 931.7217, 611.9653, 1733.053, 56.27277, 1736.728
70.7, 66.14387, 294.4206, 264.4916, 417.8994, 373.1615, 726.8652, 537.3536, 2023.814, 516.8434, 471.0681, 1043.346, 340.4437, 1716.92, 595.7647, 1027.883, 577.4457, 2021.86, 53.13465, 1681.3
70.8, 62.10144, 276.8873, 250.9005, 398.6563, 352.3484, 724.0861, 502.5294, 1938.062, 483.6847, 444.6445, 991.6332, 321.0034, 1636.676, 579.3605, 972.2254, 544.8733, 1894.445, 50.17153, 1700.081
70.90000000000001, 58.30606, 260.3982, 243.1877, 522.8868, 332.6962, 663.4943, 469.9621, 1825.717, 452.6533, 419.7031, 942.484, 302.6732, 1560.182, 542.5102, 1113.193, 514.1382, 1775.059, 47.37365, 1613.493
71, 54.74264, 244.891, 230.6913, 498.8093, 314.1401, 607.9729, 528.4231, 1719.884, 423.6128, 396.1607, 895.7708, 285.3898, 1659.497, 508.0037, 1055.233, 485.1369, 1663.196, 44.7318, 1783.374
71.09999999999999, 80.16376, 230.3073, 218.8371, 475.8404, 296.619, 557.0975, 494.1777, 1620.186, 396.4355, 373.9388, 851.3729, 269.0932, 1616.126, 475.692, 998.0947, 457.7714, 1558.383, 42.23728, 1751.28
71.2, 75.2645, 216.5921, 207.592, 475.5728, 280.075, 510.4794, 462.1516, 1526.268, 371.0017, 352.9635, 842.4604, 253.7273, 1540.592, 445.4356, 944.0499, 431.9495, 1460.175, 39.88186, 1662.085
71.3, 70.66465, 203.6936, 196.9248, 453.6739, 264.4539, 467.7623, 432.201, 1462.397, 347.1996, 333.1647, 851.0881, 239.2387, 1606.695, 417.1036, 892.9315, 407.5842, 1368.157, 37.6578, 1577.432
71.40000000000001, 66.34592, 191.5633, 186.8056, 432.7834, 249.704, 428.6198, 404.1914, 1424.676, 324.9246, 354.2652, 823.1873, 332.4953, 1531.602, 390.5736, 844.5811, 505.7433, 1281.937, 35.55777, 1497.091
71.5, 62.29115, 180.1554, 232.2607, 412.8549, 235.7768, 439.3302, 449.5405, 1342.091, 304.0787, 334.3934, 844.295, 393.9299, 1460.019, 365.7311, 890.9077, 595.6536, 1327.473, 33.57485, 1545.106
71.59999999999999, 99.83677, 225.0535, 220.3258, 427.753, 222.6263, 444.4322, 420.4072, 1264.293, 284.5702, 315.6363, 802.4484, 435.534, 1570.635, 342.4688, 842.6669, 749.6085, 1243.817, 204.9848, 1669.617
71.7, 93.73517, 211.6512, 209.0043, 548.4763, 210.2094, 407.242, 420.9567, 1191.005, 266.3133, 297.9313, 762.6758, 410.6638, 1520.334, 320.686, 797.0382, 967.284, 1202.708, 208.6432, 1637.447
71.8, 88.00648, 199.047, 278.7136, 523.2204, 198.485, 373.1638, 506.0144, 1376.24, 249.2276, 281.2194, 849.2632, 401.9824, 1608.031, 300.2887, 753.8802, 1117.973, 1185.358, 417.1997, 1796.254
71.90000000000001, 82.6279, 190.5022, 335.2515, 499.1275, 187.4145, 341.9373, 473.2212, 1296.462, 233.2381, 265.445, 965.5199, 539.9479, 1797.495, 281.1888, 822.3459, 1337.18, 1110.658, 422.9995, 1813.371
72, 77.57803, 179.1575, 373.4565, 577.6464, 176.9615, 313.3239, 442.5532, 1303.099, 218.2745, 250.5554, 935.1597, 509.1154, 2057.464, 263.3037, 777.8176, 1399.773, 1040.666, 502.132, 1721.013
72.09999999999999, 72.83679, 168.4883, 354.2662, 551.0472, 167.0914, 287.1049, 435.8185, 1277.537, 204.2708, 236.501, 1041.774, 488.8275, 1961.303, 246.5562, 735.7003, 1471.616, 975.0839, 474.1299, 1633.359
72.2, 68.38531, 158.4545, 451.1387, 638.1494, 157.7719, 263.0798, 429.2296, 1276.546, 191.1656, 223.2349, 990.1392, 529.2715, 2033.565, 230.874, 695.8636, 1388.605, 976.7101, 542.3152, 1692.652
72.3, 64.20589, 149.0183, 427.9566, 668.3984, 148.9722, 241.0652, 633.0698, 1537.821, 178.9011, 210.713, 1029.904, 499.0487, 1938.521, 236.3057, 658.184, 1484.717, 915.1588, 512.0723, 1703.677
72.40000000000001, 60.2819, 140.144, 405.9658, 881.887, 157.1751, 220.8928, 592.0425, 1811.238, 293.7328, 198.8935, 978.8577, 470.5516, 1847.92, 368.4487, 622.5447, 1400.968, 857.4864, 483.516, 1761.537
72.5, 56.59773, 131.7982, 385.105, 893.9988, 181.2787, 379.4426, 553.6741, 1724.491, 274.888, 187.737, 1058.424, 654.509, 1761.553, 433.842, 588.8351, 1444.605, 913.2267, 456.5521, 1768.283
72.59999999999999, 53.13872, 165.4574, 370.6321, 852.8325, 347.9962, 477.3473, 517.7923, 1828.82, 513.185, 177.2063, 1005.964, 617.1348, 1853.457, 406.2474, 556.9509, 1363.118, 1193.442, 494.5348, 1768.4
72.7, 49.89111, 155.6041, 351.5869, 914.5109, 328.5868, 507.7652, 484.2358, 1722.807, 660.9412, 487.5432, 1008.526, 581.8947, 1766.832, 637.4382, 766.7814, 1286.228, 1207.942, 685.9482, 1811.695
72.8, 105.6666, 146.3376, 344.417, 872.4, 310.2599, 473.6311, 452.8541, 1793.917, 652.9346, 528.3196, 1042.255, 548.6669, 1846.284, 810.6754, 844.0496, 1343.528, 1194.313, 647.6954, 1719.422
72.90000000000001, 99.2087, 162.7436, 378.4901, 925.17, 337.1988, 480.8232, 423.506, 2132.491, 866.1122, 498.6846, 1014.243, 517.3365, 1915.861, 774.3522, 846.6831, 1362.906, 1119.049, 611.5759, 1777.791
73, 93.14548, 153.052, 569.3249, 882.5684, 318.3915, 440.5877, 562.7891, 2665.131, 1232.738, 470.7119, 1121.09, 487.7952, 1826.319, 924.6553, 800.8369, 1286.028, 1048.527, 577.4706, 2169.216
73.09999999999999, 87.45283, 230.948, 548.1446, 841.9284, 342.2212, 527.9513, 526.3165, 2979.982, 1264.497, 444.3082, 1065.524, 459.9407, 1838.015, 907.6538, 827.4969, 1358.658, 1079.055, 721.8751, 2058.735
73.2, 82.10809, 272.0381, 519.9778, 803.1598, 327.3163, 483.7722, 632.2083, 3163.019, 1714.872, 419.3857, 1054.049, 433.6768, 1844.664, 856.5208, 1068.153, 1303.04, 1011.054, 681.6188, 1953.88
73.3, 77.08999, 255.8377, 493.2585, 766.1764, 426.3542, 443.2899, 591.2369, 3123.095, 2164.898, 395.8611, 1170.105, 408.9127, 1758.45, 968.2723, 1010.315, 1249.588, 947.3384, 688.1514, 2211.592
73.40000000000001, 72.37858, 240.6021, 467.912, 730.896, 402.5743, 406.1953, 645.7545, 3103.427, 2124.345, 373.656, 1121.589, 385.5627, 1842.794, 906.6852, 1046.937, 1179.101, 887.638, 741.6265, 2098.952
73.5, 67.95511, 415.2411, 443.8681, 697.2402, 636.106, 372.2047, 712.9535, 3580.249, 2114.693, 352.6966, 1176.651, 363.546, 1756.667, 849.0153, 1069.28, 1229.968, 1006.101, 700.2688, 2401.593
73.59999999999999, 63.80198, 390.5128, 421.0596, 665.1341, 600.6272, 341.0585, 718.4881, 3470.303, 1979.022, 332.9128, 1289.703, 342.7865, 1785.006, 795.0135, 1114.799, 1412.678, 1098.983, 661.2175, 2326.841
73.7, 59.90268, 382.7647, 399.4232, 634.5064, 567.1273, 385.6445, 671.9252, 3385.218, 1852.056, 314.2387, 1225.78, 323.2125, 1735.588, 744.4465, 1054.435, 1332.992, 1414.975, 624.3439, 2429.319
73.8, 56.24168, 359.9704, 378.8986, 605.2891, 536.1321, 451.7988, 737.0455, 3188.984, 1733.235, 296.6121, 1165.026, 304.7562, 1654.471, 697.0959, 1070.999, 1257.801, 1325.805, 589.5266, 2305.59
73.90000000000001, 52.80443, 338.5335, 359.4286, 577.4171, 548.9206, 413.9921, 689.28, 3069.798, 1622.037, 279.9742, 1107.282, 287.3538, 1577.146, 652.757, 1168.486, 1186.851, 1242.254, 654.493, 2188.163
74, 49.57725, 318.3732, 340.9592, 550.8285, 518.3046, 379.3491, 657.8368, 2891.849, 1517.974, 264.2697, 1052.401, 270.9451, 1503.434, 730.96, 1105.215, 1119.903, 1272.967, 645.943, 2189.182
74.09999999999999, 46.5473, 299.4135, 323.4388, 525.4643, 585.9035, 347.6051, 615.2045, 2724.215, 1420.586, 249.446, 1000.24, 255.4734, 1531.29, 750.425, 1045.37, 1056.732, 1272.987, 671.6268, 2077.684
74.2, 43.70253, 281.5829, 306.8186, 501.268, 553.2248, 318.5174, 575.335, 2593.135, 1329.447, 235.4538, 950.6641, 240.8851, 1486.258, 702.6941, 988.7651, 997.1242, 1192.764, 718.8478, 2041.073
74.3, 41.03161, 264.8141, 291.0526, 528.6421, 522.3687, 291.8637, 538.0494, 2442.817, 1244.155, 222.2465, 903.5455, 227.1299, 1526.177, 657.9991, 935.2255, 940.8787, 1117.597, 678.7604, 1937.118
74.40000000000001, 38.52393, 249.044, 276.0966, 504.2995, 497.9032, 320.4144, 503.1801, 2301.212, 1164.334, 209.78, 858.7622, 214.1602, 1467.857, 616.1469, 884.585, 887.8058, 1106.29, 640.9085, 1838.457
74.5, 36.16951, 234.213, 261.9092, 481.0778, 470.1327, 319.5214, 470.5706, 2237.36, 1089.635, 198.0129, 816.1985, 201.9311, 1459.376, 576.9568, 878.0336, 837.7267, 1106.599, 605.1675, 1816.308
74.59999999999999, 33.95899, 220.2652, 248.4508, 458.9254, 469.2114, 308.561, 440.0744, 2107.665, 1019.728, 186.9057, 775.7445, 190.4002, 1485.001, 540.2593, 830.4899, 790.4724, 1076.428, 608.6, 1723.801
74.7, 31.88356, 207.148, 235.684, 536.963, 443.0412, 282.7405, 411.5546, 2091.235, 954.3066, 176.4216, 737.2955, 179.5279, 1415.596, 568.3394, 785.5206, 745.8837, 1008.592, 574.6607, 1636.005
74.8, 29.93497, 194.812, 223.5733, 677.0305, 482.3799, 299.3705, 384.8831, 2130.131, 893.0819, 166.5256, 700.7523, 169.2763, 1532.956, 532.1901, 742.9862, 703.8101, 1037.536, 580.0627, 1552.68
74.90000000000001, 28.10547, 183.2106, 219.2099, 658.043, 455.4752, 274.3191, 359.94, 2020.977, 894.2988, 157.1847, 666.0202, 159.6102, 1569.371, 612.0926, 702.755, 758.8314, 1125.115, 547.7148, 1473.6
75, 26.38779, 230.4259, 296.5737, 853.9074, 628.1185, 551.4203, 676.9459, 2701.452, 836.924, 148.3678, 783.2039, 150.496, 1666.075, 855.3365, 664.7023, 1052.471, 1054.212, 674.2818, 1398.547
75.09999999999999, 24.77508, 246.9081, 312.0663, 814.5872, 593.0853, 674.3951, 828.4639, 2960.477, 894.2171, 140.0454, 925.9681, 141.9023, 1907.952, 800.9327, 717.0267, 1193.984, 1128.01, 755.3918, 1466.332
75.2, 23.26093, 232.2043, 315.6021, 943.5142, 661.4332, 617.9615, 774.7737, 3028.145, 836.8475, 132.1898, 894.0195, 133.7993, 1818.779, 808.6855, 796.9653, 1126.634, 1056.924, 817.9641, 1469.944
75.3, 21.83932, 497.6454, 299.3847, 900.0678, 1004.042, 566.2502, 724.5631, 3064.75, 1041.73, 124.7749, 984.3786, 126.159, 1762.127, 873.8318, 753.8112, 1063.083, 990.3179, 772.3493, 1497.133
75.40000000000001, 20.50459, 468.0097, 284.0007, 858.622, 991.3777, 518.8662, 677.6065, 3071.978, 1321.567, 117.7759, 935.5889, 118.9549, 1679.77, 892.396, 712.9939, 1003.117, 927.909, 729.2783, 1509.598
75.5, 19.25144, 497.7648, 269.4071, 891.9799, 936.0837, 475.4473, 679.9115, 2950.439, 1587.503, 111.1695, 920.8148, 216.9146, 1601.262, 835.635, 674.3867, 946.5333, 869.433, 688.6092, 1432.711
75.59999999999999, 18.07487, 552.0322, 255.5634, 903.5311, 883.8737, 435.6617, 635.8486, 2818.018, 1686.03, 104.9337, 938.6479, 257.4742, 1526.423, 795.8387, 637.8701, 977.9897, 960.3699, 815.321, 1597.125
75.7, 16.97021, 543.8185, 242.4312, 1091.347, 834.5757, 399.2054, 637.9952, 2861.033, 1577.861, 99.04763, 967.3436, 242.7717, 1658.739, 859.0041, 603.3307, 997.1235, 899.8483, 1086.92, 1609.834
75.8, 15.93307, 511.4332, 229.9737, 1069.596, 788.0273, 365.7998, 596.6487, 2715.879, 1613.403, 93.49175, 1111.376, 254.429, 1801.895, 967.6848, 570.6616, 1076.038, 953.5663, 1104.322, 1527.843
75.90000000000001, 14.95931, 500.7649, 218.1563, 1383.758, 744.0751, 335.1895, 562.2349, 2558.445, 1509.893, 88.24752, 1126.848, 239.9004, 1796.026, 932.6912, 539.7614, 1015.341, 893.4734, 1189.428, 1450.027
76, 14.04506, 470.9435, 206.9462, 1380.313, 702.5744, 326.6487, 554.9818, 2517.516, 1413.024, 83.29745, 1164.606, 267.2182, 1761.259, 873.3672, 510.5344, 1061.512, 902.2802, 1213.983, 1376.175
76.09999999999999, 13.18668, 532.2435, 196.3122, 1316.753, 663.3884, 299.3146, 564.9654, 2439.877, 1415.454, 78.62505, 1106.883, 251.9593, 1678.943, 1129.373, 482.89, 1001.635, 845.4194, 1266.172, 1306.084
76.2, 12.38077, 500.5474, 186.2245, 1353.274, 626.3879, 331.3448, 605.53, 2445.137, 1324.644, 74.21474, 1052.022, 237.5717, 1782.761, 1390.604, 499.21, 945.1349, 792.1418, 1320.122, 1239.563
76.3, 11.62411, 470.7389, 176.6553, 1290.959, 591.4512, 303.6178, 566.2875, 2303.398, 1239.66, 70.05181, 999.8794, 224.0057, 1764.18, 1302.155, 472.1788, 891.822, 742.2218, 1246.504, 1176.43
76.40000000000001, 10.91369, 442.7056, 167.5777, 1231.514, 558.463, 278.211, 544.9556, 2169.875, 1270.432, 66.1224, 950.3214, 211.2144, 1681.727, 1301.274, 446.6113, 841.5163, 695.4477, 1176.991, 1320.37
76.5, 10.24669, 416.3417, 158.9666, 1174.806, 527.3148, 254.9302, 606.0089, 2105.066, 1241.336, 62.41339, 985.6559, 199.1535, 1603.128, 1329.195, 492.3902, 794.0483, 754.1396, 1111.354, 1253.121
76.59999999999999, 9.620461, 391.5478, 150.798, 1120.709, 497.9038, 244.0891, 566.7354, 2060.901, 1161.697, 58.91244, 1039.63, 187.7813, 1575.073, 1244.652, 465.7282, 904.9476, 805.6101, 1049.378, 1189.298
76.7, 9.032499, 368.2304, 143.0492, 1160.39, 470.1333, 223.6637, 644.0577, 2004.289, 1087.167, 55.60787, 1006.52, 177.0584, 1623.036, 1274.003, 440.51, 853.9015, 857.1432, 1040.565, 1175.737
76.8, 8.480472, 377.7263, 135.6985, 1257.512, 443.9116, 292.6982, 602.3184, 2011.941, 1202.54, 52.48866, 1048.139, 166.9479, 1777.682, 1236.856, 416.6573, 805.7348, 830.0459, 1015.693, 1115.855
76.90000000000001, 7.962181, 358.8961, 128.7255, 1199.607, 419.1525, 268.2051, 563.2841, 2030.847, 1304.994, 49.54441, 1089.635, 198.0796, 1720.765, 1328.227, 394.0962, 760.2851, 777.7372, 959.0515, 1407.38
77, 7.475566, 363.0597, 122.1109, 1144.368, 395.7743, 373.5443, 526.7794, 1913.123, 1221.27, 46.76532, 1035.628, 186.7687, 1640.341, 1243.745, 372.7567, 764.6141, 798.1558, 905.5688, 1335.7
77.09999999999999, 7.018692, 368.8645, 115.8361, 1130.773, 373.7, 342.286, 492.6405, 1830.806, 1142.918, 44.14211, 1078.699, 176.1037, 1563.676, 1254.682, 352.5726, 864.1252, 747.8568, 855.0687, 1267.671
77.2, 6.589739, 366.0292, 109.8838, 1367.288, 352.8569, 313.6434, 460.7141, 1724.678, 1069.593, 147.7548, 1149.858, 166.0477, 1700.847, 1187.743, 333.4815, 895.8299, 700.7275, 870.3805, 1333.483
77.3, 6.187002, 370.075, 104.2374, 1411.452, 333.1764, 300.3853, 537.1314, 1624.703, 1000.972, 139.4668, 1149.834, 156.5659, 1811.133, 1142.344, 315.4242, 1071.753, 656.5684, 901.227, 1336.217
77.40000000000001, 5.808879, 348.0363, 98.88107, 1416.388, 314.5935, 275.249, 502.3216, 1569.194, 1042.638, 131.6437, 1181.384, 188.7825, 1726.485, 1140.702, 298.3446, 1105.58, 615.1921, 850.9689, 1268.161
77.5, 5.453865, 327.3102, 93.8, 1351.167, 297.0471, 274.9384, 591.1606, 1768.307, 1192.799, 124.2594, 1122.83, 348.1904, 1645.794, 1213.407, 282.1898, 1097.494, 576.4233, 803.5136, 1378.622
77.59999999999999, 5.120548, 451.2324, 153.891, 1383.675, 330.3885, 296.0181, 552.8494, 1866.35, 1348.964, 312.0993, 1083.219, 328.3078, 1568.874, 1301.232, 266.9099, 1052.621, 646.5439, 857.939, 1308.407
77.7, 4.807602, 424.3607, 145.9832, 1360.056, 324.438, 349.0876, 517.021, 1908.335, 1532.1, 294.5927, 1325.96, 309.5605, 1495.549, 1235.812, 271.6145, 1064.471, 731.9353, 1049.542, 1541.757
77.8, 4.513782, 448.669, 184.5509, 1297.429, 306.3425, 417.3849, 546.1073, 1877.825, 1725.414, 278.0681, 1260.241, 291.8838, 1490.128, 1157.208, 288.7792, 1239.665, 685.8094, 991.0135, 1590.797
77.90000000000001, 4.237918, 421.95, 352.3287, 1309.606, 289.2562, 382.458, 510.7158, 1808.538, 1934.783, 311.7797, 1268.918, 500.9269, 1551.802, 1344.692, 273.1424, 1169.738, 642.5904, 969.4452, 1766.357
78, 3.978915, 396.8221, 404.8831, 1249.302, 382.9987, 472.6662, 477.618, 1852.418, 2236.37, 294.291, 1264.476, 560.0217, 1544.215, 1259.163, 258.3523, 1299.702, 793.6597, 1469.16, 1966.869
78.09999999999999, 3.73574, 373.1906, 709.5127, 1216.765, 361.637, 433.1134, 446.665, 1812.352, 2540.129, 277.7834, 1298.511, 564.3124, 1472.043, 1263.116, 244.363, 1327.625, 918.249, 1830.451, 1902.093
78.2, 3.507428, 350.9665, 691.5943, 1160.736, 341.4667, 396.8703, 545.8755, 1707.294, 2747.503, 262.2017, 1338.64, 653.3835, 1480.846, 1256.018, 231.1313, 1408.851, 860.3818, 2200.526, 1885.966
78.3, 3.293069, 330.0658, 656.0563, 1107.287, 339.0697, 363.6601, 510.4991, 1608.326, 2782.204, 247.494, 1343.335, 616.0735, 1534.632, 1176.129, 218.616, 1329.38, 806.1613, 2200.587, 1789.91
78.40000000000001, 3.09181, 310.4098, 911.3235, 1056.3, 320.1581, 333.2289, 509.9891, 1536.568, 2603.708, 233.6113, 1276.754, 580.894, 1462.907, 1101.321, 206.7784, 1254.393, 755.3578, 2102.312, 1853.988
78.5, 2.902852, 291.9243, 915.8147, 1007.66, 302.3013, 305.3442, 543.4992, 1468.313, 2436.665, 220.5074, 1213.473, 547.7234, 1394.535, 1031.271, 195.5817, 1183.636, 707.7559, 2041.579, 1785.192
78.59999999999999, 2.725442, 274.5397, 868.7549, 961.2598, 285.4405, 279.7929, 508.2768, 1383.198, 2280.337, 268.1237, 1195.511, 687.1231, 1329.358, 969.6199, 184.9914, 1116.87, 663.1537, 1927.728, 1694.269
78.7, 2.558875, 258.1904, 933.4946, 916.9963, 269.5201, 256.3797, 475.337, 1303.018, 2134.04, 253.0839, 1159.2, 753.3975, 1356.069, 909.4489, 279.3806, 1053.869, 621.3624, 2033.645, 1854.367
78.8, 2.402487, 242.8147, 885.5264, 874.771, 254.4876, 234.9258, 444.5319, 1227.484, 1997.128, 238.8877, 1101.746, 710.3764, 1292.69, 851.6032, 264.2527, 994.423, 582.2048, 1920.236, 1759.922
78.90000000000001, 2.255657, 228.3546, 840.023, 834.4901, 240.2936, 215.4046, 415.7232, 1156.33, 1869, 225.4877, 1047.139, 698.867, 1433.457, 797.4368, 300.5895, 938.3298, 545.5148, 1813.152, 1670.286
79, 2.117801, 214.7557, 817.629, 933.7994, 226.8912, 301.1726, 388.7815, 1176.28, 1749.092, 212.8395, 1047.89, 665.377, 1366.461, 755.2579, 284.3132, 885.4008, 511.137, 1712.039, 1585.215
79.09999999999999, 1.98837, 201.9666, 861.066, 941.7664, 214.2364, 275.9704, 496.8815, 1108.094, 1636.877, 200.9007, 995.952, 642.1038, 1332.322, 707.2196, 326.1469, 835.4573, 478.9256, 1616.565, 1504.478
79.2, 1.866849, 189.9392, 816.8196, 1057.084, 378.2005, 252.8771, 493.2582, 1043.86, 1531.861, 229.7804, 991.0593, 605.4379, 1395.494, 683.5709, 491.2647, 788.331, 558.2191, 1645.585, 1601.648
79.3, 1.752756, 178.628, 1190.508, 1115.747, 495.6206, 436.0643, 486.4569, 1040.168, 1488.365, 296.6703, 1032.971, 747.3072, 1351.345, 640.0922, 669.738, 743.863, 523.0406, 1602.141, 1520.073
79.40000000000001, 1.645635, 167.9903, 1129.333, 1072.908, 467.9774, 475.5234, 454.9312, 1174.645, 1735.783, 346.1747, 981.7733, 704.6339, 1539.155, 794.1393, 633.4731, 855.5732, 595.9605, 1512.796, 1803.659
79.5, 1.54506, 157.9862, 1112.842, 1155.082, 441.876, 665.3417, 425.4485, 1106.553, 1624.422, 326.7568, 933.1127, 664.3974, 1467.219, 743.6279, 695.6725, 807.3123, 697.2786, 1428.433, 1711.795
79.59999999999999, 1.450633, 211.3534, 1100.59, 1220.237, 417.2304, 609.6656, 397.8766, 1143.276, 1638.216, 308.428, 886.864, 626.4585, 1498.658, 792.0615, 669.9667, 761.7736, 872.1205, 1481.9, 1668.255
79.7, 1.361976, 198.7669, 1044.036, 1164.048, 393.9594, 694.7737, 372.0914, 1160.2, 1690.055, 291.1273, 842.9075, 590.686, 1428.615, 741.6823, 633.6894, 1100.665, 862.3156, 1399.26, 1923.151
79.8, 1.278738, 186.93, 990.3875, 1110.447, 371.9863, 636.6348, 347.9774, 1092.946, 1746.945, 381.7456, 801.1297, 556.9562, 1361.845, 694.5074, 599.3764, 1038.579, 919.0392, 1321.229, 1825.202
79.90000000000001, 1.200587, 175.798, 965.789, 1194.673, 351.2388, 583.361, 325.4261, 1083.15, 1634.868, 360.3324, 761.4225, 525.1525, 1298.196, 650.3332, 614.8288, 979.9949, 1071.969, 1247.549, 1732.241
80, 1.127212, 165.3289, 916.1613, 1216.937, 331.6485, 534.5452, 304.3362, 1077.287, 1554.63, 340.1202, 723.6835, 495.1648, 1237.522, 608.9686, 581.537, 924.7156, 1004.414, 1177.978, 1644.016
80.09999999999999, 1.058322, 155.4833, 869.0838, 1227.462, 313.1508, 489.8142, 284.6132, 1014.839, 1488.566, 321.0419, 687.8149, 466.8896, 1179.683, 570.235, 550.048, 872.5544, 941.1172, 1112.286, 1560.283
80.2, 0.9936418, 146.224, 824.4254, 1170.94, 295.6848, 448.8264, 266.1683, 1085.42, 1393.065, 356.3131, 653.7241, 440.2289, 1124.548, 533.9651, 520.264, 823.3356, 881.8089, 1050.258, 1480.815
80.3, 0.9329146, 137.5161, 782.0617, 1200.009, 279.1931, 411.2685, 248.9188, 1203.476, 1379.855, 336.3265, 621.3229, 415.0906, 1071.99, 500.0022, 639.5927, 776.8931, 826.2382, 991.6895, 1405.395
80.40000000000001, 0.8758988, 129.3267, 741.8749, 1144.752, 263.6211, 376.8534, 232.7871, 1182.812, 1291.329, 317.4609, 590.5277, 391.3878, 1021.888, 468.1995, 604.9601, 733.0703, 774.1694, 936.3867, 1333.816
80.5, 0.8223676, 121.6251, 703.7532, 1092.039, 248.9176, 345.3182, 217.7009, 1114.247, 1208.482, 352.7817, 561.2589, 369.0385, 974.1274, 438.4196, 572.2028, 691.7195, 725.382, 967.1722, 1265.882
80.59999999999999, 0.772108, 114.3821, 667.5905, 1097.311, 235.0343, 316.4218, 203.5924, 1049.657, 1130.95, 332.9932, 646.4577, 347.9654, 928.5993, 410.5338, 623.8589, 652.7012, 679.6691, 913.2367, 1201.409
80.7, 0.72492, 107.5704, 633.2859, 1055.713, 221.9253, 289.9436, 190.3983, 1009.412, 1058.393, 314.3146, 614.4167, 328.0956, 885.1991, 384.4217, 614.2836, 615.8838, 636.837, 862.309, 1140.219
80.8, 0.680616, 101.1644, 600.7441, 1007.1, 209.5474, 265.681, 178.0591, 950.899, 990.4905, 296.6837, 583.9637, 309.3604, 913.2703, 359.9705, 581.0214, 581.1432, 596.7042, 838.9961, 1082.146
80.90000000000001, 0.6390197, 95.13991, 628.9917, 960.7261, 197.8599, 243.4487, 166.5197, 895.7775, 926.9444, 280.0419, 555.0202, 291.6951, 870.5865, 337.0745, 593.6482, 548.3622, 559.1005, 792.2084, 1027.031
81, 0.5999655, 89.47416, 596.6705, 952.4523, 186.8243, 223.0769, 155.7281, 858.3292, 867.4752, 264.3335, 559.0876, 275.0385, 829.8976, 315.6348, 605.8137, 517.4303, 655.5394, 768.2412, 974.7222
81.09999999999999, 0.5632982, 84.14581, 629.2028, 908.5944, 176.4042, 204.4097, 145.6358, 808.5738, 811.8214, 249.5062, 612.3307, 259.3331, 978.2108, 295.5588, 573.0101, 488.2432, 614.228, 786.7361, 925.078
81.2, 0.5288718, 79.13478, 596.8708, 974.9102, 166.5652, 187.3046, 136.1976, 761.7026, 759.738, 235.5107, 581.9811, 244.5244, 1056.924, 276.7597, 582.5761, 460.7025, 575.5199, 742.8629, 877.9623
81.3, 110.9258, 74.42216, 566.2003, 1027.702, 157.2751, 171.6309, 127.3711, 811.6916, 710.9961, 275.6164, 553.1359, 230.5614, 1033.793, 259.1563, 551.0308, 434.7153, 539.2512, 717.4404, 833.2462
81.40000000000001, 160.1956, 69.9902, 537.1057, 980.3789, 148.5031, 157.2688, 119.1166, 764.6396, 844.4854, 260.1562, 525.7203, 217.3957, 985.4763, 242.6727, 521.1936, 410.194, 505.2681, 677.4315, 790.8076
81.5, 150.4052, 65.82216, 547.4908, 935.235, 140.2203, 144.1085, 111.397, 912.7464, 790.3064, 245.5633, 499.6635, 204.9818, 996.5546, 227.2374, 492.972, 387.0559, 473.4265, 816.8244, 750.5305
81.59999999999999, 141.213, 61.90233, 519.3577, 892.1699, 132.3996, 132.0494, 104.1777, 867.9617, 912.8586, 231.7889, 474.8982, 193.2768, 1029.607, 212.7839, 466.2786, 365.223, 443.5916, 771.2732, 712.3047
81.7, 132.5827, 58.21594, 492.6701, 984.2717, 125.015, 120.9995, 97.42632, 817.6479, 854.2932, 218.7872, 451.3604, 182.2402, 1133.931, 199.2498, 441.0306, 344.6216, 519.5631, 798.006, 676.0259
81.8, 157.4669, 54.74908, 467.354, 938.9485, 118.0423, 110.8742, 91.11243, 770.2507, 799.485, 214.9926, 497.6815, 267.2245, 1080.934, 186.5764, 417.1497, 325.1822, 486.8207, 753.5042, 641.5948
81.90000000000001, 192.5761, 51.48867, 443.3387, 895.7124, 111.4585, 101.5962, 85.20772, 725.601, 748.1931, 202.933, 473.0144, 455.2357, 1030.414, 174.7092, 667.3686, 306.8394, 608.2281, 711.4841, 608.9173
82, 180.8067, 48.42243, 427.7721, 1132.945, 105.2419, 93.09461, 79.68568, 683.5395, 700.1919, 191.5499, 449.57, 469.6702, 1022.13, 163.5968, 691.938, 289.5313, 596.0078, 671.8074, 577.9042
82.09999999999999, 169.7565, 45.53879, 405.7907, 1080.776, 99.37202, 85.30442, 74.5215, 643.9162, 655.2703, 222.8053, 427.2875, 488.5545, 974.3585, 153.1912, 747.0052, 273.1995, 558.448, 634.3432, 548.4706
82.2, 201.3138, 42.82687, 400.2644, 1223.721, 93.82956, 78.16611, 69.692, 606.5898, 613.2307, 245.3622, 406.1095, 460.6567, 1156.137, 143.4474, 834.5983, 257.7889, 703.142, 598.9683, 520.5361
82.3, 200.3798, 40.27646, 533.1823, 1233.306, 88.59622, 71.62514, 65.17548, 571.4271, 573.8881, 282.0738, 442.6871, 434.352, 1102.102, 134.3234, 980.4923, 243.2476, 658.8307, 565.566, 494.0243
82.40000000000001, 188.1334, 37.87793, 505.7844, 1194.222, 83.65478, 65.63153, 60.95167, 562.1718, 619.7239, 372.1992, 420.7458, 409.5493, 1050.593, 125.7798, 1047.027, 229.5266, 617.3118, 534.0266, 468.8629
82.5, 176.6355, 35.62223, 479.7943, 1267.665, 78.98894, 60.13946, 57.00158, 529.584, 579.9648, 351.3214, 399.8919, 386.1629, 1026.179, 117.7795, 990.3326, 216.5795, 657.5354, 504.2459, 444.9829
82.59999999999999, 165.8403, 33.50086, 455.1398, 1217.143, 74.58334, 55.10697, 53.30749, 498.8852, 572.9947, 338.2574, 417.0451, 553.511, 1009.283, 110.2881, 985.5438, 204.3627, 699.1943, 476.126, 422.3192
82.7, 175.2019, 31.50582, 431.7521, 1291.67, 70.42345, 50.4956, 49.8528, 469.9659, 758.3833, 384.6093, 517.1902, 521.9041, 1143.848, 103.2732, 1032.427, 192.8351, 655.1318, 449.5742, 400.8098
82.8, 164.4943, 29.62959, 527.7836, 1232.192, 66.49559, 46.27011, 46.622, 442.723, 776.2054, 363.0354, 662.9187, 492.1019, 1090.388, 96.70451, 976.5236, 181.9577, 613.846, 424.5032, 380.3959
82.90000000000001, 154.4411, 27.8651, 500.6631, 1175.453, 62.7868, 42.39821, 43.60058, 417.0593, 726.407, 368.3919, 690.1796, 464.0015, 1092.361, 90.5536, 1037.664, 171.6939, 575.162, 400.8303, 361.0217
83, 145.0023, 26.20568, 474.9362, 1121.326, 59.28487, 38.85032, 40.77496, 392.8833, 777.3597, 347.7277, 655.9716, 437.5058, 1041.307, 84.79392, 1042.655, 162.009, 538.9159, 378.4775, 342.6343
83.09999999999999, 136.1404, 24.64509, 450.5313, 1117.021, 55.97826, 35.59931, 38.13247, 370.1088, 814.7502, 328.2226, 623.4591, 412.523, 1075.714, 79.40059, 986.1971, 152.8704, 698.8377, 357.3712, 325.1834
83.2, 127.8201, 23.17743, 427.3805, 1086.945, 52.85608, 32.62035, 35.66122, 348.6544, 803.1553, 309.8116, 592.558, 388.9668, 1025.438, 74.3503, 932.7966, 144.2474, 704.351, 404.6674, 308.6212
83.3, 120.0083, 21.79717, 563.5208, 1066.977, 49.90804, 29.89067, 33.35013, 484.2337, 773.4711, 369.6037, 563.1885, 366.7557, 1067.455, 69.62123, 951.1022, 136.1107, 755.105, 382.1006, 292.9026
83.40000000000001, 294.8037, 20.49911, 534.5639, 1017.845, 47.12442, 27.3894, 31.18882, 456.1637, 832.0654, 371.6528, 535.2747, 345.813, 1017.565, 65.19296, 919.1169, 128.433, 1043.451, 360.7923, 277.9846
83.5, 323.6675, 19.27835, 521.4573, 1133.196, 44.49606, 25.09745, 29.16757, 429.7209, 778.6833, 508.0839, 658.1476, 394.5512, 1037.945, 61.04635, 869.3486, 121.1884, 977.6935, 389.8191, 263.8264
83.59999999999999, 306.1991, 18.13029, 567.2704, 1081.015, 42.01429, 22.99729, 27.27731, 404.8109, 878.1487, 523.4661, 661.2529, 372.0213, 1027.293, 57.16349, 966.446, 459.1325, 954.9343, 368.0804, 250.3893
83.7, 323.4639, 17.0506, 665.8011, 1258.785, 39.67094, 21.07287, 25.50956, 381.3449, 917.087, 518.3902, 687.9177, 386.8044, 1236.698, 53.52759, 914.1149, 433.2339, 1045.179, 347.5539, 237.6366
83.8, 351.3098, 16.03521, 722.5387, 1200.821, 37.4583, 19.30948, 23.85636, 359.2392, 895.0918, 629.0975, 653.8218, 364.7168, 1222.578, 50.12296, 864.6175, 582.0493, 979.3124, 328.1721, 225.5334
83.90000000000001, 329.8392, 15.08028, 858.8409, 1145.526, 35.36907, 17.69366, 22.31031, 338.4149, 853.6208, 621.3248, 621.4158, 343.8905, 1291.728, 46.93488, 979.8795, 549.2172, 917.5971, 309.8712, 214.0466
84, 309.6809, 14.18223, 1085.091, 1157.962, 33.39636, 16.21305, 20.86445, 318.7978, 933.2633, 610.2589, 590.616, 324.2534, 1580.831, 43.94958, 932.7596, 518.2371, 859.771, 350.8574, 203.1448
84.09999999999999, 290.7545, 13.33765, 1033.893, 1216.938, 31.53368, 14.85633, 19.51229, 300.3177, 916.9726, 601.6517, 561.3428, 305.7377, 1506.947, 41.15416, 882.2526, 647.0192, 805.5891, 331.2914, 192.7983
84.2, 272.9848, 12.54337, 980.7662, 1160.901, 29.77489, 13.61315, 18.24776, 282.909, 1078.759, 567.9033, 533.5204, 329.3809, 1436.516, 38.53654, 834.4804, 610.5223, 754.8216, 312.8166, 182.9788
84.3, 258.6607, 11.79639, 930.3689, 1107.445, 28.1142, 12.474, 17.06518, 266.5094, 1071.785, 576.6673, 507.077, 310.5723, 1369.377, 130.4904, 789.295, 615.6185, 707.2535, 295.3719, 173.6594
84.40000000000001, 242.8524, 11.09389, 882.5613, 1056.45, 26.54613, 11.43017, 15.95924, 251.0604, 1003.023, 611.8271, 696.0255, 292.8378, 1305.376, 122.1905, 784.062, 580.8929, 662.683, 340.7639, 164.8146
84.5, 228.0103, 10.43323, 837.2103, 1091.142, 25.06553, 10.47369, 14.92497, 236.507, 938.6733, 577.5079, 661.5277, 276.116, 1529.106, 114.4186, 741.6066, 627.9694, 620.9214, 321.7608, 156.4204
84.59999999999999, 347.4498, 9.811914, 794.1898, 1072.416, 23.6675, 9.597248, 13.95773, 222.7972, 878.4517, 705.0704, 733.5299, 260.349, 1457.64, 107.141, 796.1652, 751.8875, 581.7915, 355.3436, 148.4536
84.7, 326.2151, 9.227597, 833.8411, 1122.276, 22.34744, 8.794147, 13.05318, 209.8822, 841.5411, 665.5209, 697.1733, 245.4824, 1451.453, 100.3262, 880.3936, 804.5477, 701.7664, 388.0141, 140.8926
84.8, 306.2782, 8.678078, 790.9937, 1102.781, 21.10102, 8.05825, 12.20724, 197.7158, 912.213, 628.1898, 770.3616, 419.4135, 1439.513, 93.94496, 897.5975, 759.165, 757.2256, 494.8567, 133.7167
84.90000000000001, 287.5598, 8.161283, 769.3373, 1052.001, 19.92411, 7.383934, 11.41613, 186.2546, 961.7654, 660.5541, 732.1794, 395.4638, 1420.25, 87.96957, 848.9944, 912.4612, 709.506, 467.2604, 126.9063
85, 329.9192, 7.675264, 729.8044, 1061.833, 18.81284, 6.766044, 10.67629, 175.4579, 900.0623, 659.48, 730.799, 372.8818, 1501.817, 82.37425, 803.0231, 860.9913, 754.218, 486.1398, 120.4428
85.09999999999999, 309.7559, 7.218188, 692.3029, 1012.939, 17.76356, 6.199859, 9.98439, 165.287, 955.0154, 622.4879, 880.7111, 351.5892, 1431.626, 77.13482, 759.5411, 922.6874, 706.6879, 537.914, 114.3084
85.2, 290.825, 6.788332, 691.0436, 966.2955, 16.7728, 5.681052, 9.337334, 155.7056, 893.7452, 587.5707, 837.0596, 331.5125, 1580.313, 72.22865, 718.4135, 925.16, 723.1986, 507.9166, 108.4865
85.3, 273.051, 6.384075, 655.5339, 921.8002, 15.8373, 5.20566, 8.732211, 146.6797, 836.4059, 554.6121, 833.6179, 445.9384, 1506.453, 67.63453, 679.5128, 872.9738, 776.7489, 590.6784, 102.9611
85.40000000000001, 314.3489, 6.003892, 621.8488, 879.3537, 14.95397, 4.770049, 8.166305, 173.2467, 782.7454, 523.5022, 792.3005, 420.4741, 1679.476, 63.33262, 696.0391, 865.5461, 727.799, 557.7385, 97.71714
85.5, 295.1373, 5.646349, 589.8947, 984.4326, 14.11992, 4.370889, 7.637073, 163.204, 786.745, 494.1374, 796.0233, 396.4639, 1683.186, 59.30434, 658.35, 1064.268, 681.9338, 526.6356, 92.74025
85.59999999999999, 277.0997, 5.310099, 559.5826, 939.102, 13.33238, 4.005132, 7.142138, 153.7434, 736.2704, 466.4197, 756.5693, 526.8378, 1683.562, 55.53228, 699.5612, 1047.201, 756.3211, 656.1362, 88.01684
85.7, 260.1646, 4.993873, 530.8281, 972.5204, 12.58877, 3.669981, 6.679279, 144.8312, 750.751, 440.2569, 719.0707, 496.7539, 1604.877, 52.00013, 661.6813, 1023.595, 708.6585, 677.1924, 83.534
85.8, 244.2644, 4.696479, 503.5511, 927.7384, 11.88663, 3.362876, 6.246416, 136.4357, 982.2399, 415.5616, 683.4308, 468.3879, 1529.87, 48.69265, 776.2732, 965.8564, 852.867, 672.3655, 79.27947
85.90000000000001, 229.336, 4.416796, 477.6758, 915.8902, 11.22365, 3.081469, 5.841606, 154.3744, 919.2231, 467.7144, 781.239, 441.6416, 1458.368, 45.59555, 734.2396, 911.3746, 799.1201, 657.4057, 75.24164
86, 215.32, 4.153768, 453.1301, 873.7158, 10.59765, 2.823611, 5.46303, 145.4257, 947.6873, 441.4789, 942.1451, 416.4227, 1451.059, 42.69543, 694.482, 921.5756, 748.7603, 620.7447, 71.40946
86.09999999999999, 202.1606, 3.906403, 525.5329, 833.4835, 10.00657, 2.58733, 5.108988, 136.9957, 924.686, 416.7151, 895.4487, 392.6438, 1383.24, 39.97978, 656.8772, 869.5916, 929.4598, 586.1281, 67.77246
86.2, 189.8054, 3.67377, 498.528, 795.1037, 9.448454, 2.370821, 4.777891, 129.0543, 865.3616, 393.3403, 851.0668, 370.2228, 1376.84, 37.43686, 621.3087, 820.5399, 870.8861, 553.442, 64.3207
86.3, 178.2053, 3.45499, 472.9109, 784.6714, 8.921467, 2.17243, 4.468251, 121.5733, 809.8433, 371.2766, 808.8845, 349.082, 1312.49, 35.05568, 587.6661, 774.2551, 929.9282, 579.8606, 61.04474
86.40000000000001, 246.2607, 3.24924, 448.61, 817.5884, 8.423873, 1.990641, 4.178678, 114.526, 757.8869, 350.4506, 768.793, 329.1485, 1251.148, 32.82595, 632.9406, 730.5811, 871.325, 547.524, 57.93563
86.5, 231.2103, 3.055742, 425.5579, 808.8869, 7.954032, 1.824063, 3.907871, 107.8872, 709.2638, 330.7928, 730.6886, 310.3532, 1192.672, 30.73805, 638.9732, 689.3706, 816.415, 516.9907, 54.98488
86.59999999999999, 217.0797, 2.873767, 403.6903, 805.6515, 7.510396, 1.671425, 3.654614, 101.6332, 663.7601, 312.2377, 694.4728, 292.6312, 1136.93, 28.78296, 617.0434, 748.9741, 764.9653, 488.16, 52.18441
86.7, 203.8128, 2.702629, 450.3582, 885.1296, 7.091505, 1.53156, 3.417771, 95.74174, 767.8025, 294.7233, 660.0519, 275.9211, 1083.793, 26.95221, 638.861, 706.7261, 716.7579, 460.9372, 49.52657
86.8, 191.3566, 2.541683, 543.4226, 955.3717, 6.695976, 1.403398, 3.196276, 183.0865, 718.5432, 278.1914, 627.3372, 260.1653, 1033.139, 25.23791, 604.268, 666.8613, 722.5887, 435.2325, 47.0041
86.90000000000001, 179.6617, 2.390321, 515.4985, 911.3793, 6.322509, 1.285961, 2.989135, 182.7448, 861.0819, 282.592, 596.2438, 309.5695, 984.8533, 23.63265, 571.5482, 629.2452, 745.2596, 410.9612, 44.61011
87, 168.6815, 2.247973, 508.8191, 869.4127, 5.969872, 1.178352, 2.795419, 172.1515, 805.8382, 384.2001, 566.6917, 291.8922, 938.8239, 22.12949, 540.6, 593.7509, 698.2941, 506.3412, 42.33804
87.09999999999999, 158.3724, 2.114102, 482.6731, 840.534, 5.636902, 1.079747, 2.614257, 162.1723, 754.1387, 362.6492, 538.6042, 275.2244, 1229.926, 20.72194, 511.3276, 560.2587, 710.6608, 478.1044, 40.1817
87.2, 240.7939, 1.988204, 457.8706, 801.8296, 5.322505, 0.9893933, 2.444835, 152.7715, 967.6878, 444.4326, 511.9088, 259.5083, 1308.44, 19.40391, 483.6402, 592.0829, 736.7641, 451.4424, 38.13518
87.3, 226.0776, 1.869803, 434.3426, 764.9074, 74.49877, 0.9066005, 2.286393, 177.8436, 931.2521, 419.5031, 486.5366, 278.0566, 1247.287, 18.16972, 457.4521, 827.0334, 805.6076, 536.1512, 36.19289
87.40000000000001, 212.2607, 1.758453, 412.0237, 729.6854, 70.34361, 0.8307359, 2.138219, 167.5344, 871.5065, 395.9719, 462.4219, 262.1788, 1405.89, 17.01403, 527.7002, 822.6786, 795.1743, 565.1986, 34.34953
87.5, 199.2882, 1.653734, 390.8516, 696.0853, 66.4202, 0.7612197, 1.999648, 157.8228, 891.1352, 373.7607, 439.5025, 247.2077, 1379.415, 15.93185, 499.1263, 805.8984, 745.0631, 533.6796, 32.60005
87.59999999999999, 187.1086, 1.555251, 370.7674, 749.8276, 62.71561, 0.6975206, 1.870057, 148.6741, 833.9634, 352.7953, 417.719, 251.2538, 1356.059, 14.9185, 472.0996, 866.9509, 741.1537, 503.9183, 30.93967
87.7, 258.7043, 1.462633, 374.4069, 715.3, 59.21766, 0.6391518, 1.748865, 140.0558, 843.6193, 333.006, 397.0152, 299.3427, 1318.85, 13.96961, 476.0157, 818.0482, 728.9069, 538.6064, 29.36387
87.8, 242.8934, 1.375531, 355.1677, 682.3623, 55.91479, 0.5856674, 1.635527, 131.9371, 789.4958, 314.3267, 377.3376, 282.2494, 1408.797, 13.08107, 450.2404, 841.7122, 774.4193, 508.5703, 27.86832
87.90000000000001, 228.0488, 1.293615, 336.9172, 752.2502, 52.79615, 0.5366585, 1.529533, 136.3371, 738.8448, 337.3686, 358.6352, 323.6572, 1365.065, 12.24905, 425.8608, 794.2332, 771.0778, 491.2357, 26.44894
88, 287.4504, 1.216578, 319.6045, 717.6111, 49.85145, 0.4917508, 1.430409, 128.434, 691.4434, 318.4446, 340.8598, 305.1754, 1366.069, 88.05046, 402.8013, 824.9409, 818.4074, 634.2361, 25.10185
88.09999999999999, 269.8827, 1.144129, 303.1814, 684.567, 47.07099, 19.08714, 1.337709, 120.9889, 992.0901, 342.2578, 323.9655, 356.9723, 1302.222, 82.45, 452.6745, 778.4078, 766.8322, 643.7295, 413.9964
88.2, 253.3886, 1.075994, 287.6022, 653.0444, 91.93094, 17.48993, 1.251016, 151.0253, 928.4414, 396.747, 307.9085, 336.5882, 1326.761, 77.20575, 428.1631, 919.0447, 718.5071, 782.21, 392.9109
88.3, 237.9026, 1.011917, 272.8236, 622.9734, 86.8035, 16.02636, 1.169942, 165.2678, 868.8762, 457.6091, 292.6473, 442.4903, 1442.651, 151.8383, 404.9789, 1103.511, 940.5812, 780.1023, 372.8993
88.40000000000001, 348.0567, 0.9516551, 258.8044, 594.2872, 149.276, 106.5993, 1.094122, 155.6876, 813.1324, 431.9404, 278.1425, 500.6573, 1375.225, 142.1806, 383.0502, 1202.15, 1103.329, 971.7155, 353.9069
88.5, 326.7849, 0.8949823, 245.5056, 748.4791, 203.3734, 97.67905, 1.023215, 238.2747, 917.8424, 407.7116, 264.3567, 472.0685, 1358.533, 133.1372, 362.3088, 1345.229, 1033.799, 1200.509, 335.8818
88.59999999999999, 306.8132, 0.8416846, 232.8901, 714.0136, 192.0303, 89.50524, 0.9569038, 224.4624, 895.5568, 384.8419, 251.2542, 458.7128, 1388.419, 124.669, 423.2751, 1269.348, 968.6497, 1151.309, 318.7748
88.7, 288.0621, 0.7915608, 220.9229, 681.1351, 181.3198, 126.7244, 0.8948899, 218.9971, 884.5044, 363.2549, 238.801, 432.519, 1348.83, 116.7394, 436.6914, 1197.747, 907.6063, 1087.105, 302.5391
88.8, 270.457, 218.7021, 209.5706, 693.8858, 171.2067, 116.12, 0.8368949, 206.3023, 888.8555, 342.8789, 226.9651, 446.1561, 1285.789, 109.3142, 413.0455, 1199.937, 850.4099, 1126.79, 287.1303
88.90000000000001, 253.9278, 868.834, 198.8017, 661.9341, 238.1749, 329.0525, 0.7826585, 194.3434, 831.83, 323.6458, 215.7158, 475.9205, 1225.695, 102.3612, 390.6799, 1243.07, 967.5278, 1063.953, 386.4594
89, 291.3632, 884.625, 188.5862, 631.4538, 248.6384, 408.6892, 0.7319369, 259.2419, 887.3417, 305.4915, 205.0241, 448.7441, 1168.409, 95.85052, 369.5254, 1172.951, 906.5551, 1004.621, 436.9683
89.09999999999999, 273.5563, 831.944, 178.8955, 602.377, 234.7706, 493.6213, 0.6845024, 244.2142, 830.4133, 288.3556, 194.8623, 468.7035, 1167.207, 89.75394, 349.5164, 1126.671, 849.4249, 985.3262, 559.2885
89.2, 256.8377, 906.7955, 169.7029, 628.0674, 221.6763, 452.3149, 0.640142, 230.0576, 777.1371, 272.1809, 185.2041, 441.9393, 1112.655, 84.04512, 330.5908, 1155.304, 795.895, 1060.401, 530.803
89.3, 367.7614, 852.7943, 160.9826, 639.8362, 209.3123, 414.465, 0.5986564, 216.7217, 753.3276, 256.9135, 176.0247, 416.7033, 1060.653, 78.69942, 312.69, 1090.136, 745.7384, 1042.321, 503.7684
89.40000000000001, 345.2854, 802.0089, 152.7104, 610.3735, 197.638, 393.3117, 0.5598594, 204.1588, 704.9969, 242.5024, 167.3002, 464.5936, 1011.081, 73.69373, 295.7585, 1091.283, 698.7427, 1215.036, 702.2969
89.5, 334.3692, 797.3217, 144.8633, 610.4705, 186.6147, 373.3407, 0.5235767, 192.3242, 763.8008, 228.8998, 159.0082, 659.4022, 963.8254, 69.00642, 279.7437, 1029.726, 654.7086, 1263.494, 746.3702
89.59999999999999, 313.934, 956.3764, 137.4194, 582.3599, 176.2063, 342.0994, 0.4896453, 181.1756, 759.0664, 311.2083, 151.1271, 693.7557, 954.8628, 88.47277, 264.5962, 971.6417, 613.4495, 1323.794, 708.3564
89.7, 294.7477, 1176.793, 130.358, 555.5438, 166.3784, 313.4724, 0.457913, 249.5022, 743.8045, 310.3302, 143.6367, 654.1404, 1097.805, 82.84544, 250.2688, 957.6509, 574.7905, 1249.971, 672.2786
89.8, 276.7339, 1616.857, 123.6595, 643.3771, 157.0987, 287.241, 0.4282371, 317.4152, 812.2026, 433.8088, 136.5175, 616.7872, 1046.497, 105.6898, 236.7173, 1041.758, 538.5677, 1360.126, 638.0384
89.90000000000001, 259.8211, 2153.972, 117.3051, 740.97, 148.3365, 363.1467, 0.4004844, 299.0154, 798.3293, 471.3928, 129.7511, 581.567, 1034.273, 98.96738, 223.8995, 1278.815, 656.3369, 1284.277, 605.5421
90, 304.8878, 2272.735, 111.2773, 706.8503, 140.0631, 346.0792, 0.3745303, 281.6821, 928.5268, 526.3104, 123.3201, 624.6143, 1171.284, 92.67255, 211.7758, 1281.894, 614.9752, 1450.819, 574.7008
90.09999999999999, 286.2544, 2176.801, 105.5593, 741.5523, 132.2511, 317.1191, 0.3502582, 355.9213, 868.9561, 525.8849, 117.2079, 606.0853, 1116.541, 86.77809, 200.3086, 1209.586, 689.6581, 1369.912, 545.4304
90.2, 305.6087, 2047.169, 100.1351, 707.4058, 169.1848, 290.5825, 0.3275591, 335.2893, 813.2072, 496.3865, 111.3986, 571.4762, 1064.357, 81.25855, 189.4623, 1141.356, 646.1965, 1293.517, 672.897
90.3, 286.9312, 2041.349, 94.98955, 765.0966, 159.7486, 266.2665, 0.306331, 315.8534, 761.0349, 485.2379, 105.8773, 580.5484, 1014.612, 76.09009, 179.2033, 1076.974, 605.4739, 1342.115, 638.6252
90.40000000000001, 269.3952, 1919.783, 90.10845, 755.9939, 162.2331, 243.9852, 0.2864786, 297.544, 712.2098, 458.0195, 100.6296, 547.3975, 967.1917, 71.25037, 169.4998, 1116.617, 567.3175, 1267.27, 606.099
90.5, 252.9309, 1805.457, 85.47817, 721.1824, 247.9042, 223.5685, 0.2679129, 280.2961, 666.5172, 432.3278, 95.64197, 651.3046, 921.9877, 66.71848, 245.5262, 1183.682, 699.6381, 1196.599, 575.2294
90.59999999999999, 237.4729, 2087.701, 81.08582, 687.9738, 234.0773, 385.5348, 0.2505503, 264.0479, 740.462, 451.3679, 90.90157, 614.1133, 878.8965, 62.47483, 232.2315, 1116.913, 655.5476, 1129.869, 724.0999
90.7, 222.9595, 2097.507, 76.91917, 656.2944, 221.0217, 353.2731, 0.2343129, 248.7417, 692.9568, 426.0493, 86.39613, 579.0457, 837.8192, 58.50111, 396.1297, 1053.911, 614.2357, 1066.861, 687.2203
90.8, 209.3332, 1972.597, 72.96664, 626.0738, 208.6942, 323.7111, 0.2191278, 234.3227, 648.4994, 402.1509, 82.114, 545.9806, 798.6618, 54.78014, 377.2722, 994.4619, 575.5271, 1007.366, 652.2191
90.90000000000001, 196.5396, 1860.817, 69.2172, 633.244, 197.0543, 296.6229, 0.2049269, 220.7395, 606.8942, 479.636, 78.04411, 514.8036, 761.3345, 51.29583, 363.7119, 938.3666, 742.3651, 951.1888, 619.0005
91, 184.528, 1750.002, 65.66043, 604.0848, 186.0636, 271.8014, 0.1916462, 207.9437, 567.9581, 452.7318, 74.17593, 485.4069, 725.7518, 48.03315, 344.0177, 885.4354, 1147.144, 898.1446, 587.4738
91.09999999999999, 173.2504, 1645.786, 62.28643, 838.2119, 175.6859, 249.0569, 0.1792262, 195.8897, 531.5201, 427.3367, 70.49948, 457.6888, 759.7664, 44.978, 325.3898, 835.49, 1312.884, 848.0585, 557.5527
91.2, 162.6621, 1547.777, 59.0858, 799.6144, 165.887, 228.2158, 0.1676111, 184.5344, 497.4198, 403.3661, 67.00525, 431.5535, 745.6904, 42.11716, 307.7706, 788.3619, 1334.152, 800.7654, 529.1556
91.3, 152.7209, 1455.604, 56.04964, 762.7943, 156.6347, 209.1186, 0.1567488, 173.8374, 465.5073, 415.4788, 63.6842, 406.9106, 710.8389, 39.43829, 447.9924, 743.8922, 1322.944, 808.316, 502.2049
91.40000000000001, 157.5906, 1368.92, 53.16949, 736.6592, 147.8984, 282.5509, 0.1465904, 163.7604, 435.6421, 392.1733, 60.52776, 383.6749, 719.0969, 36.92981, 423.7346, 701.9308, 1292.938, 894.6689, 476.6267
91.5, 171.918, 1287.399, 50.43734, 702.738, 203.5963, 258.9069, 0.1370903, 154.2676, 407.693, 370.1752, 57.52777, 361.7661, 780.1611, 34.58089, 409.2945, 662.3365, 1242.958, 844.7766, 452.3513
91.59999999999999, 161.4111, 1210.732, 47.84559, 805.0654, 192.2407, 237.2415, 0.128206, 145.325, 381.537, 349.4109, 54.67646, 341.1082, 790.4692, 32.38136, 387.132, 624.9756, 1164.628, 797.6666, 429.3123
91.7, 215.5088, 1292.109, 45.38701, 865.5449, 181.5185, 217.3891, 0.1198973, 136.9008, 357.059, 329.8115, 51.96648, 368.6988, 861.2213, 30.32174, 368.4208, 589.7221, 1264.738, 753.1837, 407.4468
91.8, 202.3379, 1215.161, 43.05477, 892.2413, 171.3943, 199.1979, 0.1121272, 128.965, 334.1515, 311.3113, 49.39082, 347.6451, 907.3767, 28.39312, 348.4716, 707.8566, 1222.037, 986.6312, 528.3762
91.90000000000001, 189.9718, 1293.887, 40.84237, 851.1559, 161.8348, 182.5289, 0.1048606, 121.4892, 312.7136, 293.849, 46.94281, 327.7936, 978.5242, 26.58717, 444.065, 667.928, 1213.447, 948.5325, 501.4651
92, 340.139, 1491.421, 38.74366, 917.1529, 214.3983, 248.5126, 0.09806488, 114.4467, 292.6511, 277.3661, 44.61614, 309.0757, 932.7906, 24.89609, 420.0198, 630.2516, 1223.961, 1025.383, 475.9247
92.09999999999999, 500.0299, 1402.604, 36.75279, 874.9204, 202.4403, 371.461, 0.09170961, 107.8125, 273.8757, 261.8078, 42.40479, 403.1361, 1009.142, 23.31257, 397.2766, 788.9267, 1146.828, 968.2015, 573.3453
92.2, 613.4208, 1410.381, 34.86423, 844.5365, 191.1492, 396.0661, 0.0857662, 101.5629, 256.3049, 247.1223, 40.30304, 499.2608, 1097.413, 21.82977, 452.98, 744.4251, 1173.782, 942.1146, 586.9174
92.3, 790.8626, 1326.391, 33.07271, 805.6478, 180.4878, 362.9231, 0.08020797, 95.67549, 239.8614, 233.2604, 38.30546, 470.7516, 1177.55, 20.44128, 428.452, 821.2197, 1099.812, 889.5765, 652.9249
92.40000000000001, 742.5284, 1274.646, 31.37325, 768.5499, 170.4211, 387.7679, 0.07500994, 90.12939, 224.4728, 220.1762, 36.40689, 593.5936, 1122.515, 19.14111, 405.2522, 790.03, 1030.503, 1099.76, 701.9295
92.5, 1006.026, 1198.739, 29.76111, 733.1602, 184.4973, 355.3193, 0.07014879, 84.90479, 210.0715, 207.8258, 34.60242, 907.7022, 1070.051, 17.92364, 383.3087, 791.9478, 1151.848, 1084.548, 743.4424
92.59999999999999, 944.5419, 1157.408, 28.23182, 699.4, 201.7928, 325.5861, 0.06560267, 79.98305, 196.5941, 196.1683, 32.88739, 879.1588, 1020.04, 16.7836, 446.3653, 1104.543, 1270.395, 1125.469, 900.4446
92.7, 936.9299, 1169.009, 26.78111, 667.1945, 362.496, 298.3409, 0.06135117, 241.0241, 183.9814, 185.1646, 31.25736, 869.6001, 972.366, 15.71608, 422.1955, 1042.238, 1190.335, 1114.246, 854.5835
92.8, 879.6687, 1099.392, 25.40494, 662.2996, 877.6664, 273.3757, 0.0573752, 245.5228, 172.1778, 174.7782, 29.70812, 819.9435, 926.9202, 14.71645, 437.6121, 983.4478, 1115.322, 1052.109, 811.0582
92.90000000000001, 825.9071, 1033.922, 24.09949, 631.8024, 940.7059, 250.4995, 0.05365689, 254.8037, 161.1315, 164.9743, 28.23567, 834.3844, 883.5984, 13.78041, 413.9163, 927.9737, 1045.035, 993.4364, 812.5532
93, 865.1842, 978.9403, 22.86113, 624.9382, 888.2381, 229.5376, 0.05017956, 240.0333, 150.794, 155.7204, 26.8362, 786.7388, 842.3015, 12.9039, 391.5035, 875.6288, 1106.118, 992.9235, 870.7646
93.09999999999999, 827.5205, 920.6427, 21.68639, 596.1614, 838.6967, 210.3298, 0.04692758, 247.831, 141.1196, 146.9856, 25.50609, 741.8138, 802.9346, 12.08315, 370.3044, 826.2365, 1036.411, 947.8467, 1028.214
93.2, 918.6583, 865.8168, 20.57203, 652.1962, 791.9184, 192.7294, 0.04388636, 233.4648, 132.0659, 138.7408, 24.24191, 699.4542, 765.4076, 11.3146, 350.2532, 779.6304, 1142.267, 911.5235, 1134.703
93.3, 895.317, 814.2559, 19.51492, 670.6658, 747.7492, 176.6017, 0.04104222, 219.9314, 123.5931, 130.9584, 23.04038, 659.5135, 729.6345, 10.59493, 331.2877, 735.6532, 1070.283, 860.6913, 1076.911
93.40000000000001, 840.599, 765.7655, 18.51213, 736.8585, 706.0436, 161.8236, 0.0383824, 207.1824, 115.6638, 123.6125, 21.89841, 621.8535, 695.5334, 9.921039, 318.0706, 694.1567, 1002.835, 831.3942, 1022.062
93.5, 789.2252, 720.1628, 17.56087, 702.9281, 727.3597, 148.2822, 173.1286, 195.1725, 108.2433, 116.6787, 20.81304, 586.3439, 663.026, 9.290009, 300.8477, 655.0009, 939.637, 785.0305, 970.0065
93.59999999999999, 740.9911, 685.3304, 16.6585, 670.5601, 1180.504, 135.8739, 161.9087, 183.8588, 101.2988, 110.1339, 19.78146, 552.8621, 632.038, 8.699117, 284.5575, 618.0537, 880.4219, 814.0024, 920.6025
93.7, 796.2462, 644.5178, 15.80249, 639.6826, 1369.311, 124.5039, 243.6572, 173.2009, 94.79984, 103.9561, 18.80102, 521.2921, 602.4982, 8.145807, 269.1493, 583.1907, 875.7859, 768.6085, 873.7147
93.8, 945.1378, 606.1356, 14.99047, 610.2269, 1292.938, 114.0854, 227.8665, 163.1608, 88.71785, 98.12493, 17.86916, 593.9752, 701.3715, 7.627692, 260.5222, 550.2942, 898.8282, 725.7462, 829.215
93.90000000000001, 911.5769, 670.5076, 14.22017, 582.1275, 1269.536, 104.5387, 386.1966, 153.7028, 83.02605, 92.62081, 16.9835, 560.0576, 923.2415, 7.142531, 260.3545, 519.2534, 842.1849, 685.274, 786.9818
94, 862.7378, 697.8517, 13.48946, 555.322, 1245.408, 95.79084, 387.6875, 144.793, 77.69942, 87.42544, 16.14173, 715.853, 1030.647, 6.688229, 384.5505, 489.9634, 789.1112, 880.0948, 746.8995
94.09999999999999, 968.6396, 787.5084, 12.7963, 529.7509, 1175.946, 87.77503, 369.5474, 136.3996, 72.71452, 82.52148, 15.34168, 856.0798, 982.4778, 6.262823, 448.2206, 462.3257, 739.3822, 844.7338, 708.8586
94.2, 1164.625, 914.0738, 12.13875, 505.3573, 1351.471, 80.42999, 345.5982, 128.4929, 68.04944, 77.89261, 14.58129, 807.1953, 1111.199, 5.864475, 423.9504, 436.2469, 961.6111, 892.3358, 961.289
94.3, 1156.554, 875.302, 11.51499, 482.0869, 1885.884, 73.69958, 328.1293, 121.0444, 63.68365, 73.52338, 13.85858, 962.3361, 1059.265, 5.491464, 400.9944, 411.6393, 901.0113, 910.3013, 912.329
94.40000000000001, 1085.87, 823.1762, 10.92329, 459.888, 1942.02, 67.53237, 306.8643, 114.0277, 59.59795, 69.39924, 13.1717, 907.384, 1009.758, 5.142179, 408.7014, 388.4196, 844.2304, 859.5372, 865.8625
94.5, 1019.506, 774.1546, 10.36199, 438.7114, 1908.261, 61.88124, 286.9774, 107.4178, 55.77437, 65.50643, 12.51885, 867.7125, 962.5643, 4.815109, 386.571, 366.5097, 791.0278, 811.6041, 821.7628
94.59999999999999, 1027.338, 733.6441, 9.829531, 418.5099, 1820.545, 56.703, 268.3793, 101.191, 52.1961, 61.83198, 11.89837, 924.4001, 917.5767, 4.508843, 365.639, 345.8358, 741.178, 792.1823, 779.9091
94.7, 964.5513, 733.1794, 9.324434, 399.2386, 1719.004, 51.95807, 250.9865, 95.32521, 48.8474, 58.36364, 11.30864, 914.7108, 978.9708, 4.222058, 345.8404, 326.3279, 694.4697, 770.0069, 740.187
94.8, 905.602, 822.6229, 8.845292, 380.8547, 1741.576, 47.6102, 234.7208, 89.79942, 45.71354, 55.08985, 10.74814, 942.8936, 933.2163, 3.953513, 327.1138, 307.9205, 650.7049, 855.5141, 702.4881
94.90000000000001, 850.2554, 773.6342, 8.390771, 434.4177, 1644.44, 43.62616, 219.5093, 84.59395, 42.78073, 51.9997, 10.21542, 889.0518, 889.6003, 3.702049, 309.4012, 290.5514, 609.6981, 807.8053, 666.7092
95, 798.2914, 727.5629, 7.959606, 474.9305, 1607.732, 39.97551, 205.2836, 79.69022, 40.03608, 49.08288, 9.709103, 838.2845, 960.8178, 3.46658, 380.9478, 274.1621, 571.2755, 838.9189, 632.7526
95.09999999999999, 749.5033, 684.2353, 7.550596, 490.2189, 1518.06, 36.63035, 191.9798, 75.07076, 37.46752, 46.32968, 9.227881, 790.4162, 915.9117, 3.246087, 360.3203, 258.6972, 535.2743, 792.1356, 600.5255
95.2, 703.6968, 643.4879, 7.162604, 467.6456, 1534.091, 33.56511, 204.4208, 70.71907, 35.06375, 43.73091, 8.770512, 745.2812, 873.1045, 3.039619, 453.6392, 244.1047, 501.5418, 855.0903, 569.9398
95.3, 662.4705, 605.167, 6.794549, 493.5921, 1490.197, 30.75637, 191.173, 92.8126, 32.81419, 41.27791, 8.335811, 770.4478, 832.2979, 138.2, 430.7309, 230.3353, 469.9351, 807.4051, 804.2557
95.40000000000001, 655.4277, 569.1282, 6.445407, 470.8634, 1534.667, 28.18267, 320.1323, 259.3812, 30.70896, 38.96251, 7.922655, 726.4531, 793.3986, 129.4097, 477.6637, 217.3426, 440.3203, 887.2886, 924.8613
95.5, 675.6818, 535.2357, 6.114205, 449.1814, 1467.128, 25.82433, 299.3856, 558.806, 28.73879, 36.77699, 7.529977, 684.9706, 756.3173, 121.1786, 451.7992, 205.0828, 412.5717, 837.8079, 877.7567
95.59999999999999, 648.3357, 503.3614, 5.800023, 432.3232, 1394.888, 23.66334, 395.1519, 526.4133, 206.958, 34.71406, 7.156762, 645.8569, 720.969, 113.471, 427.3352, 193.5145, 386.5718, 791.0865, 833.0511
95.7, 682.6891, 477.8738, 5.501985, 502.0959, 1358.083, 21.68319, 369.5433, 915.4312, 288.8885, 32.76684, 6.802044, 689.876, 687.2728, 106.2537, 404.1959, 182.5988, 362.2104, 746.9706, 790.6224
95.8, 640.9661, 449.4156, 5.219262, 478.9757, 1282.336, 19.86873, 345.5944, 936.8783, 305.4088, 30.92885, 6.464908, 650.4822, 655.1516, 113.515, 382.3095, 172.2988, 339.3843, 773.4493, 750.3547
95.90000000000001, 621.2831, 444.5478, 4.951067, 456.9201, 1281.114, 18.20611, 323.1975, 882.5695, 285.8149, 29.19396, 6.144482, 633.2482, 624.5316, 106.2948, 361.6082, 162.5798, 317.9966, 730.317, 712.1379
96, 635.0367, 418.0742, 4.696653, 435.8802, 1324.315, 16.68262, 302.2521, 831.4089, 267.4781, 27.55638, 5.839937, 673.9034, 595.3427, 139.8976, 342.0279, 153.4091, 297.9568, 796.1815, 675.8676
96.09999999999999, 680.255, 393.1771, 4.455313, 415.809, 1257.932, 15.28661, 282.6641, 783.214, 250.3178, 26.01066, 5.550487, 635.4217, 567.5179, 130.9994, 323.5078, 144.7556, 279.1798, 751.7815, 641.4446
96.2, 722.5917, 369.7627, 4.226374, 396.6621, 1187.771, 14.00742, 348.4647, 752.4273, 234.2583, 24.55165, 5.275383, 599.1374, 782.4186, 122.6671, 359.7849, 136.5903, 261.5862, 736.1324, 608.7748
96.3, 712.2041, 347.7427, 4.009199, 378.3969, 1121.523, 12.83527, 358.2563, 708.8108, 219.2292, 23.17447, 5.013914, 564.925, 745.8505, 114.8649, 340.3033, 128.8855, 245.1013, 695.0811, 577.7689
96.40000000000001, 668.6772, 327.034, 3.803183, 463.6338, 1058.97, 11.76121, 335.0389, 806.978, 339.9293, 21.87455, 4.765404, 532.6662, 710.9914, 107.5589, 321.8766, 121.6154, 229.6552, 719.0052, 548.3422
96.5, 658.2332, 307.5585, 3.607754, 442.2847, 999.906, 10.77703, 313.3261, 760.1992, 318.1208, 20.64754, 4.529212, 502.2495, 677.7616, 100.7176, 304.4476, 114.7553, 215.1826, 678.9091, 520.4142
96.59999999999999, 618.0048, 289.2429, 3.422368, 421.9186, 1110.57, 9.875206, 293.0204, 772.2686, 297.7113, 19.48936, 4.304727, 473.5697, 646.0848, 94.31141, 287.9624, 108.2822, 201.622, 641.0489, 493.9086
96.7, 604.6003, 272.018, 3.246507, 402.4904, 1061.292, 9.048845, 274.0307, 816.1556, 278.6113, 18.39614, 426.3936, 446.5276, 615.8885, 144.7387, 272.3698, 102.1743, 188.916, 665.367, 468.7531
96.8, 624.2648, 255.8188, 3.079683, 465.9987, 1102.623, 8.291635, 256.2716, 816.0208, 260.7367, 17.36425, 543.5608, 421.0296, 587.1036, 139.5334, 257.6216, 96.41086, 177.0107, 701.9064, 444.8787
96.90000000000001, 586.1124, 277.4517, 2.921432, 444.5406, 1041.124, 7.597788, 258.4242, 768.7179, 244.0088, 16.39024, 535.1978, 396.9877, 559.6639, 130.6584, 243.6719, 90.97254, 165.8556, 662.7637, 422.2203
97, 550.2917, 260.929, 2.771312, 492.1804, 1019.964, 6.962002, 241.6766, 739.4382, 228.3541, 15.47086, 508.6713, 374.3186, 533.5068, 122.3478, 230.4775, 85.84099, 155.4035, 625.8039, 400.7159
97.09999999999999, 560.1898, 245.3902, 2.628906, 519.7059, 1045.095, 6.37942, 312.2036, 825.2794, 213.7038, 14.60305, 483.4595, 352.944, 508.5721, 114.5659, 217.9977, 80.99889, 145.6102, 590.9052, 624.329
97.2, 525.9534, 230.7768, 2.493818, 495.7748, 1046.925, 5.845588, 291.9706, 777.4398, 199.9934, 13.78392, 529.1221, 332.7899, 484.8028, 197.1535, 220.7633, 76.42993, 354.7153, 636.5722, 592.5309
97.3, 493.8093, 217.0336, 2.365672, 472.9457, 991.8455, 5.356427, 273.049, 732.3734, 187.1626, 13.01074, 502.8968, 313.7867, 462.1444, 184.6135, 251.6458, 72.11869, 332.3615, 601.073, 562.3524
97.40000000000001, 463.6298, 204.1089, 2.24411, 496.4599, 936.5253, 4.9082, 255.3535, 864.1371, 175.155, 12.28093, 520.5557, 295.8686, 440.545, 172.8711, 238.0197, 68.05064, 311.4164, 567.5534, 533.7108
97.5, 435.2947, 191.9538, 2.128795, 617.6991, 941.5962, 4.49748, 454.3912, 1076.066, 163.9177, 11.59206, 494.7549, 278.9737, 419.9551, 161.8756, 225.1314, 64.21205, 361.0244, 561.2865, 506.528
97.59999999999999, 408.6913, 180.5226, 2.019406, 589.2557, 904.0088, 4.12113, 424.9435, 1033.935, 153.4014, 10.94182, 470.2329, 263.0435, 400.3276, 195.2781, 212.941, 60.58999, 368.0074, 529.9857, 480.7297
97.7, 383.7139, 169.7722, 1.915637, 562.122, 955.5464, 3.776272, 397.4043, 973.9999, 143.5597, 10.32806, 610.624, 248.023, 381.6173, 540.9894, 221.8766, 57.17225, 510.2888, 640.3077, 456.2454
97.8, 360.2629, 159.662, 1.817201, 536.2377, 902.2509, 3.460272, 371.6498, 917.5392, 253.9227, 9.748733, 613.5859, 233.8602, 363.7816, 506.5797, 209.8624, 53.94729, 518.122, 604.6002, 433.0081
97.90000000000001, 338.2452, 150.1538, 1.723823, 511.5454, 876.5817, 3.170716, 347.5643, 864.3515, 237.632, 9.201897, 583.1741, 220.5062, 346.7794, 474.3586, 198.4988, 50.90425, 485.4705, 608.8437, 410.9543
98, 317.5731, 141.2119, 1.635243, 487.9901, 827.6904, 2.905389, 325.0398, 814.2469, 222.3864, 8.685735, 554.2697, 207.9147, 330.5719, 444.187, 187.7505, 48.03285, 454.8766, 574.8907, 390.0237
98.09999999999999, 298.1643, 132.8025, 1.551215, 465.5194, 781.526, 2.662265, 303.975, 797.0915, 208.1189, 8.198526, 526.7979, 196.0422, 315.1218, 440.2593, 177.5842, 45.32343, 607.8803, 542.8312, 550.8291
98.2, 279.9418, 124.8938, 1.471505, 444.0834, 737.9365, 2.439486, 284.2754, 756.3577, 194.7668, 7.738647, 534.6088, 184.8476, 300.3939, 634.007, 167.9684, 42.76683, 588.2416, 512.5596, 614.7489
98.3, 262.8329, 117.4562, 1.395891, 423.6346, 696.7781, 2.235349, 265.8524, 730.9033, 182.2713, 7.304563, 508.1115, 174.2923, 286.3543, 795.6049, 158.8732, 40.35445, 636.4178, 483.976, 583.4387
98.40000000000001, 246.7697, 110.4615, 1.324162, 404.1273, 657.9154, 2.048294, 466.0173, 797.8218, 170.5775, 6.894828, 639.7595, 164.3397, 272.9709, 745.0003, 150.2706, 38.07815, 640.0154, 499.441, 553.7232
98.5, 231.6882, 103.8833, 1.256119, 385.5183, 625.462, 10.74731, 528.5265, 771.3587, 159.6339, 6.508076, 608.0505, 154.9555, 260.2129, 763.9598, 142.1337, 35.93025, 599.6823, 582.3807, 525.5212
98.59999999999999, 217.5284, 97.69685, 1.191573, 445.8271, 590.577, 9.847969, 655.9258, 726.6448, 228.8234, 6.143019, 697.1192, 146.1071, 248.0513, 791.8333, 187.7794, 33.9035, 801.1593, 549.9036, 498.7555
98.7, 204.234, 139.1327, 1.130343, 425.2979, 580.356, 118.2084, 616.1866, 763.6692, 248.6961, 5.798439, 662.5672, 137.764, 236.458, 908.8817, 177.6115, 31.99108, 796.3433, 519.2375, 473.3531
98.8, 191.7521, 157.1876, 1.07226, 495.5982, 547.9867, 108.3166, 642.9747, 719.401, 232.7407, 77.27165, 629.7278, 219.5367, 225.4066, 1081.958, 167.9942, 30.18654, 790.3867, 490.2816, 562.7293
98.90000000000001, 180.033, 147.8268, 1.017161, 542.8669, 517.4228, 143.9442, 642.3846, 677.6989, 217.809, 72.93726, 598.516, 207.0006, 214.8717, 1039.647, 158.8977, 28.48378, 842.2356, 509.7166, 534.0686
99, 169.0302, 139.0235, 0.9648934, 517.8693, 488.5636, 131.8989, 654.3768, 638.4142, 203.8352, 68.84599, 568.8512, 195.1803, 204.8292, 973.5197, 150.2937, 26.87708, 789.1587, 481.2917, 506.8676
99.09999999999999, 158.6998, 137.5842, 0.9153118, 494.0227, 551.9886, 169.1898, 611.9688, 668.5861, 190.7579, 64.98421, 624.1922, 184.035, 195.256, 963.0333, 479.3219, 25.361, 739.4267, 454.4518, 612.12
99.2, 149.0007, 129.3908, 0.8682778, 471.2743, 526.5755, 199.0002, 572.309, 629.8297, 278.4773, 61.33905, 593.2548, 173.5261, 186.1303, 901.7794, 503.4542, 23.93044, 833.5804, 429.1088, 580.9437
99.3, 139.8944, 121.6854, 0.8236609, 498.2978, 497.2058, 249.0406, 535.2195, 593.3198, 330.1145, 74.91391, 563.8507, 163.6172, 177.431, 844.4216, 648.3701, 22.58058, 840.3379, 405.179, 665.8579
99.40000000000001, 131.3447, 114.4388, 0.7813365, 496.9932, 469.4742, 228.2008, 500.5336, 617.2735, 308.9356, 70.71177, 535.9041, 175.3054, 169.1384, 790.712, 613.2621, 21.30686, 868.2127, 382.5837, 631.9447
99.5, 123.3174, 107.6237, 0.741187, 474.108, 443.2893, 232.5795, 468.0956, 637.8874, 289.1154, 66.74534, 509.3425, 208.1744, 161.2333, 849.5889, 580.0552, 20.10499, 813.4988, 407.005, 599.7587
99.59999999999999, 115.7808, 101.2146, 0.7031007, 484.9221, 418.5648, 279.9386, 437.7598, 647.5526, 270.5669, 63.00139, 484.0975, 196.2871, 153.6977, 884.6811, 579.8849, 18.97091, 918.1418, 384.3079, 681.4448
99.7, 108.7048, 140.3862, 0.6669714, 462.5927, 484.0444, 256.5133, 409.39, 610.0154, 253.2084, 59.46746, 493.282, 185.0786, 146.5143, 852.8867, 548.4853, 17.90081, 1044.594, 362.8765, 748.2146
99.8, 102.0612, 132.0259, 0.6326987, 441.2915, 457.0469, 235.0482, 382.8588, 590.9454, 330.4231, 56.13175, 482.022, 174.5101, 139.6666, 798.6386, 518.7859, 16.89106, 978.7647, 342.6402, 742.1826
99.90000000000001, 95.82365, 124.1636, 0.600187, 420.9712, 431.5551, 215.3792, 358.0469, 619.2974, 334.2182, 52.98315, 577.4554, 164.5451, 133.139, 747.8411, 636.6708, 15.93828, 1078.352, 512.4069, 768.3724
100, 89.96732, 122.3531, 0.569346, 401.5866, 407.4852, 197.3562, 334.843, 772.3542, 425.1526, 50.01117, 588.7902, 183.1945, 126.9164, 700.2745, 602.1964, 15.03923, 1010.395, 483.8319, 892.6449
100.1, 84.4689, 115.0668, 0.5400898, 383.0946, 384.7578, 180.8414, 313.1429, 753.4738, 397.8765, 96.55731, 559.6074, 172.7336, 120.9847, 655.7334, 569.5887, 14.1909, 946.7211, 456.8504, 847.181
100.2, 94.37539, 124.0972, 0.5123369, 365.4541, 363.2979, 293.731, 292.8491, 892.233, 372.3503, 91.14113, 531.8711, 214.7384, 289.9376, 614.0253, 538.7466, 13.39043, 973.1934, 431.3736, 804.0327
100.3, 88.60757, 116.707, 0.4860102, 348.6259, 399.6173, 269.1515, 273.8705, 888.0291, 348.4617, 122.748, 505.5095, 202.4762, 276.3867, 574.9702, 509.5746, 12.6351, 911.8636, 582.9086, 974.0043
100.4, 103.5243, 109.7569, 0.4610362, 332.5726, 377.3286, 246.6288, 256.1218, 836.552, 326.1057, 115.8627, 605.0641, 190.9143, 263.4691, 581.7911, 499.2761, 11.92239, 854.3989, 607.5453, 924.3967
100.5, 97.1973, 103.2207, 0.4373456, 317.2585, 365.9855, 225.9908, 239.5234, 788.059, 305.184, 176.6427, 575.0748, 180.0125, 251.1553, 544.7861, 472.2413, 11.24987, 800.5555, 573.6649, 877.3156
100.6, 91.25702, 100.9834, 0.4148723, 313.8209, 357.9651, 240.5098, 224.0006, 742.377, 285.6046, 284.4489, 659.0601, 169.7333, 292.286, 510.1349, 446.6704, 10.61529, 750.1052, 593.2227, 832.6325
100.7, 85.67978, 123.0919, 0.3935538, 299.3702, 337.9996, 220.3839, 209.4839, 699.343, 267.2813, 302.849, 670.1312, 201.6151, 278.6253, 533.4628, 522.5018, 10.01651, 702.8343, 595.8908, 790.2252
100.8, 111.2379, 168.0255, 0.3733308, 285.585, 319.1477, 201.9421, 195.9079, 658.8036, 250.1335, 327.2215, 749.7877, 190.1023, 265.6031, 499.5318, 565.8376, 9.451498, 658.5424, 562.6602, 855.6081
100.9, 220.6259, 158.0193, 0.354147, 272.4346, 301.3473, 185.0435, 183.2117, 750.5821, 234.0859, 308.8666, 746.5754, 279.1556, 253.1896, 656.7643, 535.1987, 8.918361, 731.4592, 531.2828, 1040.463
101, 207.1422, 148.6089, 0.3359489, 259.8897, 284.5397, 169.559, 171.3383, 733.7264, 219.0679, 291.5414, 709.5722, 263.2151, 241.3562, 614.9907, 507.9025, 8.415296, 685.3633, 611.7712, 1038.133
101.1, 194.4826, 139.759, 0.3186859, 247.9224, 268.6695, 252.5164, 160.2345, 704.3911, 205.0133, 275.188, 674.403, 248.1848, 270.2309, 791.3569, 480.4006, 7.940608, 642.1724, 664.1149, 985.2595
101.2, 182.5966, 236.9362, 0.3023101, 236.5063, 253.6845, 231.3857, 149.8502, 663.5591, 191.8604, 259.7518, 780.351, 234.0127, 327.8767, 744.6853, 499.8196, 7.492696, 650.3953, 692.469, 935.0786
101.3, 171.4371, 222.8262, 0.2867757, 251.1121, 330.8888, 212.0233, 141.9314, 671.7549, 179.5514, 245.1816, 741.6738, 220.65, 312.5526, 889.6802, 530.3646, 7.07005, 609.408, 824.6898, 961.2464
101.4, 160.9596, 209.5565, 77.25817, 239.5491, 312.4335, 301.1666, 132.7333, 632.8148, 168.0321, 231.4286, 750.1873, 208.0502, 297.9447, 974.4907, 501.6464, 6.671244, 672.6255, 778.7, 912.2886
101.5, 151.1224, 197.0771, 73.28821, 228.5185, 306.628, 1112.56, 124.1313, 610.9193, 157.2518, 218.4471, 740.165, 196.17, 284.0196, 1317.936, 474.4833, 6.294934, 630.2373, 792.0132, 865.8242
101.6, 214.5516, 230.0921, 112.7495, 217.9958, 289.5259, 1651.742, 116.0867, 595.2733, 147.1631, 206.1938, 941.8058, 184.9682, 270.7453, 1234.109, 448.791, 5.939851, 590.5204, 747.8456, 993.045
101.7, 201.4391, 216.3897, 106.9558, 207.9577, 315.1168, 1678.571, 108.5635, 593.4057, 234.9214, 194.6277, 895.1262, 174.406, 258.0914, 1445.355, 424.4899, 5.604798, 553.3063, 706.1411, 942.4676
101.8, 189.128, 229.579, 136.0608, 198.3817, 297.5412, 1545.202, 101.5279, 640.8441, 449.1415, 183.7105, 1043.488, 164.4469, 246.0289, 1353.423, 457.9441, 5.288644, 518.4375, 666.7622, 894.4662
101.9, 208.0812, 215.9072, 129.0692, 322.4569, 324.5379, 1571.34, 139.5105, 657.1976, 420.3263, 173.4056, 991.7684, 155.0565, 436.8682, 1267.339, 433.1473, 4.990324, 485.7661, 648.6813, 848.9095
102, 195.3641, 203.0495, 122.4369, 307.6086, 306.4368, 1439.85, 130.4693, 660.3637, 457.2974, 163.6788, 942.6125, 146.2024, 416.4502, 1390.903, 409.6933, 4.708831, 455.1536, 626.0239, 907.1295
102.1, 183.4243, 195.3015, 116.1454, 429.4412, 474.4676, 1319.363, 186.2329, 764.3002, 825.0663, 154.4975, 895.8929, 137.8538, 537.386, 1302.435, 387.5092, 4.443216, 426.4702, 591.1129, 1091.731
102.2, 172.2142, 183.6709, 110.1772, 409.6666, 636.9326, 1208.958, 261.8984, 1025.6, 873.0793, 145.8313, 1001.243, 129.982, 512.2701, 1219.593, 366.5264, 4.192585, 399.5945, 613.1205, 1036.128
102.3, 161.6892, 316.275, 104.5157, 390.8025, 769.0258, 1107.792, 266.1233, 1158.658, 817.0659, 137.6512, 970.2137, 122.5597, 488.3279, 1142.021, 433.801, 3.95609, 374.4124, 578.9291, 983.356
102.4, 151.8074, 297.4402, 99.14507, 372.8071, 749.2022, 1015.092, 320.0571, 1313.657, 826.3599, 129.9299, 957.7571, 115.5612, 465.5048, 1110.098, 410.3116, 3.732936, 350.8173, 668.2892, 933.2721
102.5, 142.5296, 321.6671, 94.05043, 355.6403, 707.4155, 930.1484, 299.3152, 1322.766, 773.3438, 122.6418, 1098.048, 108.9623, 443.7484, 1039.49, 388.094, 3.52237, 477.043, 642.4642, 885.739
102.6, 133.8188, 315.1283, 89.21759, 339.264, 667.9595, 852.3133, 394.7876, 1606.326, 839.8953, 115.7624, 1061.093, 102.7403, 423.0088, 973.3734, 382.8035, 3.323681, 446.9802, 606.6364, 993.8925
102.7, 125.6404, 342.1982, 84.63309, 323.6418, 630.7041, 780.9915, 369.2026, 1522.672, 786.0108, 109.269, 1008.501, 96.87353, 403.2385, 911.4617, 362.0755, 3.136199, 501.103, 679.7512, 943.2719
102.8, 117.9618, 351.1906, 80.28416, 308.7389, 595.5266, 715.6378, 345.2758, 1514.074, 735.5834, 103.1398, 1032.405, 91.34178, 384.3922, 853.488, 342.4698, 2.959293, 592.0106, 641.844, 895.2296
102.9, 140.3645, 330.2766, 76.15871, 294.5223, 562.3112, 655.753, 322.8996, 1485.797, 688.3912, 97.35434, 981.2347, 86.12592, 366.4267, 985.8193, 323.9258, 2.792366, 771.0281, 606.0508, 849.634
103, 219.2359, 310.608, 72.24525, 280.9603, 530.9483, 701.8877, 301.9735, 1399.669, 644.2266, 91.89345, 1051.739, 81.20789, 349.3009, 923.116, 306.3859, 2.634855, 722.4387, 572.2536, 806.3608
103.1, 205.8371, 327.3034, 68.53288, 268.0228, 501.3347, 643.1535, 282.4035, 1366.112, 602.8955, 86.73887, 999.6109, 76.5707, 332.9756, 939.411, 289.7957, 2.486229, 676.9113, 540.3412, 880.6498
103.2, 193.2572, 307.8119, 65.01127, 255.681, 473.3728, 740.8509, 264.1019, 1286.922, 564.2161, 81.87343, 950.0662, 72.1983, 317.4132, 879.6596, 372.3481, 2.345986, 634.2529, 510.2084, 835.7969
103.3, 181.4462, 289.4811, 61.67062, 243.9076, 920.6339, 678.8563, 246.9863, 1212.322, 528.0181, 77.28091, 902.9772, 68.07558, 302.5781, 823.7087, 508.7993, 2.213655, 594.2829, 481.756, 853.8963
103.4, 170.3569, 272.242, 58.50164, 321.6222, 870.2136, 622.0493, 230.9799, 1142.046, 494.1425, 72.94599, 858.222, 64.18829, 288.4364, 905.194, 481.2489, 2.088787, 556.8318, 544.8419, 841.9208
103.5, 159.9454, 282.6595, 55.49549, 306.8123, 993.5295, 588.6046, 216.0108, 1075.844, 584.2131, 68.85423, 815.6852, 60.52296, 274.9557, 952.592, 481.7816, 1.970963, 521.7408, 514.4581, 815.3223
103.6, 150.1703, 273.1537, 52.64382, 292.6844, 1002.073, 539.3499, 304.4482, 1046.547, 635.9131, 64.992, 878.8842, 57.06693, 262.105, 1038.491, 485.4593, 1.859786, 488.8612, 485.7687, 1013.805
103.7, 140.9925, 256.8869, 417.424, 279.2071, 1008.643, 494.2169, 284.7179, 1093.444, 784.1035, 61.3464, 880.6635, 53.80825, 249.8549, 1137.055, 487.9247, 1.75488, 559.0817, 458.6792, 962.1707
103.8, 132.3756, 241.5889, 395.9744, 266.3503, 1260.316, 452.8607, 266.2663, 1499.987, 885.2124, 57.9053, 985.3541, 50.73566, 501.8075, 1108.141, 567.4561, 1.655891, 523.8489, 574.1536, 1036.789
103.9, 124.2854, 227.2018, 375.627, 254.0856, 1494.042, 414.9652, 430.0443, 1793.694, 987.1471, 54.65722, 1115.686, 47.83851, 478.3543, 1039.016, 696.7038, 1.562486, 600.7856, 791.4524, 1207.032
104, 116.6896, 213.6715, 381.9733, 242.3856, 1660.146, 380.2408, 668.0527, 2086.33, 1092.712, 51.59133, 1060.388, 45.1068, 455.9973, 1060.046, 658.9787, 1.474349, 622.9689, 747.3161, 1145.556
104.1, 109.558, 200.947, 362.3454, 231.2244, 1587.677, 348.4221, 624.7584, 2153.198, 1022.607, 48.69742, 1058.458, 42.53108, 434.6852, 992.6213, 623.2963, 1.391185, 583.71, 705.6411, 1126.67
104.2, 102.8623, 188.9803, 343.726, 220.5771, 1589.167, 319.266, 584.2698, 2028.381, 957.0009, 45.96584, 1112.038, 40.10244, 414.3692, 929.4854, 667.0966, 1.312711, 546.9251, 880.7032, 1136.299
104.3, 96.57581, 177.7262, 326.0634, 210.4201, 1500.531, 292.5497, 546.4051, 1947.171, 895.6034, 43.38747, 1056.921, 37.81248, 395.0027, 870.3653, 630.9747, 1.238664, 512.4584, 831.5897, 1078.426
104.4, 90.6735, 167.1423, 309.3085, 236.8485, 1416.839, 268.0691, 510.9943, 1834.298, 838.1449, 40.95374, 1004.536, 35.65329, 376.5414, 815.0056, 596.8087, 1.168794, 551.8065, 785.2151, 1111.542
104.5, 85.13192, 157.1886, 293.4145, 225.9423, 1337.815, 245.637, 514.1203, 1727.967, 784.3727, 38.65652, 954.7474, 33.61739, 358.9428, 763.167, 564.4927, 1.102865, 517.0322, 741.4266, 1090.271
104.6, 79.92902, 147.8278, 278.3372, 215.5382, 1264.08, 236.2667, 480.8018, 1627.801, 734.0504, 36.48817, 907.4264, 31.69774, 342.1668, 714.6256, 533.9266, 1.040655, 484.4493, 700.0801, 1100.958
104.7, 75.0441, 139.0244, 264.0346, 205.6132, 1340.276, 216.4958, 449.6425, 1533.441, 686.9565, 34.44144, 862.4507, 29.88771, 326.1748, 669.1717, 531.0562, 0.9819537, 528.4872, 661.0392, 1044.885
104.8, 70.45773, 278.9739, 250.467, 196.1453, 1292.255, 322.6479, 420.5027, 1467.18, 642.884, 32.50951, 819.7043, 28.18104, 310.9303, 626.6089, 521.7888, 0.9265639, 495.1825, 624.1756, 991.6672
104.9, 66.15165, 355.2547, 237.5966, 187.1133, 1220.179, 348.6359, 393.2512, 1528.757, 601.639, 30.68596, 779.0765, 26.57183, 296.3983, 586.7533, 493.535, 0.8742985, 463.9766, 589.3677, 941.16
105, 62.10874, 334.0987, 225.3876, 334.2155, 1194.748, 319.4619, 367.7659, 1477.406, 563.0402, 28.96469, 740.4624, 25.0545, 282.5454, 549.4327, 466.8111, 0.8249813, 550.5994, 556.5009, 893.2252
105.1, 58.31292, 314.2025, 213.8059, 318.8257, 1145.647, 467.9062, 370.0999, 1391.764, 526.9177, 27.33998, 703.7621, 23.62382, 269.34, 514.486, 441.5342, 0.778446, 515.9011, 525.4669, 938.8868
105.2, 54.74908, 373.9088, 202.8193, 304.1446, 1081.749, 603.049, 394.207, 1577.608, 493.1126, 25.80639, 668.8809, 22.27484, 256.7518, 481.762, 417.626, 0.7345356, 483.3895, 496.1636, 920.9794
105.3, 51.40305, 351.6418, 192.3973, 290.1396, 1021.414, 555.7148, 368.6597, 1486.158, 461.4764, 24.35884, 635.7285, 21.00288, 244.7519, 451.1194, 395.0125, 0.6931021, 452.9268, 468.4944, 1017.526
105.4, 48.26151, 330.701, 182.5109, 381.4719, 979.3214, 509.2124, 425.8654, 1400.008, 431.8698, 22.99248, 604.2193, 19.80356, 233.3128, 430.6108, 373.6233, 0.6540057, 424.3838, 442.3683, 965.7017
105.5, 45.31197, 311.0071, 173.1324, 383.5395, 924.6998, 601.0591, 398.2664, 1337.301, 404.1627, 21.70276, 574.2718, 18.67272, 392.2765, 403.2217, 353.3924, 0.6171147, 397.6395, 417.6991, 1030.148
105.6, 42.5427, 292.4861, 164.2359, 379.7037, 873.1247, 688.5847, 372.4561, 1369.413, 378.2332, 20.48539, 545.8086, 17.60646, 373.9425, 402.4806, 334.2569, 0.5823047, 372.5807, 394.4056, 977.6807
105.7, 39.94267, 275.0681, 155.7966, 427.0255, 906.5026, 630.9637, 348.3184, 1290.031, 353.9672, 19.3363, 518.7562, 16.60108, 356.4655, 426.1512, 316.1576, 0.5494581, 349.101, 372.4111, 927.8859
105.8, 37.50154, 258.6873, 147.7909, 407.3621, 855.9425, 578.1645, 325.745, 1383.756, 331.258, 18.25167, 640.7886, 15.65311, 339.8052, 399.0458, 299.0383, 0.5184644, 327.101, 351.6431, 880.6271
105.9, 35.20961, 243.282, 140.1965, 495.6338, 829.9171, 529.7835, 304.6345, 1303.542, 310.0058, 122.3314, 609.0286, 14.75928, 323.9236, 373.6644, 304.8405, 0.489219, 306.4874, 332.0333, 937.2358
106, 33.05775, 228.7941, 132.9924, 472.8112, 783.6285, 485.451, 284.8921, 1227.979, 290.117, 141.7681, 578.8428, 13.91648, 308.7843, 349.8974, 288.334, 0.4616233, 287.1729, 313.5171, 889.5009
106.1, 31.0374, 215.169, 126.1585, 492.0896, 739.9216, 584.7928, 266.4291, 1234.545, 271.5042, 133.8159, 550.153, 13.12181, 294.3525, 327.6421, 272.7213, 0.4355842, 269.0755, 496.2807, 962.0637
106.2, 29.14052, 312.3834, 119.6758, 469.4301, 762.1982, 535.8571, 249.1627, 1194.08, 254.0855, 126.3098, 522.8853, 12.37252, 280.5953, 322.4684, 257.954, 0.4110138, 504.0006, 468.605, 1057.169
106.3, 27.35958, 293.7804, 113.5262, 447.8141, 719.6866, 598.7454, 233.0152, 1124.862, 237.7844, 119.2247, 496.969, 11.66602, 267.481, 430.7607, 243.9863, 0.3878295, 613.8723, 442.4727, 1026.69
106.4, 25.68748, 276.2852, 107.6926, 427.1934, 689.1848, 548.6422, 217.9143, 1059.656, 222.529, 112.537, 472.3372, 10.99986, 254.9797, 403.3621, 252.5735, 0.3659529, 575.1866, 417.7977, 1188.796
106.5, 24.11757, 259.8319, 102.1587, 407.5223, 650.7455, 502.7316, 203.7919, 998.2302, 208.2524, 106.2245, 448.9264, 10.37173, 243.0626, 515.5914, 238.8972, 0.3453103, 538.939, 394.4987, 1128.249
106.6, 22.64361, 244.3585, 96.90923, 388.7569, 713.8105, 473.8941, 190.5848, 949.9357, 194.8917, 100.266, 426.6758, 9.779479, 231.7025, 482.7971, 225.9614, 0.3258322, 504.9756, 372.499, 1070.785
106.7, 21.25973, 229.8065, 184.3211, 370.8557, 736.0684, 434.2385, 276.1087, 894.8701, 182.3882, 94.6418, 405.5281, 9.221044, 220.8734, 452.0887, 213.726, 0.3074527, 473.1525, 384.3772, 1016.248
106.8, 52.01216, 216.1211, 174.8496, 372.6155, 1352.296, 397.9013, 258.215, 864.8013, 170.6869, 242.5027, 385.4285, 8.694497, 210.5504, 498.871, 359.6987, 0.29011, 443.3349, 362.9419, 964.4891
106.9, 48.8334, 203.2507, 165.8649, 543.0613, 1634.119, 364.6048, 241.4809, 814.6707, 159.7363, 228.9, 466.7685, 8.198017, 200.7098, 569.9944, 340.2217, 0.2737455, 415.3963, 392.7061, 915.3661
107, 45.84891, 220.7528, 157.3418, 518.0547, 1656.951, 334.0945, 225.8313, 786.1907, 149.4882, 216.0603, 443.6336, 7.729888, 191.3292, 572.0424, 321.7994, 0.2583042, 389.2184, 410.0047, 868.7451
107.1, 43.04682, 207.6066, 149.2567, 494.1997, 1633.417, 306.1374, 211.1959, 740.617, 139.8976, 203.9409, 462.3585, 7.28849, 182.387, 618.3132, 304.3747, 0.2437338, 364.6903, 417.234, 940.0281
107.2, 40.41598, 195.2432, 141.587, 471.4431, 1542.314, 280.5197, 197.5089, 697.6851, 130.9223, 192.5012, 439.4421, 6.872298, 173.8627, 578.9853, 287.8934, 0.2299853, 341.7079, 393.9664, 979.4315
107.3, 37.94593, 183.6161, 134.3115, 632.1421, 1516.627, 257.0457, 184.709, 718.7069, 122.5229, 181.7032, 417.6617, 6.479871, 165.7368, 550.8218, 272.3046, 0.2170124, 320.1738, 371.9964, 929.5475
107.4, 35.62684, 172.6815, 152.3496, 676.2948, 1478.33, 235.536, 172.7386, 677.045, 114.6623, 286.402, 396.9607, 6.109852, 157.9907, 584.1326, 257.5598, 0.2047712, 299.9967, 407.2845, 953.6917
107.5, 33.44948, 292.7298, 231.1048, 645.1532, 1473.324, 215.8263, 161.544, 692.3444, 107.306, 270.3369, 377.2858, 5.760963, 150.6067, 634.4809, 243.6135, 0.1932205, 281.0912, 419.0424, 1146.032
107.6, 31.40519, 296.7229, 390.7556, 644.1337, 1391.149, 197.7659, 151.0748, 742.0601, 100.4216, 255.1729, 499.6274, 5.431996, 259.9775, 594.1246, 230.4223, 0.1823214, 263.3771, 558.6994, 1087.663
107.7, 29.48584, 279.0525, 431.1156, 614.473, 1473.638, 187.8988, 141.2841, 720.7383, 93.97897, 259.3551, 508.2368, 130.4951, 247.8268, 573.678, 495.4833, 0.1720371, 374.6687, 527.5428, 1586.208
107.8, 84.76215, 262.4344, 408.9625, 586.1782, 1713.743, 172.1753, 132.128, 764.5324, 87.94964, 244.8071, 505.951, 209.8668, 361.3842, 617.4752, 479.5897, 0.1623328, 728.7123, 498.1238, 1525.218
107.9, 131.3567, 347.206, 387.9477, 559.1862, 1618.159, 158.3849, 123.5652, 856.4366, 82.30713, 446.4893, 480.8741, 247.6791, 344.4941, 578.2006, 453.6208, 0.153176, 682.7896, 470.3453, 1624.835
108, 219.1021, 326.5293, 368.0127, 533.4371, 1527.906, 145.1312, 150.8894, 806.7909, 77.02662, 421.4444, 457.0401, 317.576, 371.6895, 576.6893, 429.0582, 0.1445357, 639.7609, 470.2347, 1756.056
108.1, 248.2844, 385.7163, 349.1021, 508.8737, 1577.336, 132.9866, 208.0742, 760.023, 72.08488, 397.8043, 523.7104, 299.4415, 354.3177, 601.8479, 532.4151, 0.1363828, 599.4437, 474.6623, 1786.002
108.2, 233.1103, 367.3079, 331.1633, 485.4414, 2278.254, 121.8583, 194.5896, 731.4263, 67.4602, 691.9522, 497.7532, 282.3426, 337.7579, 563.5673, 503.5859, 0.1286897, 561.6674, 448.1922, 1695.038
108.3, 346.5302, 345.4341, 314.1463, 535.6517, 2506.894, 111.6611, 181.9788, 689.0271, 63.13221, 859.5677, 473.0826, 339.6593, 321.972, 527.7214, 548.5414, 0.1214306, 526.2716, 423.1982, 1810.623
108.4, 325.3517, 324.8629, 298.0037, 510.9863, 2572.085, 108.7506, 170.1854, 739.5474, 59.08189, 811.352, 449.6348, 458.1304, 306.9239, 494.1556, 518.8391, 0.114581, 493.1065, 399.5981, 1718.405
108.5, 355.719, 305.5167, 282.6906, 709.7308, 2428.627, 99.65029, 269.6107, 842.2014, 55.29142, 765.8408, 427.3491, 431.9699, 346.0953, 489.8693, 490.745, 0.1081177, 462.0314, 462.7305, 1630.884
108.6, 333.979, 287.3226, 268.1643, 677.0496, 2293.171, 91.31152, 252.138, 944.7709, 51.74414, 722.8825, 406.168, 407.3032, 407.2063, 458.7111, 464.1721, 0.102019, 432.9146, 436.9258, 1547.82
108.7, 313.5676, 270.2121, 254.3845, 645.8732, 2268.166, 83.67055, 269.9675, 890.0046, 48.42443, 708.2051, 465.7832, 384.0451, 388.1746, 429.5347, 439.0381, 0.09626438, 405.6328, 412.5601, 1468.987
108.8, 294.4037, 254.1205, 241.3128, 616.1324, 2290.026, 76.66897, 384.6716, 838.413, 45.3177, 668.4798, 442.6972, 362.1151, 370.0323, 402.214, 415.2651, 0.09083433, 380.0702, 389.5532, 1511.103
108.9, 280.565, 277.3227, 228.9128, 609.3844, 2230.145, 278.7168, 366.6408, 854.6982, 42.41029, 734.4147, 420.7554, 341.4373, 352.738, 443.6493, 392.7794, 0.08571057, 356.1185, 367.8293, 1434.14
109, 263.4181, 260.8076, 217.1499, 700.8258, 2226.792, 255.3937, 409.8944, 805.1533, 39.68941, 693.2192, 436.1109, 371.2742, 336.252, 415.4309, 371.5112, 0.08087583, 333.6763, 347.3168, 1684.665
109.1, 287.8355, 245.2761, 205.9916, 792.4148, 2195.563, 295.6192, 441.3297, 758.4803, 37.14309, 654.3345, 482.1936, 350.0734, 320.5365, 529.7248, 351.3946, 0.07631381, 312.6483, 327.9482, 1598.863
109.2, 270.2442, 230.6695, 195.4066, 755.9261, 2337.858, 270.8817, 412.7286, 714.5129, 34.76013, 617.6309, 458.2942, 330.0833, 402.6191, 496.0316, 332.3673, 0.07200912, 292.9455, 309.6598, 1517.43
109.3, 253.728, 216.9327, 185.3655, 721.1177, 2619.455, 248.2142, 385.981, 673.0942, 32.53006, 612.6342, 435.5793, 311.2346, 383.8018, 464.4814, 314.3703, 0.06794725, 274.4844, 292.3913, 1440.145
109.4, 255.9247, 204.014, 175.8403, 687.9122, 2548.264, 853.0577, 360.9668, 634.0764, 30.44305, 578.2697, 558.2697, 383.6688, 447.7404, 529.1572, 297.3478, 258.6324, 257.1866, 404.788, 1366.796
109.5, 252.5424, 191.8646, 166.8047, 656.2356, 2406.135, 1573.45, 337.5737, 597.3204, 28.48994, 605.1959, 562.0429, 439.5467, 478.0024, 504.6307, 281.247, 244.0435, 240.979, 382.2145, 1297.183
109.6, 237.1081, 180.4387, 158.2333, 626.0176, 2321.975, 1781.105, 315.6966, 572.9744, 26.66214, 571.2487, 588.3273, 565.2848, 567.9052, 472.5336, 297.1822, 230.2775, 225.7927, 405.6177, 1470.173
109.7, 222.6171, 169.6933, 150.1024, 597.1912, 2386.781, 1684.32, 295.2373, 539.7603, 24.9516, 1058.382, 607.2542, 533.0055, 541.3629, 453.6446, 281.0904, 336.05, 386.7523, 382.9979, 1455.066
109.8, 209.3355, 159.5877, 142.3893, 640.1548, 2253.659, 1543.376, 276.1039, 508.4716, 136.3587, 1748.77, 577.1563, 560.56, 533.798, 424.7905, 338.7207, 317.0941, 446.1285, 401.779, 1380.958
109.9, 332.2109, 150.084, 135.0725, 610.6774, 2219.278, 1456.544, 258.2105, 478.9966, 127.6104, 1745.628, 548.5502, 528.5505, 508.8497, 420.6853, 320.3797, 389.7469, 418.0139, 395.1337, 1514.997
110, 321.1808, 159.1109, 128.1317, 582.5573, 2099.425, 1334.66, 241.4767, 614.018, 119.4234, 1722.841, 521.3619, 498.3688, 541.5105, 393.9276, 342.9263, 367.7622, 589.6793, 537.8121, 1477.678
110.1, 351.91, 149.6356, 121.5476, 555.732, 2013.114, 1285.352, 225.8274, 578.4247, 141.0974, 1858.832, 495.5211, 469.9106, 583.1193, 379.1509, 324.3575, 347.0176, 552.5183, 507.8203, 1402.418
110.2, 330.4027, 140.7245, 115.3018, 530.142, 1954.256, 1177.793, 211.1922, 544.8947, 142.9959, 1754.565, 503.5871, 651.9915, 555.8658, 355.0349, 306.7943, 327.4431, 517.6992, 479.5011, 1459.677
110.3, 310.2099, 132.3441, 109.3769, 607.1716, 1845.258, 1079.235, 197.5055, 593.9921, 133.8218, 1687.974, 478.6273, 627.5228, 529.8862, 332.4529, 290.182, 308.9727, 485.0742, 528.5735, 1385.333
110.4, 502.5269, 146.0441, 103.7565, 664.4761, 1868.858, 988.9246, 270.2636, 575.8656, 250.8381, 1675.68, 515.2429, 591.6895, 505.1207, 311.3071, 274.4692, 367.8221, 454.5053, 499.097, 1314.776
110.5, 623.1051, 137.3469, 98.42493, 722.7461, 1764.623, 906.171, 252.7487, 815.419, 234.7453, 1581.687, 489.7054, 613.5218, 481.5128, 291.5064, 259.6073, 681.4547, 425.8629, 706.0391, 1701.166
110.6, 862.9098, 201.921, 93.36731, 689.4655, 1734.775, 830.3423, 236.3689, 768.151, 443.2784, 1492.965, 539.3322, 578.488, 459.0081, 272.9651, 245.5501, 643.0154, 399.0254, 666.666, 2046.925
110.7, 1016.878, 189.8963, 88.56957, 792.8108, 1792.605, 760.859, 234.7269, 723.623, 414.8394, 1440.73, 533.3787, 863.5294, 519.2673, 255.6031, 239.3402, 606.7443, 373.8792, 730.2418, 2057.896
110.8, 1078.164, 275.4785, 84.01837, 756.3039, 1692.623, 697.1901, 402.9863, 681.6761, 388.2249, 1383.252, 506.9423, 814.2195, 561.4841, 239.3454, 226.3804, 572.5192, 350.3177, 689.519, 1953.084
110.9, 1101.053, 259.0733, 79.70103, 721.4781, 1610.374, 638.8489, 376.87, 642.1609, 446.0106, 1305.662, 481.8163, 767.7253, 535.2419, 224.1218, 269.132, 540.2247, 328.241, 651.0671, 1853.611
111, 1033.761, 243.645, 75.60555, 688.2559, 1600.456, 585.3898, 503.1079, 604.9362, 417.3962, 1232.423, 506.2603, 723.8861, 539.6949, 247.5734, 281.2904, 509.7519, 307.5556, 704.4974, 1759.203
111.1, 970.582, 269.528, 71.7205, 656.5635, 1543.928, 536.4042, 470.5031, 605.6426, 422.4339, 1163.293, 481.168, 682.5502, 548.671, 231.8264, 324.6722, 480.9979, 288.1737, 827.5172, 1822.848
111.2, 911.2642, 253.4771, 68.0351, 657.9382, 1710.316, 491.5178, 632.6164, 1373.975, 628.6146, 1098.04, 591.191, 643.5748, 737.2594, 217.0811, 422.7841, 453.8659, 270.0133, 973.3984, 1730.007
111.3, 855.5716, 238.3821, 64.53908, 627.6419, 1880.691, 450.3874, 783.9597, 2099.72, 765.6089, 1036.448, 715.4504, 606.8249, 702.8019, 203.2736, 399.8912, 428.2643, 252.9973, 945.3464, 1641.895
111.4, 803.2827, 224.186, 61.22269, 635.3371, 1881.427, 412.6988, 741.5245, 2235.898, 795.9327, 978.3105, 694.5417, 572.1735, 669.9548, 190.3443, 491.6496, 404.1069, 237.0536, 892.628, 1558.271
111.5, 754.1895, 210.8353, 58.07673, 606.0815, 1903.572, 378.1641, 839.0712, 2807.951, 744.8687, 923.4342, 771.52, 539.5009, 638.6429, 178.2374, 465.0277, 381.3121, 222.1148, 903.3496, 1478.906
111.6, 708.0967, 198.2797, 55.09242, 578.173, 1807.899, 346.5192, 922.8689, 2813.293, 697.0808, 871.636, 733.2804, 508.6939, 608.7945, 166.9006, 439.8474, 359.8031, 208.1173, 852.9732, 1403.583
111.7, 664.8208, 186.4718, 52.26146, 555.7446, 1780.194, 317.5223, 863.0607, 2746.052, 652.3588, 822.7434, 696.9362, 479.6461, 580.3411, 156.2849, 416.0306, 339.5074, 195.002, 925.424, 1456.121
111.8, 654.5592, 244.3663, 49.57597, 612.639, 1680.904, 290.952, 823.0933, 2586.87, 610.5059, 776.5933, 662.3932, 452.257, 553.2175, 146.3443, 393.5034, 320.3566, 182.7131, 873.8165, 1655.129
111.9, 654.3722, 229.8139, 47.02848, 669.5456, 1591.153, 266.605, 769.7512, 2562.59, 571.3382, 733.0319, 629.5624, 426.4319, 527.3616, 137.0361, 372.196, 302.286, 171.1987, 825.0871, 1666.424
112, 620.6722, 216.1281, 44.61189, 638.7148, 1609.276, 244.2954, 719.8661, 2414.042, 534.6833, 970.0533, 658.3042, 402.0814, 502.7141, 128.3199, 413.1931, 285.2347, 312.6501, 779.0751, 1581.55
112.1, 592.4055, 203.2572, 42.31948, 609.3036, 1595.231, 223.8527, 715.9279, 2274.105, 532.5894, 1490.514, 703.9357, 379.1215, 479.2186, 120.1581, 420.6148, 269.1453, 490.2705, 794.5112, 1500.999
112.2, 625.9615, 191.1529, 40.14486, 581.2468, 1506.257, 205.1206, 669.5308, 2182.06, 557.7656, 1648.473, 669.0459, 357.4726, 456.8212, 112.5154, 397.8394, 253.9634, 459.3741, 750.2043, 1424.551
112.3, 587.7054, 179.7694, 38.08199, 689.0258, 1463.943, 187.9561, 626.1407, 2203.321, 521.9815, 1556.005, 689.625, 337.0599, 435.4706, 105.3588, 376.2972, 239.6379, 430.4248, 895.7347, 1510.149
112.4, 557.6732, 202.0572, 36.12513, 657.298, 1474.655, 172.2278, 736.4947, 2075.599, 511.7596, 1606.952, 754.681, 317.8129, 415.1179, 98.65746, 355.9214, 226.1205, 403.2999, 1024.415, 1433.234
112.5, 523.5906, 190.0243, 34.26881, 649.4248, 1578.09, 157.8158, 688.7648, 2052.634, 509.5526, 1543.182, 717.2761, 299.6649, 395.7164, 135.4507, 336.649, 213.3655, 377.8843, 967.287, 1360.238
112.6, 491.5909, 231.6482, 32.50789, 772.761, 1490.072, 144.6097, 644.1282, 2171.684, 582.8496, 1466.054, 681.725, 282.5532, 377.2217, 167.7651, 318.4202, 201.33, 354.0704, 913.3451, 1290.958
112.7, 461.547, 217.8531, 30.83745, 817.775, 1406.964, 132.5087, 666.7586, 2258.867, 545.4562, 1383.819, 647.936, 266.4187, 359.5913, 276.2664, 301.1784, 189.9735, 331.7572, 887.316, 1225.208
112.8, 433.3392, 204.8796, 29.25285, 780.1186, 1328.49, 121.4203, 623.5481, 2285.33, 510.4619, 1306.196, 615.8218, 251.2054, 342.785, 258.6945, 284.8702, 179.2575, 310.8502, 837.8338, 1162.806
112.9, 406.8553, 207.5201, 27.74967, 846.8479, 1373.125, 111.2598, 591.887, 2152.854, 477.7126, 1278.1, 585.2992, 236.8609, 326.7642, 278.9936, 279.5369, 169.146, 291.2607, 791.111, 1103.582
113, 381.9901, 213.3907, 26.32374, 851.0372, 1394.141, 101.9496, 553.5286, 2028.058, 447.0644, 1206.407, 746.4086, 223.3355, 311.4921, 261.2482, 264.4005, 159.6049, 272.9058, 939.0352, 1249.215
113.1, 431.5678, 263.5599, 99.09988, 811.8491, 1423.537, 93.4184, 517.6562, 1910.496, 418.3824, 1254.338, 890.2212, 210.5824, 296.9338, 244.6314, 250.0838, 150.6019, 255.7075, 901.7322, 1214.631
113.2, 405.1923, 247.8644, 94.00758, 774.4656, 1347.676, 85.60112, 484.1086, 1949.008, 391.5406, 1287.692, 1004.906, 198.5576, 283.0559, 401.7638, 294.0647, 142.1068, 447.621, 940.3703, 1332.098
113.3, 414.1996, 316.4813, 89.17693, 738.8035, 1272.51, 104.0777, 452.735, 1978.851, 366.4208, 1277.433, 1067.327, 381.64, 269.8266, 376.2095, 278.1417, 134.0909, 419.4124, 887.9294, 1364.32
113.4, 416.1304, 297.6342, 84.59452, 704.7835, 1292.7, 95.36845, 423.3947, 1885.046, 342.9127, 1216.16, 1143.645, 359.8473, 257.2157, 400.7703, 414.9924, 126.5271, 454.2462, 838.4129, 1294.833
113.5, 390.6983, 279.9096, 80.24757, 672.3301, 1324.905, 87.38799, 395.9558, 1775.774, 320.9127, 1147.942, 1086.962, 339.299, 245.1941, 375.2792, 422.631, 119.39, 595.9481, 791.6578, 1322.954
113.6, 366.8205, 263.2405, 83.97655, 641.371, 1479.617, 80.07533, 370.2952, 1852.217, 300.3242, 1083.55, 1033.088, 319.9241, 233.7344, 351.4095, 399.7463, 112.6555, 558.392, 747.51, 1467.197
113.7, 358.4202, 298.9375, 98.05678, 611.8376, 1530.455, 73.3746, 346.2975, 1744.849, 344.6098, 1173.893, 981.8837, 301.6555, 222.8103, 329.058, 409.5752, 106.3008, 523.2026, 705.8242, 1392.47
113.8, 336.515, 334.3548, 93.01807, 583.6641, 1480.577, 67.23459, 323.8551, 1727.798, 429.2556, 1184.208, 933.2177, 284.4302, 212.3967, 316.5361, 387.3976, 100.3046, 490.2309, 666.4631, 1401.503
113.9, 315.9487, 314.4434, 88.23827, 580.7001, 1397.998, 61.60838, 395.0494, 1708.686, 401.7162, 1117.782, 886.9637, 268.1884, 202.4698, 296.4028, 366.4208, 94.64668, 459.337, 629.2969, 1366.849
114, 296.6392, 295.7177, 83.70409, 568.8236, 1320.025, 56.45296, 379.0288, 1694.08, 375.9436, 1055.082, 843.0023, 252.8741, 193.007, 383.2789, 346.5798, 89.30787, 430.39, 768.0844, 1365.208
114.1, 278.5099, 360.7634, 94.23625, 542.6307, 1315.098, 51.72896, 354.4651, 1700.324, 423.0998, 1095.06, 1010.165, 238.4343, 183.9863, 383.6024, 489.1092, 84.27021, 513.8873, 917.229, 1601.38
114.2, 293.1723, 448.2873, 340.5774, 698.6248, 1802.264, 47.40026, 331.7008, 1843.611, 518.53, 1311.117, 960.0972, 224.8191, 175.3873, 546.3365, 700.0737, 79.51672, 717.3813, 999.5612, 1574.13
114.3, 275.2549, 577.3315, 323.0766, 666.455, 2085.467, 43.4338, 374.5226, 1801.337, 691.2932, 1473.214, 912.511, 211.9813, 167.1902, 511.5866, 761.7574, 75.03136, 985.1767, 989.0327, 1620.089
114.4, 258.4325, 583.1919, 306.4751, 695.2836, 2075.924, 39.79924, 350.2509, 2072.702, 979.3603, 1623.473, 867.2834, 199.8766, 159.3761, 479.0471, 760.5687, 70.799, 923.0918, 933.8781, 1903.385
114.5, 242.6382, 548.4618, 290.7267, 663.2676, 2088.937, 36.46883, 327.5523, 1975.156, 916.5283, 1657.618, 824.2974, 188.4631, 151.9273, 448.5772, 719.3855, 66.80539, 864.9194, 1031.524, 1962.018
114.6, 227.8092, 515.7999, 275.7875, 632.7259, 2041.722, 33.4171, 306.3247, 1945.437, 857.7273, 1632.214, 783.442, 177.7013, 144.8267, 420.0454, 867.9223, 63.03705, 810.413, 973.9996, 1862.09
114.7, 213.8864, 643.379, 261.616, 603.5905, 1927.845, 30.62075, 286.4727, 1891.822, 802.6988, 1540.658, 744.6115, 167.5541, 138.0578, 393.3283, 820.9261, 59.48127, 759.3416, 919.6833, 1767.25
114.8, 200.8146, 605.0646, 248.1727, 575.7968, 1820.32, 28.05839, 267.9073, 1782.157, 751.2007, 1454.238, 707.7056, 157.9863, 131.6054, 368.3106, 776.4746, 56.12606, 711.4886, 868.3961, 1677.241
114.9, 188.5417, 569.032, 235.4202, 549.2828, 1718.791, 25.71046, 250.5451, 1678.849, 703.0065, 1372.666, 672.629, 148.9648, 125.4545, 344.8841, 734.4301, 52.96012, 666.6512, 864.1909, 1591.817
115, 177.0188, 535.1451, 223.3229, 523.9898, 1622.926, 23.559, 234.3081, 1581.53, 657.9043, 1295.669, 639.2908, 140.4585, 119.5911, 322.9477, 694.6622, 49.97276, 624.6395, 815.9982, 1510.743
115.1, 166.2002, 503.2763, 211.8474, 499.8615, 1592.332, 21.58757, 219.1233, 1489.852, 615.6957, 1222.991, 607.605, 132.438, 114.0017, 302.4066, 657.0477, 47.15391, 585.2753, 796.8448, 1433.798
115.2, 156.0427, 473.3053, 200.9614, 476.8441, 1503.519, 19.78112, 204.9226, 1403.489, 576.195, 1154.39, 577.4897, 124.8754, 108.6736, 283.1719, 621.4698, 44.49406, 548.3918, 778.7571, 1360.773
115.3, 146.5061, 445.1191, 190.6349, 454.8867, 1419.661, 18.12583, 191.6423, 1360.011, 539.2285, 1089.636, 548.8671, 117.7447, 103.5945, 265.1607, 587.8185, 41.98425, 513.8327, 735.3287, 1291.466
115.4, 137.5522, 418.6115, 180.839, 433.9404, 1488.687, 16.60905, 179.2225, 1281.174, 504.6337, 1028.515, 521.663, 111.0211, 98.75277, 248.2951, 555.9894, 39.61601, 481.4514, 799.0021, 1225.69
115.5, 129.1456, 393.6825, 171.5465, 413.9586, 1405.656, 15.2192, 208.341, 1206.908, 472.2583, 970.8229, 495.8073, 104.6815, 94.13733, 232.5023, 525.8837, 37.38136, 451.1108, 783.6359, 1163.263
115.6, 121.2528, 370.238, 162.7314, 394.8969, 1629.102, 13.94565, 282.2599, 1136.946, 441.96, 916.3665, 471.2332, 98.70393, 89.7376, 217.7139, 497.4081, 35.27277, 422.6823, 781.3507, 1104.016
115.7, 113.8424, 348.1896, 154.3694, 408.4526, 1664.294, 12.77868, 263.9676, 1071.04, 413.6056, 875.5668, 447.877, 93.06767, 85.54351, 203.8662, 470.4745, 33.28311, 396.0453, 737.7777, 1196.507
115.8, 170.3102, 327.4543, 146.437, 389.6444, 1682.826, 11.70935, 263.441, 1008.954, 387.0702, 976.1829, 425.6785, 87.75325, 81.54543, 190.8992, 444.9993, 31.40568, 548.7147, 716.824, 1135.567
115.9, 159.9016, 307.9538, 138.9122, 392.1289, 1654.883, 10.72951, 246.3682, 950.4669, 362.2373, 943.0435, 404.5802, 82.7423, 77.73421, 178.7571, 420.9035, 29.63416, 604.4663, 676.8495, 1077.731
116, 150.1291, 338.9408, 131.7742, 394.8315, 1647.626, 9.831662, 230.4019, 895.3705, 338.9975, 967.5646, 384.5276, 78.01749, 74.10113, 167.3872, 398.1124, 27.96256, 595.4414, 693.9004, 1022.84
116.1, 140.9538, 318.7563, 125.0029, 376.6505, 1577.973, 9.008945, 215.4703, 843.4678, 317.2487, 913.291, 365.4689, 73.56248, 70.63784, 156.7405, 376.5555, 26.38526, 671.7007, 693.4527, 970.7454
116.2, 132.3393, 349.628, 118.5795, 359.3067, 1489.961, 8.255074, 201.5063, 794.5739, 296.8953, 862.0618, 347.3548, 69.36185, 67.33642, 146.771, 356.1657, 24.89692, 629.3708, 773.7892, 921.3038
116.3, 171.0471, 328.807, 112.4862, 342.7616, 1406.859, 7.564286, 299.9521, 748.5142, 277.8476, 813.7062, 330.1385, 65.4011, 64.18929, 137.4356, 437.4579, 23.49254, 715.8951, 730.6379, 874.3802
116.4, 160.5934, 309.226, 106.706, 326.9783, 1508.959, 6.931304, 290.8342, 705.1245, 260.022, 768.063, 313.7755, 61.66652, 61.18926, 128.694, 413.7704, 22.16738, 670.7801, 716.1214, 924.0992
116.5, 150.7786, 409.7668, 101.2229, 392.0214, 1466.452, 32.9267, 271.9861, 664.2499, 243.34, 724.9801, 298.2236, 58.14519, 58.32944, 120.5084, 391.3656, 20.91697, 628.5082, 676.186, 906.3029
116.6, 169.6952, 392.717, 96.02148, 373.9698, 1462.295, 60.95931, 254.3596, 625.7449, 227.7282, 684.3138, 283.4425, 54.82494, 55.60328, 112.8434, 370.174, 19.73709, 728.7491, 638.4777, 942.2025
116.7, 159.3241, 417.7709, 91.08735, 356.7495, 1380.736, 55.85822, 237.8754, 767.7047, 213.118, 645.9286, 269.394, 51.69429, 53.00453, 105.666, 391.1776, 18.62377, 682.8241, 602.8723, 1005.569
116.8, 194.4322, 498.4993, 86.40677, 340.3221, 1303.725, 51.18398, 222.4594, 723.2026, 199.4452, 609.6965, 256.0417, 48.7424, 50.52724, 98.94507, 369.9961, 17.57324, 639.7932, 569.2523, 954.3541
116.9, 182.5493, 763.0762, 81.96671, 324.6512, 1321.938, 46.90089, 208.0425, 694.7122, 186.6496, 575.4968, 243.3513, 45.95908, 48.16573, 92.65165, 349.9615, 16.58197, 599.474, 626.6375, 905.7473
117, 171.3927, 984.2517, 77.75479, 366.6689, 1380.067, 42.97621, 194.56, 654.4412, 174.6748, 543.2155, 231.2898, 43.33469, 45.91459, 86.75852, 431.1866, 15.64662, 696.9219, 591.6923, 859.6161
117.1, 160.9179, 925.6378, 73.75931, 349.7847, 1303.094, 39.37994, 181.9511, 616.5047, 163.4684, 512.7449, 417.3561, 40.86016, 43.76867, 81.24023, 407.8387, 14.76403, 921.7656, 671.6786, 815.8345
117.2, 151.0833, 870.5144, 69.96914, 367.6068, 1276.011, 36.08462, 170.1595, 595.2845, 152.9809, 483.9836, 396.6703, 38.52693, 41.72304, 76.07293, 385.7551, 13.93123, 906.3759, 634.2216, 1023.251
117.3, 141.8497, 860.9813, 66.37373, 350.6794, 1204.842, 33.06504, 159.132, 647.5095, 143.1662, 456.8355, 377.0097, 164.0385, 39.77301, 71.2343, 402.3209, 13.1454, 976.4242, 598.8535, 1058.533
117.4, 133.1805, 989.9496, 62.96308, 334.5316, 1209.128, 30.29815, 148.8191, 609.9749, 133.9812, 431.2102, 399.4274, 154.6715, 37.91413, 66.70343, 400.7827, 12.40389, 934.9528, 639.9504, 1283.756
117.5, 125.041, 930.9964, 59.72768, 319.1273, 1255.62, 27.76279, 139.1746, 574.616, 125.3855, 407.0223, 551.1718, 145.8393, 36.14213, 62.46075, 443.0159, 11.70422, 920.2308, 604.2628, 1218.372
117.6, 117.3991, 875.5539, 56.65854, 304.4323, 1227.495, 25.43959, 217.3598, 614.0429, 117.3412, 384.1913, 616.5366, 192.3693, 34.45294, 58.48792, 419.0275, 11.04401, 922.1925, 570.5653, 1156.318
117.7, 110.2241, 823.4131, 53.7471, 356.8908, 1264.717, 23.3108, 203.2734, 578.4482, 109.8131, 362.6408, 1207.626, 181.3845, 32.8427, 54.76778, 396.338, 10.42104, 1130.566, 538.747, 1345.33
117.8, 103.4877, 774.3774, 50.98527, 414.4183, 1194.177, 21.36014, 190.0999, 544.9168, 102.7679, 342.2992, 1691.962, 277.7023, 31.30773, 51.28427, 374.8771, 9.833215, 1197.277, 508.7031, 1396.65
117.9, 97.16297, 780.9614, 48.36536, 482.4553, 1286.299, 19.57272, 177.7802, 513.3292, 96.17468, 323.0986, 1784.801, 261.8447, 29.84449, 48.02232, 354.5782, 9.278545, 1157.22, 480.3347, 1654.801
118, 91.22478, 823.4518, 45.88007, 460.2395, 1233.891, 17.93487, 166.2588, 483.5726, 90.00449, 304.975, 1785.682, 246.8927, 28.44963, 44.96785, 335.3786, 8.755163, 1294.308, 453.5482, 1570.519
118.1, 85.64951, 964.0927, 43.5225, 474.7086, 1191.159, 16.43407, 155.4841, 455.541, 84.23014, 287.8681, 1842.09, 232.7944, 27.11997, 42.10767, 372.7336, 8.261304, 1212.742, 428.2556, 1545.415
118.2, 80.41498, 1091.854, 41.28606, 452.8495, 1124.722, 15.05886, 145.4077, 429.1343, 78.82626, 271.7207, 2298.14, 219.5012, 25.85246, 39.4294, 352.5508, 7.795302, 1136.316, 404.3734, 1466.704
118.3, 75.50036, 1225.633, 39.16455, 431.9969, 1061.991, 13.79873, 135.9843, 404.2583, 73.76907, 256.4791, 2740.587, 206.9671, 24.64418, 36.92149, 378.3572, 7.355587, 1064.707, 381.823, 1392.002
118.4, 70.8861, 1152.644, 37.15206, 412.1046, 1070.403, 12.64405, 127.1715, 380.8243, 69.03632, 242.0924, 2771.896, 195.1487, 23.49238, 34.57309, 409.1274, 6.940675, 997.6099, 360.5302, 1444.988
118.5, 66.55384, 1284.759, 35.24298, 393.1282, 1010.702, 11.58599, 118.93, 358.7488, 64.60722, 228.5127, 2648.827, 184.0052, 22.39441, 32.37406, 440.8098, 6.549167, 934.7415, 340.4248, 1371.392
118.6, 62.48635, 1208.249, 33.432, 375.0257, 954.3298, 10.61647, 111.2225, 337.9529, 60.46227, 215.6947, 2576.268, 173.498, 21.34776, 30.3149, 416.9408, 6.179743, 875.835, 321.4406, 1472.693
118.7, 88.54937, 1136.296, 31.71407, 357.7567, 901.1022, 9.728083, 104.0145, 318.3625, 56.58324, 203.5958, 2571.135, 195.7174, 20.35002, 28.38672, 394.3643, 5.831158, 820.6407, 442.8683, 1457.54
118.8, 90.71568, 1068.627, 30.08442, 341.283, 850.8433, 8.914034, 97.27366, 360.9806, 52.95307, 192.1755, 2482.287, 257.6258, 19.39892, 26.58118, 373.0103, 5.502235, 768.9247, 418.1712, 1383.305
118.9, 193.1415, 1004.989, 28.53852, 343.3827, 803.3875, 8.168104, 90.96967, 340.0553, 49.55581, 181.3958, 2673.208, 242.9147, 18.49226, 24.89048, 352.8125, 5.191867, 720.4678, 522.0217, 1452.559
119, 181.3375, 983.9103, 27.07204, 327.5708, 758.5786, 7.484594, 85.07421, 320.3431, 46.3765, 171.2208, 2703.782, 229.0436, 17.62799, 23.30731, 444.0322, 4.899005, 675.0646, 492.9106, 1512.893
119.1, 203.3076, 931.2598, 25.68093, 312.4871, 716.2689, 6.858281, 79.56082, 516.3962, 43.40116, 161.6165, 2716.059, 283.0768, 16.8041, 21.82485, 440.8577, 4.622663, 632.5226, 606.1617, 1435.839
119.2, 201.2752, 929.4159, 24.3613, 298.0978, 736.5485, 6.284378, 89.48962, 574.7133, 40.61671, 152.5509, 2709.628, 266.9124, 16.01872, 20.43667, 419.8024, 4.361909, 592.6617, 572.3584, 1413.06
119.3, 380.5905, 924.3183, 23.10948, 284.3712, 695.4675, 5.758499, 99.22188, 686.6404, 38.01089, 143.9939, 2640.584, 251.6709, 15.27005, 19.13679, 397.0709, 4.115864, 555.3127, 676.1709, 1397.521
119.4, 782.8235, 869.2735, 21.92198, 271.2767, 656.6779, 5.276626, 92.79163, 838.3675, 35.57226, 135.9169, 2604.144, 266.7564, 14.55637, 17.91959, 375.5703, 3.883697, 520.3174, 638.4634, 1791.494
119.5, 1297.777, 817.5067, 20.79551, 258.7851, 700.7063, 4.835076, 94.66969, 789.7692, 33.29008, 128.2929, 2621.443, 436.2437, 13.87604, 16.77981, 355.234, 3.664627, 487.5275, 691.5722, 1939.642
119.6, 1443.779, 807.7364, 19.72692, 246.8687, 661.6245, 4.430476, 402.4543, 743.988, 31.15432, 121.0966, 2521.173, 431.2966, 13.22751, 15.71253, 335.9988, 3.457913, 456.804, 653.0059, 1840.853
119.7, 1355.541, 759.6343, 18.71324, 235.5011, 686.6901, 4.059732, 376.3725, 785.7775, 29.15557, 114.3039, 2539.979, 406.6684, 12.60929, 14.71313, 532.2278, 3.26286, 428.0166, 616.5902, 1975.902
119.8, 1272.696, 714.3967, 17.75164, 224.6568, 648.39, 3.720012, 362.8241, 985.748, 27.28506, 107.8923, 2477.748, 383.4465, 12.01997, 13.7773, 503.4087, 3.078809, 401.0434, 664.1562, 2055.527
119.9, 1225.263, 751.327, 16.83946, 260.8417, 612.2261, 3.40872, 339.3106, 990.533, 25.53456, 101.8403, 2398.024, 500.318, 11.45819, 12.90099, 597.808, 2.905141, 375.7701, 725.6196, 1950.835
120, 1150.38, 706.5841, 15.97416, 387.2703, 578.0793, 3.123477, 317.321, 933.114, 23.89636, 96.12774, 2279.169, 511.3536, 10.92266, 12.08042, 565.438, 2.741268, 352.0894, 685.1545, 2089.678
120.1, 1080.073, 729.3013, 15.15331, 373.1692, 545.837, 2.862104, 296.7564, 879.0234, 22.36326, 90.73565, 2192.02, 551.2203, 10.41217, 11.31205, 534.8207, 2.58664, 329.9011, 646.946, 1983.247
120.2, 1166.4, 685.8701, 28.57606, 355.9857, 515.3929, 2.622602, 406.4317, 900.9417, 20.92852, 85.64602, 2083.375, 519.7441, 9.92553, 10.59254, 690.0467, 2.440733, 309.111, 610.8682, 1931.29
120.3, 1095.114, 645.0253, 27.10766, 465.0055, 486.6469, 2.403142, 398.6104, 904.386, 19.58583, 80.84188, 2027.579, 490.0653, 9.461637, 9.918801, 652.6821, 2.303057, 289.6311, 645.3586, 2078.022
120.4, 1111.452, 606.6129, 108.8363, 443.5932, 459.5042, 2.202046, 450.1895, 851.9608, 18.32928, 76.30722, 2148.355, 491.086, 9.019426, 9.287914, 921.4289, 2.173147, 271.3788, 609.3694, 2163.413
120.5, 1674.193, 627.3538, 108.9528, 474.9304, 433.8754, 2.017778, 794.2746, 895.1016, 17.15334, 72.02692, 2041.874, 481.6526, 8.597882, 8.697155, 871.5354, 420.4109, 254.2768, 733.0902, 2053.227
120.6, 2029.381, 589.9938, 118.0317, 506.8768, 409.6761, 1.84893, 742.8002, 997.1618, 16.05285, 67.98672, 1988.394, 506.1573, 8.19604, 8.14397, 891.5416, 768.6351, 238.2525, 692.2086, 2159.811
120.7, 2756.882, 735.3279, 111.9666, 483.5365, 386.8264, 1.694211, 832.8038, 949.6605, 15.02296, 64.17314, 2085.594, 615.4038, 404.3141, 7.625972, 984.9807, 883.3238, 223.2381, 871.7164, 2080.102
120.8, 3382.511, 781.1226, 106.2131, 461.2709, 365.2512, 32.15916, 895.3323, 894.6108, 14.05914, 60.57348, 2121.641, 580.2626, 428.4868, 7.140921, 931.6459, 1132.872, 209.1698, 823.1041, 2164.474
120.9, 3707.951, 734.6053, 100.7553, 440.0305, 344.8793, 29.46807, 837.3087, 853.4573, 13.15716, 57.17573, 2081.242, 547.128, 408.4605, 6.686721, 881.1992, 1068.969, 195.9881, 795.5966, 2291.977
121, 3582.579, 785.5741, 95.5779, 419.7683, 325.6437, 27.00217, 995.0519, 803.9843, 12.31305, 53.96857, 2008.384, 515.8855, 433.6021, 6.261411, 907.1682, 1008.671, 378.0494, 751.2291, 2254.402
121.1, 3688.296, 868.5511, 90.66657, 400.4391, 307.481, 24.74262, 930.5658, 757.3791, 11.52309, 111.2238, 1975.104, 507.442, 413.3367, 5.863153, 858.0469, 1035.186, 474.3006, 709.3359, 2371.076
121.2, 3490.842, 822.551, 86.00761, 381.9999, 290.3312, 22.67215, 958.5104, 713.4755, 10.78381, 104.985, 2007.178, 478.4657, 394.0184, 5.490226, 971.1175, 1065.757, 444.4106, 780.6938, 2250.313
121.3, 3517.941, 773.5667, 81.58806, 364.4098, 274.138, 20.77494, 896.3924, 672.1169, 10.09196, 99.09605, 2089.288, 451.144, 375.6031, 5.141019, 918.5334, 1005.64, 688.4556, 800.688, 2135.701
121.4, 3302.939, 886.9852, 77.39561, 347.6297, 258.848, 19.03649, 1050.38, 633.1558, 9.444503, 93.53746, 2096.422, 715.6682, 358.0484, 4.814023, 903.2549, 948.9141, 645.0698, 756.0367, 2327.922
121.5, 3286.793, 834.1637, 73.41859, 331.6222, 244.4108, 17.44351, 1044.224, 596.4532, 8.83858, 88.29066, 2041.676, 749.0942, 341.3141, 4.507827, 854.3455, 895.388, 604.4182, 733.3467, 2209.357
121.6, 3102.021, 784.4878, 69.64593, 316.3519, 230.7788, 15.98383, 976.5515, 626.942, 8.271531, 83.33818, 2000.284, 863.1893, 325.362, 4.221106, 971.3368, 844.8812, 566.3283, 881.5286, 2096.831
121.7, 2912.439, 762.8065, 66.06712, 301.7847, 217.9071, 14.6463, 913.2643, 693.3636, 7.740861, 78.66349, 1941.758, 813.8988, 310.1555, 3.952621, 1157.964, 797.2233, 530.6389, 928.9109, 1990.036
121.8, 2902.791, 720.4875, 62.67222, 287.8883, 205.7534, 13.42069, 994.9623, 672.7626, 7.244237, 74.25102, 2078.549, 767.423, 419.5503, 3.701214, 1517.987, 752.2538, 497.1985, 877.1091, 2048.754
121.9, 2979.571, 745.3503, 59.45177, 274.6318, 194.2775, 12.29764, 1106.628, 711.5909, 107.6966, 70.08606, 2116.823, 723.601, 399.9417, 3.465798, 1570.148, 1078.13, 465.8655, 828.196, 2232.186
122, 3459.303, 700.9634, 56.3968, 261.9857, 183.4417, 11.26857, 1058.174, 670.3416, 223.7394, 66.15472, 2040.782, 682.2814, 501.4197, 3.245355, 1717.998, 1128.92, 436.5071, 900.3811, 2251.477
122.1, 3432.447, 659.2198, 53.49882, 249.922, 173.2102, 10.32561, 989.5969, 684.0191, 209.3852, 109.8305, 2008.992, 706.9139, 477.9847, 3.038934, 1624.972, 1208.606, 408.9989, 861.0694, 2136.806
122.2, 3222.67, 619.9621, 50.74975, 238.4137, 163.5494, 9.461561, 989.8759, 674.4104, 195.9518, 103.6698, 2030.062, 666.5472, 455.645, 2.845642, 1559.753, 1229.646, 383.2242, 930.7103, 2144.04
122.3, 3204.587, 583.0422, 48.14194, 227.4354, 154.4275, 8.669815, 925.7252, 635.3163, 183.3803, 97.85465, 1959.666, 628.4856, 434.3494, 2.664644, 1503.396, 1258.193, 359.0737, 878.8081, 2221.713
122.4, 3008.736, 548.321, 45.66814, 216.9626, 145.8143, 7.944322, 865.7319, 598.4885, 171.6153, 92.36569, 1889.477, 592.5974, 414.049, 2.495159, 1839.326, 1187.221, 336.4453, 829.8003, 2388.417
122.5, 2824.855, 515.6675, 43.32145, 206.972, 137.6815, 7.279539, 809.6265, 563.7954, 160.6051, 240.5394, 1811.924, 609.8701, 394.6975, 2.336454, 2066.766, 1120.252, 315.2428, 783.5255, 2266.771
122.6, 2739.191, 557.0263, 55.98705, 197.4415, 130.0023, 6.670384, 757.1572, 575.1846, 150.3013, 227.0468, 1722.118, 686.1978, 376.2504, 2.187844, 2119.446, 1057.061, 295.3765, 739.8312, 2151.32
122.7, 2571.783, 523.8544, 90.92733, 188.3499, 122.7515, 6.112205, 809.0634, 694.4413, 140.6586, 365.0353, 1782.702, 647.014, 358.6655, 2.048685, 2231.409, 1175.276, 276.7621, 698.5736, 2112.05
122.8, 2414.607, 492.658, 86.25497, 179.6768, 115.905, 5.600733, 756.6306, 654.186, 131.6344, 563.072, 1814.844, 610.0677, 341.9024, 1.918378, 2110.583, 1108.981, 259.3209, 659.6168, 2250.272
122.9, 2349.746, 463.3193, 81.82271, 171.4032, 109.4404, 5.132062, 707.5958, 616.2643, 123.1893, 667.4431, 1724.894, 575.2311, 325.9228, 1.79636, 2062.329, 1046.426, 242.9787, 622.8325, 2135.662
123, 2206.14, 435.7278, 77.61819, 163.5105, 103.3364, 4.70261, 661.7387, 580.5409, 115.2859, 630.0043, 1639.401, 542.3839, 310.69, 1.682102, 1990.596, 987.3995, 227.6664, 588.0994, 2026.889
123.1, 2071.31, 409.7794, 73.62973, 155.9813, 97.57281, 4.309093, 618.8535, 546.8882, 107.8896, 664.688, 1558.146, 511.4122, 296.1692, 1.575111, 1882.809, 931.7025, 213.3191, 555.3033, 1981.146
123.2, 1944.72, 416.4169, 69.84622, 148.7988, 92.13069, 3.948507, 578.7476, 666.7437, 100.9678, 627.4037, 1480.918, 482.2092, 282.3271, 1.474926, 1802.736, 879.1473, 415.1362, 524.3362, 1880.243
123.3, 1825.867, 743.3445, 66.25713, 141.947, 86.99211, 3.618095, 541.2408, 730.166, 94.49014, 592.2108, 1467.339, 454.6737, 269.1318, 1.381113, 1705.122, 829.5566, 614.6951, 495.0959, 1826.398
123.4, 1714.278, 699.077, 62.85246, 135.4107, 82.14013, 3.315331, 506.1647, 692.9129, 88.42801, 650.3367, 1444.008, 428.7106, 256.5533, 1.293267, 1612.793, 782.7632, 575.9576, 579.1048, 1771.321
123.5, 1609.509, 657.4457, 59.62275, 129.1754, 77.55877, 3.037903, 473.3618, 652.7463, 82.75481, 635.6693, 1426.303, 404.2301, 244.5627, 1.211009, 1525.463, 738.6093, 539.6613, 546.8103, 1791.264
123.6, 1559.02, 618.2937, 56.55899, 123.2272, 73.23293, 2.78369, 442.6847, 614.908, 77.44557, 600.0128, 1355.61, 381.1474, 233.1325, 1.133982, 1442.863, 696.946, 505.6524, 516.3168, 1700.032
123.7, 1463.74, 581.4732, 53.65268, 117.5529, 134.1903, 2.55075, 413.9957, 579.2632, 72.47696, 566.3563, 1288.421, 359.3829, 222.2365, 1.061855, 1364.734, 657.6328, 473.7867, 487.5237, 1613.446
123.8, 1374.282, 772.7206, 50.8957, 112.1399, 126.7059, 2.337303, 387.166, 545.6846, 67.82712, 543.6776, 1224.561, 338.8611, 211.8498, 0.9943156, 1474.462, 620.5372, 443.9291, 460.3364, 1531.271
123.9, 1290.292, 726.7037, 48.28039, 106.9761, 119.6388, 2.141716, 362.075, 514.0524, 63.47559, 522.5964, 1163.867, 319.5112, 201.9485, 0.9310719, 1394.623, 585.5341, 415.9531, 477.9915, 1501.204
124, 1211.435, 895.3693, 45.79947, 102.0502, 112.966, 1.962497, 338.61, 540.7802, 59.40324, 556.8486, 1323.538, 301.2663, 192.51, 0.8718509, 1374.552, 552.5054, 389.7401, 451.3357, 1542.834
124.1, 1137.397, 862.1402, 43.44604, 97.35102, 106.6653, 1.798275, 316.6658, 551.0394, 55.59216, 525.6133, 1257.938, 284.0631, 183.5126, 0.8163967, 1486.906, 521.3398, 365.1791, 426.1664, 1464.255
124.2, 1067.884, 810.7982, 41.21354, 92.86826, 100.7161, 1.647794, 296.1437, 519.0969, 52.02557, 496.1301, 1195.59, 383.3425, 174.9357, 0.7644696, 1620.638, 491.9323, 342.1659, 402.4007, 1594.134
124.3, 1002.62, 776.5567, 39.09575, 88.59192, 214.6693, 1.509906, 276.9516, 489.006, 48.68781, 548.6853, 1198.614, 361.4526, 166.7597, 0.7158453, 1850.154, 464.1835, 320.6029, 379.9604, 1512.943
124.4, 996.2014, 748.6035, 37.08679, 84.51249, 202.6962, 1.383557, 259.0032, 460.6594, 45.56419, 534.4792, 1246.636, 340.8127, 158.9658, 0.6703139, 2114.421, 437.9999, 300.3988, 358.7714, 1435.886
124.5, 969.3308, 704.0228, 35.18106, 80.62091, 191.3908, 1.26778, 242.218, 461.1282, 42.64096, 616.2426, 1184.848, 519.3365, 371.0159, 0.6276785, 2167.224, 564.2305, 281.468, 338.7641, 1625.327
124.6, 910.0894, 668.7453, 33.37326, 76.90853, 180.716, 1.161692, 226.5206, 480.2275, 39.90528, 790.96, 1177.891, 489.681, 404.9595, 0.5877548, 2166.625, 779.0721, 263.7301, 466.1743, 1666.29
124.7, 854.4686, 759.428, 31.65836, 73.3671, 205.323, 1.064481, 211.8406, 452.3898, 37.34512, 1246.654, 1237.426, 461.7189, 557.8721, 0.5503706, 2059.466, 940.7441, 247.1101, 588.8151, 1712.483
124.8, 931.866, 788.7496, 30.03157, 69.98873, 193.8711, 0.9754052, 198.1118, 426.1657, 153.6001, 1741.854, 1269.231, 435.3535, 751.6326, 0.5153642, 2159.426, 950.9748, 231.5374, 581.0024, 1701.687
124.9, 1136.825, 741.7782, 28.48838, 66.76593, 183.058, 0.893783, 185.2728, 401.4619, 143.7457, 1824.649, 1311.759, 460.122, 827.3734, 0.4825843, 2114.947, 1066.796, 216.9462, 698.8077, 1678.613
125, 1067.347, 697.604, 27.02449, 63.69153, 172.8479, 0.8189909, 300.9708, 449.0017, 216.0765, 1722.299, 1246.743, 433.8478, 788.7042, 0.4518895, 2000.427, 1042.574, 415.2819, 659.8378, 1715.217
125.1, 1002.115, 720.0025, 25.63582, 60.75871, 163.2074, 0.7504575, 281.4659, 422.9741, 210.9422, 1901.216, 1241.815, 409.0739, 751.8423, 0.4231469, 1971.913, 983.7644, 389.1113, 623.0411, 1836.171
125.2, 940.8704, 817.5486, 24.3185, 57.96093, 154.1045, 0.687659, 263.2249, 562.0411, 329.5343, 1820.073, 1403.146, 566.4556, 755.8107, 0.3962326, 1865.138, 1062.308, 364.5898, 672.4241, 1812.499
125.3, 893.4321, 846.0551, 23.06888, 55.29198, 158.443, 0.6301154, 246.1662, 723.0196, 522.1122, 1717.98, 1607.939, 534.1094, 793.2219, 0.3710302, 1764.144, 1002.385, 341.6137, 673.9984, 1769.13
125.4, 1043.426, 795.671, 21.88347, 52.74593, 149.6059, 0.5773872, 274.2087, 699.2022, 560.0914, 1852.28, 1528.243, 503.6103, 756.1488, 0.3474307, 1668.62, 945.8431, 320.0856, 636.412, 1776.577
125.5, 1132.887, 799.8926, 40.06128, 50.31711, 141.2616, 0.5290712, 302.6513, 658.671, 594.1456, 1748.38, 1452.497, 602.6996, 720.8084, 0.3253323, 1578.267, 892.4902, 429.402, 600.9218, 1987.881
125.6, 1262.635, 752.2576, 38.0027, 48.00014, 133.3828, 0.4847984, 283.0374, 620.4893, 657.2592, 1650.308, 1494.893, 568.2838, 687.1198, 0.3046395, 1504.214, 1018.466, 491.8282, 588.2881, 1886.635
125.7, 1391.016, 788.7509, 36.04991, 45.78986, 125.9434, 0.4442303, 264.6947, 584.5209, 751.6163, 1557.737, 1560.922, 747.7223, 784.8983, 0.2852628, 1422.764, 1299.746, 460.8336, 615.5773, 1925.391
125.8, 1602.114, 741.7794, 34.19746, 130.4882, 118.9189, 0.407057, 319.9465, 550.6376, 703.3954, 1484.208, 1640.152, 705.0253, 748.2142, 0.2671186, 1476.682, 1369.989, 494.5596, 874.7051, 1827.328
125.9, 1619.52, 697.6052, 32.4402, 167.4132, 112.2862, 0.3729943, 299.2118, 636.6984, 670.3011, 1545.1, 1742.87, 823.0661, 713.2447, 0.2501285, 1430.65, 1292.711, 575.9613, 865.3387, 1773.853
126, 1520.542, 657.072, 30.77324, 159.7043, 106.0234, 0.341782, 279.8208, 685.4712, 1000.568, 1458.431, 1804.342, 1026.183, 679.9095, 0.234219, 1428.029, 1464.425, 573.6327, 883.5049, 1865.52
126.1, 1562.656, 617.9422, 64.75554, 152.3503, 100.11, 0.3131816, 261.6865, 703.4054, 936.3751, 1508.322, 2048.016, 967.585, 768.5841, 0.2193215, 1350.704, 1530.35, 733.3252, 950.1556, 1770.506
126.2, 1536.827, 581.1426, 111.822, 145.335, 94.52634, 0.2869744, 398.0381, 723.0275, 956.1719, 1590.205, 2024.036, 912.3333, 732.6625, 0.2053715, 1277.566, 1444.027, 687.1118, 951.9412, 2071.992
126.3, 1442.903, 546.5345, 106.076, 138.6427, 89.25414, 0.2629603, 372.2425, 681.1152, 1181.624, 1596.769, 2014.449, 860.2365, 698.4199, 0.1923088, 1499.267, 1362.572, 742.4608, 1003.037, 1966.462
126.4, 1543.863, 550.8668, 100.6252, 229.6347, 118.1361, 0.2409557, 348.1186, 641.6324, 1105.816, 1802.343, 2100.169, 984.3704, 665.7776, 0.180077, 1522.26, 1349.693, 744.8521, 1045.598, 2013.49
126.5, 1566.185, 518.0616, 328.9409, 219.0606, 111.547, 0.2207925, 325.5582, 604.4384, 1177.015, 1773.882, 2130.62, 1175.726, 634.6609, 0.1686231, 1439.833, 1365.413, 697.9122, 987.2888, 1948.604
126.6, 1585.161, 487.2101, 499.2668, 208.9734, 105.3255, 0.2023165, 304.4598, 613.9031, 1101.502, 1732.472, 2276.393, 1108.588, 604.9986, 0.1578978, 1361.869, 1364.333, 1011.689, 1053.456, 1959.448
126.7, 1488.282, 458.1959, 473.6117, 199.3507, 99.45099, 92.10359, 325.2516, 578.3165, 1030.834, 1676.12, 2511.893, 1045.285, 576.7226, 0.1478547, 1288.126, 1287.374, 947.9337, 994.7083, 1859.65
126.8, 1397.325, 480.554, 532.4855, 190.1711, 160.1234, 84.39633, 353.4379, 913.7292, 1129.399, 2057.634, 2439.65, 985.5963, 549.7681, 0.1384504, 1371.399, 1255.105, 888.1958, 990.3719, 1764.935
126.9, 1311.926, 451.9362, 505.1234, 181.4143, 276.2756, 77.33402, 330.5327, 1070.95, 1056.941, 2560.339, 2431.044, 1013.577, 524.0734, 0.1296442, 1403.474, 1184.307, 832.2225, 935.1426, 1675.044
127, 1231.747, 461.004, 479.1673, 173.0606, 455.2173, 128.7909, 309.112, 1008.869, 989.1318, 2570.206, 2310.552, 955.6992, 499.5797, 0.1213982, 1457.518, 1215.455, 779.7767, 974.891, 1589.731
127.1, 1156.468, 433.5504, 607.9827, 165.0916, 429.8276, 118.0137, 289.0794, 950.3871, 925.6729, 2426.036, 2298.954, 901.1261, 476.2307, 0.1136766, 1378.597, 1146.894, 730.6359, 1007.304, 1772.624
127.2, 1085.789, 407.7317, 576.7411, 157.4896, 405.854, 248.6217, 270.3451, 895.2953, 866.2853, 2453.91, 2185.009, 849.6693, 453.9729, 0.1064462, 1303.948, 1082.2, 684.592, 951.1303, 1854.117
127.3, 1019.43, 414.2368, 547.1049, 150.2376, 383.2176, 227.817, 252.8249, 843.397, 810.7077, 2375.474, 2076.711, 801.1509, 432.7554, 0.09967567, 1233.342, 1021.156, 641.4496, 898.0894, 1759.684
127.4, 957.1273, 389.5683, 518.9916, 143.3195, 361.8436, 208.7532, 236.4401, 794.5072, 758.6958, 2294.176, 1997.48, 755.403, 412.5296, 0.09333578, 1314.609, 963.5545, 601.0261, 925.4681, 1670.06
127.5, 929.0581, 366.3688, 492.3229, 136.7201, 341.6618, 191.2846, 221.1172, 748.4514, 710.0208, 2165.489, 1988.586, 712.2674, 393.2491, 0.08739914, 1243.425, 909.2026, 563.15, 906.5459, 1585.001
127.6, 872.278, 344.5509, 467.0245, 130.4245, 398.7502, 175.2779, 206.7873, 705.0653, 664.4686, 2120.569, 2063.307, 671.595, 374.8697, 0.0818401, 1176.096, 857.9165, 527.6608, 855.9913, 1504.275
127.7, 818.9681, 324.0323, 443.0262, 124.4187, 380.5771, 251.3447, 193.386, 664.1942, 621.8388, 2277.936, 1961.041, 633.2451, 357.3493, 50.59109, 1204.654, 809.5234, 494.4081, 808.2559, 1427.66
127.8, 768.9163, 304.7356, 420.261, 118.6896, 359.3505, 275.9122, 180.8533, 634.9969, 581.944, 2171.589, 1863.844, 597.085, 340.6477, 119.4574, 1139.424, 917.824, 463.251, 820.9176, 1354.947
127.9, 742.2964, 286.588, 445.8132, 113.2242, 339.3077, 252.8238, 169.1328, 638.4195, 544.6087, 2066.307, 1771.465, 738.2672, 324.7268, 111.8593, 1077.727, 866.0516, 434.0574, 775.1381, 1285.937
128, 774.6701, 269.5212, 542.6183, 108.0106, 331.4223, 256.1415, 158.1718, 601.4117, 509.6687, 2067.897, 1775.197, 696.1101, 309.5499, 104.7445, 1019.37, 862.5085, 406.7035, 777.4803, 1220.442
128.1, 727.3256, 253.4707, 514.7355, 103.037, 312.9373, 234.7075, 147.9212, 566.5493, 476.9703, 1951.902, 1713.614, 656.3603, 295.0824, 98.08216, 964.1733, 813.8564, 381.0734, 734.1232, 1323.348
128.2, 682.8745, 238.3761, 488.2855, 98.29237, 338.2127, 227.5583, 138.3349, 533.7076, 446.3697, 1842.414, 1688.938, 618.8803, 281.291, 91.84363, 1115.771, 767.9485, 357.0585, 693.1839, 1296.897
128.3, 641.1401, 224.1804, 463.1947, 93.76627, 319.3489, 208.5162, 182.8637, 502.7698, 417.7324, 1825.777, 1741.903, 583.5405, 268.1443, 86.0019, 1055.354, 724.6303, 334.557, 713.4467, 1230.844
128.4, 601.9564, 210.83, 439.3931, 89.44858, 301.5372, 191.0675, 171.0129, 530.6451, 390.9323, 1776.757, 1801.185, 550.2188, 374.1187, 80.53173, 1143.157, 962.7347, 313.4736, 673.6605, 1442.887
128.5, 565.1674, 198.2747, 540.5895, 85.3297, 284.719, 277.2757, 159.9301, 513.5549, 365.8515, 1864.75, 1943.749, 518.7997, 459.2542, 102.2563, 1081.257, 1000.913, 293.7188, 825.6011, 1369.399
128.6, 530.6267, 186.4671, 527.6771, 222.6128, 268.8388, 254.0732, 309.6171, 562.3127, 342.3799, 1760.151, 1965.156, 489.1749, 632.9478, 191.0638, 1022.709, 1063.987, 275.2089, 779.5605, 1299.653
128.7, 498.1971, 175.3627, 500.5621, 291.7241, 253.8444, 408.4423, 289.5518, 631.9805, 320.4141, 1743.118, 1940.588, 461.2416, 603.3655, 178.9112, 1075.255, 1176.044, 257.8655, 851.688, 1233.459
128.8, 575.6465, 164.9195, 474.8404, 278.291, 239.6862, 374.2637, 270.7868, 595.346, 299.8575, 1645.342, 1844.405, 434.9035, 575.1658, 167.5315, 1017.032, 1109.706, 241.6151, 928.5464, 1170.637
128.9, 585.9492, 155.0983, 450.4404, 265.4764, 226.3177, 342.9452, 253.238, 560.8351, 280.6198, 1553.049, 1771.651, 410.0693, 548.2841, 156.8756, 1016.819, 1047.11, 226.3887, 876.7648, 1111.015
129, 550.1384, 145.8619, 427.2943, 253.2519, 213.6949, 314.2474, 236.8265, 570.6262, 262.6163, 1465.934, 1837.632, 386.6532, 522.6588, 190.9129, 1016.39, 1086.149, 212.1219, 827.871, 1054.429
129.1, 588.8698, 137.1755, 405.3375, 241.5903, 201.7761, 287.9511, 221.4785, 537.5482, 245.7679, 1617.206, 1816.471, 364.5743, 498.2311, 178.7698, 990.1067, 1052.875, 198.7542, 781.7037, 1000.725
129.2, 552.8806, 129.0065, 384.5089, 230.4657, 190.522, 263.8553, 207.1252, 517.6997, 230.0003, 1526.493, 1726.439, 343.7561, 474.9452, 188.5328, 974.9545, 1108.751, 186.2289, 738.1111, 949.7566
129.3, 519.0908, 121.3239, 364.7507, 219.8534, 179.8957, 241.7758, 193.702, 487.6898, 215.2444, 1640.729, 1738.101, 324.1267, 452.7475, 176.5411, 922.1627, 1338.188, 174.4929, 696.9494, 1225.463
129.4, 487.3662, 114.6895, 346.0078, 209.7297, 169.862, 221.5439, 216.9528, 459.4195, 201.4352, 1578.462, 1693.628, 305.6182, 431.5873, 165.3122, 973.1888, 1262.704, 163.4966, 658.0832, 1163.048
129.5, 457.5805, 107.8595, 328.2279, 200.0722, 160.388, 203.005, 256.6559, 432.788, 188.5118, 1489.921, 1661.876, 288.1665, 411.4161, 154.7975, 929.8234, 1191.477, 153.1932, 621.3844, 1103.812
129.6, 429.6151, 101.4363, 311.3617, 190.8594, 151.4423, 186.0175, 240.0229, 407.7002, 176.4176, 1406.347, 1579.506, 271.7114, 392.1876, 144.9516, 879.4753, 1124.269, 143.5391, 586.7321, 1143.297
129.7, 403.3589, 95.39556, 295.3622, 182.0708, 142.9956, 170.4515, 260.837, 384.0667, 165.0994, 1327.461, 1501.22, 256.196, 373.8578, 135.7319, 934.4263, 1060.851, 134.4934, 554.0123, 1085.067
129.8, 378.7073, 89.71458, 280.1848, 173.6869, 135.0201, 156.188, 268.1998, 361.8032, 154.5072, 1253, 1426.813, 241.5665, 356.3847, 127.0986, 969.8809, 1001.011, 126.0177, 523.1171, 1029.803
129.9, 385.7097, 84.37193, 265.7874, 165.6891, 165.5984, 143.1182, 250.8186, 340.8303, 144.5946, 1332.338, 1510.903, 227.7724, 339.7282, 119.0145, 917.3638, 1079.961, 118.0762, 493.9448, 977.3536
130, 362.1367, 79.34743, 252.1297, 158.0596, 156.3621, 131.142, 234.5638, 321.0731, 135.318, 1322.993, 1510.773, 214.7659, 323.8502, 111.4446, 867.6904, 1019.043, 110.6352, 466.3994, 927.5754
130.1, 453.2462, 74.62215, 239.1739, 150.7813, 257.6161, 120.168, 219.3625, 317.9444, 126.6365, 1350.905, 1494.513, 202.5022, 308.7143, 104.3561, 901.3055, 961.5611, 103.663, 440.39, 880.3325
130.2, 425.5457, 70.17827, 226.8838, 143.8382, 243.2476, 110.1123, 205.1463, 299.5139, 118.512, 1275.129, 1420.439, 190.9388, 294.2859, 97.71853, 852.5017, 1114.718, 97.1303, 415.8311, 835.4957
130.3, 399.5381, 65.99903, 215.2252, 137.2149, 229.6805, 100.898, 191.8514, 308.4861, 110.9087, 1203.603, 1443.249, 180.0357, 280.5317, 91.50312, 841.9465, 1201.725, 91.00925, 392.6418, 792.9425
130.4, 375.1201, 62.06867, 204.1657, 130.8965, 216.8701, 92.45486, 179.4182, 290.6038, 103.7932, 1359.418, 1462.702, 169.7551, 267.4204, 85.68304, 870.868, 1133.938, 85.27393, 370.7456, 931.0089
130.5, 483.6037, 58.37237, 193.6745, 124.869, 204.7742, 84.71821, 167.7906, 285.722, 97.13425, 1320.154, 1390.205, 160.0616, 254.9219, 80.23316, 823.7123, 1184.429, 79.90005, 350.0706, 883.5911
130.6, 496.1263, 54.89619, 183.7224, 119.1191, 193.3529, 77.62896, 156.9167, 269.1593, 90.90249, 1246.103, 1321.301, 150.9217, 243.0076, 75.12991, 779.1099, 1117.618, 325.4305, 330.5484, 1248.718
130.7, 468.0053, 51.62703, 174.2818, 113.634, 182.5687, 71.13294, 146.7474, 260.7507, 85.07053, 1176.205, 1292.154, 142.3036, 231.65, 70.35126, 764.6893, 1054.575, 304.9221, 312.115, 1185.118
130.8, 439.4028, 48.55255, 165.3262, 108.4015, 172.3859, 65.18051, 137.2372, 314.1327, 364.3275, 1110.228, 1228.11, 134.1777, 220.8233, 65.87655, 723.283, 995.0892, 285.7062, 294.7095, 1124.758
130.9, 412.5484, 45.66116, 156.8308, 103.4099, 162.7711, 59.72618, 128.3432, 295.9232, 340.9536, 1147.566, 1198.756, 126.5158, 210.5026, 61.68646, 684.1187, 1173.71, 267.7013, 278.2747, 1067.473
131, 387.3352, 42.94195, 148.7719, 98.64809, 153.6926, 54.72828, 120.0257, 278.7691, 319.0793, 1083.195, 1139.341, 119.2914, 200.6643, 57.76288, 647.075, 1107.504, 464.3751, 262.7563, 1013.105
131.1, 363.6629, 40.38468, 141.1272, 94.10561, 145.1204, 50.1486, 112.2472, 262.6095, 298.6084, 1022.436, 1249.099, 112.4795, 191.2858, 54.08886, 699.2405, 1045.032, 435.1106, 248.1034, 961.5055
131.2, 341.4374, 37.9797, 133.8753, 89.77229, 137.0263, 45.95214, 104.9729, 247.3866, 279.4509, 965.0842, 1426.994, 106.0566, 182.3456, 50.64853, 788.373, 986.0843, 407.6903, 234.2676, 912.5344
131.3, 320.5702, 35.71795, 126.996, 85.6385, 129.3837, 42.10685, 98.1699, 233.0462, 261.5224, 984.1879, 1471.817, 100.0005, 173.8233, 47.42702, 789.0187, 930.4615, 381.9981, 221.2034, 866.0576
131.4, 300.9783, 33.59088, 120.4702, 81.69508, 130.9105, 38.58334, 91.80782, 219.537, 244.7441, 952.9985, 1520.891, 94.29022, 165.6992, 44.41042, 746.2949, 877.9763, 357.9249, 208.8677, 821.9478
131.5, 282.5838, 31.59048, 114.2798, 77.93323, 123.609, 35.35467, 85.85805, 206.8109, 229.0423, 899.5419, 1545.119, 88.90599, 157.9549, 41.58568, 874.4413, 828.4516, 335.3688, 197.2199, 780.0847
131.6, 265.3135, 29.70921, 108.4075, 74.3446, 116.7147, 32.39618, 80.29386, 194.8225, 214.3478, 849.0839, 1503.101, 83.82922, 150.5725, 38.94062, 827.0921, 781.7205, 314.2342, 186.2217, 740.3537
131.7, 249.0986, 27.93998, 102.8369, 178.0999, 110.2049, 29.68526, 75.09027, 217.0838, 200.596, 801.4563, 1445.629, 79.04234, 143.5352, 36.46379, 782.3068, 737.6254, 294.4315, 175.8368, 702.6463
131.8, 233.8748, 26.2761, 97.55254, 169.8989, 104.0583, 27.20119, 70.22391, 234.0334, 187.7266, 756.5002, 1483.243, 74.5288, 136.8267, 34.1445, 739.9465, 696.0176, 275.8767, 166.0311, 666.8594
131.9, 219.5814, 24.71131, 92.53973, 162.0755, 98.25441, 24.92498, 65.67292, 220.467, 175.6827, 773.2017, 1409.728, 70.273, 130.4318, 31.97274, 765.3405, 656.7568, 258.4912, 156.7722, 632.8951
132, 206.1615, 23.23971, 87.78452, 176.9575, 92.77428, 22.83925, 61.41687, 207.687, 164.4116, 729.8305, 1416.23, 66.26022, 124.3358, 29.9391, 763.4393, 619.7106, 242.2013, 148.0296, 600.6608
132.1, 267.5276, 21.85574, 83.27366, 168.8091, 87.5998, 20.92805, 57.43663, 195.6479, 153.8636, 688.8922, 1536.507, 62.47658, 118.5246, 28.03482, 735.0323, 584.7542, 226.938, 139.7745, 570.0681
132.2, 251.1774, 20.55419, 78.99459, 161.0359, 82.71393, 19.17679, 53.71435, 184.3066, 143.9923, 672.6512, 1472.436, 58.909, 112.9851, 26.25166, 731.2149, 551.7695, 212.6366, 131.9798, 541.0336
132.3, 235.8266, 19.33015, 74.9354, 153.6206, 78.10056, 17.57207, 50.23329, 173.6227, 134.7543, 634.9202, 1559.481, 55.54513, 107.7045, 24.58192, 691.6211, 520.6454, 199.2365, 124.6198, 513.4779
132.4, 230.208, 18.17901, 71.0848, 146.5468, 73.74451, 16.10163, 46.97783, 163.5582, 126.109, 599.3056, 1482.187, 52.37335, 102.6707, 23.01838, 667.2336, 491.2769, 186.6808, 117.6702, 487.3256
132.5, 216.1387, 17.09642, 67.43206, 139.7987, 96.1525, 14.75424, 43.93335, 154.0771, 118.0183, 633.9914, 1448.73, 49.38269, 291.0988, 57.36391, 763.6528, 463.5651, 174.9163, 111.1082, 462.5053
132.6, 202.9292, 16.07829, 63.96702, 164.0076, 103.9865, 13.5196, 41.08617, 145.1456, 110.4467, 598.429, 1376.925, 46.56281, 277.4937, 53.71526, 722.3026, 437.4165, 163.8933, 104.9121, 438.9492
132.7, 190.527, 15.1208, 60.68003, 156.4554, 121.7171, 12.38828, 38.42351, 136.7318, 103.3609, 572.4513, 1407.963, 43.90394, 264.5244, 148.1299, 683.1913, 412.7428, 153.5649, 99.06157, 416.5928
132.8, 178.8828, 14.22033, 57.56195, 149.2511, 114.9284, 11.35162, 35.9334, 155.7399, 96.72964, 586.3073, 1338.178, 41.39691, 252.1612, 138.7081, 646.1979, 389.4609, 143.8874, 93.53728, 395.3751
132.9, 167.9503, 13.37349, 54.60409, 193.2174, 110.3579, 10.40171, 33.60468, 146.712, 90.52383, 553.4196, 1271.853, 39.03303, 240.3759, 129.8855, 611.2076, 367.4923, 134.8197, 88.32106, 375.238
133, 157.6859, 12.57707, 51.79823, 184.3203, 104.2027, 9.531295, 31.42686, 138.2074, 84.71617, 522.3766, 1392.816, 36.80414, 294.6625, 121.6241, 603.9427, 346.7629, 126.3235, 83.39573, 356.1265
133.1, 148.0488, 11.82808, 49.13654, 175.8328, 179.8942, 8.733713, 29.39019, 178.3329, 79.28111, 516.3055, 1514.904, 34.70252, 280.8907, 113.8882, 597.132, 327.2028, 118.3627, 78.74506, 337.9884
133.2, 139.0007, 11.1237, 46.61163, 167.7362, 169.8606, 8.002873, 27.4855, 167.9953, 74.19473, 487.3444, 1453.832, 32.72091, 267.7627, 106.6443, 611.5712, 308.746, 110.9036, 74.35375, 320.7741
133.3, 130.5056, 10.46126, 44.21646, 160.0123, 199.61, 7.33319, 25.70426, 158.257, 69.43468, 529.7368, 1424.834, 30.85246, 255.2482, 99.86118, 578.4559, 291.3303, 103.9146, 70.20732, 304.4366
133.4, 122.5296, 9.838278, 41.94437, 152.6442, 188.4768, 6.719547, 24.03844, 149.0832, 64.98002, 559.4104, 1354.214, 29.0907, 243.3185, 93.50949, 547.1337, 274.897, 97.36598, 66.29212, 288.9311
133.5, 115.0411, 9.252391, 39.78903, 263.5172, 177.9645, 6.157253, 22.48059, 140.4412, 60.81115, 579.4569, 1431.599, 27.42954, 301.4012, 87.56181, 531.5449, 259.3907, 91.23007, 62.59526, 274.2154
133.6, 108.0103, 8.701395, 37.74444, 251.3829, 168.0385, 5.642012, 21.02369, 132.3001, 56.90974, 596.5172, 1444.782, 25.86324, 319.8426, 81.99242, 502.7628, 244.7591, 85.48084, 59.10456, 260.2491
133.7, 101.4092, 8.183211, 35.80492, 239.8074, 158.6662, 5.169886, 19.66121, 124.631, 53.25863, 579.6874, 1466.02, 24.38638, 336.4554, 76.77728, 739.1477, 230.9528, 470.9034, 55.80852, 246.9942
133.8, 95.21147, 7.695887, 33.96506, 228.7649, 226.5001, 4.737268, 18.38703, 117.4064, 49.84176, 607.5559, 1411.223, 22.99385, 320.7304, 71.89385, 699.1244, 217.9252, 441.2275, 52.69629, 234.4144
133.9, 89.39256, 7.237583, 32.21975, 218.2308, 213.8671, 4.340852, 17.19543, 150.7549, 46.6441, 573.4763, 1341.277, 21.68084, 348.5635, 67.32103, 661.2682, 205.6326, 413.4218, 49.75761, 222.4753
134, 106.4298, 6.806572, 30.56411, 208.1819, 201.9387, 3.977608, 16.08105, 142.016, 43.6516, 541.3083, 1346.338, 20.4428, 332.2726, 63.03906, 625.4619, 194.0333, 387.3684, 46.98282, 211.1443
134.1, 99.92526, 6.401228, 28.99356, 217.0294, 190.6756, 3.644761, 15.03889, 133.7837, 40.85108, 664.7818, 1398.456, 19.27546, 347.6203, 59.02945, 591.5944, 183.0883, 362.9568, 44.36276, 200.3903
134.2, 93.81825, 6.020024, 27.5037, 207.0358, 180.0406, 3.339766, 14.06426, 126.0285, 268.6578, 627.4922, 1433.862, 18.17478, 450.5677, 55.27487, 716.8384, 477.4293, 340.0836, 41.88882, 190.1841
134.3, 109.4115, 5.66152, 26.09041, 197.5023, 169.9989, 3.060293, 13.1528, 118.7229, 251.4217, 592.2943, 1452.348, 17.13695, 505.2368, 51.7591, 678.0231, 450.4986, 318.6519, 39.55284, 180.4977
134.4, 143.0261, 5.324367, 24.74974, 188.4078, 160.5172, 2.804207, 12.30041, 313.0675, 235.2915, 559.0707, 1461.811, 16.15838, 481.6234, 48.46695, 641.3095, 569.735, 298.5707, 37.34713, 171.3047
134.5, 134.285, 5.007291, 23.47795, 179.7321, 151.5644, 2.56955, 11.50326, 294.9197, 220.1961, 645.4578, 1547.241, 15.23569, 615.4727, 60.98252, 747.2032, 618.5422, 279.7551, 35.26442, 162.5799
134.6, 126.078, 4.709098, 147.0021, 223.83, 143.1109, 2.354529, 10.75777, 277.8239, 268.8551, 628.4434, 1647.754, 14.36569, 586.7071, 57.10372, 718.3473, 734.8702, 262.1252, 271.3407, 154.2994
134.7, 118.3727, 4.428663, 236.6011, 213.5232, 135.1289, 2.157501, 10.06059, 261.719, 251.6064, 593.1921, 1806.319, 13.54537, 682.2686, 53.47163, 771.9596, 842.8859, 245.6063, 256.209, 146.4407
134.8, 111.1383, 4.164928, 224.4432, 203.691, 127.5921, 1.976961, 9.408599, 246.5478, 235.4643, 709.2726, 1716.791, 12.7719, 650.3812, 50.07056, 730.1595, 795.3406, 230.1284, 241.9212, 138.9822
134.9, 104.346, 3.916899, 212.91, 226.9608, 120.4756, 1.811528, 8.798858, 232.2559, 304.1158, 678.3391, 1805.468, 12.04259, 619.9841, 46.88581, 690.6229, 963.9211, 215.626, 228.4302, 131.9036
135, 97.96878, 3.683641, 201.9695, 216.5098, 113.7561, 1.659939, 8.228632, 218.7926, 284.6049, 640.289, 1715.982, 11.35492, 748.8883, 43.90363, 695.0009, 1039.156, 202.0374, 215.6915, 125.1856
135.1, 91.98135, 3.464274, 247.978, 283.7302, 107.4114, 1.521035, 7.695361, 206.1096, 266.3457, 604.3733, 1749.538, 10.70652, 713.8873, 41.11113, 657.368, 1049.911, 189.3052, 203.6632, 118.8097
135.2, 86.35984, 3.25797, 235.2354, 270.6652, 101.4205, 1.393754, 7.196649, 194.1619, 249.258, 570.4722, 1684.117, 10.09515, 680.5221, 54.78635, 803.4921, 990.6877, 177.3754, 192.3057, 112.7585
135.3, 81.08189, 3.063952, 257.1496, 258.2018, 95.7638, 1.277124, 6.730257, 182.9068, 328.8532, 538.4727, 1600.645, 9.518692, 648.7163, 51.30165, 759.9846, 934.8052, 166.1974, 181.5815, 107.0155
135.4, 76.12651, 2.881489, 243.9358, 246.3122, 90.42258, 1.170254, 6.29409, 172.3041, 307.7552, 508.2681, 1572.573, 8.975148, 618.397, 48.0386, 718.833, 882.075, 155.7238, 171.4554, 101.565
135.5, 71.47398, 2.709891, 231.401, 348.6049, 161.3114, 1.072327, 5.88619, 162.316, 288.0108, 479.7578, 1566.943, 8.462643, 589.4948, 44.9831, 747.4348, 832.3191, 145.9102, 161.894, 96.39217
135.6, 67.1058, 2.548512, 219.5103, 332.5526, 158.5059, 0.982594, 5.504725, 152.9069, 269.5332, 452.8468, 1578.385, 7.979403, 561.9434, 42.12194, 746.1828, 785.3699, 136.7151, 152.8658, 91.48276
135.7, 63.00458, 2.396744, 208.2306, 317.2394, 149.6653, 0.9003702, 5.147981, 144.0432, 252.241, 427.4453, 1500.154, 117.2759, 626.2328, 221.2386, 705.7785, 741.0689, 128.0994, 144.341, 86.82339
135.8, 79.6271, 2.254013, 197.5306, 302.6314, 278.0587, 0.825027, 4.814357, 135.6933, 236.0581, 430.4641, 1425.801, 145.0035, 649.9504, 275.5519, 690.0098, 763.5946, 120.0267, 136.2917, 82.40134
135.9, 74.76063, 2.119783, 187.3803, 288.696, 262.55, 0.7559885, 4.502354, 127.8275, 220.9135, 406.3181, 1547.059, 136.7234, 619.5734, 293.6544, 672.0571, 720.522, 112.4628, 128.6912, 78.2045
136, 70.19157, 1.993546, 177.7517, 275.4023, 247.9063, 0.6927271, 4.21057, 120.4176, 206.7406, 383.5265, 1541.197, 128.9161, 590.6162, 274.9764, 635.6666, 790.4871, 105.3755, 121.5146, 74.22141
136.1, 65.90176, 1.874827, 168.6178, 262.7207, 234.0794, 0.6347595, 3.937697, 113.4373, 193.4769, 362.0134, 1464.809, 121.5546, 563.0124, 257.4865, 601.2465, 745.8975, 98.73479, 114.7382, 70.44119
136.2, 61.87413, 1.763178, 159.9533, 395.3358, 256.2681, 0.5816426, 3.682507, 106.8616, 181.0641, 341.707, 1392.208, 114.6135, 536.6987, 241.109, 676.3207, 703.8231, 92.51263, 108.3397, 66.85351
136.3, 58.09265, 1.658177, 151.734, 377.1316, 241.9748, 0.5329706, 3.443856, 100.6671, 169.4478, 322.5396, 1323.204, 108.0688, 511.6149, 225.7732, 639.6993, 664.122, 86.68257, 102.298, 63.44855
136.4, 111.6479, 1.55943, 143.937, 359.7656, 228.4787, 0.4883715, 86.52367, 94.8316, 207.8441, 304.4474, 1257.621, 153.3405, 487.7034, 211.4129, 605.0609, 626.6604, 81.21992, 96.59319, 60.21701
136.5, 104.8245, 1.466563, 136.5407, 347.0364, 215.7353, 0.4475044, 80.91635, 89.33443, 194.5096, 287.3701, 1195.289, 158.5536, 464.9094, 197.9659, 572.298, 591.3119, 76.10152, 91.20655, 57.15006
136.6, 125.7054, 1.379227, 129.5245, 347.6033, 203.7027, 0.4100571, 75.67242, 84.15591, 224.1552, 271.2506, 1280.787, 149.4997, 443.1808, 185.3743, 541.3093, 557.9573, 71.30567, 86.12031, 54.23932
136.7, 118.0228, 1.297091, 122.8688, 331.5971, 192.3412, 0.3757434, 70.76833, 79.27757, 389.2722, 294.3621, 1316.197, 140.9629, 422.4677, 173.5835, 511.9985, 526.4842, 66.81206, 81.3177, 51.47682
136.8, 125.1731, 1.219847, 116.5551, 316.3279, 181.6134, 0.344301, 66.18205, 74.68203, 405.4358, 277.8505, 1250.961, 307.0924, 402.7227, 162.5427, 484.2748, 496.7864, 62.60163, 76.78292, 48.85502
136.9, 117.523, 1.147203, 110.5658, 301.7618, 171.4839, 0.3154898, 61.89301, 70.35287, 379.4246, 262.265, 1413.21, 300.3832, 535.4378, 152.2041, 646.6899, 559.3455, 58.65653, 72.50103, 46.36675
137, 110.3405, 1.078885, 104.8843, 287.8665, 161.9194, 0.2890895, 57.88192, 66.27467, 355.0822, 247.5538, 1570.442, 355.852, 510.4129, 142.5231, 626.3622, 527.7941, 54.96005, 68.45792, 44.00522
137.1, 103.597, 1.014636, 99.49478, 274.611, 152.8884, 0.2648984, 74.51801, 62.43288, 332.3015, 284.1173, 1512.718, 498.2918, 486.5576, 133.4579, 592.4459, 498.0225, 51.49652, 64.64028, 41.76396
137.2, 97.26556, 0.9542122, 94.38218, 261.9659, 144.361, 0.2427316, 69.68873, 58.81378, 310.9823, 268.1803, 1642.072, 545.506, 463.8172, 207.8642, 560.3662, 603.9714, 48.25126, 61.03554, 552.6352
137.3, 91.32111, 0.8973871, 89.53229, 249.903, 136.3093, 0.2224198, 65.17242, 55.40448, 291.0308, 337.7135, 1576.601, 514.3561, 442.1396, 278.9974, 532.4683, 623.0706, 45.21051, 57.63182, 524.4886
137.4, 127.1831, 0.8439462, 84.93161, 238.3956, 242.2034, 0.2038076, 60.94881, 52.1928, 351.9386, 330.3735, 1511.437, 484.9849, 421.4752, 342.4889, 503.6362, 587.9246, 42.36139, 54.41791, 497.7755
137.5, 119.4102, 0.7936876, 80.56734, 227.4182, 434.0576, 0.1867529, 56.99891, 49.1673, 329.3596, 311.8418, 1507.659, 457.291, 401.7766, 320.7049, 476.3653, 593.7488, 39.69181, 51.38323, 472.423
137.6, 115.8665, 0.7464221, 76.42734, 216.9461, 848.2371, 0.1711254, 53.30499, 46.31718, 547.8031, 294.3497, 1447.555, 431.1784, 382.9986, 300.3064, 450.5711, 615.2184, 37.19048, 48.51778, 448.3617
137.7, 169.7882, 0.7019714, 72.50007, 206.9563, 1129.599, 0.1568055, 49.85046, 43.63227, 512.6581, 287.2674, 1614.187, 406.5569, 365.0983, 281.2053, 729.7335, 580.5153, 34.84677, 45.81213, 425.5259
137.8, 159.4114, 0.6601677, 68.7746, 197.4265, 1078.47, 0.143684, 46.61981, 41.10301, 561.7996, 300.8595, 1534.181, 383.3414, 348.0345, 263.3192, 710.7744, 547.7698, 32.65076, 43.25736, 403.8532
137.9, 149.6689, 0.6208535, 65.24058, 188.3356, 1073.027, 0.1316605, 43.59853, 38.72036, 525.7567, 283.9834, 1458.141, 429.6832, 331.7683, 246.5707, 825.4046, 651.2526, 30.59314, 40.84506, 383.2843
138, 140.5218, 0.5838806, 61.88815, 206.1055, 1013.179, 0.1206431, 40.77305, 36.47583, 492.0262, 268.0539, 1385.87, 497.8262, 382.129, 230.8876, 840.8447, 614.5169, 28.66519, 38.56728, 363.763
138.1, 131.9337, 0.5491095, 58.70799, 196.6149, 984.2058, 0.1105476, 38.13068, 34.3614, 460.4597, 253.018, 1317.181, 534.5612, 426.3919, 216.2019, 795.3146, 752.9211, 26.85874, 36.41653, 345.236
138.2, 123.8704, 0.516409, 55.69124, 187.5613, 929.3118, 0.101297, 35.65955, 32.36955, 495.0904, 238.8254, 1352.062, 585.3991, 406.4635, 202.4503, 752.25, 710.4506, 25.16612, 34.38572, 327.6525
138.3, 130.8118, 0.485656, 52.82951, 178.9246, 877.4796, 0.09282041, 33.34857, 30.49316, 501.794, 277.8254, 1285.049, 673.6911, 406.7442, 189.5735, 935.6372, 670.3757, 23.58018, 32.46816, 310.9647
138.4, 218.8867, 0.4567343, 50.11483, 170.6856, 858.8973, 0.08505316, 31.18735, 28.72554, 469.6009, 340.4243, 1221.357, 739.7307, 463.1181, 177.5156, 884.9744, 688.8026, 22.09418, 30.65753, 295.1267
138.5, 205.5092, 0.429535, 73.50463, 162.826, 810.9924, 0.07793588, 29.1662, 27.06038, 439.4731, 321.3289, 1160.821, 944.9565, 441.4732, 243.6492, 837.0548, 868.9686, 20.70183, 28.94788, 280.0954
138.6, 192.9494, 0.4039554, 69.72755, 155.3283, 765.7593, 0.07141418, 27.27603, 25.49175, 429.282, 303.3046, 1133.346, 1027.02, 498.7495, 228.1518, 843.7238, 946.7275, 19.39722, 27.33356, 265.8297
138.7, 181.1571, 0.3798991, 66.14455, 148.1758, 723.0492, 0.06543822, 25.50836, 24.01405, 401.7409, 318.0217, 1242.995, 968.3741, 604.1298, 213.6402, 798.0379, 944.1777, 18.17482, 25.80927, 252.2906
138.8, 170.0856, 0.3572755, 62.74567, 141.3527, 682.7212, 0.05996232, 23.85524, 22.62201, 398.6143, 315.4173, 1181.387, 913.0773, 575.8944, 200.0516, 754.8258, 939.2821, 17.02946, 24.36999, 239.441
138.9, 159.6907, 0.3359991, 59.52145, 231.4245, 741.5531, 0.05494466, 22.30926, 21.31066, 433.9015, 297.7246, 1178.032, 918.1957, 637.3973, 187.3273, 929.1606, 886.2993, 15.95628, 23.01097, 227.2459
139, 149.9311, 0.3159898, 174.4542, 220.7681, 744.3416, 0.05034687, 20.86347, 20.07533, 406.0641, 281.0244, 1258.365, 865.7642, 631.6931, 175.4123, 878.8485, 931.1088, 14.95074, 21.72773, 215.6719
139.1, 140.7679, 0.297172, 165.4898, 210.6023, 702.8259, 0.04613383, 175.0078, 18.91161, 460.2909, 335.76, 1301.326, 870.6905, 692.892, 164.2551, 831.2607, 1078.621, 290.7751, 20.51606, 487.8657
139.2, 132.1648, 0.2794749, 156.986, 200.9046, 799.0579, 0.04227334, 238.0212, 17.81534, 430.7604, 316.9262, 1328.514, 843.32, 726.184, 153.8077, 873.9758, 1167.584, 272.4507, 19.37195, 463.0179
139.3, 124.0874, 0.2628317, 148.9192, 191.6535, 754.4905, 103.0536, 222.5958, 16.78263, 447.9655, 299.1489, 1262.668, 856.297, 721.9139, 144.0247, 826.6518, 1101.723, 255.2811, 18.29165, 439.4356
139.4, 116.5037, 0.2471796, 141.2668, 182.8283, 992.3292, 94.43003, 222.7903, 15.80977, 472.334, 301.677, 1200.085, 807.4001, 747.2525, 134.864, 781.8903, 1039.577, 239.1935, 17.2716, 417.0544
139.5, 109.3835, 0.2324596, 134.0078, 174.4096, 1075.851, 86.52809, 208.352, 14.89332, 548.3053, 316.5006, 1140.604, 761.2953, 712.3279, 161.9885, 739.5525, 1060.401, 395.2485, 16.30843, 548.8085
139.6, 135.5142, 0.2186162, 127.1217, 166.3785, 1074.121, 158.4598, 194.8494, 14.02998, 513.1281, 298.7471, 1084.071, 936.9692, 679.0356, 165.718, 699.5072, 1000.586, 370.3403, 15.39897, 651.6991
139.7, 127.2322, 0.2055972, 120.5894, 158.7172, 1014.212, 145.1999, 182.2218, 13.2167, 480.2078, 281.9895, 1160.241, 952.4155, 647.2993, 219.127, 669.442, 1002.219, 347.0018, 14.54022, 851.4112
139.8, 119.4563, 0.1933535, 114.3929, 151.4086, 1079.69, 133.0495, 170.4126, 12.45055, 691.1586, 335.2827, 1168.941, 898.0299, 617.0463, 252.9382, 633.1931, 1433.717, 325.1341, 13.72937, 808.0474
139.9, 112.1556, 0.181839, 108.5147, 144.4367, 1033.656, 121.9159, 162.7833, 11.72882, 745.9841, 393.6569, 1156.256, 846.7499, 703.0668, 236.85, 689.8988, 1352.844, 304.6445, 12.96374, 766.8923
140, 105.3012, 0.1710102, 102.9386, 137.7858, 1024.513, 111.7139, 152.2339, 60.36058, 698.1246, 444.671, 1169.779, 798.3982, 781.4309, 221.7851, 683.0598, 1465.621, 285.4461, 12.2408, 727.8332
140.1, 98.8656, 0.1608262, 97.64907, 131.4411, 967.371, 102.3656, 142.3681, 56.86161, 653.3356, 419.7281, 1111.8, 752.8075, 744.9089, 207.6784, 799.8276, 1382.949, 267.4576, 11.55817, 690.7635
140.2, 92.82336, 0.1512487, 92.63131, 125.3885, 913.416, 93.79965, 133.1416, 53.56546, 611.4201, 396.1843, 1056.695, 709.8201, 710.0939, 194.469, 760.076, 1304.94, 250.6026, 10.91362, 655.5818
140.3, 87.15039, 0.1422416, 87.87139, 119.6147, 862.4703, 85.95046, 148.8058, 50.46039, 572.1937, 373.9611, 1048.174, 669.2875, 676.906, 182.0998, 718.9194, 1231.331, 234.8099, 10.30501, 622.192
140.4, 81.82413, 0.1337709, 83.35606, 114.1068, 814.3661, 78.7581, 139.1621, 47.53532, 535.4839, 352.9845, 996.2223, 631.0693, 645.2692, 170.5173, 679.9914, 1161.874, 220.0124, 9.730335, 590.5027
140.5, 76.82339, 0.1258046, 79.07276, 108.8525, 768.9449, 72.16759, 130.1435, 44.7798, 579.3094, 333.1846, 946.8456, 595.0336, 615.1111, 159.6715, 645.6365, 1096.336, 206.1474, 9.187711, 560.4274
140.6, 72.12827, 0.1183127, 75.00956, 103.8401, 726.0571, 66.12859, 121.7093, 42.18401, 542.1432, 314.4953, 962.9767, 561.0555, 586.3624, 164.5997, 639.0557, 1083.469, 193.1562, 8.675346, 531.884
140.7, 67.72009, 0.1112669, 71.15514, 99.05853, 685.5613, 60.59492, 113.8217, 39.7387, 507.3614, 296.8543, 915.2478, 529.0178, 558.9574, 154.1303, 604.4521, 1068.75, 180.9837, 8.191555, 504.7943
140.8, 63.58133, 0.1046408, 67.49879, 94.49714, 647.3242, 55.52432, 106.4453, 37.43513, 566.9851, 280.2029, 869.8845, 498.8094, 532.8333, 144.3268, 689.702, 1008.465, 169.5783, 7.734743, 479.0843
140.9, 59.69551, 0.09840925, 64.03033, 90.14579, 611.2197, 50.87803, 99.5469, 35.2651, 641.2851, 365.9659, 826.7696, 470.326, 507.9301, 135.1469, 652.356, 1184.524, 158.8916, 7.303406, 454.6837
141, 56.04718, 0.0925488, 60.74009, 85.99481, 577.129, 46.62054, 93.09558, 33.22086, 719.5797, 345.4378, 785.7916, 443.4691, 484.1908, 126.5508, 688.9327, 1193.56, 148.8784, 6.896122, 431.5259
141.1, 52.62181, 0.08703735, 57.61892, 82.03497, 544.9396, 42.71931, 87.06236, 31.29512, 696.077, 326.0612, 805.1019, 418.1458, 643.4185, 118.5015, 683.4573, 1176.774, 320.6167, 6.511552, 409.5476
141.2, 49.40579, 0.08185413, 54.65813, 78.25748, 527.468, 39.14455, 81.42012, 29.48101, 688.6359, 339.0702, 846.4458, 394.2686, 641.5347, 110.9642, 646.4495, 1191.224, 317.4657, 6.148427, 388.6887
141.3, 46.38632, 0.07697957, 228.9554, 74.65392, 498.0485, 35.86892, 76.14354, 27.77207, 644.4556, 320.0508, 848.7536, 371.7547, 621.9233, 103.9063, 611.4456, 1156.576, 360.2383, 5.805552, 368.8922
141.4, 54.4142, 0.0723953, 217.1904, 71.2163, 470.2698, 32.8674, 71.20892, 26.16218, 603.1098, 324.8366, 806.686, 350.5265, 634.2329, 115.5414, 578.337, 1298.891, 528.4004, 5.481799, 350.1039
141.5, 112.4508, 0.06808403, 246.1752, 67.93697, 444.0406, 30.11704, 66.59409, 24.64562, 739.7365, 306.6156, 766.7035, 330.5105, 604.5906, 108.1923, 679.8329, 1225.623, 495.1011, 5.176099, 332.2725
141.6, 105.5783, 0.06402951, 359.1783, 100.3949, 419.2742, 27.59684, 62.27834, 23.21697, 692.2778, 437.9969, 728.7026, 311.6375, 625.1095, 101.3107, 643.0213, 1215.095, 463.9003, 4.887448, 315.3493
141.7, 99.12582, 0.06021644, 399.9066, 95.77193, 395.8893, 25.28753, 58.24228, 21.87113, 917.4744, 506.2748, 747.0865, 293.8421, 837.0558, 94.86686, 663.6508, 1146.554, 434.6657, 4.614893, 299.2881
141.8, 93.06767, 0.05663044, 406.9421, 91.36189, 373.8086, 23.17146, 54.46778, 20.60331, 976.1127, 477.8764, 710.0579, 277.0629, 797.934, 88.83283, 627.7154, 1145.479, 407.2735, 4.357538, 284.0449
141.9, 87.37977, 0.053258, 426.2673, 87.15491, 352.9594, 21.23246, 50.9379, 19.40898, 1067.838, 479.9438, 674.8646, 261.2419, 760.6407, 83.1826, 687.0303, 1080.865, 381.6075, 4.114535, 269.578
142, 91.56916, 0.05008639, 685.2987, 83.14165, 333.2731, 19.45572, 47.63678, 18.28389, 1080.765, 453.0223, 675.1726, 246.3242, 725.0905, 86.5227, 649.829, 1244.426, 357.559, 3.885083, 255.848
142.1, 85.97285, 0.04710366, 713.1595, 191.8971, 314.6848, 17.82766, 44.54959, 17.22401, 1011.428, 500.9518, 811.7775, 232.2585, 813.8971, 86.36297, 614.6421, 1272.333, 335.026, 3.668426, 242.8172
142.2, 152.6888, 0.04429856, 676.5134, 183.0607, 297.1333, 16.33584, 41.66247, 16.22557, 1073.851, 660.8032, 771.5426, 218.9959, 814.6231, 292.3768, 581.3605, 1339.239, 429.0555, 3.463852, 230.4501
142.3, 143.3571, 0.0416605, 641.7503, 174.6312, 280.5607, 31.50357, 38.96246, 15.28501, 1004.957, 623.7368, 878.5905, 206.4906, 1105.084, 273.7801, 558.6751, 1263.695, 485.3731, 224.3377, 218.7129
142.4, 134.5957, 0.03917954, 608.7736, 195.6104, 264.9125, 28.86734, 36.43743, 14.39897, 1061.073, 711.1047, 835.0441, 299.7343, 1053.435, 317.1703, 528.424, 1380.572, 492.9803, 349.9308, 207.5735
142.5, 126.3698, 0.03684633, 616.1175, 186.603, 250.137, 133.4573, 34.07603, 13.5643, 1107.571, 741.2385, 793.656, 282.6187, 1004.2, 296.9966, 587.3984, 1500.951, 641.0118, 393.819, 197.0015
142.6, 160.8004, 0.03465207, 607.9905, 178.0105, 236.1856, 122.2895, 31.86768, 12.77801, 1105.227, 699.6603, 876.3091, 266.4804, 1200.701, 383.8249, 668.0309, 1583.005, 600.6159, 499.0868, 186.9679
142.7, 150.973, 0.03258847, 576.7485, 219.9223, 223.0124, 112.0563, 29.80243, 12.03729, 1135.521, 660.4142, 832.8757, 251.2636, 1207.573, 359.4117, 631.8584, 1493.712, 562.7657, 471.2546, 177.4453
142.8, 141.7462, 0.03064777, 581.9367, 209.7955, 210.5739, 102.6794, 27.87103, 11.33952, 1062.671, 623.3696, 791.5952, 236.9158, 1171.658, 336.5512, 597.6445, 1474.073, 527.3007, 444.9745, 168.4077
142.9, 133.0833, 0.02882264, 552.0335, 200.1349, 198.8291, 282.0114, 26.0648, 55.58341, 1068.22, 588.403, 752.3606, 322.1226, 1116.897, 453.9313, 579.8143, 1573.292, 494.0707, 420.1599, 159.8304
143, 124.9498, 0.02710621, 576.5645, 190.9192, 187.7395, 358.1774, 24.37562, 125.04, 1028.254, 603.3845, 715.0706, 349.0099, 1064.697, 509.8654, 594.2128, 1571.2, 462.9349, 396.7292, 151.69
143.1, 117.3134, 0.02549198, 546.9373, 182.1279, 177.2683, 328.205, 22.79592, 162.4602, 1181.617, 620.5641, 679.6289, 329.0805, 1069.429, 608.7543, 562.0374, 1547.323, 433.7612, 374.6051, 143.9642
143.2, 110.1437, 0.02397389, 597.9651, 173.7414, 318.5847, 300.7407, 21.31859, 177.9641, 1105.809, 585.7548, 645.9438, 310.2891, 1019.446, 796.7158, 531.6042, 1538.042, 406.426, 353.7148, 628.6312
143.3, 118.8581, 0.0225462, 623.4989, 165.741, 300.8156, 275.5746, 145.6995, 167.6479, 1185.697, 603.3724, 613.9283, 292.5707, 971.8003, 746.0406, 502.819, 1451.285, 380.8134, 333.9895, 687.5869
143.4, 147.7679, 0.02120353, 757.8136, 158.1091, 523.6531, 252.5144, 163.1324, 157.9297, 1109.628, 569.5274, 583.4996, 275.8641, 1075.317, 698.5886, 475.5923, 1554.285, 356.8149, 377.8781, 652.567
143.5, 138.7369, 0.01994083, 865.7495, 150.8286, 554.5405, 231.3839, 202.164, 148.7749, 1038.438, 537.5809, 625.8043, 260.1115, 1107.223, 654.1547, 615.6765, 1466.612, 334.3287, 356.8053, 619.3307
143.6, 130.2579, 0.01875332, 877.6272, 143.8833, 523.611, 212.0216, 189.0624, 140.1508, 971.8159, 507.4264, 594.7869, 245.2585, 1055.474, 612.5471, 645.9042, 1383.883, 313.2597, 336.9076, 587.7872
143.7, 122.2971, 0.01763652, 832.5298, 137.2579, 494.4066, 298.1575, 176.8099, 132.0266, 909.468, 478.9633, 565.3069, 231.2535, 1006.144, 573.5859, 610.9298, 1305.822, 293.5183, 318.1196, 557.8502
143.8, 114.8228, 0.01658624, 826.2857, 130.9375, 466.8311, 273.2076, 165.3514, 124.3733, 851.12, 452.0969, 537.2881, 218.0483, 959.1198, 544.3802, 577.8492, 1232.163, 275.0211, 300.3792, 773.4409
143.9, 196.897, 0.0155985, 783.8265, 124.9082, 440.7937, 250.3455, 154.6355, 117.1636, 882.6081, 426.7374, 510.658, 205.5972, 939.0715, 509.7549, 566.2818, 1269.924, 257.6895, 283.6282, 734.0483
144, 184.8635, 0.01466958, 743.5491, 119.1565, 416.2084, 281.7964, 144.6141, 110.3719, 825.9833, 402.8004, 485.3477, 193.857, 992.0349, 477.3318, 535.6188, 1198.291, 241.4502, 325.0217, 696.662
144.1, 311.3354, 0.01379598, 784.7728, 113.6696, 392.9944, 258.2156, 135.2421, 103.9739, 840.9518, 380.2061, 498.1534, 182.7872, 945.6698, 446.971, 506.6161, 1324.803, 394.4845, 410.8638, 661.1799
144.2, 292.3079, 0.0129744, 819.4871, 108.4354, 436.8513, 285.8545, 126.4775, 97.94675, 786.9996, 358.8792, 473.4629, 172.3496, 901.4717, 418.5413, 565.4644, 1250.073, 369.6245, 484.7468, 627.5049
144.3, 313.3645, 0.01220176, 777.3772, 103.4423, 496.5549, 271.4094, 118.2809, 92.26899, 825.9297, 366.4047, 483.6104, 162.5079, 859.3394, 441.1542, 534.8456, 1179.56, 346.3311, 457.7143, 595.5451
144.4, 294.213, 0.01147512, 747.0703, 98.67901, 767.6512, 248.6978, 110.6155, 86.92036, 851.15, 345.8519, 459.6408, 153.2283, 897.9086, 413.0945, 530.1149, 1176.522, 324.5057, 432.1893, 565.213
144.5, 276.232, 0.01079176, 769.7584, 94.1351, 811.8443, 227.8867, 103.4468, 81.88178, 796.5435, 530.9665, 488.0803, 327.2469, 855.9428, 386.8196, 501.4102, 1110.157, 442.8167, 408.0877, 536.4258
144.6, 356.6115, 0.01014909, 730.2039, 89.80042, 766.5637, 257.9916, 96.74277, 77.13528, 922.4361, 501.183, 463.8891, 332.9933, 815.9384, 362.2159, 474.2599, 1437.403, 414.9108, 385.3302, 624.2309
144.7, 334.8169, 0.009544691, 692.6819, 85.66534, 723.8087, 236.4028, 90.47318, 72.66392, 892.5358, 497.597, 440.8969, 313.9784, 777.8036, 403.3721, 492.9426, 1418.801, 388.7635, 363.8418, 592.4378
144.8, 314.3543, 0.008976288, 803.1786, 81.72068, 683.4383, 216.6205, 84.60989, 68.45175, 835.2741, 469.6853, 419.0443, 593.8065, 741.4511, 381.9543, 622.6498, 1414.016, 364.264, 343.5517, 562.264
144.9, 295.1423, 0.008441734, 761.9067, 77.95766, 645.3196, 220.92, 79.12659, 64.48376, 781.6861, 443.3393, 435.9619, 716.449, 921.3953, 397.1363, 588.9346, 1547.257, 341.3084, 324.3932, 533.627
145, 363.47, 0.007939014, 722.7557, 74.36791, 609.3269, 202.4334, 73.99865, 60.74578, 731.5361, 484.16, 414.3539, 675.5378, 1036.098, 415.1158, 557.045, 1572.92, 596.9459, 306.303, 591.1689
145.1, 341.2563, 0.007466231, 868.102, 70.94347, 575.3417, 269.1431, 69.20303, 57.22448, 684.6036, 603.0533, 393.8168, 945.8205, 987.6738, 405.9976, 526.8821, 1552.838, 559.327, 289.2216, 561.0598
145.2, 489.882, 0.007021604, 823.494, 67.6767, 543.2521, 264.5282, 64.71821, 53.9073, 745.0558, 608.1588, 402.0165, 1130.943, 941.5126, 380.174, 498.3525, 1680.578, 524.0787, 273.0928, 650.7492
145.3, 459.9425, 0.006603455, 781.1782, 64.56037, 512.9522, 242.3924, 60.52403, 50.78242, 697.2559, 574.0453, 550.3784, 1277.159, 897.5089, 571.1764, 471.3678, 1678.625, 491.0518, 257.8635, 617.6055
145.4, 431.8328, 0.006210207, 741.0369, 61.58754, 484.3423, 222.1089, 56.60166, 47.83867, 652.5226, 541.8455, 658.0623, 1204.23, 970.4041, 534.8466, 445.8442, 1583.938, 460.1062, 243.4834, 780.8446
145.5, 405.441, 0.005840379, 780.7956, 58.75159, 457.3282, 203.5227, 52.93348, 45.06557, 661.1411, 511.4517, 625.4462, 1293.905, 925.05, 500.8276, 421.7026, 1651.484, 431.1107, 229.9052, 741.0749
145.6, 380.6622, 0.005492574, 740.6739, 56.04623, 431.8207, 186.4919, 49.50303, 42.45322, 618.7249, 482.7629, 594.4466, 1272.98, 881.8157, 468.9724, 398.8683, 1558.327, 403.9425, 217.0843, 703.3307
145.7, 357.3977, 0.005165481, 741.1469, 53.46545, 407.736, 170.8862, 46.2949, 39.9923, 676.3424, 455.6833, 564.9835, 1200.289, 840.602, 439.1433, 377.2704, 1470.426, 378.4865, 204.9783, 667.509
145.8, 335.5551, 0.004857868, 703.0626, 51.00351, 384.9945, 156.5864, 43.29467, 37.67404, 632.9509, 430.1226, 536.9807, 1145.339, 801.3145, 411.2115, 392.7607, 1387.482, 354.6346, 193.5475, 633.5117
145.9, 315.0474, 0.004568573, 666.9353, 48.65493, 363.5215, 143.4832, 40.48888, 35.49016, 630.0577, 405.9958, 510.3658, 1103.992, 763.8632, 385.0563, 371.4935, 1309.217, 332.2859, 182.754, 601.2458
146, 295.793, 0.004296506, 678.2186, 46.41449, 343.2461, 131.4765, 37.86493, 33.43287, 589.6356, 383.2223, 485.07, 1383.309, 861.8204, 360.5648, 351.3779, 1321.001, 311.3456, 172.5625, 570.6234
146.1, 334.8794, 0.004040642, 715.3945, 44.27723, 324.1015, 120.4745, 35.41102, 31.49484, 684.6302, 361.7262, 461.028, 1437.714, 821.5413, 337.631, 341.4341, 1246.486, 291.7249, 162.9394, 541.5606
146.2, 417.4939, 0.003800014, 678.6335, 42.23838, 306.0248, 110.3931, 33.11615, 29.66916, 640.7069, 341.4359, 438.1777, 1594.232, 783.1447, 316.1559, 381.5337, 1230.4, 273.3406, 153.8529, 513.978
146.3, 391.9784, 0.003573717, 643.7615, 40.29341, 288.9563, 101.1554, 30.96999, 27.9493, 599.6016, 322.2837, 416.4599, 1559.242, 746.5426, 296.0467, 360.8744, 1332.086, 256.115, 145.2731, 487.8003
146.4, 368.0224, 0.003360895, 610.6814, 38.438, 272.8398, 92.69067, 28.96293, 109.2997, 698.4651, 415.9305, 395.8185, 1845.502, 994.5426, 277.2166, 586.572, 1414.895, 239.9748, 137.1717, 462.9558
146.5, 508.7711, 0.003160748, 579.3011, 36.66803, 257.6221, 84.93429, 27.08593, 174.3384, 733.9769, 465.7861, 376.2002, 2190.105, 948.0604, 259.5842, 623.7614, 1627.037, 224.8519, 129.5222, 439.3767
146.6, 500.9134, 0.00297252, 558.5019, 34.97956, 243.2533, 84.01836, 25.33058, 164.2324, 686.8878, 439.6588, 357.5542, 2436.307, 1026.103, 341.046, 589.986, 1770.423, 210.6819, 122.2992, 416.9986
146.7, 470.2997, 0.002795501, 604.3738, 33.36885, 229.6859, 76.98768, 23.68898, 154.7122, 782.3945, 414.997, 339.8324, 2347.377, 978.1461, 319.3537, 558.0395, 1670.558, 197.4049, 115.4791, 395.7602
146.8, 441.557, 0.002629024, 573.3177, 31.8323, 216.8751, 70.54533, 22.15378, 145.7439, 767.3099, 438.9265, 322.989, 2527.349, 932.4301, 299.0411, 527.8228, 1653.479, 184.9647, 109.0392, 375.6035
146.9, 414.5709, 0.002472461, 543.8574, 30.3665, 204.7789, 64.64207, 20.71806, 137.2954, 761.9167, 414.3058, 306.9803, 2383.03, 888.8508, 280.0205, 499.2423, 1560.21, 173.3084, 102.9585, 356.4734
147, 389.2341, 0.002325221, 567.6104, 28.96821, 193.3574, 59.2328, 19.37539, 129.3367, 779.4684, 391.0662, 291.7652, 2290.977, 847.3083, 262.2098, 510.3806, 1588.107, 345.6776, 97.21691, 338.3176
147.1, 365.4458, 0.00218675, 538.4434, 27.6343, 182.5729, 54.27618, 18.11973, 121.8393, 761.2227, 369.1301, 277.3042, 2160.156, 894.2331, 245.5319, 524.6398, 1498.525, 498.3987, 91.79549, 321.0865
147.2, 343.1113, 0.002056525, 510.7751, 26.36181, 174.9924, 49.73433, 16.94545, 114.7766, 712.3856, 348.4245, 263.5599, 2036.805, 852.439, 229.9148, 496.2316, 1413.997, 466.9901, 86.67641, 304.7331
147.3, 322.1418, 0.001934056, 484.5286, 25.14792, 165.2323, 82.45189, 15.84727, 156.5894, 666.6816, 328.8804, 250.4968, 1920.498, 812.5983, 215.291, 469.3617, 1439.715, 437.5608, 81.84279, 456.0838
147.4, 302.4538, 0.001818879, 459.6308, 23.98992, 156.0164, 75.55228, 14.82026, 147.5123, 623.9099, 310.4325, 238.0812, 1810.832, 774.6197, 201.5974, 443.9467, 1358.504, 557.6306, 306.2693, 432.8547
147.5, 283.9691, 0.001710562, 436.0124, 22.88525, 205.3625, 69.23004, 13.8598, 138.9613, 583.8823, 293.0194, 226.281, 1707.428, 771.3824, 188.7747, 419.9079, 1414.629, 606.5142, 289.1898, 455.3508
147.6, 266.6142, 0.001608695, 436.4408, 21.83144, 193.9084, 63.43685, 12.96159, 130.906, 585.4639, 276.5831, 215.0656, 1669.518, 735.3301, 237.292, 397.1707, 1436.1, 605.1451, 378.7747, 487.8135
147.7, 250.3198, 0.001512894, 532.442, 20.82616, 183.0932, 58.12843, 12.12159, 123.3177, 547.9028, 261.0687, 204.4061, 1574.184, 1034.109, 292.4392, 509.5342, 1355.092, 567.0094, 357.6518, 515.384
147.8, 235.0214, 0.001422798, 505.0821, 19.86717, 172.8811, 155.0525, 11.33603, 135.4999, 613.0941, 375.8313, 194.2749, 1546.315, 985.7776, 273.8386, 481.944, 1571.006, 531.277, 337.7069, 647.0665
147.9, 220.6579, 0.001338068, 479.1281, 18.95234, 187.8316, 142.0776, 10.60138, 127.6453, 573.7603, 360.9785, 184.6459, 1458.016, 939.7051, 256.4211, 455.8477, 1597.656, 555.6035, 381.2573, 614.1104
148, 207.1722, 0.001258384, 525.144, 18.07963, 177.3553, 159.5787, 9.914338, 183.831, 551.6403, 391.7125, 175.4941, 1471.749, 941.1924, 240.1113, 431.1645, 1507.536, 520.5899, 431.7677, 582.8327
148.1, 195.3052, 0.001183445, 498.1592, 17.24711, 367.2026, 146.2251, 9.271821, 220.0892, 621.8241, 417.9383, 166.7959, 1387.708, 1037.772, 224.839, 407.8178, 1476.433, 487.7828, 424.2368, 553.1481
148.2, 183.369, 0.001112969, 472.5609, 16.45293, 408.8824, 168.0109, 8.670944, 207.3311, 581.9302, 394.4949, 474.0474, 1308.466, 989.2689, 210.5381, 385.7353, 1393.151, 457.0432, 576.7003, 524.9753
148.3, 211.7713, 0.001046689, 562.8002, 15.69532, 420.4605, 237.3718, 48.31486, 220.5096, 544.5958, 372.3665, 463.6653, 1295.884, 943.0331, 197.1468, 364.8485, 1314.567, 468.8024, 616.3507, 498.2375
148.4, 198.8287, 0.0009843572, 533.8803, 14.97259, 515.5883, 217.5084, 45.18372, 207.7271, 509.6566, 351.4793, 524.5266, 1247.876, 898.9583, 225.2001, 345.0927, 1437.89, 464.1924, 651.0333, 641.6999
148.5, 186.6772, 0.000925737, 506.4465, 14.28314, 486.8314, 199.3073, 42.25551, 195.6856, 663.3307, 331.7638, 507.2993, 1427.337, 856.9434, 210.8763, 326.4067, 1729.071, 513.123, 640.4143, 609.0171
148.6, 272.6334, 0.0008706077, 480.4225, 13.62544, 459.6784, 182.6292, 39.51706, 198.681, 620.7739, 313.1542, 561.3971, 1345.832, 816.8922, 241.4043, 308.7324, 1631.538, 620.0541, 604.7008, 740.1693
148.7, 255.9712, 102.4206, 455.7356, 12.99802, 434.0399, 277.5536, 36.95609, 233.1481, 607.9808, 295.5884, 533.572, 1268.981, 778.7129, 251.7277, 292.0152, 1618.434, 580.9789, 608.0341, 702.4713
148.8, 240.3273, 159.3958, 432.3174, 12.3995, 451.918, 289.8874, 34.56108, 219.633, 568.9751, 368.8341, 507.1261, 1196.519, 742.3179, 235.7165, 388.5558, 1722.401, 544.3662, 574.1263, 666.6932
148.9, 225.6396, 149.9035, 410.1024, 11.82853, 456.0977, 265.6295, 32.32129, 288.123, 532.4718, 456.4992, 481.9909, 1128.195, 707.624, 220.7237, 378.3622, 1749.236, 510.0608, 740.1857, 732.8084
149, 211.8494, 140.9765, 389.0291, 11.28386, 461.4263, 356.9685, 30.22665, 325.3534, 680.812, 430.8928, 458.1016, 1063.772, 674.5515, 206.6846, 527.4749, 1735.065, 477.9172, 698.9084, 736.1128
149.1, 332.512, 132.5811, 369.0386, 10.76427, 627.7352, 327.0972, 28.26776, 306.4934, 950.5317, 406.7227, 547.9333, 1003.027, 643.0248, 193.5384, 498.9132, 1757.522, 447.7993, 659.9329, 731.39
149.2, 312.1903, 124.6856, 350.0753, 10.2686, 605.2642, 401.8223, 26.43581, 288.7266, 889.5492, 383.9084, 599.5707, 945.7517, 612.9716, 181.2283, 471.898, 1658.384, 577.9842, 623.131, 817.8508
149.3, 293.1106, 125.7234, 332.0865, 9.795758, 571.5056, 368.1977, 24.72259, 271.9898, 832.4791, 362.3738, 569.8536, 891.7467, 584.3229, 291.4987, 446.3457, 1564.838, 652.7604, 588.3813, 776.1964
149.4, 275.1969, 118.2363, 315.022, 9.344689, 718.3217, 411.5122, 23.1204, 256.2231, 779.0704, 468.5789, 541.6094, 840.8255, 557.0132, 302.2247, 422.177, 1522.445, 611.6241, 555.5695, 761.2749
149.5, 258.3781, 111.1951, 298.8344, 8.914391, 678.2573, 398.8451, 21.62204, 241.3705, 901.1931, 442.2949, 514.7651, 792.8121, 530.9799, 283.0017, 399.317, 1671.41, 623.684, 524.5875, 866.5353
149.6, 242.5871, 104.5733, 283.4786, 8.503906, 658.1785, 365.4696, 20.22078, 227.3787, 843.376, 417.4853, 489.2513, 747.5403, 506.1633, 265.0013, 438.9052, 1699.227, 720.9507, 495.3333, 867.2903
149.7, 227.7612, 98.34574, 268.9118, 8.112324, 632.1227, 506.8432, 18.91034, 281.0809, 789.2682, 394.0673, 465.0021, 704.8538, 482.5066, 248.1459, 415.1394, 1603.377, 835.9205, 467.7104, 939.1636
149.8, 213.8414, 92.48907, 255.0936, 7.738772, 596.8661, 464.4304, 17.68482, 264.7873, 885.2474, 434.2126, 441.9548, 664.6047, 459.9556, 232.3625, 392.6605, 1672.94, 783.2416, 441.628, 891.3305
149.9, 200.7723, 86.98119, 241.9855, 7.382422, 563.5759, 425.5667, 16.53872, 249.4381, 828.4533, 429.0957, 420.0497, 626.6539, 438.4585, 217.583, 371.3987, 1578.574, 733.8825, 417, 845.9336
150, 188.502, 81.8013, 229.5509, 7.042481, 532.1425, 407.6578, 15.4669, 234.9787, 775.3029, 454.2087, 399.2304, 590.8703, 417.9661, 203.7436, 351.2882, 1489.53, 687.6339, 393.7455, 802.8488
150.1, 176.9815, 76.92989, 217.7553, 6.718193, 502.4623, 373.5448, 14.46454, 221.3575, 725.5624, 428.7308, 379.443, 557.13, 398.4315, 190.7845, 445.6046, 1405.509, 644.2999, 371.7878, 761.9584
150.2, 166.1652, 72.34857, 206.5658, 6.408838, 474.4375, 342.2865, 13.52714, 208.5259, 679.0131, 404.682, 360.6363, 525.3163, 379.8099, 178.6496, 421.476, 1326.227, 714.1589, 351.0546, 723.1506
150.3, 156.0099, 68.04008, 195.9512, 6.113728, 447.9758, 313.6438, 12.65049, 196.4382, 635.4503, 381.9821, 342.7617, 495.3193, 362.0586, 167.2865, 469.4747, 1251.418, 669.1533, 331.4776, 686.3194
150.4, 146.4752, 63.98818, 185.8822, 5.832206, 422.99, 287.398, 11.83065, 185.0511, 594.6822, 360.5556, 421.821, 467.0352, 345.137, 156.6462, 458.7107, 1180.828, 673.4373, 312.9923, 651.364
150.5, 137.5233, 60.17757, 176.3305, 5.563648, 399.3977, 263.3484, 11.06394, 174.3241, 556.5297, 340.331, 427.3242, 440.3662, 329.0062, 146.6827, 433.8724, 1114.22, 703.7672, 295.5379, 618.189
150.6, 129.1185, 56.59389, 167.2696, 5.307457, 377.1214, 241.3114, 10.34693, 164.2189, 520.8248, 321.2408, 416.0953, 415.2201, 313.6293, 137.3529, 470.7479, 1051.37, 659.4165, 279.0569, 586.7036
150.7, 121.2273, 53.22362, 158.6744, 5.063063, 356.0875, 221.1184, 9.676374, 154.6995, 487.4107, 303.2215, 477.299, 391.5099, 298.9711, 128.6166, 445.2579, 1091.695, 686.6624, 263.4949, 556.8218
150.8, 113.8184, 50.05406, 150.5208, 4.829922, 395.8321, 202.6151, 9.049279, 145.7319, 456.1403, 363.7149, 466.7884, 369.1536, 284.998, 120.4359, 583.9504, 1030.115, 713.4935, 248.8008, 528.462
150.9, 106.8623, 47.07325, 142.7862, 4.607516, 398.948, 245.1075, 8.462824, 137.2841, 426.8761, 343.3131, 461.2777, 348.0739, 271.678, 112.7756, 552.3306, 972.0087, 931.6908, 234.9261, 501.5465
151, 100.3313, 44.26996, 135.449, 4.395352, 440.0441, 339.4725, 7.914375, 129.3261, 399.4893, 324.0556, 438.4149, 328.198, 258.9805, 105.6024, 587.8398, 1008.859, 1000.794, 221.8252, 476.002
151.1, 94.19951, 41.6336, 128.4889, 4.192958, 455.6555, 311.0654, 7.40147, 121.8293, 373.8596, 305.8784, 416.6854, 309.457, 246.8764, 98.88557, 556.0095, 951.9516, 999.4656, 209.4548, 671.0639
151.2, 88.44244, 39.15425, 121.8864, 3.999883, 430.2414, 334.4929, 6.921804, 114.7672, 349.8742, 288.7208, 470.4348, 291.7861, 235.3381, 92.59594, 525.9028, 898.2542, 1044.179, 197.7743, 636.8855
151.3, 83.03721, 36.82254, 115.6232, 3.815699, 406.2447, 569.0157, 6.473224, 108.1144, 327.4276, 363.1057, 447.1182, 275.1244, 224.339, 86.70636, 497.4262, 847.5856, 978.3762, 186.7452, 604.4479
151.4, 77.96233, 34.6297, 109.6818, 3.639996, 383.5865, 571.1765, 6.053715, 101.8472, 306.4211, 342.7381, 443.6116, 259.414, 536.0013, 146.338, 470.4916, 799.7752, 916.7198, 176.3311, 573.6624
151.5, 73.1976, 32.56744, 104.0458, 3.472384, 364.6533, 768.0554, 5.661393, 95.94336, 286.7623, 323.5129, 457.6682, 244.6008, 510.95, 137.0301, 499.2536, 912.8561, 858.949, 166.4978, 544.4448
151.6, 68.72408, 30.62799, 98.6993, 3.31249, 344.3148, 703.7843, 5.294496, 90.38174, 268.3647, 305.3661, 534.2488, 230.6334, 487.0696, 200.7917, 472.22, 861.364, 804.8189, 157.2128, 516.7153
151.7, 64.52395, 28.80404, 93.62758, 3.159958, 325.1106, 713.4908, 4.951376, 85.14251, 251.1475, 288.2372, 507.7693, 217.4636, 464.3053, 188.0203, 446.6503, 812.7764, 754.1, 148.4457, 490.3982
151.8, 60.58052, 27.0887, 88.81647, 3.01445, 306.9776, 815.4523, 4.630494, 80.20699, 235.0348, 272.0691, 482.6023, 205.0458, 442.6049, 358.9126, 422.4651, 766.9295, 706.5773, 140.1674, 677.0364
151.9, 56.8781, 25.47552, 84.25258, 2.875643, 394.8411, 865.4426, 4.330406, 75.55756, 219.9559, 256.8079, 458.6826, 193.3371, 421.9187, 929.919, 399.5894, 723.6688, 662.0495, 132.3508, 642.5539
152, 53.40195, 23.95841, 79.9232, 2.743227, 372.8188, 793.022, 4.049767, 71.17766, 205.8443, 242.4028, 435.9485, 182.297, 402.1994, 1333.439, 397.1316, 682.8482, 620.3278, 124.9701, 702.1434
152.1, 50.13825, 22.53164, 75.8163, 2.616909, 352.0249, 728.7187, 3.787314, 67.05164, 192.6382, 228.8057, 529.0267, 171.8874, 383.4016, 1290.142, 375.6277, 644.3303, 581.2353, 118.001, 666.3821
152.2, 47.07402, 21.18985, 71.92043, 2.496407, 332.3907, 738.5533, 3.54187, 63.16481, 180.2792, 215.9713, 576.2427, 162.0721, 365.4825, 1208.082, 355.2883, 607.985, 544.6064, 111.4205, 748.2769
152.3, 44.19705, 19.92795, 68.22475, 2.381454, 313.8517, 714.373, 23.29621, 178.9361, 168.7132, 203.8568, 595.6936, 152.8174, 348.4008, 1131.242, 336.0501, 573.69, 510.2858, 105.207, 761.933
152.4, 41.49592, 18.74121, 64.71898, 2.271794, 374.0596, 739.0771, 37.04671, 177.3691, 157.8892, 192.4219, 602.8866, 144.0911, 332.1175, 1175.357, 317.8537, 541.3295, 478.1281, 99.34002, 751.0992
152.5, 38.95987, 17.62514, 61.39335, 2.167184, 372.7798, 727.5276, 43.86434, 167.0874, 147.7596, 181.6284, 611.2656, 135.8631, 316.5952, 1100.599, 300.6426, 510.7943, 447.9969, 93.8002, 851.6769
152.6, 36.5788, 16.57553, 58.23862, 2.067391, 360.9041, 666.6479, 41.02163, 157.4017, 138.28, 171.4403, 580.9689, 128.1049, 301.7984, 1265.43, 284.3634, 481.9815, 568.1194, 88.56932, 808.2996
152.7, 34.34326, 15.58843, 55.24599, 1.972193, 340.7747, 610.8625, 38.36315, 148.2775, 129.4084, 161.8237, 552.1738, 120.7898, 287.6931, 1260.829, 409.9795, 569.6961, 574.6758, 83.63014, 767.1316
152.8, 146.3987, 14.66011, 52.40714, 1.881378, 344.8712, 589.8504, 35.87696, 185.8024, 121.1061, 152.7465, 524.8058, 113.8924, 274.2471, 1266.182, 387.7799, 641.8878, 645.1163, 78.96641, 728.0603
152.9, 137.4515, 13.78707, 49.71416, 1.794746, 329.6116, 612.0663, 33.55188, 185.7696, 113.3364, 144.1785, 498.7944, 107.3888, 261.4296, 1185.647, 366.7824, 605.6803, 604.4617, 74.56275, 690.979
153, 129.051, 12.96603, 47.15957, 1.712102, 351.7884, 560.8484, 31.37749, 175.0009, 106.0652, 136.0911, 474.0722, 101.2566, 249.211, 1132.427, 346.9219, 629.3359, 684.2823, 70.40467, 800.742
153.1, 141.646, 12.19388, 44.73624, 1.633265, 332.1674, 513.9164, 29.34402, 164.8565, 99.26042, 128.4574, 574.02, 95.47458, 237.5636, 1086.703, 328.1368, 593.8364, 641.1595, 66.47847, 759.9589
153.2, 132.9892, 16.47101, 42.43744, 1.558057, 313.6408, 470.9117, 139.5091, 155.3002, 92.89225, 121.2518, 648.7115, 90.02272, 226.4605, 1111.077, 310.3688, 560.3395, 600.7542, 62.77122, 778.268
153.3, 124.8615, 15.49013, 40.25677, 1.486313, 296.1475, 432.0761, 195.9347, 184.1414, 86.93264, 114.4504, 749.5369, 84.88218, 215.8763, 1040.406, 293.563, 624.5607, 562.8953, 59.2707, 738.6295
153.4, 117.2305, 14.56767, 38.18815, 1.417872, 439.54, 413.8665, 183.2368, 173.4672, 81.35538, 108.0306, 712.3869, 80.03517, 205.7869, 974.2313, 358.7573, 589.3306, 527.4221, 55.9654, 701.0099
153.5, 180.2301, 13.70014, 36.22583, 1.352582, 415.0247, 402.2965, 171.3618, 254.2909, 76.13593, 101.9708, 677.0782, 212.1954, 196.1689, 912.2651, 339.3314, 556.0878, 580.8524, 52.84442, 665.3063
153.6, 169.2152, 70.05564, 34.36434, 1.2903, 395.9859, 407.3521, 160.2564, 239.5502, 71.25134, 96.25096, 694.0638, 316.3746, 187.0005, 941.147, 320.9572, 524.7202, 544.2476, 49.89749, 631.4212
153.7, 158.8735, 65.88371, 32.5985, 1.230885, 383.0261, 373.2647, 149.8707, 301.4793, 66.68012, 90.85196, 808.4225, 298.3087, 178.2606, 1021.967, 303.5781, 590.9061, 675.3391, 47.11489, 844.0829
153.8, 193.0873, 112.4722, 30.92341, 1.174206, 361.6629, 370.572, 140.158, 343.5811, 62.40218, 159.9549, 768.3539, 330.4369, 169.9292, 1071.123, 287.1399, 655.6417, 632.7798, 44.48748, 881.2676
153.9, 181.2867, 105.7742, 29.33439, 1.120136, 433.9228, 355.7419, 131.0748, 461.1455, 329.3719, 205.2423, 730.2713, 424.8723, 161.9872, 1075.079, 334.9563, 745.0923, 727.2989, 42.00658, 969.1713
154, 180.3814, 99.4752, 59.42354, 1.068557, 448.6605, 433.0545, 122.5803, 434.4139, 434.6299, 193.7296, 694.0762, 400.6109, 154.4163, 1006.699, 316.8191, 792.8845, 681.4652, 39.66403, 919.8099
154.1, 169.3572, 93.55128, 64.6852, 1.019353, 423.6365, 455.3642, 114.6362, 409.2319, 406.7457, 300.3906, 659.675, 377.735, 147.1993, 1147.977, 352.5797, 794.6671, 638.52, 37.45211, 872.9625
154.2, 159.0069, 87.98013, 152.6385, 0.9724144, 528.6475, 417.2592, 107.207, 420.5797, 380.6505, 309.9761, 626.9789, 356.1653, 140.3196, 1074.959, 333.4882, 1100.732, 598.2811, 35.36355, 1152.808
154.3, 149.289, 82.74076, 191.3535, 0.9276372, 499.1622, 382.3428, 100.2593, 396.1997, 356.2294, 364.2685, 595.9034, 418.5716, 133.7615, 1006.586, 323.531, 1312.37, 560.5779, 33.39146, 1094.094
154.4, 184.5878, 77.8134, 386.8951, 0.884922, 471.3215, 350.3482, 191.4736, 373.2328, 333.3751, 343.8356, 566.368, 394.67, 127.5098, 942.5623, 475.279, 1238.343, 525.2509, 31.52934, 1038.37
154.5, 173.3066, 73.17947, 367.0143, 0.8441736, 495.2801, 321.0309, 191.5922, 351.5974, 311.987, 324.5488, 538.2966, 372.1332, 121.5503, 882.6104, 717.6724, 1168.49, 492.1501, 29.77107, 985.484
154.6, 162.7148, 68.8215, 348.155, 0.8053016, 467.6559, 294.167, 321.0466, 331.2161, 291.9711, 306.3439, 511.6165, 350.8834, 115.8694, 826.4718, 678.812, 1102.578, 582.9665, 28.11085, 935.2917
154.7, 152.7704, 64.72306, 330.2648, 0.7682196, 441.5724, 269.551, 300.2406, 312.0162, 273.2394, 289.1602, 486.2588, 330.847, 110.454, 773.9039, 642.0557, 1040.385, 680.2944, 26.54321, 974.9378
154.8, 143.4337, 60.86869, 313.294, 0.7328451, 416.9438, 246.9949, 280.783, 293.9293, 255.7094, 272.9403, 462.1579, 311.9547, 105.2917, 724.6796, 607.2897, 981.6988, 894.9982, 25.063, 925.2827
154.9, 134.6677, 57.24385, 297.1952, 0.6990995, 393.6888, 226.3262, 262.5863, 276.8909, 239.304, 257.6303, 439.2515, 294.1413, 100.3706, 678.5862, 574.4062, 926.3234, 1048.124, 23.66533, 878.1565
155, 126.4374, 53.83487, 281.9236, 0.6669078, 371.7308, 207.3872, 245.569, 260.8401, 223.9512, 243.1791, 417.4805, 277.345, 95.67955, 635.4246, 543.3033, 874.0715, 982.0718, 22.3456, 833.4305
155.1, 118.7101, 50.62891, 267.4368, 0.6361984, 350.9976, 190.033, 229.6544, 268.3546, 209.5834, 229.5384, 396.7885, 261.5078, 91.20775, 595.0083, 513.8845, 824.7672, 1140.058, 21.09947, 899.1678
155.2, 111.455, 47.61387, 253.6944, 0.6069031, 418.5187, 183.4888, 214.7712, 252.7987, 196.1373, 216.6629, 377.1221, 246.575, 86.94495, 557.1627, 635.5446, 778.2439, 1211.231, 19.92284, 853.3717
155.3, 104.6433, 44.77838, 240.6581, 0.5789568, 424.253, 168.1344, 200.8526, 274.0225, 183.5539, 204.5097, 358.4305, 232.4949, 82.88137, 521.7242, 601.1311, 734.3449, 1134.901, 18.81182, 809.9081
155.4, 98.24799, 42.11174, 228.2917, 0.5522974, 400.5903, 154.0648, 272.2339, 258.138, 171.7778, 193.0381, 340.6652, 219.2188, 79.00772, 488.5399, 575.1647, 692.9222, 1063.38, 17.76275, 862.9857
155.5, 92.24349, 39.60392, 251.8757, 0.5268655, 378.2474, 141.1726, 259.8849, 407.1123, 160.7572, 182.21, 323.7805, 206.7008, 75.31511, 457.4662, 544.0208, 653.836, 996.3672, 16.77219, 819.0324
155.6, 86.60596, 37.24543, 238.9329, 0.5026048, 357.1507, 206.3384, 243.0425, 417.5683, 150.4436, 171.9893, 307.7327, 194.8977, 71.79508, 428.369, 514.5631, 616.9546, 933.5771, 15.83687, 777.3177
155.7, 81.31298, 35.0274, 226.6552, 0.4794611, 356.6638, 189.0719, 250.7128, 393.3628, 140.7917, 162.3419, 292.4802, 183.7685, 68.43958, 401.1225, 684.7848, 582.1536, 1125.596, 14.9537, 737.7277
155.8, 76.34348, 32.94146, 215.0083, 0.4573832, 336.7709, 173.2503, 234.4649, 370.5604, 131.7591, 153.2357, 277.9838, 232.9787, 65.24089, 375.609, 647.7051, 549.3156, 1054.662, 14.11979, 765.405
155.9, 71.67769, 30.97973, 203.96, 0.4363219, 340.3715, 255.3653, 229.5585, 349.0799, 123.3059, 144.6402, 264.2058, 219.675, 62.19171, 351.7184, 612.6332, 518.33, 1522.281, 13.33238, 726.4216
156, 67.29705, 29.13484, 218.5017, 0.4162304, 321.3873, 233.9963, 214.6816, 328.8445, 115.3951, 136.5269, 984.3196, 306.9523, 59.28503, 329.3472, 579.4603, 489.0921, 1847.274, 12.58889, 971.7206
156.1, 63.18414, 27.39981, 266.8337, 0.3970641, 435.3455, 321.8147, 200.7688, 309.7821, 107.9918, 128.8687, 1412.702, 427.7976, 56.51421, 308.399, 548.0837, 461.5035, 2072.666, 11.88685, 943.9001
156.2, 59.3226, 50.97415, 253.1223, 0.3787803, 459.2041, 322.1422, 187.7576, 291.8247, 101.0634, 121.6401, 1511.502, 403.3692, 53.87289, 288.7833, 619.9401, 435.4712, 2057.678, 11.22397, 1005.849
156.3, 55.69705, 47.93855, 240.1154, 0.3613385, 447.4908, 368.971, 252.1495, 274.9083, 94.57959, 114.8169, 1556.061, 380.3357, 51.35501, 270.4152, 620.6779, 410.9072, 2007.495, 10.59805, 954.6199
156.4, 52.29309, 45.08372, 227.7769, 0.3446998, 422.532, 338.0954, 305.8221, 258.9725, 88.51173, 108.3765, 1549.767, 358.6175, 48.95481, 253.2153, 681.7715, 387.7289, 2102.543, 10.00704, 905.9995
156.5, 49.09716, 149.5182, 216.0724, 0.3288273, 398.9653, 344.994, 286.0027, 260.1106, 82.83315, 102.2974, 1472.954, 338.1395, 46.6668, 237.1095, 644.855, 365.858, 2033.04, 9.448981, 859.8555
156.6, 46.09655, 140.6141, 204.9694, 0.3136856, 376.713, 334.3825, 267.4678, 373.2694, 77.5189, 96.55919, 1399.949, 318.8308, 44.48572, 222.0282, 658.4949, 345.2207, 1904.92, 8.922048, 816.0616
156.7, 43.27932, 132.2403, 194.4369, 0.2992412, 355.7019, 357.186, 250.1341, 383.075, 72.54559, 91.1429, 1330.562, 300.6247, 42.40657, 359.904, 622.8387, 325.7476, 1784.873, 8.424499, 774.4983
156.8, 40.63427, 181.0127, 184.4457, 0.2854619, 335.8627, 327.2966, 233.9237, 360.869, 67.89134, 86.03042, 1334.658, 283.4582, 40.42461, 676.2613, 589.1133, 307.3729, 1672.392, 7.954696, 875.3393
156.9, 38.15088, 170.2331, 174.9678, 0.2723171, 317.1299, 306.2914, 218.7638, 339.9502, 63.53569, 81.20472, 1290.493, 267.2719, 38.53527, 654.0864, 557.214, 290.0347, 1746.562, 7.511093, 1029.638
157, 35.81926, 222.9342, 165.977, 0.2597776, 361.5714, 280.6609, 204.5864, 353.103, 59.45949, 76.6497, 1365.351, 252.0099, 36.73423, 1281.41, 527.042, 273.6745, 1636.495, 7.092227, 977.1966
157.1, 33.63014, 209.658, 157.4481, 0.2478155, 442.0766, 509.0232, 191.3279, 332.6344, 55.64479, 72.3502, 1297.679, 237.6195, 35.01738, 1495.819, 611.9887, 258.2372, 1883.901, 6.696721, 927.4264
157.2, 33.15219, 197.1725, 149.3576, 0.2364043, 417.4198, 502.5662, 266.5323, 313.3523, 52.07484, 68.29186, 1288.211, 224.0508, 33.38076, 1468.012, 578.8508, 243.6706, 2283.415, 6.32327, 880.191
157.3, 31.12607, 185.4306, 220.1427, 0.2255185, 508.4789, 460.5113, 249.2592, 433.0617, 48.73391, 64.46117, 1253.25, 211.2569, 31.82063, 1374.639, 547.5072, 229.9257, 2565.263, 5.970645, 951.45
157.4, 29.22378, 174.3878, 396.131, 0.2151339, 480.1185, 421.9756, 274.0822, 407.9581, 45.60733, 60.84535, 1191.134, 199.1935, 30.33342, 1287.204, 517.8608, 216.9561, 2658.985, 5.637685, 902.991
157.5, 27.43774, 164.0027, 576.108, 0.2052276, 453.34, 386.6645, 256.3199, 384.3097, 42.68134, 57.43235, 1178.685, 187.819, 28.91572, 1205.332, 565.2411, 204.7181, 2653.454, 5.323292, 857.0002
157.6, 25.76087, 154.2361, 754.3021, 0.1957774, 428.055, 424.2811, 241.3078, 362.0321, 39.94307, 54.2108, 1227.341, 177.094, 27.56427, 1128.666, 534.6345, 193.1704, 2486.236, 5.026433, 813.3518
157.7, 24.18647, 183.6198, 715.5418, 0.1867623, 404.1802, 388.7771, 225.6694, 341.0459, 37.38047, 51.16996, 1166.509, 166.9815, 26.27599, 1056.877, 505.6852, 182.2741, 2329.556, 4.746127, 771.9265
157.8, 22.7083, 172.6849, 678.7733, 0.1781624, 381.6371, 356.2441, 211.0445, 321.2762, 34.98228, 48.29968, 1108.692, 157.4464, 25.04792, 1538.841, 478.3033, 171.9924, 2182.75, 4.481453, 732.611
157.9, 21.32046, 162.4012, 643.894, 0.1699585, 454.7553, 487.8276, 197.3674, 302.6525, 32.73795, 45.59041, 1099.252, 148.4558, 23.87725, 1758.438, 507.929, 162.2907, 2278.195, 4.23154, 695.2979
158, 20.01745, 228.8361, 613.7432, 0.1621324, 447.6437, 463.5715, 184.5766, 285.1084, 30.63761, 43.03311, 1044.769, 139.9785, 22.76129, 1942.646, 480.4256, 153.1363, 2389.703, 3.995563, 811.051
158.1, 18.79407, 215.2085, 582.2056, 0.1546666, 422.6764, 619.7419, 172.6148, 268.5813, 28.67202, 40.61925, 1196.948, 131.9854, 21.69749, 1857.023, 539.8239, 144.4982, 2239.106, 3.772745, 769.7429
158.2, 17.64545, 202.3924, 672.1003, 0.1475446, 502.4435, 577.1591, 161.4282, 253.0123, 26.83253, 38.3408, 1294.362, 124.4487, 20.68341, 1738.907, 510.5935, 136.3474, 2337.59, 3.562354, 897.0112
158.3, 25.68656, 190.3396, 655.4744, 0.1407506, 496.8015, 665.7448, 150.9665, 238.3457, 25.11106, 36.19015, 1230.208, 117.3423, 19.71672, 1628.303, 489.1749, 128.6563, 2190.277, 3.363695, 851.325
158.4, 24.11671, 179.0045, 621.7924, 0.1342694, 469.4012, 610.035, 314.7316, 224.5293, 23.50003, 34.16013, 1169.234, 110.6417, 18.79522, 1524.735, 462.6871, 121.3991, 2192.419, 3.176114, 807.9656
158.5, 22.6428, 168.3445, 589.8412, 0.1280866, 443.2203, 558.9871, 295.3195, 211.5139, 21.99236, 32.24399, 1111.283, 104.3238, 17.91678, 1427.754, 437.6335, 114.5513, 2054.255, 2.998994, 766.8146
158.6, 21.25896, 158.3193, 589.668, 0.1221885, 418.4998, 512.2109, 478.2936, 199.2529, 20.58142, 30.43533, 1056.203, 98.3666, 17.0794, 1336.941, 413.9366, 108.0897, 1924.798, 2.831752, 727.7595
158.7, 19.95971, 148.8911, 559.3675, 0.1165621, 501.7116, 469.3489, 447.2969, 187.7026, 19.26099, 28.72812, 1003.853, 92.7496, 16.28115, 1494.732, 391.5227, 101.9926, 1895.395, 2.673836, 690.6935
158.8, 18.73985, 140.0244, 530.624, 0.1111947, 629.7604, 488.3151, 448.4955, 176.8219, 18.02528, 27.11667, 954.0984, 87.45334, 15.52022, 1399.659, 531.868, 96.23941, 1802.848, 2.524726, 655.5153
158.9, 17.59455, 188.8767, 503.3576, 0.1060745, 594.6356, 447.4527, 419.43, 391.5717, 16.86884, 25.59562, 906.8096, 82.45951, 14.79484, 1310.633, 540.5363, 90.81076, 1844.859, 2.383931, 622.1288
159, 16.51925, 177.6288, 481.1593, 0.10119, 561.4698, 410.0097, 392.248, 368.8732, 15.7866, 24.15988, 861.8645, 77.75085, 14.10337, 1227.27, 511.2674, 85.68833, 1815.234, 2.250988, 590.4428
159.1, 15.50966, 167.0506, 456.4346, 0.09653049, 530.1539, 375.7, 366.8277, 347.4904, 14.7738, 22.80468, 819.1471, 73.31106, 13.44422, 1149.21, 483.5833, 80.85484, 2178.917, 2.125459, 560.3706
159.2, 14.56178, 157.1025, 432.9804, 0.09208551, 500.5846, 344.2613, 343.0547, 327.3472, 13.82597, 21.5255, 778.5469, 69.12479, 12.81587, 1096.587, 457.3982, 76.29401, 2147.819, 2.006931, 531.83
159.3, 13.67183, 147.7467, 410.7315, 0.08784521, 474.2011, 315.4534, 320.8224, 308.3716, 12.93895, 20.31807, 739.9591, 65.17758, 12.21689, 1026.839, 458.6211, 71.99043, 2109.171, 1.895012, 504.743
159.4, 12.83626, 138.9482, 424.6586, 0.08380017, 447.7526, 289.0561, 300.031, 290.496, 12.10883, 19.17837, 703.2838, 61.45576, 11.64591, 1004.357, 433.7877, 67.92961, 1976.253, 1.789334, 479.0356
159.5, 12.05177, 130.6736, 402.8372, 0.07994139, 422.7792, 264.8678, 336.6109, 273.6566, 11.33198, 18.1026, 668.4263, 57.94647, 11.10161, 978.8062, 410.299, 64.09785, 1957.838, 1.68955, 454.6376
159.6, 11.31521, 122.8917, 386.7579, 0.0762603, 493.5195, 242.7036, 314.7962, 257.7933, 10.60496, 17.08717, 635.2964, 54.63757, 10.58275, 969.6602, 388.0821, 60.48224, 1834.457, 1.59533, 431.4821
159.7, 66.56113, 115.5733, 366.8841, 0.07274871, 465.9935, 222.3941, 388.3831, 242.8496, 9.924586, 16.1287, 603.8087, 51.51762, 10.08814, 1039.315, 367.0682, 57.07057, 1954.037, 1.506364, 409.506
159.8, 62.4932, 108.6907, 456.8274, 0.06939883, 440.0028, 203.784, 427.275, 387.6065, 9.287863, 15.22399, 573.8815, 48.57582, 9.616648, 1111.355, 347.1922, 53.85135, 1830.895, 1.42236, 612.5652
159.9, 149.6476, 102.218, 525.4526, 0.06620319, 415.4616, 186.7313, 399.5847, 365.1378, 8.691989, 14.37003, 545.4377, 45.80201, 9.167192, 1040.667, 328.3925, 50.81372, 1945.031, 1.34304, 581.3663
160, 140.5017, 96.13071, 498.4519, 0.0631547, 392.2893, 171.1056, 494.7856, 456.8147, 8.134344, 13.56398, 518.4036, 43.18659, 8.738742, 974.4749, 310.6107, 47.94743, 1865.18, 1.268144, 602.1313
160.1, 131.9149, 90.40595, 499.5353, 0.06024659, 370.4094, 156.7874, 462.7201, 430.3342, 7.612476, 12.80313, 492.7095, 40.72052, 8.330317, 925.8816, 293.7918, 45.24282, 1747.638, 1.197425, 596.2707
160.2, 139.3382, 85.02212, 473.8663, 0.0574724, 349.7498, 222.3059, 432.7327, 492.846, 7.124089, 12.08497, 578.9066, 38.39526, 7.94098, 906.27, 369.2643, 42.69078, 1637.504, 1.130649, 603.9236
160.3, 284.3255, 79.9589, 574.0492, 0.05482594, 376.8891, 203.7032, 404.6887, 464.2769, 6.667035, 11.40708, 707.4337, 242.1702, 7.56984, 1055.606, 349.2694, 40.28268, 1649.089, 1.067597, 638.6807
160.4, 276.7534, 91.17117, 564.8723, 0.05230135, 355.8681, 186.6573, 378.4621, 437.3638, 177.5234, 10.76723, 672.3705, 430.7976, 7.216046, 1316.757, 365.7314, 38.01043, 1582.466, 1.008061, 622.3427
160.5, 353.7943, 133.797, 535.8459, 0.04989301, 412.9312, 184.7449, 353.9352, 412.0108, 166.1342, 10.16326, 639.0452, 635.3539, 6.878787, 1343.059, 345.9277, 35.86635, 1482.741, 0.951845, 769.6015
160.6, 332.1718, 239.1983, 508.3112, 0.04759557, 389.9, 169.2854, 330.9977, 477.6438, 155.4756, 9.593174, 607.3716, 860.816, 6.557291, 1257.634, 358.8721, 33.84321, 1389.3, 0.8987643, 730.4044
160.7, 311.8709, 318.1186, 529.0035, 0.04540392, 368.1534, 240.9165, 309.5468, 639.1739, 145.5009, 9.055064, 653.6812, 811.6611, 6.250821, 1275.284, 411.0419, 31.93419, 1377.061, 0.8486435, 847.364
160.8, 292.8107, 299.1741, 501.8203, 0.04331318, 450.4965, 268.949, 289.4861, 617.1156, 196.5842, 8.547138, 657.1951, 920.0711, 5.958674, 1567.574, 388.7849, 30.13285, 1290.28, 0.8013179, 906.9802
160.9, 274.9153, 281.3578, 476.034, 0.04131872, 425.3701, 246.4433, 271.5475, 660.8022, 274.1187, 8.067704, 702.2108, 882.9401, 5.680182, 1526.234, 367.7329, 28.43313, 1208.968, 0.7566314, 999.9939
161, 258.1137, 301.6292, 472.0963, 0.0394161, 416.4775, 225.8208, 536.907, 645.249, 303.4083, 7.615163, 667.4064, 832.5218, 5.414705, 1429.157, 347.821, 26.82928, 1132.78, 0.7144369, 949.0626
161.1, 242.3389, 283.6666, 447.8373, 0.03760109, 393.2485, 206.9241, 502.1118, 1082.748, 361.3328, 7.188006, 698.4557, 896.3262, 5.161636, 1588.361, 328.9872, 25.3159, 1061.393, 0.6745954, 900.7253
161.2, 227.5282, 266.7738, 424.8249, 0.03586966, 371.3151, 189.6086, 549.3955, 1211.933, 338.151, 6.784809, 663.8375, 950.0223, 4.920395, 1487.333, 311.1732, 23.88788, 994.5053, 0.6369758, 981.925
161.3, 213.6226, 250.8869, 402.995, 0.03421796, 350.605, 173.7421, 525.4246, 1141.68, 316.4565, 6.404229, 630.9351, 895.7734, 4.690429, 1425.665, 294.3238, 22.54042, 931.8325, 0.601454, 931.9139
161.4, 200.5669, 271.1597, 382.2868, 0.03264231, 331.0501, 159.2033, 491.3735, 1075.499, 296.1539, 6.044997, 599.6635, 844.6223, 4.471211, 1654.755, 449.25, 388.0113, 940.3948, 0.5679132, 884.45
161.5, 188.3091, 255.0117, 411.7068, 0.03113922, 356.9775, 145.8811, 459.5292, 1013.155, 277.1538, 5.705915, 604.5107, 796.3921, 4.262239, 1921.116, 424.924, 366.1245, 951.5212, 200.4823, 839.4035
161.6, 208.3223, 239.8253, 489.4717, 0.02970534, 337.0671, 229.3061, 429.7486, 954.4246, 259.3727, 5.385853, 667.3804, 750.9159, 4.063033, 1798.923, 434.2212, 345.4722, 1197.509, 204.6775, 948.3321
161.7, 208.4592, 225.5432, 464.3199, 0.02833748, 318.2672, 210.1177, 401.8979, 1120.89, 242.7323, 5.083745, 634.3024, 708.0366, 3.873138, 1935.014, 410.709, 325.9849, 1359.081, 193.2634, 962.2416
161.8, 289.1936, 275.4546, 456.4668, 0.02703262, 300.5159, 192.535, 375.8522, 1076.203, 227.1595, 4.798582, 602.8639, 667.6057, 3.692118, 1884.954, 621.6158, 307.5968, 1273.433, 346.1476, 987.5438
161.9, 271.5193, 259.0508, 460.6748, 0.02578783, 283.7546, 176.4236, 393.0347, 1143.005, 212.5858, 4.529415, 572.9836, 629.4836, 3.519558, 1851.864, 587.9566, 385.0771, 1193.183, 326.8442, 989.0307
162, 254.9252, 243.6239, 437.0027, 0.02460037, 267.9282, 180.0346, 367.5634, 1125.301, 198.9472, 4.275347, 544.5842, 656.2275, 3.355063, 1734.076, 562.3929, 363.3558, 1117.99, 308.6173, 1022.422
162.1, 239.3453, 229.1156, 439.8958, 0.02346759, 252.9845, 187.9965, 343.7428, 1219.117, 186.1835, 4.03553, 517.5925, 628.0129, 3.198257, 1623.78, 531.9405, 342.8597, 1047.535, 291.4069, 970.3483
162.2, 224.7175, 257.7422, 417.2915, 0.02238697, 238.8743, 172.2649, 429.3612, 1148.447, 174.2386, 3.809165, 491.9385, 592.1517, 3.048779, 1748.356, 513.6891, 323.5197, 981.5204, 275.1562, 920.9269
162.3, 210.9837, 319.7567, 395.8487, 0.02135611, 225.5511, 157.8497, 401.5357, 1081.874, 163.0602, 3.595497, 519.8088, 656.3812, 238.0823, 1637.152, 674.6903, 340.0141, 919.6659, 259.8118, 874.0226
162.4, 294.1365, 300.7146, 375.5078, 0.02037271, 212.9711, 144.6408, 384.5454, 1094.69, 152.5988, 3.393815, 529.715, 618.9001, 226.9549, 1660.884, 643.1642, 370.5551, 861.7094, 245.3231, 829.5072
162.5, 281.6493, 282.8065, 356.212, 0.0194346, 201.0926, 132.5372, 400.9963, 1090.308, 142.8087, 3.203446, 503.4603, 735.7067, 216.3477, 1592.977, 608.3381, 349.6529, 807.4053, 231.6424, 895.4149
162.6, 264.4361, 328.1474, 389.3387, 0.01853969, 189.8767, 121.4464, 375.009, 1293.699, 133.6466, 3.023755, 478.5068, 693.6958, 206.2362, 1491.656, 575.3979, 329.9297, 756.5234, 218.7245, 881.847
162.7, 303.5966, 308.6057, 436.3503, 0.01768599, 179.2863, 111.2838, 407.4343, 1218.706, 125.0724, 2.854144, 454.7901, 735.5785, 196.5972, 1464.229, 547.301, 311.3191, 708.8481, 206.5271, 836.9331
162.8, 362.1295, 290.2276, 413.9282, 0.01687159, 169.2866, 101.9715, 381.0298, 1148.06, 117.0482, 2.694046, 432.2489, 809.014, 187.4088, 1371.097, 688.3957, 293.7583, 664.1772, 195.0099, 836.7484
162.9, 339.9977, 308.1595, 392.6582, 0.0160947, 159.8447, 93.43848, 394.2704, 1195.515, 109.5388, 2.542929, 410.825, 824.1766, 178.6498, 1283.888, 651.1205, 323.5918, 622.3214, 184.1349, 858.7626
163, 319.2185, 289.8081, 372.4812, 0.01535358, 150.9294, 85.61952, 428.4454, 1432.662, 102.5112, 2.400289, 464.5018, 840.2419, 234.9301, 1202.226, 615.8636, 429.0959, 583.1033, 173.8664, 860.3622
163.1, 344.5782, 272.5495, 353.341, 0.01464659, 142.5113, 78.45485, 421.7339, 1470.844, 95.93452, 2.26565, 503.9773, 792.2618, 223.9501, 1125.758, 667.9647, 703.558, 546.3567, 164.1705, 816.5425
163.2, 329.997, 256.3187, 348.3219, 0.01397215, 134.5627, 71.88972, 394.4026, 1385.582, 89.77972, 2.138562, 496.2484, 747.0215, 213.4833, 1201.942, 631.7957, 663.8719, 511.9258, 155.0153, 774.9547
163.3, 309.829, 241.0545, 330.4232, 0.01332877, 127.0575, 65.87397, 388.3751, 1305.263, 84.0198, 2.018604, 471.6523, 704.3645, 332.0017, 1138.129, 629.8899, 761.0738, 479.6647, 146.3707, 1066.937
163.4, 290.8936, 255.6111, 313.4442, 0.01271502, 119.9709, 123.8541, 396.6083, 1249.01, 78.62941, 1.905375, 448.2754, 664.1434, 316.4848, 1118.165, 595.7827, 792.652, 687.0126, 138.2082, 1012.596
163.5, 273.1154, 282.6855, 332.8211, 0.01212952, 113.2795, 145.4668, 370.9054, 1315.699, 73.58485, 1.798496, 584.0591, 687.4805, 301.6931, 1210.348, 563.5222, 747.9403, 643.7177, 130.5008, 961.0232
163.6, 256.4238, 265.8511, 382.6049, 0.01157099, 122.8894, 313.8047, 346.8682, 1274.186, 68.86392, 1.697613, 596.9991, 648.2234, 287.5928, 1135.434, 664.4371, 745.6536, 603.1512, 123.2233, 1130.788
163.7, 240.7523, 250.0192, 362.9445, 0.01103817, 116.0353, 308.2247, 324.3888, 1203.919, 141.5832, 1.602389, 729.6422, 611.2081, 274.1515, 1063.215, 709.0481, 703.593, 696.5706, 116.3516, 1073.195
163.8, 226.0385, 262.5467, 344.2943, 0.0105299, 109.5634, 430.193, 303.3662, 1515.683, 236.6678, 66.03075, 712.86, 637.4223, 261.3384, 1245.16, 670.6546, 663.9048, 760.131, 109.8631, 1396.97
163.9, 212.224, 246.9116, 509.1568, 0.01004502, 103.4525, 404.0655, 283.706, 1427.822, 524.7664, 82.71564, 756.6947, 665.2441, 249.1241, 1461.771, 788.5017, 703.671, 712.2283, 103.7365, 1325.82
164, 199.2538, 232.2076, 584.3904, 0.009582474, 97.68248, 416.185, 265.3199, 1454.68, 864.3983, 78.07587, 848.0654, 627.2568, 237.4807, 1702.433, 993.0062, 792.3578, 779.0118, 97.95147, 1258.294
164.1, 187.0762, 218.3792, 650.2417, 0.009141226, 92.23425, 381.3585, 248.1254, 1466.115, 897.7634, 169.6428, 918.49, 725.5713, 226.3815, 1603.26, 1118.825, 747.6627, 806.2257, 92.48908, 1351.299
164.2, 175.6429, 205.3743, 998.369, 0.008720296, 87.08989, 349.4463, 277.959, 1522.457, 840.1664, 540.4802, 1042.505, 684.1392, 215.8011, 1501.284, 1058.243, 776.3353, 755.4182, 87.33131, 1505.664
164.3, 177.6329, 193.1439, 1502.239, 0.008318749, 82.23246, 320.2045, 393.8893, 1509.284, 786.2645, 834.7955, 990.8345, 645.0729, 205.7151, 1405.795, 1029.847, 750.9096, 849.5373, 82.46117, 1428.978
164.4, 166.7768, 181.6419, 1729.02, 0.007935693, 77.64595, 293.4096, 368.3626, 1421.794, 735.8208, 979.5513, 941.7248, 608.2375, 196.1005, 1415.71, 996.4886, 811.9429, 951.8445, 77.86263, 1356.198
164.5, 156.5841, 170.8248, 1720.924, 0.007570275, 73.31525, 268.857, 383.5621, 1506.019, 688.6133, 941.1991, 895.0492, 573.5054, 186.9353, 1325.663, 942.5308, 766.143, 891.8602, 73.52052, 1287.124
164.6, 147.0143, 160.6519, 1694.122, 0.007221683, 69.2261, 246.359, 458.1486, 1418.719, 644.4346, 888.4044, 850.687, 540.7567, 178.1985, 1241.344, 891.4946, 722.9266, 835.656, 69.42056, 1221.569
164.7, 138.0294, 151.0848, 1662.863, 0.006889144, 65.36502, 269.6272, 428.4574, 1336.479, 603.0901, 838.5712, 808.5236, 509.878, 169.8699, 1162.388, 843.222, 682.1479, 782.9938, 65.54924, 1385.836
164.8, 129.5937, 142.0874, 1577.416, 25.20135, 61.71929, 247.0647, 400.6904, 1270.603, 564.3981, 813.2979, 768.45, 480.7626, 161.9307, 1088.454, 797.5632, 643.6694, 733.6503, 61.89381, 1437.984
164.9, 121.6734, 133.6258, 1496.359, 112.6562, 58.2769, 323.531, 374.723, 1196.949, 528.1885, 767.6776, 730.3626, 453.3098, 154.3625, 1019.223, 754.3768, 660.396, 687.4163, 58.44222, 1364.745
165, 114.2373, 125.6682, 1615.263, 107.4687, 55.02651, 454.3598, 350.4384, 1127.565, 494.302, 856.7666, 694.163, 427.4245, 464.9538, 954.3949, 713.5289, 780.6099, 644.096, 55.18312, 1295.236
165.1, 195.3174, 118.1844, 1532.261, 102.5201, 51.95741, 425.0899, 327.7276, 1062.202, 462.5894, 957.6469, 659.7575, 403.0174, 530.2371, 984.9278, 674.8928, 1000.58, 603.5057, 52.10577, 1279.042
165.2, 272.5506, 111.1463, 1704.817, 416.8359, 49.05949, 389.5182, 306.4886, 1000.629, 432.9115, 1164.708, 627.0573, 490.6195, 688.0289, 922.2812, 638.3487, 1419.091, 565.4733, 49.20002, 1213.898
165.3, 255.8935, 104.5274, 2188.909, 606.205, 46.3232, 437.5883, 358.9753, 942.6245, 405.1375, 1274.792, 922.705, 462.6038, 858.6148, 863.6194, 603.7834, 1639.881, 529.8378, 176.2954, 1152.072
165.4, 240.2544, 98.30257, 2314.354, 578.2908, 43.73953, 580.867, 335.7112, 911.0982, 379.1454, 1333.646, 1006.971, 436.1878, 1266.269, 992.9372, 571.0897, 1955.236, 610.2638, 348.0177, 1146.225
165.5, 225.5711, 92.44848, 2342.199, 551.662, 41.29996, 532.2599, 313.9549, 886.5901, 354.8209, 1258.838, 1064.614, 411.2803, 1207.087, 929.7812, 540.1664, 1962.496, 571.8055, 725.643, 1087.846
165.6, 211.7851, 86.94301, 2308.382, 526.2595, 38.99646, 487.7202, 347.5148, 911.7711, 332.057, 1188.226, 1011.848, 387.795, 1150.671, 870.6423, 510.9175, 1931.648, 700.5266, 694.0229, 1171.779
165.7, 230.6712, 81.7654, 2263.046, 502.0266, 36.82143, 446.9076, 324.9934, 858.9177, 310.7535, 1121.575, 961.6965, 412.2469, 1096.891, 815.265, 483.2523, 1822.688, 798.7458, 685.043, 1516.355
165.8, 228.2865, 76.89612, 2270.741, 524.1739, 34.76772, 409.5103, 303.9316, 809.1282, 290.8167, 1058.662, 914.031, 482.2305, 1045.626, 763.4099, 457.0852, 1845.536, 748.4096, 646.8408, 1439.124
165.9, 214.3346, 72.31682, 2178.649, 500.037, 32.82856, 375.2423, 358.2924, 1050.785, 272.159, 999.2786, 868.728, 454.6938, 996.756, 714.853, 432.335, 1741.433, 701.2455, 610.7689, 1365.827
166, 201.2354, 68.01022, 2066.698, 477.0117, 30.99755, 343.8419, 335.0726, 989.8729, 254.6983, 943.2261, 825.6704, 428.7295, 950.1703, 669.3846, 408.9249, 1643.203, 657.0537, 576.7086, 1376.325
166.1, 195.2689, 63.96009, 1960.499, 455.0465, 29.26866, 410.13, 415.5369, 932.4922, 238.3579, 890.3177, 784.7469, 404.2479, 905.7619, 626.8083, 442.2902, 1550.514, 615.6468, 544.5477, 1306.227
166.2, 183.3349, 60.15116, 1859.758, 434.0928, 27.6362, 375.8102, 388.6073, 878.4377, 223.0658, 881.179, 745.8518, 598.7084, 863.429, 586.94, 418.3411, 1463.053, 576.8493, 514.1804, 1239.699
166.3, 172.1302, 56.56905, 1764.193, 414.104, 59.41991, 559.3112, 363.4229, 827.5166, 433.05, 831.751, 708.8845, 772.9271, 823.0746, 549.6075, 395.6888, 1380.525, 726.6428, 536.4622, 1176.559
166.4, 161.6104, 53.20026, 1722.044, 395.0356, 56.10577, 709.65, 339.8706, 779.5473, 442.1208, 785.0956, 673.7493, 792.7298, 784.6063, 514.6497, 374.263, 1632.395, 786.8066, 506.5457, 1116.635
166.5, 151.7334, 50.03209, 1705.722, 376.8452, 52.97648, 650.2663, 317.8447, 734.3587, 413.756, 741.0573, 640.3557, 811.1259, 747.9359, 481.9153, 353.9975, 1540.316, 767.7196, 478.2975, 1059.763
166.6, 142.4601, 47.05259, 1763.851, 378.7046, 50.02172, 595.8518, 297.2462, 724.4877, 387.211, 699.4892, 608.6171, 764.8084, 712.9794, 537.56, 334.8292, 1453.43, 766.0862, 451.6247, 1103.124
166.7, 133.7536, 133.9983, 1783.516, 361.2662, 47.23176, 545.9907, 277.9826, 682.4908, 362.369, 701.0143, 578.4517, 854.2641, 679.6566, 503.3684, 316.6989, 1371.445, 717.8082, 426.4393, 1250.469
166.8, 125.5791, 126.0184, 1719.869, 344.6309, 44.59741, 500.302, 259.9674, 843.8127, 339.1208, 661.6924, 549.7813, 805.4833, 647.8913, 471.3515, 299.5503, 1294.085, 749.128, 402.6584, 1252.077
166.9, 117.9043, 118.5138, 1689.98, 328.7615, 42.10999, 458.4366, 243.1198, 794.8988, 467.7745, 624.5761, 522.532, 759.488, 617.6106, 443.8707, 283.3303, 1221.089, 701.9186, 380.2036, 1296.71
167, 110.6985, 111.4561, 1617, 411.0304, 188.5478, 420.0745, 227.3639, 789.9655, 474.2233, 589.5417, 1054.377, 716.1191, 588.7451, 506.5948, 267.9885, 1152.21, 657.6844, 520.3065, 1230.667
167.1, 103.933, 104.8187, 1694.235, 392.1035, 191.6486, 384.9225, 212.6292, 1024.936, 443.799, 556.4726, 1582.715, 675.2267, 561.2288, 526.7087, 253.4775, 1087.216, 616.2377, 491.291, 1392.531
167.2, 97.5811, 98.57655, 1757.789, 374.0482, 180.9594, 352.712, 198.8494, 1349.666, 761.8856, 525.2584, 1747.04, 727.0427, 534.9984, 652.0013, 239.7522, 1025.889, 675.5831, 463.8936, 1321.607
167.3, 91.61736, 92.70614, 1667.464, 356.8242, 237.4475, 323.197, 306.9137, 1381.127, 751.561, 495.795, 1796.139, 763.2661, 509.994, 610.5307, 226.7701, 968.0206, 827.4578, 438.024, 1254.295
167.4, 86.01809, 87.18533, 1581.78, 391.9468, 246.0889, 296.1518, 287.0236, 1301.066, 944.2685, 467.9844, 1850.684, 719.6815, 486.1583, 571.6978, 214.491, 913.4167, 775.3123, 413.597, 1238.357
167.5, 80.76103, 81.99329, 1500.499, 373.8987, 269.5114, 295.9847, 268.4225, 1232.98, 883.6879, 441.7338, 1758.957, 678.5858, 463.4365, 535.3348, 251.5361, 861.8929, 726.4528, 390.5323, 1175.286
167.6, 75.82526, 77.11044, 1423.395, 356.6816, 254.4794, 271.2166, 251.0269, 1161.507, 826.9938, 496.3379, 1671.776, 765.1611, 441.7767, 501.2848, 237.916, 813.2755, 781.1208, 368.7538, 1212.044
167.7, 71.19115, 72.51838, 1389.544, 340.2574, 316.05, 296.472, 234.7586, 1094.177, 773.9371, 468.4968, 1739.652, 721.4683, 421.1293, 469.4005, 225.0333, 767.4005, 825.093, 348.1898, 1334.508
167.8, 66.84025, 154.3944, 1318.141, 324.5894, 308.7056, 271.6631, 219.5447, 1030.75, 724.2842, 442.2174, 1678.768, 680.2705, 401.4468, 439.5442, 301.5009, 724.1131, 773.0964, 328.7725, 1434.642
167.9, 62.75526, 145.1999, 1301.157, 309.6429, 291.4876, 248.9303, 205.3167, 971.0001, 677.817, 417.4121, 1595.562, 641.4252, 382.6843, 411.5869, 366.4742, 683.2675, 724.3766, 310.4381, 1361.573
168, 58.91992, 136.553, 1278.756, 295.3846, 275.2299, 228.0997, 192.0107, 914.7133, 634.3308, 393.9983, 1605.29, 604.798, 364.7986, 385.4078, 423.3557, 644.726, 678.7271, 293.1262, 1385.54
168.1, 55.31899, 128.4211, 1213.046, 281.783, 259.879, 209.0122, 179.5671, 861.6894, 593.6346, 371.8977, 1606.103, 570.2624, 347.7489, 360.8939, 463.687, 608.3584, 635.9543, 276.7796, 1314.972
168.2, 51.93813, 120.7733, 1174.523, 276.0313, 245.3842, 191.522, 167.93, 811.7392, 555.5493, 400.5199, 1622.666, 537.6989, 331.4961, 337.9392, 438.5793, 574.0423, 651.8383, 261.3447, 1247.999
168.3, 75.98212, 113.5811, 1114.17, 263.3208, 231.6979, 175.4954, 157.047, 764.6844, 519.9073, 378.0535, 1542.24, 506.9948, 316.0029, 316.4445, 414.8311, 541.6619, 703.506, 246.7705, 1253.935
168.4, 71.33842, 106.8171, 1141.366, 257.2458, 218.775, 160.8099, 146.8692, 728.9908, 486.5521, 356.8474, 1465.801, 478.044, 301.2337, 296.317, 392.3689, 511.1079, 746.415, 233.009, 1251.745
168.5, 66.97852, 100.456, 1082.716, 259.372, 206.5728, 147.3532, 137.3511, 686.7328, 455.3368, 336.8307, 1457.649, 450.7464, 287.1549, 277.4697, 371.1229, 482.2775, 699.3767, 220.015, 1239.447
168.6, 62.88507, 198.0244, 1064.749, 247.4286, 195.0512, 135.0227, 128.4498, 648.9307, 426.1241, 317.9369, 1411.461, 425.0075, 273.734, 259.8212, 481.0931, 455.0733, 655.3027, 207.7456, 1176.32
168.7, 59.04181, 186.2317, 1010.036, 236.0351, 237.424, 171.03, 120.1254, 727.6785, 398.7856, 300.1029, 1355.042, 400.7384, 260.9405, 243.2952, 455.0429, 429.4037, 614.0061, 196.1604, 1116.408
168.8, 55.43342, 274.3471, 958.1346, 225.1663, 224.1817, 156.7182, 112.3404, 685.4966, 373.201, 283.2692, 1287.881, 377.8551, 248.7448, 227.8204, 430.4033, 405.182, 575.312, 185.2213, 1059.548
168.9, 52.04557, 469.8446, 908.9003, 214.798, 211.678, 176.1828, 105.06, 645.7599, 349.2579, 267.3798, 1328.066, 356.2786, 237.1191, 213.3298, 414.5885, 382.3266, 677.5535, 174.8922, 1104.181
169, 48.86476, 441.8646, 862.1959, 204.9071, 287.3053, 361.6483, 98.25141, 625.5623, 326.8508, 252.3817, 1368.346, 410.982, 226.0368, 199.761, 616.7297, 360.7604, 634.8547, 165.1391, 1136.086
169.1, 96.62053, 415.5508, 899.4719, 195.4717, 314.6315, 331.3855, 91.88405, 690.0795, 305.8813, 271.2824, 1352.773, 387.5138, 215.4725, 187.0551, 583.335, 340.4107, 594.8467, 155.9299, 1176.302
169.2, 90.71549, 390.804, 853.252, 186.4707, 297.083, 401.5994, 85.92934, 672.2011, 286.2571, 256.0654, 1322.358, 365.3857, 205.4019, 175.1575, 551.7486, 321.2089, 557.36, 147.2343, 1154.898
169.3, 85.17135, 367.5309, 809.407, 224.5509, 326.5083, 555.4489, 122.9925, 772.095, 267.892, 241.7019, 1377.959, 344.5212, 195.8019, 164.0165, 521.8726, 303.0902, 629.5631, 309.9312, 1232.299
169.4, 79.96604, 345.6438, 914.0801, 214.211, 308.2973, 508.9688, 224.8622, 727.3384, 250.705, 228.1441, 1340.49, 359.7808, 186.6507, 153.5842, 493.6142, 285.9936, 589.8887, 292.6475, 1169.536
169.5, 75.07886, 325.0601, 867.1096, 204.3471, 291.1021, 466.3781, 210.2896, 685.1762, 234.6208, 215.3468, 1335.23, 339.2363, 177.9271, 143.8155, 466.886, 485.7347, 552.7145, 276.3276, 1109.97
169.6, 70.49036, 432.6505, 822.5526, 194.9374, 274.8658, 427.3514, 196.6614, 645.4581, 219.5684, 203.2674, 1317.346, 319.865, 169.6113, 134.6681, 441.6051, 458.3355, 517.8829, 322.2089, 1053.437
169.7, 112.9633, 464.4395, 834.1968, 185.9611, 259.5352, 391.5905, 183.9164, 630.5248, 205.4817, 191.8655, 1296.343, 301.5998, 161.6841, 126.1025, 431.1465, 461.8291, 485.2465, 304.2405, 1099.703
169.8, 261.7126, 446.8751, 987.6198, 177.3981, 290.2654, 358.8221, 246.3424, 593.9747, 192.2988, 181.1032, 1345.165, 284.3777, 154.1274, 118.0817, 407.8008, 435.7783, 454.6667, 287.2742, 1120.134
169.9, 245.7178, 420.2628, 936.8704, 198.0804, 274.0758, 328.7957, 230.3778, 566.235, 179.9617, 170.9446, 1390.115, 268.1389, 146.9239, 110.5711, 607.5287, 459.2256, 426.014, 357.7297, 1258.297
170, 230.7006, 395.2354, 918.8929, 188.9594, 258.7893, 301.282, 215.4477, 533.4117, 168.416, 161.3558, 1381.613, 252.8275, 140.0571, 103.5382, 574.6323, 639.94, 399.1671, 337.7805, 1296.12
170.1, 216.6012, 371.6985, 871.675, 180.2583, 244.3553, 276.0706, 201.4852, 502.491, 157.6111, 152.3049, 1313.135, 288.3759, 133.5112, 96.95263, 543.5172, 670.6434, 374.0119, 318.9437, 1289.078
170.2, 203.3634, 1083.702, 826.8834, 171.9578, 230.7264, 252.969, 188.4276, 486.8998, 147.4993, 143.7616, 1508.333, 271.9089, 127.2712, 90.78594, 514.0868, 632.8139, 643.727, 301.1574, 1441.706
170.3, 190.9347, 1395.944, 859.6584, 164.0396, 217.8577, 231.8004, 176.2162, 634.2808, 286.5924, 135.6976, 1534.15, 256.3821, 121.3229, 284.0267, 486.25, 597.1183, 603.1599, 284.363, 1368.277
170.4, 179.2656, 1619.854, 846.0943, 156.486, 205.7067, 212.4033, 222.906, 597.5129, 268.2057, 128.0859, 1576.804, 241.742, 115.6526, 265.9611, 612.4414, 563.4362, 565.1494, 268.5052, 1444.49
170.5, 168.3096, 1523.389, 802.6172, 149.2802, 194.2334, 194.6293, 208.4601, 562.8765, 250.9987, 120.9012, 1527.988, 227.9379, 110.2473, 284.2952, 671.0511, 531.654, 529.5342, 253.5317, 1370.92
170.6, 158.0233, 1464.35, 819.9012, 209.8485, 183.4, 281.7739, 194.9505, 530.2477, 234.8956, 114.1195, 1560.894, 214.922, 105.0947, 266.2126, 634.715, 501.6646, 496.1635, 239.3932, 1301.097
170.7, 228.6628, 1618.94, 843.0648, 200.1856, 173.1709, 258.1949, 386.0357, 536.6567, 219.8256, 107.7182, 1554.756, 202.6494, 100.1828, 249.2801, 625.2574, 473.3668, 464.8957, 226.0431, 1441.958
170.8, 214.6879, 1522.529, 902.3232, 190.9675, 163.5123, 236.5891, 418.5202, 587.5994, 205.7224, 101.676, 1533.451, 191.0775, 95.50054, 233.4246, 591.4011, 656.142, 435.5984, 213.4375, 1451.235
170.9, 867.1022, 1446.114, 855.9568, 182.174, 154.3924, 216.7913, 472.4981, 585.5864, 215.8999, 95.97266, 1507.504, 247.2238, 91.0371, 218.5775, 559.3779, 650.3852, 408.1475, 441.9445, 1546.874
171, 1097.275, 1417.607, 811.9729, 173.7853, 145.7812, 198.6501, 441.877, 551.6413, 219.1062, 140.9442, 1477.605, 306.1558, 86.78227, 204.6749, 571.8069, 951.2525, 382.4264, 417.2989, 1468.089
171.1, 1204.63, 1596.256, 893.8245, 257.0375, 137.6503, 182.027, 556.1884, 519.6639, 205.0492, 184.1734, 1477.684, 401.0038, 82.7263, 191.6565, 540.8447, 1002.384, 358.3263, 394.0277, 1522.987
171.2, 1131.008, 1501.197, 847.8947, 452.1137, 129.9728, 210.1278, 521.0869, 549.9776, 303.4022, 287.2124, 1477.217, 378.1054, 259.4466, 179.4661, 511.5591, 945.8416, 335.7449, 372.0543, 1445.419
171.3, 1061.886, 1411.798, 845.6581, 467.3221, 122.7236, 192.5442, 487.3169, 518.0966, 384.0396, 501.5125, 1697.515, 356.5146, 495.0087, 379.8848, 483.8592, 1019.452, 314.5865, 351.3062, 1526.617
171.4, 1010.24, 1327.723, 802.2034, 445.8031, 191.616, 176.432, 471.372, 488.0637, 359.4011, 473.3811, 1736.55, 336.1566, 471.8733, 451.9175, 467.5726, 961.9467, 294.7616, 390.1565, 1448.864
171.5, 948.4985, 1248.654, 774.6334, 654.774, 180.9286, 161.6682, 440.8239, 488.6115, 424.4077, 446.8278, 1709.851, 316.9611, 449.8192, 423.1732, 442.2545, 907.6854, 276.186, 368.399, 1482.244
171.6, 948.3129, 1174.295, 734.8284, 628.4213, 170.8373, 148.1397, 412.2555, 574.9447, 436.4415, 421.7639, 1752.886, 375.3318, 428.7959, 396.2572, 418.3073, 856.4849, 258.781, 347.8547, 1406.75
171.7, 1019.597, 1104.363, 820.3464, 599.4842, 256.1447, 135.7433, 467.0424, 715.333, 505.3325, 398.1059, 1666.006, 393.6141, 408.7551, 371.0532, 395.6568, 808.1725, 242.4729, 328.4562, 1382.631
171.8, 965.2969, 1062.032, 808.4796, 571.8795, 241.8583, 124.3843, 436.7748, 754.7342, 472.9123, 413.5731, 1642.394, 371.1376, 389.651, 516.7499, 374.2328, 762.5853, 227.1925, 310.1394, 1524.808
171.9, 906.3021, 998.7861, 766.9354, 545.546, 228.3687, 113.9758, 408.4688, 945.9755, 442.5721, 390.3745, 1560.99, 414.4073, 371.4397, 610.7669, 401.2108, 719.5696, 212.875, 411.0072, 1447.147
172, 1117.59, 978.7366, 783.2374, 727.8954, 215.6314, 104.4382, 529.0323, 989.3129, 472.9959, 408.6162, 1617.959, 489.9073, 412.3086, 571.9189, 379.4861, 678.9803, 199.4599, 388.0869, 1373.441
172.1, 1049.288, 920.451, 854.5385, 694.3777, 203.6046, 95.69881, 494.7474, 1095.092, 442.6503, 385.6957, 1537.767, 461.9323, 393.0384, 535.5419, 433.8407, 640.6805, 186.8901, 366.4447, 1393.276
172.2, 985.1596, 865.6365, 874.869, 662.4034, 192.2486, 87.6907, 622.7501, 1031.612, 414.2516, 364.0609, 1461.549, 435.5547, 374.6689, 501.4787, 410.3491, 604.5412, 175.1125, 346.0095, 1322.314
172.3, 1009.584, 814.0864, 829.9133, 631.9014, 181.5259, 80.35271, 582.3916, 971.8118, 387.6748, 343.6396, 1389.109, 590.4946, 357.1578, 469.5821, 388.1295, 648.376, 164.077, 326.7138, 1316.842
172.4, 947.8829, 765.6061, 787.2676, 602.804, 171.4013, 73.62877, 644.0658, 915.478, 362.8031, 324.3639, 1320.259, 556.7758, 561.062, 686.7744, 555.748, 677.9973, 153.7371, 308.4942, 1506.275
172.5, 1094.111, 720.0129, 937.989, 575.0464, 161.8414, 67.46749, 686.2746, 862.4097, 339.527, 306.1693, 1424.957, 524.9824, 534.8395, 741.4252, 525.6554, 943.6137, 144.0487, 469.2951, 1462.348
172.6, 1245.667, 677.1348, 1045.052, 633.8749, 152.8147, 125.04, 644.4905, 812.4177, 317.7443, 350.1324, 1460.15, 572.6243, 509.8425, 694.2667, 568.3212, 1339.582, 134.9709, 568.3867, 1387.868
172.7, 1312.977, 671.3097, 1271.063, 751.3083, 144.2915, 114.5766, 602.7231, 765.3237, 297.359, 404.9233, 1470.039, 539.9258, 486.0139, 772.6392, 537.5478, 1264.019, 126.4652, 731.399, 1317.181
172.8, 1467.905, 655.8025, 1313.845, 716.7125, 136.2437, 104.9888, 563.6626, 884.3655, 278.2816, 382.21, 1397.178, 660.1134, 463.2989, 723.4954, 508.4407, 1265.984, 118.4955, 690.6117, 1614.138
172.9, 1513.501, 616.7483, 1246.332, 683.7098, 128.6447, 96.20327, 527.1334, 857.9706, 260.4281, 360.7707, 1327.928, 655.3575, 441.6455, 677.4773, 480.9096, 1262.352, 111.028, 652.0989, 1531.927
173, 1494.992, 580.0198, 1186.798, 652.2267, 121.4695, 88.15295, 492.9716, 808.2359, 243.72, 340.534, 1262.111, 768.8098, 421.0042, 634.3862, 593.8941, 1228.849, 104.0311, 615.7338, 1453.904
173.1, 1403.624, 545.4786, 1125.814, 622.1934, 114.6946, 80.77628, 461.0237, 761.3843, 228.0839, 321.4324, 1249.04, 724.9087, 401.3276, 594.0359, 603.0535, 1192.163, 97.47517, 581.3966, 1379.854
173.2, 1348.212, 512.9944, 1165.919, 593.543, 108.2975, 74.01689, 488.7531, 717.2485, 292.0635, 303.4023, 1221.875, 683.5144, 382.5706, 556.2522, 893.0865, 1124.916, 91.33237, 625.4502, 1553.485
173.3, 1314.408, 482.4447, 1174.323, 622.6742, 102.2572, 67.82314, 457.0786, 774.0873, 273.3259, 286.3836, 1161.314, 644.4839, 364.6903, 520.8716, 857.443, 1103.214, 85.5767, 590.5712, 1474.364
173.4, 1314.449, 453.7143, 1191.266, 594.0016, 96.55383, 62.14767, 658.1655, 729.2152, 293.4992, 270.3195, 1103.755, 655.9329, 347.6457, 487.7415, 818.0884, 1087.491, 80.18374, 557.6373, 1492.497
173.5, 1234.648, 426.6948, 1271.272, 615.2018, 91.16854, 56.94714, 615.5118, 890.7626, 274.6694, 255.1565, 1098.822, 685.1996, 331.3976, 469.682, 773.7906, 1157.28, 75.13064, 526.54, 1416.482
173.6, 1159.191, 481.1562, 1276.415, 586.8734, 86.08363, 52.18178, 575.6225, 966.6738, 257.0477, 361.2295, 1202.704, 646.0728, 315.909, 442.2953, 731.8914, 1092, 70.39598, 627.1271, 1451.73
173.7, 1088.346, 452.5025, 1210.825, 584.9838, 81.28232, 47.81519, 538.3182, 1004.701, 324.0365, 340.967, 1211.486, 609.1803, 301.1443, 486.6418, 766.1815, 1125.86, 65.95969, 592.1545, 1377.791
173.8, 1021.831, 572.7712, 1148.606, 558.0469, 76.7488, 43.814, 528.1306, 946.4609, 320.3093, 321.8412, 1198.529, 691.0971, 287.0696, 455.6888, 724.6943, 1062.353, 61.80298, 559.1323, 1509.835
173.9, 959.3813, 538.6617, 1152.707, 532.3503, 72.46814, 40.14763, 493.9041, 990.3109, 370.9409, 303.7881, 1190.798, 651.6335, 273.6527, 476.2351, 727.1558, 1002.428, 57.90821, 527.9516, 1432.937
174, 900.748, 506.5834, 1093.475, 507.8369, 103.8087, 36.78807, 481.4848, 932.9048, 347.1428, 286.7477, 1219.521, 614.4235, 260.8629, 445.9441, 795.423, 989.8843, 54.2589, 498.5097, 1359.955
174.1, 845.6981, 476.4155, 1046.73, 503.7563, 98.01876, 33.70963, 450.2813, 878.8264, 324.8714, 270.6632, 1159.077, 579.3382, 248.6709, 417.5797, 752.3525, 978.9374, 50.83955, 470.7097, 1290.69
174.2, 794.0126, 512.4592, 992.9432, 480.5596, 92.55177, 30.8888, 421.1, 866.9984, 304.0289, 255.4809, 1101.628, 546.2564, 237.0487, 391.0195, 711.6141, 923.7178, 47.63569, 444.46, 1224.953
174.3, 745.486, 552.0844, 941.9202, 458.4311, 164.0918, 28.30401, 393.8098, 839.7902, 284.5236, 241.1502, 1047.027, 515.0637, 225.9697, 514.4717, 673.0817, 871.6129, 44.63374, 505.522, 1162.564
174.4, 699.925, 519.2068, 893.519, 437.3216, 154.9396, 25.93552, 368.2882, 791.1094, 266.2697, 227.6234, 995.1323, 485.6521, 215.4084, 481.7487, 636.6357, 822.4472, 366.3214, 477.331, 1103.353
174.5, 657.1486, 657.8258, 847.6049, 417.1841, 146.2979, 23.76523, 344.4207, 745.2505, 249.1868, 214.8553, 999.3378, 457.92, 205.3408, 451.1069, 659.5787, 859.9346, 343.2361, 450.712, 1047.158
174.6, 616.9865, 618.6511, 804.0502, 397.9738, 138.1381, 21.77655, 322.0999, 702.05, 233.1999, 202.8034, 999.5328, 431.7715, 195.7437, 515.8673, 623.8639, 811.4276, 321.6057, 575.5248, 993.8242
174.7, 591.8146, 581.8093, 762.7335, 379.6482, 130.4335, 19.95428, 301.2256, 661.3538, 218.2387, 191.4276, 1059.606, 407.1162, 186.5952, 549.9938, 606.7983, 765.6568, 301.3385, 578.5203, 943.2071
174.8, 555.6454, 547.1616, 723.54, 362.1664, 123.1585, 18.2845, 281.7041, 623.0165, 204.2374, 180.6898, 1087.688, 383.8688, 177.8743, 515.0113, 584.4146, 722.4678, 282.3484, 624.3725, 993.753
174.9, 568.4961, 605.1122, 782.2566, 345.4895, 116.2894, 16.75444, 263.4478, 597.0042, 309.627, 170.5544, 1096.622, 361.9488, 169.5609, 482.2539, 552.7698, 794.2908, 264.5551, 589.5536, 1079.883
175, 533.752, 569.0767, 819.7006, 329.5806, 126.2773, 15.35243, 306.0849, 583.1171, 289.7625, 160.9875, 1042.269, 341.2805, 161.6361, 451.58, 614.5297, 749.4867, 247.8831, 616.9852, 1024.883
175.1, 540.697, 535.1872, 799.6691, 388.8295, 119.2342, 14.06773, 286.2485, 657.8052, 271.1725, 151.9572, 990.6103, 321.7925, 154.0816, 445.5641, 586.6046, 707.2098, 232.2617, 700.4426, 972.6842
175.2, 507.6519, 503.3159, 758.5776, 461.3331, 112.5839, 12.89054, 267.6977, 729.0429, 253.7751, 143.4335, 941.5117, 303.4172, 146.8803, 417.224, 554.8412, 667.3177, 217.6248, 661.3815, 923.1438
175.3, 476.6263, 473.3425, 719.5976, 440.0899, 106.3045, 11.81185, 250.3491, 823.414, 387.6617, 135.3879, 919.7023, 286.0913, 140.0155, 390.6864, 524.7977, 629.6758, 203.9103, 624.4988, 876.1266
175.4, 447.497, 445.1541, 682.6206, 461.4642, 100.3754, 10.82343, 234.1247, 795.3201, 491.3318, 127.7936, 966.6555, 269.7547, 133.4715, 365.8367, 551.5123, 594.1572, 191.0601, 700.3929, 886.1725
175.5, 420.1479, 418.6444, 647.5437, 440.215, 94.77698, 9.917725, 218.9519, 749.2172, 471.2261, 120.6252, 918.7443, 254.3509, 127.2334, 342.5676, 521.649, 560.6422, 179.0196, 729.1686, 937.3381
175.6, 394.4702, 393.7134, 641.4879, 419.9442, 89.4908, 9.087806, 297.9564, 953.537, 532.2907, 113.859, 873.2077, 239.8268, 121.2869, 320.7785, 523.9359, 529.0176, 167.738, 688.5056, 889.598
175.7, 370.3619, 374.9222, 608.5247, 436.1363, 84.49946, 8.327335, 310.7739, 1010.203, 666.6332, 107.4723, 935.3142, 226.132, 115.6183, 331.0442, 495.5659, 499.1769, 157.1673, 729.8936, 1046.293
175.8, 402.3259, 435.9461, 638.7144, 416.0533, 120.2488, 7.630501, 290.6337, 951.6439, 623.8646, 101.4439, 930.8157, 213.2193, 110.2146, 309.9881, 468.732, 471.0194, 147.2628, 689.1901, 993.0037
175.9, 377.7375, 422.029, 605.8937, 462.2701, 113.542, 6.991978, 271.7986, 896.4792, 583.8398, 95.75359, 903.9943, 270.9999, 105.0635, 290.2712, 454.5858, 590.2635, 137.9824, 650.7566, 942.4283
176, 354.6518, 396.8965, 574.7595, 440.9838, 140.0764, 6.406887, 271.6789, 844.5123, 546.3829, 90.38248, 859.1887, 255.525, 100.1531, 286.4247, 429.9709, 556.9681, 129.2869, 614.4664, 894.429
176.1, 359.3383, 373.2606, 547.8147, 516.6693, 132.2637, 5.870757, 254.0723, 927.5761, 511.3291, 85.31266, 951.6097, 240.9339, 95.47218, 268.2065, 515.5362, 525.5508, 121.1394, 580.1999, 848.8742
176.2, 337.377, 383.2421, 519.6649, 492.878, 124.8867, 5.37949, 257.7607, 947.509, 478.5242, 80.52722, 904.4442, 227.1759, 91.01007, 251.1472, 516.8881, 495.9056, 293.6899, 547.8444, 805.6396
176.3, 399.9547, 360.4193, 503.9656, 470.1823, 117.9211, 4.929332, 272.76, 892.584, 447.8239, 76.01021, 859.6164, 214.2035, 86.75651, 235.1729, 488.8997, 467.9327, 275.1819, 517.2932, 889.1188
176.4, 382.1119, 338.9557, 482.8767, 448.5316, 139.0609, 4.516844, 494.4055, 840.8429, 419.0932, 71.74657, 912.1426, 201.9719, 82.70174, 220.2147, 462.4268, 517.5981, 257.8402, 549.3561, 843.8345
176.5, 483.7116, 318.7703, 512.2362, 467.149, 181.2065, 4.138873, 480.5161, 792.1011, 392.2058, 67.72209, 905.5594, 269.7618, 78.83649, 206.2079, 521.9191, 488.4016, 241.5913, 564.6846, 836.8521
176.6, 454.1492, 299.7869, 485.9146, 522.0008, 202.1118, 3.792531, 472.4647, 746.1848, 367.0434, 88.92334, 860.6763, 254.3577, 75.15188, 193.092, 493.6583, 460.852, 333.2218, 533.1943, 961.9777
176.7, 430.5978, 346.1702, 460.9456, 507.9939, 265.6313, 3.475171, 441.8458, 763.6762, 343.4953, 83.93536, 980.0746, 383.6613, 71.63948, 180.8104, 466.9277, 434.8564, 425.4394, 503.4601, 912.9826
176.8, 404.2815, 380.5574, 437.2596, 484.6021, 250.8157, 3.184367, 573.6196, 811.0286, 321.4579, 79.22718, 1137.762, 442.0009, 68.29124, 169.3099, 441.6445, 410.3271, 849.6321, 475.384, 866.4829
176.9, 379.5735, 357.8945, 414.7907, 462.2874, 236.8265, 2.917898, 536.4452, 879.3423, 300.8344, 112.1112, 1263.649, 416.7615, 65.09949, 158.5409, 421.8469, 667.4999, 1502.794, 589.1239, 914.1434
177, 356.3756, 369.5384, 494.0585, 441.0003, 223.6175, 2.673728, 501.6799, 828.3688, 281.534, 105.8226, 1300.815, 392.9633, 62.05692, 148.4569, 526.8907, 629.8478, 1655.073, 597.782, 1107.514
177.1, 420.1744, 347.5317, 468.671, 420.6934, 211.1452, 2.449989, 471.4519, 780.3502, 263.4719, 99.88667, 1316.695, 516.1083, 59.15654, 139.0143, 498.3606, 594.3195, 1872.404, 599.9745, 1051.107
177.2, 394.4951, 499.7604, 444.588, 401.3215, 199.3686, 2.244973, 440.8986, 864.855, 246.5685, 94.28372, 1251.434, 605.5648, 56.39173, 130.1722, 471.3754, 560.7952, 1754.407, 566.5162, 1122.366
177.3, 370.3853, 469.9988, 421.7426, 382.8417, 256.5591, 2.057113, 565.1835, 899.6149, 230.7496, 88.99506, 1189.408, 658.6551, 53.75613, 121.8926, 445.8514, 529.162, 1643.846, 534.9237, 1065.202
177.4, 347.7489, 442.0096, 461.4969, 365.2129, 247.1537, 1.884973, 528.5557, 847.4662, 215.9456, 84.00307, 1130.456, 621.0441, 51.24371, 114.1396, 514.8475, 499.3132, 1595.807, 521.304, 1010.95
177.5, 326.496, 415.6871, 437.7826, 348.3958, 329.0111, 1.727238, 494.3017, 798.3405, 202.0914, 79.29108, 1074.426, 599.2615, 48.84872, 106.8797, 495.0757, 471.1481, 1531.734, 638.2692, 1096.764
177.6, 339.5168, 390.9322, 415.2869, 332.353, 310.6606, 1.582702, 462.2676, 752.0625, 189.126, 74.84341, 1083.937, 565.042, 46.56566, 100.0816, 468.2683, 444.5717, 1545.4, 602.6754, 1040.904
177.7, 318.767, 367.6515, 393.9471, 317.049, 293.3335, 1.450261, 473.9892, 708.4671, 176.9924, 70.64523, 1030.213, 778.6714, 44.38931, 93.71591, 442.9126, 419.4944, 1663.868, 569.0664, 1029.254
177.8, 483.7506, 579.2838, 373.7039, 314.9037, 276.9728, 48.64046, 443.2714, 667.3989, 165.6372, 66.68253, 979.1511, 734.2072, 42.31467, 87.7551, 418.9297, 395.8316, 1925.931, 537.3317, 1024.679
177.9, 454.1858, 548.0923, 354.5009, 300.4032, 261.5247, 44.57021, 414.5444, 628.7112, 155.0106, 62.9421, 930.6205, 692.2819, 40.337, 82.17342, 441.9895, 373.5037, 2046.328, 507.3668, 1210.286
178, 545.4508, 515.4525, 375.0228, 286.5704, 289.5484, 40.84056, 387.6791, 592.2662, 145.0657, 59.4115, 920.9478, 652.7507, 38.45176, 76.94676, 463.9478, 352.4352, 1917.37, 479.0728, 1205.178
178.1, 512.1152, 500.5337, 421.1397, 273.3746, 273.3989, 37.423, 362.5549, 557.9339, 135.7588, 56.07893, 875.3019, 615.4769, 36.65462, 72.05255, 438.826, 332.5551, 1796.539, 452.3568, 1143.796
178.2, 505.8802, 470.726, 399.4992, 260.7864, 307.4762, 34.29144, 340.653, 525.5917, 127.0491, 52.93329, 831.9185, 580.3315, 34.94149, 67.46964, 415.0645, 313.7964, 1802.467, 427.1305, 1127.628
178.3, 474.963, 446.2354, 442.6533, 248.7779, 290.3268, 31.42192, 318.5764, 495.1244, 118.8981, 49.96411, 809.449, 547.193, 33.30841, 63.17822, 392.5896, 296.0958, 1688.878, 403.3111, 1416.982
178.4, 445.9353, 419.6613, 419.9072, 275.6981, 467.8424, 28.79252, 420.2364, 466.4231, 111.27, 47.16147, 795.3577, 515.9468, 31.75167, 59.15975, 371.3316, 279.3937, 1680.401, 380.8199, 1344.813
178.5, 425.98, 394.6697, 398.33, 465.9699, 938.5264, 26.38315, 403.3875, 439.3856, 104.1314, 44.51604, 755.9366, 486.4848, 30.26768, 55.39688, 351.2248, 263.6338, 1574.503, 359.583, 1337.753
178.6, 399.946, 371.1664, 434.3702, 444.5132, 1221.423, 24.1754, 377.2452, 413.9154, 97.45071, 42.01901, 746.5591, 458.7052, 28.85305, 51.87336, 341.1879, 248.7628, 1624.223, 339.5305, 1269.619
178.7, 375.503, 349.0628, 412.0498, 424.0446, 1167.924, 22.1524, 397.2891, 389.9216, 91.19864, 39.66204, 709.5566, 432.5119, 27.50454, 48.57394, 322.7133, 234.7306, 1847.011, 320.5961, 1204.955
178.8, 352.5538, 328.2755, 390.8763, 516.9362, 1116.962, 20.29868, 395.1558, 367.3187, 85.34769, 37.43727, 731.4886, 407.8143, 26.21905, 45.48439, 305.239, 221.49, 1911.607, 302.7177, 1186.379
178.9, 331.0072, 514.7532, 370.7909, 493.1327, 1054.664, 18.60007, 494.2017, 441.0305, 79.87211, 35.33731, 845.9773, 384.5269, 24.99364, 42.59134, 490.0957, 208.9962, 2028.016, 285.8363, 1156.866
179, 312.131, 709.0419, 409.844, 470.4252, 995.8399, 17.04361, 462.174, 415.465, 74.74782, 33.35513, 804.0473, 362.5694, 23.8255, 39.88231, 491.518, 197.2072, 2174.83, 269.8963, 1097.945
179.1, 297.771, 736.6342, 388.7839, 448.7633, 989.739, 15.6174, 432.222, 391.3814, 69.95229, 31.48414, 840.4547, 341.8657, 22.71196, 37.34559, 570.0357, 186.0832, 2037.775, 254.8452, 1196.301
179.2, 279.5725, 960.5468, 368.806, 428.099, 934.5363, 14.31053, 404.2111, 368.6939, 65.46442, 29.71811, 871.6665, 322.3442, 21.65047, 34.97022, 539.1694, 175.5867, 1955.239, 240.6334, 1373.746
179.3, 262.4862, 905.702, 363.9489, 408.3861, 1038.781, 64.61688, 460.0562, 347.3215, 61.26447, 28.05113, 894.9276, 303.9375, 20.63858, 32.74593, 599.4316, 165.6822, 2006.665, 227.2142, 1447.783
179.4, 246.4442, 1126.919, 345.2472, 389.581, 980.8433, 59.20972, 442.3827, 327.188, 57.33398, 26.47766, 936.1251, 286.5818, 19.67399, 30.66312, 566.9736, 156.3365, 1880.207, 214.5433, 1374.045
179.5, 231.3826, 1245.283, 327.5064, 371.6418, 926.1368, 54.25503, 413.7133, 308.2217, 53.65565, 24.99245, 939.0286, 270.2173, 18.75448, 28.71279, 536.2731, 147.5179, 1761.718, 202.5791, 1445.693
179.6, 254.1139, 1384.347, 310.6773, 354.5287, 919.967, 49.71495, 386.9019, 290.3548, 269.5739, 23.59055, 934.7071, 254.7871, 17.87795, 26.8865, 649.2034, 139.1967, 1650.697, 191.282, 1372.061
179.7, 258.6688, 1496.935, 294.713, 338.2036, 868.6559, 45.55479, 361.828, 310.7868, 252.2791, 22.26728, 888.3793, 240.2381, 17.04238, 25.17638, 633.0566, 131.3449, 1546.671, 180.6149, 1302.18
179.8, 328.5735, 1407.79, 279.5689, 322.6302, 820.2067, 41.74275, 400.2379, 292.7712, 236.0938, 21.01824, 844.3478, 226.5198, 16.24586, 23.57503, 726.9688, 123.9361, 1449.202, 170.5427, 1235.858
179.9, 368.327, 1519.883, 265.2031, 307.7739, 817.7046, 38.24971, 374.2998, 275.7999, 220.9469, 19.83927, 802.4986, 213.5849, 15.48658, 22.07554, 687.6049, 116.9451, 1357.874, 161.0322, 1172.913
180, 345.8164, 1429.371, 251.5755, 320.6778, 772.0972, 35.04896, 350.0426, 259.8124, 206.7718, 18.72642, 762.7236, 201.3886, 14.76278, 20.67142, 669.6429, 110.3485, 1272.302, 152.052, 1212.553
180.1, 324.6816, 1344.25, 238.6481, 305.9114, 729.0335, 32.11605, 456.0654, 244.7516, 193.5061, 17.676, 752.9659, 189.8888, 14.0728, 19.35661, 633.3831, 104.124, 1192.123, 143.5726, 1150.795
180.2, 304.8384, 1264.197, 226.385, 291.825, 688.3717, 29.42857, 426.5092, 230.5639, 181.0915, 16.6845, 739.2996, 179.0456, 13.41508, 18.12543, 619.0333, 98.2506, 1116.997, 135.5661, 1092.183
180.3, 286.208, 1270.278, 214.7521, 278.3872, 649.9778, 26.96598, 398.8685, 217.1986, 169.4734, 15.74862, 702.657, 168.8216, 12.78809, 16.97256, 585.5139, 92.7085, 1046.604, 128.0061, 1036.557
180.4, 268.7162, 1276.415, 203.7169, 265.5682, 613.7254, 24.70946, 527.7285, 204.6081, 198.0395, 14.86523, 667.8305, 159.1814, 12.19041, 15.89301, 561.1486, 87.47903, 980.6485, 120.8677, 983.7631
180.5, 256.0159, 1556.744, 193.2488, 253.3395, 579.4949, 22.64176, 493.528, 192.7474, 185.3341, 48.27321, 634.7302, 150.0917, 11.62067, 14.88214, 546.822, 82.54453, 918.849, 114.1274, 1021.918
180.6, 240.3693, 1634.97, 183.3186, 241.6738, 590.1417, 20.74709, 461.5441, 181.5743, 173.4438, 45.56542, 683.6448, 141.5211, 11.07755, 13.93555, 692.1895, 77.88838, 1117.046, 107.7629, 1036.662
180.7, 225.6789, 1537.605, 173.8987, 230.5454, 557.2266, 19.01097, 431.6329, 171.0488, 162.3163, 43.00952, 649.7607, 133.4398, 10.55981, 13.04918, 830.1985, 73.49487, 1116.793, 101.7534, 983.8635
180.8, 211.8864, 1469.748, 164.9628, 219.9294, 577.7474, 17.42012, 403.6601, 161.1335, 229.6685, 54.15563, 617.556, 125.8201, 10.06628, 12.21919, 785.2449, 69.34919, 1250.776, 96.07899, 1015.961
180.9, 235.1266, 1382.222, 156.486, 241.7899, 545.5236, 15.9624, 377.5002, 151.793, 214.9339, 55.97403, 622.9928, 118.6354, 9.595805, 41.09173, 803.655, 65.43736, 1171.954, 90.72103, 1137.151
181, 300.3164, 1299.908, 175.5879, 230.6561, 515.097, 14.62666, 396.282, 142.9939, 286.2278, 52.83428, 592.1148, 111.861, 9.147323, 194.48, 822.6888, 61.74618, 1098.098, 85.66187, 1079.234
181.1, 343.5598, 1222.496, 166.5652, 220.035, 569.4669, 13.4027, 370.6002, 134.7048, 391.8493, 49.87065, 713.1787, 105.4734, 8.719801, 199.6202, 793.8711, 58.26322, 1028.897, 80.88483, 1024.267
181.2, 322.5629, 1149.695, 238.9529, 209.903, 537.705, 12.28116, 385.5349, 126.8963, 366.7097, 58.52797, 677.8307, 99.45061, 8.312261, 234.3771, 750.8846, 54.97672, 964.0572, 76.37418, 972.0994
181.3, 302.8492, 1081.228, 265.8282, 200.2375, 507.7145, 11.25346, 360.5497, 119.5404, 343.183, 55.24496, 644.2348, 93.77171, 7.923768, 219.4695, 710.2257, 51.87561, 903.3032, 72.11508, 922.5887
181.4, 284.3404, 1016.839, 252.1685, 191.0171, 557.4669, 10.31177, 364.1911, 176.4907, 321.1657, 52.14611, 612.304, 88.41708, 7.553432, 205.5101, 728.2098, 48.94942, 846.3779, 68.0935, 875.5998
181.5, 317.902, 956.2847, 296.7073, 280.3907, 526.3743, 9.448879, 356.2955, 196.1221, 300.561, 49.22108, 581.9557, 83.36823, 7.200405, 192.4386, 712.4488, 46.1883, 793.04, 64.29618, 831.0041
181.6, 298.4732, 899.3362, 315.61, 279.571, 497.0158, 8.658194, 453.5736, 184.7533, 281.2781, 46.46012, 553.1118, 78.60767, 6.863877, 180.1985, 1005.279, 43.58292, 743.0634, 60.71062, 1039.202
181.7, 280.2318, 845.7792, 403.8014, 282.7617, 469.2948, 7.933673, 424.1789, 174.0436, 263.2324, 289.144, 525.6973, 74.11896, 6.543078, 168.7369, 950.8447, 41.1245, 696.2362, 57.32502, 986.2734
181.8, 263.1052, 795.4115, 383.0518, 269.7413, 443.1199, 7.269781, 396.6892, 163.9547, 246.3444, 289.8913, 544.7735, 69.88656, 6.237272, 158.0044, 899.3584, 38.80476, 780.7509, 54.12822, 936.0409
181.9, 247.0253, 748.0433, 463.6617, 257.3204, 418.4049, 6.661443, 408.4546, 154.4506, 230.5399, 273.6304, 517.7724, 65.89584, 5.945759, 147.9545, 850.66, 36.61588, 731.5488, 51.1097, 888.3668
182, 329.5506, 703.496, 512.785, 245.4715, 405.3207, 6.104011, 381.9839, 145.4974, 215.7494, 269.3636, 512.9207, 62.13301, 5.66787, 138.5438, 804.5984, 34.55046, 685.4473, 48.2595, 843.1208
182.1, 309.4099, 661.6016, 486.4352, 310.0971, 382.714, 5.593225, 411.4986, 137.0633, 201.9077, 254.2542, 487.4983, 58.58504, 5.402969, 287.4679, 761.0311, 32.60154, 642.251, 45.56825, 800.1793
182.2, 290.5001, 622.2021, 461.4395, 295.818, 361.3681, 5.125183, 384.8307, 129.118, 188.9541, 291.5015, 529.4418, 55.23968, 5.150449, 269.1834, 719.8228, 30.76256, 601.777, 43.02708, 759.4249
182.3, 272.746, 585.1489, 443.409, 282.1963, 341.2128, 4.696306, 359.8911, 121.6333, 176.8315, 275.1503, 503.2006, 52.08534, 4.90973, 252.062, 786.6299, 29.02732, 563.8536, 40.62762, 720.7461
182.4, 256.0769, 550.3022, 428.8639, 269.2019, 322.1817, 4.303318, 336.5677, 114.5825, 165.4867, 259.7163, 478.2599, 248.4311, 4.680263, 236.0295, 785.8942, 27.38995, 635.3275, 38.36198, 783.5112
182.5, 240.4266, 517.5307, 406.8264, 256.8058, 304.212, 3.943214, 314.7558, 148.4129, 154.8697, 245.148, 454.5555, 234.245, 4.46152, 366.7713, 804.4336, 25.84495, 673.1312, 36.22268, 743.6057
182.6, 225.7327, 486.7108, 385.9214, 244.9806, 322.1418, 209.0867, 294.3575, 139.8098, 144.9338, 231.397, 432.0259, 271.3058, 4.253001, 343.4427, 760.8752, 24.38709, 630.7111, 34.20267, 705.7326
182.7, 211.9369, 457.7263, 456.1375, 233.6999, 304.1743, 276.4751, 329.7403, 145.2959, 135.6354, 285.1159, 410.613, 390.7232, 4.054227, 321.598, 719.6754, 23.01147, 849.1548, 32.29532, 804.0324
182.8, 198.9842, 430.4679, 501.7496, 299.1084, 287.209, 253.3396, 350.6406, 187.115, 244.3131, 544.9504, 390.2614, 425.055, 3.864743, 322.3043, 724.9225, 21.71344, 914.746, 30.49433, 850.5897
182.9, 186.8232, 404.8328, 580.9572, 285.3352, 479.8369, 325.7693, 327.9167, 430.7593, 228.6389, 514.3825, 370.9185, 400.7832, 3.684115, 338.1581, 913.3547, 20.48864, 1309.912, 28.79378, 823.5634
183, 175.4053, 380.7242, 757.1778, 272.1963, 700.2703, 350.1891, 306.6654, 405.7892, 277.3497, 590.2156, 352.5344, 525.5179, 3.51193, 460.1678, 940.5854, 19.33292, 1227.362, 27.18806, 1055.701
183.1, 164.6853, 358.0515, 718.2697, 259.6624, 781.9313, 341.7781, 286.7914, 382.2665, 259.556, 557.1087, 414.6488, 514.8163, 3.347792, 477.2446, 1013.601, 18.24239, 1150.015, 25.67188, 1089.176
183.2, 154.6204, 336.7289, 691.9746, 247.7056, 738.3192, 313.178, 429.5162, 439.6159, 334.9314, 653.0994, 394.0971, 485.4189, 3.191325, 473.1716, 1400.291, 17.21338, 1077.542, 24.24026, 1259.1
183.3, 145.1707, 316.6761, 794.2558, 236.2994, 856.6613, 353.8884, 500.1221, 546.8564, 313.4435, 616.4651, 374.5641, 457.7002, 3.042171, 443.0754, 1690.502, 16.24241, 1009.637, 22.88847, 1329.791
183.4, 136.2985, 297.8174, 753.4424, 225.4184, 872.232, 335.577, 477.9716, 515.1564, 293.3342, 581.8857, 400.3032, 431.5642, 2.899988, 414.8935, 1598.965, 15.32621, 946.0103, 21.61207, 1262.063
183.5, 127.9685, 280.0819, 714.7263, 296.4838, 823.5833, 384.146, 493.5909, 485.2939, 274.515, 549.246, 416.1242, 505.4447, 2.764451, 413.3814, 1592.13, 14.4617, 886.3937, 20.40685, 1197.784
183.6, 120.1476, 263.4025, 677.9996, 282.8315, 777.648, 444.7277, 461.6028, 457.1625, 256.9032, 576.3205, 447.5571, 476.5824, 2.635247, 387.0882, 1505.919, 13.64595, 830.534, 19.26883, 1185.211
183.7, 112.8047, 247.7164, 678.7354, 269.8078, 734.2747, 466.5497, 431.6878, 430.6618, 240.4212, 543.993, 425.3744, 449.3682, 2.512083, 362.4673, 1497.275, 12.87621, 778.1945, 18.19428, 1178.267
183.8, 105.9106, 232.9645, 643.8581, 257.3839, 693.3206, 427.5086, 403.7115, 405.6973, 224.9967, 513.4788, 404.2912, 423.7081, 2.394675, 427.5672, 1416.201, 12.14989, 729.1534, 17.17966, 1118.256
183.9, 99.43775, 219.091, 610.773, 410.8602, 654.6507, 486.0947, 377.5482, 382.1799, 210.5618, 484.6763, 384.2529, 399.5132, 2.282754, 497.8597, 1464.518, 11.46454, 683.2029, 16.22161, 1196.659
184, 93.36054, 206.0438, 665.6264, 391.9411, 618.1376, 445.4182, 353.0805, 360.0258, 197.053, 457.4893, 449.2523, 376.6999, 2.176065, 466.1933, 1385.217, 10.81785, 640.1481, 15.31699, 1209.472
184.1, 87.65475, 193.7735, 631.4228, 422.6447, 583.661, 408.1454, 330.1985, 339.1559, 184.4108, 431.8274, 426.9855, 355.1893, 2.074361, 436.541, 1310.21, 10.20764, 599.8066, 14.46282, 1239.567
184.2, 82.29766, 182.2339, 598.9767, 403.183, 551.1074, 373.9917, 308.7994, 319.4958, 172.5797, 407.6049, 405.8224, 375.8425, 1.977411, 408.7747, 1239.265, 9.631852, 562.0073, 13.65629, 1176.434
184.3, 77.26797, 171.3816, 568.1979, 384.6175, 520.3694, 495.4088, 288.7871, 300.9753, 161.5077, 384.7412, 385.7083, 410.929, 1.884992, 382.7745, 1172.162, 9.088541, 526.5901, 12.89473, 1116.516
184.4, 72.54568, 161.204, 539.0007, 366.9069, 502.0009, 453.9529, 270.0717, 283.5284, 151.146, 363.1599, 401.2284, 387.4638, 1.796893, 375.8635, 1108.691, 8.575877, 493.4049, 12.17564, 1129.799
184.5, 68.112, 151.604, 647.2316, 450.1713, 477.2249, 567.5726, 252.5693, 267.0929, 141.449, 342.7892, 404.9789, 395.589, 1.712911, 351.9566, 1156.304, 8.092132, 462.311, 11.49665, 1072.256
184.6, 63.94928, 142.5758, 613.9731, 429.442, 454.7831, 520.0779, 236.201, 331.0304, 132.3742, 323.5611, 443.7265, 481.2025, 1.632854, 335.3651, 1093.692, 7.635673, 433.1766, 10.85552, 1017.645
184.7, 60.04098, 134.0851, 658.3612, 409.6674, 477.0978, 476.5576, 220.8936, 311.8413, 123.8816, 305.4116, 421.7337, 453.7245, 1.556539, 436.8087, 1034.471, 7.204961, 405.8783, 10.25015, 965.8144
184.8, 56.37153, 126.1001, 657.9692, 390.8033, 450.4877, 436.6791, 206.5782, 293.7646, 115.9338, 288.2802, 400.8309, 427.8156, 1.48379, 409.0254, 978.4565, 6.798546, 380.3002, 9.678539, 1205.258
184.9, 52.92634, 118.5906, 624.159, 372.8078, 425.3618, 400.1376, 193.1905, 468.7477, 108.4959, 272.1097, 380.9642, 403.3861, 1.414442, 446.9316, 1136.653, 6.415055, 356.334, 9.138803, 1258.304
185, 49.69171, 111.5283, 592.0862, 355.6409, 401.6372, 366.654, 180.6705, 462.576, 101.5352, 256.8463, 362.0821, 380.3517, 1.348335, 469.0146, 1075.105, 6.053196, 333.8782, 8.629167, 1260.159
185.1, 46.65476, 104.8866, 561.6614, 339.2646, 468.0345, 335.9723, 168.9618, 445.0401, 95.02112, 242.439, 391.2769, 358.6326, 1.285317, 530.592, 1022.377, 5.711749, 312.8375, 8.14795, 1195.977
185.2, 43.80342, 98.64045, 532.8001, 323.6423, 441.9299, 307.858, 158.0119, 419.2421, 88.92493, 228.8399, 371.8837, 338.1537, 1.225245, 532.3528, 967.0171, 5.389562, 293.1228, 7.69357, 1314.1
185.3, 41.12634, 165.354, 505.4218, 308.7394, 417.2813, 282.0963, 147.7717, 394.9396, 83.21984, 216.0036, 353.4517, 318.8441, 1.16798, 498.4924, 1133.279, 5.085549, 274.6505, 7.264528, 1247.17
185.4, 38.61288, 155.5068, 479.4504, 294.5228, 421.0333, 258.4904, 138.195, 372.0458, 77.88078, 290.6483, 335.9332, 300.6373, 1.113392, 466.7857, 1151.093, 4.798685, 257.3423, 6.859413, 1183.65
185.5, 36.25302, 147.3723, 454.8135, 280.9608, 590.0673, 236.8598, 129.2391, 350.4791, 72.88424, 331.2407, 319.283, 283.4701, 1.061355, 437.0957, 1525.765, 4.528002, 241.1248, 6.47689, 1123.365
185.6, 81.64154, 138.5961, 571.0211, 268.0233, 677.0113, 217.0393, 120.8635, 361.6333, 68.20827, 408.3128, 303.4581, 267.2831, 1.01175, 409.2941, 1491.722, 4.272587, 225.9294, 6.115698, 1066.15
185.7, 76.65195, 130.3424, 734.0179, 255.6815, 639.251, 198.8774, 113.0307, 340.6702, 63.83229, 400.2024, 356.7946, 252.0205, 0.9644636, 383.2609, 1538.519, 4.03158, 211.6915, 5.774649, 1011.849
185.8, 71.96732, 122.5803, 711.4222, 243.9081, 603.5969, 182.2353, 105.7056, 320.9223, 59.73705, 523.0161, 417.2973, 237.6295, 0.9193872, 358.8835, 1537.213, 3.804168, 198.3509, 5.452618, 960.314
185.9, 67.56898, 115.2804, 719.2795, 278.2062, 569.9313, 166.9858, 98.85511, 302.3192, 55.90455, 535.4311, 396.6144, 224.0602, 0.8764175, 336.0567, 1453.976, 3.589583, 185.851, 5.148546, 911.4036
186, 63.43945, 164.3968, 682.3188, 331.9513, 538.1434, 153.0124, 92.44862, 284.7944, 52.31793, 505.3972, 376.9567, 211.2657, 0.8354561, 314.6817, 1375.246, 3.387103, 174.1389, 4.861431, 864.9844
186.1, 59.5623, 154.6067, 787.0106, 316.6658, 508.1285, 140.2082, 86.45732, 268.2855, 48.96141, 477.0479, 358.2732, 199.2019, 0.7964091, 294.6664, 1392.353, 3.196044, 163.1648, 4.590327, 820.9293
186.2, 55.92211, 145.3996, 746.5695, 310.994, 479.7877, 128.4756, 80.85429, 252.7336, 45.82024, 450.2889, 340.5157, 187.8269, 0.7591871, 275.924, 1377.439, 3.015763, 152.8823, 4.334342, 779.118
186.3, 52.50439, 136.7408, 747.2007, 296.6736, 459.0164, 138.1586, 75.61439, 238.0832, 42.88058, 487.2684, 323.6385, 177.1015, 0.7237048, 258.3738, 1302.854, 2.84565, 143.2478, 4.092632, 739.4363
186.4, 95.48057, 131.92, 847.9758, 341.0153, 490.4075, 163.5805, 70.71406, 224.282, 163.6621, 484.8836, 380.4258, 166.9885, 0.6898807, 241.9399, 1288.057, 2.685133, 134.2205, 3.864402, 701.7756
186.5, 89.6452, 124.0639, 804.402, 325.3124, 463.0551, 210.9376, 66.1313, 211.2809, 153.1621, 469.4565, 361.5704, 157.453, 0.6576375, 226.5513, 1482.117, 2.533671, 125.7621, 3.648899, 666.033
186.6, 84.16647, 116.6757, 1025.371, 333.2098, 437.2282, 193.2863, 61.84554, 353.2837, 143.3358, 443.1233, 511.8859, 148.462, 0.6269013, 212.1414, 1452.927, 2.390753, 117.8367, 3.445413, 632.1109
186.7, 79.02258, 109.7274, 993.6243, 317.8664, 412.8418, 177.112, 57.83753, 332.8047, 167.1621, 491.4196, 553.0099, 139.9844, 0.5976017, 198.6481, 1374.254, 2.255896, 110.4107, 3.253276, 599.9164
186.8, 74.19305, 162.4276, 998.2798, 303.2295, 389.8156, 162.2912, 54.08926, 313.5127, 426.1296, 525.3492, 525.6006, 131.9909, 0.5696713, 186.0131, 1545.766, 2.128646, 103.4527, 3.071853, 569.3617
186.9, 69.65869, 152.7548, 1155.241, 394.1073, 373.5762, 148.7106, 50.58391, 308.8614, 424.3548, 495.8808, 499.5497, 124.4539, 0.5430464, 174.1817, 2044.593, 293.5303, 96.93324, 2.900547, 540.3632
187, 65.40145, 143.6579, 1095.879, 375.9597, 381.152, 136.2665, 47.30573, 290.9574, 397.1298, 468.0653, 537.123, 117.3472, 0.5176659, 163.1028, 1933.882, 307.9569, 90.82459, 313.9772, 512.8416
187.1, 61.40439, 135.1029, 1049.602, 358.6477, 359.8933, 124.8637, 44.23999, 274.0912, 371.6515, 607.0923, 560.6598, 110.6464, 0.4934716, 152.7287, 1829.167, 356.5326, 85.10091, 296.4679, 658.8802
187.2, 57.65162, 127.0572, 1012.462, 342.1329, 339.8203, 114.415, 41.37294, 258.2028, 347.8077, 573.0387, 579.9517, 104.3282, 278.7585, 143.0143, 1901.1, 574.5394, 79.73794, 279.935, 625.3223
187.3, 54.1282, 119.4908, 960.4355, 515.3799, 364.1494, 150.1737, 38.69169, 243.2354, 325.4937, 562.5466, 551.207, 98.37074, 265.73, 133.9179, 1798.159, 542.131, 74.71293, 264.324, 593.4736
187.4, 50.82011, 112.3749, 1027.356, 491.648, 343.8391, 137.6071, 36.1842, 229.1355, 331.353, 530.9916, 523.887, 92.75349, 253.3105, 125.4, 1766.419, 511.5506, 379.1005, 249.5837, 650.3855
187.5, 47.7142, 138.3939, 974.5644, 469.0089, 324.6614, 126.0921, 33.83922, 215.8531, 408.3195, 501.2067, 497.9211, 87.45702, 241.4715, 117.4239, 1670.771, 482.6952, 390.6778, 235.6653, 713.755
187.6, 44.79811, 130.1523, 924.4858, 447.4123, 329.9742, 115.5406, 31.64621, 203.3405, 382.1233, 473.0926, 473.2421, 82.46298, 230.1858, 109.9551, 1673.284, 455.4674, 366.0576, 222.5232, 677.4023
187.7, 42.06025, 190.2846, 876.9805, 426.8101, 311.5699, 126.6737, 29.59532, 191.5533, 357.6077, 446.5554, 449.7864, 77.75412, 219.4275, 102.9614, 1582.679, 429.7755, 485.3398, 210.1139, 642.9011
187.8, 39.4897, 178.9528, 831.9163, 407.1566, 294.1921, 116.0736, 27.67734, 180.4494, 334.6649, 421.5068, 427.4932, 73.31415, 209.172, 96.41254, 1496.981, 405.5329, 564.3634, 198.3967, 610.157
187.9, 37.07626, 168.2959, 789.1677, 388.4081, 299.1336, 106.3605, 25.88366, 169.9892, 313.1941, 397.8632, 556.7305, 69.12771, 252.0085, 90.2802, 1415.922, 382.6577, 528.7978, 299.3303, 579.0807
188, 34.81032, 164.447, 748.6158, 427.5267, 282.4495, 97.46023, 24.20622, 160.1353, 293.1008, 427.5422, 529.1367, 65.18033, 240.2303, 84.53791, 1392.532, 361.0728, 495.4734, 282.6378, 549.5872
188.1, 32.68286, 161.5675, 710.1478, 407.8402, 266.6959, 120.5418, 22.6375, 150.8526, 351.6678, 403.5601, 502.9106, 61.45835, 303.2179, 79.16086, 1317.13, 340.7055, 464.2492, 266.8761, 659.5222
188.2, 38.09752, 151.9459, 722.6438, 406.5863, 251.8209, 110.4549, 21.17043, 142.108, 329.1061, 417.2711, 477.9844, 57.94891, 289.0463, 74.12582, 1245.81, 321.4871, 434.9926, 251.9935, 625.9316
188.3, 185.8724, 142.8973, 732.7211, 387.8641, 237.7756, 101.212, 19.79844, 133.8703, 333.0052, 460.1025, 454.2936, 54.63987, 275.537, 69.41103, 1295.915, 303.3527, 407.5798, 237.9407, 594.0519
188.4, 174.5127, 134.3875, 695.0698, 552.3099, 224.5137, 92.74252, 18.51537, 126.1101, 311.6409, 434.2939, 431.777, 51.51978, 262.6592, 143.9551, 1225.744, 286.2412, 381.8945, 390.9709, 563.7959
188.5, 163.8472, 136.312, 672.2916, 526.8775, 211.9915, 84.98179, 17.31545, 118.7998, 461.2202, 496.3804, 410.3764, 48.57786, 250.3832, 134.7988, 1159.372, 270.095, 357.8279, 369.1679, 535.0809
188.6, 153.8336, 128.1944, 637.7455, 502.6162, 200.1677, 130.6536, 22.7001, 111.9133, 431.6301, 552.651, 390.0366, 45.80393, 238.681, 126.2249, 1143.891, 359.9891, 335.278, 348.5808, 670.5538
188.7, 144.4319, 120.5602, 604.9745, 479.472, 189.0033, 119.7205, 21.22898, 105.4259, 433.4448, 612.8063, 370.7048, 43.1884, 227.5257, 176.9083, 1081.952, 443.8201, 314.149, 518.8085, 636.4014
188.8, 148.7566, 113.3806, 573.8876, 510.8747, 178.4617, 151.6894, 19.8532, 140.7698, 405.6366, 578.4321, 352.3312, 40.72223, 216.8917, 165.6561, 1023.366, 418.7852, 294.3517, 517.2116, 603.9884
188.9, 139.6652, 106.6286, 544.398, 529.5399, 168.508, 138.996, 18.56658, 132.6097, 379.6125, 545.9861, 334.8683, 38.39687, 206.7548, 155.1195, 978.0098, 395.1625, 275.8019, 548.2382, 573.2263
189, 131.1295, 100.2787, 516.4238, 563.0972, 159.1095, 127.3648, 17.36333, 124.9226, 451.8553, 515.3602, 318.2709, 36.20431, 197.0916, 152.9724, 1092.124, 372.8723, 456.5163, 535.479, 631
189.1, 123.1154, 94.3069, 489.887, 537.168, 150.2352, 116.7068, 16.23807, 117.6811, 422.866, 486.4521, 302.4962, 34.13694, 187.8801, 157.9032, 1045.229, 351.8394, 737.8306, 505.6174, 687.6599
189.2, 181.0648, 131.0107, 464.7138, 512.4329, 141.8558, 106.9408, 70.85239, 110.8594, 558.995, 459.1655, 287.5033, 32.18763, 179.0991, 147.8597, 988.6315, 475.3254, 834.2614, 477.421, 652.6362
189.3, 169.9989, 123.2087, 440.8342, 488.8367, 133.9438, 155.0153, 66.26067, 133.0709, 523.132, 548.6326, 523.8964, 151.1615, 170.7285, 145.6291, 1092.088, 665.9946, 781.6871, 620.7489, 713.7905
189.4, 202.629, 216.3212, 418.1817, 466.327, 126.4731, 142.0435, 61.96653, 125.3571, 489.5699, 517.8582, 497.93, 347.5863, 162.7491, 160.8972, 1032.953, 766.7015, 793.7267, 826.0671, 677.436
189.5, 190.2452, 203.4389, 467.2485, 444.8539, 119.4191, 377.8195, 57.95068, 118.0904, 502.2806, 504.3518, 473.2506, 327.7382, 460.2989, 169.4445, 1056.13, 869.8243, 951.0356, 836.7654, 779.9728
189.6, 178.6182, 191.3238, 443.2386, 678.5452, 112.7585, 346.2035, 54.19508, 111.2449, 524.5834, 572.1848, 449.7944, 309.0234, 438.7857, 158.667, 998.9424, 1333.817, 891.1022, 1025.478, 808.7578
189.7, 267.7231, 179.9301, 480.2318, 655.8026, 106.4694, 317.2331, 50.68287, 104.7963, 490.9281, 549.7905, 427.5009, 291.3773, 418.2781, 148.5749, 944.8517, 1258.58, 834.9458, 1006.174, 767.5665
189.8, 251.361, 169.2149, 480.3367, 625.6046, 100.5311, 290.6869, 47.39827, 98.72151, 459.432, 518.9511, 406.3122, 274.7389, 398.7289, 139.1248, 893.6899, 1234.167, 782.3283, 1023.251, 728.4731
189.9, 235.9989, 159.1379, 455.6543, 596.7971, 94.92396, 266.3621, 44.32654, 92.99885, 429.9566, 555.8652, 386.1738, 259.0505, 380.0934, 130.2757, 845.2984, 1164.551, 812.7321, 966.1878, 691.3708
190, 221.5756, 149.6609, 432.2402, 621.8572, 89.62958, 244.0728, 41.45388, 87.60791, 402.3723, 524.6851, 367.0335, 311.2447, 419.9137, 121.9895, 799.5272, 1098.861, 761.5145, 912.3071, 656.1581
190.1, 208.0338, 140.7484, 410.0293, 593.2224, 84.63049, 223.6487, 38.76738, 91.50813, 435.4022, 557.8402, 348.8419, 573.6151, 522.2892, 114.2304, 939.5966, 1219.449, 713.5245, 946.7875, 622.739
190.2, 195.3197, 132.3665, 388.9597, 565.906, 79.91023, 208.9443, 36.25499, 86.20361, 437.1548, 648.4246, 331.5519, 540.86, 497.8788, 197.0941, 960.7727, 1225.41, 668.5589, 893.9888, 750.064
190.3, 183.3826, 124.4839, 368.9727, 539.8475, 75.45325, 191.4598, 33.90542, 184.3806, 460.6897, 673.4238, 315.1189, 636.9004, 474.6093, 184.5579, 984.3099, 1244.241, 626.4269, 844.1344, 711.862
190.4, 172.175, 117.0706, 354.6683, 514.989, 71.24485, 188.1846, 31.70812, 173.6925, 568.4552, 635.6495, 299.5004, 600.5316, 452.4273, 172.8191, 931.0115, 1174.056, 663.3769, 797.0602, 780.2321
190.5, 161.6524, 110.0989, 597.7232, 491.2751, 67.27117, 172.4372, 29.65322, 163.6239, 584.1041, 654.2618, 284.6559, 566.2396, 431.282, 161.8269, 1217.563, 1222.78, 765.6933, 752.6111, 932.8547
190.6, 151.7729, 103.5423, 836.5353, 468.6531, 63.51913, 310.9325, 27.73149, 154.139, 546.6302, 648.8712, 270.5473, 533.9058, 411.1251, 151.5338, 1302.997, 1319.808, 717.4401, 710.6409, 997.6605
190.7, 142.4972, 97.37617, 802.0943, 447.0728, 59.97635, 392.4013, 25.9343, 145.2039, 629.8746, 612.4741, 257.1379, 503.4183, 391.9102, 147.7141, 1618.849, 1245.361, 672.2277, 671.0111, 985.8979
190.8, 133.7884, 91.57724, 760.8782, 460.5266, 56.63118, 359.5651, 24.25358, 136.7868, 660.8755, 578.1187, 244.3931, 474.6717, 373.5934, 138.3187, 1531.192, 1175.113, 629.8645, 633.5914, 935.6845
190.9, 125.6118, 108.43, 721.78, 439.3205, 53.47258, 329.4765, 22.68178, 128.8575, 618.4763, 577.2798, 232.28, 447.5667, 432.3309, 129.5209, 1448.281, 1108.827, 590.171, 598.2584, 1025.495
191, 117.935, 207.9211, 684.6909, 419.0909, 50.49015, 364.3799, 21.21185, 121.3879, 702.2578, 649.3251, 220.7673, 422.0094, 412.1249, 360.4557, 1434.554, 1046.281, 552.979, 564.8958, 973.265
191.1, 110.7273, 209.4784, 649.5076, 399.7929, 47.67406, 333.8885, 19.83718, 114.3514, 690.1841, 612.9025, 209.8252, 397.9115, 412.9253, 337.5289, 1440.671, 987.2624, 518.1308, 533.3937, 923.695
191.2, 103.9601, 197.0036, 616.1322, 381.3835, 45.01505, 305.9486, 18.55159, 107.7227, 645.9045, 578.523, 199.4255, 375.1897, 393.6263, 316.0603, 1362.661, 931.5731, 485.4787, 579.8385, 876.6497
191.3, 97.60651, 284.9921, 584.4719, 363.8218, 42.50433, 440.1658, 17.34932, 101.4782, 604.4658, 546.072, 189.5412, 353.7653, 478.1799, 295.9572, 1375.354, 879.0251, 454.8843, 547.5031, 914.9754
191.4, 91.64122, 268.0203, 554.4384, 347.0687, 40.13366, 403.3326, 16.22497, 95.59575, 565.6855, 515.4412, 180.1467, 333.5644, 510.1287, 277.1328, 1361.286, 829.4413, 426.2179, 516.9709, 943.8978
191.5, 86.0405, 252.0592, 525.9482, 331.0871, 37.8952, 369.5816, 15.17348, 90.05428, 579.9955, 486.5285, 171.218, 314.5169, 513.1705, 259.5057, 1430.718, 782.6544, 399.3581, 488.1414, 895.8235
191.6, 80.78207, 237.0487, 498.9221, 315.8414, 35.7816, 338.6549, 14.19013, 84.83403, 542.7852, 459.2377, 162.7317, 296.5572, 555.1578, 242.9998, 1353.247, 738.5067, 374.1909, 502.0502, 922.2027
191.7, 75.84501, 222.932, 473.2846, 376.5153, 33.78588, 310.3162, 13.27052, 79.91639, 529.5981, 433.4777, 154.6661, 279.6229, 618.0585, 227.5437, 1367.012, 696.8492, 350.6098, 474.0528, 875.2334
191.8, 71.20969, 209.656, 448.9646, 359.1777, 31.90148, 284.3488, 12.4105, 75.28381, 495.6212, 409.1626, 147.0002, 263.6557, 589.1721, 213.0708, 1292.991, 764.5555, 328.5147, 447.6166, 830.6563
191.9, 88.78763, 197.1706, 425.8943, 362.7307, 30.12218, 260.5544, 11.60621, 70.91978, 582.0507, 386.2115, 139.7143, 248.6002, 846.5209, 199.5184, 1222.978, 815.8292, 307.812, 463.9617, 1088.572
192, 83.36131, 185.4287, 404.0094, 460.9311, 28.44212, 390.5924, 10.85405, 66.80872, 544.7085, 364.5477, 132.7895, 234.4045, 946.606, 186.828, 1156.756, 847.5673, 412.4861, 438.0883, 1033.129
192.1, 101.9611, 181.0912, 445.7094, 439.7064, 26.85576, 357.9075, 122.7428, 62.93596, 509.7621, 344.0992, 126.208, 221.0193, 1105.265, 174.9447, 1094.12, 953.049, 488.1834, 555.579, 980.5104
192.2, 95.72968, 170.3069, 422.8063, 419.4591, 25.35788, 346.3277, 114.7882, 59.2877, 647.8503, 324.7976, 119.9526, 208.3985, 1053.608, 209.1296, 1034.876, 899.2896, 457.4185, 732.0756, 930.5714
192.3, 89.87909, 160.1648, 401.0801, 436.6768, 23.94355, 317.3469, 107.3491, 55.85093, 870.7222, 306.5787, 114.0073, 196.4984, 1004.365, 195.8279, 978.8397, 848.5627, 428.5925, 965.1731, 883.1759
192.4, 84.38606, 150.6267, 430.2315, 416.569, 22.6081, 299.8844, 123.713, 52.61338, 1299.53, 289.3818, 108.3566, 185.2778, 957.4239, 183.3722, 925.8375, 800.6971, 478.5833, 1021.214, 838.1943
192.5, 79.22874, 141.6566, 408.1237, 458.1272, 21.34713, 274.7899, 115.6955, 49.5635, 1333.273, 273.1495, 102.986, 174.698, 912.6765, 171.7088, 875.7053, 755.5316, 684.4092, 964.2646, 795.5037
192.6, 74.38662, 133.2207, 387.152, 551.6099, 72.24168, 387.6184, 108.1977, 46.69041, 1247.736, 257.8278, 97.88165, 164.7222, 974.4507, 276.5374, 828.2876, 712.9138, 641.2784, 1156.812, 754.9874
192.7, 135.1456, 125.2872, 367.258, 526.2097, 68.21241, 820.6347, 163.6968, 43.98387, 1328.949, 243.3654, 93.03025, 155.3161, 1172.07, 262.3166, 783.4375, 880.1831, 600.8657, 1215.284, 897.8442
192.8, 126.886, 117.8261, 413.5255, 599.5024, 64.40787, 751.9637, 153.0881, 41.43422, 1287.678, 229.7143, 88.4193, 146.4472, 1349.6, 266.663, 741.0159, 1040.911, 562.9998, 1147.512, 1106.36
192.9, 119.1313, 110.8093, 392.2762, 571.8969, 72.00964, 783.7727, 164.1952, 39.03237, 1205.066, 216.829, 84.0369, 138.0846, 1286.524, 273.583, 700.8914, 1075.305, 527.5201, 1093.906, 1117.997
193, 111.8505, 104.2104, 372.1188, 677.5777, 67.9933, 728.7766, 153.5542, 36.76975, 1149.548, 204.6664, 79.8717, 130.1996, 1226.395, 322.3976, 662.9396, 1014.65, 494.2763, 1155.234, 1108.125
193.1, 105.0147, 200.2132, 352.9973, 646.377, 64.20098, 755.5019, 143.6029, 34.63829, 1203.591, 193.1861, 75.91294, 122.7649, 1281.823, 375.4948, 627.0427, 1019.091, 463.1275, 1227.414, 1051.686
193.2, 98.59663, 188.2901, 334.8583, 643.5101, 60.62017, 692.2812, 134.2964, 32.63039, 1150.973, 182.3497, 72.1504, 115.7547, 1284.17, 491.3388, 628.8177, 961.6068, 433.9416, 1214.979, 998.1221
193.3, 92.57082, 177.0771, 317.6514, 613.8782, 57.23909, 634.351, 214.1886, 30.73887, 1134.314, 172.1211, 68.57434, 109.1447, 1224.151, 460.0871, 668.9655, 1016.732, 406.595, 1147.224, 1030.159
193.4, 86.91329, 166.5318, 301.3287, 585.6107, 54.04659, 581.2682, 200.3078, 28.95701, 1061.541, 162.4664, 65.17553, 102.9123, 1166.937, 435.1352, 632.7424, 959.3804, 380.9718, 1083.248, 1032.39
193.5, 81.60152, 156.6146, 285.8447, 558.6448, 51.03214, 907.5327, 336.5906, 27.27844, 1166.715, 153.3531, 61.94517, 97.03571, 1112.398, 407.4584, 614.3167, 943.5921, 356.9633, 1022.839, 979.809
193.6, 76.61439, 147.2879, 271.1564, 686.7749, 48.18583, 1292.452, 375.9304, 25.69717, 1114.077, 144.7511, 58.87492, 91.4947, 1060.407, 438.9947, 581.0527, 890.3662, 334.4678, 965.7991, 929.9057
193.7, 71.93204, 138.5166, 257.2228, 655.1507, 45.49827, 1342.795, 351.5675, 24.20756, 1123.589, 136.6316, 55.95685, 86.2701, 1365.453, 501.3412, 549.5899, 1141.266, 313.39, 911.9401, 1196.874
193.8, 67.53587, 130.2677, 244.0053, 624.9827, 42.96061, 1709.011, 328.7835, 22.8043, 1177.214, 128.9675, 53.18341, 81.34384, 1434.241, 469.4532, 519.8307, 1236.555, 293.6404, 898.8899, 1271.464
193.9, 84.95959, 122.5101, 231.4669, 696.5532, 40.56448, 1959.156, 307.4761, 21.48239, 1101.688, 121.7333, 50.54743, 76.69888, 1489.214, 439.5936, 491.683, 1566.61, 275.1355, 1021.631, 1264.521
194, 89.94777, 115.2144, 219.5728, 664.4788, 38.302, 1822.903, 370.5966, 20.2371, 1031.008, 114.9049, 48.0421, 72.31917, 1419.612, 411.6331, 465.0594, 1478.241, 257.7967, 964.6583, 1248.674
194.1, 84.45055, 108.3531, 208.2899, 843.4196, 36.16571, 1707.617, 346.5794, 19.064, 964.8624, 108.4596, 45.66095, 68.18954, 1378.488, 393.0487, 439.8773, 1394.857, 241.5506, 1101.993, 1185.077
194.2, 79.28929, 101.9005, 197.5868, 806.0607, 34.14857, 1594.751, 334.1871, 17.9589, 902.9606, 102.3758, 43.39781, 64.29574, 1361.85, 368.0488, 416.0589, 1316.176, 226.3283, 1040.539, 1124.719
194.3, 74.44347, 95.83216, 187.4337, 842.0977, 32.24393, 1461.302, 336.0075, 16.91786, 845.0301, 96.6332, 41.24684, 60.62428, 1446.349, 461.8479, 393.5302, 1241.934, 212.0653, 982.5119, 1067.435
194.4, 69.8938, 90.12518, 177.8023, 803.3213, 30.44553, 1423.834, 356.0824, 15.93717, 847.1411, 91.21276, 39.20248, 57.16246, 1416.825, 527.7911, 372.2213, 1171.879, 198.7012, 927.7209, 1236.1
194.5, 65.62218, 84.75807, 168.6658, 766.3304, 28.74743, 1369.576, 454.7837, 15.01333, 792.7918, 86.09637, 37.25945, 53.89833, 1350.606, 690.0261, 352.0663, 1105.776, 186.1792, 875.9855, 1259.594
194.6, 61.61164, 84.4414, 159.9988, 731.0429, 27.14405, 1254.97, 425.3106, 14.14304, 1026.767, 81.26697, 35.41273, 50.82059, 1348.917, 646.1369, 333.0026, 1043.401, 174.4464, 827.1351, 1195.44
194.7, 57.8462, 88.83202, 151.7772, 829.2222, 25.63009, 1149.953, 397.7476, 13.3232, 1027.873, 76.70846, 33.65753, 47.91859, 1307.341, 739.3941, 314.9712, 984.5455, 163.453, 781.0089, 1134.555
194.8, 54.31088, 129.3939, 143.978, 856.3695, 24.20057, 1077.056, 471.8461, 12.55088, 1055.513, 72.40565, 31.98933, 45.18231, 1246.239, 692.3648, 297.9161, 929.0095, 153.1523, 737.455, 1076.77
194.9, 50.99163, 121.6883, 136.5796, 816.9359, 22.85079, 986.9279, 441.2672, 11.82334, 1030.946, 68.34421, 30.40381, 42.60228, 1311.298, 659.9254, 281.7846, 876.6062, 143.5008, 696.3299, 1021.928
195, 47.87524, 114.4415, 256.1552, 779.3182, 21.57629, 904.3414, 412.6701, 11.13797, 1038.416, 64.51057, 28.89688, 40.16957, 1250.012, 617.9507, 266.5265, 827.1588, 134.4575, 657.4982, 969.8799
195.1, 44.94931, 107.6263, 434.7885, 743.4326, 20.37287, 828.6658, 446.0949, 10.49232, 1039.192, 60.89198, 27.46464, 37.87578, 1251.291, 687.1339, 252.0947, 780.5007, 125.9841, 661.1315, 1016.754
195.2, 42.2022, 101.217, 412.4466, 809.668, 19.23658, 759.3228, 417.1849, 9.884106, 1023.114, 57.47637, 26.10338, 35.71297, 1192.809, 643.4286, 238.4442, 736.4744, 118.0447, 818.0095, 964.9688
195.3, 39.62298, 163.0367, 442.1133, 772.3849, 18.16366, 695.7824, 490.6629, 9.311146, 957.4748, 54.25235, 24.8096, 33.67366, 1413.285, 602.5032, 225.533, 694.9315, 110.6057, 772.3922, 915.8213
195.4, 37.20139, 153.3276, 419.395, 736.8186, 17.15058, 637.5591, 458.8646, 8.771399, 896.0469, 51.20918, 199.3624, 31.7508, 1347.232, 564.1808, 213.3208, 655.732, 103.6354, 791.4882, 976.8896
195.5, 63.02842, 144.1967, 460.3588, 778.6868, 16.19401, 584.6918, 429.127, 8.262941, 838.5599, 48.3367, 189.4812, 29.93774, 1284.266, 528.296, 201.7699, 812.612, 97.10441, 747.3499, 1276.408
195.6, 59.17639, 160.615, 524.123, 742.8303, 15.29079, 566.6323, 401.3167, 7.783957, 896.2806, 125.386, 325.1263, 28.22822, 1464.871, 534.0276, 190.8445, 1039.871, 90.98499, 1010.186, 1211.399
195.7, 55.55978, 151.05, 557.5242, 837.5408, 14.43795, 519.2163, 505.499, 7.332738, 838.7786, 355.7686, 482.4941, 26.61631, 1775.261, 500.0607, 180.5107, 1349.719, 85.2512, 1075.948, 1149.7
195.8, 52.1642, 142.0547, 628.4762, 939.495, 13.63267, 475.7681, 519.7415, 6.907676, 813.3888, 335.8125, 657.9092, 25.09644, 2605.488, 468.2543, 170.7364, 2025.176, 79.87875, 1052.976, 1091.144
195.9, 48.97615, 133.5951, 706.514, 1195.332, 12.87231, 435.9557, 486.0587, 6.507253, 761.2049, 398.4811, 675.0906, 287.7424, 3151.831, 438.4709, 161.4914, 2059.941, 74.84486, 994.2558, 1035.57
196, 45.98294, 125.6393, 720.384, 1225.455, 12.15436, 399.4748, 587.8071, 6.130042, 712.3689, 381.2179, 768.4604, 271.3116, 3367.816, 471.6392, 152.7469, 2306.33, 70.12821, 1052.85, 982.8271
196.1, 43.17266, 118.1573, 790.2568, 1169.026, 11.47645, 366.0466, 549.7132, 5.774697, 794.4719, 359.8342, 730.3725, 255.8189, 3592.443, 441.6405, 144.476, 2176.235, 65.7088, 1006.12, 932.7701
196.2, 40.53413, 111.1208, 749.6489, 1210.408, 10.83635, 335.4157, 514.088, 5.439951, 905.1796, 474.2817, 769.8845, 241.211, 3504.263, 413.5499, 136.6529, 2053.479, 61.56789, 1007.416, 885.2626
196.3, 38.05685, 104.5034, 711.1277, 1154.672, 10.23195, 307.348, 592.6958, 5.124609, 847.1067, 447.6778, 731.726, 227.4372, 3340.483, 387.2459, 129.2534, 1937.646, 57.68795, 1111.682, 840.1747
196.4, 35.73098, 98.28, 674.586, 1158.909, 9.661267, 281.629, 554.2851, 4.827547, 916.8745, 422.5662, 709.4033, 214.4499, 3184.358, 362.6151, 122.2546, 1828.348, 54.05251, 1049.688, 797.3833
196.5, 33.54726, 92.42725, 658.8773, 1130.379, 9.122411, 258.0622, 521.3381, 4.547704, 858.0513, 398.8632, 718.2354, 202.2042, 3224.211, 339.5509, 115.6348, 1725.215, 50.64617, 991.1508, 756.7712
196.6, 31.49699, 86.92305, 625.0204, 1206.701, 8.613609, 236.4675, 620.3142, 4.284084, 803.002, 393.4401, 682.6368, 190.6578, 3073.52, 317.9537, 109.3734, 1627.9, 47.4545, 935.878, 718.2277
196.7, 29.57203, 81.74663, 704.884, 1172.13, 8.133186, 216.6798, 580.1136, 4.035745, 751.4844, 371.3709, 803.2057, 179.7707, 2988.548, 297.7302, 103.4511, 1536.073, 44.46396, 946.5586, 681.6472
196.8, 27.76471, 76.87847, 668.6631, 1118.157, 7.679558, 198.548, 576.4787, 3.801802, 703.2721, 350.5396, 935.1024, 169.5053, 2952.085, 278.793, 97.8494, 1553.059, 41.66189, 893.7726, 646.9297
196.9, 29.77007, 72.30022, 634.3034, 1066.669, 7.251232, 181.9334, 539.119, 3.58142, 658.1528, 330.8768, 888.7551, 159.8261, 3132.794, 261.0603, 92.55105, 1465.454, 39.0364, 843.9302, 613.9806
197, 27.95065, 67.99462, 646.4045, 1017.552, 6.846795, 166.7092, 602.2506, 3.373813, 650.3083, 312.3169, 844.7048, 150.6996, 3030.324, 244.4555, 87.5396, 1382.791, 36.57636, 796.8674, 582.7095
197.1, 26.24242, 63.94542, 613.1887, 1064.892, 6.464915, 152.7589, 563.2206, 3.178241, 724.5127, 294.7981, 802.838, 245.7388, 2930.786, 352.6495, 82.79951, 1498.852, 34.27135, 752.4291, 553.0312
197.2, 24.6386, 60.13736, 628.2621, 1142.753, 6.104335, 139.976, 586.6429, 2.994005, 744.5853, 291.1302, 848.4469, 231.7065, 3046.387, 330.2191, 78.31609, 1414.305, 32.1116, 770.3589, 524.8644
197.3, 23.13279, 56.55607, 613.1003, 1205.147, 5.763866, 143.453, 548.6245, 2.820449, 705.8027, 517.8324, 822.3171, 231.3423, 3166.017, 410.1659, 74.07543, 1470.635, 30.08796, 747.0104, 498.1322
197.4, 21.71901, 53.18805, 581.5958, 1149.653, 5.442387, 178.9311, 593.526, 2.656954, 877.8647, 488.7856, 822.433, 312.7514, 3018.046, 443.9558, 70.0644, 1575.141, 28.19185, 705.3524, 472.7615
197.5, 58.74514, 50.02061, 593.7036, 1096.714, 5.138838, 181.0136, 555.0615, 2.502936, 821.5443, 542.4731, 781.67, 335.9395, 2909.831, 415.7179, 66.27055, 1499.599, 26.41522, 666.0176, 448.683
197.6, 55.15488, 47.04179, 610.967, 1161.717, 4.85222, 165.8663, 624.8075, 2.357847, 768.8372, 512.0442, 742.9273, 316.7564, 3125.139, 389.2761, 62.68214, 1442.67, 335.1802, 742.9191, 425.8308
197.7, 51.78405, 44.24037, 649.6345, 1108.223, 4.581588, 151.9866, 651.7483, 2.221168, 719.5115, 483.3221, 756.0245, 298.6687, 3025.205, 364.5161, 59.28802, 1403.654, 314.0574, 701.4893, 404.1425
197.8, 48.61923, 41.60578, 631.3719, 1209.003, 4.32605, 257.1618, 609.5106, 2.092412, 673.3504, 456.2112, 805.7064, 362.6999, 2883.815, 341.331, 56.0777, 1373.859, 553.3197, 662.3699, 383.5589
197.9, 45.64783, 39.12808, 598.9285, 1153.331, 4.084765, 281.5847, 595.1836, 1.971119, 630.1508, 513.877, 765.7725, 536.2349, 2897.714, 319.6206, 53.04121, 1489.55, 518.45, 671.0288, 364.0236
198, 42.85803, 36.79793, 568.1522, 1100.224, 3.856937, 258.0216, 556.6116, 1.856858, 589.7228, 485.0521, 727.8177, 521.1026, 3194.37, 357.1781, 50.16913, 1422.125, 485.7778, 633.6081, 345.4833
198.1, 40.23873, 34.60655, 538.9573, 1049.561, 3.641817, 236.4303, 520.5394, 1.74922, 551.8884, 490.3466, 691.7442, 491.3462, 3189.077, 334.4597, 47.45258, 1611.53, 455.1646, 646.2823, 327.8873
198.2, 37.77951, 82.84639, 511.2626, 1001.232, 3.438695, 346.7226, 514.9138, 1.647821, 516.4814, 462.8416, 696.6977, 463.289, 3097.093, 313.1863, 44.88311, 1625.652, 426.4805, 610.2416, 311.1874
198.3, 131.281, 77.91274, 523.3185, 1074.921, 3.246902, 326.7508, 481.5438, 1.552301, 483.3459, 436.8795, 662.1666, 436.8339, 3159.781, 293.266, 42.45279, 1579.396, 399.6041, 645.7654, 295.3382
198.4, 123.2576, 73.2729, 578.6356, 1035.992, 3.065806, 299.4082, 493.3234, 1.462317, 501.1709, 555.3376, 698.0334, 564.6195, 3131.634, 274.6128, 40.15405, 1584.56, 374.4214, 609.7535, 280.2961
198.5, 115.7246, 68.90937, 573.1805, 988.2872, 2.894811, 323.974, 461.3527, 1.37755, 584.0117, 524.1871, 740.0934, 532.3782, 2985.269, 308.4548, 37.97979, 1783.116, 511.8636, 764.5502, 266.0202
198.6, 108.652, 64.80569, 543.7273, 1131.103, 2.733353, 296.8637, 431.4539, 1.297697, 546.5437, 583.6896, 703.4115, 579.0963, 3176.555, 304.5623, 35.92326, 1682.534, 479.6064, 721.9141, 252.4713
198.7, 102.0117, 60.9464, 515.7875, 1079.019, 2.580901, 272.0221, 403.4927, 1.222472, 651.7091, 638.4492, 689.5344, 768.2174, 3028.091, 299.4374, 33.97809, 1672.235, 449.3821, 681.6557, 239.6125
198.8, 95.77718, 57.31693, 507.5242, 1235.396, 2.436951, 249.2592, 377.3436, 1.151608, 835.3384, 602.6367, 655.3583, 790.1649, 3210.193, 280.3917, 32.13825, 1788.91, 421.0624, 779.6848, 227.4087
198.9, 89.92368, 56.49895, 481.4447, 1178.51, 2.301031, 228.4011, 352.8892, 1.084852, 781.7463, 568.833, 670.9648, 745.0443, 3169.344, 262.5573, 30.39803, 1688.002, 394.5275, 736.2047, 215.8264
199, 84.42793, 62.19427, 496.4499, 1124.242, 2.172691, 209.2884, 330.0196, 1.021965, 777.5997, 536.9255, 637.7091, 808.7668, 3021.217, 245.8573, 28.75204, 1613.178, 369.6648, 695.1494, 204.834
199.1, 79.26806, 58.49049, 536.3223, 1091.384, 2.051509, 191.7751, 308.632, 0.9627243, 727.7119, 506.8077, 662.8104, 762.584, 2945.961, 230.2195, 27.19517, 1674.854, 434.9465, 656.3835, 194.4015
199.2, 74.42353, 55.00728, 508.7631, 1084.379, 1.937086, 240.3965, 288.6306, 0.9069173, 681.0247, 544.0422, 658.3052, 719.0383, 2978.399, 215.5763, 25.72261, 1595.926, 484.6303, 619.7795, 184.5003
199.3, 69.87508, 51.7315, 482.6199, 1034.446, 1.829046, 240.744, 269.9254, 0.8543453, 836.3916, 531.3936, 694.3218, 677.9792, 2945.485, 201.8646, 24.32978, 1577.977, 515.0962, 585.2167, 175.1034
199.4, 65.60461, 48.65079, 457.8202, 1002.953, 1.727031, 220.5985, 252.4324, 0.8048208, 921.2545, 501.5861, 791.1005, 639.2648, 2978.852, 189.0249, 23.01238, 1646.015, 604.0047, 552.5814, 166.1851
199.5, 61.59514, 45.75356, 440.0634, 1051.066, 1.630706, 202.1387, 236.073, 0.7581671, 923.556, 473.4507, 751.8904, 602.761, 2839.629, 177.002, 21.7663, 1578.635, 565.9409, 521.7661, 157.721
199.6, 57.83071, 43.02885, 417.4505, 1002.667, 1.539753, 185.2237, 220.7739, 0.7142179, 1038.307, 504.9643, 714.6237, 568.3417, 2706.912, 165.7437, 36.15391, 1564.826, 530.2759, 492.6691, 149.688
199.7, 54.29634, 40.46641, 395.9995, 971.0747, 1.453874, 169.7241, 206.4662, 0.6728163, 971.693, 594.4366, 679.2042, 535.8878, 2675.52, 155.2016, 158.9188, 1533.883, 496.8584, 465.1948, 142.0642
199.8, 50.97798, 38.05656, 375.6508, 941.0903, 1.372784, 155.5215, 193.0858, 0.6338146, 909.3529, 564.4583, 645.5401, 505.2871, 2585.886, 145.3299, 150.3137, 1447.36, 465.5469, 439.2527, 134.8286
199.9, 47.86242, 35.79023, 356.3478, 897.7555, 1.296217, 142.5074, 180.5725, 0.5970738, 851.0123, 532.7961, 613.5446, 476.4339, 2465.029, 136.0862, 241.5196, 1365.718, 436.2086, 414.7572, 127.9616
200, 44.93727, 33.65886, 391.0564, 856.4162, 1.22392, 130.5824, 168.8702, 0.5624627, 796.4146, 502.91, 583.1349, 449.2282, 2349.82, 127.4304, 235.8863, 1395.755, 652.7095, 391.6277, 121.4443
200.1, 42.1909, 31.65441, 370.9617, 816.9805, 1.155656, 119.6552, 157.9263, 0.5298581, 745.3197, 526.5013, 646.5586, 423.576, 2452.879, 119.3252, 223.1136, 1346.166, 704.2481, 369.7881, 115.2589
200.2, 39.61237, 29.76933, 351.8996, 779.3607, 1.0912, 109.6424, 147.6916, 0.4991434, 697.5029, 496.9683, 737.127, 399.3887, 2387.474, 111.7355, 211.0324, 1270.232, 761.3531, 349.1664, 109.3886
200.3, 37.19143, 27.99652, 333.817, 755.3611, 1.030338, 100.4675, 138.1201, 0.4702091, 759.3916, 477.2675, 731.7579, 376.5825, 2346.251, 104.6285, 208.3875, 1198.581, 806.6725, 329.6948, 103.8173
200.4, 34.91845, 26.32928, 316.6636, 762.6039, 0.972871, 92.06034, 129.169, 0.4429522, 710.6719, 450.4962, 729.0609, 355.0786, 2487.444, 97.97361, 197.1038, 1221.452, 755.8368, 311.3089, 98.52968
200.5, 32.78438, 24.76132, 389.9175, 727.488, 0.9186092, 84.3567, 120.798, 0.4172752, 665.0779, 425.2265, 692.9257, 334.8026, 2460.678, 91.74198, 186.431, 1204.621, 708.2047, 293.9484, 93.5114
200.6, 30.78074, 23.28674, 369.8814, 693.9891, 0.8673738, 77.29771, 112.9694, 0.3930867, 622.4091, 401.3742, 658.5816, 315.6845, 2486.372, 85.90672, 326.6837, 1136.671, 663.5743, 372.1444, 88.74871
200.7, 28.89955, 21.89997, 350.8748, 662.0328, 0.8189961, 70.82941, 105.6483, 0.3703003, 712.8587, 447.7185, 697.6261, 297.658, 2502.384, 80.4426, 329.218, 1168.244, 621.7565, 351.3913, 84.22859
200.8, 27.13333, 20.59579, 332.8448, 631.5479, 0.7733167, 64.90238, 98.80153, 0.3488348, 735.703, 422.6046, 663.049, 280.6609, 2682.544, 75.32603, 311.3915, 1102.346, 582.574, 331.7956, 79.93869
200.9, 25.47506, 19.36927, 633.9802, 602.4668, 0.730185, 59.47133, 92.39851, 0.3286137, 688.5031, 398.8995, 630.1857, 264.6344, 2557.169, 70.5349, 294.5303, 1040.165, 545.8608, 405.0488, 75.86728
201, 23.91813, 18.2158, 724.7518, 574.7248, 0.689459, 54.49475, 86.41046, 0.3095647, 698.2946, 400.3128, 598.9512, 249.5231, 2437.654, 66.04852, 291.7673, 981.4918, 511.4612, 382.4608, 72.00323
201.1, 22.45636, 17.13102, 687.5099, 548.2602, 0.6510044, 49.93461, 80.81047, 0.2916199, 653.4947, 377.858, 569.2648, 235.2746, 2364.836, 61.84749, 275.9687, 926.128, 593.4229, 361.1324, 68.33599
201.2, 21.08392, 16.11083, 652.1818, 613.4266, 0.6146947, 45.75607, 75.5734, 0.2747153, 611.569, 378.751, 541.0497, 221.8398, 2464.801, 57.91367, 261.0255, 873.8872, 556.026, 340.9934, 64.85553
201.3, 19.79536, 15.15141, 618.6691, 747.1044, 0.5804102, 41.92718, 70.67573, 0.2587907, 572.3331, 357.5058, 514.2332, 209.1721, 2460.494, 54.23006, 246.8915, 824.5932, 520.9858, 321.9775, 61.55233
201.4, 18.58555, 14.24911, 651.8464, 718.9117, 0.5480378, 38.4187, 66.09546, 0.2437892, 535.6144, 337.4522, 488.7457, 197.2278, 2345.497, 50.78074, 233.5229, 778.0798, 488.1537, 304.022, 58.41737
201.5, 17.44968, 13.40055, 618.3509, 685.8077, 0.5174711, 35.20381, 61.81202, 0.2296572, 501.2514, 318.5235, 464.5216, 185.9656, 2352.005, 47.55082, 220.8781, 734.1901, 547.2301, 287.0678, 55.44208
201.6, 16.38323, 12.60252, 608.8322, 654.228, 0.4886092, 32.25795, 57.80618, 0.2163445, 613.2247, 357.05, 441.498, 175.3464, 2427.602, 44.52634, 339.6405, 892.4622, 512.7442, 271.0591, 52.61832
201.7, 15.38196, 11.85202, 583.1847, 733.5114, 0.461357, 29.55859, 54.05995, 0.2038035, 573.8825, 443.6076, 419.6157, 165.3337, 2377.389, 41.69424, 321.2497, 842.1204, 603.1781, 369.6471, 49.93839
201.8, 14.44188, 11.14621, 553.2173, 699.7351, 0.4356249, 27.08512, 50.5565, 0.1919895, 551.0243, 418.7244, 398.8178, 155.8927, 2462.625, 39.04227, 331.515, 794.6183, 565.1664, 382.1988, 47.39494
201.9, 13.55925, 10.48244, 524.7899, 667.5142, 0.4113279, 24.81863, 47.28009, 0.1808603, 609.1401, 395.2369, 474.9503, 146.9908, 2415.891, 36.55898, 313.5642, 825.8946, 529.5502, 360.885, 44.98104
202, 12.73057, 9.85819, 497.8232, 732.1285, 0.3883861, 22.74179, 44.21602, 0.1703762, 592.9094, 373.0669, 503.6534, 138.5972, 2302.978, 34.23363, 296.5853, 833.3961, 496.1784, 423.5069, 42.69008
202.1, 11.95253, 9.271117, 472.2423, 698.416, 0.3667239, 20.83875, 41.35052, 0.1604999, 591.2012, 352.1404, 478.6904, 130.6829, 2195.343, 32.0562, 280.5258, 786.386, 464.9098, 399.8895, 40.51581
202.2, 11.22204, 8.719006, 447.9758, 666.2557, 0.3462699, 19.09496, 38.67072, 0.151196, 649.8896, 410.5867, 484.2075, 123.2206, 2208.291, 30.01726, 330.6817, 838.3082, 435.6116, 377.5892, 38.45227
202.3, 10.5362, 8.199774, 491.722, 677.5434, 0.3269567, 17.49709, 36.1646, 0.1424315, 625.2874, 459.4825, 460.2082, 116.1843, 2289.832, 28.108, 312.776, 921.2899, 408.1598, 386.3037, 36.49384
202.4, 9.892272, 7.711462, 466.4545, 646.3443, 0.3087208, 16.03292, 33.82088, 0.1341751, 715.3909, 433.7087, 437.3985, 109.5499, 2182.811, 26.32019, 295.8398, 869.322, 382.438, 364.761, 34.63514
202.5, 9.287699, 7.252231, 442.4854, 666.2769, 0.2915019, 14.69128, 31.62906, 0.1263973, 669.4942, 409.3807, 527.7422, 103.2943, 2261.848, 24.64609, 279.8207, 820.2855, 358.3371, 396.7368, 32.87112
202.6, 8.720074, 6.820348, 578.0748, 649.0198, 0.2752434, 13.46191, 29.57928, 0.1190703, 810.0657, 386.4173, 573.049, 97.3959, 2258.806, 23.07847, 264.6689, 927.0744, 456.7343, 374.6123, 31.19694
202.7, 8.18714, 6.414184, 548.37, 664.6229, 0.2598917, 12.33542, 27.66234, 0.112168, 923.0902, 430.6423, 561.7183, 91.83433, 2153.235, 21.61056, 250.3377, 889.2778, 620.4023, 353.7216, 29.60803
202.8, 7.686777, 6.032208, 520.1917, 653.7444, 0.2453962, 11.30318, 25.86963, 0.1056659, 863.8683, 490.6072, 533.8773, 86.59034, 2386.392, 20.23601, 236.7824, 866.509, 581.3052, 432.3127, 28.10004
202.9, 7.216994, 5.672979, 493.4613, 653.5886, 0.2317093, 10.35733, 24.19311, 0.0995407, 921.1919, 463.0876, 670.2917, 81.6458, 2341.387, 18.9489, 223.9611, 981.4109, 544.6719, 574.8654, 26.66886
203, 6.775922, 5.335144, 545.2315, 738.0071, 0.2187857, 9.490625, 22.62523, 0.09377054, 1042.646, 516.3433, 637.0694, 76.9836, 2385.317, 17.74365, 281.921, 1083.333, 510.3472, 542.8073, 25.31058
203.1, 6.361806, 5.017426, 517.2144, 784.1611, 0.206583, 8.696446, 21.15896, 0.08833487, 1087.281, 487.3801, 913.0211, 72.58762, 2421.67, 16.61506, 266.6555, 1119.272, 537.9801, 535.9501, 24.02147
203.2, 5.973, 4.71863, 490.637, 896.3456, 0.1950608, 7.968725, 19.78771, 0.0832143, 1030.312, 548.9332, 867.7681, 68.44267, 2577.591, 15.55826, 252.2167, 1208.094, 660.4536, 689.3555, 22.79802
203.3, 5.607956, 4.437627, 586.4166, 855.0713, 0.1841813, 7.301899, 18.50533, 0.07839055, 1090.647, 518.1419, 824.7581, 177.2875, 2531.862, 14.56867, 238.5596, 1182.614, 618.8325, 650.9127, 21.63688
203.4, 117.304, 4.173358, 644.3788, 819.7653, 0.1739086, 6.690874, 17.30606, 0.07384642, 1218.424, 670.5302, 783.8798, 167.1639, 2466.991, 13.64203, 225.6421, 1220.995, 579.8342, 659.5115, 20.53487
203.5, 110.1349, 3.924828, 611.267, 782.0172, 0.1642089, 6.13098, 16.18451, 0.06956571, 1140.255, 632.9182, 745.0276, 263.4796, 2463.33, 12.77433, 213.4241, 1152.121, 543.2936, 694.7953, 19.489
203.6, 103.4039, 3.691097, 667.7237, 746.0074, 0.1550501, 5.617937, 15.13564, 0.06553314, 1142.735, 597.4159, 708.1011, 248.4341, 2527.329, 11.96181, 201.8676, 1087.133, 509.0558, 656.0492, 18.49639
203.7, 97.08434, 3.471286, 633.4123, 711.6557, 0.1464022, 5.147826, 14.15475, 0.06173433, 1069.422, 569.4802, 673.0048, 234.2479, 2471.279, 36.82656, 205.1386, 1025.81, 476.9756, 619.4638, 17.55434
203.8, 91.15096, 3.264564, 600.864, 826.7505, 0.1382367, 4.717054, 13.23743, 0.05815573, 1000.812, 537.5364, 639.6481, 220.8717, 2458.845, 34.4842, 194.0307, 967.9463, 446.9171, 584.9186, 16.66027
203.9, 85.5802, 3.070154, 569.9882, 788.6808, 0.1305265, 4.32233, 12.37955, 0.05478457, 970.1848, 507.3844, 607.9446, 208.2593, 2577.632, 32.29082, 196.3108, 977.1547, 418.7528, 552.2999, 15.81173
204, 80.3499, 2.887321, 540.699, 779.3513, 0.1232464, 3.960636, 11.57727, 0.05160883, 907.9415, 500.0133, 577.8124, 308.5444, 2517.762, 30.23696, 185.681, 922.0356, 392.3634, 598.0784, 15.00642
204.1, 75.43925, 2.715375, 612.5638, 743.4642, 0.1163723, 3.629208, 10.82699, 0.04861718, 849.6914, 482.3325, 549.1738, 290.9257, 2400.089, 28.31373, 175.6267, 870.0256, 367.637, 564.7258, 14.24212
204.2, 74.60136, 2.55367, 581.0869, 709.2297, 0.1098817, 3.325515, 10.12532, 0.04579895, 969.0878, 455.277, 521.9545, 274.313, 2287.915, 26.51283, 166.1169, 907.5701, 344.4689, 684.062, 13.51674
204.3, 114.1897, 2.401594, 572.0917, 676.5715, 0.103753, 3.047235, 9.469133, 0.04314408, 906.9149, 429.7392, 496.0844, 258.649, 2560.795, 96.32859, 157.122, 1000.006, 322.7608, 755.8969, 12.82831
204.4, 107.2109, 2.258575, 542.6944, 645.4171, 0.09796622, 2.792241, 8.855469, 0.04064312, 848.7307, 490.2402, 471.4965, 270.9969, 2582.229, 90.20159, 189.2957, 1000.775, 302.4207, 852.5415, 12.17494
204.5, 100.6587, 2.124073, 514.8077, 615.6973, 0.09250215, 2.558585, 8.281574, 0.03828713, 794.2794, 472.1936, 448.1273, 364.9209, 2781.94, 89.72695, 186.9529, 944.3239, 283.3625, 942.0256, 11.55485
204.6, 94.50683, 1.997581, 488.3539, 609.792, 0.08734285, 126.8425, 7.744872, 0.03606771, 743.3214, 445.7068, 425.9163, 573.6369, 2756.683, 148.1385, 176.8298, 1146.379, 265.5052, 1089.786, 10.96635
204.7, 136.7631, 1.878621, 463.2596, 634.5275, 0.08247131, 116.2282, 7.242951, 0.03397694, 805.4323, 508.391, 404.8062, 559.2581, 2627.843, 170.5882, 167.2548, 1081.714, 248.7733, 1307.986, 10.40781
204.8, 128.4047, 1.766746, 439.4547, 605.3092, 0.07787148, 106.5022, 6.773558, 0.03200737, 753.7589, 479.8738, 384.7424, 622.5997, 2550.785, 159.7379, 158.1983, 1218.041, 233.0959, 1275.355, 9.877727
204.9, 120.5571, 1.661533, 416.873, 577.4363, 0.0735282, 98.79364, 6.334585, 0.03015198, 745.7313, 517.6556, 365.6731, 587.0476, 2431.568, 149.5777, 221.2058, 1259.206, 218.4064, 1409.389, 9.374638
205, 113.1892, 1.562586, 395.4517, 550.8469, 0.06942717, 107.0626, 5.924061, 0.02840414, 777.1773, 512.969, 347.5489, 764.275, 2520.062, 140.0638, 209.2279, 1358.986, 362.8567, 1330.793, 8.897172
205.1, 106.2716, 1.469531, 489.826, 525.4818, 0.06555487, 169.5323, 5.540141, 64.68941, 783.4783, 517.4142, 330.323, 720.6328, 2484.966, 131.155, 197.8987, 1282.328, 365.7274, 1318.263, 8.444024
205.2, 99.7767, 1.382018, 536.4348, 501.2848, 0.06189856, 155.3457, 5.181102, 60.93951, 733.2133, 488.3909, 313.9509, 679.4827, 2510.797, 122.8129, 187.1829, 1360.711, 488.2673, 1400.13, 8.013956
205.3, 117.1292, 1.299716, 508.8697, 478.2019, 0.05844617, 142.3464, 42.109, 78.88419, 798.1944, 537.3868, 298.3902, 640.6824, 2393.449, 135.8629, 177.0473, 1406.647, 457.4971, 1446.275, 398.5332
205.4, 132.1076, 1.222316, 482.7211, 456.1819, 0.05518634, 130.4348, 39.38005, 74.31145, 746.9853, 507.2432, 391.7807, 778.0676, 2471.388, 127.2214, 167.4605, 1432.107, 428.6661, 1365.622, 378.2352
205.5, 124.0337, 1.149525, 457.9162, 435.176, 0.05210833, 119.5199, 36.82795, 70.00378, 699.0616, 514.5481, 372.3625, 733.6378, 2355.882, 119.1294, 222.8317, 1351.325, 462.6604, 1402.776, 358.9711
205.6, 116.4533, 1.081069, 463.09, 415.1372, 0.04920199, 110.5672, 34.44125, 80.03284, 654.2125, 485.6855, 379.0441, 720.7789, 2245.774, 111.5522, 210.7658, 1303.583, 667.2175, 1430.807, 340.6881
205.7, 109.3362, 1.016689, 439.2938, 396.0212, 0.04645775, 101.3149, 165.8097, 84.51786, 612.2407, 533.7867, 421.598, 792.6158, 2318.553, 213.5684, 199.3533, 1230.051, 976.1122, 1351.016, 323.3363
205.8, 158.1605, 111.7874, 416.7204, 377.7855, 0.04386657, 92.83688, 155.0641, 79.61855, 636.4902, 503.845, 476.4482, 828.6863, 2210.19, 199.9843, 188.5587, 1315.455, 1167.345, 1339.109, 365.676
205.9, 153.7611, 105.1302, 424.5022, 360.3895, 0.04141992, 85.06825, 405.9339, 75.00323, 595.6555, 475.5828, 512.9319, 963.3128, 2201.943, 187.2643, 178.3487, 1489.629, 1186.307, 1419.807, 431.8888
206, 163.1793, 98.86953, 459.8349, 343.7945, 0.03910972, 171.1089, 379.6266, 215.3954, 557.4405, 485.4043, 540.8853, 1130.182, 2129.514, 175.3533, 168.6915, 1405.603, 1151.602, 1560.771, 537.935
206.1, 159.8738, 92.98167, 436.206, 327.9636, 0.03692838, 171.8824, 485.5928, 202.9095, 521.6772, 475.8776, 548.2567, 1065.646, 2029.987, 164.1999, 159.5572, 1545.2, 1123.378, 1473.733, 510.5371
206.2, 150.103, 87.44445, 413.7912, 312.8618, 0.0348687, 159.3017, 454.123, 191.1472, 594.8795, 449.1842, 521.0829, 1156.47, 1955.556, 188.3255, 150.9175, 1458.039, 1265.33, 1391.548, 484.5346
206.3, 140.9293, 82.23698, 392.5283, 298.4553, 0.0329239, 170.8252, 575.3408, 180.0669, 590.5972, 423.9881, 660.6465, 1090.433, 1995.797, 176.347, 142.7456, 1644.16, 1185.59, 1761.333, 459.8565
206.4, 132.3163, 77.33961, 372.358, 284.7122, 0.03108758, 156.5305, 553.3976, 169.6288, 598.9281, 400.2054, 627.9023, 1080.838, 1902.519, 165.1304, 135.0162, 1758.67, 1221.46, 2079.579, 560.0021
206.5, 124.2297, 72.7339, 353.2241, 271.602, 0.02935367, 233.386, 598.3325, 159.7958, 628.2568, 412.5704, 596.7809, 1019.119, 1950.385, 154.6273, 127.7054, 1678.182, 1144.484, 2266.624, 531.4803
206.6, 116.6373, 68.40247, 335.0735, 259.0954, 0.02771647, 257.9399, 559.5565, 150.5328, 587.9502, 389.4281, 567.2021, 1247.533, 1902.67, 144.7922, 120.7904, 1715.723, 1072.36, 2473.3, 604.0179
206.7, 109.5089, 110.5394, 317.8555, 247.1647, 0.02617059, 253.8963, 523.2935, 141.8067, 550.2296, 367.5839, 539.0894, 1223.807, 1882.018, 170.2386, 114.2498, 1773.511, 1034.77, 2446.559, 718.9271
206.8, 102.8162, 103.9566, 301.5223, 235.7834, 0.02471093, 232.6501, 558.1609, 133.5865, 544.4495, 445.571, 512.3699, 1375.54, 1978.775, 159.4105, 108.0634, 1673.471, 997.666, 2361.133, 682.3109
206.9, 96.53252, 97.76579, 286.0284, 224.9262, 0.02333268, 224.1096, 609.7489, 125.8428, 588.0146, 420.5776, 486.9749, 1296.993, 1886.292, 149.2712, 102.212, 1722.696, 975.86, 2229.462, 647.5597
207, 90.63286, 91.94366, 271.3306, 214.569, 0.0220313, 253.3442, 570.233, 118.548, 550.2898, 396.9862, 462.8385, 1222.931, 1841.863, 139.7768, 194.0664, 1625.523, 1150.427, 2285.216, 614.5784
207.1, 85.09377, 86.46825, 257.3881, 204.6886, 0.0208025, 294.1646, 533.278, 111.676, 558.319, 374.718, 439.8984, 1153.098, 1872.604, 130.8862, 183.5581, 1703.639, 1077.928, 2167.665, 583.277
207.2, 79.8932, 81.31892, 244.1621, 195.2632, 0.01964225, 269.5488, 498.718, 105.2024, 522.4994, 353.699, 418.0953, 1087.253, 1849.355, 122.5612, 298.8785, 1607.541, 1009.998, 2149.575, 742.6932
207.3, 75.01047, 76.47623, 231.6156, 186.2719, 0.0185467, 263.9674, 466.3976, 99.10405, 488.9778, 333.859, 397.3728, 1109.283, 1784.075, 114.7657, 282.6948, 1516.863, 946.3494, 2029.701, 704.8666
207.4, 70.42615, 71.92193, 219.7139, 177.6945, 0.01751226, 241.8785, 436.1719, 93.35921, 457.6069, 315.1318, 377.6775, 1045.94, 1700.692, 107.466, 333.2491, 1431.3, 886.7114, 1916.512, 668.9666
207.5, 66.122, 67.63885, 208.4238, 169.5122, 0.01653551, 221.638, 407.905, 87.94738, 428.2486, 297.4551, 358.9583, 1060.454, 1621.206, 100.6306, 315.2043, 1396.099, 830.8317, 1916.333, 634.895
207.6, 62.08091, 63.61083, 197.7138, 161.7066, 0.01561325, 203.0913, 381.47, 82.84927, 400.7738, 337.7581, 341.1669, 999.8989, 1669.378, 94.22995, 298.1366, 1317.348, 778.4734, 1809.466, 602.5588
207.7, 58.28679, 59.82269, 187.5541, 154.2604, 0.01474242, 186.0965, 356.7481, 78.04668, 450.4558, 318.8123, 324.2573, 979.8373, 1606.847, 88.23643, 281.9931, 1275.791, 729.4148, 1757.001, 571.8694
207.8, 54.72454, 56.26015, 177.9165, 147.1571, 0.01392016, 170.5239, 333.6284, 73.52248, 448.8086, 300.9292, 308.1859, 1042.884, 1685.241, 82.62414, 266.7238, 1203.826, 683.4478, 1673.299, 542.7432
207.9, 51.38001, 52.90976, 168.7742, 166.4701, 0.01314377, 266.4951, 312.007, 69.26055, 555.9783, 284.0492, 292.9109, 1041.626, 1812.658, 77.36881, 252.2812, 1333.379, 640.3776, 1673.688, 583.2748
208, 48.23988, 49.75888, 160.1016, 252.0386, 0.01241067, 244.1947, 291.7868, 65.24567, 520.3088, 268.116, 278.3931, 1223.839, 1727.939, 72.44775, 238.6207, 1283.079, 600.0216, 1736.589, 621.4638
208.1, 45.29167, 46.79565, 151.8747, 397.136, 0.01171847, 223.7604, 272.877, 61.46353, 486.9278, 253.0766, 264.5949, 1209.656, 1858.536, 67.8397, 407.3695, 1350.883, 562.2088, 1757.401, 589.8116
208.2, 42.52364, 44.00889, 144.0705, 534.0165, 0.01106487, 207.1493, 255.1927, 57.90062, 455.6884, 238.8808, 251.4805, 1140.581, 1771.673, 63.52474, 385.3113, 1274.682, 526.7789, 1745.527, 559.7715
208.3, 39.92477, 41.38808, 136.6674, 509.4265, 0.01044773, 189.815, 238.6545, 54.54425, 572.2874, 225.4812, 239.0161, 1075.451, 1884.669, 59.48424, 625.7789, 1361.993, 493.5818, 1648.185, 582.8488
208.4, 37.48474, 38.92335, 129.6446, 580.2311, 0.009865009, 173.9312, 223.1881, 51.38245, 535.5716, 212.8333, 227.1696, 1014.04, 1890.474, 55.70073, 662.5293, 1285.166, 462.4768, 1584.235, 553.1634
208.5, 35.19383, 36.60539, 122.9827, 553.5129, 0.009314789, 159.3766, 208.724, 48.40392, 612.6011, 200.8949, 215.9101, 956.1352, 1802.119, 52.15788, 687.0768, 1212.673, 433.3319, 1495.888, 670.902
208.6, 33.04293, 34.42548, 116.6632, 634.4081, 0.008795258, 176.6749, 195.1972, 45.59805, 573.299, 189.6261, 205.2088, 901.5372, 1923.642, 48.84037, 656.0959, 1144.269, 406.0238, 1412.468, 636.7319
208.7, 31.02349, 32.37538, 110.6684, 605.1953, 0.008304703, 161.8907, 182.5471, 42.95483, 536.5183, 178.9894, 195.0378, 850.057, 1909.646, 45.73386, 620.5696, 1079.723, 380.4366, 1333.7, 604.3021
208.8, 29.12747, 30.44737, 104.9816, 675.3381, 0.007841509, 163.8287, 170.7168, 40.46484, 502.0974, 194.0374, 185.371, 801.5164, 1820.394, 102.8155, 586.967, 1177.521, 356.4618, 1554.199, 573.524
208.9, 27.34732, 28.63417, 99.58707, 644.2405, 0.007404149, 158.5122, 159.6532, 38.11918, 558.1098, 205.5541, 176.1833, 755.7476, 1784.698, 96.27592, 555.184, 1139.289, 333.998, 1467.527, 544.3135
209, 25.67597, 26.92896, 94.46973, 614.575, 19.84611, 145.2478, 149.3066, 35.9095, 522.3036, 194.0239, 167.4509, 712.5923, 1888.243, 90.15227, 525.1219, 1075.025, 312.9497, 1385.688, 745.4718
209.1, 24.10676, 25.32529, 89.61534, 729.0408, 52.36349, 133.0934, 139.6305, 33.8279, 488.7946, 183.1405, 159.1514, 671.9014, 1866.842, 84.41811, 541.7627, 1120.286, 293.2279, 1454.612, 707.5037
209.2, 22.63346, 23.81713, 85.0104, 695.4704, 49.44292, 121.9561, 130.5815, 31.86698, 501.4857, 229.117, 151.2632, 633.5339, 1779.59, 79.04868, 512.4274, 1057.093, 274.749, 1400.959, 705.4709
209.3, 21.2502, 54.99187, 80.64208, 689.4296, 128.4824, 278.3527, 122.1189, 30.01972, 538.928, 222.7519, 143.766, 597.3574, 1696.417, 74.02077, 484.6805, 1098.977, 257.4346, 1322.832, 859.4915
209.4, 19.95148, 51.717, 76.49824, 657.6831, 121.3163, 255.0601, 114.2048, 28.27954, 546.9234, 210.2571, 136.6404, 563.2467, 1669.787, 69.31267, 458.436, 1126.91, 241.2113, 1521.037, 815.7162
209.5, 18.73213, 48.63717, 72.56733, 627.3985, 114.5499, 233.7166, 106.8035, 26.64024, 511.8349, 198.4632, 129.868, 531.0838, 1814.812, 64.90402, 433.6127, 1124.434, 226.0104, 1436.215, 774.1704
209.6, 17.5873, 45.74073, 68.83841, 598.5084, 108.1609, 214.1591, 99.88194, 25.09596, 478.9975, 187.3308, 123.4312, 576.7953, 1729.993, 60.77579, 410.1334, 1061.007, 211.7674, 1356.123, 734.7407
209.7, 16.51244, 43.01679, 65.3011, 570.9487, 102.1282, 196.2382, 93.40891, 23.6412, 448.2669, 222.1755, 117.3135, 568.8011, 1649.137, 56.91014, 387.9255, 1001.158, 198.4221, 1298.15, 697.3191
209.8, 15.50327, 40.45507, 61.94556, 544.658, 129.0209, 179.8169, 87.35537, 22.27078, 504.5203, 358.907, 111.499, 695.8594, 1749.88, 53.29036, 366.9202, 1144.297, 185.9177, 1330.118, 661.8035
209.9, 14.55577, 38.04589, 58.76245, 519.5779, 181.4109, 164.7698, 81.69415, 20.97979, 472.1522, 338.7748, 105.9726, 752.9506, 1668.095, 49.90081, 372.8176, 1079.749, 397.3064, 1255.942, 754.1791
210, 13.66619, 35.78019, 55.7429, 495.6527, 171.2927, 150.9818, 76.39981, 124.3662, 617.1676, 381.9804, 100.7202, 709.955, 1648.888, 184.8877, 352.6302, 1180.203, 476.9652, 1420.982, 776.6713
210.1, 12.83097, 33.64942, 52.87852, 472.8292, 183.5167, 138.3476, 99.18746, 117.157, 577.5725, 360.554, 95.72812, 695.2889, 1571.824, 173.1279, 333.536, 1221.454, 446.9073, 1341.739, 824.7261
210.2, 12.04679, 31.64553, 50.16132, 451.0566, 173.281, 126.7706, 92.75944, 166.6772, 540.5176, 340.3294, 90.98346, 786.6061, 1498.361, 162.116, 315.4757, 1152.555, 418.7437, 1417.051, 782.7214
210.3, 11.31054, 29.76099, 47.58375, 430.2866, 163.6163, 116.1624, 86.74799, 190.5244, 505.8401, 321.2393, 86.47396, 741.6888, 1428.331, 151.8046, 298.3934, 1087.542, 392.3549, 1416.934, 842.2708
210.4, 10.61929, 27.98867, 45.13863, 453.0125, 154.4906, 106.4419, 81.12613, 179.4801, 473.3873, 303.2201, 82.18797, 699.3363, 1361.575, 210.6583, 282.236, 1061.416, 367.629, 1446.237, 799.3725
210.5, 9.970286, 26.32189, 42.81915, 435.5129, 145.8739, 160.1454, 136.0486, 169.0761, 443.0166, 286.2116, 220.1256, 659.4023, 1382.144, 201.65, 266.9535, 1001.544, 344.4614, 1457.091, 758.6592
210.6, 9.360945, 24.75438, 40.61886, 489.7098, 157.714, 146.7444, 127.2317, 206.9689, 414.5944, 270.1571, 209.2153, 621.7486, 1548.592, 188.824, 252.4985, 1003.637, 425.6057, 1375.834, 720.0194
210.7, 8.788844, 23.28021, 38.53164, 467.1599, 148.9175, 209.4567, 174.4851, 194.9714, 387.9956, 255.0032, 346.2321, 586.2451, 1499.189, 176.8138, 238.8262, 987.1628, 398.7844, 1299.109, 733.9445
210.8, 8.251707, 21.89383, 36.55166, 630.4049, 140.6116, 325.0954, 163.1773, 183.6693, 363.1033, 240.6993, 329.0715, 552.7689, 1571.386, 165.5676, 225.8943, 931.4791, 601.4552, 1226.663, 784.6932
210.9, 7.747398, 20.59002, 56.57228, 693.0468, 132.769, 384.4861, 218.1673, 173.0224, 339.808, 227.1978, 312.7614, 575.4571, 1550.056, 236.3372, 213.6626, 940.6039, 563.5521, 1158.257, 800.4086
211, 67.2711, 19.36384, 80.88094, 752.2791, 125.3638, 545.9598, 276.7843, 162.9927, 318.0072, 300.3888, 297.2597, 542.5969, 1641.29, 221.3049, 202.0932, 1049.76, 528.0375, 1132.969, 759.6425
211.1, 63.15978, 18.21069, 76.72482, 943.8057, 118.3717, 500.2737, 258.8468, 153.5444, 297.605, 283.5391, 282.5264, 573.8276, 1827.547, 366.7787, 191.1502, 1042.424, 494.7611, 1123.753, 720.9526
211.2, 59.29972, 17.12621, 72.78227, 912.3765, 181.4696, 458.4106, 242.0718, 144.6438, 278.5118, 267.6346, 356.4799, 588.6005, 1988.309, 534.9286, 180.7998, 1281.939, 504.534, 1330.762, 897.5894
211.3, 201.9183, 16.10632, 69.0423, 870.364, 171.3481, 479.0934, 226.3839, 142.0338, 260.6436, 252.6222, 426.5226, 554.9898, 2127.625, 500.9044, 171.0099, 1521.236, 523.6597, 1442.562, 851.8737
211.4, 189.5779, 15.14716, 191.7205, 833.3259, 161.7912, 439.0027, 402.7527, 221.9935, 243.9217, 238.4518, 405.3825, 523.2983, 2028.185, 677.726, 161.75, 1501.446, 713.6191, 1409.037, 875.5341
211.5, 182.1821, 14.24512, 181.8688, 834.1995, 152.7673, 520.4345, 411.8194, 1085.071, 228.2726, 225.0764, 528.3313, 566.7058, 2042.74, 634.6191, 152.9916, 1440.573, 668.6475, 1509.404, 830.9417
211.6, 171.0479, 13.3968, 172.5234, 795.7867, 175.8773, 476.8844, 632.1806, 1666.446, 213.6275, 212.4512, 602.668, 534.3453, 2503.891, 627.165, 144.7074, 1775.994, 626.51, 1637.621, 788.6205
211.7, 160.5942, 12.59899, 316.7096, 759.1428, 166.0677, 436.9785, 766.1554, 1743.758, 199.922, 254.818, 572.7974, 667.4222, 3049.392, 587.274, 136.8718, 2056.257, 587.028, 1605.36, 748.4548
211.8, 350.5992, 11.8487, 376.0248, 928.7449, 165.6904, 400.412, 716.5033, 1721.578, 187.0958, 240.5245, 663.9813, 629.3106, 3064.582, 549.9203, 129.4605, 1940.268, 550.034, 1515.835, 798.7687
211.9, 379.7164, 11.14309, 356.7025, 885.9786, 156.449, 366.9054, 670.069, 1735.587, 175.0924, 227.0328, 670.818, 593.3752, 3092.024, 514.9426, 122.4505, 1994.898, 515.3714, 1431.303, 758.0861
212, 419.0551, 10.4795, 338.3731, 912.9907, 147.7231, 336.2026, 626.6439, 1682.293, 163.8592, 214.2979, 637.5696, 632.4235, 3144.575, 490.8476, 115.82, 2017.289, 482.8932, 1469.97, 719.4755
212.1, 393.4442, 64.88105, 368.601, 870.9498, 139.4838, 308.0691, 586.0331, 1584.775, 153.3466, 202.2773, 658.9905, 596.3104, 3013.472, 459.6271, 109.5486, 1903.498, 452.4617, 1434.208, 756.8101
212.2, 369.3986, 61.01727, 349.6602, 830.8448, 131.7041, 292.7587, 548.0542, 1492.909, 143.5085, 190.9309, 626.3283, 669.8942, 2921.635, 528.9168, 103.6168, 1796.126, 423.948, 1354.228, 761.0388
212.3, 477.1736, 67.99088, 337.6276, 792.5866, 124.3583, 347.4755, 512.5366, 1482.343, 134.3015, 180.221, 595.285, 661.5768, 2785.085, 495.275, 98.00614, 1694.811, 397.2312, 1389.441, 722.2779
212.4, 453.5071, 63.9419, 320.2784, 836.8845, 117.4223, 318.3987, 479.3207, 1408.699, 125.6852, 170.1119, 565.7803, 641.2723, 2654.918, 479.0714, 92.69931, 1599.21, 372.1981, 1311.957, 685.4911
212.5, 425.7907, 60.13404, 303.8206, 834.4729, 110.873, 291.7549, 448.2574, 1328.919, 117.6217, 160.5698, 728.281, 692.0693, 2806.852, 448.5999, 87.67983, 1509.003, 348.7425, 1238.794, 650.5779
212.6, 399.7682, 56.55296, 288.2086, 796.0476, 104.6891, 267.3408, 419.2073, 1313.325, 110.0756, 151.563, 766.2023, 652.5502, 2853.896, 420.0667, 82.93215, 1423.883, 326.7651, 1169.711, 824.7965
212.7, 521.833, 53.18513, 290.0756, 759.3917, 98.85008, 244.9696, 392.0398, 1237.195, 103.0136, 143.0614, 728.2263, 932.5294, 2720.512, 393.3482, 78.44154, 1343.565, 306.1727, 1104.481, 782.7883
212.8, 642.1251, 163.8413, 275.1698, 767.4578, 93.33672, 224.4705, 366.633, 1165.477, 96.4046, 135.0366, 746.5082, 959.845, 2669.264, 368.3293, 74.19409, 1267.778, 286.878, 1176.913, 742.9196
212.9, 602.8812, 238.3196, 276.0777, 732.1184, 88.13087, 205.6867, 342.8727, 1173.169, 90.21965, 127.462, 904.8652, 1012.625, 2832.45, 344.9016, 70.17664, 1196.265, 517.4485, 1133.749, 705.0814
213, 657.248, 269.6487, 261.8912, 698.4062, 104.6931, 188.4748, 320.6522, 1105.163, 84.4315, 120.3123, 1104.255, 999.2642, 2894.425, 322.9641, 66.37672, 1128.787, 538.335, 1389.793, 669.1705
213.1, 806.8848, 292.6259, 248.4338, 666.2465, 177.2498, 172.7031, 299.8717, 1041.099, 79.0147, 113.5636, 1097.016, 942.2034, 2859.396, 347.0356, 62.78255, 1164.739, 841.5261, 1377.266, 720.5985
213.2, 858.8187, 280.3081, 235.6679, 635.5676, 167.3637, 158.2513, 280.438, 1042.325, 73.94542, 167.2393, 1108.367, 888.4011, 2965.869, 365.5449, 59.38301, 1238.335, 1372.82, 1300.461, 972.0889
213.3, 806.3314, 365.8536, 223.5579, 606.3013, 196.0657, 182.4488, 277.5637, 1115.792, 69.20136, 157.8584, 1345.465, 936.7464, 2827.253, 342.2943, 56.16754, 1221.524, 1764.883, 1355.103, 922.5789
213.4, 757.0518, 346.2989, 216.9731, 578.3828, 332.7528, 167.1814, 259.5757, 1200.339, 64.76167, 149.0036, 1425.2, 994.7272, 2695.115, 361.8423, 53.12618, 1152.62, 1785.738, 1394.262, 946.9423
213.5, 710.7841, 325.6762, 279.1106, 551.7498, 314.1936, 392.077, 242.7534, 1322.29, 60.6068, 187.5071, 1551.133, 937.9255, 2606.159, 520.3113, 50.2495, 1087.604, 2025.518, 1363.211, 898.713
213.6, 667.3439, 306.2816, 264.7683, 526.3431, 296.6695, 359.2679, 287.4864, 1245.639, 56.7185, 176.9893, 1804.292, 884.3674, 2554.877, 487.2168, 47.52859, 1239.4, 1979.068, 1368.951, 1072.038
213.7, 626.5587, 317.6352, 251.1631, 502.1064, 280.1227, 329.2042, 268.8553, 1173.432, 53.07966, 167.0614, 1854.712, 833.8676, 2435.469, 456.2273, 44.95502, 1169.489, 1991.527, 1454.797, 1113.802
213.8, 588.2661, 298.7195, 238.2569, 478.9857, 264.4989, 301.6563, 251.4316, 1163.554, 49.67427, 157.6904, 1888.986, 885.7476, 2433.756, 427.2089, 42.52079, 1103.52, 1946.453, 1373.669, 1057.074
213.9, 552.3138, 280.9302, 226.0139, 456.9297, 249.7465, 306.7483, 235.1371, 1096.106, 46.48736, 148.8451, 1795.361, 860.9191, 2320.009, 400.0362, 40.21838, 1041.273, 1950.063, 1297.064, 1003.235
214, 518.5587, 291.6844, 214.4, 435.8893, 235.8169, 281.0795, 241.418, 1058.283, 43.50491, 140.4959, 1784.676, 980.2595, 2290.098, 374.5918, 38.04064, 982.5374, 1917.003, 1224.732, 1156.56
214.1, 535.0737, 345.9179, 203.3829, 415.8177, 222.6642, 257.5587, 244.0489, 996.9363, 40.7138, 132.6151, 1756.617, 1041.882, 2309.538, 350.7658, 35.98082, 927.1147, 1796.196, 1287.066, 1171.938
214.2, 574.7055, 672.3803, 192.932, 396.6704, 210.2451, 236.0061, 277.7729, 939.1461, 38.10176, 125.1763, 1669.552, 1049.259, 2265.469, 328.4553, 34.03253, 874.8182, 1708.271, 1285.638, 1368.971
214.3, 662.0486, 802.4833, 183.018, 378.4048, 198.5187, 216.257, 302.4296, 884.7059, 35.6573, 118.1548, 1742.572, 1046.217, 2303.512, 307.5638, 32.18974, 825.4717, 1735.98, 1256.38, 1299.247
214.4, 752.8622, 754.694, 173.6135, 360.9802, 187.4464, 293.0898, 282.8301, 833.4214, 33.36966, 111.5272, 1656.203, 986.475, 2195.852, 288.0012, 30.44673, 778.9087, 1626.581, 1186.316, 1430.851
214.5, 933.1431, 972.8095, 280.7176, 344.358, 176.9916, 268.564, 265.2489, 785.1099, 31.22879, 105.2713, 1574.115, 930.1446, 2241.349, 269.6828, 28.7981, 734.9722, 1524.075, 1120.16, 1357.976
214.6, 886.6141, 914.877, 269.8586, 481.8528, 167.1199, 246.0904, 281.8526, 739.5988, 126.1715, 169.082, 1542.39, 877.0308, 2195.418, 370.2748, 27.23874, 693.5141, 1428.029, 1205.428, 1339.312
214.7, 832.428, 860.3944, 255.9917, 459.6648, 157.7988, 234.3046, 263.5866, 696.7259, 118.0768, 159.5977, 1541.592, 826.9499, 2264.108, 346.7234, 25.76382, 654.3945, 1338.036, 1225.144, 1271.099
214.8, 781.5535, 963.9929, 279.2103, 438.4984, 148.9976, 284.3023, 258.7486, 752.4052, 258.7344, 166.3167, 1582.808, 823.2364, 2259.07, 324.67, 24.36876, 617.4816, 1253.714, 1207.127, 1286.095
214.9, 733.7883, 906.5854, 351.5573, 418.3067, 140.6872, 302.4316, 241.9799, 768.0444, 242.135, 178.7595, 1504.358, 776.2274, 2207.843, 304.0193, 23.04924, 582.6509, 1396.824, 1212.101, 1251.02
215, 688.9423, 852.5966, 333.4923, 399.0448, 132.8404, 277.124, 339.9285, 723.5225, 226.6005, 202.6015, 1510.623, 731.9026, 2132.847, 284.6821, 21.80117, 549.7849, 1308.797, 1144.507, 1187.304
215.1, 647.2316, 801.823, 316.3556, 380.6698, 125.4312, 374.4942, 509.608, 762.1465, 212.0627, 191.237, 1509.605, 711.2191, 2033.164, 266.5748, 20.62068, 518.7727, 1226.318, 1080.682, 1320.743
215.2, 673.4892, 754.073, 300.0994, 363.141, 118.4353, 343.1564, 480.4922, 717.9666, 198.4576, 180.5099, 1434.783, 670.6065, 2094.384, 249.6193, 19.50412, 489.5099, 1149.037, 1020.416, 1253.476
215.3, 632.3284, 709.1666, 284.6786, 346.4193, 111.8296, 314.441, 449.3531, 676.3477, 185.7253, 170.3846, 1399.947, 823.488, 2181.923, 233.7422, 18.44801, 461.8978, 1076.626, 963.5117, 1189.634
215.4, 703.2449, 666.9345, 270.0502, 330.4676, 105.5923, 288.1284, 420.2319, 654.4258, 173.8099, 160.8272, 1404.524, 776.4645, 2079.946, 256.2499, 17.44909, 435.8431, 1008.778, 909.7803, 1129.044
215.5, 909.5387, 791.058, 256.1735, 315.2504, 129.5993, 264.0178, 392.998, 632.8847, 162.6589, 151.806, 1382.597, 732.1263, 2061.675, 239.951, 16.50425, 411.2582, 945.2055, 995.0972, 1071.54
215.6, 861.429, 743.9492, 243.0099, 300.734, 122.3709, 241.9247, 367.5291, 596.1978, 152.2233, 143.2907, 1396.453, 690.3199, 1965.318, 224.6889, 15.61058, 388.0601, 885.6396, 939.6044, 1016.965
215.7, 1113.658, 725.4066, 230.5227, 286.886, 115.5456, 221.6803, 343.7107, 686.4091, 142.4573, 135.2531, 1595.698, 966.9158, 2066.562, 271.1924, 14.7653, 366.1705, 829.8275, 944.8904, 965.1691
215.8, 1135.38, 739.577, 218.6771, 273.6756, 178.2015, 203.1301, 321.4359, 646.6194, 133.3177, 127.6664, 2316.362, 911.7022, 2053.037, 253.9431, 13.96579, 345.5156, 777.5325, 1015.252, 916.0115
215.9, 1065.99, 695.5338, 207.4403, 261.0735, 168.2623, 186.1321, 300.6046, 609.1364, 124.7646, 120.5052, 2791.51, 914.8552, 2052.132, 237.791, 13.20957, 326.0259, 728.5332, 958.6348, 959.9036
216, 1000.842, 654.1135, 196.7808, 249.0518, 218.6596, 170.5565, 281.1234, 573.826, 116.7602, 113.7457, 2815.835, 862.6144, 1956.22, 222.6663, 12.4943, 307.6355, 951.6014, 905.1754, 911.0141
216.1, 939.6745, 615.1599, 186.6691, 237.5836, 206.4639, 201.8823, 262.9047, 605.4555, 109.2693, 107.3654, 2782.1, 813.3568, 1991.707, 208.5036, 11.81776, 290.2825, 1079.236, 854.6971, 993.2979
216.2, 882.2456, 578.5261, 177.077, 226.6435, 250.6393, 184.9887, 245.8667, 570.3586, 102.259, 101.3429, 2685.155, 766.9119, 1898.62, 195.2417, 11.17785, 273.9083, 1203.614, 807.0339, 1023.42
216.3, 828.3265, 544.0738, 167.9778, 216.2072, 290.399, 169.5088, 229.9328, 537.2961, 95.69845, 95.65829, 2681.342, 723.1191, 1920.944, 182.8233, 10.57259, 258.4577, 1444.892, 892.9152, 1072.782
216.4, 777.7028, 511.6732, 159.3461, 206.2514, 274.202, 155.3242, 215.0316, 506.1503, 89.5588, 90.29253, 2586.048, 681.827, 1831.164, 171.1948, 10.00011, 243.8787, 1555.375, 843.1207, 1018.143
216.5, 730.1729, 481.8616, 151.158, 229.034, 258.9084, 142.3267, 201.0961, 625.4287, 83.81305, 85.22775, 2536.981, 642.8928, 1745.58, 160.3059, 9.458624, 230.1221, 1457.357, 796.1031, 966.2874
216.6, 685.5478, 453.1659, 143.3907, 218.4876, 244.4678, 143.2621, 188.0637, 589.174, 78.43593, 80.44707, 2497.454, 606.1819, 1663.997, 150.1096, 8.946459, 217.1414, 1473.336, 844.1593, 917.0728
216.7, 643.65, 437.7266, 136.0224, 208.4268, 334.5259, 132.8622, 175.8759, 555.0209, 73.40378, 75.93456, 2384.974, 571.5673, 1729.303, 140.5619, 8.462027, 204.8929, 1472.557, 808.6633, 870.3648
216.8, 604.3129, 411.6592, 129.0329, 198.8293, 315.8677, 121.7442, 164.478, 522.8475, 68.69447, 71.67516, 2462.002, 538.9292, 1648.48, 151.9674, 8.003825, 193.3354, 1587.661, 781.8992, 927.7311
216.9, 567.3798, 465.1942, 122.4024, 189.6738, 298.2502, 111.5566, 153.8187, 541.8505, 64.2873, 67.65469, 2412.593, 508.1549, 1810.656, 279.8757, 7.570435, 439.9238, 1487.609, 844.3978, 1059.872
217, 532.704, 437.4911, 116.1127, 269.6903, 281.6154, 102.2215, 143.8502, 510.4406, 60.16287, 63.85974, 2335.964, 555.171, 1863.121, 319.0851, 7.160511, 415.1087, 1393.861, 797.309, 1118.947
217.1, 500.1474, 411.4377, 110.1462, 284.4449, 265.9083, 137.4334, 134.5277, 480.8515, 56.30305, 60.27766, 2342.656, 523.4692, 1776.044, 418.3552, 6.772784, 584.2005, 1306.021, 782.8958, 1061.958
217.2, 469.5805, 386.9359, 104.4862, 363.1882, 251.0773, 125.9329, 125.8094, 474.9004, 52.69086, 56.8965, 2226.545, 618.0899, 1804.321, 453.0229, 6.406051, 766.303, 1223.717, 739.2366, 1074.462
217.3, 440.8817, 363.8931, 99.11714, 346.4643, 317.5898, 115.3948, 117.6561, 447.3714, 49.31042, 53.70501, 2141.213, 582.7953, 2000.977, 548.3588, 6.059176, 723.0776, 1146.599, 698.0122, 1019.738
217.4, 413.9369, 342.2227, 94.02394, 330.5106, 300.319, 309.1355, 110.0312, 421.4383, 46.14685, 50.69254, 2251.481, 549.5161, 2021.38, 588.6207, 5.731084, 682.2905, 1074.342, 888.6223, 1157.453
217.5, 388.6389, 321.8427, 89.19246, 315.2914, 321.9214, 283.2669, 102.9004, 397.0085, 43.18624, 47.84904, 2224.751, 518.1372, 1975.035, 603.15, 5.420758, 643.804, 1006.638, 839.0672, 1098.502
217.6, 364.8869, 303.9227, 84.60925, 351.8699, 303.9662, 259.563, 96.23174, 373.9948, 40.41558, 45.16505, 2195.204, 488.5501, 1882.728, 610.3868, 5.127235, 607.4885, 943.2006, 921.822, 1042.554
217.7, 342.5866, 285.8235, 80.26154, 335.6672, 287.0125, 237.8427, 89.99527, 352.3151, 37.82267, 42.6316, 2136.898, 579.5799, 1851.466, 571.563, 4.849606, 573.2214, 883.761, 870.4154, 989.4548
217.8, 321.6491, 299.8551, 76.13725, 320.2106, 271.0044, 217.94, 84.16296, 331.8922, 35.39611, 40.24027, 2030.985, 616.1671, 1764.933, 695.6558, 4.587009, 540.8873, 828.0672, 821.8756, 939.0603
217.9, 301.9913, 313.5373, 72.22489, 305.4657, 255.8892, 199.7027, 78.70863, 312.6531, 33.12523, 37.98307, 1930.321, 612.8621, 1682.445, 651.4085, 4.338632, 510.3771, 775.8832, 776.0427, 1152.032
218, 283.5349, 437.4841, 68.51357, 291.3998, 241.617, 182.9915, 73.60778, 294.5293, 31.00004, 74.74787, 2070.123, 577.866, 1883.242, 609.9755, 4.103704, 481.5879, 726.9878, 856.2071, 1145.004
218.1, 266.2065, 411.4311, 64.99296, 277.9816, 228.1408, 167.6787, 68.83749, 277.4561, 29.0112, 70.55504, 2016.819, 544.8683, 1795.225, 571.1779, 3.881497, 454.4226, 681.1737, 808.4597, 1086.688
218.2, 249.937, 386.9297, 61.65325, 265.1813, 215.4163, 227.4189, 64.37636, 261.3726, 27.14995, 171.578, 1934.512, 657.6816, 1804.974, 670.721, 3.671322, 428.7896, 638.2468, 818.3624, 1031.341
218.3, 347.3324, 363.8873, 58.48516, 252.9704, 203.4014, 208.3884, 60.20433, 246.2214, 25.40812, 161.9537, 1920.492, 630.1799, 1720.615, 628.0597, 3.472527, 404.6026, 598.0251, 772.7254, 1047.581
218.4, 326.1049, 343.8354, 55.47986, 241.3217, 192.0567, 196.2135, 56.30268, 231.9485, 23.77803, 152.8692, 1825.305, 594.1949, 1640.198, 588.1118, 3.284497, 381.7798, 560.3381, 729.6334, 994.2258
218.5, 349.6183, 339.3775, 52.62899, 334.9943, 181.3448, 179.7943, 52.65388, 218.503, 22.25252, 144.2943, 1811.347, 580.959, 1752.509, 550.7048, 3.106648, 360.2445, 525.0262, 688.9445, 1134.063
218.6, 338.5547, 319.167, 49.92462, 319.5687, 171.2303, 164.749, 49.24155, 205.8368, 20.82488, 200.7227, 1744.463, 547.7846, 1670.602, 515.6771, 2.938429, 339.9239, 491.9395, 650.5247, 1076.303
218.7, 317.8637, 337.178, 47.35921, 343.342, 161.68, 150.9628, 46.05037, 193.9049, 19.48884, 189.4636, 1696.765, 538.2441, 1592.522, 482.8774, 2.779319, 320.7496, 460.938, 739.7325, 1191.657
218.8, 298.4373, 317.0984, 44.92563, 327.532, 152.6623, 138.3301, 43.06599, 182.6647, 18.23851, 178.836, 1677.941, 507.5089, 1518.092, 452.1639, 2.628825, 302.6568, 431.8901, 698.4805, 1130.964
218.9, 280.198, 298.2146, 42.6171, 312.45, 144.1476, 141.7675, 40.27502, 172.076, 17.0684, 168.8046, 1594.776, 514.398, 1447.14, 423.4039, 2.486479, 285.5846, 650.1896, 659.5289, 1073.362
219, 263.0735, 280.4554, 40.42719, 302.4763, 136.1077, 210.0704, 37.66492, 162.1012, 15.97335, 159.3358, 1515.732, 485.0245, 1470.374, 529.268, 2.351841, 269.4754, 609.2153, 675.2097, 1018.694
219.1, 246.9956, 419.8993, 38.34981, 288.5481, 128.5163, 192.4917, 35.22398, 152.7045, 14.94857, 150.3982, 1553.52, 544.8475, 1401.653, 495.6038, 2.224494, 254.2749, 570.8231, 658.8645, 966.8105
219.2, 231.9003, 394.8936, 36.37918, 400.8521, 121.3483, 176.3839, 32.94122, 143.8526, 13.98952, 177.1541, 1476.521, 513.7352, 1336.144, 464.0808, 2.104042, 239.9319, 534.8504, 682.8092, 1036.795
219.3, 217.7275, 371.377, 34.50982, 382.3939, 114.5801, 161.6241, 30.80641, 188.4939, 13.09201, 401.6144, 1512.428, 484.3995, 1273.696, 434.5629, 1.990112, 226.3978, 501.1447, 699.0002, 983.9895
219.4, 204.4209, 349.2608, 32.73651, 364.7856, 108.1894, 148.0993, 28.80994, 177.5673, 12.25208, 379.0867, 1490.575, 456.739, 1282.329, 406.9225, 1.882352, 213.6272, 593.2321, 660.0196, 1054.771
219.5, 191.9276, 328.4617, 31.05432, 347.9882, 102.1552, 135.7063, 26.94286, 317.0645, 11.46603, 357.8226, 1416.696, 487.072, 1324.589, 381.0401, 159.8222, 201.577, 555.8472, 623.2128, 1001.05
219.6, 198.4285, 308.9012, 29.45857, 331.9642, 96.45748, 124.3503, 25.19678, 298.685, 10.73041, 337.7513, 1346.479, 459.2588, 1262.682, 356.804, 161.7878, 190.2065, 520.8183, 631.225, 950.0645
219.7, 186.3014, 290.5056, 27.94483, 316.6782, 91.07758, 113.9447, 23.56386, 336.0843, 10.04199, 318.8058, 1412.353, 433.0339, 1250.036, 338.5195, 153.0274, 179.4774, 487.9968, 596.024, 901.6761
219.8, 174.9154, 273.2055, 26.50886, 302.0959, 85.99773, 134.7821, 22.03676, 333.2469, 9.397735, 300.923, 1456.186, 504.4035, 1312.757, 380.7166, 144.7412, 169.3535, 457.2437, 562.7859, 855.7523
219.9, 263.5437, 256.9356, 25.14669, 288.1852, 81.20122, 123.5035, 20.60863, 313.9293, 8.794812, 284.0434, 1384.011, 475.6007, 1251.402, 356.5011, 136.9038, 159.8006, 575.1371, 531.4015, 1078.041
220, 247.437, 241.6346, 23.85451, 299.9997, 76.67223, 152.5676, 194.1244, 295.7315, 8.230571, 268.1105, 1315.414, 448.4426, 1270.65, 418.334, 129.4907, 358.8515, 538.8926, 653.9346, 1023.134
220.1, 320.8089, 273.4637, 22.62873, 286.1855, 72.39584, 139.8007, 223.5301, 278.5886, 7.702529, 253.0714, 1340.468, 422.8353, 1348.995, 431.5321, 122.4791, 338.6095, 504.9321, 710.6698, 1059.253
220.2, 356.7613, 257.1784, 21.46594, 433.9207, 68.35796, 128.1022, 209.0439, 262.4394, 7.208364, 238.8759, 1274.029, 398.6902, 1368.443, 449.4227, 331.465, 502.5398, 473.1118, 730.7781, 1111.674
220.3, 358.8702, 241.863, 20.3629, 413.9398, 64.5453, 117.3825, 195.4964, 365.6123, 6.745903, 225.4766, 1310.551, 513.0161, 1304.485, 420.8371, 313.5168, 860.8771, 443.2967, 915.7846, 1055.055
220.4, 439.9145, 227.4596, 19.31654, 394.8789, 60.94529, 107.5599, 197.8749, 393.8822, 6.313112, 212.829, 1245.595, 655.09, 1243.517, 394.0696, 296.5405, 812.317, 415.3606, 878.2303, 1001.319
220.5, 452.2043, 213.914, 18.32395, 376.6958, 57.54607, 138.8353, 189.3827, 527.2926, 5.908087, 200.8907, 1240.601, 617.6826, 1379.944, 485.17, 423.9315, 766.496, 389.185, 865.9871, 1057.502
220.6, 441.2906, 201.175, 17.38236, 359.3499, 54.33644, 127.2175, 177.1094, 496.7266, 5.529047, 189.6222, 1295.479, 582.4113, 1315.449, 504.5787, 400.9765, 723.2597, 680.8273, 873.582, 1003.642
220.7, 425.1272, 206.6771, 16.48915, 342.8028, 51.30583, 116.5719, 165.6315, 546.9608, 5.174324, 178.9857, 1231.27, 549.154, 1253.968, 652.4025, 379.2645, 682.4623, 637.9222, 824.8656, 1051.866
220.8, 399.1452, 194.3691, 15.64185, 327.0176, 48.44425, 106.8171, 154.8975, 515.2546, 4.842359, 168.9459, 1170.244, 517.7958, 1195.361, 610.9063, 358.7281, 643.9661, 597.721, 778.866, 1193.579
220.9, 374.7512, 182.7941, 14.83808, 311.9593, 88.87792, 97.8786, 144.8591, 485.3865, 4.531692, 159.4692, 1215.244, 488.2282, 1139.493, 572.0495, 464.4442, 607.6414, 560.0532, 735.4316, 1132.788
221, 351.848, 171.9083, 14.07562, 297.5944, 83.92076, 89.68809, 195.6301, 457.2497, 4.240956, 150.5241, 1164.98, 460.349, 1313.968, 535.6642, 506.1071, 573.3657, 524.7592, 694.4193, 1188.853
221.1, 330.3445, 161.6709, 13.35233, 283.891, 81.07055, 82.18296, 182.9519, 430.744, 3.968872, 142.0807, 1138.738, 434.0618, 1252.557, 501.5932, 699.3885, 541.0234, 491.6894, 753.4081, 1280.476
221.2, 348.8514, 152.0431, 12.66621, 350.8281, 76.54884, 75.30586, 171.0954, 405.7747, 3.714245, 134.111, 1197.923, 409.2757, 1194.016, 469.6892, 661.5181, 510.5055, 460.7036, 711.3934, 1215.259
221.3, 327.5311, 142.9887, 12.01535, 334.6734, 72.27934, 69.00424, 160.0072, 382.2528, 3.475953, 126.5883, 1219.647, 385.9049, 1138.211, 568.5527, 625.6982, 481.709, 431.6705, 671.7217, 1153.364
221.4, 313.9167, 134.4734, 11.39794, 332.4493, 68.24796, 63.22994, 149.6377, 360.0945, 3.252949, 119.4876, 1159.197, 363.8687, 1143.239, 574.158, 591.8179, 454.5369, 404.467, 634.2623, 1094.622
221.5, 294.7315, 126.4653, 10.81225, 317.1409, 64.44144, 57.93884, 139.9401, 339.2206, 3.044252, 112.7852, 1101.742, 343.0908, 1133.329, 537.6386, 559.7722, 428.8975, 378.9779, 598.8918, 1038.871
221.6, 276.7188, 118.9341, 10.25665, 302.5374, 60.84722, 53.0905, 130.8711, 319.5567, 2.848945, 106.4587, 1118.231, 323.4994, 1090.124, 597.3634, 529.4617, 404.7044, 355.0951, 565.4939, 985.9594
221.7, 259.8069, 111.8513, 9.729608, 288.6064, 57.45347, 48.64787, 122.3897, 301.0327, 2.666167, 100.4872, 1076.148, 305.0267, 1105.754, 559.368, 500.7924, 381.8759, 332.7173, 533.9584, 935.7429
221.8, 302.3796, 105.1904, 9.229646, 350.7075, 54.24901, 44.577, 114.458, 283.5826, 2.495116, 94.85053, 1055.584, 287.6089, 1326.226, 601.0171, 473.6755, 360.3351, 311.7498, 504.1816, 888.0839
221.9, 283.8994, 98.92612, 8.755375, 334.5583, 51.22327, 40.84678, 107.0404, 267.1439, 2.335039, 89.53008, 1095.827, 271.1856, 1284.416, 562.7893, 448.0269, 340.0095, 292.1036, 476.0653, 842.8524
222, 266.5487, 93.03489, 8.305474, 319.1528, 48.3663, 37.42871, 100.1034, 251.6582, 2.185232, 84.50807, 1041.514, 255.7002, 1224.385, 690.344, 423.7672, 320.8303, 273.6956, 449.5169, 799.9245
222.1, 250.2584, 87.4945, 7.878692, 304.4566, 45.66867, 250.5352, 284.7043, 237.0701, 2.045036, 79.76776, 1208.286, 241.099, 1360.021, 716.2247, 400.8211, 302.733, 256.4475, 538.9523, 759.183
222.2, 270.9089, 82.28405, 72.84669, 488.2748, 43.12151, 581.9854, 266.2535, 235.0181, 1.913834, 75.29335, 1148.399, 227.3316, 1296.458, 744.6225, 388.8778, 285.6565, 240.2865, 508.8969, 720.5166
222.3, 254.3521, 77.38389, 85.42207, 465.791, 40.71641, 533.2846, 248.9985, 453.48, 1.79105, 71.06992, 1091.48, 214.3503, 1235.865, 697.2606, 367.8209, 269.5432, 225.1438, 480.5177, 982.1473
222.4, 238.8072, 72.77554, 194.3984, 461.7484, 38.44545, 488.6592, 352.5684, 1020.889, 1.676143, 67.0834, 1182.122, 202.1103, 1234.261, 652.9113, 347.9041, 254.3389, 210.9555, 479.0411, 932.1249
222.5, 224.2123, 68.44163, 294.4754, 440.4861, 50.21534, 447.768, 545.4043, 1249.337, 1.568608, 63.32049, 1123.531, 190.5693, 1176.575, 611.3827, 329.0658, 239.9922, 197.6613, 452.3268, 912.0717
222.6, 210.5094, 64.36581, 548.1542, 420.2029, 47.41459, 410.2986, 510.0584, 1258.939, 1.467972, 59.76865, 1150.303, 179.6872, 1121.585, 642.0286, 311.2476, 226.4548, 185.2049, 427.1022, 1022.249
222.7, 197.644, 60.53271, 519.987, 400.8536, 44.77004, 375.9647, 477.0031, 1364.699, 1.373793, 56.41605, 1276.918, 169.4266, 1069.166, 740.7731, 294.3942, 213.681, 173.5334, 509.3724, 970.184
222.8, 185.5648, 56.92788, 702.9624, 382.3954, 46.28307, 344.5039, 555.5354, 1580.341, 1.285655, 53.25151, 1381.758, 159.7519, 1069.337, 693.6561, 278.4533, 201.6277, 162.5975, 480.9666, 978.5079
222.9, 174.2239, 53.53772, 666.8402, 417.8227, 44.27565, 315.6757, 519.5329, 1756.152, 1.203173, 50.26447, 1313.273, 150.6296, 1095.969, 649.536, 263.3756, 190.2544, 152.3508, 475.0225, 928.6709
223, 163.5761, 50.34945, 632.5742, 398.5831, 226.0202, 289.2599, 619.6403, 1654.351, 1.125982, 47.44499, 1367.984, 142.0282, 1044.746, 608.2222, 249.1144, 179.5226, 142.7498, 448.5323, 968.2286
223.1, 210.0943, 71.25435, 603.5168, 380.2294, 316.486, 265.0545, 650.9048, 1688.429, 1.053743, 44.78366, 1389.061, 133.918, 995.9177, 569.5361, 235.6254, 169.3961, 394.166, 423.5193, 918.9152
223.2, 197.2542, 67.01102, 572.5047, 362.7208, 439.144, 242.8746, 608.7218, 1691.748, 0.986139, 42.27161, 1393.639, 126.271, 949.3712, 533.3106, 222.8667, 159.8408, 369.3261, 399.9013, 1044.604
223.3, 185.1989, 99.16726, 546.788, 346.0185, 414.6508, 222.5508, 569.2725, 1673.123, 0.9228721, 39.90047, 1461.116, 119.0605, 966.1251, 499.3893, 210.799, 150.8246, 346.0515, 430.2833, 991.4003
223.4, 173.8803, 93.26167, 518.691, 330.0852, 391.5237, 203.9277, 631.3372, 1779.578, 0.8636642, 37.66233, 1388.697, 112.2619, 1048.148, 491.572, 199.3846, 142.3169, 324.2437, 406.288, 1003.584
223.5, 163.2535, 133.4362, 518.6271, 314.8857, 397.9974, 186.8629, 685.4454, 1676.419, 0.8082548, 35.54974, 1319.868, 105.8514, 999.1605, 460.3054, 188.5883, 134.2891, 303.8102, 383.6309, 952.4697
223.6, 153.2761, 125.4898, 491.9771, 300.386, 486.701, 171.2262, 703.6379, 1579.241, 0.7564002, 33.55565, 1391.329, 99.80699, 1024.266, 502.4602, 178.3767, 126.7142, 284.6643, 362.2372, 1097.462
223.7, 202.3437, 118.0167, 527.1948, 317.4757, 459.5553, 156.8979, 658.0374, 1843.107, 0.7078725, 31.67342, 1335.827, 94.10774, 976.3945, 495.4445, 168.7179, 119.5665, 266.7251, 342.0367, 1070.312
223.8, 237.0157, 225.6952, 500.1045, 302.8568, 563.5388, 143.7687, 695.807, 1736.266, 0.6624581, 29.89676, 1269.618, 88.73393, 969.9171, 463.9317, 218.9007, 112.822, 249.9163, 322.9626, 1015.799
223.9, 222.5303, 231.9819, 474.4063, 288.911, 532.1075, 131.7381, 650.714, 1825.516, 0.6199573, 28.21976, 1251.754, 83.66698, 924.5858, 434.4232, 208.4077, 106.458, 234.1668, 304.9521, 1011.284
224, 208.9302, 218.167, 450.0287, 275.6075, 502.4292, 120.7142, 608.5433, 1905.593, 0.5801832, 26.63683, 1260.409, 78.88937, 881.3731, 406.7917, 197.1229, 100.4529, 219.4099, 287.9461, 1171.394
224.1, 196.1613, 276.7582, 426.9037, 262.9164, 479.4731, 110.6128, 748.2054, 1998.323, 0.5429609, 25.14269, 1197.938, 74.38457, 840.1801, 380.9176, 186.4491, 94.78662, 205.5829, 271.8884, 1223.592
224.2, 184.1727, 260.2768, 404.9669, 250.8098, 452.7305, 101.3567, 699.7166, 1932.174, 0.5081266, 23.73236, 1241.157, 70.13701, 800.9124, 356.6893, 344.8433, 89.43992, 192.6272, 256.7262, 1239.171
224.3, 172.9169, 244.7769, 384.1575, 239.2607, 427.4795, 92.87509, 702.2505, 2004.541, 0.4755272, 22.40115, 1265.064, 66.132, 846.8528, 334.002, 326.1707, 84.39481, 180.4881, 242.4096, 1326.642
224.4, 162.3489, 339.1049, 364.4173, 228.2434, 403.6368, 85.10327, 737.3032, 1888.342, 0.4450192, 21.1446, 1335.784, 62.35568, 807.2731, 312.7578, 308.5093, 79.63429, 169.1139, 304.3637, 1259.074
224.5, 152.4269, 318.9106, 345.6915, 217.7334, 381.124, 77.9818, 850.9726, 1778.879, 0.4164684, 19.95853, 1300.246, 58.795, 769.5433, 292.8647, 291.8041, 75.1423, 453.3705, 287.3905, 1194.948
224.6, 143.1112, 362.1693, 327.9279, 207.7073, 359.8669, 71.45626, 822.3925, 1685.283, 0.3897494, 18.839, 1235.801, 55.43764, 733.577, 274.237, 276.0035, 70.90369, 526.8424, 271.3638, 1134.087
224.7, 134.3648, 340.6015, 311.0771, 198.1429, 339.7953, 65.47678, 769.0958, 1687.523, 0.3647446, 17.78226, 1174.55, 52.272, 699.2916, 256.7941, 261.0585, 66.90417, 493.6413, 324.0043, 1076.326
224.8, 126.153, 401.2709, 295.0922, 189.019, 320.8433, 59.99766, 719.2532, 1589.701, 0.341344, 16.78481, 1116.334, 49.28712, 730.2216, 240.4607, 246.9227, 63.13026, 462.5325, 357.1681, 1021.507
224.9, 124.6477, 377.3745, 279.9287, 180.3151, 302.9482, 54.97704, 735.4108, 1510.697, 0.3194447, 15.8433, 1145.97, 46.47269, 713.856, 225.1662, 233.5524, 59.56923, 433.3842, 424.6095, 969.48
225, 118.237, 354.9012, 265.5444, 172.0121, 286.0513, 50.37654, 687.7512, 1545.089, 0.2989503, 14.9546, 1155.193, 43.81898, 680.4923, 210.8444, 220.906, 56.20906, 406.0727, 469.3383, 920.1028
225.1, 111.0109, 333.7662, 251.8992, 164.0914, 270.0968, 46.16101, 643.1802, 1463.219, 0.2797708, 14.11575, 1182.663, 41.3168, 790.3838, 197.4336, 208.9444, 53.03843, 380.4824, 609.1071, 1003.519
225.2, 104.2264, 318.326, 238.9552, 156.5354, 255.0322, 42.29824, 601.4977, 1393.001, 0.2618218, 13.32396, 1150.31, 38.95749, 832.8242, 357.6454, 286.816, 50.04665, 356.5048, 847.5952, 952.4085
225.3, 97.85648, 299.3692, 226.6763, 149.3273, 240.8078, 38.75871, 576.2594, 1377.309, 0.2450243, 12.57658, 1217.073, 36.73291, 793.9002, 391.6558, 290.7028, 47.22363, 334.0382, 962.6719, 958.2726
225.4, 91.87592, 376.8249, 215.0284, 142.4512, 227.3768, 35.51537, 538.9139, 1310.691, 0.2293045, 11.87112, 1156.75, 34.63536, 927.7838, 491.9999, 274.9618, 44.55985, 455.1761, 1130.557, 909.4662
225.5, 86.26085, 354.3843, 203.979, 135.8917, 214.6949, 32.54343, 503.9886, 1276.031, 0.2145932, 11.20523, 1099.417, 32.65759, 884.4217, 467.4796, 260.0732, 42.04633, 426.4913, 1153.72, 992.5814
225.6, 80.98895, 358.0998, 193.4975, 129.6342, 202.7203, 29.82018, 471.3267, 1445.48, 0.2008257, 10.5767, 1044.925, 30.79275, 843.0862, 437.7455, 245.9908, 39.67459, 399.6143, 1155.744, 1077.674
225.7, 76.03925, 336.7743, 183.5545, 123.6649, 191.4136, 27.32482, 440.7815, 1613.82, 0.1879415, 9.983418, 993.1348, 29.0344, 803.6826, 409.9026, 232.6709, 37.43664, 676.2102, 1091.293, 1022.787
225.8, 71.39206, 410.581, 174.1224, 117.9705, 180.7375, 25.03827, 412.2159, 1520.271, 0.1758839, 9.423419, 1048.694, 27.37646, 766.1207, 383.8307, 234.0853, 35.32492, 633.5961, 1072.822, 970.6945
225.9, 67.02888, 422.2256, 165.175, 112.5382, 170.6569, 22.94306, 397.0629, 1432.144, 0.1645998, 8.894832, 1071.791, 25.81319, 730.3143, 359.417, 221.4101, 33.33232, 788.3184, 1012.995, 921.2554
226, 62.93236, 416.5286, 156.6874, 107.3561, 161.1385, 21.02317, 371.3305, 1414.96, 0.1540397, 8.395894, 1018.668, 24.33918, 696.1813, 336.5562, 209.4212, 31.45212, 782.7025, 956.504, 874.3344
226.1, 59.0862, 391.7235, 148.6359, 102.4127, 152.151, 53.36906, 361.6493, 1369.896, 0.1441571, 7.924943, 968.1793, 22.94935, 663.6437, 315.1495, 198.0815, 29.67798, 851.6783, 903.1633, 912.8273
226.2, 55.47511, 525.3636, 140.9981, 97.69684, 227.4158, 197.0373, 338.2119, 1325.231, 0.1349086, 7.48041, 920.1925, 21.63888, 632.6268, 295.1044, 187.3557, 28.00391, 1032.086, 852.7973, 866.3356
226.3, 52.0847, 578.4955, 133.7529, 93.19815, 214.7317, 180.5491, 316.2935, 1248.411, 0.1262534, 7.060811, 904.931, 20.40324, 603.0595, 276.3342, 230.1173, 26.42427, 1047.26, 871.6138, 822.2117
226.4, 48.9015, 544.0451, 126.8799, 88.90662, 248.3573, 165.4407, 295.7955, 1176.043, 0.1181534, 6.664749, 914.5962, 19.23816, 574.8741, 258.7579, 217.657, 24.93374, 981.2631, 823.0071, 780.3351
226.5, 45.91285, 511.6462, 120.3601, 84.8127, 234.5052, 175.7713, 289.6659, 1107.87, 0.1105732, 6.290904, 906.6262, 18.13961, 548.006, 242.2996, 205.8713, 23.52728, 1234.562, 777.1111, 740.5914
226.6, 43.10685, 481.1768, 114.1753, 80.9073, 221.4257, 267.3539, 270.8936, 1071.532, 0.1034792, 5.938028, 861.6902, 17.10379, 522.3937, 226.888, 194.7238, 22.20016, 1156.761, 750.1141, 817.4745
226.7, 40.47235, 452.5219, 108.3083, 77.18172, 209.0757, 244.9817, 253.3378, 1058.596, 134.6199, 5.604946, 818.9815, 16.12711, 497.9785, 212.4568, 184.1799, 20.9479, 1345.111, 735.2613, 775.8392
226.8, 37.99885, 514.3854, 102.7428, 98.66055, 197.4145, 224.4815, 269.5951, 1011.641, 125.9832, 5.290548, 778.3895, 15.20621, 474.7043, 198.9434, 174.2069, 19.76628, 1260.343, 714.9506, 736.3245
226.9, 35.67652, 506.2225, 97.46333, 94.11749, 186.4037, 205.6968, 335.462, 969.695, 172.0226, 4.993785, 797.9077, 14.33789, 452.5179, 186.2896, 178.8387, 18.65131, 1180.918, 842.2317, 803.819
227, 33.49612, 489.1747, 92.45511, 89.78363, 176.0071, 188.4841, 316.9758, 1106.985, 160.9863, 4.713669, 895.1547, 13.51916, 551.2172, 174.4406, 169.155, 17.59923, 1106.497, 856.0804, 964.9506
227.1, 31.44898, 460.0435, 87.70425, 85.64933, 196.7336, 302.2076, 296.4336, 1044.094, 202.2718, 4.449265, 850.7874, 12.74718, 525.4548, 163.3453, 159.9956, 16.60649, 1036.767, 808.3401, 915.8041
227.2, 29.52696, 432.6471, 83.19751, 81.7054, 210.1808, 276.9188, 357.0372, 1049.823, 189.2948, 4.199693, 903.9019, 115.2989, 500.8965, 152.9557, 151.3322, 15.66976, 971.4309, 763.262, 869.1608
227.3, 27.72239, 406.8822, 78.92236, 109.2381, 198.458, 305.5249, 454.8496, 988.9675, 177.1504, 3.964119, 922.9963, 159.0544, 575.804, 222.1075, 143.1378, 307.2707, 910.2123, 908.7555, 824.893
227.4, 121.7324, 382.6516, 74.86688, 104.208, 187.389, 411.0623, 815.6183, 931.6393, 165.7851, 3.74176, 972.7626, 225.066, 766.4348, 209.7077, 135.3872, 606.2379, 852.8516, 973.4894, 1052.296
227.5, 114.2926, 359.864, 231.383, 341.088, 176.9374, 457.1762, 773.8945, 1086.487, 155.1489, 3.531874, 1063.641, 336.8352, 873.5285, 404.6651, 128.0563, 848.2891, 799.1057, 949.8676, 998.7009
227.6, 107.3075, 454.6156, 244.942, 325.3818, 167.0687, 418.9196, 742.0519, 1023.506, 145.1952, 3.33376, 1010.923, 317.601, 832.7021, 464.2968, 121.1223, 800.439, 748.7468, 896.897, 1166.209
227.7, 100.7493, 427.5424, 232.3555, 310.3988, 157.7505, 383.8643, 817.8483, 1149.555, 135.88, 3.14676, 1113.549, 418.9404, 793.7839, 434.7651, 114.5638, 755.288, 701.5615, 846.8805, 1129.233
227.8, 94.59196, 402.0815, 220.4157, 379.1142, 148.9519, 532.9752, 764.8462, 1082.918, 127.1625, 2.970249, 1097.523, 395.0178, 756.6846, 407.1118, 108.3604, 712.6839, 657.3497, 799.6531, 1209.417
227.9, 88.8109, 378.1369, 209.0895, 361.657, 140.6441, 518.4755, 715.2789, 1020.144, 119.0042, 2.803639, 1079.429, 437.1857, 818.7381, 381.2174, 102.4929, 672.483, 615.9242, 840.9824, 1147.819
228, 83.38316, 355.6182, 198.3453, 345.0036, 132.7997, 475.0893, 668.924, 961.0084, 111.3693, 59.27037, 1025.928, 412.2212, 780.4725, 356.97, 96.94308, 634.5498, 577.1093, 794.084, 1089.359
228.1, 78.28713, 334.4405, 188.1532, 329.1171, 125.3928, 435.3336, 641.5855, 905.3008, 104.2243, 55.94572, 975.0793, 420.9517, 743.9953, 334.2648, 150.6965, 598.7563, 540.7404, 798.9266, 1033.876
228.2, 73.50256, 314.5239, 178.4848, 338.9423, 118.3991, 444.5362, 600.0064, 945.114, 97.53768, 124.7073, 926.7505, 429.2445, 709.223, 325.0402, 142.5366, 564.9818, 506.6634, 754.3735, 1136.868
228.3, 154.6247, 295.7935, 184.2066, 404.13, 111.7954, 407.3372, 578.4311, 890.3279, 91.28004, 124.0816, 920.6237, 516.4152, 676.0758, 304.3659, 204.2509, 533.1125, 474.734, 814.5455, 1078.966
228.4, 163.937, 278.1784, 230.0806, 385.5208, 105.56, 373.2511, 650.7663, 838.7175, 85.42386, 117.1215, 891.7302, 514.6339, 820.9985, 285.0067, 193.1911, 503.0408, 444.8167, 769.1213, 1208.374
228.5, 153.9179, 261.6124, 218.2577, 367.7686, 99.67238, 342.0174, 613.5733, 790.0989, 79.94339, 180.4224, 874.9341, 726.8297, 819.6074, 266.8788, 250.6203, 474.6654, 416.7848, 747.2662, 1146.829
228.6, 144.5111, 246.0329, 207.0424, 387.3253, 94.11316, 313.3972, 573.8096, 744.2986, 163.409, 170.302, 831.5689, 685.3257, 930.5835, 249.9039, 318.1905, 569.1066, 390.5194, 705.5939, 1088.419
228.7, 213.3242, 325.615, 196.4034, 369.49, 88.86401, 287.1721, 536.6228, 708.2606, 152.9253, 209.6507, 881.493, 673.7098, 887.0905, 263.6456, 351.4028, 537.0046, 365.9092, 859.6072, 1032.984
228.8, 229.5208, 346.0635, 229.034, 352.476, 83.90762, 263.1414, 579.3726, 860.6929, 143.1142, 197.8907, 837.8028, 635.2391, 845.6303, 246.8764, 332.3751, 561.2641, 342.85, 811.6702, 1086.102
228.9, 215.4935, 428.7578, 374.9524, 526.1729, 79.22768, 241.1217, 604.8875, 810.8004, 133.9326, 186.7905, 796.278, 697.6711, 806.1078, 231.1738, 314.3776, 529.6044, 321.2439, 766.4064, 1030.785
229, 215.6276, 403.2245, 355.6852, 501.944, 74.80877, 220.9445, 623.9203, 944.6827, 125.34, 176.3128, 844.9492, 657.8322, 768.4326, 274.0864, 297.3547, 499.7307, 300.9995, 785.1874, 1191.516
229.1, 255.9816, 379.2118, 337.4081, 478.8308, 70.63631, 202.4558, 595.5415, 927.3326, 117.2986, 166.4229, 852.2698, 671.4047, 887.116, 323.068, 343.2427, 746.6716, 282.0308, 1152.528, 1130.831
229.2, 333.3835, 356.629, 320.0702, 639.0135, 66.69658, 185.5142, 556.9464, 881.9162, 172.6065, 180.8363, 1001.22, 936.3074, 887.234, 352.3582, 324.6568, 704.5535, 264.2574, 1088.256, 1231.064
229.3, 390.6547, 364.6082, 343.33, 609.5886, 62.97658, 169.9903, 520.8524, 880.6052, 161.5327, 215.1622, 1055.476, 977.1057, 909.8525, 329.9464, 307.0773, 858.6326, 247.6042, 1039.865, 1300.24
229.4, 393.5919, 342.8952, 325.6877, 581.5187, 59.46407, 160.6657, 487.0976, 829.5585, 151.1694, 203.0931, 1036, 921.3103, 931.5862, 308.9601, 290.4497, 878.7868, 232.0004, 1073.865, 1234.017
229.5, 369.5373, 322.4752, 308.9521, 570.7734, 56.14746, 198.651, 568.0225, 781.4708, 141.4709, 191.701, 1101.43, 868.701, 990.8415, 289.3087, 274.7224, 1014.756, 217.38, 1013.979, 1171.166
229.6, 346.9527, 303.2712, 293.0764, 544.4907, 53.01584, 182.0278, 531.2108, 736.1707, 161.9239, 180.9479, 1073.206, 819.0958, 944.5322, 270.9072, 259.8468, 986.8319, 203.6809, 957.4336, 1214.78
229.7, 325.7484, 285.2108, 278.0164, 519.4183, 50.05888, 166.7957, 496.7847, 721.469, 151.5354, 373.3256, 1055.548, 914.5005, 900.3873, 366.4072, 245.7766, 931.1669, 190.8451, 904.0411, 1152.909
229.8, 305.8401, 268.226, 263.7304, 712.9484, 47.26685, 152.8381, 464.5896, 679.647, 219.8818, 352.3846, 1003.231, 941.4683, 858.3057, 343.1018, 232.4683, 878.6419, 178.8183, 853.6262, 1094.19
229.9, 287.1484, 369.1302, 250.1785, 680.119, 44.63055, 145.9716, 434.481, 640.2494, 205.7751, 332.6183, 971.9502, 957.8521, 818.1907, 321.2787, 219.8806, 939.1511, 167.5493, 806.0226, 1038.461
230, 269.5992, 347.1478, 237.3229, 694.4565, 42.14128, 133.7566, 450.1675, 603.1356, 192.5733, 313.9608, 923.7765, 903.1561, 854.9603, 316.1981, 207.9745, 917.8223, 156.9905, 761.0738, 985.5702
230.1, 258.5699, 326.4745, 225.1279, 662.4786, 39.79086, 122.5638, 420.9936, 568.1732, 180.2186, 296.3498, 950.2054, 851.5834, 852.4578, 518.2122, 196.7131, 973.5615, 147.0971, 766.0284, 935.3735
230.2, 242.7672, 307.0324, 213.5595, 631.9732, 37.57152, 112.3077, 439.4997, 535.2374, 240.7111, 279.7267, 903.1095, 802.9557, 852.9646, 485.2512, 186.0615, 918.6451, 137.8272, 723.3099, 1238.076
230.3, 282.8804, 288.748, 202.5856, 695.6186, 35.47597, 206.9765, 411.0171, 504.2109, 225.268, 337.7846, 919.9082, 789.9062, 813.0993, 454.3867, 175.9867, 866.8264, 129.1415, 682.9736, 1175.019
230.4, 265.5919, 279.3784, 192.1757, 663.5872, 33.4973, 189.6567, 384.3804, 474.9829, 300.1967, 342.4977, 957.9728, 744.8004, 775.0972, 433.2012, 166.4574, 919.4482, 121.0031, 677.6499, 1115.173
230.5, 249.3601, 262.7409, 182.3006, 633.0307, 31.62899, 173.7861, 372.7155, 447.4492, 280.9372, 323.286, 943.1665, 780.9947, 738.8713, 591.2714, 157.444, 895.1322, 113.3776, 639.8599, 1058.376
230.6, 270.5892, 356.3496, 172.933, 603.8813, 29.86489, 159.2437, 348.561, 584.8217, 309.1355, 305.1519, 967.3163, 736.3978, 806.0294, 553.6635, 148.9188, 844.6398, 106.2327, 645.0376, 1004.471
230.7, 254.052, 335.1283, 195.8105, 576.0742, 28.19918, 145.9181, 325.9719, 550.9209, 289.3026, 288.0351, 959.6461, 802.3177, 812.3381, 518.4476, 140.8551, 896.9801, 99.53798, 609.0663, 1219.506
230.8, 238.5254, 404.6813, 185.7487, 627.1015, 26.62637, 133.7076, 304.8467, 527.543, 270.742, 271.8783, 912.0823, 790.2137, 774.3716, 485.4716, 149.1114, 846.3835, 93.26519, 575.101, 1183.466
230.9, 269.273, 380.5818, 176.2039, 664.6549, 61.3877, 122.5189, 285.0905, 545.5174, 302.3425, 330.2575, 918.3858, 745.0903, 847.209, 648.0793, 230.59, 968.6998, 87.38771, 543.0297, 1335.758
231, 363.6331, 357.9175, 167.1495, 634.0493, 127.0578, 295.0801, 266.6147, 573.1422, 282.9454, 340.4143, 872.867, 786.6513, 807.6128, 606.8581, 218.104, 971.2844, 81.88062, 512.747, 1407.364
231.1, 341.4094, 336.6029, 222.661, 635.1166, 293.6497, 318.3652, 249.3363, 626.8051, 264.7927, 393.4855, 884.8905, 741.7314, 786.7587, 568.2588, 255.2153, 933.4109, 76.72058, 721.3566, 1335.685
231.2, 320.5439, 316.5576, 212.9556, 756.7842, 615.905, 291.7243, 233.1776, 656.5065, 369.3799, 371.4137, 944.8493, 699.3765, 777.1036, 532.1146, 373.9899, 983.0908, 71.88573, 681.1292, 1267.656
231.3, 300.9537, 297.706, 317.209, 721.9362, 581.5529, 267.3127, 218.0661, 703.4753, 345.6819, 350.58, 898.0189, 685.1498, 740.7838, 498.2693, 368.7845, 1054.77, 67.35556, 800.3969, 1371.157
231.4, 437.9581, 279.9771, 300.909, 722.8104, 605.7744, 270.3948, 360.0098, 662.6964, 366.7107, 330.9149, 853.5095, 858.6097, 706.1616, 466.5768, 523.4395, 1016.38, 63.11088, 773.3253, 1487.186
231.5, 1002.004, 263.304, 285.4466, 689.5269, 609.7966, 247.7681, 336.6787, 624.2813, 363.2791, 312.3529, 875.2698, 809.5807, 885.5603, 436.9001, 495.0963, 1200.452, 59.13369, 867.2567, 1441.563
231.6, 1187.872, 247.6238, 270.7787, 719.2942, 575.7852, 227.0348, 314.8596, 588.0931, 339.9725, 294.8321, 831.888, 763.3514, 923.0875, 409.111, 468.2878, 1461.995, 55.40714, 818.893, 1368.142
231.7, 1303.388, 232.8773, 256.8646, 746.7973, 543.6708, 246.9349, 294.4546, 703.6595, 318.1611, 278.2941, 790.6564, 888.2051, 1002.664, 383.0894, 442.931, 1467.065, 51.91544, 1106.771, 1382.606
231.8, 1388.798, 219.0091, 243.6654, 712.4092, 513.3477, 226.2713, 316.5388, 662.8699, 314.8583, 262.6837, 751.4683, 883.4785, 975.2267, 358.7229, 418.9472, 1624.838, 48.64378, 1045.051, 1571.922
231.9, 1569.51, 205.9667, 305.6701, 801.7364, 840.5916, 287.9507, 296.0249, 742.0967, 388.2533, 247.949, 714.2226, 833.0295, 929.6472, 335.9063, 407.251, 1681.741, 45.5783, 1009.561, 1491.861
232, 1756.701, 195.1803, 289.963, 764.8185, 881.3641, 317.3274, 276.8405, 816.0692, 440.3033, 234.0408, 678.8229, 870.9744, 1232.139, 340.283, 657.5066, 2362.204, 42.706, 1322.761, 1415.878
232.1, 2409.973, 183.5569, 353.5058, 954.3345, 875.9313, 290.7733, 258.8993, 768.7634, 462.3673, 220.9128, 735.5823, 1047.108, 1336.566, 412.9901, 654.6176, 2902.58, 40.01471, 1712.539, 1424.323
232.2, 3014.204, 205.0781, 411.3261, 910.3899, 859.7161, 341.2974, 242.1209, 879.0419, 432.7036, 208.5211, 699.124, 1067.195, 1290.343, 484.9706, 750.5137, 3375.353, 37.49302, 1791.629, 1482.807
232.3, 3096.464, 192.8654, 390.1899, 1019.572, 811.7655, 319.9458, 226.4298, 828.0858, 547.8859, 196.8246, 709.1016, 1114.761, 1420.197, 454.124, 709.8749, 3309.016, 35.13025, 1918.306, 1407.285
232.4, 3547.307, 296.5607, 382.063, 972.6237, 804.1248, 293.1726, 429.0012, 780.0835, 512.7356, 185.7841, 707.2576, 1273.454, 1472.455, 425.2393, 795.923, 3963.279, 32.91637, 2126.104, 1335.61
232.5, 3977.929, 278.9, 362.4305, 927.8369, 759.2748, 268.6398, 401.199, 734.8638, 525.1166, 175.3629, 728.3708, 1273.196, 1611.099, 442.1163, 910.669, 4160.563, 30.84201, 2174.855, 1497.342
232.6, 3947.519, 262.291, 343.8067, 1003.656, 716.9263, 246.16, 375.1985, 692.2653, 491.4272, 165.5263, 692.2699, 1544.527, 1720.149, 535.6918, 861.3582, 4228.744, 28.89838, 2101.278, 1421.08
232.7, 3863.611, 246.6711, 326.14, 957.4402, 676.9398, 225.5612, 350.8831, 652.1362, 459.8991, 156.2414, 727.2034, 1705.793, 1639.754, 501.619, 956.4878, 4080.365, 305.191, 1984.098, 1348.702
232.8, 3701.224, 231.9814, 377.3753, 913.3525, 639.1835, 405.8539, 328.1435, 783.8062, 430.3937, 147.4774, 748.9662, 1764.512, 1563.117, 469.7135, 904.6959, 3850.201, 285.9582, 2003.474, 1280.01
232.9, 3498.25, 324.8195, 422.4892, 871.295, 684.4146, 373.06, 306.8776, 999.4106, 763.4362, 139.2049, 792.8354, 1663.754, 1490.061, 439.8372, 855.7085, 3850.774, 267.9374, 2031.279, 1352.037
233, 3284.452, 305.4759, 534.8712, 831.1742, 702.3782, 406.5105, 366.9714, 946.3763, 827.1478, 131.3965, 909.7341, 1599.096, 1420.419, 411.8613, 934.0931, 4044.871, 353.5182, 2010.998, 1383.546
233.1, 3083.72, 426.8036, 507.3865, 792.9008, 663.2031, 372.4936, 343.1891, 1134.399, 976.8084, 124.0261, 1016.167, 1673.057, 1354.033, 419.796, 883.5139, 3932.618, 485.1816, 2128.115, 1313.08
233.2, 2895.256, 401.3867, 521.6252, 756.3898, 782.6177, 341.3232, 320.9481, 1068.64, 1263.254, 117.0691, 1004.942, 1577.521, 1290.749, 393.0948, 1006.111, 3905.598, 730.6566, 2009.438, 1288.14
233.3, 2718.31, 400.3868, 524.4957, 721.5601, 849.7525, 312.7611, 300.1485, 1142.501, 1622.643, 110.5023, 1049.279, 1487.44, 1230.423, 368.0919, 951.6318, 3788.572, 684.6113, 1999.643, 1521.664
233.4, 2552.179, 376.5431, 497.5442, 716.1937, 802.3576, 286.5892, 280.6968, 1079.232, 2160.533, 104.3039, 997.2723, 1515.66, 1172.916, 344.6794, 1092.137, 3574.867, 641.4677, 1965.343, 1444.163
233.5, 2396.2, 508.8795, 471.9776, 683.2148, 757.6061, 262.6073, 262.5058, 1181.953, 2192.608, 98.45321, 947.8435, 1429.112, 1118.097, 322.756, 1033, 3373.217, 601.043, 1897.117, 1429.297
233.6, 2249.755, 478.5749, 465.6568, 651.7546, 858.4526, 240.6322, 245.4936, 1254.849, 2125.378, 92.93067, 900.8646, 1347.505, 1065.84, 302.227, 977.0649, 3182.941, 563.1659, 1812.702, 1356.501
233.7, 2112.26, 450.0749, 441.7287, 621.743, 857.3012, 220.496, 229.584, 1182.109, 2063.702, 87.71791, 856.2142, 1390.841, 1016.026, 283.0038, 924.1589, 3121.55, 527.6757, 1711.615, 1287.412
233.8, 2004.495, 423.2721, 419.0302, 593.1133, 836.6029, 202.0449, 214.7054, 1113.584, 1931.303, 82.79755, 813.7769, 1320.363, 968.5394, 265.0033, 874.1176, 3026.495, 494.4221, 1616.164, 1349.448
233.9, 1881.988, 398.0655, 397.4981, 565.802, 874.7449, 185.1377, 385.762, 1049.032, 1807.398, 78.15319, 773.4429, 1279.945, 923.2725, 248.1477, 826.7859, 2855.777, 463.2641, 1526.037, 1280.718
234, 1766.969, 374.36, 377.0724, 539.7483, 825.9561, 169.6453, 429.784, 988.2224, 1691.442, 73.76935, 735.108, 1206.857, 880.1212, 232.3642, 782.0172, 2694.689, 434.0696, 1587.427, 1215.489
234.1, 1658.979, 352.0662, 357.6963, 567.9974, 779.8885, 155.4493, 401.931, 930.9374, 1582.926, 69.63141, 698.6731, 1161.136, 838.9867, 217.5847, 739.6725, 2542.688, 406.715, 1549.261, 1153.582
234.2, 1557.59, 331.1001, 339.3158, 541.8426, 736.3903, 142.4413, 375.8831, 876.973, 1481.371, 87.86617, 664.0441, 1234.351, 799.7747, 203.7451, 789.7474, 2399.26, 381.0842, 1553.809, 1094.828
234.3, 1462.396, 311.3825, 321.8799, 516.8922, 695.3182, 130.5217, 439.7397, 826.1368, 1443.544, 82.93749, 631.1315, 1426.114, 849.1242, 190.7859, 746.9843, 2346.201, 357.0686, 1467.159, 1039.067
234.4, 1562.826, 355.1092, 337.479, 493.0906, 656.5369, 119.5996, 411.2416, 778.2475, 1405.714, 85.03078, 677.6921, 1598.268, 809.4384, 178.6509, 706.5366, 2381.309, 334.5665, 1385.341, 1093.552
234.5, 1467.312, 333.9618, 320.1374, 470.3851, 619.9186, 109.5915, 443.5986, 771.1767, 1346.733, 143.5487, 762.349, 1653.639, 881.8289, 167.2878, 668.2791, 2246.985, 420.7215, 1491.846, 1069.407
234.6, 1544.091, 334.8502, 469.9716, 458.4178, 748.5143, 100.4208, 414.8504, 929.2977, 1326.197, 135.4966, 724.564, 1732.496, 966.7943, 230.8523, 749.0958, 2241.587, 447.0735, 1495.439, 1014.941
234.7, 1449.722, 314.9092, 445.8218, 437.3088, 904.9042, 92.26891, 387.9653, 1276.089, 1719.948, 135.3799, 874.1162, 1879.077, 921.6089, 216.1689, 991.4825, 2278.943, 618.7645, 1632.305, 1362.31
234.8, 1361.122, 500.5717, 630.8761, 417.1719, 887.0873, 84.54782, 532.3443, 1202.117, 1887.582, 127.786, 1072.303, 1977.348, 878.5353, 299.4289, 1039.368, 2287.933, 845.0676, 1627.863, 1597.942
234.9, 1277.936, 470.7618, 815.5052, 397.9622, 1312.647, 77.47283, 497.8448, 1314.199, 2418.885, 120.6181, 1081.102, 1864.436, 837.475, 280.3836, 1169.082, 2229.89, 791.8123, 1607.689, 1790.909
235, 1199.834, 442.7271, 784.8641, 379.6371, 1283.56, 211.8161, 465.581, 1238.018, 2671.183, 182.6758, 1044.239, 1757.972, 798.3336, 262.5498, 1111.268, 2259.837, 741.913, 1609.765, 1699.695
235.1, 1126.505, 416.3619, 1031.075, 367.033, 1211.97, 194.0913, 435.4082, 1166.253, 2590.396, 172.429, 1025.18, 1657.587, 1055.762, 245.8503, 1051.095, 2132.365, 695.1584, 1589.468, 1613.127
235.2, 1057.658, 391.5668, 978.0927, 403.4851, 1144.372, 177.8496, 407.1908, 1098.648, 2460.048, 162.757, 974.3684, 1562.934, 1006.419, 230.2129, 1000.695, 2012.083, 651.3502, 1500.829, 1530.968
235.3, 993.0183, 368.2483, 927.8328, 384.9057, 1214.763, 162.9671, 380.8021, 1034.962, 2302.221, 153.6274, 926.0749, 1473.686, 959.3815, 215.5702, 946.5094, 1938.864, 610.3027, 1455.618, 1517.587
235.4, 932.3293, 443.7016, 880.1555, 367.1818, 1147.009, 149.33, 356.1235, 974.9673, 2309.181, 145.01, 880.175, 1513.912, 914.5426, 216.548, 895.2579, 2114.442, 571.842, 1374.444, 1440.294
235.5, 875.3493, 417.2784, 834.9281, 350.274, 1083.035, 136.834, 333.0443, 961.6893, 2263.821, 136.876, 925.7471, 1427.463, 949.3413, 227.8294, 846.7815, 1995.171, 535.8051, 1465.187, 1540.919
235.6, 821.8517, 392.4287, 792.0248, 334.1448, 1022.629, 194.6042, 311.4608, 905.9423, 2118.583, 129.1982, 908.3049, 1365.916, 904.9716, 373.4477, 800.93, 2048.233, 502.0391, 1383.479, 1511.831
235.7, 771.6236, 369.0589, 751.326, 318.7583, 990.2163, 178.3197, 291.276, 872.7465, 2242.822, 132.255, 863.2858, 1287.919, 862.6757, 349.6945, 757.5613, 2036.431, 470.4011, 1383.059, 1576.105
235.8, 724.4653, 347.0808, 744.9464, 304.0803, 1049.906, 163.3978, 272.3993, 917.6926, 2098.931, 254.3218, 820.4979, 1311.292, 822.3565, 327.4521, 716.5409, 2115.709, 440.7569, 1408.441, 1495.832
235.9, 680.189, 326.4115, 832.3527, 290.0782, 1009.588, 367.523, 254.746, 886.8142, 2009.141, 240.0561, 779.8308, 1262.307, 783.9218, 306.6244, 677.7416, 2218.963, 412.9808, 1396.778, 1470.159
236, 638.6188, 306.9731, 789.5817, 276.7209, 965.5655, 364.7918, 238.2367, 835.4075, 1977.177, 226.5907, 886.734, 1293.551, 747.2834, 287.1215, 641.0433, 2128.455, 386.9551, 1339.732, 1438.159
236.1, 599.5891, 304.5654, 749.0085, 263.9786, 911.7111, 334.2659, 222.7973, 786.9808, 1937.919, 213.8805, 1000.642, 1219.686, 712.3574, 268.8591, 606.3322, 2008.394, 362.5696, 1388.042, 1581.076
236.2, 562.9448, 416.2479, 710.5203, 251.8231, 860.8605, 306.2944, 208.3585, 741.3613, 1813.589, 201.8833, 1006.252, 1150.038, 679.0637, 251.7583, 573.5005, 1923.219, 339.7208, 1310.637, 1500.55
236.3, 528.54, 391.4596, 674.0097, 240.2273, 812.8461, 323.9342, 194.8555, 698.3862, 1729.964, 190.5591, 1010.282, 1084.368, 647.3261, 235.7451, 542.4466, 1904.753, 318.312, 1279.126, 1424.124
236.4, 496.2379, 368.1475, 639.3753, 229.1654, 767.5096, 296.8273, 182.2275, 657.9023, 1773.984, 179.8701, 960.2082, 1022.448, 617.0718, 220.7505, 513.0742, 1947.609, 298.2522, 1207.794, 1351.591
236.5, 465.9099, 346.2236, 606.5206, 218.613, 724.7018, 303.1766, 170.4179, 619.7652, 1759.873, 169.7806, 970.6401, 964.063, 588.2316, 206.7096, 536.6511, 1918.419, 279.4567, 1140.44, 1433.764
236.6, 437.4355, 326.142, 575.3541, 208.5464, 684.2817, 277.8067, 159.3737, 583.8388, 1646.966, 160.2571, 922.5313, 909.0124, 657.7256, 193.5618, 555.1743, 2064.422, 261.8456, 1076.842, 1360.74
236.7, 410.7013, 306.7197, 545.7892, 198.9434, 646.1159, 254.5597, 149.0452, 549.995, 1541.303, 151.2678, 963.9681, 857.1053, 626.9852, 181.2503, 525.1127, 1947.973, 245.3443, 1146.576, 1291.435
236.8, 385.601, 288.454, 517.7435, 189.7826, 688.3085, 233.2581, 139.386, 518.113, 1442.419, 142.7828, 916.19, 808.1622, 597.6816, 169.7218, 499.0665, 1838.092, 229.883, 1082.636, 1417.02
236.9, 362.0347, 271.276, 491.1389, 250.233, 649.9182, 213.739, 130.3529, 488.0791, 1349.879, 134.7737, 870.78, 762.014, 569.7476, 158.9266, 488.3748, 1734.409, 215.396, 1022.261, 1344.849
237, 339.9087, 255.1211, 465.9014, 238.7104, 613.669, 195.8532, 121.9051, 459.7862, 1263.276, 127.2138, 827.6207, 718.5009, 543.1191, 148.8181, 461.9303, 1636.575, 201.8219, 965.2536, 1276.354
237.1, 319.1349, 275.7647, 441.9608, 227.7184, 677.018, 179.4642, 114.0048, 433.1334, 1182.229, 120.078, 786.6006, 677.4725, 517.7352, 139.3525, 436.9177, 1544.26, 189.1033, 911.425, 1211.347
237.2, 299.6307, 259.3424, 419.2503, 217.2326, 639.2574, 164.4465, 106.6165, 408.0256, 1106.381, 113.3425, 747.6136, 638.787, 493.5377, 130.4889, 514.5733, 1457.151, 177.1862, 860.5983, 1149.651
237.3, 281.3186, 243.8981, 397.7068, 207.2296, 603.6028, 150.6856, 99.70705, 384.3733, 1035.4, 106.9847, 710.5589, 602.3105, 470.4711, 122.1891, 486.7102, 1374.957, 166.0201, 812.606, 1091.098
237.4, 264.1256, 229.3735, 377.2704, 197.6872, 569.937, 138.0762, 93.24535, 362.092, 968.973, 100.9837, 675.3408, 567.9169, 448.4825, 114.4173, 460.3558, 1297.399, 155.5576, 767.29, 1035.526
237.5, 247.9834, 215.7139, 357.8841, 188.5842, 538.1487, 126.5219, 231.8437, 341.1023, 906.8074, 95.31918, 641.8683, 535.4873, 427.5216, 107.1397, 435.4285, 1224.215, 145.7545, 724.5012, 982.7851
237.6, 232.8277, 202.8678, 339.494, 184.7193, 595.0688, 115.9345, 216.8186, 321.3294, 848.6301, 89.97244, 610.0547, 504.9095, 407.5404, 100.3251, 411.8509, 1155.16, 136.5692, 684.0984, 932.7302
237.7, 218.5982, 190.7867, 322.0489, 217.5199, 840.1753, 215.3032, 374.8786, 302.7026, 794.1852, 84.92562, 579.8181, 476.0778, 564.5508, 93.94391, 389.55, 1090, 127.9628, 645.9489, 885.2247
237.8, 205.2384, 225.2468, 305.5002, 207.5037, 793.3146, 197.2865, 350.5839, 285.1556, 743.2333, 80.16189, 551.08, 448.8925, 586.4463, 87.96859, 368.4567, 1028.516, 119.8987, 609.9267, 840.1388
237.9, 192.6951, 211.8329, 289.8019, 197.9487, 794.7802, 180.7775, 327.8637, 268.6258, 695.5503, 75.66537, 523.7662, 423.2595, 597.7119, 82.37333, 348.5055, 970.4993, 112.3428, 575.9134, 797.3492
238, 180.9184, 199.2179, 304.646, 188.8336, 1085.503, 194.6776, 311.8354, 275.46, 650.9265, 71.42107, 768.1264, 399.0902, 587.6725, 77.13396, 329.6347, 915.7556, 105.263, 543.7969, 1100.287
238.1, 169.8615, 187.3541, 385.9788, 265.856, 1024.959, 178.3869, 334.3609, 259.4922, 609.1655, 67.41486, 730.0551, 376.301, 560.2063, 107.9754, 311.7856, 864.0999, 98.62947, 513.4714, 1044.248
238.2, 159.4803, 176.1968, 366.145, 253.614, 967.7919, 163.4595, 312.692, 244.45, 570.0838, 63.63335, 693.8707, 354.8132, 816.4194, 142.4297, 334.8528, 815.358, 92.41393, 484.837, 991.0627
238.3, 149.7335, 165.704, 347.3304, 241.9357, 913.8134, 149.7811, 346.0954, 230.2798, 533.5094, 60.06397, 659.4797, 334.5524, 778.2621, 133.3705, 316.7212, 769.3655, 86.5901, 457.7995, 1263.393
238.4, 140.5824, 155.836, 430.4235, 230.7952, 862.8455, 137.2474, 323.666, 216.931, 499.2815, 56.6948, 626.7933, 315.4485, 741.8882, 156.5395, 299.5714, 725.9673, 81.13327, 432.2697, 1199.047
238.5, 131.9906, 146.5557, 408.3059, 220.1677, 814.7203, 125.7625, 357.7946, 246.378, 467.2495, 53.51462, 595.7269, 297.4356, 707.2144, 146.5828, 283.3502, 685.0171, 76.02033, 408.1637, 1137.977
238.6, 123.9239, 137.8281, 387.3249, 210.0295, 769.2794, 115.2386, 334.6071, 232.096, 437.2726, 50.51283, 566.2004, 280.4512, 674.1611, 141.7969, 343.0125, 646.3768, 71.22961, 385.4019, 1080.018
238.7, 116.3502, 129.6202, 367.4219, 200.3582, 726.3729, 105.5954, 348.408, 218.6419, 409.2188, 47.67941, 538.1373, 264.4367, 642.6526, 132.7779, 341.9435, 609.9162, 66.74078, 363.9095, 1121.533
238.8, 109.2394, 121.9011, 348.5417, 191.1323, 685.8595, 96.75916, 325.8288, 299.5407, 382.9649, 45.00493, 511.4651, 249.3366, 612.6168, 134.3207, 323.428, 727.5989, 62.53484, 343.6157, 1089.523
238.9, 102.5632, 114.6416, 330.6317, 182.3311, 647.6057, 88.66232, 304.7129, 413.6553, 358.3954, 42.48047, 486.1148, 235.0988, 583.9847, 125.7772, 305.915, 686.5567, 58.59396, 324.4535, 1126.504
239, 96.29494, 200.4925, 313.642, 173.9352, 611.4855, 81.24303, 302.2694, 446.4025, 335.4021, 40.09762, 462.0211, 221.674, 556.6908, 117.7771, 289.3503, 722.2324, 54.90142, 306.36, 1154.387
239.1, 90.4098, 188.5528, 297.5253, 165.926, 577.3799, 74.44458, 332.1463, 458.3792, 313.8839, 37.84842, 439.1215, 209.0158, 530.6725, 179.5994, 273.6826, 681.4929, 51.44159, 400.8156, 1095.592
239.2, 84.88434, 177.3242, 282.2368, 158.2855, 545.1766, 68.21503, 403.8229, 431.808, 293.7463, 35.72539, 417.3569, 197.0805, 505.8703, 170.1061, 330.7597, 643.0515, 48.19979, 378.4637, 1187.612
239.3, 79.69657, 166.7642, 267.7338, 150.9969, 514.7695, 62.50678, 377.6524, 510.8689, 274.9007, 33.72145, 396.671, 185.8266, 482.2273, 159.2865, 508.4179, 606.7784, 45.16228, 357.3582, 1127.125
239.4, 74.82586, 156.8331, 253.9762, 144.0439, 486.0582, 57.27619, 353.178, 481.2549, 257.2641, 31.82991, 377.0104, 175.2154, 459.6893, 149.155, 480.8881, 630.4778, 414.3122, 337.4296, 1069.719
239.5, 70.25282, 302.3122, 240.9254, 137.411, 458.9484, 52.4833, 330.2896, 467.4401, 240.759, 30.04448, 358.3243, 165.2101, 438.2047, 170.395, 454.849, 617.9041, 478.4527, 318.6125, 1142.108
239.6, 65.95927, 386.7236, 228.5453, 131.0836, 433.3506, 48.09148, 308.8846, 451.8826, 406.722, 28.35919, 340.5643, 155.7762, 417.7242, 328.2487, 430.2198, 583.0495, 448.3011, 517.7302, 1168.778
239.7, 61.92812, 367.3753, 245.3346, 125.0475, 409.1805, 44.06717, 288.8668, 425.688, 467.1272, 26.76844, 323.6846, 146.881, 398.2009, 307.3704, 467.3552, 651.3452, 420.0496, 488.8584, 1109.25
239.8, 58.14333, 345.4975, 232.7279, 119.2894, 386.3584, 40.37961, 367.8085, 401.0118, 437.1581, 25.26692, 307.6415, 138.4937, 379.59, 287.82, 442.0488, 614.6042, 393.5785, 461.5966, 1052.754
239.9, 54.58986, 324.9225, 220.769, 113.7965, 364.8093, 37.00063, 343.972, 377.766, 409.1117, 23.84962, 292.3936, 130.5853, 361.849, 277.6641, 418.1128, 579.9358, 368.7755, 450.207, 999.1356
240, 51.25356, 388.8239, 209.4247, 108.5564, 344.4621, 33.90441, 321.6803, 355.8678, 416.6597, 22.51182, 277.9014, 123.1285, 344.9371, 291.8969, 395.4728, 547.2229, 345.5356, 468.718, 948.2479
240.1, 48.12116, 365.6687, 198.6632, 103.5577, 325.2498, 31.06728, 300.8332, 335.2389, 389.9284, 21.24907, 264.1275, 116.0975, 328.8157, 321.9114, 383.0837, 516.3553, 323.7603, 442.5793, 899.9521
240.2, 45.1802, 343.8925, 188.4548, 98.78914, 307.109, 28.46756, 304.5327, 315.8058, 364.9121, 20.05715, 251.0363, 109.468, 313.4478, 301.4362, 455.4876, 487.2289, 303.3572, 417.8983, 854.1161
240.3, 42.41898, 330.8522, 178.7709, 94.24016, 289.98, 26.08538, 284.7969, 297.4993, 463.6284, 18.93208, 238.594, 103.2171, 298.798, 282.2632, 430.8239, 459.7454, 284.24, 394.5937, 988.1907
240.4, 39.82651, 311.1494, 169.5847, 89.90064, 273.8064, 23.90255, 266.3401, 280.2539, 433.8838, 17.87012, 226.7683, 97.32314, 284.833, 264.3098, 407.4956, 433.8122, 347.5752, 372.5887, 937.8606
240.5, 37.39248, 491.0185, 160.8705, 85.76096, 258.5349, 21.90237, 249.0794, 264.0082, 458.5335, 16.86774, 215.5288, 91.76572, 271.5207, 270.6646, 385.4306, 409.3418, 492.6107, 430.0152, 890.0938
240.6, 35.10721, 724.7899, 152.604, 81.81189, 244.1151, 20.06958, 232.9374, 295.4309, 440.6317, 135.1075, 204.8463, 86.52564, 258.8305, 341.4082, 364.5603, 386.2517, 653.6396, 406.0349, 1068.496
240.7, 32.96161, 704.6101, 144.7624, 78.04466, 425.7468, 18.39015, 361.8845, 278.3054, 586.2128, 127.5289, 194.6933, 81.58479, 246.7335, 490.444, 344.8201, 472.9917, 856.7614, 383.3918, 1074.509
240.8, 30.94714, 662.6494, 137.3237, 74.45091, 446.5642, 16.85126, 338.4319, 262.1727, 577.6421, 120.3754, 185.0436, 76.92608, 235.2018, 488.8359, 326.1488, 508.6079, 819.7067, 362.0115, 1245.731
240.9, 29.05578, 646.7615, 194.9871, 71.02264, 479.1769, 72.09572, 316.4992, 246.9751, 540.5828, 206.1188, 175.8721, 72.53339, 224.2091, 766.6396, 308.4885, 479.9185, 996.6899, 497.9769, 1182.284
241, 27.28001, 757.934, 227.6855, 67.75224, 452.4508, 99.03936, 318.4232, 331.4117, 638.3945, 194.557, 167.1552, 68.39153, 213.7302, 717.8773, 291.7845, 452.8474, 933.8795, 528.2623, 1122.068
241.1, 25.61277, 712.7977, 215.9857, 64.63242, 427.2154, 90.75172, 297.7872, 344.9395, 597.4375, 233.0121, 158.8703, 64.48619, 203.741, 672.2166, 275.985, 632.6946, 875.0273, 630.7849, 1284.985
241.2, 24.04743, 730.9966, 300.9435, 61.65627, 403.3875, 83.15759, 278.4885, 403.453, 708.5666, 219.9418, 150.9961, 154.3689, 194.2187, 629.4601, 261.041, 597.0057, 819.8839, 649.4092, 1219.539
241.3, 22.57775, 702.7967, 285.4793, 58.81716, 380.8886, 76.19893, 260.4406, 380.0658, 663.1077, 255.883, 143.5121, 145.554, 185.1414, 589.4232, 283.0888, 563.33, 768.2156, 613.1942, 1157.426
241.4, 21.1979, 676.2055, 270.8098, 56.10878, 359.6446, 69.82258, 243.5623, 376.1531, 620.5652, 241.5298, 136.3991, 146.9288, 176.4884, 551.9329, 267.7602, 531.5538, 719.8034, 578.9987, 1098.476
241.5, 19.90237, 1161.454, 256.8941, 53.52512, 339.5854, 63.9798, 227.7778, 398.153, 580.7521, 274.4929, 129.6386, 195.7687, 168.2398, 689.7828, 253.2615, 501.5701, 674.4421, 546.7101, 1042.529
241.6, 18.68602, 1788.546, 248.3466, 51.06042, 320.6451, 58.62595, 213.0162, 416.1282, 747.0534, 259.0958, 123.2132, 243.1169, 160.3768, 645.909, 412.4842, 473.2776, 631.9394, 516.2221, 1177.992
241.7, 17.54401, 1903.163, 336.7661, 48.70922, 320.7924, 53.72011, 252.7739, 392.0061, 788.9677, 244.5623, 117.1063, 255.975, 152.8812, 604.8258, 390.149, 446.5811, 592.1152, 487.4344, 1170.577
241.8, 16.4718, 2009.408, 570.9023, 46.46629, 324.3469, 49.2248, 236.3924, 470.035, 738.3506, 230.8441, 111.302, 382.1227, 145.7359, 641.5776, 528.9426, 646.0081, 554.8007, 460.252, 1187.055
241.9, 15.46511, 1990.599, 678.4183, 44.32664, 306.2565, 45.10565, 394.832, 442.7881, 845.0513, 217.8954, 105.7855, 498.2193, 138.9246, 600.7699, 500.3015, 609.5682, 519.8376, 434.5855, 1317.109
242, 14.51995, 2216.807, 791.1696, 42.28551, 289.175, 41.33119, 369.2442, 417.1207, 790.8361, 205.673, 100.5423, 469.7696, 132.4317, 562.5578, 782.1442, 639.4189, 487.078, 410.3503, 1541.72
242.1, 13.63255, 2444.175, 750.5148, 40.33838, 273.0463, 37.87259, 345.3146, 392.9411, 740.0991, 194.1362, 95.55904, 442.9445, 126.2422, 526.7762, 739.7927, 875.6112, 456.3828, 534.5384, 1463.198
242.2, 12.79939, 2336.319, 779.5383, 38.4809, 257.8172, 34.7034, 322.9359, 534.2762, 692.6171, 183.2465, 90.82275, 417.6512, 120.3419, 493.2705, 817.0454, 826.22, 427.622, 504.7292, 1388.675
242.3, 12.01715, 2230.145, 775.0157, 36.70896, 243.4375, 31.7994, 302.0074, 503.3054, 648.1815, 172.9676, 86.32122, 393.8021, 114.7175, 461.8959, 772.8041, 779.6147, 400.6736, 476.5824, 1317.947
242.4, 11.28271, 2134.138, 744.9935, 35.0186, 229.8598, 29.13842, 282.4353, 474.1299, 606.5966, 163.2654, 82.0428, 371.3149, 109.3559, 432.5169, 730.9583, 735.6384, 375.4236, 450.0052, 1250.822
242.5, 10.59316, 2007.046, 706.7115, 33.40609, 217.0394, 26.70011, 264.1316, 446.6456, 567.6797, 154.1073, 77.97643, 350.1118, 104.2449, 405.0066, 691.3784, 694.1427, 351.7647, 424.9101, 1187.116
242.6, 9.945748, 1887.523, 670.3967, 31.86783, 298.1105, 24.46583, 373.9729, 420.7546, 531.2595, 145.463, 74.11161, 330.1195, 99.37276, 379.2461, 653.9417, 654.9877, 329.5969, 401.2144, 1126.654
242.7, 9.337907, 1775.117, 635.9479, 30.4004, 281.4834, 22.41852, 349.7369, 396.3644, 497.1759, 137.3035, 70.43835, 311.2688, 94.72835, 355.1241, 618.5321, 618.0413, 308.826, 378.8402, 1287.6
242.8, 95.25978, 1669.406, 720.5551, 29.00054, 265.7837, 20.54253, 327.0716, 373.388, 465.279, 129.6018, 66.94714, 293.4945, 90.301, 332.5363, 585.0399, 583.179, 289.3641, 357.7137, 1222.02
242.9, 89.43791, 1569.99, 683.5289, 27.66514, 253.9404, 18.82353, 305.8751, 351.7436, 435.4285, 122.332, 63.62898, 276.7351, 86.08057, 311.3853, 553.3611, 550.2832, 271.1286, 337.7654, 1159.781
243, 166.5064, 1476.494, 648.4053, 26.39123, 239.7769, 17.24837, 286.0523, 331.3538, 407.4931, 115.4701, 60.47528, 260.9328, 82.0574, 291.5796, 658.3423, 519.243, 254.0424, 318.9295, 1100.711
243.1, 182.0873, 1539.152, 615.0865, 25.17598, 267.1807, 15.80502, 267.5142, 312.1459, 381.3499, 108.993, 57.47788, 246.0328, 78.22225, 273.0336, 622.6944, 489.9536, 238.0329, 301.144, 1044.65
243.2, 170.9589, 1447.493, 607.4468, 24.0167, 252.2787, 14.48245, 250.1774, 294.0515, 356.8839, 102.8793, 54.62905, 231.9837, 74.56635, 255.6673, 588.9767, 462.3165, 223.0323, 430.8614, 991.4444
243.3, 160.5106, 1361.292, 576.2327, 22.91079, 238.2079, 13.27056, 233.9642, 341.9299, 333.9876, 97.10845, 51.92142, 218.7368, 71.08132, 239.4055, 557.0848, 436.2383, 208.977, 406.8339, 940.9485
243.4, 150.7009, 1280.225, 546.6226, 21.85581, 224.9219, 12.16007, 354.2849, 322.109, 312.5603, 91.66135, 49.34799, 206.2463, 67.75917, 224.1781, 526.9199, 411.631, 195.8075, 384.1463, 893.0244
243.5, 141.4907, 1203.985, 642.7133, 20.84941, 248.4823, 11.14251, 331.3248, 371.8669, 292.5076, 86.51979, 46.90211, 194.4691, 64.59229, 209.9192, 498.3882, 388.4119, 183.4679, 362.7239, 847.5412
243.6, 132.8434, 1135.123, 630.8765, 19.88935, 234.6232, 10.2101, 359.3399, 350.3106, 273.7414, 81.66664, 44.57746, 183.3644, 61.57341, 196.5672, 471.4015, 366.5024, 171.9059, 342.4962, 804.3745
243.7, 124.7246, 1067.525, 762.4413, 18.97349, 221.5371, 9.355719, 336.0522, 330.0039, 256.1792, 77.08572, 42.36802, 172.8938, 58.69564, 184.0645, 445.8761, 345.8288, 161.0726, 323.3964, 763.4064
243.8, 117.1019, 1018.303, 723.2628, 18.09981, 209.1809, 8.572829, 314.2737, 310.8743, 239.7437, 72.76175, 40.2681, 163.021, 55.95236, 172.3571, 421.7328, 326.3214, 150.9219, 305.3618, 724.5249
243.9, 109.9452, 992.4037, 727.1129, 17.26637, 197.5138, 7.855452, 339.9924, 292.8536, 224.3627, 68.68033, 38.27225, 153.7121, 53.3373, 161.3943, 521.3904, 307.9144, 141.411, 288.3329, 687.6237
244, 103.2258, 933.3043, 689.7497, 16.47129, 186.4975, 7.198105, 317.9586, 280.2178, 209.9684, 64.82784, 36.37533, 144.9347, 50.84446, 151.1288, 493.1581, 290.5456, 132.4994, 272.2537, 652.6019
244.1, 96.91707, 877.7243, 654.3065, 15.71283, 176.0956, 6.595766, 297.3527, 344.2492, 196.4977, 61.19146, 34.57242, 136.6586, 48.46812, 141.5162, 466.4546, 274.1566, 124.1494, 257.0711, 745.4688
244.2, 90.99391, 825.4543, 620.6845, 14.9893, 166.2739, 6.04383, 278.0822, 456.7881, 328.9574, 57.75904, 32.85888, 128.855, 46.20285, 132.515, 441.1971, 258.692, 116.3256, 242.7352, 937.8853
244.3, 85.43275, 776.297, 588.7902, 14.29908, 157, 5.53808, 303.2291, 783.1416, 415.1149, 54.51917, 31.23026, 121.497, 44.04345, 124.0864, 417.3071, 244.0998, 586.051, 229.1988, 890.1173
244.4, 80.21147, 738.1907, 558.5349, 13.64065, 235.948, 5.074652, 283.5778, 1028.017, 388.4828, 51.46103, 29.68236, 114.5592, 41.98498, 116.1938, 394.7108, 230.3307, 762.5466, 216.4173, 844.7822
244.5, 75.30929, 694.2302, 529.8342, 13.01253, 222.788, 4.650003, 265.2, 968.4252, 363.5592, 48.57442, 28.21119, 108.0176, 40.02272, 108.8033, 373.338, 217.3382, 714.4917, 204.3485, 801.756
244.6, 70.7067, 652.8875, 502.6083, 12.41334, 210.362, 4.260889, 248.0132, 912.2878, 340.2346, 45.84974, 26.81293, 101.8495, 38.15216, 101.8828, 353.1225, 205.0787, 792.5757, 192.9528, 911.3292
244.7, 66.38541, 614.0069, 476.7815, 11.84173, 198.6291, 3.904336, 231.9403, 859.4045, 318.4065, 43.27789, 25.48398, 96.03358, 36.36903, 95.40257, 372.0984, 193.5106, 914.4542, 182.1925, 864.9138
244.8, 62.32822, 577.4417, 452.2817, 11.29645, 195.0263, 3.57762, 216.909, 853.494, 345.455, 40.8503, 24.22089, 90.5498, 34.66924, 89.33447, 351.95, 182.5951, 1200.532, 172.0323, 820.8623
244.9, 58.51899, 543.054, 429.041, 10.77628, 184.1487, 3.278244, 202.8518, 804.0189, 323.292, 38.55889, 23.02041, 85.37916, 33.04889, 83.65233, 393.9301, 172.2954, 1385.115, 162.4387, 779.0544
245, 54.94255, 510.7142, 406.9944, 10.28006, 173.8778, 3.003919, 189.7056, 757.4117, 494.1869, 36.396, 21.87943, 80.50378, 31.50428, 78.3316, 372.5996, 162.5766, 1297.826, 153.3801, 739.3759
245.1, 51.5847, 559.3556, 386.0807, 9.806692, 164.1798, 2.75255, 177.4114, 713.5062, 595.268, 34.35444, 20.79499, 75.90679, 30.03185, 73.3493, 352.4241, 153.406, 1342.631, 144.8267, 701.7183
245.2, 48.43206, 526.045, 366.2417, 9.35512, 155.0227, 2.522216, 165.9139, 672.1459, 955.1875, 32.4274, 19.76431, 71.5723, 28.62824, 68.68391, 333.3411, 144.7527, 1324.598, 136.7503, 665.9786
245.3, 45.4721, 494.7181, 403.781, 8.924341, 146.3763, 2.311156, 155.1616, 633.183, 969.9178, 30.60845, 18.78472, 67.48533, 27.29024, 64.31525, 315.2913, 136.5875, 1293.322, 129.1242, 632.0593
245.4, 42.69304, 710.0883, 383.0325, 8.513398, 138.2122, 2.117758, 145.1061, 610.3669, 1060.524, 28.89153, 17.85367, 63.63173, 26.01476, 60.22447, 298.2189, 128.8829, 1211.818, 121.9234, 599.8674
245.5, 40.08382, 670.8997, 404.8147, 8.121378, 130.5034, 1.940543, 135.7022, 574.9854, 1071.053, 27.27092, 16.96877, 59.99819, 24.7989, 56.39388, 282.071, 121.6129, 1135.451, 115.1242, 569.3152
245.6, 37.63407, 630.9464, 384.0131, 7.74741, 123.2246, 1.778158, 126.9078, 541.6547, 1110.912, 25.74121, 16.12773, 56.57213, 23.63987, 52.80694, 266.7974, 114.753, 1063.896, 108.7042, 540.319
245.7, 35.33403, 593.3724, 403.7217, 7.390662, 116.3518, 1.629361, 118.6833, 510.2562, 1104.078, 24.29731, 15.32838, 53.34171, 22.535, 49.44814, 252.3509, 108.2801, 996.85, 102.6422, 512.7997
245.8, 33.17457, 558.0361, 401.5835, 7.050341, 109.8623, 1.493016, 110.9918, 480.6778, 1033.245, 22.9344, 14.56864, 50.29575, 21.48178, 46.30299, 238.6866, 102.1722, 1014.872, 96.9182, 486.6819
245.9, 31.14708, 524.804, 380.9479, 6.725691, 103.7347, 1.36808, 103.7988, 452.8139, 1019.524, 21.64794, 13.84656, 47.42373, 20.47778, 43.35788, 225.7622, 96.40893, 978.3596, 91.51344, 461.8944
246, 29.2435, 526.4305, 361.3726, 6.415991, 97.9489, 1.253598, 97.07191, 426.5653, 954.1155, 20.43365, 13.16027, 44.7157, 19.5207, 40.60009, 213.5376, 90.97072, 916.7043, 86.41008, 595.0591
246.1, 27.45626, 495.0807, 342.8033, 6.120551, 92.48581, 1.148697, 90.78098, 461.3963, 969.5677, 19.28746, 12.508, 42.16231, 18.60835, 38.01772, 201.975, 85.83926, 924.7733, 81.59132, 564.7518
246.2, 25.77825, 465.5977, 325.1881, 5.838716, 87.32742, 1.052573, 84.89776, 658.2803, 907.364, 18.20557, 11.88805, 39.75473, 17.73865, 35.59959, 191.0385, 295.5427, 866.495, 77.04128, 535.988
246.3, 24.2028, 437.8705, 355.9131, 5.569858, 82.45674, 0.9644936, 79.39581, 620.1212, 849.1509, 17.18436, 11.29883, 37.48462, 16.90959, 33.33527, 180.6941, 278.8718, 811.8893, 72.74497, 583.639
246.4, 22.72363, 485.9987, 337.6243, 5.313381, 77.85772, 0.8837845, 74.25041, 584.1742, 965.4805, 65.61108, 10.73882, 35.34415, 16.11928, 31.21497, 236.7244, 315.2741, 813.7286, 68.68826, 553.9133
246.5, 21.33485, 457.0566, 468.3936, 5.068713, 73.51521, 0.8098291, 69.43848, 550.3109, 903.5389, 61.93076, 10.20656, 33.3259, 15.36591, 29.22954, 223.9063, 370.7839, 818.4949, 64.85778, 840.6248
246.6, 20.03096, 429.8381, 468.4661, 4.835312, 69.41491, 0.7420623, 64.93839, 712.2436, 986.2235, 145.1611, 9.700683, 205.5952, 14.64775, 27.37039, 211.7822, 559.8911, 1007.663, 169.9805, 797.8104
246.7, 67.90382, 404.2404, 444.3937, 4.612659, 65.5433, 0.6799663, 60.72994, 693.889, 972.293, 182.9151, 9.219878, 193.8551, 13.96315, 25.62949, 200.3146, 777.4003, 1065.95, 250.9977, 757.1766
246.8, 63.75383, 380.1672, 490.6056, 4.400258, 61.88762, 0.6230665, 117.8211, 687.0169, 972.9906, 172.6549, 8.762905, 182.7854, 13.31055, 23.99932, 189.468, 733.5489, 998.7747, 237.0005, 718.6124
246.9, 59.85747, 357.5276, 465.3955, 4.197638, 58.43584, 0.5709282, 110.1855, 647.1921, 910.5673, 379.2498, 8.328581, 172.3479, 12.68845, 22.47284, 179.2087, 692.171, 935.8329, 223.7839, 682.0123
247, 56.19923, 336.2362, 441.4808, 4.004347, 55.17659, 0.5231527, 103.0447, 677.8799, 1003.876, 379.3761, 7.915783, 162.5064, 12.09543, 21.04345, 169.5049, 653.1272, 876.8576, 211.3043, 647.2762
247.1, 52.76458, 316.2127, 471.207, 3.819957, 52.09912, 0.4793751, 96.36674, 638.5847, 939.4714, 358.0958, 7.523446, 153.2268, 11.53012, 19.70498, 349.6333, 616.2858, 1031.244, 199.5206, 614.3094
247.2, 49.53983, 297.3817, 467.8592, 3.644058, 49.19329, 0.4392608, 90.12151, 601.5674, 879.1985, 338.0091, 7.150555, 144.4771, 10.99123, 18.45164, 330.7014, 581.5225, 966.2561, 188.3941, 583.0216
247.3, 46.51217, 279.6721, 443.8179, 3.476259, 46.44954, 0.4025033, 84.28102, 566.6959, 822.7925, 319.0492, 6.796145, 136.2271, 10.47753, 17.27802, 312.7946, 548.7201, 905.3636, 177.8881, 553.3274
247.4, 43.66954, 263.0171, 448.0627, 3.316186, 43.85882, 0.3688217, 78.81904, 533.8458, 770.0052, 304.9079, 6.459301, 128.4482, 9.987843, 16.17905, 295.8574, 517.768, 848.3085, 167.9679, 525.1455
247.5, 41.00064, 247.354, 514.1077, 3.163485, 41.4126, 0.3379586, 73.71103, 502.8999, 720.6047, 330.0183, 6.139153, 121.1134, 9.521038, 15.14998, 279.8373, 488.5619, 794.8489, 158.601, 498.399
247.6, 38.49486, 232.6236, 553.2703, 3.017815, 39.10281, 0.3096781, 68.93405, 473.7479, 674.3734, 413.4552, 5.834872, 114.1975, 9.076051, 14.18636, 264.6847, 461.0032, 744.7582, 149.7564, 473.0147
247.7, 36.14222, 218.7705, 625.4299, 2.878852, 36.92186, 0.2837642, 64.46665, 446.2858, 631.1082, 390.2632, 5.545672, 107.6765, 8.65186, 13.28403, 352.5579, 434.9991, 835.6281, 141.4051, 448.9233
247.8, 93.37064, 205.7423, 650.1411, 2.746289, 34.86254, 0.2600187, 60.28877, 420.4156, 590.6187, 379.0918, 5.270807, 101.5279, 8.247496, 12.4391, 350.4053, 542.896, 894.4128, 133.5195, 426.0589
247.9, 87.66422, 193.49, 616.7332, 2.619829, 32.91809, 0.2382602, 56.38165, 396.045, 552.7269, 477.0553, 5.009565, 95.73037, 7.86203, 11.64791, 333.9282, 664.4245, 910.6801, 315.8956, 404.359
248, 82.30656, 181.9673, 585.042, 2.499193, 31.08208, 0.2183225, 52.72773, 373.0872, 517.2661, 516.5902, 4.761271, 90.2639, 7.49458, 10.90704, 378.7251, 922.3924, 943.853, 469.6245, 383.7643
248.1, 77.27633, 171.1308, 554.9792, 2.384112, 29.34848, 0.2000532, 49.31062, 351.4601, 484.0802, 487.6131, 4.525284, 85.10958, 7.144303, 10.2133, 363.2903, 870.3623, 884.3723, 486.5034, 364.2186
248.2, 72.55353, 160.9397, 526.4613, 2.274329, 27.71157, 0.1833127, 46.11495, 331.0868, 453.0235, 460.2614, 4.300993, 80.24959, 6.810398, 9.563678, 357.1887, 925.1755, 828.64, 459.373, 345.6683
248.3, 68.11936, 151.3555, 499.4088, 2.169602, 26.16596, 0.167973, 43.12639, 311.8944, 423.9593, 517.0634, 4.087819, 75.66711, 6.492098, 8.955379, 382.9189, 939.2124, 776.4199, 544.7457, 328.0629
248.4, 72.46577, 142.342, 473.7463, 2.069698, 24.70656, 0.153917, 40.3315, 293.8146, 396.7596, 488.0597, 3.88521, 71.34631, 6.188674, 8.38577, 422.0005, 1033.772, 727.4906, 514.3672, 311.3541
248.5, 68.03696, 133.8652, 449.4026, 1.974394, 23.32855, 0.1410372, 37.71775, 276.7828, 371.3051, 574.5575, 3.692644, 67.27225, 5.899433, 7.852391, 399.15, 975.4592, 750.1612, 485.6829, 295.4963
248.6, 63.87883, 125.8933, 426.3097, 1.883478, 22.0274, 0.1292351, 35.27338, 260.7383, 347.4836, 542.3289, 3.509622, 63.43082, 5.623709, 7.352938, 377.5368, 920.4358, 702.8868, 458.5982, 280.4462
248.7, 59.97483, 118.3962, 404.4035, 1.796749, 20.79883, 0.1184207, 32.98742, 245.6239, 325.1903, 511.908, 3.335671, 59.80874, 5.360872, 6.885253, 371.5097, 931.4603, 754.1284, 433.0239, 266.1627
248.8, 56.30943, 111.3455, 383.623, 1.714013, 19.63877, 0.1085112, 30.84961, 231.3856, 304.3274, 483.1936, 3.170342, 56.3935, 5.11032, 6.447315, 351.3932, 929.5459, 706.6039, 408.8758, 252.6066
248.9, 52.86803, 104.7146, 363.9103, 1.635087, 18.54342, 0.09943097, 28.85035, 217.9727, 284.8029, 456.0898, 3.013207, 53.17328, 4.871477, 6.037232, 332.366, 877.1123, 703.7343, 386.0744, 239.7409
249, 58.05754, 98.4787, 345.2105, 1.559796, 17.50916, 0.09111056, 26.98065, 205.3373, 266.531, 430.5064, 2.863861, 50.13694, 4.643797, 5.653233, 314.369, 876.5781, 869.1059, 364.5445, 227.5305
249.1, 94.91718, 92.61412, 327.4716, 1.487971, 16.53259, 0.08348639, 25.23212, 193.4344, 249.4314, 406.358, 2.721917, 47.27398, 4.426759, 5.293658, 306.6171, 827.1323, 814.3357, 344.2152, 215.942
249.2, 89.11625, 87.09879, 310.6443, 1.419454, 15.61049, 0.07650022, 23.5969, 182.2214, 233.4289, 406.4319, 2.587008, 44.57451, 4.219864, 4.956954, 290.0144, 780.4756, 763.017, 325.0196, 204.9437
249.3, 83.66985, 81.9119, 294.6817, 1.354092, 14.73981, 0.07009866, 22.06767, 171.6584, 218.453, 394.0545, 2.458786, 42.02918, 4.022639, 4.641666, 274.3107, 799.248, 714.9324, 306.8945, 194.5056
249.4, 96.64754, 77.0339, 313.5915, 1.291739, 13.9177, 0.06423278, 20.63753, 161.7078, 204.4379, 371.9508, 2.336919, 39.6292, 3.834631, 4.346432, 259.4574, 807.6207, 669.8781, 289.7802, 184.5991
249.5, 135.5076, 72.44639, 307.7355, 1.232258, 13.14144, 0.05885776, 19.30008, 152.3339, 323.4335, 383.1834, 2.221092, 37.36626, 3.655411, 4.069976, 245.4083, 918.0149, 627.663, 333.5615, 175.1972
249.6, 158.1787, 68.13208, 291.9223, 1.175516, 12.40848, 0.05393253, 18.0493, 143.5035, 335.8157, 392.0589, 2.111006, 105.4073, 3.484567, 3.811105, 232.1199, 981.231, 588.1083, 383.0392, 166.2741
249.7, 200.7636, 64.07469, 321.7545, 1.121386, 11.7164, 0.04941943, 16.87958, 135.1849, 314.2711, 370.0671, 2.006376, 220.9287, 3.321708, 3.568699, 219.5511, 952.4088, 551.0463, 361.6785, 157.8055
249.8, 188.4938, 60.25893, 305.221, 1.069749, 11.06292, 0.045284, 15.78567, 127.3485, 373.2625, 349.309, 1.906932, 208.3131, 3.16646, 27.25509, 207.6629, 1023.995, 623.3904, 473.215, 149.7682
249.9, 176.9739, 56.6704, 289.537, 1.02049, 10.44588, 0.04149462, 14.76265, 119.9664, 409.84, 335.7281, 1.812417, 196.4178, 3.018468, 101.5056, 196.4183, 1035.871, 723.2354, 564.7316, 142.1403
250, 166.158, 53.29558, 283.2203, 0.9734994, 9.863265, 56.1526, 13.80593, 113.0122, 451.8711, 397.3025, 1.722587, 309.4014, 2.877393, 95.04931, 185.7827, 1255.867, 677.6578, 564.5653, 134.9008
250.1, 156.0031, 50.12173, 268.6669, 0.9286723, 9.313142, 77.8756, 12.91121, 106.4612, 422.8808, 479.2013, 1.637208, 291.7337, 2.742911, 89.00368, 249.2272, 1185.026, 634.9525, 661.1894, 128.0301
250.2, 146.4689, 47.13689, 254.8613, 0.8859093, 8.793702, 71.35895, 12.07448, 100.2898, 502.7918, 452.3214, 1.556062, 477.689, 2.614715, 83.34258, 235.7321, 1253.568, 594.9384, 679.2204, 121.5093
250.3, 206.3313, 44.32981, 241.765, 0.8451155, 8.303234, 65.3876, 11.29197, 94.47626, 620.6849, 629.0895, 1.478937, 450.4116, 2.49251, 78.04156, 222.9677, 1343.273, 673.1655, 689.8121, 115.3207
250.4, 193.7212, 41.68989, 229.3418, 0.8062001, 7.840122, 59.91595, 10.56017, 88.99969, 639.0437, 593.802, 1.405635, 424.6919, 2.376017, 73.07771, 210.8944, 1559.154, 630.7432, 725.4215, 109.4472
250.5, 285.98, 39.20718, 217.5569, 0.7690767, 7.40284, 54.90216, 9.875803, 83.84058, 689.8196, 560.4939, 1.335966, 400.4408, 2.264968, 136.3552, 199.4749, 1471.206, 590.9944, 777.6003, 103.8729
250.6, 268.5021, 36.87232, 206.3776, 0.7336627, 6.989947, 50.30793, 9.235784, 78.98052, 645.5635, 529.0541, 1.269751, 377.5746, 2.15911, 143.6667, 188.6738, 1388.219, 553.7505, 780.3638, 98.58245
250.7, 252.0924, 34.67651, 195.7728, 0.6998795, 6.600083, 46.09814, 8.637241, 74.4022, 604.1466, 499.3779, 1.206817, 356.014, 2.058199, 172.256, 178.4575, 1309.912, 595.6525, 759.1285, 93.56149
250.8, 236.6856, 32.61146, 185.7129, 0.6676518, 6.231964, 42.24063, 8.077489, 70.08927, 565.3868, 471.3663, 1.147002, 458.2693, 1.962004, 161.2996, 168.7944, 1319.899, 558.1151, 716.7948, 88.79625
250.9, 222.2204, 30.66939, 176.1699, 0.6369082, 5.884377, 38.70592, 7.554013, 66.02635, 529.1138, 444.926, 1.090152, 562.9254, 1.870305, 151.0401, 159.6545, 1245.446, 586.4119, 676.8218, 84.27371
251, 208.6392, 28.84298, 167.1173, 0.6075802, 5.556176, 35.467, 7.064461, 62.19895, 495.1678, 419.9688, 1.03612, 530.7808, 1.782892, 141.4332, 151.0095, 1223.383, 664.4139, 639.0781, 79.98151
251.1, 195.8881, 27.12533, 158.5299, 0.5796028, 5.24628, 32.49911, 6.606636, 58.59342, 463.3998, 396.4115, 0.9847659, 500.4718, 1.699565, 132.4373, 142.8327, 1315.977, 622.5432, 773.1337, 75.90793
251.2, 241.9146, 25.50996, 150.3837, 0.5529136, 4.953669, 29.77957, 6.178481, 55.19689, 433.6698, 411.1571, 0.9359571, 471.8935, 1.620132, 124.0136, 135.0986, 1366.362, 583.3111, 853.7772, 72.04182
251.3, 227.1298, 23.9908, 142.6561, 0.5274534, 4.677379, 27.28761, 5.778073, 51.99725, 405.8472, 460.0628, 0.8895674, 502.5638, 1.544411, 136.9243, 127.7832, 1371.273, 797.6974, 806.1653, 68.37261
251.4, 213.2486, 22.56211, 135.3257, 30.91405, 4.416498, 25.00417, 5.403615, 48.98308, 433.5666, 434.2565, 0.8454769, 565.7764, 1.472229, 128.2152, 120.864, 1361.252, 927.7495, 761.2085, 64.89028
251.5, 283.7111, 21.21849, 147.69, 29.49054, 4.170168, 94.9274, 5.053424, 46.14364, 437.398, 409.8978, 0.8035718, 694.0837, 1.403421, 120.0601, 114.3195, 1427.237, 990.3602, 718.7588, 61.58531
251.6, 267.2335, 19.95489, 140.1008, 28.13258, 3.937577, 380.4198, 4.725927, 43.4688, 556.6878, 386.9054, 0.7637436, 835.9976, 1.337829, 112.4236, 108.1293, 1423.34, 927.9486, 678.6763, 58.44867
251.7, 255.1052, 18.76654, 132.9016, 26.83715, 3.717959, 348.5862, 4.419655, 40.94901, 520.9728, 365.2027, 0.7258894, 897.968, 1.275303, 105.2729, 220.1771, 1482.943, 869.4702, 640.8291, 55.47179
251.8, 239.5143, 17.64896, 126.0724, 25.60137, 3.510591, 319.4164, 4.133231, 38.57529, 487.5492, 344.7174, 0.6899115, 846.6916, 1.215698, 98.57701, 208.255, 1399.293, 814.677, 605.0925, 52.64652
251.9, 224.8762, 16.59794, 119.5941, 29.65994, 3.314788, 292.6875, 3.86537, 36.33916, 456.2699, 325.3812, 0.6557168, 798.3432, 1.15888, 131.1017, 220.5462, 1320.362, 763.3369, 571.3488, 49.96515
252, 211.1327, 15.6095, 113.4487, 75.71609, 3.129906, 310.0033, 3.614867, 34.23266, 564.7607, 307.1296, 0.6232169, 752.7556, 1.104717, 122.763, 208.604, 1245.884, 715.2321, 539.4868, 47.42034
252.1, 198.2292, 14.67993, 107.619, 134.6993, 2.955335, 284.0621, 3.380599, 32.24827, 528.5278, 289.9018, 0.5923278, 825.0473, 1.053086, 126.5007, 201.2354, 1175.606, 670.1589, 509.4017, 714.5072
252.2, 186.1143, 13.80571, 135.4893, 128.4968, 12.64661, 260.2917, 3.161513, 30.37891, 519.2575, 273.6403, 0.5629697, 777.9348, 1.003867, 223.7405, 221.8736, 1225.163, 627.9261, 480.9943, 678.1162
252.3, 174.7398, 12.98356, 128.5271, 165.1039, 11.94125, 238.5104, 2.956626, 76.52044, 485.9439, 258.291, 0.5350667, 733.5126, 0.9569491, 254.5332, 356.6467, 1156.055, 667.0336, 454.171, 643.5787
252.4, 164.0604, 12.21036, 121.9227, 157.5013, 11.27522, 218.5518, 2.765016, 72.08472, 523.4869, 243.8027, 0.5085467, 691.6271, 0.9122239, 238.3436, 337.335, 1090.844, 662.7076, 428.8436, 610.8002
252.5, 154.0337, 11.48321, 115.6576, 150.2488, 10.64635, 200.2633, 2.585824, 67.90613, 524.84, 230.1271, 0.4833411, 652.1333, 0.869589, 223.1837, 319.069, 1063.138, 877.739, 404.9286, 579.6911
252.6, 144.6199, 10.79937, 109.7144, 143.3302, 10.05255, 183.5052, 2.418245, 63.96976, 491.1682, 217.2186, 0.4593848, 614.8947, 0.8289467, 208.9881, 301.7921, 1108.606, 1222.858, 382.3473, 550.1665
252.7, 135.7813, 10.15625, 110.8137, 136.7303, 9.491868, 168.1494, 2.261527, 60.26158, 459.6568, 205.0341, 0.4366159, 579.7825, 0.790204, 195.6953, 285.4506, 1046.073, 1267.371, 361.0253, 522.1456
252.8, 171.2673, 9.551424, 105.1194, 130.4342, 8.96246, 154.0786, 2.114964, 56.76835, 430.167, 193.5332, 0.4149755, 546.6754, 0.753272, 183.2481, 269.994, 987.0659, 1187.502, 340.8922, 495.5519
252.9, 160.8001, 8.98262, 99.7178, 124.428, 8.462579, 141.1853, 1.9779, 53.47761, 402.5691, 182.6773, 0.3944076, 515.4587, 0.7180661, 171.5926, 255.3744, 931.3878, 1112.667, 321.882, 470.3127
253, 150.9727, 8.447689, 94.59374, 118.6984, 7.990579, 129.3708, 1.849719, 50.37763, 435.7705, 172.4304, 0.3748592, 486.0246, 0.6845056, 160.6784, 241.5464, 878.8503, 1042.548, 303.9318, 446.3589
253.1, 149.78, 20.54124, 89.73298, 113.2327, 7.544905, 118.545, 1.729844, 47.45735, 407.8131, 162.7583, 0.3562797, 458.2712, 0.6525137, 150.4584, 228.4672, 829.2763, 976.8475, 286.9827, 423.6251
253.2, 190.1184, 19.31797, 100.9065, 108.0186, 7.124089, 108.6251, 1.617739, 44.70636, 381.6494, 153.6287, 0.3386211, 432.1027, 0.622017, 140.8885, 216.0961, 782.4987, 915.2875, 270.9788, 402.0491
253.3, 178.4992, 18.16755, 103.2415, 103.0446, 6.726743, 99.53535, 1.512898, 42.11483, 357.1642, 145.0112, 0.3218377, 407.4284, 0.5929456, 131.9272, 204.395, 738.3597, 857.6069, 255.8673, 381.5721
253.4, 167.5901, 17.08564, 97.93639, 98.29971, 6.35156, 91.2062, 1.414852, 39.67352, 334.2499, 136.8771, 0.3058862, 384.1631, 0.5652329, 123.536, 193.3274, 696.7105, 803.5613, 241.5985, 362.138
253.5, 171.5047, 16.06816, 92.90386, 93.77327, 5.997302, 83.57404, 1.32316, 37.37374, 312.8058, 129.1992, 0.2907253, 362.2264, 0.5388154, 115.6784, 182.8591, 657.4106, 752.9217, 228.1255, 343.6938
253.6, 161.023, 31.15172, 175.0275, 89.45525, 5.662803, 76.58054, 1.23741, 35.20726, 335.3712, 273.6462, 0.2763158, 341.5423, 0.5136326, 108.3207, 172.9577, 620.3276, 705.4733, 215.4038, 326.1889
253.7, 151.182, 29.29658, 166.0336, 85.33607, 5.346961, 70.17225, 1.157218, 33.16638, 396.8649, 274.0859, 0.2626205, 322.0393, 0.4896268, 101.4309, 163.5924, 735.2912, 661.015, 203.3916, 309.5755
253.8, 141.9424, 27.55191, 157.5018, 81.40657, 5.048734, 64.30021, 1.082222, 31.2438, 428.0628, 273.4927, 0.249604, 303.65, 0.466743, 94.97939, 272.5335, 693.8151, 619.3585, 192.0492, 293.8083
253.9, 133.2675, 25.91115, 149.4085, 77.65801, 4.767141, 58.91955, 1.012087, 29.43266, 400.5999, 340.6572, 0.2372326, 286.3107, 0.4449286, 88.93821, 285.4966, 851.2045, 816.3317, 181.3393, 278.8442
254, 125.1227, 127.0327, 151.5508, 74.08206, 4.501255, 53.98914, 0.9464965, 27.72652, 388.594, 321.5487, 0.2254744, 269.9616, 0.4241339, 83.28128, 361.2802, 817.4813, 887.0383, 171.2267, 264.6422
254.1, 117.4758, 119.4677, 143.7632, 70.67078, 4.250197, 49.47131, 0.885157, 26.11927, 412.5318, 350.0227, 0.214299, 254.5461, 0.404311, 77.98416, 390.5839, 839.6646, 831.138, 161.6781, 251.1636
254.2, 110.2962, 112.3532, 136.3759, 67.41657, 4.013143, 45.33154, 0.8277928, 24.6052, 410.3871, 417.8191, 0.2036775, 240.0108, 0.3854146, 73.02396, 369.4346, 792.301, 778.7605, 152.6619, 238.3714
254.3, 103.5553, 105.6624, 190.5643, 64.31222, 3.78931, 41.53818, 0.7741462, 23.17889, 392.7137, 394.3824, 0.1935825, 226.3055, 0.3674014, 68.37926, 516.6757, 747.6091, 729.6838, 144.1485, 226.2307
254.4, 97.22646, 111.9868, 294.1672, 61.35081, 3.577962, 38.06225, 0.7239763, 21.83526, 419.9776, 372.2603, 0.1839878, 213.3828, 0.35023, 64.02998, 681.2901, 705.4381, 683.6998, 136.1099, 214.7084
254.5, 91.28439, 193.5464, 294.4234, 58.52576, 3.378401, 34.87719, 0.6770577, 20.56952, 393.0334, 351.3792, 0.1748686, 201.1981, 0.3338612, 59.95734, 644.3997, 665.6459, 640.6137, 128.5195, 203.773
254.6, 85.70548, 182.0204, 326.3888, 55.83081, 3.189971, 31.95865, 0.6331797, 19.37715, 367.8179, 331.6693, 0.1662014, 189.7091, 0.3182574, 56.14375, 639.9304, 628.0983, 600.2429, 121.3525, 193.3945
254.7, 80.46753, 237.0381, 467.617, 53.25994, 3.012051, 29.28434, 0.5921454, 18.2539, 494.8791, 313.0649, 0.1579638, 178.8762, 0.3033829, 52.57271, 842.9238, 709.8219, 562.4161, 114.5851, 183.5446
254.8, 75.5497, 312.8768, 443.5882, 50.80746, 2.844054, 26.83382, 0.5537703, 17.19576, 463.1295, 295.5042, 0.1501345, 168.6619, 0.2892036, 49.22881, 797.2812, 669.7825, 526.9732, 108.1951, 174.1964
254.9, 70.93242, 294.2444, 519.0637, 48.46791, 2.685427, 24.58835, 0.5178822, 16.19896, 565.8128, 278.9285, 0.1426933, 159.0308, 0.275687, 46.09761, 759.7631, 632.0015, 493.7639, 102.1615, 165.3243
255, 129.3949, 276.7216, 507.003, 46.2361, 2.535647, 22.53079, 0.4843199, 15.25994, 603.6569, 354.0276, 0.1356208, 149.9497, 0.2628022, 43.16556, 718.6235, 789.9684, 714.5633, 96.46435, 156.904
255.1, 121.4869, 260.2424, 518.3698, 44.10704, 21.77022, 20.64541, 0.4529327, 14.37536, 593.4103, 399.5065, 0.1288989, 141.3872, 0.2505195, 40.42001, 679.7115, 853.5516, 669.5322, 91.08489, 148.9126
255.2, 159.129, 244.7445, 491.733, 42.07603, 20.55599, 18.91779, 0.4235796, 13.54205, 555.3394, 424.9587, 0.1225102, 133.3136, 0.2388109, 37.84908, 685.4166, 887.041, 627.3389, 86.00543, 141.3283
255.3, 149.4037, 230.1695, 466.465, 106.3417, 19.40948, 17.33475, 0.3961287, 12.75705, 701.6314, 436.5909, 0.1164381, 125.701, 349.5466, 35.44168, 718.0424, 837.0049, 625.3249, 81.20924, 134.1302
255.4, 140.2728, 227.2787, 642.6403, 165.5825, 18.32692, 15.88417, 0.3704569, 12.01755, 800.3459, 412.1012, 0.110667, 118.5232, 333.2097, 33.18741, 705.5297, 812.0222, 717.283, 76.6805, 127.2987
255.5, 131.6999, 213.7439, 609.6179, 157.9578, 17.30473, 14.55498, 0.3464487, 11.32092, 748.9988, 516.0934, 0.1051819, 111.7552, 317.6364, 31.07652, 667.3267, 919.1484, 672.0805, 72.40432, 120.8152
255.6, 123.6509, 201.0151, 590.1427, 191.1308, 28.40064, 62.58652, 0.3239965, 10.66467, 700.9459, 487.1442, 0.09996865, 202.8891, 302.7909, 29.09989, 631.1923, 1075.222, 629.7266, 68.36661, 114.6619
255.7, 116.0939, 189.0443, 559.8178, 182.3297, 26.8166, 57.34926, 0.3029993, 10.04646, 655.9759, 459.8188, 0.09501381, 191.3036, 288.6393, 142.5074, 616.1204, 1014.571, 590.0419, 273.4912, 108.822
255.8, 123.9858, 177.7863, 531.0512, 173.9339, 58.57346, 56.22366, 0.2833629, 9.464092, 613.891, 434.0262, 0.09030455, 180.3796, 275.149, 159.0627, 582.7588, 957.3411, 552.858, 258.2396, 103.2795
255.9, 116.4083, 342.1565, 503.7628, 165.9247, 55.30653, 51.51885, 0.2649991, 8.91548, 574.5061, 409.6804, 0.08582871, 236.8412, 262.2893, 148.9455, 615.1548, 903.3396, 682.642, 243.8386, 98.01929
256, 109.294, 321.7804, 477.8766, 158.2843, 52.22182, 47.20773, 0.2478253, 8.398669, 537.648, 386.7002, 0.0815747, 223.3169, 250.0306, 139.4718, 581.8455, 852.3842, 639.6226, 230.2406, 93.02702
256.1, 102.6144, 302.6178, 453.3206, 150.9957, 81.20432, 43.25737, 0.2317645, 7.911817, 503.1546, 365.0091, 0.07753154, 210.5649, 238.3448, 214.2635, 615.3661, 804.3032, 599.3141, 217.401, 88.289
256.2, 96.34303, 338.4579, 430.0265, 144.0428, 76.67515, 39.63758, 0.2167446, 7.453187, 470.8741, 423.3107, 0.07368877, 198.5411, 227.2052, 200.6353, 654.9415, 758.9342, 561.546, 205.2773, 83.7923
256.3, 90.45496, 318.3022, 556.6058, 137.41, 72.3986, 36.32069, 0.2026981, 7.021142, 440.6646, 399.566, 0.07003646, 187.2038, 216.5863, 187.8738, 619.4778, 716.1245, 526.1579, 193.8298, 79.52462
256.4, 84.92673, 347.1324, 567.6847, 131.0826, 68.36057, 33.28136, 0.1895619, 6.614142, 412.3932, 377.1531, 0.06656518, 176.514, 206.4636, 182.51, 585.9343, 675.7295, 492.9999, 183.0206, 75.4743
256.5, 79.73637, 390.9944, 538.5139, 125.0466, 64.54777, 30.49637, 0.177277, 6.230735, 385.9357, 355.9975, 0.06326594, 166.4345, 196.8141, 170.9014, 640.0255, 637.6131, 461.9315, 172.8143, 71.63027
256.6, 74.86323, 705.7444, 510.842, 119.2885, 138.0602, 85.06303, 0.1657882, 5.869553, 361.1755, 336.0285, 0.06013023, 279.7442, 187.6155, 160.0312, 613.6423, 601.6468, 432.8211, 163.1771, 67.98203
256.7, 70.2879, 1497.042, 484.592, 113.7956, 179.4331, 77.94493, 0.155044, 5.529308, 338.0039, 317.1797, 0.05714994, 263.77, 178.8469, 155.1924, 580.4149, 567.7092, 405.5451, 154.0773, 64.51959
256.8, 65.9922, 1655.649, 601.259, 108.5556, 322.574, 71.42247, 0.1449961, 5.208786, 316.3188, 299.3881, 0.05431736, 248.708, 170.488, 278.018, 548.9866, 535.686, 379.988, 145.485, 61.23351
256.9, 61.95904, 1734.399, 590.0162, 103.5569, 304.5824, 373.3001, 0.1355994, 4.906845, 296.0251, 324.5108, 0.05162518, 234.5061, 162.5199, 260.3346, 519.2601, 505.4692, 469.0643, 137.3718, 58.11478
257, 58.17237, 1631.113, 559.6978, 98.78837, 287.5944, 532.4033, 0.1268116, 4.622406, 277.0332, 306.308, 0.04906643, 221.1152, 154.9241, 243.776, 491.1432, 476.9568, 439.5043, 129.7111, 55.1549
257.1, 54.61712, 1644.172, 530.9374, 94.23942, 271.5538, 518.2837, 0.1185933, 4.354455, 259.2598, 289.1263, 0.04663451, 208.4889, 147.6834, 228.2706, 464.5488, 450.0527, 411.8072, 122.4776, 52.34578
257.2, 81.5654, 1546.259, 503.6548, 89.89994, 256.4079, 517.8948, 0.1109077, 4.102037, 242.6267, 272.9083, 0.04432312, 196.5836, 140.7811, 213.7514, 439.3944, 424.6663, 463.8831, 115.6475, 49.67972
257.3, 76.58047, 1590.741, 477.7742, 85.76028, 274.9594, 474.5572, 0.1037201, 3.864251, 227.0607, 257.6001, 0.04212629, 185.3581, 134.2013, 200.1557, 422.5119, 400.7118, 459.2457, 109.1983, 47.14945
257.4, 71.90019, 1496.01, 453.2235, 81.81125, 259.6236, 434.8461, 0.09699833, 3.640249, 212.4934, 243.1505, 0.04003834, 174.7737, 127.9291, 187.4247, 399.6338, 378.1086, 603.7234, 103.1087, 44.74805
257.5, 67.50596, 1406.92, 429.9343, 78.04405, 245.1431, 398.458, 0.09071218, 3.429232, 198.8606, 229.5115, 0.03805389, 164.7936, 121.9501, 175.5035, 377.9944, 356.7803, 648.521, 97.35873, 42.46896
257.6, 70.23008, 1323.135, 407.8419, 74.45033, 231.4703, 365.1149, 0.08483341, 3.230447, 186.1025, 216.6375, 0.03616779, 155.3835, 116.2505, 164.3406, 357.5268, 336.6551, 607.6519, 91.92941, 40.30595
257.7, 112.7205, 1244.34, 386.8846, 71.02208, 218.56, 334.562, 0.07933563, 3.043185, 174.1628, 204.4857, 0.03437517, 146.5106, 110.8172, 153.8877, 338.1674, 317.6652, 666.3769, 86.80285, 38.2531
257.8, 215.1856, 1170.237, 367.0043, 67.7517, 206.3699, 306.5657, 14.02113, 2.866778, 162.9892, 193.0155, 0.0326714, 138.1445, 105.6379, 144.0996, 319.8564, 299.7464, 624.3824, 81.96218, 36.30481
257.9, 202.0344, 1135.613, 348.1456, 64.63191, 194.8596, 280.9122, 13.11247, 2.700597, 152.5325, 182.1887, 0.03105208, 130.256, 100.7007, 134.9341, 302.5368, 282.8384, 585.0345, 77.39146, 34.45574
258, 189.6869, 1067.985, 330.2559, 61.65578, 183.9913, 257.4054, 12.26269, 2.54405, 142.7466, 171.9692, 0.02951301, 122.8181, 95.9942, 126.3516, 292.8949, 266.8841, 548.1662, 178.7862, 32.70086
258.1, 178.094, 1069.348, 313.2855, 58.81669, 173.7292, 235.8656, 11.46798, 2.396577, 133.5885, 162.3229, 0.02805023, 115.8048, 91.50769, 118.315, 277.0352, 251.8298, 513.6213, 183.2284, 31.03535
258.2, 222.2493, 1005.666, 297.1871, 56.10834, 164.0395, 216.1283, 10.72478, 2.257653, 125.018, 153.2177, 0.02665995, 109.192, 87.23087, 110.7896, 262.0343, 237.6246, 481.2534, 241.5851, 29.45467
258.3, 208.6663, 945.7771, 281.916, 53.5247, 154.8902, 198.0426, 10.02974, 2.126781, 116.9973, 180.6544, 0.02533858, 102.9569, 83.15393, 430.5839, 260.0673, 224.2207, 450.9252, 228.1129, 27.95449
258.4, 195.9135, 889.4544, 267.4295, 51.06002, 146.2512, 281.7557, 9.379745, 2.003497, 109.4912, 170.521, 0.0240827, 97.07776, 79.26754, 1151.148, 245.9852, 211.573, 422.5084, 215.3919, 26.53073
258.5, 183.9401, 836.4858, 253.6875, 48.70884, 138.0941, 258.1783, 8.771874, 1.887358, 102.4667, 160.9559, 0.02288907, 91.53436, 75.56279, 1246.745, 232.6656, 199.6386, 579.5253, 252.7599, 25.17947
258.6, 172.6985, 786.6716, 240.6516, 46.46593, 130.3919, 236.5738, 8.203397, 1.777952, 260.764, 151.9274, 0.02175459, 86.3075, 72.03119, 1470.36, 220.0672, 188.3774, 543.0042, 238.6644, 23.89704
258.7, 168.3728, 739.8239, 228.2856, 44.32629, 123.1193, 216.7772, 151.095, 1.674888, 288.4778, 143.4054, 0.02067635, 81.3791, 68.66464, 1491.311, 211.8073, 177.7515, 587.9955, 225.355, 22.67992
258.8, 158.0826, 820.5393, 216.555, 42.28518, 116.2523, 198.6373, 141.303, 1.577799, 311.4956, 135.3613, 0.01965155, 76.73212, 65.45544, 1396.456, 200.3384, 167.7249, 550.9406, 212.7878, 21.5248
258.9, 148.4213, 771.6747, 205.4271, 40.33806, 109.7683, 182.0152, 292.3149, 77.58491, 393.438, 127.7685, 0.01867754, 72.35051, 62.39623, 1314.873, 189.4905, 158.2639, 516.2208, 353.2126, 20.42851
259, 139.3504, 803.1414, 194.8711, 38.4806, 103.646, 166.7841, 273.3709, 109.759, 368.1965, 120.6016, 0.01775181, 68.2191, 59.48, 1231.24, 229.6018, 149.3366, 483.6891, 333.5152, 463.8172
259.1, 130.8339, 838.4205, 184.8576, 36.70867, 97.86517, 152.8276, 255.6546, 103.3965, 503.4844, 113.8367, 0.01687196, 64.3236, 56.70007, 1152.927, 217.1694, 140.9129, 453.2075, 314.9164, 440.1942
259.2, 122.8379, 821.0914, 175.3585, 35.01833, 92.40675, 140.0389, 239.0865, 279.0289, 471.1827, 107.4513, 0.01603572, 60.65055, 54.05006, 1114.823, 205.4101, 132.9643, 424.6468, 297.3546, 417.7744
259.3, 115.3306, 772.194, 166.3476, 33.40583, 87.25278, 128.3204, 223.592, 371.969, 526.6246, 101.424, 0.01524092, 57.18723, 51.5239, 1084.905, 319.3771, 125.4641, 397.8859, 280.7723, 482.9024
259.4, 108.282, 726.2084, 157.7997, 31.86757, 82.38626, 117.5825, 209.1017, 350.4068, 492.8383, 95.73483, 0.01448552, 53.92168, 49.11581, 1033.488, 302.0835, 118.3869, 441.717, 265.1147, 458.3074
259.5, 118.113, 682.9614, 149.6911, 30.40016, 77.79118, 107.7432, 195.5505, 337.3298, 461.2197, 90.36478, 0.01376756, 50.84261, 46.82027, 967.7528, 285.7263, 111.709, 660.1572, 250.3302, 434.9651
259.6, 136.4738, 642.2899, 232.584, 160.7118, 73.45238, 98.72719, 182.8775, 317.7755, 482.9013, 85.29594, 0.01308519, 47.93936, 44.63202, 906.1987, 270.2548, 377.8747, 618.5547, 375.6838, 412.8116
259.7, 128.1331, 608.3016, 220.6325, 160.2088, 69.35558, 90.46567, 171.0258, 299.3548, 514.9224, 80.51144, 0.01243664, 175.2576, 213.9951, 850.1457, 255.621, 534.3974, 674.6375, 575.3295, 568.0096
259.8, 343.1713, 572.0761, 209.2951, 152.8316, 65.48727, 104.1081, 347.472, 282.0019, 481.8869, 75.99532, 0.01182023, 447.4969, 441.5267, 816.2811, 348.951, 733.4965, 703.959, 543.2455, 612.7933
259.9, 406.7643, 538.0079, 301.5476, 148.3944, 61.83472, 99.63251, 324.9534, 285.2517, 557.6334, 158.9552, 0.01123437, 1029.947, 420.8909, 959.1403, 346.138, 828.4293, 659.5962, 512.9508, 581.5827
260, 381.9046, 505.9686, 286.0524, 164.2506, 58.3859, 91.29523, 303.8942, 353.9485, 521.8577, 150.039, 0.01067755, 1028.292, 401.2196, 919.6507, 351.606, 842.6737, 689.126, 484.3455, 707.7532
260.1, 497.301, 475.8373, 288.5463, 156.6873, 55.12943, 83.65561, 284.1998, 333.4308, 488.3773, 141.6228, 0.01014833, 969.5734, 382.4677, 861.1561, 332.5672, 795.1404, 775.9754, 457.3354, 744.7045
260.2, 485.3073, 463.7724, 273.7192, 149.4722, 52.05459, 76.65528, 265.7817, 407.2517, 457.0449, 133.6788, 0.009645337, 1042.11, 364.5922, 839.3231, 314.5594, 750.2883, 727.0742, 431.8315, 706.7755
260.3, 483.1509, 436.1539, 259.6539, 142.5894, 49.15125, 70.24074, 248.5572, 383.6443, 547.4791, 126.1803, 0.009167276, 1167.353, 347.5521, 785.9378, 297.5266, 707.9662, 681.2546, 407.7499, 670.7783
260.4, 602.0597, 431.3497, 246.3114, 136.0236, 46.40984, 64.36297, 376.8008, 361.4052, 512.355, 168.5009, 0.00871291, 1177.667, 331.3084, 735.9481, 281.4161, 738.8243, 638.3226, 385.0112, 636.6144
260.5, 619.9445, 405.662, 233.6546, 129.76, 43.82134, 58.97705, 403.8222, 340.4554, 534.736, 159.0492, 0.008281064, 1619.947, 315.824, 729.7727, 476.7923, 697.1489, 598.0961, 363.5406, 604.1906
260.6, 582.0562, 381.5042, 248.269, 123.7849, 41.3772, 54.04184, 377.6518, 320.7199, 590.3718, 150.1277, 0.007870622, 1819.417, 301.0632, 683.3553, 450.975, 686.5242, 560.4047, 343.2673, 573.4182
260.7, 795.2583, 416.8695, 235.5116, 118.0849, 39.06939, 49.5196, 353.1774, 302.1285, 552.4958, 239.5176, 0.007480523, 1907.13, 286.9923, 639.8904, 426.5556, 705.0211, 525.0885, 324.1246, 544.2131
260.8, 791.1002, 392.0442, 278.1996, 112.6474, 36.8903, 45.37578, 330.2891, 395.5005, 720.3682, 226.0823, 243.4148, 1798.228, 374.2667, 607.7372, 403.4585, 913.3875, 491.9979, 306.0494, 826.6088
260.9, 865.1775, 368.6973, 263.9041, 107.4603, 34.83275, 41.57872, 308.8841, 372.5742, 674.1521, 213.4007, 274.8152, 1898.17, 356.7744, 575.8514, 564.5976, 936.8726, 460.9927, 288.9821, 784.5082
261, 1050.393, 451.291, 280.659, 102.5121, 32.88995, 42.27008, 288.8663, 350.9769, 685.4126, 201.4304, 437.9446, 2191.061, 492.3734, 905.2875, 534.0258, 938.5958, 633.4292, 272.8667, 744.5519
261.1, 986.1975, 424.4159, 266.2372, 97.79164, 31.05552, 38.73291, 469.0884, 341.034, 641.4391, 190.1316, 548.15, 2216.541, 469.3612, 1070.151, 505.1094, 962.6024, 803.0688, 257.65, 813.3755
261.2, 925.9253, 399.1411, 252.5564, 93.28859, 29.3234, 133.3545, 438.6883, 398.2535, 600.2869, 198.2132, 568.6898, 2107.682, 447.4245, 1002.084, 538.2962, 1033.642, 922.524, 243.2818, 771.949
261.3, 869.3367, 426.101, 239.5786, 88.9929, 27.68789, 151.9557, 410.2583, 470.1262, 561.7748, 187.0948, 540.5032, 2216.577, 426.5131, 1180.469, 509.1486, 1138.722, 917.8956, 229.7149, 732.6323
261.4, 816.2065, 486.426, 227.2677, 84.895, 26.1436, 139.24, 383.6707, 442.8741, 580.801, 176.6001, 513.7137, 2090.005, 406.579, 1105.385, 481.5792, 1074.489, 860.0507, 216.9046, 853.9458
261.5, 766.3235, 457.4585, 215.5894, 80.98581, 70.93175, 226.9846, 358.8063, 417.2016, 543.5391, 166.6941, 650.153, 2136.697, 387.5766, 1044.848, 455.5027, 1101.669, 1111.364, 204.8086, 810.4529
261.6, 719.4891, 520.7833, 204.5112, 77.25662, 66.97553, 207.9905, 335.5532, 393.0174, 508.6677, 157.3438, 617.9289, 2014.685, 369.4623, 978.3898, 430.8381, 1039.527, 1076.481, 193.3872, 769.1752
261.7, 675.517, 489.7697, 194.0023, 73.69916, 74.13076, 427.4008, 564.1755, 370.235, 476.0335, 191.125, 587.3019, 1930.129, 352.1947, 916.1592, 407.5091, 1215.908, 1107.675, 182.6027, 729.9999
261.8, 634.2322, 460.6031, 184.0334, 70.3055, 69.99612, 391.6358, 648.5268, 348.7733, 445.493, 180.4043, 558.1929, 1819.913, 335.734, 857.8867, 385.4433, 1147.321, 1352.322, 172.4197, 692.8198
261.9, 595.4706, 433.1734, 174.5767, 205.4888, 66.09209, 381.2262, 606.4979, 328.5557, 416.9119, 170.2848, 530.5266, 1931.934, 320.0427, 914.3033, 364.5723, 1082.603, 1267.1, 162.8045, 657.5333
262, 559.078, 407.3771, 165.606, 196.0266, 62.40581, 496.2623, 567.1927, 309.51, 390.1644, 160.733, 504.2316, 1922.332, 305.0848, 857.8193, 344.8315, 1021.536, 1187.249, 153.7255, 624.0441
262.1, 524.9095, 383.1171, 157.0962, 187.0001, 58.92513, 576.7539, 565.9515, 291.5684, 365.1329, 151.7171, 479.2399, 1812.562, 290.8259, 803.2575, 326.1595, 963.9135, 1112.43, 145.1528, 707.7089
262.2, 492.8293, 360.3018, 149.0237, 197.1345, 55.63859, 528.491, 529.274, 316.3959, 493.1891, 143.2068, 455.4869, 1709.06, 277.2335, 1027.541, 308.4987, 909.5413, 1042.325, 137.0582, 671.6641
262.3, 462.7097, 357.593, 141.366, 188.057, 52.53535, 484.2667, 552.2095, 409.1078, 657.9004, 135.1739, 432.9112, 1611.468, 264.2763, 962.1841, 312.7916, 858.2361, 976.639, 129.415, 822.3872
262.4, 434.4308, 395.1541, 134.1018, 179.3975, 49.60519, 443.7431, 516.4226, 385.3927, 615.692, 127.5916, 411.4544, 1609.502, 251.9248, 1058.634, 320.7412, 809.825, 915.0921, 122.198, 818.5639
262.5, 425.8852, 371.622, 127.2109, 298.4519, 46.83847, 406.6105, 482.9549, 363.0524, 598.658, 120.4346, 391.0611, 1517.595, 240.1505, 991.2994, 314.2143, 764.1445, 857.4239, 115.3835, 776.8731
262.6, 399.8569, 349.4912, 120.6741, 284.709, 44.22606, 372.5852, 451.6561, 342.007, 666.2624, 113.6791, 371.6786, 1430.936, 228.9265, 928.2476, 297.2003, 721.0408, 803.3898, 108.949, 800.1649
262.7, 375.4193, 328.6784, 114.4732, 271.5989, 41.75935, 341.4072, 422.3857, 322.1816, 623.5175, 107.3025, 353.2567, 1349.226, 218.2271, 1221.456, 281.1075, 680.3685, 752.761, 102.8733, 933.6241
262.8, 352.4753, 309.105, 108.5909, 259.0925, 39.43023, 339.0122, 395.0123, 303.5055, 583.515, 101.2836, 335.7479, 1272.181, 208.0278, 1143.765, 265.8861, 641.9905, 705.3227, 97.13643, 886.0731
262.9, 330.9335, 290.6973, 103.0109, 247.162, 37.23101, 344.7032, 369.4128, 285.912, 546.0789, 95.60226, 319.1069, 1471.926, 198.3051, 1071.015, 381.7688, 605.7772, 660.874, 91.7195, 840.944
263, 310.7083, 274.1823, 97.71761, 235.7808, 35.15445, 315.8583, 345.4723, 269.3383, 511.0446, 90.23965, 303.2907, 1715.85, 189.0368, 1002.893, 365.6506, 571.6067, 619.2263, 86.60464, 798.1133
263.1, 291.7191, 257.8543, 92.69633, 224.9237, 33.19371, 655.1, 323.0833, 253.7253, 478.2579, 85.17783, 288.2585, 1834.321, 180.2018, 939.1041, 345.8513, 539.3636, 580.2032, 81.77503, 757.4641
263.2, 273.8905, 244.3056, 87.93307, 214.5666, 31.34234, 665.9363, 302.1453, 239.0174, 447.5747, 80.39996, 273.9712, 1826.094, 171.7796, 879.3722, 555.5768, 508.9394, 543.6394, 77.21474, 718.8853
263.3, 257.1515, 229.7568, 83.41457, 204.6863, 29.59422, 735.021, 290.2846, 225.1621, 418.86, 75.89008, 260.3921, 1721.819, 163.7511, 827.2121, 636.9548, 480.2312, 509.3798, 72.90877, 803.0451
263.4, 241.4355, 216.0744, 79.12827, 212.5817, 27.9436, 673.5142, 271.4722, 212.11, 391.9876, 71.63319, 247.4861, 1623.498, 156.0978, 850.0496, 652.1842, 453.1425, 477.2791, 68.84292, 892.5234
263.5, 226.6799, 204.0097, 75.06221, 202.7928, 26.38505, 617.1544, 253.879, 199.8144, 366.8391, 67.61507, 235.2197, 1601.454, 148.8022, 856.2469, 658.348, 427.5817, 447.2015, 65.00381, 847.0657
263.6, 212.8262, 191.8605, 71.20509, 193.4548, 24.91343, 565.5107, 237.4259, 188.2316, 811.135, 63.82233, 223.5612, 1614.534, 141.8476, 801.7852, 622.6998, 403.4628, 419.0193, 61.37879, 942.2567
263.7, 199.8192, 180.4349, 67.54617, 184.5467, 34.68531, 518.1885, 222.039, 177.3203, 759.0957, 60.24235, 212.4807, 1555.01, 135.218, 750.7875, 588.9819, 380.7043, 392.6131, 57.95593, 894.266
263.8, 187.6071, 169.6897, 64.07527, 176.0488, 32.75074, 474.8264, 207.6494, 189.4635, 710.395, 56.86317, 201.9493, 1523.477, 128.8983, 785.5794, 566.1494, 359.2297, 367.871, 54.72395, 1013.475
263.9, 176.1414, 159.5844, 60.78272, 167.9422, 30.92407, 435.0927, 194.1923, 178.4808, 664.8188, 53.67355, 191.9399, 1436.482, 122.8739, 735.6125, 535.4935, 338.9663, 344.6881, 51.6722, 1072.384
264, 165.3763, 150.0808, 57.65936, 160.2089, 141.4194, 398.6841, 181.6073, 168.1346, 622.1666, 50.66284, 182.4266, 1354.455, 117.1311, 688.8237, 506.4977, 319.846, 322.9662, 48.79063, 1017.766
264.1, 157.2657, 141.1433, 54.6965, 152.8317, 133.5317, 365.3221, 169.8379, 158.3882, 582.2507, 47.82101, 173.3848, 1362.222, 111.6567, 645.011, 479.0718, 301.8042, 302.6132, 46.06976, 965.9291
264.2, 147.6543, 132.7379, 51.88588, 145.7942, 126.084, 334.7518, 158.8313, 149.2068, 544.8958, 45.13859, 164.7912, 1284.436, 106.4382, 603.9849, 453.1311, 284.7801, 283.5428, 43.50063, 916.7328
264.3, 138.6302, 124.8332, 49.21969, 139.0807, 119.0517, 406.5129, 148.5379, 164.1989, 509.9373, 42.60663, 156.6235, 1211.091, 101.4636, 565.5684, 428.5949, 268.7163, 265.6742, 41.07476, 870.0421
264.4, 130.1578, 189.6875, 46.69051, 132.6764, 115.652, 486.8468, 139.552, 154.6807, 477.2217, 40.21669, 148.8606, 1141.934, 96.72144, 529.5953, 405.3874, 253.5586, 248.9316, 38.78418, 825.7294
264.5, 122.2031, 178.3913, 44.29128, 126.567, 109.2015, 455.5842, 130.5081, 161.873, 446.6049, 37.96082, 141.4825, 1076.727, 92.20094, 517.7283, 383.4365, 239.256, 233.2442, 36.62133, 912.2133
264.6, 282.0899, 167.7677, 42.01535, 120.739, 103.1108, 482.7961, 122.0503, 299.9591, 417.9525, 35.83149, 134.4701, 1015.243, 87.89172, 596.9221, 362.6742, 225.7601, 218.5454, 34.5791, 865.7527
264.7, 264.8498, 212.4655, 39.85636, 136.0999, 97.35979, 622.4442, 172.1901, 415.2332, 391.1382, 33.82159, 127.8052, 957.2695, 83.78389, 571.1174, 343.0361, 213.0254, 204.7729, 32.65075, 821.6586
264.8, 248.6633, 208.6099, 37.80832, 150.665, 97.3294, 570.3578, 161.031, 391.163, 366.0443, 31.92444, 121.4707, 902.6068, 79.86806, 534.7913, 324.4614, 201.0092, 191.8683, 30.82994, 779.8102
264.9, 288.7533, 196.1868, 35.86551, 143.7273, 91.90086, 522.6301, 150.5951, 446.9651, 342.5603, 30.1337, 115.4501, 851.0654, 76.13524, 500.7758, 325.693, 189.6707, 179.7769, 29.11068, 841.0019
265, 273.1677, 206.9443, 34.02254, 137.109, 126.0372, 478.8963, 140.8355, 435.429, 320.5829, 28.44341, 109.7279, 802.4673, 72.57688, 730.9937, 499.8078, 178.9718, 168.4476, 27.48728, 798.1683
265.1, 273.1459, 194.6204, 32.27427, 130.7955, 119.0075, 467.4497, 131.7084, 410.1881, 300.0156, 26.84793, 104.2894, 1104.295, 69.18483, 684.4987, 472.7442, 168.8764, 157.8322, 25.95442, 935.6857
265.2, 256.4524, 183.0304, 30.61584, 124.7727, 136.4993, 428.3334, 154.2524, 386.4104, 280.7677, 25.34195, 99.1204, 1041.237, 65.95132, 640.9611, 447.1461, 159.3504, 147.8857, 24.50704, 1124.469
265.3, 352.3488, 172.1306, 29.04262, 119.0273, 137.315, 392.4903, 166.794, 364.011, 262.7547, 23.92045, 94.2076, 1090.482, 282.3028, 607.9986, 530.3579, 150.3618, 138.5661, 23.14038, 1067.198
265.4, 386.6069, 181.0721, 27.55025, 113.5464, 129.6563, 359.6466, 416.8058, 342.9101, 245.8974, 22.57868, 89.5383, 1216.41, 269.1087, 569.3267, 501.6401, 141.8803, 129.8338, 21.84993, 1012.844
265.5, 362.9792, 170.2889, 26.13456, 108.3179, 122.4247, 329.5512, 389.7939, 323.0324, 230.1216, 21.31217, 85.10043, 1315.924, 256.5313, 550.8898, 474.4773, 133.8771, 121.6518, 20.63144, 1008.709
265.6, 366.7564, 160.1479, 24.79162, 103.3301, 115.5965, 301.9743, 364.5327, 304.3069, 215.3578, 20.11671, 80.88251, 1240.781, 244.5417, 515.8504, 448.7853, 126.3254, 113.9854, 19.4809, 957.3342
265.7, 344.3419, 150.6108, 23.51768, 98.57202, 109.1491, 276.705, 340.9084, 286.6669, 201.5413, 18.9883, 76.87366, 1254.893, 233.1125, 483.0396, 507.4812, 119.1997, 106.8022, 18.39452, 1104.786
265.8, 323.2971, 161.5171, 22.30921, 94.03304, 103.0613, 253.5502, 380.9639, 270.0495, 188.6112, 17.92319, 73.06349, 1183.235, 222.2174, 469.0471, 510.5509, 112.4759, 100.0716, 17.36873, 1048.517
265.9, 303.5386, 151.8985, 21.16284, 114.4527, 97.3131, 232.333, 356.2749, 254.3953, 176.5106, 16.91783, 69.44218, 1115.669, 211.8316, 439.2133, 482.9056, 106.1314, 93.7652, 16.40014, 995.1143
266, 284.9876, 142.8526, 20.07537, 109.1824, 219.3805, 212.8913, 333.1858, 239.6486, 165.1864, 15.96886, 66.00035, 1051.961, 285.3887, 504.7627, 456.7573, 100.1448, 87.85621, 15.48557, 1085.011
266.1, 267.5704, 158.4981, 19.04379, 108.092, 207.1446, 295.3787, 517.4362, 225.7567, 154.5886, 15.07312, 62.72911, 991.8913, 272.0504, 472.6572, 432.0248, 94.49583, 82.3196, 14.622, 1029.749
266.2, 251.2176, 149.0593, 18.06521, 183.9352, 195.5911, 347.0986, 593.4473, 280.6455, 144.6708, 181.3272, 59.62001, 1012.257, 259.3355, 648.8475, 408.6315, 89.16553, 294.7836, 13.80658, 977.3024
266.3, 235.8643, 140.1825, 53.08327, 175.4654, 184.682, 318.0533, 770.2321, 384.3252, 135.3893, 258.5874, 56.66501, 1171.961, 443.8032, 613.5104, 386.505, 84.1359, 360.0028, 13.03664, 1030.441
266.4, 221.4492, 131.8344, 143.6482, 167.3857, 174.3814, 291.4385, 815.9378, 362.0467, 126.7032, 244.0825, 255.3727, 1127.31, 777.0563, 574.488, 365.5765, 602.418, 466.1155, 131.5842, 1185.065
266.5, 207.9152, 232.2509, 189.1983, 159.678, 164.6553, 474.4415, 763.0594, 354.289, 118.5744, 369.9454, 254.6779, 1117.007, 1322.096, 537.9476, 345.7813, 1061.545, 606.9905, 332.6793, 1124.707
266.6, 195.2083, 218.42, 179.4762, 152.3253, 155.4717, 434.7401, 713.608, 333.7516, 110.9672, 451.3027, 410.5675, 1229.524, 1670.882, 503.7313, 327.0579, 1196.345, 610.0685, 314.127, 1067.424
266.7, 183.278, 205.4127, 271.1897, 145.3111, 262.0919, 398.3609, 687.4792, 314.4048, 103.8479, 425.9878, 390.2181, 1340.343, 1721.408, 528.9186, 309.3484, 1128.861, 609.1085, 296.6093, 1013.058
266.8, 172.0768, 281.3819, 348.0587, 138.6199, 247.4737, 365.0259, 642.9258, 328.2758, 97.18545, 458.3494, 402.9745, 1263.806, 1998.6, 495.2767, 306.2518, 1330.445, 570.723, 280.0686, 961.4617
266.9, 161.5602, 264.6251, 337.2216, 132.2368, 233.6709, 446.0568, 845.9659, 309.2464, 90.9504, 432.6392, 436.8647, 1191.639, 2357.031, 668.5854, 289.6689, 1703.331, 660.9561, 404.1846, 1343.717
267, 151.6864, 248.8662, 319.8932, 126.1477, 220.6379, 408.7307, 791.1415, 291.3201, 85.11537, 437.6334, 520.0611, 1296.554, 2721.164, 828.3201, 273.9839, 2050.336, 731.4534, 404.6166, 1337.183
267.1, 142.4159, 234.0458, 303.4553, 120.3389, 208.3319, 374.5279, 829.2418, 274.4329, 79.65469, 413.0852, 494.2848, 1341.453, 2655.615, 775.6346, 259.1483, 1954.424, 685.3579, 382.0527, 1269.078
267.2, 133.7121, 274.4698, 287.8621, 114.7976, 196.7122, 350.8266, 775.5012, 258.5246, 74.54435, 483.4414, 469.7861, 1401.271, 2531.499, 1167.63, 245.1159, 1921.629, 642.1673, 414.8202, 1204.442
267.3, 125.5402, 258.1247, 273.0701, 122.4719, 185.7406, 486.4935, 725.2435, 243.5385, 69.76187, 456.3237, 446.5016, 1321.255, 2450.085, 1504.032, 231.8434, 1813.234, 601.6985, 400.4476, 1143.097
267.4, 117.8677, 251.6724, 259.0382, 116.8324, 175.3809, 445.7835, 679.1409, 229.4211, 65.28622, 456.2581, 424.3713, 1309.696, 2335.574, 1408.368, 219.2896, 1765.576, 563.7801, 455.9096, 1084.878
267.5, 240.2505, 315.3125, 245.7274, 120.7183, 165.5991, 408.4802, 635.1279, 216.1221, 61.0977, 430.6653, 403.3378, 1234.909, 2226.416, 1318.788, 207.4155, 1665.984, 528.2512, 430.4853, 1029.623
267.6, 225.5674, 296.5351, 233.1005, 120.7582, 156.3628, 374.2985, 680.37, 203.594, 57.17791, 406.508, 383.3468, 1217.119, 2180.644, 1250.283, 196.1844, 1572.009, 494.9613, 406.4788, 1126.383
267.7, 211.7816, 355.2292, 221.1225, 115.1976, 147.6417, 642.3499, 736.7792, 191.7921, 53.50959, 383.7057, 364.3466, 1179.276, 2235.24, 1296.67, 185.5614, 1706.589, 564.1033, 487.9169, 1069.014
267.8, 214.1315, 334.0747, 209.76, 156.8728, 140.8861, 588.5978, 689.0309, 180.6743, 50.07662, 362.1825, 425.1295, 1132.121, 2320.941, 1366.73, 175.5136, 1853.152, 626.9473, 630.9548, 1098.438
267.9, 232.5406, 314.1799, 198.9813, 230.302, 133.0282, 539.3438, 653.452, 170.201, 46.8639, 444.2085, 620.2078, 1141.837, 2491.421, 1303.852, 254.5407, 1771.703, 713.1222, 698.0873, 1042.493
268, 309.013, 320.1476, 188.7565, 219.6972, 125.6086, 494.2113, 611.1038, 160.3349, 43.85729, 449.611, 589.4678, 1196.478, 2374.979, 1345.084, 240.7578, 1842.903, 668.1819, 784.5964, 989.3973
268.1, 290.1275, 301.0822, 179.0572, 347.6966, 118.6028, 452.8555, 571.5001, 151.0406, 41.04357, 424.391, 560.2515, 1128.156, 2466.296, 1259.53, 227.7213, 1879.295, 626.0738, 740.8424, 1054.128
268.2, 423.9967, 283.1522, 169.8562, 331.6861, 111.9877, 493.123, 534.463, 142.2851, 38.41037, 400.5856, 532.4832, 1164.246, 2406.754, 1179.417, 215.3906, 2059.857, 677.004, 721.9039, 1000.439
268.3, 511.8835, 313.4559, 161.128, 412.3503, 105.7416, 451.8583, 550.2221, 134.0372, 35.94611, 378.1156, 506.0912, 1097.764, 2628.628, 1133.203, 203.7277, 2013.787, 634.3398, 772.7459, 1024.65
268.4, 738.0803, 321.1297, 279.912, 393.3627, 99.84388, 414.0467, 632.9163, 126.2673, 33.63995, 356.9059, 481.0074, 1072.464, 2563.878, 1202.299, 192.6962, 1900.194, 594.3644, 768.2543, 972.4633
268.5, 743.2179, 319.8672, 265.5286, 478.4418, 94.27509, 435.8302, 591.899, 118.9479, 31.48174, 413.9509, 457.1667, 1011.224, 2504.463, 1125.827, 182.2621, 2131.433, 789.2567, 992.7896, 1117.33
268.6, 946.6025, 300.8186, 251.8842, 456.4108, 89.01691, 399.3598, 553.5399, 112.0527, 29.46199, 390.7312, 434.5078, 1168.496, 2468.295, 1054.218, 172.393, 2167.091, 739.5184, 1062.95, 1060.422
268.7, 888.7502, 282.9043, 246.1144, 435.3943, 84.05199, 451.4608, 517.6667, 105.5573, 27.57182, 368.8139, 412.9718, 1173.706, 2412.304, 1018.521, 163.0583, 2078.973, 692.9147, 1003.674, 1058.572
268.8, 834.4335, 266.0569, 256.7905, 415.3455, 165.1554, 532.4455, 484.1184, 142.2084, 208.4661, 348.126, 392.5033, 1159.974, 2348.884, 1130.124, 154.229, 1961.703, 649.2479, 1036.648, 1088.978
268.9, 783.4365, 250.2127, 243.5951, 558.2648, 155.9439, 487.8903, 605.1595, 133.9649, 195.0917, 328.5986, 373.0493, 1093.736, 2239.103, 1080.08, 145.8778, 1966.951, 608.3329, 978.8384, 1033.515
269, 735.5562, 235.3121, 231.0778, 532.5581, 185.5135, 493.1858, 754.2361, 163.0295, 182.5754, 310.1665, 354.5595, 1031.281, 2355.98, 1548.929, 137.9788, 1928.316, 569.9963, 982.7977, 1131.161
269.1, 690.6022, 221.2988, 310.2874, 579.9009, 214.8147, 451.9159, 705.3565, 340.838, 170.862, 292.7684, 336.9861, 1074.895, 2360.497, 1450.409, 130.5076, 1819.544, 534.0757, 945.1628, 1212.851
269.2, 648.3955, 210.6735, 317.4748, 553.198, 202.8334, 414.0994, 659.6446, 339.6148, 159.9002, 276.3461, 320.2838, 1013.515, 2250.174, 1414.408, 123.4408, 1716.908, 500.4188, 958.1993, 1151.079
269.3, 608.7683, 198.1275, 318.8289, 615.2501, 217.3102, 379.4474, 637.1722, 319.9281, 149.6416, 344.2022, 304.4092, 955.6407, 2145.007, 1361.79, 116.7568, 1620.061, 468.8829, 963.5916, 1197.831
269.4, 571.563, 186.3287, 398.6585, 586.9194, 264.36, 399.1256, 595.8792, 301.3826, 140.0412, 324.8949, 289.3215, 901.071, 2044.755, 1286.183, 110.4346, 1602.475, 439.3343, 1157.795, 1136.824
269.5, 536.6315, 175.2325, 378.1732, 559.8933, 249.6154, 498.8655, 557.2621, 283.9121, 131.0567, 306.6706, 274.9816, 963.6753, 2194.653, 1204.375, 104.4548, 1710.264, 411.6479, 1119.737, 1137.485
269.6, 503.8348, 205.253, 472.7284, 586.4951, 269.0301, 457.1203, 521.1478, 267.4543, 122.6486, 289.4685, 261.3524, 983.3457, 2152.371, 1733.99, 98.79881, 1673.419, 385.7062, 1223.463, 1079.551
269.7, 473.0426, 193.0298, 448.437, 559.4885, 256.5341, 418.8683, 487.3738, 251.9506, 114.7799, 273.2314, 248.3988, 927.194, 2136.008, 1669.928, 93.44906, 1666.766, 361.3994, 1155.235, 1024.568
269.8, 444.1323, 217.4533, 425.3937, 533.7255, 242.226, 432.5984, 455.7887, 237.3456, 107.4161, 257.905, 236.0872, 1035.795, 2036.177, 1563.712, 88.38898, 1650.171, 338.6244, 1090.812, 1109.555
269.9, 416.9888, 204.5036, 403.5346, 509.1488, 228.7159, 396.3985, 426.2505, 243.2495, 100.5247, 243.4383, 224.3857, 976.6482, 1941.012, 1464.251, 83.60291, 1587.495, 317.2846, 1029.981, 1053.044
270, 391.5042, 192.325, 382.7987, 502.7883, 215.9592, 363.2277, 449.52, 229.1488, 94.07538, 229.7832, 213.2643, 920.8789, 1956.93, 1538.737, 79.07598, 1497.948, 297.2896, 1101.991, 999.4105
270.1, 474.3694, 180.8717, 378.071, 509.7881, 203.9141, 332.8327, 420.388, 219.9724, 88.03986, 216.8939, 202.6941, 868.2942, 1865.469, 1440.865, 74.79418, 1450.783, 278.5547, 1040.538, 1141.135
270.2, 445.9535, 253.4797, 358.6435, 486.3137, 192.5408, 309.3054, 407.302, 207.2211, 82.39156, 204.7277, 192.6478, 818.7122, 1918.615, 1515.2, 70.74423, 1440.433, 261.0005, 1088.737, 1083.015
270.3, 449.2489, 251.6592, 340.2144, 612.613, 181.8019, 283.4226, 380.9061, 195.2089, 77.10564, 193.2439, 183.0994, 971.8593, 1890.358, 1527.766, 66.91357, 1359.182, 244.5525, 1028.022, 1027.855
270.4, 421.7928, 236.6725, 322.7322, 586.7454, 176.6959, 322.4675, 452.2659, 211.1838, 72.15884, 182.4043, 174.0242, 916.3634, 1802.008, 1492.22, 63.29034, 1282.514, 229.141, 970.6929, 975.5048
270.5, 396.0146, 273.8406, 329.0708, 653.2209, 166.8407, 295.4833, 422.956, 198.9419, 67.5294, 172.1727, 165.3989, 864.0366, 1776.395, 1397.307, 151.878, 1210.17, 214.7008, 916.561, 925.8207
270.6, 371.8119, 257.5329, 355.2943, 623.1418, 157.5352, 270.7572, 395.5456, 187.4097, 63.19698, 162.515, 157.2011, 949.3273, 1746.786, 1341.023, 143.6541, 1202.551, 201.1705, 901.0553, 878.6672
270.7, 349.0883, 242.1964, 337.0373, 665.3339, 148.7487, 248.1001, 419.9349, 176.546, 59.1425, 153.3991, 149.4096, 909.8069, 1868.742, 1341.395, 135.8755, 1259.282, 188.493, 850.8068, 833.9152
270.8, 327.7535, 227.7731, 329.3804, 781.8088, 140.4522, 227.339, 392.7202, 166.312, 55.34814, 144.7944, 142.0043, 1038.131, 1781.402, 1256.076, 170.9727, 1261.344, 176.6143, 803.3605, 791.4426
270.9, 341.1671, 214.2088, 379.3144, 758.7369, 132.6185, 208.3152, 457.3499, 156.6713, 51.79721, 136.6725, 134.966, 1157.812, 1804.638, 1176.183, 289.2566, 1190.195, 165.4843, 758.5602, 751.1331
271, 320.3164, 201.4523, 368.0496, 723.799, 125.2217, 190.8833, 427.7105, 147.5894, 48.4741, 129.0061, 128.2765, 1213.437, 1947.502, 1101.371, 273.5939, 1123.058, 155.0556, 837.5424, 712.8767
271.1, 300.74, 189.4555, 349.1371, 703.465, 118.2375, 174.9102, 565.2496, 139.034, 45.36419, 121.7698, 121.9186, 1378.125, 1937.355, 1031.318, 258.7794, 1337.846, 145.2841, 790.8358, 1019.461
271.2, 418.0293, 178.1731, 331.1965, 671.0723, 111.6428, 160.2736, 528.6176, 130.9745, 42.4538, 114.9394, 115.8759, 1299.43, 1846.808, 1022.197, 370.968, 1298.909, 136.1285, 843.8307, 967.5381
271.3, 392.4811, 167.5625, 341.6617, 640.1712, 105.416, 146.8619, 494.3595, 205.7716, 39.73012, 108.4921, 110.1326, 1606.012, 1792.419, 1048.044, 350.8808, 1225.641, 127.5498, 796.7735, 918.2598
271.4, 368.4943, 157.5839, 324.1052, 649.0787, 99.53638, 134.5724, 495.2196, 193.8435, 37.18119, 102.4064, 104.674, 1648.736, 1708.646, 981.3828, 390.9901, 1156.505, 119.5117, 752.3405, 871.4913
271.5, 345.9735, 215.159, 335.2986, 686.5345, 93.98475, 123.3114, 463.126, 191.946, 34.79579, 96.66216, 99.48594, 1554.589, 1670.306, 918.9618, 369.8187, 1091.269, 111.9802, 841.273, 827.1048
271.6, 324.8291, 232.2016, 318.0691, 654.9214, 88.74276, 112.9926, 433.1123, 180.8194, 32.56342, 91.24009, 94.55502, 1465.817, 1592.24, 860.511, 349.7938, 1234.922, 104.9233, 794.3584, 784.979
271.7, 304.9769, 218.3735, 301.7249, 624.764, 83.79314, 103.5374, 405.0437, 170.3377, 30.47428, 86.12216, 89.8685, 1382.115, 1591.013, 805.7781, 330.8532, 1165.263, 98.31115, 750.0601, 744.9987
271.8, 286.338, 205.369, 332.7037, 595.9953, 79.11958, 94.87334, 378.7941, 160.4636, 28.51917, 81.29131, 85.41426, 1303.193, 1516.653, 754.5264, 312.9381, 1099.533, 92.11568, 708.2321, 1002.698
271.9, 268.8383, 241.2868, 324.0872, 568.5513, 74.7067, 86.9343, 423.8566, 175.424, 26.68949, 76.73144, 81.18079, 1228.777, 1445.769, 706.5346, 360.4717, 1037.511, 86.31064, 668.7366, 951.6291
272, 378.7077, 226.9177, 320.2512, 542.371, 70.53993, 79.65961, 396.3878, 219.097, 24.97719, 72.42735, 77.15715, 1158.61, 1378.197, 661.5953, 340.9529, 978.9875, 288.6833, 631.4437, 903.1611
272.1, 358.3949, 213.4044, 303.7949, 517.3962, 66.60558, 72.99368, 503.9411, 206.3965, 23.37475, 68.36468, 73.33294, 1326.911, 1344.767, 619.5145, 322.491, 1121.008, 487.1091, 596.2305, 1192.856
272.2, 336.4914, 200.6958, 418.8966, 557.5374, 158.4615, 66.88554, 471.2823, 315.1504, 21.87511, 128.8698, 69.69827, 1480.278, 1591.4, 580.1101, 315.8593, 1120.951, 514.7225, 754.7781, 1344.027
272.3, 315.9265, 188.744, 602.9808, 575.6732, 279.8135, 61.28854, 816.9666, 639.3452, 20.47169, 684.7221, 66.24375, 1395.75, 1665.336, 543.2121, 542.114, 1208.915, 627.0992, 712.687, 1275.573
272.4, 296.6184, 177.504, 916.8936, 549.1649, 392.0379, 56.15989, 1083.088, 1527.027, 19.15831, 856.4183, 62.96045, 1461.761, 1617.141, 508.661, 512.7596, 1140.723, 587.58, 766.4961, 1210.606
272.5, 278.4903, 166.9333, 1009.405, 523.8773, 408.6851, 51.46041, 1139.422, 2106.244, 441.3318, 897.141, 59.83988, 1412.516, 1541.56, 476.3075, 542.2397, 1201.422, 730.5771, 895.4312, 1148.948
272.6, 261.4702, 209.9901, 1060.635, 499.7542, 468.6224, 47.15419, 1326.449, 2164.244, 999.7446, 897.5607, 56.87398, 1331.857, 1573.048, 446.0119, 675.8408, 1133.652, 869.4516, 862.9792, 1264.371
272.7, 245.4902, 197.4848, 1006.134, 476.7418, 442.485, 43.20831, 1423.121, 2241.037, 1076.753, 893.4202, 54.05508, 1255.804, 1499.528, 417.6432, 639.2454, 1105.936, 1283.075, 955.8784, 1199.974
272.8, 230.4869, 240.6993, 954.433, 454.7891, 602.4449, 39.59263, 1476.767, 2111.129, 1007.673, 853.2747, 51.3759, 1184.094, 1429.444, 618.3907, 723.9458, 1043.553, 1392.845, 1219.143, 1138.858
272.9, 216.4005, 226.3652, 905.3889, 433.8472, 644.0766, 36.2795, 1493.978, 1988.751, 943.0242, 805.412, 48.82951, 1116.479, 1362.635, 579.0579, 684.7456, 1100.932, 1305.069, 1299.346, 1080.854
273, 203.1751, 212.8848, 858.8649, 413.8697, 608.1533, 33.24362, 1397.743, 1873.468, 882.5234, 760.234, 46.40933, 1052.725, 1420.935, 568.6881, 772.3313, 1275.13, 1222.825, 1289.172, 1025.804
273.1, 190.7579, 225.5446, 814.7316, 394.812, 574.2336, 30.46178, 1339.61, 1770.996, 825.9041, 717.5902, 44.1091, 1078.568, 1416.811, 532.5166, 819.9002, 1203.202, 1145.764, 1503.881, 973.5582
273.2, 179.0996, 212.113, 772.8661, 376.632, 542.2057, 27.91273, 1252.794, 1707.903, 772.9172, 677.3384, 41.92288, 1016.979, 1350.593, 498.6458, 817.2152, 1163.897, 1073.559, 1538.847, 923.9733
273.3, 168.1538, 199.4813, 733.1519, 359.2891, 511.9643, 25.57699, 1171.604, 1608.9, 723.3298, 639.3445, 39.84502, 958.9068, 1357.422, 466.9293, 772.9647, 1269.82, 1005.904, 1668.959, 1115.765
273.4, 157.8769, 187.6018, 695.4785, 342.7448, 483.4095, 23.4367, 1146.011, 1515.636, 676.9238, 603.4818, 37.87014, 1010.809, 1412.891, 553.5098, 731.1102, 1247.644, 942.5129, 1929.367, 1058.937
273.5, 148.2282, 176.4298, 659.7408, 326.9622, 456.4474, 21.4755, 1071.742, 1533.36, 633.4949, 665.8688, 35.99314, 953.0892, 1470.633, 875.3868, 741.4596, 1417.741, 883.1166, 1870.239, 1005.004
273.6, 139.1691, 165.9231, 702.6283, 311.9065, 430.989, 19.67843, 1002.286, 1456.782, 592.8523, 628.5182, 34.20918, 898.6652, 1478.275, 819.7077, 747.8282, 1337.77, 827.4635, 1813.663, 1174.741
273.7, 130.6637, 184.8346, 696.0306, 297.544, 496.0274, 18.03173, 937.3307, 1544.609, 554.8171, 593.2628, 32.51364, 923.0859, 1409.184, 783.6725, 1057.196, 1376.022, 775.3176, 1842.877, 1114.91
273.8, 122.6781, 173.8273, 733.2824, 283.8429, 493.8777, 16.52283, 876.5853, 1624.256, 620.4012, 620.5994, 30.90214, 975.0485, 1343.323, 763.8557, 1048.164, 1386.061, 726.4578, 1786.993, 1089.599
273.9, 115.1805, 163.4756, 724.2806, 270.7727, 541.8768, 15.14019, 819.7766, 1746.37, 580.5987, 1031.101, 29.37051, 980.4405, 1280.54, 761.0011, 991.4077, 1476.187, 680.6771, 1869.26, 1186.979
274, 108.1412, 153.7403, 790.7832, 258.3043, 511.6537, 13.87325, 766.6494, 1685.914, 543.3497, 973.2635, 27.91479, 924.4547, 1352.745, 712.5975, 975.6591, 1417.531, 764.8264, 1827.207, 1126.524
274.1, 101.532, 144.5848, 777.8024, 246.41, 483.1162, 12.71234, 716.9653, 1588.185, 598.5059, 918.6703, 26.53122, 883.463, 1443.6, 667.2726, 1004.721, 1392.226, 716.6277, 1793.441, 1147.484
274.2, 95.32683, 135.9745, 737.8345, 235.0635, 456.1705, 11.64856, 670.5011, 1496.122, 603.7538, 867.1393, 25.21623, 833.0148, 1376.13, 624.8306, 950.3176, 1341.294, 671.4666, 1798.288, 1176.962
274.3, 89.50085, 127.877, 942.509, 224.2394, 430.7276, 10.67381, 627.048, 1416.979, 565.0192, 818.4989, 23.96641, 892.66, 1311.814, 585.0881, 898.8599, 1417.32, 629.1514, 1698.004, 1117.018
274.4, 84.03094, 120.2617, 961.7104, 213.9138, 406.7038, 172.5181, 652.3624, 2031.781, 557.1481, 772.5869, 22.77854, 841.6867, 1582.652, 547.8734, 850.1884, 1556.053, 589.5029, 1903.33, 1060.126
274.5, 78.89533, 113.0999, 1047.297, 217.7749, 384.0199, 196.9339, 710.6594, 1914.003, 521.4036, 729.2502, 21.64955, 851.6107, 1621.389, 513.0258, 804.1525, 2062.169, 829.3448, 1797.188, 1006.132
274.6, 76.26165, 106.3646, 1517.8, 443.1116, 362.6013, 206.3627, 698.0012, 1952.025, 558.2579, 688.3444, 20.57651, 802.9814, 1884.541, 480.3947, 760.6093, 2569.318, 777.0803, 1696.966, 954.8883
274.7, 94.40955, 100.0304, 1775.624, 603.1904, 342.3772, 189.0942, 789.2307, 1838.871, 599.7697, 649.7331, 19.55666, 776.3045, 1984.259, 449.8391, 719.4238, 2638.113, 728.1095, 1667.098, 1172.243
274.8, 88.63963, 94.07343, 2012.677, 575.415, 323.2811, 173.2708, 769.5334, 1732.276, 561.2908, 613.2877, 18.58735, 731.9754, 1891.52, 421.227, 701.784, 2524.507, 682.2247, 1574.131, 1112.539
274.9, 83.22236, 88.47118, 2037.858, 678.2681, 305.2502, 158.7714, 719.6624, 1631.859, 525.2805, 578.8865, 17.66609, 725.2495, 1924.203, 409.8141, 676.3757, 2382.105, 639.2316, 1746.329, 1120.789
275, 78.13616, 83.20257, 1984.313, 799.3288, 288.2249, 145.4854, 673.0233, 1537.264, 491.5805, 546.415, 16.79049, 708.035, 1834.271, 397.0249, 639.7513, 2268.822, 598.9478, 1648.943, 1115.715
275.1, 73.36081, 78.24771, 1887.141, 762.5218, 272.1491, 133.3111, 629.4068, 1448.152, 460.0426, 515.765, 15.95829, 667.6043, 1809.051, 371.772, 605.1101, 2233.461, 561.2027, 1556.988, 1180.242
275.2, 68.87731, 73.58792, 1872.169, 727.4097, 256.97, 155.5601, 588.6169, 1364.206, 430.528, 486.8342, 15.16733, 629.4823, 1796.042, 348.1254, 572.3446, 2202.457, 525.8362, 1604.295, 1120.13
275.3, 64.66782, 69.20563, 1775.966, 693.9144, 242.6375, 142.5427, 550.4706, 1285.126, 498.4182, 459.5262, 14.41558, 593.5371, 1712.1, 325.9828, 541.3533, 2131.395, 492.6985, 1528.675, 1063.08
275.4, 60.7156, 65.08431, 1732.109, 661.9614, 229.1044, 177.9144, 597.1622, 1210.63, 466.4417, 433.7501, 13.70109, 586.3727, 1632.081, 434.0897, 512.0402, 2119.146, 461.6492, 1443.427, 1058.713
275.5, 57.00492, 138.1835, 1643.103, 682.8245, 216.3262, 238.5104, 560.472, 1153.29, 544.6675, 409.4197, 13.02201, 584.0747, 1697.39, 436.0168, 484.3142, 2067.864, 432.5565, 1472.735, 1076.416
275.6, 53.52103, 129.9544, 1635.944, 831.0948, 204.2606, 284.0298, 524.1497, 1086.436, 509.7238, 386.4542, 12.37659, 550.7224, 1803.417, 408.2838, 458.0896, 2073.434, 405.2972, 1421.589, 1099.931
275.7, 50.25005, 136.4887, 1551.88, 884.9564, 307.1885, 260.2621, 575.4345, 1023.458, 477.0218, 364.7768, 11.76315, 688.1285, 1796.125, 553.7328, 433.285, 1997.552, 379.7557, 1374.661, 1114.76
275.8, 47.17898, 128.3606, 1472.136, 844.2065, 290.0551, 238.4833, 538.1425, 1048.413, 446.4179, 344.3154, 11.18013, 648.8345, 1712.178, 518.5126, 409.8235, 1884.874, 355.8239, 1298.001, 1057.984
275.9, 44.2956, 120.7165, 1448.146, 805.3329, 273.8773, 218.527, 503.2672, 987.6392, 417.7775, 325.0017, 10.62599, 611.7843, 1632.156, 485.5325, 387.6324, 1778.553, 333.4002, 1250.244, 1004.099
276, 41.58845, 113.5276, 1376.439, 768.2495, 258.6018, 200.2406, 470.652, 930.3879, 411.2393, 306.7714, 10.09933, 576.8497, 1555.873, 595.9422, 420.9732, 1678.229, 312.3896, 1249.741, 1069.837
276.1, 39.04674, 106.7668, 1305.71, 732.8736, 244.1783, 183.4844, 440.1505, 876.4554, 501.8816, 289.5637, 9.598765, 543.91, 1765.998, 558.0372, 470.2646, 1583.563, 292.7032, 1235.625, 1015.349
276.2, 36.66037, 100.4087, 1238.615, 767.5845, 230.5593, 168.1303, 411.6258, 920.3831, 469.6828, 273.3212, 9.123013, 512.8513, 1683.46, 545.3967, 444.8007, 1684.976, 274.2573, 1206.728, 1041.342
276.3, 34.41984, 207.5241, 1324.999, 732.2393, 217.6998, 154.0611, 384.9496, 1196.47, 439.5498, 257.9898, 8.67084, 483.566, 1604.78, 510.7066, 420.7156, 1589.93, 256.9739, 1184.371, 988.3044
276.4, 32.31625, 318.842, 1270.308, 698.5215, 205.5576, 141.1692, 360.0023, 1167.258, 579.472, 243.5184, 8.241079, 455.9531, 1529.777, 478.223, 397.9348, 1500.246, 240.7796, 1118.323, 1061.231
276.5, 30.34122, 341.5049, 1205.033, 666.3564, 194.0927, 129.3561, 336.6717, 1099.594, 542.2953, 229.8587, 7.832619, 429.9169, 1458.279, 524.3181, 376.3874, 1478.512, 225.6059, 1055.958, 1241.309
276.6, 28.48689, 345.9968, 1228.417, 635.6725, 183.2672, 118.5316, 314.8531, 1125.058, 507.5037, 216.9652, 7.444403, 405.3675, 1390.123, 490.9687, 356.0068, 1395.112, 211.3885, 1024.063, 1178.087
276.7, 26.74589, 448.983, 1186.096, 606.4014, 173.0455, 108.6128, 294.4484, 1059.841, 474.9442, 204.795, 7.075429, 382.2199, 1325.153, 459.7406, 336.7297, 1316.417, 198.067, 993.8077, 1118.085
276.8, 25.1113, 422.2453, 1137.076, 722.4259, 163.3939, 99.52406, 275.3661, 998.4045, 444.4736, 193.3074, 6.724743, 510.3777, 1263.219, 430.4987, 318.4965, 1326.033, 185.585, 938.3868, 1117.62
276.9, 23.5766, 397.0998, 1186.914, 689.1601, 154.2806, 91.19585, 330.3163, 940.5292, 415.9579, 182.4642, 6.391438, 511.7383, 1348.363, 403.1167, 351.0405, 1251.234, 173.8896, 886.0565, 1191.152
277, 22.1357, 373.4518, 1186.336, 677.9852, 145.6756, 83.56455, 308.9095, 886.0089, 389.2716, 172.2293, 6.074653, 482.5167, 1462.769, 377.4764, 332.0324, 1283.027, 162.9312, 860.9525, 1231.302
277.1, 20.78286, 371.9141, 1125.375, 802.7641, 137.5506, 76.57185, 288.8901, 864.3867, 364.2974, 162.5684, 5.77357, 473.175, 1394.403, 434.3972, 314.0535, 1279.173, 152.6635, 952.5165, 1168.59
277.2, 19.5127, 349.7659, 1150.022, 765.7989, 129.8787, 70.16429, 270.1681, 1045.501, 340.9255, 153.4495, 5.487409, 446.1554, 1393.84, 437.3382, 297.0482, 1387.815, 143.0428, 899.3983, 1109.071
277.3, 18.32017, 341.5716, 1110.725, 730.5358, 122.6347, 64.29292, 252.6593, 984.8955, 319.053, 144.842, 5.215431, 490.3668, 1428.982, 410.4991, 280.9636, 1309.532, 134.0283, 898.5393, 1052.585
277.4, 17.20052, 324.1419, 1053.65, 721.5703, 196.3909, 58.91287, 339.3017, 1087.103, 515.426, 136.7174, 4.956934, 462.3655, 1399.323, 579.0854, 529.9442, 1330.755, 125.582, 848.4312, 1200.661
277.5, 16.14929, 304.8387, 999.5074, 692.7001, 199.2793, 53.98302, 330.0368, 1285.255, 482.3582, 129.0485, 4.711249, 435.9632, 1676.74, 569.6668, 501.2487, 1255.69, 117.6679, 982.7573, 1326.634
277.6, 15.16232, 287.6377, 1054.229, 660.803, 188.1646, 49.4657, 350.7223, 1392.12, 451.412, 121.8098, 649.3801, 411.0685, 1598.374, 607.8806, 474.1071, 1310.725, 110.2526, 927.9526, 1259.066
277.7, 14.23566, 270.5083, 1075.986, 630.3748, 177.6697, 45.3264, 481.8633, 1545.687, 422.4511, 114.9771, 917.4785, 600.2159, 1523.67, 569.2162, 448.4352, 1236.79, 103.3046, 998.8092, 1194.94
277.8, 13.36564, 254.3991, 1144.504, 660.9355, 188.0269, 41.53347, 450.6352, 1456.087, 395.3482, 108.5277, 917.1094, 565.9419, 1452.458, 597.2189, 463.9882, 1167.025, 96.79446, 943.1094, 1134.08
277.9, 12.54879, 239.2492, 1085.693, 637.5186, 177.5397, 38.05793, 421.431, 1371.681, 369.9842, 102.4401, 913.088, 533.6251, 1384.574, 559.2327, 438.8642, 1194.531, 90.69456, 905.8338, 1076.319
278, 11.78186, 225.0014, 1029.903, 608.1625, 167.6375, 34.87323, 394.1194, 1383.36, 346.2474, 96.69392, 1021.99, 611.9878, 1398.089, 523.6625, 415.1006, 1127.15, 84.97908, 967.6661, 1021.5
278.1, 11.0618, 211.6022, 976.9812, 604.3944, 158.2875, 31.95503, 368.5778, 1365.015, 324.0335, 91.27007, 971.3358, 577.0416, 1351.83, 490.3549, 392.6237, 1116.778, 79.62378, 1095.583, 969.4738
278.2, 10.38575, 199.0009, 1006.753, 605.1824, 214.5218, 29.28102, 409.2396, 1285.888, 361.2374, 86.15046, 947.8096, 554.5784, 1288.649, 459.1658, 371.364, 1075.706, 74.60596, 1067.849, 1177.851
278.3, 9.751019, 294.1448, 1000.823, 577.3154, 202.5569, 26.83078, 382.718, 1551.135, 664.0801, 81.31802, 1626.909, 627.197, 1228.421, 459.2126, 351.2553, 1219.489, 69.90437, 1008.299, 1117.861
278.4, 9.155078, 276.6279, 1084.143, 550.7315, 191.2593, 24.58557, 357.9153, 1699.956, 621.4752, 76.75665, 1714.642, 591.3823, 1253.556, 430.0043, 332.2356, 1150.7, 65.49906, 952.0703, 1274.696
278.5, 8.595558, 260.1542, 1042.951, 525.3718, 180.5918, 22.52824, 334.72, 1617.473, 581.6038, 72.45114, 1826.632, 644.7425, 1194.968, 402.6538, 314.2457, 1131.946, 61.37137, 971.6876, 1209.774
278.6, 8.070234, 244.6616, 989.3586, 501.1798, 170.5193, 20.64307, 313.0278, 1523.712, 544.2903, 68.38714, 1835.511, 607.9259, 1139.118, 377.0429, 297.2299, 1068.095, 57.50381, 961.5826, 1148.158
278.7, 7.577016, 271.4268, 1121.482, 524.0909, 161.0086, 18.91565, 330.8667, 1549.612, 509.3707, 64.5511, 1744.536, 573.2117, 1148.541, 353.0611, 464.5409, 1205.507, 53.87997, 999.5266, 1089.681
278.8, 7.113941, 255.2628, 1063.854, 572.076, 152.0284, 17.33278, 365.7999, 1459.784, 476.6914, 60.93024, 1658.07, 540.4797, 1123.305, 330.6046, 439.3869, 1192.395, 50.48451, 943.7868, 1255.2
278.9, 6.679167, 240.0615, 1011.862, 545.7334, 143.549, 15.88237, 342.0936, 1375.164, 446.1087, 57.51248, 1575.889, 509.6169, 1136.849, 309.5764, 415.595, 1125.135, 47.30302, 949.094, 1191.271
279, 6.270965, 225.7654, 963.2195, 520.6038, 135.5426, 14.55333, 319.9236, 1388.374, 417.4881, 54.28643, 1544.254, 480.5163, 1083.716, 289.8857, 408.9754, 1205.404, 44.32203, 896.1666, 1130.597
279.1, 5.88771, 212.3207, 976.2538, 496.6314, 131.1673, 13.3355, 299.1904, 1307.893, 390.7036, 51.24134, 1502.656, 453.0775, 1033.066, 271.4475, 386.8302, 1137.41, 41.5289, 1056.001, 1073.014
279.2, 5.527878, 199.6766, 981.8591, 477.4674, 123.8514, 12.21958, 279.8008, 1232.077, 365.6376, 48.36707, 1438.884, 551.0309, 1065.063, 254.182, 365.8841, 1073.251, 38.91179, 997.1119, 1094.608
279.3, 5.190038, 187.7855, 992.1369, 455.4813, 116.9436, 11.19704, 261.6678, 1160.656, 342.1797, 45.65401, 1567.808, 519.5656, 1015.285, 238.0147, 346.0722, 1012.712, 36.45961, 972.4335, 1192.872
279.4, 4.872845, 176.6026, 941.1553, 446.1352, 110.4211, 10.26007, 315.2562, 1107.025, 320.2267, 43.09314, 1520.121, 489.8969, 967.8334, 222.8757, 327.3331, 955.587, 34.16196, 918.2045, 1344.085
279.5, 4.575037, 166.0856, 892.7935, 444.3877, 104.2624, 9.401505, 294.8255, 1042.853, 299.6822, 40.67592, 1444.777, 535.1016, 922.5995, 208.6997, 309.6087, 901.6844, 32.0091, 866.9998, 1275.629
279.6, 4.29543, 156.1949, 991.4899, 483.5967, 98.44713, 8.614783, 275.7188, 1016.721, 280.4557, 38.39429, 1474.665, 504.5459, 879.4797, 195.4253, 292.844, 850.8224, 29.99192, 818.6505, 1210.659
279.7, 4.032912, 146.8932, 940.5415, 461.3283, 92.95625, 7.893895, 275.9644, 1005.543, 262.4628, 36.24064, 1455.032, 517.1382, 838.3752, 182.9952, 276.9871, 802.8295, 28.10186, 803.9187, 1148.998
279.8, 45.8886, 138.1454, 934.4054, 440.0854, 87.77161, 7.233331, 370.3495, 947.2538, 245.6242, 34.20779, 1499.677, 604.9138, 799.1918, 171.3558, 261.9888, 757.5436, 26.3309, 759.0872, 1090.478
279.9, 43.08409, 129.9186, 1073.768, 419.8206, 82.87616, 6.628044, 346.3484, 892.3436, 229.8659, 32.28898, 1454.007, 655.3961, 874.1733, 160.4567, 247.8027, 714.8123, 24.67156, 716.7558, 1034.938
280, 40.45097, 122.1817, 1018.592, 400.489, 78.25375, 6.073407, 412.3707, 853.0479, 215.1185, 30.47779, 1463.019, 673.5999, 833.3168, 150.2508, 234.3847, 674.4913, 23.11678, 676.785, 982.2269
280.1, 37.97878, 114.9056, 988.1953, 382.0475, 73.88915, 5.565182, 385.6463, 803.5986, 201.3174, 28.7682, 1390.506, 762.6965, 794.3698, 140.6941, 221.6932, 636.4448, 21.65998, 639.0433, 1060.641
280.2, 35.65768, 108.0628, 1114.297, 389.1309, 69.76799, 5.099486, 372.295, 879.7418, 188.4016, 27.15451, 1321.587, 719.1445, 757.2431, 211.0701, 209.689, 600.5444, 20.29499, 672.0061, 1006.621
280.3, 33.47843, 101.6274, 1074.096, 538.3188, 65.87669, 4.672759, 348.1677, 828.7451, 176.3145, 25.63133, 1354.325, 678.0793, 721.8516, 224.7328, 198.3347, 566.6691, 19.01602, 736.3703, 1011.263
280.4, 31.43237, 95.57534, 1236.086, 518.9086, 62.20242, 4.281741, 453.9739, 816.3511, 165.0028, 24.19359, 1319.908, 639.3591, 688.1142, 210.4386, 187.5953, 534.7045, 17.81765, 695.3057, 1042.516
280.5, 29.51136, 89.88366, 1347.424, 495.0142, 58.73309, 3.923444, 424.5533, 871.2379, 154.4169, 22.8365, 1374.548, 658.5162, 753.5034, 197.0536, 177.4374, 672.3281, 16.6948, 656.5311, 1061.492
280.6, 27.70775, 84.53093, 1334.632, 472.2201, 55.45725, 3.595129, 397.0394, 842.8237, 144.5101, 21.55553, 1467.319, 633.0239, 718.2866, 233.752, 167.8295, 634.4036, 15.64271, 668.162, 1037.045
280.7, 26.01437, 79.49696, 1300.074, 450.4756, 52.36413, 35.10176, 371.3085, 988.6233, 135.2389, 20.34642, 1556.456, 596.8765, 684.7158, 459.5455, 158.7419, 782.6242, 14.65692, 803.6424, 984.2262
280.8, 24.42448, 74.76278, 1233.269, 429.7324, 49.44352, 32.16443, 347.2452, 931.315, 126.5625, 19.20513, 1628.755, 623.8675, 832.4543, 430.316, 150.1463, 738.4781, 13.73325, 776.916, 1014.543
280.9, 22.93176, 70.31052, 1238.788, 409.9443, 46.68581, 29.4729, 324.7413, 877.3287, 118.4427, 18.12786, 1620.035, 588.2429, 793.5476, 402.9457, 142.0162, 696.8223, 12.8678, 733.5903, 962.8705
281, 21.53027, 66.12341, 1258.334, 391.0674, 44.08192, 27.0066, 306.247, 826.4719, 110.8439, 17.11101, 1613.409, 554.6526, 756.4594, 377.3163, 134.3263, 657.5161, 12.05688, 692.6808, 997.0051
281.1, 20.21444, 62.18564, 1270.695, 455.8373, 41.62325, 24.74668, 286.4001, 778.5632, 103.7325, 16.1512, 1533.442, 522.9805, 721.1045, 574.39, 127.0528, 620.4271, 11.29707, 654.0526, 946.226
281.2, 18.97902, 58.48237, 1205.4, 434.8472, 39.30172, 22.67587, 267.8394, 733.4316, 97.07745, 15.24523, 1457.439, 493.1169, 687.402, 538.7673, 120.1732, 585.4302, 10.58514, 646.6829, 898.0332
281.3, 17.8191, 83.77281, 1275.216, 417.9811, 37.10967, 20.77834, 273.8436, 959.4639, 90.84933, 14.39008, 1411.735, 464.9585, 655.2747, 755.5916, 113.6661, 552.4074, 9.918073, 727.1592, 903.9255
281.4, 16.73007, 78.78399, 1209.688, 398.7342, 40.50502, 19.0396, 282.0493, 903.8459, 85.02079, 13.5829, 1359.786, 530.4565, 714.3865, 812.8057, 107.5113, 521.2474, 9.293045, 886.9839, 985.8891
281.5, 15.7076, 74.09226, 1147.527, 415.8657, 96.13922, 17.44636, 263.7706, 896.5674, 79.56618, 12.821, 1452.336, 566.2236, 680.998, 761.1071, 101.6898, 491.845, 8.707406, 837.5202, 935.6761
281.6, 14.74762, 69.67994, 1155.089, 452.8468, 90.77706, 15.98645, 246.6764, 960.0341, 74.46152, 12.10183, 1458.02, 533.8907, 649.17, 712.6967, 96.18346, 464.1011, 8.158673, 814.7974, 888.0206
281.7, 13.84631, 65.53037, 1202.891, 431.9944, 85.71397, 14.64869, 230.6901, 904.383, 69.68436, 11.423, 1551.324, 503.4041, 618.8295, 667.3655, 90.97532, 437.9222, 7.644522, 817.8953, 842.7923
281.8, 13.00008, 61.62792, 1237.756, 412.1022, 80.93328, 13.42289, 275.9395, 851.9579, 65.21368, 10.78225, 1474.434, 474.6583, 589.9071, 680.0663, 86.04919, 413.22, 7.162771, 772.2844, 799.8675
281.9, 12.20557, 104.0286, 1234.1, 393.126, 76.41924, 12.29966, 258.0568, 938.9052, 61.02982, 10.17744, 1401.356, 447.554, 562.3364, 636.8105, 81.38981, 504.9382, 6.71138, 729.217, 759.1289
282, 11.45962, 97.83353, 1170.685, 408.1675, 72.15696, 11.27042, 241.3329, 884.4789, 57.11438, 9.60656, 1392.113, 455.8012, 536.0543, 596.3061, 76.98272, 476.4558, 6.288436, 688.5513, 927.2338
282.1, 10.75925, 92.00737, 1110.528, 403.0048, 68.13241, 10.3273, 231.8694, 890.6398, 53.45013, 9.067699, 1341.645, 429.7737, 511.0006, 558.3779, 72.81426, 449.58, 5.892145, 704.5887, 880.0082
282.2, 10.1017, 86.52817, 1201.044, 384.4474, 64.33233, 9.463112, 216.8427, 839.0114, 50.02098, 8.559065, 1275.147, 405.2325, 487.1178, 525.97, 68.87152, 424.2202, 5.520827, 696.1425, 835.188
282.3, 9.484323, 81.37526, 1256.886, 366.7447, 60.7442, 8.671235, 222.9646, 854.534, 46.81182, 8.078961, 1235.87, 382.0926, 464.3512, 492.5156, 65.14227, 400.2909, 5.17291, 657.3212, 870.5563
282.4, 8.904681, 76.52922, 1192.301, 349.857, 57.35619, 7.945623, 208.515, 816.2862, 43.80855, 7.625788, 1209.965, 360.274, 536.3765, 550.5441, 61.61494, 444.7999, 4.846919, 811.5721, 826.2174
282.5, 8.360465, 71.97177, 1131.033, 383.1481, 54.15716, 7.280731, 195.0018, 768.9679, 40.99796, 7.198035, 1174.7, 489.6808, 511.3077, 612.6797, 58.27862, 419.7098, 4.541471, 766.3138, 931.4207
282.6, 7.849509, 125.8616, 1313.804, 365.5052, 51.13655, 6.671477, 182.3643, 765.2792, 187.5069, 6.794276, 1126.345, 461.7187, 519.059, 573.7101, 55.12295, 396.0349, 4.255271, 723.5793, 883.9819
282.7, 7.369781, 118.3663, 1246.293, 578.6788, 48.28441, 6.113206, 170.5459, 720.9177, 175.4772, 6.413165, 1152.068, 435.3533, 494.7996, 537.2192, 52.13816, 373.6954, 3.987108, 851.0483, 838.9593
282.8, 6.919371, 153.4826, 1303.805, 587.2592, 45.59135, 5.601651, 164.3261, 679.1277, 164.2192, 58.31487, 1169.101, 410.4934, 582.1758, 532.5474, 49.31498, 352.6161, 3.735845, 803.5885, 868.9001
282.9, 6.496489, 144.3424, 1236.808, 560.2174, 45.49473, 5.132903, 153.6767, 639.7602, 153.6836, 63.74269, 1111.156, 387.0531, 667.4941, 533.8609, 46.64468, 458.3445, 3.500415, 835.0098, 824.6456
283, 6.099451, 135.8388, 1173.254, 534.4208, 42.95727, 4.70338, 143.7174, 602.6747, 143.8238, 60.16718, 1056.083, 364.9513, 636.2972, 499.9046, 44.11896, 432.4903, 3.279823, 788.4445, 782.6451
283.1, 5.726678, 127.7494, 1145.766, 509.8122, 40.56133, 4.309799, 134.4035, 567.739, 176.843, 56.79222, 1068.222, 344.1116, 606.5584, 615.7904, 41.73001, 408.0945, 3.073131, 810.469, 742.7837
283.2, 5.376688, 120.1417, 1126.595, 627.4363, 38.29902, 3.949154, 125.6932, 534.8284, 165.4975, 53.60658, 1015.277, 324.4619, 578.2095, 576.6229, 39.47042, 385.0748, 2.879466, 845.8804, 876.2175
283.3, 5.048088, 112.987, 1257.182, 598.5445, 36.1629, 17.57354, 117.5475, 532.1476, 192.6595, 50.59962, 964.9557, 305.9342, 551.1855, 539.9467, 37.33318, 363.3536, 2.698004, 863.6149, 831.5903
283.4, 4.73957, 106.2585, 1192.581, 570.9831, 34.14592, 16.10298, 109.9296, 501.3002, 275.7337, 63.689, 1108.802, 288.4645, 525.4246, 616.6032, 35.31166, 342.8577, 2.527979, 815.4543, 937.8295
283.5, 4.449908, 99.93057, 1131.3, 678.9534, 32.24143, 14.75548, 161.1089, 531.4946, 258.0437, 60.1165, 1053.846, 271.9924, 500.8676, 726.1049, 33.3996, 323.5178, 2.368668, 787.3099, 890.0643
283.6, 4.177948, 93.97953, 1073.167, 647.6893, 89.48641, 49.80196, 166.0645, 500.685, 241.4886, 56.74438, 1094.417, 256.4609, 477.4584, 679.9208, 31.59108, 305.2689, 2.219397, 807.8854, 844.7319
283.7, 3.92261, 88.38288, 1078.455, 617.8649, 84.49532, 60.20306, 195.9295, 476.651, 225.9956, 53.56142, 1065.842, 241.8163, 455.1433, 636.6743, 29.88049, 288.0494, 2.079533, 762.8327, 801.7083
283.8, 3.682877, 83.11952, 1023.038, 589.4139, 79.78259, 55.16525, 241.0728, 449.0206, 211.4966, 50.557, 1013.015, 228.0079, 433.8711, 870.9246, 28.26252, 271.8011, 1.948483, 891.5539, 760.876
283.9, 3.457795, 78.16961, 970.4681, 562.2729, 75.33273, 87.40353, 294.7188, 434.3506, 197.9278, 47.72111, 962.8056, 214.988, 413.5931, 815.5293, 26.73217, 256.4695, 1.825691, 841.8353, 722.1233
284, 3.246469, 73.51447, 940.3346, 602.4635, 71.13105, 103.0859, 333.7668, 464.0519, 185.2295, 45.04429, 945.134, 202.7116, 394.2629, 763.6574, 25.28467, 242.0026, 1.710638, 794.8893, 685.3444
284.1, 3.048059, 69.13656, 956.1287, 574.7216, 67.16372, 96.2058, 335.3815, 437.1519, 173.3459, 42.51762, 940.2683, 191.1362, 375.8361, 771.9468, 23.91556, 330.0019, 1.602835, 750.5613, 650.4387
284.2, 2.861775, 65.01936, 939.3486, 548.2572, 63.41767, 88.15527, 313.6465, 586.7065, 162.2247, 40.13268, 1097.436, 180.2218, 358.2705, 946.4058, 22.62058, 340.7752, 1.501826, 804.3895, 617.3107
284.3, 2.686875, 154.1137, 971.0446, 523.0114, 59.88055, 178.0159, 293.32, 603.7388, 151.817, 37.88152, 1198.167, 256.3124, 341.5259, 1050.103, 21.39572, 405.7854, 1.407182, 1052.57, 950.0563
284.4, 35.71596, 144.936, 1023.112, 498.9281, 56.54072, 163.1195, 274.3109, 568.7414, 142.077, 35.75663, 1207.875, 311.8552, 325.5639, 983.311, 20.23719, 611.0325, 1.318503, 1070.105, 1091.383
284.5, 41.13691, 136.3048, 1062.527, 475.9538, 53.38717, 149.4696, 301.2453, 535.7727, 292.4215, 33.75094, 1191.691, 340.6535, 560.3181, 995.9373, 19.14139, 657.1837, 1.235412, 1364.213, 1035.797
284.6, 107.7208, 128.1876, 1068.519, 482.872, 50.4095, 136.9619, 281.7226, 504.7151, 368.6617, 89.01055, 1162.715, 321.2012, 534.1304, 932.5905, 18.10492, 620.1135, 1.157558, 1288.136, 1088.769
284.7, 151.7922, 120.5538, 1013.612, 460.637, 47.59792, 125.5009, 266.2598, 511.0892, 451.1587, 84.01768, 1105.086, 302.8598, 509.1666, 873.2729, 17.12457, 585.1343, 1.084609, 1379.5, 1033.317
284.8, 192.9624, 113.3746, 1076.254, 439.4259, 44.94315, 114.9989, 249.0044, 481.4625, 572.9098, 79.30489, 1099.714, 342.6135, 485.3695, 817.7283, 16.19731, 702.7049, 1.016258, 1470.702, 980.6882
284.9, 212.3827, 128.8339, 1055.977, 536.4359, 72.46824, 105.3758, 232.8672, 497.5056, 536.1541, 74.85644, 1045.208, 358.5073, 462.6846, 765.7165, 15.32026, 663.0669, 0.9522147, 1633.495, 980.9677
285, 350.0757, 121.1616, 1033.948, 511.7344, 68.42633, 96.55791, 296.6734, 570.5871, 501.7565, 70.65752, 993.4033, 338.0355, 441.06, 717.0129, 14.4907, 658.4555, 0.8922071, 1605.01, 1046.657
285.1, 355.0477, 187.5842, 980.8182, 594.0414, 69.09334, 88.47791, 277.4469, 537.5114, 469.5658, 189.4581, 1106.208, 463.2458, 420.446, 671.4072, 97.50417, 1012.844, 0.8359811, 1725.896, 1035.611
285.2, 378.348, 218.1516, 949.9709, 566.6874, 75.75838, 81.07405, 341.6478, 506.3531, 439.4402, 232.3743, 1093.279, 436.7932, 400.7955, 628.7022, 92.22452, 955.7114, 0.7832984, 1653.124, 982.866
285.3, 355.225, 205.1602, 901.156, 569.5394, 71.53296, 74.28975, 319.5067, 477.0009, 482.3067, 219.3397, 1039.091, 411.8511, 382.0634, 588.7135, 201.7129, 901.8019, 0.7339357, 1739.924, 932.807
285.4, 333.5152, 194.1688, 854.8495, 543.3135, 67.54321, 69.29469, 298.8005, 449.3502, 451.3638, 207.0363, 987.59, 388.3333, 364.2068, 551.2682, 190.7905, 850.9333, 0.6876838, 1836.899, 1068.055
285.5, 313.1321, 182.6057, 823.8254, 518.2953, 63.77599, 63.49608, 342.5369, 423.3024, 542.9887, 195.423, 1016.025, 366.1584, 347.1847, 516.2047, 264.6695, 802.9341, 0.6443466, 2024.64, 1013.657
285.6, 293.9948, 171.7312, 791.766, 494.4292, 60.21889, 58.18271, 320.3381, 398.7645, 560.013, 261.7649, 965.6664, 345.2497, 330.9583, 483.3714, 250.3382, 757.6424, 0.6037405, 2013.76, 1243.328
285.7, 276.0271, 161.5043, 866.6331, 471.662, 56.86019, 53.31396, 299.578, 375.649, 524.0847, 247.0817, 917.8042, 325.535, 315.4901, 452.6265, 241.1992, 714.9055, 0.5656934, 2028.663, 1180.004
285.8, 259.1575, 235.7205, 917.4109, 449.9432, 53.68882, 48.85263, 421.132, 353.8734, 490.4615, 233.2222, 872.3142, 365.3247, 300.745, 423.8371, 228.1388, 674.5793, 0.5300439, 1944.593, 1196.24
285.9, 243.3189, 241.6118, 870.2692, 429.2245, 50.69432, 44.76463, 393.8397, 333.3602, 458.9953, 220.14, 908.027, 344.4636, 286.689, 396.8788, 215.7856, 636.5278, 0.496641, 1868.915, 1135.314
286, 228.4483, 227.2234, 832.0704, 409.4598, 47.86685, 41.01871, 368.3162, 314.036, 429.5479, 207.7917, 863.0216, 324.7938, 273.2899, 371.6353, 302.0718, 600.6227, 0.4653432, 1764.693, 1108.689
286.1, 214.4865, 213.6918, 789.3139, 390.6053, 45.19708, 37.58625, 360.3127, 295.8321, 401.9898, 196.1361, 820.2468, 306.2472, 260.5171, 347.9973, 285.7152, 566.7429, 0.4360177, 1835.891, 1096.972
286.2, 201.378, 244.6701, 757.526, 404.2617, 42.67622, 113.5103, 336.9619, 278.6833, 376.1996, 220.2786, 779.5922, 288.7596, 248.3412, 325.8629, 302.1089, 534.7742, 0.4085403, 1909.638, 1041.102
286.3, 189.0706, 230.0995, 751.5541, 385.6465, 40.29596, 104.0117, 315.1245, 262.5287, 352.0641, 207.9225, 798.1343, 374.4175, 236.7344, 305.1363, 285.7503, 504.6088, 0.3827945, 1803.145, 988.0767
286.4, 177.5154, 239.1654, 811.13, 367.8885, 38.04845, 95.30801, 450.9482, 300.8355, 393.2397, 196.2595, 903.7308, 353.0372, 225.6701, 285.7281, 298.1583, 476.145, 0.3586712, 1935.463, 1184.193
286.5, 166.6665, 224.9226, 829.9067, 350.9482, 49.85848, 87.3326, 521.4211, 283.3967, 374.9397, 185.2507, 858.9383, 332.8778, 215.1229, 267.5543, 282.0136, 449.2867, 0.336068, 1827.53, 1359.989
286.6, 156.4805, 211.5281, 787.2614, 334.788, 47.07763, 107.3107, 496.5512, 370.2574, 375.4138, 174.8595, 861.6237, 313.8696, 205.0686, 250.5364, 266.7432, 423.9435, 0.3148893, 1766.122, 1290.722
286.7, 146.9171, 242.6262, 746.8075, 319.3719, 67.72757, 98.33093, 650.2786, 348.7944, 351.3286, 165.0511, 818.9183, 295.9468, 195.4843, 234.601, 252.2996, 400.0298, 0.2950453, 1667.632, 1331.468
286.8, 137.9382, 263.8717, 708.4323, 361.8312, 64.28842, 90.10257, 720.7841, 328.5755, 328.7887, 155.7929, 778.3295, 279.0474, 186.3479, 219.6792, 238.6381, 377.465, 0.2764519, 1574.635, 1573.127
286.9, 129.508, 358.7109, 672.0291, 404.1618, 62.16899, 82.56276, 674.0723, 335.9011, 404.8458, 147.054, 739.7524, 263.113, 177.6385, 205.7064, 225.7163, 356.173, 0.2590301, 1486.823, 1493.005
287, 121.593, 410.0258, 637.4964, 403.8661, 71.45848, 75.65388, 651.524, 332.6961, 378.8724, 138.8053, 799.9523, 248.0886, 169.3361, 192.6224, 213.4942, 336.0821, 0.2427063, 1509.555, 1504.591
287.1, 114.1617, 385.6081, 604.7382, 385.2692, 67.47289, 69.32314, 800.5977, 313.4104, 517.8998, 131.0193, 827.7488, 233.922, 161.4218, 180.3707, 201.9339, 317.1245, 0.2274112, 1425.372, 1533.669
287.2, 107.1847, 362.6444, 573.6633, 367.5285, 98.545, 178.5572, 748.7134, 295.2427, 502.2519, 123.67, 819.869, 220.5644, 153.8774, 168.8981, 190.9996, 299.2362, 0.2130799, 1345.885, 1455.556
287.3, 100.634, 341.0483, 653.2961, 350.6048, 95.43407, 163.6155, 700.1917, 329.7615, 603.3817, 116.733, 883.4628, 207.9696, 146.6856, 158.1553, 180.6574, 282.3569, 0.1996519, 1270.83, 1381.422
287.4, 94.48367, 333.2666, 619.7261, 334.4604, 90.11124, 261.3792, 654.8145, 310.646, 649.75, 110.1851, 839.6749, 196.094, 139.8299, 148.0959, 319.4444, 266.4298, 0.18707, 1287.576, 1311.064
287.5, 88.70924, 313.42, 598.1631, 344.2774, 85.08529, 239.5069, 612.3781, 437.2929, 872.4321, 104.0045, 798.0573, 184.8965, 133.2946, 138.6762, 302.1471, 251.4011, 0.175281, 1398.183, 1440.432
287.6, 83.2877, 446.0336, 628.333, 328.4243, 103.3095, 412.9936, 601.0842, 411.944, 816.4602, 98.17057, 813.6696, 174.3384, 127.0648, 129.8557, 285.7864, 237.2201, 0.164235, 1333.567, 1367.068
287.7, 78.19752, 419.4715, 631.9701, 313.3012, 168.0443, 378.4341, 562.1299, 388.0645, 866.0707, 92.66389, 773.3409, 164.3832, 121.1261, 121.5962, 270.3117, 223.8391, 0.1538851, 1338.585, 1297.441
287.8, 73.41842, 521.4429, 599.4959, 298.8745, 159.2285, 346.7667, 525.7, 365.5693, 810.507, 87.46609, 875.2444, 154.9964, 115.465, 213.129, 255.6749, 211.2128, 0.1441874, 1296.81, 1231.361
287.9, 68.9314, 490.39, 568.6904, 285.1122, 150.3475, 317.7491, 491.6311, 344.378, 758.5079, 82.55986, 890.8698, 146.1457, 110.0685, 307.8068, 241.8306, 199.2988, 0.1351008, 1279.346, 1168.645
288, 64.71861, 461.1864, 545.5717, 271.9835, 141.9619, 365.0486, 459.77, 494.8004, 923.6464, 77.92883, 872.4602, 137.8004, 104.9242, 969.9579, 308.6722, 188.0568, 0.1265869, 1487.509, 1109.124
288.1, 60.76328, 433.722, 517.5372, 326.069, 144.2768, 334.5012, 489.7191, 466.1179, 975.1858, 73.55757, 850.2341, 129.9316, 100.0203, 1054.194, 291.9582, 177.4489, 0.1186095, 1452.005, 1052.635
288.2, 57.04969, 407.893, 546.6654, 311.0544, 136.2297, 306.51, 457.982, 535.7153, 912.6216, 69.43151, 808.0931, 122.5122, 95.34561, 1059.348, 276.1493, 167.4394, 0.1111348, 1371.033, 999.0225
288.3, 53.56305, 417.4216, 518.5746, 296.7311, 169.831, 280.8611, 428.3016, 504.661, 854.0713, 65.53689, 988.9971, 115.5164, 90.88941, 991.9678, 261.1964, 157.9946, 0.1041312, 1294.575, 1059.965
288.4, 50.28951, 392.5634, 619.1947, 283.0674, 258.0691, 257.3586, 529.1091, 475.407, 799.2773, 61.86073, 939.9785, 108.9201, 86.64149, 1137.766, 247.0531, 149.0824, 0.09756899, 1222.382, 1093.311
288.5, 47.21603, 369.1855, 587.377, 270.0329, 243.6753, 235.8227, 506.0476, 447.8487, 747.9988, 58.39078, 893.3895, 102.7004, 82.59209, 1065.399, 246.0561, 140.673, 0.09142029, 1154.214, 1037.627
288.6, 44.33038, 391.5273, 557.1943, 257.5986, 274.4345, 279.9859, 473.5728, 421.8879, 784.4998, 55.11546, 849.1096, 96.83597, 78.73196, 1041.692, 308.9659, 132.738, 0.08565906, 1144.311, 984.7788
288.7, 41.6211, 433.591, 620.5593, 245.7369, 259.1279, 256.5565, 442.8821, 397.432, 734.1693, 52.02387, 807.0244, 91.30637, 75.05225, 975.4352, 292.2361, 125.2505, 0.08026091, 1080.497, 1092.974
288.8, 39.07739, 407.7699, 588.6715, 234.4213, 348.8289, 235.0878, 414.1803, 421.8641, 687.0678, 49.1057, 767.025, 86.09252, 71.5445, 913.3925, 276.4121, 118.1854, 0.07520294, 1020.242, 1037.307
288.9, 36.68915, 482.1625, 558.4222, 223.6268, 329.373, 245.3286, 387.3386, 460.1867, 642.9882, 46.35121, 729.0082, 163.5423, 68.20071, 855.296, 261.4449, 111.5189, 0.07046372, 1200.211, 984.4752
289, 34.44687, 453.4489, 529.7274, 213.3294, 311.0023, 224.7994, 362.2365, 433.5107, 601.7365, 43.75124, 692.8757, 154.2036, 65.01319, 800.8948, 316.0621, 105.2283, 0.06602317, 1133.279, 934.3342
289.1, 32.34162, 426.4452, 502.507, 203.5061, 293.6561, 323.9048, 338.761, 408.381, 563.1314, 41.2971, 658.5341, 195.0293, 61.97465, 749.9537, 298.948, 99.29263, 0.06186245, 1070.081, 886.7471
289.2, 30.36504, 401.0496, 510.8408, 194.1352, 277.2775, 296.8004, 316.807, 384.7081, 596.5108, 38.98062, 625.8945, 183.8925, 59.07812, 702.2528, 285.7986, 93.69176, 0.05796394, 1044.086, 988.3337
289.3, 28.50925, 419.4062, 484.5909, 185.1958, 261.8123, 394.4426, 327.9412, 362.4074, 558.241, 36.79408, 594.8727, 173.3918, 56.31696, 657.5859, 277.3572, 88.40681, 0.05431111, 985.861, 937.9962
289.4, 26.76689, 394.4299, 512.9833, 176.668, 247.2098, 378.0976, 374.2513, 341.3994, 522.4264, 34.73019, 565.3885, 163.4906, 53.68486, 615.76, 262.3389, 83.41998, 0.05088848, 994.0419, 922.1836
289.5, 25.13101, 370.9409, 486.6233, 168.5329, 233.4217, 346.4583, 349.9973, 321.6093, 488.9095, 32.78207, 675.6818, 154.1549, 51.17577, 576.5945, 248.1338, 78.71445, 0.04768153, 1017.252, 988.3291
289.6, 59.90921, 348.8507, 461.6178, 160.7724, 220.4026, 317.4666, 327.315, 316.5784, 457.5429, 30.94323, 642.1923, 145.3522, 48.78395, 539.9201, 234.6978, 74.27435, 0.04467669, 960.5233, 937.9919
289.7, 56.24781, 328.076, 465.8808, 153.3693, 208.1097, 290.9008, 306.1028, 298.2271, 428.1887, 29.20753, 610.3627, 202.5927, 46.50393, 505.5784, 221.9894, 70.08469, 0.04186121, 933.6005, 890.2184
289.8, 55.74741, 316.6107, 441.9412, 146.307, 196.5024, 266.5582, 286.2652, 365.6197, 400.7178, 27.56919, 580.1107, 305.3828, 44.33046, 473.421, 233.4286, 66.13137, 0.03922315, 892.8154, 844.8782
289.9, 52.34037, 297.7559, 419.2318, 139.5699, 185.5425, 244.2525, 267.7133, 344.4255, 375.0092, 26.02275, 551.3582, 355.7017, 42.25857, 443.309, 220.789, 62.40105, 0.03675135, 948.5478, 801.8472
290, 127.6033, 280.024, 397.6893, 133.1431, 175.1938, 223.8134, 250.3636, 347.2797, 350.9501, 24.56306, 524.0306, 426.6052, 40.28352, 415.1122, 208.8337, 58.88115, 0.03443531, 895.6509, 761.0078
290.1, 294.9865, 263.3481, 377.2538, 127.0122, 165.4224, 205.0846, 234.1384, 386.3456, 328.4344, 23.18525, 498.0576, 548.7851, 38.40077, 388.7089, 197.5258, 55.5598, 0.03226523, 845.7038, 722.2484
290.2, 276.9581, 247.6652, 357.8683, 121.1636, 156.196, 187.923, 218.9646, 363.95, 403.5614, 21.88472, 473.3719, 784.0197, 36.60602, 363.985, 282.0381, 52.42579, 0.03023191, 798.5421, 685.4631
290.3, 260.0316, 232.9163, 339.479, 115.5844, 147.4842, 172.1976, 288.3918, 342.8527, 377.6704, 20.65714, 449.9097, 1013.415, 34.89515, 340.8337, 266.7664, 49.46857, 0.02832672, 820.8295, 650.5514
290.4, 284.3255, 314.7396, 347.7259, 110.262, 139.2583, 157.788, 331.7815, 322.9782, 353.4405, 19.49842, 427.6104, 973.8795, 33.26425, 319.1549, 252.3215, 46.67816, 0.0265416, 775.055, 739.0806
290.5, 287.6104, 305.085, 329.8578, 105.1847, 131.4911, 144.5843, 310.2798, 304.2559, 330.7651, 54.63491, 406.4164, 942.7169, 31.70957, 298.855, 333.6114, 44.04515, 0.02486897, 731.8331, 821.2729
290.6, 270.0329, 286.9167, 312.9078, 100.3413, 124.1572, 132.4854, 290.1715, 331.723, 409.1519, 85.63001, 386.2728, 919.6378, 30.22755, 279.8463, 315.547, 41.56066, 0.02330176, 691.0215, 779.4442
290.7, 253.5296, 269.8303, 296.8288, 95.7208, 117.2324, 121.399, 271.3664, 312.4938, 382.9023, 80.82677, 367.1276, 1036.026, 28.81479, 262.0466, 298.4608, 39.21632, 0.0218333, 652.4859, 739.7458
290.8, 295.0741, 401.4209, 281.5761, 91.31311, 110.6937, 111.2403, 253.78, 294.3792, 358.3368, 76.29295, 348.9313, 976.8661, 27.46807, 298.2416, 332.5033, 37.00421, 0.02045739, 765.6534, 702.0693
290.9, 277.0404, 377.5156, 267.1071, 87.10838, 104.5198, 101.9317, 237.3334, 397.7489, 335.3473, 84.02733, 331.6369, 952.1413, 26.18428, 308.2163, 314.499, 34.91689, 0.01916818, 791.6636, 726.0399
291, 307.31, 355.0338, 276.5862, 83.09727, 98.69022, 116.1028, 300.1897, 390.6956, 313.8327, 79.31399, 315.1997, 1005.267, 24.9605, 354.4313, 297.4695, 32.9473, 0.01796022, 747.5156, 787.246
291.1, 322.4376, 333.891, 268.0443, 79.27085, 93.18578, 106.3873, 334.4521, 368.0479, 293.6984, 74.86503, 299.5771, 1079.782, 23.79391, 331.8876, 353.4562, 31.08882, 0.01682839, 705.8295, 747.1503
291.2, 409.1423, 314.0072, 254.2707, 75.62064, 87.98835, 97.48475, 351.3824, 346.7129, 274.8558, 70.66563, 284.7289, 1018.123, 22.68185, 310.7779, 334.3173, 29.33517, 0.01576788, 666.468, 761.5493
291.3, 384.1373, 316.0319, 241.2048, 72.1385, 83.0808, 89.32719, 328.6105, 337.8872, 257.2221, 66.70178, 508.0105, 1258.236, 21.62176, 291.0108, 316.2147, 27.68044, 0.0147742, 733.0552, 722.7623
291.4, 394.5394, 348.788, 322.626, 68.81671, 78.44698, 81.85226, 359.0398, 367.7365, 240.7197, 62.96028, 482.8315, 1249.351, 20.61122, 272.501, 429.4546, 26.11905, 0.01384315, 753.0067, 823.0554
291.5, 431.693, 328.0171, 306.0477, 65.64788, 74.0716, 75.00284, 335.7715, 505.61, 225.2761, 59.42865, 458.9005, 1178.009, 19.64791, 255.1685, 472.7829, 24.64573, 0.01297076, 749.0157, 832.244
291.6, 405.3097, 308.4831, 290.3212, 62.62497, 173.8939, 102.324, 314.0113, 476.3009, 440.5036, 56.09512, 436.1556, 1369.801, 18.72961, 238.9385, 447.1827, 23.25552, 0.01215336, 707.246, 952.9769
291.7, 505.1895, 437.6968, 275.4029, 59.74125, 269.2099, 93.76145, 293.6612, 448.6908, 412.2426, 52.94858, 414.538, 1291.581, 17.85424, 223.7407, 422.9687, 21.94373, 0.01138747, 791.3313, 979.7569
291.8, 549.7529, 411.6312, 261.2511, 56.99032, 254.1948, 214.9772, 274.6299, 422.6812, 492.1211, 49.97853, 393.9919, 1413.101, 17.01978, 209.5097, 400.0658, 20.70593, 0.01066984, 883.7603, 929.8563
291.9, 593.2616, 387.1178, 361.6218, 54.36607, 240.0171, 196.9878, 463.4927, 398.1793, 531.3138, 47.17509, 374.4641, 1424.024, 16.22432, 196.1838, 378.403, 19.53796, 0.009997436, 834.4763, 1005.37
292, 1499.777, 364.0642, 343.0396, 51.86265, 306.9944, 180.5038, 721.8583, 387.31, 546.0193, 44.5289, 355.9041, 1371.051, 15.46604, 183.7055, 357.9133, 18.43586, 0.009367407, 787.9407, 1088.032
292.1, 1979.795, 353.1288, 455.5312, 49.47451, 427.1849, 165.3992, 675.6319, 420.9203, 675.7558, 94.48025, 338.2641, 1380.159, 14.7432, 172.0208, 338.533, 17.39594, 0.008777082, 744.0002, 1109.936
292.2, 1858.798, 332.0993, 432.1234, 47.19634, 618.6893, 151.5585, 688.3338, 507.0912, 742.0953, 109.8936, 321.4984, 1301.348, 14.05414, 204.0514, 448.162, 16.41467, 0.008223958, 842.6738, 1287.066
292.3, 2023.801, 312.3222, 480.8042, 45.02307, 592.409, 138.8761, 714.5874, 477.6963, 840.1814, 180.5653, 305.5637, 1227.037, 13.39729, 356.1732, 423.8949, 15.48876, 0.007705692, 1178.014, 1464.315
292.4, 2093.816, 293.7229, 456.0977, 42.94987, 559.3674, 127.2549, 717.1935, 511.3641, 1221.122, 191.0547, 290.4188, 1222.628, 12.77114, 346.8602, 659.8223, 14.61507, 0.007220087, 1220.157, 1641.074
292.5, 2381.421, 311.1119, 432.6609, 40.97215, 564.2021, 116.6061, 670.7145, 549.988, 1142.779, 180.3379, 276.0245, 1203.981, 12.17425, 324.7981, 624.0943, 13.79067, 0.006765084, 1152.114, 1557.492
292.6, 2329.287, 292.5847, 410.4283, 39.08548, 532.7338, 106.8485, 627.2476, 808.6376, 1186.837, 170.2222, 407.3651, 1242.557, 11.60526, 304.1393, 753.9985, 242.1287, 0.006338755, 1102.202, 1756.665
292.7, 2230.438, 289.6343, 436.3505, 37.2857, 525.655, 97.90739, 586.5977, 866.0657, 1467.234, 160.674, 387.1744, 1213.49, 11.06286, 284.7944, 858.3046, 358.6583, 0.005939293, 1098.654, 2205.497
292.8, 2094.123, 272.386, 413.9283, 35.56879, 496.3366, 89.71446, 548.5822, 898.2722, 1576.513, 151.6613, 367.9846, 1288.735, 10.54581, 331.3655, 1190.212, 338.4272, 0.005565004, 1037.386, 2354.976
292.9, 1966.139, 398.0841, 413.4517, 33.93094, 468.6535, 82.20712, 513.0303, 846.2013, 1582.172, 162, 349.7458, 1215.145, 10.05293, 310.2889, 1652.239, 319.3373, 0.005214303, 979.5353, 2235.033
293, 1845.977, 374.3775, 392.2062, 32.36851, 477.0622, 75.328, 479.7825, 797.1489, 1480.666, 152.9129, 332.411, 1273.969, 9.583081, 290.5529, 1830.458, 464.3259, 0.004885703, 924.9103, 2352.206
293.1, 1733.159, 352.0826, 372.0525, 30.87802, 450.4541, 69.02453, 731.4514, 750.9399, 1385.672, 207.8059, 315.9354, 1201.222, 9.135194, 272.0722, 1891.759, 438.1343, 0.00457781, 873.3316, 2318.42
293.2, 1627.236, 331.1155, 352.9343, 29.45617, 425.33, 63.24853, 684.0483, 762.4062, 1350.755, 196.1495, 300.2764, 1132.629, 8.70824, 254.767, 1933.208, 413.4201, 0.004289321, 824.6292, 2200.339
293.3, 1527.786, 311.397, 445.1501, 28.09979, 414.5386, 57.95587, 639.7173, 718.2112, 1264.095, 250.5552, 285.3936, 1067.953, 8.30124, 238.5625, 1828.528, 390.1, 0.004019012, 778.6428, 2088.272
293.4, 1434.414, 292.8528, 422.2758, 26.80587, 501.1062, 53.10611, 709.8779, 676.5781, 1182.996, 236.5009, 271.2483, 1006.97, 7.913262, 223.3887, 1729.517, 368.0954, 0.003765738, 735.2208, 2023.247
293.5, 1346.749, 275.4128, 400.5769, 25.57153, 473.157, 48.66217, 663.873, 637.3584, 1134.362, 226.7164, 257.8042, 949.4691, 7.543418, 209.18, 1799.924, 347.3319, 0.003528425, 694.2203, 2051.161
293.6, 1264.441, 259.0115, 507.6492, 24.39402, 543.9395, 44.5901, 889.8428, 600.4122, 1168.898, 621.788, 245.0264, 895.2518, 7.190859, 263.4883, 1702.461, 588.8252, 0.003306067, 655.5062, 1965.16
293.7, 1187.164, 243.5869, 525.5242, 23.27074, 513.6013, 40.85879, 832.1749, 565.6076, 1315.627, 890.829, 232.8819, 844.1305, 6.854777, 246.7291, 1650.675, 555.6109, 0.003097722, 692.8827, 1965.023
293.8, 1114.61, 229.0809, 615.5551, 22.19919, 616.6029, 37.43971, 916.7235, 532.8206, 1231.221, 1214.783, 221.3394, 795.9283, 6.534403, 231.0358, 1561.294, 524.2701, 0.002902506, 654.2432, 1864.941
293.9, 1046.489, 215.4387, 728.4574, 21.17697, 586.9952, 34.30674, 857.3136, 601.6526, 1162.334, 1512.94, 210.3689, 750.4786, 6.229003, 256.2695, 1840.911, 494.6972, 0.002719593, 617.7585, 1769.957
294, 982.5324, 202.609, 691.0251, 20.20183, 899.0722, 35.18265, 1793.962, 566.7761, 1217.694, 1489.724, 199.9422, 707.6243, 5.937876, 239.9694, 1741.229, 466.7925, 0.002548207, 583.3085, 1679.81
294.1, 922.4842, 190.5432, 783.9777, 19.27159, 848.9265, 32.23856, 2324.21, 749.7578, 1139.572, 1475.241, 190.0323, 667.217, 5.660356, 224.7061, 1646.945, 440.4618, 0.002387621, 550.7795, 1744.649
294.2, 866.1059, 179.1961, 743.6924, 18.38418, 834.3852, 29.54082, 2664.722, 706.296, 1066.461, 1392.49, 180.6136, 629.1171, 5.395806, 431.5199, 1557.767, 415.6163, 0.002237156, 621.0692, 1655.791
294.3, 813.1732, 168.5246, 705.4774, 17.53764, 787.8474, 27.06884, 2596.423, 665.3536, 1119.694, 1447.617, 171.6616, 593.1927, 5.143621, 404.073, 1599.293, 392.1723, 0.002096172, 586.4345, 1571.459
294.4, 763.4755, 158.4887, 669.226, 16.73008, 764.9897, 35.22034, 2559.266, 626.7845, 1047.859, 1366.416, 308.4718, 559.3198, 4.903222, 403.6665, 1512.694, 370.0508, 0.001964073, 553.7313, 1491.422
294.5, 716.8151, 149.0504, 752.7717, 15.9597, 722.3224, 95.2393, 2481.347, 590.4512, 1122.305, 1289.77, 494.7024, 628.9091, 4.674058, 453.7467, 1430.785, 349.1771, 0.001840299, 522.8517, 1495.276
294.6, 674.4524, 140.1742, 764.0056, 15.2248, 682.035, 87.26965, 2320.539, 556.224, 1144.891, 1466.505, 760.7186, 622.0978, 4.455606, 424.886, 1356.886, 329.4808, 0.001724325, 493.6943, 1419.119
294.7, 633.2327, 131.8266, 864.6092, 14.52374, 739.7907, 79.9669, 2170.152, 539.1628, 1071.439, 1486.302, 759.2007, 586.5743, 4.247363, 531.5012, 1283.414, 310.8955, 0.00161566, 685.9105, 1540.925
294.8, 594.5322, 123.9761, 820.1807, 13.85495, 698.5289, 73.27524, 2029.512, 519.8628, 1048.831, 1434.871, 929.1609, 643.3149, 4.048852, 497.695, 1213.92, 293.3586, 0.001513843, 771.8777, 1462.443
294.9, 558.197, 116.5931, 828.491, 13.21697, 728.239, 67.14354, 1897.985, 531.5712, 1061.428, 1401.298, 883.108, 813.142, 3.85962, 528.8451, 1211.625, 276.8109, 0.001418442, 728.833, 1387.959
295, 524.0823, 109.6497, 785.9185, 12.60836, 687.6215, 61.52494, 1774.983, 565.6691, 1138.74, 1322.695, 839.3377, 766.7094, 3.679232, 495.2078, 1185.894, 261.1966, 0.001329053, 829.7519, 1317.268
295.1, 706.8423, 103.1199, 817.4094, 71.22734, 692.1039, 56.37652, 1659.952, 545.1259, 1147.342, 1476.934, 797.7368, 722.9282, 3.507274, 535.0179, 1121.68, 246.4631, 0.001245297, 783.4797, 1250.177
295.2, 663.6431, 96.97892, 775.4062, 67.94751, 843.7888, 51.65891, 1552.376, 680.4831, 1165.309, 1586.281, 805.2073, 816.1687, 3.343354, 500.988, 1213.518, 232.5607, 0.00116682, 739.788, 1186.504
295.3, 647.2588, 91.20365, 861.8912, 78.82888, 796.7266, 51.43268, 1451.771, 657.1148, 1400.74, 1790.331, 1095.804, 769.5632, 3.187094, 558.2233, 1150.641, 219.4424, 0.001093288, 823.4222, 1126.073
295.4, 892.6477, 85.77231, 817.6024, 75.19901, 752.2892, 47.12878, 1357.687, 669.8008, 1560.295, 1708.623, 1214.24, 725.6191, 3.038138, 522.7174, 1088.337, 207.0642, 0.00102439, 777.5031, 1068.72
295.5, 866.7822, 145.915, 775.5894, 71.7363, 710.3303, 209.8219, 1509.944, 832.8461, 1612.918, 1612.781, 1382.455, 761.5818, 2.896143, 489.4699, 1188.286, 195.3842, 0.000959834, 734.1447, 1014.289
295.6, 813.8082, 137.2255, 968.1296, 68.43303, 717.9692, 192.2639, 1412.089, 784.5679, 1856.364, 1660.207, 1448.319, 824.6137, 2.760786, 458.3371, 1123.943, 184.363, 0.0008993462, 753.4614, 1275.734
295.7, 852.5146, 129.0535, 918.3817, 65.28187, 712.1062, 176.1752, 1320.576, 945.4256, 1737.267, 1848.925, 1376.535, 777.526, 2.631754, 653.8214, 1286.784, 173.9635, 0.0008426703, 711.4437, 1210.759
295.8, 812.2216, 121.3681, 884.4517, 62.27581, 672.3885, 304.1801, 1234.994, 890.6214, 1882.371, 1745.213, 1575.673, 733.1271, 2.508753, 624.9516, 1406.435, 164.1506, 0.000789566, 971.9436, 1149.093
295.9, 762.5821, 114.1405, 895.4835, 59.40817, 634.8861, 278.7262, 1172.927, 915.3372, 2036.967, 1647.319, 1646.545, 722.8788, 2.3915, 585.2014, 1389.737, 154.8912, 0.0007398083, 1016.814, 1166.938
296, 715.9763, 107.3432, 925.8949, 144.1584, 711.5294, 255.4023, 1096.913, 862.2772, 2053.247, 1693.443, 1777.25, 681.6004, 2.279728, 547.9796, 1314.485, 146.1542, 0.0006931863, 960.1097, 1107.504
296.1, 672.2189, 100.9507, 922.9153, 137.5203, 671.8439, 234.0301, 1025.826, 812.2928, 2334.929, 1717.485, 1689.162, 807.1509, 2.17318, 513.1252, 1243.309, 137.9099, 0.0006495024, 906.5681, 1051.097
296.2, 690.977, 94.93892, 875.4907, 131.1879, 696.4057, 271.6955, 959.3452, 849.481, 2198.424, 1621.146, 1680.729, 761.0604, 2.071611, 480.4878, 1175.986, 130.1307, 0.0006085714, 1028.5, 1058.938
296.3, 648.7474, 89.28514, 1006.536, 125.147, 859.4933, 248.9599, 1075.813, 803.5164, 2302.408, 1530.211, 1689.831, 717.6018, 1.97479, 465.1929, 1227.113, 122.7904, 0.0005702198, 1184.889, 1005.004
296.4, 609.0988, 83.96806, 1054.534, 119.3843, 811.5551, 228.1268, 1006.093, 756.9383, 2462.6, 1559.251, 1621.059, 676.6248, 1.882493, 471.1225, 1160.667, 115.864, 0.0005342851, 1282.475, 1023.99
296.5, 571.8732, 78.96761, 1069.662, 113.887, 766.2907, 209.0371, 940.8912, 822.0829, 2397.235, 1515.612, 1731.335, 814.6993, 1.794511, 441.1567, 1097.82, 109.3284, 0.000500615, 1361.701, 971.8366
296.6, 536.9228, 74.26495, 1139.776, 108.6428, 726.0731, 191.5448, 879.915, 815.7156, 2243.438, 1430.597, 1729.031, 776.4699, 1.71064, 413.0968, 1111.61, 103.1614, 0.0004690667, 1285.764, 922.3394
296.7, 504.1084, 69.84234, 1081.208, 103.6401, 840.7341, 175.5163, 822.8906, 896.8953, 2245.046, 1454.133, 1739.905, 787.5002, 1.630689, 386.8217, 1291.228, 97.34232, 0.0004395066, 1214.062, 1010.902
296.8, 473.2994, 65.68311, 1025.65, 98.8677, 821.5007, 160.829, 769.5616, 875.2753, 2101.012, 1444.434, 1733.539, 742.5318, 1.554475, 362.2178, 1353.93, 91.85146, 0.0004118093, 1280.682, 1051.326
296.9, 447.0457, 61.77156, 972.9461, 94.3151, 775.6815, 147.3708, 719.6888, 824.5375, 2387.549, 1363.412, 1647.618, 700.1312, 1.481823, 360.7855, 1280.617, 86.67032, 0.0003858575, 1209.263, 997.7803
297, 419.7242, 58.09295, 922.9506, 89.97214, 881.7554, 135.0388, 673.048, 898.1187, 2234.373, 1384.618, 1565.956, 660.1518, 1.412567, 337.8376, 1211.275, 81.78144, 0.0003615411, 1141.827, 946.9617
297.1, 401.2269, 54.63342, 930.5431, 85.82915, 832.5755, 123.7387, 669.3875, 846.0567, 2091.024, 1306.951, 1488.341, 622.4553, 1.346547, 316.3494, 1288.21, 77.16833, 0.0003387572, 1209.35, 898.7314
297.2, 376.7056, 51.3799, 1096.169, 81.87695, 850.3265, 113.3842, 626.0066, 882.3322, 1956.872, 1525.906, 1590.189, 586.9114, 1.283613, 296.228, 1246.881, 72.81544, 0.000317409, 1295.574, 852.9575
297.3, 453.0028, 59.71056, 1039.841, 78.10673, 847.5044, 103.8962, 585.4371, 870.5506, 2043.285, 1484.907, 1616.106, 581.7963, 1.223621, 277.3863, 1179.365, 68.70809, 0.0002974062, 1256.897, 920.949
297.4, 425.3172, 56.15469, 1165.363, 74.51012, 800.2349, 95.2021, 606.3983, 820.0867, 2036.217, 1401.614, 1626.987, 548.5741, 1.166432, 259.7431, 1115.505, 64.83242, 0.000278664, 1186.804, 1188.205
297.5, 447.3463, 52.81057, 1176.622, 71.07912, 755.6019, 87.23555, 567.0995, 772.5481, 2117.259, 1426.839, 1546.347, 633.6749, 1.111916, 314.6783, 1055.103, 61.17537, 0.0002611028, 1139.885, 1127.688
297.6, 625.0842, 49.66561, 1116.161, 67.80611, 794.7243, 79.93565, 683.2061, 727.7652, 2088.615, 1388.559, 1469.704, 597.4903, 1.059948, 294.6631, 1145.937, 57.72461, 0.0002446484, 1274.546, 1070.253
297.7, 601.5551, 54.45967, 1058.806, 64.68382, 887.5972, 73.24661, 638.9297, 685.5782, 2149.626, 1405.603, 1516.877, 563.3719, 1.010409, 275.921, 1094.961, 54.46849, 0.0002292309, 1313.334, 1015.743
297.8, 570.834, 51.2165, 1099.149, 61.7053, 915.4418, 67.11731, 597.5227, 645.8368, 2011.714, 1326.759, 1487.137, 531.2018, 0.9631851, 258.371, 1051.153, 51.39605, 0.000214785, 1307.767, 964.0099
297.9, 535.947, 48.16647, 1042.669, 58.86393, 864.3831, 61.50091, 572.9415, 608.399, 1906.438, 1329.023, 1413.428, 500.8688, 0.9181684, 241.9372, 1182.6, 48.49691, 0.0002012494, 1336.228, 914.9114
298, 503.1922, 45.29807, 1045.391, 56.1534, 937.3395, 56.3545, 535.811, 598.2511, 1855.606, 1343.383, 1343.373, 527.6383, 0.8752556, 226.5488, 1118.565, 45.76131, 0.0001885669, 1261.712, 868.3135
298.1, 472.4393, 42.60049, 1098.231, 53.56768, 917.7374, 51.63873, 501.0868, 634.1061, 1815.057, 1268.028, 1395.046, 497.5087, 0.8343486, 224.1839, 1057.997, 43.18002, 0.0001766836, 1191.351, 824.0889
298.2, 500.2968, 40.06355, 1127.758, 51.10103, 915.8974, 47.31758, 468.6129, 597.3484, 1999.626, 1196.901, 1325.902, 469.0996, 0.7953534, 209.9246, 1051.121, 40.74433, 0.0001655492, 1274.287, 782.1167
298.3, 469.7208, 37.6777, 1069.808, 48.74796, 864.8133, 43.35803, 438.2436, 562.7214, 2211.692, 1345.944, 1260.185, 442.3127, 0.7581807, 196.5723, 994.2053, 38.44603, 0.0001551164, 1297.773, 742.2822
298.4, 441.0135, 35.43392, 1014.835, 46.50324, 880.9977, 39.72982, 409.8424, 530.1017, 2180.034, 1317.88, 1197.725, 417.0555, 0.7227454, 184.0693, 977.787, 36.27738, 0.0001453411, 1225.401, 704.4766
298.5, 414.0606, 33.32377, 1005.766, 44.36189, 831.8602, 36.40521, 383.2818, 548.5983, 2064.202, 1243.957, 1216.889, 393.2405, 0.6889662, 172.3616, 969.8059, 34.23105, 0.0001361819, 1157.065, 668.5964
298.6, 388.755, 31.33928, 1062.583, 42.31914, 785.4633, 33.35881, 358.4426, 516.7973, 2164.306, 1174.179, 1252.922, 370.7854, 0.6567657, 161.3985, 917.2929, 32.30016, 0.0001275998, 1092.54, 634.5437
298.7, 364.9959, 29.47297, 1108.605, 40.37046, 780.212, 30.56733, 335.213, 515.2266, 2111.089, 1196.799, 1309.177, 349.6125, 0.6260703, 151.1327, 867.6234, 30.47818, 0.0001195586, 1031.613, 602.2253
298.8, 342.6889, 27.7178, 1068.216, 38.5115, 736.6957, 28.00945, 313.489, 510.2281, 2079.49, 1191.203, 1340.95, 329.6487, 0.5968094, 141.5199, 820.6433, 28.75897, 0.0001120241, 974.0842, 571.553
298.9, 321.7452, 26.06716, 1070.723, 36.73815, 695.6065, 25.66561, 330.2611, 480.6513, 1986.352, 1124.385, 1274.487, 310.8248, 0.5689162, 132.5185, 776.2072, 27.13674, 0.0001049645, 978.2955, 542.4429
299, 302.0815, 24.51481, 1075.777, 35.04645, 690.1687, 23.5179, 308.858, 501.8032, 1923.222, 1061.315, 1442.301, 293.0759, 0.5423266, 124.0896, 734.1771, 25.60602, 9.834972e-05, 1002.427, 514.8154
299.1, 283.6196, 23.05491, 1082.156, 33.43266, 651.6746, 21.54992, 359.7384, 616.6968, 2001.693, 1001.782, 1382.112, 276.3404, 0.5169797, 116.1969, 694.4229, 24.16164, 9.215181e-05, 1049.573, 488.595
299.2, 266.2859, 21.68195, 1026.549, 31.89317, 615.3275, 19.74661, 336.4249, 580.9483, 1873.272, 1035.813, 1479.011, 312.0045, 0.4928175, 108.8061, 656.8214, 22.79874, 8.634449e-05, 1011.012, 463.7101
299.3, 250.0117, 20.39075, 973.7993, 30.42457, 581.0077, 18.09421, 314.6223, 552.3571, 1852.768, 977.7109, 1435.308, 294.1882, 0.4697845, 101.8855, 629.2346, 21.51271, 8.090315e-05, 954.632, 440.0926
299.4, 234.732, 19.17645, 923.76, 29.0236, 548.6021, 16.58008, 294.2326, 688.2786, 1733.902, 1003.559, 1364.168, 277.3893, 0.447828, 95.40505, 595.1628, 20.29923, 7.580471e-05, 901.3958, 417.6779
299.5, 220.3862, 18.03446, 900.7224, 27.68714, 585.9432, 15.19265, 293.2072, 648.3806, 1622.661, 1033.385, 1354.212, 261.5496, 0.4268977, 143.5035, 562.9359, 19.1542, 7.102757e-05, 964.9266, 396.4049
299.6, 206.9171, 16.96047, 911.9477, 26.41222, 625.8762, 13.92133, 274.2053, 740.781, 1649.186, 1323.725, 1322.216, 246.6144, 0.4069457, 134.3759, 532.4541, 18.07375, 6.655148e-05, 911.1163, 376.2154
299.7, 194.2713, 15.95045, 865.0867, 25.196, 631.4634, 12.75639, 256.4349, 697.8396, 1596.485, 1249.473, 1256.682, 232.532, 0.3879261, 189.5508, 503.6228, 251.5691, 6.235747e-05, 860.3068, 357.0541
299.8, 182.3982, 15.00057, 820.6337, 24.0358, 603.0867, 11.68893, 239.8162, 657.3874, 1494.061, 1185.837, 1227.213, 219.2538, 0.3697955, 243.5847, 476.3527, 463.6354, 5.842777e-05, 812.3307, 338.8687
299.9, 171.2508, 14.10726, 778.4649, 22.92901, 569.4496, 10.71079, 224.2745, 619.2801, 1398.207, 1397.484, 1310.827, 287.8981, 0.3525122, 243.8157, 450.5591, 552.0325, 5.474571e-05, 767.0302, 321.6096
300, 160.7847, 13.26715, 758.3824, 21.87319, 537.6886, 9.814511, 209.74, 583.3818, 1482.563, 1407.802, 1354.991, 271.4584, 0.3360368, 277.693, 453.1475, 724.9749, 5.129568e-05, 724.2558, 305.2295
300.1, 170.073, 12.47706, 801.593, 20.86599, 507.6991, 8.99323, 196.1474, 549.5645, 1387.447, 1554.897, 1287.833, 304.3342, 0.3203313, 313.2351, 428.6105, 844.5291, 4.806308e-05, 683.8668, 289.6837
300.2, 159.6789, 11.73403, 760.4026, 19.90516, 488.8997, 8.240673, 183.4357, 517.7074, 1298.434, 1589.464, 1310.367, 286.9559, 0.3053599, 293.3117, 405.4021, 945.8969, 4.503419e-05, 717.3386, 274.9296
300.3, 198.7559, 11.03525, 788.6022, 18.98858, 461.6313, 7.551091, 171.5478, 487.6971, 1239.87, 1522.138, 1245.42, 336.5538, 0.2910882, 274.6556, 383.4504, 892.541, 4.219617e-05, 677.3353, 260.927
300.4, 414.4554, 10.37808, 825.8599, 18.11421, 435.8839, 6.919213, 160.4304, 459.4263, 1357.722, 1463.614, 1212.525, 453.5864, 0.2774835, 287.6809, 362.6873, 842.1947, 3.953701e-05, 639.5629, 247.6376
300.5, 480.3129, 9.760048, 902.8993, 17.28009, 561.978, 6.340211, 150.0334, 432.7944, 1270.616, 1669.366, 1288.305, 480.564, 0.2645147, 368.4672, 343.0486, 869.6763, 3.704543e-05, 603.8969, 235.025
300.6, 579.1292, 9.17882, 856.5032, 16.48439, 530.6337, 5.80966, 140.3102, 407.7063, 1211.353, 1677.867, 1265.982, 477.3434, 0.2521519, 345.0308, 324.4732, 982.1572, 3.471086e-05, 639.5861, 223.0548
300.7, 565.9724, 8.632205, 896.8672, 15.72533, 514.2658, 5.323506, 131.2171, 384.0724, 1371.847, 1680.889, 1252.433, 576.132, 261.0474, 466.7615, 306.9036, 1079.487, 3.252341e-05, 603.9188, 211.6942
300.8, 865.9465, 8.118142, 850.7811, 15.00122, 485.5827, 4.878033, 122.7134, 361.8086, 1283.834, 1586.603, 1245.994, 808.8242, 248.8467, 460.9408, 290.2854, 1235.386, 3.047382e-05, 601.7837, 200.9123
300.9, 836.0988, 7.634692, 810.2364, 14.31045, 458.4993, 4.469838, 114.7607, 340.8354, 1236.615, 1714.847, 1394.104, 772.3229, 299.0176, 431.6225, 274.5671, 1165.7, 2.855339e-05, 827.6284, 190.6795
301, 963.7764, 7.180033, 828.1807, 13.65149, 432.9266, 4.0958, 107.3234, 321.0779, 1157.278, 1618.656, 1445.539, 728.2212, 285.0423, 404.1691, 259.6998, 1099.946, 2.675398e-05, 781.4747, 180.9679
301.1, 1128.194, 6.752449, 859.7704, 13.02288, 408.7801, 3.753062, 100.3681, 302.4657, 1177.381, 1643.399, 1373.893, 797.6609, 271.7202, 378.4619, 245.6376, 1037.9, 2.506797e-05, 777.685, 171.7509
301.2, 1194.311, 6.350329, 815.5905, 12.42321, 385.9804, 3.439005, 93.86359, 284.9325, 1216.746, 1565.974, 1328.907, 752.1122, 259.0207, 354.3897, 232.3368, 979.3547, 2.348821e-05, 734.3165, 163.0033
301.3, 1252.456, 5.972156, 894.2406, 11.85115, 400.0843, 3.151228, 87.78059, 268.4156, 1138.684, 1587.135, 1399.584, 763.6937, 407.8202, 351.0983, 219.7563, 924.1115, 2.200801e-05, 744.8152, 154.7013
301.4, 1175.911, 5.616503, 870.4362, 11.30544, 377.7697, 2.887532, 82.0918, 252.8561, 1065.63, 1498.108, 1366.479, 858.824, 388.7597, 328.7666, 329.2865, 871.9844, 2.062108e-05, 948.8683, 146.8221
301.5, 1104.045, 5.282031, 825.7083, 10.78485, 356.6996, 2.645902, 76.7717, 238.1986, 1143.172, 1414.075, 1298.751, 895.4689, 370.5901, 334.4311, 311.4563, 822.7977, 1.932156e-05, 895.9535, 139.3442
301.6, 1036.57, 4.967476, 918.7179, 10.28824, 336.8047, 2.424492, 71.79637, 224.3908, 1103.711, 1334.755, 1234.38, 844.3352, 353.2698, 313.1596, 294.5916, 776.3856, 1.810394e-05, 845.9896, 132.2472
301.7, 1077.532, 4.671654, 871.509, 9.814489, 318.0194, 2.22161, 67.14348, 211.3833, 1032.901, 1386.922, 1173.199, 827.6592, 480.1705, 293.241, 278.64, 732.5914, 1.696305e-05, 798.8119, 125.5116
301.8, 1015.686, 4.393449, 826.726, 9.362557, 300.2819, 2.035705, 62.79212, 199.1299, 966.6342, 1329.37, 1115.051, 780.3976, 457.7286, 274.5894, 263.5522, 691.2675, 1.589405e-05, 754.2651, 119.1191
301.9, 953.6114, 4.131811, 784.2441, 8.931437, 283.5337, 1.865357, 58.72276, 187.5868, 969.021, 1254.802, 1059.784, 735.8348, 436.3356, 257.1241, 249.2814, 652.2747, 1.489242e-05, 759.6381, 113.0522
302, 1042.109, 3.885754, 763.7205, 8.520167, 267.7196, 1.709263, 54.91713, 176.7128, 1043.601, 1276.714, 1007.257, 783.1346, 541.6815, 273.4031, 235.7834, 615.4813, 1.395392e-05, 717.2759, 107.2942
302.1, 1046.017, 3.654351, 749.4114, 8.127836, 252.7876, 1.566231, 51.35812, 166.4691, 1014.459, 1241.868, 1011.838, 738.4155, 516.3648, 256.0132, 223.0162, 580.7634, 1.307456e-05, 715.41, 101.8296
302.2, 982.0893, 3.436728, 837.2528, 7.753571, 238.6884, 1.435169, 48.02976, 156.8193, 949.375, 1228.028, 1008.018, 735.1045, 664.0334, 239.7294, 210.9403, 548.0038, 1.225061e-05, 675.5143, 96.64322
302.3, 1022.965, 3.232064, 802.5518, 7.396539, 225.3756, 1.315073, 44.91711, 147.7288, 888.4667, 1205.029, 958.0571, 845.5219, 670.2375, 224.4814, 199.5183, 517.0922, 1.147859e-05, 637.8434, 91.72102
302.4, 960.4458, 3.039589, 858.0635, 7.055947, 212.8053, 1.205027, 42.00617, 139.1653, 831.4661, 1149.428, 1006.541, 797.2402, 742.0332, 210.2032, 188.7148, 487.9242, 1.075522e-05, 758.2758, 87.04952
302.5, 1049.846, 2.858577, 813.9713, 6.73104, 200.9361, 1.10419, 39.28389, 131.0982, 797.9602, 1165.453, 956.653, 869.4405, 707.3525, 196.8332, 178.4963, 460.4015, 1.007744e-05, 715.9896, 82.61595
302.6, 985.684, 2.688343, 772.1449, 6.421093, 189.7289, 1.011791, 36.73802, 123.4987, 818.9763, 1203.053, 1029.864, 819.793, 674.2928, 184.3136, 168.8311, 434.4312, 9.442365e-06, 708.6206, 78.40819
302.7, 1043.954, 2.528248, 732.4677, 6.125418, 179.1467, 0.9271242, 34.35715, 116.3398, 784.179, 1135.57, 978.8194, 772.9806, 642.7781, 172.5903, 159.6892, 409.926, 8.847316e-06, 669.1035, 74.41473
302.8, 980.1516, 2.377686, 694.8294, 5.843359, 169.1548, 0.8495421, 32.13057, 109.5958, 733.8691, 1071.873, 1011.341, 728.8413, 645.43, 161.6127, 151.0424, 386.8029, 8.289767e-06, 631.7902, 70.62467
302.9, 950.4061, 2.236091, 659.1251, 5.574287, 159.7202, 0.7784522, 30.04829, 103.2428, 686.7869, 1063.131, 961.2154, 720.8696, 615.2643, 151.3333, 142.8637, 364.9843, 7.767354e-06, 596.5576, 67.02764
303, 892.3214, 2.102927, 661.1722, 5.317605, 150.8119, 0.713311, 28.10096, 97.25806, 732.6435, 1003.496, 913.5738, 774.5961, 673.5674, 141.7077, 135.128, 344.3963, 7.277863e-06, 632.6302, 63.61382
303.1, 975.0975, 1.977694, 639.5659, 5.072743, 142.4003, 0.6536209, 26.27982, 91.62022, 711.0298, 1009.054, 930.1768, 730.3646, 773.4276, 132.6943, 127.8111, 324.9697, 6.819219e-06, 630.8342, 60.37386
303.2, 915.5037, 1.859919, 606.7014, 4.839157, 134.458, 0.5989257, 24.57671, 86.3092, 665.4129, 952.4529, 884.0735, 688.6588, 737.2797, 124.2543, 120.8904, 306.6389, 6.389478e-06, 595.6549, 57.29892
303.3, 859.5521, 1.749158, 575.5257, 4.616326, 126.9586, 0.5488074, 22.98397, 81.30605, 622.7225, 899.027, 840.2554, 649.3345, 702.8212, 116.3511, 114.3444, 289.3421, 5.986819e-06, 562.4375, 54.38059
303.4, 1001.26, 1.644992, 613.2007, 4.403757, 119.8775, 0.502883, 21.49446, 76.59292, 644.5426, 848.598, 798.609, 662.6121, 669.9732, 108.9505, 108.1529, 273.0209, 5.609536e-06, 552.8867, 51.6109
303.5, 940.0668, 1.54703, 581.691, 4.200975, 113.1913, 0.4608016, 20.10147, 72.153, 751.803, 800.9976, 826.4642, 650.1486, 638.6605, 166.8121, 102.2966, 257.6205, 5.256029e-06, 544.7048, 48.98227
303.6, 882.614, 1.454902, 640.0458, 4.007531, 106.8781, 0.4222416, 18.79876, 67.97045, 703.5703, 819.895, 916.3119, 622.189, 608.8112, 156.202, 96.75746, 243.0887, 4.924799e-06, 514.3287, 46.48753
303.7, 852.1865, 1.36826, 607.1566, 3.822995, 100.917, 0.3869083, 17.58047, 64.03036, 658.4319, 773.9046, 870.8959, 599.7698, 580.3569, 146.2668, 91.51824, 229.3766, 4.614443e-06, 485.6465, 44.11984
303.8, 800.1045, 1.286777, 575.9575, 40.34972, 95.28833, 0.3545316, 16.44113, 60.31866, 674.7612, 730.494, 844.0841, 588.5077, 553.2326, 136.9634, 86.56271, 216.438, 4.323645e-06, 478.174, 41.87274
303.9, 988.8557, 1.210147, 546.3615, 38.49172, 89.97363, 0.3248643, 15.37564, 56.82212, 631.4711, 706.6161, 913.3936, 618.6637, 632.6687, 128.2518, 81.87552, 204.2292, 4.051173e-06, 479.7415, 39.74009
304, 928.4211, 1.138081, 540.613, 36.71928, 84.95536, 0.2976796, 14.37919, 53.52827, 590.9584, 666.9799, 1002.052, 741.4816, 603.0995, 123.1994, 77.44212, 192.7091, 3.795872e-06, 586.3594, 37.71606
304.1, 898.3568, 1.070306, 512.8333, 35.02845, 93.70435, 0.2727697, 13.44732, 50.42535, 815.8474, 629.567, 952.3859, 699.141, 643.3939, 152.0467, 73.24879, 181.8388, 3.55666e-06, 553.6603, 35.79512
304.2, 985.4978, 1.006568, 486.481, 33.41549, 88.47799, 0.2499442, 12.57584, 47.5023, 763.5057, 624.6936, 905.1819, 836.8787, 613.3234, 142.3758, 69.28252, 171.5817, 3.332523e-06, 522.7848, 33.97202
304.3, 925.2684, 0.9466247, 461.4828, 31.87679, 93.25663, 0.2290288, 11.76084, 44.7487, 733.7702, 645.0739, 860.3175, 853.4941, 816.9323, 133.3199, 65.53101, 161.9031, 3.12251e-06, 536.2335, 32.24177
304.4, 929.575, 0.8902515, 467.8435, 68.5517, 88.05524, 0.2098636, 10.99866, 42.15472, 686.6943, 673.0076, 817.6768, 804.7573, 778.7511, 124.8401, 61.98264, 152.7705, 2.925733e-06, 534.4269, 30.59964
304.5, 960.7411, 0.8372355, 466.1991, 65.39507, 112.8851, 0.1923021, 10.28587, 39.7111, 705.1078, 635.2566, 808.611, 926.4714, 742.3544, 116.8996, 58.6264, 144.1531, 2.741356e-06, 573.0947, 29.04115
304.6, 902.0247, 0.7873766, 449.4155, 62.3838, 106.589, 0.1762102, 9.619276, 37.40914, 755.1323, 599.6232, 768.5331, 899.5227, 754.442, 147.8373, 55.4519, 136.0217, 2.568598e-06, 541.1354, 27.56204
304.7, 962.0069, 0.7404869, 428.9564, 59.51119, 100.644, 0.1614649, 8.995881, 35.24061, 706.6859, 661.3576, 772.261, 848.1575, 719.1813, 138.4341, 52.4493, 128.3491, 2.406728e-06, 510.9583, 26.15826
304.8, 903.2131, 0.6963896, 406.9142, 139.2687, 95.03056, 0.1479535, 8.412887, 33.19779, 786.7777, 624.2601, 747.691, 913.2125, 795.4018, 129.6289, 49.60927, 386.3212, 2.255058e-06, 482.4641, 24.82598
304.9, 955.9883, 0.6549184, 386.0046, 132.8557, 175.9355, 0.1355727, 7.867674, 31.27339, 815.5235, 589.2435, 710.6325, 861.0656, 758.2269, 121.3839, 46.92303, 401.0683, 2.112947e-06, 455.5589, 23.56155
305, 897.5624, 0.6159168, 366.1696, 126.7381, 166.1227, 0.1242279, 7.357795, 29.46054, 1011.046, 556.191, 724.746, 825.0453, 856.4238, 113.6632, 44.38224, 378.4449, 1.979791e-06, 552.1656, 22.36152
305.1, 922.7343, 0.5792379, 485.088, 214.2116, 156.8572, 0.1138325, 6.88096, 27.75278, 946.1816, 746.9723, 688.8247, 813.8746, 1037.608, 106.4336, 41.97903, 413.3051, 1.855026e-06, 521.3735, 21.22261
305.2, 866.3406, 0.5447432, 509.7123, 204.3477, 148.1085, 0.1043069, 6.435027, 26.14401, 993.7285, 734.7363, 654.6838, 890.7842, 1163.064, 99.66391, 39.70596, 458.8459, 1.738124e-06, 492.2984, 20.14171
305.3, 813.3936, 0.5123028, 538.9067, 246.2926, 139.8478, 0.0955785, 6.017993, 24.6285, 929.9747, 928.2068, 622.2351, 839.918, 1108.705, 93.32477, 37.55596, 469.1355, 1.628589e-06, 464.8448, 19.11586
305.4, 873.2484, 0.4817943, 641.5043, 234.9514, 132.0478, 0.08758046, 5.627986, 23.20084, 981.8969, 953.7028, 668.6697, 791.9564, 1138.921, 87.38883, 35.52238, 599.4972, 1.525957e-06, 505.0877, 18.14226
305.5, 962.2993, 0.4531026, 608.5402, 224.1326, 124.6828, 0.08025169, 5.263254, 21.85594, 918.9021, 900.2067, 693.9934, 1023.664, 1085.691, 81.83045, 33.59892, 1096.872, 1.429793e-06, 756.1995, 17.21824
305.6, 903.4876, 0.4261195, 577.27, 213.8118, 117.7286, 0.0735362, 4.922159, 20.589, 859.9489, 849.7114, 706.8986, 965.2096, 1034.948, 76.62561, 31.7796, 1035, 1.339689e-06, 714.0291, 16.34129
305.7, 963.1987, 0.4007433, 547.6066, 203.9664, 111.1623, 0.06738267, 4.60317, 19.3955, 979.9733, 946.4022, 958.8595, 910.0935, 986.5775, 71.75182, 30.0588, 976.6183, 1.255263e-06, 674.2103, 15.509
305.8, 904.3322, 0.3768784, 519.4675, 194.5742, 104.9623, 0.06174407, 4.304853, 18.27119, 917.102, 893.3157, 973.3949, 858.1247, 1243.593, 67.18803, 76.70083, 921.5295, 1.176157e-06, 636.6122, 14.7191
305.9, 849.0632, 0.3544346, 492.7743, 185.6146, 99.108, 0.0565773, 4.025869, 17.21205, 987.5067, 843.2069, 925.1496, 920.9427, 1185.471, 62.91453, 72.54764, 869.5481, 1.102037e-06, 601.1107, 13.96944
306, 797.1721, 0.3333274, 467.4528, 177.0675, 93.58026, 0.05184289, 3.764966, 16.2143, 978.9103, 795.9089, 879.2955, 868.3544, 1186.92, 58.91284, 68.61933, 820.4988, 1.032588e-06, 567.5891, 13.25795
306.1, 748.4523, 0.3134772, 443.4324, 168.914, 88.36083, 0.04750466, 3.52097, 15.2744, 948.2078, 855.4843, 883.2875, 818.769, 1131.447, 55.16568, 115.2986, 774.2164, 9.67515e-07, 535.9368, 12.5827
306.2, 702.7101, 0.294809, 420.6463, 161.136, 91.2438, 0.04352946, 3.292787, 14.38897, 887.3745, 807.4976, 839.5082, 772.015, 1353.028, 51.65685, 109.0554, 730.5446, 9.065432e-07, 637.048, 11.94184
306.3, 752.6228, 0.2772526, 399.0312, 198.5729, 86.15469, 0.0398869, 3.079392, 13.55488, 953.2202, 762.2027, 797.8989, 727.9308, 1439.483, 48.37121, 103.1503, 689.3362, 8.494137e-07, 601.5222, 11.33363
306.4, 706.6257, 0.2607418, 378.5267, 252.6767, 81.34941, 0.03654915, 2.879827, 12.76913, 934.1157, 719.4485, 820.7468, 686.364, 1372.206, 45.29455, 97.56489, 650.4523, 7.958845e-07, 771.0353, 10.75639
306.5, 663.4397, 0.2452141, 401.8082, 241.0416, 76.81216, 104.8975, 2.693194, 12.02893, 874.1864, 679.0925, 780.0674, 647.1708, 1308.073, 61.38036, 92.28195, 613.7617, 7.457286e-07, 739.774, 10.20855
306.6, 710.7454, 0.2306112, 381.161, 229.9423, 72.52796, 96.1196, 2.518657, 11.33164, 818.1019, 641.0001, 741.4042, 610.2156, 1246.937, 118.3481, 119.0104, 579.1408, 6.987335e-07, 698.5196, 9.688608
306.7, 667.3077, 0.2168779, 361.5748, 219.354, 68.48272, 88.07628, 2.355431, 10.67477, 765.6157, 710.8751, 704.6573, 575.3706, 1282.58, 212.5799, 112.5662, 546.4728, 6.547e-07, 678.1464, 9.195151
306.8, 626.5247, 0.2039624, 342.9951, 209.2533, 64.6631, 80.70602, 2.202783, 10.05598, 803.4697, 670.9999, 669.7317, 542.5154, 1310.157, 199.0587, 106.471, 515.6475, 6.134414e-07, 640.3287, 8.726828
306.9, 638.4247, 0.1918161, 325.37, 199.6178, 61.05652, 73.95251, 2.060027, 9.473057, 874.2251, 633.3616, 636.5372, 511.5363, 1248.924, 186.3976, 100.7058, 486.5609, 5.74783e-07, 725.7709, 8.282356
307, 599.4069, 0.1803931, 308.6507, 190.4259, 57.6511, 67.76414, 1.926524, 45.72184, 818.1382, 660.5901, 650.6743, 482.3261, 1190.552, 234.0978, 95.25276, 459.1151, 5.385607e-07, 798.8197, 7.860522
307.1, 609.3208, 0.1696504, 292.7905, 359.2152, 54.43562, 62.09362, 1.801672, 212.4998, 765.6496, 623.5357, 618.4243, 454.784, 1134.909, 219.208, 90.09502, 433.2175, 5.046211e-07, 754.2725, 7.460173
307.2, 641.6553, 0.1595474, 321.1407, 391.2256, 51.39947, 56.89761, 1.684911, 200.1817, 716.5284, 588.5598, 652.5688, 428.8146, 1198.839, 208.7234, 85.21655, 408.7807, 4.728204e-07, 712.2096, 7.080215
307.3, 602.4401, 0.1500461, 304.6386, 373.2107, 48.53267, 52.13639, 1.575717, 188.5776, 670.5587, 555.5457, 620.225, 404.3281, 1142.808, 195.4475, 80.60225, 385.7223, 4.430237e-07, 672.4924, 6.719608
307.4, 565.6215, 0.1411106, 288.9846, 356.0253, 45.82576, 47.77361, 1.4736, 177.6462, 656.4966, 555.6114, 692.017, 381.2398, 1305.607, 183.016, 76.2378, 363.9645, 4.151048e-07, 634.99, 6.377367
307.5, 531.0532, 0.1327072, 274.1349, 339.6313, 43.26984, 43.77589, 1.378101, 167.3484, 640.0479, 524.4455, 695.4423, 359.47, 1244.587, 297.129, 72.10968, 343.4341, 3.889453e-07, 599.579, 6.052557
307.6, 632.0171, 0.1248042, 260.0483, 370.5442, 40.85646, 52.71419, 1.288791, 157.6476, 700.7837, 495.0278, 660.9734, 436.0063, 1222.891, 307.3487, 68.20509, 324.0618, 3.644343e-07, 566.1427, 5.744291
307.7, 593.3909, 0.1173719, 301.0305, 353.4816, 38.5777, 129.1604, 1.205268, 148.5091, 655.8241, 467.2602, 628.213, 411.1092, 1232.648, 287.7997, 64.51192, 305.7822, 3.41468e-07, 534.571, 5.451725
307.8, 573.5505, 0.1103822, 285.5619, 337.2047, 36.42603, 140.7953, 1.127159, 139.9004, 613.7489, 460.3524, 597.0763, 387.6337, 1231.182, 269.4942, 61.01873, 288.5337, 3.19949e-07, 575.0034, 5.174059
307.9, 538.4976, 0.1038087, 368.8454, 321.6773, 34.39437, 129.0135, 1.054111, 131.7906, 574.3731, 531.3677, 594.7969, 365.4987, 1249.335, 252.3529, 57.71469, 272.2581, 2.997861e-07, 667.1905, 4.910536
308, 505.5869, 0.09762675, 349.892, 306.8649, 32.47603, 118.2177, 0.9857974, 124.151, 537.5235, 501.5617, 577.1642, 344.6278, 1190.944, 416.63, 54.58956, 256.9007, 2.808939e-07, 629.9838, 4.660435
308.1, 474.6876, 0.09181291, 331.9126, 382.7537, 30.66468, 150.246, 0.921911, 116.9543, 635.7888, 496.8535, 692.174, 324.9486, 1135.283, 390.1302, 51.63364, 242.4095, 2.631922e-07, 594.852, 4.423071
308.2, 445.6767, 0.08634529, 314.857, 438.0905, 28.95436, 137.6734, 0.8621649, 110.1747, 631.1924, 468.9836, 707.2266, 306.3931, 1082.223, 365.3159, 48.83779, 228.7357, 2.466061e-07, 561.6793, 4.197797
308.3, 569.8401, 0.08120327, 298.6779, 482.7358, 27.33943, 126.1528, 0.8062907, 103.7881, 652.0629, 512.2332, 672.1737, 339.8853, 1031.643, 342.0799, 46.19332, 215.8332, 2.310653e-07, 530.3566, 3.983997
308.4, 627.3865, 0.07636747, 283.3301, 518.6784, 25.81458, 115.5963, 0.7540376, 97.77175, 636.1523, 534.6971, 638.8582, 320.4769, 1098.071, 320.3218, 43.69205, 391.6011, 2.165038e-07, 500.7806, 3.781085
308.5, 589.0433, 0.07181965, 268.771, 494.7946, 24.37477, 105.9232, 0.7051708, 92.10414, 607.3579, 616.9717, 607.1938, 302.1768, 1097.646, 299.9477, 41.32621, 369.5117, 408.3376, 472.8539, 3.588508
308.6, 553.0435, 0.06754266, 254.9601, 472.0106, 23.01527, 97.05949, 0.6594709, 86.76507, 568.3922, 582.364, 748.7823, 284.9217, 1046.344, 284.4622, 39.08848, 465.9709, 382.6046, 446.4846, 3.40574
308.7, 519.2438, 0.06352037, 241.8588, 498.903, 21.7316, 88.93752, 0.6167327, 81.73549, 679.8823, 588.5274, 735.5245, 296.7738, 997.4412, 297.7045, 36.97192, 474.0663, 443.4079, 421.5859, 3.23228
308.8, 487.5098, 0.05973762, 229.4307, 475.9299, 20.51952, 81.4952, 0.5767642, 76.99747, 636.2637, 555.5151, 699.069, 279.8272, 950.8234, 331.1228, 34.96997, 447.3253, 415.4647, 398.0756, 3.067655
308.9, 457.7153, 0.05618014, 217.6413, 454.0146, 19.37505, 74.67566, 0.539386, 72.5341, 655.2631, 647.3835, 837.9185, 263.8483, 1105.923, 310.0617, 33.07642, 422.0927, 389.2825, 375.8764, 2.911414
309, 462.1303, 0.05283451, 206.4576, 433.1084, 18.2944, 68.42677, 0.5044301, 68.32945, 674.1209, 663.2628, 796.388, 291.9021, 1107.735, 290.3402, 31.28539, 453.6547, 364.7503, 354.9152, 2.763131
309.1, 433.8869, 0.04968813, 195.8486, 437.8222, 17.27403, 62.7008, 0.4717396, 64.36855, 708.0294, 626.0584, 756.9159, 359.2767, 1090.491, 271.873, 29.59135, 428.0651, 341.7641, 335.123, 2.6224
309.2, 518.8227, 0.04672911, 185.7848, 417.6617, 16.31058, 57.45398, 0.4411676, 60.63725, 662.6049, 697.3928, 719.4001, 338.761, 1039.525, 254.5805, 27.98904, 403.9189, 320.2265, 316.4344, 2.488837
309.3, 487.1145, 0.04394631, 213.8562, 455.0248, 15.40086, 52.64621, 0.4125769, 57.12224, 716.7954, 658.274, 683.7438, 366.5246, 1051.727, 238.3879, 26.47349, 381.1348, 405.99, 458.009, 2.362077
309.4, 464.2654, 0.04132923, 202.8671, 485.7046, 14.54187, 48.24076, 0.3858391, 53.81099, 779.3578, 621.3494, 649.8548, 345.595, 1024.357, 223.2252, 25.04001, 519.7913, 425.5107, 432.4676, 2.241772
309.5, 435.8915, 0.038868, 214.0904, 463.3392, 13.7308, 44.20395, 0.3608341, 50.69168, 729.3572, 586.4961, 617.6454, 490.6545, 1307.33, 270.7249, 23.68414, 564.2717, 597.6986, 479.6319, 2.127595
309.6, 479.0872, 0.03655334, 203.0893, 686.6639, 12.96497, 40.50495, 0.3374496, 47.7532, 707.8661, 697.9188, 587.0325, 462.6368, 1246.229, 253.5053, 22.4017, 532.4424, 560.0322, 491.8218, 2.019233
309.7, 449.8075, 0.03437652, 192.6534, 655.0448, 12.24185, 37.11548, 0.3155806, 44.98505, 762.4446, 697.9945, 557.9369, 469.4054, 1187.984, 237.3811, 21.18869, 667.7653, 524.7396, 519.8453, 1.91639
309.8, 422.3171, 0.03232934, 207.4459, 666.9637, 11.55906, 34.00965, 0.2951288, 42.37737, 713.5291, 658.8419, 530.2833, 588.7762, 1323.975, 306.7038, 20.04136, 783.9363, 491.671, 594.8541, 1.818785
309.9, 403.1723, 0.03040407, 196.7862, 861.2435, 10.91435, 159.4583, 0.2760024, 39.92085, 667.7518, 669.2748, 504.0004, 611.7436, 1436.069, 287.1959, 18.95617, 922.4461, 460.6864, 614.5034, 1.726152
310, 451.5783, 0.02859345, 186.6742, 1253.863, 10.30561, 146.1147, 0.2581156, 37.60672, 624.9114, 631.7332, 535.913, 576.8113, 1497.252, 268.9287, 17.92973, 1012.458, 431.6544, 666.4511, 1.638236
310.1, 423.9798, 0.02689066, 218.3192, 1196.125, 9.730811, 133.8878, 0.2413879, 35.42675, 584.8195, 645.1732, 643.8843, 564.5358, 1598.684, 263.362, 16.95887, 1054.546, 404.4519, 654.7725, 1.554798
310.2, 398.068, 0.02528928, 216.8749, 1141.047, 9.188076, 122.684, 0.2257444, 33.37313, 547.2997, 608.9835, 659.7731, 532.2993, 1566.426, 246.6108, 16.04058, 1161.626, 378.9637, 628.0362, 1.47561
310.3, 373.7397, 0.02378326, 205.7306, 1213.877, 8.675611, 175.9779, 0.2111146, 31.43857, 512.1871, 574.8238, 627.0721, 501.9035, 1587.589, 230.9251, 15.17202, 1096.101, 355.0818, 684.3724, 1.400454
310.4, 350.8984, 0.02236692, 232.2804, 1157.981, 8.19173, 161.252, 0.1974329, 29.61614, 479.3271, 718.9062, 595.992, 586.2786, 1675.243, 273.3728, 14.35048, 1181.347, 332.7049, 646.2075, 1.329127
310.5, 356.265, 0.02103493, 220.3445, 1207.713, 7.734837, 147.7584, 0.1846379, 27.89936, 448.5753, 678.5806, 566.4523, 617.3314, 1596.947, 255.9849, 13.57343, 1211.786, 311.7382, 610.171, 1.261432
310.6, 334.4916, 509.8667, 209.022, 1244.39, 7.303427, 217.3086, 0.1726721, 26.2821, 419.7964, 665.1703, 538.3766, 582.0801, 1522.31, 239.7029, 12.83846, 1143.432, 292.0927, 576.144, 1.197186
310.7, 314.0489, 535.7364, 198.2813, 1234.287, 6.896079, 199.1242, 0.1614818, 24.75858, 392.8639, 653.4069, 511.6926, 548.8417, 1507.267, 224.4566, 12.14328, 1078.933, 273.6853, 630.6155, 1.136211
310.8, 325.5251, 503.8323, 188.0925, 1177.451, 6.51145, 270.4812, 0.1510167, 23.32338, 367.6593, 616.7553, 486.3311, 559.9338, 1517.032, 210.18, 11.48575, 1083.059, 256.4379, 677.4168, 1.078342
310.9, 366.1468, 473.8282, 178.4272, 1212.534, 6.148274, 247.8473, 0.1412298, 21.97138, 399.6953, 647.5615, 462.2266, 639.4064, 1618.901, 196.8114, 10.86382, 1021.966, 240.2775, 639.6398, 1.02342
311, 379.7858, 445.6109, 169.2586, 1239.129, 5.805355, 227.1073, 0.1320771, 20.69775, 374.0524, 687.416, 507.8603, 632.387, 1562.138, 184.2932, 10.27557, 964.3196, 225.1354, 728.3293, 0.9712957
311.1, 356.5749, 419.074, 160.5612, 1182.07, 5.481562, 208.1029, 0.1235176, 19.49794, 553.7939, 648.8568, 511.6055, 596.276, 1531.567, 172.5712, 9.719166, 1040.125, 210.9476, 687.7132, 0.921826
311.2, 355.2894, 394.1174, 152.3106, 1127.639, 5.175828, 190.6888, 0.1155128, 18.36769, 639.8398, 612.4604, 486.2483, 562.227, 1525.063, 161.5948, 9.192893, 1085.194, 197.6539, 649.362, 0.8748759
311.3, 333.5757, 370.647, 144.484, 1092.045, 4.887146, 174.7319, 0.1080268, 17.30296, 598.7901, 578.1057, 563.6704, 530.1223, 1453.786, 151.3165, 8.695117, 1023.98, 185.1979, 613.1495, 0.830317
311.4, 386.7887, 348.5743, 137.0596, 1139.342, 4.614566, 231.6655, 0.1010259, 16.29994, 683.5988, 552.0694, 693.3995, 499.8509, 1385.84, 141.692, 8.224294, 1176.541, 173.5269, 780.9578, 0.7880276
311.5, 363.1498, 327.8161, 168.9982, 1086.878, 4.357189, 212.2796, 0.09447878, 15.35507, 884.6575, 566.8212, 758.2749, 471.308, 1321.069, 132.6797, 7.778965, 1234.592, 162.5914, 737.4067, 0.7478921
311.6, 342.5375, 308.294, 197.0663, 1040.232, 4.114167, 194.516, 0.08835591, 14.46497, 827.9012, 535.0266, 800.9214, 444.3951, 1306.286, 124.2405, 7.35775, 1373.402, 152.345, 696.2843, 0.7098007
311.7, 411.315, 289.9346, 186.94, 1612.309, 3.8847, 343.5523, 0.08262984, 13.62647, 774.7863, 636.1898, 882.9304, 419.0189, 1532.966, 116.3382, 6.959343, 1429.213, 142.7444, 657.4551, 0.6736494
311.8, 386.1772, 272.6685, 177.3339, 1894.948, 3.668031, 314.8038, 0.07727487, 12.83657, 725.0789, 600.504, 894.092, 771.245, 1765.428, 108.9385, 6.582509, 1348.595, 363.726, 645.2051, 0.6393394
311.9, 362.5757, 256.4306, 168.2215, 2101.317, 3.463447, 288.4609, 0.07226693, 12.09247, 678.5606, 860.5703, 937.3483, 727.2048, 1694.292, 229.0893, 6.226079, 1624.443, 389.056, 609.2244, 0.6067768
312, 340.4166, 241.1597, 159.5773, 2480.273, 3.270273, 264.3224, 0.06758354, 11.39149, 689.9843, 818.2416, 890.8896, 711.6436, 1992.751, 214.518, 5.888949, 1666.355, 492.3189, 624.5995, 0.5758727
312.1, 319.6118, 226.7982, 151.3774, 2595.173, 3.087874, 242.2038, 0.06320366, 10.73115, 751.8988, 801.45, 846.7336, 704.4567, 1899.615, 200.8736, 5.570075, 1740.295, 547.3158, 716.0372, 0.5465425
312.2, 424.3173, 213.292, 143.5987, 2520.312, 2.915648, 315.2034, 0.05910764, 10.10909, 818.1872, 814.0867, 804.7661, 664.2303, 1860.949, 188.097, 5.268467, 1707.116, 572.4131, 770.1255, 0.5187062
312.3, 398.3849, 200.59, 136.2198, 2826.581, 2.753028, 288.8271, 0.05527706, 9.523091, 810.6318, 826.4956, 764.8787, 782.3376, 2109.638, 441.3216, 4.98319, 1698.545, 536.3401, 727.1785, 0.4922876
312.4, 375.4632, 188.6445, 129.2201, 2718.355, 2.599478, 264.6579, 0.05169473, 8.971059, 758.6248, 817.1098, 726.9683, 737.6639, 2089.544, 413.2512, 4.71336, 1602.734, 502.5405, 686.6265, 0.4672146
312.5, 401.1376, 177.4104, 122.58, 2731.654, 2.454493, 242.5113, 0.04834456, 8.451027, 878.0498, 780.7479, 690.9369, 695.5413, 2079.935, 386.9663, 4.458141, 1512.327, 470.8709, 701.5095, 0.4434186
312.6, 376.6218, 166.8453, 116.2812, 2834.173, 2.317593, 222.2178, 0.0452115, 38.96458, 821.7175, 805.7684, 656.6913, 655.824, 1982.724, 362.3532, 4.216742, 1719.2, 591.7344, 736.9867, 0.4208346
312.7, 353.6043, 156.9094, 110.306, 2703.666, 2.18833, 310.7683, 0.04228149, 36.70589, 910.1237, 760.5704, 624.1431, 651.2653, 1960.843, 339.3057, 3.988414, 1622.224, 554.4438, 916.0959, 0.3994008
312.8, 331.9935, 147.5652, 104.6379, 2713.688, 2.066276, 284.7631, 0.03954136, 34.57813, 851.7336, 813.137, 593.2081, 614.0763, 2038.257, 403.5439, 3.772449, 1653.547, 519.5034, 865.0087, 0.3790587
312.9, 357.4927, 138.7774, 99.26097, 2817.139, 1.951029, 349.6675, 0.03697881, 32.57371, 807.116, 774.1516, 563.8064, 789.615, 2130.281, 377.8764, 3.568179, 1560.274, 486.7648, 844.4541, 0.3597526
313, 369.3489, 130.513, 94.16039, 2687.417, 1.842211, 320.4073, 0.03458233, 30.68549, 817.8098, 730.7271, 535.8619, 744.5258, 2030.718, 378.4243, 3.374969, 1528.31, 456.0893, 1103.509, 0.3414298
313.1, 346.7759, 122.7407, 89.32189, 2664.403, 1.739462, 293.5955, 0.03234116, 28.90672, 765.3422, 878.4805, 509.3025, 766.269, 2097.606, 354.3545, 3.192222, 1442.102, 427.347, 1041.971, 0.3240402
313.2, 325.5824, 115.4313, 84.73203, 2627.124, 1.642443, 269.0273, 0.03024523, 27.23106, 716.2408, 841.3243, 484.0595, 728.1926, 2174.385, 331.8157, 3.01937, 1360.756, 400.416, 983.864, 0.3075363
313.3, 305.6842, 108.5571, 80.37802, 2654.877, 1.550836, 246.515, 0.02828513, 25.65253, 715.7877, 794.1319, 460.0676, 716.5027, 2072.76, 310.7105, 2.855877, 1283.999, 375.1822, 928.9976, 0.291873
313.4, 287.0021, 102.0923, 76.24774, 2534.467, 1.464338, 225.8865, 0.02645206, 24.16551, 669.8655, 749.5867, 437.2648, 675.5884, 2102.678, 290.9477, 2.701237, 1211.571, 351.5386, 877.1909, 0.2770074
313.5, 269.4617, 96.01257, 72.3297, 2666.042, 1.382665, 206.9843, 0.02473779, 22.76469, 669.016, 707.5401, 415.5923, 878.4335, 2068.08, 272.4419, 2.554971, 1335.868, 472.8899, 828.2733, 0.262899
313.6, 252.9934, 90.29485, 68.613, 2774.611, 1.305547, 189.6638, 0.02313461, 21.44507, 652.8539, 667.8521, 472.9261, 828.2725, 2066.258, 255.1132, 2.416624, 1365.125, 443.0888, 782.0836, 0.2495091
313.7, 237.5315, 84.91763, 65.08727, 2934.595, 1.23273, 173.7926, 0.02163533, 20.20195, 610.9693, 630.3903, 560.5529, 780.9759, 2169.212, 238.8867, 2.285769, 1368.756, 415.1658, 738.4697, 0.2368012
313.8, 223.0146, 79.86063, 61.74272, 3101.132, 1.163975, 159.2496, 0.02023321, 19.03089, 571.7719, 595.0298, 532.7697, 736.38, 2216.154, 223.6923, 2.161999, 1476.362, 389.0024, 739.8361, 0.2247405
313.9, 209.3849, 75.10479, 58.57003, 3160.559, 1.099054, 145.9235, 0.01892196, 17.92771, 574.1151, 561.6528, 506.3636, 694.3307, 2246.908, 209.4643, 2.044931, 1393.084, 364.4879, 731.3392, 0.2132941
314, 225.8373, 70.63216, 55.56038, 3296.042, 1.037754, 133.7126, 0.01769569, 16.88848, 537.282, 530.148, 481.2662, 654.6825, 2270.713, 196.1413, 1.934202, 1420.262, 341.5182, 690.5552, 0.2024307
314.1, 239.6115, 66.4259, 52.70537, 3144.268, 0.9798737, 122.5235, 0.01654889, 15.90949, 578.7307, 500.4104, 457.4127, 677.878, 2191.565, 193.1309, 1.829469, 1340.148, 319.9961, 652.0455, 0.1921206
314.2, 245.9618, 62.47012, 49.99707, 2999.483, 0.9252213, 112.2707, 0.01547641, 14.98725, 541.6015, 472.3409, 434.7415, 660.9688, 2336.567, 185.9481, 1.730407, 1302.075, 299.8302, 755.5454, 0.1823356
314.3, 230.9296, 58.74991, 47.42794, 3081.021, 0.8736172, 102.8758, 0.01447343, 14.11847, 506.8544, 445.8459, 493.3309, 623.2256, 2264.399, 196.5581, 1.636709, 1228.628, 280.9352, 750.1859, 0.1730489
314.4, 216.8162, 55.25125, 44.99083, 3030.409, 0.8248912, 94.26715, 0.01353546, 41.20557, 474.3366, 420.8371, 468.8795, 604.3115, 2398.27, 207.9538, 1.548085, 1282.919, 463.2899, 708.3509, 0.1642353
314.5, 203.5653, 51.96094, 42.67894, 3136.616, 0.778883, 86.37885, 0.01265827, 38.81697, 443.905, 448.9247, 445.64, 569.8036, 2286.181, 194.7269, 1.464259, 1299.969, 434.0938, 698.5511, 0.1558705
314.6, 191.1243, 48.86657, 40.48586, 3087.58, 0.7354409, 79.15063, 0.01183792, 36.56684, 518.8096, 506.6523, 423.5523, 537.2663, 2373.835, 201.0901, 1.384972, 1226.641, 406.7376, 659.5955, 0.1479318
314.7, 179.4436, 45.95648, 38.40547, 3062.185, 0.6944217, 72.52728, 0.01107075, 34.44714, 485.5248, 592.6241, 455.7317, 543.5905, 2371.335, 188.2998, 1.309979, 1157.448, 381.1054, 663.7841, 0.1403974
314.8, 290.349, 43.21969, 36.43198, 3028.477, 0.6556904, 79.45226, 0.01035329, 127.9923, 454.3754, 628.8751, 433.1439, 617.3426, 2260.505, 176.3229, 1.239046, 1172.051, 357.0885, 700.6486, 0.1332467
314.9, 272.6041, 40.64588, 34.5599, 3132.333, 0.6191193, 72.80367, 0.009682323, 120.5729, 451.3543, 593.5997, 411.6755, 582.0906, 2403.233, 165.1079, 1.171955, 1218.187, 334.5851, 661.5761, 0.1264602
315, 264.4608, 38.22534, 32.78402, 3064.942, 0.5845879, 66.71144, 0.009054842, 113.5835, 493.9568, 560.3029, 446.8655, 620.2662, 2629.514, 154.6062, 1.108496, 1193.562, 313.4999, 624.6825, 0.1200194
315.1, 248.2981, 35.94896, 31.09939, 3199.146, 0.5519826, 61.12901, 0.008468027, 106.9993, 462.2664, 528.8738, 424.7171, 719.0108, 2506.617, 144.7724, 1.048473, 1126.236, 293.7434, 722.1177, 0.1139066
315.2, 233.1232, 33.80813, 29.50133, 3051.833, 0.5211958, 68.48612, 0.007919242, 100.7968, 432.6092, 499.2077, 453.1288, 759.3707, 2389.465, 135.5641, 0.9917001, 1099.661, 275.232, 681.8479, 0.1081052
315.3, 218.8757, 31.7948, 27.98538, 2957.247, 47.19254, 62.75518, 0.007406021, 94.95385, 404.8546, 482.9422, 579.8312, 723.1556, 2309.492, 126.9415, 0.9380016, 1108.101, 257.8871, 643.8238, 0.1025992
315.4, 255.9651, 29.90136, 26.54733, 2821.073, 44.56038, 57.50381, 0.00692606, 89.44958, 466.956, 455.8525, 602.3593, 823.8723, 2406.387, 118.8674, 0.8872107, 1045.595, 241.6353, 607.9202, 0.09737365
315.5, 266.7129, 28.12068, 25.18318, 2853.655, 42.07503, 52.69187, 0.006477204, 84.26439, 436.9979, 455.4699, 644.392, 776.827, 2377.557, 111.3068, 0.8391701, 986.6154, 226.4077, 574.0187, 0.09241425
315.6, 250.4126, 26.44604, 23.88913, 2815.468, 92.18863, 48.2826, 0.006057437, 79.37977, 408.9618, 539.1917, 632.0028, 732.468, 2368.09, 162.205, 0.7937307, 930.9626, 212.1397, 644.968, 0.08770745
315.7, 235.1084, 24.87114, 22.66157, 2685.823, 94.78062, 44.24229, 0.005664874, 74.7783, 407.4094, 537.1224, 773.5547, 711.0943, 2257.411, 225.167, 0.7507519, 878.4492, 198.7709, 609.0006, 0.08324036
315.8, 235.6835, 23.39001, 21.49709, 2796.402, 89.49424, 40.54008, 0.005297752, 70.44357, 381.2715, 506.9937, 735.2143, 692.2441, 2256.842, 210.8452, 0.7101002, 828.8978, 186.2445, 668.2296, 0.07900079
315.9, 221.2795, 21.9971, 20.39245, 2861.035, 84.50271, 37.14768, 0.004954421, 66.36011, 438.5811, 478.5549, 744.0907, 748.0536, 2279.761, 197.4343, 0.6716497, 782.1415, 174.5076, 630.965, 0.07497715
316, 338.4385, 20.68713, 19.34457, 2729.292, 79.78957, 122.8879, 0.004633341, 62.51336, 410.4434, 451.7113, 719.738, 705.3377, 2255.574, 248.0207, 0.6352812, 1044.879, 357.2195, 595.7784, 0.07115845
316.1, 317.7546, 19.45518, 18.35054, 2603.615, 75.33932, 112.6046, 0.004333069, 58.8896, 384.1109, 426.3735, 704.8732, 813.1599, 2150.155, 273.1271, 0.6008821, 1026.235, 383.9977, 562.5541, 0.06753423
316.2, 298.3348, 18.29659, 17.40758, 2634.399, 71.13728, 103.1818, 0.004052257, 55.4759, 359.4678, 446.0133, 773.8005, 766.7263, 2049.662, 265.4308, 0.5683455, 968.3477, 359.7986, 590.1454, 0.0640946
316.3, 296.0532, 17.20699, 16.51308, 2513.092, 67.1696, 94.54755, 0.003789643, 52.26008, 336.4057, 420.9951, 763.3923, 722.9441, 2131.345, 248.548, 0.5375707, 999.0587, 337.1244, 557.2353, 0.06083016
316.4, 300.1897, 16.18228, 15.66455, 2581.471, 63.42322, 86.63577, 0.003544048, 49.23068, 314.8232, 397.3802, 935.7927, 681.662, 2248.865, 232.739, 0.5084624, 983.1524, 351.1543, 718.6512, 0.05773198
316.5, 281.8434, 15.2186, 14.85961, 2770.839, 59.8858, 79.38606, 0.00331437, 46.37689, 294.6254, 430.8534, 918.8749, 642.7372, 2319.324, 217.9356, 0.4809302, 927.695, 496.151, 708.4121, 0.0547916
316.6, 264.6183, 14.3123, 14.09604, 2643.249, 86.44378, 164.1698, 0.003099576, 43.68852, 275.7233, 415.1232, 873.3318, 606.0352, 2210.925, 221.175, 0.4548888, 1064.634, 561.4484, 790.7006, 0.05200097
316.7, 248.446, 25.61353, 13.37171, 2608.502, 81.62238, 150.432, 0.002898702, 41.15599, 258.034, 396.11, 874.76, 571.4289, 2329.729, 207.1071, 0.4302575, 1161.978, 526.0665, 746.6062, 325.293
316.8, 310.6148, 43.79425, 12.6846, 2488.387, 77.0699, 137.8438, 0.002710846, 38.77027, 315.8821, 373.891, 831.4034, 538.7988, 2365.653, 193.934, 0.4069599, 1096.433, 714.1154, 719.108, 308.7253
316.9, 291.6313, 41.18623, 12.03279, 2492.492, 72.77133, 126.309, 0.002535165, 36.52285, 295.6163, 362.6792, 790.1958, 678.5476, 2350.296, 352.649, 0.3849239, 1105.566, 669.1125, 679.006, 381.3387
317, 273.808, 38.73351, 11.41448, 2429.115, 68.71252, 115.7394, 0.002370869, 34.4057, 276.6507, 387.4071, 839.5653, 639.8007, 2240.45, 338.7889, 0.364081, 1270.714, 626.9457, 853.9571, 361.9165
317.1, 327.9565, 36.42686, 10.82794, 2470.721, 64.88008, 149.0478, 0.002217221, 32.41127, 258.9019, 365.6763, 797.9531, 716.533, 2274.588, 317.2402, 0.3443668, 1333.137, 587.4362, 806.3351, 430.2758
317.2, 307.9132, 34.25758, 10.27154, 2450.394, 61.2614, 296.2763, 0.00207353, 30.53246, 337.3752, 441.7906, 758.4034, 874.2037, 2168.28, 297.062, 0.32572, 1435.506, 550.4166, 761.3689, 408.3611
317.3, 289.0949, 32.21748, 9.743728, 2463.639, 66.91045, 271.4838, 9.339738, 28.76257, 388.7305, 417.0092, 720.814, 824.2843, 2402.9, 332.9568, 0.308083, 1397.508, 515.7299, 877.8852, 556.4186
317.4, 330.6695, 30.29887, 9.24304, 2350.195, 63.17852, 248.766, 121.9741, 27.09526, 414.2966, 533.4099, 685.0876, 951.6329, 2511.755, 311.779, 0.2914009, 1516.408, 483.2291, 888.9801, 528.0793
317.5, 332.4645, 28.49452, 8.768081, 2291.227, 59.65474, 227.9492, 114.0693, 25.52461, 387.7169, 518.1837, 754.4935, 1144.636, 2394.362, 380.581, 0.2756222, 1537.176, 452.7764, 968.7886, 671.4978
317.6, 375.9474, 26.79762, 8.317527, 2357.508, 56.3275, 208.8743, 157.1481, 24.04501, 418.7136, 581.6851, 717.0978, 1201.143, 2282.456, 356.3741, 0.2606978, 1522.536, 424.2429, 914.7629, 688.144
317.7, 352.9711, 25.20177, 7.890125, 2248.951, 53.18584, 249.328, 146.9639, 22.65117, 466.4667, 549.0566, 708.0602, 1278.283, 2476.833, 446.7029, 0.2465815, 1575.785, 397.5075, 863.7501, 653.0958
317.8, 331.399, 23.70096, 41.58038, 2400.277, 50.21941, 325.2834, 137.4396, 21.33813, 451.1043, 559.185, 685.4355, 1408.752, 2361.072, 418.2903, 0.2332296, 1567.262, 372.457, 935.6806, 619.8325
317.9, 443.8533, 22.28953, 39.44374, 2289.751, 107.038, 298.0635, 128.5326, 20.10121, 422.1631, 527.8187, 662.5137, 1416.741, 2415.879, 391.6848, 0.2206007, 1609.809, 348.9851, 1078.016, 588.2634
318, 416.7268, 21.75768, 37.4169, 2184.314, 101.0679, 304.2437, 120.2028, 18.93599, 513.2576, 569.4622, 657.3604, 1502.691, 2467.282, 441.3923, 0.2086556, 1890.057, 326.9924, 1090.868, 558.3022
318.1, 391.2583, 20.46198, 35.49421, 2323.506, 95.43089, 278.7845, 112.4128, 17.83831, 527.5732, 690.5875, 810.9518, 1416.884, 2351.968, 413.3175, 0.1973574, 1919.313, 306.3856, 1030.034, 795.5408
318.2, 387.8362, 19.24343, 33.67031, 2216.514, 90.10824, 255.4557, 105.1277, 16.80426, 493.7261, 651.8504, 822.478, 1691.138, 2449.66, 387.0284, 0.1866709, 2006.38, 287.0775, 1125.889, 755.0226
318.3, 464.8186, 87.13426, 31.94014, 2286.405, 85.08246, 234.0791, 150.5798, 15.83015, 648.2466, 615.2862, 781.7128, 2032.719, 2335.169, 362.4114, 0.176563, 1973.868, 268.9861, 1063.103, 716.5681
318.4, 436.4109, 81.94526, 30.29888, 2189.629, 80.33699, 214.4912, 173.7034, 14.91252, 647.053, 580.7729, 742.968, 2380.016, 2226.03, 339.3601, 0.1670025, 1862.526, 252.0349, 1047.821, 680.0721
318.5, 409.7393, 77.06528, 28.74195, 2264.948, 75.8562, 196.5425, 390.9759, 14.04807, 627.3593, 548.1957, 706.1436, 2273.872, 2121.991, 317.7751, 0.1579596, 1799.364, 236.1519, 989.3879, 1011.687
318.6, 384.6978, 72.47591, 27.26503, 2160.653, 71.62533, 198.2535, 365.638, 13.23373, 688.3784, 517.4457, 671.1443, 2144.027, 2022.815, 326.8817, 0.1494064, 1942.839, 221.2698, 934.2134, 960.1605
318.7, 382.3026, 68.15984, 25.864, 2061.16, 67.63043, 181.6635, 420.5438, 12.4666, 644.2147, 488.4207, 637.8798, 2021.598, 2144.641, 306.0903, 0.1413164, 1833.248, 207.3256, 936.6847, 911.258
318.8, 496.4172, 64.1008, 24.53496, 2127.801, 65.34053, 166.4619, 560.6937, 11.74394, 602.8843, 461.0237, 606.2639, 2006.146, 2070.81, 313.1199, 0.1336644, 1837.555, 194.2602, 897.9891, 864.8461
318.9, 493.5584, 60.28348, 23.27422, 2029.821, 99.65158, 152.5323, 524.3569, 86.6067, 564.2056, 435.1635, 576.2151, 2119.102, 1974.026, 305.3366, 0.1264267, 1850.25, 182.0181, 972.0176, 1092.204
319, 463.3942, 56.69349, 22.07825, 1936.353, 94.09352, 139.7684, 887.3243, 409.8392, 699.4352, 410.7539, 547.6556, 2199.629, 1933.797, 575.1042, 0.119581, 1745.882, 170.5475, 917.8119, 1036.577
319.1, 435.0735, 53.3173, 20.94375, 2008.903, 88.84546, 128.0725, 1738.22, 640.4961, 654.5621, 387.7135, 520.5116, 2074.024, 1992.269, 1085.477, 0.1131059, 1647.401, 159.7997, 866.629, 1009.573
319.2, 408.4837, 50.14215, 19.86754, 2124.5, 83.89011, 122.7614, 2721.138, 603.368, 612.5679, 365.9655, 580.1836, 1988.973, 1942.192, 1165.263, 0.1069815, 1554.474, 149.7293, 893.4681, 1141.488
319.3, 383.5189, 47.1561, 18.84663, 2026.672, 79.21114, 241.8359, 2708.194, 568.3921, 675.8793, 426.1726, 551.4274, 2104.167, 1902.909, 1091.146, 0.1011886, 1609.73, 140.2935, 843.6428, 1083.35
319.4, 360.0799, 44.34787, 17.87819, 2004.866, 74.79314, 226.5602, 2636.966, 535.4437, 632.5175, 464.6012, 524.0965, 2166.467, 1915.569, 1021.743, 0.09570949, 1571.252, 131.4524, 815.4115, 1144.127
319.5, 398.0099, 41.70687, 16.95951, 2011.638, 70.62156, 250.0007, 2589.693, 504.4052, 591.9376, 438.5403, 498.1202, 2056.091, 1826.041, 956.7553, 0.09052701, 1517.895, 123.1684, 769.9391, 1174.158
319.6, 373.6852, 42.04428, 16.08803, 2243.031, 66.68265, 229.0806, 2421.863, 484.0721, 553.9612, 494.645, 494.6874, 1938.683, 1890.236, 955.1725, 0.08562516, 1540.247, 115.4064, 727.0025, 1242.12
319.7, 350.8472, 39.54047, 15.26134, 2279.772, 62.96343, 209.911, 2264.91, 582.2879, 518.4211, 517.6641, 578.5267, 1947.87, 1819.341, 894.4186, 0.08098873, 1567.645, 108.1336, 717.9266, 1271.344
319.8, 496.8551, 37.18576, 14.47712, 2174.794, 59.45165, 276.2889, 2162.595, 548.5339, 485.1612, 587.3922, 549.8527, 1940.124, 1910.265, 837.5289, 0.07660335, 1701.248, 101.3191, 677.8905, 1378.1
319.9, 494.7523, 34.97129, 13.73321, 2134.479, 56.13574, 270.4463, 2103.655, 516.7366, 454.0351, 648.5173, 553.285, 1980.933, 1874.179, 788.1266, 0.07245544, 1783.911, 320.4003, 640.0871, 1307.911
320, 475.9869, 32.88868, 13.02752, 2036.191, 53.00477, 286.0433, 1967.324, 486.7826, 454.7072, 612.1401, 525.8621, 1923.254, 1960.355, 737.9977, 0.06853212, 1847.806, 408.4171, 702.4556, 1414.63
320.1, 457.4989, 30.9301, 12.35809, 2151.113, 50.04844, 262.1071, 1839.828, 458.5648, 425.5349, 577.8033, 650.8263, 1813.431, 1997.68, 755.9323, 0.06482125, 1876.933, 382.679, 682.8396, 1342.581
320.2, 429.5385, 29.08816, 11.72306, 2052.06, 60.91947, 280.7355, 1720.594, 455.8289, 503.9901, 545.3926, 618.5688, 2019.729, 2224.285, 707.8511, 0.06131131, 2099.576, 358.563, 741.5292, 1274.201
320.3, 403.287, 27.35591, 11.12066, 2072.182, 57.52169, 257.2435, 1609.088, 429.4055, 471.656, 514.7999, 587.9101, 1904.397, 2120.328, 679.5479, 0.05799143, 2012.989, 335.9667, 954.8663, 1562
320.4, 378.6398, 66.92055, 10.54922, 1981.178, 54.31342, 281.7516, 1504.808, 404.5139, 459.4907, 485.9233, 558.7709, 1883.252, 2053.44, 721.9973, 0.05485131, 2067.7, 314.7944, 901.6171, 1482.445
320.5, 355.499, 62.93531, 10.00714, 1904.988, 51.2841, 274.2455, 1556.333, 381.0651, 430.0115, 592.7164, 531.076, 1781.964, 2155.451, 676.0745, 0.05188122, 2067.74, 423.1223, 933.7155, 1406.941
320.6, 333.7724, 59.1874, 9.49292, 1855.009, 48.42373, 251.2966, 1517.272, 358.9756, 473.4696, 559.4692, 559.4006, 1691.096, 2054.711, 722.4273, 0.04907196, 2212.327, 396.4575, 952.3221, 1335.283
320.7, 313.3736, 162.5993, 9.00512, 1879.073, 59.89666, 230.268, 1576.589, 338.1666, 476.5281, 528.0869, 641.13, 1784.231, 1958.68, 907.5746, 0.04641481, 2087.535, 469.3297, 899.2147, 1267.275
320.8, 294.2216, 152.9162, 8.542386, 1869.802, 56.55593, 210.9991, 1549.855, 318.5638, 445.9559, 498.4649, 734.5786, 1707.444, 1994.594, 849.8481, 0.04390155, 2121.176, 692.2104, 897.3491, 1202.731
320.9, 276.24, 143.8098, 8.10343, 1783.703, 53.40153, 193.3426, 1449.414, 300.0974, 417.3451, 470.5045, 829.3325, 1609.945, 1901.372, 875.6855, 0.04152437, 2001.525, 844.2751, 847.3074, 1141.474
321, 259.3574, 135.2457, 7.68703, 1701.568, 50.42306, 177.1636, 1391.872, 282.7014, 429.5016, 444.1125, 788.2275, 1798.46, 1837.108, 914.527, 0.03927591, 1926.832, 791.0698, 800.0562, 1083.337
321.1, 243.5066, 303.1602, 7.292027, 1696.89, 47.61072, 162.3385, 1301.669, 266.3138, 449.7204, 419.201, 749.1599, 1826.237, 1751.247, 856.3583, 0.0371492, 1818.144, 872.6881, 877.2453, 1028.161
321.2, 228.6245, 301.6628, 6.917322, 1644.932, 44.95523, 148.754, 1439.608, 250.8762, 420.8681, 431.0238, 755.266, 1721.953, 1887.001, 801.8895, 0.03513765, 1827.772, 1064.623, 828.3246, 975.7946
321.3, 214.6519, 836.8694, 6.561871, 1803.554, 42.44786, 224.1587, 1346.76, 236.3335, 393.8668, 441.5303, 800.2819, 1623.625, 1798.808, 750.8852, 0.03323502, 1724.672, 997.5316, 782.1321, 1184.882
321.4, 201.5333, 1346.435, 6.224685, 1747.86, 40.08033, 205.401, 1259.481, 222.6338, 427.0154, 435.0323, 760.6168, 1530.912, 1714.736, 703.125, 0.03143541, 1627.387, 934.6681, 738.5155, 1124.534
321.5, 245.4053, 1447.114, 5.904825, 1667.376, 102.3888, 188.213, 1177.858, 209.7282, 399.6198, 494.9777, 722.9177, 1700.354, 1753.915, 658.4026, 0.02973324, 1700.56, 875.7662, 697.3313, 1067.26
321.6, 230.4072, 1398.768, 5.601402, 1703.166, 96.67803, 172.4633, 1101.525, 197.5707, 373.9817, 467.2129, 687.087, 1660.381, 1671.942, 616.5248, 0.02812325, 1604.635, 820.5763, 658.4438, 1012.902
321.7, 216.3257, 1315.469, 5.31357, 1627.979, 149.2196, 197.6861, 1030.139, 186.118, 349.9885, 530.2615, 653.0323, 1925.714, 1619.176, 577.3106, 0.02660043, 1514.121, 768.8644, 621.7249, 1053.537
321.8, 203.1048, 1341.804, 5.040529, 1680.576, 140.8969, 181.1437, 963.3785, 175.3291, 327.5345, 500.5176, 620.6654, 1995.366, 1716.142, 727.7076, 0.02516007, 1580.719, 720.4113, 587.0536, 999.8788
321.9, 190.6919, 1264.102, 4.781518, 1632.126, 133.0383, 165.9855, 948.8179, 165.1657, 446.0411, 472.442, 742.4297, 2027.076, 1635.934, 681.4216, 0.02379771, 1491.555, 675.0117, 554.3159, 1133.085
322, 179.0376, 1190.983, 4.535817, 1627.763, 189.105, 152.0958, 887.3281, 235.5475, 417.4248, 445.9414, 705.632, 2135.658, 1602.502, 638.0797, 0.02250911, 1577.137, 632.4731, 523.4037, 1191.38
322.1, 211.6408, 1151.601, 4.302741, 1582.868, 178.5577, 139.3684, 829.8232, 221.8934, 390.6444, 420.9272, 670.6581, 2063.974, 1527.605, 597.4944, 0.02129029, 1488.175, 592.6153, 549.2806, 1130.701
322.2, 225.2194, 1083.021, 4.081642, 1509.981, 168.5986, 127.706, 776.045, 209.0307, 365.5822, 397.3161, 637.4177, 2305.262, 1519.643, 687.6917, 0.02013746, 1526.604, 555.2692, 596.9686, 1073.112
322.3, 248.3166, 1136.868, 3.871904, 1440.45, 169.8937, 117.0195, 778.8378, 196.9137, 470.492, 375.0295, 741.2887, 2618.753, 1623.889, 847.8943, 0.01904706, 1530.214, 520.2767, 563.6779, 1018.457
322.4, 233.1405, 1069.166, 3.672944, 1455.253, 160.4179, 107.2273, 728.3638, 185.499, 440.307, 353.993, 825.5668, 2544.047, 1547.993, 793.9639, 0.0180157, 1544.072, 487.4893, 532.2437, 966.5853
322.5, 218.892, 1005.495, 3.484207, 1388.242, 173.8763, 98.25446, 755.2564, 174.746, 412.0586, 334.1364, 784.6484, 2666.877, 1475.644, 786.9606, 0.01704019, 1456.975, 456.7682, 502.5625, 917.3555
322.6, 205.5142, 945.6159, 3.305169, 1324.317, 164.1783, 90.03249, 789.247, 241.4172, 385.6225, 315.3937, 745.7582, 2533.177, 1493.007, 736.9058, 0.0161175, 1374.79, 427.9832, 539.8417, 870.6331
322.7, 283.4223, 917.2753, 3.135331, 1263.336, 159.2016, 82.49854, 790.2122, 227.4228, 360.8824, 297.7024, 708.7955, 2497.904, 1423.227, 690.0348, 0.01524477, 1297.241, 401.0121, 509.7368, 826.2903
322.8, 266.1007, 1075.801, 2.97422, 1205.162, 150.3221, 75.59504, 739.001, 214.2396, 337.7296, 281.0034, 673.6648, 2388.971, 1394.62, 646.145, 0.01441929, 1267.574, 375.7407, 481.3107, 1094.961
322.9, 418.1394, 1171.298, 2.821388, 1184.115, 141.9379, 69.26922, 691.1087, 201.8206, 316.0622, 265.241, 640.2753, 2252.555, 1329.439, 810.4048, 0.01363852, 1456.71, 352.0619, 454.4698, 1039.193
323, 392.5845, 1101.545, 2.676409, 1129.589, 134.0214, 63.47275, 667.5652, 190.1215, 295.7848, 250.3629, 608.5408, 2649.917, 1507.99, 758.8589, 0.01290002, 1374.54, 329.8753, 429.1257, 1075.557
323.1, 368.5914, 1469.437, 2.53888, 1193.362, 126.5463, 58.16133, 645.5176, 179.1006, 276.8084, 236.3193, 630.7979, 2659.109, 1437.511, 948.9307, 0.01220151, 1297.006, 309.0869, 452.381, 1096.657
323.2, 346.0646, 1563.862, 2.408418, 1144.865, 119.4882, 72.10918, 603.6837, 239.6496, 259.0494, 223.0634, 643.7367, 2507.267, 1439.266, 922.5303, 0.01154082, 1277.172, 289.6085, 427.1534, 1040.803
323.3, 324.9146, 1470.732, 2.28466, 1130.204, 112.8238, 66.07507, 564.5609, 225.7576, 242.4298, 210.5511, 648.5092, 2364.095, 1444.962, 863.8526, 0.01091591, 1205.13, 271.3576, 520.5502, 1154.708
323.4, 305.0573, 1383.147, 2.167261, 1078.161, 148.7748, 60.54588, 599.1287, 212.671, 226.8764, 198.7407, 616.3665, 2229.098, 1445.183, 813.1024, 0.01032484, 1216.653, 254.2569, 491.5211, 1095.897
323.5, 297.6116, 1496.263, 2.055895, 1250.379, 140.4769, 55.47939, 580.1839, 200.3429, 212.3209, 187.5927, 638.2385, 2101.811, 1473.811, 896.2977, 0.009765769, 1148.025, 493.8304, 474.4235, 1040.081
323.6, 279.9035, 1407.158, 1.950252, 1192.802, 132.6418, 160.3199, 542.584, 188.7295, 198.6992, 177.0701, 606.6049, 2372.94, 1404.929, 900.2608, 0.009236973, 1083.267, 462.7097, 533.6215, 987.108
323.7, 262.797, 1394.989, 1.850037, 1137.876, 125.2437, 146.9043, 676.0658, 285.1911, 185.9514, 233.5701, 576.5392, 2237.438, 1339.266, 842.9996, 0.00873681, 1140.178, 433.5502, 599.8317, 936.833
323.8, 284.1942, 1311.914, 1.754972, 1207.288, 118.2582, 134.6113, 665.3434, 345.1238, 174.0215, 220.4684, 547.9636, 2178.248, 1594.471, 1032.64, 0.00826373, 1094.249, 406.2283, 566.3813, 1096.742
323.9, 703.0018, 1329.017, 1.664791, 1175.153, 111.6624, 123.347, 622.2247, 325.1177, 162.8569, 208.1017, 520.8044, 2053.864, 1612.903, 1053.66, 0.007816265, 1256.755, 380.6281, 595.7155, 1175.35
324, 976.6705, 1249.872, 1.579245, 1121.041, 105.4344, 114.1787, 716.9277, 306.2714, 152.4087, 305.0734, 494.9913, 2180.848, 1600.11, 986.642, 0.00739303, 1336.639, 503.5638, 569.8204, 1356.113
324.1, 1209.853, 1697.187, 1.498094, 1115.358, 99.55383, 104.6242, 670.4659, 288.5175, 142.6307, 287.9609, 581.5704, 2056.316, 1525.326, 923.8865, 0.006992713, 1635.74, 568.3744, 577.2625, 1287.044
324.2, 1357.808, 1970.557, 1.421114, 1063.998, 94.00123, 133.3894, 816.4894, 271.7928, 133.4801, 271.8083, 552.7454, 2055.885, 1559.375, 865.1225, 0.006614072, 1711.747, 532.556, 545.0707, 1461.988
324.3, 1787.135, 2049.493, 1.348089, 1015.004, 88.75832, 125.8422, 763.5754, 256.0375, 124.9165, 256.5618, 525.3492, 1938.488, 1662.263, 810.0962, 0.006255933, 1793.685, 786.665, 514.6741, 1687.055
324.4, 1821.344, 2114.096, 1.278816, 1248.994, 83.80783, 115.3117, 716.6992, 241.1956, 116.9024, 242.1705, 499.3108, 1827.795, 1627.12, 842.1478, 0.005917187, 1832.51, 737.0901, 565.1716, 1601.13
324.5, 1851.918, 2055.325, 1.213104, 1191.481, 108.8438, 125.4576, 670.2522, 227.214, 109.4023, 228.5864, 474.563, 1723.423, 1633.201, 788.5828, 0.005596783, 1864.094, 690.6394, 606.3008, 1681.228
324.6, 1771.323, 1964.497, 1.150768, 1162.841, 102.7731, 114.9593, 750.7213, 214.0429, 102.3835, 215.7643, 451.0418, 1649.211, 1571.282, 801.6827, 0.005293729, 1832.223, 734.1234, 572.4897, 1802.813
324.7, 1860.723, 2016.618, 1.091635, 1109.295, 97.04093, 105.3394, 702.0694, 201.6353, 95.81497, 203.6614, 428.6864, 1655.878, 1511.442, 750.6915, 0.005007084, 2016.891, 840.6417, 540.5641, 1855.971
324.8, 1747.004, 1896.525, 1.03554, 1058.215, 91.62848, 96.5246, 656.5705, 189.947, 89.66785, 192.2375, 407.439, 1561.323, 1440.801, 764.4903, 0.004735961, 1930.801, 787.6653, 510.4189, 1761.443
324.9, 1826.008, 1788.91, 0.9823284, 1009.487, 125.503, 88.4474, 675.5017, 226.499, 83.9151, 181.4543, 387.2447, 1472.167, 1659.872, 878.4506, 0.004479519, 1884.592, 738.0274, 551.6193, 1700.339
325, 1714.41, 1682.378, 0.9318509, 1030.013, 286.3123, 81.04609, 715.224, 213.3693, 78.53143, 191.232, 368.0513, 1388.102, 1618.051, 822.5766, 0.004236962, 1961.113, 731.4693, 619.3587, 1754.568
325.1, 1609.633, 1603.445, 0.8839671, 1076.433, 270.3432, 74.26412, 668.8726, 344.0725, 73.49315, 180.5052, 349.8093, 1308.838, 1599.927, 770.2565, 0.004007539, 1850.491, 766.6653, 584.8194, 1665.205
325.2, 1607.929, 1603.489, 0.8385439, 1151.591, 260.4997, 68.04967, 710.4996, 324.1274, 68.77811, 170.3801, 332.4713, 1390.069, 1525.151, 749.8395, 0.003790539, 1939.447, 718.3508, 552.2062, 1745.084
325.3, 1786.491, 1660.629, 0.7954548, 1098.563, 245.9704, 62.35526, 664.4543, 373.2028, 64.36557, 160.823, 315.9928, 1356.49, 1453.869, 702.1459, 0.003585289, 2055.113, 799.2438, 521.4118, 1701.972
325.4, 1737.208, 1561.735, 0.7545798, 1166.049, 232.2514, 57.13735, 621.3932, 351.569, 60.23612, 151.802, 300.3309, 1279.031, 1753.964, 701.7618, 0.003391153, 2261.405, 748.8762, 694.6082, 1716.936
325.5, 1693.041, 1788.918, 0.7158053, 1261.013, 219.2976, 52.35608, 581.1227, 331.1894, 56.3716, 154.3685, 285.4453, 1205.995, 1671.989, 657.1261, 0.003207529, 2247.729, 1167.36, 655.8726, 1654.548
325.6, 1850.959, 1741.029, 0.6790232, 1202.946, 207.0663, 47.9749, 543.462, 311.9911, 52.75502, 145.7095, 271.2975, 1188.836, 1593.844, 615.3295, 0.003033848, 2269.862, 1341.957, 709.7158, 1642.922
325.7, 1737.836, 1637.348, 0.6441312, 1147.554, 195.5172, 43.96035, 508.2419, 338.2977, 49.37046, 137.5362, 257.851, 1129.547, 1780.583, 576.1913, 0.002869571, 2201.12, 1372.891, 746.9015, 1705.254
325.8, 1631.627, 1539.841, 0.6110321, 1136.259, 184.6122, 40.28173, 514.1553, 318.6873, 46.20304, 129.8214, 245.0709, 1083.09, 1697.363, 539.5426, 0.002714189, 2131.053, 1286.372, 705.2496, 1727.333
325.9, 1642.362, 1542.787, 0.5796338, 1129.011, 174.3155, 36.91094, 639.0496, 300.2137, 43.23883, 122.5394, 232.9242, 1021.242, 1618.033, 525.8036, 0.002567222, 2083.391, 1288.025, 665.9205, 1639.357
326, 1541.988, 1451.602, 0.5498489, 1077.023, 164.593, 122.8426, 597.6348, 301.0869, 40.46479, 115.6658, 377.0344, 1059.294, 1542.411, 492.3597, 0.002428212, 2051.381, 1206.855, 628.7847, 1685.605
326.1, 1447.748, 1549.968, 0.5215946, 1184.921, 155.4129, 112.5631, 658.7661, 283.6335, 37.86872, 109.1777, 358.347, 998.8058, 1505.543, 506.3, 0.002296729, 2050.188, 1130.8, 593.7197, 1599.754
326.2, 1359.268, 1457.665, 0.4947921, 1190.532, 146.7448, 103.1438, 616.0735, 358.8718, 35.43921, 103.0536, 354.1743, 941.7713, 1495.266, 474.0967, 0.002172366, 2090.58, 1059.538, 560.6102, 1518.276
326.3, 1276.195, 1370.858, 0.4693669, 1135.711, 138.5601, 94.70425, 576.1478, 338.0688, 33.16557, 97.27303, 405.7092, 887.9936, 1425.381, 443.9417, 0.002054737, 2121.802, 1179.513, 529.3471, 1440.948
326.4, 1198.199, 1289.221, 0.4452482, 1155.623, 130.8319, 136.2511, 538.8094, 418.1139, 31.03779, 120.0507, 385.6007, 837.2867, 1358.763, 415.7047, 0.001943477, 2002.116, 1288.476, 499.8274, 1367.558
326.5, 1124.971, 1289.042, 0.4223688, 1102.41, 123.5348, 124.8496, 503.8909, 393.8768, 29.04653, 113.3167, 366.4888, 789.4754, 1329.558, 465.2003, 0.001838242, 1889.181, 1207.277, 471.9539, 1297.906
326.6, 1056.217, 1212.278, 0.4006651, 1051.647, 116.6446, 114.4021, 471.2354, 371.0446, 27.18301, 106.9604, 348.3242, 778.2118, 1354.584, 435.6111, 0.001738705, 1782.617, 1131.196, 445.6349, 1231.802
326.7, 991.6656, 1140.084, 0.3800767, 1003.221, 110.1388, 104.8289, 440.6961, 349.536, 25.43906, 100.9607, 331.0598, 759.4761, 1291.275, 512.522, 0.001644557, 1752.012, 1059.909, 420.7835, 1382.715
326.8, 931.0593, 1072.19, 0.3605462, 966.3662, 103.9958, 244.4402, 423.5478, 402.3404, 23.80698, 177.9297, 314.6512, 767.043, 1315.904, 479.923, 0.001555508, 1826.979, 1453.396, 397.318, 1312.292
326.9, 874.1569, 1078.038, 0.3420193, 929.1799, 98.19543, 223.9854, 406.5486, 379.0176, 22.27962, 167.9491, 392.6889, 740.4918, 1290.345, 449.3974, 0.00147128, 1723.923, 1800.028, 375.161, 1245.454
327, 820.7321, 1013.839, 0.3244444, 886.3936, 92.71858, 205.2422, 380.2015, 357.0468, 20.85024, 222.1599, 437.5802, 698.2076, 1458, 420.8134, 0.001391614, 1719.484, 1686.592, 354.2397, 1182.021
327.1, 770.5724, 953.4628, 0.3077727, 845.5775, 87.54721, 217.8839, 518.8757, 429.255, 19.51257, 218.4107, 491.0596, 746.5655, 1389.857, 423.1185, 0.00131626, 1836.273, 1680.056, 334.4851, 1121.819
327.2, 723.4783, 906.4602, 0.2919576, 806.6408, 82.66427, 199.6513, 573.6259, 462.6788, 18.26072, 206.1594, 466.7207, 703.9346, 1324.899, 396.2059, 0.001244988, 1732.693, 1714.768, 315.8321, 1064.683
327.3, 679.2624, 852.4789, 0.2769551, 896.218, 78.05367, 182.9444, 536.451, 467.902, 17.08918, 194.5953, 763.5795, 663.738, 1262.977, 371.0052, 0.001177574, 1634.956, 1625.071, 298.2194, 1010.457
327.4, 637.7488, 801.7123, 0.2627236, 854.9495, 73.70023, 167.6355, 568.1162, 440.7788, 15.99281, 183.6799, 1513.175, 625.8367, 1275.852, 347.4073, 0.001113811, 1713.008, 1667.761, 281.5888, 958.9927
327.5, 598.7723, 753.9689, 0.2492234, 815.5813, 69.58961, 153.6077, 531.2984, 415.2278, 14.96677, 173.3767, 2049.31, 590.0997, 1345.861, 325.3104, 0.0010535, 1657.335, 1562.66, 356.1789, 910.1497
327.6, 562.1779, 787.2032, 0.2364169, 997.0298, 78.51201, 140.7538, 496.8666, 391.158, 14.00656, 198.7398, 2255.085, 556.4034, 1377.027, 304.619, 0.0009964553, 1761.913, 1548.931, 336.3162, 863.7943
327.7, 527.8199, 740.3717, 148.8166, 1037.772, 74.13301, 128.9755, 478.6653, 368.4835, 13.10795, 187.5919, 2143.314, 524.6313, 1312.668, 285.2437, 0.0009424993, 1729.061, 1451.319, 317.5611, 819.7998
327.8, 495.5618, 696.2812, 141.1695, 989.9854, 123.06, 177.7751, 447.6445, 347.1233, 12.267, 294.132, 2069.986, 494.6734, 1388.991, 285.8144, 0.0008914649, 1646.807, 1359.858, 299.8519, 778.0461
327.9, 465.2752, 654.8165, 133.9155, 944.3992, 116.1963, 162.8988, 476.7289, 327.0013, 11.47999, 277.6333, 2051.434, 466.4262, 1401.867, 267.6351, 0.0008431938, 1608.786, 1274.161, 283.1303, 738.4189
328, 436.8396, 615.821, 127.0341, 938.4623, 109.7155, 158.8745, 445.8336, 308.0458, 10.74348, 262.06, 2041.313, 477.785, 1336.348, 250.6121, 0.0007975366, 1710.301, 1286.355, 267.3412, 700.8101
328.1, 410.1418, 579.1478, 120.5064, 895.2486, 103.5961, 313.5182, 416.9406, 290.1891, 10.05422, 359.5009, 2001.019, 543.6395, 1273.891, 234.6719, 0.0007543517, 1669.392, 1205.29, 290.5428, 665.1166
328.2, 385.0757, 544.6585, 114.3141, 854.0247, 144.1879, 287.2829, 399.4663, 273.3674, 9.40918, 339.3354, 1901.841, 512.5962, 1281.976, 219.7455, 0.0007135051, 1628.525, 1129.334, 274.3403, 631.2411
328.3, 361.5415, 512.2231, 108.44, 862.2244, 136.1458, 263.243, 373.5781, 257.5209, 8.805523, 320.3011, 1904.515, 483.3255, 1428.768, 258.0732, 0.0006748702, 1577.017, 1276.115, 326.512, 599.091
328.4, 339.4456, 481.7194, 102.8677, 822.5212, 201.5016, 241.2147, 418.6124, 242.593, 8.240594, 302.3345, 1844.508, 455.7263, 1384.658, 241.6584, 0.0006383274, 1572.37, 1258.204, 308.3036, 568.5783
328.5, 318.7001, 453.0321, 97.5818, 803.6859, 190.2628, 365.922, 391.4835, 228.5304, 7.711909, 435.153, 1863.267, 429.7031, 1319.943, 233.0008, 0.0006037633, 1643.879, 1364.957, 416.2897, 539.6197
328.6, 299.2225, 426.0533, 92.5675, 772.3664, 212.1768, 335.3015, 386.3264, 215.283, 7.217142, 410.744, 1880.936, 581.085, 1258.253, 307.1395, 0.0005710707, 1596.249, 1552.186, 393.0748, 512.136
328.7, 280.9353, 521.4843, 87.81086, 736.801, 251.3047, 316.7596, 366.3185, 202.8036, 6.754118, 471.8993, 2534.296, 547.9034, 1392.248, 301.2401, 0.0005401484, 1506.208, 1767.82, 431.4704, 647.4205
328.8, 263.7657, 508.0457, 293.6006, 768.886, 264.1895, 394.0012, 342.5785, 191.0475, 162.1951, 457.7053, 3331.269, 516.6166, 1327.178, 333.9662, 0.0005109005, 1629.596, 1731.597, 545.6905, 670.4379
328.9, 247.6455, 536.752, 311.8593, 811.314, 249.4543, 415.506, 320.3771, 179.9729, 196.8875, 432.0312, 3619.471, 487.1164, 1329.665, 312.7242, 0.0004832362, 1608.223, 1818.894, 515.2594, 636.2914
329, 232.5105, 514.4411, 299.3533, 773.9551, 327.4764, 380.7364, 299.6145, 169.5403, 184.2559, 407.7973, 3602.751, 520.375, 1267.52, 292.8333, 0.00045707, 1741.193, 1810.309, 573.6406, 603.8841
329.1, 218.3004, 550.7138, 327.2101, 738.3165, 309.2114, 470.2523, 280.1974, 159.7124, 198.63, 442.3129, 3607.898, 500.5053, 1351.612, 274.2076, 0.0004323206, 1660.427, 1824.425, 583.5936, 698.9245
329.2, 204.9588, 603.5314, 310.3962, 704.319, 344.4181, 430.9014, 327.4025, 150.4542, 185.8867, 417.5022, 3987.545, 695.9706, 1327.704, 256.7666, 61.41701, 1735.674, 2032.224, 551.0488, 688.2483
329.3, 192.4326, 647.8824, 381.0817, 671.8869, 325.2082, 394.8434, 306.1846, 141.7327, 230.3382, 394.0833, 4222.156, 791.7446, 1265.651, 240.4349, 58.0914, 1637.769, 1904.155, 520.3188, 777.8371
329.4, 180.6719, 609.2999, 361.4996, 640.9482, 331.7097, 361.8028, 286.3417, 133.5168, 267.3081, 371.978, 4379.793, 746.5338, 1260.448, 225.142, 54.94587, 1645.933, 1912.757, 620.5826, 738.2206
329.5, 169.63, 639.4716, 348.0215, 711.7189, 313.2086, 331.527, 267.7849, 125.7771, 250.1587, 351.1126, 4240.805, 703.9047, 1361.17, 210.8218, 51.97066, 1553.09, 1904.446, 635.0634, 700.6218
329.6, 159.263, 601.39, 453.4196, 688.2863, 401.2879, 367.5224, 250.4306, 118.4861, 266.2605, 331.4177, 4221.083, 704.8193, 1297.553, 197.4124, 113.4001, 1465.484, 1934.431, 599.6483, 664.938
329.7, 149.5295, 612.5029, 430.1204, 656.5925, 385.3224, 336.768, 234.201, 111.6177, 280.202, 376.4553, 4112.748, 695.2095, 1236.908, 184.856, 107.2598, 1382.819, 1812.525, 566.2081, 631.0716
329.8, 140.3909, 767.0934, 408.0184, 626.3582, 423.032, 428.0369, 219.0231, 105.1475, 362.4433, 355.3388, 4105.963, 655.5111, 1179.099, 173.0982, 101.4519, 1304.817, 1983.748, 534.6328, 598.9301
329.9, 131.8108, 904.2401, 387.0521, 597.516, 408.9026, 392.2186, 221.3891, 99.05231, 393.3097, 335.4068, 4116.512, 618.0797, 1123.991, 162.0882, 95.95845, 1276.989, 1858.734, 504.8184, 568.4256
330, 123.7551, 882.2253, 367.1632, 570.002, 386.0961, 411.8842, 207.0416, 93.31047, 368.0764, 316.5928, 4003.344, 709.5834, 1071.458, 151.7786, 90.7625, 1336.626, 1741.598, 476.6665, 539.4747
330.1, 116.1917, 829.6872, 378.2051, 543.7548, 364.5616, 377.4175, 193.6239, 87.90147, 344.462, 298.8342, 3972.74, 669.0642, 1021.381, 142.1247, 85.84789, 1261.23, 1714.433, 450.0847, 511.9984
330.2, 109.0905, 817.1154, 366.7727, 579.9492, 344.2282, 345.8351, 181.0757, 82.80602, 345.4749, 376.5978, 3775.835, 630.8588, 1037.43, 133.0848, 81.1994, 1190.087, 1688.991, 424.9851, 485.9215
330.3, 102.4234, 809.3178, 347.9258, 772.4845, 325.0289, 316.8955, 169.3408, 78.00594, 363.8538, 402.9548, 3805.055, 594.8351, 1020.34, 124.6199, 76.80262, 1122.957, 1747.632, 401.2853, 461.1727
330.4, 96.16371, 768.3196, 330.0474, 736.9136, 306.9005, 554.8588, 158.3664, 73.48411, 340.5103, 408.0345, 3878.562, 560.8683, 972.6517, 116.6934, 72.64391, 1059.613, 1637.498, 378.9071, 437.6844
330.5, 90.2866, 722.5648, 313.0877, 774.0883, 289.7831, 552.9459, 148.1031, 69.2244, 366.8482, 385.1466, 3884.811, 546.6382, 1222.948, 109.2711, 68.7104, 1272.768, 1804.94, 357.7769, 659.4934
330.6, 84.76867, 713.7015, 296.9995, 747.8367, 300.788, 547.801, 138.5051, 65.21161, 343.3126, 415.6732, 3906.481, 649.8866, 1879.683, 102.3209, 64.98987, 1857.542, 1865.646, 493.8826, 810.7025
330.7, 79.58797, 671.1993, 357.0863, 750.3399, 284.0116, 501.9608, 129.529, 61.43144, 371.3528, 467.8257, 3913.544, 638.6581, 2015.052, 151.9067, 61.4708, 1820.247, 1946.227, 601.4835, 769.4121
330.8, 74.72389, 631.2281, 338.7372, 715.7887, 318.433, 464.3918, 121.1346, 57.8704, 490.0598, 584.7785, 3862.501, 602.189, 2203.974, 142.2447, 58.14228, 2262.625, 1823.577, 567.941, 730.2247
330.9, 70.15709, 628.5694, 420.5746, 682.8285, 300.6724, 425.5314, 249.3368, 54.51578, 516.5389, 551.9766, 3854.86, 567.8023, 2263.756, 283.3496, 54.994, 2134.995, 1790.311, 536.2691, 876.5001
331, 65.86938, 591.137, 398.9631, 732.0419, 283.9024, 438.5771, 357.6116, 51.35562, 490.7454, 642.4877, 3963.748, 535.3792, 2828.191, 265.3271, 52.01618, 2576.408, 1720.487, 656.771, 916.7312
331.1, 61.84373, 562.7457, 515.0219, 1239.52, 268.0677, 401.8768, 334.4359, 48.37865, 482.9356, 666.4, 3943.875, 521.687, 3406.13, 283.5297, 67.16927, 2902.414, 1793.123, 810.5063, 870.0406
331.2, 58.0641, 544.6452, 493.6783, 1260.394, 253.1163, 368.2477, 335.3695, 45.57425, 451.9523, 658.3149, 4005.088, 586.0587, 4027.032, 265.4957, 63.5322, 3426.643, 1890.567, 795.7878, 825.728
331.3, 54.51547, 512.2106, 494.1252, 1312.658, 238.9987, 346.6369, 350.4466, 42.93241, 422.9568, 792.8734, 3907.179, 552.5931, 4396.811, 248.6088, 60.09206, 3661.177, 1897.401, 822.3072, 783.6724
331.4, 51.18372, 481.7076, 502.4814, 1341.85, 271.8148, 317.6302, 363.3947, 40.44371, 450.0708, 748.3987, 3790.782, 521.0386, 4556.651, 232.796, 56.8382, 3764.723, 1777.828, 776.4502, 743.7587
331.5, 48.05559, 453.021, 476.6611, 1280.061, 256.6544, 453.9481, 497.7703, 38.09928, 421.196, 806.3472, 3905.359, 491.2859, 4538.392, 217.989, 53.76052, 3852.036, 1665.791, 834.7087, 705.8778
331.6, 45.11863, 548.7291, 452.1676, 1389.074, 242.3395, 415.9615, 465.5114, 35.89075, 394.1737, 761.1168, 3798.059, 463.2321, 4640.867, 531.0125, 50.8495, 3634.752, 1776.257, 945.8937, 833.1572
331.7, 42.36118, 516.0513, 428.9326, 1557.119, 228.823, 402.8615, 435.3431, 33.81024, 368.885, 767.0157, 3782.422, 436.7803, 4553.841, 497.2373, 48.09611, 3700.835, 1664.319, 893.1448, 988.2961
331.8, 39.77224, 485.3195, 406.8917, 1485.418, 216.0604, 609.7211, 407.1299, 31.85034, 345.2188, 723.9915, 3738.846, 411.8389, 4364.02, 495.5684, 45.4918, 3663.673, 1737.91, 843.3375, 937.9606
331.9, 37.34153, 516.0238, 385.9833, 1417.018, 204.0097, 606.46, 393.6866, 30.00404, 323.0708, 798.5408, 3553.534, 554.798, 4160.057, 990.8474, 43.02851, 3493.528, 1628.388, 796.3077, 890.1888
332, 35.05938, 485.2937, 366.1493, 1351.768, 192.631, 555.7112, 390.3054, 28.26478, 361.2291, 753.7482, 3495.519, 523.1175, 4179.713, 1188.544, 40.69861, 3493.506, 1525.769, 751.9006, 844.85
332.1, 32.91669, 456.3936, 347.3345, 1349.06, 181.8871, 509.2091, 365.011, 26.62633, 338.054, 711.4683, 3465.845, 493.2461, 4239.187, 1171.149, 38.49486, 3296.445, 1429.616, 709.97, 801.8204
332.2, 30.90497, 429.2145, 329.4865, 1286.939, 243.4449, 466.5983, 341.3557, 60.60331, 328.668, 779.4335, 3371.555, 465.0804, 4041.058, 1149.096, 36.41044, 3268.22, 1339.523, 764.1428, 760.9824
332.3, 29.01619, 403.6541, 312.5556, 1227.679, 229.8668, 482.652, 339.4456, 57.09027, 337.5461, 735.7128, 3342.366, 438.523, 4063.972, 1391.574, 34.43889, 3232.877, 1255.108, 721.5295, 722.2244
332.4, 27.24284, 603.3036, 296.4947, 1171.148, 217.046, 442.2635, 317.4472, 106.7318, 470.2498, 694.4445, 3282.733, 413.4821, 3949.536, 1420.344, 32.5741, 3326.175, 1176.012, 681.2925, 850.663
332.5, 25.57787, 567.3758, 281.2592, 1117.219, 243.4519, 405.2548, 296.8745, 100.5448, 440.0804, 655.491, 3341.47, 389.8712, 3962.271, 1401.072, 30.81028, 3301.723, 1101.901, 822.3549, 807.3373
332.6, 24.01466, 533.5876, 266.8065, 1122.238, 229.8734, 374.5509, 328.984, 94.71648, 411.8465, 618.7226, 3250.132, 367.6084, 3871.17, 1357.243, 29.14196, 3154.793, 1032.46, 893.5734, 917.8551
332.7, 22.54699, 501.8115, 253.0965, 1070.562, 217.0522, 524.3159, 384.71, 89.22598, 418.0213, 592.4856, 3315.088, 346.617, 3967.486, 1356.195, 27.56398, 3117.845, 967.3956, 843.7421, 871.1072
332.8, 21.16901, 471.9277, 240.0909, 1021.266, 204.9461, 480.4409, 359.7782, 84.05374, 508.4385, 559.2513, 3150.779, 326.8242, 3966.623, 1269.934, 26.07145, 3116.946, 906.4312, 796.6898, 826.7403
332.9, 19.87525, 443.8236, 227.7537, 978.9153, 193.5153, 440.2375, 336.4621, 79.18134, 475.819, 527.8813, 3122.333, 403.6494, 3809.123, 1189.16, 24.65973, 2941.126, 849.3088, 752.2614, 969.4422
333, 18.66056, 417.3931, 282.0247, 933.8389, 182.722, 485.1194, 314.6571, 129.8288, 469.0173, 509.5705, 3019.659, 380.5999, 3631.095, 1113.523, 23.32446, 2967.539, 795.7861, 710.3106, 920.067
333.1, 17.52011, 392.5366, 300.5121, 890.838, 185.1349, 444.5245, 294.2651, 122.3029, 463.9445, 503.5349, 2994.198, 358.8666, 3793.945, 1216.582, 22.06149, 2950.262, 745.6365, 670.6993, 873.2064
333.2, 16.44935, 369.1604, 285.0701, 849.8173, 174.809, 457.1092, 275.1948, 115.2133, 434.1796, 475.2902, 2983.656, 338.3744, 3616.626, 1179.966, 20.86691, 2783.844, 698.6472, 633.2969, 828.7326
333.3, 15.44404, 347.1762, 270.4216, 1024.654, 250.7811, 463.6546, 351.5054, 108.5346, 406.3243, 528.6558, 3034.586, 319.0522, 3447.594, 1273.156, 19.73701, 2816.967, 654.6191, 597.9803, 786.5239
333.4, 14.50016, 367.249, 256.5258, 1111.812, 496.8726, 424.8559, 328.7254, 102.2431, 380.2561, 656.6134, 2929.187, 300.8335, 3405.917, 1192.176, 18.66829, 2658.068, 613.3656, 564.6332, 746.465
333.5, 13.61398, 345.3787, 243.3441, 1120.714, 538.1736, 389.3038, 307.4218, 96.31629, 518.3304, 730.1555, 2827.185, 343.8908, 3308.672, 1116.348, 17.65744, 2774.393, 574.7119, 533.1458, 708.4463
333.6, 12.78195, 324.8108, 230.8397, 1201.294, 508.157, 356.7267, 287.4987, 90.73305, 515.9661, 831.1838, 2833.603, 324.2537, 3274.052, 1045.342, 16.70132, 2647.988, 538.4941, 635.3665, 672.364
333.7, 45.17591, 305.4677, 218.9779, 1145.978, 479.8146, 326.8757, 365.1583, 85.47346, 482.8636, 784.5602, 2797.077, 305.7379, 3297.948, 978.853, 15.79698, 2643.147, 504.5587, 599.9344, 638.1194
333.8, 42.41495, 403.653, 260.2453, 1125.274, 453.0529, 325.6103, 341.4936, 80.51875, 451.8849, 800.6035, 2866.495, 288.2794, 3143.811, 916.5928, 14.94161, 2494.053, 472.7619, 566.4784, 605.6189
333.9, 39.82273, 382.8598, 246.8725, 1073.458, 427.784, 298.3631, 447.3683, 75.85126, 485.7177, 755.6953, 2724.42, 271.8179, 3269.263, 858.2928, 14.13255, 2455.589, 442.9689, 534.8881, 574.7737
334, 37.38894, 360.0598, 234.1868, 1200.697, 403.9243, 273.396, 418.3758, 71.45433, 454.5559, 713.306, 2725.097, 256.2964, 3154.84, 803.7009, 13.3673, 2389.106, 620.6801, 572.5103, 545.4996
334.1, 35.10388, 392.4278, 222.1529, 1233.222, 381.3955, 250.5181, 419.8197, 67.31228, 425.3933, 673.2946, 2792.023, 269.1187, 3142.543, 782.0868, 12.64349, 2254.342, 684.5869, 540.5836, 517.7164
334.2, 32.95848, 369.058, 210.7374, 1176.435, 360.1232, 230.8386, 439.0525, 63.41034, 447.5172, 857.5872, 2653.639, 253.7513, 3217.121, 732.342, 11.95887, 2596.357, 641.4448, 510.4373, 615.155
334.3, 131.0195, 456.0492, 234.5587, 1138.674, 340.0374, 483.9666, 410.5989, 59.73458, 462.7203, 809.4826, 2635.987, 285.0998, 3085.028, 745.4542, 11.31132, 2636.626, 664.2178, 481.9721, 583.8241
334.4, 123.0122, 435.484, 222.5057, 1086.241, 321.0718, 538.6439, 468.4567, 56.2719, 542.9261, 827.4189, 2704.096, 334.6269, 3173.513, 934.1528, 10.69884, 2584.222, 701.6219, 846.8588, 554.089
334.5, 115.4942, 409.5501, 211.0721, 1165.96, 303.1641, 512.4166, 438.0975, 76.82499, 508.0941, 781.0065, 2688.46, 356.9946, 3173.842, 874.7358, 10.11952, 2632.99, 657.4064, 828.1851, 695.1007
334.6, 230.4927, 431.7292, 210.7096, 1112.271, 286.2551, 469.5374, 667.5773, 285.0376, 875.0462, 798.2736, 2870.508, 336.6092, 3179.125, 971.3716, 9.571567, 2642.455, 861.7313, 918.0334, 659.6981
334.7, 216.4059, 556.1146, 199.8821, 1061.054, 270.2892, 449.0549, 624.3138, 356.7356, 818.9066, 782.9135, 2935.562, 389.2063, 3296.39, 1008.414, 9.053286, 2623.576, 866.1281, 866.8381, 626.0986
334.8, 224.4669, 522.997, 366.8681, 1012.195, 255.2139, 453.0657, 760.1818, 336.0564, 766.3687, 738.9975, 2790.064, 471.3227, 3142.326, 944.2741, 8.563068, 3001.11, 811.5455, 951.5143, 669.8606
334.9, 240.104, 501.6719, 385.7993, 965.5859, 240.9793, 487.8058, 738.8655, 316.576, 946.8574, 874.4227, 2763.421, 541.1223, 2995.462, 884.2134, 8.099396, 3037.146, 812.9351, 915.4771, 635.7435
335, 225.4298, 512.7711, 420.4506, 921.1232, 248.4322, 548.0267, 690.982, 298.2248, 1007.017, 825.3737, 2693.416, 510.2227, 3058.68, 941.8948, 7.66083, 2905.217, 761.7047, 864.4244, 603.3641
335.1, 211.6525, 664.135, 398.8454, 1123.474, 287.8079, 502.1677, 646.2017, 280.9373, 942.4104, 862.9733, 2610.759, 481.0876, 3052.663, 881.9854, 7.246012, 2812.391, 713.7028, 1131.511, 699.9197
335.2, 198.7172, 624.5846, 378.3505, 1071.741, 362.7814, 637.8133, 604.3234, 264.652, 881.949, 946.6414, 2657.901, 453.6162, 3037.529, 828.2906, 6.853655, 2653.75, 788.3616, 1068.411, 664.2717
335.3, 186.5725, 587.3895, 373.9677, 1022.39, 359.3357, 584.4409, 636.6682, 249.3107, 1034.912, 905.053, 2889.346, 427.7134, 2895.563, 1050.441, 6.482543, 2727.443, 794.7479, 1008.83, 630.4392
335.4, 175.17, 552.4094, 354.7512, 975.3114, 394.7146, 639.9172, 621.6229, 234.8587, 968.5157, 854.2859, 2801.671, 403.2898, 2760.232, 983.6274, 6.131527, 2896.102, 1071.73, 952.5712, 753.4746
335.5, 164.4643, 519.5124, 437.2056, 930.4009, 411.4235, 743.275, 632.8368, 221.2445, 1062.392, 956.3131, 2785.247, 380.2609, 2769.572, 925.1, 5.799517, 2864.281, 1148.413, 899.4499, 1119.897
335.6, 154.4129, 488.5745, 414.7395, 919.9406, 603.8727, 681.0775, 591.8246, 208.4194, 994.2334, 902.6707, 2669.158, 358.5469, 2666.291, 1023.435, 5.485485, 3004.286, 1382.152, 849.291, 1062.859
335.7, 144.9759, 459.479, 483.5855, 877.5797, 633.5629, 624.0847, 553.4704, 196.3378, 930.4472, 1133.583, 2612.897, 338.0729, 2625.752, 958.3391, 5.188457, 2834.821, 1506.456, 801.9292, 1008.726
335.8, 136.1156, 432.1162, 643.2098, 938.3332, 598.226, 571.861, 517.6017, 184.9566, 870.7533, 1069.997, 2762.368, 318.768, 2670.14, 897.3837, 4.907513, 2674.915, 1411.52, 757.2086, 957.3499
335.9, 127.7968, 406.3829, 610.158, 895.1254, 564.86, 524.0075, 535.8209, 174.235, 814.8891, 1009.978, 2702.43, 300.5655, 2545.345, 840.3055, 4.641781, 2524.029, 1322.568, 714.9819, 908.5905
336, 119.9864, 382.1821, 582.0975, 853.9072, 533.355, 480.1584, 501.096, 164.135, 762.6089, 953.3252, 2768.526, 283.4024, 2426.382, 786.8577, 4.390439, 2448.296, 1239.221, 675.1101, 862.3145
336.1, 112.6533, 359.4225, 711.3156, 814.587, 503.6071, 515.4916, 468.6216, 154.6205, 713.6829, 899.8503, 2631.307, 267.2194, 2401.107, 828.6823, 4.152705, 2357.454, 1161.126, 637.4618, 818.3954
336.2, 105.7684, 338.0182, 674.7642, 777.0775, 502.8897, 472.3551, 438.2517, 145.6575, 667.8957, 891.3891, 2500.889, 251.9604, 2336.49, 775.9738, 3.927845, 2405.254, 1087.953, 601.913, 776.7132
336.3, 99.30432, 317.8887, 640.091, 782.9141, 478.1041, 432.8283, 409.85, 137.214, 625.0461, 861.0072, 2558.83, 237.5728, 2494.734, 726.6178, 3.71516, 2420.947, 1019.391, 568.3466, 737.1539
336.4, 93.23527, 298.9578, 607.1995, 768.1254, 451.4379, 396.6091, 383.2889, 129.26, 584.9455, 812.7108, 2525.576, 224.0067, 2548.389, 680.4011, 3.513992, 2284.387, 955.1502, 536.652, 699.6095
336.5, 87.53712, 281.1544, 575.9982, 732.7552, 550.7535, 363.4207, 358.4492, 121.7671, 547.4176, 767.1234, 2472.157, 211.2153, 2581.865, 637.1241, 3.323716, 2220.444, 894.9576, 506.725, 663.9772
336.6, 82.18723, 264.4111, 546.4001, 756.6406, 520.0352, 333.0096, 335.2192, 114.7085, 512.2974, 724.0932, 2414.161, 199.1543, 2461.195, 596.5997, 3.143744, 2095.193, 838.5582, 478.4668, 630.1598
336.7, 77.16429, 248.6649, 547.5263, 865.6211, 502.7927, 381.2494, 313.4948, 108.0591, 479.4303, 683.4767, 2324.488, 187.7821, 2450.453, 558.6528, 2.973516, 1977.008, 785.7131, 451.7845, 598.0647
336.8, 72.44834, 233.8565, 519.3913, 846.3087, 484.4123, 349.3463, 293.1782, 101.7952, 448.6719, 724.533, 2355.64, 177.0592, 2520.927, 523.1196, 2.812507, 1865.49, 736.1982, 426.5902, 567.6043
336.9, 68.02061, 219.9299, 492.7021, 807.3384, 457.3943, 320.1129, 300.1135, 95.89435, 419.8868, 683.8918, 2238.885, 166.9487, 2435.454, 489.8465, 2.660215, 1855.377, 689.8037, 402.8009, 538.6953
337, 63.86348, 206.8327, 505.1044, 865.5842, 431.8831, 293.3258, 280.6641, 90.33556, 392.9485, 645.5303, 2318.118, 157.4154, 2652.544, 458.6897, 2.51617, 1919.687, 787.3509, 380.3382, 511.2587
337.1, 59.96041, 194.5155, 562.5298, 825.7263, 407.7949, 268.7802, 262.4752, 85.09901, 426.627, 609.3206, 2237.864, 148.4266, 2528.571, 429.5147, 2.379925, 1811.401, 824.5931, 359.1282, 485.2194
337.2, 56.29589, 182.9317, 536.0524, 927.4409, 385.0501, 273.4471, 258.7335, 80.16602, 503.1287, 663.0732, 2248.383, 139.951, 2512.105, 402.1953, 2.251056, 1709.224, 772.628, 339.101, 460.5064
337.3, 52.85532, 172.0378, 531.6633, 884.7346, 363.574, 250.5649, 295.1882, 75.51897, 470.8499, 798.6675, 2219.12, 131.9594, 2418.609, 417.764, 2.129166, 1672.135, 723.9377, 320.1906, 437.0521
337.4, 49.62503, 161.7926, 504.3435, 843.9949, 343.2957, 247.6856, 276.058, 71.1413, 440.642, 944.6414, 2206.256, 124.4242, 2305.57, 391.192, 2.013876, 1577.814, 946.4039, 302.3348, 414.7923
337.5, 46.59216, 152.1576, 478.4275, 1009.03, 324.1484, 226.9592, 313.6034, 67.0174, 445.934, 891.6537, 2341.314, 117.3192, 2366.333, 366.3102, 33.57613, 1676.756, 886.7624, 285.4747, 393.6663
337.6, 48.88765, 143.0964, 453.8432, 998.9822, 306.0691, 220.5792, 293.2797, 63.13255, 417.3246, 841.6382, 2425.124, 110.62, 2452.351, 343.011, 31.75805, 1657.077, 830.8795, 269.5548, 373.6162
337.7, 83.19521, 134.5747, 515.6757, 959.7079, 288.9981, 272.9347, 274.2732, 59.47289, 497.5943, 842.4344, 2304.925, 104.3033, 2337.735, 321.1937, 30.03842, 1563.605, 778.5182, 254.5228, 354.5873
337.8, 78.11068, 126.5606, 541.6938, 915.5159, 272.8792, 250.0954, 256.4984, 56.02538, 538.986, 795.1798, 2265.163, 98.34726, 2486.418, 300.7641, 201.0959, 1565.985, 729.4568, 240.329, 336.5276
337.9, 73.33689, 119.0237, 513.8585, 873.3588, 257.6594, 241.8755, 239.8756, 52.77771, 571.1652, 899.4731, 2398.168, 92.73136, 2650.431, 347.4242, 228.8101, 1736.296, 683.4871, 226.9268, 319.3877
338, 68.85485, 111.9356, 487.4536, 833.1429, 243.2885, 221.6352, 224.33, 49.71831, 738.5101, 849.019, 2279.305, 87.43615, 2526.557, 325.3262, 216.4205, 1687.007, 640.4144, 214.2719, 303.1208
338.1, 64.64674, 105.2696, 462.4055, 830.7541, 229.7191, 227.2302, 276.0607, 46.83625, 722.7441, 870.3022, 2242.814, 82.44331, 2408.472, 304.6338, 247.7409, 1744.915, 600.0562, 202.3228, 287.6823
338.2, 60.6958, 99.00063, 438.6445, 792.5001, 216.9065, 225.1484, 258.1701, 44.12125, 676.3757, 821.4844, 2233.696, 77.73557, 2295.907, 285.2575, 234.3262, 1646.488, 562.2412, 191.04, 273.0302
338.3, 56.98634, 93.10497, 441.2112, 756.0075, 204.8086, 206.3079, 256.1454, 41.56364, 674.6063, 775.4048, 2168.78, 73.29665, 2377.325, 267.1136, 221.6379, 1553.614, 526.8093, 180.3864, 259.1243
338.4, 53.50357, 87.56041, 418.5392, 721.1953, 193.3854, 189.044, 239.5454, 39.15429, 631.3261, 731.9101, 2103.017, 69.11121, 2317.541, 250.1238, 209.6367, 1541.7, 493.6103, 170.327, 245.9267
338.5, 50.23367, 82.34603, 397.0323, 848.6667, 182.5993, 173.2247, 224.0213, 36.88461, 590.8226, 690.8551, 2012.156, 65.16477, 2361.122, 343.2282, 312.6372, 1454.736, 462.5035, 160.8285, 233.4012
338.6, 47.1636, 77.44218, 376.6306, 989.5647, 172.4149, 158.7292, 209.5031, 34.74649, 631.9752, 652.103, 2042.083, 61.44368, 2413.307, 387.3508, 371.8329, 1372.678, 433.357, 151.8597, 221.5137
338.7, 44.28116, 72.83036, 357.2772, 968.7767, 162.7984, 145.4467, 195.9259, 32.73231, 717.2278, 615.5246, 2125.765, 57.93508, 2300.516, 363.6899, 351.6989, 1404.098, 406.0472, 143.391, 210.2317
338.8, 41.57488, 68.49319, 343.7169, 924.1671, 153.7184, 288.359, 238.9534, 30.83489, 671.2133, 672.6144, 2039.975, 54.62683, 2451.225, 455.0912, 332.6551, 1514.704, 380.4585, 135.3947, 199.5242
338.9, 39.034, 64.4143, 339.5875, 881.6116, 145.1447, 264.229, 223.4676, 29.04746, 628.1508, 634.8854, 1938.865, 51.50749, 2436.385, 473.2502, 314.6425, 1429.263, 356.4824, 127.8442, 189.3621
339, 36.64841, 60.57831, 322.1376, 841.0157, 137.0493, 242.1183, 208.9854, 27.36365, 587.851, 599.2728, 1876.005, 48.56627, 2322.515, 443.149, 297.6053, 1389.068, 334.0172, 120.7148, 179.7176
339.1, 81.44456, 56.97076, 385.3199, 889.6376, 129.4054, 221.8577, 195.4417, 25.77744, 550.1367, 578.9734, 1853.646, 45.793, 2324.85, 414.9624, 281.4905, 1310.713, 312.9677, 113.983, 170.5643
339.2, 76.46702, 53.57805, 365.52, 848.6721, 122.1878, 267.9272, 182.7758, 24.28317, 514.842, 634.7678, 1933.848, 43.1781, 2375, 388.5687, 266.2484, 1257.072, 293.2448, 107.6266, 161.8772
339.3, 71.79368, 50.38738, 376.4228, 809.593, 115.3728, 245.507, 170.9306, 22.87553, 481.8117, 599.1617, 2075.48, 199.2556, 2385.48, 365.8408, 251.8316, 1205.406, 274.7648, 426.5425, 153.6325
339.4, 69.28144, 47.38672, 357.0801, 772.3133, 108.9379, 224.9629, 421.4641, 21.54949, 450.9005, 623.2573, 2082.573, 187.8775, 2424.646, 419.4155, 238.1954, 1384.924, 257.4494, 402.7558, 145.8078
339.5, 65.04726, 44.56476, 338.7313, 736.7503, 102.8619, 206.1379, 394.1504, 20.30031, 421.9725, 619.9171, 2108.266, 177.1492, 2509.487, 417.7072, 225.2976, 1306.803, 241.2252, 380.2957, 138.3815
339.6, 61.07185, 41.91085, 321.3254, 769.4771, 97.12476, 193.6629, 368.6067, 19.12355, 394.9004, 585.1441, 2113.608, 167.0335, 2481.615, 391.1388, 213.0982, 1233.089, 226.0234, 359.088, 131.3335
339.7, 57.33939, 39.41498, 304.8139, 734.0446, 91.70763, 412.8995, 378.241, 18.015, 369.5651, 552.3217, 2008.849, 157.4955, 2365.631, 366.2604, 201.5594, 1232.128, 211.7796, 339.063, 124.6445
339.8, 53.83505, 37.06775, 289.1508, 700.2438, 86.59264, 1162.309, 353.7284, 16.97071, 345.8552, 521.3403, 2057.698, 298.2098, 2281.165, 342.9643, 190.6454, 1213.275, 198.4335, 320.1548, 118.2961
339.9, 50.54488, 34.8603, 274.2926, 667.9994, 81.76295, 1232.139, 365.4541, 15.98696, 323.6664, 541.239, 2089.125, 325.8827, 2283.349, 413.5735, 180.3223, 1144.837, 185.9284, 302.3009, 112.2711
340, 47.4558, 32.78431, 260.1979, 637.2397, 77.20262, 1129.033, 395.2131, 15.06023, 302.9012, 510.8793, 2044.888, 307.2739, 2341.601, 387.2681, 170.5582, 1080.259, 174.2114, 285.4427, 106.553
340.1, 44.5555, 30.83194, 246.8275, 607.8965, 72.89665, 1067.583, 369.6006, 14.18722, 283.4683, 482.2226, 2016.606, 289.7277, 2232.161, 362.6358, 161.3228, 1019.324, 163.2327, 269.5247, 101.1261
340.2, 41.83246, 28.99584, 234.1441, 579.9045, 68.83085, 978.2474, 377.1995, 13.36482, 265.282, 455.1733, 1976.427, 273.1835, 2127.836, 339.5703, 152.5875, 961.8262, 152.946, 254.4943, 95.97554
340.3, 85.17541, 27.26909, 222.1124, 553.2014, 64.99181, 942.3682, 352.7544, 12.59009, 248.2625, 429.6413, 1878.467, 257.584, 2294.478, 317.9719, 144.3252, 907.5718, 143.3075, 240.3021, 91.08735
340.4, 79.96985, 25.64517, 210.6991, 764.6936, 61.3669, 984.8486, 329.8935, 11.86027, 232.335, 405.5414, 1838.545, 242.8752, 2187.24, 297.7472, 136.5103, 995.5908, 134.2764, 226.9014, 86.44812
340.5, 92.21192, 24.11795, 199.8721, 729.4814, 57.94417, 902.4361, 308.5142, 11.17276, 328.0205, 382.7934, 1837.492, 353.907, 2182.998, 278.8089, 129.1186, 939.4318, 125.8144, 214.248, 82.04517
340.6, 109.1655, 22.68169, 189.6016, 735.4879, 54.71234, 884.7977, 288.8203, 10.5251, 306.976, 361.3214, 1823.438, 482.1768, 2134.812, 261.0752, 122.1271, 886.4406, 117.8857, 202.3002, 77.86648
340.7, 102.4937, 21.33095, 179.8588, 701.6206, 51.66076, 810.7575, 270.1028, 9.91498, 287.2816, 341.0538, 1733.061, 454.6432, 2180.687, 244.4695, 115.5141, 836.4384, 110.4566, 191.0186, 73.90061
340.8, 96.22976, 20.06066, 170.6166, 669.3128, 48.77938, 742.913, 252.5983, 9.340231, 268.8507, 321.9231, 1665.216, 428.6819, 2107.301, 238.401, 109.2593, 789.2568, 103.4958, 180.3663, 70.13673
340.9, 90.3486, 18.86601, 161.8494, 638.4927, 46.05872, 680.7458, 504.4531, 8.798799, 335.5651, 303.8654, 1582.682, 404.2029, 2029.893, 223.2374, 103.3431, 744.7366, 96.97358, 170.3079, 391.2412
341, 84.82688, 17.7425, 153.5327, 682.9539, 43.4898, 623.7808, 475.7459, 8.288752, 314.0365, 286.8207, 1521.62, 381.1219, 2007.287, 357.2152, 97.7473, 702.7277, 90.8624, 160.8105, 371.3147
341.1, 79.64262, 16.68591, 145.6433, 651.5056, 61.58108, 571.5826, 444.9143, 7.808271, 293.8892, 270.7321, 1621.249, 359.3588, 1913.472, 334.4945, 92.45448, 663.0884, 85.13634, 151.8427, 352.403
341.2, 120.5994, 15.69223, 138.1593, 621.5055, 58.1464, 610.77, 416.0808, 7.355643, 275.0344, 255.5459, 1579.683, 505.3459, 1824.042, 313.2189, 87.44827, 625.6851, 288.4145, 143.375, 334.4546
341.3, 113.2288, 53.5183, 131.0599, 633.9503, 54.90329, 647.398, 465.9556, 6.929253, 336.4589, 241.2116, 1501.388, 590.8655, 2004.541, 293.2966, 82.71312, 590.3916, 321.1942, 135.3795, 317.4203
341.4, 106.3088, 50.33119, 124.3253, 604.7585, 51.84106, 593.2235, 472.1387, 6.527579, 314.873, 227.6813, 1519.373, 557.1254, 1910.854, 274.6414, 78.23438, 557.0889, 300.9529, 127.8299, 446.8673
341.5, 99.81164, 47.33388, 117.9368, 587.1283, 48.94963, 543.5824, 451.1444, 6.14919, 294.6719, 214.91, 1522.167, 525.312, 1821.546, 257.1728, 73.99815, 525.6648, 281.9871, 120.7013, 424.1077
341.6, 93.71158, 44.51506, 111.8765, 560.0926, 46.21947, 648.5313, 421.9072, 5.792735, 348.7571, 202.8551, 1470.93, 495.3152, 1736.411, 383.2525, 69.99129, 595.4045, 388.3929, 113.9702, 680.9619
341.7, 87.98433, 41.86411, 106.1277, 534.3018, 137.6325, 610.52, 422.2925, 5.456943, 326.3822, 191.4763, 1511.957, 467.0314, 1655.256, 578.7975, 66.20141, 695.7726, 579.178, 107.6146, 838.4308
341.8, 82.6071, 39.37103, 100.6742, 509.6986, 310.3727, 603.5316, 394.925, 51.64905, 305.4428, 320.2421, 1561.609, 440.3626, 1723.527, 784.379, 62.61674, 656.5256, 714.4125, 101.6133, 795.7281
341.9, 158.8847, 153.4478, 95.50101, 486.2283, 388.8282, 553.0279, 369.3312, 48.65507, 285.8467, 392.7848, 1536.015, 415.2167, 1642.974, 734.4885, 59.22617, 619.4925, 669.3909, 95.94671, 755.2004
342, 187.3159, 144.3097, 90.59363, 463.8388, 377.8691, 506.7503, 345.396, 45.83464, 267.5079, 370.7523, 1549.733, 391.5067, 1664.876, 687.7712, 56.01919, 584.5483, 627.2065, 90.59612, 801.2539
342.1, 175.868, 135.7158, 85.93842, 442.4802, 356.7935, 464.3453, 323.012, 43.17771, 250.3456, 349.9557, 1607.843, 369.1506, 1704.34, 697.2373, 52.98587, 551.5753, 587.6805, 85.54392, 1005.157
342.2, 165.1197, 146.9476, 81.52242, 422.1052, 488.372, 425.4887, 302.0786, 40.6748, 234.2844, 330.3257, 1528.151, 396.7112, 1624.683, 652.8894, 50.11679, 520.4622, 550.6455, 80.77346, 953.9629
342.3, 155.0282, 138.1966, 77.33334, 402.6683, 493.0636, 389.8837, 282.5019, 38.31697, 219.2536, 311.7967, 1563.258, 615.7365, 1548.75, 611.3622, 47.40307, 491.1041, 595.3942, 76.26903, 905.376
342.4, 145.5536, 129.9667, 73.35951, 522.7077, 465.563, 429.0383, 264.1938, 36.09582, 205.1871, 294.3071, 1485.777, 666.3789, 1476.366, 572.4764, 44.83629, 463.402, 624.2658, 72.01579, 859.2637
342.5, 159.2432, 122.227, 69.58989, 498.6384, 561.9872, 505.5819, 351.6315, 34.00343, 192.0231, 277.7985, 1661.072, 628.3268, 1593.432, 536.064, 42.4085, 437.2625, 584.9252, 67.99974, 937.0302
342.6, 149.5109, 114.9481, 66.01397, 502.6009, 576.8825, 463.2746, 328.8434, 32.03232, 179.7037, 262.216, 1662.06, 592.4476, 1518.959, 501.9675, 40.11216, 412.5975, 548.0637, 64.20765, 889.3057
342.7, 140.3735, 108.1028, 62.6218, 479.4574, 544.7069, 424.5077, 454.7013, 30.17548, 168.1746, 247.5075, 1636.26, 558.6172, 1513.96, 470.0398, 37.94017, 463.3453, 513.5253, 60.62703, 844.012
342.8, 131.7944, 101.6651, 59.40394, 501.8726, 514.3259, 388.9847, 425.2336, 28.42627, 157.3851, 233.6241, 1612.019, 526.7187, 1443.202, 462.444, 35.88579, 484.5899, 481.1634, 57.24609, 801.0251
342.9, 123.7397, 95.61073, 56.35143, 478.7627, 485.6394, 362.5945, 397.6755, 26.77847, 147.2879, 220.5194, 1532.121, 496.6416, 1375.75, 433.0302, 33.94265, 457.2553, 450.8409, 54.05369, 760.2276
343, 116.1773, 89.91694, 53.45578, 735.0623, 458.5529, 332.2524, 371.9034, 25.22618, 137.8385, 208.1498, 1510.019, 468.282, 1572.029, 507.9169, 32.10472, 495.2981, 422.4294, 51.03932, 721.508
343.1, 109.077, 84.56223, 50.70892, 701.2146, 452.0157, 304.4494, 347.8015, 23.76387, 128.9953, 196.4741, 1497.152, 441.5418, 1541.725, 475.6107, 30.36632, 656.8425, 395.8083, 48.19305, 684.7604
343.2, 102.4107, 79.5264, 48.10321, 889.4956, 426.8046, 363.9111, 325.2616, 22.38633, 120.7194, 185.4532, 1468.06, 416.3286, 1469.669, 445.3594, 28.72204, 619.7915, 598.657, 45.5055, 772.754
343.3, 96.1518, 74.79046, 45.63139, 912.5073, 522.1883, 333.4589, 304.1825, 70.5489, 112.9745, 175.0506, 1460.501, 441.5393, 1552.219, 417.0322, 27.1668, 584.8304, 560.9302, 42.96783, 733.3964
343.4, 90.27541, 134.1772, 140.1374, 894.0462, 505.5003, 327.8246, 284.4694, 127.5411, 286.7772, 165.2315, 1388.113, 483.2315, 1639.578, 593.2144, 25.69577, 551.8415, 525.5809, 40.57168, 855.2459
343.5, 84.75816, 126.1868, 132.9364, 957.8614, 522.4178, 300.3921, 344.6322, 120.1478, 347.1864, 155.9632, 1429.826, 455.6377, 1562.949, 654.808, 24.3044, 520.7134, 492.4593, 38.30915, 811.6868
343.6, 79.5781, 184.92, 126.1053, 924.0994, 493.28, 275.2552, 351.3246, 228.5943, 352.1286, 147.2148, 1546.947, 429.6195, 1548.512, 613.1589, 22.98837, 491.3411, 461.425, 36.17279, 770.3463
343.7, 74.71463, 173.9077, 122.7225, 881.547, 697.4639, 263.1163, 328.5564, 243.3841, 329.5374, 138.957, 1470.274, 405.0871, 1629.557, 574.1588, 21.74359, 463.6256, 432.3464, 34.15557, 875.0963
343.8, 70.14839, 163.5512, 116.4164, 840.954, 813.7115, 243.6328, 307.2637, 407.4871, 395.3268, 131.1625, 1597.761, 437.379, 1638.412, 537.6393, 20.56622, 437.4736, 405.1003, 32.25085, 970.2806
343.9, 65.86122, 153.8114, 110.4342, 808.4379, 771.1041, 223.2455, 371.1087, 383.866, 369.9642, 123.8052, 1578.792, 412.4034, 1561.837, 503.4427, 19.4526, 412.7967, 379.5713, 30.45234, 920.8627
344, 61.83606, 144.6517, 169.5854, 888.9726, 833.5195, 204.5643, 475.5316, 933.5056, 346.2287, 116.8606, 1547.144, 388.8541, 1488.841, 471.4211, 18.39928, 389.5117, 355.6511, 28.75413, 873.9616
344.1, 58.05691, 136.0374, 177.2151, 919.0614, 1040.034, 187.4463, 537.1144, 1426.642, 324.016, 110.3056, 1470.462, 366.6494, 1634.771, 441.4363, 17.403, 367.5403, 333.2383, 27.15062, 829.4493
344.2, 54.50872, 127.9361, 168.1088, 876.741, 1239.976, 171.7607, 502.3058, 1536.331, 303.2284, 104.1182, 1453.487, 345.7128, 1571.601, 413.3586, 16.46066, 346.8081, 312.2379, 25.63653, 787.2041
344.3, 51.17738, 120.3173, 163.6103, 836.3694, 1173.765, 157.3877, 469.7529, 1447.273, 283.7744, 98.27789, 1381.447, 325.9716, 1678.571, 387.0669, 15.56935, 327.2455, 292.561, 24.20688, 747.1105
344.4, 48.04963, 113.1522, 155.2031, 797.8568, 1108.299, 144.2175, 539.2021, 1363.378, 265.5685, 92.76518, 1346.519, 307.3578, 1664.9, 362.4474, 14.7263, 308.7863, 274.1241, 22.85695, 709.059
344.5, 45.11304, 163.1074, 172.4577, 906.6649, 1046.483, 132.1493, 504.2582, 1284.346, 248.5307, 87.56171, 1279.781, 289.8068, 1708.57, 339.3939, 13.9289, 291.3684, 256.8491, 21.5823, 672.9454
344.6, 42.35593, 160.7912, 281.6927, 943.1541, 1005.477, 200.3471, 471.5788, 1209.895, 232.5859, 82.65011, 1412.037, 273.258, 1732.646, 317.8067, 13.17468, 274.933, 240.6627, 20.37874, 743.799
344.7, 39.76731, 151.2158, 333.0958, 899.7242, 1021.295, 238.0198, 514.5229, 1257.726, 326.0126, 78.01402, 1448.133, 333.2938, 1947.28, 297.5925, 12.4613, 657.6777, 225.4963, 19.24229, 705.9161
344.8, 37.3369, 312.2434, 315.9795, 1233.878, 964.3322, 218.1022, 481.1783, 1184.818, 361.4723, 73.63798, 1569.517, 387.9914, 2419.655, 278.6641, 11.78654, 851.0685, 386.853, 18.16922, 721.762
344.9, 35.05503, 348.4313, 299.7427, 1221.867, 968.8952, 245.0036, 449.9947, 1196.416, 338.2816, 69.5074, 1576.025, 365.8361, 3036.09, 260.9396, 11.14833, 1255.221, 566.4897, 17.15599, 685.0015
345, 32.91262, 327.6816, 284.3402, 1333.425, 914.8552, 224.5016, 420.8319, 1127.062, 366.5329, 241.9632, 1673.059, 364.6984, 3745.225, 270.9189, 10.54467, 1733.66, 673.7008, 16.19927, 737.1501
345.1, 30.90114, 308.1676, 269.7292, 1272.024, 863.8292, 205.7153, 393.5592, 1140.48, 343.0176, 244.5995, 1590.135, 408.3366, 3979.874, 253.6871, 9.973696, 1910.458, 845.0079, 15.2959, 699.6058
345.2, 29.01259, 289.8156, 255.869, 1433.942, 928.8102, 188.5009, 451.9144, 1074.369, 367.3512, 230.8792, 1605.529, 455.5805, 4260.542, 237.5513, 9.43364, 2053.034, 832.6375, 136.8854, 663.9738
345.3, 27.23947, 272.5566, 242.721, 1536.638, 912.2531, 172.7271, 566.4852, 1012.09, 366.3804, 217.9285, 1729.554, 429.5656, 4862.521, 318.4457, 8.922828, 2295.221, 934.3109, 176.1897, 630.1565
345.4, 25.57471, 282.8477, 230.2486, 1540.168, 1059.027, 158.2733, 577.8599, 953.4214, 342.8748, 298.2334, 1643.83, 405.0362, 4680.199, 399.6297, 8.439674, 2165.753, 875.4315, 166.3643, 711.7037
345.5, 24.01169, 266.0036, 218.4172, 1469.247, 1233.001, 145.0289, 553.3168, 898.1537, 320.8773, 281.5046, 1698.167, 593.3877, 4714.654, 374.2112, 7.982683, 2298.505, 975.0577, 157.0867, 675.4555
345.6, 126.447, 250.1626, 207.1936, 1488.454, 1164.231, 132.8928, 607.275, 879.9492, 481.9803, 395.6557, 1614, 559.5037, 4980.217, 350.4094, 7.550437, 2369.156, 913.6105, 148.3266, 641.0535
345.7, 151.0705, 235.265, 196.5469, 1483.008, 1099.296, 121.7723, 586.0631, 828.9405, 451.0583, 391.4107, 1534.003, 527.5544, 5171.43, 328.1216, 7.141596, 2398.762, 856.0356, 140.055, 755.9786
345.8, 141.8377, 221.2545, 186.4472, 1570.818, 1037.983, 111.5824, 548.0822, 780.8887, 422.1201, 499.7196, 1593.409, 552.0449, 4945.464, 333.7227, 6.754893, 2263.453, 802.0891, 207.0022, 717.4753
345.9, 134.0989, 208.0784, 176.8665, 1740.747, 1037.058, 287.4652, 512.5627, 735.6223, 395.0385, 471.6888, 1706.389, 520.5217, 5038.455, 411.8015, 6.38913, 2374.522, 751.5422, 195.4585, 680.9332
346, 125.9034, 195.687, 167.7781, 1660.59, 979.2164, 263.4101, 479.3452, 692.9799, 369.6944, 445.2304, 1738.02, 536.9058, 5029.895, 385.6087, 6.043171, 2539.83, 704.1808, 184.5585, 877.2462
346.1, 118.2087, 184.0335, 159.1567, 1708.33, 924.6006, 330.7858, 500.786, 652.8094, 345.9762, 420.2561, 1651.877, 610.4821, 5014.493, 431.7544, 5.715946, 2547.149, 659.804, 174.2664, 832.5667
346.2, 110.9843, 563.0831, 150.9783, 1629.666, 873.4816, 896.8175, 468.3317, 614.9675, 323.7797, 396.6826, 1614.597, 575.6219, 4780.129, 404.2926, 5.406439, 2513.221, 618.2238, 164.5482, 790.1627
346.3, 104.2014, 831.3521, 143.2202, 1690.777, 867.0468, 821.7715, 568.6915, 579.3192, 303.0073, 374.4315, 1597.452, 542.7523, 5039.503, 378.5775, 5.113692, 2397.991, 579.2639, 155.372, 749.9184
346.4, 97.83305, 955.8735, 135.8607, 1720.928, 818.6873, 753.0054, 531.8364, 545.7373, 283.5675, 353.4286, 1638.806, 511.7597, 4803.97, 442.8818, 4.836796, 2303.153, 542.7593, 146.7075, 711.7238
346.5, 91.85391, 898.9496, 128.8795, 1641.684, 855.045, 689.9937, 497.3698, 514.1021, 265.3749, 333.6037, 1557.58, 482.5368, 4751.53, 414.7122, 4.574893, 2173.237, 508.5551, 138.5261, 675.4745
346.6, 86.24019, 845.4155, 122.2569, 1627.386, 807.3549, 632.2548, 567.1028, 484.3008, 248.3494, 314.8909, 1480.38, 454.9826, 4697.82, 388.3344, 4.327172, 2050.649, 476.5065, 130.8011, 641.0715
346.7, 80.96956, 795.0695, 115.9747, 1648.354, 762.3248, 579.3475, 608.0173, 520.579, 232.4163, 297.2277, 1407.007, 429.0019, 4567.124, 363.6343, 4.092865, 1934.977, 446.4775, 123.5068, 608.4207
346.8, 76.02104, 747.7217, 110.0152, 1885.512, 719.8062, 530.8676, 569.9365, 490.4022, 217.5054, 280.5553, 1403.374, 404.5047, 4454.677, 340.5053, 3.871244, 1938.297, 418.3409, 116.6193, 577.4329
346.9, 71.37496, 703.1936, 104.362, 1879.554, 679.659, 486.4444, 533.0007, 468.3329, 203.551, 264.8181, 1333.818, 381.4064, 4747.155, 318.8474, 3.661624, 1828.963, 391.9775, 110.1159, 772.1481
347, 67.01283, 661.3172, 98.99931, 1879.797, 736.7567, 445.7385, 498.4586, 441.1847, 265.606, 279.9684, 1267.708, 359.627, 4758.204, 298.567, 3.463355, 1969.23, 367.2754, 103.9751, 732.8213
347.1, 62.91729, 621.9346, 93.91216, 2013.666, 695.6642, 408.439, 466.1551, 415.6102, 248.5658, 264.2641, 1204.876, 410.5745, 4804.884, 279.5766, 3.275821, 1928.834, 544.0559, 98.1768, 695.4975
347.2, 59.07205, 584.8973, 89.08643, 2014.76, 656.8636, 374.2607, 536.4937, 444.0955, 232.6187, 259.1956, 1145.157, 387.1296, 4603.037, 261.7941, 3.098442, 1820.033, 509.77, 92.70185, 734.2007
347.3, 55.46181, 550.0656, 84.50866, 2105.557, 620.2271, 342.9424, 530.5192, 533.7744, 341.1194, 244.6565, 1088.399, 365.0234, 4716.889, 245.1426, 2.930668, 1827.091, 477.6448, 87.53222, 737.7231
347.4, 52.07222, 517.3082, 80.16613, 2008.602, 585.6339, 314.2448, 496.1379, 502.8326, 319.2345, 230.933, 1226.448, 403.9899, 4666.521, 443.2022, 2.771978, 1797.575, 499.14, 82.65088, 856.7982
347.5, 48.88979, 551.5233, 76.04675, 1916.111, 572.7205, 287.9487, 463.9848, 473.6845, 532.5441, 217.9793, 1183.721, 380.9209, 4643.829, 415.0122, 2.621881, 1815.458, 467.6847, 178.2471, 813.1601
347.6, 45.90186, 518.6791, 72.13904, 2006.308, 540.7771, 263.8531, 433.9154, 446.2261, 498.3781, 205.7522, 1125.051, 391.1732, 4444.743, 388.6153, 2.479912, 1830.274, 490.1183, 168.3069, 927.7138
347.7, 43.09653, 492.4516, 68.43213, 1913.923, 510.6153, 281.0892, 405.7948, 503.3417, 638.3285, 304.3606, 1101.071, 412.7106, 4384.062, 387.553, 2.34563, 1960.375, 459.2315, 158.9211, 1010.405
347.8, 47.86533, 616.6544, 64.9157, 1838.932, 548.7815, 309.5264, 379.4965, 509.7616, 597.3758, 357.7944, 1122.533, 521.765, 4502.017, 362.9026, 2.218619, 1849.794, 795.4292, 228.8704, 958.9435
347.9, 44.94001, 579.9316, 61.57997, 1754.254, 525.9548, 459.854, 354.9025, 480.2119, 559.0505, 337.7246, 1264.905, 491.9708, 4291.605, 339.8202, 2.098485, 1991.625, 1242.05, 216.1071, 1052.914
348, 42.19347, 545.3956, 58.41564, 1673.475, 496.6198, 474.4236, 331.9024, 474.151, 572.0037, 433.998, 1202.212, 463.8779, 4443.833, 486.1441, 1.984856, 2133.315, 1367.13, 204.0557, 999.2878
348.1, 39.61478, 512.9164, 55.41392, 1704.393, 512.7312, 558.803, 310.3929, 576.4861, 617.7812, 409.6538, 1171.733, 478.5488, 4236.141, 788.0154, 1.87738, 2057.949, 1569.542, 370.0343, 948.3924
348.2, 37.1937, 540.2761, 52.56644, 1625.91, 496.3642, 512.0422, 290.2773, 543.0685, 623.2275, 386.6751, 1273.432, 531.9329, 4138.947, 737.8935, 1.775724, 2087.393, 1741.975, 480.6544, 1033.063
348.3, 34.92057, 512.9526, 49.86528, 1551.041, 556.1335, 469.1943, 271.4654, 561.7734, 583.2436, 464.4815, 1210.315, 501.558, 4048.54, 1099.799, 1.679572, 2137.873, 1632.198, 486.4205, 1025.185
348.4, 32.78638, 482.4053, 47.30292, 1479.62, 525.1152, 429.932, 253.8726, 529.2086, 545.8249, 438.4274, 1238.494, 472.9177, 4101.232, 1029.846, 1.588627, 2032.482, 1529.338, 760.5416, 972.9708
348.5, 30.78261, 500.6472, 44.87223, 1411.487, 495.827, 393.9551, 237.4199, 498.5316, 510.8069, 413.8347, 1177.109, 445.9128, 4053.533, 1193.929, 1.502606, 1962.621, 1432.961, 785.4553, 1021.223
348.6, 28.90131, 470.8328, 42.56644, 1346.492, 468.1722, 360.9888, 222.0335, 469.6328, 478.0354, 390.6215, 1146.849, 420.45, 4029.116, 1117.989, 1.421243, 1961.524, 1342.657, 741.6534, 1035.193
348.7, 27.13499, 482.4255, 40.37913, 1284.49, 442.06, 330.7812, 252.849, 442.4092, 447.3665, 384.5175, 1090.006, 396.4411, 3840.806, 1133.773, 1.344285, 1892.843, 1405.465, 873.5756, 982.4688
348.8, 25.47661, 517.3818, 38.30422, 1225.342, 417.4041, 303.1013, 236.4627, 416.7637, 418.6652, 362.9488, 1136.345, 373.8033, 3974.675, 1170.358, 1.271495, 1925.555, 1316.894, 988.0437, 1100.797
348.9, 23.91959, 486.5708, 36.33593, 1168.918, 394.1234, 277.7377, 221.1383, 557.7343, 391.8052, 385.8203, 1080.023, 352.4581, 3871.808, 1095.917, 1.202646, 1999.061, 1233.904, 1164.085, 1086.243
349, 22.45773, 457.5947, 34.46879, 1180.389, 372.1412, 254.4965, 206.807, 579.1255, 366.6685, 364.1785, 1086.637, 332.3318, 3825.206, 1168.251, 1.137526, 1886.298, 1156.145, 1172.656, 1030.919
349.1, 21.09886, 430.3441, 32.69759, 1146.734, 351.3851, 233.2001, 193.4045, 545.5549, 343.1445, 343.7506, 1110.796, 341.8566, 3875.359, 1093.944, 1.075931, 1779.896, 1083.286, 1107.262, 978.4122
349.2, 19.80939, 404.7163, 31.0174, 1262.097, 331.7866, 297.404, 291.1999, 513.9302, 321.1296, 397.5971, 1068.486, 511.4503, 3969.014, 1024.364, 1.017671, 1937.98, 1175.034, 1151.34, 1104.22
349.3, 18.59873, 380.6148, 29.42355, 1382.253, 335.9125, 272.5171, 404.1807, 484.1389, 473.3999, 492.2827, 1320.049, 482.2451, 4135.283, 961.3478, 0.9625665, 2170.097, 1100.985, 1130.895, 1047.98
349.4, 17.46205, 357.9485, 27.9116, 1529.738, 317.177, 249.7128, 377.987, 456.0744, 443.0284, 668.0011, 1392.161, 454.7076, 4086.048, 900.201, 0.9104455, 2205.787, 1031.602, 1067.829, 994.6047
349.5, 16.39485, 336.632, 26.47735, 1459.297, 299.4865, 228.8167, 402.8917, 429.6368, 414.6054, 630.5309, 1323.16, 428.7426, 4151.784, 855.0757, 0.8611467, 2230.945, 966.5911, 1008.28, 943.9478
349.6, 15.39286, 316.585, 25.11679, 1392.1, 282.7827, 209.6693, 426.1302, 404.7317, 388.0059, 595.1626, 1257.579, 404.2602, 3957.74, 800.6885, 0.8145174, 2266.668, 1032.083, 952.0524, 895.871
349.7, 24.72176, 297.7318, 23.82615, 1545.964, 267.0105, 215.662, 504.2935, 381.2703, 363.1129, 561.7781, 1256.823, 381.1758, 4015.243, 749.7606, 0.770413, 2157.555, 967.0425, 898.9601, 850.2429
349.8, 31.9733, 280.0013, 22.60183, 1558.308, 368.1819, 197.6153, 471.6118, 359.1689, 339.817, 530.2664, 1236.99, 495.5462, 3889.063, 814.0538, 0.7286967, 2259.509, 1031.271, 848.8285, 1041.373
349.9, 30.01923, 263.3268, 21.44042, 1686.559, 347.6465, 209.6479, 441.0482, 338.3487, 318.0156, 500.5221, 1175.68, 467.2491, 3868.947, 774.655, 0.6892393, 2155.896, 966.2811, 825.7131, 988.3342
350, 28.18458, 247.6452, 20.33869, 1608.897, 328.2566, 342.8292, 412.4652, 330.4308, 297.6129, 501.8057, 1205.333, 492.1177, 3957.48, 725.3829, 0.6519184, 2171.607, 905.387, 815.9418, 1003.11
350.1, 124.2514, 232.8975, 19.29357, 1534.812, 309.9481, 314.1411, 385.7347, 335.838, 356.2273, 473.6579, 1193.482, 521.9791, 4052.029, 679.2448, 0.6166183, 2049.111, 848.3303, 770.4398, 952.0203
350.2, 116.6577, 219.028, 18.30216, 1629.772, 405.9391, 287.8537, 360.7365, 316.3702, 333.3731, 447.089, 1262.885, 492.1726, 3862.648, 830.2749, 0.5832297, 2109.246, 794.8694, 950.9813, 1182.649
350.3, 109.5281, 272.4476, 17.36169, 1554.725, 495.7505, 342.6938, 337.3583, 298.0309, 499.8193, 422.0105, 1246.536, 464.0682, 3898.954, 777.4651, 0.551649, 2204.44, 744.7775, 897.9486, 1122.415
350.4, 102.8342, 256.2229, 16.46955, 1483.134, 468.1, 314.017, 315.4951, 280.7547, 467.7528, 398.3387, 1282.161, 531.832, 3732.373, 728.0143, 0.5217783, 2080.092, 697.8423, 847.8734, 1065.248
350.5, 96.54939, 304.906, 15.62325, 1520.68, 441.9918, 287.74, 295.0489, 264.48, 437.7436, 375.9947, 1218.612, 570.8221, 3827.69, 768.5844, 0.4935251, 2069.412, 653.8649, 800.5907, 1010.993
350.6, 90.6487, 336.2555, 14.82044, 1482.679, 417.3397, 277.2071, 275.9277, 249.1487, 409.6596, 354.904, 1158.213, 568.1078, 3841.502, 719.6984, 0.4668017, 1952.682, 716.6851, 755.9448, 959.5019
350.7, 85.10864, 326.2068, 14.05888, 1499.286, 394.0626, 254.0103, 258.0457, 234.7061, 383.3774, 334.9964, 1140.576, 535.6673, 3739.83, 775.6288, 0.4415253, 1842.535, 671.5203, 713.7886, 978.1263
350.8, 79.90717, 306.7806, 13.33646, 1538.1, 372.0838, 232.7547, 257.683, 221.1007, 358.7814, 324.9227, 1084.045, 564.5348, 3621.434, 733.1535, 0.4176176, 1738.602, 686.0901, 744.7115, 928.3087
350.9, 196.1792, 288.5113, 12.65116, 1467.274, 351.3308, 213.2777, 240.9834, 208.284, 335.7633, 306.6968, 1030.315, 721.6761, 3773.748, 914.7739, 0.3950045, 1733.836, 665.9644, 703.1818, 1019.855
351, 208.7639, 271.33, 12.00107, 1506.668, 331.7354, 244.759, 225.366, 196.2102, 314.222, 289.4933, 1016.617, 851.4351, 3638.307, 856.5895, 0.3736158, 1789.29, 779.6806, 663.968, 967.9122
351.1, 496.6539, 314.3654, 11.38439, 1437.29, 313.2329, 243.8012, 342.7656, 184.8364, 294.0628, 439.0558, 1053.017, 994.5101, 3575.742, 802.106, 0.3533853, 1840.328, 730.5459, 626.941, 918.6148
351.2, 466.3006, 295.6444, 10.79939, 1371.107, 295.7623, 223.3998, 320.5521, 174.1218, 275.1968, 445.3142, 1049.001, 1064.24, 3514.92, 994.7469, 0.3342502, 1893.292, 684.5076, 591.9789, 871.8282
351.3, 437.8023, 278.0383, 10.24446, 1375.465, 279.2662, 204.7056, 299.7781, 164.0284, 257.5413, 420.3352, 1145.44, 1332.881, 3683.706, 931.4759, 0.3161512, 1976.967, 762.9516, 558.9664, 1096.45
351.4, 411.0457, 294.63, 9.71804, 1312.129, 263.6902, 187.5758, 280.3504, 154.52, 427.1167, 396.7574, 1183.591, 1337.272, 3511.54, 872.2292, 0.2990323, 2012.966, 824.4699, 783.9285, 1106.705
351.5, 599.7884, 464.7616, 9.218672, 1251.709, 248.9828, 277.6854, 294.6705, 145.5628, 399.7146, 374.502, 1160.352, 1658.43, 3422.675, 855.5203, 0.2828403, 2123.097, 772.5126, 740.2117, 1050.339
351.6, 563.1319, 437.0842, 8.744965, 1201.186, 235.0959, 254.4486, 275.5738, 137.1248, 374.0704, 353.4951, 1154.976, 1986.481, 3327.57, 801.1047, 65.03381, 2086.869, 723.8297, 698.9329, 996.8435
351.7, 528.7157, 464.4431, 8.295599, 1145.875, 221.9834, 233.1562, 261.7982, 129.176, 350.0715, 333.6665, 1097.73, 2030.231, 3320.773, 750.1503, 61.51236, 1969.154, 678.2146, 714.8972, 1080.275
351.8, 496.4028, 447.1936, 7.869324, 1093.11, 209.6023, 213.6457, 335.9962, 121.688, 327.6122, 314.9502, 1070.365, 2010.599, 3191.496, 702.4369, 200.0964, 2102.397, 635.4742, 675.03, 1025.254
351.9, 466.0648, 449.4569, 7.464954, 1159.961, 197.9117, 195.7677, 323.3273, 114.634, 306.5939, 297.2837, 1101.09, 1895.788, 3326.924, 743.7194, 189.2616, 1983.806, 595.4272, 682.0879, 973.0365
352, 437.5809, 422.6909, 7.081362, 1106.547, 186.8732, 234.498, 302.3734, 107.9889, 286.924, 280.6082, 1084.68, 1894.879, 3349.453, 750.7189, 179.0135, 1871.904, 649.0967, 644.0504, 923.4781
352.1, 410.8379, 397.5189, 6.717482, 1105.999, 176.4504, 214.8751, 282.7776, 101.729, 268.516, 264.868, 1056.077, 2044.145, 3192.909, 702.9693, 169.3203, 2046.547, 633.5626, 608.1342, 876.4439
352.2, 385.7292, 464.8403, 115.308, 1082.599, 166.6089, 204.3155, 264.4517, 95.83203, 251.2891, 250.0108, 1020.673, 1927.419, 3274.097, 658.2568, 223.7396, 1931.106, 787.4009, 574.2208, 937.8448
352.3, 362.1551, 651.0856, 140.1207, 1187.737, 157.3163, 187.2183, 247.3134, 90.27686, 235.1673, 235.9869, 1073.522, 1817.358, 3146.122, 700.2883, 286.0104, 2029.829, 847.5366, 616.8208, 890.0789
352.4, 340.0217, 612.3123, 132.9205, 1133.045, 148.542, 219.593, 328.38, 85.04372, 220.0799, 222.7497, 1185.337, 1843.932, 3438.28, 765.9528, 270.5236, 1949.932, 881.5312, 829.7688, 844.7457
352.5, 319.241, 575.848, 126.0903, 1080.871, 146.5237, 201.2174, 307.0988, 250.7377, 205.9604, 210.255, 1200.998, 1738.638, 3277.584, 717.2342, 255.8753, 2031.283, 825.978, 851.2103, 1076.338
352.6, 299.7304, 541.5552, 119.611, 1031.1, 141.1873, 184.3794, 347.7792, 354.1239, 192.7468, 198.4612, 1204.105, 1639.357, 3185.406, 671.6144, 242.0201, 1916.703, 773.9257, 803.7415, 1021.518
352.7, 281.4121, 509.3047, 113.4647, 983.6205, 133.3126, 168.9505, 325.2408, 333.5962, 180.3809, 187.3289, 1229.612, 1602.109, 3118.754, 628.8962, 228.9152, 1808.586, 862.3835, 758.9199, 1093.401
352.8, 264.2134, 478.9747, 107.6343, 938.3273, 125.8771, 192.0238, 304.1629, 314.2583, 168.8083, 176.8211, 1168.668, 1510.625, 3159.657, 588.8952, 216.5199, 1706.568, 808.037, 761.2937, 1037.712
352.9, 248.0658, 458.1736, 107.9234, 895.1198, 118.8563, 175.9552, 284.4511, 296.0415, 157.9782, 166.9026, 1110.744, 1424.364, 3011.983, 585.2548, 204.7958, 1774.505, 757.1153, 718.8392, 1104.048
353, 232.9051, 451.2624, 102.3776, 853.9019, 112.2271, 161.2312, 266.0168, 278.8806, 147.843, 157.5406, 1149.068, 1343.029, 2931.563, 548.0296, 193.7066, 1674.409, 771.0879, 885.231, 1047.817
353.1, 218.6709, 424.3889, 97.11691, 814.5819, 105.9676, 147.7393, 248.7771, 262.7145, 138.3579, 148.7037, 1092.115, 1266.338, 2927.925, 515.7626, 183.2177, 1579.959, 722.4947, 835.8651, 1072.468
353.2, 205.3067, 438.4018, 181.2323, 777.0725, 100.0573, 135.3765, 232.6546, 315.4975, 129.4814, 140.3624, 1239.34, 1194.027, 2791.081, 482.9575, 173.2969, 1583.751, 676.9637, 789.252, 1017.845
353.3, 192.7592, 499.3635, 171.9195, 1026.788, 94.47662, 439.2607, 243.5307, 297.2088, 121.1744, 132.4891, 1256.06, 1125.844, 3105.956, 718.3983, 163.9132, 1494.415, 755.4229, 745.2384, 966.0046
353.4, 180.9786, 469.6255, 163.0853, 1057.672, 89.20719, 1712.884, 227.7482, 342.3938, 113.4003, 125.0574, 1412.753, 1061.556, 3064.984, 820.9117, 155.0376, 1410.118, 707.8168, 703.6793, 916.8044
353.5, 169.918, 538.8394, 154.7051, 1008.969, 84.23167, 2196.375, 223.7412, 322.546, 106.125, 162.6711, 1373.319, 1075.928, 3031.732, 909.7358, 146.6427, 1444.519, 663.2109, 664.4377, 972.2698
353.6, 159.5333, 506.7505, 146.7555, 962.5081, 79.53365, 2200.949, 209.2412, 316.7206, 99.3164, 153.5464, 1305.252, 1141.385, 2890.037, 851.8719, 138.7023, 1363.037, 781.0213, 627.3846, 939.7761
353.7, 149.7833, 622.0919, 139.2144, 918.1871, 139.4964, 2016.773, 195.681, 298.3611, 92.94464, 144.9335, 1240.558, 1076.209, 2938.748, 818.2208, 131.1918, 1286.151, 982.1575, 592.3977, 1044.621
353.8, 140.6292, 585.0452, 132.0607, 892.3374, 194.163, 2011.926, 182.9995, 281.0657, 86.98167, 136.8038, 1283.754, 1014.755, 2801.399, 894.4188, 124.0881, 1354.231, 962.7566, 559.3619, 991.4169
353.9, 132.0345, 550.2047, 125.2747, 851.2476, 183.3336, 1980.836, 171.1399, 377.3774, 81.40125, 129.13, 1358.096, 956.8094, 2769.223, 837.5291, 117.3689, 1300.612, 1044.753, 528.1685, 940.9224
354, 123.9652, 543.6924, 118.8374, 812.0499, 173.1081, 1815.079, 160.0488, 355.5016, 76.17886, 121.8867, 1290.783, 902.173, 2780.443, 809.8154, 111.0136, 1277.943, 1301.321, 498.7145, 1100.57
354.1, 116.3889, 511.3145, 112.7308, 1054.88, 163.453, 1663.193, 149.6766, 334.894, 71.29152, 115.0497, 1249.623, 850.6564, 2650.493, 828.4331, 105.0025, 1282.2, 1342.292, 470.9031, 1301.66
354.2, 109.2757, 512.2079, 106.9381, 1006.306, 168.8789, 1524.016, 139.9765, 372.2969, 66.71773, 108.5963, 1254.419, 802.0816, 2663.678, 775.7405, 99.31682, 1209.874, 1257.702, 444.6426, 1235.365
354.3, 102.5973, 481.705, 101.443, 1022.11, 203.0318, 1432.894, 130.9051, 416.0294, 62.43737, 102.5048, 1297.535, 756.2805, 2552.73, 785.2035, 93.93902, 1141.627, 1281.872, 419.8465, 1172.446
354.4, 96.32696, 453.0186, 96.2303, 975.0444, 210.8434, 1399.609, 122.4216, 422.679, 58.43163, 96.75497, 1233.224, 713.0948, 2583.078, 735.2605, 88.85241, 1077.231, 1201.09, 396.4333, 1112.731
354.5, 90.43987, 426.0406, 91.28545, 1003.652, 199.0836, 1282.489, 114.4878, 398.1772, 54.68288, 91.3277, 1238.679, 830.6075, 2510.656, 688.4941, 84.04123, 1071.174, 1125.399, 374.3257, 1056.058
354.6, 84.91257, 400.6691, 86.59469, 1034.959, 187.9798, 1175.17, 136.5539, 375.0957, 51.17464, 86.20486, 1258.923, 783.1776, 2393.315, 644.7023, 79.49057, 1058.097, 1336.127, 353.451, 1002.271
354.7, 79.72308, 376.8086, 82.14497, 987.3021, 177.4952, 1076.831, 127.7042, 400.7022, 47.89147, 81.36937, 1213.141, 738.456, 2363.181, 603.6959, 75.18632, 998.4122, 1251.925, 333.7403, 951.2237
354.8, 74.85074, 354.369, 77.9239, 980.5599, 167.5954, 986.7216, 154.2812, 377.4744, 44.81894, 76.80512, 1216.706, 696.2881, 2572.548, 565.2977, 71.11514, 942.094, 1173.03, 315.1289, 1038.07
354.9, 70.27618, 333.2657, 73.91973, 935.4077, 158.2478, 904.1523, 144.2827, 498.9406, 41.94352, 72.49689, 1289.196, 772.7391, 2452.314, 529.3419, 67.2644, 1143.752, 1099.107, 297.5553, 1269.175
355, 65.98119, 313.4191, 70.12132, 892.3347, 149.4215, 828.4926, 134.9322, 470.0181, 39.25259, 68.43033, 1225.298, 728.6136, 2414.048, 495.673, 63.62217, 1079.235, 1029.842, 280.9618, 1580.073
355.1, 78.00393, 294.7544, 128.3584, 851.245, 141.0876, 759.164, 126.1877, 442.7722, 36.73429, 64.59187, 1164.568, 687.0078, 2341.446, 464.1456, 60.17715, 1018.358, 964.9427, 265.2936, 1499.597
355.2, 73.23666, 277.2013, 121.7627, 812.0474, 133.2184, 695.6369, 118.0099, 417.1056, 34.37756, 60.96872, 1106.847, 647.7777, 2439.046, 434.6235, 56.91869, 960.9147, 904.133, 250.4992, 1509.033
355.3, 68.76075, 260.6935, 225.8031, 997.4955, 125.7882, 637.4258, 110.362, 392.9269, 32.17203, 57.5488, 1051.988, 610.7878, 2325.052, 406.9792, 53.83665, 906.7116, 847.1554, 236.5298, 1432.176
355.4, 64.55839, 245.1687, 214.2001, 951.5635, 118.7723, 584.0858, 103.2098, 370.1498, 30.10799, 54.32071, 999.8469, 575.9102, 2256.87, 381.0932, 50.92151, 855.566, 793.7685, 223.3394, 1359.233
355.5, 60.61285, 230.5685, 203.1933, 907.7465, 112.1478, 535.2093, 96.52111, 348.6931, 28.17638, 51.2737, 950.2906, 543.0241, 2151.39, 356.8537, 48.16421, 807.3055, 743.746, 210.8846, 1290.005
355.6, 56.90845, 216.8377, 203.4251, 865.9471, 114.6682, 490.4228, 90.26588, 328.4801, 26.36869, 48.39761, 903.1904, 512.0159, 2107.642, 334.156, 45.55622, 761.7672, 696.8758, 199.1244, 1224.303
355.7, 53.43045, 203.9246, 192.972, 929.9087, 108.2726, 449.3841, 129.4898, 309.4389, 24.67698, 45.68284, 858.4247, 482.7784, 2028.94, 312.9019, 43.08944, 718.7976, 652.9594, 188.02, 1350.218
355.8, 50.16501, 215.3851, 223.9881, 887.0888, 166.8561, 411.7794, 156.2797, 291.5014, 23.0938, 43.12035, 815.8778, 455.2104, 2077.551, 437.8004, 40.75623, 678.2518, 611.8105, 177.5348, 1281.449
355.9, 72.48177, 204.9328, 212.4783, 858.532, 157.5497, 780.0331, 182.8944, 274.6037, 21.61219, 40.7016, 775.4397, 429.2167, 1980.452, 600.8564, 38.54937, 639.9932, 573.2548, 167.6344, 1216.183
356, 68.05199, 192.7287, 201.56, 833.5943, 148.7624, 820.4277, 171.0416, 258.6855, 20.22563, 38.41853, 737.0059, 404.7072, 2061.45, 716.4729, 36.462, 603.8926, 537.1288, 158.286, 1154.241
356.1, 64.05604, 181.2513, 191.2027, 795.2095, 140.4652, 751.774, 159.957, 337.451, 18.92803, 36.26352, 700.4769, 381.5973, 2103.606, 670.9015, 34.48766, 569.8284, 503.2794, 149.459, 1095.453
356.2, 60.1412, 184.7122, 184.6428, 758.5922, 132.6308, 723.285, 149.5907, 317.8897, 17.71368, 34.22939, 665.7585, 359.8071, 2005.289, 822.5679, 32.62022, 537.6856, 471.5633, 141.1243, 1039.66
356.3, 56.46563, 222.6686, 321.4417, 723.6609, 125.2333, 795.0303, 139.8962, 299.4624, 157.4296, 54.13152, 632.7609, 339.2611, 1911.567, 770.2484, 30.8539, 507.356, 441.8458, 133.2543, 986.7086
356.4, 53.01469, 224.8143, 304.9242, 703.5245, 118.2484, 728.502, 187.6867, 332.8317, 208.7873, 51.09512, 601.3988, 319.8884, 1895.308, 721.2565, 29.18323, 478.7372, 414.0011, 125.8232, 936.4539
356.5, 49.77466, 211.4262, 289.2555, 856.0378, 111.6531, 667.5406, 262.9119, 313.5382, 195.3923, 48.22904, 571.5911, 301.6219, 1957.272, 675.3809, 27.60301, 451.7327, 387.9111, 118.8065, 888.7587
356.6, 46.73264, 198.8354, 293.826, 816.6195, 105.4257, 654.8625, 269.3183, 304.6227, 182.8567, 65.09169, 543.2608, 284.3984, 1882.948, 632.4232, 26.10837, 426.2515, 363.4653, 112.1811, 843.4928
356.7, 43.87654, 186.9944, 278.7275, 779.0163, 99.54556, 600.0634, 251.8646, 286.9644, 233.2388, 61.4405, 516.3347, 268.1585, 1913.577, 592.1978, 24.69465, 402.2076, 340.5601, 105.9252, 800.5323
356.8, 79.61925, 194.6212, 264.4049, 743.1447, 93.99342, 549.8499, 345.9529, 270.3297, 218.2751, 57.99412, 490.7431, 252.8459, 1938.926, 554.5309, 23.35749, 379.52, 319.0983, 100.0182, 759.7599
356.9, 74.75326, 183.0311, 250.8183, 766.5115, 88.75094, 503.8382, 323.5328, 254.6593, 234.637, 54.74106, 466.4199, 238.4077, 1897.104, 519.2598, 22.09273, 358.1121, 298.989, 94.44051, 721.0641
357, 70.18465, 172.1313, 237.9298, 800.4056, 83.80086, 461.6769, 302.5656, 239.8973, 219.5836, 51.67047, 443.3023, 224.794, 1852.705, 486.2322, 20.89645, 337.9118, 280.147, 89.17392, 684.3392
357.1, 65.89526, 161.8806, 225.7037, 763.549, 105.9182, 423.0436, 464.0529, 225.991, 205.4959, 48.77212, 421.3305, 211.9576, 1812.536, 455.3053, 19.76495, 318.851, 262.4924, 84.20103, 649.4847
357.2, 61.86803, 152.2403, 214.1057, 824.6917, 100.0106, 427.6454, 463.6263, 254.3689, 220.7736, 46.03635, 400.4477, 199.8543, 1727.823, 426.3456, 18.69472, 300.8653, 245.9504, 79.50546, 616.4054
357.3, 71.83182, 198.8872, 203.1038, 786.7167, 94.4325, 459.0226, 433.5802, 239.6237, 206.6096, 43.45403, 380.5999, 188.442, 1837.73, 534.749, 17.68244, 283.8942, 230.4509, 75.07174, 585.0109
357.4, 67.44176, 187.0431, 192.6672, 750.4905, 89.16553, 420.6115, 405.4812, 293.3176, 334.7823, 202.0867, 361.7359, 177.6815, 1860.782, 606.789, 16.72497, 267.8803, 215.9281, 70.88527, 555.2153
357.5, 63.32001, 175.9044, 182.7668, 733.1176, 89.13419, 385.4146, 433.9152, 366.1031, 344.0047, 190.7511, 343.8068, 167.5354, 1773.814, 645.946, 15.81935, 252.7698, 630.1691, 66.93227, 690.643
357.6, 59.45016, 165.4289, 173.3752, 780.6844, 84.16274, 353.163, 405.7945, 344.881, 425.7665, 219.8965, 326.7664, 157.9686, 1766.59, 610.1554, 14.96276, 238.5116, 652.9856, 63.19971, 734.2077
357.7, 55.81682, 155.5773, 164.4662, 744.736, 95.01546, 323.6102, 477.7385, 324.889, 582.7089, 207.5618, 310.5706, 148.9482, 1709.791, 571.3464, 14.15256, 225.0577, 713.8842, 59.6753, 696.8133
357.8, 52.40554, 146.3124, 156.015, 751.3257, 89.71598, 296.5304, 504.3549, 306.0559, 545.3245, 366.0532, 295.1775, 140.4428, 1778.448, 580.9173, 13.38623, 212.3627, 762.175, 56.34743, 661.3234
357.9, 49.20273, 137.5993, 147.9981, 769.7237, 104.4492, 271.7166, 471.6693, 288.3145, 510.3386, 510.8432, 280.5473, 132.4232, 1695.329, 615.3403, 12.66139, 200.3838, 797.3922, 53.20515, 756.5521
358, 46.19567, 129.405, 140.3931, 748.5752, 98.62354, 248.9793, 441.1019, 271.6015, 477.5972, 508.8727, 266.6423, 124.8614, 1680.098, 576.2015, 11.9758, 189.0806, 747.1412, 50.2381, 718.0197
358.1, 43.37239, 121.6987, 133.1789, 714.1053, 93.12282, 228.1446, 412.5155, 255.8574, 446.9564, 1169.595, 253.4264, 117.7315, 1601.574, 539.5521, 11.32734, 178.415, 735.3048, 47.43651, 681.4498
358.2, 40.72165, 134.5958, 126.3355, 681.2226, 87.9289, 209.0534, 385.7817, 241.0259, 418.2814, 1361.196, 240.8656, 111.0087, 1526.721, 518.051, 10.71398, 168.351, 802.0441, 44.79115, 646.7424
358.3, 66.33028, 126.5803, 119.8436, 649.8541, 83.02467, 191.5597, 360.7804, 227.0542, 463.1429, 1428.871, 228.9274, 104.6698, 1658.206, 501.2707, 10.13384, 463.6849, 751.5001, 42.29332, 613.8028
358.4, 62.27646, 119.0423, 123.7277, 619.93, 78.39398, 175.53, 337.3994, 213.8923, 478.9348, 1470.227, 370.9232, 188.1059, 1580.706, 507.4504, 9.585116, 584.2011, 704.1412, 39.93478, 582.5408
358.5, 173.4614, 111.9531, 240.5468, 707.0078, 74.02156, 160.8416, 315.5336, 201.4935, 480.2111, 1427.384, 352.5388, 285.9276, 1708.981, 475.174, 9.066102, 615.4203, 659.7669, 37.70777, 633.0427
358.6, 162.8601, 105.2861, 228.1861, 674.452, 69.89301, 147.3823, 295.0848, 189.8134, 449.4026, 1392.982, 357.8403, 269.6004, 1667.792, 467.8396, 8.575191, 580.7058, 618.189, 35.60495, 678.0968
358.7, 152.9068, 99.0161, 216.4606, 643.3952, 65.99474, 135.0493, 275.9613, 178.8103, 420.5707, 1410.886, 546.1413, 254.2055, 1743.035, 438.0826, 8.110863, 806.0302, 579.2313, 33.61939, 643.5602
358.8, 143.5618, 93.11951, 211.4799, 613.7686, 62.31388, 123.7483, 258.0771, 168.4451, 438.4012, 1448.373, 519.0724, 239.6896, 1727.755, 445.9856, 7.671676, 760.5638, 542.7287, 31.74457, 610.7827
358.9, 305.8998, 114.5179, 200.6129, 619.0279, 58.83833, 113.393, 241.352, 194.6952, 512.0646, 1367.13, 493.3451, 226.0027, 1787.647, 417.6186, 7.25627, 883.4541, 508.5265, 29.97429, 579.6745
359, 309.7844, 107.6981, 200.4301, 590.5233, 55.55663, 103.9043, 225.7107, 183.4091, 479.2125, 1375.195, 489.588, 213.0973, 1704.097, 391.0559, 6.863358, 833.6204, 476.4796, 28.30274, 550.1508
359.1, 337.6701, 101.2845, 190.1309, 732.7498, 52.45796, 95.20951, 211.0831, 172.7773, 612.3295, 1351.009, 602.3878, 200.9289, 1706.004, 366.1827, 6.491721, 1010.258, 588.7363, 205.4778, 522.1307
359.2, 317.0331, 95.25285, 212.367, 708.0035, 49.53212, 87.24235, 197.4035, 162.7618, 573.0448, 1372.357, 572.5311, 304.3898, 1834.921, 342.8916, 6.140208, 1165.587, 831.8222, 250.9501, 730.8585
359.3, 297.6574, 89.58038, 237.026, 713.5876, 46.76947, 79.94188, 184.6104, 153.3269, 723.6324, 1433.207, 544.1542, 348.7531, 1749.161, 321.0819, 5.807728, 1285.667, 963.6945, 236.9555, 762.1888
359.4, 293.7717, 84.2457, 224.8463, 680.7288, 44.16091, 73.25232, 172.6464, 144.4389, 686.3085, 1352.814, 546.8529, 415.9111, 1897.17, 446.7789, 5.493251, 1340.182, 987.55, 223.7414, 799.1312
359.5, 275.8176, 79.22872, 276.3371, 649.383, 43.24035, 67.12254, 161.4577, 150.6629, 741.6923, 1408.228, 548.1965, 556.517, 1822.883, 418.3615, 5.195803, 1730.518, 925.3156, 382.9058, 936.986
359.6, 258.9608, 74.51051, 262.1373, 619.4806, 40.82862, 110.2152, 150.9942, 203.4818, 812.1194, 1329.237, 543.5063, 524.7383, 1877.867, 391.7515, 4.914461, 1823.126, 1009.784, 361.5526, 978.6097
359.7, 273.0048, 70.07328, 248.6672, 746.9937, 114.46, 100.9923, 141.2087, 191.6864, 875.3104, 1375.94, 558.5959, 624.7398, 1790.1, 366.8341, 4.648353, 1828.042, 1064.513, 341.3902, 928.7676
359.8, 256.3199, 65.90029, 235.8893, 712.5966, 108.076, 92.54125, 132.0574, 180.5748, 819.1538, 1388.911, 530.9097, 589.0654, 1774.139, 343.5015, 4.396654, 1814.867, 997.428, 322.3521, 1176.822
359.9, 240.6547, 61.97581, 223.768, 679.7833, 102.048, 84.79737, 123.4992, 170.1072, 766.6, 1311.003, 523.0517, 555.4282, 1691.22, 321.653, 4.158584, 1712.494, 934.5711, 304.3758, 1116.885
360, 225.9469, 58.28504, 212.2695, 690.4689, 96.35632, 122.2066, 115.4956, 160.2465, 717.4179, 1287.873, 598.0889, 523.7117, 1782.424, 301.1942, 3.933405, 1642.038, 1016.042, 287.4019, 1060
360.1, 212.138, 54.81406, 201.3619, 658.6746, 90.98206, 111.9803, 108.0107, 150.9574, 671.3911, 1215.632, 568.4453, 493.8063, 1699.119, 282.0367, 3.720419, 1755.423, 952.012, 271.3746, 1006.012
360.2, 199.1731, 51.54979, 191.0148, 628.3443, 85.90754, 102.6097, 101.0109, 142.2067, 628.3172, 1147.443, 540.2709, 465.6086, 1619.706, 264.0977, 3.518966, 1656.403, 892.0172, 256.2411, 954.7744
360.3, 187.0005, 48.47991, 181.1994, 599.4107, 81.11605, 94.02332, 94.46471, 133.9633, 588.0068, 1083.08, 513.4929, 439.0211, 1593.31, 247.2997, 3.328421, 1562.969, 935.7186, 241.9515, 906.1462
360.4, 175.5718, 45.59284, 171.8883, 571.8094, 76.59181, 86.15541, 88.34275, 126.1977, 550.2825, 1118.995, 488.0422, 413.9518, 1518.843, 231.5702, 3.148194, 1474.806, 876.7505, 228.4587, 859.9947
360.5, 179.1595, 42.87771, 163.0557, 562.5094, 72.31991, 78.9459, 82.61754, 118.8823, 514.9785, 1056.227, 463.8529, 390.314, 1447.856, 216.8411, 2.977726, 1391.615, 954.3638, 215.7185, 816.1938
360.6, 168.21, 40.32426, 154.677, 536.6073, 68.28627, 72.33968, 77.26336, 111.991, 481.9395, 996.9801, 440.8625, 368.026, 1604.424, 203.0489, 2.816488, 1313.118, 894.2208, 299.9666, 774.6237
360.7, 157.9297, 37.92288, 146.7288, 698.1064, 64.47761, 66.28628, 72.25616, 105.4991, 451.0201, 941.0565, 419.0116, 347.0107, 1529.438, 190.1339, 2.663981, 1239.048, 837.8679, 283.2386, 735.1708
360.8, 148.4682, 35.66451, 139.1891, 665.9604, 60.88137, 86.37531, 67.57347, 99.38358, 422.0843, 888.2698, 398.2437, 327.1954, 1457.956, 178.0404, 2.519732, 1169.156, 854.4979, 267.4435, 697.7274
360.9, 139.3945, 33.54062, 132.0368, 635.2947, 57.48572, 79.1474, 63.19425, 93.62254, 395.005, 838.4442, 378.5052, 308.5117, 1389.815, 166.7161, 2.383293, 1103.206, 834.565, 252.5292, 662.191
361, 141.8361, 31.54322, 125.252, 869.2014, 54.27946, 123.2543, 59.09883, 88.19544, 369.663, 791.4133, 359.745, 290.8948, 1610.804, 156.1121, 2.254243, 1040.977, 781.9715, 238.4466, 628.4645
361.1, 316.7686, 29.66476, 118.8158, 829.1769, 51.25203, 122.0183, 55.26883, 83.08295, 345.9468, 747.0206, 341.9146, 274.2839, 1592.444, 156.306, 2.13218, 982.2578, 852.8223, 225.1493, 596.4558
361.2, 297.409, 27.89817, 112.7104, 790.9955, 48.39345, 111.8077, 51.68703, 78.26682, 323.7522, 835.4821, 324.968, 258.6216, 1552.666, 161.3384, 2.016727, 1099.133, 881.437, 212.5936, 566.0773
361.3, 279.2326, 26.23679, 106.9187, 754.5722, 45.69431, 121.6045, 48.33736, 73.72986, 302.9815, 788.6174, 308.8613, 243.8536, 1480.099, 151.0765, 1.907525, 1037.134, 825.8896, 318.4564, 537.2461
361.4, 306.3504, 24.67434, 101.4246, 719.8261, 43.14571, 111.4286, 45.20477, 69.4559, 283.5434, 744.3815, 293.5529, 229.9289, 1749.591, 141.4672, 1.804237, 978.6312, 929.1146, 531.8099, 509.8833
361.5, 321.3226, 23.20494, 96.21284, 686.68, 40.73927, 102.1042, 42.27519, 65.4297, 265.3523, 702.6269, 279.0033, 216.7993, 1742.334, 142.3395, 1.706541, 923.4288, 870.5627, 502.1528, 657.2469
361.6, 324.951, 21.82305, 91.26888, 716.202, 40.3287, 93.56007, 39.53547, 61.63688, 248.3283, 663.2145, 265.1748, 204.4195, 1660.902, 133.2859, 1.614135, 871.3402, 815.7007, 474.1497, 623.7722
361.7, 401.0786, 20.52345, 86.57896, 683.2227, 38.07937, 85.73093, 36.9733, 58.06393, 232.3965, 626.0128, 327.6275, 192.7466, 1689.996, 124.8083, 1.526733, 1006.661, 764.2961, 447.7081, 592.0025
361.8, 376.5664, 19.30124, 82.13005, 651.7621, 44.82077, 78.55694, 34.57718, 54.69809, 217.4869, 684.2676, 335.4041, 181.7402, 1887.585, 116.8698, 1.444064, 993.2968, 716.1309, 422.7411, 729.0632
361.9, 353.5522, 18.15181, 77.90974, 707.3068, 42.3209, 71.98327, 32.33634, 51.52736, 203.5338, 652.8152, 318.7801, 171.3623, 1799.364, 109.4363, 1.365871, 937.2671, 671.001, 399.1665, 691.9308
362, 331.9446, 17.07084, 73.9063, 674.7371, 39.96045, 65.95969, 30.24073, 48.54044, 190.4758, 637.3318, 384.0999, 224.1049, 1715.267, 102.4756, 1.291911, 1121.161, 628.7151, 376.9065, 656.6896
362.1, 311.6576, 16.05424, 70.10858, 675.1872, 37.73166, 60.44016, 28.28092, 45.72665, 178.2556, 659.4864, 365.0624, 270.7326, 1635.1, 95.9576, 1.221957, 1057.919, 779.7486, 355.8878, 623.2433
362.2, 292.6104, 15.09818, 66.506, 644.0966, 35.62718, 55.38251, 26.44813, 43.07598, 166.8194, 622.4938, 346.9685, 371.0223, 1558.679, 89.8542, 1.155791, 998.244, 838.8639, 336.0413, 591.5005
362.3, 297.1962, 14.19906, 63.08855, 761.8568, 33.64008, 50.74808, 24.73411, 40.57896, 156.1169, 587.5763, 329.7714, 349.8359, 1592.27, 84.13901, 1.093207, 941.9353, 947.0571, 317.3015, 704.6396
362.4, 279.0329, 13.35348, 59.84671, 753.1758, 31.76381, 70.63694, 23.13117, 38.22669, 146.101, 554.6174, 313.4266, 329.8593, 1517.851, 78.78733, 1.034012, 888.8029, 887.3745, 299.6068, 668.7512
362.5, 261.9796, 12.55826, 56.77145, 728.9032, 29.99218, 64.72602, 21.63211, 36.01077, 259.3689, 523.5072, 297.8919, 337.9301, 1592.38, 73.77605, 0.9780223, 838.6675, 934.7181, 282.8989, 744.7508
362.6, 245.9685, 11.81039, 53.85421, 773.5561, 28.31937, 59.30973, 20.2302, 33.92331, 242.7287, 521.4119, 283.1272, 318.6333, 1517.956, 75.28026, 0.9250644, 791.3601, 875.813, 267.1227, 706.8194
362.7, 244.0104, 11.10706, 51.08688, 737.9359, 26.73986, 54.34667, 42.58148, 31.95685, 227.1562, 492.1643, 269.0943, 378.5614, 1567.716, 70.49204, 0.8749741, 746.7213, 820.6202, 252.2263, 670.8199
362.8, 311.223, 10.44561, 48.46174, 747.51, 25.24845, 49.79892, 39.82191, 30.10438, 212.5827, 464.5573, 305.6293, 420.3109, 1494.445, 66.00838, 0.827596, 704.6004, 768.9055, 238.1606, 636.654
362.9, 292.2023, 9.82356, 45.9715, 713.0891, 23.84022, 45.63173, 37.24118, 28.3593, 198.9442, 438.4989, 290.4811, 396.31, 1424.599, 61.80991, 0.7827834, 664.8555, 812.5718, 224.8792, 604.2281
363, 274.3442, 9.238549, 43.60923, 680.2532, 22.51053, 223.2414, 118.7488, 26.71537, 186.1807, 413.9022, 276.0837, 538.7759, 1471.208, 86.29053, 0.7403973, 627.3525, 834.1435, 212.3386, 573.4538
363.1, 257.5774, 8.688377, 41.36834, 648.9293, 21.25501, 204.5605, 111.0531, 25.16674, 174.2361, 390.6852, 300.2484, 508.0103, 1402.448, 80.802, 0.7003063, 591.965, 1056.306, 200.4973, 770.6207
363.2, 241.8354, 8.170969, 39.2426, 619.0478, 20.06951, 187.4428, 241.0535, 23.70788, 244.0537, 368.7705, 397.3369, 550.6956, 1336.901, 169.6452, 0.6623861, 558.5735, 1279.332, 189.3163, 731.3718
363.3, 227.0554, 7.684373, 37.2261, 626.9962, 60.32639, 274.1722, 225.4316, 22.33359, 296.6694, 348.0851, 377.6434, 519.2494, 1274.418, 158.8549, 0.6265193, 527.0657, 1343.822, 178.7588, 694.1218
363.4, 213.1788, 7.226755, 35.31321, 645.1546, 56.96169, 371.6721, 210.8221, 21.03896, 277.6362, 328.56, 433.5771, 489.5988, 1214.855, 148.7509, 0.5925945, 497.3351, 1371.791, 168.7901, 658.769
363.5, 200.1502, 6.796389, 33.49862, 615.4469, 53.78466, 340.5705, 197.1594, 19.81938, 259.8241, 310.1301, 412.0873, 461.6414, 1158.076, 139.2896, 0.5605067, 469.2815, 1350.365, 159.3773, 625.2169
363.6, 187.9179, 6.391652, 31.77727, 587.1072, 109.4092, 318.6842, 184.3821, 18.67049, 243.1548, 292.7339, 391.6626, 435.2804, 1219.044, 130.43, 0.5301564, 442.8104, 1265.266, 150.4895, 593.3735
363.7, 234.6976, 6.011018, 30.14438, 560.0724, 103.3069, 292.0166, 222.3788, 17.58821, 227.5549, 276.3136, 372.2503, 410.4247, 1162.069, 164.9743, 0.5014495, 417.8325, 1251.116, 142.0972, 563.152
363.8, 220.3539, 5.653051, 28.59539, 534.2826, 97.54498, 267.5805, 214.8652, 16.56866, 459.1211, 260.8144, 353.8001, 386.9883, 1107.757, 154.4811, 0.474297, 394.2635, 1262.157, 134.173, 534.4698
363.9, 206.8868, 5.316401, 27.126, 509.6803, 92.10441, 245.1893, 200.9405, 123.2309, 429.6657, 246.1845, 336.2643, 393.1854, 1055.983, 166.1478, 0.4486148, 372.024, 1182.617, 126.6907, 507.2484
364, 194.2427, 4.9998, 25.73211, 486.2108, 86.96729, 224.6718, 287.4515, 147.4244, 486.6908, 232.3753, 319.5977, 616.0155, 1006.63, 155.58, 0.4243233, 351.0389, 1164.979, 119.6256, 481.4134
364.1, 247.3815, 4.702053, 24.40985, 463.8221, 82.1167, 205.8712, 268.8227, 138.8785, 455.4666, 219.3407, 544.9122, 766.8882, 1039.642, 352.7441, 0.401347, 331.2376, 1091.563, 112.9546, 456.8942
364.2, 269.3756, 151.4637, 23.15553, 442.4643, 77.53664, 188.6438, 284.6207, 175.7702, 480.3625, 207.0372, 517.9042, 950.4921, 1052.297, 330.3078, 0.3796149, 312.5533, 1049.682, 106.6555, 433.6239
364.3, 252.9126, 391.1587, 21.96567, 422.09, 73.21204, 211.0883, 266.1753, 379.5384, 449.5443, 195.4239, 492.2348, 1020.96, 1003.115, 309.2985, 0.3590595, 294.9228, 1174.523, 100.7077, 411.5387
364.4, 237.4556, 367.8645, 20.83695, 402.6538, 69.12865, 193.4244, 248.9253, 357.5374, 420.7033, 184.462, 467.8377, 962.6601, 956.2322, 289.6255, 0.3396172, 278.2869, 1457.584, 95.09165, 390.5784
364.5, 283.7506, 345.9575, 19.76623, 384.1127, 65.273, 177.2385, 232.7933, 336.8118, 393.7126, 174.1149, 444.6498, 1286.331, 1080.318, 512.0023, 0.3212276, 262.5894, 1576.054, 89.78875, 370.6856
364.6, 354.8216, 325.3551, 18.75053, 366.4253, 61.6324, 162.4072, 329.042, 317.2875, 368.4535, 164.3483, 422.6112, 1420.443, 1069.659, 479.4362, 0.3038338, 247.7773, 1476.733, 84.78157, 351.806
364.7, 390.3603, 305.9796, 17.78702, 349.5524, 58.19486, 148.8169, 307.7179, 298.8951, 344.8149, 155.1295, 401.6649, 1496.14, 1019.666, 448.9416, 0.2873818, 233.8007, 1383.671, 80.05362, 333.8879
364.8, 377.7018, 287.758, 16.87302, 333.4564, 54.94905, 136.3638, 404.7238, 281.5688, 322.6929, 146.4279, 381.7568, 1410.706, 1011.198, 420.3866, 0.2718206, 220.6125, 1296.473, 75.58933, 316.8824
364.9, 354.6183, 270.6215, 16.00599, 318.1016, 51.88427, 124.9529, 378.495, 265.2469, 301.9902, 138.2143, 362.8354, 1361.894, 963.9376, 393.6478, 0.2571021, 208.1683, 1473.059, 71.374, 300.7431
365, 332.9455, 254.5055, 15.18351, 303.4539, 48.99043, 114.4968, 353.9659, 249.8711, 507.1617, 130.4614, 344.8519, 1284.126, 918.8857, 368.6098, 141.9159, 196.426, 1380.228, 67.39375, 285.4258
365.1, 312.5973, 239.3493, 14.4033, 374.9029, 46.25799, 104.9156, 384.9555, 235.3866, 474.6241, 123.1435, 327.7596, 1210.799, 875.9395, 345.1643, 165.9136, 185.346, 1293.247, 63.63545, 270.8885
365.2, 293.4927, 225.0956, 13.66318, 357.6396, 43.67796, 96.13626, 417.4348, 221.7418, 444.174, 116.236, 311.5146, 1141.659, 835.0004, 323.21, 156.9297, 174.8911, 1211.748, 60.08674, 257.0918
365.3, 275.5557, 211.6908, 12.96108, 388.7075, 41.24182, 88.09155, 398.7676, 230.5517, 415.6775, 109.716, 296.0747, 1076.467, 795.9747, 302.6522, 148.4323, 165.0259, 1175.63, 56.73593, 446.8117
365.4, 258.7149, 199.0842, 12.29507, 370.8085, 38.94156, 162.1838, 403.3986, 255.0611, 447.5081, 103.5617, 281.4001, 1014.998, 806.0563, 283.4019, 140.395, 155.7171, 1211.787, 53.57198, 424.0549
365.5, 242.9034, 233.8083, 11.66328, 353.7338, 36.7696, 209.2388, 377.2556, 240.2758, 418.7977, 97.75257, 267.4528, 1038.245, 881.8579, 265.3761, 132.7929, 146.9335, 1379.221, 50.58448, 402.4571
365.6, 348.3044, 219.8846, 11.06396, 337.4453, 59.40445, 300.1881, 502.6344, 253.1644, 391.9292, 92.26934, 254.1968, 978.9588, 860.4869, 356.5149, 125.6024, 138.6453, 1319.177, 47.76357, 381.9593
365.7, 327.0175, 206.7901, 10.49543, 345.5707, 56.09118, 275.0683, 470.0603, 238.489, 535.6791, 87.09368, 241.5978, 923.0576, 820.27, 450.9309, 118.8013, 130.8246, 1313.782, 45.09998, 362.5055
365.8, 410.3778, 255.7344, 9.956113, 329.6581, 108.7992, 252.0505, 495.5167, 286.8902, 501.312, 82.20834, 229.6232, 870.3484, 877.9819, 507.299, 112.3685, 123.4451, 1300.49, 42.58492, 496.1242
365.9, 486.8412, 240.505, 9.444511, 314.4782, 102.7309, 230.9588, 529.2286, 561.0412, 636.5977, 77.59702, 218.2422, 837.9783, 881.6139, 635.971, 106.2839, 116.4818, 1218.534, 40.21012, 621.6928
366, 457.0875, 256.7036, 8.959199, 376.7672, 97.00108, 211.6321, 566.7779, 1072.72, 766.9993, 73.24438, 207.4253, 812.6822, 840.4096, 761.8489, 100.5289, 109.9114, 1141.743, 37.96775, 590.029
366.1, 429.1523, 241.4165, 8.498825, 359.4181, 91.59086, 193.9227, 677.749, 1010.537, 813.0212, 69.13588, 197.1445, 858.812, 819.1963, 859.312, 95.08544, 103.7115, 1069.792, 35.85044, 626.6555
366.2, 416.3803, 227.0397, 8.062107, 342.8678, 86.48238, 177.6952, 633.8263, 1030.775, 760.8609, 65.25784, 187.3732, 809.7715, 780.9092, 809.9156, 89.93676, 97.86137, 1002.375, 33.85119, 594.7389
366.3, 390.9329, 213.5191, 7.64783, 327.0796, 152.8852, 162.8256, 592.75, 971.0229, 712.047, 61.59734, 178.0863, 869.1367, 797.035, 758.4008, 85.06687, 92.34123, 1115.6, 31.96344, 691.5667
366.4, 367.0407, 200.8036, 7.254842, 312.0185, 144.3581, 355.9396, 614.4923, 914.7349, 666.3648, 58.14216, 169.2596, 819.5067, 759.7837, 710.1625, 80.46067, 87.13247, 1045.296, 30.18096, 656.3441
366.5, 344.6088, 188.8454, 6.882047, 297.6508, 136.3065, 326.1545, 574.669, 861.7098, 623.6134, 54.88079, 160.8704, 772.7106, 724.2734, 664.9925, 76.10389, 82.21752, 979.4221, 28.49788, 743.1449
366.6, 323.5477, 185.4303, 6.528409, 283.9448, 128.704, 298.8618, 766.2212, 811.7584, 583.6047, 51.80236, 152.897, 866.6327, 690.4229, 622.6955, 71.98302, 77.57982, 917.6999, 26.90866, 781.9227
366.7, 303.7739, 174.3876, 6.192943, 270.8698, 121.5256, 486.4213, 716.5648, 1043.605, 546.1629, 48.89661, 145.3189, 884.9973, 658.1544, 583.0888, 68.08528, 73.20371, 859.8673, 25.40807, 884.475
366.8, 320.5476, 164.0025, 5.874714, 258.397, 114.7475, 445.7174, 697.0936, 1002.828, 511.1232, 46.15386, 138.1163, 913.0602, 627.394, 572.8779, 70.47426, 69.07446, 805.6793, 23.99115, 839.4272
366.9, 300.9571, 154.2359, 5.572838, 246.4985, 143.5994, 408.4196, 651.9172, 1063.403, 478.3315, 43.56495, 131.2707, 860.9219, 598.0713, 593.7508, 66.65822, 65.17812, 824.9394, 22.65326, 796.6738
367, 282.5639, 145.0508, 5.286474, 235.1479, 135.5902, 374.2429, 609.6686, 1001.76, 447.6435, 41.12126, 124.7644, 811.7609, 570.119, 555.9852, 63.04881, 61.50157, 826.1191, 21.38997, 756.0979
367.1, 275.6757, 136.4128, 5.014825, 224.3199, 128.0276, 342.9261, 570.1579, 943.6899, 418.9244, 38.81465, 118.5806, 765.4072, 622.8842, 520.6216, 96.89057, 58.03241, 874.367, 20.19713, 857.3972
367.2, 258.8276, 128.2892, 36.07967, 213.9906, 120.8869, 403.3496, 660.9412, 888.9863, 392.0479, 36.63742, 112.7033, 721.7003, 631.4277, 487.5074, 156.6199, 296.407, 995.6393, 19.07081, 813.7285
367.3, 243.0092, 120.6493, 157.8951, 204.1369, 134.6825, 369.5971, 719.7317, 837.4537, 366.8956, 34.58231, 107.1173, 725.8303, 625.0045, 456.4994, 210.5973, 279.6873, 1087.466, 18.00731, 966.4492
367.4, 228.1575, 172.1278, 286.8408, 194.7369, 127.1706, 593.3395, 673.0882, 788.9084, 343.357, 32.64249, 101.8081, 862.6371, 755.517, 427.4637, 199.1939, 606.7728, 1124.313, 17.00311, 1078.291
367.5, 214.2135, 161.8773, 485.9976, 185.7698, 176.6182, 554.1597, 747.3813, 743.1771, 386.0606, 30.81148, 96.76209, 813.3782, 973.0665, 400.2748, 188.4079, 572.5461, 1119.62, 242.9686, 1131.112
367.6, 201.1217, 152.2372, 461.0243, 177.2156, 166.7673, 507.7874, 807.7554, 700.0968, 384.2877, 29.08317, 91.96618, 766.9321, 1023.432, 374.8152, 178.206, 760.8998, 1150.765, 355.453, 1073.503
367.7, 267.037, 424.319, 437.3343, 169.0553, 161.0076, 581.7579, 755.4073, 659.5137, 359.6332, 56.672, 87.40797, 723.1381, 999.1356, 350.975, 168.5565, 717.9792, 1078.245, 439.6523, 1317.823
367.8, 293.7411, 441.2308, 414.8616, 161.2707, 152.0274, 684.627, 810.6158, 621.2832, 336.5605, 53.4931, 83.07569, 823.8445, 952.4387, 403.6852, 159.4295, 735.3426, 1010.295, 442.5591, 1250.704
367.9, 362.2965, 414.9547, 393.5436, 153.8446, 143.5481, 689.7211, 758.0823, 585.2688, 439.8946, 201.5716, 78.95813, 938.2456, 1188.202, 378.0088, 276.1103, 693.8636, 1183.101, 471.5474, 1187.004
368, 446.303, 390.2434, 386.6856, 146.7605, 135.5417, 632.0051, 708.9534, 551.342, 411.6726, 190.2649, 75.04465, 884.6692, 1132.669, 353.9655, 278.7355, 765.7101, 1108.543, 483.1053, 1126.547
368.1, 419.0269, 367.0038, 366.8156, 140.0025, 439.9568, 579.1187, 663.0084, 519.382, 385.2613, 437.169, 71.32515, 834.1522, 1079.731, 331.4514, 299.5416, 722.5181, 1062.124, 456.1644, 1069.171
368.2, 393.4177, 345.148, 347.9665, 133.5558, 575.0194, 530.6578, 696.4571, 489.2745, 360.5444, 600.1812, 67.78999, 786.5198, 1096.032, 310.3694, 283.322, 681.7625, 1066.572, 430.7258, 1014.716
368.3, 398.4224, 324.5939, 352.4374, 127.4059, 632.7124, 486.2522, 651.3219, 460.9124, 337.4132, 775.9645, 64.43005, 741.6074, 1078.88, 290.6283, 276.024, 643.3058, 999.3575, 406.7058, 963.0348
368.4, 374.0725, 305.2637, 334.3271, 121.5392, 597.4229, 445.5625, 657.0952, 434.1943, 315.7661, 732.4384, 61.23664, 699.2595, 1028.456, 272.1428, 261.0778, 607.0184, 936.379, 384.0254, 913.9858
368.5, 351.2108, 287.0847, 317.1475, 115.9426, 564.1017, 408.2776, 651.829, 409.025, 295.5078, 691.3537, 58.20152, 659.3299, 980.3887, 254.8331, 264.4046, 672.3596, 946.2933, 362.6097, 867.4351
368.6, 329.7463, 269.9883, 300.8507, 110.6038, 532.639, 374.1129, 750.6693, 385.3148, 276.5491, 652.5736, 55.31682, 621.6804, 1060.219, 238.6244, 276.0728, 660.3409, 1042.804, 342.3884, 823.2552
368.7, 321.6653, 253.9101, 285.3913, 171.925, 502.9311, 342.807, 702.0208, 362.9789, 258.8068, 799.2831, 52.5751, 586.1807, 1059.74, 223.4467, 261.1241, 862.4307, 977.0873, 378.0162, 781.3254
368.8, 323.4424, 321.5902, 448.6202, 164.0083, 569.6849, 314.1208, 656.5251, 341.9378, 242.2027, 780.6285, 49.96927, 652.5884, 1108.957, 209.2343, 246.9847, 929.9298, 1136.328, 356.9356, 741.5312
368.9, 417.3206, 302.4389, 425.5675, 210.3722, 537.9108, 287.8351, 613.9778, 354.4019, 226.6639, 893.0081, 47.4926, 674.5057, 1095.098, 195.9259, 233.611, 877.4745, 1064.718, 337.0307, 703.7639
369, 391.8157, 284.4281, 403.6995, 200.6851, 601.9394, 263.7489, 574.1879, 333.8581, 212.122, 842.9166, 45.13868, 635.9896, 1214.513, 183.464, 220.9614, 958.542, 997.6202, 367.2702, 667.92
369.1, 370.1924, 267.4899, 382.9551, 191.444, 568.3663, 241.6783, 536.9766, 314.5051, 307.7267, 827.5912, 42.90142, 599.6728, 1157.75, 171.7948, 208.9968, 1120.674, 1187.966, 346.7889, 633.9017
369.2, 347.5679, 251.5604, 363.2767, 182.6285, 536.6657, 221.4546, 502.1768, 314.1043, 373.2806, 803.1921, 40.77506, 660.1954, 1131.537, 160.8677, 304.3418, 1184.256, 1273.977, 327.4498, 601.6161
369.3, 326.326, 236.5796, 365.9335, 174.219, 506.7332, 202.9232, 469.6323, 295.8964, 349.3324, 764.4231, 38.75409, 622.4965, 1307.923, 150.6357, 287.8623, 1117.455, 1312.022, 309.1892, 570.9748
369.4, 306.3823, 222.4908, 347.1298, 166.1967, 478.4702, 185.9425, 439.197, 278.7439, 326.9205, 721.5443, 36.83328, 586.9502, 1246.794, 141.0545, 332.0948, 1181.442, 1229.339, 291.9469, 541.8941
369.5, 287.6575, 209.2411, 361.416, 158.5437, 451.7836, 170.3828, 410.734, 262.5857, 305.9466, 681.0707, 35.00768, 553.4337, 1188.522, 132.0827, 314.1125, 1114.799, 1151.867, 275.6661, 514.2946
369.6, 270.0771, 196.7804, 342.8444, 178.8502, 426.5854, 156.1251, 384.1156, 247.3642, 286.3182, 666.7361, 33.27256, 521.8311, 1132.974, 123.6815, 297.104, 1113.484, 1079.278, 374.5307, 488.1007
369.7, 253.5712, 185.0618, 325.2271, 170.6146, 589.7522, 143.0605, 359.2223, 233.0251, 267.9491, 646.5663, 31.62344, 492.0331, 1080.022, 115.8148, 281.0164, 1167.089, 1011.263, 353.6445, 463.2409
369.8, 238.074, 174.041, 316.3406, 162.7583, 584.3716, 131.0892, 335.9423, 219.5171, 250.7585, 743.3554, 30.05606, 463.9367, 1068.234, 108.4483, 272.3805, 1101.257, 947.5339, 333.9231, 439.6473
369.9, 223.5239, 163.6766, 300.0852, 155.2637, 554.1611, 120.1196, 314.1709, 206.7922, 234.6708, 701.6584, 28.56636, 437.4446, 1064.237, 101.5505, 257.6316, 1039.137, 1034.369, 315.3015, 417.2553
370, 209.8631, 153.9294, 292.1332, 148.1142, 523.2528, 110.0679, 293.8105, 194.8049, 219.6152, 662.3003, 27.1505, 412.4654, 1014.497, 95.09132, 243.6814, 980.5218, 969.1842, 297.7183, 396.0038
370.1, 197.0371, 144.7626, 302.3216, 141.2939, 518.1942, 100.8574, 274.7696, 183.5125, 205.5256, 663.998, 25.80481, 388.9124, 1043.634, 89.04301, 230.4865, 925.2128, 977.3192, 384.7988, 375.8347
370.2, 184.9951, 136.1417, 286.7866, 134.7877, 531.611, 92.41763, 256.9626, 172.8747, 192.3398, 643.493, 24.52582, 366.7045, 994.8569, 83.37942, 218.0062, 958.8992, 915.7294, 385.2214, 356.6928
370.3, 173.6889, 128.0342, 272.0499, 128.5811, 501.9604, 84.6841, 240.3097, 162.8535, 180, 607.3976, 23.31023, 345.7646, 1157.779, 78.07606, 206.2016, 904.8098, 858.0211, 363.7391, 338.5259
370.4, 163.0738, 120.4096, 258.0704, 170.8241, 473.9636, 77.5977, 224.736, 153.4133, 168.4519, 573.3268, 22.15488, 326.0205, 1156.819, 73.11002, 195.0362, 853.7715, 846.3195, 416.0171, 321.2842
370.5, 153.1074, 113.239, 244.8093, 181.1008, 447.5283, 71.1043, 210.1716, 144.5202, 253.5341, 610.5953, 21.0568, 307.4039, 1278.459, 68.45984, 184.4754, 805.6122, 910.6192, 392.8174, 304.9207
370.6, 143.7502, 106.4954, 232.2296, 172.7616, 501.9319, 65.15427, 196.551, 136.1427, 316.5232, 576.3452, 20.01314, 289.8503, 1264.72, 64.10544, 174.4864, 760.1695, 1006.209, 370.9115, 289.3906
370.7, 134.9648, 100.1534, 220.2964, 164.8063, 483.508, 59.70214, 183.8132, 128.2508, 296.2163, 544.0163, 19.02121, 273.299, 1205.61, 60.028, 165.0383, 717.29, 942.7986, 350.2271, 274.6514
370.8, 126.7163, 94.18909, 208.9763, 191.3265, 456.5404, 54.70624, 171.9008, 120.8164, 277.2122, 543.0059, 18.07844, 257.6929, 1182.023, 56.20991, 231.3545, 676.8293, 883.3844, 330.6963, 260.663
370.9, 118.9719, 88.57996, 198.2379, 182.5164, 556.0253, 50.12841, 280.5953, 113.813, 259.4273, 512.5471, 17.18241, 242.978, 1147.54, 52.63467, 218.8271, 638.6509, 1016.666, 343.6359, 247.387
371, 125.238, 83.30487, 188.0513, 253.3731, 564.7203, 45.93364, 262.4109, 107.2155, 242.7834, 509.5054, 16.33078, 229.1033, 1411.707, 49.28683, 206.9781, 672.4997, 1167.579, 439.0876, 234.7872
371.1, 117.584, 78.34392, 178.3882, 267.6223, 533.2231, 42.0899, 283.0942, 101.0004, 227.2074, 488.711, 15.52136, 216.0208, 1392.464, 46.15193, 195.7706, 722.1873, 1176.036, 435.6137, 222.8291
371.2, 147.4127, 73.6784, 169.2216, 255.299, 503.4826, 94.36588, 264.7477, 95.14565, 212.6306, 687.0173, 14.75206, 203.6854, 1376.119, 43.21643, 185.17, 885.742, 1196.642, 540.6381, 211.48
371.3, 144.9642, 69.29072, 160.526, 243.5431, 475.4009, 86.46931, 247.5903, 89.63027, 198.9891, 648.4805, 14.02089, 369.0981, 1311.803, 40.46764, 175.1435, 1033.215, 1121.231, 510.4888, 200.709
371.4, 286.5545, 65.16433, 260.0931, 232.3286, 448.8855, 156.7735, 231.5448, 84.4346, 186.2227, 612.1053, 13.32596, 383.0478, 1250.493, 37.89368, 165.6598, 974.9334, 1050.572, 482.0208, 190.4866
371.5, 269.0415, 61.28368, 246.7281, 364.0427, 423.8489, 143.6546, 318.4385, 79.54012, 174.2754, 711.3903, 12.66547, 432.3122, 1449.179, 35.48345, 156.6897, 1365.803, 984.3658, 707.8732, 180.7848
371.6, 363.2427, 57.63412, 272.3452, 347.2794, 400.2088, 131.6336, 343.9363, 74.92935, 219.451, 671.4863, 12.03772, 478.6498, 1381.449, 127.0806, 148.2052, 1577.451, 922.332, 687.0059, 171.5771
371.7, 341.0428, 54.20191, 258.3505, 331.2881, 377.8871, 171.1515, 321.6469, 70.58586, 205.3719, 778.5704, 11.44108, 593.2777, 1316.884, 118.9976, 140.1802, 1538.894, 947.1302, 648.6942, 423.5713
371.8, 396.5656, 50.97409, 245.075, 316.0332, 356.8105, 156.8295, 300.802, 66.49416, 372.4716, 801.8109, 10.87402, 681.9456, 1484.966, 142.1753, 132.5898, 1740.756, 938.2253, 642.0182, 401.9981
371.9, 384.3813, 47.93849, 324.583, 301.4807, 336.9094, 242.5075, 281.308, 62.63964, 373.8821, 879.6143, 10.33506, 662.837, 1415.563, 259.4087, 125.4103, 1811.504, 941.021, 788.6581, 406.771
372, 377.9824, 45.08367, 307.9041, 287.5983, 403.4489, 246.7865, 344.6544, 59.00856, 349.8952, 830.274, 9.822814, 624.9872, 1349.403, 242.909, 118.6196, 1709.321, 1179.273, 744.6776, 448.8983
372.1, 354.8817, 104.3243, 401.1977, 274.3552, 380.9466, 226.1353, 322.3184, 55.58796, 346.1284, 833.9949, 9.335957, 744.3628, 1286.336, 227.4587, 112.1966, 1612.902, 1104.956, 794.9965, 426.0352
372.2, 333.1928, 177.07, 387.2977, 387.5476, 359.6993, 207.2122, 484.8085, 52.36565, 428.9173, 787.2137, 8.87323, 701.8577, 1430.754, 212.9911, 106.1214, 1657.436, 1068.028, 841.7908, 404.3365
372.3, 312.8295, 166.5252, 367.3962, 369.7021, 339.6371, 189.8727, 453.3896, 49.33013, 506.4253, 743.0565, 8.433437, 661.7797, 1363.884, 199.4438, 100.3751, 1658.552, 1000.722, 832.4438, 438.3356
372.4, 294.0503, 156.6083, 355.8775, 366.2127, 320.6939, 173.984, 424.0069, 111.4502, 473.935, 701.3763, 8.015443, 623.9902, 1300.14, 186.7581, 94.94, 1564.996, 1002.435, 949.3024, 577.0011
372.5, 311.1487, 147.282, 337.5905, 349.3495, 302.8072, 284.7672, 396.5284, 104.9897, 443.5291, 696.8431, 7.618166, 588.3587, 1439.344, 304.0742, 89.79919, 1659.509, 955.3875, 896.3633, 847.8775
372.6, 292.1326, 138.5111, 320.2432, 333.2629, 285.9182, 260.9377, 370.8306, 98.90367, 448.5765, 757.894, 7.24058, 554.7618, 1372.073, 284.7335, 84.93675, 1590.861, 981.0529, 846.3765, 804.6937
372.7, 274.2787, 130.2625, 303.7873, 317.917, 269.9711, 239.1024, 346.7982, 93.17045, 509.5123, 715.3815, 6.881708, 523.0834, 1307.946, 266.623, 80.3376, 1631.33, 919.2278, 799.1773, 763.7094
372.8, 257.516, 122.5052, 288.177, 342.9213, 254.9135, 219.0942, 324.3234, 101.3932, 476.8239, 675.2536, 6.540624, 493.2139, 1246.816, 278.5651, 75.98748, 1662.414, 861.299, 801.3435, 724.8124
372.9, 241.7777, 115.2098, 273.3688, 327.1306, 240.6957, 200.7603, 303.305, 97.43201, 446.2327, 670.1638, 6.216444, 465.05, 1188.543, 260.8469, 71.87291, 1568.641, 807.0208, 756.6556, 687.8965
373, 227.0013, 108.3488, 259.3216, 312.0671, 227.2709, 183.9606, 353.0604, 133.0609, 417.6042, 632.5723, 5.908333, 438.4944, 1132.994, 244.2557, 67.98114, 1480.157, 756.1631, 714.4598, 652.8608
373.1, 213.1279, 101.8965, 245.9962, 297.6973, 214.5949, 168.5668, 541.2909, 125.3476, 454.2884, 597.0894, 5.615492, 413.4551, 1080.041, 228.7198, 64.3001, 1455.131, 708.5104, 674.6171, 619.6095
373.2, 259.5914, 95.82835, 372.3724, 355.0067, 202.6259, 154.461, 616.9236, 134.3995, 425.143, 607.9232, 5.337166, 389.8457, 1029.562, 214.172, 60.81838, 1473.13, 907.7941, 636.9962, 588.0518
373.3, 243.7263, 90.1216, 357.9722, 338.6595, 191.3245, 141.5357, 576.9427, 211.7185, 397.8674, 573.823, 5.072635, 367.5844, 1081.411, 200.5496, 57.52519, 1551.553, 998.2537, 647.4548, 558.1013
373.4, 270.1464, 84.7547, 339.5776, 330.528, 180.6534, 129.6919, 539.5529, 199.4456, 372.3418, 541.6356, 4.821215, 346.5944, 1071.093, 187.7936, 54.41032, 1567.079, 935.3447, 658.671, 529.6763
373.5, 253.6362, 79.70741, 398.4163, 341.2247, 170.5774, 118.8393, 568.6318, 187.8842, 348.4537, 511.2536, 4.582257, 326.8029, 1021.033, 205.2445, 51.46411, 1478.683, 876.4002, 621.9394, 502.699
373.6, 238.1351, 74.96069, 399.024, 341.9429, 161.0635, 108.8948, 531.7806, 176.993, 326.0983, 482.5759, 4.355142, 308.1415, 973.3126, 192.1899, 48.67743, 1395.274, 935.8394, 587.2562, 477.0958
373.7, 223.5813, 70.49664, 378.5199, 326.1974, 152.0802, 99.7824, 497.3176, 166.7331, 305.1771, 455.5067, 4.139284, 290.5458, 927.8226, 179.9656, 46.04165, 1316.57, 949.7345, 570.6455, 452.7965
373.8, 209.9169, 66.29844, 359.0694, 311.1768, 143.5979, 91.43258, 465.088, 224.8353, 373.0663, 429.956, 3.934125, 273.9548, 884.4586, 201.4988, 43.54859, 1242.305, 889.8831, 914.002, 429.7348
373.9, 197.0877, 62.35025, 340.6183, 296.8479, 135.5887, 83.78147, 434.9471, 211.8021, 576.6202, 405.8385, 3.739134, 258.3112, 892.3727, 216.9562, 41.19052, 1172.229, 833.8035, 1191.334, 407.8477
374, 185.0425, 58.63718, 323.1154, 283.1789, 128.0263, 76.77061, 406.7596, 199.5244, 539.6264, 383.0738, 3.553808, 243.561, 850.6656, 221.0249, 38.96014, 1106.107, 927.0681, 1320.211, 387.0754
374.1, 173.7335, 55.14523, 306.512, 270.1392, 120.8856, 70.34642, 380.3988, 187.9584, 505.006, 361.5861, 3.377667, 229.653, 955.2531, 206.9666, 36.85053, 1043.714, 868.6452, 1282.115, 367.361
374.2, 163.1157, 51.86124, 290.7617, 257.7, 114.1432, 64.45981, 355.7463, 177.0629, 472.6068, 341.3036, 3.210257, 216.5392, 910.6071, 193.8024, 34.85515, 984.8402, 813.904, 1210.616, 348.6507
374.3, 153.1467, 48.77281, 275.8207, 245.8336, 107.7769, 59.06579, 332.6916, 166.7989, 442.2861, 322.1589, 3.051144, 204.1742, 903.5916, 181.4756, 32.96781, 929.2876, 762.6125, 1143.104, 330.8934
374.4, 143.7871, 45.8683, 261.6475, 234.5136, 101.7657, 54.12315, 311.1309, 157.1299, 413.9107, 304.088, 2.899917, 192.5153, 861.3602, 169.9328, 31.18267, 876.8686, 714.5535, 1104.112, 314.0404
374.5, 134.9994, 43.13676, 248.2025, 223.7149, 118.1249, 49.5941, 290.9675, 148.0215, 387.3558, 287.0308, 2.756186, 181.5221, 821.1025, 159.1242, 29.49419, 827.4064, 669.523, 1069.511, 298.0458
374.6, 126.7488, 40.56789, 235.4485, 213.4134, 111.5365, 45.44405, 272.1108, 139.441, 362.5045, 270.9304, 2.619578, 171.1567, 782.7264, 149.0031, 27.89714, 780.7343, 627.3303, 1119.01, 282.8659
374.7, 119.0025, 38.152, 223.3498, 203.5863, 133.4283, 41.64128, 290.4076, 131.3579, 339.2477, 255.7331, 2.489742, 161.3832, 787.3006, 139.5257, 26.38657, 736.6948, 587.7966, 1056.607, 268.459
374.8, 111.7295, 35.87998, 237.7255, 194.2116, 125.9863, 38.15672, 271.5872, 123.7434, 317.4828, 332.403, 2.36634, 152.1678, 750.5043, 130.6511, 95.38969, 850.473, 550.7542, 997.6838, 254.786
374.9, 104.9011, 33.74327, 230.1397, 199.9423, 316.8105, 34.96376, 253.9865, 152.5863, 297.1143, 313.7575, 2.249055, 143.4786, 715.4277, 122.341, 166.4587, 802.4997, 516.0462, 942.0468, 241.8093
375, 98.49, 31.7338, 218.3139, 190.7354, 299.1405, 32.03798, 237.5264, 236.1246, 278.0526, 296.1579, 2.137583, 135.2856, 715.5693, 114.5595, 157.4453, 757.2325, 483.5255, 889.5124, 229.4936
375.1, 92.47071, 29.84399, 207.0957, 192.0553, 353.841, 29.35703, 222.1331, 222.437, 260.2138, 279.5456, 2.031636, 127.5604, 682.1255, 107.2729, 281.905, 714.5187, 453.0542, 839.9077, 217.8051
375.2, 86.8193, 28.06673, 226.5182, 183.2116, 348.5804, 26.90042, 207.7374, 265.0676, 243.5195, 289.2362, 1.93094, 120.2763, 699.8184, 100.4498, 266.6404, 850.6578, 424.5031, 969.6334, 206.7119
375.3, 81.51328, 26.39531, 352.1137, 218.4465, 329.1383, 24.64939, 194.2746, 249.7022, 227.8962, 273.0121, 1.835235, 113.4082, 822.1513, 94.06068, 252.2024, 1025.37, 610.2548, 915.5606, 196.1837
375.4, 76.53153, 24.82342, 334.0201, 208.3876, 310.7807, 22.58672, 181.6842, 235.2275, 213.2753, 309.42, 1.744273, 106.9323, 783.7261, 88.07793, 387.2592, 967.5314, 571.7972, 880.6076, 186.1918
375.5, 71.85425, 23.34514, 465.424, 300.4088, 293.4469, 20.69666, 169.9099, 221.5919, 199.5924, 292.0638, 1.65782, 100.8262, 798.489, 82.47572, 464.5689, 1001.328, 535.7631, 831.4995, 176.7087
375.6, 67.46282, 21.9549, 441.5079, 379.6272, 277.0799, 18.96475, 158.8985, 208.7467, 339.0422, 275.681, 1.575652, 95.06872, 786.9009, 77.22984, 477.9971, 944.8458, 501.9998, 851.1321, 167.7087
375.7, 159.8525, 20.64744, 418.8207, 362.1464, 261.6258, 17.37778, 148.6008, 241.2094, 344.4922, 310.7563, 1.497557, 89.64003, 860.1346, 72.31762, 452.1145, 1140.483, 470.3643, 856.0762, 159.167
375.8, 150.083, 19.41785, 397.2993, 345.4705, 247.0337, 15.9236, 138.9705, 227.227, 322.3909, 293.325, 1.423332, 84.52134, 931.1277, 67.71784, 427.6335, 1133.428, 440.7224, 808.3361, 151.0604
375.9, 140.9105, 18.26148, 454.1611, 371.627, 240.6509, 14.59111, 129.9642, 214.0551, 382.3736, 276.8716, 1.352786, 79.69494, 1055.722, 63.41064, 426.4138, 1283.66, 412.9485, 763.2582, 143.3666
376, 132.2987, 17.17398, 430.8237, 354.5146, 227.2287, 13.37012, 121.5417, 252.5424, 357.842, 261.341, 1.285737, 75.14414, 1233.756, 59.37739, 403.3244, 1250.169, 386.9248, 720.6942, 136.0647
376.1, 124.2132, 16.15124, 428.3105, 338.1901, 257.6844, 12.2513, 113.6649, 372.0742, 369.6042, 418.5743, 1.22201, 70.8532, 1176.093, 55.60068, 381.4852, 1217.704, 362.5412, 680.5038, 129.1347
376.2, 116.6218, 15.1894, 499.9551, 322.6173, 243.3121, 11.22611, 106.2987, 350.5058, 453.0457, 395.0952, 1.161443, 66.80729, 1121.126, 52.06419, 360.8285, 1149.016, 509.1285, 642.5547, 122.5577
376.3, 109.4944, 14.28485, 840.2176, 307.7616, 229.7414, 10.2867, 99.40979, 330.1878, 506.2125, 488.7938, 1.103877, 62.99241, 1143.764, 48.75264, 341.2904, 1586.37, 477.0437, 677.5983, 116.3156
376.4, 102.8025, 13.43416, 797.0425, 293.59, 216.9276, 9.425909, 92.96736, 311.0475, 558.0999, 461.3759, 1.049165, 59.39537, 1220.689, 45.65171, 322.8102, 1496.887, 446.9809, 639.8112, 110.3915
376.5, 96.51968, 12.63413, 756.0859, 500.6422, 204.8285, 8.637146, 86.94244, 293.0168, 522.2944, 561.6754, 0.9971638, 56.00373, 1266.772, 42.74803, 305.3307, 1412.451, 418.8126, 604.1313, 104.7691
376.6, 90.6208, 11.88175, 717.2339, 477.589, 193.4042, 7.914387, 81.30798, 276.0312, 600.0699, 544.4033, 0.9477404, 52.80576, 1300.49, 40.02903, 288.7977, 1332.777, 392.4194, 570.4412, 99.433
376.7, 85.08244, 11.17417, 714.8525, 455.5972, 182.6171, 7.252108, 76.03867, 298.2414, 627.0388, 552.1053, 0.9007666, 49.79041, 1239.708, 37.48298, 273.1599, 1257.599, 367.6895, 538.6298, 94.36871
376.8, 79.88257, 10.50873, 678.1193, 450.9332, 172.4316, 6.645249, 71.11085, 280.953, 678.9449, 521.1361, 0.8561211, 46.94724, 1387.298, 35.09886, 258.3688, 1186.66, 514.6877, 508.5925, 89.56236
376.9, 75.00049, 9.882912, 643.2737, 430.1689, 162.8143, 6.089173, 66.50238, 349.8017, 635.3864, 530.7365, 0.8136883, 159.3444, 1424.26, 32.86639, 244.3787, 1119.723, 567.9918, 533.9454, 85.00081
377, 70.41678, 9.294367, 674.7155, 410.3607, 153.7333, 5.579629, 62.19257, 378.1039, 594.6224, 542.8755, 0.7733588, 150.2454, 1357.693, 30.77592, 231.1461, 1056.562, 532.1975, 504.1693, 80.67158
377.1, 127.5358, 8.74087, 640.0448, 391.4647, 145.1589, 5.112724, 58.16207, 356.186, 574.0458, 512.4241, 0.735028, 141.666, 1438.925, 28.81841, 309.2759, 996.9639, 498.6589, 476.0536, 76.56284
377.2, 119.7413, 8.220336, 607.1557, 373.4388, 137.0626, 4.684889, 54.39277, 335.5387, 623.2415, 616.6248, 0.6985971, 133.5764, 1371.674, 26.98541, 292.5293, 940.7274, 467.2339, 449.5059, 72.66338
377.3, 112.4232, 7.7308, 590.623, 356.2429, 129.418, 59.48499, 50.86775, 316.0883, 583.2567, 582.0365, 0.6639719, 125.9489, 1307.566, 25.269, 276.6894, 887.6631, 437.7893, 424.4387, 68.96251
377.4, 105.5524, 7.270417, 560.2734, 391.2997, 122.1997, 54.50727, 47.57117, 297.7653, 545.8372, 549.3884, 0.6310628, 158.0463, 1435.419, 23.66176, 261.7072, 925.7629, 410.2002, 400.7693, 65.45013
377.5, 99.1015, 6.837451, 613.4202, 481.9605, 115.384, 49.94608, 99.57397, 280.5045, 510.8183, 518.5715, 0.5997849, 149.0214, 1431.824, 22.15675, 247.5363, 1026.355, 384.3498, 378.4199, 62.11665
377.6, 93.04484, 6.430269, 631.6448, 459.7675, 108.9485, 45.76658, 94.46227, 264.2443, 693.6159, 648.4763, 0.5700572, 140.5119, 1582.673, 54.22694, 234.1327, 1121.142, 360.1284, 357.3169, 58.95295
377.7, 87.35834, 6.047335, 737.5899, 485.7713, 102.8719, 149.3612, 88.34047, 248.9266, 649.1161, 661.8043, 0.5418029, 132.4883, 1563.442, 50.77782, 233.6946, 1168.18, 470.9287, 409.6152, 55.95038
377.8, 197.6581, 5.687205, 699.6884, 463.4028, 97.13422, 136.8626, 82.6154, 241.3782, 607.4713, 624.6817, 0.514949, 124.9228, 1514.694, 47.54809, 221.0405, 1315.953, 441.2513, 386.7725, 53.10073
377.9, 217.3271, 5.348522, 728.8196, 442.0643, 91.71657, 125.4099, 77.26136, 262.5025, 568.4983, 589.6414, 0.4894261, 162.7535, 1443.902, 56.33663, 209.0716, 1333.371, 480.2504, 525.37, 50.39623
378, 204.045, 5.030008, 736.3838, 421.7084, 86.60108, 114.9156, 72.2543, 247.2858, 565.765, 637.8033, 0.4651682, 153.4598, 1411.114, 67.6188, 197.7508, 1258.159, 545.0541, 496.0721, 47.82947
378.1, 191.5746, 4.730463, 698.5443, 402.2899, 81.77091, 105.2994, 67.57172, 232.9512, 529.4677, 602.027, 0.4421126, 260.1727, 1510.223, 63.3179, 208.6718, 1335.007, 721.9703, 468.408, 45.39344
378.2, 179.8664, 4.448755, 662.6491, 383.7655, 77.21014, 153.6917, 120.765, 219.4475, 495.499, 568.2576, 0.4201998, 245.3161, 1439.639, 59.29055, 197.3726, 1373.563, 803.7235, 442.2867, 43.08147
378.3, 168.8737, 4.183824, 628.5984, 366.0941, 72.90376, 140.8307, 112.9386, 206.7267, 463.7097, 536.3823, 0.399373, 231.3079, 1372.354, 55.51936, 186.6853, 1296.084, 840.8102, 417.622, 40.88726
378.4, 158.5529, 3.93467, 623.7946, 349.2364, 68.83755, 129.0459, 105.6194, 206.1273, 572.9694, 506.295, 0.3795785, 218.0996, 1308.214, 51.98804, 176.5767, 1248.708, 787.8232, 394.3328, 38.80481
378.5, 148.8628, 3.700353, 591.7405, 333.155, 64.99815, 118.2473, 98.77457, 419.67, 536.2098, 477.8954, 0.3607651, 205.6455, 1247.072, 48.68134, 167.0154, 1219.782, 738.1753, 372.3423, 36.82842
378.6, 139.7649, 14.7404, 561.3335, 317.8141, 63.31377, 217.1329, 92.37331, 395.3426, 501.8087, 588.9897, 0.3428842, 286.863, 1300.082, 45.58495, 222.8987, 1150.977, 691.6562, 351.5782, 34.95269
378.7, 131.2231, 13.86258, 631.1812, 303.1796, 86.51653, 198.9631, 114.9853, 372.4255, 469.6145, 555.9515, 0.3258895, 270.4823, 1239.319, 42.68551, 210.8292, 1086.053, 939.8522, 331.972, 33.17249
378.8, 123.2033, 13.03704, 598.7475, 289.2189, 81.69108, 259.1988, 107.5335, 350.8368, 457.7176, 524.7665, 0.3097371, 255.037, 1181.397, 39.97049, 199.4132, 1125.327, 1282.235, 313.4592, 31.48296
378.9, 115.6736, 55.97953, 621.1127, 275.9012, 156.2028, 237.509, 100.5646, 330.4996, 503.5614, 505.6282, 0.2943853, 240.4737, 1126.181, 37.42816, 192.7834, 1061.85, 1476.479, 295.9788, 29.87948
379, 108.6042, 52.64585, 613.6723, 263.1966, 147.4906, 243.399, 210.0826, 311.3412, 471.2548, 477.2661, 0.2797944, 226.742, 1073.547, 35.04753, 182.3446, 1001.953, 1383.432, 279.4731, 28.35767
379.1, 101.9667, 49.51069, 582.1384, 251.0771, 174.3761, 277.1602, 196.4678, 293.2935, 441.0209, 450.4948, 0.2659267, 213.7944, 1023.372, 32.81833, 213.3144, 945.4354, 1296.25, 263.888, 26.91337
379.2, 95.73496, 46.56224, 552.2248, 239.5157, 164.6503, 253.9673, 228.0857, 276.2919, 412.7267, 425.2252, 0.2527463, 201.5862, 975.5424, 30.73091, 201.7639, 892.1055, 1459.666, 249.1719, 25.54263
379.3, 89.88405, 61.54943, 558.1886, 228.4866, 169.8089, 232.7153, 213.3042, 260.2759, 386.2477, 401.373, 0.2402192, 219.4006, 929.9482, 28.77626, 190.8388, 841.7838, 1367.68, 235.2766, 24.2417
379.4, 84.39072, 57.88406, 529.5057, 217.9654, 210.2374, 327.1987, 452.5706, 245.1883, 395.8908, 378.8588, 0.228313, 332.7491, 886.4849, 26.94594, 180.5052, 897.3259, 1413.714, 222.1561, 23.00703
379.5, 79.23312, 54.43696, 502.2968, 207.9286, 198.5114, 299.8186, 423.2409, 230.9753, 370.492, 410.3497, 0.2169969, 313.7483, 845.053, 25.23204, 192.9332, 929.8161, 1538.62, 209.7673, 21.83525
379.6, 74.39072, 66.03715, 476.4859, 198.3541, 187.4395, 274.7296, 395.812, 217.5861, 387.9229, 387.332, 191.4173, 295.8324, 805.5575, 23.62715, 213.3928, 943.4919, 1526.687, 198.0693, 367.3463
379.7, 69.84428, 201.1384, 452.0014, 189.2204, 176.985, 299.2576, 370.1607, 204.9731, 363.0352, 478.0542, 274.7709, 423.7878, 767.9079, 22.12434, 201.838, 1129.851, 1542.15, 187.0238, 369.0648
379.8, 65.57569, 189.1603, 428.775, 180.5073, 167.1137, 438.2447, 484.8943, 193.0913, 339.7443, 451.2387, 361.5628, 496.0128, 732.0179, 20.71712, 190.9089, 1066.119, 1839.691, 176.5941, 551.9171
379.9, 61.56799, 177.8954, 406.7421, 172.1954, 157.793, 432.304, 490.5649, 181.8982, 317.9476, 425.9274, 343.6423, 467.6891, 697.8054, 19.3994, 180.5715, 1195.202, 1966.922, 166.7462, 595.559
380, 71.99918, 167.3014, 385.8414, 164.2662, 148.9921, 396.1287, 458.7729, 171.354, 297.5493, 402.0359, 437.0861, 917.6722, 902.4421, 18.1655, 170.794, 1127.783, 2102.073, 157.4474, 583.9559
380.1, 67.5989, 183.3745, 366.0147, 156.7022, 140.682, 362.9805, 429.0413, 161.421, 278.4597, 472.5455, 538.8621, 1059.966, 860.2643, 17.01008, 161.5458, 1129.762, 2015.82, 148.6671, 661.1382
380.2, 63.46754, 203.045, 347.2068, 149.4865, 132.8355, 332.6062, 416.5713, 152.0638, 260.5948, 455.8846, 590.7227, 1203.701, 820.0579, 15.92815, 152.7984, 1066.034, 2049.525, 140.3765, 627.4654
380.3, 59.58868, 255.9112, 329.3654, 142.603, 256.6374, 304.7736, 389.5746, 261.0222, 298.4641, 430.3126, 561.4442, 1242.396, 781.7306, 14.91504, 144.5247, 1129.694, 2027.485, 132.5482, 595.5076
380.4, 55.94687, 240.6712, 312.4407, 136.0365, 252.3886, 279.2701, 364.3275, 272.1345, 395.302, 406.1751, 533.6168, 1205.954, 745.1946, 13.96637, 136.699, 1096.693, 2000.162, 125.1565, 756.6709
380.5, 52.52764, 226.3388, 296.3858, 129.7724, 238.3117, 255.9006, 390.0026, 256.3595, 369.941, 383.3915, 540.0709, 1137.09, 710.3662, 13.07803, 129.297, 1157.176, 2050.571, 118.177, 791.8364
380.6, 49.31737, 212.86, 281.1558, 123.7967, 236.4382, 234.4868, 438.6966, 241.4989, 386.0594, 361.886, 579.6397, 1148.537, 677.1656, 12.2462, 122.2959, 1146.692, 1921.346, 111.5867, 751.5068
380.7, 46.3033, 294.4104, 266.7084, 118.0962, 233.3931, 214.8649, 410.2661, 227.4997, 400.6303, 451.8705, 550.9105, 1082.953, 645.5167, 11.46728, 115.6738, 1082.009, 1909.525, 105.364, 713.2314
380.8, 43.47344, 293.3844, 253.0034, 112.6582, 220.3756, 196.8849, 387.2407, 214.3121, 374.9274, 426.5238, 546.4818, 1021.113, 615.3469, 10.7379, 109.4103, 1020.976, 1789.188, 99.48822, 739.9071
380.9, 40.81653, 275.9129, 294.8049, 107.4706, 208.0842, 180.4095, 362.1449, 201.8889, 350.8735, 402.5988, 519.396, 990.3876, 586.5873, 10.05491, 103.4859, 963.3846, 1871.983, 93.94014, 775.1095
381, 38.322, 259.4818, 279.6562, 102.5218, 196.4783, 232.5036, 338.6754, 273.023, 328.3628, 380.0158, 493.6527, 933.8338, 559.1718, 9.41537, 97.88239, 998.2361, 1804.178, 88.70145, 783.7776
381.1, 35.97992, 259.3943, 265.2859, 97.80096, 185.5198, 213.0477, 316.727, 257.1965, 307.2963, 358.6996, 496.3703, 1015.837, 533.0376, 8.816504, 92.58226, 1258.064, 1980.73, 83.75491, 743.8585
381.2, 33.78098, 243.947, 251.654, 93.29748, 175.1724, 195.2198, 296.2009, 242.2874, 287.5813, 338.5791, 621.9177, 1186.626, 686.9384, 8.255728, 87.56912, 1187.099, 1991.578, 79.08421, 844.6776
381.3, 31.71643, 229.4195, 238.7226, 89.00137, 165.4022, 178.8837, 277.0051, 228.2425, 269.1312, 319.5872, 591.093, 1284.706, 654.8327, 7.730621, 82.82743, 1290.614, 1866.07, 74.67399, 801.6568
381.4, 29.77806, 215.7571, 226.4557, 84.90309, 156.1769, 163.9147, 259.0533, 215.0118, 379.4105, 301.6606, 561.7961, 1243.441, 624.2276, 7.238913, 78.34249, 1240.792, 1827.471, 70.5097, 760.8271
381.5, 27.95815, 202.9084, 214.8191, 136.6859, 192.1203, 315.6837, 353.5838, 307.5932, 355.069, 284.7395, 533.9513, 1172.437, 704.8899, 97.83511, 74.1004, 1267.954, 1712.306, 66.57764, 722.0769
381.6, 26.24946, 190.8249, 203.7805, 130.3919, 254.8, 289.2672, 462.5661, 299.5483, 418.8083, 268.7676, 576.5383, 1105.487, 671.9453, 265.1539, 70.08802, 1196.432, 1649.507, 62.86486, 685.3004
381.7, 24.64521, 179.4609, 193.3091, 174.388, 632.1077, 328.6476, 432.5887, 323.96, 391.9391, 253.6916, 547.9628, 1062.77, 761.0515, 309.0966, 66.2929, 1186.818, 1545.557, 59.35912, 650.3969
381.8, 23.139, 168.7737, 183.3758, 166.3579, 632.7422, 349.7077, 404.554, 418.6111, 449.4453, 239.4613, 520.8036, 1105.526, 757.1518, 289.4365, 62.70327, 1119.872, 1448.157, 56.04889, 617.2711
381.9, 21.72484, 158.7229, 173.9529, 158.6976, 631.0411, 398.4027, 378.3361, 394.3452, 420.6106, 226.0292, 494.9905, 1042.398, 772.7853, 271.0268, 59.30802, 1056.703, 1554.791, 52.92326, 585.8325
382, 20.39711, 149.2707, 165.0142, 151.39, 750.7237, 411.252, 370.4787, 371.4858, 393.6259, 213.3506, 522.701, 982.8741, 751.9776, 282.0641, 56.09661, 997.0964, 1456.809, 49.97192, 555.9951
382.1, 19.15053, 140.3814, 156.5349, 155.2087, 718.717, 400.4539, 346.4692, 394.405, 368.3723, 235.6287, 511.8918, 926.7493, 766.2018, 338.3603, 53.05909, 1093.533, 1365.003, 47.18518, 527.6774
382.2, 17.98013, 132.0214, 148.4912, 148.0617, 678.6307, 416.4276, 324.0156, 425.1035, 344.739, 222.4116, 506.808, 1020.051, 792.8888, 487.4695, 50.18605, 1031.85, 1278.981, 44.55384, 500.8019
382.3, 50.99654, 124.1593, 140.8609, 141.2439, 640.7801, 572.1346, 303.0172, 400.4612, 322.6218, 280.2935, 529.9185, 961.8033, 888.4671, 475.92, 47.46858, 1273.191, 1264.902, 42.06924, 475.2953
382.4, 47.87985, 116.7654, 133.6227, 174.5688, 605.0406, 696.9563, 283.3796, 377.2474, 301.9236, 264.571, 691.7784, 906.8817, 906.7155, 445.649, 44.89825, 1511.462, 1185.189, 39.72319, 623.6769
382.5, 44.95364, 109.8118, 126.7564, 212.6105, 611.9943, 776.4315, 484.7339, 355.3792, 282.5534, 249.7304, 657.4911, 870.4158, 1214.285, 417.3035, 42.4671, 1719.655, 1110.499, 37.50798, 591.912
382.6, 42.20626, 103.2723, 120.243, 458.3064, 577.8604, 830.8719, 563.5224, 334.7786, 264.4258, 371.0433, 624.9033, 820.7127, 1358.166, 390.7608, 40.16759, 2073.024, 1097.617, 35.4163, 561.765
382.7, 39.62679, 97.12228, 114.0642, 581.8719, 545.6302, 761.3443, 527.0023, 315.3723, 247.4613, 419.0837, 593.9306, 873.0788, 1374.382, 611.4014, 37.9926, 2057.023, 1176.326, 33.44127, 533.1534
382.8, 37.20497, 91.33847, 108.2029, 555.0782, 515.1978, 697.6348, 492.849, 297.0908, 409.2257, 477.6957, 564.493, 1041.25, 1326.174, 572.5131, 35.93538, 1940.991, 1102.195, 31.57638, 505.999
382.9, 34.93116, 85.8991, 102.6429, 529.5183, 486.4626, 767.2954, 460.909, 279.8691, 382.9713, 450.9004, 536.5145, 1105.495, 1264.192, 864.1536, 33.98956, 1876.764, 1032.736, 29.81548, 480.2277
383, 32.79632, 80.78366, 97.36848, 505.1354, 459.3302, 703.0879, 440.3253, 263.6457, 358.4013, 425.608, 509.9228, 1128.467, 1487.975, 941.8666, 32.14909, 1952.141, 967.6541, 28.15278, 545.9899
383.1, 30.79195, 75.97285, 92.36514, 525.4679, 433.7111, 644.2532, 411.7892, 248.3628, 335.4077, 401.7344, 484.649, 1064.028, 1418.432, 915.9834, 30.40828, 1960.381, 906.6734, 26.58281, 518.1818
383.2, 28.91007, 71.44853, 87.6189, 538.0501, 409.5209, 590.3419, 385.1025, 233.9657, 353.0046, 379.1999, 542.3673, 1085.895, 1405.237, 863.1689, 28.76174, 1849.801, 849.5357, 25.10039, 597.6589
383.3, 27.14321, 67.19364, 83.11655, 513.2743, 386.6799, 566.0377, 360.1452, 220.4033, 360.0172, 357.9294, 530.448, 1061.328, 1339.56, 808.2668, 27.20435, 1745.458, 795.9988, 23.70063, 567.2191
383.4, 25.48433, 63.19214, 78.84556, 671.5407, 365.1129, 518.6714, 336.8054, 207.627, 336.9198, 337.8521, 542.5739, 1000.723, 1445.543, 756.8569, 25.73129, 1883.682, 745.8357, 22.37894, 574.4251
383.5, 23.92684, 59.42894, 74.79403, 808.478, 344.7487, 477.6853, 420.6716, 195.5913, 315.3044, 318.901, 557.0037, 1048.752, 2044.726, 793.6037, 24.33799, 2180.071, 698.8339, 21.13095, 710.4778
383.6, 22.46453, 55.88984, 70.95069, 932.9581, 325.5204, 437.7124, 393.4092, 184.2533, 326.7235, 301.0129, 529.3964, 1033.323, 1949.161, 826.8808, 23.02014, 2241.956, 654.794, 19.95255, 674.292
383.7, 21.0916, 52.5615, 67.30485, 905.0507, 307.3645, 401.0845, 422.5135, 173.5725, 333.7477, 284.1282, 503.1574, 974.3176, 1923.895, 774.2869, 21.77364, 2115.492, 719.9101, 18.83988, 639.9492
383.8, 19.80257, 49.43137, 63.84634, 863.3755, 290.2213, 367.5216, 395.1317, 163.5109, 401.8853, 268.1906, 478.2189, 918.6813, 1833.978, 893.1144, 20.59464, 1996.162, 674.5421, 17.78925, 607.3556
383.9, 18.59232, 46.48764, 60.56556, 823.6193, 274.0342, 336.7672, 369.5245, 154.0326, 376.1019, 253.147, 454.5165, 941.0851, 1748.262, 872.0812, 19.47948, 1944.034, 736.6783, 16.79721, 576.422
384, 17.45604, 43.71922, 57.45336, 828.2083, 258.75, 452.0526, 345.5768, 145.1036, 426.9038, 238.9472, 431.9889, 887.3466, 1666.553, 822.8743, 18.42471, 1834.375, 824.0878, 266.1954, 547.0639
384.1, 16.3892, 41.11567, 54.50108, 790.0715, 244.3182, 436.205, 327.9568, 136.6923, 399.5153, 225.5439, 410.5778, 836.6767, 1754.457, 1014.752, 17.42705, 1730.902, 772.1546, 251.3507, 519.201
384.2, 15.38756, 165.5446, 51.70051, 753.6907, 406.5301, 399.7032, 445.8439, 128.7686, 373.8839, 212.8925, 467.5744, 788.9001, 1733.543, 1102.598, 16.48341, 1724.801, 723.4941, 237.3338, 492.7573
384.3, 14.44714, 155.6861, 49.04385, 718.9852, 609.8391, 366.256, 416.9501, 121.3041, 457.6038, 200.9507, 593.6776, 743.8518, 1699.382, 1370.04, 15.59087, 1627.509, 677.9002, 224.0986, 626.8835
384.4, 13.56419, 149.1284, 46.5237, 685.8778, 575.8254, 557.6956, 389.9289, 114.2724, 428.2457, 189.6788, 564.2526, 794.0031, 1824.615, 1282.899, 14.74665, 1628.559, 635.1796, 211.6015, 594.9553
384.5, 12.7352, 314.3284, 44.13305, 714.0443, 613.5236, 511.0274, 364.6589, 107.6483, 400.7711, 179.0392, 536.286, 748.6633, 1739.337, 1201.3, 13.94815, 1730.037, 784.3403, 199.8013, 599.757
384.6, 11.95688, 305.9424, 41.86524, 732.8466, 667.0911, 637.9467, 394.4102, 101.4081, 399.5656, 247.7165, 509.7056, 705.9126, 1737.992, 1124.891, 13.19289, 1811.834, 1263.069, 188.6591, 569.2104
384.7, 93.10204, 490.3303, 39.71397, 699.1009, 714.7885, 591.2259, 379.1737, 95.52975, 482.9111, 233.8213, 577.2042, 665.603, 1763.377, 1244.568, 12.47852, 1757.122, 1327.648, 178.1383, 577.7489
384.8, 95.5127, 461.1303, 37.67324, 696.1148, 1089.797, 633.4196, 397.2787, 89.9921, 530.0283, 220.7056, 548.5957, 731.9331, 1697.279, 1227.661, 11.80283, 1847.114, 1379.949, 168.2042, 739.7291
384.9, 149.7031, 433.6692, 35.73738, 664.0605, 1433.294, 716.7556, 379.7735, 84.77545, 672.5639, 294.6184, 649.9672, 690.1377, 1843.019, 1149.576, 11.16373, 1742.923, 1292.986, 158.8241, 702.0535
385, 140.5538, 407.8434, 33.90099, 633.4823, 1353.352, 786.7214, 355.1616, 79.86121, 629.4148, 320.7114, 644.4102, 650.7289, 1756.881, 1076.457, 10.55924, 1814.092, 1211.503, 149.9671, 666.2968
385.1, 131.9638, 383.5556, 32.15897, 604.3121, 1402.104, 720.8882, 332.1447, 75.23183, 589.0339, 312.1695, 612.4707, 731.5605, 1674.769, 1007.988, 9.98748, 1761.366, 1276.393, 141.604, 666.5992
385.2, 123.8987, 360.7142, 30.50646, 576.4851, 1396.264, 710.5347, 310.6194, 70.8708, 551.2438, 334.8241, 642.2934, 923.211, 1596.495, 943.8752, 9.446678, 1729.122, 1195.956, 133.7073, 870.4374
385.3, 116.3266, 339.233, 28.93886, 549.9395, 1551.433, 785.6559, 331.6452, 66.76258, 908.8356, 364.2907, 679.0793, 978.0082, 1521.879, 883.8398, 8.93516, 1713.684, 1231.062, 126.2509, 1092.92
385.4, 109.2172, 319.0311, 27.45182, 524.6161, 1658.3, 719.912, 310.1523, 62.8925, 1025.631, 426.6915, 808.0315, 954.9545, 1525.578, 913.5075, 196.6963, 1697.917, 1453.167, 119.2104, 1155.146
385.5, 102.5423, 300.0322, 253.1935, 500.459, 1768.596, 719.2083, 319.9945, 59.24676, 959.8304, 447.1587, 909.4849, 1084.86, 1454.276, 868.7294, 186.0456, 1675.703, 1361.589, 112.5625, 1163.105
385.6, 96.27535, 282.1647, 240.183, 690.6418, 1881.06, 705.954, 315.7305, 55.81236, 898.2514, 422.0762, 864.4072, 1119.186, 1516.926, 813.4738, 175.9716, 1658.737, 1275.783, 106.2853, 1103.866
385.7, 90.39141, 265.3613, 227.841, 658.8395, 1776.144, 874.8483, 381.5798, 52.57704, 840.623, 398.4007, 866.5359, 1055.277, 1625.96, 761.7326, 166.4431, 1785.794, 1263.474, 100.3581, 1047.644
385.8, 84.86707, 249.5586, 216.1333, 661.9235, 1677.08, 801.6407, 390.3755, 49.52927, 786.6919, 376.0532, 979.9518, 995.0178, 1549.967, 868.2819, 157.4305, 1685.061, 1183.851, 94.76155, 1085.385
385.9, 79.68036, 234.6969, 205.0271, 631.4437, 1855.122, 734.5592, 365.0765, 112.8881, 736.2208, 354.9593, 952.6645, 938.1995, 1640.308, 862.6485, 148.906, 1590.011, 1480.265, 89.47706, 1030.105
386, 74.81064, 220.7203, 194.4917, 616.2823, 1784.39, 736.4473, 341.417, 106.3442, 688.9877, 335.0486, 905.4467, 884.6257, 1563.645, 807.7796, 140.843, 1527.048, 1386.98, 84.48726, 1059.553
386.1, 70.23853, 207.576, 184.4976, 629.6506, 1684.866, 674.8211, 336.857, 100.1797, 644.7849, 316.2547, 1030.681, 834.1112, 1490.564, 756.4006, 133.2167, 1465.946, 1334.364, 79.77573, 1261.482
386.2, 65.94585, 195.2145, 175.0171, 673.5289, 1590.893, 618.3519, 315.0264, 98.47318, 603.4179, 298.515, 979.5966, 786.4812, 1420.899, 708.2896, 126.0033, 1726.339, 1391.361, 75.32693, 1197.233
386.3, 61.91552, 183.5891, 166.0237, 645.4782, 1525.192, 566.608, 294.6105, 187.6603, 564.7049, 281.7704, 931.0439, 857.354, 1467.938, 663.2387, 119.1804, 1628.96, 1303.678, 71.12624, 1136.256
386.4, 58.13151, 172.6561, 157.4925, 615.7556, 1501.975, 622.4155, 275.5178, 176.7821, 528.4756, 265.9651, 884.8977, 808.3967, 1569.106, 621.0533, 112.7271, 1537.074, 1221.522, 67.1598, 1078.384
386.5, 54.57876, 162.3741, 149.3996, 587.4017, 1418.203, 570.3316, 257.6623, 166.5344, 494.5706, 251.0463, 841.0387, 762.235, 1546.736, 657.2895, 106.6231, 1450.371, 1144.543, 63.41455, 1023.461
386.6, 51.24314, 152.7044, 141.7226, 595.4695, 1339.102, 522.6061, 434.3956, 156.8808, 462.8409, 236.9644, 799.3535, 718.7094, 1520.571, 623.4582, 100.8497, 1368.559, 1072.415, 59.87816, 1039.88
386.7, 48.11138, 143.6106, 134.4401, 579.7952, 1281.751, 478.8742, 501.0972, 195.9798, 433.1468, 223.6723, 759.7344, 677.6691, 1449.504, 583.803, 95.38889, 1291.362, 1004.832, 56.53898, 1030.315
386.8, 45.17102, 135.0583, 127.5318, 553.0972, 1218.807, 474.1024, 468.6227, 184.6193, 405.3577, 211.1259, 722.0789, 638.9723, 1381.758, 546.6702, 90.22378, 1218.519, 941.5087, 53.38602, 977.8397
386.9, 42.41035, 127.0154, 120.9785, 540.5193, 1150.828, 434.4294, 438.2528, 173.9173, 379.3515, 199.2832, 686.2899, 602.4852, 1383.769, 511.8991, 85.33834, 1149.785, 882.1758, 50.40888, 928.0367
387, 39.81841, 119.4514, 114.762, 515.6298, 1218.733, 398.0762, 409.851, 163.8357, 355.0138, 188.1048, 652.2746, 568.0817, 1319.096, 479.3397, 80.71745, 1084.928, 957.8329, 47.59777, 880.7703
387.1, 37.38488, 112.3378, 108.8649, 491.8864, 1150.758, 364.765, 383.2899, 154.3385, 332.2375, 177.5535, 619.9453, 535.6426, 1257.445, 448.8512, 76.34676, 1023.73, 897.4712, 44.94342, 964.6762
387.2, 35.10007, 105.6479, 103.2708, 469.2363, 1144.792, 334.2414, 358.4501, 145.3919, 310.9224, 167.5939, 589.2184, 505.056, 1198.675, 420.3019, 72.21275, 965.9837, 840.9134, 42.4371, 915.5437
387.3, 32.95491, 99.35641, 97.96413, 501.9115, 1080.941, 306.272, 335.2201, 136.9638, 290.9748, 158.1931, 560.0144, 476.2159, 1142.652, 393.5685, 68.30257, 911.4948, 787.9199, 40.07054, 1024.216
387.4, 30.94084, 93.43956, 92.93018, 478.7998, 1020.651, 280.643, 404.7422, 129.0244, 272.3069, 149.3196, 532.2579, 557.4087, 1089.248, 379.9082, 64.60413, 860.0794, 738.2659, 37.83596, 972.0507
387.5, 29.04987, 87.87507, 88.15491, 456.7523, 974.7872, 257.1587, 378.5122, 121.5451, 254.8368, 140.9438, 505.8771, 547.203, 1118.914, 388.5084, 61.10595, 811.5643, 691.7411, 35.72599, 922.5426
387.6, 27.27447, 82.64195, 83.62501, 435.72, 986.6298, 235.6396, 353.982, 114.4994, 238.4874, 133.0378, 598.5179, 624.7431, 1175.779, 363.7973, 57.79718, 765.7858, 648.1483, 33.73368, 875.556
387.7, 25.60757, 77.72047, 79.32788, 431.2503, 1015.998, 215.9212, 331.0415, 107.8621, 223.187, 125.5754, 568.853, 823.1841, 1120.826, 414.6909, 54.66758, 722.5895, 737.8408, 31.85248, 830.9625
387.8, 24.04254, 73.09208, 75.25156, 443.3693, 959.331, 197.8528, 348.3973, 101.6096, 208.8682, 118.5315, 540.6584, 776.178, 1216.022, 388.3144, 51.70745, 681.8299, 735.1975, 30.07619, 788.6403
387.9, 45.09797, 68.73932, 71.38471, 468.4128, 905.8244, 181.2964, 325.8188, 95.71951, 195.468, 111.8827, 576.5508, 731.8561, 1191.025, 363.6155, 48.90759, 643.3694, 688.8661, 28.39895, 748.4735
388, 42.34177, 64.64577, 67.71656, 446.8437, 855.3021, 166.1255, 304.7035, 90.17087, 182.9275, 105.6068, 547.9747, 690.0651, 1135.359, 403.4886, 46.25935, 607.0784, 795.3977, 26.81525, 710.3525
388.1, 39.75402, 212.1626, 64.2369, 426.2677, 807.5977, 152.224, 284.9567, 84.94386, 171.1916, 99.68304, 520.8149, 650.6605, 1129.16, 504.1123, 120.161, 572.8345, 837.4597, 25.31987, 749.2216
388.2, 37.32442, 199.5279, 60.93605, 406.6392, 766.5587, 139.4859, 266.4895, 214.5235, 160.2086, 94.09152, 495.0013, 635.0735, 1076.386, 636.4893, 113.6545, 540.5222, 784.6838, 23.90787, 775.0268
388.3, 35.04332, 188.0138, 57.80481, 387.9145, 723.8039, 138.6553, 318.799, 483.5145, 149.9302, 88.81365, 470.4671, 722.3962, 1026.078, 600.7234, 107.5004, 510.0325, 789.6624, 22.57462, 735.5534
388.4, 32.90162, 176.8173, 54.83447, 402.3685, 841.0641, 127.0526, 298.1386, 637.441, 226.9948, 83.83183, 447.1489, 681.1454, 1058.697, 615.1834, 101.6794, 481.2628, 822.8323, 21.31572, 825.1828
388.5, 30.89081, 166.2875, 52.01677, 383.8405, 821.5064, 116.4208, 297.8653, 714.5881, 363.9825, 79.12946, 465.1255, 642.2501, 1009.216, 632.7702, 96.17371, 454.1158, 848.3247, 20.12702, 783.1549
388.6, 29.0029, 156.3848, 49.34385, 455.5611, 842.1704, 106.6787, 344.5045, 677.5754, 340.6308, 74.69085, 593.9897, 605.5759, 988.3242, 592.5227, 90.96609, 428.5002, 929.1833, 19.00461, 743.2676
388.7, 27.23036, 147.0718, 46.80829, 434.5837, 795.1984, 97.75175, 322.1783, 860.7333, 318.7773, 70.50122, 586.0773, 570.9958, 942.1326, 554.8352, 86.04047, 404.3294, 870.6271, 17.9448, 705.4117
388.8, 40.2434, 138.3134, 44.40302, 414.5723, 849.3727, 89.57185, 455.2247, 810.8385, 298.3257, 66.5466, 691.5609, 538.3904, 898.0999, 519.5448, 81.38155, 381.5221, 893.1473, 16.94408, 739.9562
388.9, 37.78389, 130.0766, 42.12134, 395.4823, 801.999, 82.07645, 525.4933, 1011.546, 279.1863, 62.8138, 788.0116, 507.6469, 856.1251, 511.0914, 76.97491, 360.0013, 1024.945, 15.99918, 802.1464
389, 72.25623, 122.3303, 39.95691, 377.2714, 757.2676, 75.20827, 584.3707, 1010.876, 261.2747, 59.29039, 897.9642, 478.6588, 846.0264, 499.0091, 72.80687, 339.6945, 960.3541, 15.10696, 761.2917
389.1, 67.84023, 115.0453, 37.90369, 373.7826, 723.5504, 68.91482, 546.4995, 952.2775, 244.5124, 55.96461, 853.4575, 451.3261, 806.4854, 489.5883, 68.86452, 320.5331, 991.9016, 14.2645, 722.5179
389.2, 63.69413, 139.0793, 47.40372, 376.939, 683.1944, 63.148, 511.0826, 936.6591, 228.8254, 52.82539, 811.1568, 425.5541, 1001.845, 458.448, 65.13565, 302.4525, 1011.223, 13.46903, 780.1968
389.3, 59.80141, 130.7969, 44.96785, 441.3378, 696.355, 57.86376, 477.961, 1034.261, 214.1448, 49.86226, 856.3754, 401.2538, 955.0214, 580.4517, 61.60869, 285.3918, 947.4964, 12.71791, 950.126
389.4, 56.1466, 123.0077, 75.63033, 421.0154, 1114.691, 53.0217, 451.588, 1228.09, 200.4061, 47.06534, 870.1692, 378.3412, 948.2698, 633.0655, 58.27271, 269.2935, 887.7861, 12.00868, 901.7346
389.5, 52.71516, 115.6824, 71.74402, 401.6287, 1052.519, 48.58482, 422.3221, 1156.901, 187.5488, 44.4253, 932.6161, 356.7368, 903.9502, 592.7993, 55.11736, 254.1033, 831.8386, 11.339, 855.8077
389.6, 49.49343, 108.7933, 68.0574, 383.1347, 1055.412, 44.51923, 394.9527, 1089.838, 175.5164, 41.93336, 886.392, 336.3662, 939.0601, 555.0941, 52.13286, 239.7699, 932.9888, 10.70667, 812.22
389.7, 46.46861, 102.3144, 64.56023, 365.4924, 996.5469, 40.79385, 369.3571, 1026.662, 164.256, 39.58119, 842.4589, 317.1588, 895.1709, 519.7872, 49.30997, 226.245, 874.1927, 10.1096, 940.6838
389.8, 43.62864, 96.22143, 61.24276, 348.6624, 940.9646, 37.3802, 345.4202, 967.1488, 153.7179, 37.36097, 800.7033, 299.0481, 853.333, 486.7261, 46.63994, 213.483, 819.102, 9.545823, 892.7733
389.9, 40.96225, 90.49127, 58.09576, 332.6074, 888.4824, 34.25222, 323.0346, 911.0853, 143.856, 35.26528, 761.0173, 392.786, 845.1005, 455.7678, 67.95033, 201.4409, 843.8292, 9.013489, 847.3029
390, 38.45881, 85.10236, 55.11047, 317.2917, 838.9273, 31.38598, 302.0998, 858.2717, 134.6267, 33.28714, 723.2983, 402.4668, 840.5707, 426.7786, 64.27096, 190.0781, 790.6519, 8.51084, 804.1483
390.1, 36.10837, 80.03436, 52.27859, 302.6813, 792.1362, 28.75959, 282.5216, 808.5196, 125.9896, 31.41997, 687.4488, 379.4848, 1038.985, 399.6332, 60.79082, 179.3562, 740.8258, 8.036223, 763.1917
390.2, 128.5105, 91.74591, 49.59222, 288.7436, 747.9548, 26.35298, 264.2123, 761.6515, 117.9066, 29.65753, 653.3761, 357.8152, 990.4256, 374.2145, 57.49912, 169.2392, 694.1396, 7.588074, 815.4455
390.3, 120.6564, 86.28228, 47.04389, 275.4477, 706.2377, 24.14775, 247.0896, 717.5002, 110.3421, 27.99395, 620.9922, 337.383, 944.1357, 350.4125, 54.38566, 159.6928, 742.9678, 7.164916, 815.1268
390.4, 113.2824, 81.14402, 44.62651, 262.764, 666.8474, 22.12706, 231.0765, 675.9083, 103.263, 26.42369, 590.2134, 432.2076, 900.0094, 328.1245, 51.44078, 150.6849, 751.6178, 6.765355, 998.8123
390.5, 106.3591, 76.31175, 42.33335, 250.6644, 629.654, 20.27546, 216.1011, 636.7274, 96.63804, 24.9415, 560.9601, 407.5273, 857.9454, 307.254, 48.65537, 142.1851, 752.8347, 6.388077, 947.9411
390.6, 115.8825, 128.7223, 40.15802, 239.122, 594.5351, 18.5788, 202.0963, 599.8177, 90.43811, 23.54246, 533.1567, 384.2564, 883.8875, 287.7111, 112.5201, 134.1647, 705.3918, 6.031838, 899.6609
390.7, 108.8003, 143.1038, 38.09447, 228.1111, 561.3749, 17.02412, 188.9991, 565.0477, 84.63595, 22.22189, 506.7313, 362.3143, 1093.662, 269.4112, 292.1216, 126.5968, 660.9387, 5.695465, 958.8708
390.8, 102.1509, 134.5817, 55.83882, 217.6071, 530.0643, 15.59954, 311.7747, 532.2931, 79.20603, 20.9754, 624.4976, 341.6252, 1042.547, 252.2752, 276.3038, 119.4558, 755.253, 5.377851, 910.034
390.9, 95.90784, 150.2103, 53.92723, 207.5869, 500.5, 14.29416, 291.5696, 501.4373, 74.12447, 19.79883, 593.545, 398.5384, 993.8212, 236.2292, 261.3425, 112.7175, 707.6577, 5.077948, 863.6845
391, 90.04636, 194.9825, 71.7821, 198.0281, 472.5846, 13.09802, 272.6739, 472.3701, 69.36893, 18.68825, 564.1266, 375.7807, 983.759, 221.2038, 279.1729, 106.3594, 830.8409, 4.79477, 864.6832
391.1, 84.54311, 183.3709, 68.09353, 188.9094, 446.2263, 12.00198, 271.5923, 444.9878, 64.91849, 17.63997, 536.1663, 354.3226, 1133.608, 207.1341, 264.0563, 100.3599, 778.4821, 4.527384, 988.9584
391.2, 79.3762, 172.4509, 64.5945, 180.2106, 421.338, 10.99765, 253.9913, 450.4763, 60.75357, 16.65049, 509.5917, 334.0898, 1080.626, 193.9593, 249.7582, 94.69882, 729.4229, 4.274909, 938.5892
391.3, 74.52506, 162.1811, 143.0847, 171.9124, 397.8379, 10.07736, 237.5309, 503.0969, 56.85585, 15.71652, 484.3344, 315.0124, 1030.12, 181.6225, 236.2343, 89.35707, 683.4554, 4.036513, 890.7853
391.4, 69.97041, 152.5229, 285.8315, 163.9962, 375.6485, 9.234082, 307.9647, 588.5109, 53.20819, 14.83493, 460.3288, 297.0243, 981.9754, 170.0703, 399.5166, 84.31664, 640.3847, 3.811412, 845.4161
391.5, 65.69411, 143.4399, 425.1216, 156.4446, 377.9095, 8.461371, 412.4467, 770.3036, 49.79456, 14.0028, 437.5131, 280.0634, 936.0805, 159.253, 377.8836, 79.56053, 600.0283, 3.598864, 802.3577
391.6, 61.67917, 134.8978, 403.2765, 149.2408, 469.4454, 7.753321, 385.7174, 796.8745, 46.59993, 13.21734, 415.8282, 264.071, 892.3306, 149.1237, 357.422, 75.0727, 562.215, 3.398169, 761.4923
391.7, 57.9096, 126.8644, 382.5538, 142.3686, 443.2621, 7.104521, 455.9052, 750.6815, 43.61026, 12.47594, 395.2182, 248.9918, 850.6255, 139.6386, 338.0683, 70.83802, 526.7848, 3.208666, 1014.99
391.8, 54.37041, 119.3094, 362.8961, 135.8129, 418.5392, 6.510012, 426.3595, 819.5911, 40.81239, 11.77612, 375.6296, 234.7737, 810.8696, 130.7569, 351.5345, 66.84221, 616.4166, 3.029731, 963.2953
391.9, 51.04752, 112.2043, 344.2484, 129.5591, 527.4333, 5.965252, 398.7285, 790.8619, 38.19402, 11.11557, 357.0119, 221.3675, 772.9717, 122.4401, 381.0246, 63.07179, 648.7031, 2.860774, 914.2331
392, 47.92772, 105.5224, 354.9271, 123.5932, 498.0158, 5.466078, 438.2505, 745.0175, 35.74364, 10.49206, 436.8989, 208.7268, 736.845, 114.6522, 378.5237, 59.51405, 673.2852, 2.70124, 867.6697
392.1, 44.99858, 99.23833, 440.368, 117.9021, 540.6608, 139.7872, 409.8488, 755.3802, 33.45047, 9.903531, 415.2444, 196.808, 702.4069, 107.3598, 452.2845, 56.157, 747.0737, 2.550602, 823.4779
392.2, 42.24846, 93.32851, 417.7394, 112.473, 552.77, 128.0898, 383.2878, 711.5925, 31.30441, 9.348013, 394.6633, 185.5697, 778.1663, 100.5311, 427.7942, 52.98931, 699.9938, 2.408364, 781.5368
392.3, 39.66641, 87.77064, 396.2736, 107.2939, 599.2835, 256.1021, 402.968, 872.8702, 29.29604, 8.823655, 457.0054, 174.9731, 741.7969, 94.13682, 404.63, 50.0003, 655.8809, 2.274059, 816.5859
392.4, 37.24217, 82.54374, 375.9109, 123.8342, 565.8585, 234.6713, 376.8529, 864.2889, 27.41652, 8.32871, 434.3544, 164.9817, 707.1273, 88.14923, 382.7201, 47.1799, 875.4685, 2.147243, 774.9959
392.5, 34.96609, 102.5726, 361.1794, 118.132, 534.2978, 215.034, 494.2127, 899.3487, 25.65758, 7.861527, 487.6681, 155.5608, 809.5214, 82.54248, 361.9966, 44.51859, 910.7022, 2.0275, 735.5241
392.6, 32.82911, 96.46421, 357.5558, 118.5253, 504.4974, 197.0399, 462.1844, 847.2155, 24.01149, 7.420551, 463.4974, 209.2795, 771.6866, 77.29235, 342.3952, 42.00739, 896.6742, 1.914434, 776.5386
392.7, 30.82273, 90.7196, 352.9395, 127.5412, 535.8055, 180.5515, 461.124, 820.2855, 22.471, 7.00431, 440.5246, 197.3291, 749.9739, 72.37616, 336.2441, 39.63785, 840.1666, 1.807673, 736.9882
392.8, 31.81322, 85.31709, 334.8035, 121.6682, 592.5969, 165.4429, 557.7589, 856.0655, 224.2314, 6.611417, 418.6905, 186.061, 820.7029, 67.77266, 318.0371, 37.40197, 961.7172, 1.706866, 699.4522
392.9, 29.86893, 100.9644, 317.5994, 116.0657, 559.5449, 151.5986, 594.086, 946.5645, 473.6259, 6.240563, 397.9385, 175.4364, 782.3455, 63.46197, 300.8161, 35.29221, 928.897, 1.61168, 811.116
393, 28.04346, 94.95178, 301.2793, 110.7212, 528.3363, 138.9128, 610.0804, 1378.337, 443.2399, 5.890512, 378.2151, 165.4185, 745.7808, 59.42546, 284.5275, 33.30146, 926.0245, 1.521803, 769.8045
393.1, 26.32957, 89.29723, 285.7979, 105.6228, 498.8684, 127.2885, 570.543, 1727.496, 414.8033, 5.560095, 409.1708, 155.9727, 710.925, 55.64569, 269.1209, 31.423, 867.6674, 1.436938, 784.0569
393.2, 24.72042, 83.97942, 271.112, 100.7591, 471.044, 116.6369, 533.5679, 1945.345, 388.1911, 5.248213, 446.6112, 147.0662, 751.7585, 440.4796, 254.5486, 29.6505, 812.9878, 1.356805, 1009.858
393.3, 23.20961, 78.9783, 267.4561, 96.11945, 444.7716, 277.1684, 615.2934, 1832.578, 363.2863, 4.953825, 524.0438, 304.4512, 716.6234, 412.4628, 240.7653, 27.97798, 927.4725, 1.281141, 958.4247
393.4, 21.79114, 159.5396, 253.7126, 91.6934, 419.9645, 253.9748, 768.298, 1850.831, 339.9792, 4.67595, 498.0701, 287.0662, 683.1303, 386.2281, 227.7283, 26.3998, 976.2012, 1.209697, 909.6105
393.5, 20.45935, 150.0387, 240.6755, 87.47115, 396.541, 264.584, 718.507, 1776.226, 318.1674, 4.413662, 543.7158, 270.674, 651.2026, 361.662, 215.3973, 24.91065, 914.6819, 1.142237, 863.2826
393.6, 19.20897, 141.1037, 228.3082, 83.44334, 374.424, 242.4435, 671.9429, 1689.704, 297.755, 4.166087, 599.1171, 255.2177, 620.7672, 390.7264, 292.8856, 23.5055, 957.1515, 1.078539, 819.3142
393.7, 18.035, 132.7007, 216.5764, 79.60099, 440.4168, 222.1558, 782.8589, 1666.958, 278.6522, 3.932399, 569.4225, 240.6441, 591.7542, 365.8742, 277.8139, 22.17961, 1061.808, 1.018393, 987.9939
393.8, 16.93277, 203.4399, 205.4475, 75.93557, 415.8526, 203.5657, 732.1243, 1570.329, 260.7749, 3.711819, 541.1997, 226.9026, 564.0972, 342.6027, 315.1129, 20.9285, 994.8935, 0.9616007, 937.6738
393.9, 15.89791, 191.3247, 194.8905, 101.4724, 392.6584, 188.9045, 699.5931, 1514.765, 244.0446, 3.503612, 514.3757, 213.9459, 597.2158, 320.8114, 320.1305, 19.74797, 974.0686, 0.9079758, 958.1432
394, 14.9263, 212.3069, 209.1717, 118.2913, 405.5144, 173.0969, 654.2547, 1756.956, 228.3876, 3.307084, 488.8813, 201.729, 569.3035, 300.4061, 318.6726, 18.63403, 1004.553, 0.8573414, 909.3434
394.1, 14.01407, 242.773, 198.4233, 112.8443, 382.8969, 158.6121, 621.8986, 1925.885, 213.7352, 3.12158, 464.6504, 190.2097, 542.6958, 281.2987, 301.4172, 17.58293, 941.2467, 0.8095307, 935.5109
394.2, 13.15759, 228.3154, 188.2272, 107.6481, 361.5408, 145.3394, 862.6669, 2470.88, 200.0227, 2.946481, 552.2142, 179.3482, 657.5632, 263.4067, 285.096, 16.59112, 914.9091, 0.7643862, 887.8638
394.3, 12.35345, 214.7188, 178.555, 102.6912, 341.3759, 133.1774, 948.2525, 2603.7, 319.1403, 2.781204, 615.9688, 223.0605, 649.6394, 246.6526, 300.8276, 15.65525, 857.2524, 0.7217593, 842.6434
394.4, 11.59846, 228.4924, 169.3798, 97.96256, 325.6744, 122.033, 886.7993, 2465.491, 298.6655, 2.625198, 609.5009, 247.9246, 786.3928, 230.9643, 319.233, 14.77217, 995.0821, 0.6815096, 799.7263
394.5, 10.88961, 214.8853, 231.4216, 93.45164, 307.51, 111.8213, 829.3286, 2610.023, 279.5042, 2.477943, 579.2916, 425.5952, 749.6389, 216.2737, 301.9472, 13.93891, 932.373, 0.6435043, 1021.627
394.6, 60.79169, 202.0885, 325.7012, 89.14844, 290.3586, 123.7577, 775.5825, 2498.503, 261.5723, 2.338948, 570.0229, 490.1412, 941.1634, 202.5176, 311.8401, 13.15264, 1124.783, 0.6076185, 969.5936
394.7, 57.07637, 190.0538, 425.5056, 85.04339, 322.8716, 165.1228, 725.3194, 2353.67, 244.7908, 2.207749, 594.0074, 462.1528, 1127.127, 189.6364, 294.9547, 12.41073, 1280.195, 0.5737339, 1133.847
394.8, 53.5881, 178.7357, 532.2786, 81.12737, 430.011, 312.4578, 678.3138, 2327.021, 229.086, 2.08391, 564.5661, 435.7626, 1159.182, 177.5746, 278.9835, 11.71067, 1199.519, 0.5417389, 1076.099
394.9, 78.80564, 195.4044, 504.9272, 77.39166, 410.8101, 286.3112, 634.3544, 2314.618, 214.3887, 77.84089, 536.584, 410.8794, 1222.962, 166.2799, 263.8771, 11.0501, 1254.058, 0.5115282, 1021.291
395, 98.95596, 183.7677, 478.9811, 73.82798, 446.4828, 262.3526, 593.244, 2180.445, 200.6344, 73.47456, 509.9888, 387.417, 1314.226, 155.7037, 404.8417, 10.42679, 1303.641, 0.4830022, 1075.786
395.1, 92.9082, 172.8241, 454.3684, 70.42839, 437.7683, 274.8435, 563.6376, 2054.049, 187.7624, 69.35316, 484.7117, 365.2945, 1252.802, 145.8001, 382.9203, 9.838634, 1221.487, 0.456067, 1020.994
395.2, 87.23004, 225.6438, 431.0204, 67.18535, 413.3518, 251.8445, 532.0207, 1934.98, 175.7163, 65.46293, 460.6875, 344.4352, 1194.25, 136.5265, 362.186, 9.283659, 1144.51, 0.4306338, 968.9935
395.3, 124.7215, 212.2063, 408.8721, 64.09164, 446.1086, 230.7701, 497.5421, 2006.957, 241.2697, 61.79092, 437.854, 324.767, 1138.434, 135.9057, 352.4473, 8.759989, 1194.796, 0.406619, 919.6411
395.4, 117.0991, 199.5691, 387.8619, 61.14038, 502.6255, 276.9726, 465.298, 1900.672, 225.7908, 58.32488, 416.1522, 306.2219, 1085.226, 177.752, 333.363, 8.265858, 1208.865, 0.3839434, 986.525
395.5, 192.2032, 200.9529, 367.9314, 58.32503, 474.5916, 416.3147, 578.6743, 1790.495, 244.8098, 55.05326, 395.5261, 288.7358, 1078.948, 169.1854, 315.3121, 7.799599, 1132.684, 0.3625323, 936.2797
395.6, 180.4565, 188.9858, 391.8866, 55.63932, 474.9539, 490.0244, 569.2055, 1686.704, 229.1038, 129.3392, 429.8535, 272.2482, 1028.521, 158.4243, 364.1096, 7.359642, 1156.453, 0.3423153, 1019.364
395.7, 246.02, 177.7314, 392.2241, 53.07727, 484.804, 506.1016, 677.8806, 1675.721, 214.4053, 122.0842, 523.953, 466.0183, 1090.323, 205.6982, 344.3939, 6.944501, 1151.948, 0.3232256, 1093.79
395.8, 230.9843, 167.1472, 692.0255, 50.6332, 577.7606, 463.7509, 633.9493, 1654.115, 315.7853, 333.2878, 497.9838, 439.4074, 1039.364, 261.077, 325.7456, 6.552777, 1216.38, 0.3052006, 1038.081
395.9, 216.8675, 212.5376, 656.4653, 48.30167, 772.2269, 510.2269, 625.2014, 1671.855, 295.5257, 314.5927, 473.3018, 414.316, 990.787, 244.4711, 308.1072, 6.18315, 1493.647, 0.2881807, 1042.867
396, 209.2934, 230.3743, 637.2154, 46.07751, 899.6309, 467.5309, 634.8461, 1613.87, 276.5659, 296.9462, 449.8431, 390.6574, 1109.222, 435.0807, 291.4238, 5.834372, 1399.519, 0.2721099, 1037.38
396.1, 196.5023, 242.6302, 604.4717, 43.95576, 849.454, 1152.554, 593.7037, 1520.318, 258.8225, 280.2896, 427.5471, 431.6511, 1057.38, 580.136, 275.6438, 5.505268, 1311.322, 0.2569354, 1140.765
396.2, 184.4929, 312.4852, 573.4105, 41.93171, 802.0758, 1672.403, 555.2277, 1540.989, 242.2174, 264.5674, 406.3562, 407.0027, 1007.961, 567.567, 260.7183, 5.194728, 1228.684, 0.2426071, 1082.664
396.3, 200.3689, 293.8762, 543.9454, 40.00086, 757.3401, 1871.123, 519.2451, 1465.422, 226.6777, 249.727, 386.2155, 383.7617, 1044.008, 531.4667, 246.6009, 4.901705, 1151.254, 0.2290778, 1127.665
396.4, 313.1013, 289.3239, 515.9944, 38.15893, 715.0995, 1880.732, 485.5945, 1380.475, 212.1349, 235.719, 367.0732, 361.8478, 995.2136, 497.6627, 233.248, 4.625211, 1078.703, 0.216303, 1070.231
396.5, 293.9659, 272.0941, 489.4797, 87.60581, 675.2148, 1782.519, 480.7673, 1310.744, 198.5251, 222.4969, 348.8796, 341.1853, 948.7, 492.8132, 220.6181, 4.364314, 1010.724, 0.2042406, 1015.722
396.6, 275.9999, 270.2702, 464.3275, 83.57179, 637.5548, 1738.007, 459.6299, 1273.334, 185.7885, 210.0163, 331.5877, 321.7027, 972.3351, 461.4677, 208.6721, 4.118133, 947.029, 0.1928508, 963.9897
396.7, 338.648, 254.1752, 440.4677, 79.72353, 601.9952, 1762.571, 440.0487, 1199.522, 173.869, 198.2359, 315.153, 303.3326, 979.8796, 432.116, 197.3729, 3.885838, 887.3481, 0.1820963, 914.8922
396.8, 334.148, 239.0386, 417.834, 247.7045, 568.419, 1677.081, 411.5305, 1129.988, 162.7143, 187.1163, 299.5327, 286.0115, 934.0826, 404.6311, 186.6856, 3.666647, 831.4283, 0.1719414, 868.2952
396.9, 335.5468, 224.8034, 396.3633, 298.0107, 536.7155, 1536.742, 384.8605, 1070.408, 152.2751, 176.6203, 284.6867, 371.2037, 924.655, 427.7927, 176.5769, 3.459819, 779.0325, 0.1623529, 824.0715
397, 327.1646, 211.416, 375.996, 284.2881, 506.7802, 1408.147, 359.9189, 1008.359, 142.5058, 166.7132, 270.5765, 350.007, 881.4391, 570.4811, 167.0156, 3.264659, 729.9387, 0.1532991, 782.1002
397.1, 307.1696, 198.8258, 356.6752, 271.1973, 478.5146, 1290.313, 336.5938, 949.9067, 133.3631, 157.3617, 257.1657, 330.0206, 977.0366, 534.1955, 157.9721, 3.080507, 683.9386, 0.1447502, 742.2666
397.2, 288.3968, 186.9854, 338.3472, 258.7094, 547.9872, 1182.339, 411.4783, 894.8427, 124.8071, 148.5349, 244.4195, 311.1755, 1102.763, 569.3801, 149.4182, 2.906742, 640.8375, 0.136678, 848.7212
397.3, 341.1786, 175.85, 320.961, 246.7965, 539.6027, 1083.401, 473.5299, 959.783, 116.7999, 140.2031, 232.3051, 485.437, 1051.223, 553.1743, 141.3275, 2.742779, 600.4525, 0.129056, 805.4944
397.4, 330.4841, 165.3779, 304.4682, 235.4322, 509.5064, 992.7413, 443.8832, 931.2579, 109.3065, 132.3387, 220.7912, 529.9474, 1140.815, 517.9896, 144.9989, 2.588065, 562.6125, 0.121859, 764.4693
397.5, 310.2863, 155.5293, 288.8229, 224.5912, 518.362, 909.6684, 415.1166, 959.4163, 102.2938, 124.9154, 209.8479, 593.6862, 1087.497, 524.2818, 167.7563, 2.442078, 527.1572, 0.1150634, 725.5336
397.6, 342.9284, 146.2673, 392.9459, 214.2493, 489.4504, 833.5471, 388.2142, 1087.009, 95.73102, 117.9085, 199.447, 559.785, 1036.67, 490.9348, 158.6727, 2.304326, 493.9363, 0.1086468, 688.581
397.7, 321.9701, 137.5568, 412.5325, 204.3837, 462.1513, 763.7956, 415.1144, 1128.663, 89.58928, 111.2947, 189.5616, 527.8198, 988.2189, 459.7087, 157.8485, 2.174344, 462.8089, 0.1025879, 731.0203
397.8, 408.0798, 129.365, 448.705, 194.9724, 436.3749, 699.8809, 388.2122, 1068.666, 83.84158, 105.0518, 180.1662, 497.6798, 942.0322, 532.2415, 149.3013, 2.051694, 433.6431, 0.096867, 710.6096
397.9, 383.1397, 121.6611, 425.648, 185.9944, 412.0361, 641.3146, 524.7403, 1067.906, 78.46262, 99.15918, 171.2365, 469.2609, 898.0041, 498.3881, 141.2169, 1.935963, 406.3154, 0.09146509, 870.3431
398, 359.7239, 114.416, 498.2725, 177.4298, 389.0548, 587.6492, 490.7336, 1006.002, 73.42876, 93.59705, 162.7493, 442.4648, 856.0338, 663.7907, 133.5703, 1.82676, 380.7098, 0.08636443, 826.0151
398.1, 337.7391, 107.6023, 572.0333, 169.2597, 367.3553, 538.4745, 458.9307, 947.6859, 68.71786, 109.7332, 154.6828, 417.1989, 816.0251, 948.6309, 126.3378, 1.723716, 356.7178, 0.08154821, 783.9448
398.2, 317.0979, 101.1944, 781.7574, 161.4657, 346.8661, 665.111, 575.4921, 920.0533, 64.30918, 103.5779, 147.0161, 447.0016, 777.8863, 889.441, 128.4697, 1.626485, 334.2378, 0.07700058, 798.8871
398.3, 297.7182, 95.1681, 741.5864, 154.0306, 327.5197, 609.4543, 615.6451, 881.3953, 60.18335, 107.3652, 139.7294, 421.4765, 741.53, 891.3358, 121.5133, 1.534739, 313.1744, 0.07270655, 899.1277
398.4, 381.4847, 89.50067, 875.4537, 146.9379, 467.9231, 570.5026, 575.7471, 830.3028, 56.32222, 101.3427, 132.8039, 467.1697, 706.8729, 834.6422, 114.9336, 1.448168, 293.4385, 0.06865198, 853.3337
398.5, 358.17, 84.17075, 830.4679, 140.1718, 441.8247, 705.2516, 542.6125, 830.342, 134.6782, 95.6581, 126.2216, 496.1358, 673.8355, 781.5546, 108.7102, 1.36648, 274.9463, 0.06482352, 809.872
398.6, 336.2802, 79.15823, 787.7938, 133.7173, 417.182, 646.2359, 507.4475, 871.4901, 235.8493, 105.7934, 272.1924, 467.8051, 642.3422, 925.3364, 102.8237, 1.2894, 257.6194, 318.1646, 956.8307
398.7, 315.7282, 74.44421, 829.1769, 127.5599, 420.3353, 630.1068, 474.5615, 917.1571, 411.4329, 168.7788, 258.7014, 653.7693, 612.3209, 905.2799, 97.25603, 1.216668, 241.3845, 420.7571, 1110.294
398.8, 328.0185, 70.01093, 1026.085, 121.6861, 441.987, 604.7285, 443.8066, 863.9915, 614.626, 159.3115, 348.8914, 616.4373, 784.4572, 874.4056, 91.98982, 1.148038, 226.1727, 429.6035, 1113.714
398.9, 351.5135, 65.84165, 1077.709, 116.0828, 417.3352, 575.6889, 495.4541, 813.9078, 610.5947, 150.3753, 331.599, 1103.473, 904.8592, 818.7889, 99.10943, 1.08328, 211.9195, 547.8586, 1056.991
399, 330.0305, 61.92067, 1161.483, 110.7375, 394.0584, 527.5151, 463.3453, 766.7274, 571.4213, 141.9403, 345.0136, 1266.83, 862.5685, 766.7097, 93.74286, 1.022174, 198.5645, 517.3066, 1058.308
399.1, 362.8517, 58.23318, 1101.8, 126.0988, 372.0798, 483.3724, 433.3174, 722.2819, 534.7611, 247.5644, 363.3328, 1206.427, 961.2845, 717.9429, 88.66688, 0.9645159, 186.0512, 636.8292, 1004.406
399.2, 387.4767, 54.76529, 1045.183, 120.2923, 351.3271, 463.3213, 405.2354, 686.5306, 500.4529, 233.6777, 445.4664, 1137.537, 916.3567, 785.4775, 95.71595, 0.9101098, 174.3264, 642.6158, 953.2504
399.3, 363.7957, 51.50392, 991.4755, 114.7532, 331.7318, 424.5504, 574.5629, 648.692, 609.0423, 220.5701, 439.4731, 1072.58, 873.5286, 735.517, 90.53313, 0.8587725, 163.3405, 606.7796, 967.9374
399.4, 341.5621, 48.43677, 1249.775, 109.4691, 313.2295, 625.8644, 690.4716, 907.2554, 569.9684, 208.1976, 417.6911, 1234.238, 832.7023, 688.7343, 119.8043, 0.8103311, 153.047, 572.9418, 918.6387
399.5, 404.139, 45.55228, 1899.273, 104.4283, 443.7358, 573.4919, 773.1412, 1444.45, 533.4014, 196.5192, 443.7688, 1263.418, 906.7523, 644.9272, 239.7129, 0.7646222, 408.6513, 693.1528, 871.851
399.6, 380.3694, 42.83956, 2288.56, 254.1875, 418.9865, 525.5019, 913.8044, 1744.187, 499.1804, 185.4958, 443.2561, 1231.481, 914.6066, 603.9066, 226.733, 0.7214915, 382.8985, 741.9561, 946.3055
399.7, 357.1228, 40.28839, 2546.849, 242.4828, 395.6176, 481.5277, 854.5836, 1745.169, 503.1793, 175.0908, 421.2866, 1195.419, 871.8604, 568.7598, 214.4558, 0.6807938, 358.7686, 749.4559, 1012.651
399.8, 348.8028, 37.88914, 2415.977, 231.3172, 462.1747, 441.2333, 853.1063, 1644.005, 470.8972, 165.2695, 400.4059, 1127.157, 831.1119, 532.5837, 202.8435, 0.6423918, 336.1594, 724.6033, 996.0651
399.9, 446.4155, 35.63277, 2406.713, 378.3309, 436.3969, 404.3108, 984.0172, 1548.706, 440.6862, 155.999, 380.5602, 1062.794, 920.406, 571.2906, 191.8599, 0.6061559, 314.9749, 684.1949, 1031.532
400, 419.1325, 60.00669, 2308.327, 493.8686, 412.0569, 395.5498, 920.2462, 1540.407, 412.4135, 411.4273, 397.9346, 1002.105, 906.7498, 542.7513, 181.4711, 435.2954, 295.1255, 697.9365, 1044.592
400.1, 393.5169, 70.08298, 2419.905, 553.0691, 389.0744, 381.7537, 860.6079, 1451.113, 385.9547, 388.3491, 378.2114, 1070.625, 940.5406, 556.527, 171.6448, 479.2195, 276.527, 659.0152, 991.3893
400.2, 369.4668, 65.90941, 2336.382, 666.967, 367.3738, 349.8084, 804.8347, 1366.996, 361.1933, 366.5654, 380.4802, 1009.49, 1208.838, 521.129, 162.3506, 682.6344, 259.1005, 622.2644, 940.8962
400.3, 346.8866, 61.98439, 2346.312, 883.6838, 346.8836, 505.6812, 752.6759, 1369.505, 373.1658, 548.7564, 497.4335, 1069.39, 1307.841, 515.0988, 153.5596, 1014.564, 242.7723, 708.0875, 892.9748
400.4, 365.631, 216.5283, 2664.71, 1183.412, 385.7119, 463.3656, 952.1942, 1706.923, 455.3228, 606.9601, 491.3028, 1321.931, 1572.347, 499.3833, 145.2447, 1562.821, 227.473, 708.6132, 847.4941
400.5, 502.0847, 203.6336, 2663.803, 1199.302, 364.1988, 424.591, 925.6932, 1790.78, 626.7923, 791.061, 666.1364, 1393.603, 1691.219, 710.4493, 167.575, 1783.727, 326.9189, 728.4252, 804.3299
400.6, 471.3994, 204.1768, 2852.948, 1205.701, 352.9264, 453.7168, 1105.613, 1803.89, 686.6074, 829.4209, 726.6683, 1370.907, 1612.176, 665.261, 163.4179, 1966.417, 306.3168, 687.8037, 835.6187
400.7, 442.5895, 192.0177, 3289.744, 1244.366, 333.242, 462.9129, 1053.094, 1992.186, 968.0682, 782.8962, 690.6518, 1368.837, 1573.801, 622.947, 217.6609, 1982.148, 287.013, 708.8344, 793.0593
400.8, 415.5403, 180.5827, 3189.218, 1187.066, 314.6554, 424.1762, 1264.84, 1988.426, 964.4329, 738.9813, 677.3856, 1290.673, 1526, 583.3243, 205.875, 1967.418, 268.9258, 805.8043, 1038.088
400.9, 477.6462, 192.7849, 3025.338, 1132.405, 297.1055, 467.6203, 1182.87, 1873.161, 1032.373, 798.0894, 643.8116, 1324.695, 1454.679, 546.2219, 194.7273, 1926.172, 251.9783, 760.8676, 1021.597
401, 448.4545, 181.3042, 2869.879, 1138.485, 280.5345, 428.4897, 1219.429, 1764.578, 1149.745, 771.1978, 682.3899, 1285.118, 1386.691, 654.7335, 323.7643, 1877.558, 332.6486, 718.4369, 969.5658
401.1, 421.0469, 170.5072, 2914.145, 1086.061, 264.8877, 392.6335, 1140.401, 1662.289, 1154.101, 727.939, 648.5679, 1365.723, 1526.7, 613.089, 306.2331, 1997.704, 311.6854, 821.4193, 991.3804
401.2, 395.3143, 356.3906, 2944.509, 1036.051, 253.7021, 359.7778, 1066.496, 1709.36, 1273.318, 687.1067, 758.7996, 1287.736, 1455.346, 629.2882, 377.5728, 1994.73, 292.0433, 823.2705, 940.8878
401.3, 443.7753, 335.1669, 2959.754, 1026.164, 298.4469, 360.7352, 1077.136, 1844.307, 1450.987, 648.5648, 772.512, 1214.203, 1387.327, 680.4352, 357.128, 1882.212, 273.639, 812.6265, 922.4835
401.4, 570.3882, 315.2071, 3066.726, 978.912, 281.8011, 330.5488, 1007.33, 1858.614, 1555.902, 612.1849, 734.2233, 1265.731, 1322.487, 823.7319, 337.7903, 1776.04, 453.8239, 767.3093, 965.8898
401.5, 535.5286, 296.436, 2909.14, 1012.817, 266.0836, 302.8884, 1023.084, 1775.298, 1501.915, 604.8959, 697.8323, 1270.443, 1260.677, 804.8262, 319.4996, 1675.858, 425.2243, 724.5194, 916.6955
401.6, 502.7993, 278.7827, 2759.652, 966.1791, 251.2429, 367.4741, 1096.049, 1823.743, 1437.216, 637.0734, 747.7542, 1197.897, 1201.757, 817.6973, 302.1993, 1764.869, 470.346, 684.1157, 870.0067
401.7, 472.0704, 286.3708, 2617.846, 949.1188, 237.2298, 336.7237, 1025.018, 1799.789, 1497.651, 601.338, 749.1837, 1253.56, 1145.59, 765.6876, 285.8359, 1724.184, 801.928, 645.9651, 825.6959
401.8, 443.2195, 269.3169, 2567.268, 905.4143, 223.9983, 308.5465, 958.5897, 1695.459, 1536.48, 567.6072, 712.0512, 1181.979, 1092.048, 716.9858, 270.3585, 1626.926, 751.3913, 609.9421, 783.6418
401.9, 416.1318, 271.9976, 2435.347, 863.7224, 211.5049, 320.3217, 896.4665, 1597.177, 1437.906, 535.7684, 728.5859, 1202.087, 1041.009, 671.3818, 255.7191, 1535.155, 704.0394, 723.2011, 743.7297
402, 390.6996, 255.7997, 2430.477, 862.9272, 199.7082, 333.7716, 913.4055, 1504.592, 1515.372, 505.7155, 692.4744, 1133.445, 992.3549, 628.6785, 241.8724, 1448.561, 659.6715, 682.8709, 705.8503
402.1, 366.8217, 240.5663, 2381.748, 901.1779, 188.5695, 305.8415, 854.2106, 1417.375, 1418.151, 477.3484, 658.1526, 1255.042, 1085.39, 588.6913, 228.7755, 1366.85, 618.0997, 644.7898, 669.9001
402.2, 344.4031, 226.2402, 2259.36, 879.3077, 204.3342, 280.2486, 807.9417, 1335.212, 1339.911, 450.5725, 625.5319, 1183.375, 1034.662, 719.5379, 216.3878, 1289.75, 579.1476, 608.8323, 739.0252
402.3, 323.3547, 230.4403, 2143.261, 838.8179, 316.1567, 256.7973, 843.8517, 1257.813, 1372.499, 467.8452, 594.5281, 1115.801, 1212.019, 741.6548, 204.6709, 1216.998, 542.6503, 574.88, 701.3854
402.4, 303.5926, 216.7172, 2139.926, 800.1926, 298.5231, 235.3084, 789.1644, 1184.901, 1292.534, 485.6286, 565.0609, 1052.086, 1183.383, 713.5865, 193.5883, 1148.35, 508.453, 542.8211, 665.6627
402.5, 285.0383, 203.8113, 2110.169, 763.3458, 281.873, 215.6177, 738.0212, 1141.915, 1235.611, 519.6497, 537.0543, 992.009, 1522.56, 668.1987, 183.1059, 1298.389, 675.3682, 512.55, 724.0432
402.6, 267.618, 191.6739, 2001.737, 728.1957, 266.1516, 197.5748, 690.1924, 1178.134, 1478.146, 490.501, 673.6426, 935.3626, 1798.123, 625.6978, 173.1911, 1507.605, 842.6165, 483.9671, 687.1665
402.7, 251.2623, 180.2594, 2094.872, 694.6642, 251.307, 181.0416, 679.6103, 1134.594, 1413.606, 534.2968, 640.2543, 881.9509, 2263.856, 686.2874, 163.8132, 1777.716, 945.4293, 550.1055, 652.168
402.8, 235.9063, 169.5246, 2448.124, 662.6767, 237.2904, 165.892, 696.7452, 1068.825, 1547.068, 566.5331, 608.5208, 831.5891, 2842.153, 642.6359, 154.943, 1744.91, 885.8493, 519.4282, 720.7953
402.9, 221.4887, 159.4292, 2385.906, 632.1622, 390.8141, 152.0101, 651.5914, 1121.549, 1447.814, 534.7546, 578.36, 784.103, 2743.537, 601.7609, 146.5532, 1923.075, 1043.846, 490.4616, 684.084
403, 207.9522, 149.9349, 2444.241, 603.0527, 369.0164, 139.2899, 639.3568, 1056.536, 1354.928, 538.4682, 549.6942, 739.3286, 2921.677, 563.4858, 138.6176, 1858.837, 1216.027, 463.1104, 809.0865
403.1, 195.2431, 199.6053, 2402.457, 624.0366, 348.4345, 127.634, 597.9221, 1017.266, 1268.001, 589.3813, 522.4492, 697.1109, 2785.126, 540.7782, 131.1118, 1753.984, 1139.395, 437.2845, 767.8785
403.2, 183.3107, 187.7185, 2279.005, 595.3013, 329.0006, 116.9536, 559.1727, 958.2971, 1186.651, 556.3212, 496.5546, 657.304, 2792.765, 525.5374, 124.0123, 1655.046, 1067.591, 412.8988, 728.7692
403.3, 172.1075, 176.5395, 2161.897, 580.5071, 310.6507, 142.4467, 522.9344, 902.7467, 1110.52, 525.1155, 471.9434, 619.7701, 2662.239, 492.1104, 117.2973, 1561.689, 1000.312, 389.873, 691.6517
403.4, 161.589, 166.0262, 2209.451, 697.6879, 293.3242, 190.2124, 489.0447, 850.4165, 1039.273, 495.6602, 448.552, 584.3795, 2624.396, 460.8097, 110.9459, 1582.111, 937.2737, 368.1312, 781.3842
403.5, 151.7134, 156.1391, 2165.753, 775.4282, 276.964, 174.2953, 457.3513, 801.1198, 972.5977, 467.8571, 426.32, 551.0098, 2538.985, 654.6568, 104.9384, 1492.868, 878.2076, 347.6019, 741.587
403.6, 142.4413, 146.8407, 2054.465, 739.7218, 261.5164, 159.7102, 427.7118, 754.6806, 910.1995, 441.6136, 405.1899, 519.5457, 2761.529, 613.0172, 99.25622, 1408.658, 822.8638, 328.2175, 703.8167
403.7, 169.5752, 138.0961, 2088.589, 705.6595, 246.9303, 146.3456, 427.378, 710.9335, 851.8046, 416.8422, 385.1071, 489.8782, 2632.463, 574.0261, 93.8817, 1329.199, 771.0077, 309.914, 845.6169
403.8, 347.9172, 135.0201, 1999.713, 768.1937, 233.1578, 134.0994, 399.681, 669.7222, 797.1561, 393.4603, 366.0197, 461.9048, 2649.447, 537.5151, 88.79819, 1254.222, 722.4196, 292.6313, 802.5483
403.9, 482.8908, 126.9794, 1896.957, 732.8204, 220.1534, 122.8779, 417.5515, 630.8999, 746.0136, 371.3899, 347.8783, 435.5287, 2525.619, 503.3263, 83.98995, 1183.474, 676.8934, 276.3123, 980.0681
404, 841.8656, 146.716, 1809.593, 699.0759, 207.8744, 112.5954, 465.0177, 594.3281, 698.1522, 350.5576, 330.636, 472.4481, 2692.146, 471.3122, 79.44207, 1262.592, 634.2362, 260.9034, 998.3233
404.1, 969.4368, 137.9788, 1832.745, 666.8853, 196.2802, 103.1734, 434.8814, 559.8762, 653.3615, 330.8937, 314.2484, 531.082, 2698.865, 441.3343, 75.14044, 1191.372, 594.2673, 246.3538, 947.4771
404.2, 910.189, 137.2055, 1738.568, 644.3884, 185.3327, 94.53983, 575.8222, 527.4214, 611.4443, 312.3329, 298.673, 500.7558, 2736.882, 413.2631, 71.07174, 1172.286, 556.8171, 455.4123, 899.2205
404.3, 1351.782, 129.0347, 1662.349, 630.8805, 174.9958, 139.4213, 564.477, 496.8479, 572.2164, 294.8132, 283.8696, 508.8967, 2795.466, 386.9774, 67.22335, 1160.819, 894.3511, 430.0157, 1027.47
404.4, 1727.422, 121.3504, 1632.013, 601.8301, 165.2354, 127.7545, 587.3228, 468.0468, 535.5051, 278.2763, 269.7999, 479.8373, 2689.162, 362.3637, 143.4552, 1476.088, 837.99, 406.0353, 1106.924
404.5, 1779.907, 114.1238, 1577.002, 720.5919, 156.0194, 117.064, 638.7349, 440.9151, 501.1492, 325.8411, 256.4276, 452.4373, 2686.259, 339.3155, 135.6874, 1697.338, 1101.963, 568.449, 1050.547
404.6, 2160.229, 107.3275, 1713.49, 687.4105, 147.3174, 107.268, 597.3405, 415.3563, 468.9973, 626.2952, 243.718, 426.6018, 2925.254, 317.7332, 128.3402, 1829.51, 1032.518, 642.8047, 1377.14
404.7, 2275.264, 100.936, 1694.447, 727.9024, 139.1008, 98.29179, 689.2239, 391.279, 438.9083, 602.4621, 231.6384, 402.2417, 2997.566, 297.5238, 121.3908, 1936.322, 967.45, 708.171, 1572.94
404.8, 2428.917, 168.1411, 1607.377, 694.3844, 131.3425, 90.0667, 724.9169, 368.5974, 410.7496, 622.3358, 220.1575, 379.2726, 2899.351, 278.5997, 114.8178, 1977.608, 906.4822, 747.1611, 1492.828
404.9, 2280.472, 158.128, 1676.648, 662.4098, 124.0169, 82.52989, 782.2126, 347.2307, 384.3975, 587.4271, 209.2456, 357.6151, 2763.843, 260.8793, 108.6006, 1866.055, 849.3566, 794.3772, 1665.069
405, 2168.417, 148.7112, 1590.492, 631.9075, 117.0999, 75.62376, 731.5199, 327.1024, 359.736, 554.4765, 198.8746, 337.1943, 2634.669, 244.2861, 102.7201, 1952.377, 795.831, 750.0778, 1580.264
405.1, 2139.239, 139.8552, 1508.764, 602.8098, 110.5686, 69.29554, 684.1124, 308.1411, 336.6567, 523.3743, 189.0176, 317.9395, 2511.531, 228.7482, 97.15803, 1842.248, 745.6785, 756.0383, 1499.778
405.2, 2008.497, 171.9681, 1431.235, 575.052, 104.4017, 63.49686, 671.8566, 290.2788, 315.0581, 494.0166, 179.6491, 299.7843, 2530.516, 441.7854, 91.89712, 1738.331, 698.6865, 780.9518, 1423.392
405.3, 1885.747, 161.7271, 1483.244, 548.5724, 98.57867, 101.8086, 628.3157, 273.452, 294.8452, 466.3058, 170.745, 282.6658, 2786.362, 554.0908, 86.92107, 1782.036, 654.6559, 1048.064, 1350.897
405.4, 1770.498, 152.096, 1524.086, 523.3121, 93.08045, 191.2711, 587.5966, 351.8421, 275.9291, 440.1493, 973.2427, 310.135, 2656.135, 641.2595, 82.21448, 1681.516, 740.5525, 1217.977, 1282.093
405.5, 1755.454, 143.0384, 1575.123, 499.2149, 87.88889, 175.2655, 549.5164, 331.4466, 258.2265, 602.8497, 1501.227, 301.2835, 2531.994, 630.9084, 307.6801, 1586.665, 837.7864, 1247.462, 1216.794
405.6, 1754.671, 134.5202, 1630.713, 476.2274, 82.9869, 160.5992, 547.3446, 312.2333, 241.6597, 1038.679, 1586.762, 284.0794, 2506.243, 747.7282, 291.0199, 1657.028, 886.9114, 1507.115, 1276.897
405.7, 1880.937, 172.9975, 1595.305, 454.2983, 78.35831, 147.1602, 511.873, 294.1339, 226.1557, 1177.604, 1508.116, 406.6393, 2494.733, 700.1688, 354.6833, 1593.174, 831.0191, 1810.894, 1211.863
405.8, 1773.38, 220.1067, 1535.918, 433.3791, 73.98788, 134.8458, 478.7001, 343.4192, 211.6464, 1126.278, 1581.122, 383.419, 2378.136, 771.7178, 335.4779, 1645.853, 778.6491, 1827.73, 1150.141
405.9, 1740.088, 210.7021, 1459.657, 413.4231, 69.86121, 123.5619, 447.6771, 323.512, 198.068, 1160.437, 1502.756, 361.5247, 2438.654, 722.6325, 317.3125, 1553.014, 729.5794, 1842.519, 1164.478
406, 1633.741, 262.8901, 1384.652, 394.3861, 65.96471, 113.2222, 527.1445, 379.0307, 185.3607, 1095.344, 1428.273, 340.8807, 2324.678, 831.4355, 300.1307, 1720.493, 873.7042, 1942.88, 1208.726
406.1, 1563.165, 247.2346, 1357.94, 376.2256, 62.28553, 103.7477, 492.9819, 375.2666, 173.4687, 1194.32, 1357.482, 321.4155, 2216.029, 924.7664, 283.8792, 1623.444, 818.6442, 1834.533, 1147.164
406.2, 1467.631, 232.5113, 1288.161, 358.9014, 58.81156, 95.06607, 461.0333, 356.2171, 162.3396, 1127.327, 1358.065, 303.0618, 2211.217, 971.816, 268.5077, 1531.869, 767.054, 1732.228, 1088.737
406.3, 1431.847, 218.6648, 1261.771, 342.3749, 55.53135, 87.11091, 431.1552, 335.568, 151.9245, 1064.092, 1301.012, 285.7561, 2107.87, 988.8636, 253.9686, 1445.46, 830.8476, 1795.013, 1033.286
406.4, 1387.297, 205.643, 1204.015, 326.6095, 52.43409, 79.82144, 403.2134, 316.1159, 142.1776, 1004.404, 1280.956, 269.4387, 2025.32, 925.9668, 240.2167, 1363.924, 778.4884, 1846.924, 980.6589
406.5, 1302.512, 193.3966, 1302.544, 311.5699, 49.50959, 73.14196, 377.0824, 301.0058, 133.056, 948.0638, 1217.467, 318.3022, 2060.165, 945.6176, 227.2095, 1455.819, 729.4288, 1896.842, 1045.683
406.6, 1243.658, 181.8795, 1297.382, 297.223, 46.74819, 67.02142, 385.8352, 354.0462, 124.5197, 894.884, 1196.947, 402.8462, 2024.21, 885.4714, 214.9065, 1373.7, 683.4609, 1890.263, 992.4249
406.7, 1167.651, 171.0482, 1378.45, 283.5366, 44.14082, 61.41304, 400.906, 444.7324, 116.531, 1140.602, 1166.583, 379.8425, 2017.99, 829.1509, 203.2698, 1296.212, 640.3899, 1858.665, 941.879
406.8, 1096.289, 160.862, 1458.167, 270.4805, 107.2534, 56.27398, 374.9246, 418.9522, 109.0548, 1711.048, 1131.978, 358.1525, 1923.675, 776.4126, 221.8252, 1325.086, 754.6446, 1755.014, 893.9076
406.9, 1091.459, 151.2824, 1594.063, 258.0256, 101.2713, 51.56495, 459.4889, 408.0142, 102.0583, 1719.024, 1075.872, 337.701, 1868.93, 727.0287, 246.7124, 1250.341, 707.0876, 1891.602, 944.8135
407, 1024.754, 142.2732, 1723.66, 246.1442, 95.62295, 47.24998, 429.7109, 384.3625, 95.51058, 1954.222, 1049.451, 318.4173, 1824.685, 680.7859, 340.3066, 1179.812, 662.5276, 1823.557, 896.6926
407.1, 962.1249, 133.8006, 1645.185, 234.8099, 90.28958, 43.29608, 401.8627, 468.1101, 89.38299, 1898.608, 1053.757, 300.2348, 1844.794, 676.9913, 321.8797, 1113.261, 620.7758, 1755.643, 1043.457
407.2, 965.757, 194.7675, 1609.894, 223.9975, 85.25368, 39.67305, 390.9756, 479.838, 418.1097, 1792.11, 1103.974, 283.0906, 1884.014, 633.9311, 308.2379, 1110.871, 658.4218, 1657.738, 1147.82
407.3, 906.734, 206.0872, 1700.341, 213.683, 80.49866, 36.3532, 443.1656, 455.1308, 403.7309, 1838.928, 1347.637, 266.9254, 1972.341, 724.6141, 734.8841, 1140.281, 640.3375, 1781.711, 1249.483
407.4, 851.3183, 193.8144, 1968.818, 203.8435, 76.00886, 33.31115, 521.9452, 485.102, 707.0007, 1748.311, 1520.35, 251.6832, 1880.159, 723.0921, 717.967, 1075.96, 710.4564, 1720.222, 1266.35
407.5, 799.2894, 182.2724, 1867.649, 194.457, 71.76947, 30.52366, 488.1196, 456.9817, 661.6422, 1859.984, 1539.534, 237.3114, 1792.285, 677.0997, 705.0782, 1059.883, 800.114, 1814.416, 1388.586
407.6, 750.4402, 215.4006, 1935.582, 270.5021, 113.838, 27.96943, 456.4861, 446.3079, 619.1938, 1955.24, 2154.477, 223.7603, 1791.787, 634.0326, 666.8997, 1138.158, 954.0835, 1713.233, 1317.863
407.7, 704.5765, 202.5731, 1881.508, 258.0462, 160.419, 25.62894, 426.9027, 420.4364, 579.4687, 1845.565, 2123.988, 210.9829, 1805.846, 593.7048, 807.7534, 1073.957, 1065.536, 1617.692, 1250.742
407.8, 661.5157, 190.5095, 1942.066, 246.1639, 151.4717, 23.4843, 399.2365, 455.2307, 542.2922, 1742.041, 2275.818, 198.9352, 1721.445, 555.9421, 764.0151, 1013.378, 1134.47, 1592.069, 1187.04
407.9, 621.0867, 179.1644, 1842.272, 322.1249, 143.0233, 21.51913, 373.3632, 428.842, 507.5008, 1694.776, 2163.02, 187.5755, 1781.064, 520.5814, 722.6453, 956.2154, 1062.977, 1538.579, 1126.582
408, 583.1285, 168.4948, 1747.606, 307.2919, 135.0462, 19.7184, 449.5499, 403.983, 474.9415, 1610.414, 2128.315, 176.8644, 1733.552, 487.4697, 683.5155, 902.2774, 995.9889, 1498.111, 1069.203
408.1, 558.0189, 158.4606, 1735.59, 293.1419, 127.514, 18.06836, 420.416, 380.565, 444.4711, 1520.081, 2022.828, 166.765, 1652.531, 456.4641, 646.5045, 851.382, 933.2227, 1437.145, 1014.747
408.2, 523.9152, 206.2654, 1646.406, 279.6435, 120.402, 16.55639, 393.1701, 358.5045, 415.9555, 1487.158, 1997.689, 157.2422, 1575.296, 427.4306, 611.4976, 803.3574, 933.6729, 1357.001, 963.0643
408.3, 491.8957, 193.9819, 1567.005, 266.7666, 156.1404, 15.17095, 367.69, 358.9849, 389.2694, 1414.514, 1942.167, 148.2633, 1541.32, 400.2438, 578.3863, 758.0418, 938.3333, 1281.326, 1144.805
408.4, 461.8331, 182.4299, 1554.512, 254.4827, 192.5167, 13.90144, 343.8612, 351.8024, 364.2953, 1335.17, 2020.267, 139.797, 1488.864, 374.7862, 607.1436, 715.2823, 1069.549, 1232.343, 1108.639
408.5, 433.6078, 171.5659, 1535.224, 242.7645, 280.6857, 12.73816, 321.5767, 331.4092, 340.9236, 1322.449, 1920.134, 131.8143, 1419.279, 358.2847, 574.2679, 674.9349, 1002.147, 1259.788, 1259.757
408.6, 430.7911, 161.3488, 1456.336, 231.5858, 265.0305, 11.67223, 300.7363, 312.1982, 319.0512, 1298.047, 1824.965, 124.2873, 1392.865, 335.496, 560.5307, 636.8633, 938.9929, 1189.534, 1195.596
408.7, 404.463, 151.7402, 1456.835, 220.9219, 250.2485, 10.69549, 281.2465, 298.1127, 298.5821, 1280.025, 1862.895, 117.1902, 1382.116, 314.1567, 530.1791, 704.7336, 919.2353, 1160.328, 1240.868
408.8, 379.7439, 142.7038, 1394.249, 210.749, 236.2909, 9.800489, 263.0198, 494.6533, 442.0258, 1256.494, 1790.11, 110.4983, 1367.182, 548.703, 521.0092, 705.4337, 887.7845, 1095.62, 1523.866
408.9, 356.5356, 134.2056, 1451.219, 201.0446, 223.1118, 65.29678, 245.9743, 553.282, 689.0637, 1186.013, 1842.03, 104.1885, 1504.097, 591.9177, 615.2332, 787.6507, 973.2283, 1232.505, 1446.253
409, 334.7456, 126.2134, 1376.647, 191.787, 210.6677, 59.83273, 230.0335, 549.1956, 740.4996, 1133.823, 1904.033, 98.23907, 1567.57, 554.2686, 826.4896, 743.2211, 1073.049, 1352.783, 1372.593
409.1, 314.2874, 118.6972, 1594.899, 182.9557, 198.9177, 54.8259, 215.1258, 572.3801, 767.798, 1070.223, 2030.386, 92.62936, 1636.337, 519.0143, 781.7369, 759.2132, 1005.426, 1277.343, 1302.685
409.2, 295.0795, 111.6285, 1512.944, 174.5311, 187.8231, 50.23806, 201.1842, 558.6387, 817.9052, 1101.358, 2065.233, 87.33997, 1559.859, 486.0023, 739.4074, 716.3877, 1056.266, 1358.334, 1236.337
409.3, 277.0455, 104.9809, 1519.372, 166.4944, 177.3473, 46.03412, 188.1461, 595.9406, 861.0674, 1039.58, 2079.34, 82.35262, 1590.69, 500.0624, 701.3922, 743.481, 1043.55, 1301.757, 1173.368
409.4, 260.1136, 98.72906, 1533.697, 202.3634, 167.4558, 42.18197, 180.6199, 657.1267, 871.5436, 1122.855, 2072.704, 77.65005, 1516.345, 635.889, 721.759, 788.8638, 1122.861, 1585.15, 1113.607
409.5, 244.2166, 92.84957, 1454.887, 193.0451, 158.1159, 62.20291, 228.1257, 660.6276, 840.0234, 1177.309, 2000.862, 73.21603, 1445.475, 846.4683, 682.6772, 1058.226, 1133.483, 1549.434, 1056.889
409.6, 229.2911, 87.32021, 1380.127, 184.1559, 149.297, 56.99775, 280.9424, 622.3325, 786.1307, 1111.27, 2010.143, 69.03519, 1446.854, 792.6285, 771.1458, 1047.818, 1122.325, 1463.028, 1003.06
409.7, 215.2778, 82.12014, 1443.778, 175.676, 140.97, 52.22816, 262.7354, 586.2572, 774.1641, 1121.92, 1938.302, 65.09309, 1379.232, 742.2133, 750.4702, 988.7134, 1051.597, 1381.441, 951.9725
409.8, 202.121, 77.22974, 1405.542, 167.5866, 133.1074, 47.85769, 245.7083, 552.2732, 853.9817, 1341.676, 1842.232, 61.3761, 1314.771, 695.0046, 709.8337, 932.9423, 985.3263, 1304.403, 903.4869
409.9, 189.7682, 72.63057, 1367.372, 159.8697, 125.6833, 43.85294, 229.7848, 520.2592, 799.1935, 1504.175, 1775.431, 57.87136, 1253.322, 650.7988, 729.0662, 1056.057, 923.232, 1231.661, 857.4709
410, 178.1704, 68.30529, 1297.109, 152.5081, 118.6734, 40.18332, 227.9827, 490.1009, 826.6836, 1886.818, 1687.434, 54.56675, 1194.745, 706.4521, 827.3839, 996.4868, 865.0508, 1162.976, 813.7985
410.1, 167.2814, 64.23759, 1394.341, 145.4855, 112.0544, 36.82076, 275.5741, 461.6908, 773.6467, 2215.4, 1641.139, 51.45084, 1138.906, 661.5181, 814.6629, 940.2772, 1098.801, 1189.231, 772.3505
410.2, 157.0578, 60.41212, 1387.36, 138.7863, 105.8046, 33.73959, 257.7151, 434.9276, 775.4445, 2395.789, 1559.798, 48.51285, 1085.676, 619.4421, 770.5506, 887.2382, 1029.555, 1122.912, 733.0134
410.3, 147.4591, 56.81448, 1316.07, 132.3955, 99.90331, 30.91625, 241.0134, 409.7159, 792.9185, 2261.402, 1599.161, 45.74263, 1034.935, 661.1473, 728.8268, 837.1911, 964.6736, 1096.574, 695.6798
410.4, 138.4471, 53.43107, 1308.848, 126.299, 94.33121, 28.32917, 225.3941, 385.9655, 742.0479, 2327.363, 1535.171, 43.1306, 986.5648, 619.0949, 689.3624, 789.967, 903.8808, 1035.423, 660.2477
410.5, 129.9858, 50.24916, 1241.592, 120.4833, 89.0699, 25.95857, 210.787, 363.592, 768.7576, 2233.505, 1569.119, 40.66773, 940.4554, 579.7173, 652.0348, 745.4068, 846.9191, 994.4257, 626.6202
410.6, 122.0416, 47.25673, 1177.792, 114.9354, 84.10204, 23.78635, 197.1266, 342.5154, 796.0084, 2246.744, 1594.954, 38.34549, 896.501, 542.8442, 616.7285, 703.3601, 793.5471, 986.9281, 594.7054
410.7, 114.5829, 44.44251, 1123.059, 109.6429, 79.41125, 21.7959, 184.3514, 479.7469, 744.9395, 2142.639, 1541.308, 36.15586, 854.601, 527.5602, 583.3339, 663.6851, 743.5385, 931.8909, 564.4161
410.8, 107.5801, 41.79588, 1177.663, 104.5941, 74.98209, 19.97201, 172.4042, 488.1302, 841.2092, 2022.452, 1464.915, 34.09126, 814.6592, 494.0046, 551.7475, 626.2481, 696.6815, 879.9229, 535.6694
410.9, 101.0053, 39.30686, 1117.148, 99.77783, 70.79997, 18.30075, 161.2312, 570.2693, 787.2404, 1909.007, 1522.938, 32.14455, 940.2876, 462.5833, 521.8715, 590.9229, 652.7773, 853.0599, 508.3869
411, 94.83227, 36.96607, 1101.971, 95.18333, 66.85111, 16.76934, 150.7823, 995.9358, 736.7341, 1821.336, 1447.456, 30.30901, 1054.286, 433.1606, 493.6133, 557.5902, 611.6399, 845.3687, 482.4939
411.1, 89.03652, 34.76468, 1170.743, 133.61, 63.1225, 15.36607, 141.0106, 1096.805, 726.6965, 1820.643, 1375.714, 28.57828, 1068.34, 405.6094, 466.8851, 526.1378, 573.0949, 833.6939, 457.9197
411.2, 83.59499, 32.69438, 1110.583, 127.4576, 59.60184, 14.08023, 131.8721, 1033.226, 680.0745, 1904.885, 1307.528, 26.94638, 1194.046, 434.6241, 441.6042, 496.4596, 536.979, 787.202, 434.5971
411.3, 78.48602, 30.74737, 1053.515, 121.5885, 56.27756, 12.902, 123.3259, 973.3319, 654.4609, 1880.1, 1242.722, 25.40767, 1245.781, 406.9798, 462.0961, 468.4554, 503.1391, 743.3027, 412.4624
411.4, 73.68929, 28.91631, 999.3797, 115.9897, 53.13868, 11.82235, 115.3336, 916.91, 689.8309, 1830.548, 1181.128, 23.95683, 1203.828, 446.8881, 705.8179, 442.0309, 581.6093, 701.8515, 391.455
411.5, 69.18571, 27.19429, 988.7439, 110.6487, 111.2682, 10.83305, 107.8592, 863.7588, 645.574, 1807.487, 1178.479, 22.58883, 1202.084, 446.2434, 738.7856, 417.0969, 705.2708, 692.2228, 371.5176
411.6, 64.95737, 25.57482, 1022.619, 163.8806, 105.0622, 9.92654, 100.8692, 813.6886, 604.1565, 1774.331, 1120.069, 21.29894, 1145.902, 417.86, 698.7819, 393.5694, 660.8253, 670.0959, 352.5956
411.7, 60.98746, 24.0518, 986.2279, 156.3344, 99.20238, 9.095884, 94.33215, 766.5209, 739.7474, 1845.885, 1135.078, 20.08271, 1279.929, 391.282, 660.9443, 371.369, 619.1807, 632.7272, 334.6373
411.8, 57.26016, 22.61947, 981.7867, 151.8438, 93.66938, 8.334738, 88.21878, 722.0873, 692.2881, 1774.08, 1111.734, 18.93593, 1220.109, 366.3944, 625.1555, 350.421, 580.1605, 619.959, 317.5937
411.9, 53.76067, 21.27244, 966.7823, 188.2963, 88.44498, 7.637284, 82.5016, 680.2296, 739.5247, 1674.566, 1071.47, 17.85464, 1200.211, 343.0898, 591.3046, 330.6545, 543.5994, 585.3862, 301.4181
412, 50.47504, 20.00563, 1070.677, 179.6257, 83.51196, 6.998194, 77.15494, 640.7982, 702.9459, 1742.504, 1165.144, 16.83509, 1262.557, 321.2675, 559.2867, 312.003, 509.3423, 646.741, 286.0664
412.1, 47.39022, 18.81426, 1015.66, 269.3235, 78.85409, 6.412582, 72.15477, 603.6525, 666.7003, 1644.762, 1107.395, 15.87376, 1203.548, 300.8332, 529.0024, 294.4036, 477.244, 610.6747, 271.4966
412.2, 44.49393, 17.69384, 1026.419, 256.9218, 74.45601, 5.875976, 67.47865, 568.6602, 644.4092, 1552.502, 1052.508, 14.96733, 1212.096, 281.6987, 500.358, 277.797, 447.1685, 576.6197, 257.6688
412.3, 41.77465, 16.64014, 973.6761, 245.0912, 70.30323, 5.384272, 63.10557, 535.6962, 623.0889, 1465.418, 1000.342, 14.11265, 1155.446, 263.7812, 473.2647, 262.1271, 418.9884, 544.4638, 244.5453
412.4, 39.22157, 15.64919, 923.6431, 233.8054, 66.38207, 4.933714, 59.0159, 504.643, 583.114, 1441.677, 950.761, 13.30678, 1159.67, 247.0033, 447.6384, 247.3411, 392.5842, 594.1884, 232.0902
412.5, 59.80723, 14.71725, 876.1812, 235.9933, 62.67962, 4.52086, 55.19127, 475.39, 602.9257, 1360.809, 903.6375, 12.54693, 1329.806, 231.2926, 423.3997, 233.3891, 367.8439, 561.0528, 220.2695
412.6, 56.15207, 13.84081, 917.388, 225.1264, 59.18367, 4.142553, 51.61449, 447.8327, 702.3574, 1394.371, 1031.574, 11.83046, 1267.654, 268.5527, 400.4734, 481.098, 344.6627, 529.765, 209.0508
412.7, 52.72029, 13.01657, 870.2474, 307.4697, 55.8827, 3.795903, 48.26952, 421.8728, 657.2968, 1316.156, 980.4456, 11.15491, 1208.408, 251.4713, 378.7886, 453.9603, 322.9424, 567.2379, 198.4035
412.8, 49.49825, 12.24141, 825.5292, 330.1655, 52.76585, 3.47826, 45.14133, 397.4178, 615.1271, 1242.329, 958.8463, 10.51794, 1522.824, 235.4764, 366.1023, 428.3535, 302.5909, 535.6052, 188.2985
412.9, 46.47313, 11.51241, 783.1089, 314.9622, 49.82284, 3.187198, 42.21587, 374.3804, 575.6629, 1243.759, 911.322, 9.917333, 1473.131, 220.4989, 346.2786, 404.191, 283.5219, 505.7365, 178.7082
413, 43.63289, 10.82683, 751.9176, 450.5723, 47.04397, 2.920493, 39.47999, 352.6784, 638.3478, 1173.993, 886.7535, 9.351026, 1404.281, 206.474, 327.5284, 479.2054, 265.6546, 477.5335, 169.6063
413.1, 40.96623, 10.18207, 713.2798, 429.8246, 44.4201, 2.676105, 36.92142, 332.2344, 614.8175, 1108.14, 842.8026, 8.817057, 1338.648, 193.3412, 453.3186, 496.4609, 248.9133, 450.9033, 160.9679
413.2, 38.46255, 9.57571, 676.6275, 410.0323, 41.94257, 2.452168, 34.52866, 312.9755, 606.0214, 1206.472, 821.3223, 8.313579, 1513.037, 181.0437, 428.7724, 468.4566, 233.227, 425.7581, 152.7696
413.3, 74.48965, 9.00546, 641.8586, 391.1514, 39.60323, 2.246969, 32.29097, 294.833, 567.1414, 1259.579, 972.5525, 7.83885, 1488.38, 169.5284, 443.9637, 442.032, 218.5293, 402.0152, 144.9888
413.4, 69.93716, 8.469169, 680.5165, 474.491, 37.39436, 2.058942, 30.19829, 277.7422, 654.0601, 1188.926, 924.3489, 7.391231, 1571.469, 209.296, 419.9239, 417.098, 204.7578, 465.961, 137.6042
413.5, 154.6592, 7.964815, 647.6284, 452.642, 35.30869, 1.886649, 28.24124, 261.6421, 648.6559, 1191.688, 878.5345, 6.969171, 1498.023, 195.9837, 397.1859, 393.5705, 191.8541, 439.9761, 130.5958
413.6, 145.2071, 7.490496, 629.1371, 431.799, 33.33935, 1.728774, 26.41101, 246.4753, 674.0088, 1199.143, 834.9909, 6.571212, 1428.01, 183.5181, 375.6791, 444.995, 337.9631, 415.4403, 123.9444
413.7, 136.3326, 7.044424, 636.1569, 411.9158, 31.47985, 1.584109, 24.6994, 232.1877, 822.4935, 1202.781, 793.6055, 6.195978, 1482.074, 171.8454, 421.0972, 509.056, 316.665, 392.2728, 117.6317
413.8, 128.0005, 6.624916, 729.6097, 392.9481, 29.72407, 1.45155, 23.09871, 218.7283, 804.2056, 1211.119, 754.2712, 5.842171, 1506.928, 160.9151, 398.2957, 610.8885, 382.0462, 370.3972, 111.6405
413.9, 120.1777, 6.23039, 692.1182, 374.8539, 38.23931, 1.330084, 21.60176, 206.0491, 752.6109, 1371.612, 773.0333, 5.508567, 1612.277, 197.75, 414.6815, 809.4627, 435.3285, 349.7415, 105.9545
414, 112.833, 5.859359, 735.843, 447.9581, 36.10651, 1.218782, 20.20181, 194.1049, 739.4908, 1437.038, 846.4984, 107.6337, 1729.513, 185.1721, 392.2274, 763.8027, 407.8945, 330.2378, 100.558
414.1, 128.9838, 5.510424, 780.5668, 635.2762, 34.09267, 26.03316, 18.8926, 182.853, 899.0671, 1425.868, 804.5425, 101.4875, 1874.374, 173.3942, 370.9891, 922.653, 382.1894, 311.8217, 95.43646
414.2, 133.2477, 5.182269, 901.7661, 636.6027, 32.19116, 66.2473, 17.66823, 172.2534, 945.22, 1453.573, 764.6663, 95.69232, 2238.152, 162.3654, 350.9008, 870.6082, 358.1042, 385.7377, 90.57573
414.3, 125.1042, 4.873655, 890.3815, 698.0214, 30.3957, 192.3503, 16.52321, 162.2683, 884.5782, 1468.499, 897.984, 177.0089, 2213.109, 152.0381, 331.9002, 1144.284, 335.5368, 384.1341, 85.96256
414.4, 216.1963, 4.58342, 1067.079, 730.527, 28.70038, 176.2543, 15.45239, 152.862, 1046.212, 1638.685, 853.4764, 355.9428, 2109.674, 142.3677, 313.9285, 1601.828, 314.3916, 379.0275, 81.58435
414.5, 202.9833, 4.31047, 1038.101, 866.05, 27.09962, 161.5053, 14.45097, 144.0009, 979.0914, 1570.267, 1001.897, 335.6175, 2483.895, 133.3124, 296.9299, 1670.659, 294.579, 357.8905, 77.42912
414.6, 190.5778, 4.053773, 984.7571, 826.1707, 25.58814, 147.9905, 13.51445, 135.6535, 916.2767, 1509.229, 952.2393, 316.4528, 2367.804, 124.833, 280.8518, 1576.421, 276.0149, 419.8511, 73.48553
414.7, 178.9305, 3.812364, 1012.837, 788.1276, 24.16096, 212.2988, 12.63862, 127.79, 1018.188, 1539.166, 905.0425, 298.3825, 2289.318, 116.893, 265.6442, 1596.537, 379.7926, 396.4376, 69.7428
414.8, 167.9951, 3.585331, 960.7922, 792.4711, 22.81339, 194.5336, 11.81955, 120.3823, 1076.122, 1636.705, 916.4377, 281.344, 2345.056, 109.458, 251.2601, 1506.48, 355.8584, 374.3298, 66.19068
414.9, 157.7279, 3.371818, 911.4213, 755.9799, 21.54097, 178.255, 11.05357, 113.404, 1023.643, 1544.897, 1022.203, 265.2785, 2336.934, 102.4959, 237.6549, 1573.456, 392.7987, 353.4548, 62.81948
415, 148.0883, 3.17102, 910.8845, 721.169, 20.33953, 163.3385, 10.33722, 106.8302, 1180.986, 1458.239, 1048.676, 250.1304, 2227.712, 95.97663, 224.7864, 1683.927, 461.4464, 371.6516, 59.61998
415.1, 139.0377, 2.98218, 905.8647, 700.1488, 19.20509, 235.4449, 9.667296, 100.6375, 1184.73, 1551.141, 1040.447, 235.8472, 2305.426, 95.75561, 212.6147, 1588.94, 647.0275, 350.9259, 56.58344
415.2, 130.5403, 2.804586, 859.3163, 667.9088, 18.13393, 281.62, 9.04079, 94.80374, 1108.722, 1464.133, 1125.619, 222.3797, 2215.43, 143.6946, 201.102, 1499.312, 606.2525, 376.0097, 53.70155
415.3, 122.5623, 2.637568, 815.1598, 637.1533, 17.12251, 258.054, 8.454885, 89.30818, 1037.591, 1382.005, 1069.829, 209.6812, 2332.442, 134.5549, 316.5073, 1414.739, 568.0471, 355.0411, 50.96645
415.4, 115.0718, 2.480496, 773.2723, 621.5299, 16.1675, 236.4599, 7.90695, 84.13119, 1070.373, 1304.484, 1016.804, 197.7079, 2299.83, 125.9965, 299.3691, 1334.937, 532.2493, 335.2418, 48.37064
415.5, 108.0391, 2.332778, 733.5372, 708.4611, 15.26576, 216.6729, 7.394526, 79.25429, 1001.702, 1231.312, 966.4073, 186.4182, 2192.343, 117.9825, 283.1588, 1259.636, 498.7074, 316.5466, 45.90704
415.6, 101.4362, 2.193857, 695.8439, 675.8383, 14.41431, 198.5416, 6.91531, 74.6601, 1014.839, 1162.244, 918.5083, 175.7732, 2089.878, 110.4782, 267.8264, 1188.583, 467.2794, 298.894, 43.56892
415.7, 95.23685, 2.063209, 660.0875, 644.7177, 13.61036, 181.9276, 6.467151, 70.33221, 1065.064, 1106.83, 872.9834, 165.7361, 1992.203, 103.4512, 253.3241, 1121.538, 437.8318, 333.3318, 41.34989
415.8, 151.5347, 1.940341, 626.1685, 615.0301, 12.85124, 166.7038, 6.048036, 66.25521, 1094.067, 1044.745, 829.7149, 156.2721, 2138.64, 96.87114, 239.6071, 1058.274, 410.2401, 387.8835, 39.24387
415.9, 142.2735, 1.824791, 593.9924, 586.7095, 12.13446, 152.754, 5.656082, 62.41454, 1102.12, 986.1417, 788.5909, 147.3485, 2211.419, 90.70963, 226.6329, 998.5793, 384.3872, 396.7041, 37.24512
416, 133.5784, 1.716121, 563.4697, 729.3303, 11.45766, 374.7343, 5.289529, 58.79651, 1165.585, 930.826, 749.5052, 138.9345, 2108.063, 84.94003, 214.3612, 942.2516, 360.1635, 374.5815, 35.34816
416.1, 125.4146, 1.613923, 615.3477, 695.7466, 10.81861, 343.3764, 4.946731, 55.38821, 1090.806, 950.5327, 712.3568, 131.001, 2143.71, 79.53741, 202.754, 889.1014, 337.4663, 491.596, 33.54782
416.2, 117.7498, 1.517811, 649.0873, 748.3417, 10.21521, 370.1993, 4.626149, 52.17747, 1020.824, 897.2145, 677.0496, 123.5205, 2089.887, 84.80126, 191.7753, 838.9492, 316.1995, 491.1561, 31.83918
416.3, 110.5535, 1.427423, 615.7336, 713.8825, 9.645453, 379.8078, 4.326343, 49.15286, 955.3316, 846.887, 643.4924, 116.4671, 2044.09, 79.40746, 181.391, 791.6259, 296.2729, 624.3503, 30.21756
416.4, 103.7969, 1.342417, 584.0937, 681.0101, 9.107479, 348.0253, 4.045967, 46.30358, 894.0412, 799.3826, 611.5983, 109.8165, 2020.559, 74.35674, 171.5691, 746.9721, 277.6021, 589.5326, 28.67853
416.5, 97.45329, 1.262474, 554.0797, 649.6513, 8.59951, 318.9025, 3.78376, 43.61946, 926.6582, 838.7198, 581.2851, 103.5457, 1926.124, 69.62726, 162.2789, 704.8371, 368.0807, 556.6566, 27.21788
416.6, 91.49735, 1.187291, 525.6079, 619.7366, 8.119873, 292.2166, 3.538547, 41.09094, 867.2073, 791.6735, 552.4743, 97.63295, 1929.614, 65.1986, 153.4919, 665.0788, 484.9423, 525.6139, 25.83163
416.7, 85.90543, 1.116586, 498.5992, 642.0798, 7.666988, 267.7638, 3.309225, 38.70899, 811.5706, 747.2662, 525.0915, 92.05784, 1839.429, 61.05163, 145.1806, 627.5632, 454.3817, 496.3024, 24.51599
416.8, 80.65525, 1.050091, 472.9784, 612.5137, 7.239362, 245.3573, 3.094764, 36.46512, 879.7221, 705.3498, 599.0181, 86.80109, 1952.042, 57.16843, 168.1684, 592.1638, 425.7469, 468.6255, 23.26735
416.9, 94.674, 0.9875566, 448.6741, 584.3091, 6.835588, 230.9545, 2.894203, 34.35131, 838.5698, 792.0522, 590.4539, 81.84451, 1860.809, 53.53222, 159.0624, 698.7347, 626.0261, 512.3521, 22.0823
417, 88.88792, 0.9287458, 425.6187, 557.4032, 6.454333, 306.5529, 2.706639, 32.36005, 829.2817, 747.6236, 561.1887, 77.17096, 1773.839, 50.1273, 151.5342, 659.3206, 586.5745, 483.7802, 20.95761
417.1, 83.45547, 1.250996, 403.748, 531.7362, 6.094343, 280.9005, 2.53123, 100.8388, 776.0781, 705.6871, 533.374, 72.76429, 1758.821, 46.93894, 179.3926, 665.5956, 549.6092, 456.8016, 19.89021
417.2, 78.35503, 45.85927, 383.0011, 569.1046, 5.754432, 257.3946, 2.367189, 94.99341, 726.2879, 666.103, 718.1225, 68.60925, 1676.618, 51.87648, 169.6789, 787.2336, 514.9733, 431.3275, 18.87717
417.3, 73.56631, 43.12827, 363.3203, 597.8218, 5.433479, 280.3421, 2.213779, 165.1029, 679.6921, 635.3829, 682.5295, 64.69147, 1672.386, 48.57686, 160.4911, 809.3277, 482.5202, 407.274, 17.91572
417.4, 69.07024, 40.55991, 344.6509, 645.2729, 5.130427, 271.7666, 2.070311, 155.5322, 691.0232, 599.7424, 648.7007, 215.8455, 1723.581, 45.48712, 151.8009, 763.6754, 559.7003, 426.3745, 17.00325
417.5, 64.84896, 103.8868, 341.7484, 615.5598, 30.19587, 291.1507, 1.936141, 146.5164, 680.3612, 566.1011, 616.5485, 203.5202, 1808.673, 52.81454, 143.5812, 720.5981, 524.4285, 546.2394, 16.13724
417.6, 60.88567, 97.70015, 324.1874, 587.2149, 28.5117, 266.7871, 1.810666, 138.0231, 636.7119, 534.3468, 585.9899, 191.8986, 1724.14, 103.087, 135.8065, 679.9508, 491.3795, 515.7776, 15.31535
417.7, 57.1646, 91.88194, 307.5288, 656.7272, 26.92146, 363.6977, 1.693322, 130.0222, 595.8629, 504.3737, 556.946, 180.9407, 1757.427, 318.975, 128.4529, 641.5963, 460.4132, 617.0294, 14.53531
417.8, 53.67094, 86.4102, 291.7263, 626.4866, 25.41992, 339.9894, 1.583583, 159.5145, 616.9083, 605.9352, 529.3416, 170.6085, 1675.289, 362.9008, 121.4974, 807.1351, 431.3984, 582.6199, 13.795
417.9, 50.3908, 81.26432, 287.4906, 604.9396, 24.00212, 311.539, 1.480956, 150.2678, 577.3298, 571.9465, 503.1053, 160.8662, 1653.13, 339.8184, 114.9186, 761.6064, 798.4532, 550.1294, 13.0924
418, 47.31113, 76.42489, 272.7177, 577.0837, 22.66341, 456.7722, 1.38498, 141.5571, 540.2906, 539.8643, 646.4338, 151.6803, 1575.867, 318.2042, 108.696, 718.6459, 838.1053, 519.4507, 12.42558
418.1, 44.41967, 179.913, 258.704, 550.5105, 21.39936, 540.4611, 12.78056, 133.3514, 505.6276, 509.5817, 614.394, 143.019, 1502.216, 297.9647, 102.8103, 678.1087, 1164.772, 490.4829, 11.79273
418.2, 41.70493, 169.1989, 245.4103, 525.1609, 20.20581, 508.0082, 11.95229, 125.6213, 473.1885, 568.8187, 583.9422, 134.8522, 1432.006, 279.0126, 97.24334, 639.8581, 1439.386, 463.1306, 11.19211
418.3, 39.15611, 159.1228, 232.7997, 500.9787, 19.07883, 465.498, 11.1777, 118.3393, 442.8305, 536.9119, 554.9997, 127.1518, 1365.078, 261.266, 91.97781, 603.7651, 1398.66, 437.3035, 10.62207
418.4, 36.76305, 149.6467, 220.8372, 477.9099, 18.01471, 426.5449, 10.45331, 111.4794, 550.4924, 506.795, 527.4917, 119.8911, 1301.278, 244.6481, 86.99741, 569.7081, 1399.396, 412.9167, 10.08107
418.5, 34.51625, 140.735, 209.4893, 455.9034, 168.5486, 442.7172, 53.38629, 105.0172, 515.1749, 534.3979, 501.3471, 113.045, 1327.628, 229.0872, 82.28667, 537.5722, 1311.207, 389.8899, 9.567628
418.6, 32.40676, 322.1017, 198.7246, 434.9102, 159.1478, 525.4608, 49.92649, 98.9296, 482.1233, 504.422, 476.4984, 106.5898, 1265.578, 214.5161, 77.83102, 507.249, 1536.707, 368.1472, 9.080333
418.7, 30.4262, 881.6326, 188.513, 414.8838, 150.2714, 481.4901, 46.69091, 93.19488, 489.5178, 476.1274, 452.8813, 100.5032, 1206.428, 200.8718, 73.61662, 478.6362, 1562.672, 347.6171, 8.617857
418.8, 63.25298, 973.8856, 178.8261, 395.7794, 146.8186, 441.1988, 43.66502, 87.79258, 494.4557, 449.42, 430.4347, 94.7642, 1150.043, 188.0953, 69.63043, 451.6374, 1464.194, 328.2318, 8.178935
418.9, 90.79598, 915.8889, 169.637, 377.5548, 138.6298, 404.2791, 77.50016, 82.70344, 537.1975, 424.2107, 409.1006, 89.35291, 1222.888, 176.1314, 65.86008, 426.1616, 1371.922, 309.9275, 7.762369
419, 85.24692, 861.3461, 160.9201, 360.1694, 130.8977, 370.4489, 72.47762, 77.9093, 502.733, 400.4155, 388.824, 84.25061, 1165.733, 164.9286, 62.2939, 402.1227, 1285.465, 292.644, 7.367019
419.1, 172.9145, 810.0515, 152.6511, 351.3401, 123.5969, 339.4496, 67.78058, 73.39307, 652.4427, 377.955, 369.5523, 79.43967, 1111.25, 154.4382, 58.92081, 379.4399, 1307.211, 276.3244, 6.991805
419.2, 162.3467, 761.8115, 144.8071, 452.7498, 116.7033, 311.0444, 63.38794, 69.13864, 634.0168, 356.7543, 351.2359, 74.90344, 1059.313, 144.6152, 55.73037, 358.0366, 1224.831, 260.9148, 6.635701
419.3, 152.4247, 716.4443, 137.3661, 431.9018, 110.1942, 285.0161, 59.27996, 65.13083, 613.0237, 336.7429, 333.8272, 70.62625, 1133.832, 135.4169, 52.71268, 337.8405, 1147.644, 246.3646, 6.297734
419.4, 143.1092, 673.7787, 130.3074, 412.0139, 104.0481, 261.1658, 55.43822, 61.35534, 675.9803, 517.3702, 317.2814, 66.5933, 1080.839, 126.8037, 49.8584, 318.7837, 1075.32, 232.6258, 5.97698
419.5, 134.363, 633.654, 156.3234, 393.0417, 98.24483, 239.3114, 51.84544, 57.79871, 694.6887, 549.1479, 301.5557, 62.79064, 1129.868, 118.7383, 47.15867, 300.8018, 1182.217, 219.6531, 5.672563
419.6, 143.8808, 595.9188, 148.2906, 447.2153, 92.76524, 219.2857, 48.4855, 54.44824, 657.4149, 518.3445, 286.6094, 59.20512, 1107.984, 122.8183, 62.69534, 283.8343, 1107.715, 207.4039, 5.38365
419.7, 140.2663, 560.4308, 140.6706, 490.8906, 87.59126, 200.9358, 45.34331, 51.292, 722.7769, 489.269, 272.4039, 55.82435, 1229.076, 162.4639, 59.30051, 267.8238, 1037.908, 195.8378, 5.109452
419.8, 131.6938, 527.0562, 234.8409, 468.2864, 82.70586, 184.1215, 42.40475, 117.0552, 772.3608, 498.3663, 258.9025, 52.63662, 1263.914, 152.1304, 56.08951, 252.7165, 1077.684, 399.8536, 4.849219
419.9, 140.4726, 495.669, 266.7347, 446.7231, 78.09295, 214.962, 39.65664, 116.9769, 775.5149, 470.4114, 246.0703, 49.63093, 1385.552, 142.4541, 53.05238, 566.9221, 1053.58, 851.1779, 4.60224
420, 158.899, 466.1511, 253.0284, 426.1526, 73.73732, 196.9739, 37.08662, 110.196, 811.3289, 502.9912, 233.8741, 46.79687, 1448.129, 133.3933, 50.1797, 534.9433, 987.1848, 803.7109, 4.36784
420.1, 156.8278, 438.3909, 246.9695, 406.5294, 69.62463, 180.4911, 34.68316, 130.9331, 759.2771, 474.7769, 222.2824, 44.12464, 1466.423, 124.9088, 47.46257, 504.7683, 1046.971, 939.2758, 4.145379
420.2, 193.3918, 412.284, 300.0154, 394.0719, 65.74132, 165.3875, 32.43545, 123.3432, 710.5648, 448.1453, 211.2652, 41.605, 1559.03, 116.9639, 54.61042, 476.2955, 1092.151, 886.8959, 3.934248
420.3, 181.5725, 387.7318, 284.5989, 544.2148, 107.1966, 151.5478, 30.33341, 133.2016, 771.6859, 423.0074, 200.794, 39.22924, 1510.588, 109.5244, 64.77086, 449.4287, 1103.143, 837.437, 3.733871
420.4, 170.4756, 364.6416, 368.3098, 529.9366, 101.4039, 138.8663, 28.3676, 125.4802, 722.1774, 399.2797, 190.8419, 36.98914, 1491.232, 102.5581, 61.26365, 424.0775, 1133.11, 790.7363, 3.543698
420.5, 160.0568, 342.9266, 376.4951, 505.5344, 144.8015, 127.2459, 26.52919, 118.2064, 718.5375, 376.8829, 181.383, 34.87696, 1421.536, 96.03485, 57.94635, 400.1562, 1297.184, 746.64, 3.363212
420.6, 150.2748, 322.5047, 357.1486, 482.2559, 136.7252, 195.4451, 24.80991, 206.8694, 756.2975, 355.7424, 172.393, 32.88539, 1413.051, 89.92654, 54.80867, 377.5843, 1524.8, 705.0027, 3.191918
420.7, 141.0907, 303.299, 338.7963, 460.0492, 215.9565, 202.1724, 35.53495, 194.8776, 707.7763, 335.7878, 163.8485, 31.00755, 1419.678, 84.20674, 51.84089, 356.2856, 1768.718, 665.6873, 3.029348
420.8, 132.4678, 285.237, 321.387, 438.8652, 277.0115, 185.2546, 33.23205, 183.581, 662.3681, 316.9525, 155.7275, 29.23693, 1353.326, 78.85075, 90.28905, 336.1884, 1672.6, 628.5645, 2.875059
420.9, 124.3719, 268.2506, 449.5817, 418.6566, 636.9201, 169.7524, 31.07838, 172.9392, 619.8731, 299.1736, 148.009, 27.56742, 1507.926, 73.83543, 85.40009, 317.2248, 1774.346, 754.681, 2.728627
421, 116.7709, 252.2758, 426.4796, 399.3785, 1534.311, 155.5475, 29.06429, 264.9783, 811.5694, 282.3921, 140.6731, 25.99325, 1437.45, 112.0038, 145.8205, 299.3308, 1662.528, 712.5953, 2.589654
421.1, 109.6343, 237.2523, 404.5647, 380.9882, 1448.735, 142.5312, 27.18073, 249.6181, 759.5022, 279.4959, 133.7008, 24.50896, 1370.267, 104.8798, 137.9246, 282.4463, 1639.349, 672.8566, 2.457758
421.2, 102.9339, 223.1235, 383.7759, 363.4447, 1516.5, 130.6041, 25.41923, 235.1483, 710.7755, 329.2872, 127.0741, 23.10943, 1385.522, 141.3029, 130.4563, 266.5141, 1557.81, 635.3339, 2.332581
421.3, 96.64304, 209.8361, 364.0553, 346.709, 1608.881, 119.6751, 23.77189, 221.5172, 763.5444, 310.8165, 120.7758, 21.78982, 1333.115, 132.3153, 123.3924, 251.4806, 1597.616, 599.9037, 2.213779
421.4, 90.73663, 197.34, 345.3481, 330.7439, 1519.146, 109.6607, 22.23131, 208.6764, 714.5583, 388.5636, 114.7896, 20.54556, 1330.676, 156.299, 153.596, 237.2952, 1496.936, 637.8985, 2.101027
421.5, 85.1912, 185.5881, 454.3652, 315.514, 1501.072, 161.0671, 20.79057, 196.5799, 668.715, 366.7679, 109.1002, 19.37235, 1268.484, 194.0216, 145.2791, 223.9099, 1402.601, 602.3253, 1.994019
421.6, 79.98468, 174.536, 456.6807, 300.9854, 1511.829, 147.5889, 45.73344, 185.1846, 728.2172, 346.1948, 103.6928, 18.26614, 1246.118, 181.6808, 137.4125, 211.2796, 1314.21, 568.7359, 1.89246
421.7, 75.09636, 164.142, 433.2138, 429.3741, 1440.684, 135.2386, 42.7696, 174.4498, 766.3155, 376.8269, 98.55336, 17.22309, 1393.145, 170.125, 139.2651, 199.3618, 1231.39, 537.0197, 1.796074
421.8, 70.50679, 154.3671, 410.9529, 424.1151, 1485.88, 123.9218, 39.99784, 164.3374, 717.1516, 355.6895, 93.66866, 16.2396, 1328.033, 159.3042, 131.7242, 188.1163, 1153.789, 507.0721, 1.704597
421.9, 66.19772, 145.1743, 389.8358, 414.3708, 1403.005, 180.3324, 37.4057, 154.8111, 749.2531, 335.7379, 89.02608, 15.31228, 1293.908, 149.1716, 124.5916, 177.5051, 1081.078, 478.7946, 1.617779
422, 62.15199, 136.5289, 369.8039, 415.5032, 1345.517, 220.9803, 34.98156, 145.837, 701.1839, 459.292, 84.61359, 14.43791, 1233.435, 139.6835, 117.8452, 167.4924, 1449.312, 452.094, 1.535383
422.1, 58.35353, 128.3983, 414.8783, 396.3704, 1351.265, 202.4886, 32.71452, 137.3832, 656.1986, 459.5589, 80.41981, 13.61346, 1301.02, 130.7989, 111.4641, 158.0445, 1614.905, 454.7676, 1.457183
422.2, 54.78721, 120.752, 393.5595, 415.4347, 1275.898, 185.5443, 30.59439, 129.4194, 645.5481, 445.837, 76.43388, 12.8361, 1327.138, 122.4794, 105.4286, 149.1296, 1667.988, 506.7661, 1.382967
422.3, 51.43885, 113.561, 406.5134, 452.3383, 1333.649, 220.5866, 30.0675, 121.9172, 745.2559, 425.4423, 224.4599, 12.10312, 1475.255, 114.6891, 99.71986, 140.7175, 1731.421, 478.5057, 1.31253
422.4, 48.29512, 106.7982, 440.9456, 440.5083, 1259.265, 339.1282, 28.11893, 114.85, 697.4431, 401.5779, 242.2567, 11.412, 1459.115, 107.3943, 94.32023, 319.5321, 1622.308, 451.8213, 1.245681
422.5, 45.34353, 100.4382, 418.2873, 420.224, 1189.029, 310.7498, 26.29663, 108.1924, 652.6978, 553.8945, 230.2495, 10.76034, 1390.92, 100.5634, 123.0464, 342.9528, 1608.057, 426.6249, 1.182236
422.6, 42.57233, 94.45693, 396.7933, 491.1145, 1179.492, 284.7462, 24.59243, 101.9207, 610.8232, 522.8249, 251.72, 10.1459, 1405.676, 229.0089, 116.3837, 323.6076, 1506.719, 402.8336, 1.122023
422.7, 100.8687, 88.83186, 376.4039, 490.9561, 1113.706, 327.8221, 46.45845, 96.01257, 659.853, 493.4981, 239.2438, 9.56654, 1417.045, 214.4427, 268.0316, 305.3536, 1411.767, 380.3691, 1.064877
422.8, 94.70401, 83.54176, 444.5775, 468.3489, 1169.845, 368.5356, 43.44762, 176.7097, 617.5194, 465.8163, 227.3859, 9.020264, 1401.938, 200.8031, 253.5183, 288.1293, 1322.799, 417.3696, 1.010641
422.9, 88.91611, 78.56669, 421.7325, 446.7826, 1104.597, 432.4806, 40.63192, 166.4663, 641.6551, 531.1505, 245.2202, 284.0173, 1449.189, 188.031, 384.192, 481.8734, 1239.437, 416.6774, 0.9591671
423, 119.1029, 73.88791, 527.7934, 426.2094, 1042.988, 396.2905, 44.94474, 171.5121, 715.7259, 571.8134, 233.0662, 267.7992, 1508.099, 176.0712, 363.3888, 454.692, 1357.164, 508.7767, 0.9103151
423.1, 143.0426, 69.48775, 503.8529, 406.5836, 984.8158, 363.1288, 42.03201, 183.2578, 783.5305, 539.7386, 221.5145, 302.0504, 1635.669, 164.8722, 343.712, 429.0438, 1271.637, 502.6467, 0.8639513
423.2, 134.3004, 65.34963, 550.3539, 494.729, 1046.037, 332.742, 39.30805, 172.6348, 733.2621, 668.3788, 229.768, 326.6278, 1559.222, 154.3855, 325.1007, 492.8477, 1246.105, 548.8902, 0.8199488
423.3, 126.0925, 61.45794, 522.0737, 471.948, 987.6942, 304.898, 119.3742, 162.6275, 686.2189, 703.3579, 332.3288, 307.9764, 1486.349, 144.5657, 307.4972, 557.4884, 1280.452, 568.968, 391.8941
423.4, 151.9297, 57.79801, 495.2466, 450.2161, 964.5536, 360.3206, 111.638, 292.2832, 728.4498, 713.2191, 315.8573, 336.6514, 1416.881, 135.3706, 290.8468, 526.0417, 1199.759, 537.2388, 567.1278
423.5, 142.6444, 54.35604, 493.7691, 429.4848, 910.7557, 330.1688, 163.082, 285.0521, 681.7153, 673.2125, 357.8563, 317.4276, 1516.085, 126.7603, 275.0981, 496.3689, 1124.152, 564.466, 538.243
423.6, 133.9266, 51.11904, 468.3965, 409.7082, 859.9584, 375.0843, 196.4375, 316.7877, 637.979, 635.45, 363.3367, 299.3017, 1445.227, 118.6977, 316.8714, 543.5967, 1053.309, 532.9879, 510.8295
423.7, 136.1742, 48.07481, 493.8497, 404.5094, 811.9943, 343.6971, 211.7399, 298.4242, 664.4131, 599.8057, 392.3359, 332.0559, 1377.681, 111.1479, 299.7135, 512.9337, 986.9302, 503.2651, 484.8121
423.8, 228.1961, 45.21187, 468.473, 406.8898, 771.988, 314.9364, 355.7328, 319.0223, 736.1088, 566.1608, 372.8902, 313.0946, 1455.611, 104.0783, 283.4846, 606.6626, 1110.239, 563.1414, 460.1198
423.9, 214.2497, 42.51942, 444.4002, 388.1536, 728.9305, 288.5825, 332.6789, 374.5963, 688.8828, 575.5635, 354.4083, 295.216, 1645.32, 149.1933, 268.1345, 572.4421, 1040.273, 718.1305, 436.6852
424, 201.1557, 39.98732, 421.5644, 370.2801, 688.2744, 264.4338, 311.119, 352.8818, 687.4338, 543.2784, 477.4575, 278.3584, 1568.422, 153.4973, 253.6155, 747.4835, 974.7161, 964.3162, 414.4441
424.1, 188.8619, 37.606, 399.902, 455.0237, 649.886, 242.3059, 290.9564, 332.426, 643.3307, 512.8043, 453.7928, 262.4633, 1495.118, 245.712, 239.8828, 705.3196, 913.2903, 999.621, 393.3358
424.2, 177.3195, 35.3665, 379.3528, 434.0711, 613.6386, 222.0296, 272.1004, 313.156, 781.4876, 484.0396, 431.3011, 247.476, 1425.24, 230.0834, 226.8936, 665.5341, 855.7357, 943.8759, 373.3025
424.3, 166.4825, 33.26036, 359.8595, 414.0833, 579.413, 203.4501, 254.4665, 295.0031, 731.3503, 456.8884, 409.9241, 233.3444, 1358.629, 215.4489, 214.6078, 627.9928, 801.808, 891.2395, 354.2896
424.4, 156.3077, 31.27965, 341.3679, 395.0158, 547.0963, 186.4253, 237.9753, 277.9024, 684.4297, 431.2601, 389.6067, 220.0198, 1295.13, 201.7452, 202.9872, 592.5691, 751.2789, 841.5384, 336.2451
