 , C000, C002, C003, C004, C005, C010, C015, C017, C018, C019, C021, C022, C024, C027, C030, C060, C075
Time(s)/Cell Status, accepted, accepted, accepted, accepted, accepted, accepted, accepted, accepted, accepted, accepted, accepted, accepted, accepted, accepted, accepted, accepted, accepted
0, 0, 0, 0, 0, 0, 0, 0, 0, 0, 0, 0, 0, 0, 0, 0, 0, 0
0.1, 0, 113.1638, 0, 0, 0, 0, 0, 97.06354, 13.73779, 80.0083, 118.4855, 0, 451.7651, 17.5675, 38.85504, 0, 127.0637
0.2, 0, 130.2249, 86.54617, 0, 73.26266, 127.7341, 0, 176.836, 55.11157, 76.20044, 232.8029, 157.099, 454.8426, 16.60028, 249.0297, 0, 120.5515
0.3, 0, 505.9575, 155.6443, 0, 68.7341, 120.575, -3.051758e-05, 167.2239, 195.0122, 72.57385, 219.4457, 182.6038, 451.2203, 282.3035, 280.2582, 7.629395e-06, 140.3932
0.4, 0, 482.4027, 276.3874, 0, 138.9532, 113.8172, -3.051758e-05, 223.2775, 354.7644, 156.7922, 206.855, 218.1849, 434.627, 352.0108, 296.6138, 152.5669, 312.0566
0.5, 0, 459.9445, 256.5714, 0, 130.364, 175.3275, -3.051758e-05, 211.1411, 339.353, 360.3737, 251.5836, 252.8674, 463.7006, 424.8397, 280.9273, 144.1149, 296.063
0.6, 0, 438.5319, 249.9661, 0, 122.3058, 165.5009, -3.051758e-05, 340.0528, 324.6113, 343.2222, 300.0454, 251.4675, 433.0185, 530.7376, 363.074, 136.131, 356.7419
0.7, 0, 418.116, 232.0444, 0, 114.7457, 156.2251, -3.051758e-05, 402.8434, 518.8574, 326.8868, 282.8302, 269.6093, 471.6384, 501.5144, 503.1497, 128.5895, 542.4524
0.8, 0, 398.6506, 215.4076, 0, 107.653, 147.4691, 114.8646, 380.9465, 496.318, 416.6646, 416.1231, 256.7638, 518.3228, 473.9003, 602.0512, 121.4658, 514.6505
0.9, 0, 380.0916, 207.5113, 0, 100.9986, 139.2039, 108.5953, 360.2399, 474.7576, 396.8339, 392.2479, 301.4004, 573.0526, 447.8066, 570.2116, 114.7367, 488.2734
1, 0, 470.6985, 192.6335, 0, 94.75558, 131.402, 102.6681, 340.6588, 454.1339, 377.9473, 369.7426, 429.567, 550.6057, 652.8476, 540.0558, 108.3805, 463.2482
1.1, 0, 448.7852, 178.8223, 0, 88.89845, 124.0373, 97.06445, 322.1421, 449.4025, 725.4613, 348.5285, 446.3286, 544.2109, 616.9009, 511.495, 102.3763, 491.0515
1.2, 0, 570.8013, 166.0014, 0, 83.40337, 117.0854, 91.76666, 304.6318, 695.9775, 690.934, 328.5316, 472.7931, 508.2016, 582.9334, 552.9564, 96.70476, 613.3486
1.3, 0, 544.2276, 154.0997, 0, 78.24794, 110.5231, 86.75803, 288.0734, 777.6583, 658.0499, 309.682, 595.9365, 474.575, 550.8362, 523.7133, 91.34742, 581.913
1.4, 0, 518.8911, 143.0513, 0, 73.41121, 104.3286, 82.02275, 272.4149, 743.8765, 878.6807, 381.0658, 628.2174, 498.4041, 520.5063, 550.2853, 86.28687, 552.0886
1.5, 0, 527.627, 132.795, 0, 68.87343, 116.3057, 77.54593, 257.6076, 855.063, 975.7496, 359.2021, 739.9343, 465.4257, 558.5068, 597.1781, 81.50666, 607.7532
1.6, 0, 792.6284, 123.2741, 0, 64.61617, 109.7872, 73.31346, 557.22, 817.9186, 976.2294, 338.5928, 789.3302, 434.6295, 708.1478, 565.5962, 76.99127, 774.9313
1.7, 0, 755.7275, 114.4358, 0, 60.62203, 217.6533, 505.2611, 526.9318, 843.4191, 929.767, 319.166, 751.7231, 405.871, 750.5333, 589.4169, 72.72604, 735.2142
1.8, 0, 729.3599, 106.2311, 0, 56.87479, 266.9666, 477.6839, 498.2901, 1024.198, 1069.216, 300.8537, 715.9077, 407.0878, 709.2079, 728.7726, 68.6971, 697.5327
1.9, 0, 775.0002, 184.0742, 0, 136.9584, 322.5111, 809.3121, 471.2051, 1028.834, 1045.011, 283.5922, 681.7988, 380.1517, 694.8304, 724.1459, 64.89135, 661.7825
2, 0, 873.9056, 170.8767, 0, 128.4926, 304.4353, 765.1396, 445.5924, 1003.203, 995.2756, 267.321, 722.8088, 383.0107, 656.572, 685.8494, 61.29644, 627.8646
2.1, 0, 875.951, 163.2777, 0, 216.4951, 287.3727, 723.3782, 421.3719, 1125.896, 1146.873, 251.9834, 728.0318, 357.6677, 620.4203, 649.5781, 57.90068, 863.1298
2.2, 0, 1000.507, 151.5713, 0, 203.1129, 325.0157, 683.8962, 398.4679, 1076.986, 1092.289, 237.5258, 764.4194, 368.0684, 586.259, 615.2251, 54.69305, 818.8925
2.3, 0, 953.9285, 140.7042, 0, 190.5579, 306.7995, 646.569, 376.8089, 1030.201, 1173.137, 274.7964, 727.9993, 343.7141, 553.9788, 582.6888, 51.66311, 776.9223
2.4, 94.01662, 909.5184, 153.6996, 0, 178.7789, 465.113, 611.2791, 356.3271, 998.3106, 1117.304, 325.4028, 693.3143, 373.618, 523.476, 586.0989, 48.80103, 737.1032
2.5, 140.1224, 893.2928, 142.6798, 0, 167.7281, 439.0449, 577.9154, 336.9587, 1158.982, 1064.127, 306.7327, 804.8624, 417.9024, 494.6526, 651.6234, 46.0975, 699.325
2.6, 143.1381, 851.7056, 132.4502, 0, 157.3603, 414.4378, 546.3727, 318.6431, 1240.573, 1013.481, 289.1339, 785.9975, 546.9102, 467.4164, 617.1622, 43.54375, 663.4828
2.7, 133.9766, 856.6514, 181.8701, 0, 147.6334, 466.0323, 516.5516, 301.323, 1194.799, 965.2461, 323.7357, 984.9684, 645.8988, 441.6797, 584.5236, 41.13147, 629.4778
2.8, 157.8157, 816.77, 185.1319, 0, 138.5077, 439.9126, 488.3581, 284.9443, 1244.122, 919.3065, 368.9619, 1046.869, 603.1611, 499.1196, 553.611, 228.843, 597.2155
2.9, 280.7756, 778.7452, 171.8586, 0, 129.9461, 415.2568, 461.7034, 269.456, 1208.525, 875.5534, 347.7926, 1038.834, 563.2512, 471.6374, 524.3331, 216.1653, 566.6068
3, 262.8047, 742.4907, 199.3546, 22.61127, 121.9137, 391.9829, 436.5036, 254.8095, 1156.026, 833.8826, 327.838, 989.3391, 625.5513, 445.6684, 496.6037, 264.7271, 537.5669
3.1, 329.5824, 738.623, 185.0616, 21.43278, 114.3779, 370.0135, 412.6791, 240.9592, 1191.676, 794.195, 330.7526, 942.2028, 634.8575, 421.1292, 470.3408, 250.0615, 510.0153
3.2, 356.4023, 704.2365, 250.0019, 20.31571, 107.3078, 488.8406, 390.1551, 227.8616, 1145.309, 756.3964, 311.7755, 974.2278, 592.8504, 397.9413, 497.1778, 236.2083, 483.8758
3.3, 467.2712, 775.9235, 329.2795, 19.25686, 100.6748, 461.4426, 501.1482, 215.4761, 1234.456, 720.3966, 368.5135, 978.9619, 553.6227, 376.03, 500.0782, 223.1226, 459.076
3.4, 437.3637, 739.8004, 305.6714, 18.2532, 94.4518, 456.2727, 1402.783, 203.7637, 1206.345, 686.1104, 347.3699, 932.3201, 516.9907, 355.3253, 473.6315, 210.7619, 435.5473
3.5, 409.3704, 721.5656, 310.3274, 17.30185, 88.61344, 430.7, 1516.875, 192.688, 1172.978, 653.4558, 327.4395, 887.9004, 482.7825, 335.7606, 770.2769, 279.6823, 413.2245
3.6, 394.2871, 728.0724, 388.8225, 91.30399, 101.864, 406.5605, 1601.918, 593.9122, 1176.356, 622.3555, 308.6526, 874.5759, 450.8378, 317.2731, 869.3824, 264.1883, 392.0457
3.7, 433.6602, 726.6296, 360.9453, 86.54527, 105.3389, 468.2105, 1514.485, 561.6296, 1207.911, 831.9351, 290.9435, 832.9075, 421.0068, 299.8036, 1112.791, 387.5026, 371.9525
3.8, 405.9039, 734.9504, 335.0668, 82.03456, 203.3174, 568.7446, 1452.781, 531.1018, 1272.339, 792.3403, 274.2505, 878.0695, 393.1497, 283.296, 1071.899, 366.0353, 352.889
3.9, 379.9242, 746.2797, 311.0437, 77.75895, 190.7497, 536.8681, 1514.122, 502.2334, 1217.068, 800.2565, 258.5154, 885.8928, 367.1358, 267.6974, 1173.933, 345.7574, 334.8026
4, 370.787, 711.5366, 288.7429, 73.70618, 178.9589, 657.943, 1551.505, 474.9341, 1207.362, 762.1693, 243.683, 881.698, 342.8432, 306.1266, 1111.85, 326.6028, 317.6432
4.1, 347.0549, 678.411, 268.0411, 88.03026, 167.8969, 621.0673, 1614.47, 449.1187, 1165.252, 850.0911, 229.7016, 877.0666, 320.158, 337.947, 1053.049, 308.5093, 301.3632
4.2, 398.8495, 673.0015, 248.8235, 215.3979, 276.3298, 643.0428, 1591.331, 424.7065, 1114.632, 809.6322, 216.5224, 835.2794, 298.9738, 319.3391, 997.3588, 370.3147, 285.9176
4.3, 373.3213, 712.6447, 230.9837, 204.1714, 259.2491, 790.5873, 1636.504, 401.6213, 1257.004, 805.322, 204.0994, 795.4832, 279.1913, 301.7559, 991.8176, 386.9096, 271.2637
4.4, 349.427, 679.4675, 223.3876, 193.5301, 243.2241, 922.8219, 1626.536, 379.7909, 1412.269, 766.9938, 192.3891, 757.5829, 320.9894, 285.1408, 939.3652, 384.6577, 547.6518
4.5, 327.0621, 734.6296, 328.1487, 195.0296, 228.1897, 947.3062, 1640.835, 359.1471, 1366.645, 866.5613, 181.3508, 721.4885, 468.8999, 269.4405, 889.6868, 443.9734, 519.5834
4.6, 306.1286, 700.429, 304.6216, 184.8647, 214.0845, 894.2126, 1551.278, 339.6254, 1370.464, 825.3184, 170.9457, 742.8191, 437.8738, 254.6047, 1043.026, 419.3778, 492.9535
4.7, 286.535, 753.2571, 282.7813, 175.2297, 252.1069, 844.0947, 1562.886, 321.1648, 1357.884, 786.0385, 219.9935, 887.3765, 408.9006, 240.5858, 987.866, 396.1447, 467.6885
4.8, 268.1954, 718.1893, 264.9862, 269.204, 236.5235, 796.7857, 1611.304, 303.7076, 1357.813, 952.6232, 347.0422, 904.0891, 381.8445, 227.3389, 935.6226, 374.1988, 443.7183
4.9, 293.558, 684.7539, 258.6376, 263.9817, 373.2303, 752.1283, 1523.358, 287.1994, 1400.201, 907.2843, 343.7358, 904.1894, 356.5786, 214.8212, 999.6102, 353.4685, 420.9767
5, 274.769, 681.6364, 331.2483, 250.2231, 350.1599, 709.9738, 1462.351, 271.5884, 1356.04, 1005.443, 411.6174, 861.1099, 332.9846, 298.0281, 1058.615, 441.3364, 528.9321
5.1, 257.1825, 744.808, 319.9899, 237.1816, 343.6861, 670.1819, 1533.205, 256.826, 1305.946, 957.5905, 388.0007, 820.083, 310.9517, 281.6183, 1002.63, 533.6701, 634.7621
5.2, 240.7216, 774.5258, 297.0477, 266.8022, 373.6463, 632.6202, 1494.958, 242.8661, 1378.604, 970.2306, 365.7391, 924.6483, 290.3767, 266.112, 949.606, 504.1054, 662.0735
5.3, 280.2748, 738.4678, 275.7505, 252.8966, 350.5501, 597.1638, 1413.363, 229.6649, 1329.25, 1135.878, 460.1883, 940.6556, 271.1631, 251.4595, 899.3859, 476.1785, 628.1407
5.4, 334.1795, 784.3361, 342.6909, 326.2952, 341.8841, 563.6946, 1336.221, 217.1813, 1335.183, 1081.818, 433.7849, 895.8387, 253.2208, 237.6138, 983.1591, 449.7987, 675.9843
5.5, 330.4246, 810.2686, 318.1212, 349.8477, 320.7512, 667.2369, 1518.518, 205.3763, 1359.243, 1030.33, 586.4656, 901.3658, 236.4657, 224.5304, 931.1647, 500.6031, 839.4112
5.6, 309.2759, 818.4399, 295.313, 401.3074, 300.9246, 741.9299, 1435.637, 377.76, 1300.197, 981.2926, 552.817, 1198.975, 220.8193, 212.1675, 936.4839, 472.8702, 796.3894
5.7, 299.4326, 1088.763, 294.5632, 380.3914, 282.3235, 700.3469, 1357.279, 629.09, 1450.615, 1301.699, 620.3629, 1280.35, 206.2081, 260.7081, 953.2119, 446.6737, 755.5726
5.8, 280.2675, 1373.885, 273.4441, 360.5655, 399.5724, 661.0946, 1283.199, 797.4926, 1440.849, 1262.325, 584.7695, 1245.977, 192.5638, 246.3532, 902.8011, 421.9285, 1224.271
5.9, 355.0365, 1508.752, 253.8391, 341.773, 377.2311, 624.0423, 1213.162, 994.779, 1475.058, 1591.513, 900.1876, 1283.071, 179.8222, 232.7886, 1087.78, 456.0698, 1363.556
6, 350.8126, 1547.29, 235.6397, 419.0847, 353.9133, 589.0666, 1221.534, 1372.323, 1504.949, 1515.767, 1057.833, 1221.94, 167.9238, 219.9709, 1143.432, 430.804, 1293.67
6.1, 328.3589, 1674.834, 218.7452, 397.2422, 431.5828, 556.0511, 1256.636, 1479.149, 1654.287, 1663.126, 1136.896, 1269.1, 156.8126, 454.7162, 1269.073, 611.2287, 1344.341
6.2, 323.4232, 1774.683, 203.0619, 376.5381, 404.9054, 577.9299, 1188.049, 1472.073, 1605.155, 1583.971, 1087.761, 1208.634, 146.4367, 517.519, 1321.975, 577.3672, 1470.222
6.3, 302.7226, 1692.063, 188.5031, 411.9914, 639.34, 580.9669, 1123.205, 1392.057, 1535.426, 1508.584, 1025.351, 1151.05, 136.7473, 489.0237, 1252.062, 545.3817, 1557.34
6.4, 283.347, 1655.259, 174.9881, 390.5186, 682.051, 624.0785, 1061.9, 1414.92, 1468.726, 1436.785, 983.1678, 1096.209, 127.699, 462.0974, 1185.846, 515.1682, 1477.523
6.5, 324.0342, 1632.625, 162.4421, 370.1649, 639.8914, 747.8104, 1003.942, 1338.011, 1509.266, 1459.618, 1112.214, 1043.981, 119.2494, 436.6537, 1210.032, 486.6284, 1558.884
6.6, 406.0801, 1556.618, 150.7956, 549.0234, 600.3377, 723.9474, 1014.455, 1427.981, 1512.648, 1596.814, 1048.401, 1281.359, 111.3589, 503.5814, 1468.21, 459.6696, 1514.527
6.7, 380.0891, 1689.358, 139.9841, 573.9601, 563.229, 780.4038, 959.0856, 1443.297, 1446.938, 1520.816, 988.2484, 2044.122, 103.9905, 475.8535, 1641.622, 434.2044, 1436.904
6.8, 355.7617, 1610.71, 129.9477, 544.0456, 528.4141, 736.6646, 1078.091, 1364.845, 1439.297, 1448.435, 931.5474, 2538.59, 97.10971, 449.6524, 1731.508, 410.15, 1363.26
6.9, 332.9913, 1535.724, 120.6309, 521.6451, 495.7512, 695.3768, 1019.248, 1290.658, 1424.645, 1379.499, 1037.874, 2748.913, 90.68417, 424.8939, 1639.937, 387.4281, 1293.389
7, 311.6783, 1640.087, 111.9821, 494.4572, 465.1073, 656.403, 963.6174, 1502.474, 1442.081, 1535.32, 978.3257, 2806.412, 84.68379, 401.4986, 1553.209, 365.965, 1446.573
7.1, 291.7295, 1563.733, 103.9534, 468.6863, 455.5718, 619.6136, 911.023, 1420.806, 1570.094, 1532.441, 922.194, 2795.852, 79.08044, 379.3915, 1525.319, 345.6909, 1445.058
7.2, 273.0574, 1637.282, 96.5003, 444.2585, 427.4115, 584.8862, 861.2993, 1343.577, 1567.307, 1459.506, 869.2829, 2662.646, 73.84785, 358.5017, 1444.652, 326.54, 1370.995
7.3, 255.5805, 1561.059, 89.58157, 421.104, 400.9919, 552.1051, 814.2894, 1270.546, 1642.562, 1428.75, 819.4075, 2685.563, 68.9615, 338.7621, 1402.972, 308.45, 1348.053
7.4, 239.2222, 1663.805, 83.15888, 399.1562, 376.2053, 580.7676, 769.8453, 1201.484, 1571.208, 1593.61, 855.241, 2635.046, 64.39847, 320.1094, 1403.367, 291.3622, 1298.704
7.5, 223.9109, 1703.111, 77.19669, 378.3523, 352.9509, 548.2173, 727.8271, 1136.177, 1512.983, 1517.765, 806.1713, 2509.502, 60.13736, 302.4837, 1386.979, 275.2211, 1232.143
7.6, 209.5795, 1623.822, 71.66195, 358.6328, 331.1339, 517.4915, 688.1022, 1074.419, 1622.239, 1445.529, 759.917, 2536.998, 56.1582, 285.8286, 1313.629, 259.9741, 1239.504
7.7, 196.1655, 1548.225, 66.52404, 339.9409, 310.6655, 497.4296, 650.5455, 1016.018, 1635.178, 1695.597, 716.3165, 2513.469, 52.44233, 270.0904, 1297.329, 245.5718, 1275.954
7.8, 183.61, 1562.291, 61.75451, 322.2234, 444.0939, 488.9552, 615.0386, 1075.997, 1635.069, 1676.825, 713.3098, 2427.273, 48.97232, 360.4238, 1400.376, 231.9674, 1210.558
7.9, 171.8581, 1489.558, 57.32693, 305.4292, 416.6431, 516.2957, 581.4697, 1017.511, 1634.303, 1597.019, 788.742, 2360.223, 45.73193, 340.5783, 1448.06, 219.1167, 1148.514
8, 214.8654, 1420.212, 179.4005, 289.5103, 390.8891, 487.3589, 549.733, 962.2031, 1722.169, 1768.139, 881.8099, 2387.358, 42.70594, 321.8256, 1515.781, 206.9778, 1213.161
8.1, 301.1615, 1559.133, 166.5381, 274.4212, 366.7271, 460.0439, 799.5284, 1052.754, 1664.067, 1683.987, 1015.141, 2413.439, 39.88018, 431.4248, 1506.02, 195.5115, 1150.983
8.199999999999999, 319.8577, 1486.547, 202.8847, 260.1184, 492.7305, 434.2598, 755.89, 995.5305, 1591.779, 1777.241, 1454.361, 2319.897, 37.2414, 407.6699, 1564.451, 184.6804, 1091.993
8.300000000000001, 478.2388, 1417.341, 273.9173, 246.5612, 462.2733, 409.9209, 761.863, 941.4177, 1648.282, 1692.656, 1435.643, 2235.693, 34.77721, 463.6111, 1652.574, 174.4492, 1337.446
8.4, 607.3601, 1492.57, 254.2784, 233.7105, 433.6988, 455.334, 720.2805, 1063.646, 1733.824, 1832.18, 1451.468, 2443.327, 32.47608, 479.8349, 1631.97, 164.785, 1432.323
8.5, 568.4863, 1553.55, 283.567, 221.5296, 594.5419, 558.296, 680.9674, 1097.108, 1745.278, 1829.265, 1368.189, 2326.917, 30.3272, 563.2031, 1637.093, 155.6561, 1428.476
8.6, 582.9563, 1481.224, 315.8965, 209.9836, 557.7914, 545.7743, 747.2678, 1037.474, 1669.462, 1966.551, 1289.689, 2377.049, 28.32051, 587.3239, 1629.97, 147.0329, 1393.312
8.699999999999999, 545.6444, 1562.053, 484.9019, 199.0393, 523.3126, 768.6628, 706.4818, 981.0813, 1631.007, 1968.638, 1348.216, 2449.928, 26.44661, 554.985, 1543.769, 138.8874, 1349.572
8.800000000000001, 571.6312, 1489.332, 678.8049, 188.6655, 518.5394, 732.6951, 667.9219, 1051.747, 1594.169, 1874.944, 1722.019, 2406.204, 183.4995, 524.4268, 1560.154, 131.1932, 1280.404
8.9, 771.506, 1419.996, 630.137, 178.8323, 486.4869, 707.7245, 631.4666, 1098.304, 1613.37, 1785.708, 2075.888, 2458.01, 171.3577, 526.7515, 1678.714, 334.1671, 1359.542
9, 722.126, 1353.888, 584.9584, 169.5116, 464.4171, 668.0587, 597.0011, 1075.63, 1629.246, 1846.483, 1956.784, 2660.219, 160.0194, 604.1274, 1589.935, 315.6546, 1289.862
9.1, 761.8622, 1524.101, 543.019, 160.6767, 435.71, 659.7028, 564.4166, 1017.163, 1558.47, 1924.213, 2044.7, 2599.514, 149.4312, 644.9845, 1609.737, 298.1677, 1223.753
9.199999999999999, 749.8356, 1453.146, 504.0865, 152.3023, 511.8815, 622.7285, 533.6107, 961.8743, 1649.522, 1832.633, 2348.859, 2560.019, 139.5437, 731.9766, 1578.974, 281.6495, 1199.388
9.300000000000001, 867.1409, 1385.495, 656.3902, 144.3644, 480.2406, 587.8264, 624.9445, 1002.573, 1577.866, 1745.411, 2555.604, 2588.939, 130.3103, 691.673, 1495.47, 266.0464, 1137.917
9.4, 853.5635, 1490.848, 681.0211, 136.8402, 647.3677, 554.8806, 590.8348, 985.2681, 1590.25, 1776.338, 2932.045, 2701.199, 121.688, 653.5884, 1416.382, 343.2975, 1259.901
9.5, 798.9315, 1421.441, 835.9906, 129.7081, 607.352, 523.7812, 558.587, 984.3661, 1599.241, 1932.341, 2966.779, 2711.921, 113.6362, 707.8546, 1538.703, 572.3344, 1195.328
9.6, 934.0556, 1355.266, 776.053, 122.9478, 569.8097, 675.8569, 649.1155, 1016.173, 1701.994, 2012.262, 3127.267, 2886.162, 106.1171, 770.4035, 1457.328, 540.6276, 1134.065
9.699999999999999, 874.2717, 1427.645, 720.4127, 116.5398, 534.588, 637.9772, 613.6868, 1030.229, 1674.052, 1916.491, 3171.327, 2786.179, 232.3612, 838.414, 1458.554, 540.712, 1075.941
9.800000000000001, 818.3143, 1385.383, 668.7617, 110.4658, 501.5435, 744.3565, 580.1916, 1339.094, 1760.784, 1825.278, 2989.371, 2739.436, 216.9864, 792.2498, 1381.419, 585.811, 1020.797
9.9, 765.9385, 1379.168, 620.8139, 104.7084, 470.5416, 748.2732, 548.5247, 1266.307, 1822.09, 1865.177, 2817.855, 2658.454, 202.6288, 907.8991, 1395.322, 553.3577, 968.4785
10, 716.9149, 1526.105, 576.3038, 99.25099, 441.456, 753.0013, 572.3196, 1197.476, 1800.342, 1776.406, 2656.18, 2531.794, 189.2213, 857.9089, 1321.53, 522.7023, 918.8417
10.1, 671.0291, 1455.058, 534.9848, 94.07807, 669.9995, 710.7978, 541.0823, 1257.956, 1722.134, 1691.861, 2746.105, 2517.865, 337.1357, 810.6713, 1251.641, 493.7451, 871.7488
10.2, 628.0801, 1387.317, 496.6283, 96.16571, 679.8724, 670.9597, 511.55, 1301.126, 1647.324, 1611.339, 2588.547, 2486.736, 314.8282, 897.3212, 1185.448, 565.199, 827.0696
10.3, 587.8801, 1322.731, 461.0218, 91.15359, 637.8474, 633.3544, 530.9454, 1230.402, 1575.763, 1766.934, 2440.028, 2495.229, 293.9967, 847.9135, 1122.755, 533.8875, 784.6804
10.4, 550.2531, 1261.151, 427.9682, 86.40269, 598.4201, 597.8569, 719.6284, 1163.523, 1631.111, 1682.839, 2408.314, 2466.141, 274.5435, 801.2261, 1206.275, 504.3108, 744.4636
10.5, 537.6763, 1202.438, 397.2844, 81.89942, 561.4299, 564.3488, 680.351, 1226.414, 1560.255, 1787.614, 2270.136, 2416.978, 256.3776, 808.4818, 1142.481, 476.3725, 706.3081
10.6, 546.8646, 1146.459, 368.8005, 77.63085, 526.7263, 532.7187, 643.2173, 1159.751, 1633.484, 1725.343, 2517.087, 2400.873, 239.4136, 763.9656, 1132.924, 449.982, 670.1082
10.7, 577.555, 1256.089, 342.3588, 73.58476, 615.2992, 502.8615, 608.1104, 1150.667, 1834.044, 1883.206, 2843.37, 2376.772, 223.5721, 721.9006, 1188.986, 425.0534, 635.7635
10.8, 565.4271, 1255.694, 317.8129, 69.74955, 616.9965, 474.6776, 683.0176, 1088.121, 1754.372, 1865.402, 2680.23, 2297.985, 208.7788, 763.8021, 1126.107, 401.5059, 603.1791
10.9, 566.7717, 1208.142, 295.0268, 66.11423, 578.858, 448.0734, 645.7384, 1028.975, 1678.161, 1776.621, 2649.981, 2298.996, 194.9644, 782.56, 1066.552, 495.2676, 572.2648
11, 530.4957, 1151.897, 273.8745, 62.66838, 543.0771, 422.9602, 610.4939, 1074.946, 1622.547, 1811.99, 2659.093, 2189.462, 182.064, 797.6983, 1010.147, 467.8303, 542.9349
11.1, 496.5415, 1125.171, 345.1024, 59.40213, 509.5078, 557.9091, 619.4952, 1280.253, 1734.119, 2131.023, 2506.527, 2255.072, 170.0172, 753.7759, 956.7257, 594.9963, 515.1082
11.2, 725.0908, 1264.088, 349.7089, 56.30611, 478.0136, 628.5961, 718.8979, 1331.745, 1777.684, 2167.719, 2642.588, 2171.797, 433.3557, 768.8687, 1113.184, 620.0035, 675.3636
11.3, 678.6816, 1301.423, 324.636, 53.37146, 562.7117, 711.022, 730.7585, 1554.032, 1912.026, 2467.346, 2606.85, 2153.812, 433.8268, 726.5337, 1180.427, 1010.508, 640.7496
11.4, 799.7747, 1431.2, 482.1654, 50.58976, 527.9288, 671.1714, 1032.294, 1867.736, 2000.388, 2446.9, 2582.042, 2227.028, 493.4763, 686.5297, 1118, 1064.342, 607.9097
11.5, 748.5854, 1479.065, 447.5959, 47.95304, 495.2959, 633.5543, 975.9509, 1766.214, 2040.183, 2958.173, 2660.035, 2258.52, 460.824, 648.7284, 1237.487, 1098.267, 989.7113
11.6, 700.6725, 1410.207, 415.5048, 45.45375, 464.6801, 716.6527, 922.6833, 1899.29, 1974.77, 3093.044, 2606.009, 2299.23, 430.3322, 686.7206, 1185.873, 1354.286, 938.9863
11.7, 655.8263, 1413.108, 385.7146, 43.08472, 435.9568, 801.7467, 1042.606, 2147.765, 2073.595, 3365.891, 2456.489, 2287.666, 401.858, 966.2957, 1281.7, 1672.319, 890.861
11.8, 667.7198, 1347.321, 358.0602, 40.83916, 409.009, 778.4589, 1201.38, 2076.456, 2143.031, 3205.696, 2334.224, 2200.583, 375.2679, 939.6694, 1213.917, 1579.674, 845.2022
11.9, 775.5272, 1284.596, 401.1353, 38.71064, 383.7269, 734.8286, 1135.809, 2036.435, 2082.843, 3053.125, 2268.947, 2212.063, 350.4373, 887.9299, 1351.378, 1551.833, 801.8836
12, 760.7722, 1224.792, 372.3753, 36.69305, 360.0076, 693.6437, 1073.816, 2156.435, 2001.172, 3005.801, 2138.765, 2152.93, 327.2496, 962.4424, 1279.91, 1672.196, 760.7852
12.1, 731.6417, 1167.771, 371.1425, 91.13774, 337.7544, 716.6678, 1015.207, 2039.22, 1914.24, 3194.608, 2016.053, 2139.063, 305.5962, 975.9168, 1212.222, 1579.558, 721.7932
12.2, 684.8132, 1113.406, 344.5329, 86.38768, 316.8767, 699.5492, 1003.867, 1928.377, 1956.455, 3042.565, 1900.382, 2077.058, 285.3755, 922.1815, 1148.114, 1683.512, 684.7996
12.3, 640.9821, 1061.571, 393.5197, 115.0453, 297.2896, 816.1486, 949.0757, 1823.559, 1871.466, 3005.455, 1791.347, 2090.978, 266.4928, 871.4049, 1087.395, 1590.247, 649.702
12.4, 599.9562, 1012.15, 365.3058, 109.0492, 278.9132, 906.4625, 1042.985, 1724.438, 1790.168, 2978.884, 1688.568, 2002.331, 248.8595, 823.4241, 1029.888, 1502.149, 616.4031
12.5, 561.5563, 965.0294, 339.1147, 103.3656, 261.6728, 988.5412, 986.0588, 1630.705, 1712.402, 2837.107, 1591.686, 2024.539, 232.393, 897.189, 975.4226, 1418.932, 584.8111
12.6, 525.6141, 920.1024, 314.8014, 182.5812, 245.498, 933.1365, 956.4348, 1542.066, 1653.643, 2756.573, 1500.363, 1928.081, 217.0161, 900.875, 923.8373, 1340.324, 554.8381
12.7, 491.9724, 877.2671, 292.2312, 173.0652, 230.323, 880.837, 1065.31, 1458.246, 1581.808, 2859.01, 1414.279, 1942.752, 202.6566, 851.2716, 874.98, 1266.072, 526.4013
12.8, 531.5901, 836.4259, 271.2793, 244.4546, 216.086, 831.4688, 1007.166, 1378.982, 1513.093, 2779.562, 1333.134, 1869.35, 189.2472, 874.6694, 828.7066, 1195.933, 499.422
12.9, 497.5659, 797.4861, 251.8295, 231.7137, 202.7291, 795.0264, 952.1943, 1304.027, 1447.363, 2647.273, 1256.645, 1823.441, 176.7251, 826.5089, 784.8804, 1129.679, 473.8254
13, 465.7195, 995.8541, 233.7742, 219.6369, 190.1978, 850.7087, 900.2234, 1233.145, 1459.719, 2521.28, 1276.779, 1769.68, 165.0316, 836.6909, 743.3719, 1067.096, 449.5408
13.1, 435.9113, 949.4921, 612.4419, 208.1895, 233.7222, 814.0624, 946.0437, 1166.117, 1408.912, 2441.97, 1241.641, 1845.206, 313.5833, 790.6215, 704.0586, 1007.98, 426.5007
13.2, 408.0109, 946.9692, 639.7863, 197.3387, 219.2751, 928.4354, 1088.719, 1102.732, 1446.111, 2636.152, 1170.401, 1901.342, 292.8341, 747.0887, 666.8243, 952.1393, 404.6416
13.3, 381.8964, 902.8831, 685.5227, 187.0535, 205.7211, 876.3994, 1029.297, 1042.792, 1383.291, 2510.688, 1201.551, 1939.849, 273.4579, 705.953, 631.5593, 899.3918, 383.9027
13.4, 357.4532, 884.4785, 653.7502, 177.3043, 332.0089, 827.2799, 1301.938, 986.1101, 1323.2, 2391.195, 1267.102, 1948.952, 455.6758, 667.0823, 598.1592, 849.5664, 364.2268
13.5, 334.5746, 843.3016, 1179.849, 168.0633, 311.4864, 780.9134, 1342.402, 1107.072, 1402.816, 2277.389, 1254.902, 2041.356, 543.0404, 630.3517, 566.5255, 802.5013, 345.5593
13.6, 313.1603, 804.0417, 1349.062, 159.3039, 292.2325, 803.123, 1269.133, 1096.301, 1341.877, 2278.119, 1190.605, 2022.952, 651.1117, 595.6437, 536.5648, 758.0436, 327.8486
13.7, 409.7791, 766.6096, 1362.102, 187.0117, 274.1687, 778.9637, 1199.864, 1139.38, 1283.585, 2257.802, 1215.501, 2037.584, 608.0291, 562.8467, 508.1884, 716.0488, 311.0456
13.8, 383.5514, 730.9201, 1280.406, 177.2647, 257.2215, 759.0423, 1134.375, 1115.285, 1332.976, 2150.345, 1401.319, 1940.505, 567.7971, 531.8556, 481.3129, 676.3804, 295.1037
13.9, 359.0023, 696.8922, 1188.605, 168.0258, 241.3218, 716.5003, 1261.019, 1269.908, 1386.393, 2048.003, 1403.765, 2042.477, 530.2271, 502.5709, 455.8586, 638.9097, 279.979
14, 336.0245, 664.4483, 1103.386, 159.2683, 226.405, 676.3426, 1192.193, 1200.882, 1326.167, 1950.531, 1443.556, 1973.713, 495.1431, 474.8987, 660.158, 692.9996, 265.6294
14.1, 314.5174, 633.515, 1170.473, 150.9673, 212.4102, 672.9218, 1402.694, 1135.607, 1268.557, 2183.644, 1360.732, 2056.003, 462.3805, 448.7501, 625.2454, 829.2599, 252.0153
14.2, 294.3868, 751.9634, 1176.606, 143.099, 290.8049, 635.2065, 1326.135, 1073.88, 1311.032, 2079.717, 1282.659, 1958.047, 431.7858, 424.0413, 638.8476, 783.3198, 239.0989
14.3, 275.5447, 716.9557, 1108.55, 135.6407, 272.8294, 662.5253, 1253.754, 1015.508, 1264.124, 1980.735, 1209.066, 1923.604, 403.2154, 400.693, 698.8572, 739.9247, 226.8445
14.4, 257.9086, 683.5779, 1029.071, 150.9746, 307.7505, 625.3928, 1322.538, 960.3098, 1242.48, 1886.465, 1238.723, 1910.835, 376.5355, 378.6302, 661.898, 855.0892, 215.2182
14.5, 241.4013, 651.754, 955.2903, 143.1059, 288.7275, 783.575, 1299.391, 1097.377, 1188.506, 1993.227, 1167.651, 1819.795, 351.6209, 357.7823, 626.8935, 881.2299, 204.1878
14.6, 285.7032, 621.4116, 886.7994, 135.6472, 346.263, 1027.682, 1364.106, 1037.729, 1136.877, 1917.353, 1125.412, 1847.146, 328.3549, 338.0824, 629.9861, 832.4106, 193.7227
14.7, 267.4169, 592.4818, 823.219, 128.5773, 324.8595, 970.0841, 1802.422, 981.3221, 1087.49, 1978.148, 1182.998, 1759.14, 306.6284, 319.4671, 596.6693, 822.5718, 183.7939
14.8, 250.301, 564.8988, 764.1971, 121.8759, 304.7789, 915.7138, 1729.681, 927.9816, 1125.416, 1884, 1115.124, 1763.283, 286.3394, 301.8767, 703.0402, 816.0753, 174.3741
14.9, 244.6234, 538.6, 709.4069, 115.5238, 285.9396, 864.3909, 1920.833, 955.9214, 1076.528, 1794.334, 1064.083, 1679.273, 267.393, 285.255, 721.4667, 874.5527, 165.437
15, 293.5337, 513.5255, 658.5449, 109.5028, 268.2648, 815.9444, 1995.765, 1131.303, 1064.965, 1778.666, 1066.293, 1692.106, 249.7001, 269.5485, 683.3119, 826.1034, 156.9579
15.1, 274.7462, 489.6183, 611.3296, 103.7955, 251.6825, 770.2131, 1886.836, 1069.81, 1060.878, 1862.738, 1087.463, 1611.487, 233.178, 254.7067, 647.1749, 1013.03, 148.9135
15.2, 257.1612, 466.8241, 567.4995, 208.0881, 259.9501, 751.3285, 1810.439, 1011.66, 1014.793, 1774.084, 1025.07, 1534.709, 217.7491, 240.6822, 612.9489, 1027.762, 141.2813
15.3, 240.7017, 445.0911, 526.8118, 197.2427, 243.8818, 882.1037, 1791.968, 956.6706, 1034.928, 1689.649, 966.2561, 1461.589, 203.3411, 227.4299, 580.533, 970.8255, 134.0403
15.4, 225.2957, 424.3699, 489.0412, 186.9624, 228.8067, 832.6645, 1694.162, 904.67, 989.9698, 1609.232, 910.817, 1470.081, 189.8864, 214.9073, 549.8315, 917.0428, 127.1704
15.5, 210.8757, 404.6134, 453.9787, 177.218, 214.6635, 833.5551, 1601.694, 855.496, 946.965, 1726.24, 918.0144, 1507.962, 177.3221, 203.0742, 520.7535, 866.2396, 120.6526
15.6, 197.3787, 385.7766, 421.43, 167.9815, 237.6186, 786.8368, 1662.805, 808.9949, 927.4967, 1810.979, 971.2519, 1470.062, 270.5529, 191.8927, 588.1154, 847.6631, 114.4689
15.7, 359.6484, 367.8168, 430.5821, 213.2498, 222.9307, 742.7371, 1572.049, 765.0214, 928.4252, 1724.788, 915.5261, 1534.978, 252.651, 290.9864, 557.0129, 860.1129, 449.5659
15.8, 344.3605, 350.6931, 436.1787, 283.7305, 209.1507, 701.1089, 1508.554, 723.438, 943.4875, 1642.699, 862.9976, 1461.845, 235.9336, 379.3786, 527.5552, 812.4636, 426.5246
15.9, 347.1412, 334.3666, 404.9062, 305.8512, 196.2224, 661.8138, 1663.133, 684.1151, 902.5018, 1619.141, 998.7018, 1392.196, 220.3224, 405.2358, 560.9363, 1047.707, 466.4572
16, 324.9226, 318.8001, 408.8195, 348.6066, 184.0933, 805.6121, 1572.359, 646.9295, 863.2966, 1618.897, 1062.261, 1480.707, 572.6181, 452.2317, 531.2711, 1260.667, 541.5663
16.1, 304.1261, 303.9584, 379.5086, 411.6907, 172.714, 760.46, 1754.998, 611.7652, 917.8594, 1721.536, 1044.873, 1410.16, 837.914, 427.3311, 503.1748, 1190.827, 513.8098
16.2, 335.5049, 289.8076, 352.2992, 406.0698, 162.038, 717.8385, 1659.21, 578.5123, 967.2203, 1639.602, 984.9227, 1342.974, 782.471, 414.7404, 476.5644, 1163.641, 487.4758
16.3, 329.3041, 276.3156, 327.0406, 392.1736, 152.0219, 774.8773, 1568.651, 547.0668, 925.2036, 1561.568, 928.4125, 1278.989, 730.6965, 532.2267, 451.3612, 1217.629, 462.4915
16.4, 397.4273, 263.4518, 314.173, 380.0741, 142.625, 781.5333, 1569.405, 517.3306, 885.0121, 1605.333, 875.1447, 1218.052, 682.3478, 502.9215, 427.4909, 1562.343, 438.7877
16.5, 371.9902, 251.1868, 385.7411, 360.2648, 133.8089, 886.842, 1609.647, 489.2107, 924.7431, 1528.929, 824.933, 1160.019, 637.1984, 602.9186, 404.883, 1475.791, 416.2988
16.6, 348.1811, 239.4928, 358.0849, 341.4879, 125.5378, 837.1373, 1551.819, 462.6193, 884.5717, 1456.162, 777.6022, 1104.751, 595.0363, 569.7211, 461.8963, 1394.034, 394.9625
16.7, 325.8959, 228.3432, 380.4637, 323.6897, 117.7779, 1158.752, 1467.12, 437.4732, 868.884, 1386.858, 732.9871, 1052.116, 555.664, 538.3514, 437.4688, 1316.806, 374.7198
16.8, 400.5032, 217.7127, 375.4267, 306.8192, 110.4977, 1840.6, 1387.045, 413.6941, 877.4581, 1320.852, 690.9318, 1001.988, 518.8969, 508.709, 414.3332, 1243.856, 355.5145
16.9, 374.8692, 207.5771, 519.4996, 290.8279, 103.6675, 2406.175, 1355.978, 391.2074, 839.3408, 1257.988, 651.2894, 954.2495, 484.5626, 480.6988, 392.4212, 1174.948, 337.2935
17, 350.8758, 197.9133, 482.2533, 275.67, 97.25947, 2570.318, 1360.159, 369.9431, 802.8792, 1325.518, 613.9215, 908.785, 594.5547, 454.2309, 524.0343, 1186.369, 320.0064
17.1, 328.4182, 306.8828, 471.1544, 261.3022, 91.24757, 2439.69, 1285.921, 349.8345, 768.0016, 1262.432, 706.716, 937.1309, 555.2142, 513.9348, 496.3207, 1120.645, 303.6054
17.2, 307.3979, 335.2478, 437.3743, 247.6832, 85.60727, 2690.245, 1215.735, 330.819, 734.6392, 1202.348, 683.8124, 892.482, 518.4769, 543.6553, 508.8383, 1274.409, 288.0449
17.3, 287.723, 319.6404, 513.9985, 296.0608, 80.31562, 2791.215, 1250.062, 312.8371, 702.726, 1250.277, 669.7112, 978.3478, 573.9386, 513.7208, 481.9283, 1203.809, 273.2819
17.4, 359.0301, 304.7596, 521.2614, 435.1112, 75.35107, 2706.634, 1181.834, 295.8326, 672.1991, 1190.772, 713.4444, 931.7352, 535.9623, 485.4347, 456.4415, 1268.557, 259.2755
17.5, 336.0505, 343.9044, 483.8887, 412.4334, 70.69338, 2641.728, 1292.347, 279.7524, 642.9984, 1134.098, 672.5103, 967.1777, 570.5638, 494.105, 528.8018, 1198.28, 363.4337
17.6, 314.5417, 327.894, 522.8935, 390.9375, 66.32361, 2493.667, 1237.582, 264.5462, 615.066, 1203.569, 633.9249, 921.0972, 551.4835, 466.8989, 500.8361, 1131.897, 533.1653
17.7, 294.4096, 438.6872, 504.4011, 370.562, 62.22395, 2422.748, 1214.926, 439.3295, 588.3472, 1146.287, 597.5533, 877.2122, 561.9892, 504.6526, 513.3096, 1069.191, 688.6034
17.8, 275.566, 418.2641, 487.4765, 351.2485, 58.37769, 2361.828, 1273.817, 493.4067, 598.9979, 1220.259, 563.2686, 835.4182, 524.8036, 550.5641, 486.1632, 1275.513, 653.3109
17.9, 257.9286, 398.7918, 452.5261, 358.3302, 54.76919, 2326.135, 1204.292, 583.3268, 572.9771, 1264.852, 691.5003, 909.7449, 638.7162, 520.2493, 460.4524, 1204.851, 738.4858
18, 280.1288, 380.2261, 420.0816, 339.6542, 51.38374, 2321.26, 1138.561, 674.8932, 615.1118, 1204.653, 683.0595, 962.0803, 615.0277, 590.735, 436.1013, 1138.104, 700.6367
18.1, 262.1992, 362.5247, 611.4743, 332.903, 48.20755, 2228.531, 1139.282, 1069.545, 634.8524, 1147.319, 989.0474, 934.4668, 646.5744, 676.9583, 534.764, 1075.054, 664.7274
18.2, 372.2809, 374.8137, 627.9468, 404.5891, 93.18245, 2206.882, 1077.1, 1011.409, 607.2739, 1235.468, 953.2176, 923.1315, 603.7919, 849.1069, 678.9079, 1015.497, 630.6585
18.3, 387.9889, 357.3642, 582.9253, 383.502, 87.42255, 2168.124, 1018.312, 956.4329, 707.8876, 1271.446, 1138.365, 879.1496, 563.8403, 802.3539, 643.0037, 959.2396, 598.3358
18.4, 363.1558, 340.7271, 560.021, 363.514, 82.0187, 2056.832, 962.7321, 904.4453, 746.0256, 1379.048, 1171.28, 1089.849, 526.5322, 1046.442, 608.9984, 906.0988, 567.6697
18.5, 339.9121, 456.0132, 519.8695, 344.5678, 76.94887, 2179.718, 953.4772, 855.2834, 713.6177, 1430.818, 1104.078, 1119.782, 491.6927, 988.8229, 576.7915, 855.9019, 538.5753
18.6, 318.1562, 434.7835, 482.5967, 326.6091, 72.19242, 2057.552, 901.4363, 808.7939, 769.0474, 1362.72, 1040.731, 1162.852, 459.1584, 934.377, 546.2878, 808.4858, 510.972
18.7, 297.7927, 414.5422, 447.9962, 309.5864, 67.72999, 1942.232, 961.878, 764.8313, 763.9374, 1297.863, 981.0187, 1107.449, 428.7769, 882.9289, 517.3973, 763.6965, 484.7835
18.8, 278.7326, 395.2432, 415.8765, 293.4508, 63.54339, 1833.376, 1001.459, 723.2584, 730.7515, 1236.093, 924.7325, 1129.978, 400.4056, 885.2167, 490.0347, 721.3885, 459.9372
18.9, 338.6761, 376.8427, 386.0596, 278.1563, 59.61558, 2056.395, 1016.538, 683.9451, 780.1899, 1177.263, 871.6757, 1076.141, 373.9116, 836.4755, 464.1192, 681.4244, 436.3643
19, 316.9993, 359.2988, 358.3805, 263.6589, 55.93056, 1941.14, 961.0552, 646.7687, 851.6619, 1121.233, 821.6631, 1024.869, 349.1707, 790.4179, 439.5742, 643.6742, 413.9996
19.1, 296.7099, 342.5716, 332.6859, 249.9171, 52.47332, 1832.345, 908.6006, 611.6132, 814.6652, 1215.759, 774.5199, 1219.481, 326.0668, 746.8964, 416.3272, 608.0153, 392.7812
19.2, 277.7191, 326.6232, 308.8335, 236.8915, 49.22978, 1736.538, 1074.905, 578.3685, 937.7419, 1157.897, 730.0816, 1236.476, 304.4916, 705.7713, 394.3097, 574.3319, 372.6502
19.3, 259.9438, 311.4173, 286.6912, 224.5448, 46.18674, 1720.661, 1016.237, 546.9308, 946.4719, 1102.788, 688.193, 1301.815, 284.3441, 666.9105, 373.4566, 542.5145, 353.551
19.4, 243.3062, 353.937, 266.1364, 212.8416, 43.3318, 1687.523, 960.7701, 517.202, 905.3566, 1201.321, 648.7077, 1324.16, 265.5296, 630.1895, 353.7063, 512.4598, 335.4307
19.5, 272.7899, 378.0933, 247.0554, 201.7484, 40.65333, 1592.943, 908.3312, 489.0891, 866.0273, 1353.491, 611.4879, 1356.013, 247.9601, 595.4904, 335.0005, 484.0701, 447.9798
19.6, 386.3589, 360.4912, 229.3424, 191.2334, 38.14042, 1606.615, 858.7543, 462.5043, 828.4065, 1361.123, 576.4037, 1291.407, 231.5531, 562.7018, 317.284, 457.2531, 425.0198
19.7, 361.6302, 462.9135, 212.8994, 181.2663, 35.78285, 1543.938, 811.8834, 437.3646, 843.5867, 1478.85, 671.0556, 1229.878, 216.2317, 556.6607, 300.5044, 431.9218, 469.3241
19.8, 338.4842, 441.3625, 197.6352, 171.8188, 33.571, 1457.405, 767.5707, 413.5913, 842.9625, 1527.992, 632.5536, 1171.282, 201.9241, 577.2901, 284.6122, 407.9937, 477.0528
19.9, 316.8196, 420.8149, 183.4655, 162.8637, 31.49587, 1420.854, 725.6766, 391.1102, 851.3671, 1766.808, 596.2607, 1115.477, 188.5632, 569.7601, 269.5604, 385.3913, 466.3343
20, 406.1845, 401.2239, 170.3117, 154.3753, 29.54902, 1341.22, 686.069, 369.8511, 853.984, 1682.719, 712.0011, 1062.331, 176.0864, 618.0555, 255.3046, 364.041, 582.871
20.1, 380.1868, 382.5449, 158.1009, 146.3293, 27.7225, 1318.665, 648.6232, 349.7476, 913.1643, 1807.556, 671.1498, 1011.717, 305.6511, 584.0245, 241.8028, 343.8736, 703.5516
20.2, 355.8531, 364.7355, 146.7656, 138.7027, 26.00889, 1244.758, 613.2213, 330.7368, 898.3631, 1721.528, 738.0855, 963.5143, 285.4268, 551.8674, 229.0151, 324.8233, 1000.954
20.3, 333.0768, 347.7552, 136.2431, 131.4736, 24.4012, 1174.993, 579.7515, 312.7593, 940.1523, 1639.594, 734.4553, 917.6085, 266.5407, 521.4808, 216.9036, 306.8285, 1191.686
20.4, 353.8541, 355.2184, 126.4749, 124.6212, 22.89289, 1283.94, 548.1086, 295.7591, 899.3114, 1561.559, 692.3157, 974.9194, 248.9043, 492.7673, 205.4326, 289.8305, 1196.042
20.5, 331.2058, 338.6813, 117.4071, 118.126, 21.47781, 1211.979, 518.1927, 279.6829, 860.2448, 1487.239, 652.5939, 928.47, 259.5992, 465.6348, 194.5683, 273.7742, 1134.742
20.6, 374.3775, 330.4606, 108.9894, 111.9693, 20.1502, 1144.051, 489.9097, 264.4805, 865.2504, 1416.456, 615.1512, 980.5355, 371.7658, 439.9963, 184.2785, 258.6074, 1219.79
20.7, 350.4156, 338.1111, 101.1753, 106.1335, 18.90466, 1109.432, 463.1703, 250.1045, 904.4285, 1454.39, 579.8568, 933.8186, 347.1668, 493.3778, 174.5329, 244.2808, 1157.273
20.8, 327.9874, 414.8569, 93.92137, 100.6019, 17.7361, 1061.987, 437.8905, 236.5099, 865.1396, 1385.17, 763.8221, 1058.891, 324.1956, 466.2117, 165.3027, 230.7479, 1097.96
20.9, 306.9947, 395.5433, 87.18755, 95.35856, 16.63978, 1055.479, 413.9903, 223.6542, 849.8419, 1527.699, 719.9977, 1146.704, 302.7442, 440.5414, 299.3463, 217.9647, 1041.687
21, 350.161, 377.1288, 80.9365, 90.3885, 15.61122, 1010.185, 391.3947, 211.4973, 929.4781, 1454.991, 678.6876, 1241.4, 282.7123, 416.2846, 283.5154, 205.8897, 988.298
21.1, 399.4963, 359.5715, 75.13364, 85.67749, 14.64625, 959.738, 370.0323, 200.0012, 889.1011, 1834.671, 639.7477, 1223.775, 264.0058, 393.3634, 425.7998, 194.4837, 1064.959
21.2, 373.9267, 342.8317, 69.74683, 81.21201, 13.74092, 905.9476, 349.8359, 189.13, 946.7275, 1747.353, 603.0421, 1218.012, 246.5371, 371.7043, 403.2813, 183.7095, 1010.377
21.3, 349.9937, 352.9572, 64.74623, 76.97927, 12.89155, 879.5365, 330.7418, 178.8497, 905.601, 1664.19, 568.4423, 1159.981, 230.2242, 351.2377, 381.9537, 173.5322, 958.5928
21.4, 327.5925, 406.6608, 60.10415, 72.96714, 12.09468, 1037.113, 698.736, 169.1282, 866.2612, 1584.985, 535.8278, 1201.925, 214.9908, 331.8981, 361.7541, 163.9187, 909.4626
21.5, 306.625, 387.7287, 55.7949, 69.16412, 11.34707, 978.9855, 660.5989, 159.9351, 828.6302, 1509.55, 634.293, 1182.56, 200.7653, 466.3752, 467.5029, 154.8377, 862.8505
21.6, 286.9996, 369.678, 51.7946, 65.55932, 10.64567, 924.1163, 624.5433, 151.2417, 792.634, 1437.705, 597.9003, 1158.22, 187.4811, 482.8227, 442.779, 146.2599, 818.6274
21.7, 268.6303, 352.4676, 48.08111, 62.14239, 9.987633, 872.3224, 590.4556, 143.0209, 814.8857, 1542.126, 682.9501, 1183.904, 175.0759, 473.8759, 510.7997, 138.1573, 839.5009
21.8, 327.5142, 336.0585, 44.63387, 58.90355, 9.370267, 823.4314, 558.2285, 135.2469, 779.4865, 1468.73, 695.2375, 1154.915, 163.4915, 447.7837, 483.7859, 130.5035, 796.4744
21.9, 380.8438, 358.9613, 41.43378, 55.83352, 8.791062, 777.2805, 527.7603, 127.8954, 815.3516, 1535.045, 782.8429, 1122.586, 152.6736, 423.1281, 458.2009, 123.2737, 861.4352
22, 356.468, 342.2499, 108.8623, 52.9235, 8.24766, 733.7164, 498.955, 120.9436, 1114.927, 1461.986, 737.9271, 1069.101, 142.5715, 423.9113, 433.9688, 116.4445, 817.2847
22.1, 375.0068, 326.3165, 101.0572, 72.89157, 7.737846, 692.5938, 471.722, 114.3696, 1255.647, 1392.405, 737.3703, 1018.165, 133.1378, 400.5702, 411.0183, 109.9936, 775.3969
22.2, 351.0046, 407.7194, 153.4693, 101.1337, 7.259547, 653.7759, 445.9753, 108.153, 1398.037, 1326.135, 876.3112, 1007.511, 124.3284, 378.5143, 389.2816, 103.9001, 735.6559
22.3, 372.6119, 427.5848, 166.8167, 95.8626, 6.810812, 617.1339, 421.6339, 102.2742, 1337.305, 1263.02, 922.9601, 1151.684, 116.1018, 405.7435, 491.9568, 98.14412, 697.9518
22.4, 348.763, 536.7294, 160.8468, 90.86628, 6.389814, 582.5453, 398.6211, 96.71503, 1279.212, 1309.994, 1041.784, 1096.813, 108.4196, 383.4027, 549.4539, 92.70703, 662.1802
22.5, 326.4406, 511.742, 149.3147, 86.13036, 5.994841, 549.8954, 376.8643, 91.45801, 1223.642, 1317.483, 982.0111, 1044.556, 101.2457, 362.292, 520.3959, 87.57116, 628.2419
22.6, 305.5468, 487.9178, 175.8723, 105.6549, 5.624281, 519.0755, 356.295, 86.48674, 1362.984, 1322.602, 1019.741, 1081.314, 94.5465, 367.459, 492.8747, 82.71981, 596.043
22.7, 324.2277, 465.2028, 205.51, 100.1482, 5.276627, 489.9829, 336.8484, 81.78569, 1407.056, 1259.655, 1266.408, 1130.96, 193.3981, 347.2261, 466.809, 78.13721, 565.4944
22.8, 303.4756, 443.5453, 190.7756, 94.9285, 320.3279, 462.5208, 318.4631, 77.34016, 1345.932, 1199.703, 1332.324, 1163.578, 180.6013, 328.1074, 442.1217, 73.80849, 536.5114
22.9, 341.3995, 422.8961, 194.3963, 126.6635, 369.5481, 436.5979, 301.0814, 73.13628, 1349.957, 1142.605, 1288.593, 1108.14, 205.0211, 492.5281, 418.7401, 251.6392, 600.8918
23, 319.5484, 403.2082, 180.4588, 120.0618, 346.7052, 412.128, 284.6483, 69.1609, 1291.314, 1088.224, 1258.023, 1215.119, 191.4553, 465.4088, 396.5949, 237.6986, 878.8987
23.1, 299.0958, 384.4368, 167.5206, 113.8043, 325.2743, 389.0294, 269.1122, 65.40161, 1296.724, 1225.543, 1185.843, 1181.208, 178.7871, 459.6683, 375.621, 224.5304, 833.853
23.2, 279.9523, 366.5394, 179.6393, 107.8728, 305.1681, 367.2255, 254.424, 61.84666, 1248.749, 1167.215, 1254.124, 1124.931, 166.9571, 434.3584, 355.7563, 293.1135, 791.116
23.3, 262.0341, 349.4751, 166.7598, 102.2505, 286.3047, 346.6436, 240.5375, 58.48494, 1250.707, 1158.362, 1182.168, 1174.544, 155.9099, 410.442, 336.942, 276.8753, 750.5695
23.4, 344.4631, 440.2949, 154.8038, 96.92127, 268.6074, 327.2153, 227.4089, 55.30595, 1214.25, 1172.834, 1114.341, 1175.396, 145.5937, 387.8425, 319.1228, 261.5367, 712.101
23.5, 322.4159, 419.797, 164.9998, 158.8107, 252.0039, 308.8759, 214.9969, 52.29975, 1278.792, 1117.015, 1138.293, 1160.83, 336.1282, 366.4873, 302.2459, 247.0478, 675.6041
23.6, 301.7798, 400.2534, 217.3483, 150.5336, 236.4268, 291.5644, 203.2623, 49.45696, 1223.241, 1146.473, 1072.983, 1174.932, 342.5334, 346.308, 465.1305, 233.3616, 640.9778
23.7, 299.4204, 538.6172, 201.7652, 163.032, 221.8125, 275.2231, 192.1682, 46.76869, 1209.859, 1141.794, 1011.42, 1118.953, 319.8687, 396.2142, 440.532, 220.4337, 608.1262
23.8, 280.2561, 513.5419, 187.2994, 154.5349, 208.1016, 259.7976, 181.6797, 44.22654, 1405.872, 1122.06, 1169.561, 1112.456, 298.7037, 374.3981, 417.2344, 208.2219, 576.9583
23.9, 442.8636, 700.1879, 416.6812, 176.3279, 195.2382, 245.2368, 171.7635, 41.82257, 1644.849, 1068.657, 1486.659, 1084.652, 278.9391, 353.7832, 395.1689, 359.1834, 547.3878
24, 414.5183, 667.5906, 386.8066, 235.9049, 183.1699, 231.492, 162.3887, 39.54928, 2085.732, 1136.219, 1414.198, 1126.811, 260.4823, 334.3034, 374.2704, 339.285, 519.3329
24.1, 387.9872, 636.511, 426.0208, 223.6096, 171.8477, 218.5176, 153.5255, 37.39955, 2493.794, 1154.528, 1523.603, 1073.125, 243.2467, 315.8962, 354.477, 320.489, 492.7159
24.2, 449.3153, 628.8068, 467.8302, 211.9552, 161.2252, 206.2703, 145.146, 35.36667, 2736.828, 1357.922, 1535.209, 1021.997, 255.9519, 298.5025, 335.7304, 302.7342, 467.463
24.3, 531.5204, 610.384, 569.0934, 200.9081, 151.2594, 194.7095, 137.2239, 346.9193, 2617.938, 1293.294, 1552.46, 973.3043, 379.8679, 282.0665, 317.9753, 285.9631, 443.5045
24.4, 497.5007, 581.9677, 528.2914, 190.4369, 141.9096, 183.7966, 129.7342, 328.0622, 2680.32, 1231.741, 1463.387, 926.9319, 354.7328, 266.5355, 301.1591, 270.121, 420.7738
24.5, 495.8121, 759.1522, 592.9794, 180.5114, 133.1377, 173.4954, 122.6533, 310.2301, 2876.616, 1215.194, 1618.093, 955.6732, 331.2609, 251.8597, 285.2323, 255.1566, 399.2082
24.6, 464.0778, 723.8099, 550.4648, 171.1032, 124.9081, 163.7715, 115.9589, 293.3673, 2843.726, 1157.358, 1590.548, 910.1409, 309.3421, 237.992, 270.1478, 241.0212, 378.7478
24.7, 529.9198, 690.1129, 510.9985, 242.9337, 117.1871, 154.5926, 109.6298, 277.4211, 2846.73, 1201.321, 1553.442, 866.7779, 288.8736, 224.8878, 255.861, 227.6689, 359.3361
24.8, 589.2909, 657.9847, 474.3617, 230.2721, 109.9434, 145.9282, 103.6462, 262.3417, 2763.697, 1275.972, 1602.47, 954.943, 269.7594, 212.5052, 242.3297, 215.0562, 340.9192
24.9, 598.2457, 627.3522, 676.4958, 218.2704, 103.1475, 137.7493, 97.9892, 248.0819, 3053.057, 1367.453, 2003.53, 1170.674, 251.91, 200.8043, 229.5141, 203.1423, 323.4463
25, 611.0881, 598.1459, 773.7489, 206.8943, 151.2408, 130.0289, 92.64093, 376.4894, 3016.429, 1344.264, 1988.873, 1170.972, 235.2416, 189.7478, 217.3762, 191.8885, 306.8689
25.1, 735.1052, 570.2992, 766.7928, 213.4998, 178.5395, 122.7412, 87.58457, 404.0768, 3002.168, 1280.285, 1874.761, 1146.38, 219.6762, 242.5287, 300.9952, 181.2581, 291.1411
25.2, 1205.953, 543.749, 711.8165, 202.3723, 190.28, 221.0268, 82.80419, 551.7581, 2954.305, 1246.826, 1794.834, 1091.762, 249.7973, 303.6088, 351.6514, 506.1969, 276.2195
25.3, 1430.909, 518.4347, 660.7817, 251.7992, 178.5182, 242.2037, 78.28473, 675.5507, 2919.856, 1267.055, 1858.579, 1260.933, 293.0994, 286.8916, 634.4889, 572.3049, 262.0626
25.4, 1573.892, 494.299, 613.406, 276.0238, 206.7561, 401.9962, 74.01194, 943.6271, 2871.74, 1489.489, 1805.368, 1262.337, 285.3174, 271.095, 842.3214, 726.014, 248.6312
25.5, 1502.647, 471.2869, 661.8817, 261.6375, 193.9759, 379.4656, 69.97236, 1016.043, 2937.127, 1418.599, 1701.785, 1272.391, 319.9383, 256.1681, 833.0995, 685.7936, 235.8883
25.6, 1586.259, 449.3462, 709.4175, 248.0011, 181.9856, 473.7216, 66.15325, 1039.744, 2809.536, 1446.633, 1604.144, 1211.768, 298.7687, 242.0631, 852.0406, 722.3699, 223.7985
25.7, 2115.792, 428.4269, 673.3555, 235.0753, 170.7365, 447.171, 62.5426, 1075.627, 3027.514, 1377.782, 1512.106, 1173.722, 278.9998, 228.7348, 1020.615, 885.4434, 212.3283
25.8, 2420.669, 408.4815, 625.0783, 222.8233, 160.1828, 422.1084, 59.12901, 1080.471, 2895.997, 1381.324, 1572.629, 1223.568, 260.539, 347.5668, 966.6397, 1071.956, 201.4459
25.9, 2428.255, 389.4646, 580.2624, 211.2099, 150.2814, 398.4505, 55.90174, 1021.741, 2839.535, 1481.964, 1482.399, 1165.272, 243.2997, 328.4293, 915.5189, 1012.571, 191.1214
26, 2353.985, 371.3331, 538.6596, 200.2017, 140.9921, 376.1185, 52.85062, 966.2034, 2737.49, 1411.432, 1502.983, 1200.508, 227.201, 310.3455, 867.1015, 956.4756, 181.3259
26.1, 2758.135, 354.0457, 548.5398, 189.7672, 132.2769, 355.0382, 49.96602, 913.6846, 2887.789, 1344.256, 1544.045, 1143.31, 212.1676, 293.2574, 869.2355, 1193.73, 172.0326
26.2, 2652.354, 337.5631, 603.7413, 179.8766, 124.1005, 335.1394, 47.23887, 943.3087, 2762.342, 1280.278, 1455.455, 1088.838, 198.1289, 277.1103, 823.2659, 1127.598, 163.2155
26.3, 2482.591, 321.8479, 560.4551, 170.5015, 116.4294, 316.3559, 44.66057, 1047.221, 2730.531, 1219.345, 1478.281, 1101.663, 185.0192, 261.8522, 779.7274, 1065.13, 154.8503
26.4, 2323.693, 306.8643, 520.2725, 161.6151, 109.2326, 298.6251, 42.22299, 990.2989, 2704.504, 1295.009, 1393.464, 1049.175, 172.7768, 247.4343, 788.9178, 1006.123, 146.9139
26.5, 2174.966, 292.5782, 482.9708, 153.1918, 102.4806, 281.8881, 39.91845, 936.4705, 2644.715, 1233.375, 1313.514, 999.1877, 161.3446, 233.8102, 747.1958, 1099.208, 139.3842
26.6, 2035.758, 278.9573, 448.3435, 145.2075, 110.5286, 266.0891, 37.73969, 885.5679, 2529.827, 1174.674, 1319.076, 951.5822, 150.6687, 220.9363, 804.6023, 1038.313, 132.2404
26.7, 1905.461, 265.9704, 416.1988, 137.6393, 103.6965, 251.1756, 35.67986, 837.4322, 2519.308, 1118.767, 1286.265, 906.2448, 198.1849, 208.7712, 811.8149, 980.7916, 125.4628
26.8, 1783.502, 253.5882, 386.3588, 195.4901, 140.3358, 237.098, 33.73244, 859.3911, 2507.259, 1065.521, 1252.069, 863.0674, 185.0715, 197.276, 859.8442, 926.4568, 119.0325
26.9, 1806.818, 241.7824, 358.6583, 185.3012, 131.6612, 223.8094, 31.89132, 946.733, 2612.354, 1014.809, 1259.974, 821.9472, 214.0157, 186.4137, 814.3713, 875.1321, 112.9318
27, 2311.604, 230.5262, 362.8772, 175.6434, 123.5229, 211.2655, 30.15069, 1226.884, 2510.548, 1142.961, 1328.751, 885.2591, 406.2913, 176.1495, 1062.603, 1065.922, 107.1438
27.1, 2387.542, 219.7941, 336.8602, 205.491, 201.1281, 199.4247, 28.50506, 1160.196, 2459.515, 1109.521, 1252.513, 843.0816, 399.7551, 166.4505, 1006.407, 1006.871, 101.6524
27.2, 2355.659, 283.6552, 312.7085, 279.6472, 252.1427, 231.9506, 26.94925, 1097.133, 2486.801, 1183.445, 1446.36, 929.4202, 466.0859, 157.2855, 1040.343, 1036.37, 96.44251
27.3, 2338.01, 270.4497, 412.1446, 265.0721, 616.3445, 218.9505, 25.47836, 1037.497, 2502.991, 1207.232, 1374.303, 1048.687, 435.246, 148.6251, 985.3243, 992.0391, 91.4996
27.4, 2188.367, 268.1297, 382.5953, 261.718, 578.2463, 445.5596, 24.08774, 981.1033, 2577.836, 1149.776, 1331.198, 1094.66, 406.4467, 262.0209, 933.2154, 1178.853, 86.81003
27.5, 2054.694, 286.2368, 355.1646, 307.7135, 669.773, 571.7286, 22.77303, 927.7747, 2591.883, 1215.822, 1276.868, 1075.062, 379.5529, 247.5937, 1085.432, 1142.075, 82.36081
27.6, 2056.329, 272.911, 425.7309, 317.4382, 628.3723, 914.573, 21.53008, 974.7348, 2479.29, 1157.956, 1203.607, 1040.793, 354.4387, 233.9608, 1052.533, 1206.168, 78.13963
27.7, 1924.714, 260.2057, 395.2075, 325.3597, 589.5307, 1004.002, 20.35496, 921.7524, 2585.952, 1102.845, 1134.55, 1039.984, 330.9863, 221.0786, 1168.114, 1139.347, 74.13479
27.8, 1801.524, 248.0918, 366.8725, 308.4021, 553.09, 1098.889, 19.24398, 871.6498, 2570.19, 1225.224, 1069.455, 990.4346, 309.0856, 335.5835, 1106.338, 1139.401, 70.33521
27.9, 1698.883, 332.1021, 340.569, 292.3283, 518.9019, 1195.543, 18.19364, 824.2707, 2572.032, 1166.911, 1152.659, 943.2461, 288.6341, 317.1058, 1253.17, 1201.986, 66.73036
28, 1636.059, 316.6411, 316.1514, 459.7497, 603.6973, 1128.537, 308.7695, 850.004, 2460.301, 1188.627, 1086.525, 898.3058, 269.5358, 411.1586, 1632.978, 1135.398, 63.31027
28.1, 1592.446, 301.8999, 293.4845, 435.7877, 566.3809, 1065.286, 291.9168, 998.6143, 2394.543, 1240.142, 1024.186, 904.8583, 251.7012, 495.1571, 1546.618, 1072.498, 60.06547
28.2, 1509.794, 287.8449, 272.4427, 413.0746, 531.3712, 1005.58, 275.9839, 944.3339, 2308.829, 1266.465, 965.4226, 909.9572, 235.0466, 467.8931, 1464.824, 1013.083, 56.98697
28.3, 1453.106, 409.4967, 252.9095, 451.3782, 601.7954, 1064.581, 260.9207, 935.7611, 2435.986, 1206.189, 910.0312, 866.6029, 219.4941, 442.1302, 1542.171, 956.9589, 54.06625
28.4, 1462.976, 390.4326, 234.7768, 437.485, 929.9922, 1097.688, 570.8773, 884.8971, 2367.965, 1148.782, 986.3064, 953.0676, 204.9706, 417.7859, 1558.82, 903.9443, 51.29523
28.5, 1369.339, 398.381, 254.0115, 445.4164, 872.5066, 1036.166, 539.7187, 973.0937, 2309.244, 1094.107, 929.7168, 1033.98, 191.4082, 515.9993, 1476.382, 910.7755, 48.66623
28.6, 1300.994, 379.8344, 235.7997, 422.2015, 831.4885, 978.0919, 510.2608, 1021.778, 2362.926, 1084.336, 907.6982, 1021.956, 178.7431, 487.5877, 1815.873, 1125.806, 46.17197
28.7, 1433.267, 362.1512, 218.8937, 400.1965, 820.1141, 923.2728, 482.4107, 966.2382, 2359.881, 1170.446, 855.6188, 973.2652, 278.6992, 460.7404, 1837.902, 1063.438, 43.80555
28.8, 1341.531, 345.2912, 217.1244, 379.3384, 831.406, 962.2436, 456.0806, 952.4185, 2331.507, 1160.944, 806.5275, 926.8947, 260.2582, 435.3714, 1897.928, 1004.524, 41.56041
28.9, 1255.667, 329.2162, 201.5573, 364.8569, 780.0143, 912.6078, 431.1877, 974.9197, 2230.225, 1105.69, 843.9583, 882.7335, 243.0375, 411.3993, 1860.264, 948.8748, 39.43034
29, 1580.783, 313.8896, 187.1064, 476.684, 731.7992, 861.4589, 407.6534, 1145.557, 2150.418, 1053.067, 831.5648, 840.6763, 344.7902, 388.7471, 1976.976, 896.3082, 37.40944
29.1, 1698.757, 403.601, 173.6915, 451.8394, 686.5645, 903.373, 385.4036, 1278.538, 2221.467, 1259.603, 978.608, 851.8728, 496.4771, 367.3421, 2084.712, 846.6536, 35.49212
29.2, 1735.967, 384.8114, 161.2384, 428.2897, 644.1258, 1090.192, 364.3682, 1209.042, 2174.772, 1318.208, 1270.206, 811.2859, 532.1294, 347.1157, 1974.462, 799.7499, 33.67306
29.3, 1624.857, 366.8965, 149.6782, 405.9674, 604.3104, 1093.508, 344.4809, 1143.324, 2198.958, 1255.469, 1283.193, 890.1398, 496.9195, 328.0031, 1979.258, 755.4446, 31.94724
29.4, 1520.859, 511.0588, 138.9468, 384.8086, 566.9562, 1032.221, 325.6791, 1081.178, 2299.373, 1195.717, 1209.569, 847.7297, 464.0394, 309.9427, 2084.138, 713.5938, 30.30987
29.5, 1452.72, 514.0668, 128.9848, 364.7525, 566.815, 974.3677, 307.9035, 1201.916, 2321.007, 1212.445, 1140.17, 807.3403, 433.3349, 292.8769, 1973.918, 674.0615, 28.75641
29.6, 1359.739, 541.4571, 119.7371, 345.7417, 553.4657, 1056.019, 291.0981, 1136.585, 2220.181, 1154.74, 1227.436, 768.8751, 404.662, 276.7506, 1869.528, 980.269, 27.28258
29.7, 1272.71, 567.8888, 111.1524, 327.7218, 519.2543, 1040.92, 275.2099, 1074.805, 2293.4, 1223.866, 1190.616, 732.2426, 509.9758, 261.5124, 1886.113, 925.9631, 25.88428
29.8, 1191.25, 558.3233, 143.0817, 413.9111, 599.2797, 989.7554, 260.1889, 1016.383, 2297.846, 1165.618, 1122.304, 942.4199, 561.0142, 247.1131, 1801.59, 874.6658, 24.55765
29.9, 1115.005, 586.9671, 157.9703, 543.8918, 562.2363, 967.2619, 245.9878, 961.1372, 2198.026, 1110.142, 1057.912, 948.5541, 675.3901, 233.5067, 1785.124, 826.2102, 23.29902
30, 1043.64, 559.6409, 146.6444, 515.5444, 527.4828, 1008.465, 232.5617, 908.8939, 2136.341, 1194.513, 997.2141, 903.361, 696.3243, 220.6495, 1690.717, 780.439, 22.10489
30.1, 976.8418, 533.5868, 146.7265, 488.6744, 566.7655, 951.9434, 219.8685, 940.2758, 2197.671, 1201.42, 939.9987, 860.321, 650.25, 208.5002, 1663.469, 737.2036, 20.97196
30.2, 974.0158, 526.3817, 136.2067, 598.5867, 531.732, 898.5898, 207.868, 889.1664, 2102.203, 1229.956, 1003.469, 932.3163, 709.0528, 197.0199, 1575.497, 696.3633, 357.9426
30.3, 999.3829, 548.8503, 126.4412, 567.3885, 498.864, 987.432, 196.5225, 952.8662, 2063.998, 1171.418, 994.3315, 916.5957, 676.4951, 186.1718, 1492.176, 657.7855, 393.6187
30.4, 935.4178, 523.2986, 380.5828, 537.8165, 690.8977, 1038.639, 185.7963, 982.9417, 1992.467, 1115.666, 988.6161, 872.9252, 955.1363, 291.2542, 1413.262, 621.3449, 431.5469
30.5, 875.5468, 569.8848, 353.2964, 509.7857, 686.7605, 1181.458, 175.6555, 965.4086, 2097.638, 1143.271, 1193.321, 925.2614, 1090.274, 275.2173, 1515.374, 586.923, 638.7869
30.6, 819.5078, 594.9604, 327.9662, 562.5273, 758.177, 1374.434, 166.0682, 1128.593, 2173.531, 1088.858, 1301.583, 1170.531, 1371.054, 399.6168, 1435.234, 554.4081, 606.0476
30.7, 823.6831, 610.609, 304.4522, 533.2086, 751.3045, 1429.805, 157.0042, 1067.247, 2079.111, 1037.036, 1226.904, 1114.762, 1280.334, 377.6134, 1359.331, 523.6945, 574.9862
30.8, 770.9636, 582.1821, 282.6241, 505.4179, 704.8641, 1394.904, 148.4349, 1009.236, 2065.384, 987.6794, 1156.51, 1101.757, 1195.617, 356.8214, 1393.875, 494.6824, 545.5168
30.9, 721.6184, 555.0786, 262.3609, 479.0757, 661.2943, 1316.724, 140.3333, 954.3785, 2089.08, 940.6721, 1090.155, 1116.297, 1116.506, 337.1743, 1389.302, 467.2775, 517.5577
31, 675.4315, 529.237, 243.5506, 454.1065, 620.4176, 1242.925, 132.6739, 954.1259, 1998.329, 895.902, 1027.607, 1080.075, 1042.629, 318.609, 1315.828, 441.3908, 491.0317
31.1, 632.2008, 504.5984, 226.0889, 430.4387, 582.0677, 1173.263, 125.4325, 1102.122, 1951.521, 1223.861, 968.6481, 1048.794, 973.6403, 301.066, 1246.24, 416.9383, 465.8652
31.2, 591.7371, 567.3112, 209.8791, 408.0044, 546.0883, 1107.505, 118.5864, 1136.485, 1951.561, 1165.613, 913.0717, 1064.623, 909.2166, 284.4889, 1233.63, 393.8403, 441.9885
31.3, 553.8632, 563.0754, 194.8315, 386.7393, 512.3329, 1045.433, 112.1139, 1074.711, 2068.155, 1110.137, 860.684, 1084.037, 849.0556, 381.2017, 1168.389, 372.022, 419.3355
31.4, 612.5541, 536.8615, 180.8628, 366.5826, 480.6641, 986.8395, 105.9947, 1016.294, 2077.629, 1106.781, 811.302, 1032.389, 792.8754, 398.7408, 1202.255, 351.4124, 397.8436
31.5, 573.3478, 511.8679, 167.8955, 347.4765, 450.9528, 999.7204, 100.2095, 1129.156, 2066.882, 1241.229, 764.7534, 983.2017, 740.4125, 458.6162, 1138.674, 331.9445, 504.825
31.6, 629.1711, 488.0379, 155.858, 348.2576, 441.0068, 943.6891, 94.74006, 1067.78, 2065.564, 1182.154, 720.8754, 936.3577, 691.421, 433.3642, 1176.106, 313.5551, 711.278
31.7, 620.4617, 490.8865, 144.6835, 330.1065, 458.9109, 890.7982, 89.56913, 1009.74, 2134.892, 1309.389, 679.515, 891.7457, 645.6711, 441.6554, 1259.771, 296.1845, 674.8233
31.8, 580.7493, 468.0333, 134.3103, 312.9015, 430.5442, 840.8716, 84.68044, 1030.938, 2042.151, 1247.071, 640.5276, 849.2592, 602.9484, 417.3372, 1193.147, 279.7762, 640.237
31.9, 552.8383, 545.416, 124.6807, 296.5932, 403.9309, 793.7433, 80.05856, 974.9009, 2026.264, 1187.718, 603.7772, 808.7968, 563.0526, 394.3581, 1130.048, 264.2769, 607.4233
32, 517.454, 520.0241, 115.7415, 281.1349, 378.9627, 749.2565, 75.68896, 921.9095, 2033.265, 1408.715, 569.1354, 848.574, 647.9437, 372.6442, 1070.285, 249.6363, 576.2914
32.1, 484.3346, 495.8144, 107.4433, 266.4822, 355.5379, 707.2629, 71.55784, 871.7984, 2114.43, 1455.793, 536.4811, 1025.678, 654.0812, 352.1259, 1013.683, 235.8067, 546.7551
32.2, 556.6381, 472.7318, 99.73997, 252.5933, 333.561, 667.623, 67.6522, 952.222, 2111.629, 1471.636, 505.7003, 976.8105, 610.802, 332.7373, 960.0741, 222.7432, 518.7326
32.3, 521.0107, 565.7134, 92.58897, 239.4282, 312.9426, 691.4539, 63.95974, 900.4633, 2090.272, 1401.596, 476.6857, 930.2711, 953.3004, 314.4163, 1008.908, 210.4035, 492.1464
32.4, 581.2972, 539.3766, 85.95067, 226.9493, 293.5986, 652.7, 60.4688, 907.6548, 1999.469, 1461.311, 449.3357, 885.949, 1245.859, 358.1586, 1065.276, 198.7474, 466.9227
32.5, 554.9227, 514.2659, 79.78831, 215.1208, 275.4504, 743.4492, 57.16841, 953.8326, 2251.927, 1516.611, 423.5549, 843.7386, 1234.237, 373.366, 1114.357, 187.737, 442.9918
32.6, 519.4051, 551.6395, 74.06776, 203.9088, 258.424, 701.7811, 54.04815, 901.9864, 2154.102, 1444.43, 399.2534, 803.5393, 1152.57, 352.808, 1100.451, 177.3365, 420.2874
32.7, 486.1608, 525.9579, 68.75737, 193.2811, 242.45, 662.4484, 51.09819, 852.9583, 2166.991, 1518.854, 376.3461, 765.2552, 1076.307, 447.9793, 1130.034, 167.5123, 398.7467
32.8, 455.0443, 501.472, 63.82771, 183.2074, 227.4634, 625.3202, 48.30924, 806.5951, 2130.595, 1513.149, 354.7531, 728.7952, 1068.954, 423.3129, 1099.487, 158.2323, 378.31
32.9, 425.9193, 478.126, 59.25149, 173.6587, 213.4032, 641.2415, 45.67252, 762.752, 2127.976, 1586.09, 334.3991, 694.0723, 998.2234, 400.0047, 1041.34, 149.4664, 358.9207
33, 442.4848, 517.0609, 55.00336, 164.6077, 200.2121, 605.3019, 43.1797, 721.2921, 2130.473, 1691.199, 315.2129, 722.8318, 932.1731, 377.9799, 1135.685, 141.1861, 340.5252
33.1, 414.1638, 587.6012, 51.05982, 179.1917, 187.8364, 571.3765, 40.82295, 682.0857, 2050.536, 1628.538, 297.1274, 810.4304, 870.4932, 461.8445, 1134.153, 133.3645, 323.0724
33.2, 396.8561, 560.2454, 47.39901, 169.8523, 176.2257, 627.3944, 38.59483, 752.997, 1961.459, 1649.044, 280.0797, 771.8181, 932.6168, 680.9032, 1074.173, 125.9763, 306.5142
33.3, 371.4555, 534.1632, 44.00067, 160.9997, 165.3326, 592.2308, 36.48832, 772.5323, 2068.272, 1570.56, 441.5069, 834.9077, 870.9075, 667.6773, 1017.366, 118.9973, 290.8046
33.4, 465.9572, 509.2952, 40.84597, 169.0089, 155.1129, 559.0381, 34.49678, 855.2289, 1978.425, 1664.935, 416.1753, 795.1292, 849.3083, 630.9141, 1094.854, 112.405, 275.9002
33.5, 436.1338, 485.585, 37.91746, 160.2003, 145.5249, 527.7057, 32.61394, 808.7424, 1981.025, 1585.694, 392.2971, 757.2458, 793.1113, 756.3691, 1036.952, 106.1779, 261.7597
33.6, 408.2192, 462.9786, 35.19891, 222.6089, 136.5296, 542.0587, 30.83387, 764.7826, 1940.899, 1624.218, 410.9822, 721.1674, 740.6328, 844.606, 982.113, 100.2958, 248.3439
33.7, 449.4524, 441.4247, 32.67528, 219.1498, 128.0902, 651.0592, 29.15095, 723.2123, 1969.139, 1661.221, 387.402, 686.8079, 691.6267, 798.1008, 930.1739, 94.73948, 235.6157
33.8, 420.6854, 420.8741, 30.33258, 207.7278, 120.1726, 614.5693, 27.55989, 740.3718, 1931.927, 1582.157, 582.6556, 706.2903, 645.8632, 828.3814, 1108.691, 89.49101, 223.5398
33.9, 393.7596, 498.0176, 28.15784, 196.9011, 112.7444, 775.0445, 26.05566, 715.0995, 1942.601, 1506.856, 549.2256, 672.6396, 603.1278, 905.4341, 1105.602, 84.5333, 212.0829
34, 410.9966, 474.8325, 26.13902, 245.4021, 105.7753, 792.0224, 24.63354, 875.181, 1858.213, 1536.84, 589.5353, 640.5922, 563.2201, 855.5796, 1135.576, 79.85025, 201.2131
34.1, 384.6909, 452.7266, 24.26495, 243.1196, 99.23699, 762.339, 23.28904, 827.6099, 1885.348, 1719.887, 577.3135, 610.0716, 698.354, 808.4702, 1075.521, 75.42663, 190.9005
34.2, 390.6033, 431.6499, 22.52524, 262.9179, 93.10285, 719.6122, 22.01792, 782.6246, 1987.158, 1638.031, 544.19, 686.3439, 652.1454, 763.9547, 1018.642, 71.24807, 181.1164
34.3, 365.6029, 411.5545, 20.91026, 249.2148, 87.34788, 729.04, 20.81618, 740.0844, 1989.267, 1587.82, 656.4756, 694.861, 608.9943, 721.8903, 964.7708, 67.301, 171.8337
34.4, 342.2027, 392.3946, 19.41107, 236.2258, 81.94864, 766.8732, 19.68003, 699.8566, 1970.251, 1563.989, 633.1882, 661.7548, 568.6984, 682.142, 913.7487, 63.5726, 163.0268
34.5, 320.3001, 374.1267, 18.01936, 273.0697, 76.88314, 822.121, 18.60589, 661.8154, 1884.662, 1489.553, 730.863, 630.226, 622.5212, 644.5823, 865.425, 60.05074, 154.6713
34.6, 299.7994, 397.3616, 16.72744, 258.8374, 72.13076, 797.3768, 17.59037, 625.8419, 1864.528, 1418.659, 882.7811, 637.2101, 581.3303, 609.0907, 819.6569, 56.724, 146.744
34.7, 280.6109, 378.8624, 15.52814, 245.3469, 67.67213, 752.6863, 16.63029, 591.8238, 1904.657, 1461.517, 871.2596, 618.0316, 542.8649, 575.5533, 887.3007, 53.58155, 139.2231
34.8, 262.6505, 361.2245, 14.41483, 232.5595, 63.48911, 710.5005, 15.72261, 559.6548, 1948.623, 1391.958, 925.7495, 619.3625, 699.9228, 543.8625, 916.1581, 50.61319, 132.0876
34.9, 316.0716, 344.4077, 13.38134, 259.2126, 59.56466, 774.4959, 14.86446, 675.4716, 1922.793, 1516.173, 976.3583, 589.8535, 653.6104, 607.5797, 905.1779, 47.80927, 125.3178
35, 295.8415, 350.736, 12.42194, 323.8829, 84.03912, 731.0878, 14.05316, 860.7458, 1839.266, 1704.464, 1017.952, 916.6275, 894.6147, 683.0015, 959.417, 45.16069, 118.8949
35.1, 276.9063, 334.4075, 11.53133, 307.0022, 78.84441, 690.1125, 13.28614, 813.9593, 1791.191, 1838.186, 959.5468, 872.9554, 960.1659, 673.441, 908.6781, 42.65883, 112.8013
35.2, 259.183, 318.8392, 10.70458, 364.8692, 73.97079, 651.4338, 12.56098, 769.7159, 1813.667, 1750.7, 972.9434, 956.1995, 1042.155, 636.3604, 860.6226, 40.29558, 107.02
35.3, 242.5941, 303.9956, 9.937097, 392.3519, 222.071, 614.923, 11.8754, 727.8774, 1734.88, 1667.378, 1024.503, 910.6421, 997.8395, 628.7818, 843.585, 325.5612, 101.5349
35.4, 271.4074, 289.8431, 9.224642, 371.9027, 371.9744, 580.4584, 11.22723, 688.3131, 1878.726, 1588.022, 1121.654, 904.9635, 931.8146, 594.1602, 1027.262, 307.5255, 96.33102
35.5, 254.0361, 320.0906, 8.563268, 352.5193, 409.6023, 547.9255, 10.61445, 650.8994, 1904.79, 1557.671, 1057.299, 861.8472, 870.1584, 561.4449, 972.9354, 290.4889, 91.39383
35.6, 237.7766, 305.1888, 7.949312, 334.1461, 384.2835, 517.2159, 10.03511, 615.5192, 1863.809, 1597.331, 996.6358, 820.7851, 866.7284, 542.7702, 921.4816, 274.3961, 86.70968
35.7, 362.7328, 290.9807, 7.379374, 344.1897, 360.5298, 543.7101, 9.487394, 582.0622, 1782.844, 1521.308, 939.4536, 781.6794, 809.3788, 512.8845, 872.749, 259.1948, 82.2656
35.8, 339.5163, 277.4341, 6.850299, 338.7975, 534.7821, 513.2368, 8.969571, 550.4238, 1854.266, 1488.104, 885.5522, 744.4368, 755.8239, 511.8415, 826.5935, 340.5514, 78.04929
35.9, 317.7857, 264.5182, 6.359157, 321.1395, 608.6327, 573.3161, 8.48001, 520.5051, 1773.715, 1589.384, 834.7434, 853.9631, 705.8126, 546.6462, 782.879, 321.6852, 74.04908
36, 297.4459, 252.2036, 38.42214, 313.303, 636.606, 541.1835, 8.01717, 492.2126, 1727.657, 1513.739, 973.6472, 864.0414, 701.5661, 516.5471, 741.4764, 303.8642, 70.25389
36.1, 278.408, 240.4622, 35.66741, 296.9738, 746.6832, 604.0048, 7.579592, 465.458, 1721.359, 1441.695, 917.7839, 822.8748, 655.145, 488.1053, 702.2633, 287.0305, 66.65321
36.2, 260.5886, 229.2675, 33.11018, 281.4956, 772.2471, 570.1521, 7.165897, 440.1577, 1684.052, 1373.079, 865.1258, 783.6696, 815.5535, 461.2295, 665.124, 271.1293, 63.23708
36.3, 243.9098, 218.594, 30.7363, 266.8242, 724.5121, 596.3599, 6.774781, 416.2326, 1682.131, 1307.73, 815.489, 746.3322, 818.2123, 435.8336, 629.9489, 256.109, 454.6005
36.4, 228.2984, 208.4173, 28.53261, 252.9174, 679.7278, 598.9817, 388.6614, 393.608, 1609.058, 1382.126, 768.7001, 710.7737, 891.2816, 411.8359, 596.6339, 241.9208, 659.5375
36.5, 213.6863, 250.2564, 26.48693, 288.9079, 991.5776, 577.2153, 367.4482, 372.2131, 1649.931, 1520.402, 724.5957, 774.9656, 859.586, 389.1597, 565.0809, 301.7776, 625.7346
36.6, 200.0094, 238.6057, 24.58791, 273.8501, 930.2852, 597.1887, 347.3928, 351.9812, 1578.257, 1448.04, 683.0219, 856.9062, 802.709, 506.3393, 535.1965, 285.0595, 593.6642
36.7, 187.2078, 227.4975, 22.82504, 389.7127, 970.9619, 563.7181, 328.4321, 332.849, 1673.155, 1379.123, 643.8333, 852.4908, 749.5954, 478.4595, 506.8926, 394.0966, 563.2375
36.8, 175.2257, 216.9063, 21.18857, 369.4011, 968.29, 627.1631, 310.5062, 314.7567, 1600.472, 1313.485, 606.8932, 811.8745, 699.9963, 452.1149, 480.0855, 372.2641, 534.3703
36.9, 164.0104, 206.8083, 19.66942, 350.148, 908.4371, 625.8975, 293.5587, 297.6479, 1582.267, 1250.972, 757.893, 773.1934, 653.679, 427.2208, 454.6962, 385.4676, 506.9825
37, 153.513, 197.1803, 18.25919, 331.8984, 852.2838, 590.8178, 277.5362, 281.469, 1636.317, 1337.212, 812.6859, 822.2254, 610.4265, 443.215, 430.6495, 364.1131, 480.9985
37.1, 143.6875, 188.0006, 16.95007, 314.6, 799.6016, 557.7043, 337.2837, 266.1696, 1597.513, 1273.569, 766.0578, 783.0511, 688.5899, 418.8109, 407.8745, 343.9416, 456.3462
37.2, 134.4908, 223.707, 15.73481, 298.2032, 750.1757, 526.4467, 401.1234, 251.7017, 1719.269, 1212.956, 722.105, 745.7432, 643.0273, 395.7506, 386.304, 373.0617, 432.9574
37.3, 125.8828, 213.2923, 14.60668, 282.6609, 703.8051, 496.9409, 408.5924, 238.0203, 1683.642, 1155.227, 871.2404, 710.2128, 724.2265, 373.9601, 365.8743, 352.3945, 410.7673
37.4, 228.9671, 203.3625, 13.55943, 267.9288, 660.3007, 469.0889, 386.2914, 225.0825, 1652.483, 1100.245, 821.2527, 676.3752, 753.8002, 353.3693, 346.525, 415.4749, 389.7145
37.5, 214.3121, 193.8949, 12.58727, 253.9644, 619.4855, 442.7979, 399.8738, 483.2224, 1786.316, 1243.979, 966.0076, 644.1498, 758.8579, 371.6033, 328.199, 392.4581, 369.7407
37.6, 445.9861, 184.8682, 35.76688, 240.7279, 676.0923, 417.9804, 518.4033, 535.8358, 1739.767, 1184.774, 910.5826, 613.4598, 926.939, 394.9884, 310.8421, 370.7163, 350.7906
37.7, 417.4409, 176.2616, 120.9091, 228.1813, 634.301, 517.503, 490.1087, 506.7101, 1779.772, 1214.41, 890.2907, 584.2319, 887.1639, 460.2667, 487.1863, 350.179, 332.8118
37.8, 447.488, 168.0558, 112.2403, 216.2885, 697.4011, 488.4985, 463.3585, 748.6102, 1769.507, 1156.611, 893.2388, 556.3966, 901.295, 434.9238, 758.906, 330.7795, 315.7544
37.9, 418.8467, 197.5898, 158.3649, 205.0157, 654.2925, 461.1197, 541.8318, 707.9189, 1780.855, 1149.409, 892.0475, 609.7503, 841.6582, 531.0969, 718.7712, 597.0096, 299.5712
38, 392.0386, 188.391, 147.0107, 194.3303, 613.8487, 489.7122, 512.2585, 737.3655, 1703.493, 1146.184, 928.2844, 580.6992, 905.2533, 606.4289, 707.5425, 563.9359, 284.2175
38.1, 487.5114, 215.9295, 162.6661, 184.2019, 575.9048, 477.1893, 484.2994, 697.2855, 1651.691, 1130.394, 905.0801, 553.0322, 1115.994, 573.0381, 715.0269, 532.6945, 269.6507
38.2, 456.3084, 205.8769, 151.0035, 174.6014, 540.3064, 496.9517, 457.8663, 773.9776, 1692.635, 1145.248, 945.6206, 557.2198, 1141.345, 541.4858, 812.7317, 503.1837, 255.8304
38.3, 427.1026, 196.2923, 140.1771, 165.5012, 506.9084, 484.648, 432.8759, 963.1204, 1818.897, 1244.942, 891.3654, 530.6714, 1136.984, 511.6708, 796.3853, 475.3079, 242.7185
38.4, 399.7661, 187.1539, 130.1269, 156.8754, 522.2075, 457.4849, 409.2494, 910.7693, 1749.148, 1185.69, 1054.911, 649.8491, 1209.673, 483.4975, 965.4608, 448.9763, 230.2786
38.5, 374.1792, 226.1592, 126.3099, 148.6991, 602.1578, 519.7772, 704.0457, 861.2637, 1731.27, 1129.259, 994.3853, 618.8875, 1282.446, 456.8755, 914.4022, 424.1035, 218.4763
38.6, 350.23, 215.6304, 338.4789, 140.9489, 564.9366, 490.6452, 665.6188, 814.4491, 1691.172, 1075.513, 964.8002, 589.4011, 1345.7, 431.7193, 866.0439, 400.6087, 207.2789
38.7, 411.8409, 205.5917, 314.2111, 133.6027, 621.3252, 696.8165, 629.2892, 770.1791, 1617.707, 1024.326, 954.5434, 561.3195, 1384.686, 407.9482, 820.2431, 378.4154, 196.6553
38.8, 385.4811, 196.0204, 291.6833, 126.6394, 582.9192, 830.1212, 594.9425, 728.3155, 1589.062, 975.5743, 899.7762, 534.5758, 1293.064, 385.486, 776.8644, 357.4516, 186.5763
38.9, 360.8086, 186.8947, 270.7706, 120.039, 546.8871, 783.5954, 562.4705, 688.7274, 1528.375, 929.1431, 948.5496, 509.1063, 1258.374, 364.2606, 735.7798, 337.6491, 177.0138
39, 337.7151, 178.1938, 289.6333, 113.7826, 513.0824, 778.3766, 531.7708, 651.2911, 1512.401, 884.9218, 964.2977, 484.8503, 1443.96, 344.2039, 696.868, 318.9437, 167.9414
39.1, 316.0998, 169.898, 268.8676, 107.8523, 481.3672, 921.6848, 502.7466, 615.8896, 1580.934, 974.1949, 908.9708, 461.75, 1468.734, 325.2516, 660.0141, 301.2746, 159.334
39.2, 295.868, 161.9884, 249.5907, 102.2311, 451.6124, 870.0271, 475.3066, 582.4125, 1622.466, 927.8294, 856.8184, 507.8087, 1436.668, 307.3427, 625.1092, 284.5843, 151.1678
39.3, 276.9311, 154.447, 231.696, 96.90285, 423.6969, 821.2647, 449.3643, 550.7551, 1551.985, 883.6706, 882.2503, 483.6145, 1417.484, 290.42, 592.0502, 268.8186, 143.4201
39.4, 259.2062, 147.2567, 215.0842, 91.85232, 397.5069, 775.2353, 424.838, 520.8184, 1666.424, 908.0306, 831.631, 460.5731, 1323.692, 274.4291, 560.7396, 253.9264, 136.0695
39.5, 242.6158, 140.4012, 199.6634, 87.06501, 372.9358, 731.7857, 401.6502, 492.5089, 1637.969, 864.8141, 783.916, 569.7124, 1295.759, 259.3186, 531.0848, 239.8591, 129.0956
39.6, 227.0873, 133.8648, 185.3482, 82.52721, 349.8835, 690.7714, 379.7281, 465.7382, 1829.444, 948.4504, 738.9386, 599.2536, 1210.022, 245.0402, 502.9983, 226.5712, 122.4791
39.7, 212.5526, 192.8384, 172.0594, 78.22593, 328.2561, 652.0557, 359.0025, 440.4226, 1807.929, 903.3102, 696.5418, 599.9276, 1129.957, 231.5479, 476.3972, 214.0194, 116.2018
39.8, 198.9483, 183.8608, 159.7234, 74.14883, 307.9656, 615.51, 339.4081, 416.4832, 1829.245, 905.7713, 656.5776, 752.1358, 1055.19, 218.7986, 451.2029, 202.1629, 110.2462
39.9, 186.2147, 175.3012, 148.2718, 70.28422, 288.9293, 581.0126, 320.8831, 393.8449, 1779.59, 862.6624, 618.9062, 716.3008, 1069.243, 206.7512, 427.3409, 190.9633, 104.5958
40, 174.2961, 167.1401, 137.6412, 66.62103, 271.0697, 548.4486, 303.3693, 372.4372, 1765.482, 929.2615, 583.3964, 682.1732, 1066.886, 277.7743, 404.741, 180.3841, 404.7593
40.1, 163.1404, 159.3589, 127.7728, 63.14877, 254.3141, 517.7097, 286.8113, 352.1931, 1720.148, 1014.776, 549.9238, 649.6716, 1223.562, 262.4796, 383.3362, 170.3911, 474.3903
40.2, 152.6986, 185.1248, 118.612, 59.85748, 238.5941, 488.6937, 271.1571, 333.0493, 1684.432, 966.4789, 558.7662, 711.7811, 1301.104, 248.0271, 363.0634, 160.9516, 513.105
40.3, 142.9252, 176.5063, 110.1079, 56.73773, 223.8459, 461.3039, 256.3573, 314.9462, 1611.259, 920.4806, 526.7068, 755.4807, 1215.013, 234.3704, 343.8628, 152.035, 651.6681
40.4, 133.7773, 168.289, 147.7598, 53.78058, 210.0093, 435.4492, 242.3653, 297.8271, 1690.843, 876.6716, 496.4869, 1023.66, 1134.618, 221.4657, 325.6776, 143.6124, 877.6561
40.5, 125.215, 160.4544, 137.1659, 50.97756, 197.028, 411.0436, 229.137, 281.6385, 1617.392, 953.8323, 577.9888, 974.8883, 1128.672, 209.2714, 308.4541, 135.6565, 1035.766
40.6, 117.2006, 194.635, 135.8772, 48.32063, 184.8491, 388.0058, 216.6306, 266.3298, 1725.951, 908.4359, 544.8266, 928.4405, 1053.99, 197.7487, 292.1414, 128.1412, 982.6807
40.7, 109.6993, 185.5738, 411.7583, 45.80218, 173.423, 366.2593, 204.8069, 251.8533, 1650.974, 865.2001, 577.0853, 928.3428, 1227.51, 186.8603, 276.6915, 121.0423, 957.0966
40.8, 102.678, 176.9344, 1344.898, 43.41499, 162.7032, 345.7316, 193.6285, 238.1636, 1625.527, 1014.142, 764.7644, 1067.301, 1146.289, 176.5715, 262.0587, 114.3367, 933.6133
40.9, 96.10615, 168.6972, 2582.132, 41.15221, 152.646, 326.3544, 183.0603, 225.218, 1849.617, 965.8754, 812.7841, 1048.95, 1070.441, 166.8493, 248.1996, 108.0026, 966.0689
41, 89.95491, 160.8435, 2842.927, 39.00738, 143.2105, 308.0632, 173.0688, 212.9761, 2138.164, 1014.815, 879.0711, 998.9739, 999.6123, 157.6623, 235.0736, 102.0194, 916.5556
41.1, 84.19738, 212.6185, 2639.099, 36.97433, 134.3582, 290.7972, 163.6227, 201.3997, 2487.493, 966.5164, 828.6342, 951.3785, 933.4701, 148.9812, 222.6417, 96.36759, 869.58
41.2, 78.80836, 304.0373, 2549.726, 35.04724, 126.0531, 274.4989, 154.6921, 190.4524, 2860.781, 920.5164, 781.0911, 906.0508, 871.7043, 140.7781, 210.8672, 91.02893, 825.0119
41.3, 73.76426, 289.8828, 2543.444, 33.22059, 118.2614, 259.114, 146.249, 180.1002, 3106.858, 876.7056, 736.2758, 898.7921, 814.0255, 133.0267, 199.7155, 85.98602, 782.7281
41.4, 69.04301, 344.0302, 2391.917, 31.48915, 110.9513, 244.5915, 138.2667, 170.3108, 3528.718, 1105.078, 694.0317, 983.7006, 760.1631, 125.702, 189.1535, 81.22249, 831.3002
41.5, 64.62394, 388.4581, 2306.888, 29.84794, 104.0931, 230.8829, 130.7201, 405.3823, 4033.266, 1318.443, 654.2115, 1027.501, 709.8647, 118.7807, 179.1501, 76.72285, 1012.923
41.6, 60.48771, 370.3734, 2364.525, 28.29228, 97.65875, 217.9426, 123.5854, 383.3475, 4216.91, 1360.291, 616.676, 1101.111, 662.8945, 112.2405, 169.6758, 72.47248, 1061.948
41.7, 56.61622, 353.1307, 2194.997, 26.8177, 165.9048, 205.7276, 116.8401, 457.9316, 4495.128, 1597.07, 581.294, 1209.175, 619.0322, 106.0604, 160.7024, 68.45758, 1111.044
41.8, 52.99252, 398.5102, 2212.684, 25.41997, 155.6497, 194.1972, 110.4629, 433.0404, 4603.885, 1780.884, 626.0708, 1174.531, 578.0721, 100.2205, 152.2037, 64.6651, 1210.916
41.9, 174.9627, 582.7206, 2304.08, 24.09509, 146.0285, 183.313, 104.4338, 566.6118, 4481.472, 1696.126, 590.1498, 1188.429, 539.8223, 94.70225, 144.1544, 61.08272, 1148.854
42, 280.1701, 686.0143, 2239.418, 22.83926, 137.0021, 173.0389, 98.73382, 900.2182, 4607.565, 1615.401, 556.2899, 1160.259, 504.1034, 278.3268, 136.5307, 57.6988, 1089.972
42.1, 262.2379, 773.7303, 2097.852, 21.64889, 179.0562, 163.3406, 93.34491, 1020.93, 4430.018, 1648.952, 524.3726, 1104.979, 470.7479, 298.8111, 129.3103, 54.50235, 1167.595
42.2, 245.4535, 875.3536, 1950.798, 20.52056, 167.9882, 154.1858, 88.25013, 1078.045, 4237.575, 1614.677, 494.2866, 1309.477, 439.5995, 282.3581, 122.4717, 51.48298, 1373.112
42.3, 229.7433, 1037.745, 1823.458, 19.45103, 157.6043, 145.5442, 83.43343, 1110.461, 4241.31, 1710.256, 520.2202, 1247.088, 410.5121, 266.8111, 115.9948, 48.63087, 1487.625
42.4, 215.0387, 1287.939, 1695.269, 18.43725, 147.8623, 137.3869, 78.87962, 1050.101, 4075.096, 1794.131, 544.7737, 1187.672, 383.3494, 304.2722, 109.8604, 45.93678, 1411.381
42.5, 201.2752, 1227.979, 1601.823, 17.47631, 138.7225, 129.6868, 74.57436, 993.0224, 4076.541, 1708.741, 539.2092, 1131.086, 357.984, 287.5185, 104.0504, 43.39193, 1339.044
42.6, 188.3927, 1214.435, 1486.978, 16.56545, 130.1476, 122.4182, 70.50407, 939.046, 4003.67, 1842.256, 508.272, 1077.196, 334.2969, 271.6873, 98.54768, 40.98806, 1398.049
42.7, 176.3347, 1157.897, 1455.446, 15.70207, 122.1028, 115.5571, 66.65595, 888.0034, 3946.102, 2025.035, 479.1097, 1239.672, 312.1772, 411.7498, 93.33597, 38.71737, 1372.512
42.8, 165.0485, 1103.991, 1351.096, 14.88368, 208.5606, 109.0804, 63.01786, 839.7354, 3923.545, 1928.656, 485.7878, 1205.699, 291.5211, 449.8381, 88.39989, 36.57246, 1302.168
42.9, 154.4846, 1108.902, 1378.715, 14.10795, 195.6688, 102.9668, 59.57833, 979.8279, 3826.925, 1836.864, 654.7036, 1148.254, 272.2318, 425.0694, 83.72485, 34.54639, 1235.428
43, 178.2177, 1117.322, 1279.866, 13.37265, 183.5739, 97.19583, 56.32654, 1124.881, 3943.219, 1847.55, 617.1398, 1172.128, 254.2188, 495.9544, 79.29705, 32.63255, 1269.616
43.1, 166.8109, 1065.305, 1188.105, 12.67567, 335.2449, 91.7483, 53.25223, 1063.737, 3841.032, 1778.787, 581.7313, 1116.283, 237.3977, 605.4456, 75.10342, 30.82474, 1204.545
43.2, 156.1343, 1015.71, 1102.922, 12.01502, 314.5224, 86.60609, 50.34572, 1005.917, 3929.772, 1906.718, 548.3543, 1063.098, 330.4107, 614.6969, 71.13156, 29.11708, 1142.81
43.3, 146.141, 968.4236, 1023.846, 11.3888, 295.0808, 81.75208, 47.59784, 951.2398, 3759.06, 1853.165, 516.8923, 1114.441, 308.5481, 580.8508, 67.36976, 27.50403, 1084.238
43.4, 171.8113, 1031.901, 1132.156, 10.79522, 498.4121, 77.17012, 44.99995, 899.5345, 3736.325, 1807.167, 595.6436, 1061.344, 376.5278, 577.4827, 63.8069, 25.98033, 1202.734
43.5, 160.8146, 983.8605, 1143.093, 10.23258, 529.902, 72.84497, 42.54384, 850.6396, 3890.887, 1911.566, 680.3102, 1046.808, 432.3494, 716.5153, 60.43246, 24.54105, 1449.4
43.6, 150.5217, 938.0569, 1111.462, 9.699261, 497.1471, 68.76223, 40.22179, 804.4025, 3786.088, 1820.588, 641.2773, 1096.132, 551.3521, 677.063, 57.23649, 23.1815, 1646.366
43.7, 140.8876, 894.3857, 1041.476, 9.193739, 466.4169, 64.90832, 38.02648, 760.6786, 3783.011, 1733.939, 626.8901, 1147.003, 514.8702, 639.783, 54.20953, 21.89727, 1561.986
43.8, 131.8701, 852.7476, 966.8062, 8.714565, 437.5863, 61.2704, 35.95099, 719.3314, 3791.116, 1725.381, 590.9222, 1092.355, 539.5257, 604.5556, 51.34265, 20.68419, 1481.93
43.9, 123.4299, 890.4006, 897.4896, 8.260365, 410.5377, 57.83638, 33.98878, 680.2316, 3626.428, 1706.933, 557.0179, 1079.959, 679.2563, 571.2679, 48.62739, 19.5383, 1405.978
44, 115.5298, 848.948, 911.4932, 7.829838, 385.1611, 102.7986, 32.13366, 643.2571, 3696.997, 1645.892, 525.0588, 1057.63, 634.3113, 539.8131, 46.05572, 18.4559, 1333.918
44.1, 108.1353, 809.4252, 953.3383, 7.42175, 421.1191, 97.03706, 30.3798, 608.2924, 3536.397, 1745.698, 660.2552, 1037.116, 592.3403, 510.0902, 43.62006, 17.43346, 1310.316
44.2, 101.2142, 771.7424, 884.9873, 7.034931, 395.0884, 91.59843, 28.72167, 575.2282, 3436.719, 1737.191, 622.3729, 1064.21, 553.1464, 482.004, 41.31321, 16.46767, 1366.91
44.3, 94.73601, 804.7152, 821.5369, 6.668273, 370.6668, 86.46461, 27.15404, 543.9612, 3400.703, 1654.512, 586.6641, 1013.506, 516.5458, 455.4641, 39.12836, 15.55538, 1376.89
44.4, 88.67247, 784.388, 762.6356, 6.320725, 347.7547, 81.61854, 25.67196, 514.3938, 3353.995, 1575.768, 553.0041, 1058.109, 482.3671, 430.3857, 37.05905, 14.69363, 1306.321
44.5, 82.99702, 838.709, 707.9573, 5.991292, 326.2589, 77.04407, 24.27078, 486.4335, 3440.701, 1665.431, 521.2753, 1007.696, 579.4076, 406.688, 35.09917, 13.87961, 1332.518
44.6, 77.68483, 799.6629, 657.1992, 5.679028, 306.0919, 72.72598, 22.94608, 459.9931, 3473.692, 1586.167, 491.367, 1028.875, 541.0694, 384.2952, 33.24295, 13.1107, 1294.23
44.7, 72.71265, 808.4838, 655.1907, 5.383039, 287.1714, 68.64991, 21.69368, 434.9898, 3390.226, 1647.732, 463.1747, 1066.841, 505.268, 463.6299, 31.48489, 12.38438, 1227.898
44.8, 68.0587, 797.1774, 608.2159, 5.102477, 269.4205, 64.80229, 20.50964, 661.4531, 3373.807, 1637.05, 558.0814, 1172.967, 576.2034, 438.1018, 29.81981, 11.6983, 1216.803
44.9, 63.70263, 760.0648, 564.6089, 4.836538, 252.7668, 61.17032, 19.39022, 625.4993, 3317.85, 1559.136, 723.0846, 1117.081, 625.6877, 413.9793, 28.24279, 11.05022, 1255.404
45, 59.62537, 724.68, 545.9941, 4.584459, 237.1425, 57.74191, 339.7916, 591.4999, 3335.878, 1599.33, 681.5974, 1213.327, 584.2873, 391.185, 26.74916, 10.43805, 1314.602
45.1, 55.80907, 747.5403, 600.9856, 4.345519, 222.484, 54.50565, 321.2457, 559.3484, 3265.845, 1742.726, 665.2641, 1224.683, 545.6262, 431.5253, 25.33453, 9.859796, 1278.659
45.2, 52.23703, 757.8222, 654.3481, 4.119032, 208.7316, 51.45078, 303.7121, 694.9396, 3242.391, 1659.784, 627.0944, 1245.765, 509.5233, 407.7649, 23.99471, 9.313573, 1213.125
45.3, 131.2188, 722.5418, 743.6313, 3.90435, 212.9161, 48.56712, 287.1354, 657.1656, 3346.222, 1779.547, 591.1147, 1186.411, 557.0532, 526.7026, 22.72575, 8.797611, 1150.949
45.4, 122.8202, 688.9039, 716.3418, 3.700857, 375.2514, 160.4621, 271.4635, 682.2122, 3256.591, 1694.852, 629.7836, 1129.885, 520.1942, 538.5045, 21.52389, 8.310233, 1198.526
45.5, 146.6079, 656.832, 775.687, 3.50797, 389.1109, 151.4687, 256.647, 645.13, 3135.418, 1614.187, 808.8624, 1076.053, 485.774, 574.2057, 20.3856, 7.849855, 1137.099
45.6, 247.9895, 626.2532, 720.073, 3.325136, 399.7289, 204.843, 340.6083, 701.4114, 3197.689, 1698.764, 1209.213, 1090.759, 453.6314, 594.0038, 19.3075, 7.414981, 1078.82
45.7, 232.1171, 597.098, 741.8401, 3.151831, 375.0204, 193.3622, 322.0179, 663.2857, 3106.255, 1617.914, 1181.686, 1177.245, 423.6155, 561.2971, 18.28642, 7.004199, 1125.566
45.8, 217.2605, 635.8723, 688.6528, 2.987559, 351.8393, 182.5248, 304.4421, 722.5725, 3072.261, 1540.911, 1113.886, 1121.156, 445.741, 530.3913, 17.31935, 6.616174, 1134.741
45.9, 203.3548, 606.2693, 657.0806, 2.831848, 398.9706, 172.2949, 287.8256, 922.6456, 3181.645, 1467.574, 1085.626, 1067.739, 521.093, 659.7316, 16.40341, 6.249645, 1076.583
46, 190.3392, 598.7697, 687.0896, 2.684253, 374.309, 162.6383, 272.1161, 1051.526, 3134.526, 1759.253, 1048.656, 1055.027, 486.6134, 623.4058, 274.8388, 5.903421, 1093.236
46.1, 213.2179, 570.8939, 637.8277, 2.544351, 351.1718, 153.5229, 257.2639, 1128.781, 3231.516, 1806.024, 1092.698, 1004.761, 609.1862, 589.0802, 260.304, 5.576378, 1081.658
46.2, 199.571, 544.316, 592.0977, 2.41174, 329.4648, 182.6505, 352.8397, 1164.581, 3254.019, 1720.069, 1030.004, 1043.661, 602.1852, 556.6446, 246.5378, 5.267452, 1053.468
46.3, 186.7975, 518.9753, 549.6464, 2.286041, 317.3669, 331.0316, 467.5378, 1101.28, 3112.662, 1638.205, 970.9073, 993.9362, 619.3563, 525.9949, 233.4996, 4.975641, 999.4756
46.4, 174.8416, 494.8145, 510.2387, 2.166894, 297.7495, 356.965, 442.0195, 1208.338, 3168.826, 1560.236, 1164.062, 946.5809, 578.3748, 663.7094, 437.8674, 4.699996, 948.2502
46.5, 163.651, 659.0958, 486.7801, 2.053956, 279.3446, 336.9582, 495.7913, 1217.417, 3056.951, 1485.979, 1097.274, 942.9883, 540.105, 740.5383, 501.7218, 4.439621, 936.2378
46.6, 153.1765, 628.4116, 575.3539, 1.946905, 262.0775, 373.8516, 468.7309, 1236.023, 3246.94, 1631.457, 1152.229, 934.4639, 504.3674, 699.7632, 475.1882, 4.193671, 1043.377
46.7, 143.3725, 599.1559, 534.1031, 1.845433, 270.3755, 352.8984, 530.65, 1252.596, 3105.891, 1588.062, 1086.12, 972.4558, 551.6871, 756.7141, 450.0578, 3.961346, 1048.923
46.8, 205.132, 571.2622, 628.8724, 1.749249, 370.2199, 333.1195, 694.5239, 1263.693, 3168.278, 1579.969, 1134.619, 926.1239, 515.1832, 811.5695, 492.7521, 245.0161, 995.1636
46.9, 192.0026, 544.6671, 583.7845, 1.658079, 347.3355, 314.4492, 1031.407, 1232.151, 3078.403, 1504.773, 1069.52, 881.9994, 536.9843, 766.8834, 466.6928, 231.4425, 944.1591
47, 179.7136, 519.3101, 541.9292, 1.571661, 325.8656, 296.8252, 1580.835, 1165.176, 3076.326, 1433.155, 1008.156, 863.2508, 501.4531, 724.6577, 442.0117, 218.6208, 895.7687
47.1, 168.2111, 495.1336, 503.0748, 1.489747, 305.7229, 309.0145, 1543.656, 1101.842, 3025.892, 1364.946, 950.3129, 970.4583, 468.273, 684.757, 666.6719, 346.9108, 849.8585
47.2, 157.4448, 472.0827, 760.1303, 1.412102, 507.5841, 291.6952, 1459.403, 1221.901, 2916.455, 1534.163, 957.8365, 924.2215, 437.2884, 754.6118, 631.4149, 327.6923, 806.3012
47.3, 147.3676, 450.1049, 718.3221, 1.338503, 476.2087, 279.5834, 1379.749, 1155.483, 2999.312, 1461.146, 1037.146, 880.1876, 566.4388, 888.6476, 598.0225, 309.5385, 1097.7
47.4, 137.9354, 429.1503, 818.4221, 1.268741, 446.7728, 317.2136, 1304.442, 1301.276, 2899.606, 1662.041, 1194.902, 838.2517, 739.8255, 1000.591, 566.396, 484.7456, 1041.44
47.5, 129.1069, 409.1712, 759.7441, 1.202615, 419.1564, 299.4347, 1233.245, 1391.604, 2860.505, 1582.938, 1221.839, 798.3138, 690.8728, 981.7319, 536.4421, 470.3934, 1034.563
47.6, 229.2683, 390.1222, 750.3879, 1.139935, 454.9373, 282.6523, 1351.259, 1484.727, 2913.119, 1621.601, 1210.401, 760.2787, 645.1592, 1061.487, 508.0723, 494.4732, 981.5394
47.7, 214.5941, 509.7292, 696.5878, 1.080522, 426.8163, 266.8105, 1277.507, 1835.615, 2865.082, 1699.951, 1226.509, 724.0558, 602.4703, 1003.04, 481.2028, 545.7455, 980.6652
47.8, 200.8591, 485.9988, 646.6449, 1.024206, 400.4334, 251.8566, 1369.866, 1735.839, 2835.024, 1619.044, 1156.138, 689.5587, 562.6061, 947.8116, 455.7544, 568.1518, 930.4037
47.9, 188.0032, 463.3731, 600.2828, 0.9708245, 375.6814, 237.7408, 1295.098, 1641.486, 2798.896, 1541.988, 1107.713, 656.7052, 525.3797, 895.6238, 431.6517, 536.6768, 882.7184
48, 175.9701, 441.8008, 557.2446, 0.9202255, 415.8557, 251.0994, 1224.411, 1552.262, 2677.31, 1468.599, 1120.872, 625.417, 490.6164, 846.3095, 408.8238, 506.9454, 890.8646
48.1, 164.7072, 489.2134, 517.2922, 0.8722637, 390.1504, 237.0261, 1157.583, 1467.888, 2595.34, 1398.703, 1056.562, 595.6194, 458.1534, 938.712, 387.2031, 637.2665, 845.2056
48.2, 154.1652, 466.438, 486.0161, 0.8268017, 366.034, 446.3708, 1211.781, 1388.099, 2525.849, 1332.134, 995.9416, 567.2416, 427.8383, 887.0252, 366.7258, 601.9626, 886.4464
48.3, 144.2979, 444.723, 451.1704, 0.783709, 343.4084, 421.353, 1145.641, 1312.648, 2486.992, 1268.733, 1013.722, 540.2158, 399.5292, 907.8328, 347.3315, 568.6146, 841.0139
48.4, 135.0622, 424.019, 524.1169, 0.7428625, 322.1812, 397.7375, 1083.112, 1241.298, 2576.3, 1208.349, 955.5591, 514.4776, 373.0932, 857.8462, 328.9628, 537.1139, 797.9099
48.5, 126.4176, 404.2787, 486.5396, 0.7041448, 302.2662, 375.4455, 1080.319, 1173.827, 2464.384, 1150.839, 900.7337, 489.9657, 348.4064, 810.612, 311.5656, 507.3583, 757.0151
48.6, 118.3263, 385.4576, 451.6564, 0.667445, 283.5822, 354.4029, 1093.868, 1110.022, 2480.227, 1096.067, 936.157, 466.6216, 325.3531, 765.9786, 295.0884, 479.2512, 718.2163
48.7, 110.7528, 367.5126, 419.2743, 0.632658, 266.0532, 355.3222, 1034.164, 1049.686, 2372.484, 1190.94, 882.4448, 444.3898, 303.8251, 723.8027, 279.4826, 452.7012, 681.406
48.8, 103.6641, 350.403, 389.2138, 0.5996841, 249.6076, 335.4074, 1027.413, 992.6299, 2280.819, 1134.258, 831.8143, 423.2172, 283.7217, 752.1947, 264.7021, 427.622, 720.3903
48.9, 97.02916, 334.09, 361.3085, 0.5684288, 234.1786, 356.8976, 1042.962, 938.6748, 2226.227, 1080.275, 784.0887, 403.0533, 264.9484, 779.5276, 250.7033, 403.9322, 773.322
49, 90.81885, 318.5365, 335.404, 0.5388025, 219.7033, 336.8946, 1150.237, 887.6525, 2295.151, 1028.861, 832.0081, 383.8501, 247.4173, 999.5848, 237.4449, 381.5548, 733.6874
49.1, 85.00603, 303.707, 311.3567, 120.4751, 206.1228, 318.0127, 1087.457, 839.4034, 2343.01, 1232.77, 794.1571, 365.5619, 231.0463, 944.5463, 224.8876, 360.4171, 696.0842
49.2, 79.56525, 431.224, 289.0335, 195.9223, 193.3817, 300.189, 1028.104, 793.777, 2372.165, 1174.098, 774.8978, 348.1449, 215.7584, 892.5382, 212.9944, 340.4503, 827.8143
49.3, 74.47271, 438.7561, 268.3109, 185.7109, 181.4282, 283.3643, 971.9894, 750.6307, 2479.754, 1118.218, 765.4971, 331.5578, 201.4821, 843.3938, 201.7301, 321.5898, 882.2243
49.4, 69.70612, 418.3299, 249.0739, 176.0317, 170.2135, 267.4826, 918.9381, 709.8296, 2416.84, 1197.604, 721.5765, 315.761, 188.1505, 796.9554, 191.0616, 303.774, 837.0082
49.5, 65.24461, 398.8545, 231.2162, 166.857, 159.6921, 252.491, 868.7823, 671.2463, 2481.673, 1308.733, 680.1758, 300.7168, 175.701, 753.0739, 180.9573, 286.9453, 794.1096
49.6, 61.06865, 380.2859, 214.6388, 158.1605, 149.8211, 238.3397, 821.3641, 634.7602, 2587.183, 1246.446, 641.1506, 443.0397, 164.0752, 711.6086, 171.3874, 271.0488, 753.4095
49.7, 57.15997, 362.5817, 199.25, 153.9663, 140.5602, 224.9815, 776.5339, 600.2573, 2655.537, 1294.942, 653.0773, 645.7644, 153.2187, 672.4264, 162.3235, 256.033, 714.7955
49.8, 53.50147, 345.7017, 244.7418, 148.7896, 131.8717, 212.3719, 734.1505, 567.6299, 2944.072, 1306.156, 615.6068, 614.9974, 143.0806, 635.4017, 153.739, 241.849, 678.1606
49.9, 50.07713, 508.3879, 264.0857, 256.253, 123.7203, 200.4691, 694.0804, 536.7759, 3360.697, 1343.115, 716.7164, 585.6964, 133.6132, 600.4156, 145.6085, 228.4509, 643.4033
50, 46.87197, 484.7199, 298.1968, 248.1359, 116.0728, 189.2335, 656.1974, 507.5991, 3708.517, 1279.192, 675.5947, 557.7913, 124.7723, 567.3559, 137.908, 215.7949, 610.4273
50.1, 43.87194, 462.1538, 493.8262, 235.2032, 108.898, 178.6275, 620.3821, 480.0082, 4008.2, 1262.04, 636.8323, 531.2157, 116.5164, 536.1165, 130.6147, 203.8401, 579.1415
50.2, 41.06394, 516.842, 482.018, 222.9445, 102.1667, 168.616, 586.5215, 453.917, 4355.821, 1461.155, 600.2939, 505.9063, 108.8068, 506.5972, 123.7071, 192.5476, 549.4591
50.3, 159.8839, 596.8317, 574.9269, 211.3247, 95.85143, 159.1656, 554.5091, 429.244, 4210.496, 1391.613, 703.9504, 481.8028, 101.6072, 478.7032, 117.1649, 181.8807, 774.0654
50.4, 149.6506, 569.0463, 589.1403, 264.409, 89.92656, 150.2448, 524.2439, 405.9121, 4213.349, 1325.381, 663.561, 458.8477, 94.8841, 452.3452, 110.9686, 171.8047, 734.3927
50.5, 140.0722, 605.747, 546.901, 250.6281, 84.36793, 141.8241, 495.6306, 383.8484, 4257.483, 1262.302, 774.7039, 436.9862, 88.60582, 427.4384, 105.1, 162.2869, 696.7534
50.6, 131.107, 577.5464, 533.6924, 256.1063, 79.15289, 133.8752, 468.579, 362.9841, 4130.18, 1310.762, 847.2, 416.1663, 82.74296, 403.903, 99.54178, 295.157, 661.0431
50.7, 122.7155, 550.6588, 603.7438, 335.3038, 74.2602, 126.3719, 443.0039, 343.2538, 4079.181, 1308.838, 969.6509, 396.3384, 77.26803, 381.6636, 94.2775, 357.9064, 627.1631
50.8, 181.3649, 525.0228, 560.4575, 317.8279, 69.66995, 119.2892, 418.8246, 324.596, 4352.762, 1388.17, 1245.3, 377.4551, 72.15536, 360.6487, 89.29162, 338.0787, 595.0195
50.9, 265.7189, 619.5021, 666.3112, 301.2629, 65.36344, 112.6034, 545.6231, 306.9524, 4470.545, 1322.102, 1502.023, 359.4716, 67.381, 340.7908, 84.56942, 319.3495, 564.5233
51, 323.9099, 590.6612, 708.3972, 295.0829, 61.32313, 106.2923, 571.7228, 290.2677, 4400.153, 1327.114, 1571.159, 342.3448, 62.92254, 322.0264, 80.09695, 301.6579, 535.5901
51.1, 390.7486, 599.7874, 657.6076, 279.7033, 57.53256, 100.3349, 733.3804, 274.49, 4501.347, 1693.307, 1570.782, 326.034, 58.75909, 304.2952, 75.86102, 284.9464, 508.1399
51.2, 365.7389, 571.8643, 610.4595, 265.1253, 99.51912, 94.71147, 693.3524, 259.5699, 4424.345, 1612.716, 1542.083, 310.5004, 54.87112, 287.5403, 71.8491, 269.1606, 482.0965
51.3, 353.9232, 565.8652, 566.6917, 294.1352, 93.36754, 89.40318, 655.5091, 245.4608, 4507.183, 1535.961, 1689.267, 295.7068, 51.24041, 271.7079, 68.04935, 254.2494, 457.3879
51.4, 331.2705, 622.692, 613.2236, 278.805, 87.59621, 84.3924, 619.7313, 232.1186, 4483.458, 1462.859, 1855.381, 281.6181, 47.84995, 256.7473, 64.45055, 314.6998, 433.9457
51.5, 399.6594, 593.7025, 616.116, 385.3775, 82.18162, 79.66247, 585.9063, 219.5016, 4818.167, 1393.236, 1804.788, 268.2006, 44.68382, 242.6104, 61.04207, 297.2657, 411.705
51.6, 374.0793, 566.0627, 645.4189, 406.54, 77.10172, 75.19763, 553.9274, 207.5704, 5171.743, 1326.927, 1966.232, 255.4224, 41.72718, 229.2519, 57.81385, 432.0196, 390.6041
51.7, 350.1365, 539.7097, 707.2568, 385.3513, 72.33583, 70.98303, 523.694, 196.2878, 5376.426, 1263.774, 1853.419, 243.253, 38.96618, 216.629, 54.75636, 408.0862, 370.5847
51.8, 327.7262, 514.5835, 703.5413, 365.267, 67.86453, 67.00465, 495.1107, 185.6184, 5162.258, 1203.626, 1747.079, 231.6634, 36.38787, 204.7011, 51.86057, 385.4786, 351.5914
51.9, 306.7502, 490.6271, 715.939, 346.2294, 63.66962, 63.24924, 468.0875, 175.529, 5319.08, 1146.341, 1646.84, 220.6259, 33.98016, 193.43, 49.11791, 364.1235, 333.5715
52, 287.1168, 467.7859, 735.1158, 328.1841, 59.734, 59.70431, 442.5392, 165.988, 5223.693, 1091.782, 1552.352, 210.1144, 31.73177, 182.7794, 46.52031, 343.9514, 316.4752
52.1, 268.74, 446.0082, 689.7291, 311.0792, 94.71135, 129.3002, 418.3853, 156.9656, 5212.998, 1039.821, 1573.316, 200.1036, 29.63214, 172.7153, 44.06007, 324.8969, 300.2551
52.2, 251.5394, 425.2443, 640.278, 294.8659, 88.85695, 126.6801, 590.7131, 148.4336, 5067.763, 990.3317, 1605.446, 190.5698, 27.67145, 163.2054, 41.72995, 431.318, 284.8663
52.3, 286.0205, 405.447, 594.3723, 279.4976, 83.36443, 152.0335, 558.4719, 140.3654, 4956.337, 943.1982, 1513.333, 181.4903, 25.84048, 154.2191, 39.52306, 407.4235, 270.2662
52.4, 315.7698, 386.5714, 551.7579, 264.9303, 78.21142, 143.5125, 527.9904, 132.7357, 5000.264, 898.308, 1445.692, 172.8433, 24.13067, 145.7276, 37.43287, 384.8526, 256.4145
52.5, 351.5132, 368.5746, 572.7792, 251.1222, 73.37693, 135.4691, 580.5193, 125.5208, 4977.506, 855.5542, 1428.829, 164.6083, 22.534, 137.7036, 35.45323, 428.8785, 243.2726
52.6, 329.0148, 351.4156, 625.652, 238.0338, 160.2853, 127.8765, 609.3217, 118.698, 4927.475, 814.8353, 1385.436, 156.7657, 21.04297, 130.1214, 33.57829, 405.1191, 230.8043
52.7, 307.9563, 335.0555, 678.2151, 225.6276, 150.3775, 120.7094, 788.025, 112.2461, 4882.687, 776.0543, 1415.749, 149.2967, 19.6506, 122.9568, 31.80249, 382.6759, 218.9751
52.8, 288.2457, 319.457, 629.5895, 213.868, 141.0822, 113.944, 833.9904, 106.1449, 4926.519, 739.119, 1334.52, 142.1836, 18.35036, 116.1866, 30.12062, 361.4761, 207.7521
52.9, 269.7966, 304.5847, 584.4501, 202.7213, 132.3615, 136.5418, 788.471, 100.3753, 4735.417, 703.9417, 1323.504, 135.4093, 187.5, 109.7892, 28.52768, 435.6608, 197.1043
53, 252.5284, 290.4047, 589.2962, 192.1555, 259.1693, 128.8891, 745.4362, 94.9193, 4895.6, 670.4385, 1247.568, 128.9579, 281.9069, 103.7441, 27.01899, 520.6176, 187.0022
53.1, 280.1278, 276.8849, 578.0077, 213.3462, 243.1492, 182.108, 942.1079, 89.75989, 4839.627, 638.5298, 1266.959, 122.8138, 557.031, 98.03176, 25.59009, 587.6479, 525.9088
53.2, 283.4002, 263.9946, 555.6935, 202.2267, 228.1194, 184.8712, 890.6875, 84.88092, 4675.242, 608.1399, 1194.267, 116.9624, 520.1735, 92.634, 24.23676, 555.0929, 699.9431
53.3, 265.2613, 251.7043, 515.8523, 191.6867, 214.0186, 174.5098, 893.794, 80.26716, 4784.597, 579.1963, 1125.745, 111.3898, 499.7883, 87.53344, 22.95499, 645.2975, 664.0694
53.4, 248.2834, 239.9862, 478.8675, 181.696, 200.7895, 164.729, 845.0106, 75.90417, 4858.364, 551.6302, 1122.568, 106.0827, 524.2266, 82.71372, 21.74102, 666.0058, 630.0342
53.5, 232.3921, 228.8137, 444.5344, 172.2261, 188.3781, 155.4965, 798.8898, 71.77835, 4827.534, 525.3762, 1058.161, 101.0285, 489.5396, 78.15939, 20.59124, 629.1098, 597.7435
53.6, 336.9964, 218.1612, 486.033, 163.2498, 176.7339, 302.7824, 755.2863, 67.87679, 4789.553, 500.3716, 1210.556, 96.21507, 457.1478, 73.85582, 19.50227, 594.2578, 567.1077
53.7, 375.0619, 208.0047, 551.1548, 154.7412, 165.8094, 285.8124, 714.0627, 64.18729, 4660.421, 476.5571, 1141.1, 91.63097, 426.8993, 69.78922, 18.47089, 620.0528, 538.0421
53.8, 489.1152, 198.3211, 636.6188, 146.6762, 155.5602, 269.7935, 802.8597, 60.69835, 4708.291, 453.876, 1121.418, 87.26527, 398.6523, 65.94653, 17.49405, 585.7025, 510.4662
53.9, 502.6933, 189.0883, 590.9755, 139.0315, 145.9446, 254.6724, 856.7804, 57.39904, 4705.868, 432.2744, 1147.517, 83.10758, 372.2743, 62.31542, 16.56888, 679.2902, 484.3036
54, 500.4078, 180.2853, 602.8838, 131.7852, 136.9233, 240.3988, 916.1594, 54.27907, 4630.054, 411.7008, 1101.615, 79.14798, 347.6417, 58.88424, 15.69263, 741.5157, 459.4819
54.1, 564.9531, 171.8921, 641.9491, 124.9166, 128.4596, 226.9251, 866.1553, 51.32869, 4493.17, 392.1065, 1038.41, 75.37703, 324.6389, 55.64199, 14.86273, 700.4366, 435.9323
54.2, 528.7935, 163.8897, 659.1775, 118.406, 120.5192, 214.2067, 818.8804, 48.53868, 4596.95, 373.4447, 1071.72, 71.78574, 303.1583, 52.57827, 14.07671, 661.6331, 413.5898
54.3, 568.1776, 156.2598, 680.4653, 112.2347, 113.0695, 202.201, 845.5625, 45.90033, 4655.638, 355.6711, 1010.23, 68.36556, 365.3309, 49.68324, 13.33226, 624.9794, 392.3923
54.4, 555.7831, 148.9851, 635.3961, 106.3851, 106.0803, 190.8683, 914.5295, 43.40538, 4453.394, 338.7434, 1020.776, 65.10834, 487.9762, 46.94761, 12.62718, 638.9822, 372.2813
54.5, 600.8644, 142.0491, 709.0325, 100.8404, 99.52317, 180.1707, 864.6143, 41.04605, 4527.997, 322.6214, 984.7167, 62.0063, 455.6879, 44.36261, 11.95939, 701.4222, 353.201
54.6, 562.4063, 135.436, 813.1136, 167.1023, 93.37134, 170.0727, 886.7415, 38.81496, 4509.952, 307.2667, 984.6893, 59.05206, 425.5359, 41.91994, 11.32692, 662.5641, 335.0986
54.7, 526.4097, 129.1308, 754.8162, 158.393, 129.1272, 160.5406, 838.343, 36.70515, 4569.204, 292.6427, 946.5195, 56.23856, 462.1871, 39.61177, 10.72789, 855.6309, 317.924
54.8, 492.7171, 123.1191, 700.6985, 150.1376, 121.1455, 151.5428, 792.5861, 34.71001, 4400.585, 278.7148, 892.2126, 53.55912, 543.2257, 113.6374, 10.16055, 808.2298, 455.744
54.9, 461.1809, 117.3873, 650.4609, 142.3125, 113.6571, 222.9836, 1055.475, 32.82332, 4268.532, 265.4497, 854.6984, 51.00734, 507.2816, 129.187, 9.623204, 763.4547, 432.3861
55, 431.6632, 111.9223, 697.4735, 167.6585, 106.6316, 303.3189, 997.8666, 31.03919, 4343.707, 252.816, 856.0464, 48.57713, 554.2839, 122.0737, 9.11428, 811.4753, 624.7599
55.1, 404.0348, 106.7118, 647.4671, 158.9202, 100.0404, 286.3188, 943.403, 29.35203, 4383.846, 240.7836, 814.611, 278.6037, 517.6082, 282.216, 8.63227, 897.0714, 650.7938
55.2, 378.1747, 101.7438, 601.046, 150.6374, 93.8566, 270.2715, 891.9119, 27.75658, 4304.043, 229.3238, 825.7899, 265.3298, 562.3011, 266.6768, 8.175752, 847.3746, 659.6189
55.3, 353.9698, 97.00715, 557.9531, 142.7862, 88.05504, 255.1236, 843.2312, 26.24785, 4315.307, 218.4095, 867.0661, 252.6884, 525.0948, 251.9932, 7.743376, 800.431, 681.3048
55.4, 331.3141, 92.49098, 517.9499, 135.3442, 82.61209, 240.8247, 797.2075, 24.82113, 4233.527, 208.0146, 817.318, 240.6492, 490.3504, 327.0993, 7.333867, 756.088, 646.3864
55.5, 333.0833, 88.18507, 694.1147, 128.2901, 77.50558, 227.3272, 847.7927, 23.47195, 4223.549, 198.1144, 843.275, 229.1837, 457.9049, 448.1035, 6.946015, 858.5127, 613.2575
55.6, 311.7644, 84.07961, 644.3492, 121.6037, 72.71473, 214.5862, 801.5201, 22.19612, 4207.237, 188.6854, 924.9457, 218.2644, 427.6063, 423.4302, 6.578674, 810.952, 581.8266
55.7, 354.1802, 80.16529, 598.1516, 115.2658, 68.22001, 202.5593, 757.773, 20.98963, 4176.318, 179.7052, 871.8767, 207.8653, 446.4977, 400.1156, 6.230761, 871.3166, 630.7959
55.8, 346.1794, 76.4332, 555.2662, 189.6257, 64.00312, 288.0706, 716.4136, 19.84873, 4144.625, 171.1523, 880.7711, 197.9617, 511.7899, 378.0847, 5.901246, 1027.464, 598.4661
55.9, 324.0223, 72.87485, 553.5678, 179.7425, 60.04689, 271.9251, 716.796, 18.76983, 4154.774, 163.0066, 830.2366, 188.53, 477.9259, 357.2668, 5.589158, 1130.027, 593.7039
56, 303.2834, 69.48216, 513.879, 170.3744, 56.33521, 303.2773, 758.5391, 17.74959, 3992.508, 155.2485, 881.4119, 310.6019, 493.9984, 337.5952, 5.293575, 1067.425, 610.2002
56.1, 307.7408, 66.24742, 477.0357, 161.4945, 77.87148, 305.7216, 717.1379, 16.78479, 4158.344, 147.8597, 830.8406, 295.8035, 499.1987, 319.0067, 5.013624, 1008.291, 696.095
56.2, 288.044, 207.6555, 447.8278, 162.5191, 73.058, 288.5869, 723.5201, 15.87244, 4008.135, 140.8225, 956.4178, 281.7102, 586.0771, 301.4418, 4.748477, 1010.639, 660.4185
56.3, 269.6079, 248.9194, 415.7202, 154.0487, 68.54206, 272.4124, 684.0303, 15.00969, 3962.49, 134.1202, 901.5432, 313.0689, 547.2977, 284.844, 4.497354, 954.6511, 626.5705
56.4, 252.3517, 237.3309, 402.499, 146.0197, 64.30527, 257.1446, 773.605, 14.19382, 4009.292, 127.737, 866.6655, 347.0336, 511.0841, 269.1601, 4.259511, 901.7644, 594.4573
56.5, 236.2001, 226.282, 426.556, 138.4092, 83.89017, 242.7324, 731.3815, 13.42231, 3835.125, 121.6575, 816.9403, 330.4994, 477.2668, 254.3397, 4.034246, 851.8076, 563.9899
56.6, 257.9506, 215.7474, 395.9734, 131.1954, 112.1132, 229.128, 776.5229, 12.69273, 3885.204, 115.8674, 770.0682, 314.753, 445.687, 240.3354, 3.820894, 951.9066, 633.8175
56.7, 241.4406, 205.7033, 367.5836, 124.3575, 105.1831, 216.286, 734.1401, 12.00281, 3772.722, 110.3528, 781.2225, 299.7568, 416.1969, 227.1022, 3.618826, 1073.61, 601.3329
56.8, 225.9873, 196.1268, 415.5393, 196.7598, 98.68143, 315.5397, 739.0978, 11.35038, 3757.284, 413.2123, 851.3566, 285.4752, 388.658, 433.3554, 3.427444, 1044.265, 570.5132
56.9, 393.8525, 268.0627, 452.7498, 393.0385, 92.58163, 466.5959, 929.0746, 10.73343, 3959.91, 542.7316, 942.1364, 271.8739, 483.3289, 423.41, 3.246183, 1366.021, 1008.574
57, 368.6442, 296.5092, 490.0948, 620.9425, 86.85887, 667.0137, 1067.21, 10.15, 4059.491, 688.8395, 1026.836, 355.6852, 573.3145, 611.3638, 328.3152, 1602.239, 1283.069
57.1, 458.7036, 282.7052, 569.8884, 588.5792, 81.48986, 629.6296, 1241.854, 9.598291, 3998.598, 828.5162, 1173.654, 498.8578, 604.7852, 836.9474, 310.9522, 1513.477, 1520.493
57.2, 429.3445, 269.5439, 529.0294, 557.9027, 76.45272, 594.3408, 1174.073, 404.771, 4062.851, 928.8206, 1106.315, 475.0901, 675.8022, 810.0044, 429.777, 1429.632, 1538.786
57.3, 401.8645, 256.9953, 552.9026, 528.825, 71.72694, 561.0298, 1109.992, 426.2045, 3940.894, 884.6146, 1042.84, 591.8836, 886.9503, 765.4044, 407.0482, 1423.928, 1596.164
57.4, 376.1433, 318.7956, 513.2614, 501.2628, 78.10261, 529.5858, 1049.408, 482.1782, 3904.452, 1312.687, 983.0069, 563.6838, 874.1038, 773.3539, 440.9903, 1345.044, 1558.88
57.5, 389.6995, 610.8157, 476.4624, 475.1372, 106.4427, 499.9041, 992.1316, 814.1078, 4058.939, 1891.584, 1059.125, 536.8275, 846.8403, 780.4681, 480.4317, 1342.62, 1549.651
57.6, 562.2905, 693.1641, 442.3017, 450.3733, 99.86317, 677.8082, 937.9809, 1164.436, 3912.915, 2542.386, 998.3578, 807.6534, 911.8867, 737.4944, 455.024, 1287.086, 1470.227
57.7, 673.7585, 934.2236, 410.5902, 426.9, 158.534, 639.8191, 1059.736, 1655.515, 3742.935, 2773.896, 994.8575, 769.1734, 851.5491, 868.3312, 726.1606, 1377.823, 1570.99
57.8, 666.5766, 890.7309, 381.1524, 404.6501, 148.7345, 603.9592, 1001.895, 1800.129, 3787.767, 3097.131, 937.7773, 732.5267, 795.2039, 820.5197, 687.7576, 1301.494, 1820.282
57.9, 623.9127, 1100.534, 353.8251, 415.885, 326.5251, 570.1091, 947.2118, 1702.281, 3688.962, 3142.529, 883.972, 697.626, 742.5869, 775.3408, 651.3854, 1229.392, 1764.129
58, 650.4218, 1049.298, 328.4571, 394.2092, 306.3416, 564.38, 983.0805, 1766.195, 3528.711, 3029.394, 833.2539, 664.3882, 722.7252, 732.6494, 616.9368, 1161.285, 1850.478
58.1, 608.7918, 1000.448, 304.9079, 373.6632, 287.4056, 532.7482, 1039.596, 1670.192, 3594.978, 2885.214, 785.4457, 632.7339, 753.4249, 692.3087, 584.3101, 1096.951, 1949.56
58.2, 569.8264, 953.8725, 283.0471, 506.2572, 269.6402, 502.8893, 999.9121, 1579.407, 3588.177, 3041.781, 740.3806, 602.5878, 826.8199, 654.1892, 553.4088, 1036.181, 2442.549
58.3, 533.3549, 909.465, 262.7536, 479.8713, 252.9729, 474.7039, 974.5085, 1493.558, 3583.954, 2931.095, 697.9011, 573.8779, 812.7266, 618.1686, 524.1417, 978.778, 2447.99
58.4, 499.2177, 899.3484, 243.9151, 454.8606, 237.3359, 448.0982, 921.3196, 1576.951, 3551.326, 3160.642, 657.8588, 546.5359, 821.5271, 642.6352, 496.4224, 981.4898, 2498.148
58.5, 467.2654, 857.4792, 226.4272, 431.1534, 222.6655, 422.9836, 871.0339, 1652.247, 3599.181, 3010.216, 620.114, 520.4966, 808.3377, 607.2508, 470.169, 927.1163, 2370.112
58.6, 437.3583, 817.5593, 210.1932, 408.6819, 208.9018, 456.7273, 1017.859, 1751.484, 3517.228, 3141.384, 584.5348, 495.698, 754.8517, 573.8147, 445.3041, 875.7551, 2414.847
58.7, 409.3654, 823.2875, 195.1231, 387.3815, 195.989, 431.1292, 1010.625, 1656.281, 3611.244, 2991.874, 550.9969, 472.0808, 784.4207, 542.2197, 421.7541, 879.2075, 2291.08
58.8, 383.1641, 784.9594, 181.1335, 367.1913, 183.8743, 406.9657, 955.4652, 1617.844, 3468.334, 2849.48, 602.0183, 449.5889, 732.5173, 512.3643, 399.4496, 830.5004, 2173.657
58.9, 358.6398, 748.4156, 168.1468, 348.0534, 172.5085, 384.1565, 903.3158, 1602.058, 3572.823, 2792.082, 567.4774, 428.1685, 684.0482, 484.1528, 378.3247, 784.4915, 2196.006
59, 335.6852, 713.5731, 156.0913, 329.913, 161.8452, 362.6257, 922.2131, 1514.977, 3482.127, 2708.763, 534.9182, 407.7688, 638.7861, 457.4947, 358.3169, 741.0315, 2083.455
59.1, 314.1998, 680.3527, 144.9001, 312.7181, 151.841, 342.3016, 871.8785, 1432.63, 3350.26, 2646.512, 504.2271, 388.3409, 596.519, 432.3044, 339.3673, 699.9791, 1976.673
59.2, 334.444, 648.6789, 134.5113, 296.4193, 142.4553, 323.1166, 824.2913, 1354.758, 3409.454, 2623.853, 475.297, 369.8387, 557.0486, 408.5011, 321.4198, 698.8056, 1875.364
59.3, 319.3211, 679.6492, 124.8673, 280.9701, 133.6497, 305.0069, 779.3013, 1408.131, 3337.57, 2764.639, 567.4104, 352.218, 520.1899, 435.0956, 304.4215, 790.4363, 1866.138
59.4, 321.0339, 648.0081, 115.9147, 266.326, 125.3884, 287.9122, 886.2545, 1402.851, 3500.805, 2633.06, 534.8551, 335.4369, 485.77, 411.1386, 288.3221, 746.647, 1770.494
59.5, 300.4863, 647.5562, 107.6041, 252.4452, 117.6377, 271.7756, 837.8826, 1430.386, 3475.592, 2704.328, 504.1677, 319.4552, 453.6277, 388.5007, 273.0742, 705.2836, 1679.752
59.6, 281.2538, 789.8121, 99.88924, 239.2879, 110.3662, 256.5434, 842.046, 1352.636, 3395.855, 2716.165, 475.2409, 304.235, 423.6121, 367.1093, 258.6326, 666.2116, 1788.368
59.7, 263.2523, 753.0424, 92.72754, 226.8163, 103.5441, 242.1649, 881.8694, 1279.113, 3263.771, 2665.874, 447.9738, 289.74, 395.5826, 346.8958, 244.9548, 683.8105, 1696.71
59.8, 312.0755, 717.9845, 86.0793, 214.9947, 97.14375, 228.5923, 1091.579, 1306.224, 3243.44, 2702.667, 422.2712, 275.9355, 369.4077, 327.7952, 232.0003, 645.9281, 1720.527
59.9, 292.1013, 684.5587, 79.90772, 203.7893, 91.139, 245.7774, 1032, 1265.357, 3168.32, 2726.619, 398.0433, 262.7888, 344.9648, 309.7464, 219.731, 610.1443, 1749.497
60, 273.4054, 730.5845, 74.17862, 193.1679, 85.50542, 232.0023, 975.6738, 1365.45, 3030.686, 2698.953, 375.2055, 250.2684, 441.9511, 292.6913, 208.1105, 576.343, 1707.608
60.1, 348.0597, 830.9459, 68.86028, 183.1, 80.22006, 267.4305, 922.4213, 1464.714, 3049.236, 2633.906, 398.7093, 238.3446, 412.7081, 276.5753, 197.1045, 599.3476, 1689.73
60.2, 325.7823, 792.2612, 63.92324, 173.5569, 75.26141, 252.4418, 872.0754, 1577.982, 2960.444, 2616.056, 412.8547, 226.9888, 385.4001, 261.3467, 186.6806, 566.1443, 1673.192
60.3, 356.4594, 755.3775, 59.34017, 219.2165, 70.60928, 238.2932, 824.4774, 1492.21, 2945.819, 2539.224, 389.167, 216.1741, 359.899, 246.9566, 176.808, 534.7806, 1650.63
60.4, 412.2415, 812.3788, 55.08569, 269.5785, 88.69347, 224.9376, 779.4773, 1411.1, 2963.5, 2418.373, 366.8385, 205.8746, 336.0853, 384.3109, 167.4575, 505.1543, 1638.964
60.5, 385.8561, 774.5585, 51.13624, 255.5281, 87.98529, 398.2684, 736.9333, 1404.343, 2858.484, 2303.274, 494.9979, 196.0659, 416.8348, 448.8065, 158.6015, 639.3832, 1713.075
60.6, 361.1595, 787.9865, 93.95697, 242.2101, 82.54665, 443.6255, 696.7114, 1344.282, 3055.465, 2612.363, 466.5972, 186.7245, 389.2537, 424.0946, 150.2138, 603.962, 1900.624
60.7, 382.7496, 864.2535, 153.5919, 229.5862, 77.44419, 418.7616, 658.6848, 1404.628, 2922.733, 2518.353, 462.317, 177.8281, 464.0703, 570.2234, 142.2697, 628.214, 1873.916
60.8, 358.2519, 824.0182, 178.5236, 217.6203, 72.65713, 395.2913, 622.7336, 1563.137, 2939.106, 2398.495, 435.7915, 169.3557, 433.3637, 538.8261, 134.7458, 593.4116, 1777.873
60.9, 335.3221, 785.6561, 180.7387, 265.1717, 213.539, 413.5286, 588.7448, 1645.369, 2811.429, 2572.144, 616.7906, 161.2868, 404.689, 617.2026, 324.5068, 560.5372, 1847.087
61, 432.1205, 768.9117, 167.7804, 271.1033, 222.5838, 428.6068, 556.611, 1633.732, 2833.045, 2449.727, 581.4022, 153.6024, 377.9116, 668.2886, 307.3452, 529.4841, 1752.42
61.1, 404.4628, 733.1151, 186.5742, 326.3683, 208.8252, 404.5847, 526.2311, 1728.527, 2817.838, 2577.913, 701.8865, 146.2842, 352.9059, 782.427, 344.498, 603.598, 1757.288
61.2, 378.5753, 762.6287, 173.1975, 309.3581, 230.4982, 381.9089, 497.5093, 1839.153, 2695.429, 2534.66, 661.6155, 139.3146, 373.0491, 739.3455, 326.2791, 630.2658, 1819.065
61.3, 451.7986, 727.1246, 160.7799, 293.2345, 216.2504, 360.5041, 470.3552, 1870.349, 2747.478, 2414.026, 738.0968, 132.677, 348.3653, 809.4792, 309.0238, 595.3497, 1725.834
61.4, 422.8814, 693.2733, 149.2525, 277.9512, 295.329, 340.2989, 444.6831, 1926.213, 2678.416, 2299.134, 806.6435, 126.3557, 325.3147, 839.4724, 412.2212, 761.2332, 1637.381
61.5, 546.343, 845.7521, 138.5516, 263.4645, 277.0738, 334.9645, 420.4122, 2138.141, 2603.494, 2437.94, 760.3621, 120.3356, 303.7893, 793.2498, 496.8405, 719.0617, 1553.461
61.6, 863.5787, 868.5236, 128.618, 249.7328, 259.947, 378.9576, 397.4661, 2183.402, 2574.309, 2595.624, 716.7361, 114.6023, 283.6882, 749.5724, 470.565, 679.2264, 1473.842
61.7, 808.3057, 846.0784, 119.3965, 236.7169, 243.8789, 357.7182, 375.7723, 2252.025, 2568.085, 2519.085, 675.6132, 109.1422, 264.9171, 708.2999, 520.6625, 641.598, 1398.304
61.8, 756.5704, 806.6892, 110.8362, 270.0747, 228.804, 337.6692, 355.2626, 2177.978, 2504.903, 2499.571, 752.808, 103.9422, 310.1548, 699.411, 493.1272, 606.0542, 1500.972
61.9, 742.2386, 769.1338, 102.8897, 255.9985, 281.744, 318.7439, 335.8723, 2295.243, 2482.759, 2380.607, 709.6155, 98.98992, 406.3846, 697.0491, 467.0481, 662.2057, 1424.044
62, 889.2694, 733.3268, 95.51283, 242.6559, 264.3285, 300.8792, 317.5403, 2627.542, 2553.739, 2446.17, 766.3647, 94.27362, 379.4949, 666.184, 442.3482, 625.5202, 1508.087
62.1, 951.7285, 699.1868, 122.165, 230.0088, 417.7931, 309.6693, 300.209, 2774.228, 2601.681, 2567.688, 914.7932, 89.78202, 354.3846, 629.503, 571.7022, 1017.703, 1430.794
62.2, 890.8135, 708.743, 113.4062, 218.0208, 405.5217, 292.3133, 283.8235, 2783.669, 2579.949, 2445.483, 862.3066, 85.50443, 367.6619, 714.2895, 626.6299, 961.3232, 1435.583
62.3, 833.7974, 675.7475, 105.2753, 353.9485, 380.4551, 275.93, 268.3324, 2756.568, 2467.874, 2329.094, 812.8316, 81.43063, 400.067, 674.9597, 593.4905, 1018.998, 1362.006
62.4, 780.4305, 644.2881, 97.72747, 335.5009, 356.938, 260.465, 253.6868, 2632.809, 2409.354, 2218.243, 766.1952, 77.55093, 538.5999, 637.7955, 562.1037, 962.5467, 1292.2
62.5, 730.4794, 614.2933, 90.72076, 318.0147, 334.8746, 359.1626, 239.8405, 2586.856, 2304.69, 2322.67, 722.2346, 73.85608, 1102.735, 602.6776, 596.7827, 909.2226, 1225.971
62.6, 683.7253, 619.4427, 84.2164, 301.4399, 314.175, 339.0326, 226.75, 2446.246, 2204.573, 2212.125, 680.7961, 70.33726, 1090.443, 628.6944, 565.2217, 858.8526, 1163.137
62.7, 639.9637, 590.6046, 78.17838, 285.7289, 294.7549, 320.0309, 214.3739, 2313.278, 2239.734, 2106.842, 729.1161, 66.98609, 1248.949, 712.6653, 535.3299, 811.2731, 1103.524
62.8, 599.0031, 563.1089, 72.57327, 276.9129, 313.7217, 302.0941, 202.6734, 2187.538, 2222.943, 2056.458, 687.2829, 63.79459, 1166.309, 673.425, 507.0189, 816.4959, 1111.265
62.9, 560.6642, 536.8934, 67.37003, 262.4803, 294.3296, 285.1626, 191.6114, 2125.156, 2156.732, 2301.544, 775.8311, 60.75515, 1089.136, 760.7023, 581.5972, 894.9092, 1054.31
63, 524.7791, 678.1703, 62.53983, 410.4753, 276.1362, 269.1801, 181.1532, 2194.707, 2113.858, 2192.006, 731.3176, 57.86051, 1188.46, 729.4899, 550.8394, 845.3322, 1089.891
63.1, 491.1908, 814.9418, 58.05595, 389.0815, 259.0674, 254.0934, 171.2659, 2242.161, 2189.829, 2208.229, 689.358, 55.10379, 1109.822, 689.3231, 521.7081, 798.5016, 1034.031
63.2, 459.7523, 1133.123, 53.89354, 368.8027, 243.0536, 299.2538, 161.9182, 2241.387, 2094.701, 2389.164, 699.5261, 52.47841, 1036.387, 699.5858, 568.6265, 754.2655, 981.0348
63.3, 430.3261, 1335.027, 50.02957, 349.5808, 288.0602, 282.4815, 153.0806, 2269.649, 2003.706, 2412.876, 836.0812, 49.97812, 967.8116, 661.0656, 538.5546, 712.48, 1037.624
63.4, 443.7463, 1512.968, 46.44262, 331.3608, 283.0697, 334.9436, 144.7255, 2495.491, 1916.664, 2526.216, 788.1108, 47.59695, 1096.241, 641.5417, 510.0731, 673.0093, 1154.437
63.5, 451.5814, 1442.531, 149.1583, 317.8212, 401.735, 369.1659, 136.8263, 2554.278, 1898.609, 2555.51, 742.8928, 45.32922, 1110.605, 746.0175, 553.4017, 635.7253, 1241.508
63.6, 422.6781, 1508.453, 155.3105, 353.1927, 527.2162, 356.4184, 129.3583, 2557.384, 1922.063, 2433.884, 736.5422, 43.16955, 1095.853, 897.7772, 674.3571, 724.0643, 1177.878
63.7, 395.6247, 1438.227, 237.4604, 334.7844, 494.6274, 494.3352, 122.2979, 2418.375, 1838.567, 2318.047, 890.7144, 41.11277, 1023.342, 848.3444, 638.6936, 683.9519, 1117.509
63.8, 370.3029, 1371.27, 322.0222, 317.3356, 464.053, 504.2439, 115.6229, 2286.923, 1758.699, 2369.859, 839.6094, 39.15398, 955.6299, 801.6334, 604.9162, 768.1529, 1060.234
63.9, 346.6018, 1416.503, 298.9344, 384.2976, 435.3684, 475.9825, 109.3122, 2215.289, 1739.15, 2257.069, 791.4366, 37.28852, 1087.136, 757.4943, 572.9251, 725.598, 1005.895
64, 324.4177, 1350.557, 308.7617, 368.0243, 408.457, 449.3052, 103.3459, 2172.527, 1845.723, 2272.462, 746.0277, 35.51193, 1341.552, 715.7856, 542.6259, 685.4006, 954.3401
64.09999999999999, 303.6535, 1287.682, 334.201, 348.843, 383.209, 424.123, 97.70526, 2054.437, 1765.544, 2164.308, 703.2242, 33.81999, 1469.29, 676.3735, 513.9291, 779.0656, 905.4279
64.2, 284.2183, 1316.315, 354.4077, 330.6615, 359.5217, 440.1223, 92.37249, 1942.767, 1811.376, 2061.3, 662.8765, 32.20866, 1372.07, 639.1314, 486.7499, 735.9061, 859.0226
64.3, 266.027, 1255.034, 330.9148, 365.4585, 337.2985, 415.4547, 87.33079, 1837.166, 1732.689, 1963.195, 624.8438, 30.67411, 1522.926, 603.9399, 461.0081, 695.1377, 814.9957
64.40000000000001, 249.0001, 1196.606, 434.4869, 346.4109, 316.4491, 392.1698, 82.56426, 1737.306, 1657.42, 1993.82, 588.9932, 29.21266, 1608.07, 570.6862, 436.6276, 656.6278, 773.2252
64.5, 233.0629, 1140.898, 403.3357, 328.3561, 296.8884, 370.1898, 78.05789, 1642.873, 1694.679, 1898.927, 555.1996, 27.82085, 1529.277, 539.2634, 413.5365, 693.235, 733.5956
64.59999999999999, 218.1458, 1087.783, 395.9957, 557.186, 278.5368, 349.4418, 73.79748, 1637.139, 1621.061, 1808.55, 523.3448, 26.49534, 1478.323, 509.5708, 391.6666, 654.8305, 854.9607
64.7, 226.9616, 1037.142, 370.049, 552.2735, 261.3196, 329.8567, 69.7696, 1636.412, 1581.102, 1722.474, 493.3178, 25.23299, 1380.506, 481.5131, 370.9532, 692.4577, 811.1419
64.8, 212.435, 988.8576, 371.2291, 534.6539, 430.8674, 311.3692, 65.96156, 1547.464, 1577.366, 1880.086, 465.0136, 24.03078, 1378.183, 455.0003, 351.3353, 812.9742, 769.569
64.90000000000001, 255.5269, 942.8214, 344.6133, 506.788, 404.2342, 293.9179, 62.36137, 1505.997, 1692.991, 1889.863, 438.3333, 22.88586, 1286.992, 429.9474, 332.7549, 767.9363, 779.3563
65, 292.5894, 1057.851, 319.9058, 480.3744, 445.0318, 277.4447, 58.95768, 1459.541, 1642.167, 1799.918, 413.1838, 21.79548, 1201.834, 406.2739, 315.1571, 725.3935, 796.4784
65.09999999999999, 301.499, 1008.602, 321.2178, 455.3374, 417.523, 351.6162, 380.9271, 1484.246, 1570.83, 1714.253, 389.4773, 20.75705, 1122.312, 383.9039, 298.49, 685.2075, 755.657
65.2, 339.154, 1031.159, 384.1564, 487.8572, 391.7146, 504.7653, 360.136, 1403.569, 1666.518, 1806.671, 367.131, 19.76809, 1048.051, 362.7656, 282.7043, 647.2477, 827.2978
65.3, 317.4465, 993.6169, 356.6138, 479.1117, 367.5016, 651.7653, 340.4798, 1327.277, 1633.393, 1925.218, 346.0667, 18.82626, 1049.054, 342.7912, 267.7535, 611.3909, 784.8969
65.40000000000001, 297.1285, 947.3591, 331.0458, 479.0893, 344.7852, 615.2358, 321.8963, 1255.132, 1586.723, 1833.589, 326.2111, 17.92929, 1082.894, 323.9166, 253.5933, 577.5204, 744.669
65.5, 278.1109, 903.2548, 362.0704, 454.1193, 323.4729, 589.0317, 304.3272, 1324.374, 1517.794, 1799.291, 307.4946, 17.07507, 1130.812, 306.0813, 240.182, 545.5264, 706.5029
65.59999999999999, 260.3105, 999.1108, 336.1112, 430.4508, 303.4781, 556.0182, 287.7169, 1252.386, 1489.334, 1787.645, 289.8521, 16.26154, 1719.375, 289.2281, 227.4799, 515.3049, 670.293
65.7, 243.6495, 952.5972, 331.116, 408.0159, 284.7192, 656.029, 272.0133, 1184.312, 1424.636, 1921.924, 273.2217, 15.48677, 1831.998, 273.3028, 215.4496, 486.7575, 756.9346
65.8, 228.0548, 1000.357, 307.3762, 386.7502, 267.1198, 619.2606, 257.1668, 1119.938, 1450.898, 1910.348, 257.5455, 14.74891, 1975.953, 258.2543, 204.0556, 459.7917, 766.8032
65.90000000000001, 296.2957, 1015.947, 285.3384, 366.593, 250.6083, 601.546, 243.1306, 1059.063, 1387.87, 1819.427, 242.7688, 14.04621, 1952.449, 244.0345, 193.2641, 434.3197, 749.1921
66, 277.3314, 968.6497, 413.8643, 357.3164, 477.6877, 567.8312, 229.8605, 1156.835, 1376.995, 1773.766, 228.8399, 13.37699, 1823.26, 230.5976, 183.0433, 410.2589, 764.5936
66.09999999999999, 259.5809, 940.5267, 384.1917, 375.1435, 448.1603, 566.9478, 217.3147, 1211.884, 1450.946, 1742.24, 215.7101, 12.73966, 1842.393, 217.9006, 173.363, 387.5309, 725.4064
66.2, 242.9665, 993.0813, 356.6465, 355.5912, 420.4582, 535.1721, 205.4536, 1146.011, 1422.295, 1724.854, 203.3337, 12.13268, 1720.486, 205.9027, 164.1947, 366.0621, 688.2276
66.3, 227.4155, 946.8484, 331.0762, 337.0579, 394.4684, 568.3026, 194.2399, 1083.719, 1360.51, 1642.762, 191.6674, 11.55463, 1802.579, 194.5654, 155.5112, 345.7827, 652.9543
66.40000000000001, 212.8599, 902.7679, 307.3392, 319.4906, 573.5337, 536.4509, 183.6383, 1084.187, 1392.741, 1624.701, 180.6704, 11.00412, 1683.306, 183.8523, 147.287, 326.6267, 698.0035
66.5, 199.2359, 968.2903, 334.65, 392.8076, 1240.137, 506.3845, 173.6152, 1108.732, 1332.24, 1734.932, 170.3044, 10.47984, 1571.926, 173.7292, 385.282, 308.5319, 784.8586
66.59999999999999, 186.4839, 923.2116, 316.5948, 372.3346, 1280.75, 537.2822, 343.7393, 1048.466, 1420.907, 1652.36, 160.5332, 9.980533, 1467.915, 164.1634, 364.9063, 424.0206, 809.2534
66.7, 174.548, 880.2315, 293.8961, 482.5738, 1400.822, 630.1744, 324.978, 991.4759, 1359.182, 1650.437, 151.3225, 9.505017, 1536.577, 155.1243, 345.6082, 400.5303, 842.7198
66.8, 163.3762, 839.2523, 272.8248, 457.4223, 1314.233, 685.0435, 307.2407, 937.5835, 1317.141, 1597.591, 142.6404, 9.052157, 1502.539, 146.583, 327.3307, 378.3413, 841.1924
66.90000000000001, 152.9193, 887.0375, 415.2682, 433.5816, 1232.996, 646.6489, 290.4714, 886.6204, 1259.924, 1676.22, 134.4563, 8.620874, 1505.378, 138.5119, 310.0197, 357.3816, 798.0793
67, 143.1318, 845.7415, 413.4348, 442.5753, 1156.781, 637.946, 379.9616, 894.4946, 1205.192, 1596.443, 126.7419, 8.210139, 1405.77, 130.8853, 293.6243, 337.5831, 757.1758
67.09999999999999, 198.6642, 806.368, 383.793, 517.1367, 1085.277, 652.4354, 359.2232, 864.5071, 1238.006, 1520.462, 119.47, 7.818973, 1369.041, 178.0421, 278.096, 318.8813, 718.3688
67.2, 185.9488, 768.8276, 356.2764, 490.1837, 1018.193, 615.8683, 339.6168, 850.4518, 1184.226, 1586.302, 112.6154, 7.446444, 1437.967, 168.2389, 263.3889, 301.2156, 786.5425
67.3, 209.2802, 788.7969, 330.7326, 464.6356, 1129.577, 581.3508, 321.0804, 804.2249, 1249.057, 1510.804, 106.1541, 7.091664, 1383.785, 396.6073, 249.4595, 519.944, 746.2303
67.40000000000001, 259.864, 763.2207, 307.0203, 440.4189, 1059.754, 548.7678, 535.2321, 760.5106, 1244.788, 1438.9, 100.0635, 6.753787, 1432.396, 374.7696, 236.2668, 491.1396, 964.3029
67.5, 243.2315, 782.8677, 285.008, 603.4605, 1189.327, 700.0756, 766.0192, 761.9743, 1266.963, 1370.417, 94.32229, 6.432007, 1337.617, 394.1028, 223.7718, 601.1584, 914.8801
67.59999999999999, 307.485, 823.5214, 264.5739, 572.0084, 1162.129, 836.763, 924.4146, 720.5566, 1282.115, 1305.194, 88.91052, 6.125559, 1295.239, 449.5368, 211.9376, 567.8549, 867.9904
67.7, 287.8045, 785.1824, 245.6049, 542.1955, 1159.293, 1020.326, 989.0695, 843.7191, 1226.419, 1243.075, 83.80926, 5.833712, 1232.767, 456.8635, 200.7293, 536.3963, 823.5038
67.8, 297.1589, 748.6282, 227.9959, 521.0027, 1102.135, 1138.782, 935.0859, 797.8582, 1173.143, 1391.857, 79.00068, 5.555769, 1184.125, 531.9254, 190.1137, 506.6805, 781.2972
67.90000000000001, 278.1394, 713.7759, 211.6494, 547.4545, 1034.009, 1074.957, 1074.198, 754.49, 1228.098, 1325.614, 74.46799, 5.291069, 1105.774, 533.9183, 180.0595, 545.2751, 741.2539
68, 260.3372, 680.5461, 246.1699, 518.9214, 970.0938, 1014.708, 1624.849, 713.4791, 1174.749, 1262.523, 70.19537, 5.03898, 1124.854, 504.52, 170.537, 645.1107, 703.2629
68.09999999999999, 243.6744, 648.8633, 383.1534, 491.8754, 910.1293, 1086.557, 1793.751, 674.6974, 1227.287, 1202.435, 190.7687, 4.798901, 1249.93, 517.1642, 161.5182, 769.6158, 667.219
68.2, 228.0781, 618.6555, 355.6826, 469.0582, 853.8714, 1059.061, 1995.805, 699.4752, 1173.973, 1145.207, 297.6164, 4.570261, 1768.293, 488.6884, 152.9763, 726.9799, 633.0225
68.3, 360.6025, 589.8539, 390.6648, 499.5894, 832.7861, 1106.552, 2058.055, 661.4547, 1198.524, 1090.702, 280.5406, 4.352514, 1651.289, 543.0696, 144.8861, 744.5206, 600.5786
68.40000000000001, 412.1491, 562.3933, 362.6555, 493.0957, 876.6532, 1044.533, 1945.726, 675.9673, 1179.038, 1038.792, 264.4445, 4.145142, 1801.527, 616.3053, 273.3318, 703.275, 569.7975
68.5, 414.3715, 536.2111, 336.6544, 467.3958, 822.4646, 985.9905, 1839.528, 779.5544, 1294.413, 989.3516, 266.8997, 3.94765, 1828.399, 604.9308, 585.6905, 928.0855, 540.594
68.59999999999999, 682.0923, 511.2478, 312.5175, 559.4037, 771.6255, 1035.279, 1739.126, 1046.648, 1238.183, 1102.423, 430.54, 3.759567, 1759.589, 571.6224, 715.71, 1040.44, 512.8873
68.7, 1042.007, 623.8819, 290.1111, 539.1481, 723.929, 977.2549, 1644.205, 1252.541, 1224.504, 1171.281, 405.8376, 3.580445, 2037.454, 540.1481, 899.6858, 982.8009, 486.6006
68.8, 1107.734, 617.1876, 269.3111, 520.7897, 766.3553, 1000.693, 1744.395, 1298.823, 1171.311, 1115.536, 382.5526, 3.409858, 2156.708, 510.4068, 994.2657, 963.4462, 461.6612
68.90000000000001, 1373.258, 588.4544, 250.0025, 513.371, 754.2529, 944.6069, 1649.186, 1334.872, 1149.318, 1147.14, 416.4805, 3.247398, 2108.959, 588.454, 1178.08, 910.0723, 437.9999
69, 1285.363, 689.7886, 251.3658, 486.6143, 707.6302, 891.6646, 1559.173, 1468.562, 1099.391, 1092.543, 392.5849, 3.092678, 2021.301, 556.0529, 1134.472, 1027.992, 415.5514
69.09999999999999, 1300.472, 785.3393, 233.3438, 479.5956, 663.8895, 879.7006, 1474.073, 1524.041, 1051.633, 1040.545, 456.1158, 2.945329, 1887.556, 525.4359, 1074.475, 1052.194, 394.2534
69.2, 1217.236, 748.7778, 216.6138, 454.5992, 647.9232, 830.396, 1393.618, 1823.803, 1015.149, 1109.624, 621.4177, 2.805001, 2041.26, 496.5046, 1299.158, 1078.98, 374.047
69.3, 1580.706, 842.025, 217.5507, 449.9973, 650.4656, 783.8548, 1737.011, 2085.551, 1082.962, 1346.725, 585.7637, 2.671359, 2232.754, 469.1664, 1546.535, 1019.205, 354.8762
69.40000000000001, 2001.829, 802.8246, 207.4209, 506.4371, 610.2583, 739.9221, 1923.443, 2345.88, 1035.917, 1282.629, 620.6041, 2.544084, 2113.223, 443.3334, 1464.746, 1067.819, 336.6879
69.5, 1873.703, 933.876, 347.5628, 480.0418, 572.5364, 935.9976, 2034.192, 2435.256, 990.9164, 1510.583, 619.4057, 2.422873, 1973.395, 441.4547, 1813.438, 1047.249, 319.4319
69.59999999999999, 1873.761, 980.1257, 368.5219, 455.0222, 545.194, 895.0633, 1975.918, 2757.834, 947.8704, 1552.886, 583.8671, 2.307437, 1918.781, 445.0036, 2008.265, 1077.779, 303.0602
69.7, 2602.841, 934.496, 342.1002, 431.3067, 540.2412, 1057.883, 2150.487, 2889.435, 906.6943, 1645.172, 650.2137, 2.197501, 1791.819, 512.7119, 2004.072, 1222.513, 287.5277
69.8, 3126.11, 1000.265, 396.9753, 408.8271, 506.8473, 1192.433, 2033.113, 2732.377, 901.4, 1636.422, 815.9782, 2.092803, 1673.258, 484.4812, 2152.487, 1213.513, 272.7912
69.90000000000001, 3072.473, 953.6975, 368.5136, 387.5192, 475.5175, 1125.601, 1953.419, 2860.519, 992.153, 1798.766, 816.6569, 1.993093, 1651.75, 457.805, 2364.795, 1146.286, 258.81
70, 3168.817, 909.2982, 363.0889, 367.3219, 446.1243, 1062.515, 2007.642, 2920.689, 949.0533, 1713.156, 831.7172, 1.898133, 1542.457, 432.5976, 2256.114, 1082.782, 245.5454
70.09999999999999, 3254.772, 866.9658, 390.1155, 348.1772, 418.548, 1002.964, 1898.064, 2877.129, 957.801, 1672.842, 1044.775, 1.807698, 1440.396, 408.7782, 2173.224, 1305.999, 232.9606
70.2, 3519.667, 915.2087, 362.1456, 330.0303, 392.6763, 946.7509, 1794.468, 2773.561, 1052.45, 1749.332, 984.8307, 1.721572, 1345.088, 485.0428, 2221.597, 1263.048, 221.0208
70.3, 3294.392, 872.6012, 336.181, 312.8293, 368.4037, 917.1729, 1696.525, 2739.02, 1107.495, 1666.075, 928.3258, 1.639549, 1314.104, 458.3357, 2143.583, 1193.076, 209.693
70.40000000000001, 3083.536, 831.9772, 312.078, 296.5247, 345.6316, 880.5849, 1603.929, 2590.139, 1115.935, 1586.781, 875.0629, 1.561433, 1247.755, 433.0991, 2030.22, 1126.981, 198.9457
70.5, 2886.175, 793.2446, 289.7032, 281.07, 324.2671, 880.7529, 1516.386, 2482.018, 1067.458, 1511.26, 824.8559, 1.48704, 1165.193, 409.252, 1922.851, 1149.916, 369.5896
70.59999999999999, 2701.447, 756.3151, 338.6397, 266.4207, 304.2231, 831.3893, 1751.286, 2347.106, 1021.087, 1439.333, 827.1111, 1.416191, 1177.219, 446.6895, 1902.743, 1189.036, 350.6472
70.7, 2528.542, 721.1049, 314.3604, 252.535, 285.4182, 877.571, 1693.021, 2277.507, 1134.744, 1370.83, 779.6555, 1.348718, 1138.625, 422.0941, 1937.694, 1123.165, 703.0315
70.8, 2366.703, 687.5338, 291.8219, 239.373, 267.7756, 859.3193, 1667.579, 2270.815, 1085.45, 1580.355, 878.8316, 1.284459, 1170.978, 398.8531, 1835.219, 1060.943, 666.9995
70.90000000000001, 2515.038, 655.5257, 363.8142, 226.8969, 251.2235, 811.157, 1610.11, 2180.26, 1171.618, 1505.141, 930.1929, 1.223262, 1168.2, 376.8917, 1738.163, 1168.535, 632.8141
71, 2669.514, 625.0077, 472.9538, 215.0712, 235.6946, 774.551, 1701.765, 2092.093, 1175.827, 1598.553, 876.8228, 1.164981, 1250.614, 582.6583, 1809.5, 1299.289, 600.3809
71.09999999999999, 2728.199, 595.9105, 439.0446, 210.1582, 221.1256, 778.3533, 1815.528, 2082.571, 1344.258, 1541.155, 826.5149, 1.109476, 1242.394, 550.5764, 1792.326, 1322.936, 569.61
71.2, 2574.187, 568.1678, 455.3531, 199.2048, 207.4572, 734.7289, 2061.781, 2009.48, 1285.863, 1651.441, 779.0934, 1.056616, 1160.187, 553.4256, 1751.353, 1389.945, 540.4161
71.3, 2409.427, 541.7168, 422.7059, 188.8223, 194.6336, 693.5496, 2242.085, 1900.253, 1279.377, 1572.843, 734.3927, 1.006274, 1083.42, 522.9532, 1740.547, 1487.428, 512.7185
71.40000000000001, 2255.212, 658.58, 392.3994, 178.981, 182.6027, 654.6783, 2488.626, 1897.54, 1223.8, 1557.042, 692.2567, 0.9583308, 1011.732, 513.5393, 1772.648, 1405.026, 486.4405
71.5, 2237.313, 627.9199, 364.2657, 169.6526, 171.3155, 689.1726, 2532.129, 1794.398, 1280.277, 1482.937, 652.5383, 0.9126719, 944.7881, 491.3166, 1678.901, 1327.189, 461.5092
71.59999999999999, 2188.493, 681.8015, 387.5042, 160.8103, 160.726, 650.5466, 2637.291, 1825.506, 1229.536, 1484.491, 615.0988, 0.8691883, 921.377, 517.6248, 1590.112, 1434.741, 437.8558
71.7, 2083.692, 650.0602, 359.7215, 152.429, 205.2842, 614.0854, 2493.347, 1726.28, 1200.676, 1558.985, 579.8073, 0.8277765, 860.4114, 489.1237, 1506.019, 1355.258, 415.4147
71.8, 1950.326, 619.7966, 333.9307, 217.4612, 192.5949, 579.6678, 2357.26, 1632.446, 1148.518, 1484.787, 546.5407, 0.7883377, 875.1606, 486.0441, 1426.373, 1327.042, 394.1237
71.90000000000001, 1825.496, 590.942, 341.0305, 206.1272, 180.69, 547.1791, 2313.77, 1543.714, 1098.626, 1414.121, 515.1828, 0.750778, 976.9908, 459.2818, 1350.939, 1465.243, 373.9239
72, 1708.656, 563.4307, 316.5799, 210.2686, 169.521, 516.5114, 2383.178, 1459.804, 1050.901, 1346.817, 485.6241, 0.7150077, 1195.141, 433.9931, 1279.495, 1384.07, 354.7594
72.09999999999999, 1599.294, 537.2002, 293.8822, 199.3094, 234.4949, 487.5625, 2253.104, 1380.455, 1005.249, 1282.717, 457.7613, 0.6809417, 1195.611, 410.0968, 1211.828, 1307.394, 336.5772
72.2, 1530.178, 512.1909, 272.8119, 244.0885, 220.0001, 460.2361, 2183.555, 1525.946, 976.7706, 1221.668, 431.4971, 0.6484987, 1116.5, 387.5163, 1147.741, 1234.966, 319.3268
72.3, 1432.239, 488.3458, 253.2522, 248.2242, 206.4012, 477.8269, 2064.376, 1443.002, 1102.024, 1163.525, 527.475, 0.6176015, 1069.798, 416.5741, 1087.042, 1166.55, 302.9606
72.40000000000001, 1353.707, 465.6109, 235.095, 235.2868, 193.6429, 451.0461, 1951.702, 1483.358, 1057.819, 1374.618, 546.7185, 0.5881763, 999.0114, 475.2073, 1292.244, 1101.925, 287.4331
72.5, 1267.063, 443.9344, 218.2395, 223.0238, 181.6733, 425.7664, 2168.679, 1402.729, 1022.424, 1309.194, 515.3504, 0.5601531, 932.9089, 449.0417, 1223.903, 1040.879, 272.7015
72.59999999999999, 1185.965, 423.267, 202.5925, 256.4512, 170.4435, 401.9035, 2088.869, 1365.175, 1018.43, 1300.72, 606.5916, 0.533465, 921.263, 446.6592, 1159.177, 983.2156, 258.7249
72.7, 1159.295, 403.5618, 188.0673, 243.0851, 159.9079, 490.1863, 1974.858, 1290.97, 1004.707, 1238.814, 610.6281, 0.5080484, 860.305, 422.0656, 1128.628, 1018.321, 245.4646
72.8, 1156.67, 384.774, 234.9922, 230.4156, 150.0235, 693.7595, 1867.07, 1220.798, 1082.239, 1179.854, 735.1392, 0.4838428, 901.0436, 471.2099, 1068.94, 1306.306, 232.884
72.90000000000001, 1206.28, 366.8609, 218.1441, 218.4064, 140.7501, 654.8764, 1884.223, 1273.273, 1035.226, 1123.7, 829.7878, 0.4607905, 958.2413, 445.2645, 1066.457, 1233.938, 220.9482
73, 1129.073, 349.7817, 311.3037, 207.0232, 132.0499, 653.1452, 1961.589, 1265.3, 1165.559, 1319.101, 927.5583, 0.4388365, 951.4862, 420.7476, 1168.801, 1209.829, 209.624
73.09999999999999, 1056.807, 333.4976, 288.9844, 273.8031, 123.8875, 616.5384, 1963.792, 1388.602, 1144.547, 1256.32, 874.3394, 0.4179284, 888.5284, 397.5806, 1152.447, 1142.806, 198.8803
73.2, 1117.694, 317.9716, 325.4008, 259.5326, 116.2296, 697.2279, 1856.608, 1313.124, 1173.876, 1196.527, 824.174, 0.3980165, 829.7363, 375.6893, 1091.5, 1079.495, 188.6872
73.3, 1046.156, 303.1685, 357.4225, 246.0059, 109.0451, 658.1504, 1755.274, 1241.748, 1122.883, 1250.647, 879.6812, 0.3790534, 774.8344, 355.0033, 1113.437, 1158.041, 179.0166
73.40000000000001, 1037.691, 341.7596, 374.6648, 233.1842, 102.3047, 621.2631, 1659.471, 1174.252, 1074.104, 1191.125, 829.2092, 0.3609936, 723.5652, 335.4563, 1054.553, 1093.887, 169.8415
73.5, 971.2739, 325.8489, 443.8508, 221.0307, 95.98091, 601.3681, 1754.405, 1110.425, 1051.214, 1134.435, 781.6331, 0.3437943, 675.6885, 316.9856, 998.7826, 1090.271, 161.1368
73.59999999999999, 909.1079, 310.679, 412.0283, 209.5107, 179.9565, 576.6218, 1777.307, 1138.102, 1005.548, 1080.443, 736.7867, 0.3274145, 797.4406, 299.532, 968.9031, 1029.872, 152.8781
73.7, 850.9208, 296.2154, 382.4873, 268.7892, 168.8329, 725.1587, 1680.302, 1094.073, 961.8668, 1029.02, 694.5134, 0.3118151, 802.1102, 283.0393, 940.158, 1142.384, 145.0428
73.8, 796.458, 311.6987, 355.0643, 291.4797, 158.3968, 684.5157, 1769.271, 1067.816, 920.0827, 1146.796, 654.6655, 0.2969589, 749.0363, 267.4548, 1022.028, 1079.097, 137.609
73.90000000000001, 745.481, 399.5581, 501.8591, 423.5208, 148.6058, 646.1507, 1672.704, 1040.195, 880.1137, 1092.216, 617.1039, 0.2828105, 699.4741, 252.7283, 1001.923, 1142.112, 130.5562
74, 697.7668, 380.9567, 522.3143, 401.447, 139.42, 609.9359, 1805.43, 983.6545, 882.2647, 1040.233, 741.1635, 0.2693362, 817.5763, 238.8128, 948.9358, 1112.479, 123.8649
74.09999999999999, 653.1065, 363.2213, 530.2436, 380.5238, 196.7316, 575.7509, 1706.889, 1074.875, 851.6857, 990.7247, 879.4951, 0.2565039, 823.8032, 225.6634, 958.8676, 1209.133, 117.5165
74.2, 775.8627, 510.3593, 492.227, 360.691, 221.7167, 726.0611, 1613.727, 1189.46, 922.2295, 1048.584, 895.9716, 0.244283, 863.431, 213.2381, 1083.838, 1142.148, 111.4935
74.3, 783.3309, 486.5995, 583.8638, 341.8919, 216.4431, 685.3676, 1615.704, 1124.806, 1045.374, 1147.942, 844.565, 0.2326443, 860.64, 201.4969, 1026.519, 1078.875, 105.7792
74.40000000000001, 758.7662, 463.9459, 576.8911, 324.0727, 203.0641, 646.9548, 1527.519, 1063.666, 999.9623, 1118.82, 796.1078, 0.2215601, 844.1204, 305.0841, 972.2316, 1019.106, 100.3578
74.5, 710.2017, 517.5289, 535.53, 307.1821, 190.512, 610.6949, 1444.147, 1005.85, 973.3765, 1065.572, 750.431, 0.211004, 942.7401, 288.2858, 920.815, 1128.516, 95.2142
74.59999999999999, 718.7695, 493.4354, 547.3115, 291.1719, 178.7359, 836.3105, 1553.25, 951.1763, 990.4606, 1066.057, 707.3748, 0.2009509, 880.3609, 272.4124, 961.7805, 1084.224, 90.33425
74.7, 672.7649, 470.4635, 624.9808, 275.9961, 167.6877, 1108.478, 1468.474, 899.4744, 1004.533, 1047.63, 666.789, 0.1913768, 822.1093, 257.4129, 910.9166, 1253.521, 85.70441
74.8, 629.7048, 448.5611, 580.1719, 261.6113, 157.3224, 1051.214, 1465.825, 850.5828, 960.8956, 1184.614, 628.5318, 0.1822588, 767.712, 243.2394, 862.7427, 1463.412, 81.31185
74.90000000000001, 657.908, 427.6783, 555.0411, 247.9762, 147.5978, 992.2969, 1385.82, 804.3488, 919.1536, 1128.234, 592.4696, 0.1735752, 716.9141, 229.8463, 817.1165, 1382.341, 77.14442
75, 615.7988, 407.7678, 515.2466, 235.0518, 138.4743, 1063.974, 1518.521, 760.6278, 879.225, 1074.537, 558.4765, 0.1653053, 669.4774, 217.1907, 883.114, 1305.761, 73.19059
75.09999999999999, 576.3849, 388.7842, 478.3052, 222.801, 147.6381, 1098.758, 1435.64, 719.2833, 841.0309, 1023.396, 526.4338, 0.1574295, 625.1795, 205.2318, 836.4103, 1233.423, 69.4394
75.2, 549.6436, 370.6843, 529.5592, 286.7434, 143.2943, 1037.176, 1357.283, 680.1862, 821.1014, 1077.487, 496.2295, 0.1499289, 583.8127, 193.9315, 792.1767, 1165.093, 65.88046
75.3, 514.4639, 353.4271, 491.5917, 271.7985, 134.4368, 1028.89, 1283.202, 878.4736, 829.4122, 1079.587, 467.7582, 0.1427856, 639.5652, 183.2533, 750.2823, 1199.562, 62.50393
75.40000000000001, 553.5827, 458.2471, 456.3463, 257.6324, 126.1269, 1063.025, 1276.434, 830.7236, 793.382, 1093.169, 440.9205, 0.1359827, 642.0685, 173.1632, 710.6036, 1133.108, 59.30046
75.5, 534.6612, 526.0097, 423.6279, 244.2047, 135.1753, 1049.194, 1581.225, 842.9957, 758.917, 1041.141, 517.496, 0.1295039, 599.5842, 163.6286, 746.7236, 1070.335, 56.26117
75.59999999999999, 500.4404, 536.8423, 400.9568, 277.7992, 177.2356, 990.3902, 1509.85, 797.1741, 792.897, 991.5894, 487.8045, 0.1233338, 571.447, 154.6189, 707.2331, 1168.63, 53.37765
75.7, 478.6283, 511.8497, 372.2096, 263.3204, 166.2802, 934.8818, 1480.222, 753.8431, 792.2783, 1098.607, 459.8166, 0.1174576, 660.994, 146.1054, 669.831, 1172.152, 50.64192
75.8, 498.0891, 511.5186, 353.7339, 299.2788, 222.0792, 900.2124, 1544.398, 758.6271, 885.6897, 1046.32, 433.4345, 0.1118615, 617.2574, 138.0606, 634.4069, 1285.312, 48.0464
75.90000000000001, 466.2091, 575.5856, 328.3724, 283.6805, 208.3518, 849.7582, 1460.104, 778.6147, 847.2148, 996.5221, 525.3044, 0.1065319, 651.9185, 130.4588, 600.8563, 1224.897, 45.58391
76, 436.3696, 548.7892, 304.8293, 268.8952, 195.473, 802.1319, 1380.412, 736.2925, 899.5239, 949.094, 495.1649, 0.1014563, 701.8505, 123.2756, 723.4929, 1213.845, 43.24763
76.09999999999999, 408.4399, 523.2404, 282.9741, 254.8805, 196.8209, 757.1749, 1305.069, 904.9927, 860.4481, 903.9232, 494.8906, 0.09662246, 683.9015, 116.4879, 685.2309, 1146.599, 41.03109
76.2, 418.1907, 498.8809, 262.6859, 241.5962, 190.7472, 714.7375, 1431.354, 855.8011, 837.2792, 860.9022, 466.4961, 0.09201895, 655.9688, 110.0739, 648.9924, 1173.037, 38.92815
76.3, 391.4246, 475.6555, 327.1718, 235.5275, 178.9565, 771.862, 1353.23, 809.2834, 906.6079, 819.9287, 439.7308, 0.08763478, 612.5647, 104.0131, 614.6703, 1337.867, 36.93299
76.40000000000001, 366.3716, 453.5114, 513.8275, 223.2519, 167.8947, 784.6063, 1279.37, 765.2943, 867.2243, 780.9053, 414.5011, 0.08345949, 885.2541, 98.28595, 582.1635, 1291.616, 35.04008
76.5, 342.9221, 432.3982, 721.3191, 211.6161, 157.5166, 812.8786, 1392.446, 723.6961, 885.3693, 896.1367, 465.8796, 0.07948312, 826.6787, 92.87419, 551.3757, 1220.062, 33.2442
76.59999999999999, 333.8883, 468.1947, 669.6031, 203.7497, 147.78, 767.3192, 1358.032, 684.3591, 897.6091, 853.4863, 511.9865, 0.07569621, 1197.411, 87.76041, 605.8258, 1184.115, 31.54035
76.7, 334.4528, 446.3979, 746.5016, 193.1304, 143.0043, 819.3594, 1283.911, 647.1602, 992.9586, 812.8657, 622.8738, 0.07208972, 1118.181, 82.92819, 573.7866, 1352.849, 29.92384
76.8, 352.7967, 425.6159, 746.7081, 183.0645, 268.2003, 773.4368, 1259.449, 611.9833, 949.8239, 850.0064, 587.1363, 0.06865506, 1044.193, 78.36205, 543.4418, 1277.903, 28.39017
76.90000000000001, 360.0462, 424.7266, 693.1718, 173.5232, 251.622, 730.0881, 1418.506, 578.7185, 908.5629, 889.4451, 747.9211, 0.06538404, 1053.209, 74.04733, 547.6895, 1207.108, 26.93511
77, 337.0016, 553.9422, 643.4739, 164.4793, 236.0685, 689.1689, 1341.083, 547.2618, 869.0943, 847.1131, 705.009, 0.06226886, 983.5208, 69.97018, 518.7249, 1193.079, 25.55462
77.09999999999999, 395.6756, 528.1534, 597.3391, 190.5056, 221.4764, 650.5431, 1267.887, 517.515, 831.3403, 806.7959, 664.5589, 0.05930211, 978.4995, 66.11752, 607.0983, 1126.984, 24.24488
77.2, 370.3505, 503.5653, 554.512, 180.5765, 340.4792, 614.0822, 1198.685, 489.3851, 866.5817, 836.8051, 626.4297, 0.0564767, 913.7542, 62.477, 574.9919, 1064.55, 23.00228
77.3, 346.6464, 480.1218, 514.7554, 236.9159, 585.5264, 579.6647, 1133.261, 462.7842, 878.5503, 796.9785, 590.4881, 0.05378591, 853.293, 59.03693, 544.5834, 1005.575, 21.82336
77.40000000000001, 324.4594, 457.7697, 477.8493, 224.5679, 549.3332, 590.7952, 1071.407, 437.6292, 840.3855, 869.1307, 556.6087, 0.05122332, 796.8325, 55.78627, 515.783, 1190.527, 20.70486
77.5, 303.6925, 436.4583, 443.5892, 212.8635, 648.1853, 557.6829, 1166.002, 413.8416, 832.5209, 827.7656, 524.6732, 0.04878283, 744.1077, 52.7146, 488.5058, 1124.573, 19.64369
77.59999999999999, 321.0187, 416.139, 411.7854, 201.7692, 608.119, 526.4265, 1102.361, 391.3469, 843.7406, 788.3693, 494.5699, 0.04645861, 730.8864, 49.81207, 545.8843, 1062.273, 18.6369
77.7, 300.472, 396.7656, 405.1595, 202.3995, 679.1075, 641.9805, 1042.194, 370.075, 827.125, 750.8479, 466.1938, 0.04424512, 682.5251, 47.06934, 580.2309, 1003.424, 17.68172
77.8, 308.9425, 407.2696, 381.4608, 191.8505, 798.1641, 605.9995, 985.3112, 349.9593, 791.1942, 715.1123, 439.4459, 0.04213709, 758.9643, 44.47764, 638.5824, 1204.623, 16.77549
77.90000000000001, 289.1687, 388.3092, 354.1115, 236.7377, 777.8887, 572.035, 1037.535, 330.937, 756.8242, 681.0775, 414.2325, 0.04012951, 725.1201, 42.02864, 604.8109, 1309.672, 15.9157
78, 270.6606, 407.6086, 328.7229, 224.399, 786.0985, 679.9207, 999.4808, 312.9487, 723.9472, 648.6625, 390.4659, 0.03821756, 677.1404, 39.71448, 572.8254, 1390.861, 15.09999
78.09999999999999, 253.3371, 415.9426, 318.8882, 212.7034, 807.8159, 913.7067, 1104.84, 295.9381, 720.1428, 617.7903, 368.0628, 0.03639672, 884.5104, 37.52775, 542.5315, 1313.809, 14.32608
78.2, 237.1224, 439.9307, 406.0945, 201.6174, 757.8823, 862.4962, 1133.257, 279.8522, 711.9321, 768.4793, 519.4988, 0.03466262, 877.2747, 35.46142, 513.8397, 1473.966, 13.59183
78.3, 309.4827, 609.3229, 376.979, 271.1851, 711.0353, 984.1082, 1121.879, 528.5876, 766.4887, 731.9045, 571.0628, 0.03301115, 953.1221, 33.50886, 486.6652, 1392.31, 12.89522
78.40000000000001, 289.6743, 580.9559, 349.951, 325.0003, 667.084, 928.9519, 1060.647, 674.6761, 733.192, 801.4296, 538.2979, 0.03143836, 912.3932, 31.66382, 460.9279, 1441.377, 12.23431
78.5, 271.1339, 763.5813, 324.8607, 308.0614, 799.8453, 1037.057, 1154.002, 638.0036, 701.3416, 839.0724, 563.3935, 0.0299405, 912.0345, 29.92036, 436.5516, 1361.526, 11.60727
78.59999999999999, 253.78, 728.0328, 301.5694, 292.0054, 990.3214, 1076.374, 1176.955, 689.8217, 746.1462, 861.0012, 602.4119, 0.02851401, 851.6871, 28.27291, 468.564, 1327.418, 11.01237
78.7, 237.5369, 694.1392, 279.9479, 276.7862, 929.1066, 1031.843, 1112.716, 652.3259, 713.7331, 820.0229, 704.283, 0.02715548, 823.2157, 26.71616, 466.6752, 1421.232, 10.44796
78.8, 222.3335, 661.8236, 259.8766, 262.3602, 999.0953, 984.1729, 1195.553, 616.8683, 719.9061, 780.9951, 663.8746, 0.02586167, 768.7452, 25.24513, 441.995, 1369.075, 9.912477
78.90000000000001, 238.0309, 631.0125, 260.6046, 248.6861, 937.3381, 1024.33, 1247.593, 583.338, 732.8376, 743.8246, 625.7847, 0.02462951, 744.0008, 23.8551, 460.5816, 1293.229, 9.40444
79, 280.1799, 601.6357, 241.9202, 235.7247, 923.6737, 997.8588, 1212.748, 551.6302, 748.6236, 708.4233, 589.8801, 0.02345606, 952.2562, 22.5416, 436.2237, 1221.586, 8.922441
79.09999999999999, 262.2471, 573.6265, 224.5753, 223.4388, 866.5786, 1065.815, 1146.556, 521.6459, 716.1029, 798.5468, 556.0356, 0.02233851, 913.7546, 21.30043, 413.154, 1153.911, 8.465144
79.2, 253.7193, 546.9213, 244.4137, 211.7932, 813.0128, 1063.018, 1139.028, 493.2915, 730.5966, 760.541, 524.1329, 0.02127421, 853.2933, 20.1276, 391.3043, 1152.316, 8.031285
79.3, 261.834, 521.4594, 226.8901, 200.7547, 1068.489, 1003.439, 1096.356, 466.4782, 698.859, 724.3441, 494.0606, 0.02026062, 796.8327, 19.01935, 565.0769, 1088.479, 7.619663
79.40000000000001, 245.0754, 497.1829, 210.6229, 190.2914, 1126.905, 947.1991, 1153.987, 533.2585, 668.5001, 689.8699, 806.5099, 0.01929531, 744.108, 17.97211, 640.8745, 1264.064, 7.229137
79.5, 352.2206, 474.0366, 195.522, 180.3735, 1094.406, 1091.743, 1132.753, 785.3602, 639.46, 856.5374, 760.2362, 0.018376, 761.0369, 16.98254, 606.9818, 1194.036, 6.858626
79.59999999999999, 498.2578, 451.9678, 181.5037, 170.9725, 1102.558, 1030.554, 1070.927, 742.6714, 705.4498, 815.7716, 826.6157, 306.0714, 710.6807, 16.04746, 838.2463, 1321.417, 6.507105
79.7, 466.367, 430.9265, 168.4906, 162.0615, 1107.907, 972.7947, 1012.476, 702.3029, 674.8046, 776.946, 779.1884, 291.4888, 703.8723, 15.16387, 793.9156, 1248.212, 6.173601
79.8, 436.5174, 410.8647, 156.4104, 186.0598, 1117.703, 918.2725, 1116.04, 664.1287, 645.4907, 739.9683, 734.4822, 277.601, 657.2985, 14.32892, 799.7115, 1179.062, 5.857189
79.90000000000001, 522.3826, 391.7369, 177.912, 176.3625, 1477.561, 866.8061, 1055.126, 628.0295, 653.1945, 704.7505, 803.8137, 300.045, 634.874, 244.1948, 969.2227, 1457.196, 5.556994
80, 488.9477, 373.4996, 165.1564, 267.6378, 1426.365, 818.2242, 997.5372, 593.8925, 719.4752, 671.2089, 805.2135, 469.5099, 592.8657, 230.7491, 944.1349, 1376.469, 5.272185
80.09999999999999, 457.6528, 356.1113, 153.3152, 253.6886, 1338.197, 941.8414, 943.0914, 561.611, 763.4357, 639.2636, 886.9293, 447.1405, 664.5967, 218.0437, 1123.575, 1455.429, 5.001973
80.2, 428.3609, 339.5325, 142.3231, 240.4664, 1255.479, 889.054, 1028.625, 531.0842, 858.4028, 608.8387, 836.0415, 425.8368, 620.6217, 206.0379, 1064.154, 1374.799, 4.74561
80.3, 400.9438, 323.7256, 132.119, 227.9334, 1177.874, 861.7527, 1074.231, 502.2168, 865.8911, 579.8619, 788.0734, 405.5482, 579.5565, 194.6932, 1007.876, 1298.637, 4.502387
80.40000000000001, 375.2816, 308.6545, 122.6466, 216.0536, 1105.066, 887.7768, 1315.191, 474.9184, 894.8672, 552.2642, 742.8575, 386.2261, 541.2084, 183.9731, 954.5748, 1226.694, 4.271628
80.5, 351.2618, 294.2851, 113.8532, 204.793, 1036.759, 924.9268, 1491.883, 449.1039, 855.9937, 525.9799, 700.2359, 367.8246, 505.3978, 173.8433, 904.092, 1158.736, 4.052697
80.59999999999999, 328.7795, 280.5847, 105.6904, 194.1192, 972.6736, 873.0874, 2191.6, 424.6925, 818.8087, 500.9466, 660.0597, 350.2999, 471.9567, 164.2712, 856.279, 1094.544, 3.844987
80.7, 307.7361, 267.5221, 98.11274, 184.0018, 912.5497, 833.6481, 2226.345, 401.608, 783.2391, 477.1047, 622.1886, 333.6101, 440.7283, 155.2262, 810.9946, 1033.907, 3.647922
80.8, 288.0396, 255.0676, 91.0784, 174.4117, 856.1422, 786.9246, 2121.186, 379.7783, 749.2147, 454.3976, 586.4904, 317.7155, 411.5663, 146.6792, 768.105, 976.6296, 3.460958
80.90000000000001, 269.6037, 243.1929, 84.5484, 165.3214, 803.2214, 799.8938, 2214.279, 359.1352, 716.6683, 432.7711, 552.8403, 302.5782, 384.3338, 138.6029, 727.4837, 922.5254, 3.283575
81, 252.3478, 231.8711, 78.48658, 156.705, 753.5718, 755.0622, 2093.423, 339.6141, 685.5358, 412.174, 521.121, 288.1621, 358.9032, 130.9712, 689.0106, 871.4185, 3.115284
81.09999999999999, 236.1964, 221.0763, 72.85937, 148.5376, 706.9913, 712.7432, 1979.164, 321.1541, 677.6425, 392.5571, 491.2215, 274.4328, 335.1554, 123.7598, 652.5722, 823.1428, 2.955619
81.2, 221.0787, 210.7841, 67.6356, 140.7958, 663.29, 672.7961, 1958.197, 303.6976, 648.2053, 527.1285, 463.0376, 261.3577, 312.9789, 116.9454, 618.0609, 777.5416, 2.804136
81.3, 206.9287, 200.9711, 62.78637, 133.4576, 622.29, 765.9787, 1851.319, 287.1898, 692.8339, 502.0405, 436.4707, 248.9055, 490.1716, 110.5062, 585.3746, 734.4666, 2.660418
81.40000000000001, 193.6843, 191.6149, 58.28481, 126.5019, 583.8243, 723.0479, 2030.264, 271.5794, 662.7367, 561.3787, 411.4281, 237.0466, 457.738, 104.4216, 554.4171, 884.1963, 2.524065
81.5, 181.2876, 182.6942, 54.106, 119.9086, 547.7364, 759.2518, 1919.451, 256.8175, 633.947, 619.7632, 387.8223, 225.7527, 427.4504, 98.67197, 525.0966, 835.2128, 2.394701
81.59999999999999, 169.6844, 174.1889, 50.22679, 113.659, 513.8792, 716.6981, 1814.688, 242.858, 606.4079, 666.0178, 365.5709, 214.9969, 399.1669, 93.23895, 497.3268, 788.9429, 2.271966
81.7, 158.8238, 166.0796, 46.62571, 107.7352, 482.1147, 732.8646, 1715.642, 229.6573, 717.7251, 696.968, 344.5961, 204.7535, 372.7549, 88.10509, 471.0256, 745.2363, 2.155523
81.8, 148.6583, 158.3477, 43.28281, 169.6929, 452.3137, 691.7898, 1698.636, 217.1741, 741.0248, 663.7967, 324.8248, 194.9982, 417.0118, 83.2539, 446.1154, 703.951, 2.045047
81.90000000000001, 139.1435, 150.9759, 40.17958, 196.1165, 424.3548, 747.5003, 1788.818, 205.3694, 797.5463, 632.2042, 306.1879, 185.7076, 389.419, 179.7092, 422.5225, 664.9528, 1.940234
82, 266.1657, 283.9952, 37.29885, 283.2087, 398.1241, 912.3251, 1761.317, 194.2064, 821.2854, 892.7146, 288.6203, 324.9379, 363.652, 206.5055, 400.1774, 628.1151, 1.840792
82.09999999999999, 249.1299, 270.7738, 34.62466, 268.448, 373.5149, 924.6224, 1740.407, 183.6502, 816.8626, 850.2271, 272.0607, 382.6793, 339.5899, 195.135, 379.0139, 593.3182, 1.746447
82.2, 252.6243, 349.804, 32.14219, 257.2489, 350.4268, 1070.01, 1707.495, 173.6678, 845.2496, 914.2581, 256.4511, 364.4468, 317.12, 184.3906, 358.9698, 560.449, 1.656938
82.3, 337.8263, 333.5188, 29.83771, 268.4809, 328.7658, 1010.04, 1614.3, 365.7386, 808.5314, 957.868, 241.7372, 347.083, 296.1368, 390.3726, 339.9856, 529.4007, 1.572016
82.40000000000001, 349.4456, 317.9919, 27.69845, 254.4878, 308.4438, 953.4299, 1526.191, 345.8586, 792.7058, 1081.111, 227.8674, 330.5465, 276.5421, 412.4956, 322.0054, 500.0724, 1.491446
82.5, 327.0794, 454.0925, 25.71257, 241.224, 289.3779, 899.9931, 1442.892, 619.3692, 847.8715, 1097.142, 214.7935, 314.7979, 258.2438, 419.9573, 616.522, 472.369, 1.415006
82.59999999999999, 306.1448, 451.9798, 23.86907, 228.6515, 271.4906, 849.5512, 1364.138, 585.7029, 811.0394, 1146.518, 202.4697, 372.618, 241.1564, 423.2005, 583.9171, 446.2002, 1.342484
82.7, 286.5502, 430.9379, 22.15774, 216.7343, 254.7089, 801.9365, 1289.683, 553.8666, 775.8073, 1091.951, 190.8529, 369.5776, 309.5275, 399.8985, 553.0366, 421.4812, 1.273678
82.8, 268.2097, 410.8755, 141.3015, 281.4089, 238.9646, 756.9904, 1219.292, 523.7608, 996.7977, 1039.981, 513.9147, 372.6821, 302.0752, 377.8795, 523.7892, 398.1316, 1.208399
82.90000000000001, 251.043, 391.7473, 131.1707, 385.5089, 224.1935, 714.5634, 1382.952, 495.2914, 1233.768, 1042.092, 484.4287, 466.5195, 282.0876, 357.073, 496.0885, 376.0755, 1.146466
83, 234.9751, 534.0709, 203.6837, 365.4164, 210.3354, 674.5142, 1307.471, 468.3694, 1574.128, 1032.781, 525.5593, 571.0851, 308.2748, 337.412, 469.8528, 355.2413, 1.087707
83.09999999999999, 219.9356, 554.986, 256.9724, 346.371, 197.3339, 636.7098, 1236.109, 442.9109, 1813.126, 1169.918, 529.6227, 557.0657, 313.067, 318.8336, 445.0046, 335.5613, 1.031959
83.2, 205.8587, 548.9055, 375.4024, 374.2543, 185.1361, 601.0241, 1168.642, 418.8362, 1949.581, 1114.237, 507.7489, 541.9138, 476.9786, 416.9064, 421.4705, 316.9716, 0.9790691
83.3, 192.6828, 523.3513, 400.0042, 354.7484, 173.6923, 567.3386, 1104.857, 396.07, 1962.973, 1119.636, 692.7997, 687.4037, 445.4179, 393.9509, 399.181, 299.4117, 0.9288895
83.40000000000001, 180.3502, 498.9867, 371.3253, 381.0715, 162.9558, 535.541, 1044.554, 374.5413, 1910.497, 1138.062, 653.0501, 697.5289, 415.9456, 372.2594, 378.0703, 282.8246, 0.8812817
83.5, 168.807, 525.9799, 355.5212, 361.2102, 152.883, 505.5255, 987.5418, 354.1829, 1893.203, 1083.897, 615.5812, 664.2957, 388.4233, 457.4393, 358.076, 267.1564, 0.8361139
83.59999999999999, 220.3283, 585.6946, 492.69, 342.3841, 143.4328, 477.1924, 933.6416, 334.931, 2040.291, 1143.302, 580.262, 632.6458, 362.7222, 432.252, 339.1391, 252.3562, 0.7932611
83.7, 299.5592, 558.4276, 528.0399, 374.9167, 134.5668, 450.4472, 882.6833, 316.7256, 2232.689, 1088.889, 629.3162, 602.5038, 338.7216, 556.8471, 472.1277, 238.376, 0.7526046
83.8, 280.386, 532.4301, 510.9555, 362.1226, 126.2488, 425.201, 834.5063, 299.5097, 2407.274, 1037.064, 661.5884, 622.8914, 316.3091, 526.1863, 593.8577, 430.9375, 0.7140318
83.90000000000001, 262.4401, 582.9009, 474.3218, 343.2489, 118.445, 401.3698, 788.9588, 283.2297, 2422.494, 1075.932, 690.3067, 703.3524, 435.7771, 510.2209, 562.4514, 407.064, 0.677436
84, 245.6427, 555.7639, 440.3146, 325.3589, 111.1236, 378.8742, 745.8973, 267.8345, 2317.259, 1202.168, 748.563, 669.8417, 406.9426, 482.1274, 532.7061, 384.5131, 0.6427158
84.09999999999999, 229.9204, 565.9343, 429.0125, 308.4013, 104.2547, 357.6395, 705.1862, 253.2762, 2405.281, 1144.952, 899.0594, 637.9276, 380.0161, 455.5808, 504.5339, 464.3115, 0.6097751
84.2, 271.0804, 539.5873, 705.6926, 379.7412, 97.81037, 337.5948, 666.697, 239.5091, 2761.287, 1090.46, 1114.093, 607.534, 354.8712, 430.4959, 477.8516, 438.5891, 0.5785227
84.3, 302.4117, 599.2609, 746.2705, 388.8545, 91.76441, 318.6737, 630.3085, 226.4904, 3101.906, 1038.561, 1262.49, 578.5885, 331.3901, 406.7922, 452.5803, 414.2917, 0.5488721
84.40000000000001, 283.0559, 571.3624, 821.0492, 368.5876, 86.09217, 300.813, 595.9062, 214.1794, 3580.498, 989.132, 1190.054, 551.0221, 309.4627, 513.2509, 428.6456, 391.3404, 0.520741
84.5, 264.939, 544.7626, 762.1829, 349.377, 80.77055, 283.9533, 563.3815, 202.5375, 3843.07, 942.0556, 1146.045, 524.769, 288.9862, 484.9905, 405.9766, 369.6606, 0.4940518
84.59999999999999, 247.9817, 519.4012, 707.537, 340.3143, 75.77788, 268.0386, 532.6321, 191.5284, 3982.119, 897.2197, 1137.738, 499.7668, 269.8646, 458.2863, 384.5065, 349.1818, 0.4687305
84.7, 232.1097, 495.2205, 656.8091, 322.5772, 71.09382, 253.0159, 503.5609, 181.1178, 4021.566, 854.5178, 1072.46, 475.9558, 252.0083, 469.8717, 364.1718, 329.8375, 0.444707
84.8, 217.2536, 472.1655, 609.7183, 305.7646, 66.6993, 238.8351, 476.0765, 171.273, 4027.313, 958.0821, 1010.928, 453.2792, 235.3334, 443.9999, 344.9125, 311.5648, 0.4219147
84.90000000000001, 203.3484, 450.1838, 566.0036, 289.8283, 62.57641, 225.4491, 450.0922, 161.9633, 4105.468, 912.4835, 952.9254, 431.6831, 219.7619, 419.5526, 326.6718, 294.3045, 0.4002906
85, 190.3332, 429.2255, 525.4232, 274.7226, 58.70837, 212.8134, 425.5261, 153.1597, 4003.027, 869.0551, 898.251, 411.1158, 205.2207, 396.4515, 309.3957, 278.0003, 0.3797747
85.09999999999999, 178.151, 409.2429, 487.7522, 260.4041, 55.07943, 200.8858, 553.8183, 144.8346, 3979.317, 827.6935, 846.7137, 391.5285, 191.6417, 374.6223, 293.0333, 262.5994, 0.3603104
85.2, 225.3024, 425.5238, 571.5936, 246.832, 51.6748, 189.6268, 562.3696, 136.962, 3928.428, 917.43, 935.4078, 372.8745, 178.9612, 353.9951, 277.5362, 248.0517, 0.3418436
85.3, 210.882, 430.0207, 668.8291, 233.9672, 48.48062, 178.9988, 531.6754, 129.5173, 4195.726, 913.9339, 906.0544, 355.1091, 167.1197, 398.7582, 262.8587, 234.3099, 0.3243233
85.40000000000001, 279.6657, 504.2433, 658.9003, 221.7729, 260.8622, 168.9664, 502.6564, 122.4773, 4373.435, 870.4365, 854.0693, 338.1902, 309.61, 415.6338, 248.9574, 221.3293, 0.307701
85.5, 261.7658, 480.7682, 682.2526, 351.8535, 244.7375, 159.4964, 518.527, 115.82, 4473.636, 887.5189, 805.0669, 431.8181, 472.2523, 522.0291, 235.7912, 209.0679, 0.2919306
85.59999999999999, 300.5369, 458.3861, 633.3375, 333.515, 229.6095, 150.5571, 539.6306, 109.5245, 4314.406, 1026.591, 758.876, 642.9371, 519.7199, 493.2855, 223.3214, 197.4858, 0.2769684
85.7, 384.7579, 546.3061, 587.9294, 316.1324, 215.4166, 142.1188, 510.1775, 103.5712, 4387.879, 1046.03, 715.3353, 612.3048, 552.092, 466.1245, 211.511, 186.5453, 0.2627732
85.8, 360.1316, 520.8728, 607.0903, 299.6557, 202.1011, 205.1767, 482.3319, 97.9415, 4356.853, 996.2458, 739.7662, 583.132, 599.8917, 440.459, 200.3252, 176.2109, 0.2493054
85.90000000000001, 373.1537, 496.6236, 563.564, 284.0378, 189.6086, 193.6771, 456.0062, 92.61781, 4232.373, 948.8309, 697.322, 555.3491, 560.1981, 416.2067, 189.731, 325.5684, 0.2365279
86, 349.2702, 473.5033, 523.1585, 269.2338, 177.8883, 182.8221, 431.1173, 87.5835, 4205.973, 903.6725, 657.3129, 528.89, 703.9111, 393.2898, 179.697, 307.5323, 0.2244053
86.09999999999999, 326.9153, 451.4593, 485.6499, 255.2015, 205.5363, 172.5755, 407.5869, 82.82284, 4197.652, 930.1099, 619.5994, 503.6914, 657.3348, 371.6347, 300.8749, 327.0419, 0.212904
86.2, 305.9912, 586.7078, 450.8305, 241.9005, 192.8315, 162.9032, 580.0814, 78.32094, 4180.253, 980.2524, 584.0497, 479.6934, 714.9443, 351.172, 392.5637, 308.9241, 0.2019922
86.3, 334.4962, 559.3937, 478.6118, 229.2927, 180.912, 165.1031, 548.4205, 74.06374, 4313.009, 933.5986, 550.5397, 456.8387, 667.6379, 369.8225, 371.8029, 291.81, 0.1916396
86.40000000000001, 425.334, 533.3511, 444.297, 217.3421, 169.7293, 155.8496, 518.4876, 70.03796, 4125.649, 1200.599, 518.9524, 435.073, 869.2524, 349.4596, 352.1401, 275.6441, 0.1818176
86.5, 398.1107, 626.2798, 412.4425, 206.0143, 159.2378, 301.5089, 490.1885, 66.23099, 4074.976, 1143.458, 489.1774, 414.3442, 811.7358, 330.2178, 333.5171, 465.963, 0.172499
86.59999999999999, 372.6298, 656.395, 478.777, 198.6531, 149.3948, 284.6102, 463.4339, 62.63095, 4029.24, 1582.344, 461.1107, 394.6031, 758.025, 312.0356, 315.879, 476.7418, 0.1636581
86.7, 348.7798, 625.8365, 444.4504, 188.2994, 140.1603, 268.6587, 438.1396, 59.2266, 4085.812, 1681.775, 434.6544, 375.8026, 707.868, 294.8545, 299.1737, 450.3308, 0.1552702
86.8, 462.5385, 596.7007, 412.5849, 178.4853, 131.4965, 314.356, 414.2259, 56.0073, 3937.26, 1630.873, 409.7159, 357.8977, 661.0299, 356.0488, 283.3519, 425.383, 0.1473122
86.90000000000001, 526.5898, 568.9213, 418.8951, 169.1827, 123.3683, 296.7373, 391.6174, 52.96298, 4131.154, 1553.254, 386.2084, 340.8459, 678.2037, 336.4443, 268.3668, 401.8172, 0.1397621
87, 492.8857, 542.4352, 388.8618, 160.365, 115.7426, 280.106, 370.2429, 50.08414, 4132.82, 1545.826, 364.0496, 324.6066, 754.1455, 341.1715, 361.7912, 454.197, 0.132599
87.09999999999999, 461.3387, 517.1821, 360.9818, 195.4051, 108.5882, 392.918, 350.0349, 47.36178, 4002.49, 1588.999, 343.1621, 309.141, 850.9804, 400.0573, 376.7125, 429.0349, 0.125803
87.2, 431.8109, 493.1047, 335.1007, 185.2207, 101.876, 370.8961, 330.93, 44.7874, 3961.831, 1707.205, 323.4731, 294.4122, 794.6729, 378.0296, 447.3027, 526.7996, 0.1193553
87.3, 476.0006, 470.1483, 311.0752, 175.5671, 279.7078, 350.1085, 312.8678, 42.35294, 3962.198, 1625.953, 427.584, 280.3851, 742.091, 385.212, 559.7576, 497.6154, 0.113238
87.40000000000001, 543.4895, 448.2605, 373.9248, 288.944, 291.5245, 353.9463, 295.7914, 40.05082, 3907.976, 1548.568, 527.0024, 267.0264, 805.748, 414.8416, 530.1548, 563.5041, 0.1074343
87.5, 508.7037, 427.3917, 347.1158, 273.8844, 273.5045, 357.95, 279.6471, 37.87383, 3895.147, 1558.724, 537.777, 254.3041, 752.4333, 494.7511, 750.8379, 593.9155, 0.101928
87.59999999999999, 530.2042, 407.4945, 322.2288, 259.6096, 256.5984, 337.888, 264.3839, 35.81517, 3922.016, 1484.539, 506.9219, 242.188, 702.6464, 495.3471, 711.1298, 627.1896, 0.09670398
87.7, 496.2686, 388.5236, 354.752, 246.0789, 240.7372, 318.9504, 474.156, 33.86841, 3826.121, 1413.884, 585.0517, 230.6491, 656.1538, 478.5723, 673.5216, 592.4439, 0.09174768
87.8, 526.4205, 370.4359, 329.3176, 233.2533, 267.552, 301.0742, 448.2765, 32.02747, 3824.51, 1346.593, 551.4842, 219.66, 739.2463, 452.2215, 637.9023, 559.6232, 0.08704539
87.90000000000001, 506.3252, 353.1903, 320.3531, 221.0963, 257.1796, 284.1999, 423.8094, 30.28659, 3786.242, 1282.503, 519.8427, 209.1945, 690.3319, 466.9944, 604.1668, 528.6207, 0.08258411
88, 630.0031, 336.7475, 297.3849, 209.5728, 241.2825, 417.3059, 400.6779, 28.64034, 3757.437, 1400.973, 490.0165, 199.2276, 644.6541, 464.2179, 572.2154, 499.3356, 0.07835148
88.09999999999999, 589.68, 321.0702, 276.0634, 198.65, 226.3681, 393.9172, 378.8088, 27.08358, 3805.797, 1334.296, 461.9017, 189.7355, 601.9987, 562.5288, 541.9537, 471.673, 0.07433578
88.2, 551.9377, 306.1228, 256.2707, 188.2964, 212.3756, 371.8393, 358.1334, 25.61143, 3728.117, 1270.792, 570.8942, 180.6957, 586.9868, 568.845, 513.2924, 445.5428, 0.0705259
88.3, 516.6112, 291.8712, 279.0229, 178.4825, 199.248, 405.3257, 338.5864, 24.2193, 3786.977, 1210.31, 595.0341, 172.0866, 626.1572, 578.512, 486.1469, 420.8602, 0.06691128
88.40000000000001, 513.2952, 278.2832, 357.8699, 169.18, 186.9319, 433.2203, 320.1063, 22.90284, 3669.741, 1443.966, 605.2816, 163.8876, 638.5194, 682.0067, 460.437, 560.8266, 0.06348192
88.5, 571.8309, 265.3277, 332.2119, 176.9476, 175.3771, 632.5787, 302.6349, 21.65794, 3709.373, 1375.243, 570.5533, 156.0793, 621.4938, 694.0017, 436.0867, 839.603, 0.06022832
88.59999999999999, 540.2475, 252.9754, 308.3935, 176.7705, 164.5365, 597.1246, 286.117, 20.48071, 3684.924, 1309.79, 645.6576, 148.6431, 580.3708, 908.9595, 413.0242, 850.4592, 0.05714148
88.7, 643.9621, 241.1981, 286.2828, 167.5573, 205.5701, 606.2022, 270.5007, 19.36746, 3651.638, 1247.452, 608.6129, 141.5611, 541.9689, 858.9109, 391.1814, 908.4792, 0.05421284
88.8, 602.7455, 229.9691, 265.7573, 357.494, 192.8632, 572.2264, 350.5893, 18.31473, 3711.822, 1188.081, 573.6935, 134.8165, 609.6401, 811.618, 370.4937, 858.1505, 0.0514343
88.90000000000001, 564.1671, 219.2629, 246.7035, 338.8616, 180.9417, 540.1549, 331.4541, 17.31922, 3736.623, 1131.536, 633.7117, 128.3933, 643.8626, 766.9292, 350.9001, 810.6098, 0.04879817
89, 528.0577, 209.0551, 229.0157, 321.2002, 169.7572, 509.8809, 313.3633, 16.37782, 3624.981, 1077.682, 597.3523, 122.2761, 601.2596, 724.701, 332.3427, 765.7029, 0.04629715
89.09999999999999, 494.2596, 199.3226, 212.5961, 304.4594, 159.264, 481.3036, 379.5795, 15.48759, 3540.848, 1026.391, 563.079, 116.4503, 561.4755, 684.7979, 314.7667, 723.2838, 0.04392431
89.2, 462.6247, 319.0525, 197.3537, 288.5911, 149.4194, 454.328, 498.7428, 14.64575, 3527.896, 977.5416, 530.7722, 110.9021, 524.3239, 647.092, 298.1202, 839.042, 0.04167309
89.3, 433.0146, 304.199, 183.2041, 273.5498, 140.1833, 457.8692, 471.5214, 13.84967, 3469.093, 931.0168, 500.319, 105.6183, 489.6305, 611.4622, 282.3541, 792.5599, 0.03953724
89.40000000000001, 405.2997, 290.037, 170.069, 259.2925, 131.5181, 432.2071, 445.7856, 13.09686, 3442.296, 886.7064, 471.6131, 100.5862, 457.2326, 577.7943, 267.4218, 748.653, 0.03751087
89.5, 379.3586, 276.5344, 157.8757, 245.7783, 123.3886, 407.9832, 421.4546, 12.38497, 3421.743, 844.5048, 444.5542, 95.79382, 426.9785, 545.9801, 253.2791, 707.1783, 0.03558835
89.59999999999999, 480.1731, 263.6603, 208.4212, 232.9684, 115.7616, 385.1169, 541.0425, 11.71178, 3502.532, 804.3117, 419.0478, 91.22979, 644.4958, 515.9177, 239.8844, 752.5126, 0.03376436
89.7, 449.4398, 251.3856, 281.5653, 220.8262, 108.606, 363.5323, 511.5123, 11.07518, 3422.685, 1355.191, 490.7568, 86.88322, 601.8509, 487.5105, 227.1981, 773.1338, 0.03203386
89.8, 420.6736, 239.6824, 301.0294, 209.3168, 101.8927, 477.6066, 483.5939, 10.47318, 3505.846, 1290.692, 462.5995, 82.74373, 562.0277, 460.6675, 215.1827, 730.303, 0.03039205
89.90000000000001, 393.7485, 284.5167, 279.4467, 241.8306, 95.59442, 450.8382, 457.1992, 9.9039, 3499.047, 1229.264, 436.0577, 78.80147, 555.373, 435.3025, 203.8028, 733.1546, 0.02883438
90, 368.5468, 271.2711, 259.4113, 229.2265, 89.68544, 425.5701, 570.5997, 9.365566, 3494.219, 1233.59, 411.0388, 75.04703, 583.212, 411.3342, 193.0246, 774.0163, 0.02735655
90.09999999999999, 344.9581, 258.642, 240.8125, 217.2793, 84.14171, 401.7182, 539.4562, 8.856494, 3451.78, 1204.711, 387.4554, 71.47147, 620.3698, 388.6855, 182.8165, 731.1366, 0.02595446
90.2, 350.5137, 287.7496, 262.5174, 205.9548, 151.4614, 407.7803, 510.0126, 8.375093, 3408.895, 1237.945, 400.8561, 68.06626, 579.3212, 367.284, 173.1482, 690.6324, 0.02462423
90.3, 328.0792, 274.3534, 243.6958, 195.2205, 142.0991, 384.9255, 482.1761, 7.919858, 3350.382, 1204.598, 377.8569, 64.8233, 540.9887, 347.0608, 163.9913, 652.3721, 0.02336218
90.40000000000001, 307.0806, 261.5809, 226.2237, 185.0457, 133.3156, 363.3516, 455.8588, 7.489368, 3532.207, 1266.271, 534.4365, 61.73484, 505.1926, 327.9511, 155.3186, 616.2313, 0.02216482
90.5, 307.3061, 249.403, 210.0042, 175.4012, 125.0749, 342.9868, 497.7886, 7.082278, 3378.765, 1257.2, 503.7731, 58.79353, 525.5155, 309.8937, 147.1045, 582.0928, 0.02102882
90.59999999999999, 322.4841, 237.792, 194.9477, 166.2593, 204.8052, 323.7635, 588.8599, 6.697316, 3245.379, 1263.088, 474.869, 55.99235, 490.7433, 292.8305, 139.3249, 549.8455, 0.01995104
90.7, 411.3793, 226.7216, 220.9593, 157.5939, 192.1456, 305.6175, 608.3532, 6.333278, 3262.812, 1202.973, 447.6233, 53.32464, 458.2718, 276.7069, 131.9567, 592.0687, 0.0189285
90.8, 385.0492, 249.8121, 318.5314, 376.6618, 180.2684, 288.4886, 575.1492, 5.989028, 3267.423, 1181.003, 421.9408, 50.78403, 427.9489, 261.471, 124.9781, 559.2687, 0.01795837
90.90000000000001, 428.9681, 261.3541, 327.8321, 357.0303, 169.1255, 272.3196, 608.1719, 5.66349, 3221.299, 1424.978, 397.7318, 48.36446, 524.5726, 247.0741, 118.3687, 528.2858, 0.01703796
91, 401.5122, 249.1867, 317.4899, 338.422, 158.6713, 257.0569, 574.9778, 5.355647, 3102.319, 1357.158, 374.9118, 46.06017, 489.8628, 233.4698, 112.1087, 541.0468, 0.01616473
91.09999999999999, 375.8135, 237.5858, 294.727, 320.7836, 148.8634, 242.6497, 634.6182, 5.064537, 3243.265, 1292.566, 353.4012, 43.86567, 457.4496, 220.6146, 106.1798, 608.632, 0.01533625
91.2, 351.7597, 226.525, 273.5961, 336.7345, 139.6617, 229.0499, 599.9807, 4.78925, 3102.375, 1231.048, 333.1247, 41.77572, 427.1811, 208.4673, 100.5645, 574.9144, 0.01455023
91.3, 411.7487, 215.9792, 284.3664, 319.184, 131.0287, 246.1772, 567.2336, 4.528927, 2994.802, 1172.458, 314.0116, 39.78535, 398.9154, 196.9888, 95.24613, 543.0648, 0.01380449
91.40000000000001, 385.3948, 229.4007, 263.9783, 328.2996, 122.9295, 232.3798, 573.4695, 4.282753, 3088.61, 1116.656, 295.9951, 37.88981, 372.5201, 186.1423, 90.20903, 512.9796, 0.01309698
91.5, 360.7278, 218.721, 245.052, 311.1888, 115.3308, 219.3556, 676.8047, 4.049961, 2954.438, 1063.51, 279.0123, 36.08458, 347.8712, 175.893, 85.43832, 484.561, 0.01242573
91.59999999999999, 337.6396, 265.9219, 227.4827, 294.9698, 317.8365, 233.3331, 639.8646, 3.829823, 2870.26, 1012.894, 263.0039, 34.36535, 377.968, 166.2081, 80.9199, 741.2332, 0.01178888
91.7, 316.0291, 253.5419, 215.3552, 302.3232, 350.1777, 354.1215, 604.9407, 3.62165, 2925.794, 964.6866, 309.359, 32.72804, 554.6728, 157.0565, 76.64044, 700.1697, 0.01118467
91.8, 295.8018, 241.7383, 199.915, 374.5132, 328.5321, 334.2741, 571.9229, 3.424792, 2874.525, 918.7736, 291.6095, 31.16874, 823.3396, 148.4087, 72.5873, 661.381, 385.1907
91.90000000000001, 276.8691, 230.4842, 349.6927, 354.9937, 308.2245, 315.539, 540.7073, 3.238635, 2842.489, 875.0458, 274.8783, 233.643, 931.161, 140.2371, 68.74851, 624.7412, 365.4488
92, 259.1482, 219.754, 960.3417, 336.4915, 289.1722, 297.854, 511.1954, 3.062597, 2801.24, 833.3992, 259.1071, 431.8813, 883.3208, 132.5155, 65.11274, 590.1312, 346.7187
92.09999999999999, 242.5615, 209.5233, 1556.639, 323.0428, 271.2976, 281.1602, 483.2943, 2.896127, 2877.886, 793.7347, 244.2408, 411.3047, 1135.657, 125.219, 61.66925, 557.4386, 328.9485
92.2, 227.0365, 199.769, 1445.034, 571.4638, 254.5279, 265.402, 456.916, 2.738706, 2856.617, 755.958, 301.0853, 391.7084, 1060.513, 118.3243, 58.40786, 722.7216, 312.0891
92.3, 212.5051, 190.4688, 1496.465, 541.6793, 238.7947, 250.5271, 611.6418, 2.589841, 2732.524, 719.9792, 283.8104, 373.0457, 1054.458, 111.8092, 55.31895, 732.3677, 296.0938
92.40000000000001, 198.9038, 181.6015, 1434.598, 513.4472, 224.0341, 270.868, 665.3811, 2.449069, 2646.73, 685.7128, 267.5267, 355.2722, 1319.858, 105.6528, 52.39341, 691.7953, 280.9183
92.5, 208.7033, 173.147, 1483.935, 486.6865, 210.1859, 255.6867, 629.0645, 2.315948, 2623.112, 653.0772, 252.1773, 338.3456, 1334.564, 99.8354, 49.62257, 653.4706, 266.5206
92.59999999999999, 195.3453, 165.0862, 1377.542, 461.3206, 197.1936, 241.3562, 594.7301, 2.190063, 2671.262, 621.9949, 303.0044, 322.2253, 1446.076, 94.33832, 46.99828, 617.269, 252.8608
92.7, 240.3235, 157.4006, 1305.043, 537.8752, 185.0045, 227.8289, 661.7184, 2.07102, 2593.918, 592.3918, 285.6194, 306.8732, 1350.392, 89.14392, 44.51277, 708.8874, 239.9011
92.8, 224.9417, 150.0728, 1322.047, 509.8414, 173.5688, 215.0598, 860.7075, 1.958448, 2645.765, 564.1978, 269.2319, 292.2524, 1261.04, 84.23553, 42.15871, 775.5346, 534.3249
92.90000000000001, 328.9173, 143.0862, 1227.261, 483.2687, 162.84, 387.9842, 906.9901, 1.851995, 2672.762, 537.3455, 253.7847, 278.3282, 1229.167, 79.5974, 39.92914, 732.5708, 506.9395
93, 307.8651, 136.4248, 1139.271, 657.359, 152.7743, 366.2389, 857.4864, 1.751329, 2573.229, 511.7713, 239.2237, 265.0675, 1207.613, 75.21466, 37.81748, 758.1382, 480.9576
93.09999999999999, 288.1603, 130.0735, 1057.589, 674.3878, 143.3309, 345.7123, 810.6846, 1.656134, 2618.232, 487.4142, 225.4982, 252.4386, 1127.708, 71.07323, 35.8175, 716.1381, 456.3074
93.2, 269.7167, 124.018, 981.7639, 639.239, 134.4711, 326.3362, 881.6587, 1.566114, 2550.075, 464.2164, 212.5602, 240.4113, 1053.089, 67.15984, 33.92329, 676.4648, 432.9206
93.3, 252.4536, 118.2443, 911.3749, 958.6545, 126.1591, 308.046, 833.5376, 1.480986, 2439.299, 442.1227, 200.3645, 228.9571, 983.4088, 63.46193, 32.12925, 638.9894, 410.7324
93.40000000000001, 236.2954, 112.7395, 971.0208, 908.6898, 118.3608, 290.7809, 788.043, 1.400486, 2531.673, 421.0804, 188.8685, 218.0486, 918.3387, 59.96763, 30.43009, 603.59, 389.6814
93.5, 266.5197, 107.4909, 969.0286, 861.3293, 111.0445, 362.4688, 745.0315, 1.324362, 2478.658, 401.0397, 178.0322, 207.6598, 1077.249, 56.66573, 28.8208, 643.6311, 369.7093
93.59999999999999, 249.4612, 155.4669, 912.4193, 816.4371, 104.1805, 342.1535, 792.1038, 1.252375, 2419.473, 381.9527, 167.8175, 197.766, 1164.59, 53.54563, 27.2966, 607.9746, 350.7608
93.7, 320.5727, 148.2292, 847.0021, 773.8848, 97.74082, 350.9075, 748.8706, 1.184301, 2455.594, 363.7742, 158.1889, 188.3436, 1087.531, 50.59734, 25.85302, 719.8213, 332.7835
93.8, 300.0546, 160.6309, 786.275, 733.5502, 91.69917, 331.2402, 803.9991, 1.119928, 2348.921, 346.4608, 149.1128, 179.3701, 1015.571, 47.81137, 24.48578, 679.944, 315.7275
93.90000000000001, 280.8497, 153.1527, 729.9019, 774.1391, 86.03096, 325.6991, 760.1168, 1.059053, 2395.139, 329.9715, 140.5574, 170.8242, 948.3732, 45.17881, 23.19085, 642.2758, 299.5457
94, 304.4657, 184.7059, 677.5706, 733.7913, 80.71313, 372.2784, 718.6295, 1.001488, 2382.38, 314.2669, 383.9067, 162.6854, 885.6214, 42.6912, 21.9644, 606.6944, 284.1933
94.09999999999999, 368.9846, 242.8754, 628.9911, 758.2255, 75.724, 669.6681, 679.4066, 0.9470511, 2319.653, 299.3098, 361.88, 154.9343, 827.0217, 40.34056, 20.80281, 573.0842, 269.6277
94.2, 345.3679, 231.5683, 583.8947, 718.7071, 71.04327, 632.1353, 726.2469, 0.8955734, 2357.121, 285.0646, 506.0332, 147.5526, 772.2994, 38.11936, 19.70265, 757.9227, 255.8087
94.3, 491.9355, 220.7877, 542.0316, 681.2484, 66.65186, 596.706, 837.071, 0.8468939, 2441.085, 271.4973, 537.5692, 140.5226, 721.198, 36.02045, 18.66067, 858.8138, 242.6979
94.40000000000001, 460.4493, 210.5089, 503.1698, 645.7419, 62.53191, 663.3071, 853.2394, 0.8008603, 2445.368, 258.5758, 506.726, 133.8275, 673.4778, 34.03712, 17.6738, 811.2365, 230.259
94.5, 430.9784, 200.7087, 467.0943, 612.0861, 58.66662, 684.1927, 806.6694, 0.757329, 2402.119, 246.2692, 603.3533, 127.4514, 628.9152, 32.16299, 16.73912, 766.2948, 218.4577
94.59999999999999, 403.3938, 191.3647, 433.6053, 580.1844, 55.04026, 794.4776, 762.6413, 0.7161638, 2566.619, 234.5484, 593.9763, 121.379, 587.3012, 30.39205, 15.85387, 723.8429, 207.2613
94.7, 377.5748, 182.4557, 521.2366, 553.3104, 51.63805, 809.6826, 721.0162, 0.6772362, 2455.124, 525.9352, 559.8967, 115.596, 548.4407, 28.71862, 15.01544, 721.4771, 196.6386
94.8, 353.4082, 173.9615, 483.8658, 524.472, 48.44614, 790.2039, 681.6631, 0.6404245, 2495.921, 500.904, 662.5869, 110.0885, 512.1516, 27.13733, 14.22134, 802.7582, 186.5604
94.90000000000001, 330.7885, 165.8627, 449.1743, 503.8393, 45.45154, 745.9154, 644.4578, 0.6056138, 2387.497, 527.0587, 681.7426, 104.8435, 478.2635, 25.64311, 13.46924, 758.2863, 176.9988
95, 403.2606, 158.141, 416.9701, 519.8376, 42.64204, 751.47, 708.8464, 0.5726953, 2439.862, 623.7493, 915.6974, 99.84827, 446.6179, 24.23117, 12.75692, 716.278, 167.9272
95.09999999999999, 377.4501, 150.7787, 417.8134, 492.7439, 134.2287, 709.3524, 704.7085, 0.541566, 2404.311, 594.0628, 885.1338, 95.09108, 490.7343, 22.89697, 12.08227, 804.8377, 159.3205
95.2, 353.2915, 143.7592, 387.8576, 467.0623, 125.9316, 669.5954, 775.204, 0.5121287, 2331.864, 565.7892, 834.349, 90.56054, 584.9622, 21.63623, 11.4433, 781.2539, 151.1549
95.3, 330.6793, 137.0665, 360.0496, 569.598, 118.1474, 813.6544, 732.8932, 0.4842916, 2298.685, 538.8612, 840.7607, 86.24585, 546.2565, 20.44491, 10.83812, 737.9733, 143.4079
95.40000000000001, 309.5143, 130.6854, 334.2353, 539.9108, 110.8443, 774.6159, 791.3253, 0.4579675, 2393.074, 513.2148, 792.5219, 82.13673, 646.6096, 19.31918, 10.26494, 764.1946, 136.0579
95.5, 329.2339, 124.6013, 310.2718, 511.7708, 103.9927, 731.201, 1044.831, 0.4330744, 2352.025, 488.7891, 747.0508, 78.22338, 603.8248, 18.25544, 9.722081, 761.0285, 129.0846
95.59999999999999, 341.0688, 118.8005, 288.0264, 503.198, 97.56458, 796.2004, 987.8035, 0.4095343, 2395.315, 465.5258, 808.7013, 74.49648, 563.871, 17.25027, 9.207928, 788.1846, 122.4687
95.7, 407.445, 113.2698, 290.2673, 476.9715, 91.53381, 1056.337, 1119.785, 0.3872738, 2389.357, 529.7755, 762.3019, 70.94715, 526.5608, 16.30045, 8.720965, 744.52, 116.1919
95.8, 381.3666, 179.4678, 269.4562, 523.4592, 85.87583, 997.1323, 1058.667, 0.3662232, 2414.218, 567.0852, 718.5646, 67.56693, 491.7194, 15.40292, 8.259756, 703.2744, 110.2368
95.90000000000001, 356.9574, 171.1127, 250.1371, 496.1767, 80.56758, 941.2461, 1164.002, 0.3463169, 2309.342, 540.0955, 677.3368, 64.34775, 459.1833, 14.55481, 7.822938, 750.2343, 104.5869
96, 334.1105, 163.1465, 301.4402, 604.5563, 75.58746, 888.4921, 1100.47, 0.3274926, 2303.433, 514.3904, 638.4744, 61.28195, 428.8001, 13.7534, 7.409221, 708.6721, 99.22658
96.09999999999999, 312.7259, 155.5512, 316.2217, 573.0471, 70.91516, 996.0531, 1187.198, 0.3096915, 2273.766, 489.9087, 601.8418, 58.36222, 400.4273, 12.99612, 7.017384, 669.4124, 94.14098
96.2, 292.71, 235.1425, 293.5497, 689.4025, 66.53168, 1012.152, 1122.401, 0.2928579, 2174.992, 618.1389, 567.311, 55.58159, 373.9319, 12.28054, 6.646268, 632.3276, 89.31603
96.3, 273.9752, 292.7018, 342.836, 685.3737, 62.41915, 957.6008, 1166.239, 0.2769394, 2248.771, 588.7194, 595.3507, 52.93345, 349.1896, 11.60435, 6.29478, 954.8432, 84.73837
96.40000000000001, 256.4395, 359.8195, 318.2558, 649.6523, 58.56083, 1059.984, 1159.779, 0.2618862, 2236.683, 560.7001, 561.1923, 50.41147, 326.0845, 10.9654, 5.96188, 901.9459, 80.39533
96.5, 295.4218, 343.0681, 295.438, 615.7927, 54.94101, 1000.576, 1096.478, 0.2476512, 2139.52, 570.5378, 578.4396, 48.00965, 304.5082, 10.36163, 5.646585, 851.9791, 76.27488
96.59999999999999, 296.3534, 368.3059, 274.2562, 583.6978, 51.54494, 944.4963, 1036.632, 0.2341899, 2093.602, 710.3177, 629.6632, 45.72227, 284.3595, 9.791106, 5.347965, 909.2256, 72.36561
96.7, 277.3854, 351.1594, 254.593, 553.2757, 48.35879, 891.5602, 1110.483, 0.2214603, 2144.398, 676.511, 593.5361, 43.54387, 265.5441, 9.251994, 5.065137, 945.6477, 68.6567
96.8, 259.6315, 426.1884, 254.7164, 537.7731, 121.719, 841.5909, 1049.873, 0.2094227, 2074.673, 670.6148, 559.4819, 41.46925, 247.9736, 8.742566, 4.797266, 893.2598, 65.13788
96.90000000000001, 317.8935, 406.3473, 245.9701, 597.7885, 114.1952, 794.4223, 992.5705, 0.1980394, 2125.484, 804.6856, 728.3424, 39.49348, 231.5657, 8.261189, 4.543562, 843.7742, 61.79941
97, 297.5468, 569.4724, 228.3349, 664.702, 107.1364, 749.8973, 938.3959, 0.1872748, 2033.152, 786.845, 742.2775, 37.61184, 216.2435, 7.806316, 4.303276, 920.4995, 58.63204
97.09999999999999, 278.5024, 676.0635, 236.8145, 636.6184, 100.514, 938.3325, 1002.049, 514.3187, 2028.835, 1055.977, 699.6891, 35.81985, 201.9351, 7.376489, 291.9326, 869.5048, 55.62701
97.2, 355.7832, 644.5894, 342.2262, 1101.857, 94.30091, 943.3575, 947.3567, 815.4037, 2112.014, 1535.861, 792.0743, 375.0463, 188.5735, 6.970329, 483.9751, 1146.365, 52.77599
97.3, 393.3562, 614.5806, 317.6898, 1044.428, 88.47189, 929.4684, 895.6498, 981.4126, 2020.267, 1462.764, 746.6288, 454.5949, 176.096, 6.586533, 458.38, 1149.857, 50.0711
97.40000000000001, 368.1796, 624.2075, 294.9126, 1001.064, 83.00317, 888.175, 846.7651, 928.0672, 2102.603, 1393.145, 781.7322, 524.9076, 164.4441, 6.223869, 434.1385, 1086.156, 47.50484
97.5, 402.2629, 647.6352, 273.7684, 981.0054, 77.87249, 935.4955, 800.5486, 877.6214, 2011.264, 1326.84, 736.8801, 499.8988, 312.0665, 5.881175, 411.179, 1025.984, 45.0701
97.59999999999999, 400.8595, 617.4846, 254.1402, 986.0287, 73.05895, 921.5878, 756.8545, 868.5574, 2003.05, 1263.691, 727.149, 610.092, 318.0394, 5.557349, 389.4338, 1051.209, 42.76015
97.7, 375.2027, 588.7375, 235.9192, 1054.032, 68.54295, 1024.091, 814.494, 888.3477, 2096.747, 1203.547, 815.1764, 581.0247, 749.7078, 5.251353, 368.8386, 1217.151, 355.3634
97.8, 408.6442, 561.3289, 238.7857, 1063.21, 64.30611, 966.694, 770.0388, 840.0609, 2081.061, 1146.266, 858.7805, 553.3422, 762.6225, 4.962206, 349.3325, 1149.723, 431.1279
97.90000000000001, 382.4891, 535.1962, 356.513, 1016.042, 60.33115, 912.5137, 832.1951, 794.3988, 1990.659, 1091.711, 816.357, 526.9786, 712.1614, 4.68898, 330.858, 1086.029, 409.0316
98, 367.5071, 510.2802, 410.1878, 1024.447, 56.6019, 886.5695, 786.7738, 805.8702, 1989.596, 1039.753, 1349.461, 501.8711, 843.7216, 4.430799, 313.3605, 1025.864, 388.0677
98.09999999999999, 343.9849, 648.3823, 380.7788, 997.5885, 53.10316, 836.88, 743.8315, 825.7629, 2067.646, 1132.325, 1307.249, 477.9598, 787.8943, 4.186832, 561.0053, 1232.569, 368.1783
98.2, 321.9683, 618.1969, 353.4783, 952.1744, 49.82069, 856.4462, 778.6147, 1134.943, 2091.773, 1338.172, 1344.636, 455.1877, 735.761, 90.44221, 531.3365, 1239.739, 349.3083
98.3, 494.3938, 589.4167, 353.1341, 941.4357, 46.74112, 1046.169, 736.1178, 1182.737, 2054.137, 1274.483, 1413.834, 433.5007, 687.0773, 177.3706, 503.2367, 1215.421, 331.4055
98.40000000000001, 462.7503, 561.9764, 345.3786, 894.759, 43.85191, 998.4286, 767.4324, 1228.773, 1964.904, 1213.826, 1574.508, 412.8469, 641.6148, 167.6043, 476.623, 1148.088, 314.4201
98.5, 571.005, 535.8137, 320.6162, 848.1245, 41.14129, 1023.526, 855.8508, 1182.333, 1879.548, 1156.056, 1484.171, 393.1771, 599.1605, 158.3758, 451.4167, 1100.754, 298.3054
98.59999999999999, 559.8723, 677.0173, 336.3552, 824.5008, 38.59822, 966.1609, 878.7367, 1411.199, 1964.427, 1101.035, 1525.062, 374.4445, 559.5153, 149.6554, 427.5435, 1318.164, 283.0165
98.7, 659.2023, 645.4987, 312.2397, 781.5281, 36.21235, 999.5344, 876.6836, 1334.492, 2067.921, 1048.633, 1437.562, 356.6043, 522.4933, 197.3543, 404.9328, 1245.139, 268.5112
98.8, 617.0104, 761.6878, 289.8532, 793.6475, 33.97395, 1035.511, 828.834, 1261.955, 1985.697, 998.7243, 1557.654, 339.6142, 599.5482, 321.4141, 383.5179, 1176.16, 254.7494
98.90000000000001, 577.5189, 726.2274, 269.0717, 785.3831, 31.87392, 1110.596, 941.8445, 1193.36, 1899.437, 951.1913, 1592.449, 323.4335, 616.8304, 303.7166, 363.2355, 1198.993, 241.6929
99, 540.555, 692.4179, 249.7803, 761.4948, 29.90369, 1048.35, 1019.462, 1128.494, 1873.833, 905.9207, 1534.5, 308.0238, 576.016, 286.9935, 344.0257, 1132.57, 229.3056
99.09999999999999, 505.957, 660.1824, 231.8719, 721.806, 28.05525, 989.5933, 1076.06, 1067.154, 1846.147, 862.8046, 1446.457, 293.3482, 714.7817, 271.1912, 325.8319, 1164.119, 404.1268
99.2, 473.5734, 629.4476, 215.2475, 696.9717, 26.32107, 934.1296, 1017.329, 1009.148, 1765.949, 821.7405, 1363.466, 279.3719, 667.4861, 256.2591, 308.6002, 1099.628, 383.4144
99.3, 443.2625, 600.1437, 199.815, 660.6459, 24.69409, 881.7745, 961.8029, 954.2952, 1689.235, 782.6309, 1285.237, 266.0614, 623.32, 242.1491, 292.2799, 1038.709, 397.4661
99.40000000000001, 414.8917, 572.204, 185.489, 626.2133, 23.16767, 832.3537, 909.3076, 902.4238, 1674.601, 745.3826, 1231.99, 253.3851, 622.7129, 228.816, 276.8226, 981.1661, 377.095
99.5, 388.3367, 545.5651, 172.1901, 625.1172, 21.73561, 785.7028, 859.6774, 853.3718, 1631.838, 709.9072, 1214.637, 241.3128, 581.5093, 216.2171, 262.1828, 926.8105, 357.768
99.59999999999999, 363.4814, 620.8709, 159.8447, 592.5364, 20.39206, 741.6666, 812.7561, 806.9861, 1638.921, 676.1201, 1144.947, 229.8156, 659.9556, 204.3119, 248.3173, 875.4662, 390.3344
99.7, 340.2169, 641.309, 148.3844, 561.6536, 19.13157, 700.0984, 768.3958, 763.1218, 1685.129, 643.9411, 1136.175, 218.8662, 616.2877, 193.0622, 235.185, 826.9663, 370.3289
99.8, 318.4414, 618.4373, 137.7457, 532.3804, 17.94899, 660.86, 834.0544, 721.6418, 1693.148, 613.2936, 1070.987, 208.4385, 575.5093, 182.4319, 222.7472, 781.1533, 351.3486
99.90000000000001, 298.0597, 601.9724, 127.8699, 504.633, 16.8395, 623.8208, 788.5316, 682.4164, 1714.977, 584.1047, 1009.539, 390.5779, 537.429, 172.3869, 210.9672, 737.8782, 333.3412
100, 278.9825, 573.9476, 118.702, 478.3317, 15.7986, 588.8575, 745.4935, 645.3231, 1640.477, 556.305, 951.6161, 502.9664, 534.8448, 162.8951, 199.8101, 697.0005, 399.3095
100.1, 261.1264, 612.0087, 110.1915, 453.4012, 14.82204, 555.8539, 741.4305, 610.2461, 1659.568, 529.8284, 897.0169, 479.0029, 549.0684, 153.9258, 189.2431, 658.3874, 378.844
100.2, 244.4131, 583.5166, 102.2912, 528.8749, 13.90585, 524.7, 700.9631, 577.0757, 1601.68, 794.4576, 845.5504, 456.1812, 512.7377, 145.4505, 179.235, 621.9135, 359.4273
100.3, 228.7695, 622.4402, 94.95727, 501.3102, 13.04628, 495.2921, 719.9503, 545.7084, 1532.102, 756.6465, 797.0367, 434.4467, 518.6074, 137.4418, 169.7561, 664.8312, 341.0058
100.4, 214.1272, 593.4625, 88.14917, 475.1821, 12.23985, 467.5325, 836.3506, 516.046, 1580.036, 720.6349, 751.3065, 413.7479, 484.2922, 129.874, 160.7786, 628.0003, 323.5285
100.5, 200.4221, 610.1182, 81.82919, 450.4158, 11.48327, 441.3287, 790.7025, 487.996, 1511.398, 765.3228, 769.0427, 394.0352, 598.9169, 122.723, 152.2758, 664.3978, 306.9469
100.6, 187.5942, 618.2326, 75.96233, 426.9403, 10.77345, 416.5936, 747.5458, 461.4706, 1445.742, 909.4986, 724.9186, 375.2617, 559.2878, 115.9657, 144.2227, 680.289, 484.2452
100.7, 175.5873, 589.4508, 70.5161, 404.6884, 10.10751, 393.2448, 706.7446, 436.387, 1488.047, 866.2122, 683.3262, 357.3826, 639.933, 109.5804, 136.5954, 642.6017, 459.4265
100.8, 164.3489, 562.0089, 65.46034, 446.1127, 9.482738, 371.2046, 668.1704, 412.6669, 1442.001, 868.5076, 644.1202, 340.3554, 663.2402, 103.5468, 129.3716, 607.0023, 435.8798
100.9, 153.8298, 535.8446, 60.76707, 422.8615, 8.896582, 350.3997, 631.7015, 390.2361, 1379.36, 827.1721, 607.1637, 431.6108, 698.9144, 97.84536, 122.5297, 573.375, 413.5399
101, 143.984, 510.8984, 56.41028, 400.8221, 8.346657, 330.7609, 746.438, 369.0245, 1394.525, 787.804, 572.3275, 411.0471, 652.6687, 92.45786, 116.0497, 608.7571, 392.345
101.1, 134.7684, 487.1135, 52.36586, 379.9314, 7.830724, 312.2227, 705.6973, 348.9659, 1349.547, 825.4266, 539.4901, 391.463, 609.483, 87.367, 109.9124, 575.0326, 372.2364
101.2, 126.1426, 464.436, 48.61142, 360.1295, 7.346683, 294.7236, 933.928, 329.9976, 1290.922, 786.1415, 508.5367, 372.812, 569.1548, 82.55645, 104.0997, 543.1764, 353.1584
101.3, 118.0689, 442.8142, 45.12615, 356.5433, 6.892562, 278.2052, 882.954, 312.0603, 1234.843, 821.9601, 479.3593, 355.0497, 601.6608, 78.01077, 98.59438, 513.085, 335.0582
101.4, 110.5119, 525.7506, 41.89076, 337.9604, 6.466512, 262.6126, 834.7623, 295.0981, 1322.98, 814.0584, 518.1838, 338.1336, 613.4747, 73.71539, 93.38021, 484.6606, 317.8857
101.5, 103.4386, 501.2743, 38.88734, 324.5914, 6.066797, 247.894, 789.2008, 279.0578, 1328.499, 843.6037, 721.2883, 322.0235, 572.8823, 69.65652, 88.44179, 457.8109, 301.5933
101.6, 181.9608, 477.9375, 36.09926, 319.7569, 5.69179, 234.0003, 746.1261, 263.8894, 1370.555, 1042.383, 980.5827, 386.2528, 579.8901, 65.82113, 83.76453, 528.2802, 385.5754
101.7, 345.1133, 641.9282, 33.51107, 303.0913, 5.339962, 220.8853, 705.4024, 249.5455, 1579.958, 992.7719, 1408.557, 636.0919, 646.6121, 62.19693, 79.33464, 499.014, 365.8138
101.8, 323.0245, 612.0432, 31.10844, 307.2904, 5.009883, 208.5053, 666.9014, 235.9812, 1849.856, 1082.853, 1743.321, 605.7858, 603.8271, 58.77228, 75.13902, 695.9922, 347.065
101.9, 446.5272, 583.5496, 121.5835, 291.2745, 4.700207, 196.8192, 630.5018, 223.1543, 2154.277, 1031.316, 1938.609, 682.8779, 563.8731, 55.53619, 71.16528, 657.4349, 329.2771
102, 473.6431, 556.3824, 112.8664, 318.3133, 4.409673, 185.7881, 596.0889, 211.0246, 2269.579, 982.2319, 1962.668, 650.3427, 526.5628, 52.47829, 67.4017, 621.0137, 487.4329
102.1, 443.3278, 592.3908, 121.8545, 301.7229, 4.137097, 175.3753, 563.5543, 199.5542, 2278.9, 935.4839, 1850.06, 619.3576, 586.9564, 49.58876, 63.83715, 586.6102, 462.4508
102.2, 414.9528, 564.8121, 113.118, 285.9973, 3.881371, 233.3329, 532.7955, 188.7073, 2179.904, 890.9609, 1808.708, 589.8488, 548.1187, 46.85834, 60.46112, 554.1127, 438.7491
102.3, 388.3939, 538.5173, 105.0078, 271.0912, 3.641451, 262.9676, 503.7154, 178.45, 2177.587, 848.5568, 1868.445, 561.7458, 511.8509, 44.27825, 57.26362, 523.4154, 416.2621
102.4, 428.5441, 513.4466, 97.47913, 256.962, 3.416362, 248.2291, 476.2226, 168.7502, 2142.696, 808.1709, 1836.762, 534.9819, 477.9828, 41.84023, 54.23523, 494.4187, 394.9277
102.5, 401.1153, 489.5431, 90.49023, 243.5692, 3.205186, 393.6579, 450.2303, 159.5776, 2049.615, 769.7071, 1731.377, 509.4931, 446.3557, 39.53645, 51.36699, 467.0284, 374.6868
102.6, 375.4421, 482.8178, 84.0024, 230.8745, 3.007064, 371.5946, 425.6566, 150.9037, 2063.535, 733.0739, 1632.039, 485.2187, 416.8212, 158.1959, 48.65044, 441.1555, 355.4832
102.7, 404.2047, 460.3403, 77.97972, 218.8414, 2.821188, 350.7679, 402.4242, 142.7012, 1973.893, 1078.722, 1538.4, 462.1008, 389.2411, 149.4854, 46.07756, 416.716, 337.2638
102.8, 378.3337, 595.6953, 72.38885, 207.4355, 2.646802, 466.2392, 380.4598, 134.9445, 2188.311, 1179.12, 1450.134, 440.0843, 470.2952, 167.918, 43.64074, 393.6304, 319.9782
102.9, 456.2155, 567.9626, 67.19882, 196.624, 2.483195, 440.1079, 359.6943, 127.6095, 2389.732, 1251.264, 1366.932, 419.1168, 456.3715, 158.6722, 41.3328, 371.8237, 303.5786
103, 427.0156, 541.5212, 62.38091, 186.3761, 2.329701, 415.4412, 340.0621, 120.6732, 2326.34, 1191.712, 1397.717, 399.1483, 458.7657, 149.9355, 39.14691, 351.225, 288.0195
103.1, 399.6847, 516.3107, 57.90842, 176.6622, 2.185695, 392.157, 321.5015, 114.1139, 2397.322, 1134.994, 1560.991, 860.7487, 540.2537, 141.6798, 37.07662, 331.7675, 273.2578
103.2, 374.103, 492.2738, 53.75659, 167.4546, 2.050591, 370.1778, 303.9539, 107.9112, 2441.424, 1080.975, 1471.428, 836.9232, 504.5063, 133.8787, 35.11582, 313.388, 259.2527
103.3, 350.1587, 469.356, 49.90243, 158.727, 1.923837, 349.4305, 287.364, 102.0456, 2519.536, 1029.528, 1387.005, 1134.217, 471.1242, 149.662, 33.25871, 296.0266, 245.9654
103.4, 327.7469, 447.5052, 46.3246, 150.4542, 1.804919, 329.8459, 271.6797, 96.49884, 2661.512, 1066.535, 1307.425, 1312.959, 439.9509, 141.4214, 31.49982, 279.627, 233.3591
103.5, 306.7696, 426.6716, 43.00329, 142.6126, 1.693352, 311.3591, 256.8513, 91.25358, 2675.203, 1093.617, 1232.411, 1250.404, 410.8403, 191.7717, 29.83395, 264.136, 221.3989
103.6, 287.1349, 406.8079, 39.92011, 135.1797, 1.58868, 293.9083, 242.8324, 86.29342, 2628.28, 1179.892, 1192.748, 1278.239, 383.6558, 181.2124, 28.25618, 249.5032, 210.0517
103.7, 268.757, 387.869, 121.2144, 128.1341, 1.490479, 277.4357, 229.5785, 81.60287, 2582.215, 1288.069, 1124.313, 1217.339, 358.2701, 255.9376, 26.76185, 235.681, 199.286
103.8, 251.5553, 369.8118, 112.5238, 121.4558, 123.4037, 261.8862, 217.0481, 77.16729, 2584.062, 1323.684, 1071.886, 1190.806, 334.5641, 307.9525, 25.34654, 222.6245, 332.0841
103.9, 235.4546, 352.5952, 104.4562, 115.1256, 137.2055, 247.2083, 205.2016, 72.9728, 2576.742, 1391.003, 1220.754, 1134.071, 312.4268, 589.1464, 24.00609, 210.2913, 416.2745
104, 220.3844, 336.1801, 96.96708, 109.1253, 128.7244, 233.353, 194.0017, 69.00631, 2521.733, 1460.877, 1150.713, 1080.039, 291.7542, 556.7072, 22.73652, 198.6414, 648.7453
104.1, 206.2788, 320.5293, 90.01488, 103.4377, 120.7675, 220.2743, 183.413, 65.25542, 2526.113, 1473.431, 1084.691, 1135.036, 272.4494, 526.0541, 21.5341, 187.6369, 615.4955
104.2, 193.076, 305.607, 83.56113, 98.0466, 167.6255, 207.9286, 173.4023, 61.70841, 2416.377, 1403.305, 1022.456, 1080.958, 254.422, 517.6828, 20.39527, 177.242, 583.95
104.3, 232.6976, 291.3795, 77.5701, 92.93645, 157.2641, 196.2748, 163.938, 58.35421, 2364.271, 1336.517, 963.7925, 1029.456, 558.9603, 489.1785, 19.31666, 167.423, 554.0211
104.4, 217.8039, 277.8143, 72.0086, 175.8103, 147.5431, 225.151, 154.9902, 55.18232, 2261.565, 1314.245, 1061.209, 1051.811, 969.4574, 462.2436, 18.2951, 158.1479, 525.6262
104.5, 333.7236, 264.8807, 138.5122, 166.6471, 138.423, 212.532, 146.5308, 52.18284, 2394.58, 1251.696, 1385.971, 1208.607, 1133.154, 510.0431, 17.32756, 149.3867, 498.6866
104.6, 312.3638, 252.5492, 128.5813, 157.9616, 154.1193, 200.6202, 138.5332, 49.34641, 2290.558, 1240.075, 1306.451, 1151.023, 1058.176, 481.9594, 16.41119, 141.1108, 473.1278
104.7, 352.6524, 240.7917, 132.5573, 149.7287, 144.5927, 198.287, 130.972, 46.66415, 2313.573, 1181.055, 1339.282, 1096.184, 988.1588, 455.4221, 15.54328, 133.2934, 448.8788
104.8, 463.644, 229.5817, 123.0535, 141.9249, 135.655, 187.1736, 123.8235, 44.12768, 2401.626, 1344.052, 1262.44, 1043.957, 1022.363, 430.3459, 14.72127, 125.9091, 425.8727
104.9, 584.4288, 410.4081, 118.3618, 134.5278, 127.2697, 193.6809, 117.0652, 41.72909, 2297.298, 1280.084, 1223.074, 994.2184, 954.7156, 478.2575, 13.94273, 118.9339, 404.0457
105, 723.4274, 391.3015, 153.346, 127.5163, 119.4028, 195.4382, 110.6758, 39.46087, 2563.87, 1262.288, 1152.9, 946.8497, 891.5441, 509.747, 13.20537, 112.3451, 383.3374
105.1, 677.1248, 373.0845, 207.7619, 120.8702, 112.0221, 184.4845, 104.6351, 37.31595, 2969.939, 1328.056, 1102.295, 901.7377, 832.5525, 481.6797, 12.507, 106.1213, 363.6905
105.2, 681.9338, 516.8079, 415.4625, 114.5705, 105.0977, 249.3978, 98.92409, 35.28761, 3322.879, 1264.849, 1089.843, 858.7751, 777.4642, 455.1577, 11.84557, 100.2423, 345.0505
105.3, 638.2869, 492.7479, 416.3727, 108.5991, 98.6013, 235.4198, 93.5248, 33.36953, 3703.698, 1204.65, 1027.313, 817.8594, 726.0211, 430.0961, 11.21912, 94.68896, 327.3658
105.4, 597.4336, 469.808, 665.8293, 102.939, 92.50645, 222.2253, 88.4202, 31.5557, 3931.334, 1147.317, 968.371, 778.8931, 677.9818, 406.4144, 10.62579, 89.44329, 310.5876
105.5, 559.1951, 447.9361, 618.0917, 199.7865, 86.78834, 209.7702, 83.59421, 29.84047, 4070.673, 1092.712, 912.8104, 741.7833, 633.1212, 456.4889, 10.06384, 84.48823, 294.6693
105.6, 523.404, 427.0825, 595.4442, 189.3737, 81.42368, 198.0132, 79.03162, 28.21847, 4147.565, 1040.706, 901.0981, 806.1631, 672.4727, 543.0616, 9.531617, 79.80767, 279.5667
105.7, 489.9037, 407.1996, 552.753, 210.4641, 76.39063, 186.9152, 74.71806, 26.68463, 4067.261, 991.1746, 849.3974, 767.754, 755.2695, 513.1599, 9.027536, 75.38641, 265.2383
105.8, 458.5476, 388.2425, 513.1226, 199.4948, 71.66869, 208.3663, 70.63994, 25.23417, 3894.223, 944.0009, 820.5315, 779.4219, 705.2949, 484.9046, 8.550114, 71.21008, 251.6442
105.9, 429.1985, 370.1678, 489.7253, 189.0972, 67.23863, 196.688, 66.7844, 23.86255, 3900.923, 899.0724, 789.849, 864.0613, 658.627, 458.2051, 8.097939, 67.26512, 238.7468
106, 401.7278, 352.9347, 495.8936, 179.2415, 63.08241, 185.6642, 63.1393, 22.56548, 3902.231, 856.2823, 744.5312, 869.8934, 646.638, 432.9757, 7.669679, 63.5387, 226.5105
106.1, 376.0154, 336.5038, 460.3398, 169.8995, 59.18309, 175.2583, 59.69315, 21.33892, 4051.322, 938.271, 780.9315, 1049.38, 879.6836, 409.1354, 7.264067, 60.01873, 214.9013
106.2, 389.7882, 320.8379, 440.2422, 161.0444, 55.5248, 165.4356, 56.43509, 20.17903, 4101.055, 893.6152, 808.5961, 1062.868, 871.7556, 386.6079, 6.879906, 56.69375, 203.8871
106.3, 415.6286, 305.9013, 408.6784, 291.1099, 52.09264, 156.1635, 53.35485, 19.08218, 4563.775, 962.8817, 782.0936, 1067.912, 957.4935, 365.3207, 6.516062, 53.55298, 193.4374
106.4, 389.0265, 291.66, 460.2805, 275.9374, 48.87264, 147.411, 50.44273, 18.04495, 4970.947, 917.0546, 737.2208, 1171.277, 939.4136, 345.2056, 6.171459, 50.5862, 183.5233
106.5, 364.127, 278.0818, 512.3705, 261.5556, 45.85167, 139.149, 47.68956, 17.06411, 5128.801, 873.4086, 831.0372, 1115.472, 877.2546, 326.1981, 5.845081, 47.78378, 174.1173
106.6, 456.4545, 265.1357, 570.2463, 247.9235, 43.01744, 155.1567, 45.08665, 16.13658, 5031.026, 831.8399, 783.3563, 1062.326, 992.8109, 308.2372, 5.535963, 45.13661, 165.1934
106.7, 427.2393, 252.7923, 546.5402, 235.0018, 90.0418, 146.4606, 42.62582, 15.25946, 5052.805, 792.2496, 738.411, 1011.712, 927.1187, 291.2652, 5.243193, 42.63609, 156.7268
106.8, 399.894, 241.0236, 507.3552, 222.7536, 84.47604, 214.8153, 40.29929, 14.43002, 5010.161, 754.5436, 696.0445, 1051.591, 865.7732, 275.2277, 4.965906, 40.27409, 148.6942
106.9, 374.299, 229.8027, 543.8431, 408.3787, 79.25432, 330.3992, 38.09975, 13.64567, 5003.385, 718.6321, 656.1088, 1148.32, 808.4868, 260.0733, 4.703284, 38.04295, 141.0733
107, 350.3421, 219.1043, 504.8514, 598.9631, 74.35537, 578.2307, 36.02026, 12.90395, 4885.41, 684.4297, 618.4644, 1894.724, 754.991, 245.7533, 4.45455, 35.93541, 133.8429
107.1, 327.9186, 208.9039, 468.6554, 699.4696, 69.75924, 550.2407, 34.05427, 12.20254, 4742.526, 651.8552, 582.9798, 2490.12, 705.0348, 232.2218, 4.218971, 33.94463, 126.9832
107.2, 306.9303, 199.1784, 435.0544, 663.0135, 65.4472, 519.4014, 32.19558, 11.53926, 4536.508, 620.8311, 549.5312, 2464.845, 658.3842, 219.4353, 3.99585, 32.06413, 120.475
107.3, 287.2853, 189.9056, 563.1856, 655.046, 61.40171, 570.5275, 30.43834, 10.91204, 4339.439, 591.2834, 518.0017, 2793.298, 614.8203, 207.3529, 3.784529, 30.28781, 114.3003
107.4, 385.7878, 181.0646, 522.8072, 620.9052, 57.60629, 538.5512, 28.77701, 10.31891, 4728.172, 907.6917, 601.2322, 2792.68, 823.0505, 300.481, 3.584384, 28.6099, 108.4422
107.5, 361.0956, 172.6351, 485.3238, 642.3637, 54.04546, 508.367, 314.5625, 9.758016, 4794.142, 864.4913, 566.7363, 3055.805, 1101.443, 283.9361, 3.394823, 27.02494, 102.8843
107.6, 337.9838, 227.9741, 450.5278, 608.884, 50.70475, 490.3898, 297.3936, 9.227612, 4674.876, 823.347, 534.2197, 3571.736, 1298.545, 268.3022, 3.215288, 25.52779, 97.61121
107.7, 316.3513, 217.3608, 418.2265, 577.1492, 47.57053, 462.905, 281.1618, 8.726038, 4697.017, 953.0839, 503.5687, 3578.911, 1396.966, 253.5291, 3.045247, 24.11357, 92.6084
107.8, 327.6671, 207.2415, 388.2412, 712.723, 44.63005, 436.9605, 265.816, 8.251728, 4553.004, 907.7231, 617.436, 3622.862, 1524.438, 239.5694, 2.884199, 22.77771, 87.862
107.9, 326.1219, 354.1742, 410.9847, 685.3325, 41.87133, 568.8716, 251.3077, 7.803199, 4658.399, 864.5213, 582.0104, 3679.344, 2225.491, 226.3784, 2.731668, 215.6873, 83.35886
108, 305.2486, 337.6856, 428.4828, 800.8681, 39.28314, 536.9881, 237.5913, 7.379051, 4463.197, 823.3755, 548.6174, 4277.548, 2512.782, 213.9137, 2.587203, 203.7385, 79.08652
108.1, 285.7113, 321.9647, 397.7621, 759.1272, 36.85493, 559.9173, 224.6235, 6.977957, 4594.287, 1122.141, 676.9508, 4474.116, 2696.283, 202.1353, 2.450378, 192.4516, 75.03315
108.2, 267.4244, 306.9756, 369.244, 719.5618, 34.57681, 528.5356, 335.8358, 6.598665, 4520.507, 1068.735, 638.1106, 4477.788, 2609.81, 191.0054, 2.32079, 233.1406, 71.18752
108.3, 250.308, 292.6844, 342.7705, 682.0585, 32.43951, 581.8989, 398.7629, 6.239989, 4423.888, 1017.87, 601.4988, 4363.104, 2717.365, 180.4884, 2.198055, 328.9495, 67.53899
108.4, 234.2872, 279.0585, 499.3271, 646.5098, 30.43433, 568.9201, 410.4375, 5.90081, 4594.333, 969.4255, 566.9877, 4460.754, 2737.935, 170.5505, 2.08181, 532.0802, 64.07746
108.5, 342.347, 266.0669, 514.6214, 743.5657, 28.55309, 537.0339, 484.8859, 5.580067, 4554.315, 923.287, 802.8155, 4402.029, 2556.772, 222.154, 1.971713, 502.6035, 60.79334
108.6, 439.4898, 253.6802, 477.7249, 704.8113, 26.78814, 506.9348, 527.4744, 5.276759, 4513.705, 879.3444, 943.4271, 4348.183, 2569.716, 209.9219, 1.867439, 474.7598, 57.67754
108.7, 411.3605, 241.8701, 443.4737, 668.0768, 25.13228, 478.5226, 518.7712, 4.989936, 4504.713, 837.4932, 1052.396, 4377.184, 2685.683, 198.3633, 1.768679, 448.4586, 54.72142
108.8, 395.2571, 230.6098, 411.6782, 633.257, 23.57878, 451.7029, 648.9551, 4.718705, 4481.776, 797.6338, 992.0144, 4395.09, 2507.977, 187.4411, 1.675143, 423.6145, 51.91682
108.9, 369.9589, 219.8738, 382.1623, 600.2518, 22.1213, 426.3863, 613.5351, 4.462216, 4364.988, 759.6715, 1050.561, 4260.069, 2559.751, 177.1204, 1.586552, 400.1467, 49.25596
109, 346.2798, 209.6376, 636.1193, 568.9669, 20.75391, 402.4886, 580.0483, 4.219669, 4415.05, 723.516, 1080.193, 4154.593, 2636.463, 167.3679, 1.502647, 377.979, 46.73148
109.1, 324.1163, 199.8779, 590.5118, 539.3126, 19.47105, 379.9304, 548.3892, 3.990306, 4419.012, 689.0812, 1018.216, 4184.395, 2554.954, 158.1523, 1.42318, 357.0394, 44.33638
109.2, 326.8253, 190.5726, 548.1743, 511.2038, 18.26748, 358.6364, 518.458, 3.77341, 4376.414, 656.2853, 959.7958, 4071.56, 2451.564, 149.4443, 1.347915, 337.2598, 42.06404
109.3, 305.907, 181.7005, 508.8721, 484.5601, 17.13832, 338.5359, 682.4478, 3.568303, 4515.144, 625.0503, 980.2126, 3983.513, 2306.654, 141.2157, 1.27663, 318.5759, 39.90816
109.4, 303.5469, 173.2414, 472.3878, 459.305, 16.07894, 319.562, 645.1996, 3.374345, 4354.164, 595.3019, 942.3992, 3793.722, 2229.802, 133.4401, 1.209115, 300.9272, 37.86277
109.5, 557.7472, 165.1762, 438.5193, 435.3662, 15.08505, 494.9627, 734.0339, 3.19093, 4285.898, 566.9693, 1060.72, 3838.98, 2174.304, 232.7597, 1.145171, 284.2561, 35.92221
109.6, 522.0488, 157.4864, 407.079, 412.675, 14.1526, 628.4202, 693.9702, 3.017485, 4150.468, 539.9852, 999.8613, 3800.644, 2115.169, 219.9436, 1.084609, 268.5086, 34.08112
109.7, 488.6353, 150.1546, 377.8929, 391.1666, 13.27779, 1138.272, 656.0932, 2.853467, 4301.839, 514.2853, 1197.818, 3889.016, 2039.514, 332.7433, 1.027249, 253.6335, 32.33438
109.8, 457.3604, 143.1642, 350.7993, 370.7791, 12.45704, 1278.718, 620.2835, 2.698365, 4363.289, 489.8086, 1129.092, 3720.006, 1959.091, 314.422, 0.9729227, 239.5825, 30.67716
109.9, 428.0872, 136.4992, 325.6482, 351.4543, 11.68704, 1373.254, 586.4283, 2.551693, 4318.396, 466.4968, 1064.31, 3714.252, 1829.462, 351.6566, 0.9214696, 226.3099, 29.10489
110, 400.6877, 130.1445, 302.3004, 493.8759, 10.96463, 1296.287, 638.3361, 2.412994, 4299.648, 444.2945, 1003.245, 3657.861, 1708.411, 391.6353, 0.8727375, 213.7726, 27.61319
110.1, 375.0418, 124.0856, 280.6265, 468.1353, 10.28687, 1230.277, 658.2887, 2.281834, 4382.15, 781.9517, 945.6839, 3648.361, 1595.369, 370.0714, 0.8265827, 201.9298, 26.19795
110.2, 351.0374, 118.3088, 260.5066, 443.7362, 9.651006, 1175.142, 758.6295, 2.157803, 4329.404, 744.7358, 891.425, 3605.327, 1532.171, 349.6947, 0.7828688, 190.7431, 24.85525
110.3, 328.5694, 112.8009, 241.8292, 420.6089, 9.054447, 1109.279, 717.2234, 2.040514, 4386.726, 709.2911, 840.2793, 3526.185, 1430.791, 330.44, 0.7414667, 180.1761, 23.58136
110.4, 307.5395, 181.7688, 224.4909, 398.6869, 8.494764, 1047.107, 678.0772, 1.929601, 4433.202, 675.5333, 792.0681, 3583.1, 1336.119, 480.5129, 0.7022542, 170.1945, 22.37276
110.5, 287.8555, 173.3066, 208.3957, 377.9075, 7.969677, 988.4197, 641.0676, 1.824716, 4360.628, 824.361, 746.6229, 3412.385, 1436.681, 454.0552, 0.6651154, 160.7659, 21.2261
110.6, 300.9839, 177.0641, 193.4545, 358.2111, 7.477047, 1047.804, 606.0781, 1.725532, 4382.338, 785.1266, 703.7852, 3316.575, 1341.619, 429.0543, 0.6299406, 151.8597, 20.13821
110.7, 281.7196, 193.774, 179.5845, 339.5413, 7.014868, 1052.642, 572.9982, 1.631739, 4415.686, 747.7596, 663.4053, 3317.325, 1252.847, 428.1235, 0.5966262, 143.4468, 19.10608
110.8, 263.6883, 210.2245, 166.7089, 321.8445, 6.581257, 993.6443, 541.7239, 1.543045, 4321.609, 758.0153, 625.3423, 3456.365, 1169.948, 404.5504, 0.5650735, 135.5, 18.12685
110.9, 246.811, 200.4375, 154.7565, 305.0701, 6.17445, 937.9536, 620.2189, 1.459172, 4378.163, 991.7199, 589.4631, 3405.771, 1092.536, 382.2753, 0.5351895, 127.9934, 17.1978
111, 294.6926, 340.8256, 143.661, 289.17, 5.792789, 885.3842, 586.3673, 1.379857, 4354.646, 1026.865, 555.6425, 3386.032, 1020.245, 401.5197, 0.5068859, 120.9027, 16.31638
111.1, 275.8309, 324.9585, 133.361, 274.0985, 5.434719, 835.761, 787.5324, 1.304854, 4364.461, 1096.458, 523.7624, 3283.125, 952.7373, 379.4115, 0.4800792, 114.2049, 15.48012
111.2, 258.1765, 309.83, 123.7995, 259.8126, 5.098782, 891.7914, 744.5488, 1.233928, 4263.825, 1044.274, 493.7114, 3242.692, 889.6967, 358.5206, 0.4546902, 107.878, 14.68673
111.3, 241.652, 295.4059, 114.9235, 246.2713, 4.783611, 841.8092, 703.9112, 1.166857, 4226.99, 1047.082, 465.3846, 3088.197, 830.8273, 376.1538, 0.4306439, 101.9017, 13.934
111.4, 277.1915, 472.9872, 106.6839, 233.4357, 4.487921, 794.6284, 665.4916, 1.103431, 4455.582, 1175.208, 438.683, 3037.941, 775.8532, 565.5228, 0.4078692, 96.25646, 13.21985
111.5, 419.0346, 450.9673, 99.03502, 221.2691, 4.210509, 750.0919, 629.169, 1.043454, 4309.938, 1455.52, 413.5135, 3123.218, 724.5167, 534.3843, 0.386299, 90.92396, 12.5423
111.6, 433.6558, 429.9725, 91.93456, 209.7367, 3.950245, 708.0515, 594.8289, 424.8188, 4239.763, 1478.025, 389.788, 3247.03, 676.5769, 504.9604, 0.3658696, 85.88686, 11.89948
111.7, 405.8998, 534.2496, 85.34317, 281.5492, 3.706068, 728.3024, 562.363, 629.4638, 4350.439, 1407.68, 367.4238, 3169.229, 631.8093, 613.972, 0.3465205, 81.12882, 11.2896
111.8, 379.9203, 870.4556, 79.22437, 266.875, 3.476985, 745.2072, 531.6692, 889.827, 4303.577, 1514.962, 346.3428, 3398.389, 590.0038, 580.1659, 0.3281947, 76.63437, 10.71098
111.9, 355.6037, 829.9316, 73.54426, 252.9655, 45.37341, 719.2939, 502.6506, 902.8108, 4267.777, 1442.859, 326.4713, 3236.475, 550.9645, 743.085, 0.3108381, 72.38891, 10.16202
112, 373.6575, 791.2941, 68.27139, 275.17, 42.56874, 678.9797, 475.2159, 853.7379, 4341.928, 1411.73, 307.7399, 3196.881, 514.5083, 757.0778, 0.2943994, 68.37864, 9.641192
112.1, 349.7417, 754.4554, 63.37658, 260.8282, 39.93744, 640.9249, 449.2785, 807.3323, 4153.312, 1489.924, 290.0833, 3183.448, 480.4644, 749.5034, 0.2788301, 64.59054, 9.147058
112.2, 351.376, 719.3318, 58.8327, 247.2339, 37.46878, 605.0031, 424.7568, 763.4492, 4196.908, 1419.013, 273.4397, 3233.674, 448.6731, 708.2347, 0.2640841, 61.01229, 8.67825
112.3, 328.8863, 685.8433, 54.6146, 234.3482, 35.15272, 571.0945, 401.5735, 721.9513, 4084.428, 1351.477, 257.751, 3220.725, 418.9853, 789.0391, 0.250118, 57.63227, 8.233469
112.4, 307.8361, 653.9139, 50.69893, 222.1341, 32.97982, 539.0864, 379.6556, 761.9514, 4028.408, 1287.155, 242.9625, 3197.692, 391.2619, 745.5935, 0.2368905, 54.43951, 7.811484
112.5, 288.1331, 623.4709, 47.064, 210.5565, 30.94124, 508.8722, 358.9339, 815.9331, 4064.822, 1225.895, 229.0224, 3102.393, 365.373, 872.1563, 0.2243625, 51.42361, 7.411127
112.6, 414.8896, 594.4453, 43.68967, 199.5824, 29.02867, 622.7632, 339.3433, 771.5825, 3965.473, 1284.841, 215.8822, 3084.761, 341.197, 833.9098, 0.2124971, 48.5748, 7.031289
112.7, 388.3348, 566.7709, 40.55728, 189.1802, 27.23432, 587.8592, 320.8219, 729.6425, 3929.573, 1359.964, 203.4959, 3044.635, 318.6207, 888.5653, 0.2012591, 45.88381, 6.670919
112.8, 363.4796, 540.3849, 37.64946, 179.3202, 25.55088, 554.9115, 557.9126, 689.9822, 3950.743, 1295.238, 191.8203, 2949.113, 297.5382, 935.6707, 0.1906155, 43.34189, 6.329019
112.9, 340.2152, 594.3522, 34.95013, 169.9741, 23.9715, 523.8104, 527.4617, 720.7629, 4034.531, 1233.593, 180.8146, 2960.592, 277.8508, 884.1513, 0.1805348, 40.9408, 6.004642
113, 373.4814, 566.6821, 32.44433, 161.1151, 22.48975, 494.4525, 498.6727, 681.5853, 3899.904, 1397.898, 170.4403, 2891.677, 259.466, 835.4687, 0.1709872, 38.67272, 5.696889
113.1, 349.5768, 597.5868, 30.11819, 152.7179, 21.09959, 466.7399, 471.4551, 831.3566, 3787.164, 1331.367, 160.6612, 2923.471, 242.2977, 789.4666, 0.1619445, 36.53029, 5.404911
113.2, 426.2391, 569.7662, 27.95882, 144.7583, 19.79536, 440.5805, 445.723, 786.1676, 3886.168, 1379.271, 151.4433, 2908.085, 226.2653, 745.9975, 0.15338, 34.50655, 5.127896
113.3, 398.9579, 655.6478, 25.95427, 137.2135, 18.57175, 415.8873, 421.3954, 743.4349, 3776.844, 1469.631, 142.7542, 2817.027, 211.2938, 801.314, 0.1452685, 32.59492, 4.865079
113.4, 373.4227, 662.4042, 24.09344, 130.062, 17.42377, 392.5781, 465.7263, 703.0249, 3807.034, 1445.924, 134.5636, 2811.348, 197.313, 888.2722, 0.137586, 30.7892, 4.615733
113.5, 349.5219, 631.566, 22.36603, 192.4035, 16.34676, 370.5753, 440.3069, 664.8115, 3763.834, 1453.877, 126.843, 2779.407, 184.2572, 885.9297, 0.1303097, 29.08351, 4.379166
113.6, 377.6662, 661.1273, 20.76246, 219.1252, 15.33631, 349.8057, 454.093, 628.6752, 3722.01, 1384.682, 119.5653, 2804.814, 172.0653, 837.1492, 0.1234183, 27.47231, 4.154723
113.7, 353.4938, 642.6124, 19.27387, 207.7045, 14.38833, 330.2001, 518.0225, 594.5031, 3612.376, 1318.78, 112.7053, 2905.063, 160.6801, 791.0546, 0.1168913, 25.95038, 3.941784
113.8, 330.8686, 612.6956, 17.892, 218.3652, 13.49894, 311.6934, 489.7488, 562.1884, 3739.442, 1453.593, 106.2388, 3075.018, 150.0482, 817.7916, 0.1107095, 24.51275, 3.739758
113.9, 432.7086, 584.1715, 16.60921, 252.5397, 12.66453, 294.2239, 463.0182, 531.6302, 3611.732, 1549.642, 100.1433, 3139.934, 140.1198, 772.7628, 0.1048546, 23.15477, 3.548087
114, 405.0133, 612.2776, 15.41838, 239.3774, 11.8817, 277.7336, 437.7466, 502.7331, 3524.939, 1475.889, 94.39754, 3012.961, 130.8484, 762.9766, 0.09930935, 21.87202, 3.366239
114.1, 379.0906, 583.773, 14.31294, 226.9011, 11.14725, 262.1674, 413.8543, 475.4067, 3565.245, 1539.619, 88.98146, 3022.336, 122.1904, 830.2574, 0.09405736, 20.66034, 3.193711
114.2, 354.827, 556.5955, 13.28675, 215.0751, 10.45821, 247.4738, 391.2661, 449.5656, 3571.038, 1520.951, 83.87613, 2992.89, 114.1054, 784.5423, 0.08908313, 19.51578, 3.030026
114.3, 332.1165, 530.6832, 12.33414, 265.5228, 9.811755, 233.6036, 369.9107, 425.1291, 3547.612, 1486.433, 79.06371, 3009.697, 106.5552, 776.4263, 0.08437195, 18.43462, 2.87473
114.4, 310.8595, 505.9772, 11.44983, 251.6838, 9.20526, 220.5108, 349.7209, 402.0209, 3418.555, 1447.528, 74.52741, 3110.533, 99.50471, 733.6752, 0.07990994, 17.41336, 2.727393
114.5, 290.963, 624.7982, 10.62891, 238.5662, 8.636255, 208.1519, 330.6331, 380.1688, 3413.872, 1421.491, 70.25138, 2986.087, 92.92069, 725.2104, 0.07568389, 16.44868, 2.587608
114.6, 272.3401, 595.7108, 9.866858, 226.1322, 8.102422, 196.4856, 312.5871, 359.5044, 3458.187, 1583.625, 66.22069, 3071.022, 234.4529, 685.2794, 0.07168134, 15.53744, 2.454987
114.7, 282.7153, 567.9775, 9.159439, 214.3463, 7.601586, 185.4732, 295.526, 339.9633, 3332.809, 1508.255, 62.42126, 3053.875, 218.9396, 870.7172, 0.06789047, 14.67668, 2.329163
114.8, 264.6202, 541.5353, 8.50274, 239.0412, 7.131709, 175.078, 279.3962, 321.4843, 3436.942, 1641.064, 58.83982, 2925.399, 204.4528, 822.7743, 0.06430007, 13.86361, 2.209788
114.9, 247.6833, 516.3241, 7.893124, 226.5824, 6.690876, 165.2654, 437.1915, 460.3517, 3447.545, 1618.523, 55.46387, 2829.25, 190.9246, 790.749, 236.9592, 13.09558, 2.096531
115, 242.2294, 492.2867, 7.327215, 236.882, 6.277293, 156.0028, 591.7935, 435.329, 3356.438, 1597.584, 52.28162, 2855.73, 178.2915, 867.5081, 454.3792, 12.3701, 1.989079
115.1, 250.7481, 554.6091, 6.801879, 224.5358, 5.889274, 147.2593, 559.4933, 480.0904, 3238.266, 1622.339, 49.28195, 2851.698, 166.4944, 882.3137, 430.3493, 11.68481, 1.887134
115.2, 287.627, 528.7892, 6.314209, 212.8331, 5.52524, 139.0058, 528.9561, 453.9947, 3202.31, 1643.054, 46.45438, 2734.233, 332.3575, 833.7323, 407.5902, 11.03748, 1.790413
115.3, 295.1948, 545.9426, 5.861502, 202.3242, 5.183708, 131.215, 500.0855, 429.3175, 3236.655, 1564.855, 43.78905, 2776.767, 310.3661, 822.4929, 386.0348, 10.42602, 1.698651
115.4, 276.3009, 520.5262, 5.441253, 191.7791, 4.863287, 123.8608, 472.7908, 405.9816, 3235.252, 1490.378, 41.27664, 2711.54, 289.8298, 777.2053, 365.6193, 9.848429, 1.611591
115.5, 258.6164, 496.2932, 5.051135, 263.0176, 4.562673, 116.9188, 446.9858, 383.9142, 3110.813, 1419.445, 38.90838, 2752.995, 270.6524, 734.4113, 346.2834, 226.3181, 1.528993
115.6, 242.0638, 473.1882, 4.688986, 266.9162, 4.28064, 110.3658, 593.3774, 363.0462, 3196.712, 1591.125, 36.676, 2621.831, 303.0702, 900.7352, 327.9702, 213.7803, 1.450628
115.7, 226.5706, 451.159, 4.352803, 257.4168, 108.604, 104.1802, 591.286, 343.3126, 3083.612, 1638.496, 239.2779, 2691.672, 416.8846, 851.1394, 310.6255, 361.5144, 1.37628
115.8, 341.9317, 430.1553, 4.040722, 244.0003, 101.8909, 98.34118, 559.0135, 439.7647, 3122.743, 1666.644, 225.5493, 2661.967, 818.7894, 908.8318, 294.198, 341.4868, 1.305743
115.9, 320.0465, 410.1294, 3.751017, 231.2831, 95.59268, 92.82945, 831.3397, 456.4293, 2987.089, 1587.322, 245.5992, 2703.577, 803.7434, 858.7902, 278.6393, 322.5688, 1.23882
116, 309.2331, 391.0358, 3.482082, 219.2287, 89.68381, 87.62664, 822.4748, 537.7724, 3068.386, 1630.686, 356.9526, 2757.053, 789.3798, 811.504, 263.9034, 304.6989, 1.175328
116.1, 289.4408, 372.8311, 3.232429, 207.8026, 84.14017, 82.71543, 810.0167, 557.6303, 2946.681, 1553.076, 336.4723, 2677.476, 737.1482, 766.8215, 249.9469, 287.8189, 1.11509
116.2, 270.9152, 355.474, 3.000675, 196.972, 78.93922, 78.07948, 765.8059, 527.3199, 2818.675, 1479.159, 317.1671, 2617.813, 731.7354, 724.5992, 236.7284, 271.874, 1.057939
116.3, 319.49, 338.9249, 2.785538, 196.1367, 74.05975, 73.70336, 864.3168, 498.657, 2787.861, 1408.761, 351.3525, 2538.252, 713.6212, 684.7017, 224.209, 256.8125, 1.003717
116.4, 299.0412, 323.1463, 2.585824, 185.9141, 69.48189, 69.57251, 817.1422, 528.8939, 2754.272, 1473.877, 331.1936, 2417.319, 666.4023, 666.1584, 347.1576, 242.5854, 0.9522738
116.5, 279.9012, 308.1022, 2.40043, 176.2243, 152.0918, 65.67318, 772.5425, 562.8984, 2783.056, 1546.32, 312.1913, 2389.072, 622.3079, 774.6883, 448.1987, 229.1464, 0.9034675
116.6, 261.9862, 293.7585, 2.228328, 167.0396, 271.4883, 61.9924, 871.6452, 532.3017, 2811.873, 1472.725, 294.2792, 2348.129, 581.1311, 732.0329, 424.4957, 216.4519, 0.8571627
116.7, 245.2179, 385.8709, 2.068565, 158.3336, 510.8213, 58.51791, 898.2075, 503.368, 2738.948, 1436.155, 277.3949, 2236.254, 542.6789, 761.7663, 402.0462, 204.4607, 0.8132311
116.8, 229.5228, 367.9067, 1.920256, 150.0813, 479.2459, 55.23816, 923.8381, 476.0071, 2619.966, 1477.415, 261.4793, 2278.757, 506.771, 719.8224, 380.7839, 193.1338, 0.7715511
116.9, 214.8323, 350.7788, 1.78258, 142.2591, 449.6222, 52.14223, 873.4149, 450.1334, 2639.145, 1407.099, 246.4769, 2309.767, 574.4724, 680.188, 360.6461, 182.4344, 0.7320073
117, 246.4667, 334.4483, 1.654776, 134.8446, 421.8297, 49.21981, 852.3379, 425.666, 2579.179, 1388.901, 316.0565, 2199.72, 536.4608, 642.7359, 341.5733, 172.3277, 0.6944901
117.1, 230.6917, 318.8781, 1.536134, 174.8345, 426.6325, 46.46119, 948.5142, 402.5287, 2619.5, 1322.798, 297.9227, 2313.88, 500.9643, 679.751, 524.1989, 162.781, 0.6588959
117.2, 215.9264, 304.0327, 1.425999, 212.4201, 400.2611, 43.85719, 988.0005, 442.329, 2505.707, 1568.959, 280.8293, 2203.636, 467.8165, 642.3229, 496.4765, 153.7631, 0.6251259
117.3, 202.1061, 392.493, 1.32376, 254.6401, 375.5197, 41.39912, 934.0753, 599.9922, 2622.253, 1727.484, 380.2352, 2250.632, 794.3416, 606.9557, 702.7271, 145.2448, 0.5930867
117.4, 189.1704, 555.1808, 1.228851, 241.3683, 352.3077, 39.07883, 883.0933, 1107.961, 2543.115, 2208.685, 358.4191, 2345.528, 820.3429, 744.0302, 745.5036, 137.1983, 0.5626896
117.5, 177.0626, 827.6919, 1.140747, 369.896, 330.5305, 36.88858, 899.9965, 1209.942, 2432.64, 2566.631, 412.0195, 2310.412, 915.3433, 703.0629, 706.0776, 129.5977, 0.5338504
117.6, 165.7298, 789.1587, 1.058959, 350.6172, 310.0994, 34.82109, 1048.259, 1519.328, 2326.965, 2864.411, 388.3798, 2439.842, 1086.64, 664.3513, 668.7366, 122.4181, 0.5064893
117.7, 155.1223, 752.4194, 0.9830355, 332.3432, 290.9312, 32.86947, 991.0444, 1500.357, 2358.279, 2728.083, 366.0964, 2395.11, 1211.423, 696.2435, 661.0888, 115.6363, 0.4805306
117.8, 222.0796, 868.2068, 0.9125553, 315.0216, 272.9478, 31.02724, 936.9531, 1487.114, 2315.317, 2858.418, 487.8952, 2436.309, 1131.266, 657.9074, 699.6583, 109.2302, 0.4559022
117.9, 207.8655, 827.7874, 0.8471283, 298.6028, 256.0761, 29.28826, 885.814, 1639.017, 2430.783, 3002.646, 486.8676, 2393.201, 1088.902, 621.6821, 662.6568, 103.1789, 0.4325362
118, 210.5486, 883.3829, 0.7863922, 283.0397, 240.2473, 27.64674, 837.4662, 1632.504, 2410.374, 3016.499, 458.9334, 2279.179, 1016.852, 587.4514, 627.6121, 97.46292, 0.4103677
118.1, 261.3921, 927.3706, 0.7300107, 268.2878, 225.3969, 26.09722, 791.7571, 1543.768, 2471.47, 2872.933, 432.602, 2299.122, 949.569, 555.1055, 594.4208, 92.06358, 0.3893354
118.2, 244.6618, 884.1969, 0.6776715, 254.3047, 211.4644, 24.63455, 748.5429, 1459.855, 2397.252, 2825.283, 436.7719, 2274.212, 886.738, 524.5406, 562.9847, 86.96335, 0.369381
118.3, 293.8719, 881.4833, 0.6290848, 241.0505, 198.3931, 23.25386, 707.6873, 1451.937, 2293.114, 2862.072, 478.0882, 2397.609, 913.3765, 495.6587, 533.2112, 82.14567, 0.3504494
118.4, 275.0628, 840.4459, 0.5839817, 228.487, 186.1298, 21.95055, 669.0616, 1474.553, 2340.93, 2874.186, 450.6578, 2324.437, 892.1686, 554.7684, 505.0123, 77.59489, 0.332488
118.5, 257.4575, 929.9445, 0.5421123, 216.5784, 174.6246, 20.72029, 760.8359, 1394.402, 2272.97, 2737.393, 458.6082, 2249.217, 941.3295, 543.48, 478.3047, 73.29621, 0.3154472
118.6, 240.979, 1037.006, 0.5032448, 258.6398, 163.8305, 19.55898, 819.6778, 1318.608, 2330.217, 2656.103, 432.2954, 2316.027, 879.0438, 782.9064, 453.0095, 69.23568, 0.2992798
118.7, 225.5553, 988.7278, 0.4671639, 304.7022, 191.2292, 18.46276, 774.9396, 1340.636, 2262.271, 2622.114, 407.4924, 2311.462, 820.8793, 760.6172, 507.4509, 65.40009, 0.283941
118.8, 211.1187, 942.6976, 0.4336699, 288.8212, 211.6905, 17.42798, 732.6433, 1267.765, 2276.07, 2717.256, 384.1124, 2227.272, 766.5634, 848.2275, 514.2474, 61.777, 0.2693883
118.9, 283.6542, 898.8104, 0.4025773, 310.5076, 292.4403, 16.45119, 692.6555, 1198.855, 2224.924, 2668.363, 362.0739, 2189.771, 715.8416, 921.4655, 559.3471, 58.35462, 0.2555816
119, 265.499, 856.9662, 0.3737139, 403.7188, 274.3637, 15.52915, 654.8503, 1133.69, 2235.109, 2575.36, 341.2998, 2145.879, 668.4758, 940.3682, 529.766, 55.12183, 0.2424824
119.1, 248.5058, 817.0702, 0.34692, 382.6771, 351.2144, 14.65879, 695.0168, 1072.068, 2218.16, 2452.79, 385.7139, 2087.438, 624.2442, 1132.449, 501.7493, 52.06814, 0.2300546
119.2, 232.6003, 870.2871, 0.3220471, 362.7321, 329.5048, 13.83721, 779.2869, 1098.423, 2136.108, 2437.9, 363.5835, 2046.564, 582.9393, 1070.095, 475.2142, 49.18362, 0.2182638
119.3, 217.7128, 829.7709, 0.2989574, 457.9363, 309.1371, 13.06168, 736.7533, 1038.717, 2145.114, 2619.537, 342.7228, 2036.826, 544.3674, 1011.174, 450.0825, 46.4589, 0.2070772
119.4, 256.1922, 829.7974, 0.2775232, 434.0688, 290.0284, 12.32961, 696.5412, 1033.496, 2114.828, 2568.193, 323.059, 2038.388, 508.3478, 1159.079, 556.5916, 43.88513, 0.196464
119.5, 309.7007, 791.1662, 0.2576258, 411.4453, 402.7869, 11.63857, 658.5239, 1232.897, 2158.017, 2538.571, 618.0624, 2108.397, 474.7115, 1152.564, 656.1201, 41.45394, 0.1863948
119.6, 299.9221, 872.8295, 0.2391549, 390.0009, 419.9056, 10.98627, 713.5641, 1379.34, 2285.298, 2514.541, 609.6725, 2211.033, 592.5032, 1089.103, 621.4211, 359.8542, 0.1768416
119.7, 377.0928, 832.1949, 0.2220084, 369.6743, 428.2198, 10.37052, 703.1787, 1595.01, 2312.8, 2512.765, 853.3715, 2308.487, 615.5623, 1275.96, 797.1839, 339.9186, 0.167778
119.8, 415.6428, 793.4521, 0.2060912, 350.407, 499.1404, 9.789283, 865.7986, 1636.729, 2284.073, 2688.068, 993.0922, 2238.895, 615.0918, 1249.176, 755.0247, 699.6882, 0.159179
119.9, 389.0397, 756.5129, 0.1913152, 332.1439, 483.4431, 9.240623, 891.0246, 1810.659, 2294.931, 2560.133, 936.1133, 2150.608, 574.3925, 1180.395, 868.4925, 660.9262, 0.1510207
120, 502.0744, 721.2935, 0.1775985, 314.8327, 638.9609, 8.722714, 1023.987, 1938.572, 2238.767, 2590.061, 997.5811, 2219.865, 536.3861, 1327.244, 822.5622, 624.3116, 0.1432805
120.1, 494.7317, 687.7137, 0.1648653, 298.4237, 599.4647, 8.233832, 968.098, 1859.796, 2242.118, 2778.629, 1058.408, 2244.05, 500.8946, 1320.503, 779.0609, 589.7254, 0.1359371
120.2, 556.7352, 655.6972, 0.1530451, 282.87, 661.8141, 7.772351, 915.2591, 1917.361, 2239.189, 2646.384, 1165.947, 2153.829, 566.2327, 1387.913, 737.8602, 557.0552, 0.12897
120.3, 529.3895, 625.1712, 0.1420723, 268.1269, 620.9053, 7.336735, 865.3041, 2105.528, 2141.917, 2756.358, 1099.051, 2277.672, 564.0988, 1311.493, 947.4316, 526.1949, 0.12236
120.4, 495.5061, 596.0663, 0.1318862, 254.1523, 708.8032, 6.925533, 818.0757, 2359.298, 2077.704, 2625.173, 1194.755, 2199.529, 560.3834, 1239.28, 1203.861, 497.0443, 0.1160887
120.5, 522.5092, 568.3165, 0.1224304, 240.9059, 681.4971, 6.537378, 773.425, 2451.52, 2031.083, 2500.232, 1331.271, 2163.259, 824.9832, 1171.043, 1140.195, 469.5086, 0.1101389
120.6, 489.0662, 541.8585, 0.1136526, 228.35, 639.3716, 6.170978, 731.2114, 2523.567, 2080.655, 2702.239, 1254.889, 2060.192, 770.3958, 1233.092, 1079.895, 443.4983, 0.104494
120.7, 457.7637, 516.6323, 0.1055041, 216.4485, 599.8501, 5.825113, 691.3018, 2386.396, 1990.27, 2573.629, 1182.89, 2225.079, 719.4203, 1165.197, 1022.785, 418.929, 0.09913845
120.8, 428.4648, 492.5805, 0.09793985, 205.1673, 562.7715, 5.498633, 653.5704, 2411.198, 2005.431, 2451.141, 1115.021, 2210.785, 671.8178, 1101.039, 968.6948, 395.7207, 0.09405737
120.9, 401.041, 469.6484, 0.09091791, 194.474, 527.9849, 5.190452, 617.8984, 2298.893, 2177.933, 2334.482, 1051.046, 2204.794, 627.3651, 1040.415, 917.4652, 373.7982, 0.08923671
121, 400.8469, 447.784, 0.08439942, 184.3381, 495.3486, 4.899543, 584.1734, 2259.772, 2240.04, 2223.375, 990.7423, 2248.41, 585.8536, 1048.129, 868.9449, 353.0902, 0.08466312
121.1, 375.1909, 426.9374, 0.07834828, 174.7305, 464.7296, 4.624938, 741.1598, 2136.941, 2188.753, 2244.506, 933.8982, 2141.286, 547.0889, 990.4174, 822.9907, 333.5294, 0.08032393
121.2, 351.1769, 407.0613, 0.07273099, 165.6236, 436.0032, 4.365725, 700.7072, 2020.786, 2142.086, 2137.682, 880.3156, 2075.425, 510.8892, 935.8836, 779.4667, 315.0522, 0.07620714
121.3, 328.7, 388.1106, 0.06751643, 156.9914, 409.0525, 4.121039, 662.4625, 1910.944, 2049.033, 2035.942, 829.8073, 2017.196, 477.0847, 884.3525, 738.2446, 297.5986, 0.07230134
121.4, 307.6617, 370.0421, 0.06267574, 148.8091, 383.7677, 3.890067, 626.3052, 1954.609, 2140.364, 1939.044, 782.1968, 1921.089, 445.5171, 835.6589, 699.2024, 281.112, 0.06859573
121.5, 287.9699, 352.8148, 0.05818212, 141.0532, 360.0459, 3.672041, 592.1213, 1922.051, 2094.083, 1846.758, 737.3181, 1934.263, 416.0381, 789.6463, 662.225, 265.5387, 0.06508004
121.6, 269.5385, 336.3895, 0.05401066, 133.7015, 369.1685, 3.466234, 559.8033, 1817.576, 2003.115, 2117.559, 695.0143, 2048.837, 388.5098, 844.3923, 627.2031, 250.8281, 0.06174453
121.7, 252.2868, 556.1245, 0.05013829, 126.7331, 375.3756, 3.271962, 529.2491, 1718.781, 2068.375, 2199.754, 655.1376, 2145.959, 362.8029, 971.1065, 594.0334, 236.9325, 0.05857998
121.8, 336.1568, 530.2341, 0.04654355, 120.1278, 352.1725, 3.088579, 500.3626, 1690.246, 1978.523, 2276.144, 617.549, 2190.375, 338.797, 917.636, 562.6179, 223.8067, 0.05557762
121.9, 369.296, 543.2062, 0.04320655, 113.8668, 330.4037, 2.915473, 473.0528, 1782.77, 1941.576, 2223.148, 582.1169, 2179.006, 316.3795, 867.1097, 532.8638, 211.408, 0.05272913
122, 345.6593, 556.9578, 0.04010879, 107.9321, 327.0381, 2.75207, 447.2335, 1914.921, 1969.197, 2444.555, 548.7178, 2251.908, 295.4453, 819.3655, 504.6832, 199.6963, 0.05002664
122.1, 323.5356, 589.546, 0.03723313, 102.3067, 306.8229, 2.597825, 422.8234, 1907.855, 1883.654, 2513.768, 517.235, 2157.357, 275.8964, 839.1872, 477.993, 188.6333, 0.04746266
122.2, 302.8278, 562.0997, 0.03456365, 96.97451, 287.8572, 2.452224, 399.7456, 2053.879, 1840.521, 2598.424, 564.2622, 2161.427, 257.6409, 792.9803, 706.0959, 178.1832, 0.04503008
122.3, 283.4454, 722.6832, 0.03208555, 91.92023, 270.0639, 2.314785, 377.9275, 2017.879, 1851.556, 2474.756, 531.8875, 2170.567, 240.5933, 749.3177, 668.7539, 168.3121, 0.04272218
122.4, 265.3036, 689.0387, 0.02978513, 87.12939, 300.1163, 2.185048, 357.3001, 1908.195, 1771.123, 2474.885, 501.3703, 2144.452, 224.6738, 708.0593, 633.3868, 158.9877, 0.04053257
122.5, 248.3229, 743.4258, 0.02764964, 82.58823, 281.5652, 2.062583, 337.7986, 1881.228, 1694.184, 2357.096, 472.6041, 2148.328, 209.8076, 669.0725, 599.8901, 150.18, 0.03845518
122.6, 232.4291, 774.1471, 0.02566726, 78.28377, 273.1082, 1.946981, 480.9769, 1778.973, 1753.471, 2647.597, 445.4883, 2066.461, 195.925, 809.5403, 568.1648, 141.8602, 0.03648426
122.7, 217.5526, 738.1067, 0.02382701, 74.20365, 256.2265, 1.837859, 454.7251, 1682.275, 1752.847, 2521.589, 419.9283, 2089.848, 182.9611, 849.0675, 538.1173, 134.0013, 0.03461435
122.8, 231.2535, 703.7441, 0.0221187, 70.33619, 240.3884, 1.734852, 550.5035, 1702.524, 1726.971, 2401.577, 395.8348, 2101.153, 170.8549, 802.3167, 509.6589, 126.5778, 0.03284029
122.9, 216.4523, 670.9813, 0.02053287, 66.6703, 225.5292, 1.637619, 520.4569, 1668.868, 1651.95, 2287.277, 421.6335, 2033.838, 159.5498, 758.14, 482.7055, 119.5655, 0.03115714
123, 265.5712, 639.7438, 0.01906073, 63.19547, 211.5886, 1.545836, 556.8167, 1578.156, 1580.188, 2359.522, 431.9826, 1958.07, 148.9928, 751.8999, 457.1776, 112.9417, 0.02956027
123.1, 248.5734, 609.9605, 0.01769414, 59.90174, 198.5096, 1.459196, 577.2252, 1492.374, 1534.663, 2372.88, 407.1975, 1938.558, 139.1342, 710.4993, 432.9997, 106.6848, 0.02804523
123.2, 262.9713, 581.5638, 0.01642554, 56.77969, 186.2391, 1.377413, 545.7201, 1509.125, 1569.015, 2505.163, 383.8344, 1894.201, 129.928, 671.3782, 410.1005, 100.7746, 0.02660785
123.3, 246.14, 554.4891, 0.01524788, 53.82035, 174.7271, 1.300213, 560.6225, 1427.096, 1550.852, 2385.933, 475.3121, 1892.495, 121.3309, 744.9959, 388.4123, 95.19179, 0.02524413
123.4, 230.3859, 528.6749, 0.01415467, 51.01525, 163.9267, 1.22734, 530.0236, 1462.044, 1527.868, 2272.378, 467.2005, 1837.345, 113.3027, 730.9102, 367.8711, 89.91827, 0.02395031
123.5, 277.519, 504.0624, 0.01313983, 48.35636, 181.0045, 1.158551, 550.5089, 1382.574, 1583.883, 2398.322, 440.3947, 1860.493, 105.8057, 690.6653, 348.4162, 84.93689, 0.0227228
123.6, 259.7565, 480.5958, 0.01219775, 45.83605, 208.3629, 1.093618, 520.462, 1307.423, 1570.094, 2321.773, 671.5117, 1815.223, 98.80478, 759.1887, 329.9901, 80.23148, 0.02155821
123.7, 243.1309, 458.2217, 106.5189, 43.44709, 195.4834, 1.032324, 583.0975, 1357.324, 1555.832, 2211.272, 802.2327, 1949.655, 92.26707, 800.9504, 312.5386, 75.78674, 0.0204533
123.8, 303.1806, 436.8892, 260.717, 41.18264, 183.3999, 0.9744653, 551.2719, 1356.679, 1488.245, 2106.029, 901.7118, 1856.765, 240.5799, 756.849, 296.0099, 71.58823, 0.01940502
123.9, 361.3559, 416.5498, 242.0245, 39.03622, 172.0634, 0.9198495, 521.1834, 1282.936, 1513.23, 2139.295, 964.7391, 1768.301, 309.942, 715.1758, 280.3554, 67.62232, 0.01841046
124, 338.2274, 397.1574, 224.6722, 37.00167, 254.7425, 0.8682947, 585.2932, 1345.047, 1574.042, 2207.183, 1031.413, 1684.052, 367.9722, 719.7847, 265.5288, 63.87612, 0.01746688
124.1, 316.5793, 378.6677, 208.564, 35.07315, 238.9961, 0.8196294, 553.3478, 1271.936, 1505.664, 2102.135, 1064.276, 1752.815, 438.9941, 693.1062, 251.4863, 60.33745, 0.01657166
124.2, 296.3168, 361.0388, 193.6107, 33.24516, 228.1875, 0.7736917, 523.1461, 1251.802, 1688.763, 2002.087, 1003.213, 1692.233, 569.8694, 654.9428, 238.1864, 316.125, 302.7207
124.3, 277.3511, 344.2307, 179.7295, 31.51243, 490.9005, 0.7303286, 555.9023, 1315.867, 1705.742, 1906.8, 945.6533, 1611.608, 532.1624, 627.7341, 225.5899, 298.612, 376.7532
124.4, 259.5994, 328.205, 203.3808, 29.87001, 460.5565, 0.6893959, 794.6024, 1302.854, 1678.056, 2005.932, 891.3962, 1713.651, 565.3113, 774.6099, 213.6595, 282.0692, 357.4437
124.5, 242.9838, 312.9254, 198.2585, 28.3132, 454.8137, 0.6507574, 751.2328, 1382.688, 1759.151, 1959.647, 1046.408, 1632.006, 527.9059, 731.9588, 202.3601, 266.4429, 339.1239
124.6, 352.9595, 298.3572, 184.0441, 26.83753, 426.7002, 0.6142844, 710.2305, 1307.531, 1688.279, 1982.303, 1048.824, 1554.25, 637.6098, 799.3411, 191.6583, 251.6822, 457.3779
124.7, 330.3685, 284.4672, 279.5032, 25.43876, 467.8696, 0.5798556, 671.466, 1236.459, 1710.446, 1887.958, 988.6476, 1480.199, 715.6026, 755.3283, 181.5224, 237.7393, 884.6765
124.8, 347.8954, 271.2238, 309.2453, 24.11291, 524.3068, 0.5473565, 634.8173, 1292.631, 1744.927, 1971.365, 931.9237, 1518.172, 806.1812, 713.7389, 171.9226, 224.5688, 839.3347
124.9, 325.6285, 258.597, 287.0735, 22.85615, 509.5719, 0.5166788, 600.1688, 1298.005, 1737.19, 1877.541, 947.9816, 1445.84, 752.8379, 674.4395, 338.5331, 263.0817, 796.3168
125, 304.7868, 246.558, 266.4914, 21.6649, 671.4275, 0.4877205, 705.5671, 1458.198, 1697.002, 1788.182, 1071, 1376.954, 703.0242, 637.3039, 428.2924, 420.6779, 755.5037
125.1, 285.279, 235.0795, 247.3849, 20.53573, 636.4487, 0.4603853, 667.0571, 1425.347, 1623.283, 1703.076, 1009.551, 1311.35, 656.5065, 602.2131, 451.1857, 573.35, 716.7823
125.2, 346.1309, 224.1354, 229.6483, 19.46542, 725.874, 0.4345821, 737.9789, 1559.421, 1747.767, 1898.457, 971.8533, 1362.013, 613.0669, 569.0544, 427.3247, 541.587, 865.7581
125.3, 323.9769, 316.4338, 314.7637, 18.45089, 681.0056, 0.4102251, 697.6999, 1547.946, 1742.643, 1808.102, 916.093, 1458.23, 572.5015, 537.7214, 463.3483, 511.5837, 821.3859
125.4, 303.2409, 301.7022, 292.1962, 17.48923, 717.0511, 0.3872332, 927.1776, 1463.806, 1710.784, 1722.048, 863.5319, 1388.754, 534.6203, 508.1137, 499.6687, 483.2425, 779.288
125.5, 283.8321, 287.6565, 271.2468, 16.5777, 672.728, 0.36553, 876.5721, 1436.936, 1653.933, 1754.376, 855.8471, 1404.17, 499.2456, 480.1363, 473.2437, 456.4714, 739.3476
125.6, 265.6655, 274.2646, 251.7994, 15.71368, 631.1446, 0.3450431, 828.7287, 1358.83, 1756.625, 1670.878, 841.8751, 1395.201, 466.2116, 453.6993, 448.2161, 431.1833, 701.4543
125.7, 248.6617, 261.4963, 528.1403, 14.89469, 628.6078, 0.3257045, 783.4966, 1421.883, 1680.316, 1710.785, 839.2411, 1328.728, 435.3633, 428.718, 424.5121, 407.2962, 665.5031
125.8, 232.7462, 249.3223, 581.2072, 14.11838, 589.7516, 0.3074498, 740.7332, 1344.595, 1725.949, 1629.363, 1022.669, 1265.422, 687.2672, 405.1122, 402.0618, 384.7325, 631.3945
125.9, 217.8494, 237.7151, 539.5367, 13.38254, 568.2763, 0.2902181, 700.3039, 1295.454, 1672.609, 1710.716, 993.2313, 1406.577, 676.7554, 382.8062, 433.2703, 363.4187, 816.392
126, 203.906, 226.6483, 647.7828, 12.68505, 544.0651, 0.2739523, 803.0496, 1324.4, 1599.95, 1629.297, 1224.606, 1379.954, 756.8205, 361.7283, 517.0446, 343.2857, 823.0125
126.1, 310.4418, 216.0967, 601.3391, 12.02391, 510.4348, 116.8324, 759.219, 1252.411, 1687.914, 1694.89, 1154.344, 1412.75, 706.7433, 341.811, 521.9001, 324.268, 803.7681
126.2, 290.5721, 329.3054, 698.1448, 11.39722, 478.8832, 110.2843, 717.7807, 1184.336, 1614.589, 1699.106, 1341.19, 1345.44, 721.7131, 322.9904, 553.8829, 306.3039, 926.2501
126.3, 271.9742, 313.9746, 718.6763, 10.80321, 449.282, 104.1032, 678.6041, 1119.96, 1617.094, 1618.239, 1562.267, 1281.338, 764.3584, 305.2061, 568.4052, 289.335, 878.7775
126.4, 372.6274, 299.3575, 714.6382, 10.24015, 421.5105, 98.26854, 641.5658, 1204.288, 1668.891, 1662.165, 1472.632, 1270.238, 798.9183, 288.4011, 570.2729, 273.3062, 833.7381
126.5, 348.7776, 285.4209, 663.4012, 9.706434, 395.4557, 92.76089, 606.549, 1138.828, 1596.393, 1583.057, 1388.139, 1228.003, 746.0556, 272.5213, 540.114, 258.1653, 849.9918
126.6, 326.4542, 272.1331, 637.61, 9.200539, 371.0113, 87.56192, 666.8604, 1076.927, 1547.023, 1612.482, 1308.494, 1169.496, 696.6907, 257.5159, 511.55, 243.8632, 806.4277
126.7, 305.5596, 259.464, 591.8957, 8.72101, 348.078, 82.65434, 661.9658, 1018.389, 1479.82, 1633.769, 1233.419, 1297.025, 821.4517, 243.3367, 484.4966, 230.3534, 765.0964
126.8, 286.0024, 247.3846, 549.4589, 8.266475, 326.5622, 78.02182, 749.8983, 963.0341, 1415.535, 1660.206, 1162.651, 1235.229, 767.098, 311.0915, 556.5378, 382.9451, 725.8834
126.9, 337.6671, 235.8677, 510.0646, 7.835629, 306.3764, 169.065, 840.7496, 910.6877, 1478.659, 1581.191, 1254.307, 1176.378, 843.2905, 293.9624, 527.1052, 434.8666, 812.2745
127, 316.0548, 224.8868, 473.4948, 7.427239, 287.4383, 159.5894, 823.333, 861.1866, 1440.691, 1505.936, 1194.165, 1231.278, 787.4918, 277.7764, 499.2292, 410.7754, 770.6435
127.1, 366.1193, 214.4172, 439.5469, 7.040134, 269.6709, 150.6449, 778.3954, 814.3762, 1442.606, 1480.293, 1367.074, 1245.656, 735.3851, 304.8068, 472.8274, 514.3325, 887.6354
127.2, 535.9532, 204.435, 408.0329, 6.673205, 338.3699, 253.6001, 820.3939, 770.1102, 1441.258, 1409.841, 1288.638, 1255.776, 686.7262, 288.0237, 447.8219, 485.839, 842.142
127.3, 508.9189, 194.9176, 378.7784, 6.3254, 322.0458, 405.9319, 807.2651, 728.2502, 1407.054, 1498.971, 1214.702, 1195.945, 641.287, 272.1647, 424.1388, 458.924, 798.9802
127.4, 705.1925, 185.8432, 502.1077, 5.995723, 302.1392, 383.1806, 849.6253, 688.6656, 1414.339, 1427.63, 1364.894, 1192.33, 598.8544, 257.179, 401.7082, 433.5001, 758.0306
127.5, 730.3942, 177.1913, 483.9055, 5.683228, 319.4678, 557.0956, 803.2526, 651.2327, 1400.833, 1414.376, 1456.275, 1135.522, 559.2294, 267.8143, 462.9149, 409.4847, 803.7915
127.6, 683.6456, 168.9421, 610.9795, 5.387021, 299.7206, 816.5147, 833.8436, 615.8345, 1387.392, 1438.329, 1667.241, 1209.707, 522.2264, 253.0681, 438.4336, 493.1279, 825.5007
127.7, 774.5891, 161.077, 616.3636, 5.106251, 285.6913, 1008.986, 788.3323, 582.3604, 1446.684, 1466.125, 1675.931, 1152.071, 487.6718, 248.2964, 490.7561, 465.8091, 783.1919
127.8, 798.5453, 153.5781, 572.1725, 4.840116, 268.0318, 1012.198, 745.3051, 550.7057, 1383.839, 1445.515, 1727.522, 1215.252, 455.4035, 234.6248, 464.8024, 440.0038, 743.0515
127.9, 747.4348, 146.4283, 660.9233, 4.587851, 393.7328, 971.0458, 704.6262, 520.7717, 1440.563, 1376.717, 1872.957, 1178.219, 425.2704, 259.1482, 440.2213, 707.7625, 704.9683
128, 869.9206, 139.6113, 720.6971, 4.348733, 369.395, 916.6216, 666.1676, 685.3668, 1377.984, 1447.151, 1775.48, 1177.314, 514.7748, 256.221, 416.9402, 668.5532, 744.0433
128.1, 830.835, 133.1117, 669.0256, 4.122079, 346.5615, 865.2478, 629.808, 737.1998, 1412.326, 1378.275, 1673.612, 1210.158, 534.366, 248.711, 394.8902, 631.5161, 705.9094
128.2, 898.6799, 126.9147, 621.0588, 3.907238, 402.409, 879.579, 701.4979, 756.3586, 1397.837, 1312.678, 1841.323, 1233.784, 499.0081, 434.8599, 374.0064, 596.5308, 725.2593
128.3, 924.9179, 121.0062, 689.4277, 3.703594, 442.9872, 830.2813, 663.21, 789.7319, 1408.717, 1250.203, 1762.46, 1258.035, 515.7709, 410.9159, 354.2271, 563.4836, 807.8973
128.4, 934.6428, 115.3727, 639.9982, 3.510564, 440.6707, 783.7466, 627.0119, 746.8055, 1347.522, 1327.29, 1771.59, 1224, 673.089, 388.2903, 553.4069, 532.2672, 800.7615
128.5, 895.6874, 110.0016, 731.1005, 3.327595, 520.7101, 739.8199, 764.8206, 706.2123, 1311.298, 1264.119, 1669.945, 1218.572, 685.7277, 453.531, 524.1399, 502.7802, 759.7206
128.6, 838.3593, 104.8804, 691.3653, 3.154162, 488.5235, 698.3553, 723.0765, 796.5755, 1304.272, 1266.423, 1668.567, 1160.514, 640.3545, 428.5589, 496.4207, 474.9267, 720.7831
128.7, 784.7004, 99.99773, 641.7969, 2.989768, 458.3263, 758.236, 683.6109, 753.277, 1270.623, 1320.153, 1612.358, 1171.74, 678.3382, 439.4344, 470.1674, 448.6163, 849.6942
128.8, 734.476, 95.34233, 656.9992, 2.833942, 429.9958, 715.7391, 646.2993, 712.3321, 1215.426, 1257.322, 1519.849, 1115.913, 633.454, 415.2386, 568.5627, 572.73, 878.6517
128.9, 687.4661, 90.90367, 812.2964, 2.686239, 403.4164, 675.6241, 611.0242, 673.6127, 1162.627, 1197.482, 1432.647, 1101.948, 673.5767, 392.3749, 563.3893, 647.7567, 936.4725
129, 643.4651, 86.67165, 754.0577, 2.546233, 378.48, 790.3133, 676.2824, 636.998, 1256.081, 1217.957, 1350.449, 1083.138, 723.1682, 384.0063, 533.5944, 611.8716, 955.8054
129.1, 602.2804, 82.63666, 878.792, 2.413524, 355.085, 816.3542, 639.3708, 602.3735, 1285.338, 1159.99, 1426.211, 1031.532, 773.1366, 362.8624, 625.8632, 727.4475, 961.0748
129.2, 563.7317, 78.78951, 1258.067, 2.287732, 333.1361, 770.6, 604.4738, 569.631, 1238.711, 1104.782, 1540.265, 982.3857, 721.9798, 342.8827, 592.7643, 687.1477, 911.8174
129.3, 527.6503, 75.12147, 1271.687, 2.168496, 312.544, 727.4102, 621.7997, 538.6683, 1184.901, 1172.951, 1799.784, 935.5807, 771.5481, 324.0031, 561.416, 649.0804, 865.0846
129.4, 672.233, 71.62419, 1277.048, 2.055475, 293.2247, 686.6411, 626.435, 509.3886, 1133.428, 1117.126, 1696.521, 891.0056, 720.4964, 327.7292, 531.7254, 613.1221, 820.7469
129.5, 694.5845, 68.28973, 1279.96, 1.948345, 275.0995, 648.157, 685.5229, 481.7004, 1108.696, 1161.158, 1879.249, 940.7983, 672.8227, 330.2614, 503.605, 579.1558, 778.6817
129.6, 836.688, 65.1105, 1276.163, 1.846798, 258.0948, 611.8298, 745.0153, 455.5172, 1192.404, 1105.894, 2051.027, 895.9747, 628.3034, 405.7122, 476.9718, 547.0712, 824.7104
129.7, 783.1361, 62.07928, 1342.072, 1.750543, 242.1412, 577.5386, 704.3523, 430.7572, 1224.625, 1053.261, 1986.42, 853.2867, 586.7299, 383.3731, 451.7471, 516.764, 782.4421
129.8, 760.9706, 59.18918, 1245.85, 1.659306, 227.1737, 545.1693, 665.9086, 407.3431, 1265.289, 1050.767, 2023.338, 869.308, 547.9072, 362.2641, 427.8564, 488.1358, 742.3401
129.9, 771.2547, 56.43363, 1156.527, 1.572823, 213.1314, 514.6143, 870.3269, 385.2017, 1210.324, 1142.685, 1961.907, 921.4304, 511.6534, 342.3173, 405.2292, 461.0936, 906.3842
130, 721.8909, 53.80636, 1147.902, 1.490848, 199.9571, 485.7717, 822.8243, 364.2637, 1262.627, 1088.301, 2065.062, 914.5068, 716.2629, 434.9348, 383.7986, 435.5495, 918.3616
130.1, 675.6865, 51.30141, 1065.601, 1.413146, 187.5972, 458.5457, 777.9145, 467.5469, 1254.425, 1036.505, 1946.579, 928.1433, 845.6203, 410.9867, 458.1356, 411.4205, 871.2934
130.2, 686.4612, 48.91307, 1027.467, 1.339493, 176.0012, 432.8456, 735.4558, 608.1144, 1325.986, 1036.232, 1961.014, 883.9226, 789.6674, 388.3572, 623.431, 388.6283, 826.6376
130.3, 670.988, 46.63593, 953.8011, 1.269679, 165.122, 500.847, 695.3145, 609.6352, 1268.385, 986.9142, 2046.224, 888.7258, 767.1167, 451.5244, 590.4608, 367.0987, 1017.541
130.4, 628.0417, 44.46479, 885.417, 1.203504, 154.9153, 472.776, 657.3641, 576.498, 1213.285, 1196.421, 1928.821, 846.3831, 888.1678, 426.6628, 559.2343, 346.7618, 965.3893
130.5, 587.8441, 42.39473, 872.5353, 1.140778, 145.3396, 446.2784, 621.4851, 589.9999, 1230.555, 1139.479, 1818.154, 806.0578, 829.3996, 403.1702, 529.6591, 327.5515, 953.6946
130.6, 557.6454, 40.42105, 809.9776, 1.081321, 136.3557, 480.9592, 587.5643, 557.93, 1177.099, 1085.247, 1713.837, 833.4501, 774.52, 403.532, 501.648, 547.5866, 934.4141
130.7, 535.644, 38.53925, 751.9051, 1.024963, 127.9271, 454.0029, 555.495, 675.6528, 1125.965, 1142.678, 1763.982, 793.741, 723.2716, 482.5889, 475.1183, 517.2509, 1065.301
130.8, 501.3604, 36.74505, 697.9962, 0.9715425, 120.0195, 428.5574, 525.176, 638.9272, 1216.969, 1088.293, 1662.773, 755.9238, 858.1337, 533.4722, 449.9916, 655.4749, 1069.499
130.9, 551.8968, 35.03439, 647.9523, 0.9209061, 112.6008, 404.5381, 496.5118, 707.9314, 1164.103, 1036.498, 1672.288, 744.511, 801.3528, 504.0984, 426.1937, 619.1622, 1014.684
131, 516.5729, 33.40336, 601.4965, 0.8729088, 105.6406, 381.8649, 469.4121, 797.6, 1224.292, 987.1669, 1684.911, 754.9695, 748.329, 476.3421, 403.6544, 680.0486, 1032.032
131.1, 483.5098, 31.84827, 558.3713, 0.8274131, 99.1106, 360.4626, 443.7915, 754.2459, 1203.026, 940.184, 1588.239, 718.9996, 698.8136, 487.6579, 382.3071, 642.3746, 979.138
131.2, 513.4682, 30.36557, 518.338, 0.7842886, 92.98428, 340.2597, 419.5693, 713.2483, 1156.618, 895.4373, 1497.113, 684.7433, 781.3635, 460.8067, 362.0887, 606.7878, 928.9548
131.3, 523.1667, 28.9519, 481.175, 0.7434118, 87.23663, 321.1892, 396.6692, 674.4791, 1106.374, 940.7942, 1429.547, 744.5092, 936.8014, 435.4341, 342.9396, 743.0261, 881.3437
131.4, 489.6816, 27.60405, 536.2433, 0.7046655, 81.84427, 303.1875, 375.0189, 747.1078, 1118.379, 896.0184, 1463.807, 878.2742, 874.8152, 411.4585, 324.8032, 905.8602, 928.4275
131.5, 458.3397, 26.31894, 497.7966, 0.6679386, 76.78522, 286.1948, 354.5503, 722.7911, 1192.222, 853.3736, 1379.821, 836.4295, 816.9305, 388.803, 307.626, 855.6765, 880.8434
131.6, 429.0039, 25.09366, 462.1064, 0.6331259, 72.03889, 270.1544, 335.1989, 704.155, 1170.042, 975.9893, 1300.653, 796.5784, 762.876, 367.3949, 291.3571, 808.2729, 919.3341
131.7, 401.5457, 23.92543, 428.975, 0.6001276, 67.58595, 255.0131, 316.9037, 695.1179, 1119.214, 929.5384, 1226.028, 758.626, 712.3981, 347.1656, 275.9487, 763.4954, 906.4116
131.8, 375.8449, 22.81158, 398.219, 0.5688492, 63.40826, 240.7204, 299.607, 688.0771, 1204.741, 968.8373, 1155.684, 759.821, 665.2602, 391.1009, 261.3551, 915.0294, 1052.506
131.9, 351.7891, 21.74959, 369.6681, 0.539201, 59.4888, 227.2287, 283.2544, 741.7906, 1152.406, 995.7372, 1192.781, 772.741, 621.2413, 369.5663, 247.5333, 864.3377, 1044.537
132, 329.273, 20.73704, 343.1642, 0.5110981, 55.81162, 214.4933, 267.7943, 701.4701, 1114.173, 1111.882, 1124.345, 954.0759, 580.1351, 412.3078, 234.4425, 816.4543, 991.0016
132.1, 308.198, 19.77162, 318.5605, 0.4844598, 52.36173, 202.4716, 253.1781, 663.3412, 1177.228, 1058.964, 1059.836, 1058.597, 541.7488, 389.6056, 222.044, 771.2236, 940.2104
132.2, 442.8784, 18.85116, 295.7209, 0.45921, 49.1251, 191.1237, 239.3596, 938.241, 1168.072, 1008.564, 1028.924, 1079.703, 505.9025, 368.1534, 210.3012, 728.4986, 892.0225
132.3, 414.5322, 17.97354, 274.5187, 0.4352761, 46.08852, 180.4118, 226.2953, 887.2422, 1197.07, 1100.007, 969.8892, 1172.95, 472.428, 347.8823, 199.1794, 688.1406, 1036.294
132.4, 388.0002, 17.13678, 264.7298, 0.4125897, 43.23965, 170.3002, 213.9441, 839.0156, 1247.128, 1159.192, 984.0762, 1276.03, 441.1684, 396.5832, 188.6457, 650.0183, 983.1815
132.5, 363.1664, 16.33898, 258.3974, 0.3910857, 40.56688, 160.7554, 202.267, 793.4103, 1321.215, 1274.661, 927.6146, 1215.235, 411.9772, 374.7468, 178.6692, 614.008, 932.7911
132.6, 339.9221, 15.57832, 239.8712, 0.3707024, 115.7597, 151.7456, 191.2272, 844.3741, 1263.821, 1260.26, 885.768, 1255.523, 384.7176, 416.141, 169.2202, 579.9926, 884.9833
132.7, 318.1655, 14.85307, 222.6733, 18.81822, 132.839, 143.2407, 180.79, 875.7399, 1392.458, 1233.016, 884.5349, 1380.384, 359.2616, 393.2277, 160.271, 547.8616, 839.6259
132.8, 297.8015, 14.16159, 236.825, 17.83743, 124.6278, 135.2125, 170.9225, 853.7211, 1371.513, 1221.682, 861.6434, 1413.912, 335.49, 371.576, 151.7951, 517.5107, 796.593
132.9, 375.8513, 122.8847, 219.8454, 91.71849, 116.9242, 127.6342, 161.5935, 839.3649, 1311.934, 1242.629, 812.2064, 1346.547, 313.2914, 365.9059, 143.7674, 488.8411, 894.5648
133, 351.7951, 173.2676, 214.8786, 86.93816, 109.6967, 120.4807, 152.7737, 793.7406, 1416.898, 1579.27, 765.6059, 1350.435, 292.5615, 405.4782, 136.1642, 461.7599, 953.0742
133.1, 357.1617, 165.2011, 326.7183, 82.40697, 302.7218, 113.7281, 144.4353, 945.6127, 1402.408, 1504.107, 721.6791, 1300.836, 273.2033, 432.7194, 128.9632, 436.1789, 950.0146
133.2, 334.3017, 157.5102, 328.2449, 78.11195, 284.0097, 107.354, 136.552, 1083.215, 1442.388, 1432.521, 680.2726, 1268.066, 255.1261, 408.8933, 122.1429, 412.015, 901.3241
133.3, 312.9048, 150.1773, 304.7109, 74.04079, 266.4542, 101.3372, 129.0989, 1094.906, 1379.729, 1553.744, 641.2418, 1377.348, 238.2449, 500.5964, 115.6834, 389.1898, 1044.489
133.4, 292.8775, 143.1858, 282.8642, 70.18181, 271.9561, 95.65752, 122.0527, 1035.392, 1372.008, 1618.591, 604.4504, 1469.848, 222.4807, 603.439, 109.5655, 367.6291, 1127.516
133.5, 274.132, 136.5198, 262.5838, 66.52396, 255.1457, 90.2962, 115.391, 1261.622, 1332.092, 1541.556, 603.7031, 1466.867, 207.7597, 570.2128, 103.7711, 347.2628, 1095.813
133.6, 256.5862, 240.142, 262.9012, 63.05676, 239.3744, 85.23537, 109.093, 1193.046, 1313.469, 1664.268, 585.1119, 1488.741, 194.0126, 663.2061, 98.28313, 328.0248, 1039.65
133.7, 240.1635, 228.9622, 244.0522, 59.77026, 224.5779, 80.45819, 103.1387, 1255.229, 1256.411, 1585.059, 551.541, 1489.927, 181.1752, 651.1515, 93.08541, 309.8526, 1110.815
133.8, 224.792, 218.3029, 226.5545, 56.65506, 346.3631, 75.94875, 97.50935, 1284.83, 1315.897, 1552.119, 726.9294, 1528.801, 169.1873, 615.2982, 88.16257, 292.6871, 1326.024
133.9, 210.4043, 208.1398, 210.3113, 53.70222, 329.2431, 71.69205, 92.18727, 1301.8, 1264.107, 1478.248, 685.2216, 1516.876, 157.9925, 661.3934, 83.50008, 276.4725, 1477.273
134, 196.9374, 198.4499, 216.6278, 50.90328, 308.8915, 67.67393, 87.15568, 1300.318, 1246.526, 1535.877, 645.9069, 1481.435, 147.5385, 772.1483, 79.08418, 261.1562, 1480.095
134.1, 267.7117, 189.211, 219.4014, 48.25022, 346.7892, 63.88102, 82.3987, 1229.638, 1221.88, 1605.709, 608.8478, 1430.332, 137.7762, 765.6874, 74.9018, 246.6885, 1446.577
134.2, 326.6137, 180.4023, 203.6711, 45.73544, 325.3531, 60.30068, 344.1522, 1162.8, 1168.8, 1796.964, 573.915, 1389.412, 128.6598, 806.652, 70.94061, 233.0222, 1372.436
134.3, 305.7089, 262.7215, 189.0686, 43.35172, 375.7615, 56.92101, 325.3683, 1175.702, 1118.027, 1711.44, 540.9865, 1323.215, 120.1466, 773.5486, 67.18891, 220.113, 1302.096
134.4, 286.1422, 281.3043, 175.5131, 41.09225, 352.5345, 53.73076, 307.6096, 1248.822, 1110.382, 1629.987, 509.9472, 1361.081, 112.1968, 805.0194, 63.63562, 207.919, 1392.861
134.5, 267.8277, 268.2082, 162.9294, 38.95053, 343.8378, 50.71931, 290.8203, 1180.941, 1104.419, 1609.638, 564.3362, 1296.233, 104.773, 906.3016, 60.27024, 196.4005, 1321.474
134.6, 250.6855, 255.7217, 187.2041, 36.92045, 322.5841, 47.87665, 274.9473, 1116.75, 1056.442, 1533.029, 589.8702, 1256.426, 97.84035, 856.3994, 283.2773, 185.5201, 1253.745
134.7, 234.6405, 243.8166, 242.4355, 34.99617, 302.6442, 45.19331, 259.9406, 1209.403, 1010.549, 1612.786, 556.0262, 1353.927, 91.36646, 809.2448, 268.2961, 175.2425, 1189.488
134.8, 320.275, 232.4657, 245.0623, 33.17218, 294.5217, 42.66036, 245.753, 1510.213, 1115.591, 1839.619, 524.1241, 1328.053, 85.32094, 764.6866, 254.1073, 165.5342, 1128.524
134.9, 339.1679, 221.6433, 227.4922, 31.44326, 357.8749, 40.26938, 411.4977, 1608.367, 1127.741, 1900.307, 494.0523, 1264.779, 79.67543, 722.5819, 466.561, 156.3638, 1070.684
135, 317.4596, 211.3247, 211.1818, 29.80445, 335.7535, 38.0124, 659.4938, 1594.827, 1078.751, 1809.865, 631.4017, 1204.52, 74.40347, 738.882, 441.8868, 147.7014, 1015.809
135.1, 312.1205, 201.4865, 196.0408, 28.25105, 314.9996, 35.88192, 737.8279, 1706.472, 1031.89, 1723.727, 619.694, 1235.514, 69.48035, 857.7489, 538.3782, 139.5189, 963.7464
135.2, 358.8068, 192.1063, 181.9854, 26.77862, 295.5285, 33.87085, 697.5571, 1841.374, 1020.823, 1641.688, 742.5714, 1257.389, 64.88299, 821.1301, 748.757, 131.7897, 914.3521
135.3, 335.8415, 183.1628, 168.9377, 25.38293, 277.261, 31.97249, 659.4844, 2071.393, 1097.823, 1563.554, 699.9661, 1240.017, 60.58982, 775.9175, 709.1589, 124.4887, 867.4894
135.4, 314.3461, 174.6356, 156.8255, 24.05998, 260.1226, 30.18053, 623.4896, 2020.937, 1050.133, 1489.139, 659.8054, 1254.078, 56.58072, 949.3926, 802.4198, 117.5922, 823.0285
135.5, 294.2265, 166.5055, 145.5816, 22.80598, 244.0436, 28.489, 589.4595, 1911.088, 1004.515, 1650.016, 621.9489, 1194.328, 52.83689, 897.1177, 809.1628, 111.0777, 780.8464
135.6, 275.3947, 194.8914, 135.1439, 21.61735, 228.9586, 26.89228, 557.2867, 1807.209, 997.9058, 1571.486, 586.2645, 1137.426, 49.34078, 847.7211, 766.3701, 104.9241, 740.8262
135.7, 257.7681, 185.8182, 125.4546, 20.49066, 214.8059, 25.38505, 526.8699, 1804.812, 1012.719, 1496.693, 552.6274, 1083.234, 46.07601, 810.731, 725.8405, 99.11141, 702.8571
135.8, 241.2698, 272.7352, 116.4599, 19.42269, 201.5281, 23.9623, 498.1132, 1843.758, 976.2009, 1725.876, 520.9202, 1178.041, 43.02726, 766.091, 755.1155, 93.62074, 666.834
135.9, 225.8274, 260.0381, 108.1102, 18.41039, 189.071, 22.61928, 470.9261, 1840.966, 933.7941, 1643.736, 557.6635, 1276.732, 40.18023, 731.6954, 785.2533, 88.43425, 632.6572
136, 249.7602, 247.932, 100.3591, 59.92661, 177.384, 21.35154, 445.2229, 1946.879, 1017.692, 1620.458, 832.8933, 1376.054, 37.52159, 727.0905, 985.373, 83.53509, 816.1264
136.1, 233.7744, 236.3895, 228.245, 88.54034, 166.4193, 20.15485, 420.9226, 2086.751, 973.4825, 1741.618, 785.1058, 1357.621, 35.03887, 963.1119, 1019.119, 78.90733, 774.298
136.2, 440.3177, 225.3844, 211.8806, 99.41791, 370.4776, 19.02523, 397.9485, 1998.712, 967.0539, 1800.951, 740.0602, 1292.938, 32.72042, 1114.224, 1185.924, 74.53595, 1028.758
136.3, 461.4992, 214.8916, 196.6896, 142.1844, 347.5772, 17.95893, 376.2285, 1923.607, 925.0444, 1715.237, 737.7361, 1370.337, 30.55538, 1052.873, 1123.207, 70.40674, 1038.749
136.4, 431.9611, 204.8874, 182.5876, 134.7738, 326.0924, 16.95238, 355.6938, 1838.561, 907.9345, 1633.603, 695.4083, 1305.049, 28.53359, 1020.852, 1063.806, 66.50628, 985.5109
136.5, 404.3136, 195.3488, 169.4967, 127.7494, 305.9357, 16.00225, 336.28, 1819.082, 868.4932, 1555.854, 655.509, 1242.871, 26.64559, 964.6422, 1007.546, 62.8219, 935.0012
136.6, 378.4357, 339.4864, 157.3444, 121.0912, 305.4333, 15.10538, 317.9258, 1755.894, 830.7653, 1621.329, 617.899, 1279.465, 378.1585, 1043.796, 954.262, 59.34164, 990.2275
136.7, 354.2141, 323.6816, 146.0634, 114.7799, 298.7424, 14.25877, 533.7112, 1837.292, 877.5708, 1544.164, 931.4141, 1270.377, 648.8602, 986.3227, 1003.24, 56.05417, 1058.819
136.8, 331.5428, 308.6126, 135.5912, 108.7976, 459.587, 13.4596, 504.5812, 1817.605, 839.4485, 1470.672, 877.974, 1255.821, 605.9265, 984.7276, 950.184, 52.94883, 1125.517
136.9, 439.8607, 294.2451, 125.8698, 103.1272, 431.1785, 12.70523, 477.0411, 1718.808, 802.9824, 1455.149, 865.1068, 1258.429, 565.8336, 948.6752, 899.9333, 50.01552, 1175.114
137, 411.7076, 280.5466, 179.6614, 97.7522, 404.5261, 11.99314, 451.0041, 1649.503, 962.4449, 1563.074, 852.3817, 1350.093, 528.3936, 896.4398, 852.3403, 47.24472, 1114.886
137.1, 385.3564, 267.4857, 194.8236, 92.65739, 409.5407, 11.32097, 426.3882, 1760.67, 920.6357, 1488.681, 803.476, 1285.769, 493.4309, 933.8978, 807.2642, 44.62741, 1057.746
137.2, 360.6919, 255.0329, 230.5016, 87.82812, 384.2257, 10.68646, 567.5726, 1797.852, 955.7014, 1417.83, 881.207, 1277.341, 460.7816, 1061.741, 853.4656, 42.1551, 1003.534
137.3, 368.1732, 243.1599, 213.9755, 83.25056, 360.4756, 10.08752, 536.5944, 1700.129, 914.1851, 1416.866, 865.0122, 1216.483, 528.4946, 1136.236, 808.33, 39.81975, 952.1003
137.4, 344.6085, 231.8396, 198.6342, 78.91157, 338.1935, 58.4589, 507.307, 1749.098, 910.2919, 1502.081, 815.3819, 1212.095, 493.5253, 1073.673, 765.5814, 37.61378, 903.3029
137.5, 322.5519, 221.0463, 184.3928, 74.79873, 317.2887, 55.18246, 479.6181, 1733.507, 870.7483, 1430.591, 940.9536, 1154.346, 506.3303, 1142.157, 814.7764, 35.53002, 911.746
137.6, 344.6833, 210.7555, 171.1725, 70.90025, 297.6761, 112.2903, 453.4405, 1769.209, 832.9224, 1441.439, 886.9661, 1203.422, 472.8275, 1079.269, 771.6868, 33.56169, 865.0168
137.7, 322.622, 200.9438, 158.9001, 154.4179, 279.2758, 105.9968, 428.6916, 1673.042, 796.7397, 1372.836, 890.7449, 1146.086, 607.4821, 1317.269, 815.1301, 31.70241, 1016.358
137.8, 413.9478, 191.5888, 147.5075, 146.3697, 262.0129, 140.5944, 405.2936, 1582.103, 762.1288, 1307.497, 959.1193, 1091.482, 655.9696, 1587.479, 772.0219, 29.94613, 964.2672
137.9, 387.4532, 182.6694, 265.8923, 138.741, 362.7599, 152.9772, 383.1726, 1671.784, 729.0215, 1399.52, 920.6301, 1103.947, 710.6194, 1580.851, 908.0636, 28.28715, 914.8463
138, 362.6544, 174.1653, 379.9055, 131.5099, 649.9783, 239.7578, 362.259, 1580.913, 733.2091, 1332.912, 969.9175, 1141.27, 663.5992, 1581.849, 1060.059, 26.72007, 867.9582
138.1, 339.4429, 166.057, 352.6676, 149.5748, 609.8011, 327.3262, 342.4868, 1653.931, 738.5969, 1269.474, 1065.431, 1168.401, 619.6903, 1722.182, 1003.998, 25.23981, 823.4733
138.2, 341.4887, 158.3262, 327.3826, 194.4826, 1188.129, 308.9806, 323.7939, 1564.03, 706.5117, 1209.055, 1004.302, 1158.92, 578.6867, 1672.166, 1152.204, 23.84155, 781.2683
138.3, 319.6319, 150.9553, 359.8367, 201.9014, 1341.633, 366.0186, 306.1211, 1525.452, 728.6749, 1151.511, 946.6798, 1160.427, 540.3962, 1700.937, 1091.27, 22.52075, 741.2264
138.4, 299.174, 143.9276, 334.0377, 191.3784, 1258.702, 394.3009, 289.413, 1442.535, 697.0208, 1096.707, 892.3638, 1105.139, 504.6394, 1607.281, 1033.558, 21.27313, 703.2368
138.5, 280.0255, 137.2271, 310.0884, 181.4038, 1192.743, 372.2015, 273.6168, 1465.597, 696.2611, 1044.51, 879.9026, 1052.486, 471.2484, 1729.756, 1099.514, 20.09462, 667.1943
138.6, 310.3854, 130.8385, 360.2492, 257.7156, 1155.377, 351.3408, 258.6827, 1464.914, 699.1984, 994.7983, 1045.838, 1002.341, 440.0669, 1755.833, 1063.886, 18.9814, 632.999
138.7, 421.8206, 124.7473, 406.6563, 244.2835, 1123.579, 434.8261, 244.5638, 1734.932, 726.3458, 1040.966, 1124.104, 954.5849, 410.9486, 1875.997, 1181.207, 223.6615, 600.5563
138.8, 394.8221, 118.9397, 377.5005, 231.5516, 1054.127, 410.4554, 591.9365, 1777.686, 709.4263, 1096.79, 1059.608, 1083.75, 383.757, 2012.584, 1307.305, 211.2709, 569.7764
138.9, 369.5517, 113.4024, 350.4351, 232.7016, 1140.558, 416.3204, 559.6285, 1681.059, 710.1528, 1044.59, 1057.457, 1032.115, 449.2897, 1901.769, 1238.168, 644.1151, 540.574
139, 429.8389, 108.123, 434.8112, 220.5733, 1070.057, 545.3755, 529.0839, 1683.055, 679.3033, 1064.978, 996.7855, 1043.427, 465.2424, 1906.502, 1253.557, 608.4318, 512.8683
139.1, 419.5755, 103.0893, 403.6368, 286.6296, 1232.861, 514.8089, 500.2065, 1692.323, 724.1629, 1181.436, 939.5947, 993.7136, 592.884, 2078.514, 1407.072, 574.7253, 486.5826
139.2, 392.7208, 98.29, 374.6974, 271.6906, 1156.655, 485.9554, 472.9051, 1671.765, 692.7048, 1236.303, 1071.903, 1160.164, 577.1095, 2100.072, 1350.859, 542.8862, 661.198
139.3, 367.5848, 93.71411, 347.833, 257.5302, 1253.895, 458.7191, 447.0939, 1612.792, 662.6132, 1177.463, 1010.402, 1134.074, 538.9234, 2274.663, 1481.482, 512.8109, 854.337
139.4, 344.0577, 89.35125, 322.8946, 244.1078, 1176.388, 433.0093, 422.6914, 1661.096, 652.5882, 1121.423, 952.4301, 1080.042, 621.5141, 2149.417, 1403.134, 484.4017, 864.1188
139.5, 402.8267, 85.19151, 316.3848, 231.385, 1206.134, 408.7404, 399.6209, 1623.778, 715.125, 1214.732, 897.7842, 1331.892, 580.3898, 2386.122, 1328.929, 457.5663, 1136.032
139.6, 377.0439, 81.22542, 293.7011, 219.3253, 1131.579, 385.8318, 377.8095, 1939.889, 695.918, 1156.918, 846.2736, 1444.751, 598.5868, 2254.738, 1258.648, 432.2177, 1077.808
139.7, 352.9114, 77.44397, 272.6438, 207.8942, 1061.633, 418.6681, 357.1886, 1834.445, 680.0093, 1101.856, 797.7184, 1502.298, 558.9796, 2130.589, 1192.084, 408.2733, 1022.567
139.8, 330.3235, 73.83857, 253.0962, 197.0588, 996.0098, 395.203, 337.6932, 1734.732, 891.3536, 1049.415, 751.9491, 1452.392, 521.993, 2013.276, 1129.041, 385.6553, 1073.79
139.9, 309.1812, 70.40102, 234.9501, 186.7882, 934.4434, 373.0531, 319.2618, 1640.439, 852.6326, 999.4693, 708.8058, 1595.759, 487.4539, 1902.422, 1069.331, 364.2904, 1018.756
140, 289.3922, 67.1235, 218.105, 177.0529, 876.6826, 352.1446, 301.8365, 1551.272, 970.1882, 951.9009, 668.1379, 1519.73, 455.2001, 1797.672, 1012.78, 344.1091, 966.5424
140.1, 270.8698, 63.99857, 202.4677, 167.825, 822.4922, 332.408, 285.3622, 1466.952, 928.0426, 906.5964, 629.8033, 1447.324, 425.0804, 1803.895, 959.2188, 325.0458, 917.0048
140.2, 253.5329, 61.01912, 187.9514, 159.078, 771.6514, 313.7775, 269.7871, 1387.214, 897.3003, 863.4482, 593.6682, 1441.129, 396.9538, 1704.57, 908.4904, 307.0386, 870.0061
140.3, 237.3056, 58.17837, 174.476, 150.7869, 723.9533, 296.1912, 255.0621, 1311.811, 929.5524, 822.3535, 559.6063, 1562.826, 370.6882, 1610.714, 860.4448, 290.029, 985.2577
140.4, 222.117, 55.46988, 161.9667, 142.9279, 679.2036, 279.5906, 241.1408, 1240.507, 951.8225, 783.2147, 527.4988, 1488.366, 346.1605, 1522.026, 814.9401, 273.9617, 934.7609
140.5, 207.9005, 52.88748, 150.3542, 135.4786, 637.2199, 263.9204, 227.9793, 1173.078, 1182.707, 838.1601, 497.2334, 1479.499, 323.2558, 1438.221, 771.8419, 258.7845, 886.8522
140.6, 194.5939, 50.4253, 139.5744, 128.4175, 597.8314, 249.1285, 215.5361, 1109.315, 1154.693, 857.7076, 468.7045, 1437.253, 301.8666, 1443.796, 731.0229, 244.4482, 889.5609
140.7, 231.0853, 48.07775, 129.5674, 121.7244, 560.8776, 235.1656, 203.7721, 1049.017, 1104.532, 981.4778, 441.8125, 1550.451, 475.1712, 1376.787, 692.3627, 230.906, 843.9688
140.8, 216.2948, 45.8395, 120.2779, 115.3802, 526.2081, 221.9853, 192.6502, 991.9969, 1056.551, 1039.585, 416.4634, 1519.71, 763.5998, 1300.98, 655.747, 218.114, 800.7134
140.9, 202.451, 43.70544, 111.6544, 109.3666, 493.6815, 209.5437, 182.1353, 938.0762, 1148.375, 1112.812, 392.5687, 1496.748, 713.074, 1249.585, 621.0677, 206.0307, 813.2797
141, 189.4932, 41.67073, 103.6491, 103.6665, 463.1656, 197.7994, 172.1944, 887.0864, 1098.489, 1059.85, 370.045, 1425.437, 794.4331, 1424.266, 588.2225, 194.6169, 813.9409
141.1, 211.7959, 39.73075, 96.21786, 98.26342, 434.5359, 186.7133, 162.796, 838.8681, 1073.918, 1009.407, 348.8135, 1379.317, 789.0773, 1414.38, 557.1143, 183.8353, 772.2245
141.2, 198.2399, 37.88109, 89.31938, 93.14197, 407.6759, 176.2486, 153.9105, 793.2708, 1164.992, 1047.017, 328.8003, 1405.492, 736.8657, 1336.502, 527.6512, 173.651, 831.1097
141.3, 226.9341, 36.11754, 82.9155, 88.28745, 382.4762, 166.3704, 145.5101, 750.152, 1114.384, 1101.392, 309.9353, 1338.528, 688.1089, 1262.913, 499.7463, 164.0309, 788.5134
141.4, 212.4093, 34.43609, 76.97075, 83.68594, 358.8342, 157.0458, 137.5681, 709.3769, 1133.8, 1048.972, 292.1526, 1333.334, 642.5782, 1193.375, 473.3172, 154.9438, 748.1002
141.5, 234.4454, 32.83292, 71.45222, 79.32426, 336.6536, 148.2439, 130.0596, 670.8182, 1084.547, 1417.409, 275.3903, 1303.65, 600.0601, 1259.88, 448.2858, 146.3601, 709.7583
141.6, 219.4398, 31.30438, 66.32935, 95.18879, 315.844, 139.9353, 122.961, 634.3553, 1037.433, 1485.982, 259.5897, 1324.913, 657.0977, 1190.509, 424.5781, 138.2519, 816.8295
141.7, 205.3946, 29.84701, 61.57376, 90.22758, 296.3207, 132.0923, 116.2497, 599.8745, 992.3667, 1415.259, 244.6957, 1261.788, 833.2438, 1154.537, 402.1243, 130.5929, 800.7004
141.8, 192.2484, 28.45748, 275.1059, 85.52496, 278.0042, 124.689, 109.9048, 567.2679, 949.2576, 1402.994, 230.6562, 1308.117, 833.2225, 1090.967, 380.8579, 123.3582, 759.6627
141.9, 179.9436, 27.13264, 255.3817, 165.8041, 325.1193, 117.7005, 103.9062, 536.4336, 971.3741, 1336.221, 217.4223, 1284.099, 799.6202, 1030.897, 360.7162, 116.5243, 822.6398
142, 168.4264, 25.86948, 237.0718, 157.1624, 305.0227, 111.1038, 98.23497, 507.2754, 1024.686, 1516.368, 300.3176, 1222.919, 746.7111, 1118.331, 341.6396, 110.0689, 835.1837
142.1, 157.6464, 24.66513, 220.0746, 207.6042, 365.5776, 104.8767, 441.3434, 479.702, 980.1727, 1444.199, 283.0868, 1255.625, 835.6541, 1056.754, 323.572, 103.9712, 792.3785
142.2, 180.5768, 23.51685, 204.296, 196.784, 342.9801, 98.99872, 417.2548, 453.6275, 937.5933, 1375.464, 266.8446, 1304.88, 780.3606, 998.5674, 306.4598, 98.21133, 751.7673
142.3, 242.6144, 22.42202, 189.6487, 194.3595, 464.8532, 147.4719, 394.481, 428.9702, 959.7878, 1310.001, 388.4495, 1242.709, 811.9908, 1016.949, 290.2527, 92.77053, 753.453
142.4, 280.3952, 21.37816, 215.2751, 184.2296, 494.7595, 139.2066, 372.9502, 405.6532, 918.094, 1247.653, 366.1621, 1293.89, 890.0845, 960.9543, 274.9026, 87.63114, 956.766
142.5, 262.4486, 20.3829, 199.8407, 256.7944, 474.7138, 131.4045, 352.5945, 383.6036, 878.2114, 1281.134, 345.1535, 1301.454, 930.9399, 908.0428, 260.3644, 82.77647, 1198.236
142.6, 245.6507, 19.43398, 185.5128, 243.4104, 458.7368, 124.0397, 333.3498, 362.7526, 840.0613, 1220.16, 377.2425, 1239.448, 938.4708, 858.0447, 246.595, 78.19073, 1455.172
142.7, 229.9279, 18.52923, 172.2122, 230.7239, 579.3118, 117.0876, 315.1555, 343.0349, 844.4449, 1162.088, 355.5981, 1248.741, 876.3741, 810.7996, 233.5538, 73.85905, 1430.313
142.8, 215.2115, 17.6666, 159.8652, 244.8914, 543.5028, 110.5252, 297.9543, 324.389, 807.7617, 1198.575, 335.1956, 1189.246, 818.3863, 819.3636, 221.2023, 69.76734, 1449.974
142.9, 201.437, 16.84413, 148.4034, 232.1277, 509.9072, 104.3306, 619.8063, 306.7566, 772.6721, 1141.531, 315.9637, 1132.585, 764.2354, 774.2484, 209.504, 65.90231, 1425.03
143, 236.1196, 16.05996, 137.7634, 220.0293, 581.7349, 98.48318, 585.9772, 290.0826, 739.1067, 1087.201, 331.8144, 1078.624, 713.6675, 731.6171, 198.4243, 62.25139, 1409.783
143.1, 221.0069, 15.31228, 127.8863, 208.5615, 545.7761, 92.9635, 553.9944, 274.3149, 706.9995, 1035.457, 312.7765, 1027.234, 817.5527, 691.3333, 187.9306, 58.80273, 1406.364
143.2, 206.8614, 14.59942, 150.3344, 197.6913, 659.1989, 87.75318, 523.7573, 259.4044, 676.2869, 986.176, 339.8229, 978.2917, 923.6066, 653.2675, 177.9919, 55.54512, 1334.284
143.3, 193.6214, 13.91975, 149.838, 187.3877, 739.2219, 82.83488, 495.1706, 245.3042, 646.9086, 939.2402, 320.3255, 931.6818, 950.3572, 617.2976, 168.5788, 52.46798, 1265.899
143.4, 181.2287, 13.27171, 139.0952, 177.6212, 693.5283, 78.19224, 468.1441, 231.9706, 618.8065, 954.2988, 301.9467, 1053.279, 887.4741, 583.3083, 159.6635, 49.56131, 1279.671
143.5, 187.1456, 12.65385, 129.1225, 168.3636, 650.6592, 73.8098, 442.5927, 219.3616, 591.9251, 967.5775, 284.6224, 1032.858, 828.7518, 551.1906, 151.2197, 46.81566, 1214.085
143.6, 175.1674, 12.06475, 119.8649, 159.5886, 620.028, 69.67298, 418.4359, 207.438, 566.2115, 921.5269, 268.2921, 1013.181, 773.915, 520.8412, 143.2224, 44.22213, 1151.86
143.7, 163.9559, 11.50307, 111.271, 151.2709, 707.7584, 65.76802, 395.5977, 196.1626, 541.6149, 877.6681, 252.8988, 1017.269, 722.7067, 492.163, 135.6481, 41.77227, 1216.538
143.8, 153.4619, 10.96755, 103.2933, 143.3867, 664.0097, 98.05611, 374.0059, 185.5, 582.4012, 1099.638, 299.9901, 968.8021, 674.8867, 465.0638, 324.5534, 39.45813, 1154.187
143.9, 233.3092, 10.45695, 95.88753, 143.8078, 622.9652, 119.8046, 353.5926, 175.417, 557.1013, 1047.302, 282.7781, 922.6442, 630.2309, 439.4568, 336.7551, 37.27219, 1095.032
144, 218.3763, 9.970131, 89.01273, 136.3126, 584.4578, 143.3676, 334.2935, 421.0142, 532.9005, 997.4575, 309.8424, 1009.568, 588.5298, 415.2596, 475.1383, 244.0214, 1038.909
144.1, 227.3298, 9.505972, 113.2159, 163.6499, 548.3307, 135.3322, 316.0477, 521.4862, 571.45, 949.9849, 292.0651, 1021.559, 603.2654, 392.3949, 644.1157, 284.836, 1050.601
144.2, 238.3196, 9.063421, 460.0346, 155.1205, 634.318, 127.7473, 298.7977, 493.1404, 581.9396, 904.7716, 275.3078, 1165.877, 602.2298, 370.7891, 682.5049, 269.0564, 1176.591
144.3, 223.066, 8.641474, 436.1806, 147.0357, 595.1089, 120.5874, 282.4893, 466.3354, 583.0265, 861.7102, 259.5119, 1110.33, 606.2802, 350.3729, 646.4105, 254.1509, 1264.363
144.4, 208.7888, 8.23917, 404.908, 139.3722, 614.1459, 113.8289, 267.071, 440.9874, 557.6995, 820.6982, 244.6224, 1057.429, 668.556, 331.0809, 612.225, 240.0712, 1199.561
144.5, 195.4253, 7.855596, 375.8775, 132.1082, 620.8126, 107.4491, 252.4942, 417.0172, 533.4727, 781.6382, 230.5871, 1007.048, 624.319, 363.4276, 636.0242, 226.7715, 1138.081
144.6, 204.1664, 7.489879, 348.9284, 125.2228, 582.4382, 101.4269, 429.4761, 394.35, 510.2982, 744.4372, 249.9841, 959.0682, 614.6826, 343.4168, 602.388, 214.2086, 1209.963
144.7, 191.0988, 7.141188, 447.7563, 118.6962, 546.436, 95.74225, 406.0352, 372.9148, 488.1306, 709.0067, 372.8064, 913.3741, 705.6669, 324.5078, 570.5306, 202.3417, 1147.95
144.8, 178.8676, 6.80873, 546.7283, 112.5098, 617.0006, 90.37618, 501.5921, 352.6447, 466.9258, 675.2625, 482.0001, 869.8571, 658.9744, 306.64, 540.358, 191.1322, 1089.115
144.9, 276.6822, 6.491749, 507.5298, 106.6458, 810.1896, 85.31087, 474.2151, 408.8581, 568.2715, 643.1243, 454.3452, 828.4134, 615.3715, 403.965, 511.7811, 180.5437, 1127.062
145, 307.3105, 6.189526, 471.1418, 101.0875, 760.1093, 160.0034, 448.3324, 651.6653, 632.1251, 902.8311, 428.2771, 788.9443, 574.6536, 381.7221, 484.7155, 284.1931, 1171.602
145.1, 287.6412, 5.901373, 437.3625, 95.81886, 713.1246, 160.1448, 480.5587, 616.2435, 604.6652, 912.1844, 434.0802, 751.3556, 536.63, 360.7039, 527.9908, 268.4491, 1111.554
145.2, 362.8884, 5.626635, 406.0052, 139.8381, 782.433, 151.1692, 454.3297, 582.7471, 578.3982, 868.7703, 613.6664, 715.5578, 501.1223, 340.843, 693.2665, 253.5773, 1054.584
145.3, 350.9002, 5.364686, 376.8961, 132.5498, 788.447, 176.608, 463.4506, 551.0715, 553.2722, 941.4919, 578.4572, 681.4656, 467.9641, 358.0608, 656.6031, 239.5294, 1000.535
145.4, 328.441, 5.114933, 349.8739, 125.6413, 739.7107, 166.7097, 438.1554, 521.1176, 529.2377, 983.8361, 545.268, 648.9977, 436.9999, 338.3455, 621.8785, 226.2597, 1326.675
145.5, 307.4193, 4.876808, 417.7609, 119.0929, 724.6384, 157.3661, 535.8824, 492.7918, 506.2473, 937.0118, 513.9831, 618.0767, 408.0845, 351.8405, 588.9904, 213.7251, 1258.68
145.6, 369.7422, 4.649768, 400.9743, 112.8859, 789.2225, 197.0416, 639.9107, 466.0057, 484.2556, 892.416, 484.4932, 588.6288, 381.0824, 332.4677, 557.8416, 201.885, 1194.17
145.7, 346.077, 4.433298, 372.2258, 107.0023, 934.3622, 185.998, 604.9843, 440.6757, 493.6917, 849.9426, 456.6953, 560.584, 355.867, 410.7194, 528.3401, 190.7008, 1378.492
145.8, 323.9265, 4.226906, 345.5385, 101.4254, 882.1067, 175.5734, 571.9641, 416.7224, 603.8708, 809.4907, 430.4923, 533.8754, 332.32, 400.6013, 500.3988, 180.1362, 1420.507
145.9, 303.1937, 4.030122, 320.7646, 268.1786, 1056.215, 165.733, 540.7462, 394.0712, 577.6383, 770.9641, 405.7927, 508.4393, 310.3311, 435.5116, 473.9351, 170.1568, 1347.703
146, 396.3737, 3.8425, 297.767, 335.4078, 1055.751, 156.4442, 673.4136, 372.6511, 552.5453, 734.2711, 438.8569, 484.2151, 289.7971, 411.5317, 448.871, 160.7303, 1520.184
146.1, 472.5791, 3.663612, 285.7538, 317.9265, 990.4919, 147.676, 636.6586, 352.3954, 528.5424, 863.5547, 439.3987, 461.1451, 270.6219, 501.7089, 425.1324, 151.826, 1442.271
146.2, 524.0336, 3.493053, 307.6682, 301.3563, 958.8552, 139.3992, 677.2416, 824.8058, 532.3118, 978.0745, 414.1881, 439.1741, 252.7154, 474.0841, 402.6492, 143.415, 1368.351
146.3, 490.4931, 298.7617, 285.6094, 285.6497, 899.5854, 131.5863, 640.2777, 779.9729, 509.1878, 1447.279, 390.424, 418.25, 235.9938, 447.9804, 381.3551, 135.47, 1535.48
146.4, 459.0993, 410.5333, 265.1323, 270.7617, 843.9793, 124.2113, 605.3312, 737.5769, 502.5677, 1601.107, 640.8484, 398.3228, 220.3786, 423.314, 361.1871, 307.8875, 1553.786
146.5, 429.7148, 391.421, 281.164, 263.5752, 791.8104, 117.2496, 572.2922, 697.4854, 480.7359, 1524.905, 627.5536, 379.345, 205.7966, 400.0057, 342.0857, 290.8308, 1602.037
146.6, 444.6877, 409.8992, 372.8837, 359.2185, 742.8661, 110.6781, 541.0564, 659.573, 547.1417, 1560.999, 681.6544, 361.2714, 192.1794, 377.9808, 323.9944, 274.7191, 1561.413
146.7, 416.2257, 528.6646, 346.1492, 340.4962, 696.9473, 104.475, 511.5255, 623.7214, 523.3735, 1486.705, 687.078, 344.0589, 179.4633, 415.2039, 306.8599, 259.4999, 1588.367
146.8, 430.1981, 504.0526, 321.3315, 369.7978, 653.8669, 98.61945, 641.1668, 589.8186, 500.6378, 1415.947, 727.2894, 327.6665, 167.5886, 463.3773, 290.6316, 245.1239, 1506.959
146.9, 402.6635, 480.5865, 298.2932, 350.5241, 689.4742, 93.09212, 606.1718, 557.7586, 478.8898, 1348.557, 790.4727, 312.0551, 156.4996, 437.8631, 275.2615, 231.5443, 1478.627
147, 376.8911, 458.2128, 276.9066, 332.2549, 679.2278, 87.8746, 573.0869, 527.4412, 458.0865, 1284.375, 745.1191, 297.1874, 146.1444, 413.7537, 260.7043, 218.717, 1402.844
147.1, 378.3649, 436.8807, 257.0534, 314.9379, 637.2427, 82.94949, 541.8077, 498.7718, 438.1869, 1223.246, 702.3677, 283.0281, 136.4743, 433.4452, 246.9169, 206.6003, 1376.003
147.2, 421.3429, 416.5417, 341.6871, 298.5235, 597.8528, 78.30042, 512.2357, 471.6606, 419.1518, 1281.131, 662.0692, 269.5435, 127.4441, 409.5791, 233.8587, 195.1549, 1457.514
147.3, 418.8252, 397.1497, 317.1893, 290.257, 597.3766, 73.91192, 484.2778, 446.0232, 400.9436, 1283.692, 624.0828, 256.7013, 119.0114, 387.0271, 221.491, 184.3435, 1382.813
147.4, 392.0185, 378.6604, 294.448, 306.8539, 560.4509, 137.2871, 457.8459, 421.7793, 383.5263, 1222.596, 588.2759, 244.4709, 111.1367, 365.7169, 209.7774, 256.1492, 1311.941
147.5, 366.9275, 361.0318, 346.3928, 302.0839, 567.4453, 129.5926, 432.8566, 398.8531, 366.8657, 1215.066, 554.5234, 440.0122, 103.783, 390.714, 198.6833, 375.9233, 1244.701
147.6, 372.9893, 344.224, 321.5576, 286.3394, 616.1749, 153.0623, 409.2312, 377.1732, 350.9288, 1287.881, 522.7075, 419.0482, 96.91588, 457.9097, 188.1759, 355.0976, 1248.476
147.7, 395.5202, 328.1987, 298.5031, 271.4155, 578.0873, 176.8201, 484.4117, 356.6717, 335.6842, 1226.586, 492.717, 399.0829, 90.50316, 432.6966, 178.2242, 335.4256, 1184.488
147.8, 370.2051, 312.9194, 433.8658, 257.2694, 694.0522, 272.6478, 524.3013, 337.2845, 321.1019, 1314.125, 464.4473, 380.0689, 84.51476, 408.8717, 168.7988, 316.8434, 1182.245
147.9, 387.0206, 298.3514, 402.7592, 268.5916, 651.1507, 257.3667, 495.6848, 318.9512, 307.153, 1251.581, 521.6167, 361.9608, 78.92259, 504.6401, 159.8719, 299.2906, 1292.897
148, 408.936, 284.4617, 373.8828, 254.5928, 610.9011, 242.9421, 468.6302, 301.6143, 293.8101, 1192.014, 491.6888, 344.7155, 73.70045, 476.8539, 151.417, 282.7102, 1328.867
148.1, 382.7622, 448.0628, 347.0767, 241.3235, 573.1394, 229.3259, 443.0523, 285.2199, 281.0468, 1135.281, 463.4781, 398.2681, 68.82384, 450.5977, 143.4093, 267.0483, 1344.523
148.2, 358.2636, 427.2032, 322.1925, 358.7947, 537.7119, 216.4729, 489.1876, 269.7166, 268.8379, 1081.249, 436.8859, 379.2929, 64.26991, 425.7871, 135.8251, 252.2542, 1275.613
148.3, 335.3331, 473.1498, 299.0925, 340.0945, 616.0956, 204.3403, 532.4502, 255.0559, 257.1594, 1029.789, 480.7068, 361.2218, 60.01731, 423.0796, 128.642, 238.2795, 1210.235
148.4, 313.8703, 451.1223, 277.6486, 322.3689, 765.5242, 326.8145, 503.389, 241.1922, 245.9883, 980.7773, 453.1261, 465.4898, 313.4389, 399.7842, 121.8388, 322.8609, 1236.534
148.5, 434.0381, 430.1204, 296.202, 305.5671, 734.5226, 308.4976, 475.9139, 228.082, 235.3024, 934.0985, 427.1279, 443.3119, 292.6993, 395.6913, 115.3953, 304.9748, 1533.118
148.6, 427.4858, 410.0961, 368.1757, 289.6411, 689.1196, 291.2072, 449.9385, 215.6844, 225.0807, 889.6414, 402.6213, 422.1906, 273.332, 406.4091, 109.2926, 288.0795, 1476.947
148.7, 400.1248, 673.1758, 341.7788, 326.3552, 646.523, 274.886, 425.3808, 203.9607, 215.303, 847.3, 379.5208, 438.0554, 255.2462, 384.0317, 103.5126, 272.1202, 1401.25
148.8, 374.5149, 901.3272, 329.966, 416.1298, 723.3207, 259.4794, 454.4371, 192.8743, 205.9501, 1108.753, 357.7457, 535.6186, 238.3571, 362.8864, 98.03837, 257.045, 1521.99
148.9, 350.5443, 980.89, 306.3086, 409.2954, 764.2017, 632.0804, 574.8406, 182.3905, 197.0035, 1397.371, 337.22, 565.5234, 222.5855, 342.9053, 92.8536, 242.805, 1547.586
149, 328.1078, 976.8231, 284.3474, 509.7285, 873.8964, 915.1215, 543.4657, 172.4765, 188.4456, 1330.865, 317.8719, 538.5794, 207.8575, 324.0245, 87.94302, 465.4131, 1468.269
149.1, 376.8216, 931.3471, 263.9607, 483.1616, 1013.687, 863.8317, 607.4319, 163.1014, 180.2594, 1344.539, 299.6339, 512.9192, 194.104, 306.1832, 83.29214, 477.4634, 1416.05
149.2, 352.7032, 939.926, 245.0356, 457.9794, 1077.265, 926.5842, 574.2781, 154.2359, 172.4288, 1280.547, 282.4424, 488.4815, 181.2605, 452.702, 78.88723, 564.6203, 1426.068
149.3, 330.1286, 951.7275, 227.4675, 434.1097, 1010.676, 874.652, 542.934, 145.8523, 164.9384, 1219.601, 266.2372, 465.2082, 169.2669, 427.7756, 74.71527, 583.7449, 1412.461
149.4, 308.9989, 946.3038, 211.1588, 411.4841, 1024.402, 825.6304, 513.3005, 137.9244, 157.7733, 1161.556, 250.9617, 443.0437, 158.0669, 404.2217, 70.76395, 551.406, 1340.069
149.5, 300.1485, 902.2487, 294.4348, 434.1475, 1030.329, 779.3563, 485.2845, 130.4274, 150.9196, 1106.273, 236.5627, 421.9352, 147.6079, 381.9647, 67.02158, 520.8587, 1271.388
149.6, 280.9377, 902.4022, 287.0047, 411.5199, 969.0632, 774.5486, 458.7976, 123.3379, 144.3635, 1053.622, 222.9899, 401.8324, 137.841, 360.9332, 63.47714, 492.0037, 1417.447
149.7, 448.3902, 860.3909, 266.4275, 475.5847, 1139.548, 731.1375, 433.7564, 116.6338, 138.0923, 1003.476, 266.4417, 450.8597, 128.7204, 341.0597, 60.12014, 464.7472, 1344.799
149.8, 430.6146, 820.3354, 247.3256, 450.7975, 1069.109, 830.8537, 501.1911, 110.2941, 132.0935, 1192.112, 251.1546, 429.3788, 120.2032, 322.2805, 56.94068, 439.0007, 1423.612
149.9, 403.0533, 997.6406, 229.5932, 427.3021, 1233.548, 812.555, 473.836, 104.299, 126.3552, 1158.496, 236.7445, 408.9214, 112.2496, 367.157, 53.92937, 414.6805, 1350.649
150, 377.256, 1183.588, 213.1322, 423.3808, 1157.298, 821.5378, 671.1176, 457.4235, 120.8663, 1248.434, 295.563, 579.9357, 104.8223, 346.9408, 51.0773, 551.8329, 1281.425
150.1, 391.5237, 1294.628, 362.9268, 401.3144, 1085.762, 887.3673, 759.6433, 987.1635, 115.6158, 1856.631, 278.605, 650.8708, 240.4152, 327.8377, 246.1435, 521.2619, 1352.356
150.2, 377.9026, 1646.038, 357.1802, 380.398, 1276.995, 837.6331, 735.3049, 1290.86, 110.5934, 2466.247, 262.62, 711.2029, 381.5521, 462.1008, 268.9022, 492.3846, 1385.112
150.3, 471.3839, 1569.407, 354.3852, 360.5718, 1284.652, 1058.588, 773.0729, 1288.182, 105.7891, 2424.476, 274.4287, 698.054, 398.0445, 479.6889, 296.7259, 592.146, 1474.63
150.4, 462.7841, 1496.343, 374.5256, 356.9249, 1205.244, 1024.131, 730.8784, 1257.586, 101.1936, 2656.095, 258.6833, 778.582, 504.9588, 553.7062, 281.0335, 657.1618, 1759.874
150.5, 586.8115, 1426.681, 347.6734, 419.6072, 1140.638, 1068.234, 977.8048, 1271.688, 276.6274, 2603.3, 366.0672, 741.487, 471.5468, 523.2183, 405.0541, 731.2167, 1669.676
150.6, 601.991, 1448.279, 322.7465, 451.7427, 1076.178, 1217.982, 924.4361, 1706.734, 264.6105, 2886.189, 509.2305, 887.0737, 440.3455, 494.4092, 468.6063, 854.8912, 1584.101
150.7, 563.4608, 1771.526, 299.6067, 583.5719, 1009.656, 1230.685, 873.9802, 2145.424, 253.1157, 3387.938, 646.6807, 943.135, 571.6991, 467.1863, 554.3765, 807.5312, 1562.738
150.8, 527.3967, 1689.053, 278.1259, 553.1564, 947.2463, 1161.708, 933.0312, 2307.842, 242.1202, 3821.685, 609.5773, 1177.712, 595.75, 441.4624, 572.5886, 904.83, 1482.644
150.9, 746.8564, 1610.419, 339.4051, 524.326, 977.7957, 1432.253, 882.1063, 2467.572, 336.858, 4280.43, 574.6026, 1296.708, 556.3305, 417.1548, 796.8391, 854.7033, 1573.361
151, 699.0541, 1535.446, 315.0709, 728.4941, 917.3552, 1363.667, 833.9608, 2700.394, 543.3147, 4791.842, 673.7894, 1234.927, 519.5193, 394.1857, 917.8739, 1058.244, 1492.723
151.1, 748.9015, 1497.891, 292.4814, 866.2064, 860.6506, 1287.238, 1057.73, 2647.245, 622.3964, 5020.425, 635.1306, 1176.09, 530.7072, 411.0383, 869.332, 999.618, 1553.198
151.2, 700.9683, 1481.042, 271.5116, 1119.644, 807.4512, 1215.092, 1483.644, 2698.617, 656.4919, 4845.917, 598.6898, 1120.056, 565.2373, 388.406, 889.5789, 1101.657, 1686.794
151.3, 656.1031, 1412.092, 252.0452, 1363.536, 757.5402, 1146.99, 1402.667, 2655.042, 794.3298, 5157.714, 564.3398, 1066.692, 527.8367, 394.0385, 842.5334, 1068.801, 1600.342
151.4, 731.2191, 1565.307, 233.9744, 1665.332, 710.7143, 1082.704, 1326.109, 2759.799, 851.7156, 4957.062, 549.3052, 1015.87, 581.8431, 426.8309, 930.858, 1009.591, 1518.321
151.5, 684.4177, 1492.434, 217.1993, 1578.536, 666.7829, 1022.022, 1253.73, 2763.299, 814.7165, 4921.185, 651.2205, 967.4695, 543.3438, 403.329, 1051.215, 1251.713, 1486.625
151.6, 640.6118, 1510.017, 210.7504, 1559.503, 625.567, 1176.868, 1185.301, 2681.784, 779.3247, 5058.694, 631.9192, 921.3752, 507.3919, 381.1212, 1020.877, 1228.492, 1527.987
151.7, 693.5002, 1439.718, 195.6403, 1478.222, 586.8988, 1170.092, 1120.607, 2580.292, 745.4703, 5063.68, 595.6627, 877.4769, 473.8188, 360.1361, 966.8876, 1160.435, 1570.32
151.8, 649.113, 1535.206, 248.0052, 1463.573, 550.6208, 1134.081, 1155.524, 2503.45, 713.0866, 5006.151, 561.4864, 835.6702, 466.2952, 340.3065, 1029.467, 1096.148, 1590.979
151.9, 607.5668, 1531.065, 353.5529, 1403.971, 516.5852, 1070.519, 1092.455, 2425.439, 682.1097, 4793.352, 634.1645, 795.8553, 435.4414, 321.5687, 1008.762, 1035.423, 1899.303
152, 699.0767, 1478.352, 328.2045, 1469.109, 484.6535, 1010.52, 1150.743, 2355.096, 652.4784, 4586.613, 673.3961, 757.9374, 566.0915, 362.4704, 997.6396, 1072.552, 1954.599
152.1, 654.3326, 1504.051, 357.7168, 1392.54, 454.6956, 953.8834, 1087.936, 2387.783, 624.1343, 4478.782, 634.7598, 721.826, 528.6344, 342.5123, 944.8793, 1013.134, 1927.413
152.2, 612.4523, 1434.03, 346.8229, 1319.961, 426.5895, 900.4211, 1028.556, 2257.993, 597.0215, 4589.337, 598.3403, 687.4351, 493.6558, 461.48, 894.9092, 957.0076, 1992.252
152.3, 573.2525, 1401.488, 351.8276, 1330.628, 400.2207, 849.9553, 1168.141, 2135.259, 571.0865, 4443.163, 564.0104, 654.6828, 460.9916, 436.0703, 1064.18, 903.9904, 1890.144
152.4, 536.5617, 1510.754, 326.6028, 1309.314, 375.4818, 802.3179, 1104.384, 2019.195, 546.2782, 4346.431, 531.6501, 623.4909, 635.8934, 412.0596, 1007.901, 961.618, 1793.27
152.5, 574.7173, 1525.422, 317.6631, 1241.073, 352.2721, 757.3504, 1044.106, 2003.375, 522.5475, 4139.569, 501.1466, 593.7852, 593.8176, 389.371, 954.5979, 1055.108, 1701.361
152.6, 537.9327, 1502.515, 515.4151, 1176.389, 330.4971, 714.9032, 1026.102, 2059.591, 499.8477, 4161.066, 472.3932, 565.4947, 654.9909, 367.9317, 904.1139, 1187.089, 1770.922
152.7, 503.5026, 1473.647, 739.6415, 1115.076, 310.0681, 674.835, 1080.734, 2076.406, 478.134, 4168.391, 445.2895, 538.5521, 863.6786, 347.6729, 856.2997, 1180.072, 1855.791
152.8, 471.2761, 1405.042, 818.9219, 1088.509, 290.9018, 637.0126, 1021.747, 2107.558, 457.3636, 4117.889, 419.7409, 658.6044, 854.4121, 328.5295, 811.0142, 1293.23, 1830.6
152.9, 441.1122, 1428.757, 766.0953, 1031.776, 272.9203, 601.3099, 1004.319, 1993, 437.4954, 3956.464, 395.6582, 669.7417, 797.8774, 310.4402, 768.1237, 1282.591, 1736.777
153, 412.879, 1372.863, 711.169, 998.3005, 256.0502, 567.6083, 987.5698, 1928.891, 418.4904, 4023.819, 372.9572, 637.8323, 907.4695, 293.347, 727.5013, 1402.66, 1647.764
153.1, 386.4529, 1308.95, 660.1807, 1010.726, 240.223, 535.7956, 933.668, 1824.045, 400.3109, 3832.311, 351.5587, 607.4433, 962.9302, 277.1949, 689.0273, 1324.954, 1673.316
153.2, 361.7181, 1313.297, 612.8481, 958.0474, 225.3741, 505.7659, 882.7083, 1724.897, 382.9211, 3923.358, 331.3879, 611.4641, 899.2151, 261.9322, 652.5881, 1251.553, 1736.146
153.3, 338.5665, 1252.157, 692.0464, 908.1144, 211.443, 477.4192, 834.53, 1706.851, 366.2868, 3839.213, 312.3745, 601.8571, 987.0525, 247.5098, 618.0759, 1269.132, 1717.474
153.4, 316.8967, 1193.862, 642.4291, 884.3193, 198.3731, 450.6613, 870.0175, 1842.848, 350.375, 3755.874, 294.4519, 573.1821, 921.7413, 260.3493, 585.3889, 1198.823, 1645.311
153.5, 345.5865, 1138.282, 674.736, 838.8356, 186.111, 425.4031, 822.5318, 1742.678, 335.1545, 3577.118, 277.5576, 608.975, 860.7516, 246.0141, 554.4305, 1224.042, 1588.527
153.6, 323.4673, 1085.29, 761.8901, 795.1158, 174.6069, 401.5605, 893.7363, 1647.954, 320.5952, 3559.722, 261.6327, 644.7336, 871.588, 264.9345, 525.1094, 1156.232, 1851.21
153.7, 302.7639, 1034.764, 707.2653, 753.6747, 163.814, 379.0543, 844.9561, 1611.975, 306.6683, 3444.853, 246.6214, 614.0157, 813.9168, 250.3468, 497.3389, 1231.656, 1756.331
153.8, 283.3857, 986.5905, 989.6083, 774.6143, 153.6881, 415.4335, 1005.523, 1524.355, 293.3465, 3356.359, 232.4715, 584.7614, 760.0616, 236.5624, 471.0371, 1285.344, 1666.315
153.9, 362.4029, 1065.759, 918.6569, 734.2416, 144.1882, 435.541, 950.6414, 1441.497, 280.6033, 3227.379, 481.9412, 556.9009, 709.77, 223.5369, 446.1262, 1214.138, 1684.784
154, 526.6893, 1016.142, 852.7924, 695.9733, 135.2755, 411.1303, 929.1, 1487.621, 268.4137, 3166.33, 504.8347, 530.3677, 662.806, 211.2287, 768.2402, 1146.876, 1625.623
154.1, 492.9787, 1104.866, 791.6502, 659.6994, 126.9137, 440.1514, 1594.191, 1579.222, 256.7537, 3245.691, 475.8697, 505.0988, 618.9495, 199.5981, 837.1822, 1083.34, 1589.295
154.2, 545.358, 1053.429, 867.9731, 659.1763, 206.827, 638.4822, 2069.571, 1639.575, 245.6001, 3165.721, 489.7571, 553.8743, 577.9949, 188.608, 792.9077, 1023.324, 1581.226
154.3, 510.4526, 1004.387, 805.7425, 624.8203, 194.0423, 664.606, 2061.427, 1613.181, 234.9311, 3100.28, 461.6571, 527.4854, 539.7502, 178.2229, 750.9747, 966.6331, 1500.185
154.4, 477.7813, 957.6275, 781.0621, 592.2549, 189.7491, 873.6616, 1948.914, 1601.61, 224.7255, 3091.95, 435.1694, 502.3537, 504.0361, 168.4097, 711.2593, 913.0826, 1423.297
154.5, 549.4805, 1106.609, 729.8417, 713.4918, 198.9666, 824.6955, 2102.633, 1514.553, 214.9633, 3003.618, 410.2015, 655.8894, 598.4985, 159.1369, 706.6522, 862.4988, 1436.551
154.6, 514.3112, 1055.091, 755.0206, 676.3049, 230.788, 1025.005, 2090.209, 1514.846, 205.6252, 3016.864, 386.6661, 694.6399, 558.8972, 150.3746, 722.4189, 814.7173, 1549.658
154.7, 481.3929, 1104.498, 782.0125, 641.0562, 254.279, 967.5568, 2020.294, 1432.505, 196.6927, 3004.182, 393.9153, 661.5443, 688.813, 142.0947, 684.2137, 769.5829, 1511.535
154.8, 450.5816, 1053.078, 725.945, 607.6445, 238.5613, 913.3282, 2019.131, 1354.64, 188.1482, 2913.462, 474.1826, 680.5432, 643.2357, 291.0465, 648.0291, 726.9488, 1559.756
154.9, 508.4491, 1028.384, 690.4861, 575.9743, 304.0668, 898.3237, 1952.703, 1524.247, 179.9749, 2821.349, 446.9762, 701.2266, 676.2478, 337.52, 714.8569, 759.4814, 1479.815
155, 510.3666, 980.508, 763.2787, 545.9548, 305.5398, 847.9754, 1846.124, 1462.375, 172.1567, 3222.621, 728.0575, 834.8662, 652.0725, 318.9357, 712.1033, 717.4069, 1475.305
155.1, 675.0635, 934.8605, 804.4433, 517.4998, 347.3352, 837.0221, 1810.57, 1465.036, 164.6781, 3175.324, 788.2272, 916.8146, 608.9263, 394.689, 674.4436, 978.6763, 1399.692
155.2, 702.0983, 934.3904, 746.7676, 632.1852, 504.338, 903.6872, 1711.749, 1495.291, 157.5244, 3024.199, 822.1086, 923.5427, 680.346, 372.9568, 760.0287, 924.4586, 1549.587
155.3, 693.2735, 1132.115, 765.8652, 599.236, 715.3741, 853.0383, 1618.322, 1414.013, 150.6815, 2880.266, 975.1147, 1004.272, 670.5216, 481.4507, 768.0728, 918.8138, 1470.167
155.4, 648.9008, 1079.409, 724.3274, 568.004, 671.1547, 805.2281, 1529.993, 1737.602, 144.1358, 2743.184, 919.1673, 956.4245, 805.0425, 454.9413, 727.4531, 950.2109, 1523.678
155.5, 684.4603, 1029.157, 675.8911, 597.9735, 629.6685, 784.0141, 1596.935, 1700.131, 137.8744, 2829.352, 866.4299, 910.8564, 751.7745, 429.8916, 830.5264, 938.85, 1481.611
155.6, 640.6517, 1124.907, 627.4321, 566.8074, 590.7468, 1051.993, 1509.774, 1607.719, 131.8851, 2723.734, 889.0241, 867.4593, 702.0312, 406.2212, 786.6039, 942.4056, 1526.869
155.7, 599.647, 1072.537, 582.4474, 537.2656, 554.2309, 1354.159, 1589.766, 1554.484, 126.1559, 2594.102, 857.0388, 826.1298, 655.5793, 383.8541, 841.7087, 890.1973, 1448.613
155.8, 561.2668, 1022.606, 540.688, 509.2635, 519.9722, 1466.326, 1502.996, 1591.703, 120.6756, 2521.715, 807.866, 786.7695, 612.201, 362.7185, 852.0208, 840.8813, 1374.368
155.9, 525.3432, 974.9982, 501.9226, 536.7922, 487.8311, 1650.352, 1420.963, 1599.803, 115.4334, 2442.504, 816.1761, 852.6327, 571.6929, 342.7467, 1044.416, 794.2974, 1336.914
156, 563.5374, 929.6071, 487.9543, 508.8148, 457.6768, 1678.867, 1343.406, 1671.691, 110.4189, 2584.864, 769.3478, 842.2002, 572.7448, 323.8746, 989.1817, 750.2942, 1410.227
156.1, 527.4684, 1112.639, 452.9697, 482.2956, 479.9688, 1649.992, 1270.083, 1662.828, 105.6222, 2609.797, 818.5793, 847.7988, 534.8475, 342.6461, 1165.916, 708.7287, 1390.362
156.2, 530.1136, 1060.84, 580.5717, 568.8684, 450.3004, 1621.186, 1200.761, 1712.915, 101.0339, 2485.587, 850.4886, 807.4061, 856.692, 323.7796, 1366.638, 741.7556, 1319.102
156.3, 496.1839, 1011.453, 561.2312, 612.2056, 422.466, 1530.323, 1135.224, 1808.338, 96.64493, 2586.407, 801.6917, 796.7918, 1344.345, 364.7156, 1432.607, 906.7048, 1626.973
156.4, 557.4269, 964.3649, 655.2635, 580.2977, 415.476, 1642.061, 1176.973, 1958.367, 92.44661, 3293.005, 755.6944, 811.7798, 1383.186, 362.6715, 1441.255, 918.2338, 1608.105
156.5, 577.2347, 919.4689, 608.2834, 550.0529, 389.7942, 1550.029, 1286.008, 1899.384, 88.43067, 3136.279, 712.3362, 855.9354, 1291.664, 394.0805, 1465.625, 1034.021, 1605.628
156.6, 605.3138, 876.663, 564.6717, 521.3843, 365.6998, 1494.917, 1215.817, 1796.141, 84.58919, 3170.056, 671.4658, 815.155, 1206.197, 372.3819, 1464.027, 976.7375, 1637.463
156.7, 566.5709, 835.85, 581.5795, 555.8936, 343.0948, 1548.696, 1262.652, 1698.511, 80.91458, 3105.097, 632.9402, 776.3176, 1247.321, 351.878, 1386.602, 1029.738, 1553.539
156.8, 530.3078, 796.937, 883.0627, 619.5403, 321.8871, 1537.288, 1438.975, 1666.471, 77.3996, 2979.73, 738.758, 739.3305, 1240.539, 332.5031, 1549.463, 972.6917, 1473.916
156.9, 496.3657, 759.8356, 829.0176, 618.3711, 301.9902, 1635.254, 1360.436, 1643.772, 74.03731, 3061.167, 696.3716, 704.1057, 1158.455, 414.8632, 1467.519, 918.8055, 1495.404
157, 464.596, 920.3254, 769.58, 862.3973, 283.3233, 1816.99, 1427.091, 1694.81, 70.82108, 2967.338, 779.6339, 670.5591, 1081.803, 571.4316, 1389.909, 941.854, 1418.761
157.1, 479.8036, 1029.115, 714.4038, 832.3319, 288.978, 1824.326, 1512.054, 1602.687, 67.74457, 2944.201, 734.9022, 638.6108, 1125.056, 600.4485, 1510.866, 889.6763, 1570.43
157.2, 500.8958, 1146.709, 746.7615, 859.5995, 271.1154, 1722.078, 1429.526, 1592.222, 64.8017, 2856.272, 692.7369, 608.1846, 1170.073, 636.8273, 1458.273, 840.3892, 1647.89
157.3, 571.2413, 1093.324, 724.6325, 871.8546, 254.3569, 1737.251, 1351.502, 1737.516, 61.98667, 3048.38, 652.991, 579.2081, 1572.662, 721.9678, 1381.152, 847.6914, 1576.714
157.4, 631.4895, 1086.826, 672.6789, 826.4139, 238.6343, 1639.884, 1277.737, 1783.51, 59.29393, 3243.469, 615.5255, 551.6122, 1683.64, 682.2152, 1457.643, 800.7302, 1725.994
157.5, 688.1251, 1104.897, 624.4502, 978.3879, 223.8836, 1684.214, 1207.998, 1886.516, 56.71816, 3176.976, 628.3623, 525.3311, 1719.011, 644.6515, 1380.555, 815.0708, 1637.533
157.6, 758.1372, 1053.459, 579.6793, 1295.197, 210.0447, 1589.819, 1400.716, 1839.696, 54.25429, 3289.143, 680.3676, 500.302, 1605.268, 609.1561, 1307.544, 769.9167, 1592.301
157.7, 709.6129, 1004.415, 635.0858, 1665.487, 197.0612, 1500.715, 2097.287, 1739.698, 51.89745, 3132.6, 798.3728, 757.8402, 1499.051, 575.6151, 1287.881, 727.2642, 1510.692
157.8, 664.1944, 957.6547, 589.5524, 1578.682, 206.8366, 1416.604, 2339.311, 1795.346, 49.64299, 2983.509, 878.0482, 721.7335, 1399.862, 543.9209, 1306.733, 757.0383, 1433.265
157.9, 621.6829, 1098.741, 627.3265, 2100.99, 194.0514, 1632.491, 2355.918, 1697.759, 47.48646, 3135.751, 973.6006, 687.347, 1307.236, 513.9719, 1237.626, 948.4601, 1549.564
158, 610.8405, 1047.589, 582.3494, 2248.728, 182.0565, 1581.683, 3149.898, 1842.421, 45.42362, 3052.153, 917.7401, 654.5989, 1318.354, 485.6718, 1172.174, 895.9164, 1470.146
158.1, 571.7438, 1057.7, 691.2552, 2131.525, 170.803, 1493.034, 3512.436, 2045.748, 43.45039, 3343.515, 865.0845, 623.411, 1231.121, 540.9693, 1429.209, 846.2836, 1489.512
158.2, 535.1496, 1067.467, 722.3302, 2290.542, 302.346, 1409.354, 3598.253, 1934.549, 41.56287, 3184.385, 815.45, 593.709, 1149.661, 511.1828, 1353.626, 799.4004, 1413.171
158.3, 500.8976, 1017.771, 682.2015, 2171.16, 283.6571, 1330.364, 3876.701, 1929.168, 39.75735, 3268.13, 768.6634, 565.4222, 1268.798, 483.0363, 1403.12, 755.1144, 1340.742
158.4, 468.8378, 1108.834, 633.2901, 2239.526, 266.1234, 1547.058, 3733.371, 1872.334, 38.03027, 3129.786, 750.6882, 538.4831, 1184.844, 456.4397, 1403.829, 867.5322, 1453.046
158.5, 524.5909, 1057.213, 587.8854, 2122.803, 384.8991, 1460.35, 3529.603, 1770.562, 36.37821, 3068.33, 867.451, 512.8275, 1319.646, 538.2885, 1329.587, 819.4718, 1479.149
158.6, 504.5543, 1176.955, 674.5785, 2012.163, 361.1073, 1378.502, 3477.168, 1725.61, 34.79792, 3067.518, 817.6808, 488.3942, 1334.459, 508.6495, 1259.272, 774.0739, 1403.339
158.7, 472.2605, 1122.162, 643.7626, 1932.015, 338.7862, 1301.241, 3336.004, 1631.814, 33.28628, 3104.688, 770.7662, 465.125, 1246.161, 562.6552, 1336.463, 889.0859, 1331.414
158.8, 509.7546, 1115.079, 597.6071, 2103.8, 317.8448, 1327.783, 3282.416, 1714.796, 31.8403, 3180.066, 815.2679, 442.9645, 1212.724, 531.6746, 1283.081, 964.4357, 1263.176
158.9, 578.5575, 1063.167, 554.7607, 1994.151, 298.1978, 1253.365, 3145.3, 1796.045, 30.45714, 3346.452, 768.4917, 421.8598, 1132.48, 502.3998, 1323.001, 911.007, 1198.436
159, 541.5272, 1083.496, 754.7038, 1959.18, 279.7653, 1246.65, 3127.353, 2064.597, 29.13406, 3263.354, 724.3993, 401.7606, 1057.547, 474.737, 1419.102, 938.9036, 1137.013
159.1, 506.8669, 1033.053, 771.5239, 2542.638, 262.4721, 1391.634, 3508.752, 2081.76, 27.86846, 3351.463, 682.8367, 382.619, 987.571, 504.4221, 1434.436, 907.6586, 1078.738
159.2, 474.4251, 1113.962, 716.2084, 2715.878, 246.2479, 1410.109, 3714.252, 2164.779, 26.65784, 3253.287, 742.2441, 364.3894, 922.2255, 476.6479, 1358.576, 857.3752, 1023.45
159.3, 444.0598, 1075.238, 664.8588, 2617.577, 231.0266, 1546.72, 3915.988, 2047.11, 25.4998, 3098.451, 699.6577, 347.0284, 861.2038, 450.403, 1304.716, 930.6773, 970.9962
159.4, 428.1143, 1025.18, 641.7974, 2481.15, 216.7461, 1709.098, 3824.032, 2146.741, 24.39207, 3145.944, 659.5146, 330.4944, 804.2198, 433.3813, 1368.286, 902.0102, 921.2303
159.5, 522.8086, 1263.899, 595.7828, 2712.982, 203.3484, 1613.308, 3765.604, 2208.307, 23.33247, 3186.924, 621.6748, 314.7483, 751.0063, 494.0393, 1444.836, 852.0398, 874.0151
159.6, 489.3464, 1205.058, 553.0673, 2576.944, 190.7788, 1548.093, 3775.979, 2288.915, 22.31889, 3326.196, 586.006, 299.7523, 701.3138, 533.6224, 1523.45, 1007.185, 829.2197
159.7, 510.6566, 1208.761, 517.0653, 2481.125, 433.2726, 1489.865, 3606.873, 2164.499, 21.34934, 3321.791, 552.3838, 285.4709, 654.9093, 553.4905, 1442.882, 1056.708, 930.9052
159.8, 477.9722, 1304.016, 479.9936, 2425.524, 406.4907, 1479.612, 3526.178, 2046.846, 20.42192, 3163.695, 520.6906, 271.8698, 922.0217, 523.0146, 1366.575, 998.1677, 958.0005
159.9, 452.4277, 1262.053, 451.6869, 2512.403, 573.7435, 1476.639, 3333.719, 2001.319, 19.53477, 3085.592, 490.8159, 258.9168, 861.0135, 511.2931, 1294.304, 942.8703, 930.9232
160, 500.955, 1299.547, 419.3025, 2381.458, 538.2786, 1393.878, 3358.213, 1932.204, 18.68617, 3169.827, 600.6045, 246.5809, 888.2097, 506.8607, 1225.854, 1259.029, 1084.686
160.1, 468.8916, 1239.047, 604.0292, 2265.166, 505.006, 1315.755, 3174.921, 2193.758, 17.87443, 3131.959, 566.1447, 234.8327, 935.8613, 478.9523, 1310.254, 1189.28, 1077.984
160.2, 438.8803, 1372.433, 560.7225, 2147.106, 473.79, 1242.011, 3129.74, 2074.514, 17.09796, 3049.853, 630.1229, 223.6443, 1114.518, 572.07, 1326.965, 1317.055, 1121.403
160.3, 410.79, 1308.539, 605.2351, 2391.529, 444.5036, 1524.536, 3593.703, 1961.752, 16.35521, 3281.838, 628.4545, 212.989, 1084.482, 662.0489, 1256.788, 1276.885, 1063.929
160.4, 397.5523, 1247.62, 561.8419, 2561.244, 417.0275, 1878.253, 3397.559, 1855.12, 15.64473, 3125.643, 825.1797, 202.8412, 1137.141, 625.5955, 1344.701, 1656.802, 1377.904
160.5, 372.1071, 1246.588, 730.2021, 2489.076, 391.2497, 1860.428, 3401.73, 1754.284, 14.96511, 3196.932, 777.8348, 193.177, 1219.911, 687.0771, 1335.826, 1565.017, 1307.283
160.6, 348.2906, 1188.553, 700.2666, 2429.744, 367.0654, 1756.156, 3278.141, 1658.928, 14.31502, 3044.778, 733.2063, 183.9733, 1139.192, 649.2457, 1265.181, 1845.647, 1240.282
160.7, 420.3648, 1133.22, 650.0599, 2303.107, 344.376, 1657.729, 3210.854, 1568.756, 13.69317, 2899.866, 691.1384, 175.208, 1063.814, 613.4974, 1198.272, 1743.4, 1176.715
160.8, 393.4595, 1080.463, 613.8262, 2367.232, 323.0891, 1564.818, 3234.573, 1483.485, 13.09833, 2970.269, 651.4842, 166.8603, 1049.474, 579.7173, 1134.901, 1646.818, 1116.405
160.9, 368.2763, 1064.707, 682.5524, 2243.853, 303.1179, 1477.115, 3173.561, 1402.849, 12.52933, 2828.903, 614.1051, 158.9104, 1017.21, 547.7973, 1155.073, 1555.586, 1059.187
161, 344.7049, 1015.139, 633.6158, 2163.236, 284.3813, 1394.327, 3023.546, 1326.596, 11.98504, 2740.219, 578.8707, 151.3392, 949.9037, 517.6348, 1093.987, 1469.408, 1004.901
161.1, 322.6422, 1025.423, 588.1878, 2263.55, 266.8028, 1316.179, 2883.565, 1254.488, 11.46441, 2664.856, 545.6578, 144.1288, 947.0421, 489.1331, 1036.132, 1388.004, 953.3974
161.2, 357.0137, 1063.274, 546.0168, 2145.574, 250.3109, 1242.411, 2951.613, 1186.299, 10.96638, 2538.025, 514.3506, 137.2619, 1073.226, 462.2008, 981.3356, 1311.11, 904.5335
161.3, 334.1632, 1013.773, 559.6505, 2219.6, 234.8384, 1354.585, 2879.537, 1121.817, 10.49, 2505.086, 484.8396, 130.7221, 1223.658, 436.7513, 929.4376, 1238.476, 858.174
161.4, 312.7752, 966.5768, 719.4889, 2155.566, 220.3223, 1278.665, 2722.372, 1060.84, 10.03431, 2479.574, 457.0218, 124.494, 1694.785, 412.7032, 880.2841, 1169.866, 814.1906
161.5, 292.7562, 1048.559, 825.194, 2043.219, 206.7035, 1212.333, 2743.156, 1003.177, 9.598409, 2583.398, 430.8001, 118.5625, 2268.399, 389.9792, 833.7302, 1105.057, 772.4614
161.6, 274.0185, 999.7433, 782.5272, 2031.937, 193.9266, 1246.314, 2593.434, 948.6489, 9.181448, 2495.006, 406.0828, 112.9137, 2201.283, 368.5064, 789.6382, 1043.838, 732.8709
161.7, 256.48, 953.2003, 892.3364, 2014.322, 181.9394, 1176.462, 2663.009, 897.0844, 8.7826, 2402.948, 382.7837, 107.534, 2148.656, 348.2159, 747.8781, 986.01, 695.3096
161.8, 240.0641, 908.824, 863.9451, 2038.755, 170.6931, 1240.207, 2517.662, 848.3228, 8.401078, 2513.358, 360.8214, 102.4106, 2169.534, 329.0427, 708.3265, 931.3861, 659.6733
161.9, 309.8739, 994.9366, 916.0186, 2211.662, 227.0773, 1170.698, 2433.416, 802.2115, 8.03613, 2528.346, 340.1192, 97.53136, 2025.98, 310.9251, 739.1038, 879.7883, 625.8635
162, 290.0406, 948.6173, 971.3894, 2096.391, 213.0409, 1105.083, 2420.689, 758.6068, 7.687036, 2439.214, 320.6048, 92.88455, 2151.328, 403.554, 700.0162, 831.049, 746.532
162.1, 271.4767, 1078.789, 901.7442, 1988.928, 199.8722, 1052.288, 2487.091, 717.3721, 7.353106, 2388.351, 302.21, 88.45914, 2090.271, 381.3338, 760.7364, 785.0098, 751.4023
162.2, 281.6241, 1028.566, 849.6748, 1891.88, 187.5175, 993.3105, 2389.876, 678.3788, 7.033682, 2570.372, 284.8706, 84.24457, 1951.962, 360.337, 720.5048, 898.4871, 792.3973
162.3, 263.5988, 980.6808, 815.7687, 1918.518, 175.9265, 1111.012, 2259.436, 641.5051, 6.728135, 2448.038, 268.5261, 80.2308, 1822.805, 340.4964, 709.6711, 848.7119, 751.7851
162.4, 246.7273, 935.0253, 757.2809, 1818.526, 165.0519, 1226.719, 2195.856, 606.6356, 6.43586, 2331.527, 253.1193, 76.40826, 1717.726, 321.7482, 837.4502, 801.6941, 713.2543
162.5, 354.6166, 891.4952, 802.7535, 1792.896, 154.8496, 1157.966, 2387.08, 573.6614, 6.156282, 2220.562, 238.5966, 72.76785, 1661.848, 304.0323, 793.1616, 917.8214, 676.6984
162.6, 331.9195, 849.9916, 745.1989, 1737.524, 145.2778, 1149.782, 2302.19, 542.4797, 5.88885, 2114.877, 224.907, 69.30087, 1775.23, 287.2918, 751.2151, 903.1428, 822.0468
162.7, 310.6751, 810.4203, 691.7708, 1646.964, 136.2978, 1233.186, 2176.536, 512.9928, 5.633034, 2014.222, 212.0029, 65.99908, 1657.766, 271.4731, 711.4871, 853.1096, 813.1859
162.8, 290.7905, 772.6912, 642.1733, 1561.125, 127.8728, 1199.825, 2057.741, 485.1087, 5.388331, 1996.845, 199.8392, 62.85461, 1607.899, 256.5254, 673.86, 886.5462, 771.5082
162.9, 272.1786, 820.8605, 596.1317, 1479.76, 119.9686, 1150.036, 2084.033, 458.7403, 5.154259, 2201.385, 188.3734, 59.85995, 1501.508, 242.4008, 638.2228, 997.2454, 833.6124
163, 254.7579, 861.1996, 553.3912, 1402.636, 161.8578, 1137.491, 1970.286, 433.8051, 4.930355, 2096.613, 177.5654, 57.00797, 1465.11, 229.0538, 604.4703, 941.999, 808.0635
163.1, 407.3113, 821.1064, 513.715, 1563.315, 168.6646, 1073.738, 1968.078, 410.2253, 4.716177, 2169.061, 167.3775, 54.29186, 1389.381, 216.4418, 674.5954, 944.0308, 896.002
163.2, 381.2415, 782.8798, 476.8834, 1481.836, 162.2678, 1132.876, 1953.167, 387.9272, 4.511303, 2065.828, 157.7742, 51.70517, 1297.449, 204.5242, 638.9194, 959.541, 909.2723
163.3, 356.8403, 746.4329, 561.7397, 1509.796, 256.7572, 1069.382, 1846.563, 366.8411, 4.31533, 2015.401, 148.7219, 49.24171, 1211.599, 193.2628, 689.2922, 988.1026, 953.5002
163.4, 350.9968, 771.433, 521.465, 1431.106, 252.4466, 1136.882, 2041.936, 346.9012, 4.127869, 2021.181, 140.1889, 46.89563, 1289.747, 182.6215, 652.8389, 933.3627, 904.6311
163.5, 328.5314, 735.519, 484.0778, 1356.517, 236.8421, 1165.312, 2237.323, 328.0451, 3.948551, 1986.87, 132.1455, 44.66132, 1250.164, 172.5661, 788.9322, 1049.734, 858.2666
163.6, 354.4455, 701.2769, 449.3711, 1285.816, 222.2022, 1223.868, 2115.21, 310.214, 3.777024, 2033.91, 124.5636, 42.53346, 1205.414, 220.3427, 816.4376, 991.5803, 814.2784
163.7, 429.2952, 668.629, 417.1528, 1218.8, 208.4672, 1344.982, 1999.761, 293.3521, 3.612947, 1937.109, 117.4168, 40.50699, 1125.654, 248.2382, 893.9755, 936.6478, 822.7567
163.8, 401.8184, 637.501, 425.9874, 1155.276, 195.5812, 1561.729, 1948.421, 277.4067, 3.455999, 1844.915, 110.6799, 38.57706, 1051.172, 234.5698, 872.0303, 884.7585, 836.1569
163.9, 422.9725, 607.8221, 395.4456, 1095.064, 183.4917, 1529.26, 2048.855, 262.3281, 3.305868, 1757.109, 104.3297, 36.73909, 1048.645, 221.6541, 884.967, 1084.203, 793.3019
164, 419.7178, 579.525, 390.2589, 1037.99, 172.1496, 1649.235, 1937.028, 248.069, 3.162259, 1673.481, 98.34372, 34.98868, 1229.181, 209.4495, 897.0776, 1121.358, 752.6433
164.1, 487.6938, 552.5452, 362.2787, 983.89, 161.5085, 1597.289, 2019.203, 234.5851, 3.024888, 1694.965, 253.5005, 33.32167, 1220.104, 237.3425, 915.8513, 1059.235, 714.0685
164.2, 456.4791, 652.1548, 336.3046, 1150.444, 151.5251, 1672.854, 2119.802, 565.248, 2.893485, 1784.66, 238.9558, 31.73409, 1139.373, 224.2741, 992.4506, 1065.271, 727.7104
164.3, 530.0445, 621.7937, 312.1927, 1127.594, 208.2976, 1671.287, 2398.112, 819.3005, 2.767791, 2056.852, 265.1372, 30.22214, 1098.46, 255.3552, 939.9648, 1203.561, 690.4135
164.4, 496.1192, 687.7345, 478.0434, 1068.824, 195.4221, 1577.617, 2267.223, 1034.532, 2.647556, 2116.566, 249.9249, 309.4366, 1025.777, 241.295, 1121.046, 1335.925, 939.2311
164.5, 470.0584, 655.717, 532.1694, 1013.117, 231.4405, 1502.846, 2143.477, 1233.303, 2.532545, 2223.508, 360.6894, 311.7454, 1282.257, 228.009, 1104.785, 1279.428, 891.0933
164.6, 515.5501, 625.1901, 502.8533, 960.314, 310.6717, 1578.26, 2197.349, 1296.867, 2.422529, 2117.683, 500.6306, 365.9676, 1267.598, 301.5072, 1046.358, 1321.426, 845.4226
164.7, 534.7774, 596.0844, 470.3036, 910.2628, 291.4681, 1489.803, 2173.519, 1226.375, 2.317293, 2016.895, 471.9068, 348.5314, 1183.723, 289.0495, 991.0216, 1573.655, 1037.626
164.8, 500.5492, 838.5306, 436.5845, 968.2863, 273.4516, 1406.305, 2054.888, 1159.715, 2.216628, 2041.687, 444.831, 331.9258, 1105.399, 363.0484, 1056.443, 1486.476, 984.4454
164.9, 468.5117, 925.1028, 431.1866, 942.2231, 332.5997, 1327.485, 2047.759, 1349.146, 2.120337, 2003.178, 419.3087, 350.398, 1084.858, 358.2359, 1034.409, 1404.127, 933.9903
165, 438.5248, 1054.483, 561.8108, 893.1149, 312.0407, 1253.084, 1992.499, 1275.812, 2.028228, 2102.553, 395.2508, 618.4767, 1037.895, 338.5109, 979.7041, 1326.34, 939.5205
165.1, 410.4572, 1062.408, 521.5309, 846.566, 292.7525, 1182.852, 1932.048, 1206.464, 1.94012, 2140.405, 372.5732, 589.0098, 1138.286, 319.872, 1074.101, 1372.563, 891.3679
165.2, 384.1861, 1101.4, 484.139, 967.4513, 431.4307, 1116.557, 1946.513, 1140.886, 1.85584, 2157.448, 351.1967, 560.9469, 1148.522, 302.2594, 1017.297, 1296.525, 986.1497
165.3, 359.5964, 1082.865, 477.3499, 1002.974, 511.7074, 1053.978, 1930.421, 1078.872, 1.775221, 2054.767, 331.0467, 534.221, 1133.969, 285.6166, 963.4976, 1406.156, 1103.49
165.4, 336.5806, 1261.213, 443.1256, 971.1714, 480.0772, 1393.631, 2156.648, 1020.229, 1.698105, 1956.974, 312.0528, 508.7684, 1156.483, 269.8902, 1054.755, 1513.145, 1261.424
165.5, 315.0379, 1202.497, 411.3551, 981.5529, 450.4022, 1315.523, 2210.228, 964.7741, 1.624338, 2038.657, 294.1487, 484.5285, 1166.728, 368.708, 998.9745, 1429.318, 1196.773
165.6, 294.874, 1146.515, 381.8624, 930.3947, 422.5615, 1281.525, 2257.858, 912.3331, 1.553776, 1941.63, 277.2718, 461.4435, 1089.528, 348.4065, 946.1436, 1350.136, 1135.436
165.7, 276.0007, 1093.139, 354.4842, 881.9029, 396.4417, 1260.499, 2134.624, 862.7426, 1.486279, 1849.221, 261.3633, 439.4584, 1017.436, 329.2227, 896.1067, 1275.339, 1077.242
165.8, 258.3354, 1042.248, 329.0689, 835.9385, 371.9364, 1324.686, 2569.136, 815.8475, 1.421714, 1893.331, 246.3675, 418.5207, 950.1146, 311.0952, 848.716, 1204.687, 1022.031
165.9, 241.8007, 1055.577, 305.4759, 792.3697, 348.9459, 1250.441, 2428.913, 771.5015, 1.359954, 1803.221, 232.2321, 398.5806, 887.2475, 293.9659, 803.8315, 1137.949, 969.6495
166, 226.3244, 1006.435, 283.5743, 751.0717, 327.3765, 1180.358, 2296.342, 729.566, 1.300876, 1772.967, 218.9077, 379.5905, 828.5402, 277.7797, 761.3208, 1074.907, 987.1401
166.1, 211.8386, 1092.9, 263.243, 711.9261, 307.1403, 1114.202, 2200.511, 689.9099, 1.244365, 1688.585, 206.3478, 361.5052, 773.7175, 262.4848, 721.0583, 1015.359, 936.5469
166.2, 198.2799, 1076.754, 244.3694, 674.8209, 288.155, 1051.755, 2293.695, 652.4093, 1.190309, 1799.808, 194.5086, 344.2816, 722.5222, 248.032, 682.925, 959.1089, 997.4429
166.3, 185.5891, 1026.625, 226.849, 639.6495, 270.3433, 992.807, 2260.838, 616.9471, 1.138602, 1803.028, 183.3486, 327.8785, 674.7144, 234.375, 646.8085, 905.9753, 997.2394
166.4, 173.7106, 1123.374, 210.5847, 606.3112, 253.6326, 1002.754, 2137.441, 583.4125, 1.08914, 2079.106, 172.8289, 312.257, 630.07, 221.47, 612.6019, 986.8056, 946.1285
166.5, 162.5923, 1071.075, 195.4866, 574.7105, 237.9547, 946.5531, 2020.779, 551.7007, 1.041827, 1980.154, 162.9128, 297.3798, 588.3796, 209.2756, 580.2044, 932.1376, 897.6372
166.6, 152.1856, 1021.211, 181.4709, 544.7568, 223.246, 893.5016, 1910.485, 521.7126, 0.9965695, 1985.792, 153.5657, 283.2113, 549.4478, 197.7525, 549.5202, 880.4982, 950.5943
166.7, 142.4451, 1006.833, 168.4601, 516.3643, 209.4465, 843.4236, 1915.044, 493.3545, 0.9532778, 2327.708, 144.7548, 269.7179, 513.092, 186.864, 640.2076, 831.7195, 901.8741
166.8, 133.3279, 1193.747, 156.3821, 489.4516, 196.5, 808.5672, 1971.446, 466.5379, 0.9118668, 2216.924, 136.4494, 256.8674, 553.2325, 176.575, 606.3502, 785.6431, 891.5078
166.9, 124.7943, 1138.172, 145.17, 463.9416, 228.0462, 763.2495, 2098.57, 441.1789, 0.8722548, 2111.412, 128.6206, 244.6292, 516.6263, 166.8525, 676.1666, 742.1193, 1037.941
167, 181.8433, 1164.785, 134.7619, 439.7611, 254.374, 787.9635, 1984.03, 598.2308, 0.8343635, 2241.719, 121.241, 232.974, 498.3642, 157.6654, 714.5457, 701.0067, 1034.92
167.1, 170.2045, 1140.044, 125.0999, 416.8409, 238.6503, 743.8005, 1930.35, 688.1497, 0.7981182, 2135.027, 114.2848, 221.8741, 465.3885, 148.9841, 676.7568, 662.1717, 981.8783
167.2, 159.3106, 1086.97, 116.1307, 395.1154, 223.8986, 702.1128, 1972.209, 650.7448, 0.7634474, 2033.413, 107.7276, 211.3031, 641.5295, 140.7809, 640.9665, 747.1985, 974.2422
167.3, 240.2162, 1192.682, 107.8045, 374.5221, 210.0588, 683.0677, 1864.566, 615.3731, 0.7302828, 2084.62, 101.5467, 201.2357, 599.0809, 133.0293, 607.0689, 705.8046, 924.31
167.4, 224.8412, 1137.157, 100.0753, 355.0021, 197.0744, 644.7838, 1883.277, 581.9241, 0.6985588, 2101.067, 95.72047, 191.648, 559.441, 125.7045, 574.964, 666.7037, 876.937
167.5, 210.4504, 1084.217, 92.90028, 336.4996, 184.8926, 608.6456, 1780.488, 550.2932, 0.668213, 2001.07, 90.22848, 182.5171, 522.424, 118.783, 544.5569, 629.769, 873.6979
167.6, 196.9806, 1033.741, 86.23965, 341.8875, 173.4639, 574.5329, 1790.188, 636.8507, 0.6391854, 2037.576, 85.0516, 173.8212, 487.8563, 112.2427, 788.8178, 594.8805, 828.9188
167.7, 250.9401, 985.6152, 80.05658, 324.0684, 176.9826, 542.3321, 1692.479, 971.3953, 0.6114187, 2021.963, 80.17174, 165.5396, 580.4773, 106.0624, 994.9684, 561.9247, 786.4348
167.8, 291.2799, 1081.209, 74.3168, 307.1781, 166.0428, 511.936, 1685.485, 986.0389, 0.5848583, 2154.955, 75.57186, 157.6526, 564.4694, 100.2225, 989.4922, 530.7947, 780.8109
167.9, 272.6367, 1030.874, 68.98855, 291.1681, 155.7792, 483.2436, 1617.446, 1029.295, 0.5594517, 2052.393, 71.23591, 150.1413, 591.6041, 94.7041, 1012.578, 575.7942, 757.3932
168, 443.1941, 982.8812, 64.04231, 275.9925, 146.15, 456.1592, 1685.31, 1126.007, 0.5351487, 2088.493, 67.14873, 142.988, 552.4589, 89.48956, 1087.641, 543.8958, 751.8915
168.1, 414.8276, 1104.051, 59.45071, 261.6079, 137.116, 430.5929, 1593.326, 1180.925, 0.5119016, 2057.082, 63.29605, 136.1754, 515.9039, 84.56214, 1067.702, 624.2205, 713.3553
168.2, 388.2767, 1052.652, 55.1883, 247.973, 128.6404, 406.4595, 1537.975, 1116.735, 0.4896642, 1959.178, 59.66442, 129.6874, 481.7676, 79.90603, 1059.062, 589.6393, 704.6896
168.3, 363.4252, 1003.646, 51.23149, 247.8203, 120.6888, 412.5947, 1505.233, 1056.034, 0.4683929, 2103.486, 56.24117, 123.5086, 449.8901, 75.50629, 1003.053, 556.9739, 740.7859
168.4, 340.1643, 1104.983, 47.55838, 234.904, 113.2286, 389.47, 1584.727, 998.6324, 0.4480456, 2003.373, 53.01431, 117.6241, 420.1218, 71.34881, 1019.682, 600.7933, 753.5789
168.5, 318.3922, 1053.54, 44.14861, 222.6609, 106.2296, 367.6414, 1498.233, 944.351, 0.4285822, 1908.025, 49.9726, 112.02, 392.3232, 67.42024, 965.7556, 706.546, 714.9562
168.6, 298.0137, 1004.493, 40.98331, 211.0559, 99.66325, 347.0362, 1466.424, 893.0201, 0.4099643, 1817.215, 47.10541, 106.6829, 366.364, 63.70799, 914.6815, 719.4865, 792.337
168.7, 321.407, 974.6441, 38.04495, 200.0558, 101.7105, 327.5859, 1468.271, 1060.025, 0.3921552, 1801.567, 44.40273, 101.6, 397.4572, 60.20014, 904.0574, 679.6277, 751.7279
168.8, 300.8355, 929.2696, 35.31726, 189.6289, 95.42345, 419.7365, 1388.133, 1002.407, 0.3751197, 1715.824, 41.85511, 96.75938, 371.1583, 56.88543, 856.2463, 641.9771, 713.2001
168.9, 326.6507, 886.0074, 32.78514, 179.7455, 89.52503, 396.2115, 1312.368, 947.9201, 0.3588243, 1890.574, 39.45366, 92.14935, 378.7593, 53.75324, 918.1461, 664.5868, 727.5569
169, 305.7436, 844.7594, 30.43456, 170.3773, 224.077, 391.4669, 1469.208, 896.3952, 0.3432367, 1854.129, 37.18999, 87.75896, 489.968, 50.79351, 953.2397, 627.7694, 690.2679
169.1, 286.1746, 915.3464, 28.25251, 161.4973, 210.2262, 449.7604, 1389.019, 895.2281, 0.3283263, 1765.884, 229.3564, 83.57775, 487.4395, 47.99675, 1000.275, 645.7385, 654.8901
169.2, 267.8581, 872.7325, 26.22691, 153.0801, 223.7086, 424.5527, 1313.206, 846.5674, 0.3140636, 1810.956, 216.197, 79.59575, 568.8273, 45.35398, 947.3751, 609.9652, 692.9269
169.3, 250.7139, 832.1024, 24.34653, 174.2382, 209.8805, 400.7578, 1241.531, 926.856, 0.3004205, 1899.486, 203.7926, 75.80347, 531.1891, 42.85673, 991.2427, 661.5201, 895.2536
169.4, 316.2172, 793.3639, 22.60097, 165.157, 196.9072, 409.9967, 1173.768, 876.476, 0.28737, 1809.083, 192.1, 72.19186, 496.0415, 40.49698, 938.8207, 624.8726, 849.3698
169.5, 295.9779, 756.4288, 20.98056, 156.5491, 184.7357, 387.0177, 1109.704, 949.3769, 0.2748865, 1962.119, 181.0782, 68.75233, 463.2195, 38.26716, 1158.47, 590.2553, 1044.902
169.6, 277.0339, 721.2133, 19.47633, 148.3898, 326.0711, 365.3265, 1049.136, 964.3279, 0.2629452, 1868.734, 202.6136, 65.47668, 432.5692, 36.16011, 1326.951, 670.6213, 1153.567
169.7, 259.3025, 687.6373, 18.07995, 140.6558, 305.9157, 344.8511, 1185.331, 911.9112, 0.2515227, 1779.794, 216.2067, 62.35709, 403.947, 34.16909, 1377.282, 633.4695, 1094.444
169.8, 242.7059, 655.6243, 16.78368, 133.3249, 287.0061, 325.5232, 1120.636, 959.9832, 0.2405964, 1818.658, 203.8018, 59.38613, 377.2187, 32.28769, 1304.444, 598.376, 1038.351
169.9, 227.1716, 625.1017, 15.58035, 126.376, 269.2654, 307.2786, 1059.471, 962.3316, 0.2301447, 1802.565, 192.1086, 56.55672, 352.2589, 30.50988, 1320.55, 565.2266, 985.1334
170, 269.5856, 596.0001, 14.46329, 119.7894, 252.6213, 324.564, 1001.645, 960.1357, 0.2201471, 1754.46, 181.0864, 53.86212, 328.9507, 28.82997, 1262.11, 533.9136, 1157.439
170.1, 265.9326, 568.2534, 13.42632, 113.546, 237.006, 306.3731, 946.9752, 962.4849, 0.2105838, 1670.959, 290.7895, 51.2959, 307.1847, 27.24255, 1282.324, 504.3354, 1277.595
170.2, 248.9117, 687.3846, 12.46371, 107.628, 222.3559, 289.2018, 895.2891, 959.5338, 0.2014359, 1591.432, 274.1053, 48.85195, 286.8589, 101.6342, 1214.508, 476.3958, 1285.127
170.3, 232.9802, 694.3015, 45.3075, 102.0185, 208.6114, 390.2094, 846.4241, 1050.976, 0.1926854, 1640.711, 258.3785, 46.52443, 267.8781, 96.03809, 1173.935, 450.0039, 1219.261
170.4, 218.0684, 661.9783, 54.53293, 96.70132, 195.7165, 368.3393, 800.2262, 1049.731, 0.184315, 1705.042, 305.2908, 44.30781, 250.1532, 90.75009, 1252.3, 425.0742, 1156.771
170.5, 268.5766, 631.16, 360.7675, 91.66129, 183.6187, 347.695, 756.5497, 1061.662, 0.1763082, 1814.418, 591.1822, 42.1968, 233.601, 85.75327, 1186.072, 401.5255, 1225.322
170.6, 271.7926, 723.0446, 593.9431, 140.2854, 172.2686, 328.2078, 715.2571, 1133.624, 313.5642, 1728.064, 1085.756, 40.18636, 218.1441, 134.3727, 1260.647, 379.2815, 1230.069
170.7, 254.3967, 689.3832, 662.946, 174.1244, 161.6202, 309.8127, 676.2183, 1072.005, 451.4768, 1828.129, 1060.391, 38.27171, 316.2925, 126.9739, 1193.977, 435.1287, 1285.615
170.8, 238.1141, 768.6012, 615.4151, 165.0491, 151.6299, 292.4487, 639.3102, 1013.735, 735.2556, 1852.711, 999.551, 36.44828, 295.3641, 119.9826, 1130.834, 411.023, 1450.355
170.9, 222.8737, 802.7242, 655.6576, 156.4468, 142.2572, 276.0578, 604.4166, 1102.191, 1059.396, 1886.792, 990.5059, 34.71173, 348.5948, 113.3762, 1236.554, 388.2528, 1376.021
171, 226.1093, 765.3535, 708.5331, 148.2929, 573.7729, 444.2778, 571.4274, 1123.391, 1299.004, 1796.992, 1117.42, 33.05791, 325.529, 107.1335, 1171.159, 552.2946, 1305.497
171.1, 277.4173, 729.7224, 657.7338, 140.5639, 569.0181, 419.3774, 540.2388, 1062.328, 1242.574, 1781.964, 1358.788, 31.48289, 364.2579, 101.2346, 1109.222, 521.698, 1238.587
171.2, 259.6613, 695.7502, 682.1998, 133.2378, 533.8454, 395.8726, 510.7525, 1074.109, 1296.326, 1763.564, 1502.722, 29.98292, 396.0736, 95.66048, 1050.561, 547.7005, 1175.106
171.3, 243.0418, 663.3596, 633.2885, 126.2935, 500.8468, 427.2191, 482.8755, 1058.2, 1273.476, 1679.63, 1416.503, 28.5544, 369.8662, 90.39329, 1059.87, 517.3585, 1114.88
171.4, 265.4425, 632.4769, 587.884, 119.7111, 469.8879, 430.7265, 638.9947, 1024.533, 1218.156, 1765.78, 1470.925, 27.19395, 376.2952, 85.41611, 1174.726, 488.6974, 1057.739
171.5, 248.453, 603.0319, 616.2484, 113.4718, 440.8427, 406.5856, 604.1183, 1036.039, 1165.238, 1723.55, 1564.965, 25.89831, 351.3965, 80.71297, 1112.6, 461.6241, 1003.528
171.6, 352.8041, 574.9578, 572.0656, 107.5577, 413.5929, 524.6413, 571.1454, 979.7247, 1242.06, 1641.52, 1482.479, 24.66441, 360.604, 76.26881, 1053.76, 436.0506, 952.0945
171.7, 330.223, 548.1906, 762.1614, 101.9518, 495.6479, 1217.559, 669.6236, 1018.209, 1218.934, 1707.802, 1654.204, 23.48929, 336.7436, 72.06934, 998.0319, 411.8938, 903.2974
171.8, 672.2769, 522.6696, 998.3026, 96.63814, 465.0103, 1409.862, 695.6664, 1014.048, 1225.56, 1688.619, 1721.171, 22.37016, 391.1148, 68.1011, 1124.507, 389.0753, 857.0012
171.9, 629.248, 591.9395, 926.7278, 91.60139, 436.2666, 1351.648, 714.1476, 985.6725, 1243.629, 1662.848, 1723.5, 21.30435, 553.8257, 64.35136, 1065.037, 427.5484, 998.413
172, 588.9733, 688.0737, 1055.59, 86.82716, 409.2997, 1917.366, 709.7239, 932.0956, 1323.116, 1583.707, 1699.098, 20.28932, 517.1802, 123.7666, 1008.712, 403.8627, 990.5959
172.1, 551.2762, 656.0404, 987.0918, 82.30177, 431.9266, 2218.878, 670.9871, 910.5449, 1265.639, 1640.626, 1601.612, 19.32265, 634.6511, 131.3498, 955.3665, 514.507, 1047.574
172.2, 745.1936, 625.4985, 960.3503, 78.01223, 537.225, 2365.346, 634.3645, 885.4866, 1266.751, 1689.073, 1814.649, 18.40204, 648.4921, 206.3958, 904.8419, 486.0038, 1072.704
172.3, 734.5062, 596.3784, 1131.678, 73.94627, 504.0175, 2232.775, 599.7408, 920.852, 1271.351, 1608.683, 1872.332, 17.52529, 605.5828, 428.5287, 856.9892, 539.3018, 1178.32
172.4, 687.4944, 568.614, 1055.189, 70.09222, 472.8626, 2107.635, 915.6675, 909.7653, 1216.123, 1532.12, 1952.255, 16.69031, 589.5862, 404.9333, 1102.039, 509.425, 1117.929
172.5, 643.4916, 542.1422, 1026.787, 66.43903, 443.6335, 1989.508, 865.6902, 960.6561, 1248.147, 1459.201, 2065.085, 15.89511, 550.5746, 382.6371, 1043.757, 611.5854, 1060.632
172.6, 602.3052, 516.9028, 1188.591, 62.97626, 436.5257, 1908.296, 1019.755, 947.2578, 1193.927, 1554.175, 1946.6, 15.1378, 622.7314, 534.9441, 988.5579, 632.4615, 1006.272
172.7, 607.1862, 492.8384, 1103.373, 59.69396, 480.0658, 1801.342, 1241.091, 895.7689, 1218.561, 1480.207, 2135.517, 14.41657, 815.8071, 663.0137, 936.2779, 597.4238, 954.6983
172.8, 568.3235, 469.8943, 1024.265, 56.58273, 455.806, 1700.382, 1173.352, 908.0468, 1231.862, 1409.758, 2145.554, 13.7297, 857.1539, 626.5073, 886.7628, 564.3271, 905.7678
172.9, 531.9482, 448.0184, 982.4326, 53.63366, 427.6312, 1605.081, 1109.311, 954.614, 1277.049, 1342.662, 2213.796, 13.07556, 800.4379, 592.0109, 839.8662, 533.064, 859.345
173, 586.9075, 427.1609, 954.986, 50.8383, 401.198, 1515.121, 1048.764, 902.7252, 1239.506, 1278.76, 2142.073, 12.45259, 747.4746, 588.4222, 795.4498, 760.5367, 815.3016
173.1, 549.3427, 407.2744, 886.5168, 48.18863, 376.3987, 1430.203, 991.5226, 988.1598, 1185.661, 1217.899, 2112.978, 11.85929, 823.8143, 784.8422, 753.3823, 718.4037, 773.5154
173.2, 514.1823, 388.3138, 822.9567, 45.67705, 353.1324, 1350.044, 937.4052, 934.4476, 1250.867, 1159.935, 2156.417, 11.29426, 818.462, 806.6571, 713.5396, 678.6049, 733.871
173.3, 481.2722, 370.2358, 763.9536, 43.29638, 331.3042, 1274.379, 886.2415, 883.655, 1196.528, 1104.73, 2032.692, 10.75616, 832.6285, 762.2415, 675.804, 641.0109, 696.2584
173.4, 450.4686, 352.9995, 709.1808, 41.03979, 310.8253, 1202.953, 837.8702, 835.6233, 1230.976, 1052.151, 1916.065, 10.24369, 777.5353, 720.2714, 640.064, 605.4996, 660.5735
173.5, 421.6365, 336.5656, 658.3351, 38.90081, 315.0068, 1135.532, 792.1392, 790.2024, 1238.521, 1002.076, 1806.131, 9.755635, 726.0874, 702.0911, 606.2142, 571.9556, 626.7175
173.6, 455.8443, 320.8968, 611.1348, 36.87332, 295.5352, 1071.889, 748.9041, 747.2504, 1184.719, 1250.131, 1702.503, 9.290835, 775.6216, 663.433, 574.1545, 540.2698, 594.5968
173.7, 426.6682, 424.9089, 567.3185, 34.9515, 277.2673, 1011.812, 708.0288, 706.633, 1185.264, 1190.632, 1761.109, 8.848181, 786.6758, 725.557, 543.7903, 510.3394, 564.1223
173.8, 399.3595, 405.1273, 526.6438, 33.12984, 260.1286, 955.1035, 669.3845, 668.2234, 1254.704, 1133.966, 1660.064, 8.426616, 734.6231, 715.9852, 515.0319, 482.0672, 955.7036
173.9, 373.7986, 386.2666, 488.8853, 31.40312, 244.0492, 901.5728, 632.8494, 631.9017, 1232.205, 1079.996, 1564.818, 8.025136, 686.0146, 770.6236, 487.7943, 455.3611, 1065.834
174, 349.8738, 399.6605, 453.834, 29.7664, 228.9638, 851.0424, 598.3083, 597.5542, 1214.278, 1163.178, 1475.036, 7.642784, 640.6225, 825.1816, 461.9973, 430.1346, 1011.208
174.1, 327.4803, 381.0543, 421.2957, 28.21499, 214.8108, 922.8568, 565.6526, 565.0737, 1253.133, 1107.818, 1390.405, 7.278649, 598.2339, 779.7459, 437.5645, 406.3056, 959.3812
174.2, 306.52, 363.3143, 391.0902, 26.74444, 201.5327, 871.1334, 534.7792, 534.3586, 1198.696, 1055.093, 1310.63, 6.931863, 558.65, 736.812, 414.4239, 383.7967, 994.451
174.3, 306.196, 346.4002, 363.0504, 25.35053, 189.0754, 897.1414, 505.5909, 505.3132, 1247.3, 1334.554, 1235.433, 6.6016, 521.6853, 696.2421, 392.507, 362.5348, 943.483
174.4, 382.4703, 381.0574, 337.021, 24.02927, 177.388, 860.5938, 477.9956, 477.8465, 1250.222, 1271.038, 1164.549, 6.287071, 487.1665, 657.9061, 371.7492, 342.4507, 895.1273
174.5, 357.9905, 363.3173, 312.8578, 22.77687, 166.4231, 812.3601, 451.9066, 451.8728, 1215.001, 1311.888, 1097.733, 5.987528, 454.9317, 621.6808, 352.0892, 323.4793, 1083.832
174.6, 335.0775, 346.4031, 290.427, 21.58975, 156.136, 794.0975, 427.2414, 590.936, 1166.1, 1249.45, 1034.75, 396.5867, 424.8298, 587.4503, 333.469, 305.5589, 1028.283
174.7, 313.631, 366.9391, 269.6044, 20.4645, 146.4848, 786.2878, 403.9225, 745.5518, 1369.621, 1189.984, 975.3814, 377.6916, 396.7197, 555.1044, 315.8334, 288.6313, 975.5811
174.8, 293.5571, 349.8562, 250.2747, 19.3979, 137.4301, 786.8954, 381.8764, 705.0268, 1349.627, 1364.506, 919.4186, 359.6968, 370.4696, 680.5966, 299.1305, 272.6414, 925.5803
174.9, 274.7681, 333.5687, 232.3309, 23.36289, 128.9351, 807.1556, 361.0335, 666.7045, 1290.999, 1299.565, 866.6667, 342.5593, 345.9564, 643.122, 283.311, 444.7876, 878.1421
175, 257.1817, 318.0394, 215.6736, 22.14523, 120.9652, 837.6004, 341.3282, 630.4653, 1234.917, 1413.907, 816.9415, 448.1601, 323.0652, 607.7108, 268.328, 420.1468, 833.1353
175.1, 240.7209, 303.2331, 200.2106, 20.99102, 113.488, 795.1136, 322.6985, 596.1959, 1290.655, 1346.614, 770.0693, 426.8078, 301.6887, 574.2494, 254.1375, 396.8711, 790.4351
175.2, 225.3136, 330.8885, 185.8562, 19.89698, 106.473, 750.5499, 305.0855, 563.7892, 1234.588, 1430.199, 725.8864, 406.4729, 281.7266, 542.6304, 240.6974, 487.3032, 836.1902
175.3, 210.8925, 516.0422, 172.531, 18.85996, 99.89156, 708.4839, 288.4339, 533.144, 1180.957, 1434.613, 684.2385, 387.1068, 263.0853, 512.7524, 227.9681, 460.3071, 854.678
175.4, 197.3944, 492.0179, 160.1611, 17.87698, 93.71696, 704.3225, 272.6912, 504.1646, 1129.655, 1366.335, 644.9801, 368.6634, 327.5674, 484.5196, 215.912, 472.3022, 810.8738
175.5, 184.7603, 469.112, 148.6781, 16.94524, 87.92403, 869.9181, 467.0878, 476.7604, 1080.582, 1495.993, 607.9742, 351.0987, 335.9427, 457.8412, 204.4934, 446.1372, 769.3146
175.6, 172.9348, 458.634, 138.0184, 130.8791, 82.48917, 821.1618, 441.5941, 450.8457, 1169.05, 1535.486, 573.0915, 334.3708, 469.7083, 432.6319, 193.6788, 475.761, 781.8843
175.7, 161.8662, 444.9796, 128.123, 238.4464, 189.5524, 775.1382, 462.5974, 426.3397, 1118.266, 1462.406, 540.2102, 318.44, 438.6287, 454.2872, 183.4361, 503.298, 741.8109
175.8, 276.1699, 560.4886, 118.937, 226.0187, 214.9163, 757.7642, 437.3488, 598.2399, 1094.043, 1634.896, 509.2155, 303.2682, 409.6056, 429.2735, 446.2881, 545.9807, 703.7913
175.9, 258.4937, 977.6224, 110.4097, 214.2387, 201.6317, 715.2938, 448.5393, 565.7221, 1046.517, 1579.855, 479.9991, 288.8192, 382.5028, 405.6371, 647.5302, 515.7339, 788.3329
176, 241.949, 1207.354, 102.4937, 203.0726, 189.1682, 675.2038, 424.058, 621.6172, 1001.056, 1606.921, 452.4591, 275.0586, 412.6555, 383.3021, 685.1882, 487.1628, 747.929
176.1, 226.4631, 1239.252, 95.14525, 192.4886, 270.8578, 674.7703, 400.9128, 630.4415, 1043.095, 1727.774, 426.4991, 261.9536, 385.351, 413.6711, 795.1583, 460.1745, 709.5958
176.2, 211.9684, 1181.559, 88.32367, 182.4562, 254.1153, 1047.996, 453.0035, 596.1734, 997.782, 1790.623, 402.0286, 249.4731, 359.8531, 390.8938, 832.4901, 434.6813, 673.2274
176.3, 221.3564, 1237.512, 81.99117, 172.9466, 238.4076, 989.259, 428.2785, 716.9517, 1024.278, 1705.4, 378.9621, 237.5871, 336.0424, 369.3706, 923.7515, 590.4938, 638.7228
176.4, 207.1886, 1179.9, 76.11269, 163.9327, 223.6709, 973.4411, 404.903, 945.4114, 979.7828, 1712.88, 357.2191, 226.2674, 313.8072, 349.0325, 874.8987, 592.5576, 703.5405
176.5, 193.9276, 1124.969, 70.65569, 155.3886, 209.8451, 918.8827, 505.4832, 894.0228, 937.2204, 1631.358, 336.7235, 215.4871, 376.9789, 329.8143, 828.6296, 559.7305, 667.4824
176.6, 181.5153, 1072.597, 65.58992, 147.2898, 238.1278, 867.3821, 477.8939, 845.4276, 921.3784, 1553.716, 317.4039, 205.2204, 410.7017, 311.6543, 784.8075, 528.722, 633.2723
176.7, 169.8975, 1128.93, 60.88736, 139.6131, 223.4084, 818.7679, 451.8104, 799.4737, 916.3411, 1632.069, 299.1928, 195.4428, 383.5264, 294.4941, 743.3029, 499.4314, 600.8156
176.8, 250.4971, 1143.96, 56.52195, 132.3365, 209.5989, 772.8785, 427.1505, 848.9273, 955.6322, 1648.446, 282.0266, 186.1311, 358.1493, 278.2789, 703.9932, 471.7634, 570.0224
176.9, 234.4641, 1139.626, 52.46952, 144.2493, 296.1985, 729.561, 403.8365, 1059.931, 914.119, 1640.271, 265.8452, 177.263, 334.4513, 262.9565, 770.0188, 706.6427, 540.8074
177, 361.7816, 1230.931, 48.70765, 160.8945, 277.8896, 789.05, 381.7951, 1296.935, 874.4091, 1961.02, 250.5923, 454.9825, 312.3214, 248.4777, 831.6791, 667.4954, 656.4612
177.1, 354.6788, 1493.894, 45.21548, 184.8559, 286.4462, 744.8261, 360.9566, 1250.985, 836.4242, 1975.232, 236.2145, 520.0615, 291.6557, 234.7962, 837.0956, 630.5169, 720.8743
177.2, 387.0175, 1440.586, 41.97369, 260.4058, 558.9902, 703.0809, 341.2556, 1253.574, 800.0894, 2150.054, 222.6616, 680.9997, 321.2622, 221.868, 821.7859, 595.5869, 773.1251
177.3, 362.2466, 1373.519, 38.96432, 252.8767, 524.4373, 844.1683, 322.6298, 1185.435, 765.333, 2086.299, 209.8864, 648.554, 300.0049, 209.6516, 804.2787, 562.592, 733.5005
177.4, 339.0612, 1309.575, 36.17072, 239.6969, 941.9229, 796.8553, 305.0206, 1121, 848.4148, 2053.236, 197.8441, 688.4957, 280.1542, 363.3842, 845.0779, 678.2138, 779.7863
177.5, 317.3597, 1305.367, 33.57741, 315.529, 883.6997, 752.194, 288.3725, 1183.605, 826.3162, 2078.741, 186.4927, 840.531, 261.617, 381.7184, 800.3859, 678.2268, 739.8204
177.6, 297.0472, 1244.596, 31.17003, 299.0837, 912.5952, 929.4294, 272.6331, 1119.269, 790.4205, 1979.806, 175.7926, 811.2256, 244.3064, 360.7004, 758.0574, 640.6537, 701.9029
177.7, 278.0348, 1200.78, 28.93525, 283.4956, 856.1849, 877.3377, 257.7527, 1058.43, 756.0842, 1885.58, 165.7065, 834.8462, 228.1411, 340.8398, 980.0097, 605.1622, 856.1978
177.8, 260.2393, 1144.878, 26.86069, 268.7199, 803.2615, 828.1656, 243.6846, 1000.898, 723.2394, 1961.463, 156.1991, 887.6349, 431.3015, 322.0727, 928.1818, 571.6369, 946.079
177.9, 243.5828, 1091.578, 24.93488, 254.7143, 753.6094, 880.64, 230.3842, 1106.281, 691.8214, 1868.109, 147.2371, 907.7913, 484.5259, 454.9577, 879.0948, 855.1668, 897.5903
178, 227.9924, 1297.021, 23.14713, 364.9323, 833.5823, 837.9673, 333.1017, 1248.083, 661.7682, 1779.199, 138.7893, 982.8125, 554.4844, 429.9071, 832.6038, 807.7915, 851.5867
178.1, 213.3998, 1236.638, 21.48757, 345.9121, 891.021, 898.1251, 549.6903, 1180.242, 633.0206, 1895.837, 130.8262, 1006.256, 603.1984, 406.2358, 788.5714, 779.982, 807.9409
178.2, 390.0405, 1179.067, 19.94698, 327.8833, 923.3896, 847.788, 519.6881, 1116.089, 633.0578, 1805.607, 123.3201, 958.314, 684.0558, 428.3574, 746.8677, 760.6705, 766.532
178.3, 365.0761, 1124.175, 18.51686, 310.7942, 866.3121, 800.272, 491.3235, 1055.424, 614.947, 1828.374, 116.2445, 912.6558, 638.7933, 404.7714, 707.3696, 857.5583, 892.7689
178.4, 383.9717, 1071.839, 17.18926, 342.4275, 812.7627, 755.4192, 464.507, 998.0552, 605.9401, 1798.565, 109.575, 869.173, 596.5258, 382.4841, 669.9603, 810.0505, 963.4972
178.5, 359.3958, 1021.94, 15.95685, 327.843, 762.5234, 713.0803, 439.1541, 943.8052, 641.6291, 1712.965, 103.2881, 827.7619, 557.0549, 361.424, 634.5294, 765.1746, 940.9392
178.6, 336.3928, 1027.585, 14.8128, 320.89, 715.3895, 673.1143, 415.185, 892.504, 630.5617, 1631.439, 97.36191, 823.2972, 520.1958, 395.8496, 600.9722, 722.7847, 892.7139
178.7, 314.8621, 1166.218, 13.75078, 405.8078, 839.9897, 643.7579, 392.5241, 843.9913, 657.3428, 1726.923, 91.77574, 910.5607, 485.7755, 374.0536, 569.1898, 682.7432, 846.9601
178.8, 294.7095, 1192.361, 12.7649, 504.4437, 791.9249, 681.5682, 371.1001, 798.1155, 628.7874, 1644.733, 86.51009, 915.5845, 453.6328, 504.9345, 539.0881, 644.92, 880.4825
178.9, 275.8467, 1136.85, 11.8497, 478.1523, 742.9736, 643.3684, 350.8454, 754.7333, 601.4724, 1699.391, 81.54655, 974.9053, 423.6169, 602.603, 510.5783, 663.7834, 835.3557
179, 258.1913, 1083.924, 11.00012, 453.2312, 744.9346, 607.3096, 331.6962, 713.7092, 575.3441, 1667.279, 76.86779, 947.7931, 395.587, 599.8599, 483.5764, 627.0105, 792.5417
179.1, 351.589, 1033.462, 10.21145, 429.6089, 698.8879, 573.2717, 313.5922, 674.915, 628.2167, 1587.927, 72.45748, 902.6362, 369.4119, 566.8307, 458.0023, 618.0331, 751.9221
179.2, 329.0857, 1131.976, 9.479322, 482.7964, 724.2463, 541.1416, 296.4763, 638.2296, 641.8801, 1512.352, 68.30022, 949.748, 344.9687, 618.5903, 433.7809, 828.4216, 713.3843
179.3, 382.1598, 1079.277, 8.799688, 457.6332, 679.4784, 815.1445, 280.2945, 603.5381, 613.9965, 1440.374, 64.38148, 904.498, 322.1428, 650.0787, 410.8403, 782.5279, 676.8217
179.4, 378.7851, 1144.737, 8.168782, 433.7816, 637.4778, 861.4465, 264.996, 570.7323, 587.324, 1525.079, 60.68757, 901.119, 300.8273, 621.6498, 389.113, 739.1767, 808.6995
179.5, 354.5411, 1091.443, 7.583109, 445.057, 598.0733, 865.847, 250.5325, 539.7097, 561.8103, 1452.495, 57.20561, 858.1858, 280.9222, 610.4178, 368.5347, 698.2271, 767.2517
179.6, 331.8488, 1040.631, 7.039427, 421.8608, 561.1046, 817.319, 236.8584, 510.3734, 603.6412, 1383.365, 53.92342, 817.2982, 262.3341, 576.8074, 349.0447, 659.5461, 727.9282
179.7, 310.609, 992.1848, 6.534725, 399.8736, 526.421, 771.5107, 223.9306, 482.6317, 577.4186, 1317.526, 50.82956, 815.8452, 244.976, 545.0475, 330.5854, 623.0079, 788.0577
179.8, 290.7286, 945.9936, 6.066208, 379.0323, 493.8813, 728.2699, 211.7085, 456.3979, 648.31, 1474.528, 47.9132, 776.9749, 228.7665, 515.0364, 313.1024, 588.494, 747.6679
179.9, 272.1206, 901.9529, 5.631283, 359.2773, 463.3529, 687.4526, 200.1534, 431.59, 620.147, 1404.349, 45.16417, 890.1158, 213.6295, 514.3428, 296.5439, 555.892, 709.3481
180, 254.7037, 859.9625, 5.22754, 340.5519, 434.7117, 648.923, 189.229, 408.1306, 593.2074, 1337.511, 42.57286, 847.7069, 199.4941, 486.0224, 280.8612, 525.0962, 672.9924
180.1, 238.4015, 819.9269, 4.852744, 322.8025, 407.8408, 612.5528, 178.9008, 385.9464, 620.5847, 1273.854, 40.13023, 860.9993, 186.294, 459.2613, 266.0078, 496.0064, 704.5037
180.2, 262.6525, 1027.572, 4.504819, 305.9782, 402.1785, 578.2211, 169.1364, 364.968, 651.0204, 1404.729, 37.82775, 856.4323, 173.9673, 433.9738, 251.94, 468.5282, 725.9714
180.3, 323.739, 979.7335, 4.181839, 290.0307, 449.3032, 545.8135, 159.9049, 345.1299, 639.7352, 1337.873, 35.65738, 815.6282, 162.4563, 410.0786, 238.6161, 442.5722, 688.7637
180.4, 303.0182, 934.1221, 3.882016, 274.9144, 421.5304, 556.7124, 151.1773, 326.3701, 611.9446, 1274.198, 33.61152, 849.7628, 151.7069, 438.7965, 225.9969, 418.0542, 773.0582
180.5, 304.2938, 919.0227, 3.60369, 346.8212, 412.0906, 551.2735, 142.926, 308.63, 585.3614, 1251.49, 31.68305, 830.4792, 141.6687, 414.6357, 214.045, 394.8944, 733.4372
180.6, 314.7281, 876.2376, 3.345318, 328.745, 386.618, 520.3763, 135.1251, 291.8542, 559.9329, 1365.932, 29.86523, 870.2326, 132.2948, 391.8053, 388.3673, 373.0177, 750.7482
180.7, 387.4349, 1051.779, 3.10547, 319.9499, 457.5583, 491.2108, 127.7499, 275.9903, 622.2076, 1317.605, 28.1517, 865.6503, 123.5412, 500.8921, 367.8285, 352.3529, 734.6838
180.8, 530.3419, 1002.813, 2.882819, 346.2007, 429.2752, 463.6799, 120.7773, 619.0661, 622.1761, 1411.512, 26.53649, 824.407, 115.3667, 599.1107, 404.8479, 332.8329, 742.7159
180.9, 739.2167, 1008.184, 21.1318, 328.1569, 464.7169, 437.692, 114.1853, 585.4163, 613.0183, 1412.009, 25.01396, 1022.956, 107.7331, 566.1228, 514.1614, 314.3943, 788.4948
181, 691.9034, 1038.35, 19.61672, 311.0535, 670.4987, 511.8298, 107.953, 627.0954, 628.899, 1417.192, 320.906, 974.2185, 223.6414, 561.943, 486.9699, 296.9772, 748.0825
181.1, 647.6184, 990.0095, 134.3707, 294.8415, 747.7618, 591.4129, 102.0609, 642.1664, 601.5793, 1377.089, 302.494, 927.8026, 208.8435, 531.0016, 508.54, 452.9741, 709.7415
181.2, 606.1678, 943.9196, 124.7368, 279.4745, 701.5404, 620.3256, 96.49043, 607.2609, 575.4463, 1384.088, 404.4017, 883.5981, 195.0248, 501.7639, 481.6458, 427.8798, 673.3656
181.3, 567.3703, 899.9755, 115.7936, 264.9084, 658.176, 585.5582, 91.22396, 689.0276, 550.4485, 1318.214, 404.8966, 841.4998, 279.1414, 474.1361, 552.2084, 544.7042, 638.854
181.4, 531.056, 858.0771, 107.4916, 251.1014, 617.4921, 552.7394, 86.24494, 651.575, 526.5367, 1255.475, 448.417, 876.2645, 436.5551, 448.0295, 523.0048, 514.5282, 768.9742
181.5, 497.0659, 846.2039, 146.4422, 238.0141, 579.3231, 521.7601, 359.0888, 736.7191, 503.6636, 1195.722, 434.8015, 834.5155, 514.5261, 423.3604, 495.3456, 514.5088, 729.5624
181.6, 560.8914, 806.8088, 135.9428, 225.6089, 543.5133, 492.517, 339.4897, 737.2715, 591.2695, 1138.814, 426.353, 849.1274, 480.481, 400.0496, 536.136, 486.0056, 744.4127
181.7, 524.9918, 817.5603, 126.1962, 213.8503, 648.2783, 464.9129, 360.248, 697.1966, 565.5844, 1084.613, 647.2422, 839.2194, 716.3695, 378.0223, 532.6134, 717.912, 1010.27
181.8, 491.3899, 902.8007, 117.1484, 202.7045, 619.3839, 496.9399, 437.7924, 659.2999, 541.0151, 1199.807, 676.2151, 799.2354, 668.9689, 440.0125, 548.3148, 678.1405, 958.4915
181.9, 459.9387, 860.7709, 108.7493, 192.1396, 581.0978, 469.088, 413.8976, 793.3194, 517.5131, 1142.704, 714.7271, 761.1564, 702.7355, 415.7848, 519.3171, 640.5723, 909.3666
182, 430.5005, 820.6977, 181.0193, 182.1254, 545.1784, 470.3275, 391.307, 794.4249, 495.032, 1088.318, 815.6219, 753.5254, 656.237, 392.8911, 610.0608, 748.9481, 862.7594
182.1, 420.0257, 871.0103, 209.6936, 172.6331, 657.9619, 443.9671, 369.9494, 837.4335, 473.5274, 1127.686, 912.3352, 746.0087, 733.5037, 371.258, 756.427, 832.902, 818.541
182.2, 393.1421, 830.4604, 438.3139, 336.1808, 650.222, 419.0841, 349.7575, 942.811, 452.9571, 1074.015, 859.9897, 1288.159, 1090.544, 350.816, 716.4233, 807.0336, 776.5888
182.3, 367.9792, 791.7983, 535.9106, 318.6591, 610.0298, 395.5957, 330.6677, 954.1583, 544.114, 1085.48, 810.6476, 2064.793, 1161.673, 331.4996, 678.5352, 786.3829, 736.7868
182.4, 344.4268, 754.9362, 558.1783, 361.2456, 572.322, 421.3972, 490.7932, 1004.877, 559.9976, 1033.818, 764.1365, 1990.949, 1320.75, 313.2467, 642.6508, 742.8182, 699.0247
182.5, 322.3819, 719.7901, 518.1589, 342.4176, 536.9451, 397.7792, 568.5387, 1017.934, 535.6709, 984.6148, 720.294, 2122.029, 1233.359, 295.9989, 608.6641, 951.7635, 663.1981
182.6, 301.748, 686.2803, 481.0088, 324.5709, 503.7549, 387.5806, 677.5031, 962.6036, 512.401, 937.7534, 678.967, 2020.927, 1151.75, 279.7008, 576.4749, 899.0369, 629.2076
182.7, 310.2139, 654.3305, 446.5222, 307.6544, 472.6162, 365.8578, 640.5249, 910.2806, 490.142, 1045.244, 640.0111, 1924.641, 1190.215, 264.3001, 545.9879, 849.2312, 596.9592
182.8, 290.3588, 623.8682, 414.5081, 291.6196, 443.4023, 345.3526, 605.5649, 860.8016, 468.8499, 995.4966, 603.2903, 1879.79, 1111.461, 249.7473, 517.1133, 850.559, 566.3636
182.9, 271.7745, 594.824, 384.7893, 276.4205, 415.9943, 325.9967, 750.1273, 814.0121, 448.4828, 948.1172, 568.6763, 1790.229, 1076.344, 235.9959, 489.7657, 803.439, 537.3362
183, 254.3797, 661.041, 366.2448, 262.0136, 390.2804, 307.7256, 709.1852, 769.7659, 429.0004, 902.9929, 536.0484, 1704.935, 1015.125, 223.0016, 463.8644, 926.0717, 509.7964
183.1, 280.2201, 775.4718, 339.9863, 248.3575, 366.156, 328.7635, 754.9561, 1022.907, 410.3643, 860.0161, 505.2925, 1623.705, 1142.032, 210.7229, 439.3329, 952.2358, 483.6682
183.2, 262.2847, 803.5508, 315.6105, 235.4132, 343.5228, 358.7064, 713.7505, 967.3062, 392.5378, 904.0767, 476.3012, 1728.128, 1155.001, 199.1202, 519.7556, 899.483, 458.879
183.3, 342.5926, 766.1415, 397.4487, 223.1436, 322.2886, 338.602, 936.7173, 914.7275, 375.4857, 1133.309, 448.9733, 1818.174, 1232.379, 188.1563, 492.2683, 849.6526, 435.3604
183.4, 320.6651, 762.0531, 408.2504, 211.5134, 302.367, 319.6244, 885.5912, 865.0068, 461.056, 1079.371, 423.2133, 1731.548, 1150.835, 177.7962, 544.358, 802.5828, 413.0471
183.5, 300.141, 760.056, 378.9803, 200.4894, 283.6768, 301.7104, 1009.228, 817.9888, 441.0275, 1028, 398.9314, 1649.05, 1074.687, 168.0065, 515.5695, 758.1205, 391.8775
183.6, 280.9306, 792.0306, 361.0946, 190.04, 266.1418, 284.8004, 954.1444, 773.5264, 421.869, 979.0736, 376.0426, 1620.756, 1003.577, 158.7558, 488.3036, 886.126, 371.7928
183.7, 262.9497, 851.7203, 389.2045, 180.1352, 302.1607, 268.8383, 902.0671, 731.4808, 403.5427, 932.4759, 354.467, 1659.436, 937.1722, 150.0145, 462.4796, 837.0355, 352.7375
183.8, 398.9644, 841.8984, 361.2999, 170.7466, 382.3374, 292.0552, 949.7155, 691.7206, 386.0125, 1010.925, 334.1294, 1580.373, 1087.967, 141.7545, 550.506, 790.6646, 334.6589
183.9, 373.4289, 892.8803, 362.4888, 161.8473, 366.1022, 288.9708, 987.1302, 654.1216, 369.2439, 1065.498, 314.9586, 1505.078, 1148.331, 133.9493, 521.3924, 1073.471, 317.5068
184, 463.4957, 851.3123, 336.4997, 153.4119, 409.3551, 377.8147, 1062.492, 618.5663, 379.3014, 1226.887, 296.8878, 1433.369, 1094.441, 126.5738, 493.8185, 1014.002, 301.2339
184.1, 433.8298, 811.6794, 312.3738, 145.4161, 384.0516, 356.6393, 1004.501, 584.9437, 390.7719, 1168.495, 279.8538, 1438.347, 1065.03, 119.6045, 625.1445, 957.827, 285.7949
184.2, 467.316, 773.8917, 433.9658, 137.8371, 466.1368, 509.7386, 1198.826, 553.1487, 373.7965, 1112.882, 263.7971, 1393.257, 994.5588, 113.0189, 592.0836, 904.7643, 271.1472
184.3, 459.7869, 737.8632, 402.852, 130.6531, 437.3235, 512.3275, 1198.873, 523.0818, 357.5586, 1190.812, 248.6617, 1455.581, 928.7509, 106.7959, 560.7712, 854.6414, 257.2503
184.4, 430.3584, 703.512, 373.9689, 134.7694, 410.2912, 611.2658, 1133.439, 494.6494, 342.026, 1134.137, 234.3947, 1386.231, 867.2974, 100.9156, 531.1147, 807.2951, 244.0656
184.5, 402.8135, 670.76, 347.1567, 136.4616, 384.9298, 577.0062, 1071.575, 467.7623, 327.1682, 1080.159, 220.9462, 1412.309, 849.843, 95.35905, 503.0267, 762.5718, 231.5567
184.6, 377.0316, 639.5328, 322.2668, 129.3493, 361.1361, 560.6645, 1013.089, 442.3368, 367.8228, 1028.751, 208.2694, 1467.098, 793.6107, 90.10845, 476.424, 720.3262, 219.6888
184.7, 352.8998, 609.7593, 335.9036, 122.6077, 338.8132, 529.241, 1045.124, 418.2932, 351.8444, 1039.689, 196.3199, 1485.419, 765.5169, 85.14696, 451.2283, 680.4208, 208.4293
184.8, 330.3126, 746.736, 311.8205, 245.2278, 317.8701, 499.5786, 988.081, 395.5566, 336.56, 990.2064, 185.056, 1444.944, 838.5576, 80.45865, 427.3651, 642.7263, 197.7468
184.9, 374.3515, 711.9717, 289.4641, 238.5569, 298.2216, 471.5787, 934.1514, 374.0558, 321.9396, 943.0788, 174.4383, 1421.361, 989.4144, 76.02848, 404.7638, 607.1199, 466.7792
185, 350.3913, 678.8259, 268.7105, 226.1234, 279.7876, 481.3793, 883.1652, 353.7237, 307.9544, 1012.142, 164.4299, 1353.641, 935.5734, 71.84225, 383.3578, 573.4861, 606.9177
185.1, 327.9646, 682.4376, 249.4449, 244.8878, 262.493, 499.9648, 834.9619, 334.4968, 294.5766, 963.97, 154.9957, 1330.799, 964.3788, 258.9823, 363.0839, 704.2018, 575.8118
185.2, 306.9734, 650.6667, 231.5606, 232.1244, 246.2675, 471.9432, 789.3896, 316.315, 281.78, 918.0912, 146.1028, 1463.628, 900.5679, 244.7224, 343.8822, 665.1898, 546.3
185.3, 287.3257, 620.3749, 214.9585, 220.0262, 231.045, 445.4922, 845.0243, 299.1214, 269.5393, 874.3959, 137.7201, 1449.649, 840.9792, 231.2476, 325.6959, 628.3389, 518.3009
185.4, 268.9355, 591.4934, 199.5468, 232.8043, 216.7634, 420.5238, 798.9027, 282.8625, 257.8304, 832.7802, 129.8184, 1432.422, 785.3334, 218.5148, 308.4715, 593.5296, 491.7368
185.5, 251.7224, 563.9564, 185.24, 220.6706, 203.3646, 396.9547, 873.4887, 267.4873, 307.3557, 793.1451, 122.37, 1428.628, 733.3695, 206.4831, 292.1579, 560.6487, 466.5341
185.6, 261.3946, 537.7014, 171.9589, 209.1694, 190.794, 403.0084, 825.8135, 252.9478, 294.004, 755.3964, 115.349, 1360.562, 684.844, 195.1138, 276.7071, 529.5894, 442.6231
185.7, 244.6641, 512.6688, 159.6301, 198.2675, 179.0004, 433.3633, 780.7405, 239.1986, 281.2322, 849.1912, 108.7308, 1295.739, 639.5293, 184.3706, 262.0734, 500.2507, 419.9376
185.8, 229.0045, 526.1846, 148.1852, 187.9339, 167.9359, 425.8286, 738.1276, 226.1968, 269.0153, 808.775, 102.4923, 1324.237, 597.213, 174.2189, 248.2136, 472.5373, 398.4148
185.9, 253.8981, 501.688, 137.5608, 178.1389, 157.5553, 401.9622, 697.8405, 213.9017, 257.3291, 770.2825, 96.61182, 1288.979, 557.6967, 164.6261, 235.0868, 446.3593, 377.9951
186, 262.1755, 478.332, 127.6982, 168.8543, 147.8163, 379.4335, 659.7523, 202.2749, 246.1506, 804.1278, 91.0687, 1227.566, 520.7951, 186.3544, 222.6542, 421.6314, 358.622
186.1, 245.395, 456.0632, 118.5427, 160.0537, 138.6793, 358.1674, 738.5293, 191.2801, 235.4577, 765.8564, 85.84361, 1169.08, 486.3352, 336.1297, 210.8791, 565.4719, 340.2418
186.2, 274.0905, 643.1144, 110.0436, 151.7118, 130.1071, 338.0932, 698.2203, 180.883, 225.2292, 729.4066, 80.9183, 1172.154, 558.2044, 338.9402, 199.7268, 534.1453, 322.8036
186.3, 256.5474, 613.1742, 102.1538, 143.8046, 122.0648, 354.11, 660.1113, 171.0509, 215.4451, 694.6914, 76.2756, 1302.638, 521.2692, 320.2777, 189.1642, 504.5542, 306.2591
186.4, 240.1272, 584.6279, 94.82978, 136.3096, 114.5196, 384.7119, 624.0823, 161.7533, 206.0861, 790.1657, 71.89926, 1353.338, 486.778, 333.9464, 179.1602, 476.6024, 290.5626
186.5, 414.8355, 557.4105, 88.03082, 129.2052, 107.4408, 373.1216, 590.0198, 152.9611, 220.058, 896.9277, 67.77402, 1288.859, 512.5622, 315.5588, 169.6853, 450.1992, 275.6706
186.6, 388.2841, 608.0748, 81.71932, 122.471, 100.7996, 430.1564, 766.0995, 144.6468, 210.4986, 854.2396, 63.88547, 1259.252, 478.647, 298.1837, 160.7115, 425.2586, 261.5418
186.7, 363.4322, 579.7659, 75.86034, 116.0879, 94.56882, 406.0474, 849.2494, 136.7844, 225.9733, 813.5833, 60.22003, 1293.742, 562.6502, 281.7653, 152.2122, 401.6998, 248.1372
186.8, 340.1708, 595.9257, 70.42142, 110.0375, 88.72324, 506.2761, 802.8972, 129.3494, 216.1569, 951.7269, 56.76489, 1258.327, 944.792, 358.3395, 144.1625, 379.446, 235.4196
186.9, 464.7704, 602.0948, 65.37245, 160.2641, 141.9408, 494.5549, 759.075, 122.3185, 273.6317, 906.4308, 53.50799, 1260.939, 1107.808, 458.9451, 136.5384, 587.2761, 398.1797
187, 511.9702, 671.3953, 60.68548, 287.4506, 155.6825, 549.5056, 717.6445, 459.2794, 274.5278, 863.2904, 50.43795, 1200.863, 1104.743, 662.3719, 404.1242, 554.7416, 563.461
187.1, 509.4773, 721.0037, 56.33455, 272.4688, 146.0593, 539.4811, 678.4754, 500.7863, 262.6021, 822.2032, 47.54406, 1143.648, 1116.601, 625.9008, 394.6027, 562.5679, 881.4244
187.2, 715.2678, 687.4374, 52.29556, 285.1955, 172.5128, 509.2448, 641.4441, 652.0384, 278.3358, 783.0716, 248.0708, 1152.933, 1315.027, 651.5087, 496.766, 531.4023, 836.2493
187.3, 690.1316, 655.4337, 48.54615, 270.3312, 161.8493, 480.7032, 606.434, 803.9091, 368.5629, 846.862, 233.8377, 1098.002, 1228.014, 897.4139, 470.4944, 638.2774, 793.3896
187.4, 800.0453, 624.92, 45.06557, 261.7217, 151.8449, 511.9114, 573.3347, 967.9147, 611.0709, 806.5568, 368.7539, 1129.238, 1146.759, 1054.237, 550.7134, 619.8064, 752.7265
187.5, 748.8387, 595.8268, 41.83453, 248.0809, 142.4589, 553.046, 542.042, 1033.748, 584.5256, 1086.15, 438.5215, 1143.906, 1070.88, 996.1896, 633.7966, 585.4698, 714.1475
187.6, 700.9096, 568.0881, 38.83514, 269.6324, 133.6531, 522.0494, 512.4573, 977.5578, 559.1334, 1034.456, 413.3613, 1127.264, 1134.772, 941.338, 600.2782, 675.8392, 677.5457
187.7, 656.0482, 541.6408, 36.0508, 255.5792, 125.3916, 492.7902, 484.4873, 924.4219, 534.8443, 985.2225, 389.6446, 1073.557, 1059.687, 1105.438, 619.6794, 638.3984, 642.8199
187.8, 777.7714, 516.4247, 33.46608, 250.7738, 117.6407, 465.1708, 458.0439, 874.1743, 511.6103, 938.3322, 454.5989, 1073.055, 1082.717, 1044.571, 723.9484, 745.9395, 609.8738
187.9, 727.9904, 492.3826, 31.06668, 237.7036, 110.369, 439.0994, 433.0438, 1199.944, 530.4912, 893.6736, 428.5161, 1085.035, 1011.076, 1195.936, 797.2947, 704.6152, 578.6164
188, 791.887, 469.4597, 28.83931, 261.868, 103.5467, 414.4892, 627.9409, 1330.419, 507.4463, 851.1404, 510.4017, 1066.18, 961.5116, 1377.82, 971.6328, 729.4443, 548.9609
188.1, 741.2026, 614.642, 26.77164, 248.2196, 235.4942, 391.2583, 593.6678, 1470.787, 485.4025, 810.6315, 550.251, 1015.383, 989.678, 1301.955, 1065.303, 793.9683, 520.8254
188.2, 693.7623, 586.0274, 24.85221, 235.2825, 220.9376, 369.3295, 561.2653, 1390.841, 464.3163, 772.0506, 518.6802, 1026.948, 942.8086, 1473.735, 1029.442, 837.949, 494.1318
188.3, 649.3583, 558.7449, 23.07039, 223.0196, 207.2808, 403.9788, 530.6313, 1315.241, 444.1461, 735.3059, 488.9208, 978.0196, 905.7877, 1392.589, 975.0001, 791.5275, 468.8064
188.4, 607.7964, 532.7325, 21.41632, 211.3959, 262.1046, 408.9857, 501.6694, 1243.75, 424.8521, 700.31, 460.8689, 1000.278, 845.8536, 1315.911, 1039.903, 836.8984, 444.779
188.5, 581.0865, 507.9312, 19.88085, 200.3781, 245.9031, 428.9811, 474.2882, 1176.145, 445.2421, 666.9797, 576.098, 952.6208, 789.8853, 1243.455, 984.9075, 849.6683, 421.983
188.6, 596.3034, 484.2845, 18.45546, 189.9344, 230.7031, 450.0227, 448.4015, 1112.215, 425.9005, 635.2357, 607.5659, 907.2339, 787.8748, 1208.619, 932.8205, 1006.801, 400.3554
188.7, 558.1373, 461.7386, 17.13227, 180.0351, 352.9043, 444.9818, 423.9277, 1051.76, 407.3991, 605.0024, 572.7066, 925.4583, 770.1425, 1173.393, 883.4882, 951.0256, 379.8362
188.8, 551.4667, 440.2423, 15.90395, 170.6518, 450.807, 617.1625, 479.4672, 994.5903, 389.7014, 576.2082, 539.8474, 978.9562, 783.8649, 1179.027, 836.7648, 898.3398, 360.3687
188.9, 516.1703, 494.1682, 14.76369, 161.7575, 472.4885, 582.5724, 548.2244, 940.5286, 372.7725, 548.7844, 577.2684, 1093.005, 731.9982, 1114.109, 851.6885, 848.5727, 479.5333
189, 483.1331, 504.1005, 13.70519, 153.3267, 443.2825, 549.921, 518.3022, 889.4055, 356.579, 522.6657, 544.1475, 1122.454, 683.5634, 1052.764, 911.1523, 953.3853, 454.9561
189.1, 452.2104, 520.5392, 12.72258, 145.3354, 415.8819, 813.4974, 553.7605, 841.0612, 393.3866, 497.7901, 512.9269, 1122.599, 665.0018, 994.7975, 862.9659, 900.5687, 431.6385
189.2, 423.2668, 496.3055, 11.81041, 137.7606, 390.175, 1147.75, 523.5362, 795.3447, 376.2976, 474.0985, 516.3452, 1175.396, 621, 954.7446, 817.3279, 935.4539, 409.516
189.3, 479.4862, 602.9174, 10.96365, 191.5003, 470.358, 1083.422, 494.9615, 752.1132, 359.951, 451.5344, 622.8867, 1119.395, 579.9097, 1157.153, 774.1034, 883.6307, 513.5566
189.4, 498.0777, 574.8486, 10.17759, 181.5194, 441.2838, 1022.7, 467.9464, 711.2315, 344.3145, 430.0442, 587.1484, 1147.217, 674.1049, 1093.438, 733.1649, 834.6785, 487.2356
189.5, 466.1985, 548.0865, 9.447895, 172.0586, 414.0067, 965.3807, 522.6458, 672.572, 329.3573, 409.5768, 630.2828, 1092.559, 665.4194, 1033.232, 694.3914, 788.4382, 462.2636
189.6, 436.3596, 566.0048, 8.770514, 163.091, 388.4156, 911.2741, 494.1197, 636.0139, 315.0498, 390.0836, 594.1202, 1040.504, 621.39, 976.3408, 657.6684, 744.7595, 438.5715
189.7, 509.27, 539.6545, 8.1417, 183.836, 403.0763, 913.7877, 552.2235, 601.4429, 301.3638, 371.5181, 560.0324, 1078.246, 672.2416, 922.5821, 622.8875, 703.5006, 549.0624
189.8, 476.6744, 514.5309, 7.557969, 174.2545, 472.166, 883.0046, 522.0831, 568.751, 288.2724, 353.8362, 527.9004, 1026.873, 627.7608, 968.5845, 706.715, 765.003, 520.9216
189.9, 446.165, 490.5769, 7.016089, 165.1725, 451.2276, 1031.06, 493.5877, 537.8361, 275.7496, 336.9958, 497.612, 977.9488, 586.2232, 915.2529, 743.0474, 722.6226, 494.2232
190, 417.6084, 467.7381, 6.51306, 156.5638, 423.3358, 1036.411, 466.6476, 508.6017, 263.7709, 320.957, 526.363, 931.3552, 663.0303, 864.8578, 780.9686, 682.5901, 468.8931
190.1, 412.0572, 445.9626, 6.046097, 148.4037, 397.1681, 1329.8, 441.1779, 480.9562, 252.3125, 305.6815, 496.1628, 944.6683, 619.1589, 817.2375, 739.6669, 644.7753, 444.8612
190.2, 385.6837, 425.2008, 66.3074, 140.669, 372.618, 1255.269, 611.7028, 454.8135, 241.3519, 291.133, 467.6953, 899.6603, 744.2888, 847.5824, 700.5496, 609.0555, 422.061
190.3, 360.9981, 405.4055, 61.55339, 133.3373, 349.5853, 1305.089, 578.3159, 430.0918, 230.8674, 277.2769, 440.8612, 856.7967, 789.0012, 800.9133, 663.5009, 575.3145, 400.4294
190.4, 337.8926, 386.5319, 57.14023, 155.5311, 327.9763, 1231.943, 546.7513, 574.1524, 220.8384, 264.0803, 531.09, 815.9752, 806.8875, 784.2391, 628.4116, 644.5206, 494.4673
190.5, 316.2659, 455.8814, 53.04348, 147.4249, 307.7031, 1162.896, 516.9095, 623.7744, 211.245, 251.5117, 500.6186, 777.0987, 753.4974, 741.0578, 640.4324, 661.5886, 521.9883
190.6, 296.0235, 434.6579, 49.24045, 161.1481, 288.683, 1097.719, 488.6965, 589.8687, 202.0684, 239.5414, 471.8955, 774.1462, 850.4094, 700.2542, 739.8375, 715.4417, 495.2351
190.7, 277.0766, 414.4224, 45.71009, 152.7492, 284.9961, 1121.6, 462.0234, 557.806, 193.2904, 228.1407, 444.8203, 786.3967, 794.1396, 661.6972, 700.7111, 675.807, 561.6968
190.8, 286.7527, 395.1289, 42.43283, 172.5642, 489.7996, 1058.737, 436.8061, 527.486, 184.8938, 217.2827, 419.2987, 748.9294, 741.593, 625.2632, 700.3363, 638.368, 810.8303
190.9, 296.1393, 376.7337, 39.39055, 165.0282, 459.5236, 1007.158, 548.236, 498.8141, 176.8619, 206.9414, 395.2413, 862.9897, 692.5234, 590.8354, 734.387, 776.1449, 972.7333
191, 277.185, 359.1949, 36.56639, 156.427, 431.119, 950.71, 645.6568, 471.7007, 169.1789, 197.0923, 372.5642, 821.8732, 689.1564, 616.1855, 695.5489, 733.1473, 922.8785
191.1, 375.5654, 342.4726, 33.94471, 179.6047, 459.8104, 897.4255, 610.4167, 446.0611, 161.8296, 187.7119, 351.1883, 782.7156, 643.5564, 582.2575, 658.7647, 692.5317, 1097.807
191.2, 351.5275, 326.5287, 31.51099, 170.2437, 472.2442, 847.1276, 673.1015, 421.8151, 154.7996, 178.778, 331.0388, 745.4237, 673.2986, 550.1976, 623.9258, 654.1661, 1041.542
191.3, 378.2526, 311.3272, 29.25176, 161.3707, 443.0533, 901.6006, 636.3635, 398.887, 148.075, 170.2693, 312.0453, 709.9086, 628.7479, 519.9029, 590.9294, 617.926, 1067.525
191.4, 354.0427, 296.8334, 76.96049, 152.9601, 455.2362, 851.0686, 601.6307, 377.2052, 141.6426, 162.1656, 294.1416, 676.0855, 717.25, 491.2763, 680.7774, 782.2142, 1035.309
191.5, 485.7341, 283.0143, 71.4427, 144.9879, 427.0967, 803.3688, 823.7495, 505.0612, 214.9957, 154.4476, 332.972, 643.8739, 695.9462, 464.226, 699.5209, 802.7133, 982.2469
191.6, 501.7256, 269.8386, 66.32051, 137.4312, 400.6965, 758.3424, 778.7891, 563.5518, 205.6561, 147.0968, 313.8676, 685.5891, 671.4542, 438.665, 721.946, 758.2438, 1001.916
191.7, 505.0043, 257.2763, 152.6537, 130.2683, 375.9283, 773.9224, 736.2827, 550.6341, 244.3804, 550.5201, 353.1564, 739.0178, 816.5163, 414.5115, 702.6879, 858.559, 1158.332
191.8, 472.6817, 447.293, 300.898, 123.4788, 352.691, 768.0197, 696.0963, 781.9836, 277.7516, 625.3574, 332.8939, 703.8079, 762.4891, 391.6879, 843.4494, 948.1464, 1098.964
191.9, 442.4279, 426.4693, 279.3247, 117.0431, 330.8901, 769.0004, 658.1032, 1064.894, 414.687, 685.3757, 454.6181, 812.6312, 1246.938, 370.121, 798.8435, 895.6201, 1096.692
192, 414.1105, 406.615, 259.2981, 110.9429, 310.4367, 725.9002, 622.1838, 1007.011, 396.6727, 652.7562, 428.5343, 926.7663, 1343.843, 349.7416, 756.5966, 846.0037, 1171.648
192.1, 387.6055, 432.819, 240.7074, 105.1606, 291.2477, 836.9446, 588.225, 952.2744, 422.9735, 621.6891, 403.9471, 928.4799, 1366.135, 330.4844, 716.5839, 799.136, 1111.598
192.2, 362.797, 412.6691, 223.4495, 99.67963, 273.2448, 813.8254, 556.1196, 900.5128, 404.5992, 592.1006, 380.7705, 884.2431, 1312.446, 312.2874, 678.6873, 754.8647, 1054.626
192.3, 339.5763, 393.4573, 207.429, 94.48437, 256.3547, 768.213, 525.7665, 851.5647, 387.0232, 563.9204, 358.9237, 842.114, 1258.688, 295.0925, 642.7948, 713.046, 1000.574
192.4, 317.8419, 375.1399, 192.557, 89.55988, 240.5086, 737.6382, 662.6099, 805.2773, 370.2107, 537.0814, 338.3304, 847.9097, 1219.244, 278.8443, 608.8005, 673.5439, 949.292
192.5, 297.4985, 357.6753, 178.7514, 84.89205, 225.642, 826.7443, 762.4715, 761.5059, 384.7797, 511.5197, 318.9185, 1006.94, 1292.481, 263.4907, 576.6041, 636.2303, 957.7198
192.6, 306.7838, 341.0237, 165.9355, 80.46751, 211.6944, 829.551, 720.8557, 720.1136, 368.0646, 487.1746, 300.6205, 958.9646, 1219.858, 248.9826, 546.1103, 600.9839, 947.2527
192.7, 287.1482, 374.7383, 154.0385, 76.27357, 198.6089, 783.0571, 755.5836, 680.9713, 425.9609, 677.4462, 283.3723, 1022.946, 1139.143, 235.2732, 517.2292, 567.69, 962.2697
192.8, 268.7694, 388.8231, 142.9945, 72.29823, 238.3083, 771.4734, 714.3437, 643.9566, 421.004, 776.3766, 267.1138, 974.2089, 1237.315, 222.3188, 489.8755, 536.2406, 1239.656
192.9, 251.5669, 680.7185, 132.7423, 68.53007, 255.5266, 905.8278, 675.3547, 848.6077, 510.6971, 739.426, 251.7881, 1115.173, 1155.445, 271.9549, 463.9683, 506.5334, 1176.12
193, 270.0207, 680.4005, 123.2252, 64.95831, 447.11, 855.0588, 638.4937, 1006.282, 521.9306, 915.3111, 237.3417, 1258.296, 1078.991, 305.5162, 439.4313, 478.472, 1373.077
193.1, 252.7381, 648.7245, 114.3904, 61.5727, 497.371, 844.4025, 603.6447, 951.5848, 499.2576, 1045.997, 223.7241, 1198.345, 1007.597, 471.0589, 416.1919, 451.9652, 1302.703
193.2, 518.5327, 799.9899, 186.1313, 58.36356, 635.5984, 1482.567, 570.6976, 1284.221, 676.6418, 2028.418, 210.8879, 1141.251, 989.2292, 445.1217, 394.1816, 426.9268, 1235.937
193.3, 515.7366, 1257.864, 172.7864, 55.32167, 596.3102, 1399.473, 678.9757, 1445.558, 833.5864, 2173.941, 198.7882, 1264.176, 923.774, 420.6127, 373.3352, 403.2755, 1172.592
193.4, 482.7271, 1199.305, 300.7359, 52.43833, 724.1859, 1366.717, 731.4045, 1559.647, 864.3318, 2070.475, 187.3826, 1293.808, 969.812, 558.8735, 353.5914, 380.9345, 1355.095
193.5, 451.8303, 1198.68, 279.1742, 49.70527, 679.4217, 1563.823, 691.4844, 1623.645, 880.29, 1971.933, 176.6315, 1259.119, 1101.601, 681.6908, 334.8917, 505.2655, 1372.298
193.6, 422.9111, 1152.658, 304.8967, 47.11465, 959.9769, 1622.07, 653.743, 1843.092, 868.4708, 2070.157, 166.4972, 1329.381, 1028.71, 715.9906, 600.8202, 477.2743, 1355.787
193.7, 395.8428, 1098.996, 467.4799, 44.65905, 900.6378, 1531.158, 618.0616, 2033.839, 943.6638, 1988.593, 156.9444, 1292.71, 960.6426, 861.4578, 833.2379, 588.7933, 1286.3
193.8, 511.4368, 1047.832, 450.2432, 42.33144, 922.1724, 1541.695, 584.3278, 2223.656, 906.9506, 2315.286, 147.9397, 1272.114, 1022.835, 1105.221, 1049.658, 556.1747, 1296.429
193.9, 583.6373, 1172.11, 417.9623, 40.12514, 894.9591, 1455.288, 552.4351, 2273.808, 888.5963, 2313.271, 139.4516, 1211.505, 1101.985, 1044.366, 1058.472, 525.3633, 1229.984
194, 571.887, 1117.542, 387.9959, 38.03383, 882.4988, 1373.724, 522.2831, 2150.214, 952.9112, 2370.632, 131.4505, 1207.345, 1237.077, 1208.464, 1002.494, 496.2587, 1166.944
194.1, 535.2836, 1065.515, 360.1779, 36.05153, 827.9489, 1296.73, 589.5745, 2164.293, 911.5161, 2257.805, 123.9085, 1377.438, 1155.223, 1141.925, 1048.524, 468.7665, 1393.161
194.2, 501.023, 1015.91, 334.3545, 34.17253, 776.7709, 1230.597, 557.3954, 2129.65, 988.7567, 2150.348, 116.7992, 1311.811, 1173.871, 1210.022, 1121.379, 535.3717, 1321.758
194.3, 468.9552, 1137.153, 366.9386, 32.39148, 954.2283, 1361.043, 526.9727, 2304.377, 1049.88, 2332.097, 110.0979, 1249.311, 1152.654, 1183.576, 1164.136, 558.4182, 1338.287
194.4, 508.2029, 1084.213, 438.1326, 30.70325, 895.2445, 1284.761, 498.2104, 2258.407, 1021.342, 2588.41, 103.781, 1189.789, 1076.385, 1239.883, 1213.054, 527.4824, 1269.697
194.5, 475.6755, 1033.738, 406.72, 29.103, 839.9067, 1455.352, 471.018, 2316.17, 1093.139, 2628.701, 97.8265, 1133.102, 1025.142, 1302.207, 1183.378, 782.8571, 1204.622
194.6, 494.2273, 1099.88, 377.5596, 27.58617, 863.2376, 1373.784, 549.9299, 2375.414, 1045.652, 2624.926, 92.21368, 1079.116, 984.6395, 1465.3, 1273.119, 739.4877, 1142.882
194.7, 507.808, 1100.229, 350.4899, 26.14839, 809.8782, 1435.135, 586.2885, 2264.19, 1000.228, 2499.996, 86.92289, 1027.702, 1063.478, 1429.093, 1274.007, 698.5208, 1256.237
194.8, 497.1261, 1049.008, 664.8167, 24.78554, 759.8172, 1503.082, 554.2888, 2357.064, 956.7778, 2381.012, 81.93567, 978.7383, 993.1095, 1578.959, 1402.096, 659.8235, 1191.852
194.9, 465.3077, 1000.171, 617.1517, 23.49373, 712.8506, 1418.839, 801.0822, 2270.211, 915.2148, 2267.691, 77.23459, 932.107, 927.3975, 1618.132, 1327.946, 623.27, 1321.635
195, 435.5259, 953.6083, 572.9041, 22.26925, 668.7871, 1339.317, 757.3589, 2146.812, 875.4573, 2159.764, 72.80324, 887.6974, 866.0336, 1529.036, 1257.718, 588.7415, 1560.81
195.1, 407.6502, 909.2131, 675.7156, 21.10858, 627.4473, 1264.253, 716.0222, 2030.121, 837.4269, 2056.973, 68.62614, 845.4037, 808.73, 2016.432, 1191.203, 556.1258, 1480.815
195.2, 381.5587, 866.8847, 640.9792, 20.00841, 588.6629, 1193.395, 676.9415, 1919.772, 801.0485, 1959.074, 64.6887, 805.1251, 755.218, 1905.404, 1128.206, 525.317, 1554.283
195.3, 357.1372, 927.3282, 636.2402, 18.96558, 552.2759, 1126.509, 639.994, 1928.273, 766.2505, 1865.834, 60.97717, 1130.7, 705.2468, 1800.49, 1068.541, 496.215, 1505.101
195.4, 334.2788, 1360.535, 590.624, 17.9771, 518.138, 1063.371, 605.063, 1904.791, 732.9641, 1777.032, 57.47859, 1076.828, 658.5822, 1701.353, 1012.031, 468.7252, 1427.961
195.5, 388.1499, 1297.196, 548.2784, 17.04014, 539.1209, 1003.773, 572.0386, 2387.851, 701.1236, 2525.105, 54.18074, 1300.708, 615.0052, 1607.674, 958.5095, 442.7583, 1720.384
195.6, 363.3065, 1773.457, 508.9688, 16.15201, 505.7962, 947.5143, 540.8167, 2430.075, 670.6663, 2404.926, 51.07211, 1418.266, 574.3116, 1519.153, 1171.601, 418.23, 1632.211
195.7, 340.0532, 1690.894, 472.4775, 15.31018, 474.5314, 894.409, 511.2988, 2297.986, 641.5322, 2290.467, 48.14183, 1350.693, 536.3106, 1435.506, 1109.641, 395.0605, 1548.556
195.8, 318.2882, 1628.715, 438.6025, 14.51222, 445.1992, 844.2801, 483.392, 2173.078, 613.6636, 2181.455, 45.37968, 1286.34, 500.8241, 1356.465, 1102.583, 373.1746, 1555.404
195.9, 297.9163, 1552.89, 407.1562, 13.75585, 417.68, 796.9608, 457.0084, 2054.958, 587.0056, 2077.632, 42.77601, 1225.054, 467.6856, 1281.776, 1107.467, 352.5011, 1795.154
196, 278.8483, 1631.183, 377.9646, 13.0389, 391.8619, 752.2935, 432.0648, 1943.26, 561.5057, 1978.75, 40.32172, 1166.687, 436.7398, 1525.459, 1048.898, 332.9729, 1703.148
196.1, 261.0007, 1569.539, 350.8659, 12.35931, 367.6397, 710.1298, 408.4827, 1901.392, 537.1136, 1884.574, 38.00826, 1254.651, 407.8417, 1536.188, 993.427, 314.5266, 1688.207
196.2, 244.2955, 1496.469, 325.71, 11.71515, 473.5117, 670.3292, 386.1876, 1831.328, 513.781, 1794.88, 35.82752, 1365.487, 380.8557, 1451.603, 940.8895, 297.1021, 1841.181
196.3, 228.6595, 1426.801, 302.3578, 11.10456, 444.2425, 632.7593, 365.1094, 1889.66, 491.462, 1709.455, 33.77191, 1300.429, 355.6552, 1371.676, 891.1305, 280.643, 1746.816
196.4, 214.0242, 1560.647, 280.6798, 10.5258, 416.7825, 597.295, 345.1817, 1786.946, 470.1126, 1628.096, 31.83424, 1238.471, 332.1223, 1296.15, 844.0029, 375.2095, 1657.287
196.5, 200.3257, 1519.644, 260.556, 9.977196, 391.0199, 563.8185, 326.3416, 1689.815, 449.6906, 1550.609, 30.00774, 1179.465, 310.1465, 1224.782, 799.3677, 354.4233, 1572.347
196.6, 187.5039, 1448.897, 241.8751, 9.457189, 366.8498, 532.2181, 308.5299, 1930.402, 430.1558, 1895.547, 28.28604, 1265.065, 289.6247, 1157.344, 757.0931, 382.619, 1580.819
196.7, 175.5028, 1381.444, 224.5335, 8.964284, 344.1737, 502.3889, 291.6903, 2175.142, 411.4695, 2228.55, 26.66312, 1469.592, 270.4609, 1093.619, 898.5953, 361.4224, 1552.686
196.8, 164.2698, 1544.826, 208.4353, 8.497069, 322.8993, 474.2315, 275.7698, 2056.91, 393.595, 2122.485, 25.13332, 1399.575, 252.565, 1033.402, 851.073, 341.3999, 1523.425
196.9, 153.7558, 1547.676, 193.4912, 8.054205, 302.9399, 447.6523, 260.7182, 1945.105, 376.497, 2021.468, 23.69129, 1332.893, 235.8533, 1243.296, 806.0639, 398.8213, 1445.346
197, 143.9147, 1475.624, 179.6185, 7.634423, 284.2142, 422.5628, 246.4882, 1839.378, 360.1417, 1925.259, 22.33199, 1269.388, 220.2474, 1174.839, 763.4351, 409.5003, 1371.268
197.1, 134.7035, 1406.926, 166.7405, 7.23652, 266.6461, 398.8794, 233.0348, 1739.397, 344.4969, 1833.629, 21.05069, 1208.909, 205.6741, 1110.151, 870.626, 386.8145, 1300.988
197.2, 126.0819, 1421.04, 154.7858, 6.859355, 250.1639, 376.5234, 220.3158, 1644.851, 329.5318, 1746.36, 19.8429, 1216.98, 192.0651, 1169.057, 824.5829, 365.3853, 1336.308
197.3, 118.012, 1354.883, 143.6882, 6.501848, 234.7005, 355.4204, 208.2909, 1555.444, 315.2167, 1663.244, 18.70441, 1187.046, 179.3566, 1104.688, 780.9747, 345.1434, 1307.862
197.4, 110.4587, 1291.807, 133.3863, 6.162974, 220.1929, 335.5002, 196.9223, 1470.896, 301.5235, 1584.084, 17.63124, 1167.784, 167.4889, 1159.136, 904.5696, 326.0228, 1240.831
197.5, 103.3889, 1231.667, 123.823, 5.841763, 206.5821, 316.6964, 186.1743, 1504.39, 288.4251, 1508.692, 16.61964, 1112.146, 156.4065, 1095.312, 961.7465, 370.2947, 1177.236
197.6, 96.7715, 1240.177, 114.9453, 5.537292, 193.8127, 298.9466, 176.0129, 1686.55, 275.8958, 1436.888, 15.66609, 1059.159, 146.0574, 1051.528, 1036.194, 349.7808, 1258.44
197.7, 90.57767, 1451.55, 106.7041, 5.248691, 181.8325, 345.5742, 166.4061, 1594.876, 263.9107, 1368.501, 14.76724, 1149.332, 136.3931, 1034.564, 1049.578, 330.4033, 1236.975
197.8, 84.78029, 1383.973, 99.0538, 4.975131, 170.5929, 331.5295, 157.3236, 1508.185, 252.4462, 1522.696, 13.91997, 1208.244, 127.3683, 977.5993, 994.071, 312.0993, 1321.774
197.9, 79.35396, 1371.528, 137.9373, 4.715829, 160.048, 351.1158, 148.7368, 1575.592, 241.4798, 1450.225, 13.12131, 1150.678, 118.9406, 1156.189, 1076.06, 294.8094, 1254.03
198, 74.27494, 1307.677, 128.0477, 4.470042, 150.155, 331.4368, 140.6188, 1489.949, 230.9898, 1472.677, 12.36847, 1095.855, 111.0706, 1092.527, 1064.369, 278.4772, 1189.758
198.1, 69.521, 1246.798, 118.8671, 4.237065, 140.8734, 312.8607, 531.8121, 1408.962, 220.9554, 1467.178, 11.65882, 1043.644, 103.7213, 1032.371, 1008.08, 263.0499, 1128.78
198.2, 65.07134, 1303.225, 110.3447, 4.016231, 132.1656, 295.3259, 502.7857, 1332.377, 211.357, 1397.35, 10.9899, 993.9204, 96.85824, 975.5274, 954.7674, 304.742, 1070.927
198.3, 60.90648, 1250.856, 313.6797, 3.806906, 123.9961, 278.7737, 475.3436, 1259.954, 202.1755, 1330.845, 10.35935, 946.5658, 212.3804, 948.662, 904.2744, 399.9988, 1060.401
198.4, 57.00818, 1192.622, 291.19, 3.608492, 116.3315, 263.1493, 449.3993, 1191.469, 193.3928, 1267.505, 9.764977, 901.4673, 399.2745, 896.4274, 856.4518, 377.8393, 1288.178
198.5, 53.3594, 1292.889, 270.3127, 3.420419, 170.5216, 248.4006, 424.871, 1126.705, 184.9917, 1207.18, 9.204709, 858.5176, 393.4435, 847.0688, 811.1582, 356.9074, 1311.949
198.6, 49.94415, 1232.698, 250.9323, 3.242148, 159.9812, 234.4785, 401.6815, 1065.463, 176.9556, 1304.927, 8.676586, 817.6141, 367.4102, 800.428, 871.9937, 337.1351, 1562.346
198.7, 46.7475, 1175.31, 232.9413, 3.073168, 206.865, 221.3367, 379.7577, 1007.549, 169.2685, 1335.062, 8.178765, 778.6595, 387.0726, 756.3553, 825.8782, 318.4582, 1482.272
198.8, 43.75544, 1120.593, 216.2402, 2.912996, 194.078, 208.9314, 431.3507, 952.7825, 161.9154, 1454.353, 7.709507, 741.5609, 443.5142, 912.5134, 981.2584, 300.8159, 1406.302
198.9, 40.9549, 1068.424, 262.7964, 2.761172, 198.3082, 197.2215, 407.8076, 900.9933, 154.8817, 1471.943, 7.267172, 706.2298, 414.1678, 862.2692, 929.3644, 421.0026, 1403.735
199, 38.33359, 1018.684, 243.9548, 2.617261, 186.0501, 186.1678, 540.3885, 852.0191, 148.1535, 1401.888, 6.850216, 672.582, 386.7632, 814.7914, 880.2148, 467.2672, 1511.517
199.1, 35.88007, 971.2589, 226.4641, 2.48085, 174.5498, 223.7191, 510.8941, 805.707, 141.7176, 1335.167, 6.457183, 741.1295, 361.1719, 769.9279, 923.9773, 441.3811, 1434.048
199.2, 33.58358, 926.042, 210.2274, 2.351549, 163.7603, 211.1804, 483.0094, 761.9122, 135.5613, 1443.424, 6.0867, 720.6796, 337.2739, 727.5345, 875.1127, 416.929, 1429.892
199.3, 31.43407, 882.9301, 203.3603, 2.228987, 153.6378, 199.3443, 456.6467, 720.4979, 129.6724, 1374.726, 5.737474, 957.573, 456.8412, 687.4755, 828.8322, 393.8316, 1356.607
199.4, 29.42215, 841.8253, 188.7801, 2.112813, 144.141, 215.0919, 431.7228, 681.3347, 124.0394, 1309.298, 5.408286, 1200.697, 426.6129, 649.6221, 840.9757, 372.0138, 1287.077
199.5, 27.539, 802.6342, 175.2452, 2.002694, 135.2312, 203.0366, 408.1593, 644.3002, 118.651, 1246.984, 5.097984, 1143.49, 398.3849, 613.853, 796.5006, 351.4046, 1339.724
199.6, 25.77637, 846.8867, 162.6808, 1.898314, 126.8721, 191.657, 385.8819, 609.2788, 113.4968, 1294.497, 4.805486, 1242.296, 372.0246, 580.0534, 802.1421, 331.9372, 1271.06
199.7, 24.12657, 807.4598, 151.0171, 1.799375, 119.0298, 180.9153, 364.8204, 792.3279, 108.5664, 1318.345, 4.52977, 1183.107, 347.4085, 655.5836, 876.1456, 313.5482, 1205.915
199.8, 22.58236, 769.8685, 153.9154, 1.705592, 199.9213, 170.7755, 344.9084, 749.2603, 103.8502, 1456.2, 4.269873, 1126.739, 324.4212, 619.4863, 829.8105, 296.1779, 1144.109
199.9, 21.13698, 844.6133, 142.8802, 1.616697, 187.5636, 202.5955, 326.0833, 708.5337, 99.33887, 1386.894, 4.024888, 1141.168, 302.9549, 585.3765, 785.9258, 279.77, 1221.009
200, 19.78412, 805.2923, 142.4565, 1.532436, 175.9697, 191.2406, 308.2856, 670.0208, 95.02352, 1559.83, 3.793959, 1125.769, 282.909, 569.0696, 905.392, 264.271, 1254.409
200.1, 18.51784, 767.8019, 214.2727, 1.452566, 171.5, 241.5354, 291.4594, 633.6013, 90.89564, 1521.51, 3.57628, 1072.133, 264.1895, 537.7358, 857.5102, 249.6307, 1266.494
200.2, 17.33261, 841.2521, 198.9101, 1.376859, 160.899, 227.9981, 275.5515, 708.4443, 86.94707, 1449.096, 3.37109, 1021.052, 246.7087, 663.8261, 812.1606, 235.8014, 1255.092
200.3, 16.22325, 802.0876, 199.7931, 1.305097, 150.9534, 215.2195, 260.5118, 822.2955, 83.17004, 1380.128, 3.177673, 1092.151, 230.3845, 687.2921, 769.2094, 392.5151, 1190.766
200.4, 15.18489, 764.7464, 185.4686, 1.237076, 173.284, 203.1571, 246.293, 777.599, 79.55708, 1462.569, 2.995353, 1217.199, 215.1404, 682.9825, 728.5297, 370.7701, 1221.625
200.5, 14.21298, 784.8407, 172.1712, 1.1726, 162.5728, 191.7708, 232.8503, 735.332, 76.10107, 1392.96, 2.823494, 1190.465, 200.9051, 671.4592, 879.0192, 350.2299, 1159.014
200.6, 13.30329, 795.4794, 186.3756, 1.111485, 152.5237, 181.0226, 220.1413, 695.3625, 72.79519, 1433.812, 2.661495, 1285.069, 187.6116, 634.4877, 832.5322, 330.8275, 1099.612
200.7, 12.45181, 758.4459, 255.2699, 1.053555, 143.0957, 170.8768, 208.126, 657.5656, 69.63292, 1365.572, 2.508791, 1252.321, 175.1977, 665.5809, 788.5036, 397.3621, 1043.254
200.8, 11.65484, 723.1365, 236.9679, 0.9986437, 134.2505, 161.2997, 196.7664, 621.8231, 66.60802, 1300.579, 2.364849, 1234.588, 163.6053, 628.933, 871.0427, 465.5569, 1049.812
200.9, 10.90888, 689.4709, 219.9782, 0.9465948, 125.9521, 175.4257, 186.0269, 588.0234, 63.71452, 1310.547, 2.229165, 1398.519, 152.7799, 594.3031, 862.0822, 439.7656, 1068.761
201, 10.21066, 717.5292, 204.2065, 0.8972586, 118.1666, 177.4785, 410.5409, 556.0609, 60.94672, 1248.174, 2.101266, 1331.888, 142.6707, 561.58, 816.4909, 478.6293, 1013.985
201.1, 9.55713, 684.1247, 189.5656, 0.8504938, 110.8624, 167.5314, 388.1335, 525.8358, 58.29916, 1277.575, 1.980705, 1268.431, 133.2305, 530.6586, 804.6545, 452.1138, 962.0157
201.2, 8.94543, 766.7158, 175.9744, 0.8061664, 104.0096, 158.1418, 366.9492, 497.2536, 55.76661, 1452.356, 1.867062, 1262.641, 124.4149, 543.4917, 786.3299, 427.0671, 1053.946
201.3, 8.372881, 731.0213, 163.3577, 0.7641493, 132.0978, 185.2579, 448.5819, 470.225, 53.34407, 1383.233, 1.759939, 1284.943, 116.1827, 513.5663, 1014.744, 403.4081, 1125.338
201.4, 7.836978, 823.2836, 151.6455, 0.7243221, 123.9324, 174.8747, 424.0982, 610.3687, 51.02677, 1317.4, 1.658962, 1262.81, 108.4951, 590.855, 961.079, 424.5706, 1067.662
201.5, 7.335375, 872.946, 217.9583, 0.6865708, 116.2718, 165.0735, 400.9509, 796.3923, 48.81013, 1254.7, 1.563778, 1202.644, 101.3162, 558.3217, 910.2523, 468.5618, 1012.942
201.6, 6.865878, 832.306, 202.3314, 0.6507869, 109.0847, 167.431, 379.0669, 753.1038, 46.68979, 1194.984, 1.474056, 1263.702, 94.61234, 527.5797, 1007.999, 442.6039, 961.026
201.7, 6.42643, 793.558, 187.825, 63.46025, 102.3418, 164.6227, 358.3774, 712.1683, 44.66156, 1274.337, 1.389482, 1239.235, 88.35204, 685.3278, 1070.556, 495.8145, 994.5886
201.8, 6.015109, 756.6139, 247.1861, 60.15273, 386.4155, 155.3961, 338.8171, 673.4578, 42.72143, 1428.424, 1.30976, 1272.772, 82.50597, 647.5927, 1091.367, 597.2725, 1189.433
201.9, 5.630114, 721.3898, 229.4637, 57.01759, 443.9376, 146.6866, 320.3244, 636.8515, 40.86558, 1360.44, 1.234612, 1408.156, 77.04672, 756.6722, 1033.65, 782.728, 1163.085
202, 5.269761, 687.8055, 241.7364, 54.04586, 487.7374, 413.1304, 302.841, 602.235, 39.09035, 1295.692, 1.163776, 1545.851, 71.9487, 715.0087, 1060.794, 739.3657, 1226.546
202.1, 4.932472, 655.7847, 239.4894, 51.22901, 457.5888, 389.9757, 286.3119, 569.5001, 37.39225, 1234.025, 1.097004, 1472.2, 67.188, 675.6393, 1039.976, 698.4056, 1163.683
202.2, 4.616771, 625.2547, 222.3188, 48.55898, 429.3039, 431.3188, 378.3158, 538.5444, 35.7679, 1175.293, 1.034063, 1402.059, 62.74231, 662.3055, 984.9772, 659.7147, 1104.041
202.3, 4.321277, 596.146, 206.3794, 46.0281, 402.7673, 407.1447, 415.0365, 509.2715, 34.21412, 1119.357, 0.9747335, 1335.259, 58.59079, 625.838, 932.8865, 623.1672, 1047.457
202.4, 4.044695, 842.9465, 191.5827, 43.62913, 377.871, 384.3255, 392.3838, 481.5896, 32.72784, 1211.662, 0.9188079, 1271.641, 54.71396, 748.6736, 1035.35, 588.6443, 1038.343
202.5, 3.785816, 803.7031, 193.9031, 41.3552, 354.5136, 454.5332, 370.9674, 455.4125, 31.30612, 1153.995, 0.866091, 1211.055, 51.09365, 707.4506, 980.5952, 556.0341, 1155.661
202.6, 3.543506, 766.2867, 180.001, 39.19978, 332.6001, 429.058, 350.7199, 430.6582, 29.94616, 1099.072, 0.8163988, 1282.061, 47.71289, 690.303, 1060.474, 525.2303, 1122.322
202.7, 3.316705, 730.6123, 183.4195, 37.1567, 312.041, 405.0106, 331.5776, 407.2495, 28.64528, 1046.763, 0.7695577, 1256.142, 44.55583, 831.4045, 1004.39, 496.1331, 1064.8
202.8, 3.104421, 696.5986, 170.269, 35.22011, 292.7528, 382.311, 534.5259, 385.1131, 27.40091, 996.944, 0.7254041, 1196.294, 41.60766, 785.6262, 951.2731, 468.6479, 1138.761
202.9, 2.905724, 701.3911, 158.0613, 33.38445, 274.6569, 360.8836, 505.3514, 364.18, 26.2106, 949.4958, 0.6837839, 1139.298, 38.85457, 826.8356, 900.9649, 442.6853, 1147.84
203, 2.719744, 668.7378, 146.7289, 31.64447, 257.6795, 340.6572, 477.7692, 344.3847, 25.07199, 904.3058, 0.6445516, 1137.934, 36.28365, 792.6173, 1016.551, 418.161, 1089.011
203.1, 2.545668, 637.6047, 136.2089, 29.99517, 241.7515, 321.5644, 451.6925, 325.6654, 23.98285, 861.2666, 0.6075704, 1117.321, 33.88283, 748.9747, 962.7903, 394.9953, 1033.196
203.2, 2.382734, 607.9211, 126.4432, 28.43183, 226.8081, 303.5417, 427.0391, 307.9636, 22.94102, 1041.85, 0.5727109, 1138.666, 31.64088, 753.1877, 976.049, 373.113, 980.2427
203.3, 2.230228, 579.6193, 173.9171, 26.94998, 212.7884, 286.5291, 403.7312, 291.224, 21.94445, 992.2644, 0.5398514, 1084.415, 29.54727, 711.7161, 982.1288, 352.4429, 1160.776
203.4, 2.087483, 622.3897, 161.4478, 25.54535, 199.6353, 270.47, 381.6955, 275.3943, 20.99117, 945.0389, 0.5088773, 1032.749, 27.59219, 672.528, 930.1888, 332.918, 1101.283
203.5, 1.953874, 610.5306, 149.8726, 24.21394, 187.2953, 255.311, 360.8625, 260.425, 20.0793, 1012.901, 0.4796804, 983.5447, 25.76647, 635.4977, 880.9957, 314.4747, 1120.136
203.6, 1.828817, 582.1074, 139.1273, 22.95192, 175.718, 241.0016, 341.1666, 246.2695, 19.20704, 964.6932, 0.4521586, 936.6844, 24.06156, 704.4731, 834.4041, 297.0531, 1062.727
203.7, 1.711765, 575.3411, 129.1523, 21.75567, 164.8563, 227.4942, 322.5457, 483.6011, 18.37267, 1037.256, 120.2734, 1004.875, 22.46946, 665.6838, 790.2766, 280.5967, 1211.602
203.8, 1.602204, 548.5561, 119.8926, 20.62178, 154.666, 214.7438, 304.9411, 637.1365, 17.57455, 1308.932, 184.0142, 1134.948, 20.9827, 645.8333, 1099.497, 265.0519, 1225.342
203.9, 1.499655, 648.197, 111.2967, 46.8434, 145.1057, 202.7081, 288.2973, 746.2401, 16.8111, 1379.575, 201.8596, 1253.903, 19.59432, 610.2728, 1367.503, 250.3683, 1162.541
204, 1.403671, 618.0202, 103.3171, 44.40194, 136.1362, 191.3469, 272.562, 957.6398, 16.08082, 1313.916, 190.2779, 1336.36, 18.2978, 576.6703, 1295.183, 236.4982, 1102.958
204.1, 1.313829, 589.2483, 95.90965, 42.08773, 127.7212, 180.6225, 257.6855, 1038.8, 15.38226, 1402.516, 179.3607, 1365.126, 17.08708, 544.9181, 1274.869, 223.3964, 1188.469
204.2, 1.229738, 561.8159, 89.03326, 39.89413, 119.8264, 170.4992, 243.621, 1016.797, 14.71404, 1474.766, 169.0698, 1407.057, 15.95646, 514.9141, 1207.448, 211.0205, 1127.557
204.3, 1.151029, 733.4136, 82.64989, 37.81487, 112.4196, 160.9432, 230.3242, 992.6849, 14.07485, 1404.576, 159.3694, 1520.435, 14.90065, 486.5622, 1296.751, 199.3302, 1069.767
204.4, 1.077358, 699.2696, 76.72419, 35.84397, 105.4706, 151.9228, 217.753, 1153.761, 13.46343, 1511.731, 150.2255, 1447.995, 13.91471, 542.0945, 1345.254, 188.2875, 1014.939
204.5, 1.008402, 666.7151, 71.22334, 33.97579, 98.95111, 188.2838, 205.868, 1140.179, 12.87857, 1439.782, 141.6063, 1379.007, 12.994, 592.354, 1365.223, 177.8566, 1038.016
204.6, 0.9438599, 648.4138, 66.11687, 32.20499, 92.83464, 177.731, 194.6317, 1078.204, 12.31912, 1371.258, 195.9218, 1313.305, 12.13422, 731.5847, 1336.383, 168.0035, 984.8149
204.7, 0.8834485, 633.2692, 61.37653, 30.52648, 87.09624, 167.7697, 184.0087, 1019.597, 11.78397, 1305.995, 184.6808, 1250.733, 11.33132, 691.3026, 1356.707, 158.6963, 934.3408
204.8, 0.8269037, 603.7874, 56.97605, 28.93545, 81.71256, 158.3668, 173.9655, 1025.346, 11.27207, 1662.633, 174.0847, 1191.143, 10.58155, 819.8121, 1321.161, 149.9047, 933.9957
204.9, 0.7739781, 631.2358, 52.89107, 27.42734, 76.66166, 149.4908, 164.4704, 1057.724, 10.7824, 1715.323, 164.0965, 1308.065, 9.881393, 818.0574, 1357.091, 292.4013, 1022.947
205, 0.7244399, 663.5733, 49.09897, 25.99784, 71.92297, 141.1123, 155.4936, 1000.231, 10.31401, 1633.685, 154.6814, 1245.743, 216.9071, 819.0969, 1303.845, 276.2025, 1051.991
205.1, 0.6780725, 632.6807, 45.57875, 24.64284, 67.47719, 133.2034, 147.0067, 1032.533, 9.86596, 1555.932, 145.8065, 1186.39, 202.5548, 887.5715, 1381.117, 528.2117, 1157.812
205.2, 0.6346727, 603.2262, 42.31091, 48.34428, 102.1417, 125.7377, 138.9831, 1003.19, 9.437377, 1481.879, 247.156, 1129.866, 189.1522, 913.9595, 1384.285, 498.9494, 1098.472
205.3, 0.5940507, 645.3875, 39.27737, 45.8246, 235.0105, 118.6905, 131.3974, 991.0591, 9.027411, 1625.924, 232.9753, 1237.829, 176.6364, 975.5056, 1436.977, 471.3081, 1080.997
205.4, 0.5560287, 669.4968, 36.46132, 43.43624, 220.4838, 112.0382, 124.2257, 973.9659, 8.635255, 1548.54, 219.6083, 1434.408, 164.9487, 921.7929, 1360.983, 445.1982, 1209.174
205.5, 0.5204403, 707.8338, 33.84718, 41.17236, 206.855, 105.7588, 117.4454, 1003.681, 8.260134, 1474.84, 207.0082, 1434.615, 154.0344, 893.3474, 1348.047, 420.5346, 1170.283
205.6, 0.4871298, 674.8806, 31.42045, 39.02647, 194.0686, 99.83138, 111.0352, 985.2551, 7.901308, 1511.853, 195.1311, 1366.264, 143.8423, 844.1584, 1276.755, 397.2375, 1110.303
205.7, 0.4559512, 716.2072, 29.16772, 36.99242, 213.7474, 94.23614, 104.9749, 931.7009, 93.03197, 1529.003, 183.9354, 1400.42, 134.3245, 797.6779, 1314.907, 375.2309, 1167.103
205.8, 0.4267683, 811.956, 27.07649, 35.06439, 200.535, 88.95449, 99.24536, 935.2052, 199.6859, 1456.232, 173.382, 1460.803, 125.4366, 753.7567, 1349.201, 354.4435, 1107.287
205.9, 0.3994531, 774.1554, 25.13521, 33.23685, 312.6789, 83.96886, 93.82854, 884.3714, 191.0114, 1490.564, 163.4342, 1437.838, 117.1367, 712.2538, 1277.848, 334.8077, 1050.536
206, 0.3738863, 818.9031, 23.3331, 31.50456, 347.1154, 79.26266, 88.70736, 940.8426, 182.7138, 1587.48, 154.0571, 1582.761, 109.386, 673.0361, 1410.982, 316.2597, 1054.284
206.1, 0.3499559, 813.3555, 21.6602, 29.86255, 325.6591, 74.82024, 336.9088, 969.8633, 174.7766, 1511.926, 145.218, 1540.26, 102.1482, 635.9778, 1359.843, 298.7393, 1000.249
206.2, 0.3275571, 868.6229, 20.10724, 28.30613, 305.5292, 70.62679, 318.5203, 1024.439, 167.1842, 1439.968, 136.8861, 1537.828, 95.38923, 600.96, 1350.941, 282.1895, 948.984
206.3, 0.3065919, 828.1842, 18.66562, 26.83082, 286.6435, 66.66837, 301.1354, 968.7548, 159.9216, 1371.434, 129.0322, 1464.559, 89.07752, 672.0973, 1279.497, 266.5565, 1061.019
206.4, 0.2869686, 887.9014, 17.32736, 25.43241, 268.9252, 62.93181, 284.6994, 916.0974, 152.9745, 1417.6, 121.629, 1496.811, 83.18345, 635.0907, 1258.014, 251.7895, 1006.639
206.5, 0.2686013, 917.2454, 16.08505, 24.10688, 252.3021, 59.40467, 269.1604, 866.3022, 146.3292, 1350.131, 114.6505, 1425.496, 77.67937, 600.1217, 1248.508, 237.8406, 955.0463
206.6, 0.2514096, 874.5431, 14.93181, 22.85044, 236.7065, 56.07522, 254.4696, 819.2137, 139.9725, 1285.873, 108.0724, 1357.579, 72.5395, 567.0782, 1182.481, 224.6645, 906.098
206.7, 0.2353182, 914.14, 13.86125, 21.65949, 222.075, 52.93238, 240.5806, 774.6848, 133.892, 1224.674, 101.8717, 1376.423, 67.73972, 535.8541, 1197.065, 212.2183, 1047.81
206.8, 0.2202568, 871.5822, 12.86745, 20.5306, 208.3478, 49.96568, 289.3014, 732.5762, 128.0757, 1402.67, 96.02679, 1310.844, 63.25752, 506.3492, 1176.697, 200.4617, 1129.976
206.9, 0.2061593, 889.6091, 11.9449, 19.46056, 195.4692, 47.16526, 273.5113, 692.7565, 122.512, 1391.489, 90.51723, 1248.39, 59.07191, 478.4689, 1147.135, 189.3563, 1072.062
207, 0.1929642, 955.9552, 11.08849, 18.44628, 183.3867, 44.52179, 398.1122, 722.5904, 117.19, 1502.096, 85.32378, 1268.58, 55.16324, 452.1237, 1197.527, 178.8662, 1017.116
207.1, 0.1806136, 931.0089, 10.29349, 17.48487, 172.051, 42.02647, 376.3831, 766.2824, 112.0992, 1430.606, 80.42831, 1333.66, 51.51321, 427.2292, 1134.196, 168.9572, 964.9866
207.2, 0.1690535, 997.4927, 9.555481, 16.57356, 338.9815, 39.67102, 603.2837, 790.8873, 107.2295, 1362.518, 75.81371, 1270.119, 48.10469, 403.7053, 1137.344, 273.9205, 915.5287
207.3, 0.1582333, 1021.211, 8.870387, 15.70975, 318.028, 89.73515, 570.3564, 747.898, 102.5714, 1297.671, 71.46388, 1387.14, 209.0569, 381.4767, 1077.196, 323.4627, 868.6057
207.4, 0.1481057, 973.6686, 8.234412, 14.89097, 298.3697, 84.70576, 539.2263, 707.2455, 98.11565, 1235.91, 67.36362, 1321.051, 195.224, 360.4721, 1020.228, 305.5432, 1014.15
207.5, 0.1386262, 964.5242, 7.644034, 14.11486, 348.0885, 79.95827, 509.7952, 668.8026, 93.85344, 1287.91, 63.49862, 1258.11, 182.3065, 340.624, 1087.889, 310.3663, 962.1723
207.6, 0.1297535, 919.6208, 7.095984, 13.3792, 326.5721, 75.47685, 481.9705, 787.3922, 89.77638, 1283.567, 59.85537, 1198.169, 170.2437, 321.8687, 1080.288, 379.0507, 912.8587
207.7, 0.1214487, 876.8079, 6.587226, 12.68188, 476.1433, 123.1057, 455.6645, 744.5929, 85.87644, 1222.477, 141.3174, 1141.083, 158.979, 304.1462, 1023.157, 358.0517, 866.0725
207.8, 0.1136754, 835.9882, 25.03143, 12.0209, 465.3071, 240.7387, 430.7942, 750.5082, 82.14591, 1164.295, 206.5897, 1086.717, 148.4597, 380.8577, 1183.125, 463.4928, 821.6843
207.9, 0.1063996, 797.0687, 23.23676, 11.39438, 436.5451, 369.7026, 407.2814, 819.7587, 78.57744, 1108.882, 280.1288, 1034.941, 138.6364, 359.8872, 1193.09, 437.8158, 779.571
208, 0.09958958, 759.9612, 113.7562, 10.80051, 409.5609, 348.9819, 385.0519, 918.2769, 75.16399, 1360.685, 264.0563, 985.632, 129.4632, 616.9762, 1222.362, 413.5613, 739.6161
208.1, 0.09321539, 724.5812, 105.6003, 10.23759, 384.2447, 329.4225, 364.0357, 1073.507, 71.89881, 1295.925, 248.906, 938.6723, 120.8968, 591.2745, 1302.548, 390.6504, 701.709
208.2, 0.08724917, 690.8483, 98.02912, 9.704011, 360.4933, 310.9594, 344.1666, 1180.058, 68.77548, 1234.247, 234.625, 893.95, 112.8974, 827.7441, 1276.945, 467.6708, 665.7448
208.3, 0.08166482, 658.6859, 223.4201, 9.198241, 534.999, 293.5311, 325.3819, 1115.915, 65.78783, 1175.505, 421.6302, 1025.605, 105.4272, 825.6302, 1263.945, 441.7623, 631.6238
208.4, 0.0764379, 661.3862, 345.5836, 8.718832, 501.929, 402.7355, 307.6225, 1153.507, 62.92997, 1119.558, 397.439, 1118.625, 346.2361, 873.5174, 1197.101, 540.3083, 675.2336
208.5, 88.48168, 722.0831, 320.8065, 8.26441, 470.9033, 400.8272, 290.8325, 1090.807, 60.19625, 1066.274, 374.6359, 1088.826, 422.868, 944.042, 1133.792, 510.3758, 981.5365
208.6, 82.81845, 817.3879, 297.8058, 7.833672, 523.3227, 378.3621, 274.9588, 1078.366, 57.58129, 1015.526, 353.1411, 1110.196, 475.7393, 892.0617, 1234.231, 482.1015, 983.8242
208.7, 77.51769, 779.3345, 377.8537, 7.425384, 490.9745, 441.3536, 259.9515, 1275.772, 55.07992, 967.1938, 490.2621, 1057.302, 444.2606, 842.9435, 1168.958, 455.3936, 960.1531
208.8, 72.55621, 743.0526, 350.7629, 7.038376, 460.6259, 482.3656, 245.7633, 1206.426, 52.68721, 921.1615, 462.1332, 1125.346, 492.6375, 796.5299, 1107.138, 430.1653, 910.9429
208.9, 67.91228, 708.4598, 481.9501, 6.671538, 444.2478, 455.3305, 232.3495, 1264.906, 50.39845, 877.3201, 435.6182, 1122.372, 552.6038, 869.9461, 1151.707, 406.3346, 995.092
209, 63.56558, 675.4774, 447.396, 6.323821, 416.7875, 453.3118, 219.6678, 1316.148, 48.2091, 835.5652, 410.6245, 1068.897, 516.0392, 822.0457, 1090.799, 383.8241, 976.6323
209.1, 59.49709, 644.0306, 415.3193, 5.994226, 391.0246, 427.9051, 207.6783, 1244.608, 46.11487, 795.7976, 665.4353, 1017.97, 481.894, 776.7827, 1192.188, 494.6477, 926.5776
209.2, 55.689, 614.0477, 385.5424, 5.681809, 366.8542, 408.4927, 196.3432, 1501.401, 44.11161, 757.9227, 627.2558, 1001.173, 527.9741, 859.7404, 1242.727, 467.2448, 879.0883
209.3, 52.12465, 585.4608, 447.8214, 5.385675, 344.1778, 385.598, 185.6268, 1419.791, 42.19537, 897.2505, 639.8517, 953.473, 493.0391, 882.7749, 1177.005, 441.3599, 938.7204
209.4, 48.78843, 558.2047, 503.867, 5.104976, 322.9031, 475.0494, 175.4952, 1497.785, 40.36238, 854.5471, 743.8591, 985.3738, 613.7795, 1012.398, 1330.745, 416.909, 890.6088
209.5, 45.66575, 532.2175, 540.4762, 4.838907, 302.9435, 448.4243, 165.9167, 1463.465, 38.60901, 813.876, 826.1586, 938.4265, 573.1671, 981.9459, 1350.121, 515.1025, 844.963
209.6, 42.74293, 507.4401, 569.1874, 4.586705, 284.2176, 423.2915, 156.8609, 1383.917, 36.93181, 775.1407, 778.7576, 893.7158, 578.8102, 1056.954, 1278.719, 486.5663, 801.6566
209.7, 40.00719, 483.8162, 881.4092, 4.347648, 559.4576, 420.897, 148.2994, 1438.137, 35.32747, 738.2489, 781.8999, 851.1354, 719.1788, 998.757, 1211.094, 628.0432, 875.0873
209.8, 37.44654, 461.2922, 874.1581, 4.12105, 524.8758, 397.307, 140.2052, 1562.124, 33.79282, 868.0779, 786.9467, 974.0017, 697.7606, 943.764, 1147.045, 593.2502, 861.0707
209.9, 35.04979, 439.8167, 877.9814, 3.906262, 492.4316, 375.0392, 132.5528, 1599.497, 32.32484, 826.7629, 779.0793, 927.5961, 853.5896, 891.799, 1086.384, 560.3848, 816.9388
210, 32.80645, 419.3411, 815.0333, 3.70267, 535.1014, 540.5019, 125.318, 1512.555, 30.92063, 787.4142, 885.207, 883.4015, 819.1618, 882.9501, 1067.995, 529.3401, 775.0688
210.1, 30.70668, 399.8186, 836.1146, 3.509688, 516.79, 510.2084, 118.4782, 1430.339, 29.57741, 749.9384, 834.418, 841.3125, 967.2421, 834.3336, 1059.833, 658.7244, 912.4752
210.2, 28.74131, 381.2051, 776.1682, 3.326764, 484.8457, 485.1478, 112.0116, 1550.985, 28.29255, 714.246, 786.543, 888.7015, 1205.589, 1015.836, 1110.875, 622.2318, 1043.84
210.3, 26.90174, 363.4581, 720.5197, 3.153375, 454.8759, 496.7421, 105.898, 1612.827, 27.06351, 680.2524, 741.4149, 846.36, 1294.658, 959.9028, 1052.126, 587.7607, 1024.123
210.4, 25.1799, 346.5373, 668.861, 2.989022, 426.7586, 468.9012, 100.1181, 1525.161, 25.88785, 647.8768, 698.876, 806.0358, 1383.685, 907.0493, 1030.365, 555.1994, 1032.346
210.5, 23.56827, 330.4043, 620.906, 2.833235, 400.3794, 442.6208, 94.65361, 1442.26, 24.76327, 617.0419, 658.7778, 767.6328, 1292.13, 857.1058, 975.8741, 524.442, 979.4359
210.6, 22.0598, 315.0223, 576.3892, 2.685568, 375.6307, 417.8132, 89.4874, 1363.865, 23.68753, 739.2934, 620.9803, 731.0595, 1267.693, 809.9124, 924.265, 495.3884, 968.0111
210.7, 20.64787, 300.3564, 535.0641, 2.545597, 352.4118, 394.396, 84.60316, 1289.731, 22.65853, 704.1077, 585.3514, 696.2287, 1212.123, 765.3175, 969.4737, 467.9444, 918.3983
210.8, 19.32631, 286.3734, 496.7019, 2.412922, 330.6282, 372.2913, 79.98551, 1219.626, 21.67423, 670.5967, 551.7667, 663.0574, 1131.919, 723.178, 918.2029, 442.0208, 978.8123
210.9, 18.08934, 273.0413, 461.0902, 2.287161, 310.191, 351.4255, 488.7794, 1153.333, 20.73269, 638.6805, 520.1089, 631.4665, 1057.023, 683.3588, 906.4197, 417.5333, 954.2162
211, 16.93154, 332.2544, 428.0316, 2.167955, 291.0172, 331.7292, 726.9771, 1158.994, 19.83205, 608.2834, 490.2676, 601.3807, 1149.701, 645.7321, 858.4836, 394.4024, 905.3104
211.1, 69.95013, 316.7863, 397.3433, 2.054962, 273.0285, 313.1368, 687.2986, 1128.239, 18.97053, 725.7661, 462.1384, 572.7284, 1107.468, 703.96, 870.7921, 372.5529, 1065.619
211.2, 65.473, 302.0383, 368.8552, 1.947858, 256.1518, 295.5865, 649.7857, 1157.35, 18.14644, 779.9056, 435.623, 797.4927, 1104.751, 665.199, 824.7401, 351.9139, 1011.003
211.3, 66.13775, 287.9769, 342.4096, 1.846337, 240.3183, 279.0197, 614.3203, 1173.641, 17.35815, 742.787, 410.6291, 796.0128, 1031.652, 628.5722, 781.1237, 332.4182, 959.1871
211.4, 122.4042, 274.5702, 317.86, 1.750106, 225.4635, 263.3815, 653.5945, 1109.847, 16.6041, 707.4351, 387.0691, 812.3725, 963.3895, 593.9622, 739.8138, 314.0026, 910.0265
211.5, 114.5698, 261.7875, 295.0706, 1.658891, 211.5269, 248.6198, 617.9213, 1049.52, 15.8828, 845.4399, 364.8609, 773.6676, 899.644, 614.7905, 700.6887, 296.6072, 863.3855
211.6, 232.8573, 291.5133, 273.9151, 1.572431, 198.4518, 234.6854, 799.6942, 992.4729, 15.19285, 805.2024, 343.9269, 792.4499, 840.1165, 580.9393, 663.6327, 280.1755, 819.1349
211.7, 217.9533, 277.9419, 254.2763, 1.490476, 186.1848, 221.532, 756.0468, 938.5263, 14.53286, 766.8799, 324.194, 796.9103, 784.5278, 548.952, 628.5364, 264.6541, 777.1523
211.8, 204.0033, 265.0023, 236.0456, 1.412793, 174.6762, 209.1158, 886.8719, 887.512, 13.90154, 730.3813, 305.5933, 822.9617, 732.6172, 518.7259, 689.3666, 249.9925, 737.3215
211.9, 256.0408, 252.6651, 219.122, 1.339159, 163.8789, 197.3955, 838.4664, 839.2706, 13.29765, 848.3719, 288.0598, 870.7587, 684.1415, 490.1641, 731.1966, 236.1432, 699.532
212, 239.653, 270.0805, 203.4117, 1.269362, 153.7491, 186.3321, 792.7028, 929.942, 12.71999, 807.9948, 271.5323, 829.2721, 638.8734, 463.175, 692.5272, 223.0611, 843.2056
212.1, 300.6404, 257.5069, 188.8278, 1.203204, 144.2454, 175.8887, 749.437, 879.3943, 12.16743, 769.5394, 255.9531, 789.762, 596.6005, 437.6719, 708.6305, 352.4407, 911.5696
212.2, 338.7292, 245.5187, 175.2895, 1.140493, 135.3291, 166.0307, 708.5326, 831.5942, 11.63887, 732.9142, 241.2677, 752.1344, 636.9781, 413.5731, 671.1545, 332.9159, 897.9345
212.3, 317.049, 291.9071, 162.7219, 40.85496, 126.964, 156.7252, 669.8608, 847.5704, 11.13327, 698.0321, 227.4249, 716.2995, 626.2686, 390.8012, 635.6604, 384.6707, 851.9133
212.4, 296.7564, 278.3174, 151.0553, 38.72561, 119.116, 147.9412, 724.5346, 842.2755, 10.64963, 821.7131, 214.3763, 682.1719, 584.8297, 369.2831, 602.0435, 363.3604, 808.2507
212.5, 277.7626, 265.3604, 152.9669, 36.70725, 111.7531, 175.4621, 725.2787, 796.493, 10.187, 782.6047, 202.0764, 649.6703, 546.1328, 348.9499, 570.2043, 343.2306, 766.8259
212.6, 259.9846, 420.1855, 141.9997, 34.79408, 311.9188, 165.628, 685.6929, 753.199, 9.744473, 1073.017, 190.4823, 618.7173, 509.9963, 329.7362, 617.1524, 362.6949, 768.8713
212.7, 334.0329, 400.6237, 193.4445, 60.94815, 292.6382, 201.8607, 648.2676, 871.4643, 9.321167, 1021.948, 179.5533, 589.239, 587.9771, 311.5805, 647.9141, 469.3409, 840.9705
212.8, 312.6532, 394.1451, 179.5752, 57.77155, 274.5493, 190.547, 757.5599, 846.8499, 8.916249, 973.3101, 169.2514, 561.1651, 549.0718, 346.3499, 613.6491, 443.3399, 862.3604
212.9, 358.3348, 438.8107, 170.41, 54.76052, 331.7145, 179.8674, 716.2122, 1084.151, 8.528922, 926.9867, 280.3345, 534.4288, 512.7409, 327.2794, 581.1962, 418.7793, 955.5092
213, 335.3997, 418.3819, 284.3968, 51.90643, 311.2102, 169.7864, 677.1212, 1057.694, 8.158421, 882.868, 393.6541, 612.4567, 478.8139, 309.2589, 550.4596, 395.5794, 906.537
213.1, 313.9326, 398.9041, 287.5181, 159.1418, 291.9734, 160.2704, 640.1638, 1206.2, 7.804014, 840.8491, 404.5655, 668.0001, 514.4173, 292.2307, 703.1245, 373.6647, 897.8601
213.2, 293.8395, 380.3331, 266.9041, 183.4456, 273.9256, 151.2877, 605.2236, 1140.636, 7.465003, 800.83, 602.7129, 661.3605, 516.6235, 326.6831, 665.9396, 352.9641, 945.1781
213.3, 275.0324, 362.6267, 247.768, 173.8845, 256.9934, 142.8085, 572.1904, 1078.636, 7.140718, 762.7155, 629.3821, 916.2355, 526.7927, 308.6955, 630.7213, 382.0614, 896.7355
213.4, 298.0645, 345.7447, 230.0039, 164.8217, 241.1079, 206.9215, 540.9601, 1020.006, 6.830521, 726.4151, 593.2712, 872.5821, 491.9359, 305.0113, 597.3655, 376.1753, 850.7756
213.5, 278.987, 329.6485, 250.0982, 209.827, 226.2043, 413.4294, 631.2491, 964.5627, 6.533798, 691.8423, 559.2321, 880.8173, 563.8058, 324.7337, 565.7738, 403.3004, 874.0192
213.6, 269.08, 314.3018, 232.167, 240.175, 212.2219, 548.347, 596.7955, 912.1332, 6.249966, 658.915, 527.1461, 838.8514, 773.0789, 306.8534, 535.8528, 380.958, 863.8752
213.7, 251.8576, 299.6694, 215.5215, 406.0669, 199.1038, 615.9576, 564.2223, 862.5536, 5.978463, 627.5549, 496.9009, 798.885, 721.9258, 289.9576, 507.5142, 557.6328, 819.5995
213.8, 235.7376, 285.7183, 321.3939, 384.9028, 186.7966, 676.0305, 533.4269, 815.6688, 5.718755, 597.6873, 468.3911, 929.0273, 674.1575, 273.9922, 480.6742, 585.1395, 817.0991
213.9, 306.6674, 272.4167, 321.8456, 364.8419, 175.2501, 638.141, 568.1859, 771.3325, 5.470328, 569.2411, 441.517, 884.7645, 629.5499, 258.9058, 455.2537, 552.7234, 934.5708
214, 287.0393, 259.7344, 298.7704, 345.8264, 164.4174, 620.5657, 537.1743, 729.4062, 5.232694, 542.1489, 416.1849, 842.6105, 587.8939, 244.6501, 431.1776, 522.1031, 886.6718
214.1, 268.6674, 247.6424, 356.8901, 327.8021, 154.2542, 594.679, 547.6382, 689.7588, 5.005382, 516.346, 392.3062, 802.465, 548.9942, 231.1793, 408.3747, 493.1791, 841.2278
214.2, 286.3047, 236.1134, 331.3024, 310.7172, 144.7193, 859.5165, 581.7706, 652.2664, 4.787945, 491.7712, 369.7975, 764.2321, 512.6684, 218.4502, 386.7777, 465.8575, 798.1129
214.3, 372.6923, 225.1212, 333.8577, 294.5227, 135.7738, 916.76, 550.0175, 616.812, 4.579954, 468.366, 348.5803, 727.8209, 478.7462, 206.4221, 366.323, 440.0495, 757.2077
214.4, 348.8383, 214.6407, 326.7567, 279.1723, 127.3812, 1007.375, 519.9974, 583.2847, 4.380998, 446.0748, 328.5804, 693.1443, 447.0686, 195.0562, 346.9499, 415.6713, 718.399
214.5, 326.511, 204.6481, 303.3294, 264.6219, 119.5074, 950.9146, 491.6159, 551.5798, 4.190684, 424.8445, 399.5779, 660.12, 417.487, 184.3161, 328.6014, 392.6435, 681.5793
214.6, 305.6128, 195.1207, 442.0871, 250.83, 112.1202, 1038.583, 464.7834, 521.5983, 4.008638, 404.6245, 477.8535, 628.6691, 389.8628, 174.1674, 311.2233, 551.2411, 746.3868
214.7, 306.9801, 186.0368, 410.391, 309.2276, 105.1898, 980.3732, 439.4155, 493.2465, 3.834501, 385.367, 553.7637, 598.7166, 364.0664, 164.5775, 294.7643, 520.703, 799.9787
214.8, 308.6269, 177.3759, 380.9674, 297.2737, 98.68765, 1004.593, 533.2751, 466.4357, 114.08, 367.0259, 521.9913, 570.1912, 339.9769, 155.5156, 279.1756, 491.8566, 758.9779
214.9, 304.6314, 169.1182, 353.6534, 290.2682, 92.58746, 953.8736, 504.1689, 441.0822, 109.1243, 349.5578, 513.3059, 543.0249, 317.4814, 146.9527, 264.4114, 525.342, 817.8683
215, 439.7185, 161.2449, 328.2977, 275.1396, 86.86435, 900.4119, 498.6114, 417.1069, 104.3838, 332.9211, 483.8549, 517.1529, 296.4743, 138.8613, 250.4279, 713.5154, 871.9757
215.1, 588.05, 153.7381, 304.7599, 260.7994, 142.516, 849.9465, 523.6893, 394.4347, 128.1336, 317.0761, 456.0936, 492.5135, 276.8572, 131.2154, 237.184, 673.9874, 985.8151
215.2, 550.4122, 146.5808, 381.4639, 247.2066, 133.7066, 999.9174, 896.5743, 372.9949, 122.5674, 301.9853, 535.3146, 469.0481, 258.5381, 123.9905, 224.6405, 719.186, 935.2898
215.3, 515.1833, 139.7568, 510.3339, 234.3223, 125.4418, 943.875, 1181.795, 352.7205, 164.2203, 287.6127, 569.6061, 446.7006, 241.4312, 117.1634, 212.7604, 840.5108, 887.354
215.4, 570.2417, 133.2504, 514.4568, 222.1096, 117.6879, 890.9737, 1117.292, 333.5481, 189.7959, 273.9242, 561.0468, 425.4179, 225.4562, 166.7868, 201.5085, 1012.743, 841.875
215.5, 885.8627, 127.0469, 585.1988, 210.5333, 110.4132, 841.0374, 1056.31, 604.7822, 255.2567, 646.8912, 528.8566, 405.1492, 210.5383, 157.6033, 190.8517, 956.6378, 798.7269
215.6, 1043.962, 220.5686, 559.3037, 199.5604, 103.5882, 793.8998, 998.6569, 876.3087, 274.9426, 616.1033, 602.4001, 385.8462, 196.6074, 148.9254, 180.7585, 1134.762, 757.7903
215.7, 1119.518, 210.3, 538.3019, 189.1594, 213.5332, 749.4041, 944.15, 828.6763, 262.9989, 586.7807, 694.6375, 367.4628, 183.5983, 153.518, 171.1991, 1071.898, 718.9517
215.8, 1147.077, 200.5095, 532.3373, 235.7109, 200.334, 707.4023, 892.6182, 822.1662, 251.574, 558.8536, 709.0925, 349.9553, 171.45, 280.5892, 162.1452, 1012.516, 682.1038
215.9, 1348.203, 361.1037, 615.0135, 223.4258, 187.9508, 667.7545, 843.8989, 1061.103, 240.6455, 707.4243, 962.1834, 333.2819, 160.1055, 265.1396, 449.7939, 1031.067, 647.1443
216, 2059.978, 448.9057, 570.9192, 211.7809, 176.333, 630.3289, 797.8388, 2182.427, 272.5286, 988.7264, 1156.981, 440.8563, 149.5117, 282.339, 580.9475, 1563.673, 748.4522
216.1, 2268.012, 524.5931, 529.9863, 204.1202, 165.4333, 595.0009, 754.2927, 3041.818, 260.6898, 1377.506, 1577.545, 569.8634, 139.6188, 266.793, 850.0065, 1477.047, 710.0923
216.2, 2169.441, 500.1707, 610.7995, 193.4816, 155.2074, 561.6529, 713.1232, 3549.301, 249.3653, 1311.945, 1487.033, 624.7037, 130.3805, 252.103, 805.0538, 1566.779, 673.6984
216.3, 2030.587, 476.8852, 567.0073, 211.0329, 145.6135, 530.174, 881.7785, 3562.382, 238.5327, 1249.505, 1595.874, 651.5446, 121.7535, 238.2219, 762.4785, 1479.981, 639.1697
216.4, 1982.885, 454.6838, 550.7018, 200.034, 136.6127, 500.4593, 833.6509, 3500.727, 266.3229, 1190.036, 1608.314, 620.5022, 113.6973, 225.105, 722.1547, 1397.991, 606.4108
216.5, 1855.971, 433.5161, 664.6271, 189.6083, 128.1683, 515.9833, 856.3546, 3425.375, 556.613, 1133.398, 1516.036, 590.9388, 106.1742, 317.4083, 683.9635, 1320.544, 575.3308
216.6, 1758.769, 413.3337, 616.9757, 179.726, 120.2458, 487.064, 938.2613, 3239.187, 532.4333, 1079.456, 1429.053, 562.784, 99.1489, 299.9313, 647.792, 1247.387, 545.8438
216.7, 1646.199, 394.091, 572.7407, 170.3587, 112.813, 563.665, 1052.135, 3063.118, 509.3041, 1028.08, 1347.061, 535.9706, 92.58842, 283.4167, 613.5334, 1178.283, 517.868
216.8, 1540.835, 375.7441, 531.6772, 161.4797, 232.2628, 570.5786, 994.709, 2982.487, 487.1796, 979.1503, 1269.773, 510.4347, 86.46204, 356.5286, 581.0867, 1113.008, 491.326
216.9, 1488.239, 358.2513, 493.5579, 153.0634, 217.906, 548.9424, 1035.952, 2853.219, 466.0162, 932.549, 1196.92, 486.1154, 80.74104, 336.8976, 550.3558, 1051.348, 466.1444
217, 1392.984, 341.5729, 501.0222, 193.995, 217.0524, 609.891, 979.4099, 2698.13, 445.7722, 888.1656, 1231.125, 462.9548, 75.39857, 318.3476, 521.2502, 993.1048, 442.2534
217.1, 1303.827, 325.671, 570.22, 250.4343, 203.6357, 575.7084, 925.9535, 2759.185, 664.4371, 845.8945, 1360.413, 440.8976, 70.40961, 300.8189, 493.6838, 1139.676, 419.5869
217.2, 1220.376, 310.5094, 529.3372, 237.3818, 191.0484, 609.8719, 875.4148, 2655.913, 875.5279, 805.6353, 1282.359, 419.8914, 65.75076, 284.2554, 467.5753, 1194.788, 644.4592
217.3, 1142.266, 296.0536, 559.5072, 225.0095, 179.2391, 588.1827, 827.6345, 2532.199, 879.2263, 767.2922, 1208.783, 510.9717, 61.40017, 268.6039, 442.8475, 1128.598, 670.493
217.4, 1069.156, 282.2709, 519.3925, 213.2821, 168.1598, 984.8192, 878.7178, 2486.565, 841.0322, 730.7739, 1139.429, 514.5287, 57.33744, 253.8142, 419.4275, 1066.075, 674.8879
217.5, 1000.725, 313.5811, 538.6293, 202.1659, 157.7653, 940.8209, 830.7573, 2442.786, 804.4972, 695.9937, 1074.054, 593.7642, 53.54354, 239.8388, 397.246, 1007.016, 640.2983
217.6, 936.6741, 298.9823, 500.0115, 191.6291, 148.0134, 1000.364, 785.4144, 2310.007, 786.6257, 662.8688, 1012.43, 616.7432, 50.00068, 226.633, 376.2376, 951.2279, 607.4815
217.7, 876.7226, 285.0632, 464.1624, 181.6415, 138.8642, 944.2964, 742.5464, 2254.045, 752.4542, 631.3205, 954.3413, 613.9793, 46.69224, 214.1543, 356.3402, 898.5309, 668.1945
217.8, 820.6083, 271.7921, 430.8836, 172.1744, 138.2969, 891.3715, 747.4729, 2131.525, 719.7672, 601.2736, 899.5858, 715.4237, 43.60271, 202.3626, 337.4951, 848.7532, 633.948
217.9, 768.0856, 305.7713, 399.9908, 163.2007, 147.8761, 841.4128, 851.4438, 2015.664, 754.3917, 572.6568, 847.9718, 681.3379, 40.71761, 191.2203, 319.6467, 801.7332, 601.4567
218, 718.9246, 447.5235, 371.3129, 154.6948, 155.6448, 794.2542, 804.9719, 2064.573, 721.6205, 545.402, 799.3192, 648.876, 38.02341, 180.6914, 302.7421, 757.3181, 570.6306
218.1, 672.9102, 812.842, 344.691, 146.6321, 233.9693, 749.7386, 898.4511, 2439.466, 690.2728, 763.6448, 753.4581, 617.9608, 35.50748, 170.7423, 455.9198, 715.3635, 541.3845
218.2, 629.8408, 775.0001, 319.9779, 138.9897, 219.5069, 707.7181, 849.4135, 2488.462, 660.2869, 1203.792, 710.2282, 588.5186, 33.15803, 161.341, 536.4749, 675.7331, 657.4622
218.3, 589.5281, 835.9476, 297.0366, 131.7456, 205.9385, 778.2797, 1124.497, 2494.64, 733.7903, 1280.169, 669.4787, 560.479, 30.96403, 152.4573, 508.1034, 638.2982, 623.7657
218.4, 551.7957, 797.03, 275.7401, 124.8791, 219.2262, 826.2911, 1063.122, 2384.216, 701.914, 1219.241, 631.0672, 533.7754, 264.7694, 144.0628, 481.2323, 602.9372, 591.7963
218.5, 516.4782, 759.9243, 255.9706, 118.3705, 205.6752, 779.98, 1221.66, 2321.041, 671.4224, 1161.213, 594.8596, 508.3441, 247.2502, 136.1305, 455.7823, 569.5351, 561.4653
218.6, 483.4212, 724.5461, 237.6184, 112.201, 192.9618, 785.0932, 1861.677, 2194.879, 642.2554, 1105.946, 560.7294, 484.1244, 230.8902, 128.635, 431.6782, 713.3389, 532.6889
218.7, 452.48, 690.8149, 220.582, 106.3531, 181.0342, 741.0911, 2563.029, 2139.58, 684.1606, 1053.31, 528.5574, 461.0587, 215.6127, 121.5521, 408.8488, 673.8207, 505.3873
218.8, 465.1045, 658.654, 204.767, 100.8101, 169.8439, 699.5552, 3141.259, 2023.282, 725.9515, 1003.18, 498.2313, 439.0919, 201.346, 114.8593, 387.2268, 636.4917, 479.485
218.9, 539.2941, 627.9904, 190.086, 95.55589, 159.3454, 729.626, 3139.654, 1956.945, 743.5439, 955.4345, 469.6451, 418.1717, 188.0234, 108.535, 366.7483, 601.2307, 454.9103
219, 504.7768, 598.7543, 176.4575, 90.57555, 149.4957, 688.7327, 2989.119, 1923.771, 711.2438, 909.9619, 442.6991, 398.2482, 175.5823, 102.5589, 347.3527, 567.9232, 431.5951
219.1, 503.948, 629.4117, 200.4066, 85.85478, 286.9965, 650.1313, 2825.973, 2128.016, 680.3469, 958.4938, 417.2991, 379.2739, 163.9644, 96.91187, 328.9829, 536.4608, 409.4748
219.2, 482.7898, 623.1516, 186.0381, 81.38007, 289.1975, 613.6935, 2813.371, 2031.12, 650.7922, 1009.248, 393.3565, 361.2037, 153.1152, 91.57576, 431.4944, 506.7415, 388.4883
219.3, 451.889, 622.8928, 172.6998, 77.13857, 271.3213, 579.2979, 2809.059, 2036.352, 622.5214, 961.2146, 370.7875, 343.9944, 142.9839, 86.53347, 408.6748, 478.6685, 368.5773
219.4, 422.9661, 745.0292, 160.3179, 73.11813, 254.5501, 570.3774, 2699.252, 1925.664, 595.4787, 915.4669, 349.5135, 327.6051, 133.5229, 81.76881, 422.0518, 587.7982, 349.6869
219.5, 395.8943, 710.3444, 148.8237, 69.30724, 238.8156, 606.5532, 2754.203, 1849.536, 799.8507, 871.8964, 329.4601, 432.3173, 124.688, 77.26651, 399.7316, 555.2347, 419.5587
219.6, 370.5552, 762.2682, 162.6949, 65.69498, 224.0537, 572.5577, 2700.717, 1891.094, 788.7037, 995.9263, 310.5572, 593.7792, 116.4377, 73.01211, 378.5917, 524.4753, 529.5851
219.7, 361.11, 890.5331, 151.0303, 62.27098, 237.8251, 540.4675, 2647.385, 1998.361, 854.3068, 1114.145, 292.7389, 565.4891, 108.7332, 68.99196, 407.5405, 495.42, 502.4426
219.8, 337.9973, 849.0743, 140.2019, 59.02544, 223.1245, 593.0729, 2804.682, 1889.739, 817.1952, 1116.732, 275.943, 538.5468, 101.5386, 65.19316, 385.9877, 467.9742, 476.6912
219.9, 326.7351, 1123.147, 130.1499, 55.94906, 209.3324, 559.8329, 2694.414, 1914.921, 781.6957, 1063.583, 260.1107, 512.8881, 94.81998, 61.60353, 365.5747, 442.049, 452.2597
220, 376.2419, 1070.859, 145.9229, 53.03302, 196.393, 549.1198, 2547.352, 1850.143, 747.7383, 1113.931, 245.1867, 488.4519, 88.54594, 58.21156, 346.2412, 417.5599, 429.0803
220.1, 375.4399, 1021.005, 135.4607, 50.26896, 184.2533, 552.2927, 2408.317, 1749.577, 715.2561, 1060.915, 231.1191, 465.18, 82.68704, 55.00635, 327.9302, 394.4275, 407.0889
220.2, 351.4101, 973.4722, 125.7486, 47.64896, 241.664, 521.3383, 2330.712, 1741.558, 684.1849, 1010.422, 217.8586, 443.0168, 77.21581, 51.97762, 350.6053, 488.4949, 386.2246
220.3, 328.9182, 928.1522, 116.7329, 45.16551, 226.726, 492.1189, 2203.501, 1684.249, 654.4635, 962.3321, 205.3589, 421.9096, 72.10661, 49.11566, 446.8068, 461.4328, 366.4297
220.4, 355.247, 884.9421, 239.0451, 42.8115, 371.4532, 464.5371, 2317.306, 1592.7, 626.0332, 1026.731, 193.5764, 401.8081, 67.33546, 46.41129, 423.1773, 435.8699, 347.6493
220.5, 332.5096, 942.6721, 221.9064, 40.58018, 398.1335, 438.5013, 2260.858, 1573.792, 646.2891, 977.8655, 182.4699, 466.8215, 62.88002, 43.85582, 442.7457, 572.0717, 329.8315
220.6, 331.8029, 898.786, 205.9965, 38.46516, 410.4977, 413.9246, 2137.46, 1488.247, 618.2139, 1023.865, 172.0006, 641.5143, 58.71938, 41.44105, 419.331, 595.0298, 312.9268
220.7, 310.566, 856.9431, 191.2273, 36.46037, 385.1235, 482.0471, 2020.797, 1407.352, 656.6605, 975.1356, 162.132, 677.7879, 54.83405, 39.15925, 397.1547, 562.0658, 296.8886
220.8, 290.6883, 817.0481, 177.517, 34.56007, 546.739, 455.0298, 2128.784, 1383.874, 628.1348, 928.7253, 152.8297, 645.4952, 51.20579, 37.00309, 480.2475, 587.5823, 281.6724
220.9, 272.0829, 779.0104, 164.7896, 32.75882, 842.0088, 581.8386, 2012.594, 1382.468, 600.8482, 1155.308, 144.061, 705.3476, 47.81761, 34.96564, 679.4147, 555.0309, 267.236
221, 331.6854, 742.7436, 152.9748, 31.05144, 851.7028, 549.2283, 1996.025, 1391.287, 574.7469, 1100.323, 135.7955, 705.354, 44.65362, 33.04039, 853.1151, 524.2828, 253.5395
221.1, 310.456, 708.1652, 142.007, 29.43305, 950.0897, 564.1096, 1962.819, 1363.617, 549.7796, 1047.954, 128.0042, 778.1396, 41.69899, 31.22114, 885.4105, 693.8036, 240.545
221.2, 290.5854, 675.1965, 156.449, 27.89901, 1009.221, 664.7191, 1969.587, 1388.47, 525.8969, 998.0781, 120.6599, 784.5093, 38.93985, 29.50206, 838.5855, 655.3676, 228.2165
221.3, 271.9866, 643.7628, 145.2321, 26.44493, 1106.128, 774.2377, 2016.584, 1369.233, 503.0515, 950.5759, 280.3967, 747.1319, 36.36329, 27.87763, 879.0541, 778.9623, 216.5199
221.4, 254.5782, 613.7924, 190.0121, 25.06663, 1105.515, 730.844, 1928.2, 1417.501, 481.1987, 905.3345, 264.3088, 861.5773, 33.9572, 26.34265, 832.5652, 735.8086, 438.6295
221.5, 238.284, 585.2173, 201.5081, 23.76016, 1037.18, 734.4841, 1822.958, 1478.497, 460.2951, 862.2463, 249.1441, 820.5281, 31.71033, 24.89219, 861.5108, 1061.12, 416.1487
221.6, 223.0328, 557.9725, 342.3168, 22.52179, 973.0688, 837.5089, 1903.728, 1494.96, 440.2996, 821.2089, 309.1416, 781.4346, 29.61212, 122.0185, 815.9497, 1213.342, 394.8201
221.7, 208.7576, 531.9962, 343.5344, 21.34797, 1071.948, 1053.525, 1924.759, 1413.701, 457.9072, 782.1245, 291.4045, 776.7292, 171.1735, 115.2999, 772.7981, 1173.413, 488.843
221.8, 195.3962, 507.2291, 470.0429, 20.23532, 1005.687, 1095.38, 2080.602, 1487.93, 460.203, 744.9003, 274.6851, 958.9706, 159.8473, 108.9514, 804.5396, 1164.284, 463.7887
221.9, 182.8899, 483.6151, 436.3425, 19.18066, 943.5228, 1033.988, 1967.042, 1407.052, 440.2115, 709.4478, 258.925, 913.2812, 206.6455, 102.9524, 761.9914, 1123.027, 440.0184
222, 210.4981, 461.1004, 431.0616, 18.18097, 895.5574, 1126.33, 1959.396, 1420.167, 421.0884, 675.6826, 244.0691, 869.7686, 257.2915, 97.28365, 915.8953, 1109.35, 417.4665
222.1, 208.4772, 439.6339, 400.156, 17.23339, 840.2003, 1063.203, 1914.219, 1472.871, 477.9511, 643.5244, 230.0656, 828.3291, 240.267, 91.92708, 867.458, 1047.893, 396.0703
222.2, 356.1746, 419.1667, 441.5187, 16.33519, 840.4464, 1003.613, 1809.74, 1392.812, 457.1886, 612.8967, 216.8655, 788.864, 224.3691, 86.86545, 821.5824, 989.8407, 375.7708
222.3, 393.927, 399.6524, 409.8634, 15.4838, 916.7822, 947.3638, 1710.964, 1469.066, 437.328, 583.7267, 204.4228, 751.2791, 209.5231, 82.08251, 778.1329, 1183.83, 356.5116
222.4, 368.7138, 381.0466, 380.4777, 14.6768, 860.1131, 894.2669, 1715.858, 1480.431, 418.3302, 555.9451, 192.694, 715.485, 195.6594, 77.56293, 736.9813, 1118.247, 338.2396
222.5, 345.1144, 363.307, 374.7527, 41.28854, 806.9469, 844.1459, 1747.079, 1399.961, 400.1577, 529.4856, 181.6381, 681.3962, 293.006, 73.29221, 698.0059, 1115.995, 320.904
222.6, 361.9671, 346.3932, 347.8842, 39.1366, 757.067, 796.8341, 1651.724, 1323.865, 409.6819, 504.2854, 171.2166, 648.9316, 400.4211, 69.25665, 661.0918, 1084.388, 304.4569
222.7, 338.7996, 330.2669, 423.1339, 37.09681, 869.8307, 771.2285, 1712.332, 1251.906, 391.8851, 480.2846, 161.393, 697.416, 373.9261, 65.44328, 626.1299, 1024.314, 288.8528
222.8, 317.1148, 519.4277, 392.7967, 35.16334, 816.0638, 728.0034, 1618.873, 1183.857, 374.8613, 457.4261, 152.133, 664.1881, 421.6054, 61.83988, 593.0169, 1155.012, 274.0484
222.9, 319.2885, 495.2457, 570.795, 87.46895, 765.6204, 748.856, 1705.444, 1235.445, 358.5771, 435.6556, 143.4043, 632.5433, 393.7086, 58.43489, 561.6552, 1091.026, 260.0028
223, 334.6931, 472.1896, 529.871, 82.9101, 718.2951, 831.7802, 1612.36, 1230.569, 343.0003, 414.9211, 135.1765, 602.4062, 414.9099, 55.21738, 531.952, 1392.556, 246.677
223.1, 313.2711, 450.2068, 514.505, 78.58886, 673.8951, 909.4195, 1625.551, 1163.681, 328.1002, 395.1735, 127.4207, 690.4365, 715.7835, 133.3796, 503.8196, 1315.41, 234.0342
223.2, 293.2204, 429.2474, 477.6168, 86.28852, 632.2396, 858.4493, 1536.828, 1100.428, 313.8473, 376.3658, 120.1099, 691.0676, 862.5256, 126.0355, 477.175, 1242.537, 355.9672
223.3, 304.6396, 409.2638, 443.3734, 81.7912, 593.1589, 810.3358, 1452.948, 1081.73, 300.2136, 670.3269, 113.2186, 681.6523, 881.7734, 119.0958, 451.9396, 1285.307, 443.1293
223.4, 730.438, 390.2105, 411.5851, 77.52827, 556.4939, 935.5491, 1444.525, 1390.592, 400.6317, 638.4236, 106.7226, 649.1755, 823.4283, 153.6862, 428.0387, 1287.728, 420.4179
223.5, 772.1387, 372.0443, 453.9375, 73.48753, 522.0953, 883.1144, 1521.02, 1584.116, 623.5244, 608.0387, 100.5994, 815.4371, 840.6851, 145.224, 630.5926, 1538.867, 398.8705
223.6, 1258.695, 354.7238, 502.3348, 210.7924, 489.823, 833.6185, 1438.002, 2027.427, 596.4381, 769.9876, 568.6931, 776.5862, 785.0588, 299.9391, 706.4353, 1642.259, 378.4274
223.7, 1477.226, 338.2096, 466.3192, 199.8059, 697.1838, 786.8967, 1359.516, 2448.465, 570.5284, 1088.307, 685.7838, 739.5864, 804.1185, 283.424, 1082.613, 1911.093, 359.0321
223.8, 1382.677, 322.4643, 432.8858, 189.3921, 654.0887, 742.7936, 1285.313, 2694.039, 545.7443, 1036.51, 795.9048, 704.3493, 894.5294, 267.8183, 1025.359, 1805.22, 340.6309
223.9, 1294.179, 307.4519, 401.8494, 179.5211, 701.6411, 718.5366, 1215.161, 2686.606, 522.0369, 987.1787, 917.1687, 670.7911, 864.2216, 253.0718, 1182.944, 1834.621, 323.1727
224, 1211.346, 293.1385, 494.0353, 170.1645, 658.2705, 845.9287, 1285.661, 2676.982, 499.3593, 940.1953, 864.5459, 638.8317, 880.3478, 239.1373, 1200.56, 2007.889, 306.6094
224.1, 1133.814, 279.4915, 458.6147, 161.2956, 617.5808, 798.517, 1215.489, 2531.472, 477.6668, 895.4479, 838.0132, 608.3951, 893.4448, 309.4581, 1240.519, 1896.654, 290.8949
224.2, 1061.245, 266.4797, 599.2002, 152.8889, 773.2247, 753.7625, 1149.148, 2393.872, 456.9166, 852.8303, 789.932, 579.4086, 1086.427, 292.4189, 1174.914, 1791.581, 275.9859
224.3, 993.3203, 254.0738, 556.2397, 144.9204, 725.4293, 711.5164, 1187.32, 2263.752, 437.0679, 812.241, 744.6094, 551.8031, 1062.576, 276.3179, 1112.778, 1716.689, 261.8409
224.4, 929.7432, 242.2454, 528.8282, 172.7117, 718.2275, 707.6149, 1281.682, 2140.704, 418.0814, 773.5835, 807.6322, 525.5129, 1075.767, 261.1035, 1053.929, 1729.423, 248.421
224.5, 870.2354, 230.9677, 798.389, 163.71, 836.9379, 667.9553, 1211.728, 2024.344, 399.9196, 736.7658, 761.2941, 576.9688, 1149.847, 246.7268, 998.1917, 1719.987, 235.6888
224.6, 814.5363, 220.215, 753.8028, 266.9584, 1011.912, 756.6733, 1173.449, 2041.628, 382.5469, 701.7004, 717.6147, 751.8781, 1118.206, 233.1416, 945.4022, 1664.529, 223.6092
224.7, 762.4022, 209.9628, 699.7578, 253.0447, 957.3085, 714.2641, 1109.402, 1951.613, 365.9288, 668.304, 787.1359, 878.7325, 1044.217, 220.3045, 895.4045, 1698.768, 212.1487
224.8, 713.605, 257.7086, 649.5876, 365.5724, 949.1821, 797.3903, 1135.163, 1927.557, 350.0326, 636.4969, 741.9738, 836.8659, 1100.999, 208.1743, 996.5433, 1604.658, 201.2756
224.9, 667.931, 245.711, 632.6028, 346.519, 890.5103, 794.6776, 1073.205, 2054.97, 334.827, 606.2037, 699.4029, 796.9941, 1328.038, 196.7119, 943.841, 1569.647, 532.2037
225, 625.1803, 234.2719, 650.8195, 328.4585, 840.8083, 753.6566, 1125.294, 1943.27, 320.2819, 577.3523, 659.2745, 759.0219, 1332.93, 185.8806, 893.9258, 1548.491, 504.927
225.1, 585.1659, 263.5258, 870.7394, 311.3394, 788.8354, 714.8981, 1095.097, 1837.642, 306.3687, 549.874, 621.4484, 722.8589, 1402.198, 175.6458, 846.6505, 1462.707, 479.0483
225.2, 547.7126, 251.2574, 1037.705, 295.1125, 740.0751, 674.8303, 1035.326, 1737.756, 293.0598, 523.7034, 585.7927, 688.4188, 1309.417, 165.9745, 801.8752, 1381.674, 454.4959
225.3, 512.6564, 239.5601, 963.3049, 279.7314, 694.3288, 656.247, 978.8179, 1643.299, 280.3291, 498.7785, 552.1827, 655.6196, 1222.776, 156.8357, 759.468, 1305.131, 431.2019
225.4, 479.8441, 328.8478, 925.7157, 265.1519, 651.4102, 619.4664, 1094.683, 1553.976, 268.1514, 475.0398, 520.501, 624.3831, 1141.867, 148.2001, 719.3034, 1278.556, 409.1018
225.5, 449.1318, 313.5383, 859.3452, 251.3322, 854.0566, 584.7471, 1066.734, 1652.151, 256.5027, 452.4309, 490.6371, 594.6348, 1128.023, 140.04, 681.2629, 1207.726, 388.1344
225.6, 420.3853, 298.9415, 797.7332, 238.2329, 801.2648, 733.0906, 1008.512, 1612.271, 245.3601, 430.8981, 462.4867, 566.3039, 1195.54, 226.793, 645.2343, 1158.204, 368.2416
225.7, 393.4788, 285.0243, 740.5385, 246.7028, 1011.073, 692.0031, 1144.141, 1524.635, 234.7015, 410.39, 435.9514, 539.3228, 1240.487, 214.3055, 611.111, 1357.654, 349.3683
225.8, 368.2943, 271.755, 746.5845, 403.7718, 1179.255, 653.2184, 1081.693, 1441.762, 224.5059, 390.8581, 566.9444, 705.2728, 1158.407, 202.5055, 578.7923, 1359.077, 331.4624
225.9, 344.7218, 259.1035, 707.9884, 382.7274, 1291.107, 616.6075, 1103.666, 1680.583, 214.7532, 372.2557, 729.4276, 842.8589, 1093.519, 296.9638, 658.6428, 1490.038, 314.4742
226, 376.6462, 247.0409, 787.4934, 573.9629, 1257.925, 623.96, 1354.986, 1873.69, 205.4242, 629.8856, 734.0615, 802.7015, 1086.939, 397.7634, 757.948, 1565.821, 298.3566
226.1, 388.5912, 235.5399, 746.2828, 575.6261, 1207.16, 588.989, 1459.034, 2060.746, 196.5005, 599.907, 762.1887, 764.4574, 1074.671, 375.862, 1016.957, 1644.276, 283.0651
226.2, 551.1237, 224.5743, 692.7769, 545.6247, 1132.542, 555.9779, 1463.145, 1998.475, 187.9644, 571.3553, 718.4579, 728.0354, 1242.958, 355.1665, 1011.184, 1553.185, 268.5574
226.3, 564.8051, 214.1193, 643.1072, 573.3547, 1089.67, 524.817, 1514.8, 1889.846, 179.7991, 544.1624, 677.2362, 693.3487, 1160.714, 335.6105, 1063.919, 1467.14, 254.7932
226.4, 564.4506, 204.151, 596.9987, 543.4717, 1025.336, 495.4026, 1432.122, 1787.122, 171.9885, 518.2637, 778.3178, 660.3146, 1083.912, 317.1313, 1007.653, 1385.862, 241.7344
226.5, 528.3232, 194.6467, 554.196, 527.5242, 961.9572, 467.6368, 1541.064, 1853.782, 164.5172, 493.5977, 733.6616, 628.8544, 1012.192, 299.6696, 954.3636, 1309.087, 229.345
226.6, 494.5081, 185.585, 514.4622, 534.3223, 977.5111, 441.4272, 1456.953, 1841.576, 157.3705, 470.1055, 691.5676, 598.8931, 1001.33, 283.1694, 1048.167, 1236.565, 217.5905
226.7, 462.8573, 176.9451, 497.5714, 511.9871, 1043.937, 416.6865, 1377.432, 1919.456, 150.5342, 447.7315, 790.2604, 570.3593, 935.074, 267.5777, 992.7346, 1318.558, 206.4385
226.8, 433.2323, 168.7074, 461.8973, 506.0499, 979.4081, 457.4136, 1302.251, 1815.122, 143.9949, 426.4223, 744.919, 543.185, 873.2021, 252.8445, 940.2337, 1394.321, 195.858
226.9, 455.6628, 160.8532, 428.7809, 479.6747, 965.9325, 494.078, 1231.174, 1917.194, 137.7396, 538.0905, 741.4754, 517.3054, 815.4242, 238.9225, 890.5093, 1317.077, 185.8198
227, 426.4982, 153.3647, 398.0388, 454.6743, 906.2253, 466.3864, 1163.977, 1903.5, 131.7561, 512.4808, 698.933, 492.6587, 761.4693, 225.7671, 843.4147, 1244.112, 176.2961
227.1, 447.0254, 146.2248, 369.5009, 494.8078, 850.2087, 581.2137, 1100.447, 1843.299, 126.0326, 488.0899, 658.8316, 469.1864, 711.0845, 250.075, 836.2128, 1279.977, 167.2605
227.2, 418.4137, 139.4173, 343.009, 832.6146, 797.6547, 552.0578, 1040.384, 1814.405, 120.5576, 464.86, 621.0309, 446.8323, 775.4365, 236.3055, 1090.735, 1209.067, 158.688
227.3, 445.218, 333.5713, 318.4164, 936.1537, 836.3224, 591.5668, 1123.764, 1900.36, 115.3205, 442.7356, 585.3991, 425.5433, 724.1274, 223.2942, 1033.052, 1142.086, 150.5549
227.4, 416.722, 318.0418, 350.4538, 973.6989, 784.6268, 558.4113, 1062.429, 1951.485, 110.3109, 622.3019, 551.8117, 405.2686, 676.2134, 210.9993, 978.4187, 1078.816, 142.8386
227.5, 390.0498, 303.2354, 423.4534, 1149.746, 736.1266, 551.6658, 1036.206, 1845.411, 105.519, 592.6843, 520.1514, 385.9599, 631.4698, 199.3814, 926.6749, 1056.196, 135.5178
227.6, 429.459, 289.1183, 499.5865, 1330.055, 838.0953, 1021.35, 1032.366, 1745.102, 100.9351, 564.4763, 490.3076, 367.5712, 589.6868, 389.0659, 877.6676, 1038.487, 128.5722
227.7, 401.9716, 275.6584, 463.7679, 1412.388, 849.0201, 1626.651, 1324.554, 1650.245, 96.55045, 537.6108, 462.176, 591.1647, 550.6685, 500.3632, 831.2521, 1070.131, 121.9825
227.8, 376.2436, 262.8251, 430.5174, 1442.235, 796.5396, 1958.511, 1381.053, 1714.908, 92.35624, 512.0239, 435.6586, 578.939, 514.2319, 472.8125, 847.0437, 1010.847, 115.7306
227.9, 403.8672, 250.5893, 435.6546, 1448.612, 787.285, 1899.554, 1305.675, 1769.765, 88.34422, 487.6548, 457.2541, 551.3558, 480.2063, 612.135, 802.2477, 954.8472, 109.7992
228, 408.8908, 238.9231, 490.5768, 1373.111, 852.3425, 1853.344, 1234.411, 1731.663, 84.50649, 464.4456, 613.0381, 756.2978, 448.4321, 618.4046, 806.4622, 1109.816, 104.1717
228.1, 706.45, 227.8, 475.8771, 1301.545, 985.4203, 1784.711, 1167.037, 1679.116, 80.83548, 442.3409, 577.8649, 720.2645, 418.7603, 584.3544, 763.8124, 1048.333, 98.83266
228.2, 946.3061, 217.1948, 458.3029, 1379.862, 924.5084, 2186.511, 1145.298, 1587.847, 77.32394, 522.0196, 544.7098, 685.9481, 391.0518, 599.1705, 758.446, 1010.322, 93.76726
228.3, 961.5002, 207.0833, 485.1741, 1307.944, 877.9483, 2204.821, 1238.582, 1568.775, 73.96494, 497.1748, 673.296, 653.2666, 365.1767, 566.1794, 718.3355, 974.9113, 88.96146
228.4, 899.9598, 197.4426, 590.5716, 1239.775, 823.6796, 2438.259, 1170.98, 1705.024, 70.75185, 525.4297, 770.094, 622.1422, 709.0937, 535.0048, 829.2195, 920.9023, 84.40198
228.5, 900.3714, 188.2506, 548.2297, 1175.158, 846.6616, 2425.715, 1143.777, 1767.795, 67.67834, 500.4226, 725.9097, 592.5007, 1080.598, 585.3707, 785.3661, 869.8853, 80.07618
228.6, 842.7435, 399.9676, 714.8196, 1113.909, 794.3269, 2289.761, 1191.844, 1671.705, 64.73836, 648.068, 684.2604, 564.2715, 1208.255, 706.6046, 743.832, 903.4911, 75.97208
228.7, 788.804, 433.8449, 663.5696, 1098.157, 921.4414, 2193.358, 1126.793, 1710.024, 61.92608, 617.2241, 645.0008, 537.3872, 1128.308, 733.3932, 941.439, 853.4387, 72.07834
228.8, 738.317, 413.6472, 615.994, 1150.501, 1006.029, 2070.427, 1065.292, 1752.391, 59.23597, 587.8481, 607.9937, 511.7838, 1053.65, 693.0115, 945.0083, 869.3153, 68.38416
228.9, 691.0613, 450.2493, 571.8294, 1090.537, 943.8436, 1954.386, 1202.386, 1688.281, 56.66272, 559.8702, 622.398, 487.4002, 983.9321, 654.8533, 895.0314, 821.1562, 64.8793
229, 646.8302, 429.288, 530.8312, 1033.699, 885.5018, 1844.848, 1136.76, 1596.514, 54.20126, 533.224, 586.6877, 464.1784, 918.8274, 618.7962, 847.6976, 775.665, 61.55408
229.1, 605.4301, 409.3025, 492.7725, 979.8226, 904.2999, 1741.45, 1074.715, 1617.119, 51.84672, 507.8459, 553.0264, 442.063, 858.0305, 584.7244, 802.867, 732.694, 58.39929
229.2, 566.6798, 455.8793, 457.4425, 1025.5, 848.4023, 1643.847, 1016.057, 1551.574, 49.59447, 483.6757, 521.2963, 421.0012, 801.2565, 552.5287, 760.4073, 692.1035, 55.40619
229.3, 624.4805, 434.6559, 462.8467, 972.0516, 795.96, 1551.714, 960.6006, 1891.939, 47.44005, 460.6558, 602.9635, 400.9429, 748.239, 522.1057, 839.502, 653.7617, 52.56649
229.4, 596.4115, 414.4205, 442.7155, 1312.193, 746.7593, 1464.745, 908.1709, 1870.792, 45.37923, 538.1475, 751.7637, 381.8403, 698.7296, 568.8018, 898.0123, 899.9641, 49.87233
229.5, 669.6276, 464.0381, 460.9152, 1434.405, 700.5998, 1382.651, 949.8141, 2053.907, 43.40792, 512.535, 807.0117, 363.6478, 652.4962, 555.2598, 948.323, 901.0301, 47.31626
229.6, 726.8143, 442.4348, 473.6045, 1359.645, 657.2936, 1305.158, 943.6564, 2011.959, 41.52225, 488.1416, 760.7092, 346.3221, 609.3218, 630.86, 898.1708, 851.114, 44.89119
229.7, 680.2948, 421.8372, 439.6487, 1406.292, 616.6642, 1232.007, 961.0052, 1902.597, 39.7185, 464.9092, 844.0479, 329.8218, 569.0043, 596.124, 928.5687, 803.9631, 42.5904
229.8, 636.7528, 402.1986, 408.1274, 1332.997, 578.5463, 1162.957, 1055.885, 1844.883, 37.9931, 496.3311, 795.6204, 314.1077, 531.3544, 563.3005, 879.4612, 759.4244, 40.40755
229.9, 595.9977, 383.4743, 378.8661, 1263.522, 542.7846, 1166.64, 1081.83, 1790.953, 36.34266, 542.7963, 749.9715, 299.1423, 496.1958, 532.2844, 882.746, 717.3531, 38.33656
230, 606.4084, 401.4276, 351.7028, 1197.667, 509.2334, 1197.61, 1022.784, 1734.689, 145.5625, 516.9626, 730.4713, 284.8899, 463.3636, 599.2872, 836.0618, 677.6125, 36.37172
230.1, 745.8426, 404.7204, 326.4869, 1229.593, 513.0401, 1130.488, 966.9603, 1747.654, 191.85, 492.3585, 688.5604, 271.3165, 432.7038, 581.8427, 791.8466, 906.5575, 34.50759
230.2, 698.1052, 385.8786, 303.079, 1253.516, 481.3275, 1067.127, 914.1834, 1679.669, 272.913, 629.0648, 795.0781, 258.3898, 404.0727, 553.475, 749.9697, 856.3351, 32.73899
230.3, 765.9012, 399.4015, 281.3493, 1188.183, 451.5752, 1066.123, 968.7352, 1588.37, 261.0575, 844.1703, 773.892, 246.079, 377.3361, 635.7332, 772.1085, 1046.96, 31.06104
230.4, 716.88, 380.8074, 261.1776, 1126.255, 423.662, 1006.37, 915.8615, 1782.503, 249.717, 803.9932, 729.4898, 234.3548, 352.3685, 732.4344, 761.6794, 988.9595, 29.46909
230.5, 670.9964, 530.0721, 242.452, 1431.206, 397.4741, 949.9663, 865.8736, 1685.614, 238.8691, 765.7283, 687.6351, 223.1891, 329.053, 733.0236, 721.3979, 1117.147, 27.95873
230.6, 628.0496, 505.3946, 225.0691, 1765.747, 566.824, 896.7236, 905.3734, 1730.956, 228.4925, 729.2845, 648.1819, 212.5554, 307.2803, 692.6623, 683.2467, 1055.258, 26.52578
230.7, 680.8509, 481.866, 250.1561, 1673.717, 531.7869, 989.3386, 855.9579, 1769.421, 218.5666, 694.5752, 681.911, 202.4284, 286.9482, 654.5233, 734.6039, 996.7978, 25.16627
230.8, 637.2733, 459.4327, 326.4514, 1751.663, 498.9156, 944.6152, 809.2396, 1673.243, 209.0719, 661.5178, 674.6163, 192.7838, 267.9615, 618.4844, 783.0149, 1009.183, 23.87644
230.9, 618.6948, 438.0438, 303.046, 1660.367, 468.076, 891.6724, 765.0712, 1582.293, 199.9897, 630.0338, 722.0927, 183.5988, 250.231, 584.4297, 741.605, 953.2757, 22.65271
231, 579.0955, 417.6507, 281.3187, 1573.829, 439.1429, 934.2491, 833.0217, 1554.437, 191.302, 600.0482, 727.9598, 174.8514, 233.6738, 552.2502, 856.3126, 900.4652, 21.49171
231.1, 542.0308, 398.207, 663.1696, 1491.802, 411.9981, 972.7073, 843.9276, 1469.944, 182.9917, 571.4897, 686.1929, 166.5207, 218.2121, 521.8426, 811.0264, 907.8148, 20.39021
231.2, 507.3383, 379.6685, 615.6226, 1457.276, 386.5312, 922.075, 797.8659, 1390.044, 175.0425, 544.2904, 646.8224, 158.587, 203.7734, 493.1092, 768.1352, 925.662, 19.34516
231.3, 518.9995, 361.993, 629.4115, 1381.323, 362.6385, 949.0878, 754.3182, 1314.488, 167.4385, 518.3856, 609.7109, 151.0312, 190.2902, 465.9579, 727.5123, 900.5794, 18.35368
231.4, 526.6893, 345.1404, 628.8417, 1335.093, 340.2227, 895.8943, 818.1241, 1414.262, 160.1649, 493.7137, 704.7089, 143.8354, 177.6991, 493.8358, 689.0377, 906.1088, 17.41301
231.5, 492.9787, 329.0724, 677.6964, 1265.509, 319.1925, 845.6822, 773.4708, 1545.348, 153.2072, 470.2161, 664.276, 136.9825, 273.7109, 466.6445, 704.821, 855.9113, 16.52055
231.6, 501.2462, 313.7525, 700.1404, 1288.336, 299.4623, 798.2843, 731.2547, 1461.349, 146.5518, 447.8368, 626.163, 130.4561, 255.6, 440.9504, 667.5465, 931.74, 274.0326
231.7, 469.1642, 299.1457, 663.7552, 1221.189, 280.9516, 773.4514, 691.3427, 1381.916, 140.1855, 426.5226, 838.9112, 124.2406, 238.6875, 416.6711, 632.2432, 880.1226, 259.9877
231.8, 519.1779, 285.219, 616.1663, 1157.541, 263.5851, 748.9772, 699.5026, 1401.914, 134.0957, 406.2228, 790.7784, 118.3212, 222.8941, 393.7286, 725.2383, 1012, 474.963
231.9, 485.9481, 271.9406, 571.9894, 1201.845, 247.2921, 706.9993, 661.3237, 1367.911, 128.2705, 386.8892, 745.4073, 112.6839, 208.1456, 428.8438, 686.884, 955.9365, 450.62
232, 454.8452, 259.2805, 530.9797, 1139.205, 232.0062, 667.3741, 785.1639, 1293.557, 122.6984, 368.4757, 848.4611, 107.3152, 194.3731, 405.231, 650.558, 902.9786, 427.5246
232.1, 425.733, 247.2097, 492.9104, 1079.83, 217.6652, 629.9698, 742.3095, 1223.245, 117.3683, 350.9386, 859.8818, 102.2022, 222.3102, 382.9185, 616.1532, 852.9545, 405.613
232.2, 425.0283, 319.688, 601.5723, 1023.55, 204.2106, 594.6619, 701.7941, 1156.754, 112.2697, 334.2362, 810.5458, 97.33286, 207.6004, 361.8344, 583.5679, 805.7017, 384.8243
232.3, 397.8246, 326.874, 558.4417, 1124.544, 191.5878, 561.3329, 663.4901, 1170.333, 107.3926, 318.3286, 764.0406, 92.69551, 193.864, 341.9113, 552.7058, 761.0667, 365.1012
232.4, 372.3619, 329.281, 518.4034, 1065.933, 179.7451, 550.1733, 627.2767, 1106.719, 102.7274, 303.1782, 720.2036, 88.2791, 330.8204, 323.0852, 523.4759, 718.9044, 346.3889
232.5, 348.5291, 313.9513, 481.2357, 1010.377, 168.6346, 583.1413, 593.0399, 1046.562, 98.26489, 288.7489, 678.8817, 84.0731, 308.9308, 305.2957, 495.7918, 679.0779, 328.6357
232.6, 326.2216, 299.3353, 446.7328, 957.7169, 158.2107, 550.458, 651.9813, 989.6756, 93.9962, 275.0063, 639.9307, 80.0675, 288.4895, 288.4857, 469.5718, 641.4577, 311.7923
232.7, 305.3419, 285.3998, 414.7037, 907.801, 148.4312, 519.6065, 782.2617, 935.881, 89.91295, 261.9177, 603.2145, 76.25275, 269.4007, 272.6013, 444.7384, 605.9216, 295.8122
232.8, 285.7986, 366.3774, 384.9709, 860.4868, 139.2563, 490.4841, 779.7917, 885.0106, 86.00707, 249.4521, 659.8799, 72.61974, 451.5396, 257.5915, 421.2184, 572.3542, 280.6511
232.9, 297.116, 362.137, 357.3698, 852.6144, 130.6484, 462.994, 737.2305, 973.1553, 82.27087, 237.5797, 674.3734, 69.15983, 421.6621, 243.4081, 398.9422, 540.6464, 266.2671
233, 392.8617, 345.2777, 331.7477, 808.1765, 122.5726, 479.8989, 741.4383, 1031.792, 78.69697, 226.2725, 635.681, 65.86476, 393.7617, 230.0058, 377.8441, 510.6951, 252.6203
233.1, 391.7543, 430.0713, 307.9626, 766.0547, 114.996, 453.002, 783.5628, 975.7078, 75.27832, 529.2383, 599.2087, 62.72668, 367.7073, 217.3413, 357.8618, 482.4032, 239.6729
233.2, 547.1684, 410.0493, 285.8827, 726.1282, 107.8878, 456.3168, 740.7958, 980.5768, 72.00818, 504.05, 564.8289, 59.73812, 343.3769, 205.3742, 338.9362, 455.6785, 227.3891
233.3, 512.1471, 390.9595, 348.4931, 715.9279, 101.2189, 433.9206, 756.4429, 927.2769, 68.8801, 548.6669, 563.8042, 56.89194, 320.6563, 194.066, 466.9525, 537.4612, 215.7348
233.4, 479.3673, 372.7584, 323.5074, 737.9581, 94.96226, 579.137, 715.1562, 876.874, 65.8879, 556.7079, 531.4558, 54.18136, 299.4392, 183.3804, 475.2611, 507.6864, 204.6779
233.5, 448.6856, 419.9366, 300.3131, 699.496, 89.09235, 546.6782, 676.1229, 937.4842, 63.02569, 530.2122, 603.2192, 51.59993, 279.6259, 311.5882, 450.1269, 479.5611, 194.1877
233.6, 419.9677, 469.0995, 278.7817, 740.0656, 83.58528, 516.0385, 720.4751, 1112.531, 60.28781, 504.9774, 568.6094, 49.14149, 261.1237, 459.7435, 426.3218, 452.994, 184.2351
233.7, 540.3781, 489.3388, 258.794, 701.4937, 78.41862, 487.1161, 681.1514, 1052.058, 57.66887, 559.4999, 535.9853, 46.80018, 243.8457, 535.6152, 403.7758, 427.8986, 174.7926
233.8, 505.7914, 524.0011, 240.2394, 664.9321, 73.57132, 459.8147, 643.9741, 1059.845, 55.1637, 632.3629, 505.233, 44.57042, 227.7109, 506.1234, 429.8912, 404.1934, 165.8341
233.9, 473.4184, 660.6624, 223.0151, 630.2761, 69.02365, 434.0435, 608.8259, 1032.367, 52.76735, 602.2664, 525.6912, 42.4469, 212.6438, 478.2556, 470.7398, 484.6157, 157.3347
234, 443.1174, 654.4994, 207.0257, 663.9955, 64.75709, 409.7167, 575.5961, 1168.446, 50.4751, 573.6024, 524.8703, 40.42455, 198.5736, 451.9221, 445.8447, 457.7685, 149.2709
234.1, 414.7559, 686.3646, 192.1827, 633.2858, 60.75425, 386.7533, 544.1799, 1104.934, 48.28243, 629.8231, 494.7557, 38.49855, 185.4344, 427.0387, 422.2661, 432.4086, 141.6204
234.2, 388.2096, 703.0015, 178.4039, 600.2792, 56.99885, 365.077, 514.4785, 1122.892, 46.18501, 599.8475, 466.369, 36.66431, 173.1646, 481.6207, 399.9345, 408.4536, 134.3621
234.3, 363.3624, 775.9719, 165.6129, 568.9929, 53.47557, 344.6155, 568.6218, 1061.857, 44.17871, 769.6006, 476.1072, 34.91747, 161.7066, 455.102, 378.784, 385.8257, 127.4757
234.4, 363.2499, 835.9584, 153.7391, 642.8498, 50.17009, 325.3008, 537.5864, 1160.336, 42.25956, 732.9725, 448.7904, 33.25385, 151.0069, 430.0435, 460.6785, 364.4514, 120.9423
234.5, 420.6836, 816.9662, 185.0458, 609.3447, 47.06892, 307.0687, 508.2448, 1194.536, 40.42377, 698.0877, 423.041, 31.6695, 141.015, 556.8339, 436.3154, 344.2611, 114.7437
234.6, 414.3424, 778.9324, 171.7787, 577.5859, 138.5759, 289.8585, 480.5047, 1333.597, 38.66774, 1081.05, 496.2696, 30.16063, 131.6844, 663.3732, 413.2408, 416.7441, 400.1691
234.7, 530.8074, 761.6883, 159.4627, 547.4824, 173.4815, 273.6128, 569.7657, 1261.108, 36.98799, 1029.599, 467.796, 28.72365, 122.9711, 626.8469, 451.8857, 428.5753, 379.6595
234.8, 514.3723, 726.2279, 148.0298, 518.9478, 162.7581, 258.2776, 538.6678, 1192.56, 35.38121, 980.5967, 440.9561, 27.35513, 114.8344, 717.9095, 465.2999, 404.8327, 360.2011
234.9, 481.4501, 797.9346, 137.4166, 491.9005, 152.6975, 243.8019, 509.2673, 1127.737, 33.84422, 933.9266, 415.6562, 26.05182, 107.236, 678.3804, 440.6924, 382.4054, 341.7399
235, 450.6351, 760.7868, 127.5643, 466.2628, 143.2588, 230.1376, 481.4714, 1066.438, 32.37401, 889.4776, 391.8078, 24.8106, 100.1404, 686.3911, 417.3864, 395.7526, 324.2249
235.1, 457.0797, 725.3684, 118.4184, 441.9614, 134.4035, 217.239, 455.1926, 1130.218, 30.96766, 847.1441, 369.3277, 23.62852, 93.51434, 648.5975, 395.3129, 434.6931, 307.6076
235.2, 449.3313, 691.5989, 109.9282, 490.6422, 126.0957, 205.0635, 576.7689, 1068.785, 29.62241, 806.8254, 348.1374, 22.50275, 87.32669, 612.8848, 460.771, 521.7344, 291.842
235.3, 420.572, 659.4015, 102.0468, 465.0701, 118.3013, 193.5703, 591.0634, 1064.378, 28.33559, 768.4257, 328.1629, 21.43063, 81.54847, 579.1385, 436.4031, 492.8309, 276.8844
235.4, 393.6534, 628.7031, 94.73038, 440.8308, 224.3199, 182.7213, 558.803, 1006.523, 27.10467, 731.8535, 309.3345, 20.40958, 76.15258, 547.2503, 413.3239, 465.5286, 262.6935
235.5, 416.2728, 599.4338, 87.93855, 471.5465, 253.6288, 172.4803, 528.3035, 1056.53, 25.92723, 697.0219, 291.5864, 19.43718, 71.11372, 581.0214, 391.4652, 488.3381, 249.2298
235.6, 427.9493, 571.5272, 81.63366, 446.9697, 370.8751, 162.8133, 583.8658, 999.1017, 24.80093, 663.848, 274.8565, 18.51111, 66.40828, 645.8416, 370.7625, 461.2847, 236.4562
235.7, 400.5586, 671.1921, 75.78082, 423.6738, 347.9501, 153.6881, 551.9983, 944.7948, 23.72357, 632.2531, 259.0866, 17.62916, 62.01418, 662.59, 351.1547, 669.7525, 224.3372
235.8, 374.921, 639.9448, 70.3476, 401.5921, 326.4423, 145.0744, 611.659, 893.4398, 22.693, 602.1618, 244.2214, 16.78924, 57.91084, 626.1069, 332.5838, 632.6489, 212.8394
235.9, 350.9243, 610.1522, 65.30392, 380.6613, 312.4366, 136.9434, 578.2745, 844.8762, 21.7072, 573.5027, 230.2092, 15.98933, 54.079, 591.6326, 314.9951, 597.6008, 201.9309
236, 328.4635, 680.7341, 60.62186, 360.8214, 293.124, 129.2681, 670.9463, 798.9523, 20.76423, 546.2076, 217.0008, 15.22753, 50.50071, 559.0565, 298.3365, 564.4944, 191.5815
236.1, 307.4404, 649.0425, 56.27549, 342.0155, 275.0051, 122.023, 634.3259, 810.5004, 19.86222, 520.2116, 204.5504, 14.50202, 47.15918, 528.274, 282.559, 533.222, 181.7625
236.2, 371.1928, 618.8264, 94.70038, 399.84, 471.1606, 115.184, 599.7043, 803.5253, 18.99939, 495.4529, 192.8142, 13.81108, 44.03876, 499.1866, 363.2729, 503.682, 172.4467
236.3, 347.4348, 590.0169, 87.9107, 379.0005, 500.4668, 108.7283, 667.3179, 759.8491, 18.17404, 471.8724, 306.899, 13.15306, 41.12481, 683.1542, 417.5543, 712.7391, 163.6084
236.4, 432.9629, 562.5487, 162.4533, 359.2471, 611.2897, 232.2764, 630.8956, 718.5469, 17.38455, 449.4143, 289.2906, 12.5264, 38.40366, 757.2676, 395.4719, 701.1138, 155.2231
236.5, 405.2513, 536.3593, 150.806, 390.7736, 573.504, 394.0964, 596.4612, 795.8511, 16.62935, 428.025, 299.4835, 11.92959, 35.86258, 788.2782, 575.0753, 662.2728, 147.2675
236.6, 379.3133, 511.3891, 139.9937, 370.4066, 667.864, 387.1716, 563.9063, 752.592, 15.90696, 407.6537, 425.5617, 11.36121, 33.48962, 848.2023, 544.6624, 717.7452, 317.7101
236.7, 355.0355, 487.5814, 129.9567, 351.1012, 651.7255, 365.4718, 533.1282, 886.442, 15.21596, 388.252, 401.145, 10.81991, 31.27369, 835.462, 515.8578, 829.5401, 621.308
236.8, 332.3116, 464.882, 120.6392, 332.8019, 696.7975, 344.9883, 504.03, 915.4933, 14.55497, 369.7737, 378.1292, 10.30441, 29.20437, 913.3294, 488.5767, 783.5845, 700.9469
236.9, 327.9417, 443.2394, 111.9898, 315.4564, 653.7263, 421.2862, 476.52, 1248.78, 13.92269, 352.1748, 356.434, 9.81346, 27.27198, 863.0402, 462.7382, 740.1747, 753.3859
237, 460.3951, 422.6044, 103.9606, 299.0149, 613.3175, 397.6744, 573.0206, 1180.901, 13.31788, 335.4135, 335.9835, 9.345905, 25.46745, 815.52, 438.2663, 699.1699, 714.7731
237.1, 430.9277, 402.9301, 197.6508, 283.4304, 575.4065, 375.386, 674.1082, 1116.713, 12.73934, 319.45, 316.7063, 8.900626, 23.78232, 770.6163, 415.0885, 660.4366, 678.1393
237.2, 403.3464, 384.1717, 183.48, 268.6581, 539.8389, 354.3467, 637.3152, 1056.013, 12.18594, 304.2462, 298.5352, 8.476562, 22.2087, 728.1851, 393.1365, 623.8491, 643.3831
237.3, 447.3521, 366.2866, 170.3251, 254.6558, 506.4698, 334.4867, 602.5305, 998.6127, 11.65657, 289.766, 281.4067, 8.072703, 20.73919, 688.0902, 372.3454, 589.2885, 610.4081
237.4, 418.7195, 349.2341, 158.1134, 241.3832, 475.1633, 315.7397, 569.6442, 944.3323, 11.1502, 275.9749, 265.2609, 7.688086, 19.36693, 650.203, 352.6539, 556.6426, 579.1233
237.5, 391.9196, 332.9756, 146.7772, 228.8024, 445.792, 298.0435, 538.553, 893.0024, 10.66583, 262.8403, 250.0415, 7.321793, 18.08546, 614.4019, 334.0038, 629.0295, 549.4418
237.6, 366.8349, 317.4739, 136.2538, 216.8773, 418.2363, 281.339, 509.1587, 844.4626, 10.2025, 250.3308, 235.6953, 6.972951, 16.88878, 580.5721, 316.3399, 616.324, 521.2816
237.7, 343.3558, 302.6939, 126.4849, 205.5738, 392.3838, 265.5708, 549.189, 798.5613, 9.759297, 238.4166, 222.1722, 6.64073, 15.77129, 548.605, 299.6103, 582.1804, 494.5647
237.8, 321.3794, 288.602, 117.4164, 194.8593, 368.1294, 250.6864, 563.6108, 755.1549, 9.335347, 227.0695, 209.425, 6.324337, 14.72773, 518.398, 283.7654, 600.1489, 469.2171
237.9, 300.8097, 326.7353, 108.998, 184.7033, 345.3742, 236.6362, 532.8489, 714.1079, 8.929813, 216.2624, 197.4092, 6.023019, 13.75323, 489.8543, 268.7584, 566.9013, 445.1686
238, 319.0804, 398.301, 101.1833, 175.0767, 324.0255, 223.3734, 755.7617, 675.2921, 8.541897, 205.9697, 186.0828, 5.736057, 12.84321, 462.8822, 254.5451, 633.0438, 422.3527
238.1, 390.9972, 432.6686, 93.92879, 165.9518, 303.9965, 231.9705, 750.2299, 638.5861, 8.170832, 196.1668, 175.4063, 5.462767, 11.9934, 437.3953, 241.0834, 597.9739, 531.2803
238.2, 365.9716, 412.5258, 87.19443, 157.3024, 285.2056, 218.9693, 894.7141, 603.8752, 7.815886, 186.8305, 165.3423, 5.202497, 11.19982, 413.3117, 228.3337, 564.8467, 621.4287
238.3, 357.3805, 450.5109, 80.94289, 149.1039, 267.5761, 206.6967, 938.826, 571.0511, 7.476358, 177.9386, 155.8557, 4.954628, 10.45875, 390.5542, 345.7868, 636.3657, 615.5623
238.4, 427.5824, 429.5374, 75.13957, 141.3326, 251.0364, 195.112, 887.5847, 540.0112, 7.151581, 169.4698, 146.9135, 4.718568, 490.701, 369.0497, 327.4998, 601.1117, 699.6754
238.5, 400.2151, 409.5403, 69.75233, 154.785, 235.5191, 184.1766, 839.1402, 510.6585, 6.840911, 161.4041, 138.4843, 4.493756, 598.4302, 348.7293, 378.6132, 567.8107, 774.8967
238.6, 417.8825, 407.4159, 64.75134, 146.7177, 220.961, 228.6655, 920.3219, 482.9013, 6.543738, 153.7223, 130.5387, 4.279654, 743.4127, 396.2469, 371.1219, 536.3546, 809.8708
238.7, 391.1361, 388.4486, 60.1089, 139.0708, 207.3027, 259.7747, 870.0906, 456.6528, 6.259474, 146.4061, 123.049, 4.075753, 804.6797, 374.429, 381.8386, 506.6411, 768.363
238.8, 482.7081, 561.0886, 55.7993, 131.8225, 194.4887, 245.2151, 822.6009, 431.8311, 5.987558, 139.4381, 115.9891, 3.881567, 751.4357, 378.6581, 361.6451, 599.8327, 728.9826
238.9, 531.5773, 629.7194, 51.79869, 124.952, 182.4667, 295.2733, 777.7032, 408.3586, 5.727455, 132.8018, 109.3342, 3.696633, 701.7148, 436.8953, 342.5194, 720.1097, 691.6205
239, 497.5539, 600.4028, 48.08491, 118.4395, 253.1383, 312.3614, 735.256, 386.162, 5.478651, 126.4812, 103.0611, 3.520509, 655.2838, 560.4514, 324.4052, 744.1196, 801.7224
239.1, 465.7082, 572.4511, 44.63739, 112.2665, 237.491, 294.8545, 801.5046, 365.1719, 5.240655, 120.4615, 97.14793, 3.352777, 611.925, 604.8768, 452.8054, 702.8962, 824.5585
239.2, 435.9007, 545.8007, 41.43705, 106.4152, 347.6063, 278.3288, 757.7584, 345.3227, 5.012998, 114.7283, 91.57404, 3.193037, 571.4352, 571.5715, 428.8587, 663.9565, 782.298
239.3, 408.0011, 520.3909, 38.46616, 100.8689, 326.1197, 262.7293, 806.6044, 326.5524, 4.79523, 109.268, 86.31996, 3.040907, 533.6246, 540.1, 406.1785, 805.9849, 742.2034
239.4, 381.8871, 496.1642, 35.70827, 95.61163, 425.1234, 248.0041, 762.5798, 308.8024, 4.586922, 104.0675, 81.36733, 2.896025, 498.3158, 510.3613, 384.6977, 761.3342, 732.3781
239.5, 357.4446, 473.0652, 33.14811, 90.6284, 398.8452, 234.1042, 720.9581, 292.0172, 4.387663, 99.11456, 76.69886, 2.758046, 465.3433, 482.2601, 364.3529, 719.157, 754.9067
239.6, 444.8546, 451.0417, 30.77151, 85.90488, 374.1913, 220.9834, 775.1785, 276.1444, 4.197061, 94.39734, 72.29824, 2.626641, 434.5525, 455.7062, 345.084, 679.3165, 928.1318
239.7, 438.9853, 430.0435, 28.5653, 81.42755, 351.0614, 208.5979, 782.2749, 261.1344, 4.014738, 89.90462, 68.15011, 2.501497, 405.7991, 430.6144, 326.8342, 919.9229, 880.5629
239.8, 483.8456, 410.0228, 26.51727, 77.18358, 405.9473, 196.9067, 840.1661, 246.9402, 3.840335, 85.62573, 64.23997, 2.382315, 378.9482, 406.9041, 309.5496, 868.9601, 835.4319
239.9, 452.8772, 390.9342, 24.61608, 73.1608, 380.8545, 185.8706, 794.3098, 233.5176, 3.673508, 81.55049, 60.55419, 2.268811, 353.874, 384.4994, 293.179, 820.8207, 792.6141
240, 539.1096, 372.7343, 22.85119, 69.34769, 357.3127, 175.4532, 829.3095, 220.8246, 3.513929, 77.6692, 57.07988, 2.160715, 330.4589, 363.3283, 277.6742, 831.6622, 751.9907
240.1, 504.6041, 355.3817, 21.21284, 65.73331, 335.2261, 165.6195, 846.9779, 208.8215, 3.361282, 73.97264, 53.80491, 2.05777, 308.5931, 343.323, 262.9893, 944.0552, 713.4494
240.2, 472.3071, 338.8369, 19.69196, 62.30732, 314.5048, 156.3371, 897.0564, 197.4709, 3.215266, 70.45201, 50.71784, 1.959729, 288.1742, 324.4191, 249.0811, 891.7556, 676.8834
240.3, 442.0773, 323.0623, 18.28011, 59.05989, 335.1088, 147.5748, 909.7256, 186.7372, 3.075592, 67.09895, 47.80789, 1.866359, 269.1063, 306.5562, 235.9084, 842.3532, 642.1915
240.4, 468.9732, 308.0222, 16.96949, 55.98171, 314.3947, 139.3037, 860.0727, 176.587, 2.941987, 63.90546, 45.0649, 1.777437, 251.3001, 289.6767, 325.6479, 898.2686, 609.2777
240.5, 438.9568, 293.6822, 15.75284, 53.06396, 294.961, 131.4962, 813.1298, 166.9884, 2.814185, 60.86397, 42.47929, 1.692753, 234.6721, 323.2235, 308.426, 848.5055, 578.0508
240.6, 441.8023, 280.0098, 14.62342, 50.29829, 276.7286, 124.1262, 825.599, 157.9117, 2.691935, 57.96723, 40.04203, 1.612103, 219.1444, 305.4264, 292.1148, 939.1746, 548.4243
240.7, 413.525, 266.974, 13.57497, 47.67676, 259.6231, 141.1632, 856.692, 149.3283, 2.574995, 55.20835, 37.74461, 1.535295, 204.644, 326.3711, 362.1682, 887.1453, 520.3163
240.8, 387.0575, 254.545, 12.60169, 45.19187, 259.178, 133.2514, 809.9337, 394.5992, 2.463136, 52.58079, 35.579, 1.462147, 191.1032, 308.4006, 364.7754, 837.9984, 493.6488
240.9, 490.305, 242.6947, 11.69819, 42.83649, 243.1575, 125.7831, 939.5635, 460.2712, 2.356136, 50.07828, 33.53765, 1.392484, 178.4583, 404.9241, 496.6666, 791.5742, 468.3482
241, 458.9232, 231.396, 35.73856, 40.60387, 242.4033, 118.7334, 888.282, 435.2528, 2.253783, 47.69487, 31.61342, 1.326141, 166.6501, 382.6284, 470.4004, 747.7219, 444.3442
241.1, 475.4911, 220.6234, 97.14787, 38.48761, 227.4196, 112.0787, 839.7994, 411.5944, 2.155878, 45.4249, 29.79959, 1.262958, 155.6232, 361.5604, 445.5232, 905.3913, 421.5706
241.2, 452.4488, 210.3522, 211.8413, 36.48165, 213.3621, 121.2547, 888.5106, 454.9239, 2.062225, 43.26296, 28.08983, 1.202785, 145.3259, 341.6523, 421.9616, 855.2336, 399.9641
241.3, 423.49, 200.5593, 196.653, 34.58024, 316.9827, 114.4588, 840.0155, 539.4265, 1.972641, 41.20391, 26.47817, 1.145479, 135.71, 322.8405, 513.372, 807.8546, 379.465
241.4, 396.3847, 191.2223, 223.4702, 32.77794, 297.389, 108.0437, 893.2316, 581.9486, 1.886948, 39.24287, 24.95898, 1.090904, 126.7304, 305.0644, 528.0977, 763.1003, 360.0165
241.5, 385.1894, 182.3199, 207.4482, 31.06956, 279.0065, 120.628, 899.2709, 550.3163, 1.804978, 37.37516, 23.52695, 1.038928, 118.3449, 288.2672, 500.1692, 720.8253, 341.5648
241.6, 360.5355, 173.832, 192.5749, 29.45023, 315.7084, 113.8671, 850.1885, 520.4035, 1.726568, 35.59634, 22.17708, 0.9894294, 110.5143, 272.3947, 473.7177, 680.8923, 324.0588
241.7, 337.4596, 231.5282, 178.768, 27.91529, 386.6959, 107.4852, 1011.349, 492.1166, 1.651565, 33.90218, 20.90467, 0.9422888, 205.2661, 308.8246, 531.7112, 859.5154, 307.45
241.8, 448.4922, 231.7082, 225.0232, 26.46036, 362.793, 101.461, 956.1493, 465.3672, 1.57982, 32.28865, 19.70526, 0.8973941, 191.684, 291.8203, 503.5916, 947.6528, 291.6925
241.9, 419.7867, 358.9346, 208.8898, 25.08125, 340.3676, 95.77444, 903.9625, 755.3622, 1.511191, 30.75191, 18.57466, 0.8546385, 276.2097, 275.7523, 476.9591, 895.1538, 276.7426
242, 545.0233, 342.2244, 236.3328, 23.77403, 319.3285, 90.40657, 854.6241, 872.9451, 1.445544, 29.28832, 350.0185, 0.8139198, 257.9335, 421.849, 479.6718, 1017.176, 262.5588
242.1, 510.1393, 326.2921, 247.6968, 22.53493, 504.871, 128.5755, 807.9786, 1230.281, 1.382749, 437.5057, 503.5145, 0.7751412, 261.7166, 435.6978, 795.6953, 1316.609, 249.1021
242.2, 570.0742, 311.1016, 270.6627, 21.36042, 687.1708, 121.3693, 763.879, 1163.409, 1.322681, 465.1945, 474.6252, 0.7382102, 335.5015, 628.0864, 753.6149, 1243.67, 236.335
242.3, 533.5869, 296.6183, 307.3399, 87.47383, 769.7112, 241.9351, 722.1863, 1100.171, 1.265223, 443.0542, 447.3934, 0.7030388, 313.3021, 829.1965, 1037.917, 1324.483, 224.2223
242.4, 537.5046, 282.8092, 285.3047, 154.2553, 787.7228, 695.5259, 682.7693, 1217.469, 1.210261, 421.9676, 421.7241, 0.669543, 292.5715, 925.1032, 1176.418, 1304.716, 212.7303
242.5, 503.1019, 269.643, 264.8494, 146.2155, 739.0313, 957.2239, 645.5037, 1268.494, 1.157686, 822.1771, 397.5276, 0.6376431, 391.3212, 874.1657, 1236.166, 1303.802, 201.8274
242.6, 645.2204, 257.0898, 321.0101, 138.5948, 696.4734, 1085.486, 610.272, 1441.27, 1.107396, 783.0466, 374.7193, 0.6072631, 384.2542, 826.0329, 1170.791, 1403.893, 191.4833
242.7, 603.9233, 245.121, 376.679, 131.3713, 653.4223, 1499.385, 576.9633, 1362.928, 1.05929, 745.7786, 353.2197, 0.5783305, 375.2666, 809.056, 1294.295, 1513.422, 181.6693
242.8, 624.7731, 233.7094, 363.136, 124.5243, 618.9807, 1415.349, 545.4725, 1288.845, 1.013274, 710.2842, 332.9536, 0.5507764, 350.436, 842.05, 1327.968, 1429.58, 172.3583
242.9, 584.7847, 222.8291, 337.1005, 165.0697, 837.3551, 1336.023, 515.7006, 1218.789, 0.9692565, 676.4792, 313.8503, 0.5245351, 441.4855, 795.6855, 1257.738, 1472.964, 163.5246
243, 547.3558, 212.4552, 312.9315, 156.4663, 785.5956, 1287.281, 487.5536, 1152.541, 0.9271513, 644.2831, 295.8431, 0.499544, 458.3964, 751.874, 1275.878, 1391.363, 155.1435
243.1, 512.3226, 202.5644, 373.3423, 148.3114, 737.0356, 1227.269, 460.9428, 1089.894, 0.8868753, 613.6193, 278.869, 0.4757436, 428.0653, 710.4747, 1208.403, 1314.283, 147.192
243.2, 479.5316, 193.134, 346.575, 222.9896, 691.4772, 1172.681, 435.7845, 1030.652, 0.8483489, 584.4149, 262.8689, 0.4530771, 399.7411, 715.0641, 1144.496, 1241.473, 139.6481
243.3, 448.8393, 184.1427, 374.7605, 211.3675, 648.7349, 1138.568, 411.9993, 974.6299, 0.811496, 556.6005, 247.7867, 0.4314906, 373.2911, 707.4949, 1083.97, 1172.697, 369.6321
243.4, 420.1115, 175.5699, 447.6017, 225.1567, 608.6346, 1074.755, 389.5123, 921.6531, 0.7762441, 530.1098, 233.5699, 0.4109325, 680.3583, 668.5392, 1026.644, 1107.731, 350.6876
243.5, 393.2225, 167.3963, 415.5103, 277.8383, 571.013, 1014.518, 368.2527, 871.556, 0.7425236, 504.8799, 220.1687, 0.391354, 741.7197, 631.7285, 1061.156, 1297.104, 630.3042
243.6, 415.342, 159.6031, 385.7197, 285.7295, 535.7169, 1117.539, 348.1534, 824.1819, 0.7102678, 480.8509, 207.5365, 0.3727082, 692.6417, 596.9446, 1005.036, 1225.246, 779.0676
243.7, 399.9427, 152.1728, 358.0649, 287.3486, 502.6026, 1285.472, 329.1511, 779.3829, 0.6794134, 457.9654, 195.6291, 0.3549508, 646.811, 671.7635, 996.5323, 1364.818, 739.1385
243.8, 374.3446, 145.0884, 332.3929, 272.3721, 471.5352, 1342.887, 654.7589, 737.0189, 0.6498992, 436.1692, 184.4048, 0.3380394, 876.113, 688.6077, 979.3336, 1626.883, 740.3401
243.9, 420.6772, 138.3338, 308.5616, 258.1762, 442.3882, 1267.622, 619.0221, 696.9577, 0.6216672, 415.4103, 173.8245, 0.3219338, 1077.829, 650.692, 927.5414, 1705.639, 702.3959
244, 393.752, 131.8937, 286.4388, 244.7201, 415.0428, 1196.576, 585.2358, 659.074, 0.5946616, 395.6394, 163.8513, 0.3065955, 1056.769, 666.1442, 911.306, 1611.148, 712.4185
244.1, 368.55, 125.7534, 265.9021, 231.9654, 389.3878, 1129.511, 553.2935, 623.2496, 0.5688291, 376.8095, 154.4503, 0.291988, 1056.993, 629.4654, 926.2488, 1521.893, 675.9054
244.2, 383.6081, 119.8989, 246.8379, 224.0116, 365.3185, 1066.206, 523.0947, 589.3724, 0.5441188, 358.8757, 145.5887, 0.2780764, 1007.685, 625.7337, 946.3342, 1437.581, 684.5681
244.3, 395.7505, 114.317, 229.1405, 212.3362, 342.7371, 1006.448, 630.6303, 557.3366, 0.5204819, 341.7955, 137.2355, 0.2648277, 1060.308, 644.4315, 896.2872, 1469.984, 675.4548
244.4, 386.8191, 108.995, 212.7119, 201.2693, 321.5514, 950.0397, 596.2104, 527.0422, 0.4978719, 325.5282, 269.1305, 0.2522101, 1040.093, 608.9482, 848.8869, 1388.549, 670.3752
244.5, 372.0078, 290.3353, 425.6701, 190.7793, 301.6754, 896.7929, 563.6691, 498.3944, 0.476244, 310.0352, 253.689, 0.2401938, 971.2723, 575.4187, 803.9934, 1311.625, 713.5868
244.6, 362.4503, 276.8187, 462.398, 180.8359, 283.0279, 846.5304, 532.904, 471.3038, 487.1362, 295.2794, 239.1336, 0.2287499, 907.0052, 543.7354, 761.4741, 1238.962, 677.0138
244.7, 400.274, 263.9314, 429.2457, 240.7424, 265.5331, 799.085, 503.818, 445.6857, 588.0263, 281.226, 225.4132, 0.2178513, 846.9906, 513.7965, 721.2035, 1278.435, 642.3152
244.8, 374.6546, 251.6441, 398.4703, 228.195, 249.1197, 754.2987, 476.3195, 421.4601, 629.7944, 267.8414, 247.9058, 0.2074719, 790.947, 485.5062, 683.0626, 1207.611, 609.3951
244.9, 350.675, 239.9288, 369.9014, 233.2902, 233.7208, 712.0226, 687.0483, 398.5514, 602.4357, 255.0939, 233.6822, 0.1975871, 738.6118, 458.7735, 646.9387, 1167.754, 578.1622
245, 328.2302, 228.7589, 343.3808, 221.1312, 219.2738, 672.1159, 649.5491, 376.8878, 576.2656, 242.953, 220.2746, 0.1881732, 784.0062, 433.5128, 612.7253, 1103.062, 548.53
245.1, 307.222, 218.1091, 391.6694, 353.9398, 205.7198, 663.3255, 614.0966, 356.4018, 551.2322, 231.39, 242.4949, 0.1792078, 732.1302, 409.643, 659.8362, 1403.54, 580.7129
245.2, 353.4915, 207.955, 363.5881, 457.2525, 193.0037, 626.1481, 580.5791, 337.0293, 636.3549, 220.3773, 237.5335, 0.1706696, 743.0831, 430.5721, 718.8107, 1325.786, 550.95
245.3, 350.1366, 198.2737, 669.0933, 502.3285, 181.0735, 591.0544, 548.891, 318.7098, 703.9192, 209.8887, 423.9028, 0.1625382, 781.0229, 544.5148, 768.663, 1252.339, 522.7125
245.4, 412.8533, 189.043, 621.1217, 476.1473, 169.8808, 557.9276, 518.9324, 301.3861, 768.5604, 199.8994, 399.5812, 0.1547942, 729.3442, 514.533, 756.2404, 1223.47, 698.2637
245.5, 493.5215, 180.2422, 576.5895, 451.3307, 159.38, 579.159, 707.6244, 611.344, 749.4186, 190.3854, 376.6552, 0.1474191, 681.0851, 486.2021, 778.8646, 1394.851, 662.476
245.6, 461.9339, 171.851, 535.2501, 427.8075, 149.5282, 546.6989, 669.0021, 1033.657, 716.8634, 181.3243, 355.0445, 0.1403954, 636.0191, 490.5049, 844.5137, 1401.041, 628.5225
245.7, 432.368, 163.8505, 685.7738, 405.5104, 140.2854, 516.0581, 632.4879, 977.4718, 767.1339, 172.6944, 334.6737, 0.1337064, 593.9351, 463.497, 949.8719, 1323.424, 596.3093
245.8, 404.6945, 156.2224, 636.6063, 407.2557, 131.614, 533.7252, 597.9666, 924.3406, 985.522, 164.4752, 315.4717, 0.1273361, 554.6356, 505.306, 899.6378, 1268.911, 565.747
245.9, 378.7921, 148.9495, 590.9639, 501.5784, 123.4785, 503.8115, 565.3295, 874.0974, 1048.13, 156.6473, 297.3714, 0.1212692, 517.9365, 477.4832, 852.0604, 1318.155, 536.7512
246, 354.5477, 142.0151, 658.1221, 475.4364, 115.8459, 475.5744, 684.0901, 826.5851, 1018.856, 149.1918, 280.3097, 0.1154914, 483.6657, 451.1923, 844.3298, 1245.13, 509.2414
246.1, 331.855, 135.4036, 610.9371, 473.4183, 108.6851, 448.9199, 727.7249, 781.6555, 974.5964, 142.0913, 264.2268, 0.1099889, 512.6691, 486.8799, 799.6773, 1256.885, 483.1416
246.2, 310.6148, 129.0999, 638.3875, 448.7439, 101.967, 503.95, 991.8522, 739.168, 932.2593, 135.3286, 249.0668, 0.1047486, 594.5503, 460.0716, 757.3863, 1187.255, 458.3794
246.3, 290.734, 123.0897, 592.6174, 425.3556, 95.66407, 475.7051, 1849.013, 698.99, 971.8067, 128.8878, 234.7765, 0.09975792, 555.2101, 434.7394, 879.7927, 1121.483, 434.8864
246.4, 272.1257, 117.3592, 550.1288, 403.1862, 89.75078, 526.7596, 2828.053, 660.9958, 1004.836, 122.7536, 221.3061, 0.09500504, 518.4731, 479.2601, 833.2648, 1059.354, 412.5974
246.5, 254.7084, 111.8956, 510.6865, 382.1723, 84.20301, 497.2364, 3317.443, 625.067, 961.1851, 116.9113, 208.6086, 0.09047859, 484.1668, 452.8713, 789.1974, 1000.667, 391.4508
246.6, 238.4059, 106.6863, 474.0721, 362.2536, 78.99816, 469.3678, 3201.047, 591.091, 919.4306, 111.3471, 196.6396, 0.0861678, 452.1305, 427.9356, 747.4606, 945.2308, 371.3881
246.7, 223.1468, 101.7195, 440.0828, 343.3731, 74.11504, 478.6842, 3276.06, 558.9618, 894.8961, 106.0476, 185.3574, 0.0820624, 422.214, 404.3729, 846.1996, 892.866, 352.3535
246.8, 208.8644, 96.98395, 408.5304, 325.4766, 154.1957, 451.8554, 3217.311, 528.579, 856.0212, 101.0005, 174.7225, 0.0781526, 394.277, 382.1075, 1065.604, 843.4022, 334.2946
246.9, 195.4961, 92.46886, 390.0903, 308.5129, 155.2129, 938.2936, 3041.71, 499.8477, 873.9655, 96.19347, 164.6977, 0.07442907, 368.1885, 361.0681, 1122.332, 796.6786, 317.1612
247, 182.9835, 88.16398, 362.1222, 488.9476, 145.6187, 1187.373, 2875.693, 472.6781, 835.9999, 91.61526, 155.2482, 0.07088295, 343.8263, 341.1872, 1152.086, 752.5435, 300.9059
247.1, 171.2717, 84.05951, 336.1593, 521.3524, 136.6176, 1120.824, 2971.42, 446.9853, 811.1841, 87.25496, 146.3408, 0.06750578, 321.076, 322.401, 1091.158, 710.8534, 285.4838
247.2, 160.3095, 80.14612, 360.1323, 494.1797, 190.2414, 1102.039, 2899.305, 422.6891, 804.4443, 83.10218, 137.9444, 0.06428952, 299.8311, 304.6491, 1033.452, 671.4728, 270.8521
247.3, 214.3317, 76.41492, 334.3121, 468.4232, 178.482, 1055.144, 2907.133, 399.7135, 802.6263, 79.14704, 130.0298, 0.06122649, 336.7643, 333.1788, 1107.711, 718.3379, 256.9703
247.4, 286.5868, 72.85742, 310.3431, 444.0092, 167.4495, 996.0063, 2830.857, 377.9868, 781.0483, 75.38014, 122.5693, 0.0583094, 314.4814, 314.8335, 1142.268, 678.5427, 243.7999
247.5, 344.0876, 69.46555, 363.0583, 467.1834, 223.2755, 940.1832, 2804.832, 357.4411, 833.4662, 71.79253, 115.5369, 0.05553129, 293.6728, 297.4983, 1081.859, 834.5078, 231.3046
247.6, 509.9417, 66.23158, 496.5504, 442.834, 238.0214, 887.4888, 2651.743, 338.0121, 867.2906, 68.37566, 548.4203, 0.05288554, 274.2411, 297.3468, 1199.709, 788.277, 219.4497
247.7, 574.4491, 63.14817, 460.9495, 419.7536, 223.3086, 837.7477, 2697.053, 319.6392, 879.1313, 65.12141, 722.6457, 0.05036585, 285.1122, 374.6639, 1136.262, 744.6072, 208.2024
247.8, 653.108, 60.20831, 596.7849, 397.8762, 303.1441, 790.7946, 2549.848, 302.265, 840.9413, 62.02204, 1066.767, 247.4143, 381.9843, 354.0344, 1237.445, 703.3568, 197.5315
247.9, 611.306, 57.40531, 553.9975, 377.1391, 320.4588, 897.0067, 2658.613, 285.8351, 915.623, 59.07019, 1052.76, 350.3, 391.259, 440.6643, 1172.002, 816.7642, 187.4076
248, 572.1796, 54.7328, 727.7191, 357.4827, 300.6503, 892.8134, 2513.506, 270.2983, 875.8477, 56.25882, 992.3573, 371.8349, 689.0228, 416.4008, 1110.021, 794.9697, 177.8025
248.1, 1022.587, 52.18472, 795.561, 338.8509, 282.0662, 842.7739, 2411.245, 255.6061, 928.5716, 53.58126, 1246.215, 354.1191, 1005.293, 393.4731, 1051.317, 868.5173, 168.6897
248.2, 1366.526, 49.75526, 1031.747, 321.1901, 264.6308, 795.5389, 2279.639, 241.7124, 888.2338, 51.03113, 1174.713, 337.2474, 1186.471, 371.808, 995.7183, 1049.174, 160.0439
248.3, 1458.097, 47.4389, 1259.69, 304.4498, 248.2732, 868.4212, 2347.132, 228.574, 849.6484, 48.60237, 1591.08, 440.7824, 1107.965, 351.3357, 943.0596, 991.0505, 151.8413
248.4, 1494.778, 45.23038, 1236.32, 335.5582, 232.9267, 819.7488, 2219.025, 216.1497, 812.7391, 46.28921, 1883.14, 566.785, 1055.592, 372.5476, 893.1858, 936.1473, 144.0591
248.5, 1432.808, 43.12468, 1261.055, 318.0691, 218.5288, 940.0726, 2327.458, 204.4007, 777.4332, 44.08614, 1775.094, 539.7809, 985.7453, 549.2421, 845.9496, 1122.407, 136.6757
248.6, 1361.303, 41.11702, 1239.676, 358.6484, 205.0208, 887.3843, 2393.939, 193.2903, 934.1656, 41.98792, 1673.248, 603.8886, 1082.012, 519, 914.9891, 1254.667, 129.6707
248.7, 1315.879, 39.20281, 1184.491, 339.9557, 192.3479, 925.8729, 2602.975, 182.7839, 1036.365, 39.98956, 1635.828, 575.1168, 1010.418, 600.7666, 866.5999, 1185.159, 123.0248
248.8, 1302.28, 37.37773, 1099.567, 353.7362, 180.4583, 873.9805, 2460.905, 172.8485, 991.3448, 38.08631, 1541.972, 547.7158, 975.7943, 567.6876, 820.7696, 1157.58, 116.7195
248.9, 1329.041, 35.63761, 1145.154, 387.6747, 169.3036, 834.2337, 2347.904, 163.4532, 968.652, 36.27364, 1530.329, 521.6202, 1040.073, 536.4299, 777.3631, 1093.452, 363.9641
249, 1602.044, 33.9785, 1063.051, 451.9412, 158.8384, 787.4774, 2323.665, 154.5686, 945.8298, 34.54725, 1442.526, 496.768, 971.2538, 584.039, 736.2521, 1094.922, 516.347
249.1, 1499.506, 32.39663, 1005.92, 428.3862, 149.0201, 743.3417, 2215.318, 146.1669, 931.455, 32.90302, 1359.761, 473.0999, 906.988, 759.7323, 697.3154, 1034.264, 489.883
249.2, 1403.531, 30.88841, 1031.843, 529.1432, 139.8087, 701.6796, 2161.892, 138.2219, 1007.897, 31.33704, 1281.744, 504.3135, 846.9745, 743.9717, 778.5135, 1106.329, 626.0581
249.3, 1313.698, 29.4504, 1059.987, 541.7701, 131.1667, 662.3526, 2043.895, 130.7088, 971.9897, 29.8456, 1208.204, 674.1594, 940.355, 703.0076, 737.3418, 1045.039, 877.5536
249.4, 1306.072, 28.07934, 983.9897, 624.1644, 123.0589, 647.8483, 1932.339, 123.604, 929.7659, 28.42513, 1138.883, 642.0396, 892.3647, 733.4495, 799.3331, 987.1451, 1103.009
249.5, 1222.477, 26.7721, 951.4119, 687.243, 115.4523, 693.8525, 2074.105, 116.8854, 889.3762, 27.07228, 1073.539, 611.4501, 1089.983, 837.0951, 954.5687, 1090.7, 1133.518
249.6, 1144.233, 25.52573, 883.199, 892.27, 108.3158, 654.9642, 2063.516, 110.532, 918.7353, 25.78381, 1011.945, 582.3181, 1167.067, 819.5253, 904.0862, 1048.57, 1143.969
249.7, 1070.997, 24.33738, 1073.457, 921.0503, 101.6205, 631.2081, 1983.736, 104.524, 878.8248, 24.55666, 953.884, 554.5739, 1581.321, 847.187, 856.2736, 1162.808, 1527.174
249.8, 1002.448, 23.20435, 996.4935, 873.0455, 95.339, 612.5874, 2605.279, 98.84248, 840.6481, 23.38792, 899.1547, 528.1517, 1746.068, 800.5397, 810.9894, 1098.39, 1572.914
249.9, 938.287, 22.12407, 1090.488, 827.5427, 89.44581, 586.1561, 2865.182, 93.46982, 804.1298, 22.27481, 847.5655, 502.9883, 1823.669, 756.4609, 882.9174, 1161.188, 1492.298
250, 878.2323, 21.09409, 1012.304, 784.4115, 83.91689, 553.3038, 2855.551, 88.3892, 769.1979, 21.21467, 798.9362, 479.0238, 1703, 714.8091, 879.6445, 1096.859, 1539.947
250.1, 822.0214, 20.11205, 1041.596, 751.2084, 78.72974, 522.2928, 2778.415, 83.58474, 807.2412, 20.20498, 753.097, 456.201, 1590.316, 675.4507, 1025.348, 1036.094, 1461.021
250.2, 769.4082, 19.17574, 966.9173, 759.4282, 174.6595, 687.058, 2626.769, 79.04143, 772.1741, 19.24335, 709.8879, 434.4657, 1485.088, 638.2594, 1267.34, 978.6957, 1386.141
250.3, 720.1625, 18.28301, 897.5928, 925.0757, 163.8633, 652.1021, 2793.032, 74.74507, 760.7881, 18.32749, 669.158, 413.7659, 1420.465, 603.116, 1703.788, 924.4771, 1315.098
250.4, 674.0688, 17.43184, 833.2385, 1073.398, 153.7344, 640.7552, 2718.062, 70.68225, 727.739, 17.45522, 630.7648, 394.0523, 1326.475, 569.9075, 1613.683, 873.262, 1247.696
250.5, 630.9254, 16.62031, 773.4983, 1034.654, 144.2316, 604.8428, 2650.265, 66.84026, 696.1255, 16.62446, 594.5745, 375.278, 1238.705, 538.5276, 1528.344, 824.8842, 1183.748
250.6, 590.5432, 15.84655, 718.0412, 1063.533, 135.3162, 657.4214, 2530.565, 63.20711, 665.8854, 15.83324, 560.4606, 357.3982, 1183.393, 508.8755, 1479.793, 996.7884, 1123.078
250.7, 552.7457, 15.10881, 697.5836, 1135.903, 126.9519, 620.5749, 2551.219, 59.77144, 636.9589, 15.07968, 528.3041, 340.3702, 1177.663, 480.8561, 1401.534, 965.6199, 1065.518
250.8, 517.3674, 14.40542, 647.5693, 1239.655, 119.1046, 585.7936, 2480.752, 56.52252, 688.0126, 14.36198, 497.9925, 324.1535, 1259.853, 677.4071, 1402.553, 1076.993, 1400.231
250.9, 484.2535, 13.73478, 689.6939, 1175.045, 111.7424, 588.0302, 2520.694, 53.4502, 658.1249, 13.67844, 469.42, 308.7094, 1323.153, 640.1081, 1353.262, 1017.329, 1328.466
251, 453.2591, 13.09536, 640.2453, 1210.89, 104.8353, 555.0729, 2413.693, 50.54487, 651.6983, 13.02744, 442.4869, 294.0012, 1324.571, 604.8629, 1410.734, 1133.686, 1647.795
251.1, 424.2484, 12.4857, 594.342, 1147.779, 98.35506, 552.7605, 2300.974, 47.79747, 702.9597, 12.40741, 553.4336, 279.9937, 1331.64, 571.5583, 1392.437, 1167.346, 1563.342
251.2, 397.0946, 11.90443, 551.7297, 1087.957, 92.27544, 653.0113, 2388.174, 45.1994, 672.4227, 11.8169, 589.1439, 266.6537, 1243.529, 540.0875, 1388.245, 1102.676, 1603.074
251.3, 371.6787, 11.35022, 662.6711, 1031.253, 86.57161, 616.412, 2426.87, 42.74255, 711.3837, 11.25449, 572.979, 253.9491, 1161.247, 510.3495, 1314.828, 1125.529, 1711.16
251.4, 347.8895, 10.82181, 615.16, 977.5045, 81.22035, 656.5642, 2377.802, 40.41925, 757.124, 10.71885, 676.9114, 241.8499, 1084.41, 482.2489, 1245.293, 1063.176, 1623.459
251.5, 412.4811, 10.318, 571.0552, 926.5573, 76.19987, 656.8446, 2248.021, 38.22223, 767.6117, 10.2087, 638.0735, 230.3272, 1012.657, 455.6956, 1234.576, 1004.277, 1540.253
251.6, 386.0804, 9.837647, 530.1125, 939.4219, 71.48973, 620.0305, 2125.323, 36.14463, 734.2662, 9.72283, 601.4639, 219.3534, 989.8228, 430.6044, 1388.872, 948.6409, 1634.171
251.7, 504.9314, 9.379656, 492.1053, 890.4597, 67.07073, 585.2797, 2078.853, 34.17997, 702.3692, 9.260085, 566.9547, 208.9025, 924.3283, 406.8947, 1377.589, 896.0872, 1550.416
251.8, 523.3799, 8.942986, 456.8231, 844.0493, 62.92488, 563.9699, 2224.17, 32.32209, 686.3939, 8.819364, 534.4255, 198.9495, 863.1675, 384.4905, 1436.219, 846.4449, 1470.953
251.9, 489.8812, 8.526646, 424.0705, 800.0577, 59.03531, 532.3611, 2225.482, 30.5652, 708.3879, 8.399618, 503.7627, 189.4707, 806.0535, 363.3199, 1457.307, 799.5527, 1395.563
252, 532.1823, 8.129688, 393.6662, 758.3591, 55.38615, 502.5239, 2104.015, 28.9038, 730.4685, 7.99985, 474.8592, 180.4435, 752.7187, 343.315, 1560.472, 755.2584, 1385.773
252.1, 498.1201, 7.751211, 365.4417, 745.2134, 51.96257, 474.3589, 1989.177, 27.33272, 759.0594, 7.619108, 447.614, 171.8464, 702.9129, 324.4116, 1477.947, 713.4178, 1465.776
252.2, 556.7758, 7.390353, 339.2408, 706.3732, 48.7506, 447.7726, 1969.476, 25.84703, 821.9814, 7.256486, 421.9321, 163.6589, 782.9294, 306.549, 1492.049, 883.2665, 1449.285
252.3, 521.1396, 7.046296, 314.9185, 669.5573, 45.73718, 422.6763, 1972.475, 24.44209, 786.274, 6.911124, 397.7236, 155.8615, 731.1246, 289.67, 1492.098, 834.3345, 1375.005
252.4, 487.7843, 6.718256, 292.3399, 634.6602, 42.91002, 398.9865, 2127, 23.11353, 752.1178, 6.582198, 374.9041, 148.4356, 682.7477, 328.4653, 1413.188, 788.1132, 1341.213
252.5, 470.1562, 6.405487, 271.3802, 601.582, 40.25762, 376.6246, 2010.908, 21.85717, 788.5905, 6.268927, 353.3939, 141.3635, 637.5717, 343.8905, 1373.379, 744.4526, 1412.266
252.6, 440.0641, 6.10728, 251.9232, 570.2277, 37.76918, 445.2308, 1901.152, 20.66911, 754.3336, 5.970566, 333.1178, 134.6283, 595.3849, 324.9554, 1300.748, 703.2107, 1339.884
252.7, 411.8979, 5.822956, 233.8612, 540.5077, 35.43455, 420.277, 2067.518, 19.54562, 761.3185, 5.686405, 314.0051, 128.2141, 579.6554, 316.879, 1265.452, 664.2535, 1271.211
252.8, 385.5346, 5.551868, 217.0942, 539.0697, 33.24423, 396.7218, 1954.672, 18.48321, 751.9357, 5.415768, 295.989, 122.1054, 587.3917, 357.6969, 1198.528, 627.4546, 1333.592
252.9, 360.8586, 5.293401, 201.5293, 510.9736, 31.1893, 374.4867, 1847.986, 17.47854, 738.7792, 5.158012, 279.0065, 116.2878, 548.5252, 338.0016, 1135.144, 592.6943, 1265.242
253, 358.025, 5.046967, 187.0804, 484.3419, 29.26139, 375.6143, 1890.014, 16.52848, 730.6366, 4.912523, 262.9985, 110.7473, 582.9399, 403.1318, 1261.815, 559.8596, 1364.738
253.1, 335.1097, 4.812005, 173.6674, 459.0981, 27.45266, 356.7224, 1786.856, 15.63006, 698.8973, 4.678719, 247.9089, 691.8246, 544.368, 380.9348, 1195.084, 528.844, 1294.792
253.2, 313.6612, 4.587982, 161.216, 435.1701, 25.75573, 386.7722, 1689.33, 14.78048, 711.1097, 4.456041, 233.685, 907.1978, 508.3484, 359.96, 1131.882, 499.5466, 1228.431
253.3, 293.5854, 4.374389, 149.6574, 415.9723, 24.16368, 418.7382, 1597.126, 13.97708, 680.2187, 4.243962, 220.2773, 863.975, 474.712, 340.1401, 1072.022, 471.8723, 1274.757
253.4, 391.9048, 4.170739, 138.9275, 394.292, 22.67005, 425.4327, 1724.508, 13.21734, 739.4536, 4.041976, 207.6388, 974.2588, 443.3013, 321.4115, 1015.328, 445.731, 1209.422
253.5, 366.821, 3.97657, 128.9669, 401.4691, 21.26875, 448.9566, 1657.118, 12.4989, 707.3312, 3.849604, 195.7255, 948.914, 413.969, 303.7141, 961.6324, 421.038, 1147.437
253.6, 573.0375, 3.791441, 119.7204, 380.5447, 19.95406, 423.794, 1566.672, 11.81952, 728.6783, 3.666387, 184.4957, 1178.4, 501.3985, 339.0724, 989.851, 397.7129, 1241.625
253.7, 536.3604, 3.614931, 111.1369, 360.7108, 18.72064, 400.0416, 1561.134, 11.17706, 850.2051, 3.491891, 173.9102, 1581.728, 468.222, 352.3413, 937.5026, 375.6801, 1293.065
253.8, 564.545, 3.446638, 103.1688, 341.9107, 17.56346, 377.6205, 1542.87, 10.56952, 813.2716, 3.325699, 163.9321, 1702.121, 538.2969, 410.6706, 928.1753, 354.8678, 1373.918
253.9, 539.1914, 3.28618, 95.77193, 324.0905, 16.47781, 356.456, 1458.66, 9.995006, 811.3066, 3.167417, 154.5264, 1751.319, 502.679, 472.186, 879.0886, 335.2085, 1303.502
254, 579.2857, 3.133192, 88.90543, 307.199, 15.45926, 361.705, 1651.157, 9.451719, 908.433, 3.016668, 145.6604, 1667.879, 547.5782, 446.1868, 832.5979, 316.6383, 1236.694
254.1, 679.1622, 2.987326, 82.53122, 291.1879, 14.50368, 341.4326, 1889.75, 8.937964, 914.3159, 2.873094, 137.3031, 1605.736, 631.9769, 421.6191, 788.5659, 299.0969, 1229.651
254.2, 635.6927, 2.848251, 76.61402, 276.0113, 13.60716, 322.2963, 1855.839, 8.452135, 874.5975, 2.736353, 129.4253, 1587.082, 722.4406, 398.4042, 746.8625, 282.5272, 1166.629
254.3, 595.0055, 2.715651, 71.12107, 261.6257, 12.76606, 304.2326, 1822.429, 7.992713, 836.6044, 2.60612, 121.9995, 1511.467, 674.6382, 396.9969, 765.7863, 266.8755, 1106.836
254.4, 556.9224, 2.589224, 66.02194, 247.9899, 11.97695, 287.1813, 1832.852, 7.558263, 800.2617, 2.482085, 114.9998, 1439.454, 735.2849, 429.5122, 725.2876, 252.0909, 1050.108
254.5, 625.8254, 2.468682, 61.2884, 235.0647, 11.23662, 336.8475, 1762.441, 7.147429, 927.0391, 2.363954, 108.4016, 1453.551, 686.6326, 405.8626, 686.9307, 238.1253, 1104.118
254.6, 585.7697, 115.8644, 56.89424, 222.8132, 10.54205, 317.9683, 1666.247, 6.758925, 886.7679, 2.251444, 102.182, 1595.889, 725.4556, 383.5153, 650.6022, 224.9334, 1225.422
254.7, 548.2778, 110.4704, 52.81512, 211.2003, 9.890416, 300.1471, 1575.303, 6.391539, 901.526, 367.128, 96.31932, 1519.854, 706.9922, 448.4589, 616.1951, 212.4724, 1178.351
254.8, 513.1855, 123.3323, 49.02847, 200.1926, 9.279059, 283.3248, 1778.783, 6.044122, 985.8104, 349.655, 90.79298, 1641.786, 685.6533, 542.994, 742.6118, 200.7016, 1219.402
254.9, 480.3393, 117.5905, 45.5133, 189.7587, 8.705492, 267.4453, 1742.413, 5.715589, 942.9861, 413.2621, 85.58371, 1563.565, 677.1345, 513.0959, 703.3386, 189.583, 1243.549
255, 449.5953, 112.1161, 42.25016, 179.8685, 8.167379, 252.4558, 1647.312, 5.404914, 902.0222, 393.5934, 80.67332, 1533.104, 665.2605, 585.4171, 666.1425, 179.0803, 1179.814
255.1, 420.8192, 149.4801, 39.22097, 275.943, 7.662529, 238.3064, 1557.401, 5.111126, 927.5602, 374.8609, 76.04467, 1564.674, 707.3496, 553.1832, 630.9135, 169.1594, 1155.667
255.2, 393.8848, 191.2988, 36.40897, 272.2401, 7.188884, 224.95, 1841.808, 4.833307, 941.6776, 357.0199, 71.68159, 1490.126, 809.2048, 522.7241, 597.5475, 159.7882, 1096.436
255.3, 368.6743, 182.3929, 33.79857, 258.0511, 6.744517, 212.3423, 1773.859, 4.570589, 900.7705, 340.028, 67.56884, 1419.13, 755.6614, 493.9422, 668.9919, 150.9361, 1252.048
255.4, 345.0775, 173.9016, 31.37533, 244.6016, 6.327618, 200.4411, 1677.042, 4.322151, 885.7159, 519.1523, 63.69206, 1395.015, 705.6608, 538.4861, 633.6122, 142.5744, 1265.821
255.5, 322.9909, 165.8056, 29.12583, 231.853, 5.936489, 189.207, 1616.496, 4.087217, 1021.08, 543.8712, 60.03772, 1450.669, 658.9688, 508.8363, 630.1378, 134.6759, 1200.944
255.6, 302.318, 184.3195, 27.03761, 219.7689, 5.569536, 178.6025, 1761.038, 3.865053, 976.7235, 517.9864, 56.59304, 1381.553, 615.3661, 566.1918, 733.8967, 127.215, 1139.393
255.7, 309.0459, 392.3073, 25.09911, 208.3147, 5.225266, 168.5924, 1761.816, 354.7705, 934.294, 572.7082, 53.346, 1315.73, 574.6487, 574.1121, 901.5323, 120.1674, 1164.791
255.8, 289.2655, 690.0399, 23.2996, 197.4574, 92.43616, 159.1433, 1665.656, 598.8394, 1009.805, 787.9092, 50.28526, 1253.043, 536.6254, 542.5007, 887.2645, 113.5103, 1277.588
255.9, 347.3517, 796.9965, 21.6291, 187.166, 86.7224, 150.2238, 1574.744, 566.2891, 965.9384, 750.4097, 47.40013, 1193.343, 501.118, 573.5031, 840.3414, 107.2219, 1348.043
256, 325.1196, 872.9373, 20.07837, 177.411, 81.36182, 141.8042, 1596.655, 535.508, 935.5475, 714.695, 44.68053, 1136.487, 467.9601, 541.9252, 820.2487, 101.282, 1336.007
256.1, 304.3104, 832.2977, 18.63882, 168.1644, 76.3326, 133.8565, 1509.51, 506.4001, 1061.297, 680.6801, 42.11698, 1082.339, 436.9962, 512.0861, 926.1757, 95.67104, 1448.376
256.2, 284.8332, 793.5501, 17.30248, 159.3997, 71.61425, 126.3543, 1506.236, 478.8743, 1015.194, 648.284, 39.7005, 1147.956, 408.0811, 497.3609, 877.1948, 90.37096, 1487.565
256.3, 266.6025, 756.6064, 16.06196, 151.0919, 67.18755, 119.2725, 1622.274, 452.8447, 971.093, 617.4298, 37.42268, 1226.756, 381.0792, 696.4125, 830.8043, 85.36451, 1411.324
256.4, 249.5388, 787.5641, 14.91037, 143.217, 63.03448, 112.5877, 1654.711, 428.23, 928.9081, 588.0441, 35.27554, 1321.995, 355.864, 658.067, 1024.464, 80.63541, 1338.99
256.5, 233.5671, 750.899, 13.84135, 135.7526, 59.13813, 106.2775, 1564.397, 404.9532, 888.5557, 560.0569, 33.25159, 1259.01, 332.3172, 621.8329, 970.2851, 76.16829, 1371.532
256.6, 218.6178, 715.941, 12.84897, 128.6772, 55.48262, 100.3209, 1607.932, 382.9417, 914.8655, 533.4017, 31.34378, 1199.025, 310.3285, 587.5939, 918.9714, 71.94865, 1323.791
256.7, 204.6252, 682.6104, 11.92775, 121.9706, 52.05307, 94.69825, 1556.436, 362.1266, 875.1231, 843.59, 29.54542, 1141.898, 289.7947, 689.662, 870.3715, 67.96277, 1410.013
256.8, 239.0394, 671.7128, 11.07257, 115.6135, 48.83551, 89.3907, 1613.701, 342.443, 864.8272, 803.4404, 27.85024, 1087.493, 270.6196, 733.1716, 1002.962, 64.1977, 1337.747
256.9, 223.7398, 640.4412, 10.27871, 109.5878, 79.70498, 84.38062, 1550.19, 323.8292, 827.2585, 765.2018, 26.25233, 1035.68, 252.7132, 751.7317, 1022.533, 60.64122, 1299.337
257, 209.4194, 672.0577, 9.54176, 103.8761, 74.77817, 79.65134, 1572.694, 306.2272, 791.3219, 728.783, 24.7461, 986.3362, 235.9917, 710.3403, 1070.881, 57.28176, 1232.743
257.1, 196.0156, 640.77, 8.85765, 98.46215, 70.1559, 171.4343, 1486.856, 289.582, 756.9464, 694.0976, 23.32628, 939.343, 220.3767, 741.839, 1014.248, 54.10841, 1196.18
257.2, 183.4697, 610.939, 8.222588, 93.33035, 65.81935, 161.826, 1619.24, 273.8416, 724.0641, 661.0629, 21.98793, 894.5887, 205.7948, 712.3156, 960.6091, 51.11086, 1226.365
257.3, 171.7268, 582.4967, 7.633057, 88.466, 61.75085, 228.5471, 1796.673, 258.9567, 692.6103, 629.6005, 20.72637, 851.9667, 192.1778, 673.0945, 960.4899, 48.27937, 1163.51
257.4, 314.3822, 578.092, 7.085794, 83.85519, 57.93385, 215.7378, 1743.957, 244.8809, 662.5228, 599.6356, 19.53719, 811.3754, 179.4618, 647.6154, 963.4036, 45.60475, 1103.878
257.5, 294.2603, 639.5822, 6.577768, 79.48469, 54.35278, 203.6463, 1648.772, 231.5703, 633.7424, 571.0967, 18.41624, 847.9218, 167.5872, 611.9568, 912.4539, 43.07829, 1047.301
257.6, 315.7895, 629.5249, 6.106165, 75.34198, 50.99306, 192.2326, 1558.781, 218.9831, 606.2123, 543.9161, 17.3596, 901.437, 156.4983, 578.2616, 864.1987, 244.9229, 993.6247
257.7, 304.1522, 600.2174, 5.668375, 71.41518, 47.84103, 181.4585, 1528.931, 207.0801, 579.8781, 518.0292, 16.36359, 858.4886, 146.1431, 546.4217, 1155.219, 260.0686, 942.6991
257.8, 297.0804, 572.2743, 5.261972, 67.69305, 44.88383, 171.2883, 1622.965, 195.8241, 554.6878, 493.3743, 15.42472, 817.5866, 136.4731, 578.168, 1144.975, 245.6611, 894.3835
257.9, 322.2079, 545.6321, 4.884707, 64.16492, 42.10942, 161.6881, 1534.384, 185.1799, 530.5918, 469.8928, 14.53973, 778.6333, 127.443, 596.6089, 1084.423, 433.7089, 848.5443
258, 301.5851, 576.0112, 4.534491, 60.82067, 39.50651, 152.626, 1603.104, 175.1143, 507.5425, 447.5289, 13.70551, 887.7327, 119.0104, 587.3546, 1138.774, 409.6819, 930.2449
258.1, 356.7289, 549.195, 4.209384, 57.65072, 37.06449, 144.0718, 1532.796, 165.5959, 597.7813, 426.2293, 12.91915, 845.4373, 111.1357, 555.014, 1078.55, 386.9859, 882.5676
258.2, 379.9327, 523.6273, 3.907586, 54.64598, 34.77342, 135.997, 1487.518, 366.1793, 571.8133, 405.9435, 12.17791, 998.4787, 103.7821, 761.334, 1146.111, 365.5473, 837.3339
258.3, 399.4202, 600.899, 3.627426, 51.79786, 32.62397, 128.3748, 1406.329, 346.2753, 546.9733, 386.6232, 11.4792, 1036.636, 96.91505, 719.4139, 1160.77, 345.2964, 835.2492
258.4, 373.8555, 641.5536, 48.75486, 49.09817, 30.60738, 121.1797, 1329.571, 667.6497, 629.5837, 368.2224, 10.82058, 1007.238, 90.50238, 811.6737, 1211.646, 326.1673, 792.4407
258.5, 396.67, 611.6861, 45.2593, 46.53919, 28.71545, 114.388, 1257.003, 631.3591, 602.2341, 350.6973, 10.19974, 1012.931, 84.51403, 864.8422, 1328.732, 308.098, 751.8263
258.6, 371.2813, 583.209, 61.32828, 44.11359, 107.3044, 107.9769, 1355.526, 597.0411, 620.0417, 334.0063, 9.614531, 1038.026, 78.92191, 817.2227, 1274.101, 291.0297, 841.0248
258.7, 347.5176, 692.1284, 108.2393, 41.8144, 100.6716, 101.9251, 1352.869, 564.5884, 593.1067, 318.1098, 9.062895, 988.5696, 73.69981, 836.5748, 1254.058, 274.907, 797.9203
258.8, 325.2749, 659.9063, 134.8128, 39.63505, 94.44875, 96.21252, 1279.029, 533.8998, 567.3417, 302.9698, 8.542909, 941.4699, 68.82325, 850.5103, 1362.132, 259.6774, 757.025
258.9, 304.4558, 629.1844, 125.1472, 37.56929, 88.61058, 90.8201, 1209.22, 504.8793, 542.696, 288.5503, 8.052757, 896.6143, 64.26936, 904.4035, 1463.04, 245.2915, 718.2256
259, 284.9692, 599.8927, 116.1746, 35.61119, 83.13329, 85.72991, 1143.22, 477.4362, 519.121, 274.8172, 7.590728, 904.2985, 60.0168, 854.6058, 1504.513, 231.7027, 681.4149
259.1, 266.7299, 571.9647, 107.8453, 33.75515, 77.99457, 80.92501, 1219.555, 451.4848, 496.57, 261.7376, 7.155208, 861.2139, 56.04561, 1026.092, 1424.947, 218.8666, 646.4907
259.2, 249.6579, 545.3369, 100.1131, 31.99584, 73.17348, 104.4903, 1662.834, 426.944, 474.9987, 249.2806, 6.744676, 1029.69, 52.33719, 969.5941, 1349.588, 206.7416, 613.3566
259.3, 233.6787, 519.9488, 145.4228, 30.32823, 68.65041, 98.6339, 2153.611, 403.7372, 506.0938, 237.4164, 6.357698, 980.6315, 48.87415, 958.5771, 1278.215, 195.2883, 669.5271
259.4, 218.7222, 495.7426, 134.9965, 28.74754, 64.40691, 93.10577, 2163.261, 381.7917, 484.1087, 226.1169, 5.992924, 933.91, 45.64025, 945.3068, 1279.592, 184.4696, 682.9814
259.5, 204.7229, 502.9879, 125.3177, 27.24923, 60.42572, 87.88748, 2084.246, 361.0392, 463.0787, 215.3551, 5.649078, 889.4146, 42.62033, 893.2569, 1211.92, 174.2502, 677.7529
259.6, 380.5065, 479.5714, 150.2624, 25.82901, 56.69062, 82.96165, 1970.487, 341.4146, 516.5815, 205.1056, 5.324961, 911.33, 39.80023, 844.0729, 1147.828, 164.5969, 643.0165
259.7, 356.1523, 457.2449, 153.9193, 24.48281, 53.18641, 78.3119, 1957.687, 322.8568, 494.1409, 195.3439, 5.01944, 867.9104, 37.16673, 797.5971, 1087.125, 155.4784, 683.2648
259.8, 342.0071, 447.7406, 142.8838, 23.20678, 49.89879, 73.92276, 1850.836, 305.3077, 472.6751, 186.0468, 4.731449, 922.8146, 34.70749, 753.6803, 1201.469, 146.865, 648.2459
259.9, 374.2743, 426.8961, 132.6396, 33.11493, 214.2055, 109.7831, 1749.817, 288.7125, 452.1418, 462.8033, 4.45998, 878.8478, 32.41097, 712.1816, 1137.929, 138.7289, 646.3119
260, 350.319, 595.1151, 123.1298, 31.38899, 288.4333, 103.6301, 1712.951, 781.4529, 432.5005, 1037.911, 4.204088, 979.1635, 148.3338, 672.9678, 1154.966, 131.0434, 749.9796
260.1, 384.3737, 642.0596, 114.3018, 29.75301, 335.2273, 97.8219, 1619.458, 1005.324, 413.7124, 1356.714, 3.962878, 1062.767, 236.3591, 700.5419, 1093.885, 123.7838, 711.5413
260.2, 359.772, 612.1686, 106.1068, 28.2023, 392.9007, 92.33928, 1881.735, 950.6793, 395.7405, 1436.607, 3.735506, 1046.573, 220.7197, 661.9691, 1036.035, 116.9263, 675.0731
260.3, 336.7449, 583.6691, 98.49929, 26.7324, 368.6143, 87.16394, 1872.631, 899.0045, 378.5493, 1368.233, 3.521181, 1127.865, 206.1151, 625.5201, 981.2442, 110.4487, 640.474
260.4, 315.1917, 556.4963, 110.2403, 25.33912, 421.7999, 115.6578, 1770.423, 850.1384, 362.1048, 1490.375, 3.319152, 1272.816, 214.9265, 682.1357, 1165.31, 104.3299, 696.3459
260.5, 295.018, 530.5887, 102.3364, 46.18621, 578.9634, 109.1755, 2132.225, 803.9285, 346.3748, 1419.442, 3.128715, 1360.982, 200.7053, 644.5764, 1103.682, 98.55018, 686.9359
260.6, 276.1355, 505.8871, 94.99926, 44.99392, 555.7656, 103.0565, 2015.848, 760.2304, 331.328, 1351.886, 2.949204, 1428.124, 226.0206, 609.0851, 1070.48, 93.09061, 651.7288
260.7, 258.4615, 545.538, 88.18815, 96.59588, 521.412, 97.28053, 1905.822, 718.9075, 316.9349, 1287.545, 2.779993, 1473.549, 317.9358, 575.548, 1013.867, 87.93349, 618.3261
260.8, 241.9188, 520.1405, 144.0187, 91.56134, 489.182, 91.82825, 1876.375, 679.8308, 303.1671, 1226.266, 2.62049, 1456.033, 428.6265, 573.7432, 990.9672, 83.06207, 808.485
260.9, 226.4349, 495.9254, 133.6931, 86.7892, 458.9442, 86.68156, 1773.963, 642.8781, 289.9973, 1167.903, 2.470139, 1410.073, 400.2652, 542.1521, 938.5598, 78.46052, 767.0483
261, 211.942, 472.8376, 124.1077, 82.26578, 430.5754, 81.82332, 1905.489, 607.934, 277.3996, 1112.319, 2.328414, 1474.022, 373.7805, 512.3005, 947.7551, 74.11389, 727.7352
261.1, 198.3767, 450.8246, 115.2096, 77.97812, 403.9602, 77.23737, 1801.487, 574.8893, 265.3492, 1059.379, 2.194821, 1427.06, 349.0482, 484.0925, 897.633, 70.00806, 690.4371
261.2, 185.6797, 429.8365, 106.9495, 73.91393, 378.9902, 72.90845, 1735.034, 543.6408, 253.8223, 1008.96, 2.068892, 1395.985, 325.9524, 457.4377, 850.1616, 66.12969, 655.0505
261.3, 250.847, 546.6703, 99.28162, 70.06157, 355.5637, 68.82216, 1640.336, 514.0908, 242.7961, 960.9395, 1.950189, 1370.486, 304.3848, 432.2505, 848.7676, 62.46618, 621.4777
261.4, 234.7916, 549.6574, 92.16348, 66.40999, 333.5852, 64.96489, 1606.607, 486.147, 232.2489, 915.2048, 1.838296, 1325.189, 284.2443, 408.4502, 873.1719, 59.00562, 690.9346
261.5, 219.7639, 546.9686, 85.55569, 62.94873, 312.9652, 61.3238, 1584.822, 459.7221, 222.1598, 871.6469, 1.732824, 1303.436, 265.4365, 385.9604, 880.1357, 55.73677, 655.5226
261.6, 205.698, 521.5045, 79.42165, 59.66786, 293.6199, 57.88679, 1534.12, 434.7336, 212.509, 830.162, 1.633403, 1273.496, 247.8731, 364.7088, 833.5897, 52.64901, 621.9255
261.7, 192.5324, 497.2258, 73.72739, 56.55799, 275.4704, 54.64241, 1450.388, 411.1033, 203.2775, 790.6516, 1.539686, 1212.822, 375.6124, 344.6274, 789.5052, 49.73232, 590.0504
261.8, 180.2094, 474.0775, 92.55726, 53.61021, 258.4427, 51.57987, 1371.225, 388.7575, 194.447, 753.0216, 1.451346, 1410.864, 350.7589, 325.6518, 747.7521, 46.9772, 655.9321
261.9, 184.7741, 452.0068, 85.92123, 50.81607, 242.4676, 48.68898, 1296.384, 367.6263, 279.2966, 717.1826, 1.368075, 1343.644, 327.55, 307.7209, 708.2072, 44.37471, 622.314
262, 336.1508, 536.0336, 79.76099, 48.16756, 272.2867, 45.96011, 1402.449, 347.6437, 348.6937, 880.853, 1.289581, 1358.785, 473.0285, 343.8204, 733.4383, 41.9164, 621.7992
262.1, 343.1627, 582.7477, 74.0424, 45.65708, 255.4558, 43.38418, 1325.903, 328.7473, 333.5462, 1074.629, 1.215591, 1402.331, 441.7292, 437.7814, 769.836, 39.59427, 704.3313
262.2, 321.1987, 667.7662, 68.73383, 43.27745, 239.6653, 40.95263, 1253.535, 310.878, 319.0567, 1063.71, 1.145846, 1335.518, 412.5009, 417.9203, 729.1231, 37.40079, 794.3404
262.3, 300.6405, 636.6783, 63.80585, 41.02185, 224.8509, 38.65736, 1185.117, 293.98, 305.1967, 1013.084, 1.080103, 1315.215, 385.2066, 421.1798, 690.5634, 35.32883, 753.6285
262.4, 281.3981, 607.0378, 59.2312, 38.8838, 210.9521, 36.49073, 1279.505, 278.0005, 291.9388, 1083.163, 1.018132, 1275.319, 359.7183, 397.9891, 654.0428, 33.37165, 715.0033
262.5, 274.5152, 680.3204, 54.98454, 36.8572, 197.9126, 34.44554, 1209.669, 262.8896, 279.2568, 1031.612, 0.9597161, 1286.774, 335.9165, 376.0752, 652.1418, 31.52289, 726.4598
262.6, 271.956, 648.6481, 51.04234, 34.93621, 185.679, 138.27, 1275.882, 248.6, 267.1257, 982.5134, 0.9046522, 1225.467, 313.6896, 355.368, 764.7587, 29.77656, 689.227
262.7, 319.1096, 618.4503, 47.38279, 33.11535, 252.727, 130.5203, 1352.376, 235.0872, 331.1301, 986.3524, 0.8527476, 1266.558, 292.9334, 404.0261, 724.3144, 28.12697, 746.4623
262.8, 298.6852, 589.6584, 43.98561, 31.38939, 237.1052, 123.2051, 2014.325, 222.3088, 316.7456, 1020.283, 0.803821, 1206.213, 273.5506, 455.4007, 686.009, 26.56877, 708.2043
262.9, 279.5679, 562.2068, 40.83199, 29.75339, 281.5162, 116.2998, 1904.383, 210.2251, 302.986, 1012.556, 0.7577015, 1192.523, 255.4504, 430.3257, 649.7293, 25.09688, 943.1434
263, 345.4758, 536.0333, 37.90448, 28.20265, 264.1148, 109.7815, 2048.249, 198.7981, 289.8241, 1062.608, 0.7142282, 1135.706, 238.5477, 406.6314, 615.3683, 23.70654, 998.8599
263.1, 323.3638, 511.0783, 35.18687, 26.73274, 247.7891, 103.6286, 1996.077, 187.9923, 277.2339, 1012.035, 0.6732492, 1143.262, 377.4043, 397.2429, 582.8245, 22.39322, 988.8749
263.2, 302.667, 487.2851, 32.66409, 25.33944, 232.4725, 97.82056, 1990.1, 177.7739, 312.7134, 963.8683, 0.6346213, 1135.228, 352.4323, 425.6275, 552.0017, 21.15266, 1077.737
263.3, 283.295, 518.051, 30.32219, 24.01876, 281.6617, 92.33801, 1881.48, 498.8711, 384.5127, 917.9943, 0.5982097, 1174.043, 329.1125, 402.1918, 522.809, 19.98083, 1203.182
263.4, 316.1797, 493.9331, 28.1482, 22.76691, 264.2513, 87.16275, 1778.788, 471.7546, 509.3807, 874.3036, 0.5638873, 1221.963, 307.3359, 380.0466, 495.1602, 18.87391, 1155.701
263.5, 295.9428, 470.938, 26.13007, 21.58031, 247.9171, 82.27754, 1681.702, 446.112, 487.2529, 832.6923, 0.5315341, 1198.246, 287.0001, 359.1207, 468.9736, 17.82832, 1121.094
263.6, 277.0011, 449.0135, 24.25664, 20.45555, 232.5926, 77.66614, 1589.914, 553.4511, 466.0863, 913.2875, 0.5010372, 1185.797, 268.0099, 382.9684, 444.1719, 16.84065, 1146.627
263.7, 259.2717, 428.1097, 22.51752, 19.38942, 218.2153, 73.31319, 1670.365, 523.3679, 445.8392, 1222.631, 0.4722901, 1287.145, 250.2763, 361.8816, 420.6818, 15.90769, 1223.984
263.8, 304.8835, 408.1791, 79.64897, 18.37885, 204.7268, 69.20421, 1636.396, 625.6404, 426.4716, 1164.441, 0.4451923, 1274.493, 233.716, 341.9559, 398.434, 15.02643, 1314.106
263.9, 285.3695, 574.4084, 73.93842, 17.42095, 192.072, 65.32552, 1626.775, 591.6332, 407.9454, 1109.021, 0.4196493, 1304.569, 218.2515, 586.4174, 562.733, 14.19398, 1246.755
264, 267.1046, 547.6668, 68.6373, 16.51298, 363.2823, 61.66423, 1623.089, 559.4745, 390.224, 1056.239, 0.3955718, 1355.518, 203.8103, 677.4301, 532.9728, 13.40765, 1444.062
264.1, 250.0086, 522.1702, 63.71625, 15.65233, 340.8267, 58.20813, 1534.501, 529.0639, 373.2725, 1005.969, 0.3728758, 1290.935, 190.3246, 640.1298, 504.7865, 12.66488, 1370.051
264.2, 298.1552, 497.8605, 59.14802, 14.83653, 319.7592, 54.94574, 1450.747, 500.3062, 357.0573, 958.0909, 0.3514819, 1229.43, 177.7312, 604.8834, 478.0908, 11.96326, 1299.833
264.3, 279.0719, 474.6826, 54.90731, 14.06326, 373.0081, 51.8662, 1494.528, 473.1117, 341.5465, 912.4918, 0.3313156, 1170.854, 165.9711, 571.5776, 452.8069, 11.3005, 1233.213
264.4, 261.2101, 452.5838, 66.15517, 13.33029, 349.9513, 48.95926, 1412.956, 447.3954, 326.7095, 869.063, 0.3123063, 1115.07, 154.9891, 540.1058, 428.8602, 10.67447, 1170.008
264.5, 244.4914, 509.116, 61.41208, 12.63552, 406.0547, 46.21524, 1384.052, 423.0769, 312.517, 827.7011, 0.2943876, 1061.943, 144.7338, 676.1682, 406.1799, 10.08311, 1110.042
264.6, 228.8428, 485.4141, 57.00905, 11.97696, 418.3832, 43.62502, 1414.485, 400.0802, 298.9411, 788.3078, 0.2774971, 1011.348, 135.1571, 685.5582, 384.699, 473.5824, 1412.101
264.7, 214.1958, 462.8157, 52.9217, 39.75469, 447.1966, 41.17997, 1489.879, 378.3336, 285.9549, 750.7894, 0.2615756, 963.1627, 126.214, 726.0322, 475.7363, 447.3464, 1339.728
264.8, 261.7136, 441.2693, 49.1274, 59.37223, 419.554, 38.87195, 1449.95, 473.0274, 273.5328, 715.0566, 0.2465676, 917.2736, 243.7467, 686.0558, 613.571, 422.5639, 1271.063
264.9, 244.9627, 420.726, 45.60514, 56.27777, 393.6201, 36.6933, 1415.294, 485.6714, 261.6504, 681.0244, 0.2324207, 983.7167, 227.6185, 881.9702, 613.059, 543.0392, 1368.12
265, 229.284, 401.1391, 120.7513, 53.3446, 385.3442, 34.63675, 1372.912, 517.1566, 250.2841, 648.612, 0.2190855, 936.8482, 212.5575, 833.4077, 702.0988, 553.6463, 1298.001
265.1, 323.3523, 382.4641, 178.5338, 50.5643, 366.1633, 32.69547, 1297.979, 510.8343, 239.4116, 617.7422, 0.2065155, 939.0861, 198.493, 787.5191, 664.9682, 522.9749, 1346.916
265.2, 359.2596, 364.6585, 297.1014, 47.92891, 434.371, 30.86298, 1356.637, 568.1639, 229.0114, 588.3416, 0.1946666, 894.3441, 185.3591, 850.7844, 881.8873, 494.0026, 1438.737
265.3, 355.1892, 347.6818, 323.9281, 45.43087, 447.5851, 29.13321, 1423.403, 537.2809, 219.063, 560.3402, 0.1834975, 923.1467, 173.0943, 867.6686, 835.2485, 603.9772, 1413.044
265.4, 332.4554, 331.4955, 452.7935, 43.06303, 419.9185, 27.50038, 1345.713, 665.5322, 209.5468, 533.6716, 0.1729693, 879.164, 161.641, 974.6469, 876.9886, 831.6761, 1340.622
265.5, 311.1768, 316.0627, 424.4511, 40.8186, 393.9621, 25.95907, 1272.264, 629.3568, 244.5301, 508.2722, 0.1630452, 873.1259, 150.9456, 920.9814, 986.8799, 785.6021, 1271.912
265.6, 291.26, 301.3484, 394.0194, 38.69115, 369.6101, 24.50414, 1273.981, 759.786, 233.9075, 484.0817, 0.1536904, 866.1852, 140.9578, 870.2709, 934.6886, 742.0806, 1436.05
265.7, 272.618, 287.3192, 386.0001, 36.67459, 346.7633, 23.13076, 1305.667, 718.4873, 223.7464, 461.0424, 0.1448724, 981.6642, 131.6309, 822.3526, 885.2575, 700.9701, 1362.449
265.8, 255.1692, 273.9431, 365.3234, 34.76312, 325.3288, 21.83435, 1234.404, 679.4334, 214.0267, 439.0998, 0.1365603, 958.3279, 122.9212, 777.0727, 838.4406, 662.1371, 1292.62
265.9, 238.8372, 261.1896, 339.131, 32.95128, 305.2193, 20.6106, 1167.03, 642.5023, 223.7784, 418.2014, 0.1287251, 912.6691, 114.7878, 734.286, 794.0995, 625.4554, 1226.371
266, 223.5506, 249.03, 314.8165, 31.23388, 286.3527, 19.45544, 1103.333, 607.5786, 214.0574, 398.2977, 0.1213395, 869.1857, 107.1925, 693.8552, 752.1035, 590.8058, 1163.516
266.1, 209.2423, 237.4364, 292.2453, 29.60598, 268.6524, 18.36502, 1043.113, 574.5532, 204.7586, 379.3412, 0.1143776, 967.9065, 100.0998, 655.6506, 712.3284, 558.0758, 1103.883
266.2, 195.8498, 226.3825, 271.2924, 28.06293, 252.0461, 17.33572, 986.1796, 543.3229, 210.9677, 361.287, 0.1078151, 1096.253, 93.4764, 619.5496, 674.6569, 527.159, 1133.698
266.3, 229.0406, 215.8433, 322.7281, 26.6003, 236.4664, 16.3641, 932.3538, 513.7902, 278.8809, 344.092, 0.1016292, 1105.098, 87.29127, 585.4363, 638.9775, 497.955, 1075.594
266.4, 214.381, 205.7947, 299.5896, 25.2139, 221.8497, 15.44694, 881.4658, 485.8628, 329.6754, 327.7154, 0.09579822, 1100.999, 81.51539, 553.2014, 605.1851, 470.3688, 1020.467
266.5, 200.6596, 196.2139, 278.1101, 23.89976, 208.1365, 14.58119, 1025.601, 459.4533, 360.7764, 312.1183, 0.09030177, 1079.797, 76.12169, 522.7413, 642.4895, 444.3109, 968.1655
266.6, 187.8165, 187.0792, 258.1706, 22.65412, 195.2709, 13.76396, 969.6232, 434.4794, 345.1041, 628.8003, 0.08512068, 1113.268, 71.08488, 493.9585, 608.5114, 419.6965, 918.5447
266.7, 175.7954, 178.3697, 239.6606, 21.47339, 183.2006, 12.99253, 916.701, 410.8629, 330.1125, 598.8734, 0.08023686, 1060.228, 156.5485, 466.7604, 621.4386, 396.4458, 871.4671
266.8, 164.5437, 170.0657, 222.4778, 20.35421, 171.8764, 12.26434, 1137.126, 388.5302, 315.7722, 674.0163, 0.07563325, 1009.714, 146.19, 441.0599, 630.4085, 374.4831, 826.8024
266.9, 154.0121, 162.1483, 206.527, 19.29335, 161.2522, 11.57696, 1075.062, 367.4113, 302.0549, 641.9374, 0.07129377, 961.6068, 136.5169, 416.7746, 597.0693, 353.7371, 1024.18
267, 144.1546, 154.5995, 201.2253, 18.28779, 151.2847, 10.92811, 1016.385, 347.4404, 288.9334, 611.3853, 0.06720328, 1056.859, 127.4839, 393.8264, 565.4932, 334.1405, 971.6882
267.1, 250.9044, 283.4053, 310.5024, 17.33464, 141.9334, 10.31562, 960.9101, 328.5551, 276.382, 582.2872, 0.06334747, 1044.595, 119.0486, 527.2659, 729.6378, 315.6295, 921.8868
267.2, 234.8454, 270.2114, 288.2404, 16.43117, 133.16, 9.73746, 908.4635, 310.6962, 264.3758, 828.55, 0.0597129, 1059.246, 172.9213, 498.2339, 691.0508, 298.1439, 874.6379
267.3, 219.8142, 257.6317, 267.5746, 15.57478, 124.929, 9.191705, 858.8794, 293.8081, 252.8911, 789.1163, 0.05628686, 1086.939, 182.3681, 470.8004, 746.4019, 281.6271, 829.8107
267.4, 205.7451, 245.6377, 248.3905, 14.76303, 117.2068, 8.676538, 812.0016, 574.6195, 241.9054, 830.0258, 0.05305738, 1208.933, 170.3012, 444.8775, 706.9283, 266.0252, 903.63
267.5, 192.5764, 234.202, 283.5789, 13.99358, 109.9619, 8.190244, 767.6825, 543.3856, 231.3968, 838.4871, 0.0500132, 1224.607, 281.3539, 420.3819, 669.5424, 251.2877, 911.5231
267.6, 180.2507, 223.2988, 299.8884, 13.26424, 103.1648, 7.731205, 725.7823, 513.8495, 480.866, 798.5804, 0.04714368, 1166.262, 262.7373, 397.2351, 634.1335, 237.3667, 864.8054
267.7, 168.7138, 212.9031, 299.6418, 12.57292, 96.78784, 7.297895, 686.169, 485.9188, 627.78, 866.7122, 0.0444388, 1161.427, 245.3525, 375.3628, 600.5973, 224.2168, 1027.443
267.8, 157.9153, 202.9914, 410.6929, 11.91762, 90.80509, 6.88887, 648.7178, 459.5063, 1128.267, 937.3856, 0.04188911, 1106.092, 229.1181, 354.6948, 636.7654, 211.7954, 1142.738
267.9, 147.808, 193.5411, 381.2477, 11.29648, 85.19215, 6.50277, 613.3107, 434.5295, 1104.129, 892.772, 0.03948572, 1105.344, 213.9578, 358.1537, 615.87, 200.0622, 1084.17
268, 138.3476, 184.5308, 353.9135, 10.70771, 79.92616, 6.138309, 579.8361, 410.9104, 1113.4, 850.2817, 0.03722021, 1199.964, 199.8007, 338.4333, 668.5446, 188.9789, 1028.603
268.1, 129.4927, 175.94, 336.3272, 10.14963, 74.98568, 5.794276, 548.1885, 508.9772, 1178.607, 809.8137, 0.03508469, 1142.793, 186.5803, 347.7612, 633.1885, 178.5097, 975.8849
268.2, 121.2046, 167.7491, 407.3863, 9.620636, 136.6031, 5.469524, 518.2683, 481.3114, 1127.407, 771.2717, 0.0330717, 1088.345, 174.2346, 486.5808, 599.7022, 168.6205, 925.8685
268.3, 113.447, 159.9395, 454.1219, 300.3478, 227.1482, 5.162974, 489.9811, 455.1494, 1228.27, 734.5641, 0.0311742, 1064.366, 162.7059, 505.2877, 567.9869, 159.2791, 878.4156
268.4, 218.1793, 152.4936, 421.563, 330.4582, 213.1074, 4.873605, 463.2379, 430.4094, 1368.325, 699.6035, 0.02938558, 1060.377, 151.94, 606.5129, 537.9489, 150.4552, 833.3947
268.5, 238.5888, 145.3942, 695.0817, 392.0117, 199.9346, 4.600454, 437.9543, 510.123, 1683.517, 666.3068, 0.02769957, 1086.34, 141.8865, 615.9827, 509.4994, 142.1201, 790.6813
268.6, 223.318, 138.6254, 645.2468, 371.5802, 187.576, 4.342613, 414.0507, 482.3949, 2062.127, 634.5948, 0.0261103, 1034.582, 132.4981, 695.4338, 482.5544, 134.2468, 750.157
268.7, 209.0246, 132.1717, 647.2816, 352.2136, 175.9814, 4.099223, 391.4517, 456.174, 2518.842, 604.3922, 145.5278, 1243.884, 123.731, 657.1423, 457.0345, 126.8097, 711.7097
268.8, 195.6461, 126.0184, 600.8738, 333.8563, 165.1035, 3.869474, 370.0862, 431.3783, 2769.251, 575.6269, 137.1781, 1184.62, 115.544, 620.9591, 432.8641, 119.7845, 675.2328
268.9, 183.1238, 120.1517, 736.8567, 316.4559, 154.8979, 3.652601, 349.8868, 473.3333, 2995.994, 548.2307, 129.3075, 1128.18, 107.8987, 652.9717, 409.9721, 113.1486, 640.6255
269, 171.4031, 114.558, 753.342, 354.959, 145.3232, 3.447884, 330.79, 447.6049, 2865.846, 718.143, 121.8884, 1074.428, 100.7593, 654.9438, 388.2906, 106.8803, 607.792
269.1, 219.7209, 109.2248, 699.3301, 336.4586, 136.3403, 3.254641, 312.7354, 607.782, 2853.648, 740.1995, 154.0452, 1151.86, 94.09224, 618.8817, 488.0453, 261.9606, 576.6412
269.2, 230.8996, 104.1398, 649.1906, 357.4761, 127.9127, 3.072228, 295.6663, 733.623, 2937.026, 745.8035, 145.2068, 1286.177, 87.86636, 635.8646, 603.1277, 414.7762, 547.087
269.3, 224.658, 99.29157, 602.6459, 338.8446, 120.006, 2.900039, 279.5287, 765.9487, 2921.653, 999.5007, 246.5761, 1304.73, 154.923, 600.853, 891.3195, 391.7981, 519.0475
269.4, 210.2788, 94.66905, 559.4384, 321.1841, 112.5881, 2.737501, 264.272, 724.3149, 2995.694, 951.9308, 232.4287, 1325.548, 144.6721, 567.7692, 882.8077, 456.6306, 492.4451
269.5, 265.7155, 90.26173, 540.0576, 304.4442, 105.6287, 2.584072, 249.848, 684.9443, 3027.631, 906.625, 437.0131, 1262.393, 176.839, 610.7517, 975.1238, 499.42, 467.2061
269.6, 248.7085, 86.0596, 589.4597, 288.5766, 99.09946, 2.439243, 236.2113, 647.7136, 2965.757, 863.4754, 421.312, 1226.743, 335.8649, 577.1229, 923.5543, 588.8161, 790.2996
269.7, 286.0573, 82.0531, 547.1976, 286.3361, 92.97382, 2.302531, 223.3188, 612.5067, 2977.984, 822.3795, 472.8805, 1272.857, 313.6414, 545.3456, 898.9899, 556.1963, 749.7949
269.8, 339.741, 78.23312, 507.9655, 352.2221, 87.22682, 2.173481, 211.1301, 579.2134, 2973.444, 838.0158, 530.6715, 1231.063, 292.8884, 562.8577, 851.4467, 525.3836, 711.3661
269.9, 317.996, 74.59097, 493.6575, 416.4719, 81.83507, 2.051664, 199.6065, 547.7298, 3008.089, 895.2059, 528.038, 1366.799, 338.6714, 531.866, 928.8265, 666.8907, 674.907
270, 372.0571, 71.11839, 458.264, 402.2304, 76.77659, 1.936674, 188.712, 977.7283, 3033.437, 1202.959, 497.7416, 1332.704, 546.11, 502.5807, 995.3076, 784.2313, 640.3164
270.1, 348.2438, 67.80748, 514.61, 381.2663, 95.0898, 1.82813, 178.412, 1164.015, 3139.706, 1360.122, 696.6701, 1269.208, 547.2355, 490.4568, 1431.944, 868.0104, 607.4987
270.2, 325.9546, 64.6507, 477.7143, 363.1143, 89.21201, 1.725669, 168.6743, 1126.375, 3003.315, 1539.329, 656.6985, 1208.738, 561.8615, 517.0969, 1356.215, 1010.505, 576.3629
270.3, 305.092, 61.64089, 660.9965, 344.1889, 83.69754, 1.62895, 159.468, 1185.379, 2942.774, 1466.067, 619.0203, 1191.878, 524.6843, 488.6248, 1284.492, 954.5242, 546.8229
270.4, 579.8973, 173.2514, 613.6053, 515.7082, 97.42684, 1.537652, 150.7642, 1170.356, 3024.8, 1471.37, 583.5038, 1280.559, 719.763, 461.7205, 1601.374, 1125.15, 518.797
270.5, 690.6515, 209.2926, 584.4479, 488.8297, 91.40459, 1.451472, 142.5355, 1474.052, 3013.397, 1401.342, 550.0251, 1219.548, 672.1378, 436.2975, 1516.685, 1205.109, 492.2074
270.6, 646.4466, 230.3087, 542.545, 463.3521, 85.7546, 1.370121, 134.7559, 1507.142, 3024.471, 1499.665, 518.4673, 1278.592, 746.9566, 412.2744, 1565.383, 1196.492, 466.9806
270.7, 790.3365, 219.5867, 582.9532, 533.9424, 80.45385, 1.29333, 127.4009, 1718.435, 3166.425, 1766.306, 748.1121, 1261.208, 865.6044, 529.2385, 1895.014, 1310.005, 443.0468
270.8, 1149.793, 384.9221, 541.1576, 571.1872, 75.48075, 1.220843, 120.4473, 1814.757, 3063.167, 1897.554, 721.0253, 1237.583, 808.3292, 500.0979, 2157.956, 1278.572, 420.3396
270.9, 1244.329, 367.0021, 502.3585, 627.814, 70.81506, 1.152418, 113.8733, 2106.875, 2939.024, 2066.131, 729.4491, 1248.665, 754.8438, 472.5618, 2043.832, 1673.927, 398.7962
271, 1164.687, 349.9163, 466.3412, 595.0925, 66.43776, 1.087829, 107.6581, 2244.486, 3035.795, 1967.796, 687.5967, 1233.034, 704.8973, 446.5419, 2123.884, 1581.193, 378.3569
271.1, 1267.199, 333.6259, 432.9062, 564.0765, 62.33104, 1.026859, 101.7821, 2122.485, 3137.636, 1874.141, 648.1457, 1207.671, 658.2558, 464.1688, 2011.562, 1563.274, 358.9652
271.2, 1204.835, 318.094, 401.8683, 534.6771, 58.47817, 0.9693068, 96.22681, 2051.306, 3038.1, 1784.944, 610.9582, 1150.132, 614.7004, 438.611, 1978.697, 1575.177, 340.5674
271.3, 1354.942, 303.2851, 373.0558, 506.8099, 54.86345, 0.9149801, 90.97474, 2012.646, 2991.52, 1853.217, 674.7242, 1095.335, 574.027, 414.4604, 2070.007, 1487.913, 323.1125
271.4, 1410.103, 289.1657, 346.309, 617.501, 51.47218, 0.8636982, 86.00932, 2262.482, 3074.136, 1911.185, 636.0117, 1157.368, 536.0448, 391.6397, 2264.235, 1483.308, 306.5522
271.5, 1520.768, 275.7036, 321.4799, 587.5168, 48.29052, 0.8152906, 81.31492, 2501.641, 3039.511, 1909.008, 690.1793, 1122.784, 500.5758, 414.4843, 2385.092, 1401.135, 290.8407
271.6, 1506.195, 262.8682, 412.9449, 556.8956, 45.30554, 0.769596, 76.87674, 2420.659, 2952.883, 1818.151, 779.0495, 1069.29, 467.4538, 391.6622, 2482.277, 1631.12, 275.9344
271.7, 1501.917, 250.6304, 383.3382, 567.8942, 42.50507, 0.7264625, 72.68079, 2513.293, 2913.567, 1731.619, 1138.337, 1078.129, 436.5234, 473.9458, 2351.002, 1562.413, 261.7921
271.8, 1405.788, 238.9623, 486.447, 624.1629, 39.8777, 0.6857465, 68.71387, 2376.682, 2953.119, 1649.205, 1147.711, 1026.762, 407.6396, 447.8497, 2463.807, 1475.857, 248.3747
271.9, 1315.811, 227.8374, 451.5705, 591.6318, 37.41273, 0.6473125, 64.96346, 2247.495, 2889.912, 1720.465, 1081.861, 1002.881, 380.6669, 423.1905, 2388.381, 1539.442, 235.6449
272, 1280.041, 217.2304, 419.1945, 1015.702, 35.10014, 376.8932, 61.41774, 2125.331, 2906.817, 1638.582, 1019.789, 1144.939, 355.479, 399.889, 2383.127, 1478.013, 223.5675
272.1, 1198.113, 207.1173, 502.5456, 1165.846, 32.93049, 934.4542, 304.8125, 2009.807, 2780.543, 1560.596, 961.278, 1224.437, 331.9577, 377.8705, 2318.151, 1396.133, 212.1092
272.2, 1121.428, 197.4749, 553.2426, 1105.083, 30.89496, 1035.014, 288.1758, 1900.563, 2747.33, 1486.322, 949.9394, 1166.099, 309.9927, 357.0645, 2271.89, 1318.789, 201.2381
272.3, 1049.651, 188.2815, 521.7216, 1047.486, 28.98525, 977.0046, 272.4471, 1797.256, 2688.708, 1415.582, 895.4364, 1161.877, 289.4812, 337.404, 2206.658, 1271.907, 190.9241
272.4, 982.4689, 179.5161, 504.4603, 992.8915, 27.19358, 1008.632, 286.9881, 1699.565, 2725.034, 1556.716, 844.0605, 1106.521, 270.3268, 318.826, 2089.958, 1241.722, 181.1388
272.5, 919.5864, 171.1587, 497.4952, 968.2169, 25.51266, 952.1014, 409.8516, 1607.184, 2830.182, 1482.626, 795.6323, 1083.173, 252.4399, 301.271, 2001.119, 1210.995, 171.855
272.6, 1499.738, 163.1904, 632.3457, 1060.854, 23.93565, 912.2534, 387.4818, 1749.392, 2707.237, 1478.408, 792.6118, 1055.865, 235.7365, 284.6826, 1928.4, 1372.451, 163.047
272.7, 1403.748, 155.5931, 600.1219, 1162.425, 22.45611, 917.5944, 366.333, 1744.85, 2741.498, 1578.537, 747.1354, 1005.56, 575.0466, 269.0076, 2014.415, 1532.264, 154.6905
272.8, 1322.537, 148.3495, 652.2004, 1233.635, 21.06803, 866.166, 557.6556, 1799.494, 2689.458, 1637.639, 716.1921, 957.6505, 899.6835, 254.1957, 1907.882, 1562.803, 146.7622
272.9, 1387.721, 141.4431, 613.2764, 1437.08, 19.76575, 817.62, 527.2186, 2023.317, 2743.14, 1559.698, 753.6443, 1032.854, 1080.226, 240.1993, 1806.984, 1643.497, 139.2403
273, 1333.996, 134.8582, 621.6965, 1362.18, 18.54397, 771.7949, 638.7606, 1913.338, 2767.329, 1645.131, 833.4059, 1128.606, 1008.75, 226.9736, 1853.746, 1645.384, 132.1039
273.1, 1270.525, 128.5798, 590.343, 1291.183, 17.39771, 728.5381, 603.897, 2038.71, 2679.794, 1566.834, 785.589, 1126.662, 1274.709, 214.4761, 1892.754, 1554.231, 125.3333
273.2, 1189.205, 122.5938, 686.9881, 1369.398, 16.32231, 687.7057, 570.9362, 1927.894, 2563.383, 1492.262, 740.5156, 1072.983, 1190.364, 202.6667, 1806.766, 1557.845, 118.9097
273.3, 1113.091, 116.8865, 637.7335, 1384.097, 15.31338, 649.1619, 539.7744, 1823.102, 2452.028, 1421.24, 698.0284, 1021.861, 1154.742, 191.5076, 1728.175, 1498.606, 112.8153
273.4, 1041.848, 111.4448, 592.0103, 1311.959, 14.36681, 612.7784, 510.3134, 1724.006, 2442.68, 1353.598, 657.9788, 973.1756, 1248.052, 180.963, 1783.999, 1415.584, 107.0332
273.5, 975.1649, 106.2565, 549.5652, 1243.58, 13.47875, 578.434, 482.4604, 1630.296, 2427.123, 1476.022, 620.2271, 926.8094, 1195.644, 170.9989, 1771.973, 1416.156, 101.5475
273.6, 912.7498, 101.3097, 510.1633, 1178.765, 12.64559, 546.0145, 456.1276, 1541.68, 2321.687, 1405.773, 584.6414, 959.4266, 1116.531, 161.5834, 1678.262, 1497.16, 96.34296
273.7, 854.3297, 96.59326, 473.5864, 1117.328, 11.86393, 515.412, 619.6126, 1457.881, 2249.303, 1338.867, 551.0975, 967.5757, 1042.652, 152.6864, 1589.507, 1471.19, 91.40515
273.8, 799.6486, 92.09637, 439.6319, 1059.093, 11.13058, 486.5248, 623.5806, 1378.637, 2151.592, 1504.354, 519.4781, 972.0406, 973.662, 144.2793, 1505.446, 1501.79, 86.72042
273.9, 748.4674, 87.80882, 408.1119, 1135.972, 65.7505, 459.2565, 589.5455, 1303.7, 2126.103, 1432.756, 489.6729, 925.7285, 909.2368, 178.9541, 1516.194, 1418.592, 82.27579
274, 700.5621, 83.72089, 378.8517, 1224.61, 114.8396, 433.5166, 557.368, 1232.837, 2097.101, 1364.566, 461.5778, 881.6229, 1019.2, 169.1007, 1472.571, 1340.004, 301.8431
274.1, 700.6125, 79.82327, 351.6894, 1160.784, 107.7411, 409.2193, 526.9468, 1165.825, 2141.218, 1299.621, 435.0947, 839.6186, 1065.226, 243.0054, 1394.694, 1265.769, 445.3635
274.2, 703.1821, 76.10709, 326.4745, 1100.284, 104.3384, 386.2838, 638.7542, 1102.456, 2141.394, 1237.767, 410.131, 799.6156, 1041.095, 229.6252, 1320.935, 1195.647, 460.8926
274.3, 658.1752, 72.56393, 303.0674, 1042.938, 97.88891, 528.2385, 603.8909, 1042.531, 2077.276, 1413.123, 386.5996, 761.5185, 972.2078, 216.9817, 1350.237, 1330.525, 480.5667
274.4, 616.049, 69.18571, 281.3386, 988.5801, 160.3545, 523.3991, 606.5339, 985.8632, 2089.123, 1345.868, 364.4184, 725.2365, 949.8648, 205.0344, 1448.359, 1256.815, 579.4918
274.5, 576.619, 65.96478, 333.8659, 937.0557, 353.4331, 494.0642, 609.6273, 932.2759, 1998.37, 1281.813, 343.5098, 690.6832, 887.0143, 193.7449, 1371.763, 1187.189, 549.7915
274.6, 539.7127, 62.89379, 309.9289, 888.2167, 331.5864, 466.3734, 597.1414, 881.6013, 1911.559, 1220.807, 323.8008, 731.0794, 828.3224, 183.0771, 1336.534, 1121.42, 760.5991
274.7, 505.1686, 59.96577, 287.7081, 841.9232, 321.5172, 440.2346, 619.5602, 833.6812, 1828.52, 1162.704, 305.2227, 696.2477, 773.514, 172.9966, 1265.851, 1139.988, 721.6166
274.8, 472.8355, 57.17406, 267.0804, 798.0425, 338.3471, 470.8348, 677.1603, 788.3658, 1832.64, 1107.367, 287.7104, 687.8495, 743.161, 163.4711, 1198.906, 1179.448, 684.632
274.9, 442.5718, 54.51233, 247.9317, 756.4488, 351.9558, 504.4232, 640.2008, 745.5136, 1784.77, 1054.663, 271.203, 655.0775, 724.744, 154.4702, 1191.462, 1114.108, 649.543
275, 414.2452, 51.97451, 308.8448, 717.0229, 330.2003, 532.4286, 641.3237, 704.9907, 1894.498, 1004.468, 255.6427, 792.1091, 676.7892, 145.9649, 1205.09, 1103.686, 616.2524
275.1, 387.7316, 49.55483, 286.7017, 679.652, 309.7896, 524.2831, 606.3201, 666.6703, 1812.2, 956.6616, 240.9751, 829.0515, 728.1753, 137.9278, 1189.972, 1042.543, 584.668
275.2, 362.915, 47.24781, 266.1462, 644.2288, 290.6406, 555.0277, 610.5868, 630.433, 1788.442, 1107.524, 227.1491, 789.5519, 718.9427, 130.3333, 1127.04, 1054.433, 554.7024
275.3, 485.3231, 45.04819, 298.7381, 610.6518, 386.5157, 523.9201, 685.2672, 596.1653, 1770.359, 1054.813, 214.1164, 751.9343, 786.0997, 123.157, 1107.246, 996.0184, 526.2726
275.4, 501.6716, 42.95097, 280.1287, 578.8248, 374.3633, 494.556, 647.8652, 563.7603, 1728.128, 1004.611, 201.8314, 744.0924, 734.0851, 116.3758, 1117.704, 1012.546, 645.0408
275.5, 469.5623, 40.95139, 362.5329, 548.6567, 351.2228, 546.6666, 612.5046, 533.1167, 1679.372, 956.7977, 190.2513, 708.6407, 831.7489, 109.968, 1058.594, 956.4521, 650.9233
275.6, 439.5082, 39.0449, 336.5406, 520.0609, 329.5127, 612.967, 579.074, 504.1387, 1766.169, 911.2603, 179.3356, 810.3723, 776.7138, 103.913, 1076.548, 1123.848, 617.562
275.7, 411.3776, 37.22717, 312.4118, 531.9155, 464.8283, 624.0922, 547.4681, 476.7359, 1827.629, 867.8901, 169.0461, 771.7628, 725.3203, 98.19139, 1065.257, 1061.588, 675.9891
275.8, 385.0476, 35.49406, 290.013, 541.8771, 436.0959, 814.9296, 517.5872, 450.8226, 1813.615, 956.7981, 159.3471, 1013.482, 677.3274, 92.78484, 1008.921, 1310.187, 641.3431
275.9, 497.5814, 33.84163, 269.2201, 788.1693, 536.4117, 769.2553, 489.3372, 823.6758, 1895.36, 911.2606, 150.2045, 981.684, 632.5101, 87.67597, 1072.872, 1362.885, 608.4727
276, 839.595, 32.26614, 249.918, 1302.973, 582.7855, 1254.453, 462.6291, 912.7422, 1881.226, 867.8903, 269.8994, 934.9124, 590.6582, 82.84841, 1189.94, 1472.567, 577.287
276.1, 785.8571, 30.76399, 254.2594, 1386.209, 546.7618, 1599.852, 437.3787, 1151.471, 1968.091, 910.355, 254.4139, 959.6176, 551.5756, 78.28666, 1196.327, 1390.988, 547.6997
276.2, 930.5521, 29.33177, 236.0299, 1394.881, 512.9648, 1513.839, 413.5065, 1157.519, 1967.288, 979.225, 344.3062, 1058.917, 515.079, 73.97609, 1168.382, 1407.397, 565.0372
276.3, 870.9924, 27.96623, 323.0583, 1322.18, 481.2569, 1702.916, 390.9373, 1205.646, 2157.196, 1058.257, 324.5515, 1008.465, 480.9973, 69.90286, 1396.7, 1329.429, 614.2024
276.4, 815.2449, 26.66426, 332.7281, 1253.269, 451.5089, 1827.447, 639.1749, 1140.112, 2082.194, 1007.89, 354.6741, 960.4177, 449.1708, 66.05391, 1322.836, 1377.369, 582.7231
276.5, 763.0655, 25.42291, 394.1533, 1229.044, 423.5998, 1909.415, 604.2886, 1145.177, 1991.742, 959.9211, 334.3246, 914.6593, 525.7913, 62.41689, 1252.877, 1301.064, 552.8572
276.6, 714.2258, 24.23935, 365.8939, 1164.987, 397.4158, 1802.398, 655.1068, 1126.279, 2113.143, 914.235, 405.3934, 871.0811, 491.0008, 58.98013, 1222.367, 1228.986, 524.5219
276.7, 668.512, 23.11088, 339.6606, 1322.747, 435.5808, 1816.155, 723.1154, 1185.129, 2021.346, 1353.51, 544.7002, 829.579, 758.1052, 55.7326, 1298.398, 1366.429, 669.8384
276.8, 625.7242, 22.03496, 442.6324, 1253.806, 440.9963, 1714.365, 683.6476, 1244.29, 2090.877, 1289.091, 541.2526, 858.943, 707.943, 52.66389, 1229.732, 1290.731, 635.5076
276.9, 646.0347, 21.00912, 410.8972, 1366.906, 413.737, 1618.28, 701.6896, 1176.656, 2047.826, 1227.739, 661.7602, 934.4647, 661.0999, 49.76414, 1164.698, 1338.893, 602.9363
277, 639.8263, 20.03104, 613.1459, 1494.642, 388.1627, 1527.58, 663.3912, 1112.698, 2204.672, 1169.306, 623.7916, 889.9429, 646.3677, 47.02406, 1240.505, 1264.719, 572.0344
277.1, 611.9943, 19.0985, 569.1855, 1416.742, 364.1691, 1802.628, 745.8798, 1236.491, 2198.222, 1113.655, 788.7271, 1053.585, 859.5726, 44.43485, 1274.754, 1412.209, 787.9053
277.2, 662.5378, 18.20937, 677.865, 1342.902, 341.6587, 2305.133, 735.171, 1169.281, 2326.473, 1060.652, 743.4737, 1003.387, 915.385, 41.9882, 1207.338, 1417.29, 885.417
277.3, 620.1324, 17.36163, 782.5544, 1606.105, 320.5398, 2687.593, 967.1171, 1166.747, 2288.291, 1010.171, 805.3394, 955.5817, 890.817, 39.67628, 1220.391, 1499.412, 863.3267
277.4, 580.441, 16.55336, 782.8168, 1522.395, 300.7262, 2714.451, 1202.486, 1103.328, 2188.886, 962.0936, 759.1329, 910.0537, 839.8864, 37.49165, 1155.85, 1416.346, 819.0791
277.5, 543.2902, 15.78272, 879.1244, 1443.049, 282.1374, 2764.094, 1352.617, 1107.519, 2226.311, 916.304, 941.8034, 866.6949, 843.4999, 35.4273, 1094.723, 1450.416, 813.9517
277.6, 508.5171, 15.04795, 832.4396, 1547.582, 264.6976, 2924.81, 1783.893, 1122.408, 2364.668, 872.6938, 962.7471, 825.4019, 981.479, 33.47663, 1036.828, 1370.064, 874.8278
277.7, 475.9697, 14.3474, 832.5034, 1589.884, 248.3359, 3463.006, 1814.678, 1061.399, 2270.557, 831.1591, 907.5092, 786.0762, 962.3159, 31.63336, 1236.032, 1510.719, 829.9908
277.8, 445.5054, 13.67945, 828.9132, 1621.49, 232.9855, 3563.189, 1943.441, 1003.706, 2469.181, 791.6012, 1026.355, 748.6241, 1148.649, 29.89158, 1170.664, 1517.525, 787.4518
277.9, 416.991, 13.04261, 1039.727, 1638.885, 218.5839, 3449.478, 1877.476, 949.1484, 2419.472, 753.926, 967.4677, 712.9565, 1072.645, 28.24571, 1108.754, 1611.313, 747.093
278, 390.3017, 12.43541, 1010.016, 1572.245, 205.0726, 3309.59, 1923.058, 897.5568, 2360.41, 718.0439, 911.959, 678.9882, 1114.516, 26.69046, 1050.117, 1522.048, 777.3543
278.1, 365.3206, 11.85648, 1165.836, 1490.301, 192.3964, 3180.679, 1818.098, 848.7694, 2303.344, 683.8696, 943.8965, 646.6383, 1138.669, 25.22085, 994.5815, 1547.005, 737.5131
278.2, 341.9384, 11.3045, 1082.25, 1412.627, 180.5038, 3075.174, 1718.865, 802.6339, 2298.857, 651.3218, 889.7402, 615.8297, 1210.147, 23.83215, 941.9829, 1461.303, 699.7137
278.3, 320.0528, 10.77822, 1004.656, 1339.001, 169.3463, 2968.556, 1625.05, 759.0062, 2249.035, 620.323, 838.6911, 586.489, 1130.074, 22.51992, 892.166, 1416.911, 663.8517
278.4, 299.5679, 10.27644, 932.626, 1365.468, 158.8785, 2822.522, 1536.354, 717.7498, 2151.336, 590.7996, 790.571, 558.5461, 1055.3, 21.27994, 971.4339, 1338.415, 1069.979
278.5, 280.3942, 9.798021, 865.76, 1323.167, 149.0577, 2664.328, 1524.213, 808.4082, 2118.934, 562.6813, 745.2118, 531.9346, 985.4726, 20.10824, 920.0595, 1264.269, 1145.418
278.6, 262.4477, 9.341875, 803.6881, 1736.236, 139.844, 2621.444, 1589.926, 764.4666, 2026.886, 535.9012, 702.4551, 506.591, 920.2659, 19.00105, 871.402, 1327.72, 1086.713
278.7, 391.4841, 8.906964, 907.5099, 1645.744, 131.1998, 2543.323, 1503.147, 722.9134, 1977.579, 510.3958, 662.1516, 482.4549, 859.3739, 17.95483, 825.3179, 1254.165, 1031.016
278.8, 366.4273, 8.492301, 853.9415, 1656.179, 123.09, 2509.687, 1421.105, 810.4344, 1945.796, 486.1042, 624.1605, 459.4687, 802.5109, 16.96621, 920.976, 1365.638, 1027.666
278.9, 399.6693, 8.096942, 792.7169, 1707.579, 115.4814, 2396.534, 1343.541, 835.6252, 1938.425, 462.9687, 588.3491, 437.5776, 749.4105, 16.03203, 872.2701, 1314.204, 1050.629
279, 416.6389, 7.719989, 775.2729, 1684.362, 153.5396, 2410, 1385.81, 958.566, 1854.219, 440.9343, 737.8473, 416.7296, 699.8235, 15.14928, 951.914, 1241.398, 1259.109
279.1, 418.2896, 7.360585, 719.6886, 1596.574, 144.0489, 2274.927, 1428.244, 990.0718, 1783.91, 419.9486, 695.5131, 396.8748, 653.5177, 14.31514, 1018.363, 1207.656, 1194.577
279.2, 391.5171, 7.017913, 767.5223, 1696.323, 135.1448, 2147.425, 1396.919, 936.2557, 1712.545, 399.9618, 655.6079, 377.966, 610.2758, 13.52693, 964.5065, 1360.317, 1133.352
279.3, 366.4582, 6.691194, 819.0391, 1607.911, 126.791, 2027.068, 1320.675, 968.0627, 1688.044, 380.9261, 617.9922, 359.9581, 569.8951, 12.78212, 1064.062, 1284.957, 1159.263
279.4, 343.0032, 6.379685, 760.3168, 1524.108, 118.9537, 1913.457, 1248.592, 915.443, 1694.753, 362.7964, 662.8214, 342.8081, 532.1864, 12.07831, 1007.789, 1213.772, 1178.534
279.5, 321.0494, 6.082679, 705.8048, 1444.672, 111.6008, 1806.214, 1180.444, 925.4785, 1728.377, 345.5296, 624.7919, 326.4753, 496.9727, 11.41327, 1036.983, 1146.53, 1118.131
279.6, 375.1736, 5.7995, 732.6129, 1369.376, 104.7024, 1704.981, 1116.015, 959.7421, 1728.827, 329.0846, 616.0103, 310.9206, 464.0891, 10.78484, 982.1421, 1083.013, 1121.622
279.7, 356.2197, 5.529505, 680.0871, 1298.005, 98.23045, 1609.422, 1309.297, 1020.307, 1653.726, 313.4223, 580.6665, 296.1071, 433.3813, 10.19101, 930.2014, 1023.016, 1064.136
279.8, 333.42, 5.272079, 635.1243, 1286.891, 92.15853, 1519.219, 1237.835, 964.8471, 1603.277, 298.5054, 547.3506, 281.9993, 404.7054, 9.629876, 962.7839, 966.3416, 1009.596
279.9, 426.7216, 5.026638, 589.5881, 1245.946, 86.46193, 1434.071, 1211.935, 951.9163, 1684.507, 284.2984, 515.9463, 268.5636, 377.9269, 9.099642, 960.0057, 912.8073, 957.8522
280, 399.4095, 4.792623, 547.3168, 1181.008, 81.11745, 1433.586, 1145.788, 927.6142, 1692.076, 270.7676, 486.3438, 255.7681, 352.9203, 8.598603, 995.9821, 1162.598, 908.76
280.1, 373.8455, 4.569502, 560.9794, 1149.262, 76.10334, 1356.629, 1083.25, 877.1931, 1671.202, 257.8808, 458.4397, 243.5822, 329.5683, 8.125153, 1058.484, 1177.131, 1020.217
280.2, 349.9176, 4.356769, 554.1805, 1177.344, 71.39916, 1280.594, 1122.941, 1019.839, 1686.147, 245.6073, 511.2003, 231.9769, 307.7614, 7.67777, 1002.506, 1264.51, 967.9281
280.3, 386.252, 4.153939, 545.7223, 1342.227, 116.4556, 1239.196, 1098.76, 1073.835, 1713.589, 233.918, 481.8701, 220.9246, 287.3975, 7.255022, 1189.052, 1194.457, 994.6535
280.4, 361.5302, 3.960553, 630.2307, 1272.271, 109.2571, 1194.175, 1038.79, 1015.466, 1696.278, 222.785, 677.0991, 210.3988, 268.381, 6.85555, 1126.169, 1128.285, 943.6752
280.5, 523.0674, 3.776169, 585.0453, 1219.494, 102.5036, 1409.795, 982.0923, 1056.394, 1622.59, 212.1818, 883.3768, 200.3745, 250.6228, 96.58018, 1066.611, 1242.366, 978.6748
280.6, 501.0208, 3.60037, 765.9678, 1155.934, 96.16752, 1330.78, 1046.935, 1147.245, 1552.104, 202.0833, 832.6928, 190.8278, 234.0396, 110.3416, 1310.99, 1173.54, 928.5154
280.7, 520.6392, 3.432755, 779.8914, 1095.687, 90.22311, 1256.194, 989.7927, 1170.255, 1484.68, 192.4654, 784.9169, 181.7359, 218.5537, 104.2661, 1241.658, 1108.527, 1082.886
280.8, 487.3159, 3.272943, 856.6698, 1038.58, 84.64615, 1384.44, 995.8538, 1106.645, 1624.95, 183.3053, 739.8821, 173.0773, 204.0925, 98.52503, 1175.993, 1263.75, 1168.292
280.9, 456.1254, 3.120571, 830.0106, 984.4499, 79.41391, 1306.846, 941.4999, 1184.584, 1554.361, 174.5811, 697.4312, 164.8311, 190.5881, 93.10011, 1113.8, 1193.74, 1145.675
281, 426.9313, 2.975293, 770.5018, 933.1407, 74.5051, 1233.602, 890.1127, 1271.62, 1554.623, 166.2722, 657.4159, 156.9779, 177.9773, 87.97388, 1096.333, 1127.608, 1180.912
281.1, 421.1655, 2.836778, 715.2595, 884.5058, 69.89971, 1164.462, 975.4893, 1202.5, 1501.533, 158.3587, 619.6965, 149.4988, 166.2009, 169.0599, 1203.219, 1065.139, 1288.118
281.2, 443.0078, 2.704712, 777.7771, 838.4057, 65.57899, 1325.07, 1192.9, 1237.193, 1555.458, 150.8218, 584.1412, 142.376, 155.2038, 159.7512, 1139.586, 1171.333, 1222.099
281.3, 414.6533, 2.578794, 784.2951, 794.7083, 61.52536, 1250.804, 1311.732, 1419.596, 1603.619, 143.6436, 550.626, 135.5926, 144.9343, 150.9551, 1136.921, 1135.842, 1159.463
281.4, 388.1136, 2.458738, 728.0639, 753.2885, 57.72229, 1257.352, 1240.137, 1342.433, 1585.083, 136.8071, 519.0337, 129.1324, 135.3443, 142.6433, 1160.22, 1072.918, 1159.178
281.5, 363.2725, 2.344272, 675.8643, 714.0273, 54.1543, 1186.881, 1172.45, 1269.464, 1516.226, 130.2959, 489.254, 122.98, 126.3888, 134.7892, 1098.861, 1066.88, 1184.737
281.6, 340.0214, 2.235134, 627.4072, 676.8125, 50.80685, 1120.36, 1167.045, 1200.461, 1491.697, 124.0947, 461.1829, 117.1207, 327.3553, 127.3675, 1040.748, 1007.776, 1124.016
281.7, 318.2585, 2.131078, 582.4244, 641.5373, 47.66633, 1057.568, 1103.347, 1135.209, 1517.989, 118.1886, 434.7224, 111.5406, 569.9038, 120.3545, 985.7078, 1038.304, 1066.408
281.8, 297.8885, 2.031865, 540.6666, 608.1006, 44.71993, 1155.147, 1043.126, 1073.504, 1452.047, 112.5635, 409.7801, 106.2263, 596.5963, 113.7276, 933.5786, 980.783, 1141.441
281.9, 278.8223, 1.937272, 501.9027, 576.4067, 41.95565, 1090.405, 1032.936, 1015.153, 1388.969, 107.2062, 386.2689, 101.1652, 694.0718, 107.4656, 884.2061, 926.4487, 1082.94
282, 260.9763, 1.847082, 465.9181, 555.1339, 39.36225, 1029.291, 1079.971, 959.9735, 1359.864, 102.1039, 364.1066, 96.34529, 648.1465, 101.5484, 837.4448, 875.1244, 1027.436
282.1, 244.2727, 1.761091, 464.7415, 526.2006, 36.92915, 1077.012, 1021.026, 907.7935, 1300.791, 97.2444, 343.2159, 91.75499, 1017.317, 95.95698, 849.0131, 826.6434, 1045.396
282.2, 228.6381, 1.679104, 431.4212, 664.3931, 34.64644, 1195.46, 1107.776, 858.4496, 1244.284, 92.61618, 323.5238, 87.38339, 1014.679, 90.67345, 889.8771, 780.8483, 991.8167
282.3, 214.0042, 1.600933, 400.4898, 860.9211, 32.50484, 1128.458, 1047.313, 811.788, 1190.231, 88.20824, 304.9615, 83.22008, 970.8011, 85.68085, 842.8158, 737.5901, 1010.725
282.4, 200.3069, 1.526402, 371.7761, 990.3762, 30.49562, 1065.211, 990.1505, 767.6626, 1138.527, 84.01009, 287.4643, 79.25512, 906.5652, 80.96314, 798.2434, 789.0942, 1044.592
282.5, 271.118, 1.45534, 434.3869, 938.7581, 28.61059, 1005.509, 986.3532, 725.9357, 1154.269, 80.01174, 270.9709, 75.47906, 846.5797, 76.5052, 929.5674, 957.3483, 991.0543
282.6, 414.2069, 1.387587, 403.2429, 889.8304, 26.84208, 949.1536, 932.5179, 686.4769, 1104.127, 76.20369, 255.4239, 71.88292, 790.5633, 72.29271, 880.4071, 904.3122, 940.2604
282.7, 669.468, 1.322988, 399.8352, 845.3521, 25.18289, 971.5704, 881.6209, 649.163, 1056.163, 72.57688, 240.7689, 68.45811, 800.5084, 68.31217, 833.8467, 854.2142, 892.0699
282.8, 626.619, 1.261396, 396.9584, 875.9712, 23.62626, 1102.811, 833.5019, 613.8773, 1010.282, 69.12268, 226.9547, 65.19648, 747.5405, 64.55081, 854.7968, 806.8917, 846.3492
282.9, 586.5125, 1.202672, 368.4979, 874.4819, 22.16585, 1203.04, 842.733, 580.5095, 1003.132, 65.83288, 213.9331, 62.09024, 831.1438, 60.99656, 857.5804, 762.1907, 802.9718
283, 548.973, 1.146681, 342.0779, 828.9042, 20.79571, 1154.054, 828.5771, 548.9555, 1008.115, 62.69965, 201.6587, 59.132, 841.3427, 57.638, 857.4782, 816.5034, 761.8176
283.1, 513.8362, 1.093298, 317.5522, 785.7021, 19.51026, 1202.865, 817.2948, 519.1166, 964.3214, 59.71555, 190.0884, 56.3147, 785.6729, 54.46437, 848.1946, 853.7358, 851.4059
283.2, 480.9483, 1.042399, 443.8317, 871.9069, 18.30427, 1171.288, 873.5412, 490.8997, 1017.455, 56.87347, 179.1821, 53.63163, 752.7422, 51.46548, 928.5889, 806.4398, 807.7693
283.3, 450.1654, 0.9938704, 743.3662, 826.4634, 17.17283, 1217.749, 1026.774, 464.2164, 1006.461, 54.16665, 168.9015, 51.07639, 702.9349, 48.63172, 879.4804, 790.6169, 766.3693
283.4, 421.3528, 0.9476008, 742.9513, 815.4326, 16.11133, 1149.498, 1141.702, 438.9836, 1037.703, 51.58866, 159.2107, 837.6194, 1164.195, 45.95399, 856.8671, 962.0777, 815.1962
283.5, 394.3842, 0.9034852, 919.4464, 850.7812, 15.11544, 1203.667, 1079.388, 415.1223, 1016.015, 49.13337, 150.0759, 1114.934, 1417.731, 43.4237, 811.5516, 978.0283, 773.4155
283.6, 369.1418, 0.8614235, 853.5253, 927.2643, 14.1811, 1136.205, 1047.893, 392.5581, 1081.674, 46.79493, 141.4653, 1162.829, 1476.846, 41.03273, 830.0383, 1001.042, 903.29
283.7, 345.5151, 0.8213199, 863.9936, 1150.553, 13.30453, 1254.039, 1117.656, 371.2203, 1034.685, 44.56779, 133.3487, 1650.561, 1655.334, 38.77341, 786.1416, 1124.875, 856.9942
283.8, 323.4005, 0.7830834, 802.0483, 1090.587, 12.48213, 1490.17, 1056.654, 351.0423, 995.296, 42.44665, 125.6978, 1687.831, 1604.685, 36.63849, 744.5664, 1062.558, 813.0712
283.9, 302.7014, 0.746627, 744.5443, 1033.746, 11.71058, 1480.164, 1129.538, 331.9612, 1113.38, 40.42646, 118.4858, 1663.809, 1498.507, 34.62112, 775.2625, 1003.694, 771.3994
284, 283.3271, 0.7118677, 747.1181, 1002.706, 10.98671, 1397.205, 1143.411, 313.9171, 1160.997, 38.50241, 111.6877, 1651.69, 1477.049, 32.71484, 734.2627, 948.0901, 731.8633
284.1, 265.1929, 0.6787267, 693.5524, 1051.095, 10.30759, 1318.896, 1111.704, 296.8539, 1187.354, 36.66994, 105.2796, 1936.43, 1586.989, 30.91351, 755.5829, 895.567, 785.5326
284.2, 248.2193, 0.6471286, 643.8271, 996.3122, 9.670444, 1307.431, 1051.027, 280.7182, 1135.775, 34.92469, 99.23912, 2006.25, 1546.402, 29.21137, 715.6238, 845.9535, 774.3127
284.3, 232.3321, 0.6170016, 626.9691, 1038.7, 9.072684, 1443.691, 993.6614, 265.4596, 1086.436, 33.26249, 93.54525, 2080.031, 1444.08, 27.60295, 677.778, 799.0886, 734.6274
284.4, 217.4618, 0.5882771, 582.0176, 984.5637, 8.511874, 1415.779, 985.9335, 251.0303, 1083.661, 31.67941, 88.17807, 1980.93, 1476.955, 26.08309, 641.9336, 754.8199, 696.976
284.5, 203.5433, 0.5608899, 637.7011, 933.2486, 7.985729, 1350.305, 1092.45, 237.3854, 1121.577, 30.17167, 83.11883, 1886.55, 1459.724, 24.64692, 607.9849, 1032.214, 782.0182
284.6, 190.5155, 0.5347777, 591.9802, 884.608, 7.492107, 1274.625, 1032.824, 224.4821, 1072.855, 28.73569, 78.34986, 1796.667, 1424.971, 23.28983, 575.8315, 975.0308, 844.7252
284.7, 178.3217, 0.5098811, 549.5374, 838.5026, 50.73167, 1203.186, 1145.739, 442.4482, 1074.688, 27.36806, 73.85452, 1711.066, 1330.684, 22.00746, 634.7244, 921.0151, 801.431
284.8, 166.9083, 0.4861436, 611.4382, 822.2183, 47.59579, 1227.198, 1083.205, 418.3986, 1047.59, 26.06551, 69.6171, 1712.534, 1444.199, 20.7957, 601.1569, 1097.174, 925.2375
284.9, 156.2254, 0.4635112, 567.6003, 797.5053, 141.7049, 1254.198, 1024.083, 395.6562, 1002.082, 24.82496, 65.6228, 1691.35, 1661.131, 19.65066, 569.3647, 1097.05, 877.817
285, 146.2262, 0.4419324, 526.9053, 755.9396, 132.9457, 1183.904, 968.1885, 456.2287, 958.551, 23.64345, 61.85767, 1676.02, 1644.851, 18.56866, 539.2538, 1082.984, 949.4304
285.1, 136.8671, 0.4213583, 489.1281, 758.709, 124.7279, 1146.425, 915.3447, 431.4301, 1012.048, 22.51817, 58.30857, 1596.168, 1676.18, 17.54625, 510.7353, 1139.727, 900.7698
285.2, 128.107, 0.401742, 454.0593, 722.9327, 256.5846, 1082.171, 924.3773, 407.9793, 986.538, 21.44645, 54.9631, 1623.323, 1578.618, 16.58012, 483.725, 1158.291, 1018.375
285.3, 119.9075, 0.3830388, 421.5049, 685.2537, 430.5905, 1021.518, 955.5228, 385.8033, 943.6821, 20.42573, 51.80958, 1566.941, 1530.165, 15.6672, 541.0475, 1116.264, 966.181
285.4, 112.2329, 0.3652065, 430.0598, 799.5685, 471.3849, 964.2655, 903.3702, 364.8327, 902.688, 19.4536, 48.83699, 1652.632, 1428.917, 14.80454, 578.0049, 1257.684, 1000.784
285.5, 105.0495, 0.3482043, 399.226, 1060.867, 442.2472, 910.2214, 876.5219, 345.002, 946.303, 18.52773, 46.03495, 1610.01, 1422.441, 13.98938, 547.437, 1222.698, 949.491
285.6, 98.32583, 0.3319936, 401.0982, 1005.575, 461.4425, 859.2062, 893.7034, 462.6878, 941.8345, 17.64593, 43.39369, 1689.796, 1328.321, 13.21911, 518.4857, 1154.961, 933.7018
285.7, 92.03252, 0.3165377, 372.3409, 953.1648, 432.9193, 845.5615, 880.6721, 437.5381, 900.9206, 16.80609, 40.90396, 1609.287, 1438.367, 12.49125, 539.127, 1274.887, 1296.273
285.8, 86.14202, 0.3018013, 345.6454, 961.3314, 423.3939, 805.6858, 832.6049, 413.7554, 861.784, 16.00623, 38.55709, 1575.856, 1343.193, 11.80346, 607.4146, 1323.53, 1229.836
285.9, 80.62853, 0.2877509, 320.8638, 911.2271, 418.8311, 760.5295, 1146.652, 391.2654, 858.83, 15.24443, 36.34487, 1563.682, 1254.317, 11.15355, 643.14, 1250.207, 1199.86
286, 75.46793, 0.2743547, 380.4213, 863.7343, 392.9418, 717.9042, 1206.94, 369.9979, 821.5219, 14.5189, 34.25957, 1510.721, 1171.322, 10.53942, 609.1274, 1180.947, 1138.365
286.1, 70.63764, 0.2615821, 376.4028, 818.7168, 368.6529, 693.5394, 1141.065, 349.8864, 785.8344, 13.82789, 32.29392, 1528.169, 1168.562, 9.959101, 576.9137, 1115.524, 1152.442
286.2, 66.11651, 0.2494041, 362.7148, 776.0456, 345.8653, 654.6686, 1078.785, 330.868, 773.4999, 13.16977, 30.44105, 1455.36, 1091.241, 9.410739, 546.4036, 1053.725, 1093.377
286.3, 135.1684, 0.2377931, 361.4186, 735.5984, 324.4863, 617.9764, 1019.905, 312.8834, 807.0615, 12.54297, 28.69448, 1386.021, 1019.036, 8.89257, 590.2802, 995.35, 1117.28
286.4, 126.517, 0.2267227, 335.5061, 697.2593, 304.4288, 583.3408, 1083.513, 295.8764, 772.0023, 11.946, 27.04813, 1443.615, 951.6081, 8.402933, 559.0632, 940.2086, 1060.017
286.5, 118.4193, 0.2161676, 311.4515, 660.9184, 298.0138, 550.6463, 1024.374, 279.7938, 803.2621, 11.37745, 25.49624, 1374.835, 888.6422, 7.940256, 607.7601, 888.1221, 1005.689
286.6, 110.8399, 0.2061039, 289.1216, 626.4716, 279.5927, 519.7842, 968.4639, 264.5854, 768.3679, 10.83596, 24.03339, 1309.332, 829.8427, 7.503054, 696.5469, 1030.577, 954.1448
286.7, 103.7457, 0.1965088, 325.8043, 593.8201, 262.3102, 535.0229, 915.605, 250.2037, 820.2607, 10.32023, 22.65446, 1246.95, 774.9337, 7.089925, 659.71, 973.4843, 905.2426
286.8, 157.0443, 0.1873603, 302.4453, 562.8705, 358.755, 505.0365, 1069.035, 384.9814, 802.2069, 9.829056, 21.35466, 1327.174, 723.658, 6.699544, 624.8211, 919.5543, 947.7935
286.9, 180.7435, 0.1786377, 387.7532, 533.5339, 336.5793, 523.7147, 1037.542, 474.5326, 954.563, 9.361255, 20.12943, 1263.942, 865.9404, 6.330657, 591.7773, 868.6119, 1140.6
287, 249.9835, 0.1703213, 359.9526, 525.2203, 315.7743, 499.9789, 980.9128, 709.8692, 913.0962, 8.915718, 18.9745, 1363.812, 933.8801, 5.982083, 560.4811, 1004.528, 1082.142
287.1, 256.1958, 0.1623919, 402.7682, 497.846, 405.0425, 487.1, 950.9815, 1022.659, 873.4307, 8.491386, 17.88583, 1298.834, 872.0872, 5.652701, 530.84, 985.6921, 1026.679
287.2, 239.7981, 0.1548318, 373.8912, 551.5159, 396.7191, 502.1303, 948.0422, 967.0714, 850.0586, 8.087251, 16.85963, 1282.932, 952.412, 5.341455, 502.7665, 931.0858, 1051.355
287.3, 224.4499, 0.1476236, 347.0845, 522.7711, 378.8892, 579.4645, 896.298, 914.5055, 823.7885, 7.702349, 15.8923, 1318.551, 919.0936, 5.047348, 476.1776, 879.5046, 1064.379
287.4, 210.0841, 0.140751, 322.1998, 495.5244, 386.716, 685.9658, 904.5109, 864.7969, 788.0026, 7.335766, 14.98048, 1312.711, 858.2791, 4.769433, 450.9949, 940.1534, 1009.827
287.5, 196.6378, 0.1341983, 354.2202, 539.263, 362.8119, 777.7494, 891.0031, 817.7902, 753.7713, 6.98663, 14.12097, 1270.436, 801.4886, 4.506822, 427.144, 888.0699, 958.0707
287.6, 184.052, 0.1279507, 405.4984, 511.1568, 346.7907, 734.1589, 842.372, 773.3386, 845.6248, 6.654111, 13.31077, 1264.678, 748.4557, 4.25867, 404.5544, 838.8718, 941.6771
287.7, 172.2719, 162.2142, 376.4256, 484.5155, 325.3546, 849.9722, 873.9171, 731.3032, 808.8903, 6.337418, 12.54706, 1204.423, 698.932, 4.024181, 383.1595, 792.3992, 893.4139
287.8, 161.2457, 154.6624, 407.7928, 459.2628, 458.6677, 802.3338, 852.6019, 691.5527, 835.9156, 6.035797, 11.82717, 1411.879, 749.2908, 3.802604, 362.8961, 748.5012, 899.3233
287.9, 202.9492, 278.8613, 478.5402, 550.1224, 430.3161, 757.3654, 938.7928, 653.9628, 830.7505, 5.748531, 11.14859, 1389.971, 762.1545, 3.593227, 469.3809, 707.035, 853.2308
288, 313.6312, 342.9475, 444.2305, 521.4502, 514.5077, 714.9174, 972.8828, 618.4162, 930.2708, 5.474937, 10.50893, 1450.796, 711.7243, 3.395379, 444.5576, 667.866, 809.5007
288.1, 293.5573, 326.9816, 412.3808, 494.2724, 482.7044, 674.8484, 1054.405, 584.8018, 905.6414, 5.214365, 9.905981, 1381.674, 664.631, 3.208425, 421.0471, 630.8669, 768.0119
288.2, 388.8599, 311.759, 382.8145, 468.5111, 452.867, 637.0252, 996.8557, 553.0144, 944.977, 4.966194, 9.337623, 1392.492, 657.8489, 3.031765, 398.78, 595.9175, 867.1324
288.3, 363.9711, 297.245, 355.3681, 444.0925, 424.8739, 601.3219, 1098.045, 522.9549, 903.9266, 4.729835, 8.801874, 1326.148, 614.3204, 2.864831, 423.169, 667.8101, 873.2484
288.4, 340.6752, 283.4068, 329.8894, 420.9466, 398.6111, 567.6196, 1038.114, 494.5293, 949.7324, 4.504725, 8.296865, 1262.964, 573.6721, 2.70709, 556.2464, 630.8141, 938.2442
288.5, 318.8705, 343.1693, 306.2375, 399.007, 373.9717, 535.8063, 1180.759, 467.6488, 908.4755, 4.290329, 7.82083, 1202.791, 535.7134, 2.558034, 526.8292, 711.0576, 890.157
288.6, 298.4613, 327.193, 284.2814, 378.2109, 350.8554, 505.776, 1116.313, 442.2294, 869.0107, 4.086136, 7.372108, 1145.485, 576.9061, 2.417185, 498.9678, 671.6657, 914.661
288.7, 279.3584, 340.6833, 263.8994, 358.4987, 329.168, 477.4288, 1166.405, 418.1917, 845.4738, 3.891662, 6.949131, 1129.428, 585.7469, 2.284091, 472.5798, 634.4561, 867.7825
288.8, 261.4781, 324.8228, 244.9788, 357.7834, 308.8211, 450.6703, 1173.645, 395.4606, 808.7459, 3.706443, 6.550423, 1382.418, 546.9893, 2.158326, 447.5874, 753.7203, 823.3066
288.9, 244.7423, 309.7007, 227.4146, 339.1358, 289.7319, 425.4117, 1109.588, 373.965, 835.2457, 3.53004, 6.174591, 2395.289, 510.7962, 2.039485, 423.9167, 711.965, 781.1102
289, 293.5316, 311.0452, 211.1098, 460.5128, 271.8227, 401.5686, 1049.026, 353.6379, 798.962, 3.362032, 5.820323, 3258.404, 573.2881, 1.927189, 401.4978, 695.7786, 741.0764
289.1, 274.7442, 387.0933, 195.974, 493.3864, 366.8329, 379.0619, 1206.844, 334.4156, 764.2546, 3.202021, 5.48638, 3515.535, 535.3549, 1.821075, 380.2646, 657.2332, 888.5761
289.2, 287.4743, 369.0722, 289.9923, 467.6713, 374.0634, 357.8167, 1140.974, 316.2382, 731.0549, 3.049625, 5.171597, 3550.391, 499.9315, 1.720804, 360.1542, 750.1574, 843.0345
289.3, 269.0746, 351.89, 269.2009, 443.2964, 449.0741, 337.7621, 1078.699, 299.0489, 699.2974, 2.904482, 4.874876, 3604.147, 466.8521, 1.626054, 341.1075, 807.1614, 855.8865
289.4, 251.8526, 335.5078, 258.1317, 465.0299, 421.3155, 364.1198, 1019.824, 282.7938, 794.2616, 2.766248, 4.595178, 3536.746, 435.9615, 1.536521, 323.0679, 762.4455, 812.0203
289.5, 235.7329, 319.8882, 239.6246, 440.7927, 395.2727, 343.712, 1115.938, 267.4224, 759.7584, 2.634592, 4.331529, 3538.06, 407.1149, 1.451918, 305.9825, 782.1804, 770.4023
289.6, 220.6449, 304.9958, 222.4444, 505.2727, 370.8397, 363.2321, 1073.524, 252.8864, 860.3815, 2.509202, 4.083006, 3506.466, 380.1769, 1.371974, 289.8005, 766.5309, 835.6261
289.7, 206.5226, 290.7968, 206.4959, 486.1241, 374.4495, 357.2376, 1033.413, 239.1406, 823.0059, 2.38978, 3.848742, 3442.932, 355.0214, 1.296431, 377.9916, 851.457, 792.7983
289.8, 193.3042, 277.2587, 249.3042, 460.7875, 351.3036, 360.2678, 1060.034, 226.1419, 787.254, 2.276041, 3.62792, 3388.28, 392.6401, 1.225047, 391.2546, 917.2443, 914.5944
289.9, 180.9319, 264.351, 254.2837, 480.6778, 329.5884, 359.3014, 1202.575, 213.8498, 772.9706, 2.167716, 3.419767, 3368.156, 522.8965, 1.157595, 370.563, 866.4299, 899.8213
290, 169.3514, 252.0441, 236.0525, 499.3684, 335.0056, 447.8817, 1313.123, 202.2259, 739.3923, 2.064547, 3.223557, 3555.235, 643.251, 1.093856, 484.4659, 818.4306, 1037.245
290.1, 158.5121, 240.3102, 219.1283, 473.3416, 317.8481, 439.3839, 1241.453, 191.2337, 707.2726, 1.966287, 3.038605, 3806.638, 659.5946, 1.033627, 458.8448, 839.2833, 1126.303
290.2, 247.3337, 229.1226, 203.4176, 448.6712, 298.2009, 414.7578, 1173.694, 180.8391, 676.5482, 1.872705, 2.864264, 4010.546, 615.9506, 0.9767137, 434.5788, 840.6284, 1268.482
290.3, 253.0121, 218.4558, 290.4714, 491.999, 279.7682, 439.1532, 1109.634, 171.0094, 647.1585, 1.783576, 2.699926, 3819.467, 856.0549, 0.9229345, 411.596, 918.5605, 1203.469
290.4, 251.7233, 208.2856, 269.6457, 527.1934, 312.0618, 414.54, 1144.413, 161.7141, 631.7696, 1.698689, 2.545017, 3800.386, 1219.627, 0.8721164, 389.8287, 867.6732, 1141.789
290.5, 331.5263, 198.5888, 276.1992, 513.6694, 292.7723, 391.3063, 1081.95, 152.924, 713.8021, 1.617842, 2.398996, 3793.529, 1196.063, 0.8240964, 369.2126, 947.3543, 1083.269
290.6, 347.8218, 189.3435, 256.3967, 486.8971, 274.6752, 369.3748, 1022.897, 144.6117, 682.7941, 1.540843, 2.261353, 3783.605, 1116.922, 0.7787206, 349.6867, 908.848, 1027.749
290.7, 325.5596, 180.5286, 238.014, 461.5202, 257.6967, 439.9168, 967.0675, 136.7512, 688.7812, 1.467509, 2.131608, 3678.987, 1131.757, 0.7358431, 331.1935, 1037.429, 975.0746
290.8, 360.7321, 172.1241, 225.3386, 437.466, 241.7676, 518.2859, 914.2848, 129.318, 658.8602, 1.397665, 2.009306, 3611.594, 1205.654, 0.6953266, 313.6783, 1044.173, 925.0997
290.9, 337.6436, 164.1109, 224.9708, 414.6654, 226.8232, 489.2375, 1123.342, 122.2888, 630.2389, 1.331145, 1.894022, 3560.835, 1200.518, 0.6570409, 297.0894, 986.3268, 877.6862
291, 316.0328, 156.4707, 220.4891, 393.0532, 212.8026, 461.8173, 1062.03, 115.6417, 653.0081, 1.267791, 1.785352, 3497.495, 1121.082, 0.6208633, 281.3778, 931.6853, 832.7026
291.1, 295.8053, 149.1862, 265.42, 372.5674, 199.6486, 435.9338, 1004.064, 109.3559, 656.3088, 1.207452, 1.682917, 3471.685, 1046.902, 0.5866777, 266.4971, 880.0709, 790.0247
291.2, 295.0352, 142.2409, 246.3904, 353.1494, 187.3077, 411.501, 949.2621, 103.4118, 688.8709, 1.149985, 1.586359, 3445.852, 1136.855, 0.5543745, 252.4033, 831.3159, 749.534
291.3, 276.1516, 135.6189, 228.7251, 400.2231, 175.7297, 388.4377, 897.4512, 97.79079, 658.9459, 1.095253, 1.495341, 3507.941, 1280.47, 0.5238498, 239.055, 785.2619, 711.1186
291.4, 424.7002, 129.3051, 212.3263, 480.3612, 164.8673, 366.6669, 848.4682, 92.4753, 630.3209, 1.043126, 1.409546, 3537.962, 1425.12, 0.4950059, 311.1022, 923.1798, 674.6721
291.5, 397.5175, 123.2853, 197.1032, 455.325, 154.6763, 346.1163, 802.1587, 87.44874, 612.6519, 0.9934796, 1.328673, 3741.37, 1492.987, 0.4677502, 522.6489, 872.0366, 640.0935
291.6, 674.0811, 117.5458, 323.6736, 431.5936, 145.1153, 326.7176, 758.3768, 82.6954, 729.3889, 0.9461963, 1.25244, 3661.445, 1394.199, 0.4419952, 495.0085, 898.7629, 607.2872
291.7, 819.5413, 112.0734, 300.4673, 409.0991, 136.1453, 308.406, 716.9844, 78.20042, 697.7037, 0.9011633, 1.180581, 3587.737, 1301.948, 0.4176584, 468.8299, 1015.566, 576.1623
291.8, 904.2366, 106.8559, 278.9249, 387.777, 127.7297, 291.1208, 677.8513, 73.94978, 667.395, 0.8582737, 1.112844, 3531.03, 1215.801, 0.3946615, 444.0358, 1037.374, 546.6326
291.9, 846.3613, 101.8812, 363.1102, 367.5663, 119.8344, 274.8044, 840.085, 69.93019, 669.7984, 0.8174253, 153.4535, 3374.493, 1135.354, 0.3729309, 420.5529, 1037.161, 518.6164
292, 792.1902, 97.1381, 337.0764, 382.5077, 112.427, 259.4024, 794.233, 66.12908, 669.079, 0.7785211, 144.649, 3329.072, 1060.23, 0.3523968, 398.3119, 979.7035, 492.0361
292.1, 762.6484, 92.61584, 312.9093, 374.3012, 105.4776, 244.8637, 789.6127, 62.53459, 640.0137, 0.7414684, 136.3498, 3349.39, 990.0766, 0.3329934, 377.2472, 925.429, 466.8181
292.2, 752.2894, 88.30411, 290.4748, 365.3914, 98.9577, 231.1399, 746.5155, 59.13548, 612.2111, 0.7061792, 310.8834, 3249.58, 924.5653, 0.3146583, 357.2964, 874.1612, 442.8925
292.3, 704.1394, 84.19312, 269.6488, 353.9098, 92.84082, 218.1852, 705.7706, 55.92112, 585.6163, 0.6725696, 293.0464, 3288.619, 902.9388, 0.2973328, 338.4008, 825.7336, 420.1932
292.4, 659.0712, 80.27351, 297.2448, 335.4642, 87.10204, 205.9566, 695.6976, 52.88149, 579.4754, 0.6405596, 276.2328, 3187.586, 912.9904, 0.2809612, 320.5044, 820.9156, 398.6573
292.5, 688.4153, 76.53638, 312.364, 317.9799, 81.718, 194.4133, 736.3074, 50.00708, 604.4651, 0.610073, 260.3839, 3160.464, 961.5134, 0.2654911, 303.5545, 775.4378, 378.2252
292.6, 644.3536, 72.97323, 336.7665, 301.4069, 76.66676, 183.517, 898.2214, 47.28891, 686.1516, 0.5810373, 245.4443, 3168.615, 897.8921, 0.2508728, 287.5009, 852.6746, 358.8403
292.7, 603.112, 69.57596, 312.6215, 285.6977, 71.92776, 173.2315, 849.1964, 44.71848, 656.3447, 0.5533836, 231.3618, 3184.64, 838.4805, 0.2370594, 272.2964, 872.2784, 340.4489
292.8, 564.5101, 66.33685, 290.2077, 270.8073, 67.48168, 163.5224, 925.4822, 42.28778, 627.8327, 0.5270461, 218.0874, 3062.644, 783, 0.2240066, 257.896, 861.1353, 323
292.9, 528.3788, 63.24854, 269.4008, 355.2171, 63.31043, 154.3575, 874.9692, 39.98919, 600.5593, 0.501962, 205.5746, 2916.726, 731.1906, 0.2116725, 244.2571, 813.4293, 306.4455
293, 494.5602, 60.30401, 250.0857, 336.7033, 59.39702, 145.7062, 827.2133, 37.81555, 574.4706, 0.4780718, 193.7797, 2827.206, 682.8092, 0.2000175, 231.3396, 885.6052, 290.7395
293.1, 462.9061, 57.49656, 232.1555, 319.1544, 55.72551, 137.5398, 782.0638, 35.76006, 549.5152, 0.4553186, 182.6615, 2815.88, 637.6292, 0.1890042, 219.1051, 836.5436, 275.8384
293.2, 433.278, 54.81981, 215.5107, 307.2936, 52.28094, 129.8311, 739.3787, 33.8163, 581.7797, 0.4336483, 172.1813, 2794.399, 595.4386, 0.1785974, 207.5177, 790.2, 261.701
293.3, 405.5462, 52.26767, 200.0594, 291.2776, 49.0493, 122.5545, 845.6074, 31.97819, 695.6622, 0.4130094, 162.3023, 2940.357, 556.0397, 0.1687636, 196.5432, 746.4238, 248.2882
293.4, 379.5894, 148.838, 185.7158, 276.0963, 46.01741, 115.6857, 799.454, 30.23999, 675.1988, 0.3933528, 152.9902, 2800.266, 519.2477, 0.1594712, 186.1489, 705.0727, 235.5629
293.5, 355.2939, 199.3147, 172.4007, 277.4516, 43.17294, 109.2018, 755.8197, 28.59627, 670.0889, 0.3746317, 144.2123, 2884.79, 484.8902, 0.1506905, 176.3044, 666.0124, 432.719
293.6, 332.5534, 190.0356, 160.0401, 262.9909, 40.50428, 103.0814, 714.567, 27.0419, 640.9798, 0.3568016, 135.9381, 2790.312, 452.806, 107.8419, 166.9805, 629.116, 410.5411
293.7, 311.2685, 181.1885, 148.5658, 249.284, 38.00059, 97.30399, 773.1165, 25.57202, 668.6795, 0.3398201, 128.1386, 2816.554, 422.8448, 156.5436, 158.1498, 594.2637, 486.4628
293.8, 376.8153, 172.7533, 137.9142, 236.2914, 35.65166, 91.8504, 730.9196, 24.18203, 639.6317, 0.3236468, 120.7867, 2682.361, 394.866, 147.9241, 149.786, 561.3421, 461.5304
293.9, 352.6974, 342.7805, 128.0262, 223.976, 33.44792, 86.70247, 691.0259, 22.8676, 611.8456, 0.3082433, 113.8565, 2682.728, 368.7386, 170.2415, 141.8645, 614.936, 437.8759
294, 338.4022, 326.8223, 118.8472, 212.3024, 31.3804, 81.84306, 653.3096, 21.62461, 585.2667, 0.2935729, 107.3239, 2749.65, 344.3399, 296.8103, 134.362, 580.8692, 595.8212
294.1, 316.7429, 311.6071, 110.3263, 201.2373, 29.44068, 77.256, 617.6519, 20.44919, 559.8423, 0.2796007, 101.1662, 2756.02, 321.5557, 280.4675, 127.2563, 548.6896, 565.284
294.2, 296.4699, 297.1003, 102.4163, 190.7489, 27.62086, 72.92604, 583.9404, 19.33766, 573.2504, 0.2662935, 95.36176, 2829.474, 300.279, 265.0245, 120.5263, 609.4866, 656.5486
294.3, 291.4145, 323.7786, 95.07339, 180.8071, 25.91353, 68.83876, 624.1041, 18.28655, 548.348, 0.2536196, 89.89036, 2875.987, 280.4102, 250.4319, 114.1523, 575.7217, 622.899
294.4, 272.7626, 329.6053, 88.25697, 171.3835, 24.31174, 64.98056, 750.8391, 17.29257, 596.6059, 0.2415489, 84.73288, 2968.662, 261.856, 267.792, 108.1153, 572.4594, 712.0002
294.5, 320.1956, 314.2606, 81.92925, 162.4511, 22.80895, 61.3386, 815.3126, 16.35262, 630.7812, 0.2300527, 79.87131, 2928.856, 244.5296, 345.3364, 102.3976, 563.5439, 675.5085
294.6, 299.7016, 316.3869, 76.05521, 153.9842, 21.39906, 57.90075, 770.8127, 15.46376, 603.3797, 0.2191036, 75.28867, 2871.126, 228.3496, 326.3217, 96.98231, 556.994, 640.8871
294.7, 280.5193, 348.1122, 89.29807, 154.5792, 20.07632, 54.65559, 728.7416, 14.62322, 585.3755, 0.2086757, 70.96896, 2770.671, 213.2402, 308.3539, 91.85339, 690.4656, 608.0401
294.8, 262.5648, 331.9058, 179.3736, 230.4613, 18.83534, 51.59231, 688.9668, 13.82836, 559.9465, 0.1987441, 66.8971, 2726.557, 199.1305, 291.3755, 86.99571, 652.2145, 576.8766
294.9, 333.164, 316.4539, 166.5131, 218.4497, 17.67107, 48.70072, 651.3629, 13.07671, 652.0574, 0.1892851, 63.05886, 2784.422, 185.9545, 275.332, 82.39494, 616.0825, 547.3103
295, 346.5264, 301.7214, 165.2102, 207.0642, 16.57877, 45.97119, 615.8113, 12.36592, 841.0938, 0.1802763, 59.44085, 2720.706, 487.9499, 260.1718, 78.03747, 581.9522, 519.2593
295.1, 324.3471, 287.6748, 153.3652, 196.2721, 15.55399, 43.39465, 582.2003, 11.69376, 856.5426, 0.1716963, 56.03041, 2591.08, 455.6633, 245.8464, 73.91045, 549.7126, 492.6461
295.2, 303.5874, 274.2821, 182.9788, 186.0425, 14.59255, 40.96251, 550.4237, 11.05813, 923.5005, 0.1635247, 52.81565, 2670.079, 425.513, 332.9064, 70.00169, 519.2592, 467.3968
295.3, 284.1564, 261.5129, 251.5028, 176.346, 13.69054, 38.66668, 520.3815, 10.45706, 978.6656, 0.1557419, 49.78534, 2643.385, 397.3577, 354.7491, 66.29964, 490.4927, 720.1121
295.4, 265.9691, 249.3382, 233.471, 167.1549, 12.84428, 73.58218, 580.5547, 9.888659, 936.1517, 0.1483296, 46.92889, 2703.623, 371.0654, 335.2161, 62.79337, 463.3199, 683.2046
295.5, 248.9458, 308.2938, 216.7319, 158.4429, 12.05034, 69.45812, 638.7087, 9.351154, 895.4847, 0.1412701, 44.23634, 2666.107, 346.5128, 316.7586, 59.47254, 437.6525, 648.1887
295.6, 233.0122, 303.1771, 211.1524, 150.1849, 11.30547, 87.19073, 603.8479, 8.842865, 938.447, 0.1345465, 41.69827, 2652.342, 323.5848, 299.3174, 56.32733, 413.407, 614.9675
295.7, 218.0983, 305.9265, 196.0135, 142.3573, 10.60665, 161.045, 570.8898, 8.362205, 1003.674, 0.1281429, 39.30582, 2603.323, 302.1739, 282.8366, 53.34845, 390.5047, 583.449
295.8, 204.139, 291.6841, 186.6941, 134.9377, 9.951016, 152.0189, 539.7305, 7.90767, 960.0738, 0.1220441, 37.05064, 2553.077, 282.1797, 310.2685, 50.52711, 368.8712, 553.5458
295.9, 191.0732, 371.3996, 189.8101, 127.9048, 9.335914, 143.4987, 510.2719, 7.477843, 971.8486, 0.1162356, 34.92485, 2659.143, 263.5084, 325.1876, 47.85498, 348.4361, 525.1753
296, 178.8436, 354.1091, 176.2014, 121.2385, 8.758832, 135.456, 628.4262, 7.07138, 1199.488, 0.1107035, 32.92102, 2722.141, 246.0726, 351.4789, 45.32417, 329.1331, 498.2588
296.1, 167.3968, 337.6236, 167.8432, 114.9196, 8.217422, 171.0456, 630.3403, 6.68701, 1147.381, 0.1054348, 31.03217, 2592.447, 229.7905, 332.1259, 42.92719, 310.8995, 472.7219
296.2, 156.6826, 321.9055, 176.276, 108.93, 64.5133, 161.459, 615.17, 6.323533, 1385.073, 0.1004167, 29.25169, 2733.114, 214.5858, 313.8386, 40.65698, 293.676, 697.3389
296.3, 146.6542, 306.9193, 163.6377, 103.2526, 60.52554, 152.4097, 723.3829, 5.979812, 1324.905, 0.09563754, 27.57337, 2865.561, 200.3871, 296.5582, 38.50683, 277.4066, 661.5986
296.4, 137.2677, 292.6306, 151.9054, 97.87112, 118.9308, 143.8676, 683.9006, 5.654775, 1267.35, 0.0910858, 25.99134, 2837.298, 401.3686, 280.2293, 36.47039, 262.0386, 627.6901
296.5, 128.4819, 279.0072, 141.0144, 92.77012, 225.2476, 135.8043, 646.5732, 5.347405, 1304.906, 0.08675069, 24.50008, 2976.376, 374.8109, 339.5595, 34.54165, 247.5219, 708.0068
296.6, 264.3414, 266.018, 130.9041, 87.93497, 236.035, 128.1929, 673.7766, 371.0706, 1302.572, 772.8898, 23.09438, 3091.947, 350.0104, 534.0099, 32.71491, 233.8095, 671.7198
296.7, 332.1593, 517.6169, 121.5188, 124.0538, 221.445, 121.008, 745.7155, 426.8329, 1429.668, 1011.807, 21.76933, 3090.126, 326.851, 504.6066, 30.98478, 220.8567, 637.2925
296.8, 310.8996, 493.5192, 112.8063, 117.5881, 207.7568, 159.5508, 725.733, 534.9418, 1492.636, 1134.201, 20.52031, 2966.106, 305.2239, 547.543, 29.34615, 208.6215, 604.6298
296.9, 291.0005, 470.5435, 104.7185, 111.4595, 194.9147, 150.6084, 833.4181, 543.8835, 1427.795, 1181.8, 19.34295, 3001.749, 285.0279, 517.3945, 27.79417, 197.0641, 573.6411
297, 272.3752, 448.6373, 97.21055, 105.6503, 182.8664, 142.1673, 787.93, 514.3204, 1431.898, 1125.554, 18.23315, 2858.733, 266.1682, 640.1882, 26.32427, 186.1469, 544.2407
297.1, 254.9419, 427.751, 90.2409, 125.8561, 207.4545, 191.2727, 744.9247, 486.3641, 1415.802, 1071.984, 17.18702, 2796.223, 248.5564, 631.8121, 24.93211, 175.8346, 516.347
297.2, 336.7023, 407.8371, 83.77094, 119.2965, 261.0661, 180.5525, 704.2666, 459.9274, 1354.299, 1020.965, 16.20091, 2849.023, 232.11, 597.0237, 23.61357, 166.0935, 633.6878
297.3, 315.1518, 388.8503, 77.76486, 113.0788, 244.9288, 170.433, 665.8276, 558.1182, 1488.109, 972.3733, 15.27138, 2866.052, 216.7517, 564.1507, 22.36477, 156.8921, 601.2098
297.4, 294.9806, 370.7473, 72.1894, 166.8569, 229.789, 160.8808, 629.4866, 527.7812, 1438.033, 926.0945, 14.39518, 2799.194, 202.4097, 591.1774, 21.182, 148.2005, 570.3964
297.5, 276.1005, 353.4872, 67.01367, 158.1604, 215.585, 151.8639, 595.1292, 499.0933, 1399.278, 882.0182, 13.56925, 2665.828, 189.0167, 692.1246, 20.06179, 409.5785, 541.1622
297.6, 314.0246, 337.0306, 62.20903, 149.9171, 202.259, 143.3524, 562.6469, 471.9647, 1419.31, 840.0398, 12.79071, 2777.637, 176.5099, 654.0152, 19.00082, 386.8883, 639.0095
297.7, 293.9256, 321.3401, 57.74886, 142.1035, 339.0831, 135.3179, 531.9376, 446.3107, 1439.327, 1315.256, 12.05684, 2785.062, 164.8306, 710.6791, 17.99596, 365.4551, 1032.553
297.8, 275.113, 472.3454, 53.60847, 134.6971, 318.1233, 127.7338, 502.9043, 422.0512, 1412.082, 1252.658, 11.36508, 2652.37, 153.9241, 671.5482, 17.04424, 345.2093, 979.6326
297.9, 257.5045, 450.3554, 49.76494, 127.6768, 298.4591, 120.5747, 475.4557, 399.1103, 1350.74, 1193.04, 10.713, 2526, 143.7393, 634.5718, 16.14286, 326.085, 929.4241
298, 241.023, 429.3891, 46.19697, 121.0223, 280.0105, 113.8168, 449.5053, 449.3241, 1292.063, 1136.259, 10.09834, 2593.779, 134.2283, 599.6313, 15.28914, 308.0203, 881.7889
298.1, 225.5964, 409.3989, 42.88481, 114.7147, 262.7022, 107.4378, 424.9712, 612.7903, 1235.935, 1082.18, 9.518948, 2654.05, 125.3467, 629.2667, 14.48057, 290.9563, 836.5952
298.2, 211.1572, 390.3393, 39.81012, 108.7358, 246.4638, 101.4162, 531.2996, 579.4816, 1182.245, 1030.675, 8.972795, 2639.041, 117.0528, 594.6184, 13.71476, 274.8376, 793.7177
298.3, 197.6422, 372.1671, 36.95588, 103.0685, 231.2291, 95.73212, 548.3094, 547.9835, 1130.888, 981.6213, 8.457979, 2608.079, 109.3077, 561.8779, 12.98946, 259.6119, 753.0377
298.4, 184.9922, 354.8409, 34.30627, 97.69662, 216.9361, 90.36663, 571.3975, 518.1974, 1081.761, 934.9024, 7.972701, 2677.94, 102.075, 530.9401, 12.30251, 245.2297, 714.4427
298.5, 173.1518, 338.3212, 54.3501, 92.60471, 203.5266, 113.1058, 647.9787, 490.0304, 1034.769, 890.407, 7.515265, 2550.352, 95.32091, 501.7057, 11.65189, 401.7873, 677.8259
298.6, 162.0693, 322.5707, 50.45339, 87.77818, 190.946, 131.4939, 612.6119, 463.3944, 989.818, 848.0292, 7.084075, 2428.843, 89.01373, 474.0811, 11.03568, 447.9146, 643.0857
298.7, 151.6961, 307.5534, 46.83606, 83.20322, 179.1431, 124.1241, 629.8198, 438.2063, 946.8196, 807.6684, 6.677624, 2491.34, 83.12388, 447.9775, 10.45205, 423.1006, 610.126
298.8, 141.9869, 293.2353, 43.47808, 78.8667, 215.6346, 182.1752, 676.1257, 414.3873, 905.6892, 769.2285, 6.294494, 2372.642, 77.62375, 489.816, 9.899297, 399.6613, 578.8557
298.9, 132.8991, 279.5837, 40.36086, 74.7562, 202.3056, 188.2401, 745.5132, 391.8629, 895.3085, 1016.389, 5.933345, 2357.152, 72.48755, 462.846, 9.375772, 377.5204, 549.1879
299, 124.3929, 266.5677, 37.46712, 70.85993, 189.8005, 177.6898, 704.823, 370.563, 991.0757, 1072.366, 5.592918, 2278.894, 67.6912, 437.3611, 8.879932, 438.1756, 521.0408
299.1, 116.4312, 254.1576, 34.78086, 67.16674, 178.0683, 167.7309, 764.5922, 350.4207, 948.0227, 1021.329, 5.272023, 2170.317, 63.21222, 487.5983, 8.410316, 413.9011, 494.3362
299.2, 108.9791, 242.3253, 32.2872, 86.01852, 167.0614, 158.33, 722.8606, 331.3734, 972.0932, 972.7198, 4.969539, 2066.914, 59.0296, 460.7505, 7.965536, 390.9714, 469.0003
299.3, 102.0039, 231.0439, 29.97232, 89.17194, 156.7348, 149.4561, 683.4067, 313.3613, 929.8649, 926.4246, 4.684411, 2025.692, 55.12373, 435.3809, 7.544278, 400.7984, 444.9629
299.4, 95.4752, 302.787, 27.82341, 84.52434, 147.0466, 141.0796, 646.1063, 296.3283, 889.4709, 882.3326, 4.415641, 1980.926, 51.47631, 411.4082, 7.145298, 526.7439, 422.1575
299.5, 89.36434, 288.6907, 25.82857, 80.11897, 137.9572, 133.1725, 610.8417, 280.2212, 850.8318, 981.6923, 4.162293, 2018.992, 48.07023, 388.7555, 6.767417, 497.5628, 400.521
299.6, 83.64462, 275.2507, 23.97676, 75.9432, 129.4296, 125.7086, 577.5019, 264.9895, 879.2839, 934.97, 3.92348, 2081.459, 44.88953, 424.7572, 6.409522, 548.9046, 379.9933
299.7, 78.29098, 306.8272, 22.25771, 71.98507, 121.4292, 118.663, 794.8038, 250.5858, 841.0872, 890.4713, 3.69837, 2120.773, 41.91928, 412.636, 6.070553, 723.257, 360.5178
299.8, 73.27999, 292.5428, 20.66191, 68.23324, 113.9232, 112.0123, 751.4233, 236.9651, 925.5503, 848.0905, 3.486175, 2019.73, 39.14557, 389.9157, 5.749511, 683.1893, 342.0404
299.9, 68.58974, 303.61, 19.18052, 64.67695, 106.8813, 105.7343, 710.4105, 224.0846, 894.3176, 807.7268, 3.286155, 1923.502, 36.55539, 368.4464, 5.445447, 645.3413, 324.51
300, 64.19968, 289.4755, 17.80535, 102.2414, 100.2746, 99.80825, 671.6362, 211.9044, 933.1021, 769.2841, 3.09761, 1867.623, 34.1366, 348.1592, 5.157465, 609.5901, 307.8781
300.1, 60.0906, 275.9989, 16.52877, 104.164, 94.07636, 94.2143, 634.9782, 200.3861, 892.5676, 817.84, 2.919884, 1830.414, 31.87785, 402.0695, 4.884711, 575.8195, 292.0986
300.2, 56.24453, 282.0541, 15.34371, 141.1758, 88.26122, 195.7886, 853.1354, 189.494, 981.6282, 778.916, 2.752355, 1743.205, 29.76856, 379.931, 4.626383, 543.9197, 277.1279
300.3, 52.64462, 268.9231, 14.24362, 272.3083, 82.80552, 184.8152, 981.5201, 179.1939, 1036.025, 858.8381, 2.594438, 1726.805, 27.79884, 359.0114, 4.381716, 513.7871, 262.9244
300.4, 49.27512, 256.4034, 13.22241, 258.1157, 77.68706, 174.4569, 927.9485, 169.4537, 1011.432, 817.9629, 2.445581, 1713.09, 25.95945, 339.2438, 4.149989, 485.3239, 249.4489
300.5, 46.12129, 244.4665, 12.27441, 244.6628, 72.88498, 195.2536, 877.301, 160.2429, 967.4946, 779.033, 2.305266, 1631.471, 24.24177, 320.5645, 3.930516, 458.4374, 236.6641
300.6, 43.16932, 233.0854, 11.39437, 231.9111, 68.37974, 255.8952, 829.4177, 151.5328, 959.7673, 741.956, 2.173001, 1669.961, 22.63774, 302.9138, 3.72265, 433.0405, 224.5345
300.7, 40.40628, 249.9137, 10.57744, 225.453, 64.15298, 241.553, 784.1479, 143.2961, 1057.794, 706.6436, 2.048324, 1617.976, 21.13985, 366.474, 3.525778, 409.0505, 213.0266
300.8, 37.82009, 238.279, 9.819073, 213.7025, 197.8693, 228.0147, 741.3491, 135.5071, 1011.843, 802.9009, 1.930801, 1540.889, 19.74107, 346.2955, 3.339316, 386.3896, 202.1085
300.9, 35.39943, 227.1859, 9.11508, 202.5644, 192.6878, 215.2352, 700.8861, 327.7826, 967.8878, 764.6879, 1.820021, 1490.804, 137.363, 382.9478, 3.162716, 364.984, 191.7499
301, 33.13371, 216.6093, 71.57066, 217.2731, 180.7772, 203.1719, 662.6317, 309.9657, 983.4797, 728.2936, 1.715597, 1419.776, 128.274, 549.9649, 2.995456, 344.7643, 181.9223
301.1, 31.01299, 206.525, 66.4393, 205.9489, 169.6028, 191.7847, 626.4651, 510.454, 940.7568, 893.5674, 1.617164, 1448.186, 119.7864, 599.5851, 2.83704, 325.6647, 172.5983
301.2, 78.78289, 196.9103, 61.67584, 195.2149, 262.2484, 181.0358, 592.2725, 482.7079, 956.329, 1072.101, 1.524379, 1550.959, 127.7447, 621.3049, 2.687003, 307.6232, 163.7523
301.3, 82.18835, 241.168, 57.2539, 185.0404, 246.038, 170.8893, 559.9462, 456.47, 914.7855, 1046.424, 1.436917, 1617.102, 193.2963, 639.4168, 2.544901, 290.5812, 155.3596
301.4, 176.6635, 325.5137, 53.149, 175.3961, 230.8296, 161.3115, 529.3843, 466.507, 954.2857, 996.6208, 1.354474, 1540.056, 245.8329, 604.2096, 2.410313, 274.4833, 147.397
301.5, 165.3562, 310.3594, 49.3384, 166.2546, 216.5613, 152.2705, 500.4904, 511.5237, 912.8309, 1067.813, 1.27676, 1466.682, 229.5667, 570.941, 2.282844, 259.2772, 139.8426
301.6, 154.7727, 295.9106, 163.6087, 157.5894, 203.175, 143.7362, 473.1736, 483.7195, 953.54, 1016.992, 1.203506, 1396.803, 231.0766, 539.5042, 2.162115, 244.9135, 132.6753
301.7, 144.8665, 282.1345, 151.8785, 268.7739, 190.6161, 135.6802, 447.3477, 457.4265, 912.1177, 1068.54, 1.134454, 1493.239, 365.8572, 509.7983, 2.047771, 231.3456, 125.8754
301.8, 135.5944, 268.9997, 140.9894, 272.1788, 178.8336, 128.0757, 422.9314, 559.8904, 872.4947, 1223.156, 1.069365, 1530.579, 672.4346, 565.8284, 1.939475, 398.6209, 119.424
301.9, 126.9157, 256.4764, 130.8809, 368.9715, 167.7793, 120.8975, 399.8477, 716.2134, 834.593, 1164.942, 1.00801, 1493.145, 780.1268, 582.0172, 1.836905, 567.6893, 113.3032
302, 118.7925, 244.5362, 207.3674, 400.4261, 157.4084, 114.1215, 378.024, 677.2831, 862.2301, 1255.069, 0.9501749, 1422.005, 728.5074, 607.2231, 1.739761, 536.2399, 107.4962
302.1, 111.1893, 233.1518, 192.4999, 379.556, 147.6785, 107.7254, 357.3914, 850.4483, 947.7141, 1422.383, 0.8956584, 1461.983, 822.5748, 573.7886, 1.647753, 506.5328, 101.9867
302.2, 104.0726, 222.2974, 178.6984, 359.7737, 138.55, 101.6877, 337.8849, 890.8367, 1023.823, 1354.687, 0.8442698, 1453.799, 790.0457, 542.1949, 1.560611, 478.4714, 96.75968
302.3, 97.41151, 211.9484, 165.8863, 341.0224, 129.9858, 95.9884, 319.4431, 842.4146, 979.348, 1436.703, 0.7958295, 1416.75, 826.525, 512.3409, 1.478078, 451.9646, 91.80052
302.4, 91.17672, 202.0811, 153.9929, 323.2485, 121.951, 90.60854, 302.0079, 796.6245, 936.8044, 1395.945, 0.7501686, 1467.776, 771.8356, 484.1307, 1.39991, 426.9263, 87.09553
302.5, 85.34099, 192.6732, 142.9521, 306.4009, 282.2584, 85.53021, 285.5242, 753.3234, 896.1091, 1329.507, 0.7071275, 1397.845, 720.7648, 457.4738, 1.325876, 403.275, 82.63168
302.6, 79.87877, 183.7033, 132.703, 290.4314, 264.8112, 80.7365, 269.9403, 712.376, 857.1815, 1367.204, 0.6665559, 1406.571, 673.0734, 432.2847, 300.5162, 380.934, 78.39661
302.7, 74.76616, 175.151, 123.1886, 275.2942, 248.4424, 76.21147, 255.2069, 673.6542, 819.945, 1302.133, 0.6283121, 1367.69, 712.4355, 408.4825, 284.6234, 359.8307, 74.37859
302.8, 69.98078, 166.9969, 114.3564, 260.946, 233.0854, 71.94005, 480.5504, 637.0372, 872.2813, 1240.16, 0.5922625, 1338.968, 783.9399, 385.9909, 269.5711, 339.8964, 70.56651
302.9, 65.50169, 159.2223, 106.1575, 282.1532, 218.6777, 67.90803, 454.3219, 602.4106, 834.3889, 1368.275, 0.5582813, 1368.663, 732.0683, 364.7377, 255.3148, 321.0665, 66.94981
303, 61.30928, 151.8097, 98.54638, 267.4474, 205.1605, 64.10199, 429.525, 569.6661, 941.0574, 1303.153, 0.5262498, 1303.454, 683.6289, 431.3212, 241.8124, 303.2798, 63.51848
303.1, 57.3852, 144.7422, 91.48095, 253.5082, 192.4789, 60.50927, 406.0814, 538.7015, 1027.795, 1520.465, 0.4960561, 1328.591, 638.3947, 450.8735, 229.0241, 286.4784, 60.263
303.2, 53.71228, 138.0038, 84.92209, 286.4416, 180.5812, 57.11791, 383.9174, 677.5795, 995.1293, 1448.101, 0.4675947, 1383.52, 596.1534, 521.0065, 216.9122, 270.6078, 57.17438
303.3, 50.27445, 131.579, 78.83347, 271.5124, 169.419, 53.91662, 362.9632, 640.7492, 1131.237, 1379.181, 0.4407663, 1397.974, 556.7072, 589.7617, 205.4408, 255.6164, 54.24406
303.4, 47.05666, 125.4533, 73.18139, 257.3612, 158.9467, 50.89476, 343.1526, 762.7898, 1082.095, 1530.913, 0.4154772, 1422.417, 519.8711, 557.2886, 194.576, 241.4555, 51.46392
303.5, 44.04482, 119.6129, 67.93454, 243.9477, 149.1217, 48.04226, 512.6368, 721.3278, 1237.348, 1458.051, 0.3916391, 1463.316, 485.4723, 697.017, 184.2858, 395.4081, 48.82627
303.6, 41.22575, 172.5714, 63.06387, 231.2332, 139.904, 45.34964, 484.657, 805.6025, 1183.597, 1388.657, 0.3691688, 1492.127, 453.3496, 658.6383, 174.5398, 373.5029, 46.32381
303.7, 38.58711, 164.5374, 58.54242, 219.1814, 131.2561, 42.80793, 499.101, 761.8134, 1132.181, 1322.566, 0.3479876, 1487.738, 423.3524, 622.3727, 255.21, 389.9656, 43.94961
303.8, 36.11736, 156.8773, 54.34513, 207.7578, 123.1428, 40.40868, 471.86, 720.4045, 1082.998, 1259.62, 0.3280217, 1416.856, 395.3401, 588.104, 476.9234, 448.1859, 41.69709
303.9, 33.80568, 149.5739, 50.44878, 196.9295, 115.5309, 38.14389, 469.3212, 681.2463, 1035.952, 1456.5, 0.3092014, 1393.476, 369.1813, 555.7222, 451.7013, 423.3569, 39.56001
304, 31.64196, 164.5014, 46.83178, 186.6656, 108.3896, 36.00605, 519.4163, 644.2167, 990.9497, 1448.826, 0.2914609, 1327.085, 344.7534, 539.2851, 599.8289, 399.9034, 37.53247
304.1, 29.61673, 344.6978, 43.4741, 197.5369, 101.6897, 33.98802, 491.0665, 929.0612, 947.9022, 1408.254, 150.9097, 1349.521, 321.9417, 649.0444, 668.728, 377.7491, 35.60884
304.2, 27.72112, 453.7897, 40.35716, 187.2414, 95.40398, 32.08309, 464.264, 878.5614, 906.7247, 1341.23, 142.2512, 1285.224, 300.6395, 669.2997, 633.3622, 356.8222, 33.7838
304.3, 25.94684, 432.6635, 37.4637, 221.4191, 89.50677, 30.28493, 438.9244, 830.8065, 867.336, 1390.914, 134.0895, 1223.991, 280.7469, 632.4471, 708.4214, 337.0547, 32.0523
304.4, 24.28613, 412.5209, 34.77768, 209.8789, 83.97408, 28.58755, 414.9678, 785.6474, 829.6584, 1560.093, 126.3961, 1165.675, 262.1704, 613.4038, 890.0337, 318.3822, 30.40955
304.5, 22.7317, 393.316, 63.00988, 198.94, 136.5645, 26.98531, 461.9321, 742.9429, 793.6175, 1485.842, 119.1441, 1110.137, 244.8232, 579.6289, 842.9642, 300.7441, 28.85099
304.6, 21.27677, 375.0052, 58.49229, 188.5714, 251.0143, 25.47286, 436.7198, 702.5597, 759.1422, 1462.254, 142.2203, 1137.319, 228.6237, 547.7137, 798.3839, 284.0832, 27.3723
304.7, 19.91496, 357.5468, 69.88132, 178.7431, 235.4983, 24.04519, 571.1849, 664.3715, 726.1646, 1464.687, 229.914, 1083.133, 213.4962, 517.5558, 756.1613, 268.3453, 25.96941
304.8, 18.64031, 340.9012, 236.8857, 169.4271, 287.7332, 22.69753, 540.0096, 628.2591, 763.6578, 1394.977, 216.7227, 1069.693, 199.3696, 572.8638, 716.1716, 253.4793, 24.63842
304.9, 17.44724, 325.0306, 219.9018, 160.5966, 269.9475, 21.4254, 556.7415, 594.1096, 742.0906, 1328.585, 204.2881, 1046.342, 186.1777, 541.3211, 678.2968, 239.4368, 23.37564
305, 16.33054, 309.8988, 204.1356, 152.2264, 312.5703, 20.22457, 526.3545, 561.8163, 753.2061, 1428.458, 192.567, 996.4894, 173.8588, 521.6747, 642.425, 226.1722, 22.17758
305.1, 15.28531, 295.4714, 189.4998, 144.2924, 303.9376, 19.09104, 497.626, 531.2784, 720.4863, 1360.472, 250.5005, 986.713, 162.3549, 492.9506, 608.4503, 213.6425, 21.04093
305.2, 14.30698, 281.7158, 175.9134, 171.6302, 438.6509, 18.02105, 530.6465, 502.4004, 704.9156, 1295.722, 236.128, 1002.043, 151.6122, 465.808, 576.2723, 280.0186, 19.96253
305.3, 13.39127, 268.6005, 163.301, 209.3952, 427.0256, 17.01102, 569.1465, 475.092, 674.2936, 1234.054, 222.5801, 971.7606, 141.5804, 470.0974, 545.7961, 264.5058, 18.9394
305.4, 12.53417, 256.0958, 151.5929, 198.4816, 555.293, 16.05761, 632.2728, 449.268, 728.1034, 1333.102, 209.8095, 1002.409, 132.2123, 512.2465, 516.9316, 551.4906, 17.96871
305.5, 11.73192, 244.1733, 140.7242, 188.1368, 533.6849, 15.15763, 597.7633, 424.8477, 720.7485, 1358.266, 197.7716, 1135.141, 123.4641, 484.0415, 489.5936, 520.9386, 17.04778
305.6, 10.98102, 232.8058, 321.6165, 178.3312, 500.6962, 14.30809, 667.6646, 401.7548, 689.4387, 1293.621, 186.4244, 1116.573, 115.2947, 529.1849, 463.7014, 551.3062, 16.17404
305.7, 10.27819, 221.9675, 298.5577, 169.0367, 469.7466, 13.50616, 631.2233, 379.9171, 659.4891, 1286.325, 175.7283, 1260.082, 107.6659, 500.0472, 439.1785, 520.7644, 15.34508
305.8, 9.620337, 211.6338, 277.1522, 182.765, 440.7101, 12.74918, 596.7711, 359.2665, 630.8405, 1225.104, 165.6458, 1270.44, 100.5419, 472.5139, 415.9525, 491.9146, 14.55861
305.9, 9.004592, 201.7812, 322.1481, 173.2394, 413.4685, 12.03463, 732.8586, 339.7383, 619.3513, 1166.797, 156.1418, 1447.628, 93.88925, 446.4966, 393.9548, 464.6631, 13.81244
306, 8.428257, 192.3873, 325.5536, 164.2102, 387.9108, 11.36013, 751.084, 321.2715, 627.2979, 1154.302, 147.1832, 1378.657, 87.6768, 421.9119, 373.1205, 474.297, 271.7599
306.1, 7.88881, 183.4307, 362.692, 220.2054, 363.9328, 10.72343, 764.732, 303.8086, 600.0476, 1343.69, 233.3158, 1368.899, 81.8754, 398.6809, 353.3879, 448.0215, 257.8315
306.2, 7.38389, 174.8911, 336.6883, 208.7284, 341.437, 10.12241, 722.9928, 287.2949, 661.6693, 1279.739, 239.735, 1303.678, 76.45788, 376.7289, 334.699, 529.8651, 424.5733
306.3, 6.911287, 166.749, 364.0132, 197.8496, 320.3318, 9.55508, 683.5317, 271.6787, 632.9259, 1218.831, 483.7486, 1241.566, 71.39882, 355.9857, 316.9984, 764.752, 402.813
306.4, 6.468933, 158.986, 411.6205, 187.5377, 300.5311, 9.019547, 734.0651, 256.9114, 605.4312, 1160.823, 560.7796, 1215.748, 66.67451, 336.3846, 300.2339, 774.9188, 382.1678
306.5, 6.054891, 151.5844, 382.1087, 177.7633, 281.9543, 8.51403, 693.9997, 513.3089, 579.1309, 1105.575, 577.8439, 1157.824, 62.26279, 317.8628, 284.356, 882.7341, 362.5808
306.6, 5.66735, 144.5274, 379.8342, 168.4984, 334.3208, 8.036844, 656.1211, 509.2282, 591.7214, 1265.037, 544.6899, 1251.141, 58.143, 357.9066, 458.1295, 877.4225, 408.6136
306.7, 5.304614, 137.799, 352.6014, 159.7163, 313.6554, 7.586403, 620.3099, 808.7388, 639.4001, 1480.327, 513.4382, 1278.671, 54.2958, 338.1998, 433.9013, 828.8142, 414.5828
306.8, 4.965094, 131.3837, 327.3212, 151.392, 294.2674, 7.161209, 586.4532, 764.7792, 611.6241, 1409.872, 483.9796, 1217.75, 50.70316, 319.578, 502.7929, 1057.366, 456.8573
306.9, 4.647305, 125.2672, 303.8534, 143.5015, 276.0778, 6.759845, 554.4445, 841.1161, 585.0548, 1525.583, 456.2111, 1269.765, 47.34824, 301.9816, 476.2026, 998.7887, 627.0643
307, 4.349856, 119.4354, 320.9055, 259.1619, 259.0126, 6.380976, 604.1469, 795.3967, 598.7931, 1665.455, 458.6451, 1209.268, 44.21531, 312.6199, 451.0186, 981.0483, 594.9257
307.1, 4.071445, 113.8751, 297.8977, 308.6517, 243.0022, 6.023342, 669.6511, 752.1623, 716.447, 1586.19, 471.3434, 1217.785, 41.28967, 555.6716, 427.1664, 926.6993, 564.4344
307.2, 3.810854, 108.5736, 298.1415, 292.5649, 227.9815, 5.685751, 1075.289, 711.278, 685.3241, 1510.698, 444.2999, 1205.07, 38.55762, 525.0756, 404.5757, 946.3909, 535.5058
307.3, 3.566941, 103.519, 276.7658, 277.3165, 213.8893, 5.367082, 1608.216, 672.6159, 655.5532, 1438.798, 418.8081, 1147.656, 36.00634, 496.1642, 383.1797, 893.9619, 508.0598
307.4, 3.338641, 98.69964, 299.1738, 262.8629, 200.6682, 5.066274, 1717.063, 636.0554, 627.0755, 1370.32, 394.7789, 1092.976, 33.62388, 468.8447, 362.9152, 844.4373, 482.0206
307.5, 3.124953, 94.10468, 277.7241, 249.1626, 188.2642, 4.782324, 1623.346, 601.4821, 599.835, 1305.102, 372.1283, 1040.902, 31.39906, 443.0294, 446.3249, 872.9199, 457.3159
307.6, 2.924941, 89.72363, 257.8122, 236.1763, 176.627, 4.514289, 1534.744, 745.3025, 573.7778, 1242.987, 425.3339, 991.3092, 29.32145, 418.6356, 535.0155, 824.5611, 433.8774
307.7, 2.737732, 85.54655, 239.328, 223.8669, 165.7092, 52.51287, 1450.977, 704.791, 548.8525, 1183.829, 400.9303, 1051.536, 27.38131, 395.5849, 603.7437, 778.8813, 411.6401
307.8, 2.562504, 81.56393, 222.169, 212.199, 155.4662, 49.56969, 1371.782, 666.4816, 525.0099, 1127.486, 377.9268, 1001.437, 25.56955, 373.8035, 705.1923, 735.7321, 390.5426
307.9, 2.398492, 77.76672, 206.2403, 299.8706, 145.8564, 46.79146, 1296.91, 630.2545, 502.2032, 1073.825, 356.2431, 953.7239, 23.87766, 353.2213, 667.8981, 694.9733, 370.5264
308, 2.244978, 74.14629, 191.4536, 284.2414, 136.8405, 76.82748, 1226.125, 595.9965, 480.3871, 1156.956, 335.8036, 908.2844, 22.29773, 387.4764, 632.5762, 656.4725, 462.655
308.1, 2.101289, 70.6944, 177.7271, 269.4269, 128.382, 123.772, 1159.203, 563.6007, 459.5188, 1101.892, 316.5368, 865.0099, 20.82233, 392.4843, 599.1224, 620.1047, 438.9429
308.2, 1.966797, 67.40323, 164.9847, 258.8024, 120.4463, 164.1755, 1285.063, 532.9658, 439.557, 1115.37, 298.3754, 823.7971, 19.44456, 370.8736, 600.8013, 585.7515, 525.1663
308.3, 1.840913, 64.26527, 153.1559, 245.3137, 113.0012, 154.974, 1294.897, 503.996, 420.4624, 1136.29, 281.256, 912.5063, 18.15796, 350.4528, 728.7947, 553.3015, 538.8453
308.4, 1.723086, 61.27341, 169.4463, 232.528, 264.0845, 146.2881, 1224.221, 558.0872, 402.1972, 1082.21, 265.1189, 869.0306, 16.95649, 331.1563, 690.2523, 522.6492, 511.2282
308.5, 1.6128, 58.42083, 217.0095, 220.4088, 311.7528, 138.0891, 1213.872, 580.5139, 384.7255, 1072.021, 249.9076, 827.6263, 15.83451, 334.7264, 653.7482, 493.6949, 485.0265
308.6, 1.509574, 55.70105, 201.4507, 208.9211, 292.4824, 135.8237, 1209.651, 653.1667, 368.0128, 1021, 444.0215, 788.1946, 14.78677, 403.8083, 739.4091, 626.1364, 460.1678
308.7, 1.412954, 53.10788, 187.0074, 249.1495, 274.4032, 140.5012, 1209.995, 737.7165, 352.0261, 1265.492, 418.5457, 750.6417, 13.80836, 381.574, 810.2309, 591.4491, 588.6602
308.8, 1.322519, 50.63545, 173.5996, 236.1639, 257.4415, 258.0817, 1383.188, 733.81, 336.7338, 1205.262, 394.5315, 714.8779, 12.89469, 360.564, 767.3817, 558.6835, 558.49
308.9, 1.237871, 48.27811, 429.7798, 223.8551, 241.5283, 243.617, 1345.671, 693.9232, 322.1059, 1147.9, 371.8952, 680.8181, 12.04148, 369.0973, 747.7049, 681.2474, 529.866
309, 1.158642, 46.03053, 425.9926, 212.1879, 278.6839, 229.963, 1341.52, 806.1281, 308.1134, 1093.267, 455.6158, 648.381, 11.24472, 348.7743, 873.8541, 764.9639, 502.7091
309.1, 1.084483, 43.88758, 459.6024, 237.4115, 261.4576, 217.0742, 1318.714, 762.3104, 294.7288, 1041.234, 429.4747, 731.434, 10.50068, 329.5703, 854.3773, 834.6562, 612.6039
309.2, 1.015072, 41.84439, 426.6505, 225.0377, 354.0511, 204.9079, 1588.525, 720.8744, 281.9256, 991.6782, 404.8335, 884.8428, 9.805873, 328.5799, 867.929, 788.4172, 618.4816
309.3, 0.9501023, 39.89632, 396.0612, 299.5551, 332.1661, 193.4234, 1561.513, 871.6375, 269.6785, 944.4807, 564.3585, 892.2199, 266.0956, 359.1562, 877.7629, 744.7397, 586.783
309.4, 0.8892913, 38.03895, 396.9798, 283.9424, 311.6339, 245.5544, 1476.285, 1101.818, 257.9635, 899.5294, 614.4744, 849.7108, 565.018, 533.8278, 1016.058, 703.4819, 598.1919
309.5, 0.8323726, 36.26805, 368.5178, 452.625, 292.3709, 231.7918, 1395.709, 1076.489, 246.7574, 856.7175, 579.2188, 940.4048, 527.632, 504.4344, 962.3237, 788.1869, 751.0654
309.6, 0.7790969, 34.57959, 342.0963, 429.0344, 274.2986, 218.8006, 1438.452, 1064.671, 236.0381, 815.9432, 545.986, 929.812, 492.7197, 476.6596, 911.4311, 744.5222, 712.5715
309.7, 0.7292311, 32.96974, 478.8976, 406.6732, 257.3433, 206.5374, 1359.941, 1161.659, 225.7845, 777.1094, 514.6599, 885.5118, 460.1174, 450.414, 863.23, 703.2764, 676.0505
309.8, 0.682557, 31.43483, 444.5623, 385.4776, 241.4361, 194.9617, 1411.06, 1098.516, 215.9763, 740.124, 485.1311, 843.3222, 429.6724, 425.6136, 817.5779, 664.3157, 641.4013
309.9, 0.6388702, 29.97138, 412.6888, 365.3867, 226.5122, 184.0347, 1363.595, 1038.805, 295.7156, 704.8987, 457.2966, 849.6864, 401.2419, 402.1787, 774.3402, 627.5133, 608.528
310, 0.5979795, 28.57607, 383.1005, 346.3428, 212.5108, 173.7201, 1289.169, 982.3404, 325.3354, 671.35, 431.0591, 846.8522, 374.6926, 380.0342, 733.3892, 592.7498, 577.3395
310.1, 0.5597061, 27.24571, 355.6335, 328.2916, 199.3749, 163.9836, 1218.806, 928.9446, 311.2027, 639.398, 406.3269, 891.0863, 349.9, 359.109, 694.6038, 559.912, 547.7495
310.2, 0.5238823, 25.97729, 330.1359, 311.1811, 187.0509, 154.7928, 1221.736, 878.4511, 313.9037, 608.9667, 383.0138, 848.6312, 326.7478, 339.336, 657.8696, 528.8935, 519.676
310.3, 0.4903514, 24.76791, 306.4663, 294.9625, 175.4887, 146.1171, 1196.612, 830.7023, 300.2675, 579.9838, 361.0383, 808.1988, 305.1276, 320.6516, 623.0781, 499.5934, 493.0414
310.4, 0.4589667, 23.61484, 284.4937, 279.5892, 164.6412, 137.9277, 1131.301, 785.5488, 319.4395, 552.3802, 340.3236, 769.6927, 284.938, 302.9961, 590.1265, 471.9164, 467.7719
310.5, 0.4295907, 22.51546, 264.0966, 265.0171, 154.4642, 130.1973, 1069.555, 742.8497, 326.8635, 526.0904, 320.7975, 733.0213, 266.0842, 286.3127, 558.9176, 445.7727, 527.6459
310.6, 0.402095, 21.46725, 245.1618, 251.2045, 144.9163, 122.9001, 1129.531, 702.4716, 380.547, 501.0518, 527.8829, 698.097, 248.478, 270.548, 529.3592, 421.0774, 546.7149
310.7, 0.376359, 20.46784, 227.5845, 238.1118, 135.9586, 116.012, 1067.881, 664.2882, 364.0158, 477.2049, 497.5955, 860.6774, 232.0367, 335.997, 501.364, 397.7502, 518.6945
310.8, 0.3522703, 19.51496, 211.2675, 289.3073, 127.5546, 109.5098, 1009.596, 628.1804, 348.2027, 454.493, 508.9743, 819.671, 216.6833, 317.4966, 474.8493, 375.7152, 734.6062
310.9, 0.3297234, 18.60644, 196.1204, 274.2287, 170.4165, 103.3721, 1010.168, 594.0352, 333.0766, 432.862, 479.7718, 863.3793, 202.3459, 329.2172, 449.7368, 354.901, 826.1688
311, 0.3086196, 17.74022, 182.0593, 457.8429, 212.4147, 97.57845, 955.0325, 561.7459, 318.6075, 412.2606, 452.2448, 822.2442, 188.9571, 419.4376, 425.9525, 335.2398, 783.8257
311.1, 0.2888665, 16.91433, 169.0063, 433.9803, 216.1741, 92.10947, 1026.876, 531.2118, 304.767, 392.6396, 426.2971, 881.9257, 176.4542, 396.3428, 403.4259, 316.6679, 1030.227
311.2, 0.2703777, 16.12688, 156.8891, 411.3614, 220.4033, 86.94701, 970.8287, 502.3374, 291.5277, 729.8175, 401.8382, 839.907, 345.5066, 374.5196, 382.0907, 299.1248, 977.4257
311.3, 0.2530723, 15.37609, 145.6407, 389.9214, 206.7795, 82.0739, 985.4387, 647.3888, 346.2056, 1035.05, 378.7826, 940.1262, 322.6451, 353.898, 361.8838, 282.5536, 973.2545
311.4, 0.2368745, 14.66026, 183.8489, 369.5989, 239.3321, 77.47391, 931.6533, 826.0822, 343.1511, 985.7881, 357.0499, 955.1196, 301.2964, 334.4119, 504.1797, 266.9005, 1165.31
311.5, 0.2217135, 13.97775, 234.3253, 350.3355, 329.5474, 73.13173, 880.8035, 799.2183, 328.2444, 938.8709, 336.564, 1011.904, 281.3602, 315.9987, 477.5161, 252.1145, 1179.436
311.6, 0.2075228, 13.32702, 217.525, 332.0762, 403.3411, 69.03292, 832.7291, 890.614, 364.0626, 894.1866, 317.2536, 1018.745, 262.7432, 298.5994, 717.102, 356.2203, 1118.987
311.7, 55.69586, 12.70658, 246.2134, 314.7685, 378.4093, 65.16383, 921.5384, 995.8299, 389.257, 851.629, 446.5913, 1115.299, 470.1599, 400.6683, 679.178, 382.0523, 1174.446
311.8, 186.8721, 12.11502, 228.5608, 298.3629, 475.5554, 61.5116, 871.2407, 959.3505, 383.9751, 1211.381, 548.8048, 1062.162, 532.1738, 378.6069, 643.2596, 475.7242, 1452.637
311.9, 203.7153, 11.55101, 212.1738, 282.8123, 446.1599, 58.06406, 891.0918, 936.9116, 367.295, 1153.727, 517.317, 1047.216, 496.961, 357.7603, 609.2407, 449.3695, 1513.784
312, 190.6765, 11.01325, 304.5714, 268.0723, 488.9584, 115.9981, 842.4559, 958.1417, 379.8218, 1098.817, 1166.637, 1104.59, 464.0781, 338.0615, 786.4326, 424.4749, 1628.055
312.1, 382.7504, 10.50053, 282.7347, 254.1004, 458.7344, 109.4968, 965.3035, 1089.317, 426.1475, 1046.52, 1099.701, 1118.916, 433.3711, 370.1543, 892.6425, 400.9595, 1584.399
312.2, 358.2526, 10.01168, 451.1522, 240.8568, 430.3786, 111.4588, 912.6171, 1148.337, 417.9343, 996.7124, 1403.843, 1173.418, 696.7794, 349.7731, 845.435, 627.5661, 1503.195
312.3, 335.3228, 9.545585, 479.1557, 228.3035, 403.7756, 175.5674, 862.8063, 1190.713, 407.2227, 949.2752, 1642.69, 1280.69, 785.9445, 339.2193, 915.6982, 689.047, 1625.132
312.4, 313.8606, 9.101191, 490.3013, 216.4044, 378.817, 171.7128, 815.7142, 1473.074, 566.7563, 904.0957, 1548.44, 1268.402, 733.9402, 779.2892, 1228.291, 650.8745, 1648.182
312.5, 520.5804, 8.677485, 646.0179, 205.1255, 355.4012, 533.9509, 920.5619, 1480.812, 568.5109, 861.0665, 1567.936, 1207.97, 685.377, 793.4031, 1247.723, 749.0643, 1563.708
312.6, 503.4781, 8.273504, 599.7007, 194.4344, 333.4327, 527.834, 994.5076, 1522.727, 543.8144, 820.0851, 1670.012, 1314.818, 640.027, 749.7172, 1181.737, 707.567, 1483.565
312.7, 535.8536, 7.888331, 606.1119, 184.3006, 312.8222, 498.2505, 940.2272, 1439.958, 520.1907, 781.0543, 1700.173, 1252.175, 597.6777, 708.4367, 1146.799, 905.8894, 1571.556
312.8, 541.5942, 7.521091, 562.6559, 174.6949, 293.4857, 470.3251, 888.9095, 1479.933, 593.0058, 743.8811, 1972.046, 1192.516, 558.1307, 669.4292, 1203.383, 855.7041, 1491.01
312.9, 506.9297, 7.170946, 634.21, 165.5899, 275.3445, 517.1096, 840.3927, 1499.307, 567.2452, 708.4771, 2136.711, 1168.27, 521.2003, 794.1324, 1139.742, 808.299, 1414.592
313, 474.4838, 6.837103, 588.7394, 156.9594, 258.3246, 527.4736, 794.5239, 1417.811, 565.53, 674.7581, 2192.396, 1112.609, 486.7136, 784.472, 1332.504, 763.5201, 1342.091
313.1, 529.0286, 6.518802, 556.5716, 148.7787, 242.3568, 653.868, 751.1587, 1340.745, 540.963, 642.6439, 2266.174, 1132.229, 454.5088, 993.8271, 1262.035, 721.2219, 1273.306
313.2, 582.2314, 6.215319, 620.7207, 141.0244, 227.3759, 861.257, 710.1603, 1399.91, 595.8068, 612.0582, 2162.873, 1166.135, 424.4349, 997.3575, 1195.292, 681.2669, 1208.046
313.3, 544.9659, 5.925965, 576.2172, 133.6743, 213.3211, 812.9862, 671.3997, 1390.808, 613.0455, 582.9281, 2038.777, 1138.409, 396.351, 942.4417, 1132.079, 643.5255, 1199.769
313.4, 510.0856, 5.650082, 534.9045, 126.7072, 200.1351, 767.4208, 634.7546, 1315.21, 586.4144, 555.1844, 1921.802, 1084.17, 370.1252, 1115.312, 1072.209, 607.8748, 1318.355
313.5, 477.4377, 5.387043, 503.7443, 120.1033, 187.7641, 724.4092, 600.1096, 1243.72, 702.5974, 528.7612, 2073.179, 1276.784, 345.6348, 1053.901, 1015.505, 574.1992, 1493.566
313.6, 446.8795, 5.136249, 599.7816, 113.8436, 176.1579, 683.8082, 567.3555, 1176.117, 986.8337, 503.5955, 2147.935, 1215.953, 322.7649, 995.8716, 961.7998, 542.3892, 1454.214
313.7, 418.2772, 4.897131, 746.5493, 107.9101, 165.269, 645.4828, 536.3891, 1112.188, 1232.607, 479.6275, 2195.009, 1158.02, 301.4082, 941.0375, 910.9349, 512.3414, 1379.682
313.8, 391.5055, 4.669145, 693.0243, 102.2859, 155.0532, 609.3055, 507.1129, 1104.258, 1421.889, 456.8003, 2267.473, 1102.847, 281.4647, 889.2227, 862.76, 483.9582, 1308.97
313.9, 366.4474, 4.451773, 643.3369, 96.95476, 145.4689, 575.1558, 479.4346, 1044.235, 1869.984, 435.0595, 2137.376, 1050.302, 262.8408, 882.8762, 817.1329, 457.1474, 1300.153
314, 342.993, 4.244521, 782.8675, 91.90151, 136.477, 542.92, 453.267, 1062.525, 2011.449, 414.3534, 2014.744, 1000.261, 245.4491, 955.0368, 773.9187, 431.822, 1233.517
314.1, 321.0399, 4.046917, 726.7386, 87.11164, 128.041, 585.5844, 428.5276, 1004.77, 2202.591, 394.6328, 1899.147, 952.6047, 229.2083, 951.8918, 732.9899, 407.8995, 1247.944
314.2, 300.4919, 3.858513, 799.1613, 82.57142, 120.1264, 639.2823, 405.1385, 1255.335, 2174.221, 375.8508, 2003.096, 907.2186, 214.0421, 1010.926, 694.2256, 385.3023, 1183.984
314.3, 281.259, 3.67888, 741.8642, 267.4313, 112.701, 603.4525, 619.5967, 1187.1, 2163.72, 357.9627, 1888.168, 863.9948, 199.8793, 1025.87, 657.5114, 475.3481, 1199.958
314.4, 263.2572, 3.50761, 688.6752, 253.4929, 105.7346, 569.6308, 585.7791, 1122.574, 2069.727, 340.926, 1779.834, 822.8304, 186.6537, 969.3838, 622.7388, 847.4894, 1210.869
314.5, 246.4075, 3.344313, 639.2996, 240.281, 99.19881, 537.7047, 553.8071, 1061.556, 2116.58, 324.7, 1677.715, 783.6273, 174.3033, 916.0082, 589.8052, 800.5394, 1384.474
314.6, 230.6363, 3.188619, 593.4641, 227.7576, 93.06702, 507.568, 523.5803, 1003.854, 2024.635, 309.2464, 1581.456, 746.292, 288.8103, 865.5715, 558.6133, 756.1903, 1517.526
314.7, 215.8745, 3.040173, 550.9149, 215.887, 87.31427, 479.1204, 495.0032, 949.2891, 2063.278, 294.5282, 1490.719, 710.7355, 269.7003, 817.9119, 529.071, 714.2982, 1679.247
314.8, 202.0576, 2.898638, 511.4162, 204.635, 81.91711, 452.2671, 467.9858, 897.6898, 1973.648, 280.5105, 1405.189, 676.873, 251.8548, 772.8765, 501.091, 674.7268, 1631.459
314.9, 189.1249, 2.763691, 513.751, 260.4117, 76.85356, 426.9189, 442.4431, 848.8952, 1955.048, 267.16, 1324.566, 644.6239, 519.382, 730.3208, 474.5908, 637.3477, 1547.843
315, 177.0201, 2.635028, 496.6511, 246.8392, 72.103, 402.9914, 418.2945, 802.7529, 1971.736, 254.4449, 1248.569, 613.9113, 485.0156, 690.1083, 449.492, 602.0392, 1522.606
315.1, 165.69, 2.512354, 461.043, 233.974, 67.6461, 380.4049, 395.4639, 759.1187, 1992.639, 242.3349, 1176.932, 584.6619, 452.9231, 652.11, 425.7206, 628.7629, 1661.478
315.2, 155.0851, 2.395391, 507.2118, 221.7794, 63.46468, 359.0844, 373.8795, 717.8562, 2055.825, 230.8013, 1339.111, 556.8062, 422.9541, 616.2039, 403.2063, 618.5366, 1697.323
315.3, 145.1589, 2.283874, 470.8465, 210.2203, 59.54174, 338.9588, 353.4731, 678.8366, 2196.283, 219.8167, 1550.556, 530.2775, 394.9681, 582.2748, 381.8827, 584.2703, 1610.331
315.4, 135.8681, 2.177548, 634.2003, 199.2637, 55.86128, 319.9612, 334.1805, 641.9379, 2563.825, 209.3548, 1637.661, 505.0128, 368.8339, 550.214, 361.6867, 611.0908, 1649.982
315.5, 206.3969, 2.076173, 731.3937, 188.8782, 52.40832, 302.0284, 315.9408, 607.0449, 2642.225, 199.3908, 1642.056, 480.9519, 344.429, 519.9185, 342.5589, 577.2371, 1565.417
315.6, 193.1866, 1.979516, 729.7106, 188.3051, 49.1688, 285.1006, 298.6967, 574.0485, 2634.409, 189.9011, 1547.843, 458.0373, 321.6388, 491.291, 324.4426, 545.2587, 1485.186
315.7, 225.9052, 1.88736, 743.7691, 178.4907, 46.12953, 269.1216, 282.3938, 542.8457, 2560.064, 180.863, 1550.07, 436.2144, 300.3567, 464.2398, 307.2845, 651.8236, 1462.224
315.8, 211.4462, 1.799494, 690.4435, 169.1878, 43.27813, 361.4221, 266.9807, 513.3389, 2556.959, 172.2551, 1461.135, 415.4313, 280.4827, 438.6781, 291.0337, 615.7133, 1387.281
315.9, 197.9127, 1.715719, 804.6446, 160.3698, 40.60297, 341.1654, 252.4089, 485.436, 2599.148, 164.0568, 1377.302, 395.6384, 261.9237, 414.5239, 275.6423, 581.6034, 1583.816
316, 185.2453, 1.635843, 746.9544, 152.0114, 38.09318, 322.0442, 238.6323, 459.0498, 2486.239, 156.2488, 1298.278, 376.7885, 244.5928, 391.6996, 261.065, 549.3832, 1502.642
316.1, 173.3888, 1.559687, 693.4004, 157.0902, 35.73853, 303.9946, 225.6078, 434.0978, 2515.404, 148.8123, 1223.789, 358.8367, 228.4086, 370.1321, 247.2585, 518.9479, 1425.628
316.2, 162.2911, 1.487075, 643.686, 148.9027, 33.52942, 286.9566, 447.0788, 410.5021, 2406.133, 141.7298, 1153.574, 341.7402, 213.2953, 349.7521, 234.1822, 490.1988, 1352.561
316.3, 151.9037, 1.417845, 597.536, 141.142, 31.45686, 270.8736, 562.8332, 388.1889, 2569.406, 134.9844, 1087.388, 325.4583, 199.182, 330.4942, 538.6679, 463.0423, 1423.24
316.4, 142.1812, 1.351837, 554.6948, 133.7857, 29.51242, 255.6919, 643.4142, 367.0886, 2464.249, 128.56, 1024.998, 309.9521, 186.0025, 312.2968, 510.1804, 437.3902, 1350.295
316.5, 150.3829, 1.288902, 519.418, 126.8128, 27.68817, 323.9223, 708.6092, 347.1353, 2446.742, 122.4413, 1193.43, 295.1846, 173.6951, 295.1013, 483.1994, 484.2944, 1281.089
316.6, 140.7577, 1.228897, 509.0823, 120.2034, 25.97668, 305.7675, 669.9332, 328.2664, 2601.759, 116.6139, 1381.022, 281.1208, 162.2021, 278.8526, 457.6454, 457.465, 1324.22
316.7, 143.9614, 1.171686, 588.0857, 139.2736, 24.37098, 400.7458, 633.3681, 310.4233, 2659.585, 111.0638, 1488.117, 267.727, 151.4695, 263.4986, 433.4427, 432.1219, 1439.871
316.8, 134.7472, 1.117138, 545.9221, 132.0147, 22.86453, 378.2852, 644.6818, 293.55, 2574.817, 105.7779, 1530.39, 254.9713, 141.4471, 248.99, 410.5201, 485.3681, 1366.074
316.9, 126.1227, 1.06513, 506.7814, 125.1342, 21.45121, 357.0835, 609.495, 277.5939, 2537.606, 100.7435, 1643.557, 242.8234, 132.0879, 235.2802, 388.8097, 534.7411, 1296.06
317, 118.0503, 1.015543, 534.6128, 118.6122, 20.12524, 337.07, 670.6523, 262.5051, 2563.54, 95.94878, 1549.258, 231.2543, 123.3479, 222.3254, 368.2474, 505.1171, 1229.634
317.1, 159.4497, 0.9682642, 552.4849, 112.4302, 18.88124, 318.1783, 634.048, 248.2364, 2581.406, 91.38223, 1499.298, 220.2363, 115.1862, 210.0838, 348.7726, 477.1341, 1166.612
317.2, 149.2442, 0.9231867, 512.8737, 106.5704, 17.71413, 476.983, 599.4416, 234.7433, 2509.851, 87.03301, 1604.701, 209.7433, 107.5646, 198.5163, 330.3277, 450.7014, 1106.821
317.3, 139.6918, 0.8802077, 476.1025, 101.016, 16.61917, 596.9231, 566.724, 221.9837, 2541.415, 82.89079, 1512.631, 199.7503, 100.4473, 187.5857, 312.8583, 425.733, 1050.093
317.4, 130.7509, 0.8392296, 441.9676, 95.75105, 15.59189, 563.4673, 657.3008, 209.9176, 2439.865, 78.94572, 1425.844, 190.2333, 93.80088, 177.257, 296.3127, 402.1479, 996.2736
317.5, 137.3991, 0.8001593, 446.2394, 95.65903, 14.6281, 667.0613, 621.4252, 198.5074, 2528.294, 75.1884, 1344.036, 181.1698, 87.59428, 167.497, 280.6422, 524.7185, 945.2122
317.6, 128.6049, 0.7629079, 467.0621, 90.67332, 13.7239, 793.4318, 587.5078, 187.7174, 2418.463, 71.60991, 1345.587, 172.5381, 81.79835, 158.2744, 265.8004, 495.6497, 1081.162
317.7, 120.3736, 0.7273908, 526.9161, 263.1533, 12.87558, 748.9624, 555.4415, 177.5138, 2449.285, 68.20173, 1380.877, 164.3176, 76.38593, 149.5595, 251.7435, 468.1912, 1025.75
317.8, 112.6692, 0.6935271, 641.0826, 249.4379, 12.0797, 734.4952, 525.1254, 167.8649, 2597.058, 64.95576, 1320.7, 156.4888, 163.8454, 141.3246, 238.43, 492.7288, 1189.095
317.9, 105.4578, 0.66124, 620.4665, 236.4373, 41.44206, 803.6413, 496.464, 158.7405, 2561.529, 61.86428, 1450.913, 149.0331, 259.5594, 133.5431, 225.8206, 465.4322, 1206.335
318, 180.4955, 0.630456, 705.6906, 224.1142, 75.71258, 820.3676, 469.3669, 150.1121, 2628.778, 58.91993, 1367.666, 141.9325, 242.3849, 126.19, 213.8781, 722.9645, 1294.195
318.1, 168.943, 0.6011051, 655.095, 212.4335, 71.03255, 814.0575, 443.7488, 141.9526, 2601.086, 56.11572, 1420.626, 135.1702, 226.3468, 119.2418, 202.5671, 682.913, 1227.864
318.2, 158.1298, 0.5731207, 608.127, 201.3616, 66.64182, 768.4321, 419.5289, 134.2367, 2553.709, 53.44496, 1339.118, 128.7301, 211.3699, 112.6762, 191.8543, 645.0804, 1190.897
318.3, 148.0088, 0.5464391, 683.1913, 190.8667, 62.52248, 725.3638, 396.631, 126.9401, 2442.774, 50.90132, 1550.742, 122.5969, 252.8444, 106.4721, 181.7081, 698.0926, 1129.86
318.4, 138.5356, 0.5209996, 634.2089, 180.9188, 71.4549, 684.7094, 374.9828, 120.0402, 2517.302, 48.47874, 1461.768, 116.7558, 236.1142, 100.6096, 172.0984, 726.9443, 1302.97
318.5, 300.2397, 0.4967445, 728.463, 171.4894, 196.8015, 742.7438, 354.5162, 113.5153, 2407.948, 46.17146, 1377.899, 111.1931, 510.5383, 95.06986, 162.997, 686.6723, 1282.955
318.6, 281.0229, 0.4736186, 893.9946, 162.5514, 184.6366, 838.8195, 454.6835, 107.3451, 2588.105, 43.97399, 1417.216, 105.8954, 795.6637, 89.83518, 154.3769, 802.4487, 1217.201
318.7, 263.0362, 0.4515693, 871.8156, 154.0793, 173.2236, 791.8062, 493.1588, 101.5103, 2545.59, 41.88111, 1591.967, 100.8501, 925.8257, 84.88873, 146.2126, 946.8138, 1154.816
318.8, 559.0667, 0.4305465, 809.3094, 146.0487, 499.3931, 747.4278, 466.2421, 516.2687, 2643.546, 39.88783, 1693.184, 96.04516, 864.5657, 80.21464, 361.7246, 948.3928, 1095.629
318.9, 873.5527, 0.4105024, 751.2849, 138.4367, 566.6144, 705.5367, 440.7946, 820.5848, 2614.069, 37.98943, 1804.853, 91.46915, 976.0103, 75.7979, 342.5948, 1109.502, 1181.669
319, 1099.551, 0.3913915, 717.8916, 131.2215, 531.5902, 665.9935, 452.2896, 828.7505, 2500.512, 36.18137, 1715.34, 87.11118, 911.4297, 71.62437, 324.4766, 1048.037, 1121.106
319.1, 1071.938, 0.3731702, 826.8069, 124.3823, 498.731, 628.6666, 568.3994, 887.0335, 2586.032, 34.45937, 1616.922, 82.96083, 851.1223, 170.3003, 307.3167, 1124.598, 1063.647
319.2, 1166.715, 0.3557973, 767.5278, 124.131, 467.9029, 593.4318, 537.376, 1188.898, 2566.343, 32.81932, 1823.696, 79.00822, 857.3489, 204.275, 291.0642, 1526.914, 1009.132
319.3, 1515.888, 0.3392332, 758.3322, 117.6614, 438.9804, 560.1717, 508.046, 1301.858, 2595.621, 31.25733, 1719.061, 75.24393, 800.6199, 193.0273, 275.6712, 1563.237, 1037.762
319.4, 1671.261, 0.3234402, 846.3383, 111.5289, 411.8457, 528.7758, 480.3167, 1231.095, 2631.817, 29.76968, 1984.039, 71.659, 747.6446, 182.3989, 376.437, 1505.298, 1057.31
319.5, 1708.231, 0.3083824, 785.6588, 105.7161, 386.3882, 499.1395, 454.101, 1164.177, 2822.695, 28.35283, 1870.204, 68.24486, 698.1745, 172.3558, 356.5291, 1477.808, 1003.12
319.6, 1598.897, 0.2940257, 729.3298, 100.2062, 362.5044, 471.1642, 429.3161, 1100.898, 2822.724, 27.00341, 1928.701, 64.99339, 651.9778, 162.8656, 337.674, 1395.939, 1111.215
319.7, 1496.56, 0.2803373, 677.0395, 94.98347, 340.0969, 568.9295, 405.8839, 1132.721, 2842.62, 25.71822, 1852.705, 61.89682, 608.8378, 153.898, 391.4911, 1318.606, 1054.263
319.8, 1400.773, 0.2672862, 688.7047, 90.03297, 319.0745, 537.0427, 383.7307, 1133.772, 2767.886, 24.4942, 1901.205, 58.9478, 568.5522, 145.4242, 370.7871, 1245.556, 1149.487
319.9, 1311.117, 0.2548427, 639.327, 85.34048, 299.3515, 506.9431, 475.8508, 1072.145, 2911.746, 23.32843, 1792.123, 56.13927, 530.9324, 313.1282, 351.178, 1327.077, 1090.573
320, 1227.2, 0.2429785, 593.4895, 80.89257, 280.8477, 478.5305, 520.7194, 1013.868, 3011.247, 22.21815, 1689.299, 53.46456, 495.8017, 295.8869, 332.6059, 1253.558, 1034.679
320.1, 1148.653, 0.2316667, 550.9384, 76.67648, 263.4876, 470.5007, 682.2654, 958.7581, 2972.478, 21.1607, 1779.227, 50.91728, 462.9955, 279.5949, 315.016, 1184.113, 981.6492
320.2, 1075.134, 0.2208814, 579.394, 125.8405, 247.2006, 527.3905, 645.0272, 906.644, 2867.649, 20.15359, 1704.925, 48.49136, 432.3601, 264.2, 332.7732, 1118.514, 931.3374
320.3, 1006.321, 0.2105983, 537.8535, 119.2818, 231.9204, 497.8319, 609.8215, 857.3627, 2814.878, 19.19441, 1638.302, 46.18103, 500.7225, 249.6528, 339.0806, 1122.204, 1105.012
320.4, 941.9116, 0.2007939, 499.2913, 132.3037, 217.5847, 723.5485, 576.5374, 810.7601, 2797.082, 18.28087, 1544.304, 43.98077, 585.7174, 235.9066, 321.1483, 1060.035, 1152.754
320.5, 881.6249, 0.1914459, 463.4938, 125.4081, 204.1351, 1037.091, 665.0547, 923.8989, 2745.876, 17.41082, 1455.699, 41.88534, 546.9617, 222.9172, 304.1643, 1001.311, 1093.672
320.6, 825.1968, 0.1825332, 460.8059, 118.8719, 191.5169, 1004.259, 628.7559, 873.6797, 2691.881, 16.58218, 1372.178, 39.88974, 510.7704, 210.6431, 402.8206, 945.839, 1037.619
320.7, 772.3804, 0.1740354, 461.7332, 112.6763, 179.6787, 947.9733, 594.4384, 826.1902, 2611.04, 15.79297, 1293.449, 37.98923, 519.4626, 199.0448, 381.5174, 893.4405, 1067.106
320.8, 722.9445, 0.1659331, 436.4231, 166.3407, 168.5722, 894.8423, 610.9211, 854.5419, 2497.614, 15.04132, 1219.237, 36.17926, 485.0909, 188.0851, 361.3408, 843.9448, 1056.117
320.9, 676.6727, 0.1582081, 405.1331, 175.6382, 158.1522, 844.6891, 577.5769, 808.0927, 2421.367, 14.32545, 1149.283, 34.45552, 538.5114, 177.7289, 342.2312, 1067.044, 1162.687
321, 633.3625, 0.1508428, 376.0865, 166.484, 148.3763, 797.3468, 546.0527, 764.1682, 2417.022, 13.64365, 1083.343, 32.81392, 755.5236, 167.9429, 324.1323, 1007.931, 1152.938
321.1, 592.8244, 0.1438203, 360.3688, 157.8069, 139.2047, 752.658, 516.249, 722.6312, 2427.936, 12.9943, 1104.281, 31.25052, 705.5322, 158.6957, 306.9905, 952.0927, 1333.824
321.2, 554.8809, 0.1371247, 334.5317, 149.5821, 130.6001, 710.4738, 583.4667, 771.1344, 2477.15, 12.37585, 1111.838, 29.76161, 658.8486, 149.9577, 399.6398, 899.3477, 1354.708
321.3, 519.366, 0.1307409, 310.5469, 141.7859, 122.5273, 670.6539, 643.2024, 729.2188, 2395.765, 11.78684, 1048.046, 28.34364, 725.5401, 141.7008, 378.5048, 1022.175, 1285.276
321.4, 486.1241, 0.1246542, 443.8629, 134.3961, 114.9535, 633.0657, 837.4379, 770.0468, 2430.867, 11.22586, 987.9142, 26.99323, 731.1086, 133.8986, 358.4875, 1075.607, 1219.402
321.5, 455.01, 0.118851, 412.0395, 127.3914, 107.8479, 597.5844, 791.7304, 728.1903, 2363.052, 10.69158, 1011.438, 25.70716, 877.7407, 126.5259, 377.8854, 1016.02, 1156.905
321.6, 425.8872, 0.1133179, 382.4977, 120.7518, 101.1815, 564.0916, 748.5176, 688.609, 2422.798, 10.18273, 1074.433, 24.48236, 819.6625, 119.5592, 418.6217, 1053.869, 1159.13
321.7, 398.6285, 0.1080423, 398.0467, 114.4583, 94.92712, 532.476, 707.6635, 651.1791, 2317.55, 9.698099, 1012.787, 23.31592, 765.4271, 112.9761, 396.4828, 1096.036, 1099.721
321.8, 373.1144, 0.1030124, 369.5081, 108.4928, 359.4994, 502.6323, 669.0391, 615.7838, 2227.576, 9.236531, 954.6781, 22.20505, 788.5829, 106.7555, 399.7405, 1035.317, 1043.358
321.9, 349.2334, 0.09821669, 440.3014, 108.9201, 337.2776, 474.4613, 632.5228, 768.9869, 2191.103, 8.796931, 942.8251, 21.1471, 736.404, 100.8774, 378.6002, 1092.141, 989.8836
322, 361.7516, 0.09364422, 408.7334, 156.2894, 332.6293, 483.4612, 597.9996, 884.8886, 2198.741, 8.378253, 998.8488, 20.13956, 687.6777, 95.32295, 447.4091, 1031.638, 939.1497
322.1, 918.6996, 0.08928461, 379.4286, 148.7984, 312.0685, 485.3819, 565.3607, 994.5483, 2206.446, 7.979501, 941.5396, 19.18003, 642.1755, 90.07434, 644.0704, 1168.64, 1009.625
322.2, 1003.807, 0.08512797, 384.0669, 173.3763, 661.0129, 458.1777, 770.9998, 1289.178, 2317.189, 7.599728, 887.5186, 18.26621, 599.6841, 85.11472, 812.7148, 1242.888, 957.8795
322.3, 939.5583, 0.08116484, 356.5307, 164.34, 693.5935, 432.4983, 728.9185, 1428.116, 2223.829, 7.238029, 836.5969, 17.39593, 615.0488, 80.42818, 854.0104, 1174.033, 1122.502
322.4, 879.4222, 0.07738622, 330.9687, 155.7747, 650.7204, 481.5665, 840.5194, 1350.489, 2271.248, 6.893545, 883.8049, 16.56712, 574.3523, 75.99969, 924.3363, 1264.021, 1064.972
322.5, 1128.476, 0.0737835, 426.5563, 147.6558, 662.9827, 454.5761, 794.6437, 1526.561, 2180.693, 6.565456, 833.0964, 15.77779, 536.3486, 71.81505, 1141.235, 1212.647, 1129.441
322.6, 2047.428, 117.506, 395.9737, 139.96, 744.045, 429.0985, 751.272, 2436.345, 2440.578, 6.252982, 966.6175, 15.02607, 500.8596, 67.86081, 1789.399, 1624.633, 1172.169
322.7, 2176.271, 245.2408, 367.5838, 132.6654, 784.3848, 405.0489, 710.2675, 3094.734, 2351.462, 5.955379, 997.3279, 14.31016, 467.7188, 64.1243, 1882.023, 1534.63, 1196.016
322.8, 2145.736, 233.8236, 341.2293, 125.7509, 735.8996, 382.3471, 671.501, 3645.645, 2249.313, 5.671941, 940.106, 13.62837, 436.7708, 60.59352, 1942.654, 1449.613, 1134.718
322.9, 2008.399, 337.9074, 316.7644, 119.1968, 690.4114, 360.9177, 634.8503, 3877.207, 2151.602, 5.401993, 1037.802, 12.97905, 407.8706, 57.25716, 1839.917, 1369.306, 1076.561
323, 1879.852, 322.1761, 294.0535, 112.9843, 647.7349, 340.6894, 600.2001, 3666.459, 2058.135, 5.144892, 1025.119, 12.36067, 465.8134, 54.1045, 1742.612, 1396.499, 1089.964
323.1, 1759.533, 307.1772, 272.9709, 107.0956, 607.6965, 321.5948, 567.4411, 3584.458, 1968.728, 4.900028, 1033.624, 11.77176, 660.7513, 51.12543, 1650.454, 1453.158, 1352.783
323.2, 1646.915, 292.8766, 253.3999, 226.8344, 570.1329, 365.6366, 536.4701, 3467.767, 1883.205, 4.666818, 1126.449, 11.2109, 687.3392, 48.31039, 1689.559, 1372.654, 1349.495
323.3, 1541.504, 279.2417, 235.232, 422.759, 534.8912, 345.1438, 507.1895, 3396.698, 2025.162, 4.444707, 1239.285, 10.67677, 698.1003, 45.65036, 1721.765, 1367.744, 1280.33
323.4, 1442.841, 266.2416, 218.3667, 400.725, 533.6273, 325.7995, 479.507, 3775.405, 1937.188, 4.233168, 1168.181, 10.16808, 651.9084, 43.13678, 1630.709, 1291.972, 1214.71
323.5, 1350.493, 253.8468, 202.7106, 379.8394, 705.561, 307.5395, 453.3354, 3615.979, 1961.202, 4.031696, 1154.537, 9.683631, 627.2417, 40.76161, 1628.018, 1220.399, 1477.533
323.6, 1264.055, 242.0289, 188.177, 360.0423, 661.9482, 290.3028, 428.5923, 3601.618, 1876.006, 3.839813, 1088.295, 9.222261, 585.7385, 38.51722, 1541.92, 1152.79, 1401.806
323.7, 1183.15, 230.7613, 232.3806, 341.277, 713.2166, 417.9187, 405.1997, 3546.163, 1794.511, 3.657062, 1025.854, 8.782873, 672.619, 36.39641, 1460.375, 1132.154, 1329.96
323.8, 1107.422, 220.0182, 215.7197, 323.4898, 669.1305, 510.8741, 383.0838, 3399.625, 1842, 3.483009, 966.9955, 8.36442, 628.1132, 34.39237, 1383.143, 1134.185, 1261.797
323.9, 1036.542, 209.7752, 200.2534, 306.6296, 627.7695, 482.2412, 362.175, 3275.56, 1806.345, 3.31724, 911.5139, 7.965903, 739.375, 32.49868, 1366.345, 1147.994, 1247.957
324, 970.1989, 200.0092, 185.8959, 290.6482, 588.9651, 455.213, 342.4075, 3206.066, 1727.876, 3.15936, 859.2155, 7.586374, 690.4521, 30.70926, 1294.086, 1134.904, 1264.093
324.1, 908.1017, 190.6977, 207.4702, 303.2334, 552.5594, 446.3181, 323.7188, 3064.429, 1751.065, 3.008995, 809.9178, 7.224926, 644.7664, 29.01836, 1225.648, 1135.875, 1330.328
324.2, 849.979, 181.8198, 280.7635, 287.429, 518.404, 421.3033, 566.4936, 2897.86, 1674.998, 2.865786, 763.4485, 6.8807, 602.1035, 27.42057, 1274.994, 1072.948, 1339.687
324.3, 795.5764, 173.3552, 260.6337, 272.4483, 486.3599, 397.6906, 602.3254, 3054.349, 1644.12, 2.729393, 719.6455, 6.552874, 562.2636, 25.91076, 1330.711, 1013.508, 1271.025
324.4, 744.6559, 165.2847, 241.9472, 258.2484, 456.2965, 465.3561, 569.4504, 2928.399, 1590.978, 2.599491, 678.3557, 6.240667, 525.0598, 24.48407, 1260.336, 987.8813, 1205.882
324.5, 696.9945, 157.5898, 236.3003, 260.3548, 428.0914, 439.2744, 538.3698, 2972.11, 1579.585, 2.475772, 639.4348, 5.943336, 699.7637, 23.13595, 1193.683, 1047.411, 1354.562
324.6, 652.3837, 150.2532, 502.6133, 246.7852, 401.6298, 628.1588, 508.9854, 2937.486, 1582.054, 2.357941, 654.4242, 5.66017, 1138.292, 21.86205, 1130.555, 1133.937, 1285.137
324.7, 610.6281, 143.2582, 1010.516, 233.9228, 376.8038, 592.9524, 550.1213, 3027.128, 1652.717, 2.245718, 674.4062, 5.390495, 1499.443, 20.65829, 1070.766, 1182.773, 1219.271
324.8, 571.5451, 136.5888, 1398.994, 221.7309, 353.5124, 559.7192, 542.0197, 2888.704, 1580.922, 2.138836, 816.8272, 5.133669, 1429.905, 19.52082, 1014.138, 1129.505, 1156.78
324.9, 534.9636, 130.2299, 1470.537, 210.1743, 331.6607, 528.3487, 663.7853, 2731.687, 1512.246, 2.037041, 820.6949, 4.889079, 1421.057, 18.44598, 960.5054, 1175.787, 1192.561
325, 500.7234, 124.1671, 1402.538, 222.2143, 311.1598, 498.7364, 627.5558, 2645.571, 1446.553, 1.940091, 773.6073, 4.656143, 1536.621, 17.43032, 909.7089, 1110.65, 1226.368
325.1, 468.6748, 118.3865, 1481.047, 256.4291, 291.926, 470.7837, 593.3038, 2599.788, 1383.714, 1.847755, 729.2214, 4.434304, 1434.946, 16.47058, 988.1493, 1049.121, 1237.92
325.2, 438.6775, 112.875, 1487.346, 243.0641, 273.8812, 490.0904, 560.9211, 2458.475, 1491.336, 1.759813, 687.3821, 4.223035, 1480.95, 15.56368, 935.8909, 1064.466, 1238.593
325.3, 410.6001, 107.6201, 1673.912, 251.1015, 256.9518, 462.6223, 583.3969, 2324.842, 1461.537, 1.676057, 647.9434, 4.021832, 1465.608, 14.70673, 886.3962, 1005.496, 1175.112
325.4, 384.3198, 102.6098, 1750.716, 310.2562, 241.0688, 436.6937, 613.1024, 2481.261, 1461.792, 1.596288, 723.637, 3.830215, 1593.37, 13.89695, 907.5013, 949.7927, 1158.322
325.5, 359.7216, 97.83285, 1625.196, 294.0858, 226.1676, 412.2184, 579.6392, 2401.682, 1398.291, 1.520314, 682.1182, 3.647727, 1649.747, 13.13177, 859.5081, 897.1752, 1098.955
325.6, 336.6977, 93.27824, 1508.675, 278.7581, 212.1875, 389.1148, 613.7319, 2271.137, 1412.184, 1.447957, 642.9814, 3.473934, 1667.369, 12.40871, 814.0529, 933.4075, 1042.631
325.7, 315.1475, 88.93568, 1467.783, 264.2293, 199.0715, 422.37, 580.2344, 2253.43, 1512.473, 1.379044, 738.6528, 3.308421, 1666.478, 11.72547, 807.5059, 913.8104, 1029.134
325.8, 294.9766, 84.79528, 1534.726, 385.557, 186.7663, 432.4724, 548.5651, 2224.466, 1499.878, 1.31341, 696.2725, 3.150793, 1728.456, 11.07985, 764.8009, 957.4791, 1143.506
325.9, 276.0968, 80.84764, 1424.692, 365.4619, 175.2217, 408.2336, 518.6243, 2299.432, 1434.722, 1.2509, 656.3237, 3.000676, 1614.087, 10.46978, 929.5007, 959.4776, 1084.899
326, 258.4253, 77.08378, 1322.546, 346.4142, 164.3907, 477.6296, 639.5181, 2174.445, 1488.987, 1.191365, 618.6669, 2.857711, 1525.829, 9.893299, 880.344, 906.3235, 1029.295
326.1, 241.8849, 73.49515, 1227.724, 487.2172, 154.2292, 450.86, 604.6132, 2200.812, 1424.305, 1.134663, 583.1708, 1142.035, 1424.868, 9.34856, 833.7869, 856.1142, 1111.135
326.2, 226.4031, 70.07359, 1198.888, 461.8236, 144.6958, 425.5906, 571.6133, 2081.185, 1362.432, 1.080661, 549.7112, 1535.573, 1356.53, 8.833816, 789.692, 808.6864, 1054.186
326.3, 211.9123, 66.81131, 1112.932, 437.7536, 135.7517, 401.7376, 540.4146, 1968.06, 1331.118, 1.029228, 518.1714, 1648.246, 1266.771, 8.347413, 747.9291, 763.886, 1000.157
326.4, 198.3489, 63.70091, 1033.139, 414.938, 127.3605, 379.2214, 510.9186, 2024.599, 1325.335, 0.9802434, 488.4412, 1652.232, 1300.001, 7.887793, 708.3748, 721.5676, 1041.04
326.5, 185.6537, 60.73531, 959.0662, 393.3116, 119.488, 357.9672, 483.0326, 1914.551, 1283.348, 0.93359, 460.4167, 1573.513, 1243.543, 7.45348, 670.9123, 681.5935, 987.6841
326.6, 173.771, 57.90778, 890.3045, 372.8124, 112.1021, 337.9042, 456.6686, 1810.484, 1235.32, 0.8891571, 466.8341, 1498.544, 1192.558, 7.043081, 748.3155, 784.6646, 1007.072
326.7, 162.6488, 55.21189, 848.0646, 353.3815, 105.1727, 318.9657, 431.7436, 1712.074, 1269.346, 0.8468388, 487.1364, 1427.147, 1205.473, 6.655279, 708.7407, 741.1949, 998.212
326.8, 152.2386, 52.6415, 924.6158, 400.7709, 98.67164, 359.5895, 507.1619, 1704.311, 1214.204, 0.8065347, 459.1868, 1409.343, 1125.709, 6.28883, 671.2589, 700.1335, 947.0513
326.9, 142.4946, 50.19077, 863.0444, 379.8829, 92.57244, 380.7324, 628.6086, 1636.495, 1161.459, 0.7681488, 432.8409, 1425.157, 1201.075, 5.942558, 692.1837, 661.3469, 928.8695
327, 133.3743, 47.85414, 835.8466, 360.0835, 86.85026, 392.6141, 746.8565, 1632.984, 1152.467, 0.7315898, 440.8745, 1411.886, 1121.602, 5.615352, 859.1064, 706.1992, 993.7761
327.1, 124.8377, 45.62629, 775.9193, 341.3161, 81.48178, 370.6093, 822.9364, 1544.222, 1124.714, 0.6967708, 415.5792, 1427.429, 1190.667, 5.306163, 813.6725, 780.0409, 980.655
327.2, 116.8475, 43.50216, 834.6077, 323.5268, 76.44514, 349.8377, 850.9774, 1460.284, 1136.147, 0.6636089, 391.7353, 1380.143, 1111.883, 5.013998, 770.6413, 736.8275, 977.9549
327.3, 109.3687, 41.47692, 774.7692, 306.6647, 71.71983, 330.2304, 804.5309, 1509.461, 1086.792, 0.6320254, 369.2593, 1314.387, 1198.456, 4.73792, 729.8859, 696.008, 927.8324
327.4, 102.3686, 39.54596, 898.2418, 290.6815, 67.28661, 311.722, 841.8569, 1488.004, 1209.007, 0.601945, 414.1101, 1283.915, 1179.587, 4.477044, 691.2858, 783.8389, 915.512
327.5, 95.81658, 37.7049, 898.6167, 275.5313, 63.12742, 352.4789, 795.9082, 1407.122, 1213.136, 0.5732962, 390.3504, 1222.744, 1234.153, 4.230531, 707.8973, 740.415, 1014.64
327.6, 89.68388, 35.94955, 860.4531, 261.1707, 59.22532, 332.7235, 752.4674, 1330.637, 1299.094, 0.546011, 367.9539, 1164.487, 1152.492, 3.997592, 800.4551, 699.3969, 962.637
327.7, 136.6571, 34.27592, 938.1761, 247.5586, 55.56442, 314.0753, 711.3976, 1455.247, 1281.406, 0.5200243, 498.6237, 1273.249, 1076.234, 3.777479, 758.1229, 660.651, 913.2996
327.8, 140.7815, 32.68021, 876.4948, 234.6559, 52.12981, 296.4724, 672.5695, 1458.552, 1330.291, 0.4952745, 470.015, 1212.586, 1095.589, 3.569486, 718.0295, 816.2349, 947.3269
327.9, 159.9354, 31.15878, 813.6532, 222.4257, 48.90751, 279.856, 635.8605, 1582.552, 1294.385, 0.4717025, 746.0539, 1251.201, 1023.096, 3.372945, 762.8532, 771.0164, 987.5784
328, 240.9824, 29.70818, 783.5569, 210.833, 45.88439, 264.1709, 601.1552, 1589.24, 1441.753, 0.4492525, 703.2488, 1391.384, 977.1683, 3.187226, 832.342, 728.3029, 936.9626
328.1, 225.5584, 28.32512, 727.3787, 199.8445, 128.1277, 249.3649, 568.344, 1549.592, 1440.232, 0.4278709, 662.8998, 1325.093, 1029.521, 3.011733, 832.2095, 841.4363, 888.9411
328.2, 211.1217, 27.00644, 675.2282, 189.4286, 120.2077, 263.5202, 905.7012, 1533.291, 1498.062, 0.407507, 624.8657, 1432.429, 961.3993, 2.845903, 921.4528, 855.1708, 1031.56
328.3, 197.6089, 25.74916, 626.8167, 179.5557, 112.7773, 248.7507, 1578.925, 1540.344, 1432.986, 0.3881122, 589.0139, 1434.722, 925.2903, 2.689203, 872.7217, 877.4981, 1030.423
328.4, 184.961, 24.55041, 581.8762, 170.1973, 105.8062, 312.6893, 1492.747, 1456.617, 1395.307, 0.3696406, 555.2191, 1366.365, 864.0658, 2.541132, 979.6736, 828.8856, 977.6117
328.5, 173.1227, 23.40746, 540.1577, 161.3267, 99.26602, 361.3951, 1535.124, 1377.442, 1406.155, 0.352048, 523.3633, 1301.266, 933.4566, 2.401214, 927.8635, 782.9662, 927.5068
328.6, 162.042, 22.31773, 545.5655, 152.9184, 93.13009, 426.9615, 1451.336, 1302.57, 1345.071, 0.3352928, 493.3352, 1239.268, 871.6918, 2.269, 878.7933, 739.5908, 879.9698
328.7, 151.6706, 21.27873, 550.9076, 144.9484, 87.37344, 403.0316, 1372.122, 1231.768, 1286.64, 0.319335, 465.0299, 1272.276, 814.0138, 2.144065, 832.3182, 698.6182, 834.8693
328.8, 141.963, 20.2881, 566.0818, 137.3937, 81.97262, 380.4429, 1424.022, 1244.664, 1230.748, 0.3041366, 438.3487, 1211.659, 760.1522, 2.02601, 788.3009, 659.9155, 792.0803
328.9, 132.8767, 19.34359, 525.4958, 130.2328, 147.4642, 415.4309, 1346.299, 1227.268, 1177.283, 0.2896616, 413.1984, 1153.931, 709.8546, 1.914455, 746.6115, 623.3569, 893.5693
329, 124.372, 18.44305, 528.0488, 123.4451, 138.349, 392.1472, 1564.397, 1192.373, 1148.204, 0.2758756, 389.491, 1253.037, 662.8849, 1.809042, 707.1269, 588.8236, 847.7718
329.1, 116.4116, 17.58443, 490.1896, 117.0112, 129.7972, 370.1686, 2062.649, 1231.128, 1133.658, 0.2627457, 367.1439, 1230.081, 619.0233, 1.709434, 669.7304, 556.2034, 804.3215
329.2, 108.9607, 16.76579, 455.0447, 110.9126, 121.774, 349.4218, 2123.257, 1164.209, 1084.411, 0.2502407, 346.0789, 1171.475, 578.0638, 1.61531, 634.3116, 685.3872, 763.0981
329.3, 101.9867, 15.98526, 422.4196, 105.1319, 114.2468, 329.8377, 2231.405, 1229.127, 1037.303, 0.2383308, 326.2225, 1205.258, 539.8145, 1.526369, 600.766, 824.3555, 723.9875
329.4, 95.45911, 15.24106, 392.1337, 99.65249, 107.1849, 311.3513, 2109.614, 1162.317, 992.2424, 0.2269877, 307.5054, 1166.01, 504.0961, 1.442325, 673.9514, 778.6871, 686.8814
329.5, 89.34929, 14.53152, 364.0191, 94.45864, 100.5594, 293.9011, 2222.324, 1099.138, 949.1387, 0.2161846, 289.8622, 1110.456, 470.7411, 1.362909, 638.3094, 735.5487, 651.6771
329.6, 83.63052, 13.855, 337.9202, 89.53549, 94.34354, 277.4288, 2266.02, 1039.394, 907.9075, 0.2058956, 273.2313, 1124.36, 439.5932, 1.287865, 604.5523, 694.8001, 618.2772
329.7, 78.27779, 13.20998, 313.6925, 84.86893, 135.8143, 261.8798, 2142.34, 1136.704, 868.4675, 0.1960962, 257.5546, 1070.791, 410.5063, 1.216953, 770.3245, 732.2572, 586.589
329.8, 73.26765, 12.59499, 291.2019, 80.4456, 146.5051, 276.7304, 2025.411, 1177.727, 830.7407, 0.1867633, 242.7773, 1071.921, 383.3439, 1.149946, 729.5858, 691.6909, 749.2324
329.9, 68.57818, 12.00863, 270.3237, 76.25281, 167.3408, 261.2205, 1914.863, 1113.711, 887.9588, 0.1778746, 228.8479, 1156.846, 357.9789, 1.086628, 691.0016, 653.3719, 736.2512
330, 64.18886, 11.44957, 250.9425, 72.27854, 156.9969, 246.5799, 1810.35, 1105.475, 898.5834, 0.1694089, 215.7177, 1172.442, 334.2922, 1.026797, 654.4579, 617.1758, 777.8711
330.1, 60.08047, 10.91654, 232.9508, 68.51141, 147.2925, 323.3218, 1711.541, 1045.386, 859.5484, 0.1613461, 203.3409, 1178.418, 312.1728, 0.9702603, 619.8468, 582.9849, 738.0034
330.2, 56.23505, 10.40832, 216.249, 64.94063, 138.1879, 398.8871, 1699.075, 1090.14, 884.829, 0.153667, 191.6741, 1122.273, 291.5169, 0.9168364, 587.0662, 550.6882, 700.179
330.3, 52.63575, 9.923758, 200.7448, 61.55595, 182.5025, 376.5307, 1774.841, 1030.884, 846.3915, 0.1463535, 180.6768, 1095.933, 272.2279, 0.8663541, 556.0191, 520.1806, 664.2932
330.4, 49.26682, 9.461758, 186.3521, 58.34768, 250.5459, 396.6306, 1677.969, 1051.224, 883.485, 0.139388, 170.3104, 1043.718, 254.2151, 0.8186514, 638.3553, 563.7401, 630.2466
330.5, 46.11351, 9.021266, 187.3413, 55.30662, 235.0589, 374.4007, 1586.386, 994.0839, 845.1058, 0.132754, 160.5388, 1110.563, 237.3943, 0.7735754, 784.8396, 754.774, 690.3599
330.6, 43.16204, 8.601281, 173.9096, 52.42406, 220.5292, 353.4167, 1499.8, 1002.816, 863.8331, 0.1264357, 151.3278, 1169.524, 221.6864, 0.7309812, 743.3333, 712.9604, 654.9774
330.7, 40.39947, 8.200849, 161.4409, 49.69173, 206.8976, 333.6088, 1417.941, 948.3068, 896.9977, 0.1204182, 142.6454, 1227.352, 207.0179, 0.6907324, 769.6179, 673.4631, 621.4082
330.8, 37.81372, 7.819058, 149.8662, 47.10182, 194.1086, 314.911, 1479.077, 896.7609, 911.2194, 0.1146871, 134.461, 1322.393, 193.3199, 0.6526996, 728.9165, 636.154, 589.5596
330.9, 35.39347, 7.455042, 139.1213, 44.64689, 182.1102, 297.2612, 1494.287, 1033.218, 932.5087, 0.1092287, 126.7463, 1259.389, 180.5284, 0.6167611, 690.3677, 600.9117, 559.3433
331, 72.84108, 7.107973, 129.1468, 42.31991, 277.032, 280.6006, 1412.729, 977.0569, 891.9999, 0.1040301, 119.4742, 1199.386, 168.5832, 0.5828013, 834.5853, 567.6219, 603.6721
331.1, 68.17892, 6.777061, 119.8874, 40.11422, 259.9078, 264.8738, 1708.206, 1142.16, 937.3394, 0.09907892, 112.6193, 1226.337, 157.4284, 0.5507115, 837.2359, 536.1762, 572.7325
331.2, 169.3026, 6.461555, 111.2919, 38.02348, 243.8421, 250.0284, 1614.972, 1101.604, 896.6207, 0.0943634, 106.1578, 1289.208, 147.0117, 0.5203885, 824.0385, 506.4726, 637.3332
331.3, 158.4664, 6.160738, 103.3127, 36.04171, 228.7695, 236.0151, 1526.827, 1115.775, 981.5368, 0.0898723, 100.0669, 1283.767, 137.2842, 0.4917352, 780.4591, 478.4146, 604.6683
331.4, 148.3239, 5.873925, 95.90553, 34.16323, 214.6285, 222.7872, 1443.492, 1218.661, 1079.954, 0.08559495, 603.6815, 1247.086, 128.2004, 0.4646596, 982.8538, 451.9109, 573.6777
331.5, 138.8304, 5.600464, 157.6054, 32.38266, 201.3617, 210.3006, 1364.706, 1296.421, 1366.785, 0.08152118, 642.2154, 1187.67, 119.7177, 0.4390748, 995.2514, 426.8755, 544.2753
331.6, 129.9447, 5.339735, 256.2726, 30.69489, 188.9149, 198.5139, 1290.221, 1337.364, 1777.288, 0.07764129, 605.3681, 1131.084, 111.7962, 0.4148987, 1065.002, 403.2271, 516.3799
331.7, 121.6276, 5.091144, 237.8988, 29.09508, 177.2375, 187.3878, 1219.8, 1306.984, 2008.452, 0.07394605, 570.6349, 1106.177, 104.3989, 0.3920538, 1057.405, 380.8887, 489.9142
331.8, 113.8429, 4.854125, 220.8423, 65.75681, 166.2819, 176.8853, 1153.223, 1235.942, 1978.7, 0.07042669, 537.8947, 1122.576, 97.49104, 0.3704668, 1038.292, 359.7879, 464.805
331.9, 106.5564, 4.628142, 205.0087, 62.32959, 156.0035, 166.9714, 1090.28, 1201.296, 1892.744, 0.06707483, 507.0328, 1225.2, 91.04027, 0.3500684, 983.3815, 339.856, 440.9826
332, 99.73631, 4.412679, 190.3103, 59.081, 146.3605, 157.6132, 1030.772, 1183.461, 1962.756, 0.06388249, 477.9417, 1178.986, 85.01633, 0.3307931, 931.3752, 321.0284, 418.3812
332.1, 93.35272, 4.207246, 176.6657, 56.00172, 137.3135, 148.7794, 974.5128, 1163.072, 1909.939, 0.06084209, 450.5197, 1141.082, 79.39098, 0.3125792, 882.1194, 303.2437, 396.9382
332.2, 87.37772, 4.011378, 163.9994, 53.08294, 128.8257, 140.4408, 921.3237, 1182.149, 1877.594, 0.0579464, 577.1198, 1229.775, 74.13784, 0.2953681, 886.3528, 286.4444, 508.282
332.3, 81.78514, 3.824628, 152.2412, 50.31627, 120.8626, 132.5695, 1159.187, 1117.893, 1941.737, 0.05518851, 544.0074, 1171.183, 69.23229, 0.2791047, 977.1722, 270.5757, 482.2313
332.4, 76.55051, 3.646573, 141.3261, 47.69381, 113.3917, 125.1394, 1095.919, 1057.129, 1876.268, 0.05256189, 512.7949, 1166.823, 64.65134, 0.2637368, 925.4944, 255.586, 531.1279
332.5, 122.6163, 145.7877, 131.1935, 45.20803, 106.3826, 118.1257, 1036.103, 999.6677, 1794.761, 0.05006028, 483.3731, 1111.231, 60.37349, 0.2492151, 942.8765, 241.4268, 531.8148
332.6, 160.6261, 170.2751, 121.7874, 42.8518, 132.2684, 111.5051, 979.5525, 1100.202, 1847.285, 0.04767773, 455.6395, 1088.266, 56.37871, 76.93672, 960.8587, 228.0521, 778.4752
332.7, 150.3453, 189.0106, 113.0556, 101.0017, 124.0925, 105.2556, 926.0884, 1220.494, 1802.496, 0.04540857, 429.4971, 1214.08, 52.64825, 252.0308, 981.2021, 215.4182, 760.0211
332.8, 140.7225, 214.1674, 104.95, 95.7375, 116.422, 99.35635, 875.5424, 1477.634, 1843.019, 453.945, 404.8546, 1329.581, 49.16462, 238.1537, 929.3111, 203.4843, 804.7203
332.9, 131.7156, 204.1968, 97.42542, 90.7477, 109.2256, 93.78773, 827.7551, 1528.312, 1762.957, 432.3401, 381.6259, 1266.234, 45.9115, 225.0406, 999.3908, 192.2115, 763.4764
333, 123.2852, 194.6904, 90.44036, 86.01797, 102.474, 88.53121, 782.5761, 1523.667, 1853.842, 411.7635, 359.73, 1205.905, 42.87363, 212.6496, 976.6102, 181.5631, 724.3465
333.1, 115.3944, 185.6266, 83.95611, 81.53474, 96.13979, 83.56931, 739.863, 1640.601, 1925.369, 392.1662, 339.0905, 1262.273, 40.03678, 200.9408, 924.9621, 171.5047, 687.222
333.2, 108.0086, 176.9848, 77.93675, 77.28519, 90.1971, 78.8855, 699.4811, 1629.2, 1908.099, 507.1983, 319.635, 1233.155, 37.38763, 189.8767, 1255.446, 162.0036, 652.0003
333.3, 101.0956, 168.7453, 72.34896, 73.25711, 84.62174, 74.4642, 661.3033, 1586.855, 1892.941, 483.0589, 301.2959, 1377.761, 34.91376, 245.4644, 1219.444, 153.0287, 618.5837
333.4, 94.62499, 160.8893, 67.1618, 69.43898, 79.39101, 70.29071, 625.2093, 1500.6, 1960.785, 460.0683, 284.009, 1328.442, 32.6036, 271.2579, 1373.995, 144.5511, 586.8799
333.5, 88.56856, 153.3991, 62.34653, 65.81985, 74.48361, 66.35113, 832.8851, 1556.409, 1947.874, 544.2629, 267.7139, 1299.308, 30.44629, 256.3221, 1426.674, 136.5431, 556.8009
333.6, 82.89977, 146.2576, 57.87651, 62.38934, 104.2257, 62.63235, 787.4261, 1516.574, 1863.257, 1092.532, 252.3537, 1470.43, 28.43172, 242.2086, 1351.225, 128.9788, 720.0638
333.7, 77.5938, 231.3455, 53.72697, 59.13763, 97.78323, 59.12199, 744.4483, 1434.14, 1974.375, 1040.534, 237.8749, 1468.239, 26.55045, 228.8723, 1279.765, 121.8335, 683.1588
333.8, 72.62743, 220.5752, 49.87494, 56.0554, 91.73895, 55.80838, 703.8162, 1356.186, 2035.039, 991.0114, 224.2267, 1494.425, 24.79366, 216.2702, 1212.084, 115.084, 648.1453
333.9, 67.97894, 224.615, 46.29908, 69.56803, 86.06828, 52.68049, 796.3547, 1632.49, 1961.915, 1211.215, 211.3617, 1423.224, 23.15312, 282.7277, 1207.811, 108.7085, 858.8663
334, 63.62798, 519.676, 42.9796, 65.94217, 80.74814, 49.72791, 890.3551, 1668.534, 2003.319, 1153.569, 199.2348, 1404.379, 21.62112, 267.1603, 1276.166, 102.6862, 814.8474
334.1, 59.5555, 809.2935, 39.89811, 98.7729, 75.75685, 46.94081, 841.7594, 1739.033, 1927.675, 1098.667, 187.8036, 1509.536, 20.1905, 252.4501, 1208.676, 96.99747, 773.0845
334.2, 55.74367, 771.6169, 37.03756, 93.62489, 71.07409, 44.30992, 795.816, 1722.815, 1927.246, 1046.377, 177.0283, 1437.616, 18.85454, 238.5498, 1174.52, 91.62391, 733.4621
334.3, 52.17582, 735.6943, 34.3821, 108.2352, 66.68079, 41.82648, 752.3803, 1668.709, 1967.407, 996.5763, 166.8713, 1516.553, 17.60697, 225.4149, 1126.032, 86.54804, 798.7731
334.4, 48.83633, 701.444, 31.91702, 102.594, 62.55904, 39.48224, 806.468, 1578.005, 1881.942, 1127.534, 157.297, 1598.382, 16.44196, 213.0033, 1133.141, 81.75337, 884.5625
334.5, 45.71058, 807.7471, 29.62869, 97.24682, 58.69208, 37.26938, 762.4509, 1581.067, 1811.662, 1073.87, 148.272, 1522.228, 15.35403, 201.275, 1073.215, 77.22432, 839.2266
334.6, 42.78489, 770.1425, 27.50442, 92.17835, 55.06414, 35.18054, 820.2876, 1495.127, 1867.929, 1022.761, 139.7649, 1470.619, 14.33808, 190.1925, 1016.458, 72.94617, 796.2142
334.7, 40.04646, 734.2885, 25.53245, 87.37405, 51.66046, 33.20878, 775.5162, 1500.728, 1798.476, 1049.617, 131.7459, 1485.132, 13.38936, 179.7202, 1171.93, 68.90504, 807.0366
334.8, 37.48331, 788.0198, 23.70186, 82.82015, 48.46717, 31.34753, 733.1884, 1419.155, 1765.24, 1124.948, 124.1869, 1468.321, 12.50342, 169.8246, 1109.952, 65.08777, 886.0909
334.9, 35.0842, 1021.089, 22.00252, 78.5036, 45.47126, 29.59059, 693.1708, 1403.263, 1688.557, 1099.153, 117.0617, 1419.226, 11.67609, 160.4738, 1074.895, 61.48198, 840.6767
335, 32.83865, 1144.238, 20.42502, 74.41203, 42.66055, 27.93213, 803.8681, 1632.942, 1615.205, 1104.813, 110.3452, 1454.037, 10.90351, 151.6379, 1194.818, 58.07594, 797.59
335.1, 30.73683, 1508.541, 18.96062, 70.5337, 40.02357, 26.36662, 759.9929, 1872.437, 1545.039, 1052.231, 104.0141, 1384.761, 10.18205, 143.2885, 1131.63, 54.85859, 756.7117
335.2, 28.76953, 1438.311, 17.60121, 66.85751, 37.54959, 24.88885, 718.5123, 1770.659, 1582.376, 1002.152, 98.0463, 1318.785, 9.508324, 135.3988, 1242.428, 51.81948, 717.9284
335.3, 26.92814, 1371.35, 16.33926, 63.37292, 35.22853, 23.4939, 735.3578, 1721.599, 1534.88, 1234.601, 92.42087, 1329.412, 8.879178, 127.9436, 1204.866, 48.94874, 681.1329
335.4, 25.20462, 1384.854, 15.1678, 60.06995, 33.05095, 22.17714, 755.9106, 1674.17, 1493.358, 1175.842, 87.11819, 1266.073, 8.291661, 120.8988, 1141.147, 46.23703, 646.2232
335.5, 23.59141, 1320.382, 14.08032, 101.1534, 31.00797, 20.93418, 733.7579, 1637.614, 1428.486, 1119.879, 82.11977, 1205.752, 7.74302, 114.242, 1080.797, 43.67555, 613.1027
335.6, 22.08145, 1258.912, 13.07081, 95.88131, 29.09127, 19.76088, 730.7904, 1548.6, 1508.513, 1066.58, 77.40813, 1148.305, 7.23068, 107.9517, 1131.778, 41.25597, 581.6797
335.7, 20.66813, 1268.05, 12.13368, 90.88401, 27.29305, 18.65335, 690.9037, 1464.425, 1442.983, 1015.818, 72.96682, 1093.595, 6.752242, 102.0077, 1071.924, 38.97044, 551.8673
335.8, 19.34528, 1284.995, 11.26374, 86.14717, 25.60599, 17.60788, 737.6854, 1384.825, 1391.813, 967.4711, 68.78033, 1041.491, 6.30546, 96.39101, 1015.235, 36.81152, 523.5828
335.9, 18.10709, 1225.172, 10.45617, 100.1728, 24.0232, 16.62101, 697.4224, 1309.552, 1438.969, 921.4256, 64.83404, 991.8704, 5.888241, 91.08358, 1088.625, 34.7722, 496.748
336, 136.3087, 1168.135, 9.706496, 94.95185, 22.53825, 15.68946, 820.4228, 1308.696, 1376.459, 877.5716, 61.11417, 944.6135, 5.498628, 86.06839, 1098.589, 32.84586, 471.2885
336.1, 169.4385, 1113.752, 9.010574, 97.38041, 21.1451, 14.81011, 775.644, 1237.561, 1316.665, 835.8047, 57.60773, 899.608, 5.134796, 81.32935, 1040.49, 31.02623, 563.0199
336.2, 158.5937, 1061.901, 8.364548, 92.30498, 97.26105, 13.98005, 733.3092, 1198.553, 1318.087, 1048.146, 54.30247, 856.7469, 4.795037, 76.85123, 1148.923, 437.4955, 634.2163
336.3, 148.4429, 1150.986, 7.764839, 87.49408, 122.5812, 13.19651, 693.2851, 1218.685, 1355.832, 1124.377, 51.18685, 913.6702, 4.47776, 72.6197, 1240.563, 413.2587, 774.7817
336.4, 159.3278, 1097.402, 7.208127, 129.6581, 115.004, 12.45689, 655.4455, 1321.416, 1393.924, 1162.69, 48.24999, 1060.745, 4.181476, 68.62115, 1336.009, 390.3646, 766.9233
336.5, 149.1301, 1074.24, 6.69133, 122.9004, 107.8953, 11.75871, 619.6712, 1281.225, 1333.371, 1107.354, 45.48164, 1010.207, 3.904797, 64.84278, 1350.083, 368.7388, 727.6167
336.6, 139.5851, 1024.228, 6.211586, 116.4949, 101.226, 11.09967, 585.8494, 1211.583, 1359.985, 1080.305, 163.9792, 962.0762, 3.646425, 61.27245, 1278.684, 348.311, 872.1314
336.7, 130.651, 1203.574, 5.766237, 115.6932, 94.96887, 10.47757, 553.8737, 1145.726, 1352.404, 1095.243, 154.5708, 1016.572, 3.405148, 57.8987, 1211.061, 329.015, 827.4326
336.8, 122.2887, 1284.619, 5.352818, 109.6633, 89.09856, 9.890335, 653.1977, 1314.398, 1398.709, 1043.116, 162.1288, 1099.931, 3.179837, 54.71072, 1185.092, 310.7879, 785.0247
336.9, 171.8507, 1224.814, 4.96904, 103.9477, 83.5911, 9.336012, 617.5461, 1388.743, 1389.093, 1455.761, 152.8266, 1251.242, 2.969434, 51.69827, 1122.418, 293.5706, 868.1315
337, 244.9548, 1515.515, 4.612777, 98.53001, 78.42408, 8.812757, 763.4199, 1397.148, 1382.39, 1386.476, 217.3623, 1318.986, 2.772952, 48.85169, 1089.275, 277.3071, 823.6377
337.1, 229.2766, 1444.96, 4.282057, 93.39466, 73.57645, 8.318829, 890.7616, 1321.205, 1418.486, 1320.488, 238.7618, 1319.593, 2.589472, 46.16185, 1156.958, 261.9446, 781.4243
337.2, 214.6018, 1377.69, 3.975049, 88.52697, 69.02847, 7.852583, 961.3344, 1290.11, 1512.355, 1257.641, 406.5712, 1352.099, 2.418132, 43.62011, 1232.208, 247.4331, 741.3745
337.3, 200.8663, 1458.42, 3.690052, 83.91298, 64.7616, 7.41247, 908.8646, 1321.589, 1446.657, 1197.786, 503.9941, 1287.679, 2.258129, 41.21833, 1167.043, 233.7256, 899.3958
337.4, 188.01, 1390.523, 3.425488, 79.53947, 60.75849, 6.997024, 882.072, 1249.753, 1496.922, 1140.779, 475.0774, 1226.329, 2.108713, 38.94879, 1105.324, 220.7774, 1156.952
337.5, 175.9765, 1338.022, 3.179893, 75.3939, 57.00282, 6.604862, 909.0517, 1181.822, 1486.369, 1303.768, 633.5071, 1167.901, 1.969184, 36.80421, 1046.868, 208.5466, 1097.656
337.6, 164.7132, 1354.488, 2.951906, 71.46439, 53.47931, 6.234679, 859.4355, 1117.583, 1459.781, 1241.717, 597.1595, 1195.14, 1.838887, 34.77772, 1027.518, 196.9933, 1041.398
337.7, 154.1707, 1506.101, 2.740265, 67.7397, 50.17359, 5.885244, 812.5274, 1206.669, 1467.142, 1371.925, 562.8973, 1247.987, 1.717212, 32.86281, 1029.357, 186.0801, 1110.84
337.8, 144.3031, 1435.985, 2.543797, 64.20914, 47.0722, 5.555394, 768.1796, 1141.08, 1504.701, 1348.677, 530.601, 1273.074, 1.603588, 31.05334, 974.9194, 175.7715, 1160.945
337.9, 135.067, 1401.576, 2.361416, 60.86258, 44.16253, 5.244031, 726.2522, 1079.056, 1576.86, 1574.367, 500.1576, 1248.552, 1.497482, 29.3435, 923.3607, 166.0339, 1240.692
338, 126.4221, 1458.065, 2.192111, 57.69045, 41.43271, 4.950119, 686.6132, 1020.403, 1508.36, 1499.437, 471.4609, 1189.066, 1.398397, 27.7278, 874.5286, 156.8358, 1177.104
338.1, 118.3305, 1390.185, 2.034944, 54.68364, 38.87163, 4.67268, 649.1378, 964.9379, 1523.072, 1428.073, 494.9034, 1132.414, 1.305868, 26.20107, 828.2791, 148.1473, 1116.775
338.2, 110.7568, 1325.465, 1.889046, 51.83355, 36.46885, 4.410791, 613.7077, 912.488, 1558.205, 1360.106, 466.5082, 1296.748, 1.219461, 24.75841, 784.4754, 139.9401, 1059.537
338.3, 103.6679, 1263.758, 1.753608, 49.13201, 34.2146, 4.163579, 788.362, 862.8891, 1547.609, 1392.143, 439.7422, 1364.269, 1.138772, 23.39517, 742.9883, 132.1875, 1005.234
338.4, 97.03267, 1204.924, 1.62788, 46.57127, 32.09969, 3.930223, 1021.814, 815.9861, 1551.515, 1325.885, 414.5118, 1373.798, 1.063422, 22.107, 816.688, 124.8645, 953.713
338.5, 90.82213, 1272.827, 1.511167, 44.14399, 30.11551, 3.709946, 966.0432, 771.6326, 1659.919, 1262.782, 390.7291, 1371.532, 0.9930575, 20.88976, 908.7491, 117.9471, 904.8329
338.6, 85.00909, 1307.251, 1.402822, 41.84322, 28.25398, 3.502015, 913.3164, 729.6899, 1587.811, 1400.563, 368.3109, 1306.186, 0.927349, 19.73954, 860.6898, 111.413, 974.9664
338.7, 79.56812, 1246.392, 1.302244, 39.66237, 26.50751, 3.305738, 863.4675, 690.0271, 1618.429, 1552.548, 347.179, 1337.873, 0.8659883, 18.65265, 815.1721, 105.2408, 924.9971
338.8, 74.4754, 1188.367, 1.208878, 37.59518, 24.86901, 3.120461, 816.3393, 652.5201, 1548.123, 1478.657, 327.2595, 1274.131, 0.8086876, 17.62561, 772.0616, 99.41059, 877.5888
338.9, 69.70863, 1133.042, 1.122206, 35.63574, 23.33178, 2.945569, 771.7834, 617.0519, 1618.847, 1408.282, 615.468, 1213.426, 0.7551785, 16.65512, 881.2612, 93.90335, 832.6103
339, 147.9056, 1080.293, 1.041748, 72.42537, 21.88957, 2.780479, 729.6593, 583.5116, 1671.416, 1341.257, 893.9406, 1200.214, 0.7052099, 15.73807, 868.7485, 88.7012, 866.9377
339.1, 188.3127, 1147.339, 0.9670581, 68.65059, 20.5365, 2.624641, 689.8344, 669.3887, 1598.808, 1496.556, 842.6506, 1356.426, 0.6585476, 14.87151, 915.4788, 83.78725, 822.5051
339.2, 203.85, 1325.391, 0.8977234, 115.4348, 19.26708, 2.477538, 652.1832, 859.3275, 1529.355, 1563.904, 794.3033, 1515.123, 0.6149729, 14.05266, 867.0636, 79.14552, 941.0713
339.3, 190.8027, 1422.88, 0.8333598, 109.4184, 18.07612, 2.33868, 616.5869, 1217.238, 1462.919, 1701.274, 859.6618, 1572.736, 0.5742815, 133.2997, 990.3868, 74.76095, 892.8392
339.4, 178.5905, 1460.038, 0.7736109, 109.3829, 16.95878, 2.207604, 582.9335, 1151.074, 1399.369, 1713.942, 810.3385, 1497.804, 0.5362825, 125.96, 1129.964, 70.61927, 1015.221
339.5, 167.1599, 1665.907, 0.7181457, 128.9144, 15.91051, 2.083874, 551.1169, 1088.507, 1384.227, 1632.369, 763.8452, 1426.442, 0.5007979, 119.0245, 1070.206, 66.70704, 963.1881
339.6, 156.4608, 1647.97, 0.6666572, 122.1954, 14.92703, 1.96708, 521.0369, 1029.34, 1375.07, 1703.323, 720.0193, 1358.48, 0.4676611, 112.4708, 1084.018, 63.01154, 913.8224
339.7, 146.4466, 1602.8, 0.6188602, 115.8266, 14.00434, 1.856831, 492.5987, 973.3894, 1315.336, 1788.019, 678.7081, 1293.757, 0.436717, 106.278, 1026.689, 59.52077, 866.9869
339.8, 137.0734, 1528.181, 0.5744901, 109.7898, 13.13869, 1.752761, 465.7126, 920.4801, 1339.774, 1702.92, 639.767, 1293.281, 0.4078204, 100.4262, 972.3929, 56.22338, 822.5518
339.9, 128.3, 1473.689, 0.5333012, 104.0676, 12.32655, 1.654524, 440.2939, 870.4467, 1309.435, 1621.872, 603.0602, 1231.663, 0.3808358, 94.89658, 920.9678, 53.10867, 780.394
340, 120.0882, 1405.081, 30.40167, 98.64363, 11.56461, 1.561793, 416.2626, 823.1329, 1284.707, 1544.681, 568.4595, 1260.375, 0.3556367, 89.67145, 957.8347, 50.1665, 740.397
340.1, 112.402, 1521.057, 28.22198, 93.50237, 10.84977, 1.474259, 393.5429, 778.3909, 1257.592, 1471.164, 535.844, 1217.461, 0.332105, 84.73401, 1172.756, 47.38733, 702.4499
340.2, 105.2078, 1450.244, 127.8313, 88.62906, 10.17911, 130.6006, 372.0633, 736.0809, 1219.503, 1587.433, 505.0998, 1234.525, 0.3101303, 80.06844, 1153.523, 44.76212, 666.4477
340.3, 98.47401, 1382.728, 118.6662, 84.00975, 9.549907, 211.5681, 351.756, 696.0707, 1249.799, 1511.882, 476.1196, 1223.907, 0.2896096, 75.65975, 1092.519, 42.28235, 632.2906
340.4, 92.17123, 1460.665, 110.1583, 81.92094, 8.959598, 351.9464, 332.5571, 658.2352, 1199.838, 1439.926, 448.8021, 1165.595, 0.2704467, 71.49382, 1034.741, 39.93995, 599.8843
340.5, 86.27184, 1392.664, 102.2603, 182.4439, 8.405778, 332.2209, 314.4061, 622.4564, 1280.757, 1371.394, 423.052, 1212.576, 0.2525519, 67.55727, 980.0187, 224.1867, 569.1388
340.6, 80.75005, 1344.123, 144.3342, 172.935, 7.886191, 313.601, 297.2457, 588.6223, 1253.42, 1383.308, 398.7793, 1196.12, 0.235841, 63.83747, 928.1902, 256.7138, 826.5894
340.7, 75.58167, 1290.642, 133.9859, 163.9217, 7.398721, 296.0246, 281.022, 556.6273, 1210.93, 1317.471, 531.9226, 1193.479, 0.2202359, 60.32249, 1055.29, 242.4922, 784.2247
340.8, 70.74409, 1271.799, 171.6609, 155.3782, 6.941384, 279.4333, 265.6838, 526.3714, 1231.292, 1296.899, 799.3582, 1213.234, 0.2056634, 57.00105, 1025.76, 258.6682, 744.0314
340.9, 95.64986, 1212.59, 159.3534, 147.2799, 6.512316, 263.7719, 251.1827, 497.7601, 1339.942, 1295.517, 878.9943, 1259.193, 0.1920551, 53.8625, 1072.879, 308.995, 705.898
341, 107.8681, 1156.138, 147.9284, 139.6038, 6.10977, 248.9883, 237.4731, 470.704, 1296.606, 1323.666, 846.3575, 1260.12, 0.1793472, 50.89675, 1016.14, 369.3676, 669.7191
341.1, 168.2001, 1253.772, 137.3224, 132.3277, 5.732106, 235.0333, 224.5118, 445.1185, 1240.28, 1416.274, 889.3766, 1304.592, 0.1674802, 48.0943, 962.4011, 348.905, 635.3943
341.2, 157.4346, 1195.402, 127.4769, 125.4308, 5.377787, 221.8604, 212.2579, 420.9238, 1186.402, 1348.868, 986.8657, 1242.436, 0.1563984, 45.44616, 911.5044, 329.576, 602.8289
341.3, 147.358, 1173.179, 118.3372, 118.8934, 5.04537, 209.4258, 200.6728, 398.0442, 1219.265, 1284.671, 930.244, 1183.241, 0.1460498, 42.94383, 991.5491, 311.3178, 736.3322
341.4, 137.9264, 1242.036, 109.8529, 112.6967, 4.7335, 197.6881, 189.7201, 376.4082, 1182.954, 1223.528, 1039.512, 1126.866, 0.136386, 40.57928, 939.1109, 294.0712, 698.5934
341.5, 129.0985, 1214.765, 260.7154, 106.823, 4.440908, 186.6083, 179.3651, 355.9482, 1272.34, 1165.296, 979.8699, 1073.178, 0.1273616, 38.34493, 889.4459, 277.7799, 662.7888
341.6, 120.8356, 1158.212, 293.3784, 101.2554, 4.166402, 176.1494, 169.5753, 336.6004, 1240.967, 1366.78, 1145.443, 1022.047, 0.1189344, 36.23361, 974.171, 262.3912, 628.8193
341.7, 113.1016, 1171.143, 272.3442, 95.97803, 3.908864, 166.2768, 160.3199, 318.3042, 1230.456, 1301.73, 1079.723, 973.3522, 0.1110647, 34.23854, 988.7906, 247.855, 596.5909
341.8, 105.8625, 1116.621, 272.5815, 90.9757, 3.667245, 156.9575, 358.9813, 301.0026, 1181.853, 1239.776, 1056.712, 926.9776, 0.1037158, 32.35331, 936.4983, 234.1241, 566.0142
341.9, 99.08685, 1153.759, 253.0384, 86.23409, 3.440561, 148.1605, 339.388, 284.6414, 1150.31, 1180.771, 1017.529, 882.8124, 0.09685317, 30.5719, 886.9715, 221.1539, 537.0046
342, 92.74483, 1100.046, 234.8964, 81.7396, 3.22789, 139.8566, 365.6757, 269.1695, 1220.557, 1124.574, 959.1484, 840.7515, 0.09044459, 28.88857, 894.2951, 397.5594, 509.4818
342.1, 86.80874, 1048.833, 218.0552, 77.47936, 3.028364, 132.018, 345.717, 254.5386, 1167.535, 1071.051, 1038.263, 800.6945, 0.08446006, 27.29792, 847.0002, 375.5351, 550.4933
342.2, 81.25258, 1091.057, 202.4214, 73.44117, 2.841172, 124.6188, 498.6591, 240.7029, 1155.268, 1020.076, 978.6928, 762.546, 0.07887152, 25.79486, 802.2065, 354.7308, 615.7808
342.3, 76.05204, 1040.263, 187.9085, 69.61344, 2.66555, 117.6343, 471.4423, 227.6193, 1156.025, 971.5267, 922.54, 726.2151, 0.07365276, 24.37456, 759.7817, 335.0791, 584.2205
342.4, 71.18436, 991.8332, 174.4361, 65.98521, 2.500784, 111.0413, 445.7109, 215.2469, 1105.806, 925.2881, 1023.431, 691.6151, 0.06877931, 23.03246, 810.082, 316.5161, 554.2778
342.5, 66.62823, 1000.654, 161.9297, 62.54609, 2.346203, 104.8177, 472.4242, 203.547, 1167.698, 1021.506, 964.7118, 658.6636, 0.06422833, 21.76426, 767.2407, 298.9814, 525.8698
342.6, 62.36371, 975.0342, 150.3199, 59.28621, 2.201177, 98.94303, 446.6393, 192.4831, 1194.643, 1074.804, 909.3612, 720.0742, 0.05997848, 20.56589, 726.6651, 282.4182, 498.9178
342.7, 58.37215, 1003.378, 139.5425, 56.19624, 2.065116, 93.39758, 422.2616, 182.0205, 1234.985, 1023.65, 904.7746, 712.5234, 0.05600983, 19.4335, 688.2354, 266.7725, 473.347
342.8, 54.63606, 956.6658, 129.5378, 53.26731, 1.937465, 88.16293, 548.9485, 172.1266, 1296.199, 974.9312, 868.5128, 678.5757, 0.05230378, 18.36347, 831.0625, 251.9936, 449.0869
342.9, 51.1391, 912.1283, 120.2504, 50.49104, 1.817704, 83.22166, 618.5092, 415.5196, 1254.273, 928.5307, 828.1057, 757.5361, 0.04884295, 17.35235, 810.0428, 238.0334, 611.7901
343, 47.86596, 984.438, 111.6289, 47.85947, 1.705346, 78.55734, 584.7509, 463.2914, 1269.529, 884.3386, 887.2892, 721.4439, 0.04561111, 16.39691, 826.9937, 224.8466, 580.4344
343.1, 44.80232, 1004.971, 103.6255, 45.36506, 1.599934, 74.15444, 716.67, 542.7451, 1422.593, 1040.934, 836.3807, 687.0712, 0.04259312, 15.49407, 783.258, 212.3904, 699.4549
343.2, 41.93477, 1001.019, 96.19588, 43.00064, 1.501037, 150.1321, 677.5541, 513.2438, 1435.808, 991.3922, 885.114, 681.9433, 0.03977482, 14.64094, 867.9718, 200.6242, 663.6062
343.3, 39.25075, 1053.555, 116.1756, 40.75947, 1.408253, 141.7176, 1248.884, 716.4279, 1613.052, 1038.272, 891.4649, 649.4526, 0.03714301, 13.83479, 822.069, 189.5098, 629.5948
343.4, 36.73852, 1004.507, 107.8462, 38.6351, 1.321205, 133.7748, 1391.575, 841.961, 1542.98, 1260.407, 880.8758, 681.8859, 0.03468533, 13.07303, 884.015, 179.0112, 678.0247
343.5, 34.38709, 1111.166, 148.4509, 36.62146, 1.239537, 126.2771, 1495.653, 912.8317, 1685.899, 1309.318, 957.533, 802.7531, 0.03239028, 12.35321, 992.6104, 169.0941, 643.2744
343.6, 32.18616, 1059.436, 347.8271, 34.71276, 1.162917, 119.1997, 1551.815, 863.2141, 1634.188, 1455.779, 1133.422, 802.9929, 0.03024708, 11.67303, 940.116, 159.7265, 610.305
343.7, 30.12609, 1010.114, 322.8891, 32.90355, 1.091034, 112.5189, 1467.116, 960.2081, 1563.198, 1458.007, 1129.287, 764.7349, 0.02824569, 11.03029, 890.3979, 150.8778, 683.4982
343.8, 28.19789, 1078.874, 299.7391, 31.18863, 1.023594, 106.2126, 1387.041, 908.0153, 1580.476, 1388.615, 1119.17, 856.9345, 0.02637674, 10.42295, 843.3091, 142.5193, 648.4673
343.9, 26.39309, 1114.243, 399.9203, 29.56309, 0.9603223, 100.2597, 1311.336, 858.6595, 1563.148, 1525.162, 1068.204, 816.1065, 0.02463144, 9.849047, 798.7106, 134.6239, 615.2319
344, 24.70381, 1074.35, 404.8623, 32.09681, 0.9009619, 94.64042, 1293.998, 1053.202, 1495.244, 1452.574, 1066.621, 777.2237, 0.02300163, 9.306745, 868.0713, 127.1659, 626.0435
344.1, 23.12265, 1024.333, 375.8351, 30.42394, 0.8452707, 89.33611, 1257.217, 995.9545, 1474.429, 1383.44, 1170.502, 740.1934, 0.02147966, 8.794302, 942.9474, 120.1211, 593.9573
344.2, 21.6427, 1018.069, 348.8891, 28.83826, 0.7930219, 84.32909, 1223.322, 941.8186, 1540.526, 1381.05, 1271.605, 897.2508, 0.0200584, 8.310076, 893.0796, 334.0764, 644.3995
344.3, 20.25747, 1009.712, 323.875, 79.2428, 0.7440028, 79.60271, 1156.553, 890.6254, 1473.604, 1654.108, 1198.647, 854.502, 0.01873118, 7.852511, 845.849, 315.5689, 730.1492
344.4, 18.96089, 962.7046, 333.915, 75.11269, 0.6980137, 75.14122, 1212.551, 842.2148, 1409.59, 1575.383, 1129.874, 813.7899, 0.01749178, 7.420141, 993.941, 298.0868, 773.9478
344.5, 17.74731, 917.8859, 312.621, 71.19785, 0.6548674, 70.92979, 1146.37, 865.0593, 1348.356, 1500.405, 1274.46, 775.0175, 0.01633438, 7.011578, 941.3763, 281.5731, 734.2812
344.6, 16.6114, 1054.3, 480.8668, 67.48705, 0.614388, 66.95438, 1326.428, 934.2203, 1521.04, 1632.083, 1201.338, 824.1416, 0.01525357, 6.625511, 891.5916, 265.9742, 696.6475
344.7, 15.54819, 1005.217, 446.3904, 63.96965, 0.5764108, 63.20179, 1254.032, 883.4401, 1454.965, 1724.127, 1132.411, 784.876, 0.01424427, 6.260701, 844.4396, 251.2395, 660.9427
344.8, 14.55304, 974.9274, 414.3858, 60.63557, 0.5407811, 59.65953, 1185.586, 835.4201, 1391.76, 1642.069, 1067.438, 781.2308, 0.01330176, 5.915978, 799.7814, 237.3211, 627.0678
344.9, 13.62158, 1064.104, 384.6758, 57.47527, 0.5073537, 56.31579, 1120.877, 790.0103, 1331.301, 1673.913, 1212.488, 759.6967, 0.01242161, 5.590236, 757.4849, 224.1738, 594.9291
345, 12.74973, 1014.564, 374.7498, 148.3731, 0.4759926, 53.15946, 1187.367, 839.3078, 1380.367, 1594.245, 1202.647, 927.5341, 0.0115997, 5.28243, 717.4252, 211.7548, 564.4376
345.1, 11.93369, 967.3312, 347.8816, 140.64, 0.4465701, 50.18003, 1122.56, 793.6866, 1381.232, 1518.37, 1133.645, 907.5494, 0.01083217, 4.991572, 679.4841, 200.0238, 535.5088
345.2, 11.16988, 922.2971, 322.9397, 133.3099, 0.4189662, 47.3676, 1061.291, 750.5452, 1446.831, 1446.105, 1068.602, 904.0255, 0.01011543, 4.716729, 643.5495, 188.9427, 508.0627
345.3, 10.45496, 879.3596, 299.7861, 139.8555, 0.3930686, 44.71279, 1003.365, 709.7487, 1513.753, 1722.035, 1007.291, 860.9539, 0.009446113, 4.457019, 609.5153, 178.4755, 639.4971
345.4, 9.785789, 1025.906, 278.2925, 132.5663, 0.3687719, 42.20677, 948.6015, 671.1698, 1502.419, 1640.077, 949.497, 819.9344, 0.008821084, 4.21161, 577.281, 168.5881, 756.9993
345.5, 9.159454, 1019.967, 258.3399, 125.657, 0.345977, 39.84121, 896.8267, 634.6879, 1445.723, 1562.02, 895.0194, 906.9332, 0.008237411, 3.979713, 546.7514, 159.2485, 718.2013
345.6, 8.573207, 972.4821, 239.8179, 119.1078, 0.3245911, 37.60823, 847.8777, 600.189, 1412.385, 1536.271, 843.6674, 863.7231, 0.007692359, 3.760584, 517.8364, 150.4263, 681.3918
345.7, 8.024482, 927.2083, 222.6238, 171.4486, 0.3045271, 35.5004, 801.6005, 648.3376, 1406.883, 1564.128, 795.2618, 924.3472, 0.007183372, 3.553521, 490.4505, 142.0928, 646.4689
345.8, 7.510878, 884.0421, 243.1611, 162.5127, 82.58401, 33.51072, 923.6448, 630.939, 1449.941, 1613.181, 749.6334, 1104.909, 0.006708063, 3.357859, 464.513, 134.2211, 783.5412
345.9, 7.030148, 903.1044, 225.7273, 154.0426, 182.6711, 31.63254, 944.479, 743.8417, 1397.046, 1536.404, 788.8693, 1107.778, 0.006264205, 3.172971, 618.7388, 126.7853, 743.3829
346, 6.580186, 1072.877, 209.5434, 146.014, 171.3796, 29.85963, 892.9292, 703.4096, 1426.223, 1463.281, 857.5335, 1054.998, 0.005849715, 2.998263, 586.0168, 119.7616, 705.2827
346.1, 6.159024, 1022.929, 194.5199, 138.4038, 286.2465, 28.18609, 844.193, 665.1752, 1558.417, 1639.943, 808.3323, 1139.185, 0.005462652, 2.833174, 555.0252, 113.1269, 773.8999
346.2, 5.764818, 975.3068, 189.6942, 131.1902, 394.2426, 26.60635, 798.1168, 629.0192, 1490.718, 1784.438, 761.954, 1084.909, 0.0051012, 151.6173, 567.9714, 106.8598, 891.8973
346.3, 5.395843, 929.9014, 176.0938, 124.3527, 369.8733, 25.11514, 754.5555, 594.8284, 1482.747, 1764.368, 718.2368, 1133.945, 0.004763664, 143.2691, 537.9342, 100.9399, 973.7215
346.4, 5.050484, 886.6098, 246.2906, 117.8715, 347.0103, 23.70752, 713.3717, 562.496, 1418.335, 1680.395, 677.0277, 1169.339, 0.004448463, 135.3805, 509.4855, 95.34791, 923.816
346.5, 4.72723, 1030.781, 228.6324, 111.728, 325.5605, 22.37878, 725.7125, 531.9211, 1378.015, 1600.419, 638.183, 1113.627, 335.8384, 210.1398, 533.1407, 90.06573, 876.4682
346.6, 4.424665, 982.7928, 212.2403, 105.9048, 305.4366, 21.12452, 908.0126, 503.0082, 1318.153, 1524.249, 652.111, 1185.218, 313.6167, 198.5692, 563.1915, 85.07619, 831.5471
346.7, 4.141467, 937.0389, 197.0234, 100.3851, 327.5514, 19.94055, 919.5195, 475.6668, 1260.891, 1451.705, 647.7919, 1128.749, 292.8654, 213.0352, 533.407, 80.36306, 895.4813
346.8, 3.876394, 893.415, 182.8975, 181.0041, 307.3044, 18.82295, 1008.085, 449.8116, 1223.432, 1382.613, 610.6246, 1122.296, 273.4871, 324.0725, 505.1978, 75.91103, 849.5858
346.9, 3.628287, 851.8221, 192.1356, 171.5702, 288.309, 17.76798, 953.0639, 425.3618, 1446.293, 1413.297, 792.244, 1203.474, 255.391, 306.2286, 573.069, 294.0857, 834.2019
347, 3.39606, 812.1656, 178.3602, 210.6687, 501.4429, 16.77213, 901.0455, 402.2409, 1465.297, 1523.709, 828.9514, 1146.135, 238.4923, 289.3672, 615.3342, 277.7937, 791.4471
347.1, 3.178696, 774.3552, 165.5724, 199.6887, 470.4472, 15.83211, 851.8663, 380.3768, 1427.987, 1451.19, 842.3875, 1091.528, 222.7118, 323.1839, 582.7922, 262.4042, 940.4849
347.2, 2.975245, 738.3051, 153.7014, 189.281, 441.3674, 14.94477, 805.3713, 359.7011, 1382.563, 1382.123, 855.8068, 1039.523, 207.9754, 343.7071, 667.21, 247.8673, 892.2828
347.3, 2.784816, 703.9333, 142.6816, 179.4157, 414.0852, 14.10716, 761.4141, 340.1493, 1322.504, 1438.748, 806.7047, 1116.08, 194.2141, 324.7821, 631.9246, 234.1357, 846.5511
347.4, 2.606575, 671.1617, 132.4518, 170.0647, 388.4893, 13.31649, 719.856, 321.6602, 1265.053, 1370.273, 760.4197, 1062.905, 181.3634, 306.8991, 598.5051, 221.1649, 803.1634
347.5, 2.439742, 639.9158, 252.1487, 161.201, 364.4756, 12.57014, 680.5661, 304.1762, 1210.099, 1305.056, 783.9964, 1012.264, 169.3629, 348.9645, 566.8531, 208.9126, 761.9994
347.6, 2.283587, 610.1246, 311.8981, 152.7992, 341.9463, 11.86563, 643.4207, 287.6425, 1231.041, 1242.944, 739.0144, 1031.117, 158.1566, 350.0192, 580.0505, 197.339, 722.9451
347.7, 298.083, 581.7202, 391.512, 144.8354, 468.6236, 11.20059, 781.7738, 272.0074, 1288.831, 1183.788, 911.8419, 1031.329, 147.6917, 330.7466, 583.504, 270.9871, 803.9056
347.8, 931.313, 554.6382, 454.976, 137.2866, 439.6565, 10.57283, 739.1045, 816.5002, 1379.825, 1127.447, 983.8795, 1201.288, 137.9192, 345.8125, 552.6453, 626.7056, 762.7035
347.9, 1251.668, 528.8171, 621.3314, 130.1313, 412.48, 9.98026, 698.764, 860.2195, 1510.283, 1377.124, 1173.212, 1308.574, 128.7934, 326.7715, 571.0403, 591.9868, 845.2113
348, 1258.351, 504.198, 576.7842, 123.3489, 537.9691, 9.420897, 660.6254, 841.4182, 1484.867, 1417.742, 1407.081, 1452.088, 356.9303, 308.7791, 728.666, 559.1913, 872.7211
348.1, 1177.811, 480.7251, 656.4518, 116.92, 504.7155, 8.892884, 624.5684, 929.1029, 1485.927, 1554.065, 1326.349, 1382.904, 333.313, 291.7773, 690.1304, 619.4855, 827.9921
348.2, 1655.846, 458.3449, 660.3529, 110.8262, 491.9229, 8.394465, 590.4793, 878.6008, 1421.377, 1480.101, 1263.637, 1454.891, 698.4994, 275.7116, 874.1962, 618.7984, 785.5555
348.3, 1981.879, 437.0067, 642.3277, 105.05, 467.7693, 7.923981, 558.2509, 1397.115, 1425.972, 1409.658, 1268.276, 1385.573, 1188.087, 260.5305, 827.9642, 1020.813, 745.2939
348.4, 2566.83, 416.6618, 596.2751, 120.8456, 553.4697, 7.479866, 527.7814, 1411.71, 1410.135, 1541.568, 1350.114, 1319.559, 1268.656, 246.1853, 1012.991, 1157.855, 806.5298
348.5, 2402.541, 397.2642, 553.5243, 114.5472, 656.8219, 7.060642, 734.3513, 1743.757, 1517.048, 1468.199, 1272.651, 1539.896, 1367.25, 232.63, 959.4184, 1344.084, 804.8714
348.6, 2439.279, 378.7695, 513.8386, 166.2335, 678.7953, 6.664915, 694.2703, 1898.922, 1451.147, 1398.322, 1269.839, 2071.494, 1327.561, 219.8211, 1009.177, 1269.623, 763.6198
348.7, 2295.088, 361.1359, 476.9982, 282.496, 636.8369, 6.291367, 656.377, 1866.175, 1388.108, 1331.771, 1218.798, 2886.74, 1343.018, 266.1327, 955.8068, 1236.508, 793.4503
348.8, 2148.192, 344.3232, 442.7991, 267.7725, 597.4721, 5.938755, 620.5518, 2052.089, 1327.808, 1268.387, 1400.123, 3069.403, 1296.044, 347.3292, 905.2589, 1168.007, 876.7657
348.9, 2010.698, 328.2933, 411.052, 286.8344, 560.5405, 5.605906, 586.682, 2055.493, 1302.039, 1208.02, 1410.311, 2923.164, 1210.288, 357.7577, 923.3967, 1103.3, 856.2578
349, 2135.162, 313.0096, 381.581, 326.4942, 525.8918, 5.291711, 554.6608, 2056.952, 1245.478, 1150.526, 1329.394, 2894.947, 1130.206, 338.059, 874.5627, 1042.179, 858.7555
349.1, 1998.502, 298.4374, 354.223, 309.4774, 493.3848, 4.995127, 524.3873, 2171.158, 1225.01, 1095.768, 1296.299, 2804.061, 1218.797, 319.445, 828.3114, 1113.012, 814.7422
349.2, 1870.589, 284.5437, 328.8264, 406.999, 462.8872, 4.715166, 495.7662, 2134.851, 1171.795, 1043.616, 1221.924, 2844.498, 1138.152, 301.8559, 784.506, 1068.655, 772.9848
349.3, 1750.863, 271.2968, 393.9258, 385.7863, 434.2747, 4.450895, 468.7072, 2148.932, 1120.891, 993.9467, 1151.816, 2876.209, 1062.843, 285.2353, 743.0173, 1251.416, 733.3675
349.4, 1638.799, 258.6666, 365.6827, 365.6793, 407.4309, 4.201436, 443.1251, 2053.841, 1152.972, 946.6412, 1122.588, 2756.813, 992.5167, 269.5299, 703.7228, 1426.083, 695.7807
349.5, 1533.909, 246.6243, 370.0212, 346.6203, 382.2463, 3.965958, 418.9392, 1987.841, 1102.887, 901.587, 1100.273, 2813.969, 1008.907, 254.6892, 771.4266, 1347.08, 780.5264
349.6, 1435.731, 235.1427, 459.6868, 328.5546, 436.9562, 3.743678, 396.0735, 1879.79, 1054.976, 858.6772, 1037.145, 2679.899, 1211.195, 240.6656, 730.6296, 1272.453, 740.5226
349.7, 1343.838, 224.1957, 471.2192, 311.4304, 409.9466, 3.533856, 374.4557, 1885.324, 1073.895, 817.8096, 977.6383, 2552.218, 1275.879, 227.4142, 691.9902, 1201.961, 702.569
349.8, 1257.826, 325.8811, 437.4345, 295.1988, 384.6065, 3.335794, 354.0179, 1908.239, 1045.966, 962.2839, 1079.821, 2503.829, 1225.399, 400.905, 655.3942, 1135.373, 666.5607
349.9, 1243.837, 310.7097, 406.072, 396.0482, 457.9506, 3.148833, 334.6955, 2019.096, 1000.529, 1115.91, 1017.866, 2501.933, 1266.575, 378.8306, 665.9635, 1072.475, 694.65
350, 1164.226, 296.2446, 376.958, 375.4063, 429.6433, 2.972351, 316.4278, 1985.461, 957.0651, 1062.8, 1003.305, 2436.804, 1417.747, 357.9717, 729.8452, 1188.809, 659.0475
350.1, 1089.71, 282.453, 410.9229, 355.8403, 403.0857, 2.80576, 448.725, 1999.601, 915.4896, 1052.693, 945.7401, 2530.561, 1399.323, 338.2613, 691.2472, 1122.951, 743.4778
350.2, 1019.963, 269.3034, 381.4612, 337.294, 378.1698, 2.648505, 424.2336, 1947.683, 906.3367, 1183.376, 952.137, 2409.995, 1306.733, 319.6361, 770.4276, 1060.74, 813.333
350.3, 954.681, 338.1547, 354.1118, 359.0219, 438.4825, 2.500065, 465.7653, 1924.122, 866.9649, 1127.055, 897.5079, 2415.253, 1220.269, 302.0365, 729.6834, 1001.976, 902.2879
350.4, 893.577, 322.4119, 328.7232, 340.3098, 462.0689, 2.359944, 440.3438, 1819.535, 829.3034, 1073.415, 846.0132, 2435.072, 1360.254, 398.7972, 691.094, 1001.028, 856.0435
350.5, 836.384, 307.402, 305.1549, 322.573, 433.507, 2.227676, 416.3098, 1880.545, 793.278, 1022.327, 797.473, 2466.307, 1415.574, 376.8388, 654.5454, 1201.465, 1132.252
350.6, 782.8516, 293.0909, 283.2764, 393.7429, 406.7107, 2.102822, 470.0304, 1778.327, 758.8174, 973.6707, 751.7178, 2348.801, 1473.529, 384.7318, 619.9297, 1134.905, 1074.221
350.7, 732.7455, 279.4461, 291.0664, 413.5608, 381.5706, 1.984965, 444.3761, 1751.822, 725.8539, 927.3301, 708.5878, 2236.894, 1431.756, 376.5126, 587.1447, 1072.032, 1019.165
350.8, 685.8464, 385.4514, 276.1627, 392.0061, 357.9846, 1.873714, 420.1219, 1656.601, 726.6125, 883.1951, 667.9324, 2252.689, 1478.505, 355.7812, 556.0934, 1012.643, 966.9301
350.9, 641.949, 367.5067, 328.5051, 371.5749, 335.8565, 1.768698, 397.1916, 1566.555, 695.048, 841.1606, 680.9566, 2186.543, 1469.264, 336.1914, 526.6844, 1079.791, 917.3726
351, 600.8613, 350.3974, 304.9525, 387.8734, 324.3369, 1.669567, 522.9454, 1601.095, 739.2891, 801.1267, 709.659, 2157.248, 1372.046, 317.6803, 498.8306, 1067.976, 870.3551
351.1, 562.4034, 334.0847, 283.0884, 367.6576, 304.2886, 1.575993, 494.4029, 1514.067, 707.1739, 937.8567, 718.2689, 2080.257, 1387.233, 300.1884, 583.2002, 1008.811, 825.7474
351.2, 526.407, 318.5314, 262.792, 348.4954, 285.4796, 1.487664, 467.4183, 1431.769, 676.4538, 893.2206, 677.058, 2044.599, 1295.442, 283.6596, 587.9427, 952.9243, 783.4258
351.3, 492.7146, 303.7021, 243.9507, 347.0762, 443.2569, 1.404285, 441.9066, 1724.534, 647.0682, 850.709, 733.7893, 2027.487, 1209.726, 300.2289, 1001.895, 1092.036, 743.2734
351.4, 821.8855, 322.3725, 226.4603, 418.7531, 447.6523, 1.325579, 417.7873, 2016.877, 618.9592, 1019.246, 691.688, 1969.661, 1129.681, 357.9553, 1177.232, 1031.539, 705.1789
351.5, 769.2811, 660.0684, 210.2239, 396.9279, 419.9815, 1.251284, 394.9844, 2299.984, 592.0712, 970.7366, 652.0022, 1931.791, 1054.932, 338.2458, 1329.263, 974.3926, 669.0368
351.6, 869.058, 744.171, 195.1516, 376.2402, 394.0212, 1.181153, 373.4261, 2301.346, 566.3512, 983.5668, 614.5934, 1892.536, 1106.823, 319.6215, 1280.337, 920.4123, 634.7471
351.7, 813.4343, 709.5261, 181.1599, 356.6307, 369.6655, 1.114953, 353.0444, 2176.255, 541.7485, 936.7552, 579.3309, 1878.576, 1033.587, 302.0226, 1267.688, 869.4224, 602.2148
351.8, 761.3708, 728.7508, 168.1714, 338.0432, 346.8154, 1.052464, 523.538, 2057.963, 518.2147, 892.1716, 607.3262, 1789.073, 1081.627, 285.3929, 1302.795, 821.2573, 571.3499
351.9, 712.6395, 781.6084, 156.1141, 320.4245, 325.3777, 0.9934762, 494.9632, 2082.997, 495.7031, 926.8354, 572.4807, 1740.991, 1177.365, 269.6787, 1233.896, 775.7606, 542.0668
352, 667.0273, 755.6971, 144.9213, 303.7241, 305.2651, 136.0468, 467.948, 2200.924, 519.3834, 926.6265, 654.479, 1885.385, 1124.74, 254.8298, 1233.389, 784.4431, 514.2846
352.1, 954.426, 751.7454, 184.2195, 287.8941, 286.3957, 128.4218, 442.4073, 2513.052, 632.8965, 1275.48, 616.9281, 1852.804, 1050.318, 240.7985, 1306.99, 791.7087, 487.9263
352.2, 1132.091, 859.4699, 171.0117, 272.8892, 268.6927, 121.2241, 418.2607, 2519.67, 626.5506, 1214.776, 693.0923, 1799.295, 1066.764, 227.5398, 1403.698, 886.762, 710.9481
352.3, 1059.632, 819.4573, 158.7507, 258.6663, 263.0124, 223.4664, 395.4319, 2689.942, 710.9098, 1255.358, 804.6804, 1772.133, 996.1788, 215.0112, 1462.719, 837.6364, 674.5103
352.4, 991.8107, 794.5559, 147.3689, 245.1847, 246.7548, 312.2242, 373.8492, 2677.285, 695.743, 1230.045, 758.5116, 1769.377, 949.0132, 203.1724, 1468.041, 791.2322, 821.0418
352.5, 928.3303, 757.5654, 136.803, 232.4058, 231.5021, 294.725, 353.4445, 2883.923, 699.8677, 1440.68, 714.9918, 1792.656, 923.0678, 191.9854, 1390.403, 941.4689, 778.9615
352.6, 868.9128, 790.2822, 126.9947, 220.2929, 382.6333, 278.2066, 334.1534, 3114.478, 820.5028, 1486.234, 736.3506, 1764.58, 1029.513, 181.4144, 1783.192, 889.3125, 739.0378
352.7, 813.2984, 753.4906, 117.8897, 208.8113, 358.9816, 262.614, 988.5162, 3232.447, 858.6447, 1415.499, 694.1023, 1750.665, 1029.062, 171.4255, 1718.762, 1028.833, 701.1604
352.8, 761.2436, 718.4119, 119.3858, 197.9282, 404.1876, 299.2955, 1229.629, 3295.37, 902.4711, 1374.32, 823.3235, 1894.709, 960.9713, 198.3302, 1627.865, 971.837, 665.2242
352.9, 712.5205, 746.8797, 110.8262, 187.6122, 379.2035, 282.5209, 1303.079, 3221.783, 881.305, 1396.744, 776.0851, 1857.241, 897.3858, 230.1581, 1785.152, 917.9982, 631.1299
353, 666.9159, 712.1087, 102.8804, 177.834, 510.3493, 266.6864, 1231.957, 3046.661, 889.937, 1330.268, 731.557, 1824.645, 838.0077, 217.4853, 1719.252, 867.1421, 907.797
353.1, 624.2302, 678.9565, 95.50423, 168.5653, 478.8031, 274.088, 1164.717, 3028.112, 851.2775, 1266.956, 712.4285, 1824.886, 895.665, 205.5103, 1628.33, 819.1033, 861.2703
353.2, 584.2766, 660.2347, 88.65691, 159.7798, 534.1403, 756.9295, 1101.146, 2947.74, 814.2975, 1494.047, 671.5527, 1737.941, 836.4008, 194.1946, 1633.19, 773.7259, 966.054
353.3, 546.8802, 629.4974, 82.30053, 260.8586, 597.3831, 1062.498, 1041.046, 3047.183, 778.9239, 1887.81, 633.0222, 1655.138, 817.3805, 247.7693, 1644, 977.2064, 916.5414
353.4, 511.8774, 638.9259, 76.39987, 247.2627, 835.0385, 1002.948, 984.2252, 2899.13, 745.0869, 2013.765, 673.29, 1576.28, 981.9266, 324.0771, 1557.057, 1159.03, 1093.802
353.5, 479.1149, 634.6882, 70.92227, 275.3602, 827.3647, 1139.991, 930.506, 3036.847, 758.1333, 1917.923, 634.6598, 1628.886, 955.1761, 306.2329, 1543.671, 1330.409, 1120.165
353.6, 448.4493, 747.3069, 65.83739, 261.0085, 776.2227, 1076.098, 879.7189, 2871.777, 725.1995, 1826.642, 598.246, 1573.597, 1104.717, 338.9712, 1541.093, 1468.785, 1302.263
353.7, 419.7465, 712.5161, 173.5865, 247.4048, 728.242, 1159.943, 831.7037, 2772.827, 693.6964, 1903.963, 563.9215, 1498.624, 1129.011, 320.307, 1459.592, 1387.416, 1531.952
353.8, 392.8808, 679.3449, 161.141, 304.5417, 683.2271, 1094.931, 887.5615, 2682.553, 663.5618, 1813.346, 531.5663, 1491.474, 1105.595, 302.6704, 1382.401, 1310.555, 1768.973
353.9, 367.7346, 659.2524, 149.5878, 288.6691, 640.9948, 1071.416, 839.1183, 2583.881, 634.7362, 1727.042, 501.0676, 1420.414, 1139.49, 286.005, 1309.293, 1364.713, 1678.308
354, 344.1979, 628.5609, 138.8628, 273.6237, 601.3729, 1021.729, 843.2285, 2443.432, 607.1628, 1644.846, 472.3187, 1352.74, 1064.092, 270.2571, 1296.393, 1359.133, 1592.291
354.1, 322.1677, 630.9938, 128.9069, 331.9418, 564.2003, 964.4643, 797.205, 2310.618, 580.7873, 1566.562, 445.2193, 1288.289, 1084.013, 255.3764, 1227.833, 1283.839, 1510.682
354.2, 301.5475, 684.1899, 119.6647, 314.6411, 529.3253, 1095.708, 753.6934, 2185.022, 555.5575, 1492.004, 497.7303, 1226.91, 1012.286, 241.315, 1194.975, 1212.715, 1521.383
354.3, 282.247, 652.3374, 212.8764, 298.2422, 555.0925, 1034.297, 795.1208, 2147.182, 531.4237, 1420.994, 469.1729, 1215.648, 1030.252, 228.0279, 1184.399, 1389.572, 1443.409
354.4, 264.1819, 621.9678, 197.6139, 377.1953, 630.1801, 976.3276, 751.723, 2192.22, 508.3383, 1353.364, 442.254, 1288.584, 1135.39, 215.4724, 1121.762, 1312.591, 1598.275
354.5, 247.2731, 593.0121, 183.4457, 357.536, 706.3055, 921.6074, 710.6938, 2201.22, 486.2558, 1288.952, 504.4116, 1227.191, 1060.263, 384.2676, 1062.437, 1383.476, 1705.043
354.6, 231.4465, 622.22, 170.2933, 383.5951, 662.6467, 869.954, 671.904, 2081.571, 465.1325, 1227.606, 475.4709, 1168.722, 1020.792, 363.1093, 1077.342, 1306.833, 1887.655
354.7, 216.6328, 593.2526, 158.0839, 484.3096, 883.1459, 821.1957, 635.2314, 2156.073, 444.9268, 1169.18, 448.1906, 1198.644, 980.4168, 518.5125, 1168.745, 1234.436, 1938.152
354.8, 202.7673, 565.6337, 146.7498, 459.0676, 828.5559, 775.1702, 688.5576, 2209.365, 425.5989, 1113.534, 465.5689, 1177.082, 1046.509, 489.9625, 1106.936, 1256.711, 2198.919
354.9, 189.7893, 539.3007, 136.2284, 435.1411, 777.3403, 731.7243, 650.976, 2089.273, 407.1107, 1192.612, 569.4872, 1121.001, 977.2635, 462.9845, 1048.396, 1417.095, 2163.23
355, 177.6419, 514.1935, 126.4613, 412.4618, 729.2905, 690.7134, 615.4456, 2220.08, 389.4255, 1135.851, 536.8127, 1067.591, 988.9734, 437.4919, 1248.081, 1338.589, 2052.36
355.1, 166.272, 755.978, 117.3945, 466.9713, 684.2109, 652.001, 707.6544, 2457.019, 372.5086, 1454.645, 506.013, 1154.233, 923.5352, 413.403, 1534.085, 1264.433, 2186.931
355.2, 155.6298, 918.9973, 108.9777, 442.6329, 641.9177, 615.4583, 741.2499, 3051.89, 401.6248, 2513.656, 476.9803, 1298.634, 887.5815, 390.6404, 1745.727, 1194.385, 2193.849
355.3, 145.6688, 876.2134, 101.1644, 419.5631, 602.2388, 580.9637, 999.9639, 3214.779, 384.1779, 2675.208, 449.6135, 1445.083, 828.8522, 369.1312, 1784.905, 1128.217, 2224.193
355.4, 136.3453, 835.4213, 93.91126, 397.6956, 565.0126, 548.4025, 1048.783, 3040.037, 367.489, 2771.635, 423.8168, 1376.233, 774.0088, 348.8063, 2008.572, 1065.715, 2202.709
355.5, 127.6186, 796.5283, 87.17815, 376.9679, 530.0875, 517.6662, 1025.31, 2874.794, 351.525, 2639.723, 399.5002, 1403.134, 773.1416, 329.6006, 2002.889, 1006.675, 2089.815
355.6, 119.4504, 759.446, 80.92779, 365.3723, 497.3211, 488.6526, 969.3488, 2932.464, 336.2545, 2514.089, 376.5788, 1361.049, 847.0975, 311.4523, 1977.711, 950.9067, 2173.865
355.7, 111.8051, 884.0402, 75.12555, 346.3292, 466.5802, 461.2651, 1196.487, 2773.068, 321.6474, 2509.181, 354.9725, 1441.088, 1037.193, 294.3033, 1992.906, 898.2275, 2298.117
355.8, 104.649, 842.8837, 69.73931, 328.2787, 437.7394, 435.4126, 1691.13, 2708.674, 429.1862, 2389.76, 334.6058, 1436.907, 968.5638, 313.9482, 1953.611, 848.4667, 2180.333
355.9, 97.951, 803.6433, 64.73925, 311.1689, 410.6814, 411.009, 1598.828, 2561.442, 410.5421, 2276.023, 315.4077, 1368.446, 904.476, 296.6617, 1850.294, 801.4625, 2068.586
356, 91.68168, 766.2297, 60.09768, 294.9509, 385.296, 387.9732, 1511.564, 2470.902, 392.7079, 2167.699, 297.3112, 1303.248, 844.6287, 280.3271, 1752.441, 757.0624, 1962.566
356.1, 191.2015, 730.5579, 55.78888, 279.5782, 361.4796, 366.2285, 1429.062, 2373.688, 446.1015, 2321.274, 280.2529, 1271.543, 788.7414, 264.8919, 1659.763, 715.1219, 1861.98
356.2, 196.0776, 696.5468, 51.78902, 265.0067, 339.1355, 345.7025, 1351.064, 2343.302, 426.7226, 2406.78, 264.1733, 1235.385, 736.5521, 250.3066, 1713.114, 675.5049, 1924.224
356.3, 183.5278, 702.3759, 48.07593, 251.1946, 318.1725, 326.3269, 1277.323, 2215.93, 408.1855, 2375.728, 249.0163, 1289.329, 687.816, 259.5349, 1695.321, 638.0827, 1825.603
356.4, 171.7811, 749.2919, 44.62906, 238.1024, 298.5053, 308.0373, 1207.606, 2160.324, 495.9885, 2499.393, 234.7289, 1294.936, 642.3046, 373.866, 1683.738, 602.7336, 1885.951
356.5, 233.0262, 785.7675, 41.42931, 225.6926, 317.6334, 290.7727, 1141.695, 2099.453, 532.0052, 2380.437, 221.2613, 1305.065, 599.8047, 353.2804, 1594.693, 569.3428, 1789.291
356.6, 218.1114, 749.1861, 38.45898, 213.9296, 297.9995, 274.4758, 1079.381, 2084.374, 538.0729, 2519.919, 208.5663, 1363.875, 560.1169, 333.8283, 1510.357, 537.8018, 1808.113
356.7, 204.1513, 810.8588, 35.7016, 202.7797, 279.5793, 259.0923, 1020.468, 1971.076, 514.6987, 2451.614, 196.5998, 1328.703, 523.0551, 315.4473, 1430.482, 508.0081, 1715.443
356.8, 191.0847, 863.8663, 33.14193, 210.994, 330.9014, 244.5709, 964.7709, 2055.515, 492.3398, 2774.155, 185.3198, 1449.719, 488.4456, 428.1921, 1354.831, 479.865, 1773.178
356.9, 275.4834, 941.4576, 30.76577, 264.2354, 587.7452, 230.8635, 1117.392, 2060.336, 513.1564, 3328.446, 174.6871, 1552.422, 456.1262, 465.5307, 1283.18, 453.281, 2244.689
357, 257.8512, 1076.05, 28.55997, 402.4115, 587.7736, 217.9243, 1056.405, 2295.302, 860.2784, 3170.033, 164.6643, 1478.458, 425.9453, 582.7119, 1215.319, 428.1697, 2129.643
357.1, 241.3475, 1513.537, 26.51232, 381.4379, 599.5621, 205.7103, 998.7459, 2400.322, 822.9073, 3295.584, 155.2167, 1408.018, 397.7614, 550.627, 1227.539, 404.4496, 2137.337
357.2, 225.9001, 1588.319, 24.61148, 361.5575, 562.5013, 194.1808, 981.199, 2759.832, 787.1597, 3537.39, 146.3111, 1639.828, 371.4424, 520.3087, 1162.62, 382.0435, 2343.12
357.3, 211.4415, 2045.995, 22.84692, 342.7133, 540.8853, 183.2976, 1103.649, 2723.094, 752.965, 3553.673, 137.9164, 1561.699, 346.8648, 629.55, 1101.135, 360.8787, 2246.913
357.4, 197.9083, 1950.744, 21.20888, 324.8512, 767.0667, 173.0243, 1043.412, 2627.412, 720.2557, 3384.54, 130.0034, 1599.637, 323.9135, 594.8861, 1130.034, 340.8864, 2390.998
357.5, 185.2412, 2285.183, 19.68828, 307.9201, 719.6519, 163.3268, 1093.365, 2730.66, 688.9673, 3556.03, 122.5445, 1635.229, 302.4808, 562.1309, 1070.272, 322.0016, 2872.943
357.6, 173.3849, 2336.37, 18.2767, 414.737, 675.168, 154.1729, 1652.109, 2582.233, 659.0381, 3647.593, 115.5134, 1557.32, 282.4663, 531.1791, 1013.67, 304.1631, 2725.698
357.7, 162.2875, 2323.008, 16.96632, 727.7871, 633.4338, 145.532, 2601.067, 2441.874, 630.4091, 3509.795, 108.8858, 1483.122, 263.7761, 501.9317, 960.0623, 287.3128, 2586
357.8, 151.9004, 2310.212, 15.7499, 846.0076, 594.2794, 137.3753, 3217.506, 2886.651, 603.0237, 3588.16, 102.6385, 1902.78, 246.3226, 474.2946, 909.2893, 271.396, 2453.461
357.9, 142.178, 2278.014, 14.62069, 801.9141, 557.5451, 129.6759, 3729.291, 3138.438, 576.828, 4015.922, 96.74957, 3046.886, 230.024, 448.1793, 927.3814, 256.3609, 2327.715
358, 133.078, 2171.961, 13.57244, 778.5172, 523.0815, 122.4079, 3525.746, 3068.867, 551.7702, 3824.79, 91.19854, 3303.716, 214.8038, 423.5019, 878.3367, 242.1588, 2208.414
358.1, 124.5604, 2070.846, 12.59934, 737.9412, 490.7483, 115.5473, 3333.31, 2902.056, 527.801, 3642.754, 85.966, 3359.188, 200.5907, 400.1833, 831.8858, 228.7435, 2095.228
358.2, 116.588, 1974.438, 11.69601, 784.0197, 460.4136, 109.0713, 3151.377, 2744.313, 504.873, 3469.382, 81.03368, 3294.144, 187.318, 378.1487, 787.8914, 216.0713, 1987.842
358.3, 109.1258, 1882.518, 10.85745, 783.0385, 431.954, 102.9581, 3153.176, 2595.144, 482.9409, 3507.083, 76.38435, 3287.216, 174.9236, 357.3273, 746.2237, 204.1012, 1885.961
358.4, 102.1412, 2040.496, 10.07901, 792.165, 405.2536, 97.18764, 3249.717, 2587.876, 461.9617, 3340.168, 72.00179, 3145.548, 163.3492, 337.6523, 968.14, 192.7942, 1878.574
358.5, 95.60373, 1945.501, 9.356379, 750.8777, 389.2601, 91.74057, 3265.923, 2548.01, 441.8938, 3181.197, 67.87067, 3084.457, 152.5408, 319.0607, 987.2809, 182.1136, 1800.135
358.6, 89.48465, 1854.928, 8.685559, 726.9688, 422.0433, 86.59879, 3087.669, 2409.511, 422.6976, 3365.703, 63.97657, 2974.858, 142.4474, 436.7143, 935.0685, 172.0247, 1935.948
358.7, 83.75722, 1768.572, 8.062836, 689.0795, 395.9555, 81.74519, 2919.143, 2278.54, 404.3354, 3315.085, 60.3059, 2972.001, 133.022, 478.4712, 885.6172, 162.4947, 1836.726
358.8, 78.39637, 1686.236, 7.484759, 677.3363, 371.4803, 77.16362, 3190.784, 2192.729, 386.7708, 3401.934, 56.84583, 2895.555, 124.2202, 474.5601, 838.7812, 153.4927, 1832.548
358.9, 73.37864, 1607.733, 6.948128, 642.0338, 348.5179, 72.83884, 3016.631, 2138.865, 369.9692, 3240.023, 53.58429, 2957.082, 116.0008, 448.4302, 794.4222, 144.9894, 1863.836
359, 68.68207, 1583.666, 6.449972, 608.5713, 326.975, 68.75644, 2851.982, 2116.563, 353.8976, 3242.843, 50.50987, 2884.772, 108.3253, 423.739, 823.1041, 136.9571, 1768.31
359.1, 64.2861, 1563.328, 5.987532, 576.8528, 306.7636, 64.90285, 2696.321, 2001.516, 338.524, 3209.626, 47.61185, 2866.636, 101.1576, 442.6588, 845.2984, 129.3698, 1677.68
359.2, 60.1715, 1490.547, 5.558247, 546.7874, 299.9285, 61.26524, 2707.842, 2080.092, 323.8183, 3104.675, 44.88011, 2792.927, 94.46425, 806.0457, 821.3412, 122.2029, 1591.695
359.3, 56.32024, 1421.155, 5.15974, 518.2891, 394.9405, 57.83151, 2560.048, 1967.027, 309.7515, 3005.955, 42.3051, 2754.982, 88.21375, 761.6636, 956.4648, 115.433, 1510.117
359.4, 52.71549, 1354.993, 4.789805, 491.276, 418.9277, 54.59023, 2465.088, 1860.107, 296.2957, 3136.098, 39.87784, 2663.173, 82.37683, 820.329, 948.791, 109.0381, 1785.117
359.5, 49.34145, 1291.911, 4.446393, 465.6709, 393.0325, 51.53061, 2386.59, 1863.633, 283.4244, 2986.84, 37.58984, 2616.318, 76.92613, 775.1606, 898.6141, 102.9975, 1861.052
359.6, 46.18337, 1231.767, 4.127603, 441.4003, 368.738, 48.64248, 2624.356, 1847.255, 271.1122, 2844.686, 35.43311, 2637.254, 71.83609, 732.4792, 851.0908, 97.29156, 1815.348
359.7, 43.22742, 1174.422, 3.831669, 422.4597, 345.9452, 45.91621, 2553.861, 1838.14, 259.335, 2709.297, 33.40013, 2703.339, 67.08285, 692.1478, 806.0807, 91.90171, 1722.307
359.8, 40.46067, 1119.747, 3.556952, 433.2195, 324.5612, 43.34275, 2414.47, 2067.21, 248.0693, 2580.351, 31.48379, 2706.356, 62.64412, 654.0372, 1031.976, 86.81046, 1634.035
359.9, 37.871, 1067.617, 3.301931, 410.6403, 304.4991, 40.91352, 2282.688, 1954.845, 237.293, 2457.543, 29.6774, 2873.084, 58.49909, 618.025, 1000.279, 82.00125, 1550.286
360, 35.44708, 1017.914, 3.065194, 389.2379, 285.6771, 38.62044, 2158.099, 2184.748, 226.9848, 2340.58, 27.97465, 2736.198, 54.62833, 583.9957, 1043.46, 77.45847, 1470.831
360.1, 33.17831, 1062.393, 2.84543, 368.951, 433.0827, 36.45588, 2188.741, 2065.994, 217.1245, 3012.972, 26.3696, 2694.861, 51.01369, 875.7261, 988.2762, 73.16735, 1921.563
360.2, 31.05474, 1193.499, 2.641423, 457.0066, 427.0706, 34.41264, 2069.28, 1992.178, 207.6924, 2943.896, 24.85663, 2694.873, 47.63822, 1077.278, 936.0112, 69.11396, 1892.546
360.3, 29.0671, 1243.986, 2.452042, 433.1876, 502.3934, 32.48392, 1956.338, 1883.892, 198.6702, 2888.284, 343.1458, 2653.264, 44.4861, 1017.961, 886.5101, 65.28512, 1795.549
360.4, 27.20667, 1186.073, 2.27624, 410.61, 471.339, 30.66329, 2002.267, 1781.491, 190.0398, 3137.025, 323.4577, 2698.515, 41.54255, 961.9109, 839.627, 61.66839, 1906.596
360.5, 25.46532, 1160.894, 2.113041, 389.2092, 442.2041, 28.94471, 2000.883, 1739.362, 181.7843, 2987.723, 304.8992, 2569.946, 38.79377, 1058.285, 795.2232, 58.25203, 1808.879
360.6, 23.83542, 1106.849, 1.961544, 368.9238, 414.8701, 27.32244, 1965.548, 1805.399, 173.8875, 2845.526, 359.5009, 2613.52, 36.22686, 1000.014, 753.1677, 55.02493, 1716.169
360.7, 22.30984, 1138.537, 1.820908, 351.6565, 389.2257, 25.79111, 1858.268, 1820.436, 166.3337, 2990.768, 353.6412, 2562.077, 33.82981, 944.9523, 825.1107, 51.9766, 1798.772
360.8, 20.88191, 1169.473, 1.690355, 333.3283, 365.1665, 24.34559, 1839.803, 1825.165, 159.1081, 2848.427, 333.351, 2490.09, 31.59136, 994.1259, 781.4747, 49.09716, 1706.581
360.9, 19.54537, 1232.16, 1.569163, 315.9553, 342.5944, 22.9811, 1790.944, 1968.229, 152.1963, 2995.264, 349.0134, 2544.411, 29.50103, 949.9197, 775.1573, 46.37723, 1683.143
361, 18.29438, 1259.761, 1.45666, 328.5647, 422.4185, 21.69308, 1915.263, 2056.021, 145.5848, 3108.884, 328.9887, 2553.459, 27.54901, 920.9783, 734.1631, 43.80798, 1640.177
361.1, 17.12345, 1201.113, 1.352222, 394.7726, 404.9772, 20.47724, 1840.498, 1944.264, 139.2605, 3058.161, 310.1129, 2489.23, 25.72615, 1086.016, 778.0065, 41.38107, 1618.436
361.2, 16.02747, 1145.195, 1.255273, 374.1972, 474.8781, 19.32956, 1816.729, 1956.732, 133.211, 2912.612, 353.14, 2475.779, 24.0239, 1026.218, 811.218, 39.0886, 1626.713
361.3, 15.00164, 1175.301, 1.165274, 430.4215, 472.2093, 18.24619, 1717.572, 2001.953, 127.4242, 3003.03, 356.1794, 2432.649, 22.43429, 1013.155, 989.6557, 36.92313, 1623.555
361.4, 14.04147, 1301.053, 1.081728, 407.9881, 448.4767, 17.22355, 1623.826, 2229.328, 121.8888, 3099.568, 335.7436, 2443.875, 20.94986, 957.3694, 1259.822, 34.87763, 1626.717
361.5, 13.14275, 1240.482, 1.004172, 442.1637, 430.4895, 16.25822, 1637.797, 2196.191, 116.5939, 3080.969, 357.773, 2483.124, 19.56365, 970.6385, 1193.196, 32.94545, 1707.651
361.6, 12.30155, 1240.69, 0.9321764, 419.1183, 403.8797, 15.347, 1728.964, 2177.802, 111.529, 3141.926, 337.2457, 2413.47, 18.26917, 981.3881, 1130.094, 31.1203, 1620.13
361.7, 11.5142, 1182.93, 0.8653427, 397.274, 378.9146, 14.48685, 1634.597, 2118.501, 106.6841, 3162.756, 317.8962, 2366.594, 17.06034, 961.6088, 1070.329, 29.39627, 1537.095
361.8, 10.77724, 1127.858, 0.8033007, 481.4694, 355.4928, 13.6749, 1545.381, 2123.041, 102.0497, 3012.229, 299.6568, 2317.668, 15.93149, 928.7639, 1051.466, 27.76775, 1458.315
361.9, 10.08744, 1075.351, 0.7457069, 456.3754, 333.5187, 12.90846, 1607.151, 2185.306, 97.61655, 3108.574, 428.3835, 2340.545, 14.87734, 877.6248, 995.8587, 26.22945, 1458.92
362, 9.4418, 1226.62, 0.6922423, 432.5893, 346.4892, 12.18498, 1584.8, 2146.787, 290.1622, 2960.626, 554.7848, 2458.811, 13.89293, 1067.434, 985.0266, 24.77636, 1423.498
362.1, 8.837481, 1169.515, 0.642611, 421.9243, 394.0093, 11.50205, 1498.302, 2207.51, 471.2177, 3012.711, 522.9539, 2555.108, 12.97367, 1008.66, 1023.744, 23.40378, 1410.599
362.2, 8.271842, 1115.068, 0.5965381, 399.9338, 369.6544, 10.8574, 1692.126, 2202.215, 524.2726, 3381.371, 492.9492, 2467.136, 12.11523, 953.1217, 1069.362, 22.10723, 1569.544
362.3, 7.742406, 1191.706, 0.5537684, 379.0894, 346.8049, 10.24887, 1599.77, 2224.569, 575.8119, 3274.77, 464.6662, 2480.747, 11.31359, 900.6415, 1093.861, 20.88252, 1489.101
362.4, 7.246856, 1136.226, 0.5140651, 359.3314, 325.3678, 9.674456, 1512.454, 2230.01, 550.7983, 3464.919, 438.0058, 2449.01, 10.56499, 918.5432, 1056.69, 19.72565, 1412.781
362.5, 6.783024, 1189.442, 0.4772085, 340.6032, 347.6424, 9.132232, 1429.904, 2108.796, 526.8713, 3300.011, 412.8751, 2437.08, 9.86593, 1125.588, 1052.254, 18.63287, 1535.372
362.6, 6.348879, 1134.068, 0.4429943, 322.8511, 326.1536, 8.620398, 1351.86, 2246.8, 503.9836, 3366.798, 389.1863, 2380.624, 9.213121, 1063.612, 1090.35, 17.60063, 1560.365
362.7, 5.942522, 1153.967, 0.4112332, 306.0242, 305.993, 8.137251, 1278.075, 2160.698, 482.0903, 3499.561, 366.8567, 2376.719, 8.603509, 1022.622, 1032.687, 16.62557, 1480.393
362.8, 5.562173, 1100.244, 0.3817492, 290.0744, 287.0787, 7.681183, 1208.318, 2263.48, 461.1479, 3333.004, 345.8082, 2363.41, 8.034233, 966.3154, 1143.336, 15.70453, 1616.749
362.9, 5.206169, 1167.945, 0.3543791, 308.8019, 269.3335, 7.250676, 1142.367, 2140.447, 522.2839, 3174.374, 325.9673, 2250.807, 7.502625, 1099.497, 1082.871, 14.83452, 1558.004
363, 4.87295, 1113.571, 0.3289714, 306.2119, 252.6851, 6.844297, 1080.017, 2174.903, 499.5955, 3080.837, 307.2649, 2362.324, 7.006192, 1211.504, 1025.603, 14.0127, 1625.703
363.1, 4.561059, 1061.729, 0.3053853, 290.2523, 237.0659, 6.460695, 1021.069, 2158.596, 477.8928, 3223.978, 289.6355, 2418.681, 6.542607, 1144.797, 971.3641, 13.23641, 1542.382
363.2, 4.26913, 1121.802, 0.2834903, 386.7529, 222.4121, 6.098593, 965.3392, 2121.431, 457.1328, 3203.092, 273.0176, 2416.741, 6.109697, 1081.762, 1083.382, 12.50313, 1741.268
363.3, 3.995886, 1069.576, 0.263165, 366.5955, 423.8719, 5.756785, 912.6508, 2108.306, 437.2746, 3143.964, 257.3531, 2402.329, 5.705431, 1192.634, 1107.608, 11.81047, 1731.424
363.4, 3.740131, 1019.782, 0.244297, 347.4886, 397.6711, 5.434135, 862.8382, 2120.161, 418.2791, 2994.332, 242.5874, 2365.791, 5.327915, 1244.178, 1215.838, 11.15618, 1642.684
363.5, 3.500746, 1105.391, 0.2267818, 329.3777, 471.298, 5.129568, 815.7444, 2198.676, 400.1088, 3134.325, 228.6689, 2361.024, 4.975378, 1272.683, 1151.538, 10.53814, 1655.935
363.6, 3.276682, 1053.93, 0.2105224, 420.1343, 522.1051, 4.842072, 771.2209, 2079.165, 382.7278, 3155.944, 215.549, 2422.926, 4.646168, 1403.176, 1276.76, 9.954338, 1600.755
363.7, 3.066959, 1004.864, 0.1954286, 398.237, 489.8322, 4.570688, 729.1276, 2034.146, 366.1019, 3005.741, 203.1818, 2307.488, 4.338741, 1423.178, 1300.048, 9.402879, 1518.712
363.8, 2.870659, 1009.771, 0.1814171, 436.7496, 638.9469, 4.314515, 689.3317, 2085.527, 350.1982, 2862.687, 191.5242, 2254.107, 4.051655, 1503.224, 1263.406, 8.881969, 1732.031
363.9, 2.686924, 962.7607, 0.1684101, 413.9864, 609.3903, 4.0727, 651.7078, 1972.166, 334.9854, 3051.792, 180.5354, 2268.626, 3.783566, 1542.338, 1219.208, 8.389917, 1743.472
364, 2.514948, 917.9395, 0.1563357, 392.4096, 571.722, 3.844437, 616.1375, 1864.968, 320.4334, 2986.576, 170.1772, 2184.603, 3.533215, 1457.415, 1389.617, 7.925125, 1654.115
364.1, 2.35398, 1092.873, 0.145127, 371.9573, 536.3821, 3.628968, 582.5086, 1853.797, 306.5136, 2875.875, 160.4132, 2193.348, 3.29943, 1377.167, 1316.127, 7.486081, 1590.725
364.2, 2.203315, 1041.995, 0.1347219, 352.5711, 503.2267, 3.425575, 550.7152, 1818.57, 293.1984, 2877.168, 151.2095, 2109.453, 3.081114, 1301.339, 1246.524, 7.07136, 1616.24
364.3, 2.062292, 993.4846, 0.1250628, 334.1952, 472.1207, 3.233582, 520.6571, 1910.329, 280.4617, 2812.861, 142.5338, 2094.359, 2.877243, 1229.685, 1180.601, 6.679614, 1554.533
364.4, 1.930296, 947.2329, 0.1160963, 316.7771, 442.9374, 3.05235, 492.2396, 1806.491, 268.2783, 3027.697, 134.3559, 2122.68, 2.686862, 1161.977, 1118.165, 6.30957, 1558.924
364.5, 1.806748, 903.1345, 0.1077726, 300.2668, 530.4189, 2.881275, 465.373, 1952.223, 256.6241, 3124.793, 126.6472, 2068.504, 2.509078, 1097.997, 1141.532, 5.960027, 1479.025
364.6, 1.691108, 884.71, 0.1000457, 284.617, 497.6321, 2.719788, 439.9729, 1846.108, 245.4762, 2976.073, 119.3808, 2061.708, 2.343057, 1037.54, 1081.162, 5.629848, 1403.222
364.7, 1.58287, 936.8639, 0.09287273, 269.7829, 538.4323, 2.567353, 415.9591, 1859.254, 234.8125, 2912.205, 112.5312, 1985.213, 2.188022, 980.4112, 1082.143, 5.31796, 1331.303
364.8, 1.481559, 963.9312, 0.08621409, 255.7219, 505.1501, 2.42346, 393.256, 1873.448, 224.6121, 3018.714, 106.0747, 1972.904, 2.043245, 926.4284, 1169.826, 5.02335, 1430.998
364.9, 1.386732, 919.0554, 0.08003284, 242.3938, 473.9252, 2.287633, 371.792, 1886.094, 214.8548, 2941.787, 99.98867, 1907.56, 1.908048, 978.3505, 1175.311, 4.745062, 1579.44
365, 1.297975, 1094.817, 0.07429477, 229.7603, 495.3472, 2.159418, 351.4996, 1807.534, 205.5214, 2843.882, 94.25179, 2171.271, 1.781797, 1009.967, 1113.154, 4.482191, 1498.49
365.1, 1.214898, 1043.848, 0.06896809, 217.7853, 476.8718, 2.038389, 332.3147, 1803.199, 196.5934, 2880.63, 88.84407, 2288.597, 1.663899, 954.3566, 1054.285, 4.233882, 1421.689
365.2, 1.137139, 995.2518, 0.06402332, 206.4344, 447.3949, 1.924143, 314.1769, 2011.108, 238.0114, 2963.981, 83.74662, 2179.559, 1.553802, 932.1921, 998.5292, 3.999329, 1348.824
365.3, 1.064357, 1190.86, 0.05943308, 195.6751, 419.74, 1.816301, 297.0291, 1901.793, 373.579, 3165.173, 293.2872, 2075.715, 1.45099, 1088.499, 945.7219, 3.777771, 1279.694
365.4, 0.9962334, 1227.816, 0.05517194, 185.4766, 393.7946, 1.714503, 280.8172, 1798.42, 357.3505, 3014.531, 276.4598, 1976.819, 234.8384, 1090.206, 895.7073, 3.568486, 1214.106
365.5, 0.9324699, 1170.655, 0.0512163, 175.8096, 369.453, 1.61841, 265.4901, 1700.665, 341.8269, 2871.058, 344.0327, 1882.635, 219.2996, 1054.056, 848.3377, 3.370796, 1238.735
365.6, 57.21622, 1116.156, 209.2005, 166.6465, 346.616, 1.527703, 250.9996, 1842.661, 326.9778, 2734.414, 420.6842, 1932.104, 204.789, 996.0178, 987.5989, 3.184057, 1361.282
365.7, 271.6121, 1064.193, 194.2016, 169.4242, 395.2651, 1.44208, 237.3, 1941.318, 312.7736, 2876.266, 517.0578, 2062.062, 346.8455, 941.1757, 935.3696, 3.007664, 1340.982
365.8, 317.9074, 1982.43, 180.278, 190.1909, 420.5561, 1.361256, 224.3481, 2216.752, 433.2474, 3260.758, 487.3915, 2143.026, 323.8955, 933.4958, 885.9025, 2.841043, 1272.253
365.9, 297.5599, 2112.196, 167.3527, 180.2782, 760.1405, 1.284961, 212.1032, 2400.671, 434.3651, 3850.092, 557.3096, 2300.776, 302.464, 882.0963, 839.0514, 2.683652, 1649.611
366, 278.5147, 2515.981, 309.2302, 339.0235, 740.7872, 1.212943, 200.5266, 3060.272, 609.2464, 3930.757, 645.3344, 2462.251, 282.4506, 833.5268, 1118.111, 2.53498, 1565.064
366.1, 487.9738, 3043.557, 287.0595, 321.3537, 697.7279, 1.144961, 189.5818, 3560.991, 640.8806, 4272.763, 608.3081, 2572.148, 263.7614, 849.7819, 1338.698, 2.394545, 1484.851
366.2, 484.8535, 3401.902, 266.4784, 354.7027, 954.7151, 1.08079, 179.2344, 3735.369, 613.0403, 4069.406, 573.4062, 2571.219, 246.3089, 802.9917, 1332.832, 2.26189, 1408.749
366.3, 567.777, 3540.907, 247.3728, 336.2157, 895.7012, 1.020215, 169.4518, 3532.33, 586.4094, 4497.365, 756.563, 2448.715, 230.0112, 942.6571, 1262.345, 2.136584, 1679.106
366.4, 531.4366, 3715.858, 229.6371, 318.6923, 840.3352, 0.9630349, 160.2031, 3606.162, 560.9354, 4368.14, 792.0241, 2442.479, 299.933, 890.7531, 1195.586, 2.018219, 2392.725
366.5, 497.4222, 3928.651, 213.1729, 302.0822, 788.3915, 0.9090597, 151.4592, 3629.163, 536.5681, 4614.925, 828.4158, 2598.647, 280.0871, 841.707, 1132.357, 1.906412, 2340.682
366.6, 465.5849, 3808.076, 197.8892, 286.3377, 739.6586, 0.8581097, 143.1925, 3963.645, 513.2592, 4395.284, 780.8853, 2640.047, 261.5543, 795.3614, 1120.875, 1.800799, 2220.717
366.7, 435.7853, 4103.546, 183.7012, 271.4139, 693.938, 0.8100152, 135.377, 4223.322, 490.9629, 4701.407, 736.0818, 2593.979, 244.2478, 751.5677, 1082.229, 1.701036, 2106.9
366.8, 407.8931, 4517.736, 176.9693, 257.2679, 651.0436, 0.7646163, 127.9881, 4200.304, 664.5785, 4812.743, 693.8489, 2470.391, 228.0865, 728.6836, 1024.996, 1.606801, 1998.916
366.9, 450.301, 4571.968, 259.6353, 281.032, 610.8007, 0.7217619, 121.0025, 4696.584, 635.7088, 4872.582, 654.0392, 2757.793, 212.9945, 688.5613, 1377.714, 1.517786, 1896.467
367, 421.4796, 4904.198, 360.5621, 266.3847, 573.0452, 0.6813093, 114.3982, 5110.703, 704.5654, 5346.388, 616.5135, 2626.4, 198.9011, 650.6481, 1395.606, 1.433702, 1799.268
367.1, 394.503, 5096.901, 334.7111, 252.5009, 537.6235, 0.643124, 108.1543, 5414.877, 673.9586, 5492.973, 581.1409, 2878.577, 248.0972, 726.2903, 1423.238, 1.354276, 1760.322
367.2, 369.253, 4996.926, 310.7135, 239.3406, 504.3914, 0.6070789, 102.2512, 5302.208, 644.6814, 5231.542, 547.7979, 2772.371, 346.7745, 686.2998, 1347.97, 1.279251, 1746.66
367.3, 345.6191, 5119.978, 288.4364, 226.8663, 473.2134, 0.573054, 96.67034, 5137.378, 616.676, 5076.128, 516.3678, 2724.34, 323.8291, 648.5112, 1312.469, 1.208382, 1657.139
367.4, 323.4979, 4989.369, 267.7566, 215.0421, 443.9626, 0.540936, 91.39406, 4914.96, 726.001, 4834.537, 486.7411, 2594.541, 302.402, 824.0789, 1391.963, 1.141439, 1656.387
367.5, 302.7926, 4757.089, 248.5594, 203.8342, 416.52, 0.5106182, 86.40575, 4965.129, 694.463, 5025.592, 458.8142, 2794.763, 282.3927, 778.704, 1416.596, 1.078204, 1633.07
367.6, 283.4124, 5012.238, 230.7385, 193.2104, 390.7736, 0.4819995, 81.68971, 5093.027, 664.2951, 5640.559, 432.4896, 2690.506, 263.7074, 837.5887, 1499.725, 1.018473, 1549.371
367.7, 293.4247, 4980.385, 214.1954, 183.1404, 366.6187, 0.4549849, 77.23108, 4816.192, 635.4377, 5474.072, 407.6754, 2578.789, 246.2584, 974.5939, 1492.857, 0.9620506, 1469.962
367.8, 274.6442, 4900.019, 198.8383, 173.5952, 343.9568, 0.4294844, 73.01579, 4757.677, 607.8339, 5213.541, 384.2849, 2495.944, 229.964, 920.9314, 1444.562, 0.9087541, 1475.72
367.9, 257.0657, 4671.898, 235.0817, 164.5474, 322.6958, 0.4054131, 69.03058, 4760.875, 581.4292, 4965.409, 362.2365, 2673.88, 214.7478, 969.3235, 1485.564, 0.8584101, 1557.389
368, 240.6123, 4833.693, 218.2272, 155.9713, 302.749, 0.3826909, 65.26288, 4692.884, 556.1716, 5068.933, 341.4531, 2626.639, 200.5384, 915.9512, 1407, 0.810855, 1633.847
368.1, 225.212, 4608.661, 202.5811, 188.2464, 284.0352, 0.3612422, 61.70082, 4437.799, 532.0111, 4827.684, 321.8621, 2609.161, 187.2692, 865.5176, 1332.59, 0.7659345, 1657.977
368.2, 210.7974, 4690.006, 188.0567, 297.7623, 490.0981, 0.3409957, 58.33318, 4266.401, 508.9002, 4670.439, 411.5626, 2590.262, 174.878, 1310.691, 1262.116, 0.7235026, 1759.033
368.3, 248.9939, 5094.314, 174.5737, 393.1491, 459.8036, 0.3218839, 55.14935, 4358.833, 486.7932, 5182.171, 387.9491, 2466.851, 228.5316, 1345.388, 1195.369, 0.6834213, 1668.878
368.4, 233.0572, 4995.457, 162.0574, 372.6583, 431.3817, 0.3038433, 52.13929, 4145.127, 465.6466, 4935.533, 365.6904, 2401.39, 213.4101, 1271.309, 1246.406, 0.6455605, 1737.353
368.5, 218.1404, 5037.551, 150.4385, 401.3155, 404.7167, 0.2868138, 49.29351, 3919.815, 445.4186, 5052.549, 344.7088, 2469.478, 199.2892, 1334.597, 1180.489, 0.6097971, 1924.815
368.6, 204.1785, 5250.779, 162.5125, 380.3991, 379.6999, 0.2707388, 46.60307, 4163.451, 426.0694, 4831.34, 395.3893, 2503.427, 186.1027, 1282.254, 1144.946, 0.576015, 1826.164
368.7, 380.5275, 5356.082, 161.4897, 360.5728, 356.2295, 0.2555647, 44.05946, 4433.168, 407.5606, 5275.748, 372.7037, 2384.153, 304.8492, 1246.794, 1084.396, 0.5441044, 1732.569
368.8, 446.3077, 5727.277, 228.3242, 341.7799, 334.2099, 0.241241, 41.65469, 4798.025, 389.856, 5724.291, 351.3198, 2730.468, 407.8648, 1450.053, 1151.15, 0.5139616, 1737.719
368.9, 485.8348, 5678.151, 285.0456, 323.9665, 313.5514, 0.2277202, 39.38117, 4810.837, 372.9204, 5535.279, 331.1627, 3434.26, 380.8772, 1388.022, 1179.518, 0.4854887, 1648.657
369, 454.7391, 5413.805, 264.6088, 307.0815, 294.1698, 0.2149572, 37.23174, 4736.117, 356.7205, 5271.835, 312.1621, 4089.374, 355.6754, 1354.552, 1135.935, 0.4585931, 1721.873
369.1, 425.6337, 5161.765, 245.6373, 291.0765, 275.9863, 0.2029095, 35.19963, 4478.682, 341.2243, 5020.929, 294.2518, 3937.001, 332.1411, 1536.631, 1075.861, 304.1984, 1633.623
369.2, 398.3912, 4921.459, 228.026, 275.9057, 306.0513, 0.191537, 33.27843, 4235.24, 326.4013, 4838.949, 277.369, 3927.504, 310.164, 1559.987, 1063.629, 287.3461, 1942.508
369.3, 372.8923, 4692.341, 211.6773, 261.5256, 287.1334, 0.180802, 31.46209, 4107.732, 312.2223, 4698.936, 306.6187, 3865.071, 289.6411, 1532.082, 1064.208, 271.4275, 1919.72
369.4, 349.0255, 4473.889, 196.5008, 247.895, 269.3848, 0.1706686, 29.74488, 4070.823, 298.6591, 4544.948, 289.0263, 3907.908, 270.4762, 1617.382, 1022.174, 256.3907, 1821.33
369.5, 326.6862, 4265.607, 182.4124, 234.9748, 258.3961, 0.1611031, 28.1214, 3849.55, 285.6852, 4328.637, 272.4434, 3855.578, 252.5793, 1528.327, 1062.043, 280.8929, 1727.983
369.6, 305.7768, 4448.127, 169.3341, 222.728, 424.3412, 0.1520738, 26.58653, 3693.313, 273.2748, 4561.58, 256.8119, 3671.882, 235.8667, 1468.065, 1005.877, 265.3318, 2004.792
369.7, 286.2057, 4241.044, 157.1934, 211.1195, 398.1114, 0.1435505, 25.13543, 3492.56, 261.4036, 4385.48, 242.0772, 3617.451, 220.2599, 1387.231, 952.6812, 250.6327, 1902.041
369.8, 267.8872, 4465.272, 145.9232, 200.116, 373.5029, 95.55409, 23.76354, 3302.719, 250.048, 4260.088, 393.3167, 3445.1, 205.6858, 1556.583, 902.2986, 346.7622, 1804.557
369.9, 250.7412, 4257.392, 135.461, 189.6861, 350.4156, 90.19858, 22.46652, 3123.198, 239.1858, 4181.174, 370.75, 3331.596, 192.076, 1470.875, 998.5876, 327.5519, 1712.069
370, 234.6926, 4059.189, 125.7489, 179.7997, 328.7553, 243.3304, 21.24029, 3074.878, 228.7954, 3982.177, 349.4781, 3455.284, 179.3667, 1389.886, 945.7772, 309.4059, 1624.322
370.1, 219.6712, 3992.846, 116.7332, 170.4286, 358.1259, 229.6925, 20.081, 3042.597, 218.8564, 4184.342, 329.4267, 3472.908, 167.4984, 1313.357, 971.2834, 292.2651, 1541.072
370.2, 205.6112, 3806.959, 108.3638, 161.5459, 335.989, 216.8189, 18.98497, 2955.64, 209.3491, 3985.194, 310.5258, 3381.093, 156.4154, 1466.356, 1029.907, 276.0739, 1462.088
370.3, 192.4512, 4033.525, 100.5945, 153.1262, 335.0616, 318.1172, 17.94877, 2794.984, 200.2549, 3795.524, 292.7093, 3312.371, 146.0657, 1409.649, 975.4405, 260.7798, 1387.153
370.4, 180.1334, 3845.744, 93.38226, 145.1453, 454.2914, 321.6008, 16.96912, 2741.351, 191.5557, 3932.327, 275.915, 3289.28, 136.4008, 1365.987, 969.0978, 351.811, 1316.058
370.5, 168.604, 3842.845, 86.68708, 137.5804, 426.2102, 400.424, 16.04294, 2745.475, 183.2344, 3794.425, 260.0843, 3302.339, 127.3755, 1297.142, 1011.86, 527.6829, 1439.706
370.6, 157.8126, 3881.028, 80.47192, 130.4098, 436.4448, 377.9815, 15.16732, 2723.691, 175.2746, 3910.804, 245.1619, 3315.974, 118.9473, 1372.839, 958.348, 498.4498, 1365.918
370.7, 147.7119, 3810.706, 74.70237, 123.6129, 409.4668, 356.7968, 14.33948, 2575.643, 167.6605, 3821.905, 231.0957, 3235.275, 111.0768, 1297.248, 907.6656, 470.8362, 1295.911
370.8, 138.2576, 3657.328, 69.34647, 117.1702, 384.1564, 336.7994, 13.55683, 2435.642, 160.3772, 3640.007, 217.8365, 3081.133, 103.7271, 1327.037, 991.4635, 444.7524, 1229.493
370.9, 129.4085, 3641.131, 64.37458, 111.0633, 360.4105, 317.9228, 12.8169, 2303.251, 153.4103, 3466.766, 266.319, 3034.984, 96.86371, 1367.419, 939.0298, 420.1136, 1166.478
371, 121.1258, 3910.35, 59.75915, 105.2748, 338.1324, 300.1042, 12.11735, 2178.056, 146.7461, 3560.68, 251.0389, 3078.292, 90.45444, 1332.603, 889.3691, 396.8397, 1237.576
371.1, 113.3732, 3728.303, 134.61, 99.78789, 317.2314, 283.2843, 11.45598, 2194.143, 140.3714, 3573.544, 236.6355, 3029.623, 84.46927, 1259.228, 842.3348, 421.5284, 1277.68
371.2, 106.1168, 3686.071, 124.959, 94.58698, 297.6224, 267.407, 10.83071, 2074.879, 134.2735, 3421.928, 223.0584, 2943.142, 78.88011, 1189.893, 797.7878, 470.4272, 1212.196
371.3, 99.3248, 3545.663, 115.9999, 89.65714, 279.2254, 252.4197, 10.23957, 1984.894, 128.4406, 3626.413, 287.0939, 2959.021, 73.66078, 1143.638, 755.5967, 444.3661, 1150.068
371.4, 92.96755, 3801.314, 107.6831, 84.98425, 261.9657, 238.2723, 9.680696, 1954.959, 122.8611, 3453.818, 270.6219, 2852.709, 68.7868, 1080.668, 715.6368, 419.7487, 1091.125
371.5, 87.0172, 3820.783, 99.96258, 80.5549, 245.7728, 224.9179, 9.152322, 1848.696, 117.5239, 3397.438, 255.0949, 2747.579, 64.23533, 1021.165, 677.7903, 396.495, 1035.202
371.6, 81.4477, 3642.906, 92.79562, 76.35641, 230.5808, 212.3119, 8.652786, 1748.209, 112.4186, 3315.186, 303.2409, 2686.173, 59.98501, 987.1296, 641.9453, 374.5296, 982.1454
371.7, 76.23467, 3716.189, 86.1425, 72.37674, 216.3279, 200.4125, 8.180516, 1653.184, 107.535, 3414.447, 285.8423, 2599.971, 56.01593, 976.2135, 607.9959, 353.7811, 931.8081
371.8, 71.3553, 3690.918, 79.96639, 68.60449, 202.956, 189.18, 7.734023, 1563.324, 102.8636, 3511.771, 269.4421, 2554.741, 52.30947, 1106.127, 575.842, 334.182, 938.6252
371.9, 66.78823, 3721.317, 74.23309, 65.02885, 190.4107, 178.577, 7.311899, 1592.402, 98.39518, 3416.934, 253.9828, 2472.155, 48.84827, 1045.222, 545.3885, 315.6687, 1037.308
372, 62.51348, 3569.827, 169.6918, 61.63958, 178.6408, 168.5683, 6.912814, 1525.568, 94.12083, 3254.31, 324.0055, 2549.117, 45.61608, 987.671, 516.5455, 298.181, 984.1432
372.1, 58.51233, 3403.634, 157.5255, 58.42694, 167.5985, 159.1206, 6.535511, 1484.53, 90.03216, 3099.426, 470.5664, 2541.099, 42.59776, 976.8011, 582.0419, 281.662, 933.7036
372.2, 54.76727, 3467.894, 146.2314, 55.38176, 157.2387, 150.2023, 6.178802, 1403.837, 86.1211, 2951.913, 538.2128, 2420.03, 39.77916, 923.0171, 551.2605, 266.0583, 947.4243
372.3, 51.26191, 3367.821, 135.7471, 52.49528, 147.5193, 141.784, 5.841563, 1408.181, 82.37994, 3109.122, 576.2272, 2525.552, 37.14706, 872.1945, 598.8022, 365.5267, 898.8666
372.4, 47.98092, 3483.987, 225.3851, 49.75925, 197.6265, 133.8374, 5.522729, 1515.129, 78.80131, 3174.412, 543.166, 2503.86, 34.68911, 1075.161, 767.8996, 429.8847, 914.3536
372.5, 44.90992, 3345.684, 220.7649, 47.16581, 385.6193, 126.3362, 5.221298, 1520.354, 75.37813, 3023.33, 512.0017, 2453.234, 32.39381, 1015.961, 727.2891, 406.0696, 943.3394
372.6, 42.03547, 3256.144, 204.9368, 44.70755, 361.783, 119.2554, 4.936319, 1533.811, 72.10365, 2879.439, 583.6921, 2576.369, 30.25038, 960.0208, 829.934, 383.5738, 1351.633
372.7, 39.34501, 3104.554, 190.2436, 42.37741, 339.4201, 112.5715, 4.666894, 1450.439, 68.97143, 2742.396, 550.2026, 2471.591, 28.24877, 907.1606, 786.0428, 499.4947, 1282.358
372.8, 36.82675, 3169.567, 176.6038, 40.16872, 318.4395, 106.2622, 4.412174, 1445.748, 65.97527, 2952.843, 518.6346, 2542.051, 26.37961, 927.0026, 744.4728, 471.8232, 1286.476
372.9, 34.46967, 3022.008, 236.2435, 38.07514, 298.7558, 100.3066, 4.171357, 1367.164, 63.10926, 2926.912, 488.8778, 2420.937, 24.63413, 875.9606, 705.1013, 445.6847, 1244.537
373, 32.26345, 3222.879, 219.3057, 36.09068, 280.2888, 94.68469, 3.943684, 1292.85, 60.36775, 2868.855, 460.8283, 2438.937, 23.00414, 827.7289, 667.812, 448.0673, 1180.752
373.1, 30.19844, 3096.837, 365.9559, 34.20964, 262.9633, 89.3779, 3.728437, 1286.787, 57.74534, 2808.758, 513.2155, 2355.794, 21.482, 782.153, 632.4946, 446.2884, 1186.579
373.2, 28.2656, 2952.664, 339.7181, 32.42665, 246.7087, 84.36854, 3.524938, 1216.843, 55.23684, 2735.605, 765.442, 2313.126, 20.06059, 739.0865, 599.0451, 421.5645, 1125.764
373.3, 26.45647, 2936.144, 315.3615, 30.73659, 231.4589, 79.63994, 3.332547, 1150.7, 270.725, 2739.797, 721.5245, 2232.477, 18.73322, 698.3914, 567.3646, 430.3906, 1068.066
373.4, 24.76314, 3147.438, 582.3833, 29.13461, 217.1517, 75.17636, 3.150656, 1139.288, 539.2317, 2784.688, 680.1269, 2231.913, 17.49368, 659.937, 537.3594, 406.5475, 1013.325
373.5, 23.17818, 3068.081, 540.6285, 52.77696, 203.7289, 70.96295, 2.978693, 1098.008, 647.3611, 2652.154, 676.2383, 2125.575, 167.5836, 623.6, 508.9411, 384.0251, 961.39
373.6, 21.69467, 3038.733, 534.4953, 50.02625, 191.1358, 66.98569, 2.816115, 1164.327, 713.5294, 2525.928, 698.0425, 2093.307, 560.8585, 589.2637, 482.0257, 523.8436, 974.2079
373.7, 20.30611, 2897.264, 909.6025, 47.4189, 179.3211, 63.23135, 2.662411, 1126.405, 682.5332, 2479.553, 657.9922, 2216.762, 576.0253, 556.818, 456.5338, 494.8232, 924.2775
373.8, 19.00643, 2819.421, 999.4443, 44.94744, 246.7094, 59.68742, 2.517097, 1099.438, 803.5, 2417.616, 620.2397, 2328.991, 915.8527, 589.4209, 432.3899, 467.4105, 876.9061
373.9, 17.78993, 2714.469, 927.7877, 42.6048, 231.4595, 56.34212, 2.379713, 1059.452, 864.8664, 2302.553, 584.6533, 2327.306, 912.3032, 556.9666, 409.5229, 441.5164, 831.9626
374, 16.65129, 2876.211, 861.2686, 40.38425, 217.1523, 53.18432, 2.249828, 1034.78, 827.296, 2192.966, 732.0215, 2287.734, 851.938, 526.2992, 387.8653, 417.0569, 836.3674
374.1, 15.58553, 2777.873, 799.5187, 38.27944, 203.7295, 50.2035, 2.127032, 978.5333, 791.3577, 2210.006, 690.0216, 2178.737, 847.4596, 497.3204, 367.353, 393.9524, 793.5016
374.2, 14.58799, 2648.55, 742.196, 74.13625, 345.9134, 47.38974, 2.010938, 925.3444, 845.0505, 2409.067, 696.9745, 2180.309, 791.385, 604.587, 347.9255, 372.1278, 752.8328
374.3, 13.65429, 2651.071, 688.9832, 70.27229, 324.5314, 44.73369, 1.901181, 1027.24, 940.3104, 2294.411, 656.9854, 2289.817, 739.0208, 571.2975, 329.5254, 351.5124, 887.1921
374.4, 12.78035, 2598.354, 751.1518, 66.60973, 304.4712, 42.22651, 1.797414, 1013.198, 954.4807, 2287.333, 619.2907, 2180.721, 812.8961, 590.0233, 429.8023, 332.0389, 946.8528
374.5, 11.96235, 2477.387, 742.4521, 63.13805, 285.6509, 39.85984, 1.699311, 1021.241, 913.0174, 2178.471, 761.8684, 2157.458, 993.404, 639.2139, 407.0722, 313.6443, 898.3244
374.6, 11.1967, 2499.116, 689.2209, 59.84732, 267.9939, 37.62581, 1.606562, 965.7303, 926.8043, 2424.652, 718.156, 2151.904, 973.2332, 740.9999, 436.1761, 296.2688, 911.0906
374.7, 10.48006, 2382.77, 721.2861, 90.57284, 335.3664, 35.517, 1.518876, 1035.328, 910.4183, 2458.446, 676.9516, 2117.171, 939.7802, 712.3862, 440.1021, 279.8558, 921.0225
374.8, 9.809291, 2761.134, 669.5724, 85.85222, 314.6364, 33.52638, 1.435975, 1045.253, 870.8691, 2341.439, 638.1113, 2160.047, 877.5969, 673.1612, 416.8273, 349.0711, 938.0817
374.9, 9.181451, 2644.89, 621.5664, 81.37763, 309.0483, 31.64733, 1.3576, 1004.239, 833.038, 2230.002, 601.4995, 2057.133, 819.5282, 707.2198, 394.7833, 355.3148, 890.0028
375, 8.593796, 2590.578, 577.0023, 77.13626, 289.9451, 29.87359, 1.283502, 1007.706, 896.2557, 2340.599, 566.9883, 2025.215, 765.3018, 668.2794, 450.3513, 335.6307, 919.0823
375.1, 8.043754, 2574.896, 535.6333, 73.11595, 272.0227, 28.19927, 1.213448, 952.9315, 874.2086, 2362.114, 534.4572, 2126.929, 714.6633, 741.9974, 426.5344, 415.8637, 1115.868
375.2, 7.528916, 2455.022, 497.2303, 69.30518, 255.2081, 26.61878, 1.147218, 1052.734, 922.7243, 2354.957, 503.7926, 2148.286, 766.1005, 897.993, 403.9771, 392.8253, 1133.255
375.3, 7.047031, 2466.62, 461.5806, 87.29587, 239.4329, 25.12688, 1.084602, 995.5123, 882.6406, 2467.923, 474.8874, 2141.944, 715.4092, 855.9875, 474.1813, 371.0631, 1075.173
375.4, 6.595989, 2351.787, 428.4869, 82.74604, 224.6328, 23.7186, 1.025405, 1080.508, 844.2981, 2350.465, 709.1055, 2166.453, 668.0721, 808.8556, 592.0632, 433.8367, 1020.068
375.5, 6.173815, 2369.987, 451.0677, 78.43335, 243.5924, 22.38924, 0.969438, 1197.682, 932.3613, 2566.834, 855.4909, 2318.778, 623.8672, 925.2277, 560.7518, 409.8026, 967.7869
375.6, 5.778663, 2465.355, 764.2097, 74.34544, 259.1214, 21.13439, 0.9165259, 1132.581, 1099.622, 2594.679, 1019.337, 2310.027, 582.5873, 962.2076, 531.0964, 387.1, 918.1855
375.7, 5.408802, 2479.472, 722.0599, 72.11169, 243.1043, 19.94987, 0.8665017, 1291.196, 1077.932, 2471.189, 1028.517, 2309.567, 544.0387, 978.0173, 577.9921, 579.9188, 871.1263
375.8, 5.062613, 2408.396, 793.6428, 68.35326, 228.0773, 18.83175, 0.819208, 1327.113, 1345.614, 2602.141, 1009.771, 2311.871, 508.0408, 1293.763, 585.0641, 729.0886, 1004.996
375.9, 123.108, 2379.477, 736.7414, 104.8394, 331.5226, 17.77628, 0.7744955, 1314.901, 1302.365, 2671.642, 1034.507, 2361.795, 474.4248, 1222.526, 554.123, 805.7651, 953.488
376, 115.2285, 2268.7, 688.585, 99.37524, 311.0301, 16.77998, 0.7322234, 1329.097, 1314.885, 2678.053, 975.1521, 2307.853, 443.0331, 1304, 524.8181, 761.1266, 1012.449
376.1, 107.8534, 2306.401, 639.2159, 94.19585, 291.8044, 15.83951, 0.6922585, 1504.439, 1257.765, 2700.998, 919.2025, 2252.749, 413.7185, 1232.2, 657.3611, 718.961, 990.9344
376.2, 100.9503, 2497.583, 593.3864, 89.28639, 273.7671, 14.95175, 0.654475, 1422.664, 1203.127, 2613.745, 866.463, 2241.796, 386.3437, 1216.773, 644.9039, 679.1313, 940.1467
376.3, 94.48898, 2489.034, 550.8427, 84.63282, 485.7227, 14.11375, 0.6187536, 1345.334, 1150.863, 2489.347, 816.7495, 2134.988, 360.7801, 1325.09, 642.3651, 641.5082, 891.9619
376.4, 88.44125, 2409.087, 554.2088, 154.7762, 701.7716, 13.32272, 0.5849819, 1512.769, 1190.939, 2458.324, 814.6191, 2150.291, 471.0613, 1371.155, 608.3935, 605.9693, 1029.117
376.5, 82.78061, 2296.932, 514.474, 146.7093, 685.795, 12.57602, 0.5530535, 1500.006, 1150.758, 2341.323, 767.8801, 2189.855, 458.5018, 1349.526, 576.2185, 572.3992, 1016.28
376.6, 77.48227, 2302.994, 477.588, 167.1177, 643.4039, 11.87117, 0.5228677, 1418.472, 1212.341, 2340.076, 723.8228, 2085.521, 464.9976, 1408.004, 545.7451, 584.3647, 982.2286
376.7, 72.52305, 2440.568, 443.3467, 158.4076, 653.6866, 11.20583, 0.4943295, 1341.37, 1261.707, 2228.703, 706.9583, 2030.548, 434.2296, 1449.026, 559.1084, 688.8659, 969.1837
376.8, 67.88124, 2326.948, 411.5603, 150.1515, 653.6001, 10.57778, 0.467349, 1374.789, 1206.898, 2171.738, 770.5416, 2062.191, 405.4976, 1519.873, 596.9836, 693.8262, 963.8123
376.9, 63.53653, 2218.616, 414.7435, 217.9323, 766.457, 9.984925, 0.441841, 1300.062, 1201.576, 2389.715, 755.8407, 2116.439, 378.6667, 1619.909, 565.412, 655.3889, 1156.64
377, 59.4699, 2304.974, 399.5482, 206.5737, 719.08, 9.425301, 0.4177252, 1345.397, 1250.989, 2366.449, 712.4741, 2278.426, 422.4118, 1530.714, 535.5102, 644.0018, 1198.99
377.1, 55.66355, 2288.487, 561.9621, 195.8072, 674.6314, 8.897041, 0.3949257, 1272.267, 1196.645, 2286.743, 671.5958, 2312.354, 629.8373, 1446.431, 507.1897, 756.0406, 1137.539
377.2, 52.10083, 2181.946, 576.7549, 185.6018, 632.9304, 8.398389, 0.3733706, 1203.112, 1193.315, 2237.719, 633.0628, 2268.771, 701.9494, 1366.788, 542.9819, 714.1568, 1079.237
377.3, 48.76613, 2176.354, 535.4036, 175.9283, 593.807, 7.927685, 0.352992, 1137.716, 1171.622, 2187.624, 764.3287, 2232.253, 655.5029, 1386.52, 514.2663, 674.5933, 1023.924
377.4, 45.64487, 2075.034, 663.4253, 166.759, 557.102, 7.483362, 0.3337256, 1285.893, 1120.726, 2083.507, 807.1947, 2282.726, 738.5005, 1374.049, 487.0693, 698.7407, 971.4453
377.5, 42.72339, 2212.764, 615.86, 158.0676, 522.6658, 7.063942, 0.3155108, 1334.964, 1097.2, 2081.201, 760.8817, 2173.967, 753.7213, 1449.555, 461.3105, 660.0312, 921.6564
377.6, 39.9889, 2109.749, 581.1586, 149.8291, 490.3582, 6.66803, 0.2982902, 1262.401, 1049.536, 2086.96, 717.226, 2173.756, 703.8492, 1583.064, 531.9027, 623.4662, 874.4194
377.7, 37.42942, 2164.261, 539.4916, 142.0201, 460.0477, 127.8747, 0.2820095, 1241.075, 1113.564, 1987.634, 676.075, 2070.189, 692.3081, 1495.898, 503.773, 648.6435, 829.6033
377.8, 35.03377, 2063.504, 552.061, 134.6181, 431.6107, 149.2824, 0.2666174, 1203.404, 1065.19, 2281.98, 637.285, 2127.557, 704.5347, 1413.532, 477.1309, 612.7094, 787.0842
377.9, 32.79145, 1967.437, 616.3706, 127.6018, 496.0017, 140.9156, 0.2520653, 1427.314, 1136.471, 2308.089, 600.7206, 2265.364, 742.6013, 1385.261, 451.8978, 673.8641, 1010.765
378, 30.69264, 1995.885, 572.179, 120.9513, 539.4908, 133.0177, 0.2383076, 1427.32, 1087.102, 2198.239, 566.2541, 2215.568, 1164.198, 1345.11, 461.8417, 672.8941, 1076.738
378.1, 28.72817, 2131.985, 641.4088, 114.6473, 740.6382, 125.5625, 0.2253007, 1384.296, 1225.985, 2093.616, 635.8896, 2272.017, 1169.791, 1288.792, 589.7097, 797.4261, 1021.552
378.2, 26.88944, 2032.731, 595.4221, 108.672, 694.8571, 191.1431, 0.2130038, 1455.554, 1172.727, 1993.973, 721.5634, 2213.714, 1188.941, 1249.66, 638.8227, 753.2496, 969.1953
378.3, 25.16839, 2032.434, 552.7324, 108.3262, 651.9058, 275.7365, 0.201378, 1445.869, 1229.851, 2164.298, 680.1635, 2326.643, 1226.433, 1222.286, 664.2341, 819.6081, 1102.041
378.4, 23.5575, 1972.245, 563.0786, 102.6803, 611.6096, 260.2823, 0.1903867, 1520.619, 1285.736, 2520.099, 762.2396, 2331.127, 1208.496, 1175.68, 738.7172, 956.2252, 1160.314
378.5, 22.04971, 1913.964, 584.6089, 97.3286, 573.8041, 245.6942, 0.1799954, 2076.839, 1403.505, 2621.304, 718.5059, 2414.364, 1311.028, 1194.228, 873.7542, 1300.206, 1369.724
378.6, 157.6241, 1914.561, 634.5249, 92.25587, 538.3355, 231.9238, 0.1701712, 1963.951, 1415.808, 2589.171, 748.1688, 2310.544, 1224.28, 1160.099, 891.6597, 1370.331, 1299.523
378.7, 324.2205, 1825.429, 602.3314, 87.44753, 505.0594, 218.9252, 0.1608832, 2278.808, 1416.101, 2592.492, 756.6632, 2254.747, 1143.272, 1226.159, 887.2039, 1294.416, 1232.919
378.8, 413.3876, 1821.238, 637.123, 82.88979, 473.8401, 206.6551, 0.1521022, 2260.336, 1419.859, 2821.761, 713.2495, 2288.661, 1067.624, 1166.988, 964.1665, 1394.803, 1169.729
378.9, 910.17, 1817.431, 591.4435, 78.56961, 444.5506, 195.0727, 0.1438005, 2223.666, 1522.818, 2760.17, 827.5833, 2208.986, 996.9819, 1134.982, 939.0282, 1350.989, 1109.778
379, 1204.753, 1818.177, 564.5375, 74.47459, 417.0716, 184.1395, 0.1359518, 2102.797, 1456.666, 2843.672, 846.2773, 2156.911, 931.0137, 1072.489, 1021.9, 1628.61, 1052.899
379.1, 1127.643, 1811.145, 524.0622, 70.59301, 391.2911, 173.819, 0.1285315, 2062.314, 1451.957, 2810.923, 797.7219, 2124.129, 869.4105, 1013.436, 985.8501, 1538.387, 998.9354
379.2, 1055.469, 1768.149, 527.5433, 66.91373, 367.1042, 164.077, 0.1215163, 2110.429, 1388.883, 2677.141, 769.404, 2086.84, 811.8835, 957.6346, 959.1659, 1622.312, 947.7375
379.3, 1320.468, 1717.644, 489.7203, 104.1053, 344.4124, 154.881, 0.1148839, 2165.115, 1328.549, 2691.235, 725.2592, 2101.642, 758.1628, 938.8313, 1110.087, 1532.438, 899.1638
379.4, 1642.769, 1735.186, 501.3725, 98.67938, 323.1232, 146.2004, 0.1086135, 2210.049, 1363.073, 2563.149, 908.8751, 2021.278, 707.9968, 887.1379, 1133.013, 1592.422, 853.0795
379.5, 1919.611, 1789.797, 471.4162, 93.53625, 303.15, 138.0063, 0.1026854, 2237.381, 1303.86, 2441.159, 903.4191, 2086.771, 740.7468, 838.2909, 1140.572, 1610.772, 809.3571
379.6, 2334.163, 1742.091, 437.6173, 88.66118, 284.4113, 130.2714, 0.09708078, 2578.367, 1247.219, 2324.976, 1008.256, 2031.179, 821.7514, 792.1334, 1530.04, 1751.464, 767.8757
379.7, 2543.456, 1735.25, 406.2417, 84.04019, 266.831, 122.9701, 0.0917821, 2576.281, 1193.039, 2435.613, 950.407, 1934.405, 861.78, 748.5175, 1718.704, 1883.387, 728.5202
379.8, 2711.266, 1654.466, 377.1156, 79.66005, 250.3374, 116.078, 0.08677262, 2770.913, 1141.213, 2399.592, 895.8771, 1842.241, 804.7579, 707.303, 1881.684, 1779.05, 691.1818
379.9, 2537.733, 1608.544, 350.0778, 75.5082, 280.2288, 109.5722, 0.08203655, 2760.22, 1091.638, 2454.871, 844.476, 1798.305, 816.0623, 668.358, 1971.872, 1680.492, 655.7571
380, 2375.306, 1533.658, 324.9785, 71.57275, 262.907, 103.431, 0.07755899, 2699.875, 1044.216, 2372.314, 848.5651, 1712.626, 770.9538, 631.5573, 1961.099, 1640.497, 622.148
380.1, 2582.706, 1462.259, 301.6786, 67.8424, 246.6559, 97.63401, 0.07332581, 2693.019, 998.8549, 2326.567, 904.447, 1709.72, 788.7431, 667.0692, 2239.079, 1676.319, 590.2615
380.2, 3006.663, 1394.184, 472.2856, 64.30648, 416.4322, 92.16192, 0.06932367, 2924.549, 955.464, 2367.803, 852.5541, 1628.261, 736.5536, 630.3395, 2353.465, 1583.453, 560.0092
380.3, 3731.502, 1585.105, 438.4244, 121.633, 390.6913, 86.99652, 0.06553998, 2908.433, 973.5433, 2500.133, 945.3878, 1735.551, 732.5986, 595.6321, 2595.66, 1729.09, 531.3074
380.4, 3876.279, 1618.207, 406.991, 115.2935, 366.5414, 82.12063, 0.0619628, 3055.701, 931.252, 2509.011, 891.1459, 1784.729, 759.1946, 562.8358, 2575.163, 1633.3, 504.0766
380.5, 3726.842, 1570.224, 377.8112, 109.2845, 343.8844, 142.7364, 0.05858086, 3039.993, 890.7978, 2389.598, 840.0162, 1801.498, 725.3973, 531.8452, 2518.095, 1542.817, 478.2415
380.6, 3675.242, 1497.123, 471.5103, 103.5886, 322.6279, 134.7364, 0.05538351, 2874.752, 879.2416, 2363.815, 819.5333, 1793.488, 715.7565, 650.3607, 2495.88, 1457.347, 453.7305
380.7, 3440.01, 1520.799, 437.7047, 98.18961, 302.6852, 127.1849, 0.05236067, 2916.784, 841.0468, 2532.674, 772.5124, 1777.388, 668.3964, 614.5509, 2363.885, 1376.611, 430.4757
380.8, 3219.833, 1449.999, 451.4712, 93.07201, 283.9753, 120.0565, 0.04950282, 2840.214, 804.5112, 2473.966, 728.1893, 1759.319, 624.17, 723.3905, 2499.14, 1345.82, 408.4128
380.9, 3013.749, 1382.494, 567.2875, 148.6855, 266.422, 113.3277, 0.04680094, 2685.833, 769.5627, 2356.22, 686.4092, 1675.498, 582.8701, 683.5596, 2442.418, 1271.263, 387.4807
381, 2820.855, 1318.132, 526.615, 140.936, 249.9536, 106.976, 0.04424654, 2539.842, 750.6744, 2244.079, 740.5593, 1678.629, 544.3028, 732.5717, 2313.251, 1336.73, 367.6214
381.1, 2728.517, 1361.31, 488.8586, 223.0086, 278.3113, 100.9804, 0.04183156, 2629.886, 762.5986, 2137.275, 698.0695, 1702.917, 508.2874, 768.9977, 2691.556, 1425.146, 348.7799
381.2, 2553.88, 1297.934, 574.8716, 211.3855, 449.7812, 95.32072, 0.03954839, 2598.244, 756.7917, 2225.573, 960.5085, 1699.021, 474.6551, 750.0245, 2818.702, 1619.244, 330.9041
381.3, 2390.42, 1404.481, 560.1169, 200.3682, 421.9788, 89.97828, 0.03738983, 2779.779, 873.1968, 2258.638, 905.3991, 1618.072, 513.2784, 843.0282, 3030.657, 1529.54, 313.9445
381.4, 2237.422, 1339.095, 741.2568, 189.925, 395.895, 84.93527, 0.03534909, 2734.211, 889.2151, 2185.169, 898.9014, 1540.98, 487.747, 847.4469, 2870.381, 1444.805, 297.8541
381.5, 2094.217, 1479.122, 688.1113, 180.0262, 371.4236, 80.17491, 0.03341973, 2688.844, 850.587, 2192.695, 847.3267, 1547.562, 544.4051, 910.1238, 3047.861, 1364.764, 494.064
381.6, 1960.177, 1593.523, 638.7761, 170.6433, 404.9781, 75.68135, 0.03159567, 2716.855, 813.637, 2282.029, 954.2519, 1611.356, 508.383, 916.7636, 3007.228, 1315.846, 468.7421
381.7, 1834.717, 1519.337, 592.9781, 161.7495, 409.1735, 71.43964, 0.02987118, 2569.178, 888.625, 2173.419, 899.5015, 1534.584, 474.7443, 866.2853, 3038.57, 1388.379, 444.7179
381.8, 1717.286, 1671.016, 622.8659, 153.3192, 383.8812, 186.5108, 0.0282408, 2541.839, 877.7668, 2069.978, 913.8304, 1461.47, 544.5673, 818.5864, 2877.875, 1365.544, 421.9251
381.9, 1607.372, 1593.221, 598.3651, 145.3282, 360.1523, 176.0575, 0.02669942, 2403.675, 839.636, 1971.46, 861.3992, 1582.424, 540.5971, 773.5139, 2725.678, 1289.895, 589.6993
382, 1504.493, 1572.922, 581.1751, 137.7538, 337.8902, 166.19, 0.02524216, 2273.021, 803.1617, 1986.69, 836.9734, 1539.174, 504.8269, 730.9232, 2646.268, 1218.436, 559.4758
382.1, 1408.198, 1499.695, 539.5069, 130.5741, 317.0042, 156.8755, 0.02386444, 2209.296, 768.2719, 2024.805, 911.2038, 1516.178, 471.4236, 690.6775, 2569.164, 1150.936, 530.8013
382.2, 1318.067, 1470.554, 957.3912, 123.7686, 297.4092, 172.2345, 0.02256191, 2265.84, 734.8977, 1928.437, 858.9233, 1443.941, 551.4894, 652.6478, 2433.293, 1087.175, 503.5965
382.3, 1509.917, 1402.092, 1389.123, 117.3178, 279.0254, 162.5813, 0.02133048, 2142.678, 792.7292, 1836.656, 1132.388, 1375.146, 514.9985, 616.7121, 2473.588, 1026.947, 477.786
382.4, 1413.276, 1336.818, 1398.585, 111.2033, 261.778, 153.4691, 0.02016626, 2026.212, 782.0949, 2094.506, 1138.631, 1376.817, 480.9221, 582.7551, 2444.388, 1044.346, 453.2983
382.5, 1400.424, 1274.582, 1517.841, 105.4074, 245.5967, 158.4582, 0.01906558, 1916.075, 748.1202, 2084.432, 1227.523, 1311.22, 449.1005, 550.6678, 2400.726, 986.4902, 430.0657
382.6, 1348.585, 1292.986, 1448.592, 99.91362, 230.4156, 159.3055, 0.01802498, 1970.54, 715.6213, 1985.227, 1253.945, 1248.748, 419.3845, 520.3472, 2413.645, 931.8397, 408.0238
382.7, 1340.825, 1298.667, 1459.442, 94.70616, 216.1729, 190.1313, 0.01704117, 1863.43, 726.1225, 1890.742, 1182, 1189.252, 391.6347, 491.6962, 2285.999, 1010.319, 387.1116
382.8, 1255.006, 1238.207, 1354.805, 204.9557, 202.8106, 231.708, 0.01611106, 1841.416, 694.5793, 1800.755, 1114.182, 1132.591, 488.7648, 464.6227, 2288.044, 954.3486, 367.2712
382.9, 1174.68, 1180.563, 1257.67, 194.2735, 190.2743, 246.829, 0.01523172, 1791.322, 664.4063, 1818.212, 1050.256, 1078.63, 469.2469, 439.0399, 2213.863, 933.2191, 492.7866
383, 1099.495, 1369.485, 1239.763, 184.148, 178.5129, 232.995, 0.01440037, 1693.953, 635.5441, 1899.644, 989.9969, 1027.239, 555.1796, 414.8658, 2240.268, 941.6229, 557.7224
383.1, 1029.122, 1305.729, 1155.47, 174.5503, 167.4784, 219.9363, 0.01361439, 1703.562, 607.9356, 1809.233, 1142.651, 978.297, 1071.874, 392.0227, 2121.791, 889.4579, 584.5593
383.2, 963.2534, 1244.94, 1107.484, 267.5216, 157.1261, 240.6611, 0.01287132, 1610.964, 581.5265, 1723.125, 1077.091, 1092.708, 1213.627, 370.4373, 2088.833, 840.1829, 911.7697
383.3, 901.6008, 1252.295, 1155.431, 253.5785, 225.0841, 227.1728, 0.0121688, 1638.481, 556.2646, 1834.651, 1015.293, 1040.647, 1180.352, 350.0406, 1978.365, 793.6377, 865.0394
383.4, 843.8942, 1193.994, 1107.34, 240.3621, 328.521, 214.4405, 0.01150463, 1549.42, 532.1001, 1807.5, 957.0399, 1031.788, 1158.166, 438.6845, 1873.739, 749.671, 820.704
383.5, 789.881, 1186.987, 1027.948, 227.8345, 308.2141, 202.4217, 0.0108767, 1465.2, 508.9853, 1888.365, 902.1295, 1075.987, 1081.533, 414.5299, 1928.619, 837.0301, 889.1573
383.6, 739.325, 1266.12, 954.2477, 262.566, 289.1624, 191.0766, 0.01028305, 1385.558, 486.8747, 1798.49, 850.3696, 1072.915, 1009.97, 391.7054, 1869.666, 840.7814, 843.5859
383.7, 692.0048, 1268.178, 885.8315, 248.8812, 271.2884, 180.3673, 0.009721799, 1310.245, 465.7245, 1752.566, 801.5795, 1021.797, 963.6522, 370.1375, 1790.879, 794.203, 800.3502
383.8, 647.7133, 1209.138, 822.3205, 235.9096, 254.5193, 170.2583, 0.009191182, 1369.051, 445.4931, 1669.155, 755.5886, 1017.65, 927.2399, 349.7572, 1696.168, 785.6825, 899.202
383.9, 606.2567, 1152.847, 763.363, 223.6141, 238.7866, 160.7158, 0.008689526, 1413.265, 426.1406, 1617.53, 712.2365, 1006.802, 1109.946, 330.4991, 1856.337, 742.1565, 885.4281
384, 567.4535, 1275.728, 708.6326, 211.9594, 224.0265, 151.7082, 0.00821525, 1336.446, 407.6288, 1622.689, 755.6099, 1161.054, 1036.503, 312.3014, 1854.105, 771.6973, 890.6848
384.1, 531.1339, 1216.336, 680.1307, 213.992, 210.1787, 143.2054, 0.00776686, 1263.802, 389.9212, 1545.46, 712.2566, 1105.736, 967.9199, 295.1056, 1756.05, 843.8035, 1148.792
384.2, 497.1389, 1159.71, 631.3678, 202.8388, 223.3452, 135.1792, 0.007342943, 1284.05, 428.1315, 1471.906, 671.3907, 1053.054, 903.8746, 278.8567, 1663.181, 832.6199, 1204.89
384.3, 465.3197, 1191.422, 586.101, 192.2669, 209.5396, 127.6028, 0.006942165, 1214.255, 409.5332, 1478.956, 690.5769, 1002.882, 900.5343, 366.5304, 1575.224, 786.4937, 1143.137
384.4, 435.5371, 1182.201, 544.0796, 236.7183, 250.5276, 142.7459, 0.00656326, 1148.253, 411.0279, 1408.567, 650.9549, 994.4759, 864.833, 346.3488, 1491.918, 1083.535, 1316.269
384.5, 407.6607, 1127.164, 505.071, 398.2073, 598.331, 134.7454, 0.006205036, 1085.839, 393.1726, 1341.528, 613.6062, 1062.584, 807.6088, 327.2783, 1599.468, 1023.508, 1297.922
384.6, 381.5685, 1085.544, 468.8592, 377.4529, 651.5637, 133.4463, 0.005866365, 1026.817, 376.0929, 1277.68, 630.4478, 1087.803, 754.1711, 309.2579, 1514.88, 966.8069, 1231.401
384.7, 357.1464, 1035.006, 504.4289, 357.7802, 611.2885, 265.6722, 0.005546178, 971.0036, 394.6319, 1216.871, 594.2756, 1069.843, 704.2692, 292.2297, 1434.766, 996.1618, 1168.289
384.8, 334.2874, 1020.346, 468.2631, 339.1328, 573.5029, 267.441, 0.005243467, 918.224, 377.4889, 1158.955, 693.5532, 1104.61, 686.6711, 276.1392, 1483.238, 940.9755, 1179.01
384.9, 312.8914, 1131.961, 434.6903, 321.4573, 538.053, 252.4517, 0.004957277, 868.3132, 392.6707, 1218.97, 764.2983, 1051.982, 691.8582, 260.9345, 1433.884, 949.1627, 1222.633
385, 292.865, 1131.173, 403.5245, 332.2816, 504.7943, 241.4783, 0.004686709, 891.6749, 375.6129, 1364.245, 720.4465, 1083.417, 862.3295, 246.5671, 1358.053, 1116.974, 1159.97
385.1, 274.1203, 1078.511, 448.9022, 314.9632, 478.9229, 290.3769, 0.004430907, 1187.41, 418.1879, 1354.605, 793.3349, 1169.171, 805.271, 232.9908, 1565.023, 1133.071, 1100.519
385.2, 256.5753, 1407.617, 416.7175, 348.8482, 541.0333, 274.1021, 0.004189068, 1438.647, 400.0215, 1631.21, 747.8171, 1129.715, 751.9879, 220.162, 1693.539, 1070.3, 1118.911
385.3, 240.1533, 1470.118, 623.1898, 330.6664, 507.5904, 258.7395, 0.003960427, 1441.479, 382.6443, 1695.003, 704.9109, 1147.794, 702.2305, 322.6404, 1603.976, 1011.007, 1172.531
385.4, 224.7824, 1734.392, 578.5093, 411.0266, 476.2147, 300.2128, 0.003744267, 1490.39, 366.022, 1824.028, 664.4665, 1145.867, 655.7654, 384.4451, 1653.868, 989.2403, 1370.82
385.5, 210.3953, 1692.627, 537.0323, 389.6041, 461.498, 328.7761, 0.003539904, 1666.369, 350.1218, 1737.216, 728.714, 1119.719, 709.9175, 363.277, 1566.403, 934.4374, 1300.562
385.6, 196.929, 1613.826, 593.5648, 369.2981, 432.9714, 310.3492, 0.003346696, 1820.19, 334.9123, 1654.536, 686.9039, 1234.568, 957.7134, 343.2745, 1672.374, 1008.302, 1233.905
385.7, 184.3247, 1538.695, 551.0083, 350.0504, 406.2081, 364.074, 0.003164032, 1811.01, 320.3635, 1982.884, 925.9224, 1366.93, 1402.343, 366.9575, 1583.93, 974.0573, 1228.722
385.8, 172.527, 1605.773, 806.0287, 378.873, 460.4298, 430.5466, 0.002991339, 1712.572, 325.2142, 1888.511, 872.7974, 1364.883, 1607.357, 395.2385, 1500.163, 944.1294, 1274.492
385.9, 290.0226, 1531.016, 761.1819, 359.1263, 431.9692, 449.6469, 0.002828071, 1860.385, 353.9091, 1929.594, 838.0557, 1299.854, 1545.116, 373.4761, 1519.107, 891.8256, 1209.172
386, 271.4598, 1515.916, 755.2509, 340.4088, 405.2679, 424.4455, 0.002673715, 1759.263, 388.4086, 1837.758, 1272.546, 1340.872, 1588.298, 352.912, 1523.095, 1202.032, 1147.199
386.1, 254.0852, 1445.343, 726.4469, 341.7409, 380.217, 400.6566, 0.002527783, 1663.637, 408.0753, 1859.587, 1199.533, 1486.069, 1483.204, 333.4802, 1442.546, 1184.774, 1310.787
386.2, 237.8225, 1553.134, 742.6805, 339.3333, 356.7147, 454.2878, 0.002389816, 1573.209, 425.0286, 1935.001, 1130.709, 1415.266, 1385.063, 315.1183, 1415.622, 1119.138, 1243.606
386.3, 222.6008, 1480.828, 689.4329, 321.6473, 334.665, 428.8263, 0.00225938, 1487.696, 406.5651, 1842.907, 1111.003, 1347.837, 1386.169, 297.7674, 1340.757, 1057.139, 1179.868
386.4, 208.3533, 1411.888, 640.0031, 324.8199, 313.9784, 404.7919, 0.002136062, 1406.831, 388.9037, 1755.196, 1047.259, 1283.62, 1323.152, 281.3719, 1269.851, 1302.498, 1119.397
386.5, 195.0177, 1346.158, 594.1171, 307.8904, 294.5704, 463.3678, 0.002019476, 1330.362, 372.0094, 1671.66, 987.1722, 1222.463, 1498.367, 265.8792, 1202.694, 1468.701, 1062.025
386.6, 182.5357, 1376.751, 551.5211, 422.3103, 276.3621, 660.2053, 0.001909252, 1258.049, 381.3328, 1592.1, 930.5329, 1164.22, 1399.223, 298.4225, 1139.09, 1548.886, 1007.594
386.7, 170.8526, 1398.949, 511.9789, 401.9556, 259.2793, 623.2028, 0.001805045, 1189.667, 364.7674, 1567.795, 877.1433, 1158.864, 1392.857, 333.2827, 1078.849, 1463.08, 1174.473
386.8, 159.9172, 1333.821, 475.2719, 381.0058, 298.7256, 600.1089, 0.001706525, 1125.001, 348.9217, 1603.469, 826.817, 1103.651, 1329.969, 314.9316, 1068.862, 1382.027, 1169.015
386.9, 149.6818, 1271.725, 441.1965, 361.1479, 280.2605, 643.5137, 0.001613383, 1063.851, 333.7643, 1527.154, 779.3782, 1187.893, 1241.967, 297.5911, 1025.42, 1305.464, 1192.419
387, 140.1015, 1484.209, 409.5643, 342.325, 370.1306, 607.4467, 0.001525324, 1006.025, 319.2654, 1454.472, 734.6611, 1131.297, 1275.112, 281.2053, 1056.966, 1639.434, 1200.641
387.1, 131.1343, 1415.112, 380.2, 394.6782, 347.2516, 758.7469, 0.001442072, 1161.559, 305.3963, 1385.248, 692.5098, 1077.397, 1190.74, 265.7217, 1001.068, 1548.611, 1139.105
387.2, 122.7411, 1349.232, 430.5533, 374.1077, 325.787, 779.8234, 0.001363363, 1098.421, 384.0904, 1407.438, 652.7769, 1133.328, 1111.952, 251.0907, 948.1268, 1581.92, 1264.138
387.3, 114.8851, 1286.418, 399.6841, 354.6093, 438.9071, 736.1167, 0.001288951, 1038.716, 367.4053, 1340.453, 760.9452, 1239.149, 1038.376, 237.2653, 1040.648, 1494.283, 1199.348
387.4, 107.532, 1336.577, 371.0282, 336.1272, 411.7769, 694.8596, 0.0012186, 982.2557, 396.2711, 1427.419, 737.3985, 1180.111, 969.6691, 224.2012, 985.6134, 1559.094, 1291.374
387.5, 100.6494, 1274.352, 344.4268, 318.6084, 386.3237, 655.9149, 0.001152088, 983.7814, 464.3026, 1517.997, 880.5034, 1153.111, 905.5081, 211.8563, 958.8911, 1494.166, 1225.188
387.6, 128.3574, 1239.077, 319.7326, 302.0027, 362.4438, 619.1528, 0.001089207, 1605.732, 450.5844, 1445.75, 1100.575, 1098.172, 845.5925, 200.1912, 1462.98, 1734.286, 1162.394
387.7, 233.7593, 1500.64, 296.8089, 368.6281, 361.7482, 584.4512, 0.001029758, 2588.418, 514.1185, 1662.623, 1483.036, 1136.12, 789.6415, 356.9714, 1655.254, 2284.259, 1205.043
387.8, 218.7976, 1513.507, 543.9846, 367.4157, 339.3875, 1060.302, 0.0009735538, 2906.056, 491.7849, 1838.698, 1598.695, 1097.159, 737.3926, 337.316, 1647.107, 2157.713, 1143.281
387.9, 204.7935, 1606.876, 708.3872, 348.2661, 346.9891, 1356.323, 0.0009204171, 3021.526, 506.3481, 1876.031, 1584.336, 1125.703, 688.6009, 457.8989, 1674.308, 2038.178, 1084.686
388, 191.6858, 1532.068, 803.7625, 330.1146, 651.6415, 1280.305, 0.0008701805, 2884.467, 484.352, 1924.688, 1720.994, 1205.474, 643.0376, 492.8593, 1714.999, 1950.096, 1067.114
388.1, 179.417, 1460.742, 746.1356, 349.1258, 652.4453, 1208.548, 0.0008226859, 2779.584, 463.3114, 1833.085, 1751.956, 1202.125, 600.4891, 623.2493, 1818.662, 2101.331, 1056.575
388.2, 167.9335, 1392.738, 692.6403, 330.9295, 612.1157, 1387.876, 0.0007777836, 2835.524, 443.1848, 1745.842, 1794.004, 1144.851, 560.756, 588.9323, 1751.36, 2106.093, 1002.423
388.3, 157.185, 1327.899, 849.1724, 313.6816, 574.2789, 1310.09, 0.0007353321, 2728.737, 462.4206, 1662.751, 1691.073, 1117.299, 523.652, 727.4443, 1658.74, 2037.669, 1015.258
388.4, 147.1244, 1266.078, 1038.723, 297.3326, 538.781, 1329.114, 0.0006951976, 2595.899, 501.2131, 1583.614, 1594.047, 1195.59, 489.003, 687.3903, 1571.017, 2135.399, 963.2238
388.5, 137.7078, 1207.136, 964.2505, 281.8358, 505.4773, 1254.621, 0.0006572535, 2536.484, 479.4401, 1508.244, 1502.588, 1138.627, 456.6467, 649.5416, 1487.934, 2017.1, 913.8563
388.6, 128.8939, 1150.938, 895.1171, 267.1466, 474.2322, 1306.849, 0.0006213806, 2398.611, 458.6129, 1436.461, 1440.75, 1084.378, 500.3727, 653.9652, 1444.719, 1905.355, 867.019
388.7, 120.6441, 1097.356, 830.9404, 253.223, 632.4695, 1345.9, 0.0005874655, 2391.622, 539.1585, 1368.095, 1434.477, 1032.714, 528.1821, 617.957, 1386.451, 1972.739, 931.6233
388.8, 112.9223, 1089.245, 776.6661, 254.1744, 593.3747, 1270.466, 0.0005554016, 2261.623, 562.8749, 1302.982, 1352.174, 1218.773, 509.4305, 630.9711, 1373.029, 1903.231, 964.5704
388.9, 105.6947, 1118.155, 720.9819, 376.1238, 556.6964, 1228.957, 0.0005250876, 2138.691, 538.4232, 1240.969, 1274.593, 1160.705, 505.4034, 596.2289, 1393.186, 1846.521, 976.7612
389, 98.92979, 1066.099, 669.2901, 356.5204, 522.2853, 1393.113, 0.0004964283, 2295.971, 570.6182, 1181.906, 1270.835, 1105.405, 509.3809, 563.3997, 1367.309, 2088.426, 926.6998
389.1, 92.59783, 1016.467, 621.3044, 337.9387, 490.0012, 1423.378, 0.0004693331, 2283.496, 545.8301, 1125.655, 1343.421, 1052.738, 507.6359, 532.3781, 1294.999, 2085.381, 879.2043
389.2, 86.67114, 1083.545, 576.759, 320.3255, 459.7127, 1387.561, 0.0004437169, 2307.067, 522.119, 1072.081, 1266.342, 1002.581, 490.3505, 503.0646, 1260.318, 2086.345, 973.7224
389.3, 81.12379, 1033.101, 623.6105, 303.6302, 539.2977, 1385.876, 0.0004194987, 2209.48, 499.4378, 1286.637, 1193.685, 954.8142, 837.0579, 475.3652, 1283, 2023.208, 1132.763
389.4, 75.9315, 1085.23, 578.8998, 287.8051, 505.962, 1510.992, 0.0003966024, 2089.382, 477.7419, 1290.898, 1125.197, 909.3228, 959.9125, 486.3918, 1215.149, 1953.826, 1270.439
389.5, 71.07153, 1034.707, 537.3947, 272.8048, 474.687, 1530.782, 0.0003749558, 2173.212, 456.9885, 1229.459, 1060.639, 865.9988, 967.2767, 616.4051, 1253.459, 2000.809, 1232.464
389.6, 66.52263, 986.5365, 576.9396, 258.5863, 465.4234, 1529.91, 0.0003544907, 2055.086, 437.1366, 1170.945, 999.7844, 824.7389, 903.274, 582.465, 1187.17, 1919.506, 1483.682
389.7, 62.26487, 1050.227, 763.8293, 245.1089, 503.1748, 1444.163, 0.0003351425, 2228.121, 441.0042, 1115.215, 1034.585, 785.4448, 843.5062, 550.3936, 1217.647, 1867.598, 1407.64
389.8, 58.27964, 1001.334, 709.0654, 232.3339, 472.072, 1533.182, 0.0003168504, 2162.47, 469.6286, 1062.138, 1110.29, 748.0229, 787.6932, 520.0882, 1242.342, 1764.135, 1502.605
389.9, 54.54947, 954.7169, 658.228, 220.2248, 442.8918, 1476.593, 0.0002995566, 2124.228, 449.2276, 1344.01, 1046.586, 712.3839, 735.5732, 491.4514, 1220.749, 1666.404, 1425.593
390, 51.05806, 910.2701, 611.0353, 208.7467, 415.5153, 1393.835, 0.0002832068, 2086.373, 429.7129, 1280.043, 986.5383, 678.4429, 686.9019, 464.3914, 1208.229, 1662.606, 1352.528
390.1, 47.7901, 867.8925, 567.2263, 197.8669, 389.8311, 1324.368, 0.0002677493, 1994.823, 411.0459, 1219.121, 958.6205, 646.119, 641.451, 438.8214, 1197.566, 1807.605, 1283.208
390.2, 44.73132, 827.4877, 526.5582, 187.5542, 365.7344, 1442.525, 0.0002531355, 1997.469, 416.4554, 1161.099, 966.6181, 615.3351, 599.0075, 414.6593, 1134.232, 1707.466, 1217.44
390.3, 41.86831, 840.6254, 699.8235, 177.7789, 343.1273, 2330.702, 0.0002393194, 1888.895, 398.3643, 1105.838, 924.7322, 586.0179, 559.3724, 391.8275, 1133.616, 1612.874, 1155.043
390.4, 39.18854, 801.4901, 708.9411, 168.5132, 321.9175, 2380.451, 0.0002262573, 1926.749, 381.0591, 1053.207, 890.7476, 558.0975, 624.3391, 370.253, 1174.228, 1523.522, 1394.489
390.5, 36.68029, 764.1768, 857.4694, 159.7303, 302.0188, 2499.193, 0.0002139081, 2004.703, 560.8467, 1003.081, 1146.053, 531.5074, 583.0279, 349.8663, 1112.129, 1439.121, 1323.018
390.6, 34.33259, 728.6005, 795.9918, 151.4053, 283.3501, 2486.726, 0.000202233, 1895.736, 597.8194, 955.3408, 1107.201, 506.1841, 544.4502, 371.5923, 1053.313, 1494.143, 1255.21
390.7, 32.13514, 758.3614, 802.2765, 143.5141, 265.8354, 2629.681, 324.1822, 1792.692, 571.8497, 909.8726, 1288.048, 482.0674, 508.4251, 351.1319, 1088.638, 1664.58, 1341.996
390.8, 30.07835, 723.0559, 797.0341, 219.9138, 332.5526, 2567.858, 306.4883, 1860.177, 603.9175, 866.5685, 1214.146, 459.0996, 474.7837, 472.7641, 1058.872, 1619.499, 1586.981
390.9, 28.15319, 689.394, 745.5742, 208.452, 420.5358, 2475.119, 289.7601, 1858.125, 577.683, 825.3253, 1144.484, 437.2261, 443.3682, 486.4681, 1002.874, 1710.291, 1729.927
391, 26.35126, 657.2993, 692.1192, 357.6928, 610.7249, 2692.082, 273.9449, 1873.365, 658.7448, 786.045, 1138.177, 416.3948, 414.0315, 459.6825, 988.9128, 1615.543, 1708.938
391.1, 24.66466, 626.6987, 669.2828, 391.6296, 572.9741, 2541.198, 299.104, 1771.537, 630.1285, 748.6343, 1089.282, 396.556, 386.6359, 449.4521, 936.6141, 1526.044, 1621.351
391.2, 23.08601, 597.5228, 621.2976, 371.218, 623.9603, 2480.016, 359.4883, 1755.803, 602.7554, 713.004, 1026.785, 377.6624, 361.053, 435.1304, 997.4478, 1441.502, 1538.253
391.3, 21.6084, 569.7051, 576.7527, 351.8702, 585.3914, 2482.726, 339.8674, 1660.365, 576.5713, 679.0696, 967.8725, 359.6689, 337.1629, 516.1553, 944.6976, 1361.645, 1617.715
391.4, 20.22536, 543.1825, 673.3032, 333.5309, 614.894, 2343.577, 366.4871, 1621.058, 551.5247, 646.7502, 1030.651, 342.5328, 314.8535, 487.7351, 894.7372, 1286.211, 1678.295
391.5, 18.93084, 517.8947, 671.5367, 316.1474, 576.8855, 2412.154, 513.4347, 1646.482, 527.5661, 615.969, 971.517, 326.213, 294.0204, 460.8797, 847.4189, 1700.687, 1707.214
391.6, 17.71918, 493.7841, 623.39, 329.8966, 541.2264, 2485.893, 707.8604, 1743.42, 688.3889, 586.6528, 915.776, 310.6709, 379.5269, 553.4871, 840.0913, 1680.566, 1731.114
391.7, 16.58507, 470.796, 578.6951, 560.7493, 507.7716, 2456.204, 1315.586, 1789.167, 658.4849, 558.7318, 1079.662, 295.8692, 354.4145, 523.0113, 1163.755, 1711.928, 1823.513
391.8, 15.52355, 448.8781, 621.5552, 531.5233, 476.3847, 2457.167, 1437.534, 1763.614, 706.4129, 532.1397, 1111.658, 281.7727, 409.474, 494.2136, 1102.21, 1916.966, 1730.053
391.9, 14.52997, 427.9806, 698.5795, 503.8205, 446.9379, 2319.45, 1416.01, 2000.722, 675.7259, 506.8132, 1047.876, 268.3478, 382.38, 467.0015, 1043.919, 1810.768, 1641.384
392, 13.59999, 408.0559, 709.1448, 563.9135, 419.3113, 2189.452, 1418.607, 1891.971, 646.3719, 482.6921, 1056.752, 255.5626, 524.6201, 441.2877, 988.7114, 1710.453, 1957.843
392.1, 12.72953, 389.0589, 658.3016, 534.5226, 393.3924, 2179.066, 1341.179, 1902.605, 618.2932, 459.7191, 996.1209, 243.3865, 489.907, 475.0154, 936.4233, 1615.696, 1951.843
392.2, 11.91478, 370.9463, 611.1038, 506.6635, 426.3129, 2146.628, 1267.977, 1799.188, 591.4341, 437.8394, 938.9682, 231.7906, 536.1904, 448.8604, 886.9005, 1835.071, 2004.963
392.3, 11.15218, 353.6768, 567.2898, 480.2564, 420.3044, 2026.316, 1198.771, 1853.505, 565.7418, 417.001, 885.0947, 220.7471, 500.7119, 424.1455, 839.9966, 1733.41, 1902.203
392.4, 10.43839, 387.5721, 572.7887, 473.3174, 466.2831, 2001.385, 1178.613, 1841.262, 541.1656, 397.1544, 865.0776, 210.2297, 467.5808, 424.6733, 795.5733, 1637.381, 2032.695
392.5, 9.770282, 369.5287, 554.6565, 448.6483, 437.4607, 1889.214, 1337.31, 1741.179, 559.5822, 378.2523, 815.4435, 200.2135, 436.642, 447.519, 753.4993, 1546.672, 2008.02
392.6, 9.144938, 371.478, 514.8896, 425.265, 410.42, 1783.329, 1264.319, 1646.536, 535.2736, 360.2499, 1006.198, 190.6745, 498.249, 422.878, 713.6505, 1460.988, 1994.163
392.7, 8.55962, 354.1838, 477.9738, 403.1003, 458.7746, 1683.379, 1355.095, 1634.231, 512.0209, 343.1043, 948.4675, 181.5899, 511.8115, 399.5938, 675.9089, 1527.581, 1934.324
392.8, 8.011765, 449.5944, 565.8199, 382.0909, 504.1421, 1720.056, 1281.134, 1593.226, 489.7784, 326.7747, 894.049, 172.9382, 568.3831, 377.5916, 640.1634, 1627.419, 2205.32
392.9, 7.498975, 428.6636, 633.1636, 362.1765, 813.1923, 1684.729, 1211.209, 1506.625, 468.5021, 311.2224, 842.7527, 164.6987, 683.958, 356.8009, 606.3083, 1624.805, 2524.547
393, 7.019006, 475.3748, 587.7681, 343.3, 762.9264, 1625.538, 1285.59, 1622.592, 463.4348, 296.4102, 794.3995, 417.9993, 638.702, 337.1549, 574.2436, 1534.793, 2735.507
393.1, 6.569757, 453.2438, 545.6272, 325.4073, 715.7676, 1714.124, 1215.423, 1534.395, 447.165, 282.3029, 748.8207, 502.585, 846.3189, 318.5907, 543.8746, 1449.767, 2728.22
393.2, 6.149262, 432.143, 572.7009, 308.4472, 717.7946, 1618.052, 1149.085, 1641.054, 488.8647, 268.8671, 705.8569, 592.0455, 790.3198, 301.0486, 515.1118, 1369.452, 2588.393
393.3, 5.755682, 412.0246, 531.6403, 292.371, 697.2869, 1527.365, 1086.368, 1551.854, 590.0144, 256.0707, 665.3582, 657.2759, 738.026, 284.4725, 487.87, 1293.585, 2455.732
393.4, 5.387291, 392.8428, 528.7214, 277.1328, 654.1855, 1441.761, 1027.073, 1467.501, 596.8466, 243.8834, 627.1831, 653.8649, 689.1924, 268.809, 462.069, 1221.922, 2329.87
393.5, 5.04248, 374.554, 490.814, 262.6887, 613.7483, 1360.955, 971.0157, 1387.734, 633.1437, 232.2761, 591.1983, 622.712, 643.59, 254.008, 437.6324, 1154.229, 2296.98
393.6, 4.719738, 420.4871, 455.6244, 248.9975, 575.8106, 1349.575, 918.0175, 1312.303, 619.8798, 221.2212, 557.2781, 593.0433, 601.005, 240.022, 414.4882, 1090.286, 2179.254
393.7, 4.417653, 469.8368, 422.9577, 236.0198, 599.6461, 1348.495, 867.912, 1240.972, 636.0945, 210.6925, 525.3041, 564.7882, 651.5212, 226.806, 392.5679, 1029.885, 2230.327
393.8, 4.134903, 447.9636, 431.0264, 223.7186, 562.5801, 1272.916, 820.5412, 1173.518, 608.4622, 200.6649, 495.1647, 662.2612, 608.4114, 214.3178, 371.8069, 972.8306, 2116.017
393.9, 3.87025, 439.7869, 400.1233, 212.0584, 527.8054, 1201.573, 775.7559, 1109.73, 582.0302, 191.1145, 466.7545, 630.7083, 568.1541, 202.5171, 352.1439, 918.9368, 2007.566
394, 3.622536, 419.3126, 371.4359, 201.006, 495.1801, 1208.617, 832.3443, 1049.41, 556.7465, 660.9979, 439.9743, 600.6587, 612.1318, 191.3663, 333.5207, 868.0286, 2088.748
394.1, 3.390677, 527.3668, 344.8052, 190.5297, 464.5715, 1235.535, 786.9148, 992.3688, 532.561, 629.5386, 414.7307, 572.0408, 571.6283, 180.8294, 315.8824, 819.9407, 2272.931
394.2, 3.173659, 502.8152, 320.0839, 217.0227, 486.4996, 1166.287, 743.9648, 938.4279, 509.4262, 630.0877, 390.9354, 544.7863, 603.9919, 266.3818, 299.1769, 878.1798, 2280.864
394.3, 2.97053, 513.4654, 297.135, 205.7115, 751.884, 1100.92, 768.3038, 1200.63, 487.2964, 689.2554, 368.5054, 573.2149, 654.5574, 330.8598, 283.3549, 829.5296, 2163.964
394.4, 2.780402, 489.561, 275.8315, 194.9899, 725.7089, 1039.217, 726.3697, 1135.369, 516.332, 824.7134, 347.3623, 572.663, 672.1893, 350.7721, 268.3697, 783.5745, 2104.823
394.5, 2.602444, 466.7695, 256.0554, 232.6149, 680.8506, 980.9716, 967.8277, 1073.655, 493.9023, 848.8306, 327.4323, 621.6373, 627.712, 399.2999, 254.1769, 740.1653, 2129.395
394.6, 80.9161, 635.7122, 237.6971, 241.9962, 638.7652, 925.9911, 915.0035, 1015.296, 472.4468, 808.4317, 308.6458, 592.0198, 586.1776, 556.6389, 240.7347, 699.1609, 2099.851
394.7, 96.47684, 670.8636, 220.6551, 232.1521, 618.9624, 874.0922, 865.0625, 960.1087, 504.3507, 769.9555, 290.9372, 563.8135, 621.1054, 525.9896, 228.0034, 660.4282, 1992.229
394.8, 90.30187, 690.8315, 223.3853, 220.0524, 613.3657, 825.1019, 817.8472, 907.9213, 482.4414, 733.3105, 274.2446, 581.1295, 580.0082, 497.0278, 215.9455, 833.1363, 2095.477
394.9, 84.52214, 658.6699, 207.3693, 208.5834, 575.4517, 778.8575, 773.209, 858.5706, 461.4839, 698.4095, 258.5097, 695.4853, 541.6302, 469.6608, 204.5252, 786.9814, 2212.414
395, 288.6462, 628.0055, 252.7233, 197.7121, 539.8812, 735.2049, 731.0071, 811.9023, 441.4367, 839.6945, 243.6776, 716.0334, 558.4044, 443.8006, 193.7088, 743.3835, 2212.473
395.1, 270.1715, 598.7687, 241.4333, 187.4074, 506.5095, 693.9989, 691.1086, 767.7708, 422.2604, 882.8677, 229.6966, 681.9186, 521.456, 419.3643, 183.4645, 702.2008, 2099.078
395.2, 252.8793, 570.8931, 224.1234, 177.6398, 487.1197, 655.1024, 653.3878, 726.0381, 454.9819, 840.8488, 216.5177, 769.6003, 486.9524, 396.2736, 173.762, 663.2996, 1991.496
395.3, 322.3916, 544.3151, 208.0545, 168.3813, 457.0094, 618.3859, 617.7258, 686.5737, 489.5656, 834.2239, 204.0949, 732.9332, 823.5193, 374.4542, 164.5726, 626.5535, 1987.309
395.4, 347.2566, 740.2017, 193.1378, 159.6053, 428.7602, 583.7272, 584.0103, 649.2545, 468.2985, 885.5796, 345.2116, 698.0132, 944.2318, 353.8362, 155.8691, 591.8431, 1885.455
395.5, 325.0306, 705.7416, 194.5555, 151.2867, 402.2572, 551.0111, 552.1349, 613.9638, 447.9553, 843.4316, 325.405, 664.7568, 881.7539, 334.3535, 147.626, 559.0557, 1937.177
395.6, 304.2271, 672.8859, 219.435, 172.2945, 377.3925, 520.1286, 521.9993, 580.5914, 428.4958, 803.2897, 332.5379, 633.085, 823.4101, 315.9435, 139.8187, 528.0846, 1901.973
395.7, 284.7552, 671.8073, 203.7023, 163.3146, 354.0647, 490.977, 493.5085, 549.0329, 409.8817, 1036, 368.853, 602.9221, 768.9268, 298.5472, 132.4244, 498.8293, 1946.559
395.8, 266.5296, 757.901, 189.0976, 154.8027, 332.1789, 463.4592, 466.5727, 519.1898, 392.0762, 986.6929, 347.69, 692.8526, 718.0485, 282.1088, 125.4211, 471.1946, 1846.793
395.9, 249.4705, 722.6169, 175.5399, 148.6013, 346.5397, 437.4837, 441.1071, 490.9689, 375.0442, 939.7325, 327.7412, 659.8422, 670.5367, 266.5755, 118.7882, 538.7319, 1923.139
396, 233.5032, 769.9965, 162.9543, 140.8563, 328.2193, 412.9641, 417.0314, 464.2819, 358.752, 895.0073, 308.937, 682.4919, 676.1525, 341.2115, 112.5061, 508.8867, 1896.777
396.1, 218.5579, 908.5383, 215.3176, 137.1208, 369.781, 389.8187, 394.2698, 439.0455, 343.1676, 937.5707, 291.2116, 736.3195, 675.7759, 322.4239, 106.5562, 567.2932, 1900.063
396.2, 204.5692, 951.4675, 199.8801, 263.7512, 354.7473, 367.9706, 372.7505, 415.1808, 328.2602, 941.5515, 274.5033, 823.5208, 807.14, 304.6708, 100.921, 535.8658, 1802.68
396.3, 191.4758, 1027.126, 279.2282, 250.0046, 386.6739, 419.7072, 352.4057, 392.6134, 314.0004, 987.6687, 298.1003, 1073.511, 855.9108, 287.8952, 95.58373, 506.1794, 1765.187
396.4, 179.2205, 979.3086, 259.2086, 236.9744, 362.7724, 396.1838, 333.1713, 371.2726, 300.36, 940.6619, 280.9967, 1022.364, 1001.999, 347.685, 90.52878, 478.1376, 1674.717
396.5, 167.7496, 933.7169, 240.6242, 224.6234, 340.3484, 373.9789, 314.9868, 351.0918, 287.3122, 980.9503, 264.8745, 1030.055, 935.699, 328.541, 85.74115, 451.6493, 1696.382
396.6, 236.8037, 1164.275, 223.3723, 300.8125, 319.3104, 353.0186, 297.7948, 332.0079, 274.8311, 1172.31, 302.6862, 1187.866, 956.9151, 310.4511, 81.20672, 426.6284, 1771.027
396.7, 221.6472, 1502.156, 368.4626, 285.1342, 367.0605, 408.2504, 281.5411, 551.2105, 262.8923, 1116.516, 285.3195, 1251.711, 951.0419, 293.3572, 76.91209, 402.9936, 1969.286
396.8, 207.4608, 1496.546, 342.0451, 270.2732, 344.3714, 385.3692, 266.1745, 683.9969, 251.4721, 1155.08, 268.9492, 1316.486, 896.4475, 277.2046, 72.84459, 380.6682, 1957.771
396.9, 219.3677, 1454.046, 317.5217, 256.1866, 323.0847, 363.7704, 251.6467, 646.8177, 240.548, 1100.106, 253.5182, 1253.763, 1003.227, 261.9413, 68.9922, 359.5796, 1899.097
397, 222.1973, 1469.267, 373.1353, 313.1389, 303.1139, 408.3588, 237.9118, 787.8465, 230.0984, 1047.748, 238.9725, 1219.233, 956.5782, 247.5184, 65.34354, 339.6592, 1911.051
397.1, 207.9757, 1661.729, 493.4787, 308.6682, 284.3775, 385.4715, 224.9265, 745.0225, 273.2812, 997.8817, 341.5779, 1215.58, 1177.122, 233.8897, 61.88784, 498.2975, 1837.228
397.2, 194.6643, 1672.446, 458.0981, 292.5805, 266.7993, 363.867, 212.65, 704.5262, 261.4096, 1161.282, 321.9798, 1412.002, 1198.088, 221.0114, 58.61489, 470.6923, 1786.53
397.3, 182.2049, 1682.742, 425.2541, 277.3313, 337.9293, 343.4734, 201.0435, 666.2312, 250.0538, 1106.012, 303.5061, 1615.071, 1146.472, 208.8422, 55.51504, 525.8578, 1849.93
397.4, 170.5429, 1604.402, 437.6745, 355.3958, 317.0408, 324.2227, 190.0705, 630.0177, 239.1913, 1053.373, 359.548, 1664.032, 1329.811, 197.3431, 52.57912, 496.7259, 1858.16
397.5, 198.0539, 1529.709, 406.2948, 336.8727, 297.4436, 306.051, 179.6964, 595.7726, 228.8007, 1003.239, 338.9189, 1584.75, 1298.373, 186.4771, 49.79847, 570.4802, 1762.925
397.6, 185.3775, 1633.847, 586.4805, 319.315, 421.2161, 288.8978, 169.8886, 563.389, 218.8615, 955.4915, 422.9723, 1663.724, 1365.43, 176.2094, 47.16487, 538.8762, 1714.526
397.7, 173.5125, 1557.783, 585.3336, 323.1339, 401.0243, 272.706, 160.616, 532.7656, 209.354, 910.0162, 398.7042, 1806.413, 1275.082, 166.5071, 44.67055, 586.8362, 1733.236
397.8, 162.4069, 1548.042, 543.3672, 408.9983, 418.649, 257.4216, 151.8496, 503.8067, 200.2595, 866.7052, 375.8284, 1802.947, 1237.699, 157.339, 42.30814, 606.2943, 1644.403
397.9, 167.9787, 1475.973, 631.3419, 454.1383, 392.7711, 242.9939, 143.5616, 476.4219, 191.5601, 825.4555, 354.2651, 1717.047, 1190.386, 148.6757, 40.07067, 572.7062, 1560.124
398, 157.2273, 1407.259, 748.1517, 430.4688, 450.5186, 229.3749, 135.726, 450.5256, 183.2386, 988.8177, 333.9391, 1846.511, 1359.119, 140.4894, 37.95153, 540.9789, 1480.164
398.1, 147.164, 1341.744, 694.5119, 408.0329, 422.6706, 216.5191, 128.3181, 426.037, 175.2786, 941.7563, 314.7792, 1867.335, 1269.189, 132.7538, 35.94445, 511.0093, 1483.139
398.2, 164.4656, 1331.949, 644.7178, 432.3321, 396.5441, 204.3839, 121.3144, 402.8794, 167.6644, 896.9347, 296.7187, 1778.368, 1185.209, 125.4442, 34.04353, 482.6999, 1407.125
398.3, 153.9391, 1456.922, 598.4938, 409.7991, 372.0325, 192.9288, 114.6931, 380.9806, 198.8458, 854.2463, 279.6944, 1785.867, 1106.786, 118.5371, 32.24313, 455.9588, 1335.006
398.4, 144.0863, 1418.243, 555.5839, 388.4405, 349.036, 182.1157, 108.4331, 360.2721, 206.7665, 927.2772, 263.6468, 1716.632, 1033.553, 112.0103, 30.53795, 527.3033, 1491.715
398.5, 134.8641, 1352.216, 515.7505, 368.1952, 422.3293, 171.9087, 102.5148, 521.3829, 197.7845, 883.1447, 248.52, 1755.577, 965.1647, 105.8428, 28.92295, 498.0913, 1415.261
398.6, 126.2322, 1289.264, 478.7731, 374.0807, 396.2239, 162.2737, 96.91954, 493.0428, 327.3191, 841.1125, 234.2611, 1671.934, 901.3018, 100.015, 27.39335, 470.4976, 1342.726
398.7, 118.1527, 1277.639, 444.4467, 354.5838, 384.4015, 153.1788, 91.62965, 466.2431, 313.1001, 801.0809, 220.8203, 1740.749, 841.6646, 94.50801, 25.94465, 444.4325, 1273.908
398.8, 110.5904, 1253.056, 412.5815, 336.103, 394.8721, 144.5936, 86.62849, 440.9001, 299.4988, 762.9546, 208.1507, 1707.888, 785.9734, 89.30427, 24.57257, 470.3954, 1371.698
398.9, 176.4004, 1413.205, 383.0009, 318.5855, 430.5934, 136.4895, 81.9003, 509.7877, 286.4884, 726.6428, 196.208, 1626.517, 733.9672, 84.38705, 23.27304, 444.336, 1301.395
399, 165.1099, 1347.413, 355.541, 301.9809, 508.7739, 128.8397, 77.43017, 626.3212, 274.0432, 692.0593, 184.9505, 1682.748, 685.4021, 79.74058, 22.04225, 419.7203, 1234.696
399.1, 154.5421, 1363.278, 330.05, 286.2418, 540.8892, 121.6186, 73.20402, 699.7134, 262.1386, 946.4766, 174.3389, 1662.72, 640.0505, 75.34995, 20.87654, 396.4682, 1471.155
399.2, 144.6507, 1744.057, 306.3866, 271.323, 691.9122, 114.8023, 69.20853, 745.975, 250.7511, 1151.919, 164.3362, 1647.342, 597.6997, 71.20108, 19.77248, 374.5043, 1610.763
399.3, 135.3924, 1662.863, 284.4198, 361.9724, 649.143, 108.3679, 65.43112, 705.427, 239.8583, 1143.414, 154.9074, 1568.855, 558.1512, 150.7928, 18.72681, 668.5399, 1528.207
399.4, 126.7267, 1585.448, 264.0279, 367.1594, 641.5073, 102.2943, 61.85988, 667.083, 229.4387, 1088.995, 234.1293, 1494.108, 521.2195, 151.5327, 17.73644, 631.5035, 1449.883
399.5, 118.6156, 1797.554, 245.098, 348.0232, 601.8538, 222.9009, 58.48356, 630.8232, 219.4718, 1088.862, 220.696, 1422.923, 486.7315, 221.3935, 16.79845, 596.5189, 1375.573
399.6, 111.0236, 1795.15, 227.5254, 452.2746, 728.1632, 210.408, 55.29152, 942.8017, 209.9378, 1262.077, 243.1997, 1355.129, 454.5255, 209.2033, 15.91006, 563.4724, 1404.771
399.7, 232.5034, 1978.75, 211.2126, 522.9248, 683.1532, 198.6153, 52.2737, 966.9702, 200.8179, 1271.494, 383.6831, 1290.565, 424.4505, 197.6843, 15.06866, 651.8539, 1425.826
399.8, 510.7127, 1886.629, 196.0694, 495.6702, 707.3726, 187.4835, 49.42059, 1193.224, 192.0943, 1370.308, 384.3207, 1346.06, 576.1113, 328.4994, 14.27175, 646.1379, 1421.592
399.9, 478.0247, 1900.104, 299.1958, 469.836, 771.4481, 176.9756, 46.72321, 1314.925, 183.7496, 1333.79, 480.9645, 1328.389, 537.9912, 310.4117, 283.0367, 610.3425, 1348.732
400, 447.4289, 1885.538, 277.7445, 445.3484, 723.7626, 181.4263, 44.17305, 1507.663, 175.7674, 1292.195, 453.369, 1384.553, 598.4009, 354.9534, 420.3451, 821.4533, 1279.607
400.1, 418.7914, 1872.115, 257.8312, 422.137, 679.0246, 171.2579, 41.76208, 1516.922, 168.1319, 1354.177, 427.3568, 1549.606, 719.2761, 382.7104, 398.1151, 775.9457, 1333.35
400.2, 433.5321, 1804.755, 239.3456, 400.1353, 637.052, 161.6594, 39.4827, 1434.469, 160.8282, 1289.727, 402.8371, 1475.776, 724.8176, 361.6379, 377.0607, 732.9591, 1265.012
400.3, 405.7841, 1720.735, 222.1854, 379.2805, 597.6739, 184.4651, 37.32772, 1356.497, 153.8417, 1228.344, 379.7242, 1405.464, 676.8579, 341.7256, 357.1198, 692.3539, 1200.178
400.4, 379.812, 1663.346, 206.2555, 359.5125, 560.7299, 174.1264, 35.29037, 1282.764, 147.1587, 1169.883, 357.9375, 1338.501, 632.0717, 322.9097, 338.2335, 653.9983, 1138.666
400.5, 355.5023, 1763.731, 191.4677, 340.7749, 526.0695, 164.3671, 33.36422, 1213.038, 140.766, 1114.204, 337.4007, 1274.729, 590.2488, 305.1299, 320.346, 617.7675, 1080.306
400.6, 357.9415, 1681.621, 177.7401, 323.0138, 493.5515, 155.1548, 31.54319, 1147.103, 134.6511, 1061.175, 318.0423, 1213.996, 551.1932, 288.329, 303.4045, 583.5438, 1024.938
400.7, 335.0316, 1770.243, 164.9968, 306.1785, 463.0435, 146.4589, 29.82156, 1084.751, 128.8017, 1010.669, 299.7945, 1340.834, 514.7219, 272.4532, 347.3033, 551.2161, 972.4076
400.8, 313.588, 1687.829, 153.1671, 290.2206, 434.4214, 138.2503, 28.1939, 1025.789, 123.2065, 962.5681, 282.5938, 1379.825, 480.6638, 257.4515, 430.0034, 520.6793, 922.5694
400.9, 293.5169, 1609.252, 142.1856, 275.0944, 649.8836, 130.5018, 26.65507, 970.0313, 117.8543, 916.7559, 266.3799, 1400.672, 607.8921, 287.8028, 407.2627, 491.8342, 875.2855
401, 274.7305, 1534.333, 194.6607, 260.7566, 609.7123, 215.5977, 25.20023, 1033.868, 112.7347, 873.1241, 251.0962, 1333.938, 567.6691, 271.956, 427.3729, 464.5871, 830.425
401.1, 257.1465, 1462.902, 180.7043, 247.166, 616.59, 203.5141, 23.8248, 977.671, 107.8374, 831.569, 236.6895, 1331.196, 530.1077, 256.9817, 404.7713, 438.8495, 787.8638
401.2, 240.6879, 1719.488, 167.7484, 244.9309, 578.4767, 311.1901, 22.52444, 924.529, 103.1529, 955.7536, 223.1094, 1315.751, 495.0316, 294.9993, 383.3649, 414.5377, 899.308
401.3, 280.6509, 1682.165, 155.7214, 257.2747, 718.7061, 349.7176, 21.29505, 874.2755, 98.67186, 945.1464, 210.3084, 1282.224, 528.0846, 379.0541, 363.0906, 391.5728, 943.2532
401.4, 262.6879, 1603.852, 144.5568, 282.4688, 837.5823, 468.3842, 20.13276, 1007.489, 94.38549, 900.1634, 198.2419, 1269.589, 493.1424, 358.1829, 436.2197, 369.88, 1038.313
401.5, 245.8747, 1529.185, 134.1926, 267.7466, 842.3112, 454.3156, 19.03391, 976.4091, 90.28532, 857.3214, 186.8678, 1231.37, 541.9186, 338.4608, 413.1502, 349.3891, 1009.344
401.6, 251.8287, 1457.994, 124.5714, 253.7918, 790.2453, 428.8526, 17.99504, 923.3356, 86.36327, 1047, 176.1462, 1208.585, 550.9128, 353.9323, 441.6094, 330.0333, 1258.492
401.7, 235.7105, 1428.203, 115.6401, 255.8244, 841.9496, 404.8167, 17.01287, 910.8959, 82.6116, 997.1693, 166.0397, 1197.064, 536.2019, 419.0843, 418.2549, 489.6078, 1193.991
401.8, 319.9142, 1361.714, 107.3491, 245.5819, 789.9062, 577.6907, 16.0843, 956.8006, 79.0229, 949.7104, 156.5132, 1140.031, 500.7226, 396.0089, 396.1354, 462.4841, 1165.651
401.9, 299.4382, 1491.564, 99.65256, 348.9608, 889.5707, 545.3129, 15.20642, 991.6016, 75.5901, 904.5102, 147.5332, 1168.796, 505.3339, 420.1756, 583.9747, 436.863, 1105.909
402, 280.2728, 1422.124, 161.1771, 330.7731, 870.6246, 567.0687, 14.37645, 999.495, 72.30641, 861.4612, 247.3655, 1294.625, 499.106, 518.6908, 553.0912, 553.8338, 1136.51
402.1, 262.334, 1492.73, 149.6213, 313.5334, 816.8087, 568.4279, 13.59178, 945.1667, 69.16537, 820.4612, 452.2183, 1232.944, 466.0812, 490.131, 523.8409, 523.152, 1078.261
402.2, 371.0608, 1423.236, 138.894, 297.1921, 766.3192, 536.5693, 12.84994, 969.696, 66.16078, 781.4124, 653.4173, 1310.188, 489.1376, 463.1436, 496.1375, 606.0063, 1022.998
402.3, 431.3605, 1356.977, 128.9358, 281.7026, 718.9507, 506.4962, 12.14859, 1148.278, 63.28672, 744.2222, 669.2634, 1247.765, 456.7724, 437.6423, 469.8992, 691.1152, 970.5667
402.4, 479.538, 1459.337, 119.6915, 267.0204, 674.5101, 478.1086, 11.48552, 1259.043, 60.5375, 808.0422, 787.9792, 1188.316, 426.5487, 531.3505, 445.0485, 652.8281, 1082.963
402.5, 523.4828, 1391.398, 111.1101, 253.1034, 664.8392, 487.0541, 10.85863, 1190.607, 57.90771, 877.7335, 742.7687, 1131.7, 484.4001, 663.0386, 421.5121, 616.6621, 1065.731
402.6, 489.9775, 1326.621, 103.1439, 239.9117, 623.7434, 459.7562, 10.26597, 1125.89, 55.39217, 913.0696, 700.1522, 1077.781, 452.3484, 626.5308, 399.2204, 582.4997, 1096.257
402.7, 458.6167, 1324.77, 95.74883, 227.4076, 718.8135, 433.9883, 9.705651, 1064.692, 52.9859, 869.6133, 659.9808, 1068.405, 525.355, 724.0479, 378.1075, 550.2299, 1178.891
402.8, 429.2631, 1290.004, 114.2462, 215.5552, 674.3814, 471.658, 9.175916, 1006.82, 50.68416, 828.2252, 622.1143, 1017.502, 519.4904, 684.1808, 358.1113, 767.1983, 1118.47
402.9, 401.7883, 1350.587, 106.0551, 204.3206, 676.3947, 445.223, 8.675093, 952.0932, 48.48241, 788.8069, 586.4203, 969.0234, 639.1651, 653.0424, 339.1725, 724.6964, 1061.146
403, 487.6064, 1287.71, 98.45135, 193.6714, 634.5847, 420.2696, 8.201605, 900.3415, 46.3763, 873.4265, 552.7743, 962.1371, 596.8729, 654.4474, 321.2354, 684.549, 1067.647
403.1, 456.3974, 1259.1, 91.39274, 183.5774, 595.3591, 511.8478, 7.75396, 851.4028, 44.36169, 831.8569, 610.0823, 916.2968, 655.9058, 618.4127, 304.2468, 646.6257, 1012.927
403.2, 438.1434, 1301.667, 84.8402, 174.0094, 665.4493, 483.1603, 7.330748, 805.1241, 42.43459, 792.2657, 575.0787, 945.3472, 612.5059, 584.362, 288.1567, 610.8033, 1017.486
403.3, 410.1003, 1241.068, 78.75746, 164.9401, 624.3158, 456.0806, 6.930634, 761.361, 40.59121, 754.5589, 542.0834, 900.3069, 571.9777, 618.3177, 272.9175, 636.5778, 965.3375
403.4, 383.852, 1214.329, 73.11083, 156.3435, 585.7249, 603.3728, 6.55236, 719.9767, 38.8279, 718.6467, 535.254, 857.4124, 534.1312, 584.2723, 258.4842, 707.29, 915.8617
403.5, 492.1542, 1269.204, 67.86904, 148.1949, 549.5195, 774.2596, 272.0547, 870.8837, 37.14119, 684.4437, 543.843, 816.5616, 498.7888, 552.1014, 244.8143, 668.1069, 868.9216
403.6, 460.6541, 1210.117, 63.00307, 140.471, 515.552, 767.4252, 327.1619, 984.5519, 35.52775, 651.8685, 512.6398, 777.6572, 465.785, 521.702, 231.8672, 631.0945, 824.3873
403.7, 431.1701, 1355.439, 58.48597, 133.1497, 483.6841, 813.9318, 309.3054, 931.0358, 33.9844, 620.8437, 675.177, 740.6063, 434.965, 642.6837, 219.6049, 692.7856, 852.7487
403.8, 403.5732, 1292.337, 54.29274, 126.21, 476.3818, 898.1448, 292.4235, 880.4287, 32.5081, 965.7091, 636.4385, 795.7894, 406.1843, 607.2966, 318.0247, 809.5353, 985.2162
403.9, 434.257, 1406.713, 136.7078, 119.632, 486.2601, 944.9724, 276.463, 832.5723, 31.09592, 919.7475, 768.3254, 800.562, 444.0644, 588.6733, 345.8295, 839.0206, 934.7215
404, 451.4753, 1341.224, 126.9063, 113.3968, 456.2029, 917.9865, 261.3736, 948.4897, 29.7451, 875.9733, 1033.44, 810.0602, 503.5339, 578.6995, 327.5402, 792.5398, 976.9675
404.1, 813.5192, 1398.418, 117.8076, 107.4866, 572.2103, 866.5361, 388.0093, 1052.397, 28.45295, 834.2825, 984.0685, 858.6453, 470.2161, 546.8354, 335.6169, 873.0621, 1027.118
404.2, 904.0008, 1333.315, 202.5383, 101.8845, 536.8403, 817.9694, 366.8317, 1032.287, 27.21694, 794.576, 1207.981, 817.7357, 439.1029, 681.5209, 368.7903, 1182.686, 974.4758
404.3, 911.4085, 1271.242, 188.0171, 96.5743, 636.6808, 772.1246, 346.8099, 1120.355, 26.03461, 756.7592, 1278.225, 955.1429, 410.0484, 643.9954, 349.2868, 1117.167, 924.5316
404.4, 981.2634, 1212.06, 278.588, 91.54088, 597.3257, 728.8494, 327.881, 1075.355, 24.90365, 720.7423, 1718.659, 1055.023, 382.9163, 608.5361, 350.3818, 1055.277, 1080.432
404.5, 918.458, 1208.481, 258.6142, 86.76981, 692.3288, 687.9996, 309.9852, 1110.857, 23.82183, 686.4396, 2011.102, 1004.757, 357.5796, 575.0292, 445.3857, 996.8155, 1025.057
404.6, 961.0963, 1152.22, 240.0725, 82.2474, 649.5338, 649.4393, 293.0662, 1112.323, 22.78699, 653.7694, 2090.039, 956.8862, 333.9193, 543.3673, 651.8334, 1004.23, 1114.442
404.7, 899.5817, 1098.578, 258.912, 77.96069, 786.1077, 613.0402, 277.0706, 1110.858, 21.79711, 622.6541, 2221.113, 1012.6, 311.8246, 513.4487, 617.3611, 992.9534, 1321.099
404.8, 842.0043, 1077.94, 240.3489, 73.89742, 737.5159, 578.6812, 353.0869, 1101.02, 20.85023, 593.0197, 2429.563, 964.3555, 291.1918, 485.1775, 584.7119, 937.9448, 1253.389
404.9, 788.1122, 1059.763, 361.5772, 70.04591, 691.9278, 626.1524, 333.8153, 1041.173, 19.94448, 564.7957, 2398.165, 918.4095, 271.9242, 458.463, 553.7894, 885.9837, 1189.15
405, 737.6694, 1010.426, 335.6534, 66.39515, 852.7635, 745.2507, 315.5956, 1131.123, 19.07808, 537.915, 2260.57, 874.6525, 253.9316, 433.2194, 524.5021, 993.9644, 1158.077
405.1, 690.4551, 963.3858, 311.5883, 62.93466, 800.0516, 703.4816, 402.455, 1069.64, 18.24932, 512.3137, 2256.016, 832.9803, 237.1295, 409.3657, 496.7638, 1130.848, 1223.6
405.2, 646.2628, 918.5354, 289.2485, 59.65453, 750.598, 664.0536, 380.4889, 1011.498, 17.45655, 487.9308, 2326.914, 793.2936, 221.4391, 386.8254, 470.4924, 1068.2, 1160.888
405.3, 604.899, 912.1393, 268.5104, 56.54536, 704.2013, 626.8354, 359.7218, 956.5177, 16.69823, 464.7084, 2299.473, 755.4977, 206.7869, 365.5263, 445.6103, 1009.023, 1101.389
405.4, 566.1827, 869.6747, 355.9604, 53.59824, 660.6725, 591.7032, 340.0881, 904.5255, 15.97285, 442.5913, 2411.649, 836.8157, 193.1043, 345.3999, 422.0442, 953.1245, 1112.921
405.5, 529.9445, 829.187, 338.5449, 50.80472, 864.031, 558.5401, 321.526, 855.3593, 15.27898, 421.5267, 2289.672, 796.9463, 365.2013, 326.3817, 399.7243, 1124.32, 1096.265
405.6, 496.0256, 833.7433, 314.2725, 107.7554, 1702.932, 527.2356, 303.9771, 869.8928, 14.61525, 401.4647, 2158.302, 758.9764, 469.6765, 308.4107, 378.5848, 1062.034, 1216.526
405.7, 464.2776, 882.1733, 348.0273, 102.1392, 1663.72, 497.6856, 287.386, 822.6091, 13.98035, 382.3575, 2034.469, 722.8155, 438.599, 291.4291, 358.5633, 1003.199, 1154.177
405.8, 434.5617, 867.7159, 350.9042, 96.81579, 1560.88, 469.7919, 271.7004, 863.4346, 13.37304, 364.1598, 1985.626, 688.3775, 409.5778, 275.3826, 339.6006, 947.6226, 1250.274
405.9, 406.7478, 827.3195, 325.7456, 91.76979, 1494.704, 443.4615, 256.8709, 816.502, 12.7921, 346.8281, 1871.7, 655.5803, 382.4769, 260.2197, 321.6408, 971.8995, 1236.241
406, 380.7141, 788.8036, 302.3908, 86.98679, 1402.312, 418.6068, 624.4111, 772.1204, 12.23641, 330.3213, 1764.311, 624.3456, 357.1693, 245.8916, 304.6308, 918.0573, 1172.881
406.1, 356.3466, 752.0809, 280.7104, 82.45307, 1315.631, 468.8575, 1415.787, 730.1512, 11.70485, 314.6001, 1663.083, 594.5992, 333.5361, 232.3525, 288.5204, 900.5126, 1112.768
406.2, 333.5388, 717.0677, 260.5845, 78.15565, 1532.376, 623.437, 2000.338, 690.4633, 11.19638, 299.6271, 1567.663, 566.27, 311.4667, 219.5588, 273.262, 874.0917, 1055.736
406.3, 312.1907, 785.3208, 241.9015, 74.08221, 1437.655, 655.0663, 2016.651, 652.9327, 10.71, 285.3668, 1514.109, 539.2905, 290.8576, 207.4696, 258.8105, 825.6679, 1211.023
406.4, 292.2091, 748.7602, 224.558, 70.22107, 1605.111, 796.9413, 2085.71, 761.527, 10.24475, 271.7851, 1427.237, 620.7441, 271.6122, 196.046, 245.1233, 779.9268, 1148.955
406.5, 273.5064, 763.6678, 208.458, 66.56117, 1505.894, 752.2751, 1971.872, 720.1337, 9.799717, 258.8499, 1345.349, 591.1693, 253.6402, 185.2514, 232.1599, 821.129, 1133.443
406.6, 256.0007, 728.1153, 193.5123, 63.09203, 1534.714, 757.329, 1932.69, 680.9903, 9.374011, 246.5303, 1379.212, 710.9744, 236.8574, 175.0512, 219.8821, 775.6393, 1075.351
406.7, 239.6155, 795.5181, 217.8379, 59.8037, 1486.064, 714.883, 1926.502, 643.9745, 8.966798, 234.797, 1300.079, 677.1006, 221.185, 165.4127, 208.2536, 732.6697, 1189.861
406.8, 224.279, 758.4827, 205.6, 56.68675, 1408.049, 674.816, 1821.353, 608.9708, 8.577274, 223.6221, 1225.487, 691.3383, 206.5497, 156.3048, 197.2401, 900.2151, 1128.878
406.9, 209.9241, 723.1716, 190.8592, 53.73226, 1321.013, 636.9946, 1721.943, 575.8698, 8.204672, 212.9792, 1155.174, 658.4, 192.8827, 147.6985, 186.809, 850.3441, 1071.02
407, 196.488, 689.5043, 177.1753, 50.93176, 1239.357, 601.293, 1700.084, 544.5679, 7.848256, 202.8427, 1088.896, 627.031, 180.1201, 139.566, 176.9296, 803.236, 1016.128
407.1, 183.9118, 717.1766, 198.9774, 48.27721, 1162.749, 567.5923, 1884.578, 514.9675, 7.507322, 193.1887, 1026.42, 597.1566, 168.2019, 131.8813, 167.5726, 758.7375, 964.0491
407.2, 172.1406, 757.148, 184.7114, 45.76102, 1113.585, 535.7805, 1804.089, 486.9761, 7.181199, 183.9941, 967.5289, 568.7054, 157.0723, 124.6197, 158.7105, 716.7043, 914.6393
407.3, 161.1228, 774.1906, 171.4683, 43.37597, 1100.949, 623.2386, 1705.621, 460.5061, 6.869244, 175.2372, 945.8334, 541.6099, 146.6792, 117.758, 150.3171, 676.9996, 923.9655
407.4, 150.8102, 931.9312, 159.1746, 83.16989, 1216.421, 611.0638, 1808.71, 435.475, 6.570839, 166.897, 991.9316, 702.8228, 136.9737, 111.2741, 142.3676, 639.4946, 955.8901
407.5, 141.1577, 1156.526, 147.7623, 85.86057, 1219.59, 576.8156, 1709.99, 682.544, 6.285398, 645.1093, 979.2111, 669.3373, 127.9105, 105.1472, 134.8384, 737.8757, 906.8984
407.6, 132.123, 1470.507, 137.1683, 216.4834, 1315.697, 544.4868, 1705.82, 742.3914, 6.012356, 699.1413, 923.0286, 637.4473, 119.4469, 99.35761, 127.7075, 696.9982, 957.6718
407.7, 123.6665, 1443.863, 127.3338, 205.2003, 1304.938, 894.8062, 1699.509, 702.0381, 5.751175, 665.8666, 870.0696, 742.6737, 111.5434, 93.88684, 120.9537, 726.1325, 1241.179
407.8, 115.7513, 1376.644, 118.2044, 194.5054, 1412.507, 1137.844, 1606.75, 663.8784, 5.50134, 1011.621, 820.1491, 760.207, 104.1628, 88.7173, 114.557, 685.9055, 1177.565
407.9, 108.3426, 1440.193, 109.7296, 184.3678, 1325.196, 1094.393, 1519.053, 627.7928, 5.262359, 963.4738, 773.0928, 874.66, 97.27054, 83.83241, 108.4987, 808.8184, 1305.274
408, 101.4082, 1473.845, 101.8624, 174.7586, 1412.56, 1115.137, 1436.143, 593.6686, 5.033759, 917.6186, 728.7365, 871.7839, 90.83435, 79.21648, 102.7607, 937.0745, 1238.376
408.1, 94.91763, 1405.23, 94.55919, 290.0354, 1325.245, 1052.637, 1357.758, 915.3301, 4.815089, 873.9457, 686.925, 862.7247, 84.82404, 74.85471, 97.32619, 980.4319, 1174.906
408.2, 88.84246, 1405.602, 100.1584, 443.5408, 1383.101, 993.6396, 1524.889, 865.5767, 4.605918, 832.3515, 647.5125, 931.59, 79.21141, 70.7331, 92.17908, 980.5831, 1208.544
408.3, 83.15614, 1340.164, 165.2821, 420.4236, 1413.64, 982.0393, 1596.079, 818.5276, 4.405834, 792.7368, 610.3613, 1020.28, 73.97016, 66.83844, 87.30418, 926.2598, 1186.164
408.4, 77.83376, 1490.986, 153.432, 398.5113, 1411.213, 1166.723, 1661.753, 774.0359, 4.214442, 755.0076, 575.3417, 971.6696, 69.07571, 63.15822, 82.68709, 874.946, 1125.37
408.5, 72.85204, 1452.763, 142.4314, 377.741, 1408.884, 1372.533, 1571.054, 731.9627, 4.031364, 719.074, 605.1192, 952.7198, 64.50512, 59.68064, 78.31417, 986.2999, 1206.02
408.6, 68.18918, 1385.13, 132.2196, 436.0017, 1612.627, 1295.607, 1485.306, 692.1763, 3.856239, 684.8507, 625.332, 1004.796, 60.23695, 56.39454, 74.17252, 994.8918, 1144.209
408.7, 63.82476, 1484.07, 122.7399, 413.2775, 1584.595, 1838.734, 1404.238, 654.5526, 3.688721, 652.2562, 640.3522, 1006.139, 56.2512, 53.28938, 70.24989, 939.7759, 1085.565
408.8, 59.73968, 1414.979, 113.9399, 391.7376, 1713.925, 1991.638, 1513.804, 618.9739, 3.528481, 621.2129, 603.6119, 1000.688, 52.52917, 50.35519, 66.53472, 887.7133, 1029.928
408.9, 55.91606, 1375.162, 105.7708, 371.3204, 2119.1, 2346.26, 1431.181, 585.3291, 3.375201, 591.6471, 615.6782, 953.0112, 49.05343, 47.58256, 63.01603, 1013.865, 977.1414
409, 52.33718, 1311.141, 98.18742, 351.9673, 2780.4, 2556.536, 1536.241, 553.5131, 3.228581, 563.4884, 603.0333, 1114.005, 45.80767, 44.9626, 59.68341, 957.6976, 1005.074
409.1, 48.98736, 1319.506, 91.14774, 464.1898, 2859.612, 2413.25, 1488.605, 523.4265, 3.088329, 536.6699, 568.4341, 1060.929, 42.77667, 42.4869, 56.52705, 941.8315, 1001.267
409.2, 45.85194, 1486.515, 84.61276, 439.9964, 2893.763, 2460.085, 1522.959, 494.9752, 2.95417, 511.1278, 535.82, 1010.382, 39.94623, 40.14751, 53.53761, 949.1848, 1093.484
409.3, 42.91721, 1417.31, 78.54633, 423.6203, 2714.891, 2322.205, 1509.897, 468.0705, 2.825839, 486.8014, 505.0772, 962.2429, 37.30307, 37.93693, 50.70627, 896.601, 1037.44
409.4, 40.17031, 1397.891, 72.91483, 415.5329, 2547.075, 2192.052, 1470.57, 442.6281, 2.703083, 463.6328, 631.1516, 916.3975, 244.2543, 35.84807, 48.02466, 1047.703, 984.2687
409.5, 37.59922, 1332.812, 67.6871, 393.8755, 2389.633, 2198.008, 1579.418, 418.5688, 2.585659, 441.5668, 668.9745, 872.7365, 300.8211, 33.87422, 45.48487, 989.6616, 968.0472
409.6, 35.1927, 1270.763, 62.83417, 373.3468, 2391.278, 2354.991, 1568.711, 395.8171, 2.473336, 420.551, 643.6326, 831.1556, 280.9164, 32.00906, 43.0794, 934.8354, 984.9181
409.7, 32.9402, 1211.602, 192.1685, 353.8882, 2275.626, 2744.078, 1520.232, 374.3022, 2.365893, 400.5354, 606.704, 791.5558, 262.3288, 30.2466, 40.80114, 948.7225, 1096.973
409.8, 30.83188, 1155.196, 359.5359, 335.4436, 2335.734, 2609.81, 1549.828, 353.9567, 2.263117, 381.4725, 732.3344, 753.8427, 244.971, 28.58117, 38.64337, 896.1642, 1040.751
409.9, 28.8585, 1206.641, 333.7585, 334.7232, 2242.54, 2607.686, 1465.238, 334.7171, 2.164806, 363.3168, 690.3165, 717.9265, 228.7618, 27.00746, 36.59971, 846.5177, 987.4098
410, 27.01142, 1150.466, 313.685, 317.2776, 2297.245, 2461.533, 1694.372, 316.5233, 2.070765, 346.0252, 650.7095, 683.7214, 213.6251, 25.52039, 34.66413, 799.6215, 936.8027
410.1, 25.28257, 1293.035, 294.7191, 300.7412, 2155.245, 2349.959, 1601.893, 299.3185, 1.98081, 329.5566, 613.3749, 651.146, 199.49, 24.1152, 32.83091, 755.3234, 888.7893
410.2, 23.66437, 1232.837, 356.321, 285.0667, 2022.023, 2260.357, 1514.461, 283.0488, 1.894762, 313.8718, 578.1823, 620.1226, 186.2902, 22.78738, 31.09464, 713.4792, 843.2368
410.3, 22.14974, 1175.443, 330.7741, 291.5175, 1945.012, 2161.369, 1466.406, 267.6635, 1.812453, 298.9335, 545.009, 590.5773, 173.9637, 21.53268, 29.4502, 673.9532, 800.0189
410.4, 20.73205, 1120.72, 307.0587, 276.3237, 2412.201, 2083.278, 1630.468, 253.1144, 1.733718, 284.7062, 513.739, 562.4397, 162.4529, 20.34706, 27.89272, 636.6169, 759.016
410.5, 19.40511, 1068.545, 310.7642, 261.9218, 2612.147, 1966.516, 1602.126, 239.3562, 1.658405, 271.156, 484.2631, 535.6427, 151.7038, 19.22672, 26.41761, 950.3726, 810.0999
410.6, 18.16309, 1018.799, 288.4835, 248.2706, 2450.682, 1856.299, 1514.682, 226.3458, 1.586362, 258.2507, 456.4783, 510.1224, 141.6658, 18.16807, 25.02051, 897.7229, 816.3617
410.7, 17.00057, 1243.297, 267.8002, 235.3308, 2489.767, 1926.641, 1504.04, 214.0426, 1.51745, 245.9596, 430.2878, 485.818, 234.1105, 17.16771, 23.6973, 847.99, 859.5535
410.8, 15.91246, 1185.416, 248.5999, 223.0655, 2335.867, 1818.659, 1552.607, 202.4082, 1.451531, 234.2535, 405.5999, 462.6716, 291.4421, 16.22243, 22.44407, 801.0123, 815.4994
410.9, 14.89398, 1130.229, 230.7762, 211.4394, 2208.375, 1716.729, 1626.466, 191.4061, 1.388475, 223.1045, 382.3285, 440.6279, 343.8828, 15.3292, 21.25711, 889.4498, 889.9266
411, 13.9407, 1162.449, 239.76, 212.7056, 2387.769, 1772.437, 1670.407, 181.0021, 1.328159, 212.4861, 360.3923, 419.6346, 421.7546, 14.48516, 20.13292, 923.9247, 925.0938
411.1, 13.04843, 1129.791, 277.8589, 201.6195, 2690.367, 1896.794, 1579.236, 171.1636, 1.270463, 202.3732, 339.7147, 399.6414, 393.848, 13.68758, 19.06819, 872.7403, 877.6805
411.2, 12.21327, 1077.193, 320.4878, 191.1111, 2524.067, 1827.251, 1493.041, 161.8599, 1.215273, 192.7415, 320.2235, 380.6008, 367.7879, 12.93393, 18.05977, 854.1589, 832.6973
411.3, 11.43157, 1027.044, 360.0218, 181.1505, 2368.047, 1893.794, 1476.825, 153.0619, 1.162481, 183.5682, 301.8506, 362.4673, 343.4521, 12.22177, 17.10468, 901.8423, 845.4529
411.4, 10.69989, 1014.847, 334.2095, 171.709, 2368.378, 1787.652, 1455.708, 144.7421, 1.111982, 174.8315, 284.5319, 345.1978, 320.7267, 11.54882, 16.20009, 851.8812, 879.8826
411.5, 10.01505, 967.6009, 310.2479, 162.7596, 2221.981, 1994.43, 1376.255, 136.8745, 1.063677, 166.5107, 268.2068, 328.7511, 299.5049, 10.91292, 15.34335, 870.0329, 834.7865
411.6, 9.374043, 1186.468, 401.4019, 154.2766, 2105.447, 1919.082, 1301.139, 129.4346, 1.01747, 158.5858, 252.8184, 507.0944, 279.6873, 10.31204, 14.53191, 821.834, 792.0017
411.7, 8.77406, 1131.232, 372.6228, 146.2358, 2141.406, 1840.541, 1230.122, 122.3991, 0.9732705, 151.0381, 366.5013, 482.9343, 354.0231, 9.744247, 13.76339, 845.347, 751.4097
411.8, 8.21248, 1078.567, 345.9071, 138.614, 2072.919, 1740.945, 1162.982, 115.746, 0.930991, 143.8496, 345.4731, 459.9253, 330.5981, 9.207716, 13.03551, 798.5157, 896.5818
411.9, 7.686843, 1051.851, 321.1068, 131.3895, 1944.786, 1643.371, 1099.506, 109.4545, 0.8905481, 137.0033, 325.6516, 438.0125, 536.7535, 8.700727, 12.34613, 754.2787, 1063.466
412, 7.194849, 1002.882, 409.969, 124.5416, 1824.573, 1639.831, 1155.801, 103.5051, 0.8518621, 130.4828, 306.9672, 417.1437, 667.5106, 8.221652, 11.6932, 712.4925, 1104.983
412.1, 6.734346, 956.1927, 682.9834, 118.0505, 1823.605, 1547.924, 1140.507, 97.87896, 0.8148567, 124.2727, 289.3549, 494.4803, 623.3428, 7.768956, 11.07481, 673.0212, 1048.35
412.2, 6.303317, 934.2485, 972.2905, 111.8978, 1945.563, 1540.264, 1113.404, 92.55868, 0.7794588, 118.3581, 272.7531, 470.9212, 633.8382, 7.341187, 10.48911, 779.5169, 1023.474
412.3, 5.899875, 890.7546, 1187.522, 106.0657, 1838.887, 1606.636, 1212.116, 87.52758, 0.7455986, 112.725, 257.1038, 448.4845, 757.567, 6.936971, 9.934395, 858.709, 1028.222
412.4, 5.522256, 912.8137, 1730.451, 100.5376, 1725.22, 1516.589, 1219.364, 82.76996, 0.7132093, 107.36, 288.9532, 427.1168, 908.6525, 6.555011, 9.409013, 840.5816, 1118.275
412.5, 5.168806, 897.844, 2469.33, 95.2976, 1618.579, 1459.086, 1152.811, 78.27093, 0.682227, 102.2503, 284.2116, 406.7672, 1094.949, 6.194083, 8.911416, 794.0143, 1113.136
412.6, 4.837979, 856.0449, 2621.603, 90.33073, 1518.529, 1377.308, 1089.891, 74.01646, 0.6525906, 97.38387, 267.9049, 387.387, 1022.499, 5.853028, 8.440135, 750.0267, 1056.085
412.7, 4.528326, 816.1917, 2657.205, 85.62273, 1451.538, 1300.114, 1144.955, 69.99324, 0.6242417, 92.74902, 394.2534, 368.9303, 1059.252, 5.530752, 7.993777, 968.7496, 1076.383
412.8, 4.238492, 815.7175, 2466.693, 154.44, 1361.814, 1227.247, 1082.463, 66.18871, 0.5971242, 88.33475, 431.0349, 351.3528, 1011.675, 5.226221, 7.571025, 915.0819, 1175.229
412.9, 3.96721, 812.6116, 2383.221, 261.4271, 1277.636, 1339.161, 1023.382, 62.59097, 0.5711848, 84.13058, 424.5801, 334.6129, 944.735, 4.938458, 7.170631, 864.3873, 1114.996
413, 3.71329, 774.7805, 2338.098, 267.4487, 1436.898, 1422.732, 1108.145, 59.18879, 0.5463721, 80.1265, 502.4919, 318.6705, 1275.944, 4.66654, 6.791411, 816.5012, 1208.767
413.1, 3.475622, 872.9996, 2176.19, 309.1314, 1348.079, 1342.992, 1047.662, 55.97154, 0.5226374, 76.31299, 707.191, 303.4877, 1191.518, 4.409594, 6.432247, 1134.385, 1146.815
413.2, 3.253167, 832.3572, 2160.727, 293.0196, 1418.108, 1296.562, 1079.057, 52.92916, 0.4999337, 72.68098, 666.6158, 289.0282, 1248.438, 4.166795, 6.092077, 1071.541, 1088.038
413.3, 3.044949, 793.6068, 2126.513, 277.7475, 1373.151, 1254.175, 1100.778, 50.05216, 0.4782163, 69.22182, 669.9717, 396.334, 1165.832, 3.937366, 5.769897, 1012.179, 1186.352
413.4, 2.850058, 756.6605, 2140.51, 597.7056, 1430.887, 1183.882, 1181.866, 47.33154, 0.4574422, 65.9273, 743.0047, 377.451, 1088.691, 3.720569, 5.464755, 1085.896, 1216.755
413.5, 2.667641, 721.4341, 1987.043, 733.8731, 1377.02, 1179.331, 1256.466, 44.7588, 0.4375707, 62.78958, 812.7752, 405.1535, 1158.229, 3.515709, 5.175751, 1025.738, 1154.393
413.6, 2.4969, 755.0438, 2015.443, 695.6239, 1291.902, 1186.769, 1187.888, 42.3259, 0.4185623, 59.80119, 820.1864, 402.5305, 1081.592, 3.322129, 4.90203, 1022.744, 1095.228
413.7, 2.337087, 755.0297, 1893.854, 659.3682, 1527.586, 1120.254, 1123.053, 40.02525, 0.4003797, 56.95504, 773.128, 449.912, 1083.281, 3.139208, 4.642786, 1041.86, 1039.094
413.8, 2.187503, 719.8793, 1764.874, 783.7477, 1550.489, 1195.226, 1061.757, 37.84964, 0.3829869, 54.24434, 797.0563, 576.3268, 1011.602, 2.966359, 4.397252, 984.1422, 985.8384
413.9, 2.047493, 686.3653, 1707.987, 843.1197, 1655.389, 1382.616, 1052.759, 35.7923, 0.3663498, 51.66265, 751.325, 680.7191, 1239.598, 2.803027, 456.9528, 1105.756, 935.3119
414, 1.916444, 654.4116, 1585.531, 799.1766, 1592.908, 1751.66, 995.2988, 33.84678, 0.3504353, 49.20384, 708.2175, 788.4715, 1157.576, 2.648688, 612.1772, 1044.499, 887.3749
414.1, 1.793782, 623.9454, 1471.854, 891.6124, 1525.751, 1835.277, 1254.957, 32.00701, 0.3352122, 46.86205, 667.5834, 908.958, 1080.982, 2.502848, 579.8022, 1038.066, 841.8949
414.2, 1.678972, 629.1147, 1366.327, 845.1419, 1471.58, 1824.971, 1231.837, 30.26725, 0.3206503, 44.63171, 629.2806, 865.6514, 1043.789, 2.365038, 549.1393, 1036.882, 798.7458
414.3, 1.57151, 599.8262, 1268.366, 801.0934, 1452.514, 1937.087, 1364.855, 28.62205, 0.3067211, 42.50753, 593.1755, 824.408, 1076.894, 2.234815, 520.098, 979.4396, 867.3563
414.4, 1.470926, 571.9013, 1177.429, 759.3408, 1385.136, 1934.739, 1290.361, 27.06628, 0.2933969, 40.48444, 559.1419, 785.1297, 1030.535, 2.111763, 492.5925, 1009.583, 822.9022
414.5, 1.37678, 545.2764, 1168.42, 719.7642, 1572.203, 2067.949, 1219.933, 25.59507, 0.2806516, 38.55764, 527.061, 747.7228, 1034.214, 1.995487, 466.5417, 976.1639, 821.7386
414.6, 1.28866, 740.1093, 1222.597, 807.9626, 1475.021, 2441.543, 1153.349, 24.20383, 0.2684599, 36.72254, 496.8207, 712.0981, 965.7821, 1.885612, 441.8686, 1176.515, 920.4572
414.7, 1.20618, 705.6536, 1134.942, 770.0314, 1456.774, 2568.74, 1090.399, 22.88822, 0.2567978, 34.97478, 468.3155, 678.1707, 981.3914, 1.781788, 522.3424, 1111.337, 970.0168
414.8, 1.128979, 807.3862, 1162.059, 774.4939, 1366.726, 2535.067, 1030.885, 21.64411, 0.2456424, 33.3102, 441.4458, 689.7005, 1000.454, 1.68368, 583.9213, 1049.77, 1030.053
414.9, 1.056719, 769.7984, 1078.744, 874.8177, 1288.134, 2461.44, 974.6189, 20.46763, 0.2349715, 31.72485, 473.5617, 697.5312, 934.2563, 1.590974, 553.0406, 991.6142, 977.2601
415, 0.9890841, 733.9604, 1035.521, 829.2226, 1208.511, 2323.484, 921.4241, 19.35509, 0.2247642, 30.21495, 527.1484, 664.2979, 993.8495, 1.503373, 523.793, 1227.28, 1069.595
415.1, 0.9257782, 699.791, 1087.928, 810.7324, 1237.821, 2193.26, 871.1326, 18.30303, 0.2150003, 28.77691, 587.7993, 668.2042, 928.0886, 1.420595, 496.0921, 1159.29, 1088.999
415.2, 0.8665241, 667.2122, 1065.245, 768.4773, 1161.307, 2070.334, 823.5861, 17.30816, 0.2056606, 27.40731, 554.0741, 636.3681, 866.6789, 1.342375, 469.8562, 1095.067, 1033.185
415.3, 0.8110626, 636.1501, 988.8707, 728.4246, 1188.004, 1972.655, 778.6346, 16.36736, 0.1967265, 26.1029, 522.2839, 606.0488, 809.3326, 1.268462, 445.0078, 1117.466, 980.2318
415.4, 0.7591509, 746.9557, 990.4772, 690.4594, 1199.611, 2014.246, 736.1366, 15.4777, 0.1881806, 24.86056, 492.3177, 577.1741, 755.7808, 1.198619, 421.4735, 1235.119, 929.9926
415.5, 0.7105617, 712.1812, 1144.57, 654.4729, 1293.178, 1992.688, 695.9581, 14.6364, 0.1800059, 23.67736, 714.8208, 593.3817, 705.7723, 1.132621, 399.1838, 1166.695, 882.3282
415.6, 0.6650825, 788.2222, 1062.508, 709.1902, 1465, 1881.004, 657.9727, 13.84083, 0.1721863, 22.55047, 673.8078, 565.1104, 659.0729, 1.070257, 378.073, 1102.061, 1107.384
415.7, 0.6225141, 751.5266, 1061.025, 672.2275, 1374.444, 1927.466, 622.0604, 13.0885, 0.1647064, 21.47721, 747.4093, 538.1862, 615.4634, 1.011328, 358.0785, 1148.028, 1050.628
415.8, 0.5826704, 716.5392, 984.9529, 637.1913, 1289.486, 2332.216, 588.1083, 12.37706, 0.1575515, 20.45503, 781.1442, 546.8758, 574.7395, 0.9556424, 339.1415, 1084.428, 1233.409
415.9, 0.5453768, 787.2841, 1025.215, 778.3408, 1300.799, 2446.314, 705.3156, 11.7043, 0.1507073, 19.4815, 736.3258, 586.7095, 536.7102, 131.6053, 321.206, 1024.352, 1170.194
416, 0.5104702, 773.3407, 965.1913, 737.774, 1220.393, 2309.206, 696.1935, 11.0681, 0.1441605, 18.5543, 820.1399, 791.9416, 501.1972, 236.521, 304.219, 1166.597, 1280.756
416.1, 0.4777977, 737.3378, 895.9905, 699.3215, 1144.957, 2239.796, 781.202, 10.46649, 0.1378981, 17.67124, 773.0842, 754.2101, 468.0341, 223.4978, 288.1303, 1101.969, 1215.115
416.2, 0.4472165, 809.3699, 831.7512, 662.8731, 1074.183, 2114.263, 738.5638, 9.897574, 0.1319077, 16.8302, 941.6738, 718.2764, 437.0652, 211.1917, 272.8925, 1040.921, 1152.837
416.3, 0.4185925, 771.6897, 784.1763, 628.3244, 1007.785, 1995.765, 803.7546, 9.359585, 0.1261775, 16.02919, 887.6451, 684.0546, 408.1455, 199.5632, 538.3776, 983.255, 1220.752
416.4, 0.3918007, 735.7637, 727.9537, 595.5764, 945.4907, 1883.908, 759.8856, 8.850837, 0.1206963, 15.2663, 836.7162, 651.4634, 381.1394, 188.5749, 509.9055, 928.7837, 1158.186
416.5, 0.3667237, 701.5102, 853.5316, 564.5352, 1083.667, 1778.321, 793.3257, 8.369743, 0.1154532, 14.53972, 933.0181, 620.4249, 355.9202, 178.1917, 482.9391, 1071.885, 1261.124
416.6, 0.3432516, 668.8514, 821.4504, 535.1118, 1101.01, 1701.626, 750.0259, 7.914801, 0.1104378, 13.84772, 944.3661, 590.8652, 332.3698, 168.3802, 457.3988, 1012.504, 1286.109
416.7, 0.321282, 637.713, 848.1789, 507.222, 1073.943, 1606.255, 753.3735, 7.484586, 0.1056403, 13.18866, 890.1829, 562.7139, 310.3775, 159.109, 433.2092, 956.4121, 1466.483
416.8, 0.3007185, 608.0243, 873.8619, 480.7858, 1036.454, 1516.229, 746.3904, 7.077755, 0.1010512, 12.56096, 839.1085, 535.9038, 289.8405, 150.3482, 410.2989, 903.4279, 1471.561
416.9, 0.2814711, 671.5471, 811.2091, 455.7274, 972.3876, 1431.249, 705.6523, 6.693039, 0.09666152, 11.96314, 790.9644, 510.3711, 270.6624, 142.0699, 388.6002, 894.5542, 1396.14
417, 0.2634557, 640.2832, 753.0483, 431.975, 912.2813, 1351.032, 667.1377, 6.329234, 0.09246248, 11.39377, 852.3552, 486.0548, 252.7532, 134.2473, 368.049, 844.9968, 1324.584
417.1, 0.2465933, 610.4749, 745.5299, 409.4607, 1054.287, 1275.311, 736.7845, 5.985203, 0.08844585, 10.8515, 803.451, 462.8971, 236.0291, 126.8554, 348.5847, 798.1849, 1380.438
417.2, 0.2308102, 582.0542, 692.0781, 388.1197, 989.118, 1203.834, 696.5707, 5.659873, 0.0846037, 10.33504, 757.3528, 440.8427, 220.4115, 119.8706, 330.1497, 753.9663, 1516.758
417.3, 0.2160373, 554.9567, 664.6978, 367.8911, 927.9777, 1136.362, 658.5518, 5.352226, 0.08092846, 9.843156, 713.8995, 419.8391, 205.8274, 113.2704, 312.6897, 887.2717, 1530.609
417.4, 0.2022099, 529.1207, 617.0413, 348.7167, 921.78, 1095.669, 622.6079, 5.061302, 0.07741288, 9.374684, 672.9394, 399.8362, 192.2082, 107.0335, 296.1531, 963.481, 1452.162
417.5, 0.1892675, 504.4875, 572.8016, 330.5417, 864.8019, 1094.919, 588.6259, 4.786191, 0.07405002, 8.928509, 634.3293, 380.7863, 179.4902, 101.1401, 280.491, 910.1052, 1377.735
417.6, 0.1771535, 481.001, 1648.303, 313.314, 920.0256, 1033.552, 556.4986, 4.526034, 0.07083323, 8.503569, 597.9345, 362.644, 167.6137, 95.5712, 265.6572, 859.6863, 1514.396
417.7, 0.1658149, 458.608, 3203.011, 296.9842, 863.1561, 975.6247, 526.1248, 4.280019, 0.06775619, 8.098852, 563.6279, 345.3661, 156.5231, 90.30891, 251.6079, 1099.045, 1436.779
417.8, 0.155202, 437.2575, 3565.547, 281.5055, 904.6178, 920.9439, 497.4088, 4.047375, 0.06481282, 7.713398, 531.2896, 328.9114, 146.1663, 85.33638, 238.3016, 1193.602, 1445.131
417.9, 0.1452684, 416.901, 3540.052, 325.7325, 1008.973, 869.3278, 470.2602, 3.827377, 0.06199731, 7.346289, 500.8068, 313.2406, 136.4948, 80.63764, 225.699, 1127.478, 1676.378
418, 0.1359705, 397.4922, 3549.427, 308.7554, 946.605, 820.6046, 558.6393, 3.619337, 0.05930411, 6.996653, 472.0728, 298.3165, 127.4632, 76.19762, 213.7628, 1065.016, 1849.585
418.1, 0.1272678, 378.987, 3638.079, 292.6632, 888.0925, 833.3018, 528.1487, 3.422605, 0.0567279, 6.663656, 444.9875, 284.1035, 119.0292, 72.00208, 202.458, 1006.016, 1890.946
418.2, 0.119122, 361.3432, 3455.736, 277.4097, 833.1968, 786.5978, 499.3223, 3.236567, 0.0542636, 6.346509, 419.4562, 470.3826, 111.1533, 68.03754, 191.751, 950.2835, 1878.749
418.3, 0.1114977, 344.5209, 3207.972, 262.9512, 781.6943, 742.5114, 472.0692, 3.060641, 0.05190636, 6.044455, 395.3898, 1049.386, 103.7985, 64.2913, 181.6102, 897.6388, 1782.458
418.4, 0.1043613, 328.4818, 3074.07, 249.2463, 733.3754, 740.8823, 446.3036, 2.894278, 0.04965151, 5.756777, 372.7043, 1560.68, 96.93039, 60.75133, 172.0057, 847.9106, 1691.103
418.5, 0.09768172, 313.1893, 2901.094, 236.2557, 688.0433, 699.358, 421.9443, 2.736957, 0.04749462, 5.482791, 351.3203, 1486.323, 90.51671, 57.40627, 162.9092, 800.9373, 1604.43
418.6, 0.09142964, 298.6088, 2693.096, 223.9421, 645.5132, 660.1611, 569.5545, 2.588188, 0.04543142, 5.221845, 331.1631, 1567.317, 84.52741, 54.2454, 154.2937, 756.5662, 1710.52
418.7, 0.08557772, 284.707, 2664.656, 212.2703, 605.6121, 623.1611, 632.5222, 2.447505, 0.04345785, 4.973319, 312.1626, 1492.643, 78.93441, 51.25858, 146.1339, 714.6532, 1622.852
418.8, 0.08010035, 271.4525, 2473.61, 201.2069, 568.1774, 588.2349, 643.8651, 2.314469, 0.04157002, 4.73662, 294.2522, 1421.528, 73.71149, 48.43621, 138.4055, 675.0622, 1539.677
418.9, 0.07497356, 258.815, 2296.26, 190.7201, 533.0566, 555.2661, 658.2651, 2.188664, 0.03976419, 4.511187, 277.3694, 1421.133, 68.83415, 45.76924, 131.086, 637.6645, 1460.765
419, 0.07017491, 246.7659, 2190.05, 180.7798, 500.1067, 524.1451, 696.9055, 2.069698, 0.0380368, 4.296483, 261.4553, 1460.562, 64.27954, 43.24912, 124.1535, 602.3386, 1595.273
419.1, 0.06568339, 235.2777, 2068.113, 171.3576, 469.1936, 494.7684, 658.8683, 1.957198, 0.03638446, 4.091998, 246.4542, 1390.975, 60.0263, 40.86776, 117.5876, 568.9697, 1513.511
419.2, 0.06147936, 224.3244, 1919.836, 162.4265, 440.1913, 467.0381, 671.1115, 1.850813, 0.0348039, 3.897244, 232.3138, 1324.703, 56.05449, 38.61753, 111.3689, 537.4493, 1435.94
419.3, 75.35043, 384.8294, 1859.871, 190.5824, 725.6671, 440.8621, 634.4821, 1.750211, 0.03329199, 3.71176, 218.9847, 1261.589, 52.34548, 36.49119, 105.4792, 507.6752, 1406.706
419.4, 70.52765, 366.9137, 1726.525, 199.3486, 755.6167, 416.1531, 702.5439, 1.655077, 0.03184577, 3.535104, 206.4204, 1277.361, 48.88189, 34.48194, 99.90091, 479.5505, 1432.124
419.5, 249.4581, 376.3176, 1663.464, 188.9587, 708.9097, 392.829, 664.199, 1.565114, 0.03046237, 3.366855, 194.577, 1216.502, 45.64748, 129.3843, 94.61764, 452.9839, 1457.619
419.6, 233.4917, 499.7226, 1586.664, 179.1102, 859.7164, 410.9289, 627.9469, 1.480041, 0.02913906, 3.206614, 183.4131, 1158.543, 42.62708, 122.2603, 89.61377, 427.8891, 1421.453
419.7, 218.5471, 476.458, 1482.618, 169.7751, 806.5746, 426.5046, 593.6735, 1.399592, 0.02787324, 3.054, 172.8897, 1103.345, 39.80653, 115.5284, 84.87454, 404.1845, 1348.6
419.8, 204.5591, 454.2765, 1376.319, 160.9264, 756.7178, 402.6003, 561.2707, 1.323516, 0.02666241, 2.908649, 162.9701, 1195.518, 37.17262, 109.1673, 80.38594, 573.4417, 1439.921
419.9, 252.1659, 433.1277, 1430.283, 203.6769, 758.6931, 380.0358, 788.0421, 1.251575, 0.02550418, 2.770216, 153.6197, 1138.558, 177.6395, 103.1564, 76.13472, 557.0206, 1729.132
420, 236.0261, 412.9634, 1327.737, 193.0614, 711.796, 358.7359, 745.0306, 1.183545, 0.02439626, 2.638371, 144.8057, 1084.312, 165.8854, 170.5311, 72.10832, 649.7817, 1640.51
420.1, 220.9193, 393.7379, 1232.543, 182.9991, 734.9999, 338.6299, 704.3668, 1.119213, 0.02333647, 2.512801, 136.4975, 1032.651, 154.9091, 161.1414, 68.29487, 613.7845, 1556.429
420.2, 206.7795, 375.4074, 1144.174, 173.4613, 689.5673, 319.6507, 665.9224, 1.058377, 0.02232272, 2.393208, 128.6659, 983.4512, 144.6591, 152.2687, 64.68309, 579.7814, 1476.659
420.3, 193.5447, 357.9304, 1062.141, 164.4205, 646.9431, 301.7353, 629.5762, 1.000848, 0.02135301, 2.279306, 121.2836, 936.5955, 135.0873, 143.8846, 61.26231, 547.6622, 1400.976
